start_us,capture_us,encode_us,submit_us,payload_bytes,desktop_updates,cached_frames
198624998188,1539,5599,509,34925,1,0
198625009485,11582,2995,274,15908,2,0
198625035512,38,4115,207,10345,2,1
198625046707,190,4393,242,14498,3,1
198625058157,141,5965,585,44100,4,1
198625068811,22,3891,110,5563,4,2
198625080167,227,2873,245,12865,5,2
198625091466,634,2871,281,14149,6,2
198625102037,34,3542,66,3173,6,3
198625113384,371,3623,114,9183,7,3
198625124198,165,3398,165,15137,8,3
198625135862,23,3915,81,2909,8,4
198625147015,467,3223,110,8612,9,4
198625157654,257,5595,382,33904,10,4
198625169373,29,3733,78,4995,10,5
198625179745,563,4533,61,2840,11,5
198625191436,164,3362,39,1326,12,5
198625202040,20,3055,36,724,12,6
198625213372,484,3791,322,32166,13,6
198625225548,280,3480,112,9306,14,6
198625235573,20,3550,50,2200,14,7
198625246591,178,3556,49,2316,15,7
198625257590,147,3110,148,13694,16,7
198625268753,21,3232,47,1857,16,8
198625280141,432,3587,104,7686,17,8
198625291307,684,3654,152,14753,18,8
198625302310,25,2750,53,2137,18,9
198625313115,426,3258,52,2445,19,9
198625324552,204,3111,95,7059,20,9
198625335690,28,2835,54,1778,20,10
198625346837,210,3010,160,15170,21,10
198625357986,226,3305,95,7115,22,10
198625368968,21,2816,46,1969,22,11
198625380021,307,3409,157,14437,23,11
198625391130,544,4282,103,7858,24,11
198625402201,24,3014,52,1889,24,12
198625413210,369,3898,179,16124,25,12
198625424222,210,3754,96,2437,26,12
198625435255,20,2826,140,2039,26,13
198625446818,504,2877,92,7236,27,13
198625457809,159,3489,200,15412,28,13
198625468831,20,3298,62,2328,28,14
198625480373,278,3533,44,1288,29,14
198625491321,451,3164,34,686,30,14
198625502340,24,2804,34,686,30,15
198625513515,377,3301,346,35043,31,15
198625524591,430,2925,117,9439,32,15
198625535654,47,2829,59,2362,32,16
198625546804,246,2819,146,13594,33,16
198625557524,192,2735,56,2473,34,16
198625568797,22,2728,49,1985,34,17
198625580158,124,2947,96,7336,35,17
198625590772,115,2865,45,2132,36,17
198625601903,22,2916,49,1813,36,18
198625613420,167,4034,119,2082,37,18
198625624488,175,3481,160,14358,38,18
198625635522,21,2953,54,1854,38,19
198625646588,229,3130,126,7526,39,19
198625657595,152,3152,68,4078,40,19
198625668610,21,2898,38,865,40,20
198625679796,353,3191,34,829,41,20
198625691243,128,3818,37,829,42,20
198625701951,19,3887,40,829,42,21
198625713013,268,3520,319,31907,43,21
198625724546,304,3066,116,9538,44,21
198625735553,20,3196,49,2157,44,22
198625746673,167,3303,51,2211,45,22
198625757679,201,3795,152,13973,46,22
198625768875,72,2929,50,2062,46,23
198625780023,364,3593,99,7838,47,23
198625791264,342,3456,156,15028,48,23
198625802324,22,3136,52,2050,48,24
198625813380,117,3231,51,2407,49,24
198625824480,184,4187,97,7095,50,24
198625835625,22,2884,47,1743,50,25
198625846695,148,2650,51,2207,51,25
198625857986,194,2632,51,1862,52,25
198625868552,131,2778,45,1684,52,26
198625879643,137,2683,179,14302,53,26
198625891002,315,2740,124,7851,54,26
198625902223,289,2672,50,1831,54,27
198625913385,150,2648,163,14515,55,27
198625924061,111,2671,37,1384,56,27
198625935686,22,2627,31,767,56,28
198625946436,106,2721,384,34690,57,28
198626001228,1220,6163,87,4988,58,28
198626020033,129,2629,31,688,59,28
198626031155,30,4210,40,687,59,29
198626042353,196,2663,41,688,60,29
198626053352,502,2703,347,33330,61,29
198626064838,120,2661,64,3633,61,30
198626075751,151,2683,149,7425,62,30
198626086727,184,4318,156,14896,63,30
198626097805,317,3910,56,2108,63,31
198626108837,129,3933,110,7757,64,31
198626120272,141,3586,56,2178,65,31
198626131474,242,3143,56,1776,65,32
198626142560,189,3075,55,2441,66,32
198626153365,119,3041,174,15396,67,32
198626164465,206,3511,46,2145,67,33
198626175524,176,3628,62,2446,68,33
198626186745,163,3479,248,7173,69,33
198626198090,255,3129,60,1827,69,34
198626209226,191,3780,191,15206,70,34
198626219773,268,4223,63,1906,70,35
198626231145,24,3414,55,1892,70,36
198626242339,207,4161,105,8297,71,36
198626253529,134,3050,167,14617,72,36
198626264332,217,3817,46,2048,72,37
198626275559,132,3040,97,7699,73,37
198626286761,152,3896,70,4160,74,37
198626297715,167,3820,124,836,74,38
198626308725,166,4425,41,795,75,38
198626320290,323,3131,45,789,76,38
198626331405,116,3207,36,790,76,39
198626342424,198,3877,40,790,77,39
198626353621,214,3469,382,34890,78,39
198626364572,26,3314,94,3901,78,40
198626375626,237,3702,99,2519,79,40
198626386814,385,4239,317,14533,80,40
198626397776,30,2936,44,1982,80,41
198626408839,264,2785,65,2865,81,41
198626419913,144,2880,50,2121,82,41
198626430930,21,2556,48,1925,82,42
198626442468,464,2978,94,6940,83,42
198626453298,20,2894,49,1825,83,43
198626464316,204,3194,177,14959,84,43
198626475350,110,2809,94,7776,85,43
198626486695,107,2855,49,2097,86,43
198626497738,19,3152,42,1848,86,44
198626509049,161,3821,166,14644,87,44
198626520217,407,4371,98,7752,88,44
198626531459,26,2990,104,1959,88,45
198626542237,317,4228,162,14877,89,45
198626553321,212,3446,66,2606,90,45
198626564504,21,2904,87,2052,90,46
198626575717,243,3418,47,1324,91,46
198626586621,150,4642,359,32013,92,46
198626597708,22,2974,105,3535,92,47
198626608745,153,3511,105,7953,93,47
198626619835,25,3859,53,1958,93,48
198626630984,260,3367,50,2270,94,48
198626642016,145,3676,55,2391,95,48
198626653583,202,3320,174,14752,96,48
198626664621,21,2935,97,1959,96,49
198626675707,123,2897,50,2303,97,49
198626686497,114,2830,5905,6948,98,49
198626697729,20,3507,41,1708,98,50
198626708812,179,3779,159,14966,99,50
198626719851,130,3585,160,7597,100,50
198626731565,39,3129,47,1730,100,51
198626742475,895,3583,49,2061,101,51
198626753555,159,3487,160,14355,102,51
198626764650,22,2769,48,2198,102,52
198626775686,314,3984,100,7890,103,52
198626786866,296,3909,165,15033,104,52
198626797965,21,3660,46,2061,104,53
198626809008,233,3536,56,2397,105,53
198626819955,137,3229,48,2087,106,53
198626830962,21,3767,55,1891,106,54
198626842527,359,3089,102,7699,107,54
198626853225,167,4192,50,1452,108,54
198626864391,25,3090,40,881,108,55
198626875366,184,3401,80,4823,109,55
198626886660,264,3741,363,35057,110,55
198626898129,27,4638,129,3671,110,56
198626908971,434,3924,48,1860,111,56
198626920005,124,3167,314,31185,112,56
198626931312,20,3818,80,3459,112,57
198626942368,272,3180,93,7421,113,57
198626953379,117,3545,155,14239,114,57
198626964530,26,5223,49,2124,114,58
198626975723,214,3134,104,7778,115,58
198626986773,153,3311,55,2096,116,58
198626997580,27,3326,46,1864,116,59
198627008715,327,3060,164,14404,117,59
198627019880,25,3777,51,2114,117,60
198627030923,237,3760,105,7916,118,60
198627042454,323,3960,169,14965,119,60
198627053311,135,2675,61,2411,120,60
198627064388,27,3358,48,1931,120,61
198627075518,240,3976,46,2038,121,61
198627086645,92,4083,92,7432,122,61
198627097986,18,3399,42,1837,122,62
198627108898,278,3468,54,2021,123,62
198627121166,1159,3480,129,11349,124,62
198627131410,22,3213,107,1997,124,63
198627142371,187,3365,76,5074,125,63
198627153387,22,3109,68,806,125,64
198627164845,206,3663,302,32499,126,64
198627175389,114,2936,65,3639,127,64
198627186633,177,4307,142,7207,128,64
198627197565,20,3248,44,2023,128,65
198627209372,140,2995,150,14362,129,65
198627220112,166,4430,94,7412,130,65
198627231091,20,2698,54,2044,130,66
198627242334,128,2957,51,2431,131,66
198627253650,282,4269,157,14296,132,66
198627264601,21,2902,59,2084,132,67
198627275601,186,3014,48,1556,133,67
198627286473,242,3206,326,32385,134,67
198627297891,26,2714,58,3478,134,68
198627309039,197,3103,45,2186,135,68
198627319848,334,3264,93,7019,136,68
198627331148,21,3235,42,1705,136,69
198627342347,122,2874,149,14495,137,69
198627353606,112,3133,97,7369,138,69
198627364998,22,4126,60,1875,138,70
198627375606,134,5192,153,13332,139,70
198627386704,283,3948,106,7503,140,70
198627398236,28,3140,49,1705,140,71
198627408742,345,3644,232,23517,141,71
198627420187,176,3134,60,2905,142,71
198627431308,21,2885,44,2167,142,72
198627442405,166,3953,94,7296,143,72
198627453538,337,3672,177,15268,144,72
198627464548,19,2975,48,2317,144,73
198627475675,243,3020,103,8187,145,73
198627486696,114,3192,47,2176,146,73
198627497732,19,2942,43,1895,146,74
198627508857,118,2929,153,14704,147,74
198627519904,119,2869,119,7978,148,74
198627530946,21,3704,97,2121,148,75
198627542133,142,3532,157,15022,149,75
198627553215,166,3312,94,7051,150,75
198627564280,20,2707,29,829,150,76
198627575351,240,3107,66,4058,151,76
198627586771,125,3274,33,784,152,76
198627597789,20,2868,33,753,152,77
198627608875,168,2958,349,35010,153,77
198627620145,311,3029,68,3935,154,77
198627631151,20,3108,42,2137,154,78
198627642248,233,3256,46,1499,155,78
198627653480,197,3155,393,42690,156,78
198627664432,20,2788,70,4882,156,79
198627675465,275,3731,61,3049,157,79
198627686592,129,3332,111,7524,158,79
198627697603,21,3075,46,2089,158,80
198627709150,287,3128,159,15263,159,80
198627720172,107,3295,99,7807,160,80
198627731052,20,2929,43,2127,160,81
198627742135,564,3118,52,2473,161,81
198627753161,105,3154,151,14883,162,81
198627764328,19,2743,43,2270,162,82
198627775314,110,3031,99,7917,163,82
198627786876,232,2972,163,15095,164,82
198627797894,19,3374,58,2560,164,83
198627809098,215,3685,56,2751,165,83
198627820228,329,3124,57,2414,166,83
198627831001,20,2899,59,2229,166,84
198627842020,172,2939,46,1271,167,84
198627853498,147,3129,332,34869,168,84
198627864628,21,4195,60,3829,168,85
198627875704,156,4212,57,2389,169,85
198627886900,250,3706,63,3431,170,85
198627897967,23,4844,50,1749,170,86
198627909053,169,3976,154,14587,171,86
198627920375,109,3342,56,2326,172,86
198627931088,19,3748,43,1832,172,87
198627942274,873,3323,91,6975,173,87
198627953400,117,3057,180,15077,174,87
198627964590,20,2859,41,2041,174,88
198627975646,120,2781,100,7844,175,88
198627986753,148,2926,48,2239,176,88
198627998040,25,2583,58,1910,176,89
198628009514,202,2650,168,14461,177,89
198628020076,157,2608,111,7823,178,89
198628031139,25,2500,45,1771,178,90
198628042352,166,56536,188,14874,179,90
198628111401,487,2748,112,7926,180,90
198628121673,126,4347,59,3139,181,90
198628132876,26,3867,54,706,181,91
198628144092,165,4023,412,34594,182,91
198628155268,117,3836,267,16560,183,91
198628165911,22,3699,70,2502,183,92
198628177201,305,3688,59,2386,184,92
198628188460,135,3744,100,7050,185,92
198628199562,24,3751,53,1841,185,93
198628210602,201,3114,160,14999,186,93
198628221644,296,3400,95,7172,187,93
198628232771,22,3902,49,1879,187,94
198628243806,364,4453,48,2262,188,94
198628254935,176,3535,158,14362,189,94
198628266104,20,3819,49,2174,189,95
198628277172,209,3509,99,7959,190,95
198628288385,214,3465,160,14989,191,95
198628299511,20,2997,50,1987,191,96
198628310306,148,3148,49,2317,192,96
198628321463,738,3639,53,2115,193,96
198628332863,21,3900,49,1916,193,97
198628343980,124,3547,94,7721,194,97
198628354893,160,3065,75,4568,195,97
198628365846,21,3330,46,809,195,98
198628377014,248,3150,45,765,196,98
198628388248,187,4056,373,34891,197,98
198628399287,30,2710,97,3729,197,99
198628410720,141,4538,167,15176,198,99
198628421794,300,4536,58,2529,199,99
198628432858,24,3380,47,1871,199,100
198628444001,122,3961,111,6887,200,100
198628455111,156,3199,185,14981,201,100
198628466241,29,3088,43,2073,201,101
198628477269,192,3287,98,7865,202,101
198628488040,126,3177,49,2157,203,101
198628499504,20,3715,73,1787,203,102
198628510488,129,3178,150,14376,204,102
198628521654,285,3264,102,8026,205,102
198628532578,23,3283,74,2014,205,103
198628543929,280,3084,156,14977,206,103
198628554674,322,3551,56,2557,207,103
198628566183,20,3205,44,2040,207,104
198628577080,174,3778,112,2161,208,104
198628588251,256,3316,96,7200,209,104
198628599502,25,3231,51,1374,209,105
198628610577,208,3359,85,4944,210,105
198628621405,393,3352,329,35041,211,105
198628632849,22,3053,339,3723,211,106
198628643756,149,3138,59,3385,212,106
198628654856,384,2941,161,15110,213,106
198628665903,23,2596,43,2244,213,107
198628677322,165,3020,73,2284,214,107
198628688215,411,3124,92,7038,215,107
198628699219,19,2793,41,1757,215,108
198628710323,141,2897,158,14984,216,108
198628721352,116,2799,97,7566,217,108
198628732974,20,2758,43,1893,217,109
198628743641,121,3085,45,2284,218,109
198628754674,119,3034,152,14563,219,109
198628766255,20,3310,45,1989,219,110
198628777320,118,3230,96,7921,220,110
198628788431,148,3610,336,15082,221,110
198628799342,19,2775,44,2061,221,111
198628810538,216,3574,59,2321,222,111
198628821631,197,3770,54,2210,223,111
198628832869,19,3276,45,2013,223,112
198628843885,257,3542,89,6762,224,112
198628855071,119,3225,65,4059,225,112
198628866069,20,3141,64,768,225,113
198628877132,133,3160,46,729,226,113
198628888222,284,3909,384,34816,227,113
198628899248,38,3076,70,3666,227,114
198628910364,334,3399,161,15064,228,114
198628921433,228,3478,55,2463,229,114
198628932505,24,3668,48,1835,229,115
198628943513,275,3874,91,6952,230,115
198628954900,113,2695,168,14869,231,115
198628965970,32,2529,52,1901,231,116
198628976997,170,2638,96,7549,232,116
198628988062,117,2642,51,2259,233,116
198628999196,24,2516,44,1908,233,117
198629010404,218,2701,164,14372,234,117
198629021312,151,2647,106,7954,235,117
198629032778,20,2546,43,1929,235,118
198629043557,160,2629,161,14764,236,118
198629054663,102,2636,51,2455,237,118
198629066277,22,2519,40,1949,237,119
198629077308,110,2641,44,2092,238,119
198629088453,204,2717,127,7526,239,119
198629105790,11829,2734,96,4642,240,119
198629132350,152,2749,1034,34901,241,119
198629142834,294,3041,126,4982,242,119
198629153903,159,4306,310,15261,243,119
198629165167,28,3209,64,2231,243,120
198629176329,143,3854,71,2291,244,120
198629187380,146,3898,143,6953,245,120
198629198512,23,2706,61,1774,245,121
198629209474,220,3093,170,14991,246,121
198629221056,159,3372,101,7501,247,121
198629231632,23,2644,51,1939,247,122
198629242914,143,4177,54,2327,248,122
198629254027,120,4005,152,14189,249,122
198629265084,19,4070,100,1470,249,123
198629276194,165,3587,45,1926,250,123
198629287275,181,3593,47,688,251,123
198629298275,21,3371,32,684,251,124
198629309420,190,3580,317,33442,252,124
198629320511,505,4233,108,8907,253,124
198629331635,21,2997,68,2227,253,125
198629342791,132,3828,151,14709,254,125
198629353984,138,3080,97,7581,255,125
198629365354,21,4345,54,1922,255,126
198629376249,229,3687,44,2222,256,126
198629387804,588,3113,67,3026,257,126
198629398415,28,3975,65,1844,257,127
198629409507,297,3138,170,14728,258,127
198629420542,282,3315,55,2374,259,127
198629431659,21,3398,46,1896,259,128
198629442677,199,3353,93,7133,260,128
198629454108,278,2921,168,15182,261,128
198629464915,22,3076,44,2034,261,129
198629476574,145,2782,154,7631,262,129
198629487207,268,2971,54,2409,263,129
198629498445,20,2759,94,1995,263,130
198629509484,118,2792,154,14524,264,130
198629520723,112,2726,46,1688,265,130
198629531729,20,3168,32,720,265,131
198629542870,396,3438,154,14567,266,131
198629554158,208,3426,50,1982,267,131
198629565149,21,3158,30,701,267,132
198629576191,178,3349,344,34725,268,132
198629587435,263,4575,219,17138,269,132
198629598681,20,2846,48,2485,269,133
198629609309,166,3844,98,7669,270,133
198629620678,131,3137,53,2373,271,133
198629631791,24,3204,47,1979,271,134
198629642918,357,3368,61,2630,272,134
198629654021,405,3630,165,15382,273,134
198629664906,23,3006,42,2144,273,135
198629676457,294,3889,50,2298,274,135
198629687523,384,4237,94,6705,275,135
198629698545,19,3679,40,1343,275,136
198629709556,300,4267,328,33461,276,136
198629720616,408,3266,119,8165,277,136
198629731589,22,3222,46,1739,277,137
198629742775,272,3472,62,1913,278,137
198629753914,267,3343,158,14536,279,137
198629765005,19,2867,44,1941,279,138
198629776078,279,3405,98,7460,280,138
198629787566,297,3444,1427,14729,281,138
198629798128,19,3241,99,2048,281,139
198629809805,347,3396,54,2333,282,139
198629820962,332,3669,48,2001,283,139
198629832055,20,3321,47,1843,283,140
198629843126,136,2961,40,1290,284,140
198629854458,342,3817,39,666,285,140
198629865325,21,3459,30,662,285,141
198629876307,238,3695,344,34718,286,141
198629887268,334,3606,259,16196,287,141
198629898581,27,3537,48,2474,287,142
198629909581,323,3999,61,3292,288,142
198629920569,116,3567,47,2250,289,142
198629931599,21,2889,45,2060,289,143
198629942780,1591,2977,93,6986,290,143
198629953844,163,3288,182,15066,291,143
198629964917,20,2919,42,1992,291,144
198629976441,144,2862,100,7842,292,144
198629987490,297,3650,55,2324,293,144
198629998192,20,4178,45,2012,293,145
198630009736,230,3180,157,14639,294,145
198630020788,306,3768,100,7830,295,145
198630031869,20,3206,46,2043,295,146
198630042899,191,3798,159,14984,296,146
198630054078,265,3253,58,2637,297,146
198630065102,20,3149,43,2080,297,147
198630076146,314,4223,54,2326,298,147
198630087920,607,3802,102,7473,299,147
198630098704,144,2882,255,1958,299,148
198630109690,147,3156,56,2235,300,148
198630120805,417,3724,137,10651,301,148
198630131784,27,3850,50,1191,301,149
198630142802,206,3390,46,1255,302,149
198630153833,113,3086,39,764,303,149
198630164846,22,2920,34,764,303,150
198630176410,129,3120,356,33632,304,150
198630187444,112,2945,111,9009,305,150
198630198459,24,2624,53,2452,305,151
198630209564,389,7635,158,14745,306,151
198630220554,389,2957,94,7644,307,151
198630231580,22,2968,50,1952,307,152
198630242801,128,4505,48,2236,308,152
198630253809,205,3354,156,14418,309,152
198630264853,21,3814,45,2202,309,153
198630276379,124,3067,101,8006,310,153
198630287440,251,3568,236,15087,311,153
198630298433,20,3113,46,2119,311,154
198630309449,297,4334,75,2327,312,154
198630320886,310,3250,101,7107,313,154
198630331838,27,3712,47,1830,313,155
198630343001,131,2858,160,15164,314,155
198630354034,290,2699,98,7084,315,155
198630365095,22,2913,45,1918,315,156
198630376083,450,3464,165,14658,316,156
198630387201,241,4180,220,9150,317,156
198630398236,27,2822,50,1966,317,157
198630409707,153,2909,162,15070,318,157
198630420759,133,3237,87,2342,319,157
198630431786,23,4192,57,2063,319,158
198630442881,295,5437,95,7229,320,158
198630453867,303,3519,168,15271,321,158
198630465129,21,3223,45,2244,321,159
198630476183,208,2994,97,7216,322,159
198630487187,145,3057,68,4345,323,159
198630498264,21,3269,35,841,323,160
198630509717,124,3117,33,782,324,160
198630520765,237,3193,364,34803,325,160
198630531787,46,3002,64,3714,325,161
198630542830,280,3148,184,15159,326,161
198630553924,180,3560,57,2519,327,161
198630564897,20,3165,43,1873,327,162
198630575995,221,3201,95,6997,328,162
198630587463,207,2983,164,15005,329,162
198630598514,21,2790,46,2199,329,163
198630609560,248,3832,99,7972,330,163
198630620653,162,3169,160,14131,331,163
198630631873,47,3368,53,2083,331,164
198630642934,132,3241,163,8414,332,164
198630653948,151,3180,1994,15069,333,164
198630664965,21,3382,48,2355,333,165
198630676007,156,3227,56,2580,334,165
198630687549,305,3372,100,7322,335,165
198630698475,44,3614,46,1828,335,166
198630709654,127,3297,168,15360,336,166
198630720565,109,2927,99,7898,337,166
198630731638,20,3144,45,1779,337,167
198630742686,246,4011,45,2053,338,167
198630754077,377,4134,167,14697,339,167
198630765065,24,2888,49,2188,339,168
198630776119,273,3244,103,7306,340,168
198630787311,343,4655,69,3789,341,168
198630798286,21,3943,36,745,341,169
198630809341,252,3616,36,702,342,169
198630820443,183,4607,337,34252,343,169
198630831956,20,2784,63,3882,343,170
198630843000,132,3754,172,15685,344,170
198630854051,141,3303,98,7609,345,170
198630865091,21,2894,181,1902,345,171
198630876135,140,3595,52,2201,346,171
198630887186,262,3024,107,2990,347,171
198630898549,22,2702,45,1807,347,172
198630909636,303,3715,155,14681,348,172
198630920617,301,3550,61,2367,349,172
198630931724,25,2694,48,1890,349,173
198630942927,217,2901,94,7096,350,173
198630953964,279,3263,163,15086,351,173
198630965068,36,2658,50,2022,351,174
198630976034,145,4050,104,7656,352,174
198630987278,166,4064,47,2270,353,174
198630998362,19,3302,43,1936,353,175
198631009420,106,4128,154,14424,354,175
198631020418,316,3811,105,7967,355,175
198631031946,29,3056,46,1900,355,176
198631042978,362,3359,162,14884,356,176
198631054082,286,4493,59,2627,357,176
198631065020,21,2962,78,1957,357,177
198631076077,376,3442,46,2219,358,177
198631087150,1659,3034,41,1258,359,177
198631098644,19,2828,32,665,359,178
198631109646,370,3000,38,665,360,178
198631120729,223,3048,43,665,361,178
198631131730,22,2875,31,665,361,179
198631142817,356,3072,336,34822,362,179
198631153861,198,3105,119,9997,363,179
198631164897,21,3139,49,2328,363,180
198631176460,204,3445,138,11918,364,180
198631187524,123,3091,85,6106,365,180
198631198502,20,2705,34,845,365,181
198631209510,225,3175,455,41993,366,181
198631220827,557,3117,117,9951,367,181
198631231666,19,3078,53,2588,367,182
198631242671,253,3043,62,2569,368,182
198631254180,192,3115,56,3116,369,182
198631265204,21,3035,36,829,369,183
198631276463,134,3058,336,34823,370,183
198631287220,361,3194,174,16704,371,183
198631298224,22,2926,53,2612,371,184
198631309795,165,2883,51,2485,372,184
198631320828,135,2954,96,7122,373,184
198631331844,21,2921,47,1779,373,185
198631342938,210,3148,46,2243,374,185
198631353807,220,3003,45,1910,375,185
198631364879,20,4302,46,1726,375,186
198631376383,273,3278,152,14251,376,186
198631387423,299,3659,106,7795,377,186
198631398591,29,2888,63,2063,377,187
198631409673,349,3980,166,15715,378,187
198631420686,123,3397,62,2739,379,187
198631431677,21,2832,46,2066,379,188
198631442686,299,3041,100,7001,380,188
198631453744,322,3280,75,5145,381,188
198631465263,22,3408,39,961,381,189
198631476272,395,3206,349,34882,382,189
198631487398,172,3839,68,3999,383,189
198631498436,21,3202,43,2165,383,190
198631509426,304,3372,316,14485,384,190
198631520553,256,2960,98,7889,385,190
198631531573,20,3179,45,1865,385,191
198631543128,360,3313,152,14765,386,191
198631554151,141,3120,55,2361,387,191
198631565156,23,3849,55,1937,387,192
198631576291,398,3668,110,7049,388,192
198631587409,240,3952,167,15272,389,192
198631598474,36,3855,48,2297,389,193
198631609505,154,3834,103,8666,390,193
198631620585,259,3684,162,14735,391,193
198631631685,22,3024,46,2172,391,194
198631642739,209,3390,110,8010,392,194
198631653759,235,4425,192,15782,393,194
198631665386,25,3512,55,2417,393,195
198631676401,142,3676,55,2668,394,195
198631687496,134,2983,97,7307,395,195
198631698486,19,3038,45,1985,395,196
198631709543,130,3487,166,15403,396,196
198631720546,289,3878,96,7726,397,196
198631731707,19,3311,40,2013,397,197
198631742699,201,3361,55,1438,398,197
198631753783,600,3649,60,2663,399,197
198631765272,25,3212,39,724,399,198
198631776361,181,3496,41,698,400,198
198631787453,320,3535,368,32471,401,198
198631798789,27,3521,70,3549,401,199
198631809329,393,3108,66,2257,402,199
198631820882,126,3679,97,6912,403,199
198631831851,25,2558,49,1900,403,200
198631842926,267,3461,166,14307,404,200
198631854027,364,3402,99,7328,405,200
198631865091,21,3309,44,2001,405,201
198631876157,179,3520,47,2395,406,201
198631887206,258,3760,65,2551,407,201
198631898200,26,3176,44,1699,407,202
198631909738,152,3853,166,15163,408,202
198631920755,409,3229,55,2416,409,202
198631931799,22,3270,40,1848,409,203
198631942806,223,3325,106,7062,410,203
198631953943,112,4005,165,15194,411,203
198631965300,24,2755,50,1922,411,204
198631976090,365,3271,93,7643,412,204
198631987124,243,3351,56,2029,413,204
198631998640,26,2988,49,1704,413,205
198632009717,274,2900,191,14259,414,205
198632020569,209,4248,101,7976,415,205
198632031811,25,3447,44,1866,415,206
198632042793,183,3682,87,6082,416,206
198632054058,359,4190,326,34579,417,206
198632065166,24,4020,298,3748,417,207
198632076360,327,3076,73,4611,418,207
198632087397,170,3245,288,645,419,207
198632098409,23,3010,31,637,419,208
198632109448,157,3514,337,34776,420,208
198632120501,452,4587,71,4094,421,208
198632131487,20,3036,46,2146,421,209
198632143062,289,3624,168,14425,422,209
198632154108,109,2814,55,2891,423,209
198632165136,20,3689,45,1868,423,210
198632176163,166,3246,45,2075,424,210
198632187241,313,3849,92,6768,425,210
198632198434,20,3548,42,1913,425,211
198632209470,130,4085,165,14811,426,211
198632220877,499,3395,107,7893,427,211
198632231530,24,3855,56,1959,427,212
198632243083,167,3641,53,2196,428,212
198632254152,252,4831,160,14727,429,212
198632265599,38,3065,55,2267,429,213
198632276248,147,3240,129,8076,430,213
198632287266,297,3059,169,15225,431,213
198632298290,22,3096,47,2162,431,214
198632309376,223,3337,58,2412,432,214
198632320465,310,3460,50,2176,433,214
198632331976,46,2990,48,1983,433,215
198632343114,246,3467,103,7876,434,215
198632354144,324,3508,66,4564,435,215
198632365152,48,4110,41,824,435,216
198632376515,120,2995,34,773,436,216
198632387095,225,3459,355,34938,437,216
198632398183,26,2813,85,3770,437,217
198632409793,135,3294,70,3954,438,217
198632420835,201,4322,59,2020,439,217
198632431845,27,2859,63,1765,439,218
198632442900,242,4391,108,6977,440,218
198632455027,226,4569,159,14075,441,218
198632465025,24,3525,52,2064,441,219
198632476102,294,3889,100,7662,442,219
198632487187,329,3348,60,2223,443,219
198632498645,25,4190,60,1821,443,220
198632509753,135,3121,164,14231,444,220
198632520755,207,3340,102,7851,445,220
198632531795,23,3427,50,1916,445,221
198632543722,172,3246,164,14834,446,221
198632553979,253,4302,56,2352,447,221
198632565008,20,3022,42,1960,447,222
198632576095,237,3335,96,7268,448,222
198632587078,127,2932,49,2160,449,222
198632598667,27,3737,47,1834,449,223
198632609714,344,3190,52,2108,450,223
198632620749,121,3310,157,14395,451,223
198632631873,23,2801,49,2184,451,224
198632643083,150,3355,126,7992,452,224
198632654129,227,3994,173,15654,453,224
198632665266,26,2597,50,2289,453,225
198632676362,162,4204,47,1724,454,225
198632687331,105,4030,34,758,455,225
198632698374,20,3323,35,747,455,226
198632709388,117,4095,332,32195,456,226
198632720522,239,3757,118,9614,457,226
198632731482,23,3720,54,2223,457,227
198632743023,139,3325,323,2245,458,227
198632753933,295,3970,156,14061,459,227
198632764988,22,3019,45,1997,459,228
198632775991,466,3269,101,7838,460,228
198632787529,378,3315,161,14958,461,228
198632798556,23,3064,48,2290,461,229
198632809738,441,3306,61,2465,462,229
198632820626,282,3467,100,7115,463,229
198632831619,23,3429,51,1941,463,230
198632842678,160,3120,162,15037,464,230
198632854186,114,2972,100,7143,465,230
198632865203,21,3179,42,1916,465,231
198632876234,222,3074,193,14472,466,231
198632887071,123,3162,132,7972,467,231
198632898412,26,3941,52,1970,467,232
198632909402,277,3384,176,16225,468,232
198632920442,130,2631,54,2471,469,232
198632932000,29,2521,55,2027,469,233
198632943066,266,2623,126,7306,470,233
198632954168,162,2614,168,14715,471,233
198632965123,23,2554,41,1197,471,234
198632976340,124,2647,34,1085,472,234
198632987301,169,25183,427,35016,473,234
198633024522,192,3006,105,4024,474,234
198633035292,209,4625,60,1913,474,235
198633046323,116,3846,216,12231,475,235
198633057910,190,3924,63,1253,476,235
198633068623,103,4446,50,683,476,236
198633079820,180,2892,556,34791,477,236
198633090963,197,3342,195,17353,478,236
198633101699,26,3149,61,2554,478,237
198633112908,162,3855,99,7788,479,237
198633124266,195,3742,57,2101,480,237
198633135223,21,2923,54,1826,480,238
198633146314,409,3672,55,2496,481,238
198633157407,196,3479,166,15345,482,238
198633168504,20,3249,46,2093,482,239
198633179556,123,3955,55,2351,483,239
198633190644,155,3718,92,7110,484,239
198633201783,21,2972,47,1935,484,240
198633212788,384,4374,161,15159,485,240
198633224328,266,3638,97,7626,486,240
198633234943,19,3171,48,1763,486,241
198633246464,198,3153,45,2061,487,241
198633257475,407,3209,159,14609,488,241
198633268527,20,3504,48,2116,488,242
198633279541,218,3754,104,7832,489,242
198633290571,259,3268,161,15072,490,242
198633301649,21,2827,52,2350,490,243
198633313142,234,3383,54,2550,491,243
198633324013,175,3155,45,1821,492,243
198633335034,24,2997,48,1389,492,244
198633346052,170,4181,45,1616,493,244
198633357448,266,4683,344,34636,494,244
198633368530,23,3061,63,3796,494,245
198633379612,285,3199,52,2409,495,245
198633390718,114,4188,156,14384,496,245
198633401764,28,3071,81,2084,496,246
198633412805,184,4478,55,3058,497,246
198633424226,338,3930,45,2207,498,246
198633435321,25,4195,51,2011,498,247
198633446408,265,3292,89,7009,499,247
198633457508,201,3044,172,15183,500,247
198633468487,20,3220,48,2084,500,248
198633479459,127,3238,96,7921,501,248
198633490506,174,3666,45,2019,502,248
198633502120,21,3135,52,1794,502,249
198633513080,123,3208,151,14517,503,249
198633524154,169,3143,150,7979,504,249
198633535123,21,3130,50,1896,504,250
198633546182,144,3282,182,15068,505,250
198633557783,288,3815,58,2635,506,250
198633568308,20,2887,46,2001,506,251
198633579856,232,3371,99,7250,507,251
198633590912,119,3182,44,2245,508,251
198633601938,20,2807,48,1882,508,252
198633612956,151,3079,46,2162,509,252
198633624056,326,3423,154,14532,510,252
198633635050,21,2707,56,2316,510,253
198633646121,297,3585,104,8287,511,253
198633657466,170,3444,169,15745,512,253
198633668509,20,3826,50,2173,512,254
198633679551,107,3134,43,1719,513,254
198633690600,320,2892,33,748,514,254
198633701636,21,2769,37,735,514,255
198633713167,188,3025,333,32313,515,255
198633724050,126,3031,116,9615,516,255
198633735143,22,2816,59,2149,516,256
198633746327,108,2773,42,2142,517,256
198633757367,293,2980,146,14027,518,256
198633768634,19,2925,66,1882,518,257
198633779670,150,3698,103,7687,519,257
198633791079,298,3876,161,14847,520,257
198633801659,28,3150,72,2154,520,258
198633813049,166,3467,57,2435,521,258
198633824130,405,3715,103,7255,522,258
198633835072,24,3151,51,1821,522,259
198633846150,379,3225,163,15165,523,259
198633857169,331,3667,104,7634,524,259
198633868752,22,3423,47,1898,524,260
198633879704,132,3197,147,13440,525,260
198633890989,328,3306,103,7628,526,260
198633901997,28,4230,98,1819,526,261
198633913014,224,3848,159,15211,527,261
198633924130,233,3195,75,2451,528,261
198633935162,21,2901,46,1907,528,262
198633946194,270,3019,773,7063,529,262
198633957247,339,3033,211,15181,530,262
198633968277,20,2772,46,2196,530,263
198633979787,123,3042,96,7960,531,263
198633990809,397,2959,46,2117,532,263
198634001876,20,2877,46,1752,532,264
198634012907,124,2970,152,14477,533,264
198634023925,195,2977,169,7660,534,264
198634034962,26,2823,54,1343,534,265
198634046589,309,3050,89,6424,535,265
198634057202,124,2923,43,910,536,265
198634068783,64,3629,43,824,536,266
198634079866,213,2827,345,34658,537,266
198634090582,154,3152,180,17300,538,266
198634101604,19,2785,55,2471,538,267
198634113116,429,3244,97,7841,539,267
198634124122,374,3180,48,2251,540,267
198634135163,20,3182,53,1900,540,268
198634146202,422,3280,60,2575,541,268
198634157196,255,3028,162,15635,542,268
198634168367,21,2918,44,1953,542,269
198634179365,283,2980,44,2175,543,269
198634190993,332,3362,93,6979,544,269
198634202003,19,3072,50,1853,544,270
198634213035,259,3420,160,15091,545,270
198634224082,312,3766,100,7557,546,270
198634235281,21,4114,52,2029,546,271
198634246223,364,3800,53,2308,547,271
198634261427,555,3530,348,14599,548,271
198634268406,109,3054,45,2187,548,272
198634279394,252,3461,102,8118,549,272
198634290936,470,3335,173,15200,550,272
198634302049,21,3246,60,2396,550,273
198634313036,211,3386,53,2631,551,273
198634324068,392,4795,101,7538,552,273
198634335188,20,3193,68,1964,552,274
198634346282,193,4049,170,15457,553,274
198634357317,382,3210,96,7585,554,274
198634368837,25,4086,57,2137,554,275
198634379806,200,3090,70,2503,555,275
198634390887,334,3478,70,2682,556,275
198634401852,25,3061,53,2119,556,276
198634412937,501,3749,179,15412,557,276
198634423930,232,4132,62,2756,558,276
198634435107,21,3194,49,2163,558,277
198634446123,237,4898,99,7633,559,277
198634457963,159,4080,168,15594,560,277
198634468579,22,2952,50,2273,560,278
198634479652,223,3283,119,8129,561,278
198634490792,424,2936,43,2098,562,278
198634501839,20,4395,54,1876,562,279
198634513286,377,3406,196,14825,563,279
198634524418,246,3153,136,7947,564,279
198634535742,63,4645,68,1785,564,280
198634546001,316,3389,105,5905,565,280
198634557554,161,4490,54,898,566,280
198634568578,26,3005,47,804,566,281
198634579383,202,3590,359,34796,567,281
198634590953,200,3810,186,17338,568,281
198634601951,23,3095,60,2494,568,282
198634613052,411,2967,109,7692,569,282
198634624268,121,2981,54,2152,570,282
198634635436,28,2902,176,1826,570,283
198634646388,320,3160,78,2482,571,283
198634657431,378,3040,168,15504,572,283
198634668464,22,2976,56,2022,572,284
198634679547,289,3252,54,2329,573,284
198634690988,224,3245,86,6856,574,284
198634701999,20,2947,49,2010,574,285
198634713052,224,2949,160,15051,575,285
198634724079,205,3327,106,7552,576,285
198634735123,28,3251,49,2019,576,286
198634746151,298,3696,72,2340,577,286
198634757167,326,3214,157,14752,578,286
198634768629,23,4497,51,2236,578,287
198634779657,137,3744,103,8223,579,287
198634790779,143,3556,167,15180,580,287
198634801790,51,2877,55,2451,580,288
198634812933,191,3737,53,2677,581,288
198634823897,239,4209,49,2258,582,288
198634835466,22,3220,50,2006,582,289
198634846542,313,3903,98,7081,583,289
198634857512,185,3936,71,4368,584,289
198634868591,24,3917,43,848,584,290
198634879567,209,4290,35,783,585,290
198634890668,284,3231,343,35223,586,290
198634901894,36,2772,79,3788,586,291
198634912982,185,2616,76,3979,587,291
198634924046,165,2614,55,2043,588,291
198634947195,251,3003,68,1292,589,291
198634962174,188,4000,488,32396,590,291
198634973151,153,4111,148,9434,591,291
198634984006,226,3788,71,2152,591,292
198634995069,185,4163,68,2190,592,292
198635006130,110,3738,269,13859,593,292
198635017617,137,3084,74,1993,593,293
198635028640,123,2888,97,7727,594,293
198635039797,2241,4087,206,14852,595,293
198635051120,107,2728,56,2176,595,294
198635061945,122,3895,49,2539,596,294
198635073013,106,3554,59,2121,597,294
198635084152,419,3656,54,1877,597,295
198635095056,228,3279,89,6777,598,295
198635106089,113,2976,70,4320,599,295
198635117785,319,3426,49,798,599,296
198635129074,444,4640,71,737,600,296
198635140130,212,3329,393,35457,601,296
198635150870,313,3559,84,3746,601,297
198635161816,136,3976,114,8747,602,297
198635172982,127,3659,173,12649,603,297
198635184007,130,3414,67,1903,603,298
198635195196,136,3227,90,6979,604,298
198635206242,137,3841,152,13929,605,298
198635217575,238,3055,55,1944,605,299
198635228647,220,3685,97,7859,606,299
198635239927,274,3369,42,2157,607,299
198635251100,135,3472,57,1882,607,300
198635261989,236,4202,153,14290,608,300
198635272946,174,3588,104,7815,609,300
198635284003,293,3240,53,1894,609,301
198635295044,155,3099,151,14813,610,301
198635306563,209,3306,50,2517,611,301
198635317622,23,2981,45,1985,611,302
198635328626,338,3332,95,7275,612,302
198635339627,218,4032,47,1813,613,302
198635350815,19,3095,46,1322,613,303
198635361870,214,3386,208,21449,614,303
198635372896,198,4488,155,14380,615,303
198635383904,21,3501,50,2019,615,304
198635395045,245,3429,107,7985,616,304
198635406496,413,3427,158,14786,617,304
198635417695,20,2883,44,1631,617,305
198635428309,337,4642,44,1709,618,305
198635439819,151,3205,32,734,619,305
198635450862,22,2610,44,733,619,306
198635461908,174,2686,379,32411,620,306
198635472959,159,2629,124,9580,621,306
198635507943,262,2688,107,4644,622,306
198635522207,142,3887,520,35018,623,306
198635533320,23,3258,87,3702,623,307
198635544420,123,4130,243,15166,624,307
198635555662,115,4611,77,2456,625,307
198635567291,113,3109,70,1908,625,308
198635577955,265,2769,57,2064,626,308
198635589158,1120,3854,97,7420,627,308
198635600260,22,3363,55,1787,627,309
198635611294,336,5047,58,1303,628,309
198635622493,361,3144,62,2980,629,309
198635633651,37,3645,62,718,629,310
198635644529,156,3572,39,719,630,310
198635655429,171,3803,354,34654,631,310
198635667078,22,3252,73,3665,631,311
198635678033,147,4390,138,12691,632,311
198635689025,244,3476,96,6955,633,311
198635700112,20,2951,44,1943,633,312
198635710907,283,3484,152,14830,634,312
198635722417,332,3579,118,7639,635,312
198635733650,210,3156,53,2017,635,313
198635744657,118,3619,55,2328,636,313
198635755465,169,3901,165,14619,637,313
198635766666,195,4081,59,2214,637,314
198635778127,187,3170,123,8170,638,314
198635789147,121,2939,162,15050,639,314
198635800191,22,3530,47,2242,639,315
198635811192,155,3811,56,2506,640,315
198635822241,282,3883,117,7191,641,315
198635833643,22,3815,58,1871,641,316
198635844798,321,3643,53,2271,642,316
198635855914,136,3223,45,1923,643,316
198635866980,19,3052,46,1743,643,317
198635878029,209,3357,140,13583,644,317
198635889040,143,3324,83,1458,645,317
198635900108,24,3581,34,717,645,318
198635911100,236,4603,33,717,646,318
198635922121,363,4345,327,33494,647,318
198635933678,21,3429,65,3681,647,319
198635944680,112,3705,91,7470,648,319
198635955726,198,3155,155,14797,649,319
198635966727,21,3325,46,2137,649,320
198635977832,229,3024,98,7764,650,320
198635989030,140,3818,46,2042,651,320
198636000122,169,4145,58,1797,651,321
198636011039,213,3133,166,14253,652,321
198636022629,385,8951,129,7966,653,321
198636034887,22,3091,54,1827,653,322
198636044613,191,3628,162,14870,654,322
198636055878,302,3562,60,2487,655,322
198636067018,222,3329,56,1945,655,323
198636078074,123,2976,93,7271,656,323
198636089000,165,2665,159,15070,657,323
198636100025,118,2976,46,2196,657,324
198636111885,119,3794,100,8488,658,324
198636122083,131,2677,161,14573,659,324
198636133166,38,2698,52,2224,659,325
198636144629,174,2667,110,8017,660,325
198636155751,166,2632,231,15742,661,325
198636166771,24,2672,60,2083,661,326
198636180652,281,19381,82,2410,662,326
198636212016,207,2745,66,1263,663,326
198636223403,174,4037,532,34925,664,326
198636233986,132,4066,98,3873,664,327
198636244949,117,3828,76,2373,665,327
198636256387,166,3798,264,14415,666,327
198636267232,39,3000,94,2091,666,328
198636278865,797,3266,120,7704,667,328
198636289725,361,4711,173,15080,668,328
198636300755,23,3330,57,2147,668,329
198636311785,147,3740,57,2439,669,329
198636322804,214,3775,102,7167,670,329
198636333965,22,3074,48,1804,670,330
198636344996,244,3690,173,15054,671,330
198636355990,714,3142,96,6978,672,330
198636367530,23,2908,58,1898,672,331
198636378585,119,3391,1169,14418,673,331
198636389586,1379,3338,110,8757,674,331
198636400667,25,2824,58,1916,674,332
198636411656,205,3123,178,15181,675,332
198636422679,1521,3574,60,2386,676,332
198636433699,21,3772,48,1983,676,333
198636445241,232,3947,107,7171,677,333
198636456235,313,3294,161,15231,678,333
198636467347,23,3090,52,2341,678,334
198636478361,178,2987,112,7302,679,334
198636489415,418,3588,68,4331,680,334
198636500458,21,3500,39,804,680,335
198636511502,182,3567,35,769,681,335
198636523015,109,3377,345,34907,682,335
198636534141,19,3215,62,3693,682,336
198636545253,285,3227,160,15132,683,336
198636556251,126,3833,59,2550,684,336
198636567499,24,3055,45,1900,684,337
198636578503,188,3006,94,7005,685,337
198636589580,357,3416,161,15106,686,337
198636600654,21,3086,50,2203,686,338
198636611705,179,3577,100,7995,687,338
198636622750,377,3622,53,2033,688,338
198636633970,22,3425,59,1793,688,339
198636645268,547,2953,64,3039,689,339
198636656275,270,4369,162,15008,690,339
198636667332,22,3318,49,1948,690,340
198636678480,215,4294,58,2288,691,340
198636689489,114,3438,90,6903,692,340
198636700536,24,3076,51,1897,692,341
198636711587,140,3720,189,15072,693,341
198636723081,205,3436,108,7793,694,341
198636734157,204,3272,54,1955,694,342
198636745225,314,3947,49,2293,695,342
198636756394,244,3453,161,14692,696,342
198636767568,33,3309,56,2050,696,343
198636780487,1084,2993,122,7764,697,343
198636789581,115,3692,163,14979,698,343
198636800703,109,3175,60,2314,698,344
198636811904,197,3979,88,5850,699,344
198636823194,250,4083,77,3279,700,344
198636834094,20,3320,43,807,700,345
198636845166,286,3459,30,723,701,345
198636856152,200,4379,360,35088,702,345
198636867176,21,3178,72,3904,702,346
198636878211,422,3438,47,2441,703,346
198636889409,568,3135,156,14444,704,346
198636900652,23,2875,58,1958,704,347
198636911648,155,3061,51,2851,705,347
198636922738,259,3070,41,2110,706,347
198636934203,112,2924,45,1913,706,348
198636945419,112,2884,96,6905,707,348
198636956247,197,3014,181,14979,708,348
198636967260,106,2772,50,2310,708,349
198636978182,121,3556,125,7764,709,349
198636989733,370,4240,47,2087,710,349
198637000421,340,3132,63,1802,710,350
198637011876,467,4290,156,14596,711,350
198637025934,220,3617,114,8107,712,350
198637034423,1043,4152,55,1887,712,351
198637045289,175,3150,166,15197,713,351
198637055953,403,4144,98,7550,714,351
198637067458,180,3083,57,1872,714,352
198637078461,489,3021,64,4251,715,352
198637089432,227,4070,37,745,716,352
198637100546,19,3656,34,720,716,353
198637111615,125,3379,321,34947,717,353
198637123083,130,3051,69,3885,718,353
198637134117,20,3137,54,2138,718,354
198637145181,277,3434,153,14420,719,354
198637156411,276,3537,61,2962,720,354
198637167573,209,3193,47,1878,720,355
198637178619,141,2898,49,2049,721,355
198637189624,113,2942,81,6730,722,355
198637200358,412,3145,47,1870,722,356
198637212073,158,3682,167,14957,723,356
198637222906,817,3472,111,7888,724,356
198637234241,328,3377,60,1866,724,357
198637245275,152,3392,152,2163,725,357
198637256303,497,3160,164,14586,726,357
198637267440,402,3219,50,2195,726,358
198637278537,395,3931,124,7699,727,358
198637289431,159,3857,161,14875,728,358
198637300453,21,4122,50,2173,728,359
198637311613,211,3664,52,2439,729,359
198637322663,290,3299,45,2196,730,359
198637334194,21,3235,48,1942,730,360
198637344970,309,3385,99,7695,731,360
198637356016,262,3539,44,1923,732,360
198637367507,25,2932,52,1694,732,361
198637378564,127,2639,73,4998,733,361
198637389570,288,3815,49,795,734,361
198637400733,32,2682,50,722,734,362
198637411711,509,3040,341,35111,735,362
198637422810,163,2646,159,14145,736,362
198637433938,35,2623,57,2369,736,363
198637444913,160,2634,100,7109,737,363
198637456394,137,2649,181,15102,738,363
198637490753,238,2680,54,1364,739,363
198637506154,242,2728,39,694,740,363
198637516424,24,2668,44,686,740,364
198637527622,165,2866,365,35131,741,364
198637538204,165,3869,289,16643,742,364
198637549300,27,3830,77,2541,742,365
198637560442,218,4047,64,2442,743,365
198637571509,157,3863,61,2035,744,365
198637583091,28,3190,54,1845,744,366
198637594168,212,3116,104,7482,745,366
198637605229,361,2867,45,2065,746,366
198637616473,22,2887,51,1833,746,367
198637627503,111,2934,72,5086,747,367
198637638580,207,2783,68,849,748,367
198637649610,34,2901,77,781,748,368
198637660637,165,2879,336,35083,749,368
198637671686,325,3421,164,14193,750,368
198637682802,24,2994,54,2433,750,369
198637693837,331,3132,97,7279,751,369
198637704843,222,3053,164,15032,752,369
198637716393,23,2707,45,2156,752,370
198637727390,316,2920,98,7729,753,370
198637738469,374,3198,48,2256,754,370
198637749464,23,2864,46,1905,754,371
198637760487,216,3372,159,14509,755,371
198637771500,135,3841,100,7945,756,371
198637783056,21,3754,60,1939,756,372
198637794070,248,3736,156,14834,757,372
198637805214,413,3933,57,2471,758,372
198637816251,26,3657,54,2052,758,373
198637827208,315,3313,93,7310,759,373
198637838312,132,3091,162,15282,760,373
198637849769,21,3775,49,2025,760,374
198637860844,275,3880,108,8364,761,374
198637871840,608,3449,168,14692,762,374
198637882904,28,3211,50,2091,762,375
198637893980,392,3378,106,7831,763,375
198637904996,209,3717,201,19551,764,375
198637916016,22,3046,59,2469,764,376
198637927375,4561,2845,53,2590,765,376
198637938429,138,3349,39,1293,766,376
198637949535,21,2846,36,652,766,377
198637960427,159,4199,350,32423,767,377
198637972115,183,3260,43,1190,768,377
198637982694,21,3272,35,632,768,378
198637994191,242,3032,35,632,769,378
198638005207,146,3020,331,35184,770,378
198638016097,23,3056,77,3689,770,379
198638027526,144,2882,99,7857,771,379
198638038706,148,3341,161,13581,772,379
198638049660,29,3841,59,2100,772,380
198638060705,143,3415,55,2317,773,380
198638071727,397,3135,100,7332,774,380
198638082769,21,4056,49,1785,774,381
198638093775,350,4005,152,14442,775,381
198638105314,895,4069,106,7669,776,381
198638116425,25,3886,97,1894,776,382
198638127427,434,3579,49,2247,777,382
198638138604,242,3639,67,2467,778,382
198638149724,24,3354,46,1869,778,383
198638160740,298,3667,150,14376,779,383
198638171770,404,3690,544,21523,780,383
198638182817,21,2983,44,1856,780,384
198638193837,235,3416,97,7062,781,384
198638204898,124,4893,156,14881,782,384
198638216430,25,3505,64,1956,782,385
198638227443,329,3474,93,7642,783,385
198638238498,262,3421,1345,2226,784,385
198638249607,21,3023,44,1699,784,386
198638260699,349,2939,151,14443,785,386
198638271689,328,3014,105,7818,786,386
198638282720,20,2681,41,1570,786,387
198638293921,140,3000,155,14689,787,387
198638304905,117,2989,43,1493,788,387
198638315961,20,2783,34,732,788,388
198638327462,167,2890,33,732,789,388
198638338473,389,3458,305,32129,790,388
198638349588,20,2823,61,3604,790,389
198638360633,153,3006,104,8146,791,389
198638371664,226,3543,47,2006,792,389
198638382705,20,2958,43,1726,792,390
198638394152,281,3337,161,13970,793,390
198638405198,184,4141,63,2928,794,390
198638416334,22,3345,50,1892,794,391
198638427325,274,3778,43,2131,795,391
198638438301,164,4550,95,7081,796,391
198638449308,20,3075,45,1849,796,392
198638460610,224,3319,185,14990,797,392
198638471672,307,3253,111,7518,798,392
198638482738,20,3177,42,1829,798,393
198638493725,326,2945,43,2146,799,393
198638505271,440,3111,158,14467,800,393
198638516351,22,3053,50,1960,800,394
198638527322,114,3104,109,7771,801,394
198638538388,319,3245,165,15061,802,394
198638549419,21,3174,47,2231,802,395
198638560423,212,3155,51,2506,803,395
198638571963,363,3332,96,7354,804,395
198638583003,35,3318,46,1905,804,396
198638594097,264,3381,45,1532,805,396
198638605063,118,3192,321,31395,806,396
198638616073,21,3525,75,3718,806,397
198638627145,268,3247,154,14768,807,397
198638638174,140,3041,116,8120,808,397
198638649699,27,2718,48,2089,808,398
198638660720,128,2862,143,12669,809,398
198638671774,460,3096,41,1181,810,398
198638682819,20,2709,31,752,810,399
198638693823,117,2981,33,753,811,399
198638704929,116,3018,220,22776,812,399
198638716391,21,2825,56,3080,812,400
198638727424,115,2884,181,17740,813,400
198638738455,163,3145,57,2450,814,400
198638749469,21,2979,55,1889,814,401
198638760511,122,3003,149,13958,815,401
198638771544,333,3032,297,7758,816,401
198638783373,22,2802,47,1792,816,402
198638794164,123,3472,158,14893,817,402
198638805116,629,3477,53,2455,818,402
198638816151,26,2564,75,1902,818,403
198638827111,161,2625,100,7387,819,403
198638838204,159,2647,181,15229,820,403
198638849804,36,2558,54,2177,820,404
198638860563,129,2611,104,8421,821,404
198638876280,2378,24145,276,14672,822,404
198638914083,202,2831,89,3163,823,404
198638925188,217,3770,65,2133,824,404
198638936647,125,4126,135,6979,825,404
198638947372,22,3222,55,1937,825,405
198638958495,118,3731,247,15207,826,405
198638969859,215,2890,250,7962,827,405
198638980694,25,3714,51,1915,827,406
198638992071,166,3184,47,1817,828,406
198639003148,521,3407,60,2760,829,406
198639014264,21,3030,31,777,829,407
198639025315,183,3179,446,35214,830,407
198639036822,220,4303,179,16721,831,407
198639047357,20,3691,52,2522,831,408
198639058817,418,3021,133,2380,832,408
198639069868,169,3117,95,7302,833,408
198639080915,19,3278,44,1794,833,409
198639091907,327,3703,157,14977,834,409
198639103054,272,3635,100,7496,835,409
198639114018,21,2884,42,1886,835,410
198639125588,281,3710,49,2273,836,410
198639136912,323,3453,65,2964,837,410
198639147678,27,3454,39,765,837,411
198639158719,194,3638,312,32924,838,411
198639169625,290,3432,82,3699,839,411
198639181098,32,3482,60,2094,839,412
198639192174,171,3726,115,7293,840,412
198639203184,408,3177,161,14519,841,412
198639214162,21,3134,43,2163,841,413
198639225214,272,3283,101,7673,842,413
198639236282,324,3179,52,2240,843,413
198639247339,23,3249,57,1891,843,414
198639258819,215,3566,158,14348,844,414
198639269957,651,5231,106,8014,845,414
198639280990,20,3432,125,1785,845,415
198639291957,139,2956,153,13979,846,415
198639303053,356,4144,189,18436,847,415
198639314069,28,2874,72,2228,847,416
198639325547,256,3840,84,4634,848,416
198639336493,420,3116,338,32489,849,416
198639347549,26,2702,63,3592,849,417
198639358622,238,3079,110,8083,850,417
198639369638,293,3332,52,2080,851,417
198639380685,28,2822,56,1752,851,418
198639392201,176,2774,158,13858,852,418
198639403225,265,3090,68,3010,853,418
198639414303,32,2863,65,1955,853,419
198639425399,187,3496,62,2196,854,419
198639436376,194,3830,107,7158,855,419
198639447407,33,3429,118,1840,855,420
198639458447,170,4007,167,15016,856,420
198639470061,466,3887,109,7655,857,420
198639481388,24,3229,49,1869,857,421
198639492007,165,3177,50,2166,858,421
198639503111,326,3841,3211,14531,859,421
198639514343,33,3147,48,2063,859,422
198639525551,431,3599,106,7848,860,422
198639536688,303,3128,186,14972,861,422
198639547743,25,3406,53,2255,861,423
198639558492,132,3682,55,2548,862,423
198639570049,163,3403,53,2182,863,423
198639581073,24,2895,48,1925,863,424
198639592108,143,3139,105,7612,864,424
198639603214,1104,3409,80,4482,865,424
198639614236,27,2736,39,753,865,425
198639625206,123,2811,39,700,866,425
198639636256,167,3196,43,700,867,425
198639647797,23,3338,40,700,867,426
198639659053,322,3332,336,34930,868,426
198639669901,123,3184,161,14089,869,426
198639680743,26,2994,76,2315,869,427
198639691734,130,3479,95,7295,870,427
198639703186,190,3170,160,15067,871,427
198639714183,23,2979,43,2010,871,428
198639725280,221,3597,105,7640,872,428
198639736387,151,3035,56,2311,873,428
198639747391,22,2929,45,1932,873,429
198639758435,137,3295,154,14427,874,429
198639770000,126,3527,102,8053,875,429
198639781005,25,4378,50,1949,875,430
198639792043,203,3287,158,14940,876,430
198639803105,344,3513,56,2564,877,430
198639814110,23,3250,90,2090,877,431
198639825486,127,3435,100,7463,878,431
198639836528,272,3159,176,15343,879,431
198639847526,25,2866,58,2401,879,432
198639858403,123,2858,113,8539,880,432
198639869930,115,3287,158,14584,881,432
198639880997,20,3292,117,2290,881,433
198639892007,145,4265,109,8833,882,433
198639902983,135,3082,176,15242,883,433
198639914023,26,2775,55,2398,883,434
198639925082,181,3460,55,2295,884,434
198639936374,122,3383,45,1141,885,434
198639947654,23,3137,34,703,885,435
198639958685,309,3206,307,32540,886,435
198639969711,215,3228,149,9494,887,435
198639980741,30,3275,44,2158,887,436
198639991848,289,3230,46,2248,888,436
198640003239,303,4001,160,13919,889,436
198640014251,23,3647,44,1983,889,437
198640025315,237,3907,102,7752,890,437
198640036386,109,2724,156,14905,891,437
198640047423,22,3306,45,2205,891,438
198640058446,293,3070,52,2577,892,438
198640070014,138,3175,97,7253,893,438
198640081006,19,3099,53,1829,893,439
198640092088,510,3025,161,15121,894,439
198640103104,307,3156,108,7554,895,439
198640114095,21,2980,44,1914,895,440
198640125142,413,3914,153,13316,896,440
198640136450,563,4196,114,8510,897,440
198640147528,27,3416,47,1792,897,441
198640158597,188,2945,172,14706,898,441
198640169644,266,3394,69,2562,899,441
198640182295,32,3484,61,1966,899,442
198640191799,218,3514,101,7253,900,442
198640202865,265,4825,167,15312,901,442
198640214376,22,3105,50,2293,901,443
198640225479,237,4443,110,8073,902,443
198640236515,120,3839,46,2072,903,443
198640247462,21,2677,46,1811,903,444
198640258539,171,2877,152,13855,904,444
198640269566,144,2638,54,1416,905,444
198640281122,28,2526,38,673,905,445
198640292173,165,2668,50,673,906,445
198640303207,158,2678,366,33717,907,445
198640314254,28,2522,64,3681,907,446
198640325206,131,2607,100,7700,908,446
198640336244,106,2671,178,14825,909,446
198640368905,182,2752,73,1365,910,446
198640383436,52,3688,63,764,910,447
198640394439,277,4342,45,763,911,447
198640405578,134,3861,461,34796,912,447
198640416698,24,3773,87,3735,912,448
198640427807,134,3009,216,12691,913,448
198640439003,184,3438,141,7287,914,448
198640450044,24,3048,53,2002,914,449
198640461095,246,2658,164,15029,915,449
198640472122,196,4618,103,7579,916,449
198640483138,19,2850,48,1947,916,450
198640494162,292,3344,46,2285,917,450
198640505738,145,3203,218,14501,918,450
198640516736,25,3107,49,2230,918,451
198640527732,1689,2888,103,8076,919,451
198640538779,316,3275,163,15019,920,451
198640549821,21,2817,54,2309,920,452
198640560860,211,2947,52,2557,921,452
198640572379,107,2851,99,7337,922,452
198640583409,19,2670,46,1887,922,453
198640594434,115,2895,51,2341,923,453
198640605440,109,2962,46,1991,924,453
198640616546,26,3505,49,1802,924,454
198640627507,125,3691,157,14509,925,454
198640638779,186,3274,50,1773,926,454
198640649814,24,3162,41,757,926,455
198640660864,214,3300,227,23237,927,455
198640672375,256,2949,47,1593,928,455
198640683419,19,3795,424,689,928,456
198640694443,158,3709,38,682,929,456
198640705461,263,3562,310,31727,930,456
198640716510,21,3547,64,3495,930,457
198640727572,168,4002,104,7954,931,457
198640738695,120,4311,47,2040,932,457
198640749686,21,4443,47,1728,932,458
198640761231,321,3517,149,13832,933,458
198640772257,284,3607,100,7644,934,458
198640783352,21,3141,45,1809,934,459
198640794393,294,3010,308,14689,935,459
198640805443,111,3644,52,2382,936,459
198640816448,22,2894,78,1939,936,460
198640827462,120,3556,92,7252,937,460
198640839039,116,3403,161,15329,938,460
198640850153,20,3413,47,2008,938,461
198640861177,125,3244,100,8298,939,461
198640872166,104,3397,154,14519,940,461
198640883244,49,2874,59,2227,940,462
198640894276,1068,4046,137,8665,941,462
198640905396,114,3060,160,15136,942,462
198640916420,20,3016,50,2073,942,463
198640927441,116,2964,82,2387,943,463
198640938695,210,2823,102,7225,944,463
198640949692,19,2861,47,1865,944,464
198640961270,129,2853,159,15311,945,464
198640972233,171,3159,93,6933,946,464
198640983341,20,3160,35,864,946,465
198640994314,366,3330,114,4188,947,465
198641005467,247,3189,52,797,948,465
198641016474,20,2800,39,749,948,466
198641027681,164,3067,326,34717,949,466
198641038868,145,2770,172,16602,950,466
198641049805,21,2672,53,2487,950,467
198641060841,160,3529,52,2437,951,467
198641072360,115,3124,97,7260,952,467
198641083368,20,2673,47,1980,952,468
198641094517,251,3509,163,15045,953,468
198641105436,232,2931,96,7600,954,468
198641116338,20,2776,47,1958,954,469
198641127846,114,3078,47,2299,955,469
198641138951,247,3581,58,2894,956,469
198641149910,23,2892,53,1798,956,470
198641160976,280,3060,192,14708,957,470
198641171988,115,3069,113,2396,958,470
198641183505,21,3091,46,1982,958,471
198641194578,165,2845,91,7141,959,471
198641205581,150,3031,161,15357,960,471
198641216655,33,3044,61,2126,960,472
198641227635,135,2821,96,7836,961,472
198641238653,453,2880,52,2278,962,472
198641249687,21,3856,46,1978,962,473
198641261253,313,3181,71,5108,963,473
198641272249,198,3267,347,34797,964,473
198641283236,20,3159,64,3734,964,474
198641294294,301,3286,159,15154,965,474
198641305279,304,3525,51,2433,966,474
198641316382,25,3057,50,1736,966,475
198641327946,248,3646,43,1244,967,475
198641338949,369,3422,40,683,968,475
198641349988,20,3574,38,683,968,476
198641361038,126,3423,31,683,969,476
198641372040,156,3985,396,34755,970,476
198641383085,22,3502,76,3721,970,477
198641394590,279,3957,72,3506,971,477
198641405751,177,3780,160,15049,972,477
198641416860,24,3522,52,2104,972,478
198641427829,281,3602,46,2230,973,478
198641439360,139,3200,94,6968,974,478
198641449941,30,3196,46,1776,974,479
198641461008,186,3726,153,14757,975,479
198641471991,273,3885,95,7268,976,479
198641483039,20,3147,49,1900,976,480
198641494563,259,4646,53,2297,977,480
198641505654,197,3363,155,14441,978,480
198641516498,21,2955,51,2183,978,481
198641527551,404,3507,46,1499,979,481
198641538572,482,3708,245,23084,980,481
198641550192,21,3066,60,3144,980,482
198641561223,285,3736,131,11512,981,482
198641572259,284,3291,44,1360,982,482
198641583338,33,3127,36,668,982,483
198641594358,180,3307,46,668,983,483
198641605339,241,3292,334,34742,984,483
198641617710,23,5863,146,3845,984,484
198641627950,189,4106,76,4507,985,484
198641638934,144,3134,418,34740,986,484
198641649969,21,3078,66,3712,986,485
198641661018,157,3127,50,2180,987,485
198641672096,118,2798,139,12444,988,485
198641683144,23,2605,47,2015,988,486
198641694139,373,3240,97,7198,989,486
198641705661,272,3382,164,14961,990,486
198641717418,19,2886,49,2201,990,487
198641727788,234,3390,100,7797,991,487
198641738832,163,3084,49,2075,992,487
198641749986,21,3853,46,1726,992,488
198641760897,169,4048,157,14493,993,488
198641772122,409,3170,97,7841,994,488
198641783283,24,3934,55,1957,994,489
198641794374,227,3715,168,14750,995,489
198641805386,130,3343,54,2545,996,489
198641816472,23,3535,53,2045,996,490
198641827519,196,4661,100,7085,997,490
198641838674,237,4260,58,2318,998,490
198641849735,22,2967,55,1991,998,491
198641860799,342,3942,54,2304,999,491
198641871860,117,3345,154,14388,1000,491
198641883447,29,2717,70,2351,1000,492
198641894489,177,4122,111,8838,1001,492
198641905474,110,4136,153,14360,1002,492
198641916525,18,3495,36,1112,1002,493
198641927583,105,3958,39,1567,1003,493
198641938793,353,3055,331,34620,1004,493
198641950012,22,3539,346,3780,1004,494
198641960760,373,3305,174,15749,1005,494
198641972314,311,3443,97,7672,1006,494
198641983315,21,3152,51,2094,1006,495
198641994361,260,2924,49,2446,1007,495
198642005443,152,4119,151,14432,1008,495
198642016397,19,3386,50,2065,1008,496
198642027610,121,3056,217,7843,1009,496
198642038637,489,4021,180,15111,1010,496
198642049688,22,2879,49,2103,1010,497
198642061178,201,3329,55,2415,1011,497
198642072224,231,3997,98,7468,1012,497
198642083275,22,3565,50,1887,1012,498
198642094270,269,3209,160,15330,1013,498
198642105280,300,3465,102,7126,1014,498
198642116803,24,3863,49,1989,1014,499
198642127607,264,3392,154,14621,1015,499
198642138622,419,3707,116,8469,1016,499
198642149648,28,3077,50,2055,1016,500
198642161209,232,3264,83,6018,1017,500
198642172194,382,3424,339,33345,1018,500
198642183507,22,3065,66,3769,1018,501
198642194323,240,3822,94,7355,1019,501
198642205349,416,3110,77,5216,1020,501
198642216384,20,2753,37,874,1020,502
198642227935,177,3620,36,812,1021,502
198642238935,138,3216,405,34663,1022,502
198642249942,25,2618,75,3788,1022,503
198642260994,145,2684,166,14929,1023,503
198642272063,137,2628,101,8021,1024,503
198642283036,33,2615,63,1800,1024,504
198642294495,160,2670,156,14914,1025,504
198642305531,109,2618,55,2535,1026,504
198642316630,34,3225,92,2035,1026,505
198642328479,214,2632,43,1275,1027,505
198642338607,153,2740,520,34663,1028,505
198642349759,29,3498,92,3873,1028,506
198642360826,142,4015,68,2404,1029,506
198642371902,122,4267,228,14050,1030,506
198642383053,32,3337,78,1528,1030,507
198642394166,177,2753,64,1925,1031,507
198642405287,364,3565,38,731,1032,507
198642416497,26,3198,37,718,1032,508
198642427578,132,2766,335,33480,1033,508
198642438713,304,2939,112,9208,1034,508
198642449777,21,2702,45,2271,1034,509
198642460805,1738,3639,181,14757,1035,509
198642471889,145,3664,95,7561,1036,509
198642483352,24,3492,55,1936,1036,510
198642494388,147,3929,62,2292,1037,510
198642505640,344,4095,173,14418,1038,510
198642516386,21,3556,48,2125,1038,511
198642527920,162,3148,99,7949,1039,511
198642538827,241,3050,163,15240,1040,511
198642549893,21,3660,53,2360,1040,512
198642560869,138,3355,53,2707,1041,512
198642571910,180,3062,94,7527,1042,512
198642583473,20,3211,47,1834,1042,513
198642594506,267,4462,177,15111,1043,513
198642605526,202,3432,96,7129,1044,513
198642616566,39,3273,47,2014,1044,514
198642627631,307,4706,160,14495,1045,514
198642638698,325,4301,108,8726,1046,514
198642650282,23,3282,46,2022,1046,515
198642661197,122,3324,163,15063,1047,515
198642672027,381,4025,48,1520,1048,515
198642683488,25,3102,46,924,1048,516
198642694542,419,3256,259,26946,1049,516
198642705619,330,3797,78,5109,1050,516
198642716646,22,3216,46,826,1050,517
198642727612,394,4703,425,35080,1051,517
198642738812,197,3239,84,4203,1052,517
198642749785,23,2766,51,2198,1052,518
198642760812,118,2710,159,14570,1053,518
198642772361,197,2897,96,7947,1054,518
198642783350,20,2904,49,1913,1054,519
198642794375,119,2890,156,14785,1055,519
198642805407,178,2868,58,2556,1056,519
198642816428,19,3216,46,1918,1056,520
198642827455,148,3591,95,7406,1057,520
198642839036,223,3012,168,15368,1058,520
198642850037,24,2909,59,2351,1058,521
198642861067,134,3774,106,8163,1059,521
198642872121,141,3745,150,14133,1060,521
198642883378,35,3212,64,2234,1060,522
198642894428,181,3918,111,9099,1061,522
198642905517,201,3352,186,14918,1062,522
198642916553,28,2988,63,2316,1062,523
198642927587,244,3000,65,2630,1063,523
198642938642,138,2958,96,7133,1064,523
198642949706,20,2670,54,1838,1064,524
198642961279,317,2962,164,15379,1065,524
198642972324,440,2953,123,7776,1066,524
198642983306,19,3186,50,1887,1066,525
198642994337,181,3688,44,2185,1067,525
198643005354,123,3431,177,14428,1068,525
198643016376,20,4484,48,1652,1068,526
198643027897,260,3164,48,1866,1069,526
198643038945,577,3347,37,695,1070,526
198643050006,29,3216,45,691,1070,527
198643061068,357,3676,335,33584,1071,527
198643072099,115,3576,107,9114,1072,527
198643083330,21,3139,51,2341,1072,528
198643094384,494,3125,155,14681,1073,528
198643105417,425,3489,139,7505,1074,528
198643116478,25,3038,51,2061,1074,529
198643127534,332,3092,167,2359,1075,529
198643138557,383,4829,56,1761,1076,529
198643150109,24,2859,40,691,1076,530
198643160802,478,3825,482,42514,1077,530
198643172338,202,2949,78,5418,1078,530
198643183394,22,2889,84,2717,1078,531
198643194425,184,3633,94,7889,1079,531
198643205529,270,3575,179,15613,1080,531
198643216548,22,3494,52,2291,1080,532
198643227619,250,3772,112,8016,1081,532
198643238953,540,3099,88,2363,1082,532
198643249972,24,3331,56,2077,1082,533
198643261187,577,3334,160,14815,1083,533
198643272152,233,3290,111,8045,1084,533
198643283205,24,3128,57,2313,1084,534
198643294326,236,4006,209,15058,1085,534
198643305291,149,2919,56,1698,1086,534
198643316844,24,2613,43,798,1086,535
198643328142,198,3473,52,2041,1087,535
198643338897,193,3351,363,30931,1088,535
198643349859,23,2954,87,3571,1088,536
198643360918,183,3434,44,1329,1089,536
198643371945,117,3540,372,34669,1090,536
198643383534,27,3568,77,3711,1090,537
198643394523,201,3193,77,3507,1091,537
198643405524,137,3688,167,14961,1092,537
198643416643,21,3188,49,2170,1092,538
198643427722,153,3228,50,2277,1093,538
198643438718,338,3279,94,7113,1094,538
198643449748,23,3385,51,1754,1094,539
198643460843,284,3426,158,14950,1095,539
198643472309,181,4048,103,7404,1096,539
198643483432,23,3974,48,1908,1096,540
198643494436,212,4387,51,2260,1097,540
198643505417,256,3317,153,14446,1098,540
198643516491,22,3511,120,2090,1098,541
198643527493,301,3392,98,7997,1099,541
198643538523,364,3470,161,15022,1100,541
198643550059,25,3399,53,2282,1100,542
198643561102,179,4397,55,2530,1101,542
198643572145,282,3287,99,7394,1102,542
198643583170,20,4041,48,1849,1102,543
198643594324,131,3345,67,4118,1103,543
198643605311,120,2819,322,34892,1104,543
198643616528,21,3474,67,3666,1104,544
198643627435,274,3199,190,13406,1105,544
198643639022,325,3471,54,1533,1106,544
198643649792,26,3196,45,665,1106,545
198643660800,182,4751,54,661,1107,545
198643672322,1509,3157,326,33497,1108,545
198643682929,22,3162,66,3679,1108,546
198643694418,208,3440,99,7631,1109,546
198643705346,322,3504,193,14851,1110,546
198643716619,21,3080,46,2158,1110,547
198643727643,288,3160,98,7626,1111,547
198643738757,220,3209,102,2318,1112,547
198643749855,23,3233,47,1950,1112,548
198643760907,288,3164,154,14406,1113,548
198643771920,243,4446,103,7942,1114,548
198643783577,42,3395,45,1722,1114,549
198643794147,240,3003,234,23755,1115,549
198643805336,133,3285,93,3117,1116,549
198643816414,21,2890,123,2358,1116,550
198643827910,125,3114,93,7473,1117,550
198643839004,162,3226,165,15117,1118,550
198643850021,22,2961,58,2378,1118,551
198643861037,119,2633,104,8675,1119,551
198643872352,137,2659,194,14794,1120,551
198643883351,29,2663,61,2268,1120,552
198643894413,185,2632,124,8740,1121,552
198643905452,142,2641,165,15300,1122,552
198643916464,24,2583,56,2401,1122,553
198643953494,209,2696,82,2652,1123,553
198643967839,168,3018,101,2132,1123,554
198643979013,157,4122,147,7967,1124,554
198643990108,166,4103,91,4190,1125,554
198644001218,21,3066,35,827,1125,555
198644012318,144,2848,41,747,1126,555
198644023178,162,2919,532,35063,1127,555
198644034625,22,3112,71,3730,1127,556
198644045771,127,2645,169,15099,1128,556
198644056827,269,3315,56,2469,1129,556
198644067838,20,2993,46,1951,1129,557
198644079020,107,2910,91,7320,1130,557
198644090080,243,2919,163,15172,1131,557
198644101082,21,2979,48,2218,1131,558
198644112083,136,3466,107,7973,1132,558
198644123620,178,2864,44,2043,1133,558
198644134427,25,2965,59,1779,1133,559
198644145446,303,3147,75,3039,1134,559
198644156486,156,3554,157,14896,1135,559
198644168031,23,2833,46,2132,1135,560
198644179036,119,3190,53,2418,1136,560
198644190076,129,3587,91,7072,1137,560
198644201179,31,2792,57,1879,1137,561
198644212247,338,2814,180,15326,1138,561
198644223124,529,2921,104,7701,1139,561
198644234694,24,2855,52,1909,1139,562
198644245775,134,2787,56,2235,1140,562
198644256785,290,2843,162,14431,1141,562
198644267817,20,2644,47,1991,1141,563
198644278850,262,2947,99,7575,1142,563
198644289887,120,2992,181,14874,1143,563
198644300920,20,2622,46,2263,1143,564
198644312431,128,2827,120,1799,1144,564
198644323120,154,2904,36,973,1145,564
198644334710,28,3149,45,610,1145,565
198644345694,128,3764,30,611,1146,565
198644356728,123,3341,405,34866,1147,565
198644367917,21,2801,66,3855,1147,566
198644378927,190,2913,54,2383,1148,566
198644390018,140,2772,59,2998,1149,566
198644400951,24,2991,51,1769,1149,567
198644412520,159,3697,155,14571,1150,567
198644423511,194,3191,44,2262,1151,567
198644434623,21,2978,48,1833,1151,568
198644445566,211,3254,92,7145,1152,568
198644456684,120,4026,163,15072,1153,568
198644467666,20,3070,45,2194,1153,569
198644479164,143,3405,97,8012,1154,569
198644490266,327,4956,45,2067,1155,569
198644501335,21,2889,52,1791,1155,570
198644512388,2806,4045,187,14452,1156,570
198644523771,156,4325,96,7729,1157,570
198644534522,24,3030,57,1751,1157,571
198644545572,263,3443,164,14791,1158,571
198644556644,1524,3679,69,2461,1159,571
198644567751,24,3235,54,2018,1159,572
198644578755,193,3360,98,7404,1160,572
198644589829,158,3446,89,2076,1161,572
198644601379,34,3122,66,1784,1161,573
198644612456,2084,3635,56,2049,1162,573
198644623681,245,3424,62,2946,1163,573
198644634617,23,3028,49,689,1163,574
198644645673,149,3232,40,668,1164,574
198644656686,229,3712,347,34907,1165,574
198644667912,23,3154,66,3695,1165,575
198644678934,120,3432,135,12589,1166,575
198644689956,115,4270,121,7355,1167,575
198644701201,21,2850,50,1954,1167,576
198644712226,152,4145,154,14922,1168,576
198644723280,226,3232,116,7428,1169,576
198644734306,26,2904,47,1879,1169,577
198644745382,125,2679,43,2184,1170,577
198644756921,292,2999,157,14296,1171,577
198644767908,21,2736,48,2163,1171,578
198644778952,108,3172,109,8182,1172,578
198644790286,171,2852,165,15023,1173,578
198644801332,23,2951,53,2237,1173,579
198644812384,331,3108,91,2512,1174,579
198644823414,137,3911,107,7222,1175,579
198644834592,31,3052,52,1900,1175,580
198644845688,177,3336,190,15223,1176,580
198644856711,140,3053,101,6889,1177,580
198644867707,21,4799,55,1833,1177,581
198644878747,717,3819,158,14428,1178,581
198644890471,184,3551,97,7121,1179,581
198644901133,32,3135,41,873,1179,582
198644912127,115,2981,363,34845,1180,582
198644923510,114,4553,46,1522,1181,582
198644934529,20,2756,36,703,1181,583
198644945603,115,3023,30,688,1182,583
198644956601,122,2845,44,688,1183,583
198644967583,21,2858,35,688,1183,584
198644979163,324,3355,378,35155,1184,584
198644990193,183,3632,66,4120,1185,584
198645001688,21,3420,49,2138,1185,585
198645012257,114,2851,151,14440,1186,585
198645023281,233,2902,100,7565,1187,585
198645034285,20,3446,46,1798,1187,586
198645045632,164,3797,156,14794,1188,586
198645056921,191,3977,54,2040,1189,586
198645069806,451,3263,285,26497,1190,586
198645078829,29,3035,53,1789,1190,587
198645103232,339,2888,70,1987,1191,587
198645118520,218,4557,65,1473,1191,588
198645129049,269,3173,178,14248,1192,588
198645141321,194,3316,127,9771,1193,588
198645151296,31,3381,60,1599,1193,589
198645162426,289,3295,169,15878,1194,589
198645174005,136,2973,75,4678,1195,589
198645188202,240,3767,165,2507,1196,589
198645195990,130,2834,53,800,1196,590
198645206713,314,3246,483,33981,1197,590
198645217790,32,2956,73,3719,1197,591
198645229343,428,4175,104,8111,1198,591
198645240210,325,3864,53,2345,1199,591
198645251256,23,3005,49,1973,1199,592
198645262350,311,3793,152,13916,1200,592
198645273511,359,3459,208,19160,1201,592
198645284542,27,3020,56,2196,1201,593
198645295616,384,3211,165,14967,1202,593
198645307026,376,3174,131,2599,1203,593
198645317727,31,3059,77,2137,1203,594
198645328826,196,3134,145,12706,1204,594
198645340392,325,4007,186,17240,1205,594
198645351117,26,2927,69,2300,1205,595
198645362475,234,3138,136,10362,1206,595
198645373949,169,4001,181,16170,1207,595
198645384655,25,2736,69,2526,1207,596
198645395672,166,2655,122,9127,1208,596
198645406712,193,2714,309,24404,1209,596
198645417703,33,2616,64,3073,1209,597
198645428935,159,2614,117,2988,1210,597
198645472688,301,7262,57,2388,1211,597
198645492085,183,3378,158,7616,1212,597
198645502753,162,3887,258,15025,1213,597
198645513800,26,3395,71,2697,1213,598
198645524959,258,3990,156,8587,1214,598
198645536042,252,3008,280,15574,1215,598
198645547229,28,2731,81,2730,1215,599
198645558432,148,2978,69,2926,1216,599
198645569523,226,5463,112,7853,1217,599
198645580545,28,3859,47,2162,1217,600
198645591572,282,3682,164,15673,1218,600
198645602742,214,3419,96,7771,1219,600
198645613740,20,3709,53,2297,1219,601
198645624799,197,3845,159,15114,1220,601
198645636408,217,4730,114,8619,1221,601
198645647001,20,3032,54,2414,1221,602
198645658501,306,3342,166,15594,1222,602
198645669581,194,3524,58,2990,1223,602
198645680589,24,3817,52,2426,1223,603
198645691763,318,3198,95,6863,1224,603
198645703253,372,3211,77,5162,1225,603
198645713757,22,2951,34,1048,1225,604
198645724864,271,3017,34,986,1226,604
198645736308,458,3122,435,34955,1227,604
198645747473,26,2969,61,3952,1227,605
198645758519,128,2877,163,15095,1228,605
198645769551,172,2863,104,8178,1229,605
198645780681,29,2758,42,2048,1229,606
198645791709,117,3071,165,15184,1230,606
198645802753,122,2974,56,2649,1231,606
198645813768,21,3220,45,2168,1231,607
198645824827,124,3935,94,7682,1232,607
198645836309,159,4097,165,15476,1233,607
198645847353,19,3079,51,2481,1233,608
198645858388,165,3529,103,8134,1234,608
198645869387,360,3149,154,14389,1235,608
198645880815,38,3374,57,2214,1235,609
198645891801,141,3581,106,8732,1236,609
198645902847,196,3497,332,15352,1237,609
198645914022,24,3163,56,2401,1237,610
198645925114,132,4326,54,2664,1238,610
198645936073,113,3157,97,7425,1239,610
198645947159,26,3060,46,2145,1239,611
198645958199,379,4326,170,15373,1240,611
198645969206,140,3180,102,7922,1241,611
198645980320,21,3622,41,2108,1241,612
198645991487,242,3327,51,2384,1242,612
198646003012,296,3301,157,14830,1243,612
198646013901,20,3132,48,2510,1243,613
198646024953,117,3242,95,7529,1244,613
198646035969,245,3510,72,4054,1245,613
198646046983,22,2929,51,951,1245,614
198646058521,328,3882,370,33747,1246,614
198646069860,551,4106,114,9369,1247,614
198646080408,21,3553,58,2446,1247,615
198646091440,247,3638,182,14864,1248,615
198646102997,208,2941,101,7769,1249,615
198646114014,21,3191,47,2293,1249,616
198646125056,324,3444,56,2671,1250,616
198646136114,221,3271,65,2607,1251,616
198646147217,24,2851,47,1815,1251,617
198646158185,230,3671,234,23875,1252,617
198646169555,366,4066,67,3251,1253,617
198646180552,22,2952,51,2458,1253,618
198646191637,466,4295,107,7863,1254,618
198646202629,269,3874,172,15084,1255,618
198646214101,25,3043,47,1492,1255,619
198646225187,132,4387,273,27000,1256,619
198646236214,295,3262,56,2188,1257,619
198646247300,22,3179,195,1773,1257,620
198646258262,275,3657,86,5287,1258,620
198646269670,309,3331,40,1003,1259,620
198646280516,22,3782,37,971,1259,621
198646291501,128,4193,326,33072,1260,621
198646303072,114,2846,72,3910,1261,621
198646314050,30,2538,56,2264,1261,622
198646325113,191,2668,115,7402,1262,622
198646353718,237,2674,96,5409,1263,622
198646371592,386,2712,269,25713,1264,622
198646380488,34,3489,95,3480,1264,623
198646390375,197,3936,244,12488,1265,623
198646401524,34,3699,77,2178,1265,624
198646412654,179,4319,238,14895,1266,624
198646423787,139,2729,101,2522,1267,624
198646434954,30,3246,94,1966,1267,625
198646446097,1300,3364,117,7430,1268,625
198646457147,224,4234,167,15045,1269,625
198646468143,24,5104,53,2227,1269,626
198646479243,131,3222,102,7978,1270,626
198646490445,327,3887,52,2369,1271,626
198646501646,22,4200,51,2051,1271,627
198646512706,311,4209,153,14644,1272,627
198646523821,188,3134,104,8243,1273,627
198646535000,21,3628,45,1965,1273,628
198646545926,354,3488,200,15167,1274,628
198646556920,227,3398,54,2692,1275,628
198646568507,23,4103,48,2166,1275,629
198646578903,118,4089,52,2261,1276,629
198646590449,454,3635,45,1490,1277,629
198646601462,21,4917,39,846,1277,630
198646612555,126,3404,330,35186,1278,630
198646623636,152,3165,81,4469,1279,630
198646634730,30,3185,52,951,1279,631
198646645781,452,3684,40,925,1280,631
198646656763,224,3095,352,35133,1281,631
198646667825,21,3019,71,3896,1281,632
198646679426,336,3402,155,12918,1282,632
198646690554,327,3532,93,7332,1283,632
198646701615,82,3767,49,2204,1283,633
198646712594,124,3259,153,14917,1284,633
198646723615,127,3075,100,7657,1285,633
198646734647,21,2748,46,2219,1285,634
198646745681,323,3197,78,2562,1286,634
198646756691,155,3532,152,14663,1287,634
198646768230,66,3425,55,2453,1287,635
198646779246,112,2996,100,8357,1288,635
198646790305,203,3028,158,15267,1289,635
198646801329,24,2675,52,2210,1289,636
198646812380,186,2634,63,2532,1290,636
198646823404,153,2593,130,7279,1291,636
198646866100,172,2718,89,5397,1292,636
198646880164,182,2841,577,35346,1293,636
198646891780,294,3904,64,1804,1294,636
198646902881,124,3920,500,33076,1295,636
198646913943,22,3654,87,3718,1295,637
198646924645,133,3774,71,2418,1296,637
198646935744,226,2813,148,7392,1297,637
198646947322,24,3149,50,2029,1297,638
198646958420,755,3085,159,14686,1298,638
198646969554,182,3380,103,7745,1299,638
198646980553,20,3042,52,2192,1299,639
198646991625,237,3411,46,1847,1300,639
198647002652,126,3097,56,2877,1301,639
198647013684,31,3048,32,903,1301,640
198647024756,273,3493,41,891,1302,640
198647035911,246,3327,326,33050,1303,640
198647047001,26,3040,72,3757,1303,641
198647057988,352,2918,55,2403,1304,641
198647069523,353,2997,101,7403,1305,641
198647080574,20,2680,43,2138,1305,642
198647091653,129,3023,154,14558,1306,642
198647102754,116,3198,98,7398,1307,642
198647113807,20,3525,45,2108,1307,643
198647124862,118,4117,58,2485,1308,643
198647135895,253,4638,71,2782,1309,643
198647146900,24,2869,36,940,1309,644
198647157941,123,3502,346,39005,1310,644
198647169244,258,3884,71,4232,1311,644
198647180411,22,3108,49,2474,1311,645
198647191722,173,2708,101,7704,1312,645
198647202770,124,3144,164,15236,1313,645
198647213796,21,3298,45,2275,1313,646
198647224797,144,3508,100,7970,1314,646
198647235765,150,3348,48,2234,1315,646
198647247295,21,3014,68,1928,1315,647
198647258428,286,3077,217,14487,1316,647
198647269532,349,3007,260,8217,1317,647
198647280530,22,2791,43,2088,1317,648
198647291548,132,2888,158,14542,1318,648
198647302585,113,2637,48,1606,1319,648
198647313665,24,3331,34,992,1319,649
198647324858,123,3550,42,993,1320,649
198647336198,235,4330,354,32505,1321,649
198647347098,20,4090,61,3801,1321,650
198647358231,138,3068,100,8492,1322,650
198647369261,116,2755,55,2322,1323,650
198647380289,21,3867,48,1945,1323,651
198647391359,253,3381,65,3376,1324,651
198647402631,207,3177,155,14665,1325,651
198647413747,22,3891,52,2259,1325,652
198647424834,185,3591,58,2505,1326,652
198647435874,207,3561,93,7370,1327,652
198647446879,22,2951,47,2072,1327,653
198647458467,215,2980,166,15347,1328,653
198647469453,309,3428,240,7945,1329,653
198647480438,36,3045,45,2043,1329,654
198647491501,146,3049,54,2357,1330,654
198647502522,106,2857,153,14920,1331,654
198647513542,22,3009,47,2230,1331,655
198647525115,136,3294,105,8087,1332,655
198647536146,160,3214,165,14832,1333,655
198647547111,20,2772,104,1983,1333,656
198647558142,115,2987,50,2302,1334,656
198647569177,153,3139,95,7038,1335,656
198647580187,21,3266,41,1520,1335,657
198647591777,413,3429,220,21830,1336,657
198647602878,432,3081,52,2092,1337,657
198647613613,21,2620,46,1741,1337,658
198647624653,171,3344,83,5437,1338,658
198647636245,346,3947,38,931,1339,658
198647647427,22,3417,33,915,1339,659
198647657923,323,3421,377,35271,1340,659
198647669766,213,3539,157,14392,1341,659
198647680288,21,3840,50,2594,1341,660
198647691289,214,3149,100,7585,1342,660
198647702845,200,3192,166,15266,1343,660
198647713871,21,2713,50,2311,1343,661
198647724917,143,3094,97,7932,1344,661
198647735922,202,2706,57,2507,1345,661
198647746981,36,2556,54,2148,1345,662
198647758173,168,2603,205,14730,1346,662
198647769283,159,2642,331,8148,1347,662
198647780221,29,2575,51,2048,1347,663
198647791251,141,2627,164,15129,1348,663
198647803252,232,7109,90,2730,1349,663
198647846545,180,2800,51,1595,1350,663
198647861390,219,2711,54,901,1351,663
198647872133,153,4244,344,35487,1352,663
198647883211,22,3663,66,3930,1352,664
198647894302,213,3885,158,8250,1353,664
198647905418,120,4386,266,15112,1354,664
198647916450,31,3123,97,2402,1354,665
198647927635,287,3186,66,2547,1355,665
198647938699,135,3266,103,7643,1356,665
198647949863,24,3808,60,1968,1356,666
198647960912,170,3726,165,14564,1357,666
198647972090,372,3033,129,7958,1358,666
198647983119,21,2984,58,2047,1358,667
198647994129,126,3400,52,2381,1359,667
198648005210,401,3704,62,3236,1360,667
198648016750,22,2943,39,967,1360,668
198648027690,204,3795,36,916,1361,668
198648038881,292,4646,46,1014,1362,668
198648050022,29,3306,47,916,1362,669
198648060781,206,3765,357,33750,1363,669
198648071822,321,3153,146,9401,1364,669
198648083391,24,3352,54,2426,1364,670
198648094485,364,3531,179,14932,1365,670
198648105478,307,3980,104,7762,1366,670
198648116511,28,3934,64,2315,1366,671
198648127609,237,4000,70,2674,1367,671
198648138962,440,4441,69,2741,1368,671
198648149707,27,4157,58,2067,1368,672
198648160769,285,3077,172,15268,1369,672
198648172353,150,3991,64,2566,1370,672
198648183318,22,3728,56,2113,1370,673
198648194376,257,3676,102,7334,1371,673
198648205515,266,3332,172,15365,1372,673
198648216282,24,3440,125,2285,1372,674
198648227834,209,3065,102,7996,1373,674
198648238913,401,3382,50,2300,1374,674
198648249948,22,3573,60,1967,1374,675
198648261035,170,3062,163,14746,1375,675
198648272034,471,2775,130,8305,1376,675
198648283041,22,3078,47,2195,1376,676
198648294087,137,2945,157,15248,1377,676
198648305614,369,2886,63,2775,1378,676
198648316666,24,2652,55,2320,1378,677
198648327763,258,3061,59,2309,1379,677
198648338799,296,3236,48,1471,1380,677
198648349847,23,3611,39,869,1380,678
198648360842,334,3254,33,867,1381,678
198648371879,173,3433,335,34895,1382,678
198648383069,27,3017,66,3869,1382,679
198648394886,256,2930,155,14885,1383,679
198648405434,572,3029,110,8438,1384,679
198648416730,27,3417,54,2163,1384,680
198648427507,218,3324,138,12272,1385,680
198648438655,170,3302,97,7661,1386,680
198648449627,19,2716,49,2147,1386,681
198648461169,116,2967,188,15322,1387,681
198648471926,204,2890,138,7727,1388,681
198648483139,28,2781,56,2012,1388,682
198648494179,142,3194,55,2294,1389,682
198648505204,226,3213,172,14740,1390,682
198648516311,41,2783,55,2482,1390,683
198648527780,135,4086,180,8373,1391,683
198648538831,127,3495,303,15409,1392,683
198648549895,24,3400,61,2433,1392,684
198648560942,270,3239,51,2765,1393,684
198648571818,123,3079,98,7469,1394,684
198648583400,26,2778,46,2117,1394,685
198648594445,111,2776,50,2546,1395,685
198648605555,329,3397,44,2203,1396,685
198648616601,35,2758,48,1998,1396,686
198648627614,176,3169,153,14493,1397,686
198648638709,367,3099,57,2404,1398,686
198648649751,23,3061,48,2281,1398,687
198648661107,266,3206,69,3312,1399,687
198648672141,293,3032,55,2504,1400,687
198648683205,28,3302,52,2196,1400,688
198648694209,161,2985,101,7490,1401,688
198648705224,164,3088,171,15492,1402,688
198648716234,25,3413,61,2387,1402,689
198648727829,292,3807,105,8103,1403,689
198648739000,151,3870,59,2415,1404,689
198648750175,32,3302,71,2151,1404,690
198648760772,180,4506,163,14762,1405,690
198648772360,221,3064,116,8388,1406,690
198648782971,24,2928,77,2164,1406,691
198648794350,147,2803,199,15392,1407,691
198648805383,499,2713,56,2893,1408,691
198648816428,22,3560,54,2290,1408,692
198648827456,178,3220,97,7641,1409,692
198648838489,149,3326,50,2455,1410,692
198648849974,19,3030,48,2110,1410,693
198648860999,312,3604,50,2402,1411,693
198648872116,306,3370,160,14680,1412,693
198648883161,21,3456,104,2453,1412,694
198648894204,278,3290,54,1721,1413,694
198648905264,330,3518,39,893,1414,694
198648916241,20,3049,40,892,1414,695
198648927793,279,3761,44,893,1415,695
198648938919,270,3519,343,34954,1416,695
198648949863,21,3091,73,4106,1416,696
198648960863,460,3235,163,15721,1417,696
198648971921,265,3363,104,7790,1418,696
198648982987,21,2849,50,2149,1418,697
198648993984,264,3042,52,2528,1419,697
198649005607,250,3139,153,14670,1420,697
198649016591,19,2658,50,2187,1420,698
198649027614,222,3115,99,8054,1421,698
198649038640,144,3106,162,15164,1422,698
198649049681,21,3770,53,2483,1422,699
198649060721,370,3876,54,2754,1423,699
198649072083,167,3620,103,7708,1424,699
198649083579,21,3063,53,2054,1424,700
198649094118,127,3002,163,15464,1425,700
198649106013,688,5002,167,7839,1426,700
198649116455,23,2863,49,2134,1426,701
198649127480,121,3023,146,13572,1427,701
198649138570,205,3149,113,7820,1428,701
198649149650,49,2801,50,1980,1428,702
198649160707,123,2949,163,15459,1429,702
198649172212,127,2889,57,2482,1430,702
198649183247,19,3221,50,2084,1430,703
198649194277,117,3611,91,7256,1431,703
198649205310,208,2800,162,15414,1432,703
198649216374,26,2967,56,2311,1432,704
198649227375,160,3263,98,8062,1433,704
198649238938,146,3097,46,1807,1434,704
198649249996,19,3625,48,1366,1434,705
198649261035,144,3356,73,5592,1435,705
198649272082,124,3079,41,981,1436,705
198649283088,21,2789,36,942,1436,706
198649294122,311,3254,329,32977,1437,706
198649305161,189,3238,61,3881,1438,706
198649316689,28,3011,52,2283,1438,707
198649327768,127,2727,95,7434,1439,707
198649338853,257,3409,162,14614,1440,707
198649349907,21,2880,52,2347,1440,708
198649360950,283,3286,97,7781,1441,708
198649371950,120,3082,52,2530,1442,708
198649383042,22,3002,50,2139,1442,709
198649394264,154,3296,81,2782,1443,709
198649405271,130,3677,205,15574,1444,709
198649416311,20,2944,51,2298,1444,710
198649427840,653,3865,53,2589,1445,710
198649438953,114,3226,99,7247,1446,710
198649449974,19,2877,46,1966,1446,711
198649460988,150,3216,161,15257,1447,711
198649472059,197,3112,97,7679,1448,711
198649483127,19,2896,55,2109,1448,712
198649494133,168,3076,53,2400,1449,712
198649505141,265,3179,230,14535,1450,712
198649516641,44,3049,55,2322,1450,713
198649527675,156,3073,97,7849,1451,713
198649538703,190,3043,166,15101,1452,713
198649549879,23,2816,54,2443,1452,714
198649560964,334,3688,57,2692,1453,714
198649572157,201,3271,42,1648,1454,714
198649583176,25,2587,38,931,1454,715
198649594241,140,2626,38,923,1455,715
198649605337,166,2688,342,35300,1456,715
198649616673,33,2589,73,4071,1456,716
198649627719,165,28012,78,2566,1457,716
198649667324,363,3361,69,3472,1458,716
198649678501,179,2824,540,33598,1459,716
198649689561,181,3991,182,9467,1460,716
198649700647,24,4166,73,2395,1460,717
198649711844,124,4136,239,14943,1461,717
198649722975,150,4136,137,7608,1462,717
198649734079,29,2898,58,2039,1462,718
198649745124,156,3224,79,4850,1463,718
198649756143,2387,2684,42,993,1464,718
198649767140,20,3222,58,961,1464,719
198649778566,477,3219,33,960,1465,719
198649789563,311,3160,321,33075,1466,719
198649800565,21,2704,64,3794,1466,720
198649811600,192,3098,52,2466,1467,720
198649823097,408,2876,95,7596,1468,720
198649834106,24,2890,49,2176,1468,721
198649845157,119,3394,154,14802,1469,721
198649856225,115,3752,122,7812,1470,721
198649867219,20,2897,48,2178,1470,722
198649878264,216,2943,53,2468,1471,722
198649889353,190,3418,62,2670,1472,722
198649900904,30,2876,55,1957,1472,723
198649911901,164,3511,193,15796,1473,723
198649922745,255,3196,138,2530,1474,723
198649933794,23,3322,51,2123,1474,724
198649945345,340,3936,95,7325,1475,724
198649956147,609,4267,251,15449,1476,724
198649967431,22,2928,75,2365,1476,725
198649978353,150,3043,101,8045,1477,725
198649989379,127,2721,53,2436,1478,725
198650000427,22,2891,57,2096,1478,726
198650011939,116,2765,152,14695,1479,726
198650023024,132,3252,104,8104,1480,726
198650034044,22,3036,51,2071,1480,727
198650045335,119,3284,160,15216,1481,727
198650056371,116,3535,115,1826,1482,727
198650067325,20,3012,38,957,1482,728
198650078383,138,4176,35,957,1483,728
198650089417,131,3716,305,32716,1484,728
198650100431,19,3010,63,3792,1484,729
198650111943,373,3652,104,8464,1485,729
198650122950,123,3961,47,2225,1486,729
198650134105,24,2916,78,1933,1486,730
198650145259,216,3483,203,14200,1487,730
198650156215,159,3921,73,3140,1488,730
198650167412,31,3647,61,2098,1488,731
198650178426,204,3387,69,2469,1489,731
198650189655,172,2824,110,7357,1490,731
198650200478,30,3198,62,2045,1490,732
198650211554,221,2783,175,15216,1491,732
198650223156,269,2862,141,7945,1492,732
198650234134,44,3501,70,2061,1492,733
198650244989,193,4121,72,2361,1493,733
198650256088,400,3420,173,14748,1494,733
198650267226,31,2879,58,2210,1494,734
198650278286,188,3389,117,8132,1495,734
198650289276,188,3877,169,15333,1496,734
198650300944,24,3214,64,2501,1496,735
198650311961,153,3683,62,2764,1497,735
198650323100,365,3704,53,2247,1498,735
198650334116,24,3031,69,2087,1498,736
198650345275,261,3217,75,5235,1499,736
198650356303,193,3330,95,3256,1500,736
198650367344,21,3063,125,937,1500,737
198650378359,450,4209,35,921,1501,737
198650389368,201,3914,353,35551,1502,737
198650400619,23,2804,66,3978,1502,738
198650411980,335,3351,120,9371,1503,738
198650422969,243,3942,145,12912,1504,738
198650433932,21,2905,51,2092,1504,739
198650445076,167,3810,94,7347,1505,739
198650456266,146,3463,159,13961,1506,739
198650467274,22,2946,46,2157,1506,740
198650478274,285,2975,96,7805,1507,740
198650489378,283,3435,58,2357,1508,740
198650500680,25,2755,55,2016,1508,741
198650511734,346,4389,159,14389,1509,741
198650522726,290,3853,109,8161,1510,741
198650533768,25,3061,55,2076,1510,742
198650545354,373,3248,166,15033,1511,742
198650556359,191,3345,66,2603,1512,742
198650567391,24,2967,55,2191,1512,743
198650578462,210,3072,99,7314,1513,743
198650589460,190,3128,55,2372,1514,743
198650600490,24,2978,56,2064,1514,744
198650611519,274,2930,50,2343,1515,744
198650622865,117,2933,156,13812,1516,744
198650633935,29,2914,52,1400,1516,745
198650645357,168,3851,49,1482,1517,745
198650656482,110,3227,41,896,1518,745
198650667481,23,2921,96,898,1518,746
198650678559,131,3138,355,32654,1519,746
198650689648,642,3101,129,9974,1520,746
198650700739,25,2933,61,2347,1520,747
198650711794,312,3369,191,15319,1521,747
198650722856,1046,2947,107,7795,1522,747
198650734005,25,2863,48,2044,1522,748
198650745048,209,3017,52,2394,1523,748
198650756082,209,2979,161,14624,1524,748
198650767170,29,3654,67,2278,1524,749
198650778647,290,3190,118,8091,1525,749
198650789738,425,3568,170,15248,1526,749
198650800723,23,3080,58,2377,1526,750
198650811720,316,3186,52,2708,1527,750
198650822767,287,3894,111,7775,1528,750
198650833961,26,2949,61,2117,1528,751
198650845050,210,3630,172,15564,1529,751
198650856092,402,3566,106,7258,1530,751
198650867139,27,3316,57,2055,1530,752
198650878162,443,3859,199,14644,1531,752
198650889791,277,3257,121,8415,1532,752
198650900794,27,2979,61,2164,1532,753
198650911842,303,3947,182,16086,1533,753
198650922862,206,2620,66,2670,1534,753
198650933941,31,2750,55,2143,1534,754
198650945044,162,2623,104,7354,1535,754
198650956015,136,2665,166,14917,1536,754
198650967106,30,2620,50,1441,1536,755
198650978510,181,2628,60,1262,1537,755
198650989774,195,2617,43,921,1538,755
198651000775,22,2576,36,922,1538,756
198651011827,138,2723,384,35310,1539,756
198651022866,138,2612,121,9688,1540,756
198651033898,22,2932,56,2542,1540,757
198651044911,121,2645,149,13832,1541,757
198651056136,129,2599,53,2697,1542,757
198651067287,41,2706,59,2148,1542,758
198651107448,239,2683,61,1465,1543,758
198651122344,257,2683,48,871,1544,758
198651133164,37,2736,53,864,1544,759
198651144247,197,3891,58,865,1545,759
198651155477,184,4223,552,35215,1546,759
198651166050,27,3589,101,3899,1546,760
198651177159,175,4331,298,12904,1547,760
198651188273,180,3675,108,7477,1548,760
198651199441,27,3060,55,2167,1548,761
198651210737,345,3353,166,15069,1549,761
198651222019,463,3442,101,7910,1550,761
198651233206,21,2777,48,2224,1550,762
198651244228,229,3739,65,2567,1551,762
198651255265,211,3888,160,14868,1552,762
198651266369,24,3731,59,2464,1552,763
198651277375,312,3472,104,8379,1553,763
198651288429,236,3356,168,15289,1554,763
198651299436,21,2668,57,2470,1554,764
198651310469,151,3001,57,2764,1555,764
198651321994,153,3474,97,7587,1556,764
198651333110,23,3001,59,2091,1556,765
198651344108,163,3228,167,15533,1557,765
198651355015,121,2791,115,7397,1558,765
198651366156,23,3451,53,2105,1558,766
198651377584,123,3221,160,14652,1559,766
198651388646,515,3213,304,18112,1560,766
198651400006,27,3194,63,2321,1560,767
198651410800,168,2903,173,14562,1561,767
198651421629,140,2820,48,1495,1562,767
198651432795,30,2626,42,939,1562,768
198651443965,148,3077,62,933,1563,768
198651455354,151,3199,339,32546,1564,768
198651466124,25,3346,70,3800,1564,769
198651477784,297,3632,112,8373,1565,769
198651488331,438,4350,61,2431,1566,769
198651499372,30,3976,47,2000,1566,770
198651510612,348,3681,158,14118,1567,770
198651521877,270,4600,106,7982,1568,770
198651533334,25,3210,51,1988,1568,771
198651543874,310,3630,187,14988,1569,771
198651554965,311,4384,65,2613,1570,771
198651566282,86,3443,77,2138,1570,772
198651577586,234,3335,106,7508,1571,772
198651588370,319,3381,181,15628,1572,772
198651599713,32,4351,67,2178,1572,773
198651610875,436,3358,121,8549,1573,773
198651621901,268,3407,169,14765,1574,773
198651633429,41,3923,77,2454,1574,774
198651644296,175,3150,115,7837,1575,774
198651655002,159,3827,248,24992,1576,774
198651666357,32,3251,64,2097,1576,775
198651677444,7462,3557,70,2104,1577,775
198651700061,270,3184,342,35033,1578,775
198651711185,159,4431,198,17738,1579,775
198651722141,250,3837,117,8035,1580,775
198651732979,29,2899,63,2186,1580,776
198651744534,252,3472,66,2437,1581,776
198651755432,184,3255,170,14628,1582,776
198651766553,29,2762,75,2417,1582,777
198651777617,189,2806,119,8217,1583,777
198651788793,294,3170,175,14361,1584,777
198651799743,31,3171,60,1249,1584,778
198651811138,174,2943,370,32063,1585,778
198651822139,252,3510,124,9211,1586,778
198651833180,27,3251,69,2528,1586,779
198651844352,392,3217,172,15570,1587,779
198651855534,438,3057,116,7401,1588,779
198651866613,31,2966,56,2235,1588,780
198651877972,415,3528,162,14816,1589,780
198651888952,199,3220,123,8798,1590,780
198651900031,31,3262,63,2273,1590,781
198651911250,267,3132,187,15367,1591,781
198651922362,3408,4822,72,2726,1592,781
198651933195,27,3060,57,2209,1592,782
198651944282,151,3941,93,6528,1593,782
198651955338,232,3941,83,5169,1594,782
198651966501,27,3569,42,1022,1594,783
198651977580,205,3762,34,988,1595,783
198651988682,231,3377,387,35315,1596,783
198651999732,21,2966,64,3950,1596,784
198652011333,169,4141,161,15065,1597,784
198652022325,239,4388,102,8214,1598,784
198652033271,21,3176,51,2272,1598,785
198652044285,229,3116,159,15227,1599,785
198652055402,307,4126,64,2574,1600,785
198652066400,22,3742,49,2131,1600,786
198652077812,320,3924,94,7662,1601,786
198652088789,239,3214,208,15436,1602,786
198652099889,21,3404,53,2515,1602,787
198652110832,117,3234,137,8195,1603,787
198652121843,174,3829,156,14399,1604,787
198652133433,26,3187,174,2419,1604,788
198652144138,223,3734,174,8710,1605,788
198652155689,223,3515,169,15253,1606,788
198652166546,27,3050,54,2277,1606,789
198652177648,294,3418,61,2542,1607,789
198652188573,259,3531,111,7233,1608,789
198652200179,23,3015,47,2073,1608,790
198652211143,161,3216,168,15388,1609,790
198652222224,199,4199,103,7933,1610,790
198652233358,20,3390,50,2086,1610,791
198652244364,127,3263,64,4580,1611,791
198652255400,253,2983,202,17030,1612,791
198652266407,19,4028,62,2515,1612,792
198652277470,174,3930,44,2134,1613,792
198652288924,276,3121,33,840,1614,792
198652299927,19,2840,38,829,1614,793
198652310967,324,3794,322,33523,1615,793
198652321969,253,3121,121,9216,1616,793
198652332998,21,2714,55,2495,1616,794
198652344407,142,3905,157,14748,1617,794
198652355520,233,3092,102,7610,1618,794
198652366590,24,3434,51,2093,1618,795
198652377584,206,3496,80,2440,1619,795
198652389540,393,5192,1579,3407,1620,795
198652399994,30,3249,51,1969,1620,796
198652410987,144,3271,164,14816,1621,796
198652422028,279,3173,53,2638,1622,796
198652433381,21,3183,53,2081,1622,797
198652444563,136,4006,96,7371,1623,797
198652455600,1879,3339,172,15390,1624,797
198652466628,22,3393,50,2261,1624,798
198652477729,246,3262,99,7984,1625,798
198652488576,126,3377,56,2300,1626,798
198652499672,28,3611,56,1992,1626,799
198652511156,132,4037,157,14670,1627,799
198652522554,335,4112,109,8159,1628,799
198652533190,22,3768,51,1987,1628,800
198652544511,124,2824,160,15075,1629,800
198652555547,576,3333,76,2048,1630,800
198652566569,26,3194,40,1127,1630,801
198652577601,164,3323,44,1169,1631,801
198652588598,293,3520,37,813,1632,801
198652599630,19,3066,38,813,1632,802
198652610946,114,4222,363,35229,1633,802
198652622167,154,3398,65,4146,1634,802
198652633168,26,3720,67,2331,1634,803
198652644246,321,3153,57,3299,1635,803
198652655299,211,3131,189,14987,1636,803
198652666350,23,3100,49,2205,1636,804
198652677874,301,3152,56,2413,1637,804
198652688915,330,4338,113,7290,1638,804
198652699936,23,3145,60,2034,1638,805
198652710974,362,3925,158,15185,1639,805
198652722012,204,3607,96,7721,1640,805
198652733002,26,3251,58,2062,1640,806
198652744150,209,4745,58,2403,1641,806
198652755823,291,3536,174,14620,1642,806
198652766352,27,3609,56,2308,1642,807
198652777397,409,3447,100,7869,1643,807
198652788989,281,3218,163,15155,1644,807
198652800005,20,3872,57,2539,1644,808
198652810993,177,4251,54,2687,1645,808
198652822033,211,3400,105,7319,1646,808
198652833042,21,3616,53,2076,1646,809
198652844086,128,3995,52,2540,1647,809
198652855612,126,3267,51,1804,1648,809
198652866660,20,3606,84,1389,1648,810
198652877427,560,4809,340,33266,1649,810
198652888787,392,3274,53,1858,1650,810
198652899821,22,3546,42,876,1650,811
198652910810,169,3698,35,869,1651,811
198652921872,202,3810,320,33181,1652,811
198652933399,26,3261,71,3731,1652,812
198652944502,266,3905,109,8497,1653,812
198652955548,140,4164,168,15186,1654,812
198652966603,27,3177,54,2195,1654,813
198652977636,370,3574,128,7804,1655,813
198652988635,222,3280,48,2240,1656,813
198652999741,23,3571,50,1912,1656,814
198653010970,320,3778,153,14545,1657,814
198653022008,345,3510,106,8040,1658,814
198653033191,22,3408,61,2130,1658,815
198653044501,226,3781,163,15366,1659,815
198653055647,279,3459,62,2662,1660,815
198653066608,21,3301,53,2265,1660,816
198653077651,290,3276,100,7726,1661,816
198653088664,264,3241,254,15533,1662,816
198653099881,21,3399,54,2420,1662,817
198653110929,152,3245,119,8766,1663,817
198653122266,248,3001,156,14721,1664,817
198653133316,20,3644,57,2275,1664,818
198653144421,265,2936,60,1720,1665,818
198653155625,362,3144,336,32742,1666,818
198653166716,23,2911,65,3735,1666,819
198653177887,168,3145,52,2382,1667,819
198653188878,263,3316,82,6346,1668,819
198653199916,22,2967,36,1118,1668,820
198653211063,165,2975,66,4399,1669,820
198653221994,231,3389,38,891,1670,820
198653233132,21,2869,156,884,1670,821
198653244436,763,3461,339,34988,1671,821
198653255487,211,3635,228,16461,1672,821
198653266530,21,3227,53,2712,1672,822
198653277517,128,3339,99,8074,1673,822
198653288552,219,3177,160,15229,1674,822
198653300087,25,3064,51,2176,1674,823
198653311104,124,3235,154,2531,1675,823
198653322161,269,3497,101,7613,1676,823
198653333172,21,3253,45,2084,1676,824
198653344217,238,3813,180,15378,1677,824
198653355285,178,3708,99,7686,1678,824
198653366437,23,3369,50,2292,1678,825
198653377492,423,3238,144,13678,1679,825
198653388550,211,3390,97,7998,1680,825
198653400225,28,3036,49,2035,1680,826
198653410763,244,3391,155,15469,1681,826
198653422082,191,3365,55,2721,1682,826
198653433095,20,3316,51,2127,1682,827
198653444173,537,3110,95,7430,1683,827
198653455206,158,3563,186,15552,1684,827
198653466702,21,2998,52,2326,1684,828
198653477748,180,3272,100,8141,1685,828
198653488807,356,3707,50,1440,1686,828
198653500106,25,3116,46,979,1686,829
198653510903,210,3811,77,5057,1687,829
198653522054,396,3466,376,35327,1688,829
198653533178,21,3182,66,3976,1688,830
198653544225,345,3733,165,15339,1689,830
198653555449,120,3724,59,2747,1690,830
198653566401,25,3405,55,2164,1690,831
198653577554,454,3561,97,7614,1691,831
198653588700,284,3476,164,15432,1692,831
198653599799,22,3385,54,2385,1692,832
198653610809,138,3604,110,8117,1693,832
198653621976,405,3584,171,2341,1694,832
198653633390,24,3633,61,2084,1694,833
198653644282,162,2874,100,5351,1695,833
198653655300,262,3180,339,33325,1696,833
198653666360,24,2708,72,3840,1696,834
198653677899,395,3164,53,2480,1697,834
198653688595,415,3399,111,7452,1698,834
198653699630,30,3459,57,2031,1698,835
198653711173,144,3412,166,14789,1699,835
198653722208,231,3329,108,7659,1700,835
198653733232,24,3317,51,2081,1700,836
198653745431,381,3131,59,2419,1701,836
198653755281,232,3873,157,14158,1702,836
198653766511,26,3152,52,1680,1702,837
198653777563,362,3892,54,2053,1703,837
198653788662,270,4165,43,870,1704,837
198653799837,34,3579,37,865,1704,838
198653810869,246,5615,346,33865,1705,838
198653821881,238,3364,122,9270,1706,838
198653833395,23,3166,57,2452,1706,839
198653844463,230,3914,170,15069,1707,839
198653855548,148,4497,101,7816,1708,839
198653866487,46,3214,54,2246,1708,840
198653877530,303,3427,76,2629,1709,840
198653888611,165,4355,172,14691,1710,840
198653899663,26,3629,53,2153,1710,841
198653910818,140,3260,56,3220,1711,841
198653922284,130,3182,83,2411,1712,841
198653933372,21,2927,74,2182,1712,842
198653944370,521,2791,100,7357,1713,842
198653955370,340,3233,169,14961,1714,842
198653966497,27,2946,56,1856,1714,843
198653977549,166,4335,281,27681,1715,843
198653988671,329,3279,55,2117,1716,843
198653999725,25,3339,62,1767,1716,844
198654010829,248,3271,157,14603,1717,844
198654022157,138,3661,109,7807,1718,844
198654032993,24,4023,55,2071,1718,845
198654044520,430,3401,186,15112,1719,845
198654055487,234,3951,54,1755,1720,845
198654066301,22,3105,42,1006,1720,846
198654077601,336,3308,36,1003,1721,846
198654088657,237,3545,377,32753,1722,846
198654099685,21,3314,1727,3810,1722,847
198654111188,241,4819,105,8414,1723,847
198654121772,198,4703,55,2448,1724,847
198654133260,24,3420,75,1989,1724,848
198654144365,354,3351,62,2621,1725,848
198654155214,154,3549,164,15333,1726,848
198654166755,22,3069,54,2229,1726,849
198654177798,287,3305,60,2459,1727,849
198654188868,215,3529,109,7133,1728,849
198654199787,29,3389,57,1987,1728,850
198654210823,363,3615,228,15196,1729,850
198654221861,374,4557,107,7811,1730,850
198654233429,32,3294,53,2022,1730,851
198654244383,163,3363,57,2343,1731,851
198654255434,293,3205,159,14729,1732,851
198654266327,22,3244,50,2189,1732,852
198654277855,152,2653,99,8002,1733,852
198654288965,139,2819,233,15267,1734,852
198654299972,23,3499,51,2501,1734,853
198654311005,107,3842,66,2747,1735,853
198654322121,105,4027,95,7561,1736,853
198654333171,19,3145,45,2104,1736,854
198654344306,296,3777,54,2477,1737,854
198654355380,113,2862,47,1952,1738,854
198654366431,21,2782,51,1749,1738,855
198654377501,335,3117,76,5315,1739,855
198654388579,470,2944,48,895,1740,855
198654399710,27,2903,40,889,1740,856
198654411168,266,3116,344,35382,1741,856
198654422221,206,3135,174,16781,1742,856
198654433232,20,2773,57,2719,1742,857
198654444287,198,3700,103,8335,1743,857
198654455402,397,3396,183,15387,1744,857
198654466744,25,3138,51,2228,1744,858
198654477752,428,3375,96,7782,1745,858
198654488784,228,3870,58,2399,1746,858
198654499890,30,3190,46,2133,1746,859
198654510917,401,3309,178,14641,1747,859
198654521944,171,4170,99,8036,1748,859
198654532988,21,3503,52,2091,1748,860
198654544527,356,3339,161,15107,1749,860
198654555451,277,3803,52,2837,1750,860
198654566449,21,2949,51,2308,1750,861
198654577866,161,3344,95,7857,1751,861
198654588873,254,4000,163,14646,1752,861
198654599916,23,3256,46,1472,1752,862
198654610938,143,3359,339,38253,1753,862
198654622181,265,4339,228,15440,1754,862
198654633549,30,3228,63,2001,1754,863
198654644185,6659,3285,68,2050,1755,863
198654655884,191,3023,38,867,1756,863
198654666408,23,3360,40,863,1756,864
198654677607,171,4244,338,32916,1757,864
198654689158,277,3559,126,9986,1758,864
198654699668,23,3861,76,2485,1758,865
198654711182,208,3373,194,15148,1759,865
198654722205,150,3716,93,7793,1760,865
198654733291,22,3370,48,2037,1760,866
198654744323,141,3031,48,2348,1761,866
198654755360,171,4077,156,14672,1762,866
198654766349,20,3389,50,2302,1762,867
198654777427,117,3121,101,8181,1763,867
198654788880,116,3276,170,15315,1764,867
198654799917,22,3069,52,2386,1764,868
198654810983,520,3326,61,2630,1765,868
198654821971,453,3282,95,7607,1766,868
198654833013,21,2767,49,2163,1766,869
198654844533,114,3129,183,15418,1767,869
198654855563,213,4238,110,7868,1768,869
198654866242,20,3288,46,2135,1768,870
198654877803,319,3581,166,13505,1769,870
198654888848,449,3306,119,8033,1770,870
198654899698,1741,4209,83,1935,1770,871
198654910736,298,3202,188,15626,1771,871
198654921986,130,2675,54,2690,1772,871
198654933045,33,2713,63,2153,1772,872
198654944053,161,2608,94,7340,1773,872
198655003683,168,7936,84,5390,1774,872
198655022970,147,7105,808,35427,1775,872
198655034573,21,3961,63,3943,1775,873
198655046593,182,4070,163,15402,1776,873
198655056539,306,3651,49,2772,1777,873
198655067702,22,2657,62,2118,1777,874
198655078902,469,3330,148,7505,1778,874
198655090094,210,3438,170,15323,1779,874
198655101167,22,4716,56,2411,1779,875
198655112197,130,3959,103,8663,1780,875
198655123339,2097,3934,157,14802,1781,875
198655134410,20,2915,79,2245,1781,876
198655145407,181,3859,108,7955,1782,876
198655156557,290,3397,153,14352,1783,876
198655167557,20,2905,47,1419,1783,877
198655178584,301,3395,46,1815,1784,877
198655189630,337,3426,38,989,1785,877
198655201119,20,4088,44,961,1785,878
198655212138,282,5157,311,32772,1786,878
198655223242,316,3158,115,9941,1787,878
198655234262,20,3071,58,2508,1787,879
198655245313,425,3692,66,2525,1788,879
198655256356,422,4056,156,14311,1789,879
198655267988,41,4621,62,2273,1789,880
198655278941,243,4112,116,8155,1790,880
198655289993,356,3834,168,15251,1791,880
198655301164,21,3566,89,2527,1791,881
198655312143,134,2916,57,2695,1792,881
198655323210,276,3856,102,7664,1793,881
198655334585,26,5382,114,2125,1793,882
198655345573,115,3817,158,15344,1794,882
198655356607,341,3874,95,7728,1795,882
198655367677,21,2902,59,2011,1795,883
198655378802,223,3408,142,13598,1796,883
198655389829,187,3187,109,7965,1797,883
198655400821,24,3043,51,2039,1797,884
198655411866,236,3214,166,15962,1798,884
198655423388,317,3122,53,2601,1799,884
198655434470,22,2750,50,1985,1799,885
198655445463,430,3208,171,16954,1800,885
198655456520,280,3751,163,15678,1801,885
198655467836,20,3303,53,2541,1801,886
198655478854,371,3013,98,8065,1802,886
198655489919,111,3081,75,4789,1803,886
198655500942,19,2786,39,1020,1803,887
198655511957,132,3790,32,975,1804,887
198655523327,116,3093,34,972,1805,887
198655534370,22,3738,51,972,1805,888
198655545439,137,3180,305,32997,1806,888
198655556444,127,2704,69,3928,1807,888
198655567485,23,2610,54,2296,1807,889
198655578546,132,2650,101,7463,1808,889
198655589958,221,2577,168,14734,1809,889
198655600948,28,2715,53,2319,1809,890
198655633095,224,2734,78,1593,1810,890
198655647210,219,4100,527,34798,1811,890
198655658857,248,3975,266,16957,1812,890
198655669466,110,3971,72,2814,1813,890
198655680555,22,3702,48,2217,1813,891
198655692123,183,2852,162,7413,1814,891
198655702800,123,3334,293,15163,1815,891
198655714066,28,2944,55,2324,1815,892
198655725120,198,2790,98,7926,1816,892
198655736228,374,3726,53,2224,1817,892
198655747681,20,2719,44,1966,1817,893
198655759162,158,2768,164,14668,1818,893
198655769728,187,2786,103,8191,1819,893
198655780781,19,3134,44,2158,1819,894
198655791788,168,3199,193,15238,1820,894
198655802792,120,3394,56,2798,1821,894
198655814496,33,3451,61,2251,1821,895
198655825365,139,3832,82,1999,1822,895
198655836459,273,3409,48,1335,1823,895
198655847676,25,3561,37,908,1823,896
198655858826,179,3578,142,12627,1824,896
198655869845,235,3423,391,45461,1825,896
198655880600,22,3062,63,4379,1825,897
198655892173,396,4247,230,15119,1826,897
198655902775,247,3155,112,8882,1827,897
198655914191,24,3219,52,2187,1827,898
198655925296,161,3410,140,12539,1828,898
198655936262,186,3361,107,7562,1829,898
198655947345,21,2807,46,2151,1829,899
198655958343,261,3947,169,15429,1830,899
198655969892,267,3280,105,8059,1831,899
198655980928,20,3620,45,2142,1831,900
198655991970,224,3874,57,2435,1832,900
198656002995,203,4420,157,14919,1833,900
198656014036,21,3337,54,2501,1833,901
198656025075,297,4209,105,8365,1834,901
198656036254,201,3598,183,15427,1835,901
198656047526,21,3214,54,2486,1835,902
198656058621,372,3598,58,2839,1836,902
198656069603,142,2988,101,7298,1837,902
198656080661,22,2970,45,2188,1837,903
198656091670,202,4444,56,2633,1838,903
198656103322,155,3309,82,5357,1839,903
198656114335,25,2924,40,1052,1839,904
198656125535,247,3410,253,25982,1840,904
198656136706,395,5533,117,8410,1841,904
198656147726,24,3498,146,1741,1841,905
198656158754,269,4002,91,6627,1842,905
198656169750,239,3243,333,34001,1843,905
198656180836,23,3029,66,4049,1843,906
198656191870,313,3764,115,8053,1844,906
198656203415,267,3314,166,15179,1845,906
198656214003,23,3492,59,2522,1845,907
198656225037,353,3082,105,8156,1846,907
198656236590,115,3975,58,2400,1847,907
198656247583,20,3398,63,2058,1847,908
198656258584,232,3944,169,14641,1848,908
198656269837,246,4551,113,8270,1849,908
198656280759,22,3174,132,2069,1849,909
198656291790,256,3348,162,15060,1850,909
198656302867,438,3139,48,1888,1851,909
198656314349,20,3236,63,1142,1851,910
198656325390,251,2895,40,1144,1852,910
198656336481,246,3407,48,1142,1853,910
198656347477,23,2656,39,1144,1853,911
198656358499,453,3705,344,35344,1854,911
198656369541,148,3861,68,4344,1855,911
198656380624,19,3802,64,2496,1855,912
198656392128,298,3331,68,3768,1856,912
198656403255,334,2925,58,2127,1857,912
198656414339,31,2570,64,2080,1857,913
198656425515,195,2667,159,12672,1858,913
198656436531,153,2633,110,7451,1859,913
198656447610,36,2555,50,2089,1859,914
198656458662,169,2653,179,15289,1860,914
198656469678,155,2644,108,7924,1861,914
198656480771,23,2505,49,2293,1861,915
198656491802,143,2619,55,2663,1862,915
198656502848,109,2618,153,14920,1863,915
198656514367,24,2610,49,2485,1863,916
198656525504,197,2614,146,8375,1864,916
198656569422,208,2919,81,4408,1865,916
198656587435,245,2650,50,1121,1866,916
198656595202,28,2568,37,1082,1866,917
198656606411,206,4000,352,35248,1867,917
198656617319,24,4019,91,4243,1867,918
198656628478,122,4230,246,14151,1868,918
198656639725,223,4207,250,8539,1869,918
198656650743,25,2928,58,2212,1869,919
198656661803,244,3577,191,14678,1870,919
198656672893,262,3235,71,2842,1871,919
198656684179,22,2744,48,2238,1871,920
198656695229,354,3581,96,7692,1872,920
198656706364,183,4348,168,15615,1873,920
198656717373,18,3218,54,2419,1873,921
198656728392,385,3434,97,7403,1874,921
198656739503,218,3429,148,4604,1875,921
198656750495,19,2907,59,1115,1875,922
198656761547,257,3984,35,1029,1876,922
198656772661,364,3697,337,35280,1877,922
198656784158,19,2959,69,4073,1877,923
198656795219,292,3323,169,15461,1878,923
198656806235,267,3094,55,2818,1879,923
198656817321,21,2751,50,2166,1879,924
198656828438,180,4572,103,7481,1880,924
198656839510,1265,3528,191,15434,1881,924
198656850512,25,3168,56,2366,1881,925
198656861543,315,3559,106,8134,1882,925
198656873065,150,3665,168,14181,1883,925
198656884252,28,2841,61,2381,1883,926
198656895310,192,3071,123,8955,1884,926
198656906261,257,3811,166,15262,1885,926
198656917351,24,3306,55,2665,1885,927
198656928356,160,4241,58,2926,1886,927
198656939848,122,3108,94,7562,1887,927
198656950872,21,2869,47,2193,1887,928
198656961922,374,3421,163,15571,1888,928
198656972947,350,3458,104,8196,1889,928
198656983957,20,2925,72,2056,1889,929
198656995046,379,4039,76,2314,1890,929
198657006037,203,3441,155,15018,1891,929
198657017126,20,2885,76,2461,1891,930
198657028633,142,3445,107,8307,1892,930
198657039670,189,3517,212,15368,1893,930
198657050695,21,4385,85,2575,1893,931
198657061719,122,4283,46,2104,1894,931
198657072720,158,3233,50,1361,1895,931
198657083754,24,3096,38,952,1895,932
198657095309,282,3510,35,951,1896,932
198657106333,230,3452,402,35294,1897,932
198657117470,20,3079,70,4163,1897,933
198657128529,122,3606,56,2656,1898,933
198657139609,225,3335,58,3197,1899,933
198657150701,22,2921,50,2060,1899,934
198657161838,198,3862,45,2027,1900,934
198657172870,134,3499,138,12481,1901,934
198657183880,24,3075,47,2248,1901,935
198657194912,226,3088,99,7543,1902,935
198657206019,178,3594,161,15371,1903,935
198657217530,22,2876,56,2328,1903,936
198657228565,203,3099,100,8051,1904,936
198657239602,167,4172,51,2490,1905,936
198657250688,21,2899,69,2125,1905,937
198657261689,177,2767,181,14693,1906,937
198657272833,412,3738,109,8446,1907,937
198657283713,20,2834,46,2083,1907,938
198657295266,371,3531,189,15232,1908,938
198657306400,212,3700,53,2843,1909,938
198657317508,21,2874,56,2372,1909,939
198657328522,299,3019,93,7684,1910,939
198657339715,292,3137,162,15648,1911,939
198657350703,20,2745,57,2559,1911,940
198657361762,116,2923,102,8832,1912,940
198657372747,121,3038,165,15043,1913,940
198657383798,46,3093,68,2673,1913,941
198657395285,205,3439,103,7773,1914,941
198657406318,220,3771,154,14487,1915,941
198657417458,21,3098,46,1530,1915,942
198657428500,230,4148,42,1902,1916,942
198657439525,113,3103,338,35149,1917,942
198657450521,20,3127,68,4218,1917,943
198657461622,305,3195,167,16186,1918,943
198657472646,221,3195,104,8036,1919,943
198657484192,20,2777,50,2223,1919,944
198657495219,234,4008,53,2550,1920,944
198657506400,325,3477,154,14850,1921,944
198657517484,20,3292,59,2383,1921,945
198657528251,150,3479,101,8103,1922,945
198657539324,110,3269,170,15339,1923,945
198657550860,20,3283,54,2562,1923,946
198657561942,222,3723,52,2828,1924,946
198657572945,120,3865,103,7651,1925,946
198657584052,22,3160,48,2220,1925,947
198657595092,262,3334,163,15512,1926,947
198657606155,121,3479,98,7953,1927,947
198657617160,23,3086,51,2284,1927,948
198657628157,192,3777,165,13675,1928,948
198657639519,282,3275,104,7103,1929,948
198657650564,23,2869,43,1025,1929,949
198657661602,275,3339,360,42954,1930,949
198657672646,130,3179,84,5748,1931,949
198657683724,21,3633,55,2979,1931,950
198657695268,237,3458,98,8075,1932,950
198657706289,182,3258,74,5556,1933,950
198657717318,20,2960,45,1155,1933,951
198657728371,300,3868,35,1111,1934,951
198657739557,205,4197,38,1086,1935,951
198657750562,20,3091,36,1087,1935,952
198657761718,364,3294,368,35416,1936,952
198657772727,317,3489,115,9816,1937,952
198657783982,20,2720,54,2660,1937,953
198657795052,274,3456,151,14015,1938,953
198657806101,117,3171,53,2799,1939,953
198657817096,25,3070,50,2251,1939,954
198657828168,333,3548,96,7832,1940,954
198657839712,149,2683,202,14727,1941,954
198657850766,22,2982,56,2335,1941,955
198657861770,246,3132,106,8149,1942,955
198657872885,142,3624,156,14387,1943,955
198657884003,24,3227,55,2340,1943,956
198657895058,329,3664,121,8167,1944,956
198657906111,214,3432,174,16437,1945,956
198657917163,27,3065,58,2480,1945,957
198657928193,220,3413,54,2744,1946,957
198657939264,149,3297,97,7432,1947,957
198657950808,21,3073,62,2226,1947,958
198657961868,168,3286,179,15428,1948,958
198657972919,115,3204,96,7317,1949,958
198657984027,24,3037,38,1005,1949,959
198657995040,134,2956,73,4654,1950,959
198658006110,124,3067,346,35682,1951,959
198658017137,21,3104,69,4064,1951,960
198658028167,134,2984,103,8286,1952,960
198658039730,219,2796,156,14170,1953,960
198658050751,21,3089,55,2492,1953,961
198658061840,195,3524,59,2617,1954,961
198658072861,281,4652,101,7663,1955,961
198658083940,21,3117,55,2260,1955,962
198658094999,333,4253,160,14689,1956,962
198658106054,306,2980,99,7936,1957,962
198658117085,20,2881,94,2147,1957,963
198658128563,237,2957,50,2426,1958,963
198658139627,129,2943,65,3387,1959,963
198658150558,47,2747,40,1091,1959,964
198658161634,195,3062,318,33062,1960,964
198658172646,290,3442,66,3995,1961,964
198658183979,24,2946,57,2394,1961,965
198658195044,261,3001,101,7625,1962,965
198658206138,142,3945,181,14889,1963,965
198658217186,22,2798,53,2391,1963,966
198658228452,318,3049,97,7985,1964,966
198658239487,203,3288,53,2323,1965,966
198658250495,20,2858,47,2109,1965,967
198658261531,269,4881,159,14604,1966,967
198658272776,535,3826,237,8475,1967,967
198658283782,24,3107,56,2125,1967,968
198658294841,128,2807,163,14940,1968,968
198658306390,272,2860,46,1750,1969,968
198658317412,23,2882,51,1137,1969,969
198658328456,133,2918,86,1136,1970,969
198658339469,246,2983,47,1131,1971,969
198658350571,27,4101,43,1131,1971,970
198658361797,121,4021,333,35349,1972,970
198658372815,85,3766,65,4314,1973,970
198658383874,16,4188,173,2450,1973,971
198658394867,141,2953,58,3153,1974,971
198658406445,148,3649,313,33200,1975,971
198658417215,23,2826,71,3857,1975,972
198658428260,117,2717,159,13054,1976,972
198658439261,266,3427,101,7629,1977,972
198658450788,20,3037,51,2318,1977,973
198658461846,208,3405,163,15158,1978,973
198658472888,110,3731,101,7961,1979,973
198658483931,21,3982,52,2335,1979,974
198658494923,174,2937,51,2641,1980,974
198658506035,126,3200,143,3367,1981,974
198658517035,19,2763,37,1071,1981,975
198658528632,141,3704,346,35679,1982,975
198658539621,217,3006,182,16957,1983,975
198658550653,23,3192,58,2775,1983,976
198658561645,146,3459,55,2680,1984,976
198658572707,126,3145,97,7554,1985,976
198658583701,21,2857,52,2107,1985,977
198658595217,121,2976,48,2489,1986,977
198658606268,383,3291,55,2178,1987,977
198658617303,22,3091,55,1998,1987,978
198658628524,240,3284,140,11799,1988,978
198658639395,447,3324,62,1600,1989,978
198658650556,32,3032,52,985,1989,979
198658661705,312,3587,358,35585,1990,979
198658672920,2042,3005,163,14444,1991,979
198658684144,26,2961,65,2705,1991,980
198658695143,233,3781,103,7735,1992,980
198658706287,2544,3035,180,15360,1993,980
198658717498,25,2813,61,2517,1993,981
198658728487,206,3246,114,8184,1994,981
198658739665,462,3470,63,2453,1995,981
198658750817,27,3322,58,2124,1995,982
198658761602,161,3292,167,14751,1996,982
198658772725,1629,3171,113,8385,1997,982
198658783726,27,3176,67,2256,1997,983
198658795286,295,3723,178,15165,1998,983
198658806324,351,3507,70,2689,1999,983
198658817438,28,3052,60,2226,1999,984
198658828508,257,3886,112,7521,2000,984
198658839545,394,4021,187,15470,2001,984
198658850626,36,3179,62,2403,2001,985
198658861663,206,3757,123,8626,2002,985
198658872790,207,3816,172,14876,2003,985
198658883861,30,3006,72,2625,2003,986
198658894929,195,3358,120,8388,2004,986
198658906236,428,3706,92,4254,2005,986
198658917290,27,3080,47,1059,2005,987
198658928310,207,3264,46,1007,2006,987
198658939735,175,3639,335,34142,2007,987
198658950478,33,2997,72,3985,2007,988
198658961513,312,2958,58,2892,2008,988
198658973081,125,2917,97,7886,2009,988
198658984124,23,2765,55,2104,2009,989
198658995134,398,3309,52,2431,2010,989
198659006172,149,3392,155,14179,2011,989
198659017255,21,2970,47,2283,2011,990
198659028487,288,4124,109,8092,2012,990
198659039319,320,3254,161,15344,2013,990
198659050378,22,2960,52,2571,2013,991
198659061874,282,3463,60,2997,2014,991
198659072958,283,3915,104,7823,2015,991
198659083957,25,3107,53,2193,2015,992
198659095021,204,4201,163,15218,2016,992
198659106377,153,3874,111,7794,2017,992
198659117569,51,3324,85,2244,2017,993
198659128544,151,3750,244,13760,2018,993
198659139424,283,3171,153,8021,2019,993
198659150454,24,2834,52,2011,2019,994
198659161475,654,3009,159,15476,2020,994
198659173089,180,3475,60,2711,2021,994
198659184107,24,3681,57,2240,2021,995
198659195163,273,3351,87,6611,2022,995
198659206032,247,3828,82,5192,2023,995
198659217062,20,2997,130,1114,2023,996
198659228554,161,3512,39,1046,2024,996
198659239396,283,3884,355,35474,2025,996
198659250405,20,2777,68,4078,2025,997
198659261935,223,3624,160,15134,2026,997
198659273082,245,3208,402,8197,2027,997
198659284053,23,3039,54,2096,2027,998
198659295335,341,3167,191,15219,2028,998
198659306015,175,3916,58,2776,2029,998
198659317054,26,2944,52,2357,2029,999
198659328602,448,3923,108,7884,2030,999
198659339678,506,3375,170,15634,2031,999
198659350662,24,3001,56,2353,2031,1000
198659361903,220,3236,102,8121,2032,1000
198659372936,253,4158,58,2462,2033,1000
198659383924,26,3181,66,2215,2033,1001
198659395102,317,4323,65,2884,2034,1001
198659406187,266,3378,217,16040,2035,1001
198659417195,24,2863,58,2603,2035,1002
198659428235,190,3794,61,2763,2036,1002
198659439506,189,3284,111,7644,2037,1002
198659450579,22,2961,56,2185,2037,1003
198659461589,129,3654,162,15610,2038,1003
198659472665,106,4007,107,8207,2039,1003
198659483739,25,2869,52,2218,2039,1004
198659495339,121,3760,51,2499,2040,1004
198659506303,253,3349,162,15080,2041,1004
198659517845,24,5058,59,2508,2041,1005
198659528340,123,3120,44,1768,2042,1005
198659539328,318,3150,41,942,2043,1005
198659550369,22,2845,39,942,2043,1006
198659561991,120,3222,339,34115,2044,1006
198659572930,235,3131,117,9391,2045,1006
198659583942,25,3163,58,2660,2045,1007
198659595009,291,3264,160,15042,2046,1007
198659606008,377,4208,162,7739,2047,1007
198659617170,28,3068,65,2124,2047,1008
198659628658,270,3608,230,13611,2048,1008
198659639699,492,3491,115,8029,2049,1008
198659650743,39,2929,57,2063,2049,1009
198659661813,159,3253,169,15320,2050,1009
198659672904,122,3570,52,1951,2051,1009
198659683931,19,2901,46,1177,2051,1010
198659695007,241,4023,42,1344,2052,1010
198659706112,340,3349,351,32656,2053,1010
198659717167,25,2938,66,3838,2053,1011
198659728225,231,3126,139,8238,2054,1011
198659739279,134,3140,49,2380,2055,1011
198659750769,20,2698,54,2051,2055,1012
198659761823,225,3487,152,14142,2056,1012
198659772891,405,4002,102,7980,2057,1012
198659783884,19,2948,180,2113,2057,1013
198659794975,197,4227,165,15039,2058,1013
198659806025,183,3633,55,2780,2059,1013
198659817040,24,3080,49,2167,2059,1014
198659828549,210,3555,104,7664,2060,1014
198659839656,289,3086,163,15428,2061,1014
198659850643,20,3012,53,2486,2061,1015
198659861831,190,3683,99,7897,2062,1015
198659872717,219,3229,95,2431,2063,1015
198659883882,21,3253,57,2111,2063,1016
198659894816,190,3371,62,2788,2064,1016
198659906417,129,2703,171,16166,2065,1016
198659917487,33,2693,65,2416,2065,1017
198659928482,164,2597,63,2635,2066,1017
198659947255,218,6719,50,1634,2067,1017
198659965671,148,2761,46,927,2068,1017
198659976808,134,3987,43,928,2069,1017
198659988043,146,4120,45,927,2070,1017
198659999170,27,3436,46,928,2070,1018
198660010287,252,4261,699,35779,2071,1018
198660020958,167,3218,200,9774,2072,1018
198660032496,28,2834,68,2574,2072,1019
198660043534,144,3935,158,13835,2073,1019
198660054492,175,2891,58,2686,2074,1019
198660065579,23,2682,46,2193,2074,1020
198660076581,125,3235,99,7620,2075,1020
198660087744,120,3962,160,14624,2076,1020
198660098938,22,3053,51,2304,2076,1021
198660109941,172,3344,107,8058,2077,1021
198660120944,133,3066,155,14427,2078,1021
198660132476,21,2716,61,2122,2078,1022
198660143520,374,3075,104,7880,2079,1022
198660154560,115,2817,164,14973,2080,1022
198660165407,20,3297,48,2254,2080,1023
198660176980,135,3853,136,12508,2081,1023
198660188143,169,3192,86,6658,2082,1023
198660199139,20,3829,36,1093,2082,1024
198660210129,137,2929,256,26486,2083,1024
198660221260,117,3209,270,28539,2084,1024
198660232345,19,2707,52,2233,2084,1025
198660243381,150,3637,43,2035,2085,1025
198660254435,112,3562,56,3042,2086,1025
198660265448,21,2879,94,1029,2086,1026
198660276958,232,2794,377,35618,2087,1026
198660287721,229,3063,183,16945,2088,1026
198660299149,29,2922,106,2710,2088,1027
198660310100,225,3641,59,2583,2089,1027
198660321346,708,3388,97,7472,2090,1027
198660332496,24,3193,52,2088,2090,1028
198660343484,297,3177,165,15198,2091,1028
198660354283,238,3958,102,7859,2092,1028
198660365783,23,3022,47,2225,2092,1029
198660376814,145,3172,52,2629,2093,1029
198660387968,358,3188,180,14820,2094,1029
198660398980,27,3282,55,2152,2094,1030
198660410116,279,3226,66,3672,2095,1030
198660421168,273,3206,45,1579,2096,1030
198660432350,21,3239,36,1056,2096,1031
198660443327,370,3483,336,36889,2097,1031
198660454433,222,3820,178,17199,2098,1031
198660465545,20,3504,58,2939,2098,1032
198660476569,124,2627,107,8338,2099,1032
198660487840,157,2668,67,2369,2100,1032
198660498798,34,2755,191,2103,2100,1033
198660537259,163,2704,124,5374,2101,1033
198660551445,39,4229,54,1074,2101,1034
198660562593,166,4342,514,34079,2102,1034
198660573681,115,4120,173,9479,2103,1034
198660584831,22,3952,68,2494,2103,1035
198660596054,128,2854,228,15011,2104,1035
198660607271,133,2732,145,7825,2105,1035
198660618196,25,3186,55,2194,2105,1036
198660629487,356,2952,148,13631,2106,1036
198660640396,244,3726,111,7963,2107,1036
198660651531,23,4206,52,2237,2107,1037
198660662596,182,2918,161,15455,2108,1037
198660673870,158,3094,58,2820,2109,1037
198660685035,130,2968,85,6447,2110,1037
198660695791,19,2656,33,1075,2110,1038
198660706903,234,3305,65,4318,2111,1038
198660718465,143,3710,341,35113,2112,1038
198660729661,27,3427,62,4171,2112,1039
198660740356,112,3108,55,2679,2113,1039
198660751801,164,3083,153,14761,2114,1039
198660762938,20,3207,48,2265,2114,1040
198660774000,231,4022,94,7750,2115,1040
198660785138,117,4221,161,15170,2116,1040
198660796136,19,3531,51,2421,2116,1041
198660807222,230,3744,54,2727,2117,1041
198660818106,20,3176,52,2307,2117,1042
198660829115,175,3913,94,7874,2118,1042
198660840798,163,3299,175,15623,2119,1042
198660851703,207,3838,101,8038,2120,1042
198660862562,21,3185,46,2093,2120,1043
198660873551,300,3405,146,13278,2121,1043
198660885108,194,4031,270,27218,2122,1043
198660895844,25,6598,94,1983,2122,1044
198660906981,128,3370,159,15426,2123,1044
198660918004,25,3954,48,2242,2123,1045
198660929501,200,3136,78,2444,2124,1045
198660940429,163,3106,102,7525,2125,1045
198660951684,351,3298,163,15292,2126,1045
198660962651,24,3945,52,2168,2126,1046
198660973818,330,3567,97,7998,2127,1046
198660985040,200,3077,89,4505,2128,1046
198660996256,19,4241,38,1019,2128,1047
198661007404,151,3493,338,35708,2129,1047
198661017973,65,3069,68,4009,2129,1048
198661029331,118,3190,101,8396,2130,1048
198661040720,194,2904,184,14136,2131,1048
198661051716,109,3036,55,2635,2132,1048
198661062502,19,2799,45,2148,2132,1049
198661073657,119,2822,95,7629,2133,1049
198661084696,30,3734,46,2051,2133,1050
198661096140,255,4008,153,14556,2134,1050
198661107232,115,3877,116,7925,2135,1050
198661118363,156,3510,55,2500,2136,1050
198661129423,18,3268,42,2130,2136,1051
198661140616,270,3810,69,2815,2137,1051
198661151630,27,4080,48,2145,2137,1052
198661164817,130,3206,168,15667,2138,1052
198661173673,220,3749,55,3036,2139,1052
198661185003,174,3429,99,7373,2140,1052
198661196016,21,3730,49,2258,2140,1053
198661206951,141,3898,165,15184,2141,1053
198661218031,30,2931,51,1693,2141,1054
198661229201,119,2689,280,27361,2142,1054
198661240331,134,2647,66,2357,2143,1054
198661251436,28,2789,59,1932,2143,1055
198661262496,171,2641,158,14362,2144,1055
198661287306,350,2713,78,1708,2145,1055
198661301877,206,2775,560,33962,2146,1055
198661313079,29,3721,87,3966,2146,1056
198661324162,171,3821,140,7879,2147,1056
198661335248,127,3990,246,15164,2148,1056
198661346352,24,3545,71,2428,2148,1057
198661357508,165,2895,157,8652,2149,1057
198661368722,362,3098,166,14942,2150,1057
198661379523,23,2794,53,2362,2150,1058
198661390627,182,3951,121,8177,2151,1058
198661401844,204,4164,187,16014,2152,1058
198661412833,29,3141,56,2650,2152,1059
198661423897,210,3304,59,2804,2153,1059
198661434976,118,3627,88,6664,2154,1059
198661446057,19,2885,33,1082,2154,1060
198661457155,357,4240,68,4315,2155,1060
198661468600,118,4502,355,35534,2156,1060
198661479583,20,3130,63,4188,2156,1061
198661490815,316,3879,51,2695,2157,1061
198661501970,1197,4094,157,14738,2158,1061
198661512808,38,3551,46,2300,2158,1062
198661523834,308,3527,99,7833,2159,1062
198661534974,174,3514,173,15163,2160,1062
198661546245,28,3125,71,2406,2160,1063
198661557148,360,2986,58,2613,2161,1063
198661568313,23,2963,50,2203,2161,1064
198661579345,252,2996,104,7667,2162,1064
198661590622,268,4597,163,15539,2163,1064
198661601737,152,3559,104,8063,2164,1064
198661612834,25,3351,47,2142,2164,1065
198661624033,347,4149,152,13637,2165,1065
198661635096,165,3640,111,7338,2166,1065
198661646299,26,3377,44,1033,2166,1066
198661657123,454,3601,344,43187,2167,1066
198661668444,122,3776,116,5762,2168,1066
198661679597,23,2840,92,3093,2168,1067
198661690615,165,3907,70,5197,2169,1067
198661701889,129,4010,69,3887,2170,1067
198661712766,21,3335,32,1050,2170,1068
198661723831,321,4484,5186,35570,2171,1068
198661735639,399,3985,76,4423,2172,1068
198661746213,21,4271,54,2407,2172,1069
198661757198,231,3051,151,14678,2173,1069
198661768260,258,3575,99,7977,2174,1069
198661779315,20,3108,44,2098,2174,1070
198661790869,339,3068,197,15051,2175,1070
198661801895,1805,3143,59,2478,2176,1070
198661813051,20,2819,44,2170,2176,1071
198661824099,366,3495,172,7546,2177,1071
198661835498,222,3655,212,15489,2178,1071
198661846366,24,3403,63,2708,2178,1072
198661857380,444,2940,104,8424,2179,1072
198661868444,158,3998,158,14389,2180,1072
198661879921,35,2901,49,2308,2180,1073
198661890948,180,3999,97,7099,2181,1073
198661901770,139,4025,364,43223,2182,1073
198661912976,21,2841,70,5641,2182,1074
198661923893,306,2983,48,2026,2183,1074
198661935349,496,3244,191,18434,2184,1074
198661946688,19,3344,54,2395,2184,1075
198661957471,215,3282,92,4804,2185,1075
198661968603,160,3460,38,1036,2186,1075
198661979669,20,3058,32,988,2186,1076
198661990953,180,3985,362,35412,2187,1076
198662002032,216,3928,173,16449,2188,1076
198662013299,21,4062,51,2745,2188,1077
198662024615,277,3707,110,8084,2189,1077
198662035138,129,3460,162,15208,2190,1077
198662046357,21,3459,53,2476,2190,1078
198662057323,323,2988,52,2642,2191,1078
198662068383,192,3486,101,7716,2192,1078
198662079574,21,3836,44,2083,2192,1079
198662090669,350,3384,197,15315,2193,1079
198662101723,247,4428,101,7899,2194,1079
198662112837,23,2536,46,2244,2194,1080
198662124174,143,2606,59,2649,2195,1080
198662135301,139,2714,73,3504,2196,1080
198662146189,35,2626,63,2265,2196,1081
198662157524,149,2634,158,14929,2197,1081
198662168554,107,2653,57,2933,2198,1081
198662179601,45,2551,68,2387,2198,1082
198662222515,306,3051,115,7701,2199,1082
198662237226,200,2629,70,4901,2200,1082
198662248370,25,2514,51,2038,2200,1083
198662260598,219,2669,172,14583,2201,1083
198662270605,118,5781,116,8202,2202,1083
198662281807,24,3530,52,2144,2202,1084
198662292867,176,3987,163,15319,2203,1084
198662304081,244,4051,87,2684,2204,1084
198662315138,21,2627,49,2266,2204,1085
198662326286,237,3590,108,7568,2205,1085
198662337408,348,3911,59,2536,2206,1085
198662348440,21,3659,49,2223,2206,1086
198662359485,271,3677,54,2499,2207,1086
198662370714,314,3859,152,14227,2208,1086
198662381669,19,3319,54,1293,2208,1087
198662392672,302,3906,45,1521,2209,1087
198662404204,122,3514,42,941,2210,1087
198662415238,20,4225,39,942,2210,1088
198662426346,134,2953,338,33235,2211,1088
198662437491,127,3186,119,9986,2212,1088
198662448465,19,2776,99,2447,2212,1089
198662459473,115,2804,184,15225,2213,1089
198662470566,175,3207,112,7860,2214,1089
198662481785,20,2884,59,2334,2214,1090
198662492960,138,3001,54,2717,2215,1090
198662503880,174,3125,158,14753,2216,1090
198662515033,19,2700,55,2620,2216,1091
198662526397,139,3053,112,8646,2217,1091
198662537492,123,2807,231,15451,2218,1091
198662548516,21,2660,54,2524,2218,1092
198662559518,125,2972,51,2787,2219,1092
198662570804,240,2978,95,7858,2220,1092
198662581874,19,3618,50,2179,2220,1093
198662592815,110,3473,181,15725,2221,1093
198662604010,152,3550,91,6852,2222,1093
198662615012,152,3221,48,1559,2222,1094
198662626289,153,3622,355,33526,2223,1094
198662637312,165,3338,105,8199,2224,1094
198662648336,22,3232,52,1657,2224,1095
198662659561,156,3558,153,14840,2225,1095
198662670629,108,3631,44,2218,2226,1095
198662681627,20,2754,35,1068,2226,1096
198662692695,163,3322,41,1063,2227,1096
198662703715,429,3679,314,32877,2228,1096
198662715443,22,3810,69,3917,2228,1097
198662726146,122,3370,107,8566,2229,1097
198662737185,110,3223,54,2557,2230,1097
198662748402,20,3396,49,2198,2230,1098
198662759378,317,3716,148,14160,2231,1098
198662770816,335,4296,107,8182,2232,1098
198662781823,20,3264,47,2233,2232,1099
198662792922,195,7755,203,15104,2233,1099
198662803741,158,3172,53,2856,2234,1099
198662815307,21,3145,98,2263,2234,1100
198662826117,122,3796,96,7688,2235,1100
198662837223,250,3228,163,15694,2236,1100
198662848318,18,2943,53,2499,2236,1101
198662859365,114,3370,98,8226,2237,1101
198662870386,132,3747,156,14559,2238,1101
198662882040,95,3902,72,2377,2238,1102
198662893154,146,3308,118,10071,2239,1102
198662903869,133,3527,170,15393,2240,1102
198662914912,22,2800,56,2601,2240,1103
198662925968,123,3194,57,2820,2241,1103
198662937508,147,3956,99,7544,2242,1103
198662948561,19,2699,47,2187,2242,1104
198662959634,262,3642,155,14106,2243,1104
198662970716,125,4502,48,1385,2244,1104
198662981723,19,2942,31,1001,2244,1105
198662992906,166,4175,383,35712,2245,1105
198663004011,270,3644,191,16576,2246,1105
198663015050,20,3427,56,2814,2246,1106
198663026261,217,3509,107,8189,2247,1106
198663037338,296,2974,165,15353,2248,1106
198663048328,20,2960,95,2348,2248,1107
198663059511,138,3462,51,2655,2249,1107
198663070569,154,3646,99,7681,2250,1107
198663081639,19,3309,46,2110,2250,1108
198663092769,117,3708,180,15467,2251,1108
198663103795,219,3014,105,8039,2252,1108
198663115165,25,2780,50,2174,2252,1109
198663126305,151,3758,62,2429,2253,1109
198663137489,145,3404,62,3051,2254,1109
198663148416,27,3048,53,2106,2254,1110
198663159430,272,3400,160,15103,2255,1110
198663170581,108,2769,55,2802,2256,1110
198663181665,21,2824,48,2208,2256,1111
198663192731,129,3914,100,7400,2257,1111
198663203858,234,4045,165,15644,2258,1111
198663214907,20,3458,69,2522,2258,1112
198663226028,369,3256,101,8044,2259,1112
198663237093,382,3788,55,2535,2260,1112
198663248164,21,3695,53,2205,2260,1113
198663260482,3147,3000,77,5284,2261,1113
198663270748,158,3957,39,1074,2262,1113
198663281779,20,3796,36,1009,2262,1114
198663292753,119,4252,45,1002,2263,1114
198663303826,253,3347,335,34045,2264,1114
198663315019,26,4035,204,4073,2264,1115
198663326299,210,3580,96,7179,2265,1115
198663337368,257,3405,318,33626,2266,1115
198663348354,21,3253,105,2798,2266,1116
198663359606,197,3672,97,7997,2267,1116
198663370706,239,3814,54,2288,2268,1116
198663381764,20,2797,45,1913,2268,1117
198663392773,158,3240,165,14461,2269,1117
198663404202,446,3083,59,3260,2270,1117
198663415290,22,2985,79,2153,2270,1118
198663426319,263,2864,50,2371,2271,1118
198663437340,104,3528,91,7416,2272,1118
198663448252,18,2882,43,1954,2272,1119
198663459325,118,2615,163,15078,2273,1119
198663470763,152,2977,99,7862,2274,1119
198663481653,21,3183,47,1875,2274,1120
198663492639,291,7992,65,2141,2275,1120
198663504162,141,3469,154,14671,2276,1120
198663515347,19,3014,58,2468,2276,1121
198663526075,203,3104,109,8251,2277,1121
198663537134,138,2869,164,15246,2278,1121
198663548616,24,2725,61,2545,2278,1122
198663559790,232,3097,47,2194,2279,1122
198663570845,177,2997,38,1075,2280,1122
198663582065,24,2827,37,1059,2280,1123
198663592965,123,2817,317,33057,2281,1123
198663604043,491,3259,126,10040,2282,1123
198663615236,23,3242,81,2562,2282,1124
198663626304,171,3331,55,2598,2283,1124
198663637426,426,3328,163,14353,2284,1124
198663648456,26,3569,54,2279,2284,1125
198663659678,406,3112,107,8778,2285,1125
198663670734,271,3306,153,13356,2286,1125
198663681836,21,3768,54,2424,2286,1126
198663692890,166,3245,104,7798,2287,1126
198663703948,314,3180,221,15680,2288,1126
198663714977,24,3026,50,2370,2288,1127
198663726050,367,3620,101,8185,2289,1127
198663737250,120,3792,50,2276,2290,1127
198663748321,21,2806,43,2054,2290,1128
198663759384,269,3731,157,14671,2291,1128
198663770574,216,3358,106,8006,2292,1128
198663781588,27,2796,48,2265,2292,1129
198663792770,128,2925,169,15406,2293,1129
198663804107,207,3987,63,2497,2294,1129
198663815169,23,2978,54,1696,2294,1130
198663826203,143,3982,271,27196,2295,1130
198663837239,223,2888,50,1753,2296,1130
198663848272,23,2774,36,1135,2296,1131
198663859394,191,3907,67,4484,2297,1131
198663871266,118,4319,40,1081,2298,1131
198663881852,23,2747,38,1046,2298,1132
198663892659,155,3028,372,35762,2299,1132
198663903752,428,4247,125,10533,2300,1132
198663915364,49,3572,64,2542,2300,1133
198663926272,141,3341,142,12352,2301,1133
198663937321,116,4055,103,7575,2302,1133
198663948175,20,3130,45,2192,2302,1134
198663959323,210,3200,153,13973,2303,1134
198663970820,956,3459,128,7996,2304,1134
198663982001,28,2778,46,2126,2304,1135
198663992842,362,3382,118,2433,2305,1135
198664004147,122,3110,155,14810,2306,1135
198664014841,21,2573,49,2214,2306,1136
198664026420,178,2633,103,8020,2307,1136
198664037490,146,2656,190,15155,2308,1136
198664048534,33,2572,57,2483,2308,1137
198664059508,133,2607,55,2749,2309,1137
198664070753,115,2718,114,7398,2310,1137
198664113252,241,3212,172,15613,2311,1137
198664128179,149,2675,126,5758,2312,1137
198664139392,181,3807,174,8348,2313,1137
198664150472,27,4131,66,2062,2313,1138
198664161726,144,4136,231,14234,2314,1138
198664172476,117,4191,57,1563,2315,1138
198664183527,23,2682,45,1011,2315,1139
198664194877,189,3585,373,35400,2316,1139
198664205730,125,2702,188,17748,2317,1139
198664216765,20,2685,58,2877,2317,1140
198664228347,307,4033,105,8115,2318,1140
198664239518,2414,2968,58,2735,2319,1140
198664250513,14,3184,54,2344,2319,1141
198664261564,291,3700,164,14987,2320,1141
198664272668,332,3036,153,7984,2321,1141
198664283668,18,2925,60,2161,2321,1142
198664294912,157,3249,162,15190,2322,1142
198664305803,267,3189,53,2778,2323,1142
198664317234,23,2865,51,2289,2323,1143
198664328346,281,2961,98,7415,2324,1143
198664339288,305,3154,284,24940,2325,1143
198664350490,21,3556,56,3232,2325,1144
198664361511,358,2856,42,1583,2326,1144
198664372623,330,3110,460,35812,2327,1144
198664383535,22,2706,74,4061,2327,1145
198664394569,180,3055,114,8263,2328,1145
198664405711,222,3944,158,14716,2329,1145
198664417219,21,3804,59,2402,2329,1146
198664428223,143,3268,47,2152,2330,1146
198664439524,225,3677,44,1062,2331,1146
198664450676,19,2934,39,1063,2331,1147
198664461369,392,4298,329,33145,2332,1147
198664473007,280,3055,119,10077,2333,1147
198664483668,18,3185,55,2435,2333,1148
198664494608,212,4369,54,2452,2334,1148
198664506448,180,3585,195,14318,2335,1148
198664517072,23,3093,56,2271,2335,1149
198664528261,222,3186,188,7999,2336,1149
198664539505,293,3360,164,15186,2337,1149
198664550655,46,3059,52,2232,2337,1150
198664562027,353,3605,56,2546,2338,1150
198664572804,294,3292,184,17268,2339,1150
198664583814,24,3148,52,2332,2339,1151
198664594834,328,3486,163,15563,2340,1151
198664606007,308,4139,103,7368,2341,1151
198664617057,27,3038,54,2215,2341,1152
198664628152,163,3135,156,14741,2342,1152
198664639292,187,2832,158,8642,2343,1152
198664650376,25,2763,53,2335,2343,1153
198664661550,193,3556,174,16133,2344,1153
198664672544,221,3098,76,2005,2345,1153
198664683787,29,3505,58,1166,2345,1154
198664694776,190,3237,56,1333,2346,1154
198664705882,155,3644,322,32753,2347,1154
198664717107,29,2980,77,3845,2347,1155
198664728005,191,3542,103,8247,2348,1155
198664739315,248,3732,61,2623,2349,1155
198664750451,24,2995,55,2266,2349,1156
198664761506,341,4970,167,14043,2350,1156
198664772326,211,4257,102,7733,2351,1156
198664783789,21,3180,46,1590,2351,1157
198664794895,123,3871,342,33711,2352,1157
198664805892,154,3710,60,3313,2353,1157
198664816930,28,3087,67,2389,2353,1158
198664828091,188,3680,98,7841,2354,1158
198664839205,242,3515,267,15466,2355,1158
198664850230,23,2975,62,2373,2355,1159
198664861329,301,3239,150,7963,2356,1159
198664872692,360,3734,153,14326,2357,1159
198664883693,20,3068,61,2292,2357,1160
198664894667,209,4246,101,7919,2358,1160
198664905952,240,3099,163,15750,2359,1160
198664917034,21,3023,57,2483,2359,1161
198664928116,285,3331,53,2705,2360,1161
198664939354,339,3206,112,7576,2361,1161
198664950211,25,3544,79,2028,2361,1162
198664961505,154,3199,243,15360,2362,1162
198664972651,392,3316,45,1565,2363,1162
198664983693,20,3080,37,941,2363,1163
198664994885,302,4242,366,35757,2364,1163
198665005997,259,3256,167,16584,2365,1163
198665017158,28,2921,77,2704,2365,1164
198665028053,173,3383,110,8094,2366,1164
198665039266,256,3393,171,15279,2367,1164
198665050269,26,3213,48,2271,2367,1165
198665061657,249,3732,126,2556,2368,1165
198665072528,196,3193,107,7555,2369,1165
198665083653,26,3269,54,2270,2369,1166
198665094648,148,3412,164,15468,2370,1166
198665105863,1739,3241,100,7571,2371,1166
198665116963,19,3096,47,2186,2371,1167
198665128098,292,3571,153,14599,2372,1167
198665139154,158,2978,56,1754,2373,1167
198665150216,23,2728,37,979,2373,1168
198665161337,307,2881,33,982,2374,1168
198665172356,246,3989,378,33547,2375,1168
198665183560,19,2828,64,3888,2375,1169
198665194700,322,3657,117,8613,2376,1169
198665205992,142,3991,169,15258,2377,1169
198665216958,22,3009,119,2393,2377,1170
198665228010,191,3664,98,7961,2378,1170
198665239199,385,3605,57,2625,2379,1170
198665250390,25,2970,49,2289,2379,1171
198665261445,187,3225,163,14816,2380,1171
198665272526,847,3254,105,8253,2381,1171
198665283724,23,3168,52,2191,2381,1172
198665294970,119,2828,158,15140,2382,1172
198665306062,336,3470,149,2695,2383,1172
198665317155,34,2803,56,2210,2383,1173
198665328226,158,3146,104,7692,2384,1173
198665339236,189,3066,175,15561,2385,1173
198665350358,20,2955,56,2595,2385,1174
198665361414,410,3034,109,8920,2386,1174
198665372418,360,3516,164,15004,2387,1174
198665383935,20,4228,79,2406,2387,1175
198665394647,149,2736,183,8192,2388,1175
198665405850,173,2644,185,15135,2389,1175
198665420803,120,2615,45,1599,2390,1175
198665427963,22,2639,43,979,2390,1176
198665439037,152,3834,517,35119,2391,1176
198665450179,21,4060,90,4199,2391,1177
198665461251,126,4322,244,15933,2392,1177
198665472340,233,4066,139,7887,2393,1177
198665483541,21,2966,66,2271,2393,1178
198665494647,225,3129,74,2661,2394,1178
198665505815,7425,3081,172,14831,2395,1178
198665517211,20,3334,50,2342,2395,1179
198665528214,132,2977,99,8021,2396,1179
198665539322,108,2978,167,15248,2397,1179
198665550393,22,2864,52,2685,2397,1180
198665561403,133,2743,58,2869,2398,1180
198665572632,361,2923,98,7546,2399,1180
198665583662,19,2636,69,2279,2399,1181
198665594861,1231,3307,162,15520,2400,1181
198665606012,104,2857,96,7464,2401,1181
198665616761,19,2824,53,2288,2401,1182
198665627969,111,2957,239,14859,2402,1182
198665639185,243,2852,107,8294,2403,1182
198665650300,23,2972,48,2076,2403,1183
198665661425,121,2838,84,6195,2404,1183
198665672387,162,2915,316,33133,2405,1183
198665683681,27,2930,74,3796,2405,1184
198665695052,230,2752,129,8657,2406,1184
198665705973,175,2659,182,15406,2407,1184
198665717022,30,2598,95,2455,2407,1185
198665730711,224,2665,148,8024,2408,1185
198665739025,196,3782,83,2689,2409,1185
198665750191,31,4049,71,2329,2409,1186
198665761498,162,4179,241,14889,2410,1186
198665772673,162,4136,128,8174,2411,1186
198665783540,25,2752,65,2217,2411,1187
198665794725,194,3212,261,15137,2412,1187
198665806019,180,2762,94,2937,2413,1187
198665817056,38,3295,66,2216,2413,1188
198665828251,192,3137,117,7757,2414,1188
198665839321,183,3702,184,15678,2415,1188
198665850514,31,2981,67,2481,2415,1189
198665861661,156,3264,124,8855,2416,1189
198665872675,296,3449,86,4766,2417,1189
198665883685,35,3106,56,1135,2417,1190
198665895076,183,4081,355,35355,2418,1190
198665906098,717,2871,80,4020,2419,1190
198665916831,34,3103,65,2454,2419,1191
198665928159,176,4647,183,15108,2420,1191
198665939175,327,3731,104,7586,2421,1191
198665950377,31,3330,91,2042,2421,1192
198665961353,173,3337,176,15428,2422,1192
198665972639,147,3263,104,7754,2423,1192
198665983698,28,2696,59,2083,2423,1193
198665994733,175,2991,62,2403,2424,1193
198666005843,293,3175,171,14763,2425,1193
198666016853,34,2799,72,2401,2425,1194
198666028075,183,2877,120,8141,2426,1194
198666039093,261,2925,177,15206,2427,1194
198666050187,31,2724,72,2370,2427,1195
198666061215,174,2712,62,2629,2428,1195
198666072803,149,3036,103,7735,2429,1195
198666083895,27,3417,58,2208,2429,1196
198666094747,347,4443,66,2602,2430,1196
198666105732,329,2811,59,2053,2431,1196
198666117035,27,2995,54,1846,2431,1197
198666128093,444,3363,97,5319,2432,1197
198666139403,256,3779,48,978,2433,1197
198666150233,24,2793,48,966,2433,1198
198666161357,568,3079,459,35232,2434,1198
198666172780,181,3405,223,16887,2435,1198
198666183888,26,2964,62,2804,2435,1199
198666194598,276,4746,107,8413,2436,1199
198666206110,282,3483,174,15513,2437,1199
198666217335,62,4576,62,2448,2437,1200
198666228140,133,3077,105,8067,2438,1200
198666239440,338,3406,53,2323,2439,1200
198666250459,20,3961,50,2102,2439,1201
198666261629,2229,3192,153,14781,2440,1201
198666272475,190,4289,118,8006,2441,1201
198666283466,25,2546,49,2092,2441,1202
198666294699,180,2635,208,15156,2442,1202
198666305729,168,2649,68,2817,2443,1202
198666323683,268,6111,60,1619,2444,1202
198666341412,204,3866,498,32553,2445,1202
198666352503,169,4137,174,9719,2446,1202
198666363681,21,3319,72,2423,2446,1203
198666374767,287,3866,69,2491,2447,1203
198666386293,253,3176,88,2581,2448,1203
198666397187,30,2940,69,2054,2448,1204
198666407975,171,4508,179,15133,2449,1204
198666419513,284,4312,60,2662,2450,1204
198666430546,22,3496,48,2179,2450,1205
198666441685,279,3412,100,7521,2451,1205
198666452709,260,3254,184,15239,2452,1205
198666463763,33,2979,63,2318,2452,1206
198666474872,298,4516,123,7868,2453,1206
198666486414,248,3922,69,2492,2454,1206
198666496953,28,3184,48,2172,2454,1207
198666508387,234,3309,89,5482,2455,1207
198666519383,169,4790,372,35266,2456,1207
198666530296,20,3396,65,4036,2456,1208
198666541523,124,3252,172,15406,2457,1208
198666552573,225,3700,63,2829,2458,1208
198666563824,19,3654,46,2186,2458,1209
198666574938,209,3341,99,7445,2459,1209
198666585913,251,3037,162,15325,2460,1209
198666597078,55,2765,49,2433,2460,1210
198666608120,246,3804,106,8165,2461,1210
198666619236,444,3322,54,2305,2462,1210
198666630192,22,2926,85,2033,2462,1211
198666641826,292,3810,61,2695,2463,1211
198666652769,347,3424,170,15848,2464,1211
198666663500,21,3285,53,2384,2464,1212
198666674608,404,4255,59,2707,2465,1212
198666686147,277,3415,95,7469,2466,1212
198666697179,28,3011,49,2163,2466,1213
198666708262,381,3469,202,15563,2467,1213
198666719463,132,3725,145,7709,2468,1213
198666730566,22,2995,45,2151,2468,1214
198666741807,338,3630,64,2510,2469,1214
198666752468,151,2705,218,14821,2470,1214
198666763684,33,2545,56,2469,2470,1215
198666774747,190,2736,68,1779,2471,1215
198666785912,158,2617,48,945,2472,1215
198666796894,23,2479,34,942,2472,1216
198666832229,272,4161,64,942,2473,1216
198666847851,263,4061,97,5039,2474,1216
198666859012,155,4168,57,1846,2475,1216
198666870261,113,4117,61,2717,2476,1216
198666881870,20,3316,40,1022,2476,1217
198666892548,194,2796,525,35397,2477,1217
198666903865,285,3110,131,10414,2478,1217
198666915004,22,3105,59,2615,2478,1218
198666925752,118,2648,132,12266,2479,1218
198666936767,383,3500,108,7556,2480,1218
198666948292,25,2983,48,2218,2480,1219
198666959003,211,2983,153,13943,2481,1219
198666970255,133,2900,104,7862,2482,1219
198666981555,23,2783,44,2205,2482,1220
198666992594,323,2728,72,2515,2483,1220
198667003735,430,3530,165,14657,2484,1220
198667014789,23,2979,51,2210,2484,1221
198667025783,133,3055,98,8009,2485,1221
198667036820,393,2944,214,15193,2486,1221
198667048400,25,2795,58,2486,2486,1222
198667059439,121,3006,52,2740,2487,1222
198667070406,169,3247,99,7396,2488,1222
198667081369,19,3155,51,2250,2488,1223
198667092726,355,2978,56,2598,2489,1223
198667103768,1224,4008,43,1820,2490,1223
198667114844,20,2868,43,1464,2490,1224
198667126016,167,4349,78,5826,2491,1224
198667137034,143,3793,44,1044,2492,1224
198667148162,26,3369,38,1023,2492,1225
198667159201,179,3022,351,35092,2493,1225
198667170488,224,2818,172,16871,2494,1225
198667181541,20,2876,107,2796,2494,1226
198667192597,196,3352,106,8421,2495,1226
198667203755,141,3539,165,15583,2496,1226
198667214799,23,5807,69,2511,2496,1227
198667225940,206,3398,169,8017,2497,1227
198667237001,131,3806,55,2428,2498,1227
198667247910,20,3281,68,2168,2498,1228
198667259295,144,3207,161,14846,2499,1228
198667270349,340,3048,154,8217,2500,1228
198667281581,20,3294,49,2201,2500,1229
198667292611,295,3469,164,15236,2501,1229
198667303717,262,4024,56,2683,2502,1229
198667314863,23,3427,53,2207,2502,1230
198667326056,376,3226,96,7664,2503,1230
198667337075,236,4771,414,15467,2504,1230
198667348042,22,3119,108,2584,2504,1231
198667359255,351,3126,125,8770,2505,1231
198667370592,420,3342,157,14865,2506,1231
198667381746,20,3601,61,2323,2506,1232
198667399148,194,2653,107,7204,2507,1232
198667403795,113,2667,67,4055,2508,1232
198667414810,30,2548,74,1008,2508,1233
198667425925,146,2667,39,983,2509,1233
198667436985,167,2693,353,35212,2510,1233
198667448009,30,2562,66,4093,2510,1234
198667459136,180,2718,179,16073,2511,1234
198667470683,163,2655,160,7951,2512,1234
198667481189,21,2560,51,2420,2512,1235
198667492702,112,2654,68,2741,2513,1235
198667503775,157,2667,154,14884,2514,1235
198667514980,20,2570,51,2385,2514,1236
198667525652,111,2642,97,8335,2515,1236
198667536726,115,2647,163,15282,2516,1236
198667548169,42,2803,73,2511,2516,1237
198667563283,313,2818,87,2772,2517,1237
198667598433,296,2764,107,7855,2518,1237
198667617287,289,3192,91,2358,2519,1237
198667623891,161,2784,163,9475,2520,1237
198667634984,28,3748,102,1263,2520,1238
198667646240,182,4100,529,33886,2521,1238
198667657447,124,4113,108,5225,2522,1238
198667668674,174,4140,72,2754,2523,1238
198667679729,24,3024,55,2327,2523,1239
198667690821,135,3344,99,7709,2524,1239
198667701736,337,4305,185,15391,2525,1239
198667712810,25,4510,52,2326,2525,1240
198667723817,209,4037,107,8029,2526,1240
198667735083,354,4899,63,2453,2527,1240
198667746024,21,3513,44,2193,2527,1241
198667757567,138,3458,162,14676,2528,1241
198667768605,181,3157,109,8224,2529,1241
198667779488,20,3650,139,2381,2529,1242
198667790764,255,3374,162,15450,2530,1242
198667801847,370,3979,55,2521,2531,1242
198667812781,19,3114,42,1695,2531,1243
198667823810,226,3344,48,1897,2532,1243
198667835035,114,4649,38,931,2533,1243
198667846223,21,2780,35,926,2533,1244
198667857206,298,3478,335,35341,2534,1244
198667868610,288,4141,67,4373,2535,1244
198667879743,21,3018,50,2441,2535,1245
198667890614,241,3481,160,14662,2536,1245
198667901687,183,3491,157,8818,2537,1245
198667912789,27,3924,72,2173,2537,1246
198667924327,304,3579,149,12360,2538,1246
198667935586,353,3821,223,17041,2539,1246
198667946599,62,3334,47,2294,2539,1247
198667957372,256,4076,495,15305,2540,1247
198667968484,379,5011,99,7933,2541,1247
198667979503,20,3199,43,2227,2541,1248
198667990529,120,3430,51,2558,2542,1248
198668001608,170,3866,172,14951,2543,1248
198668013113,19,3444,49,2447,2543,1249
198668024292,221,3288,111,8174,2544,1249
198668035312,283,3621,173,15395,2545,1249
198668046241,19,2951,52,2661,2545,1250
198668057236,250,3428,48,2076,2546,1250
198668068285,187,3805,250,25482,2547,1250
198668080143,21,3792,67,3550,2547,1251
198668090652,335,3181,98,4934,2548,1251
198668101655,195,3971,36,1056,2549,1251
198668112690,23,2680,33,1030,2549,1252
198668123844,1313,3220,46,1030,2550,1252
198668135360,122,4590,403,35803,2551,1252
198668146331,32,3367,68,4053,2551,1253
198668157398,291,3360,103,8750,2552,1253
198668168330,139,4047,148,14128,2553,1253
198668179873,20,2700,46,2202,2553,1254
198668190878,321,3048,239,17917,2554,1254
198668201687,291,3013,151,13988,2555,1254
198668212764,23,2711,43,1404,2555,1255
198668224022,188,3554,347,37435,2556,1255
198668235012,108,3657,68,4038,2557,1255
198668246117,21,3478,52,2462,2557,1256
198668257630,219,3742,153,14913,2558,1256
198668268885,380,3200,105,8462,2559,1256
198668279915,19,3132,45,2115,2559,1257
198668290800,193,3494,159,15208,2560,1257
198668301954,199,3235,56,2929,2561,1257
198668312940,18,3192,49,2353,2561,1258
198668324092,364,2975,100,7863,2562,1258
198668335213,353,3825,180,15715,2563,1258
198668346175,19,3235,53,2411,2563,1259
198668357326,405,3216,104,8610,2564,1259
198668368372,276,3776,270,23853,2565,1259
198668379949,24,3528,57,3091,2565,1260
198668390482,158,3722,50,1922,2566,1260
198668402008,344,4672,47,1022,2567,1260
198668412625,24,3543,35,1022,2567,1261
198668424127,140,4215,342,33243,2568,1261
198668435256,301,4376,119,10145,2569,1261
198668446403,21,4459,72,2459,2569,1262
198668457466,229,4927,159,15273,2570,1262
198668468429,166,3348,99,7876,2571,1262
198668479629,19,2870,73,2215,2571,1263
198668490683,350,3780,52,2547,2572,1263
198668502026,309,3473,196,14868,2573,1263
198668512725,20,3045,48,2387,2573,1264
198668524201,113,2839,104,8242,2574,1264
198668535186,408,2886,180,15258,2575,1264
198668546207,20,3032,46,2271,2575,1265
198668557354,280,3485,137,12432,2576,1265
198668568527,302,3354,108,7719,2577,1265
198668579650,38,2546,101,2216,2577,1266
198668590510,154,4059,162,15466,2578,1266
198668602257,116,4013,236,7441,2579,1266
198668612847,17,3351,41,2112,2579,1267
198668623826,159,3863,149,14832,2580,1267
198668635053,311,3016,106,8007,2581,1267
198668646177,23,2988,48,1691,2581,1268
198668657183,246,3390,87,6767,2582,1268
198668668548,149,4540,421,33698,2583,1268
198668679404,20,3855,78,3928,2583,1269
198668690608,188,3359,103,8714,2584,1269
198668702071,190,3385,166,15383,2585,1269
198668713060,22,3275,52,2490,2585,1270
198668724301,240,3929,207,8066,2586,1270
198668734866,127,3637,48,2363,2587,1270
198668746120,1209,2691,50,2108,2587,1271
198668757281,233,2973,156,14696,2588,1271
198668768316,137,3166,106,8517,2589,1271
198668779369,22,2769,43,2247,2589,1272
198668790803,192,3096,93,6538,2590,1272
198668801976,116,2849,361,34201,2591,1272
198668812711,21,2932,164,4030,2591,1273
198668824124,221,3241,99,7315,2592,1273
198668835173,261,3319,412,33525,2593,1273
198668846251,19,2877,53,3006,2593,1274
198668857333,450,3075,106,8871,2594,1274
198668868299,424,3054,158,14733,2595,1274
198668879418,19,2985,52,2456,2595,1275
198668890711,314,3011,56,2033,2596,1275
198668901752,149,3528,354,35628,2597,1275
198668912965,21,3360,63,4095,2597,1276
198668923984,340,4372,170,15585,2598,1276
198668935310,219,4666,122,7611,2599,1276
198668946318,20,2924,40,2127,2599,1277
198668957368,335,3579,218,15305,2600,1277
198668968488,181,3203,99,7952,2601,1277
198668979552,21,3922,44,2119,2601,1278
198668990665,160,3215,62,2419,2602,1278
198669002014,237,3237,159,14546,2603,1278
198669012978,21,4403,50,1900,2603,1279
198669024034,186,4421,102,7760,2604,1279
198669035134,160,4434,1209,14813,2605,1279
198669046107,22,3145,50,2063,2605,1280
198669057182,374,4366,134,12422,2606,1280
198669068629,170,4763,213,7101,2607,1280
198669079409,19,3212,43,1840,2607,1281
198669090632,221,3500,253,24464,2608,1281
198669102186,320,3261,101,7977,2609,1281
198669112788,19,3064,44,2157,2609,1282
198669123851,131,3177,153,14647,2610,1282
198669135129,132,3167,103,7624,2611,1282
198669146159,25,6054,56,1221,2611,1283
198669157424,310,3906,84,6156,2612,1283
198669168614,130,4269,684,33693,2613,1283
198669179661,22,3098,61,3884,2613,1284
198669190759,262,3550,180,8723,2614,1284
198669201907,134,3788,167,15409,2615,1284
198669212967,25,3560,56,2467,2615,1285
198669224069,189,4225,98,7720,2616,1285
198669235434,117,3590,214,21818,2617,1285
198669246204,22,3042,47,2087,2617,1286
198669257539,181,3227,158,14578,2618,1286
198669268508,104,2788,103,8081,2619,1286
198669279553,20,2984,69,1967,2619,1287
198669290732,431,3288,160,14888,2620,1287
198669301825,403,2989,55,2498,2621,1287
198669312858,19,2810,45,2003,2621,1288
198669324066,245,3571,87,6801,2622,1288
198669334941,330,3032,76,5197,2623,1288
198669346458,19,3099,38,1168,2623,1289
198669357537,341,3095,333,35660,2624,1289
198669368563,201,3205,76,4364,2625,1289
198669379480,23,4614,79,2505,2625,1290
198669390859,188,3349,56,1845,2626,1290
198669401899,262,3592,320,31784,2627,1290
198669412994,27,3250,67,3849,2627,1291
198669424207,184,3338,145,12933,2628,1291
198669435219,219,3830,126,7581,2629,1291
198669446380,23,3637,43,2261,2629,1292
198669457442,444,3435,183,15225,2630,1292
198669468397,159,3598,110,7797,2631,1292
198669479509,23,3262,46,2216,2631,1293
198669490501,250,3877,60,2512,2632,1293
198669502078,286,3621,168,14781,2633,1293
198669513124,27,2860,56,2317,2633,1294
198669523994,228,3228,104,7964,2634,1294
198669534924,181,3445,161,15040,2635,1294
198669546416,23,3457,50,2475,2635,1295
198669557278,354,3170,51,2753,2636,1295
198669568466,339,3500,49,1527,2637,1295
198669579505,20,3423,94,1073,2637,1296
198669590609,1027,3068,53,1278,2638,1296
198669601623,141,3445,42,948,2639,1296
198669612792,22,3578,46,947,2639,1297
198669624190,167,3638,331,35512,2640,1297
198669635270,325,3874,88,4611,2641,1297
198669646234,28,3440,36,1026,2641,1298
198669657318,193,3122,361,35336,2642,1298
198669668314,391,2990,160,14450,2643,1298
198669679376,22,3181,50,2671,2643,1299
198669690463,219,4468,102,7721,2644,1299
198669701967,403,3515,163,15264,2645,1299
198669713073,23,3969,55,2366,2645,1300
198669724224,158,3872,94,7953,2646,1300
198669734921,242,3482,73,5142,2647,1300
198669746483,26,4068,37,1106,2647,1301
198669757685,434,3691,184,17315,2648,1301
198669768769,354,3356,293,28457,2649,1301
198669779992,22,3031,48,2292,2649,1302
198669790845,232,3514,156,14488,2650,1302
198669802012,206,4057,55,2421,2651,1302
198669813171,43,2870,47,1996,2651,1303
198669824956,246,3274,134,7077,2652,1303
198669835073,296,3213,83,5572,2653,1303
198669846118,22,2563,32,1120,2653,1304
198669857193,320,3476,397,35663,2654,1304
198669868327,446,3181,71,4520,2655,1304
198669879378,23,2744,49,2465,2655,1305
198669890465,159,2919,86,5134,2656,1305
198669901634,122,3024,347,35656,2657,1305
198669913089,25,2626,70,4053,2657,1306
198669924133,139,3257,150,13085,2658,1306
198669934954,139,4383,106,7431,2659,1306
198669945996,47,3265,48,2295,2659,1307
198669957450,236,3498,174,15064,2660,1307
198669968556,126,4552,103,7958,2661,1307
198669979706,20,2759,45,2279,2661,1308
198669990741,118,2912,50,2602,2662,1308
198670001830,187,3134,160,14830,2663,1308
198670012925,22,2686,52,2582,2663,1309
198670024022,117,3271,117,8474,2664,1309
198670035424,175,3148,170,15350,2665,1309
198670046404,47,2834,52,2635,2665,1310
198670057317,374,4001,60,2927,2666,1310
198670068526,224,3183,136,7717,2667,1310
198670079609,45,2775,46,2103,2667,1311
198670090639,182,3587,73,4618,2668,1311
198670101848,131,4559,35,1059,2669,1311
198670112917,19,2822,34,1025,2669,1312
198670123969,168,3194,343,35665,2670,1312
198670135209,192,4442,91,4698,2671,1312
198670146460,27,3747,37,921,2671,1313
198670157095,206,4042,359,35508,2672,1313
198670168416,127,3581,160,14325,2673,1313
198670179504,22,3414,58,2605,2673,1314
198670190577,158,3211,102,7558,2674,1314
198670201910,128,3088,165,15234,2675,1314
198670212857,21,3011,54,2483,2675,1315
198670224358,208,3962,103,8059,2676,1315
198670235435,176,2736,69,2535,2677,1315
198670246441,23,3211,44,2100,2677,1316
198670257566,109,4043,168,14855,2678,1316
198670268850,117,3945,101,8109,2679,1316
198670279333,24,3376,86,2106,2679,1317
198670291196,316,3103,159,15070,2680,1317
198670301640,118,3623,71,2767,2681,1317
198670312870,21,2783,43,2215,2681,1318
198670324142,122,3296,94,7583,2682,1318
198670335364,229,4900,187,15549,2683,1318
198670346202,33,3008,59,2396,2683,1319
198670357530,197,2860,120,8025,2684,1319
198670368459,1114,3263,2385,2692,2685,1319
198670379999,22,2774,46,2244,2685,1320
198670390922,239,3351,86,5345,2686,1320
198670401927,127,3607,334,33464,2687,1320
198670412991,21,3405,66,3935,2687,1321
198670424223,303,3853,54,2548,2688,1321
198670435122,142,2892,114,7459,2689,1321
198670446128,30,3062,50,2208,2689,1322
198670457423,174,4427,167,14665,2690,1322
198670468386,213,3487,110,7703,2691,1322
198670479728,22,3077,55,2300,2691,1323
198670490743,205,3271,55,2740,2692,1323
198670501756,299,3522,192,14660,2693,1323
198670512737,20,3250,47,2312,2693,1324
198670523803,344,4200,144,8280,2694,1324
198670534941,279,4233,163,15272,2695,1324
198670546721,26,3314,49,2339,2695,1325
198670557499,448,3333,49,1997,2696,1325
198670568520,219,3153,46,1397,2697,1325
198670579900,21,3497,36,980,2697,1326
198670590819,116,3727,327,32832,2698,1326
198670601784,308,3322,122,9758,2699,1326
198670612677,21,3105,272,2406,2699,1327
198670624103,263,3337,63,2470,2700,1327
198670635204,405,3356,425,14157,2701,1327
198670646083,30,3194,52,2322,2701,1328
198670657587,137,3230,62,3020,2702,1328
198670668428,298,3218,56,2564,2703,1328
198670679736,20,3232,48,2095,2703,1329
198670690790,398,3631,96,7442,2704,1329
198670701840,321,3142,177,15365,2705,1329
198670712858,18,2880,48,2405,2705,1330
198670724193,358,3262,103,8216,2706,1330
198670735194,289,3077,46,2255,2707,1330
198670746289,21,3092,49,1985,2707,1331
198670757593,203,3184,346,14640,2708,1331
198670768593,214,3391,97,7284,2709,1331
198670779494,21,3005,33,1057,2709,1332
198670790564,294,3570,136,12587,2710,1332
198670801575,183,3623,45,1381,2711,1332
198670812683,20,3170,32,984,2711,1333
198670823775,256,3646,431,34988,2712,1333
198670835332,380,3325,183,17525,2713,1333
198670846469,20,2823,51,2767,2713,1334
198670857485,371,3265,101,7991,2714,1334
198670868415,393,4098,56,2544,2715,1334
198670879468,20,3104,45,2211,2715,1335
198670890758,271,3912,163,14865,2716,1335
198670901816,270,3118,124,8662,2717,1335
198670913010,20,2979,45,2223,2717,1336
198670924050,118,3247,142,12666,2718,1336
198670934954,187,3960,100,7601,2719,1336
198670946352,25,4323,48,2203,2719,1337
198670957348,123,4480,162,15436,2720,1337
198670968377,124,3547,100,8099,2721,1337
198670979433,20,2981,45,2199,2721,1338
198670990683,134,3164,49,2506,2722,1338
198671001801,230,3135,261,14958,2723,1338
198671012654,19,3720,828,2390,2723,1339
198671024314,218,3410,107,8348,2724,1339
198671035173,170,3156,152,14612,2725,1339
198671046427,30,3696,99,1637,2725,1340
198671057457,115,3104,219,22642,2726,1340
198671068612,116,3140,42,1622,2727,1340
198671079307,22,2818,33,985,2727,1341
198671090661,185,3351,313,32766,2728,1341
198671102001,416,3288,118,9737,2729,1341
198671113026,21,3025,51,2457,2729,1342
198671124121,201,2987,58,2534,2730,1342
198671135109,233,3290,190,14137,2731,1342
198671146120,63,3297,51,2302,2731,1343
198671157288,247,3540,58,3261,2732,1343
198671168463,261,3510,56,2561,2733,1343
198671179667,41,3207,45,2222,2733,1344
198671190548,144,3870,94,7662,2734,1344
198671202009,180,3549,165,15496,2735,1344
198671213140,20,4160,138,2609,2735,1345
198671224303,175,3109,112,8348,2736,1345
198671235326,349,3088,58,2407,2737,1345
198671246388,21,3128,48,2120,2737,1346
198671257489,290,3376,134,12542,2738,1346
198671268647,321,4140,354,37576,2739,1346
198671279331,18,2942,121,3943,2739,1347
198671290887,225,3396,182,15383,2740,1347
198671301904,204,4702,143,12642,2741,1347
198671315106,83,2998,65,2396,2741,1348
198671323825,333,3678,96,7031,2742,1348
198671334877,109,4773,77,5126,2743,1348
198671346465,21,3785,34,1073,2743,1349
198671357480,288,3242,33,1019,2744,1349
198671368251,124,4246,455,35493,2745,1349
198671379444,28,3005,128,4050,2745,1350
198671390730,417,3935,181,15049,2746,1350
198671401811,192,3480,114,8679,2747,1350
198671412776,22,3543,45,2212,2747,1351
198671423870,339,3344,139,12548,2748,1351
198671434947,118,2996,96,7508,2749,1351
198671446009,17,3186,45,2231,2749,1352
198671457182,180,3397,176,15389,2750,1352
198671468718,235,3262,144,8141,2751,1352
198671479815,36,3381,44,2113,2751,1353
198671490804,119,3296,49,2392,2752,1353
198671501920,283,3323,160,14914,2753,1353
198671512942,19,3025,51,2380,2753,1354
198671523870,179,3759,104,8246,2754,1354
198671535595,354,3332,165,15402,2755,1354
198671546046,23,4406,57,2350,2755,1355
198671557497,205,3618,92,2636,2756,1355
198671568520,271,3349,98,7204,2757,1355
198671579452,21,3042,44,2274,2757,1356
198671590502,227,2831,49,1739,2758,1356
198671601516,308,3209,77,5194,2759,1356
198671613167,21,4802,38,1118,2759,1357
198671624143,1157,3136,37,1065,2760,1357
198671635851,145,4459,361,35841,2761,1357
198671646276,44,2974,73,4067,2761,1358
198671657242,127,2816,124,9081,2762,1358
198671668357,294,3836,166,14359,2763,1358
198671679479,23,3303,48,2484,2763,1359
198671690567,198,3424,107,8456,2764,1359
198671701543,350,3123,158,14874,2765,1359
198671712914,19,4207,55,2307,2765,1360
198671724055,179,3610,107,8045,2766,1360
198671735214,154,4253,53,2384,2767,1360
198671746539,20,3719,47,2078,2767,1361
198671757276,168,3176,158,14677,2768,1361
198671768454,402,3752,112,8282,2769,1361
198671779413,23,3599,48,2158,2769,1362
198671790594,394,3833,171,15275,2770,1362
198671801573,214,5980,60,2712,2771,1362
198671812675,22,2777,42,2269,2771,1363
198671824174,122,3333,139,7676,2772,1363
198671835214,288,2908,167,15650,2773,1363
198671846272,22,2938,55,2583,2773,1364
198671857472,222,4699,108,8765,2774,1364
198671868717,162,2680,170,14937,2775,1364
198671879353,26,2515,70,2510,2775,1365
198671890525,169,2649,59,1816,2776,1365
198671901894,152,2690,359,35698,2777,1365
198671912792,32,2619,89,4083,2777,1366
198671923983,158,2631,163,15634,2778,1366
198671935312,136,2662,101,7783,2779,1366
198671946485,25,2525,45,2177,2779,1367
198671957436,108,2630,155,15455,2780,1367
198671968410,120,2711,106,8098,2781,1367
198671979638,36,2949,62,2140,2781,1368
198672006932,306,2720,90,4828,2782,1368
198672021248,159,2707,449,35728,2783,1368
198672032469,33,3686,100,4190,2783,1369
198672043583,153,4030,261,15514,2784,1369
198672054739,127,4123,76,2697,2785,1369
198672065966,26,3342,61,2178,2785,1370
198672076710,130,2754,137,7576,2786,1370
198672087947,191,3136,173,15391,2787,1370
198672099061,21,3176,58,2301,2787,1371
198672110312,143,2635,106,8042,2788,1371
198672121317,233,3482,156,14391,2789,1371
198672132335,22,3274,65,2270,2789,1372
198672143390,170,3014,104,8589,2790,1372
198672154992,210,3153,169,15291,2791,1372
198672165690,21,2964,56,2446,2791,1373
198672176753,244,3219,53,2717,2792,1373
198672188181,193,3113,45,1697,2793,1373
198672199194,19,2832,34,1031,2793,1374
198672210233,108,3907,33,1031,2794,1374
198672221249,128,2994,345,35418,2795,1374
198672232306,20,3420,157,4205,2795,1375
198672243744,346,3564,52,2717,2796,1375
198672254913,151,3626,165,14796,2797,1375
198672265865,28,3216,64,2460,2797,1376
198672276922,141,3793,99,8064,2798,1376
198672288190,247,3785,163,15414,2799,1376
198672299148,19,3096,49,2301,2799,1377
198672310098,221,3086,50,2650,2800,1377
198672321141,133,2898,96,7729,2801,1377
198672332714,19,3098,57,2247,2801,1378
198672343396,191,3954,209,15552,2802,1378
198672354926,173,3457,103,7915,2803,1378
198672365959,22,2981,51,2264,2803,1379
198672377071,297,3611,56,2590,2804,1379
198672388149,148,3322,76,3544,2805,1379
198672399259,27,2976,59,2273,2805,1380
198672410379,215,2677,167,14917,2806,1380
198672421353,135,3235,59,2985,2807,1380
198672432552,22,2984,59,2407,2807,1381
198672443713,309,3181,118,7791,2808,1381
198672454692,163,3195,192,15779,2809,1381
198672465985,23,3150,57,2613,2809,1382
198672477020,336,3265,107,8505,2810,1382
198672488013,403,3468,52,2413,2811,1382
198672499082,20,2796,45,2119,2811,1383
198672510124,135,3137,155,14105,2812,1383
198672521313,209,3603,52,1817,2813,1383
198672532326,19,3249,39,1046,2813,1384
198672543733,243,3199,32,1040,2814,1384
198672554511,172,5301,404,34216,2815,1384
198672565660,23,3185,63,4071,2815,1385
198672577493,344,3317,103,8048,2816,1385
198672588213,246,3899,173,15185,2817,1385
198672599288,23,3177,53,2397,2817,1386
198672610328,375,3147,111,7880,2818,1386
198672621312,251,3766,52,2508,2819,1386
198672632637,27,3159,66,2191,2819,1387
198672643519,232,2931,97,2867,2820,1387
198672655168,394,4052,177,15199,2821,1387
198672666022,28,2828,56,2426,2821,1388
198672677041,350,3340,58,3309,2822,1388
198672688248,381,3040,163,7294,2823,1388
198672699360,20,2984,46,2239,2823,1389
198672710384,364,3085,164,15488,2824,1389
198672721478,731,3174,152,8131,2825,1389
198672732526,21,3131,52,2193,2825,1390
198672743900,123,2996,48,2479,2826,1390
198672754920,274,3013,161,15077,2827,1390
198672765943,20,3093,47,2180,2827,1391
198672777090,322,3318,50,1746,2828,1391
198672788036,122,3943,34,973,2829,1391
198672799226,21,3164,47,973,2829,1392
198672810375,318,3793,343,34125,2830,1392
198672821374,135,3111,116,9479,2831,1392
198672832712,29,2975,63,2660,2831,1393
198672843612,163,3540,158,15013,2832,1393
198672854683,224,3812,163,7831,2833,1393
198672866004,22,2862,55,2356,2833,1394
198672877073,127,2635,54,2775,2834,1394
198672887944,151,3711,184,14814,2835,1394
198672899166,21,2885,59,2481,2835,1395
198672910184,398,2913,56,2728,2836,1395
198672921179,177,3409,61,3553,2837,1395
198672932688,34,2813,47,2151,2837,1396
198672943734,111,3076,90,7270,2838,1396
198672954844,108,3066,165,15241,2839,1396
198672965908,20,2804,52,2351,2839,1397
198672976973,293,3021,106,8060,2840,1397
198672988031,272,3037,45,2279,2841,1397
198672998976,19,2723,49,2014,2841,1398
198673010369,187,2900,159,14619,2842,1398
198673021436,114,2750,109,8127,2843,1398
198673032591,26,3312,51,2285,2843,1399
198673043360,216,3629,191,15292,2844,1399
198673054967,219,2985,139,2835,2845,1399
198673066088,22,3074,50,2236,2845,1400
198673077081,371,3380,46,1502,2846,1400
198673088549,515,2969,33,973,2847,1400
198673099224,21,3149,38,973,2847,1401
198673110047,315,4305,336,35515,2848,1401
198673121652,333,4307,70,4275,2849,1401
198673132631,21,3068,54,2467,2849,1402
198673143597,141,3541,160,14734,2850,1402
198673154703,368,3119,65,3118,2851,1402
198673165795,20,2909,47,2280,2851,1403
198673176959,1650,3364,56,2502,2852,1403
198673188003,426,4288,157,7452,2853,1403
198673199154,21,3180,48,2132,2853,1404
198673210305,167,3832,161,15292,2854,1404
198673221131,141,3287,104,8141,2855,1404
198673232690,19,3216,48,2144,2855,1405
198673243500,192,3903,55,2430,2856,1405
198673254626,114,2990,156,14880,2857,1405
198673265547,83,3253,53,2536,2857,1406
198673277201,199,3211,124,8021,2858,1406
198673288220,173,2984,163,15008,2859,1406
198673299260,20,2855,60,2513,2859,1407
198673310159,162,3047,46,2060,2860,1407
198673321259,304,3115,347,35054,2861,1407
198673332773,19,2748,68,4244,2861,1408
198673343780,112,2902,167,16107,2862,1408
198673354811,174,2832,100,7824,2863,1408
198673365907,19,3108,50,2171,2863,1409
198673377091,167,3734,53,2494,2864,1409
198673388344,234,3476,158,14806,2865,1409
198673399232,28,2849,68,2470,2865,1410
198673410369,140,3220,57,3389,2866,1410
198673421441,340,2796,57,2535,2867,1410
198673432563,22,3188,48,2249,2867,1411
198673443573,182,3782,102,7590,2868,1411
198673454680,209,4798,167,15572,2869,1411
198673465809,22,3548,56,2628,2869,1412
198673476861,221,3990,107,8342,2870,1412
198673488064,131,3266,54,2379,2871,1412
198673499037,24,2811,49,2136,2871,1413
198673510120,2617,3750,220,15023,2872,1413
198673521226,189,4165,103,8075,2873,1413
198673532700,22,3021,49,2247,2873,1414
198673543489,136,2695,165,15234,2874,1414
198673554598,193,3039,57,2898,2875,1414
198673565661,21,2892,116,2278,2875,1415
198673576684,119,2639,101,7697,2876,1415
198673587907,280,4150,50,2049,2877,1415
198673598967,20,3195,44,1570,2877,1416
198673610318,98,3825,69,5214,2878,1416
198673621466,102,3875,351,35523,2879,1416
198673632615,19,3154,324,4055,2879,1417
198673643763,267,3526,199,15152,2880,1417
198673655116,432,3345,68,3469,2881,1417
198673665636,23,3229,51,2303,2881,1418
198673677232,255,3210,52,2456,2882,1418
198673687857,134,3588,94,7341,2883,1418
198673699030,32,3401,51,2197,2883,1419
198673710127,183,3053,160,15314,2884,1419
198673721154,186,3561,104,8119,2885,1419
198673732587,21,3081,47,2100,2885,1420
198673743877,128,2995,53,2363,2886,1420
198673754788,156,2950,152,14465,2887,1420
198673765754,23,3541,48,1801,2887,1421
198673776762,365,3697,267,27647,2888,1421
198673788138,169,3183,159,14945,2889,1421
198673799141,19,3342,49,1576,2889,1422
198673810174,303,3382,214,21942,2890,1422
198673821276,154,3189,97,7388,2891,1422
198673832293,19,3324,49,2048,2891,1423
198673843357,138,3208,166,14572,2892,1423
198673854943,227,3815,278,27232,2893,1423
198673865931,23,3034,65,3489,2893,1424
198673876957,313,3727,161,14935,2894,1424
198673888069,107,3918,55,1981,2895,1424
198673899072,20,3436,43,992,2895,1425
198673910341,149,2989,39,992,2896,1425
198673921415,133,3068,36,992,2897,1425
198673932488,21,3584,38,992,2897,1426
198673943731,165,3738,503,35222,2898,1426
198673955303,116,3189,179,17566,2899,1426
198673965855,20,3274,58,2838,2899,1427
198673976887,121,2958,296,8016,2900,1427
198673988445,175,2975,53,2719,2901,1427
198673998904,18,2928,48,2221,2901,1428
198674010270,182,2769,152,14753,2902,1428
198674021417,193,3017,104,8294,2903,1428
198674032375,25,3053,49,2209,2903,1429
198674043532,391,3228,162,15015,2904,1429
198674054709,253,3655,143,12738,2905,1429
198674065751,22,3672,56,2387,2905,1430
198674076878,276,3402,96,7705,2906,1430
198674087935,232,3362,172,15618,2907,1430
198674099381,22,2945,46,2217,2907,1431
198674110460,364,3238,102,8723,2908,1431
198674121501,135,3633,167,14884,2909,1431
198674132376,24,3049,57,2477,2909,1432
198674143670,129,2971,97,7409,2910,1432
198674154826,142,3686,72,4137,2911,1432
198674166008,24,2957,40,1094,2911,1433
198674177257,226,3328,390,33433,2912,1433
198674188328,274,3354,119,10032,2913,1433
198674198963,20,3318,55,2451,2913,1434
198674210536,214,3507,162,15392,2914,1434
198674221581,201,3665,146,7876,2915,1434
198674232747,22,2886,46,2171,2915,1435
198674243787,229,3047,54,2486,2916,1435
198674254846,111,3134,154,14717,2917,1435
198674265652,20,3472,54,2395,2917,1436
198674276676,221,3017,195,8167,2918,1436
198674287943,153,3115,167,15150,2919,1436
198674298948,28,2969,54,2590,2919,1437
198674310035,144,2967,55,2899,2920,1437
198674321553,109,2961,100,7623,2921,1437
198674332668,19,2941,45,2125,2921,1438
198674343743,143,3017,163,15459,2922,1438
198674354879,113,3007,94,7065,2923,1438
198674365723,21,3123,51,1990,2923,1439
198674376739,119,3203,230,23832,2924,1439
198674387777,213,3252,105,8406,2925,1439
198674399053,20,3007,55,2101,2925,1440
198674410293,189,3324,85,6389,2926,1440
198674421265,310,3128,43,1240,2927,1440
198674432310,24,2959,37,1125,2927,1441
198674443412,238,3116,41,1114,2928,1441
198674454434,115,3268,313,33143,2929,1441
198674465982,22,2799,70,3915,2929,1442
198674477067,127,3658,102,8502,2930,1442
198674488206,615,3042,57,2442,2931,1442
198674499063,20,3213,48,2101,2931,1443
198674510393,376,3105,152,14281,2932,1443
198674521178,226,3988,104,8138,2933,1443
198674532290,21,3225,46,2039,2933,1444
198674543805,1345,3065,161,15089,2934,1444
198674554809,289,3741,54,2864,2935,1444
198674565804,19,2922,80,2170,2935,1445
198674576937,130,3051,91,7534,2936,1445
198674587861,226,3220,165,15479,2937,1445
198674599313,26,3072,55,2300,2937,1446
198674610320,133,3035,94,7891,2938,1446
198674621576,340,3801,154,14382,2939,1446
198674632730,22,3048,68,2449,2939,1447
198674643783,216,3168,109,8186,2940,1447
198674654791,336,3578,421,24270,2941,1447
198674665800,25,3930,65,3177,2941,1448
198674676967,139,3304,50,3109,2942,1448
198674687965,138,3242,49,1692,2943,1448
198674699013,21,3360,36,950,2943,1449
198674710022,117,3143,33,949,2944,1449
198674721224,113,3573,33,950,2945,1449
198674732456,27,3613,52,949,2945,1450
198674743572,241,3755,596,35370,2946,1450
198674754760,372,3262,178,16503,2947,1450
198674765798,25,3303,64,2764,2947,1451
198674776682,224,3498,114,8170,2948,1451
198674788480,201,4538,187,15352,2949,1451
198674799313,22,3024,53,2381,2949,1452
198674810330,241,3620,53,2706,2950,1452
198674821365,121,3474,95,7721,2951,1452
198674832377,25,3230,49,2188,2951,1453
198674843488,309,4799,207,15479,2952,1453
198674854832,196,3148,96,7998,2953,1453
198674865668,23,3135,54,2296,2953,1454
198674877098,282,3141,148,13860,2954,1454
198674888246,433,3655,121,8276,2955,1454
198674899392,25,3413,61,2097,2955,1455
198674910389,284,4679,199,15686,2956,1455
198674921060,143,3316,53,2773,2957,1455
198674932561,25,3068,57,2060,2957,1456
198674943641,275,3165,48,1504,2958,1456
198674954797,123,3561,37,978,2959,1456
198674965803,22,3380,41,978,2959,1457
198674976852,302,3056,371,35679,2960,1457
198674987921,114,3268,68,4458,2961,1457
198674999124,21,2946,87,2468,2961,1458
198675010168,260,3675,153,14682,2962,1458
198675021565,379,3381,99,7983,2963,1458
198675032713,21,2991,48,2194,2963,1459
198675043714,304,3018,161,15168,2964,1459
198675054834,221,3539,68,2594,2965,1459
198675065795,26,3072,53,2262,2965,1460
198675076890,146,2697,150,7701,2966,1460
198675087836,144,2731,179,15545,2967,1460
198675099379,28,2597,65,2502,2967,1461
198675110404,159,2624,109,8146,2968,1461
198675121451,174,2662,65,2407,2969,1461
198675132347,31,2705,80,2093,2969,1462
198675143410,169,2658,57,2789,2970,1462
198675154505,162,2688,172,16014,2971,1462
198675166144,18,2598,55,2568,2971,1463
198675176741,197,38178,89,2865,2972,1463
198675226402,160,2753,48,1663,2973,1463
198675237402,138,2645,47,977,2974,1463
198675248584,27,3483,51,977,2974,1464
198675259795,240,4044,519,35854,2975,1464
198675270935,112,4071,169,9887,2976,1464
198675282043,22,3559,54,2640,2976,1465
198675293134,184,3272,163,13947,2977,1465
198675304178,141,3141,58,2718,2978,1465
198675315224,27,3017,58,2194,2978,1466
198675326437,197,3744,147,7639,2979,1466
198675337629,280,3142,164,14690,2980,1466
198675348695,21,3153,55,2367,2980,1467
198675360116,321,4450,1475,8056,2981,1467
198675371243,844,3152,172,14280,2982,1467
198675381919,56,3449,60,2224,2982,1468
198675392976,190,3112,115,7975,2983,1468
198675404126,163,3057,182,16224,2984,1468
198675415243,26,4188,58,2359,2984,1469
198675426393,163,3973,52,2662,2985,1469
198675437717,179,3365,47,1697,2986,1469
198675448816,20,3374,34,957,2986,1470
198675459878,335,4560,34,956,2987,1470
198675470990,268,3583,344,35566,2988,1470
198675482162,20,3282,79,4209,2988,1471
198675493201,134,3170,61,2719,2989,1471
198675504222,1130,3363,157,14734,2990,1471
198675515632,29,3015,66,2357,2990,1472
198675526564,173,3221,101,7915,2991,1472
198675537730,238,3305,166,15283,2992,1472
198675548658,24,3043,60,2444,2992,1473
198675559731,252,3948,57,2733,2993,1473
198675570826,142,3589,101,7621,2994,1473
198675582365,24,3408,49,2133,2994,1474
198675593407,183,3849,198,15529,2995,1474
198675604321,149,3779,99,7127,2996,1474
198675615378,24,3124,49,1155,2996,1475
198675626454,239,3353,360,42455,2997,1475
198675637742,130,3187,111,8839,2998,1475
198675648924,29,3489,61,1693,2998,1476
198675659790,217,3030,100,6609,2999,1476
198675670914,147,3383,321,33977,3000,1476
198675681925,22,2947,72,4037,3000,1477
198675693008,239,3442,44,1572,3001,1477
198675704553,138,3431,34,929,3002,1477
198675715578,25,3107,43,930,3002,1478
198675726638,284,4108,35,929,3003,1478
198675737733,154,3048,334,35163,3004,1478
198675748803,21,3283,68,3933,3004,1479
198675759691,137,3454,161,14940,3005,1479
198675770923,128,3644,167,8041,3006,1479
198675782895,24,3153,47,2254,3006,1480
198675793397,125,3076,166,15233,3007,1480
198675804367,147,3831,59,2907,3008,1480
198675815646,25,2779,48,2260,3008,1481
198675826669,129,3540,106,7771,3009,1481
198675837663,174,3099,170,15484,3010,1481
198675848796,25,2943,65,2378,3010,1482
198675859834,220,2936,108,7964,3011,1482
198675871234,283,2834,156,14368,3012,1482
198675882241,21,3002,60,2456,3012,1483
198675893299,138,2869,152,8359,3013,1483
198675904461,192,2878,187,15975,3014,1483
198675915240,22,2783,58,2597,3014,1484
198675926767,119,3207,54,2823,3015,1484
198675937835,111,3326,134,7634,3016,1484
198675948872,20,3271,49,2201,3016,1485
198675960059,132,3187,74,4534,3017,1485
198675971075,156,2933,28,1080,3018,1485
198675982088,19,3508,39,1040,3018,1486
198675993198,271,3076,34,1033,3019,1486
198676004256,106,3139,440,35788,3020,1486
198676015541,19,2941,83,4069,3020,1487
198676026433,121,2990,103,8309,3021,1487
198676037418,230,2878,236,14081,3022,1487
198676048855,26,3252,57,2474,3022,1488
198676060032,179,2986,57,2606,3023,1488
198676071213,218,3122,120,7669,3024,1488
198676082096,20,3102,53,2174,3024,1489
198676093282,121,2858,166,14682,3025,1489
198676104089,125,2870,99,7735,3026,1489
198676115296,20,2904,48,2064,3026,1490
198676126480,129,3672,49,2344,3027,1490
198676137466,115,2920,59,2602,3028,1490
198676148739,19,3560,52,2069,3028,1491
198676159807,1579,3643,95,6221,3029,1491
198676170910,119,3082,240,24371,3030,1491
198676182054,20,3917,62,3360,3030,1492
198676193254,124,3600,94,7533,3031,1492
198676204282,121,3723,266,24140,3032,1492
198676215311,20,2887,56,3068,3032,1493
198676226677,116,3137,105,8306,3033,1493
198676237702,129,2829,80,5161,3034,1493
198676248790,22,3133,38,1099,3034,1494
198676259780,116,3464,36,1052,3035,1494
198676270819,211,3322,358,35547,3036,1494
198676281907,38,3045,77,4022,3036,1495
198676292939,134,3008,161,15442,3037,1495
198676304499,103,2962,54,2826,3038,1495
198676315334,19,2617,47,2247,3038,1496
198676326738,426,2981,99,7563,3039,1496
198676337840,395,4017,174,15500,3040,1496
198676348864,21,3299,54,2341,3040,1497
198676359841,120,2844,103,8140,3041,1497
198676370909,403,3678,54,2447,3042,1497
198676382015,25,3599,59,2203,3042,1498
198676393007,120,3925,154,14830,3043,1498
198676404125,146,4209,64,2675,3044,1498
198676415373,20,3364,95,2173,3044,1499
198676426431,109,2658,51,3018,3045,1499
198676437491,683,3513,94,7122,3046,1499
198676448989,25,3088,53,2226,3046,1500
198676459624,148,2774,163,15308,3047,1500
198676470876,196,2998,47,1642,3048,1500
198676481887,21,3218,39,1009,3048,1501
198676493472,234,2893,350,35617,3049,1501
198676504539,128,3421,181,16648,3050,1501
198676515378,30,2846,66,2875,3050,1502
198676526344,527,3239,127,8296,3051,1502
198676538699,238,3034,181,15384,3052,1502
198676548909,27,2881,53,2349,3052,1503
198676559928,220,3201,61,2630,3053,1503
198676570961,571,2950,100,7703,3054,1503
198676582047,20,2786,48,2176,3054,1504
198676593100,442,2957,165,15397,3055,1504
198676604114,450,3239,105,7542,3056,1504
198676615376,21,2785,48,2077,3056,1505
198676626472,171,2830,173,14511,3057,1505
198676637481,220,3847,51,1796,3058,1505
198676649017,22,2916,51,1006,3058,1506
198676659892,217,3357,47,1006,3059,1506
198676670964,198,3257,326,33385,3060,1506
198676681958,23,3191,71,3882,3060,1507
198676693104,433,3381,107,8641,3061,1507
198676704248,225,3065,196,15309,3062,1507
198676715523,21,3066,54,2424,3062,1508
198676726504,156,3330,102,8045,3063,1508
198676737505,131,3241,49,2287,3064,1508
198676748565,21,2923,47,1931,3064,1509
198676759750,207,2921,249,23801,3065,1509
198676771110,120,2988,103,8639,3066,1509
198676782085,20,2953,95,2417,3066,1510
198676793136,131,3402,207,15119,3067,1510
198676804388,157,2959,55,2512,3068,1510
198676815483,19,3429,47,1727,3068,1511
198676826871,190,3469,393,27041,3069,1511
198676837390,135,3082,167,15610,3070,1511
198676848926,21,2929,53,2296,3070,1512
198676859943,312,2943,102,8586,3071,1512
198676870870,439,3125,155,14581,3072,1512
198676881863,34,2810,49,2225,3072,1513
198676893419,233,4299,104,8095,3073,1513
198676904410,143,2894,75,4381,3074,1513
198676915588,48,3047,41,1049,3074,1514
198676927139,275,2995,66,3713,3075,1514
198676937381,158,2979,39,1303,3076,1514
198676948739,21,2657,40,943,3076,1515
198676960766,172,3064,35,944,3077,1515
198676971119,604,3123,409,35558,3078,1515
198676981926,21,2948,70,4177,3078,1516
198676993231,224,3216,74,2680,3079,1516
198677004177,194,3035,153,14532,3080,1516
198677015521,20,2854,47,2167,3080,1517
198677026543,120,2717,183,17746,3081,1517
198677037920,279,2902,165,15478,3082,1517
198677048842,22,3017,55,2353,3082,1518
198677059819,159,3142,49,2532,3083,1518
198677071031,199,3884,99,7560,3084,1518
198677081921,21,3393,50,2071,3084,1519
198677093447,214,3651,160,15443,3085,1519
198677104066,250,3478,149,7167,3086,1519
198677115679,20,3317,50,2117,3086,1520
198677126696,374,3273,151,14175,3087,1520
198677137715,193,3275,94,7313,3088,1520
198677148788,26,3349,51,1130,3088,1521
198677159829,202,3825,84,6062,3089,1521
198677170841,115,3479,332,33478,3090,1521
198677181858,22,3409,66,3894,3090,1522
198677193404,161,3660,102,8609,3091,1522
198677204458,215,4392,163,15213,3092,1522
198677215464,21,3415,157,2447,3092,1523
198677226307,313,3338,95,7960,3093,1523
198677237860,195,3494,53,2329,3094,1523
198677248838,23,3733,50,2070,3094,1524
198677259850,291,3968,154,14648,3095,1524
198677271242,5555,3239,110,8415,3096,1524
198677282009,24,3836,48,2123,3096,1525
198677293092,208,4525,159,15157,3097,1525
198677304260,121,3702,56,2932,3098,1525
198677315364,20,3087,52,2232,3098,1526
198677326318,183,3095,98,7747,3099,1526
198677337472,112,3713,166,15800,3100,1526
198677348949,20,3446,57,2414,3100,1527
198677360071,217,4114,105,8707,3101,1527
198677371233,142,3626,164,14954,3102,1527
198677382039,24,3300,54,2462,3102,1528
198677393141,186,3432,95,7869,3103,1528
198677404223,401,2909,80,4228,3104,1528
198677415318,28,2826,42,1107,3104,1529
198677426327,188,3150,312,33545,3105,1529
198677437877,397,3196,68,3967,3106,1529
198677448865,19,2812,55,2358,3106,1530
198677460159,182,3456,47,2215,3107,1530
198677471157,337,3252,100,7764,3108,1530
198677482155,23,3292,49,1979,3108,1531
198677493196,1197,3285,48,2245,3109,1531
198677504247,108,3826,181,14246,3110,1531
198677515456,21,3646,51,2320,3110,1532
198677526761,211,3190,104,8178,3111,1532
198677537793,339,3569,191,15256,3112,1532
198677549024,21,2979,55,2430,3112,1533
198677560115,170,3122,52,2726,3113,1533
198677570990,231,3278,98,7721,3114,1533
198677582009,26,2815,50,2139,3114,1534
198677593032,294,3248,171,15476,3115,1534
198677604079,637,3532,122,7746,3116,1534
198677615194,40,4319,53,2158,3116,1535
198677626725,227,3374,207,13659,3117,1535
198677637716,367,3683,108,8169,3118,1535
198677648680,22,3218,55,2072,3118,1536
198677659775,168,3599,167,14999,3119,1536
198677670749,241,4125,67,3436,3120,1536
198677682270,20,3104,53,2235,3120,1537
198677693249,354,3328,44,1602,3121,1537
198677704335,123,3762,363,32810,3122,1537
198677715407,21,3003,71,3819,3122,1538
198677726423,186,3449,103,8242,3123,1538
198677737687,366,3192,53,2567,3124,1538
198677748720,21,2789,50,2198,3124,1539
198677759752,120,3204,151,13972,3125,1539
198677770892,121,2916,126,8006,3126,1539
198677781996,19,2564,46,2005,3126,1540
198677793332,200,3284,166,14955,3127,1540
198677804417,158,2717,58,2626,3128,1540
198677815315,32,2628,58,2176,3128,1541
198677826483,154,2671,105,7452,3129,1541
198677837583,192,2656,187,15661,3130,1541
198677848856,26,2591,58,2218,3130,1542
198677859849,144,2620,98,7858,3131,1542
198677870913,120,2633,156,14091,3132,1542
198677916702,192,3076,60,1997,3133,1542
198677931365,343,2893,101,3768,3134,1542
198677942620,346,4035,853,36973,3135,1542
198677954071,154,4037,266,16766,3136,1542
198677964726,24,3320,71,2792,3136,1543
198677975850,239,3850,153,7829,3137,1543
198677987039,205,2928,126,4804,3138,1543
198677998577,27,3339,48,1084,3138,1544
198678009156,148,3798,34,1072,3139,1544
198678020197,411,3708,378,35623,3140,1544
198678031205,25,3758,69,4061,3140,1545
198678042330,120,2959,163,15417,3141,1545
198678053691,230,3571,63,2698,3142,1545
198678064821,25,3268,55,2171,3142,1546
198678075878,124,3631,97,7461,3143,1546
198678086997,482,3604,170,15341,3144,1546
198678098024,27,3833,64,2469,3144,1547
198678109072,303,3841,105,8152,3145,1547
198678120281,188,3342,58,2338,3146,1547
198678131957,29,3129,55,2027,3146,1548
198678142514,148,3125,60,2696,3147,1548
198678153530,143,3638,177,15247,3148,1548
198678164750,28,3952,58,2499,3148,1549
198678175762,147,3127,65,3178,3149,1549
198678186708,124,2741,97,7252,3150,1549
198678198253,24,2768,59,2132,3150,1550
198678209309,322,3016,180,15464,3151,1550
198678220338,286,2967,107,7999,3152,1550
198678231348,20,2715,89,2101,3152,1551
198678242360,204,2827,53,1577,3153,1551
198678253398,123,3107,59,3072,3154,1551
198678264954,61,3021,41,1063,3154,1552
198678275806,360,3605,339,35384,3155,1552
198678286895,211,3351,176,16948,3156,1552
198678297941,23,3911,61,2785,3156,1553
198678309085,144,3337,61,2658,3157,1553
198678320132,115,2923,99,7425,3158,1553
198678331151,26,2726,106,2186,3158,1554
198678342894,189,3069,170,15271,3159,1554
198678353776,256,3056,99,7525,3160,1554
198678364834,21,2907,3418,1663,3160,1555
198678375923,116,4139,221,21919,3161,1555
198678386949,117,3250,52,2674,3162,1555
198678398050,20,3188,46,1953,3162,1556
198678409022,191,3505,155,14922,3163,1556
198678420051,146,3625,71,3213,3164,1556
198678431205,31,3281,73,1939,3164,1557
198678442244,215,3562,99,7349,3165,1557
198678453808,266,3758,169,15256,3166,1557
198678465355,24,3516,51,2053,3166,1558
198678475952,333,4186,104,7916,3167,1558
198678486960,191,3255,48,2007,3168,1558
198678498112,23,3005,54,1783,3168,1559
198678509312,280,4161,155,14091,3169,1559
198678520328,374,3360,48,1783,3170,1559
198678531251,26,2824,35,1032,3170,1560
198678542256,297,3914,433,33592,3171,1560
198678553869,297,4442,67,4044,3172,1560
198678564830,18,3188,58,2428,3172,1561
198678576066,215,3224,96,7773,3173,1561
198678587051,357,3198,158,15027,3174,1561
198678598073,20,3006,54,2435,3174,1562
198678609134,408,3356,100,8124,3175,1562
198678620244,416,3272,69,2384,3176,1562
198678631654,31,3367,52,2138,3176,1563
198678642749,205,4184,117,2824,3177,1563
198678653694,306,3630,171,15163,3178,1563
198678664446,24,3476,54,2246,3178,1564
198678676087,183,3827,56,3185,3179,1564
198678687025,324,3129,93,7336,3180,1564
198678698334,22,3346,51,2139,3180,1565
198678709391,234,3279,78,4611,3181,1565
198678720522,207,4249,360,35563,3182,1565
198678731600,23,3053,67,4007,3182,1566
198678742296,157,4009,78,4792,3183,1566
198678753496,118,2701,36,1039,3184,1566
198678764532,24,2762,93,1002,3184,1567
198678775672,121,2879,326,35588,3185,1567
198678787046,188,2902,259,16989,3186,1567
198678798293,57,3581,62,2897,3186,1568
198678809405,310,3410,53,2816,3187,1568
198678820368,152,3717,97,7708,3188,1568
198678831459,20,3082,46,2159,3188,1569
198678842767,187,3728,162,15398,3189,1569
198678853475,198,2985,96,7869,3190,1569
198678864543,29,2723,51,2314,3190,1570
198678875659,112,2859,52,2730,3191,1570
198678886844,112,2889,56,2838,3192,1570
198678898152,20,3719,48,2086,3192,1571
198678909229,217,2925,225,15172,3193,1571
198678920290,391,3191,98,3543,3194,1571
198678931452,32,2868,56,2254,3194,1572
198678942573,283,3266,107,7354,3195,1572
198678953607,318,3300,969,15563,3196,1572
198678964628,23,3069,72,2445,3196,1573
198678975983,305,2882,102,8116,3197,1573
198678987033,324,2915,56,2463,3198,1573
198678998016,22,2920,47,1992,3198,1574
198679009262,187,2715,108,5297,3199,1574
198679020324,118,3387,38,1114,3200,1574
198679031390,21,2923,50,1063,3200,1575
198679042278,317,3140,314,33536,3201,1575
198679053833,184,4037,63,4053,3202,1575
198679065109,20,3138,54,2458,3202,1576
198679075712,205,3332,93,7659,3203,1576
198679086707,154,3881,165,14952,3204,1576
198679098278,23,3578,55,2498,3204,1577
198679109446,295,3085,171,8056,3205,1577
198679120652,191,3226,59,2244,3206,1577
198679131430,33,2759,199,1869,3206,1578
198679142640,165,2881,241,23877,3207,1578
198679153438,366,3281,64,3291,3208,1578
198679164458,31,2984,129,2478,3208,1579
198679176195,215,2977,56,3286,3209,1579
198679187014,277,3146,282,7644,3210,1579
198679198037,20,2728,48,2299,3210,1580
198679209083,118,3062,166,15382,3211,1580
198679220255,305,2948,104,8140,3212,1580
198679231368,20,3089,50,2265,3212,1581
198679242675,226,3712,57,2556,3213,1581
198679253923,123,3675,163,15087,3214,1581
198679265002,22,3392,57,2548,3214,1582
198679275917,220,4130,94,7356,3215,1582
198679287008,144,3132,94,4096,3216,1582
198679298139,44,2866,35,1109,3216,1583
198679309174,227,3486,348,34245,3217,1583
198679320671,399,3016,123,9514,3218,1583
198679331356,23,2937,57,2575,3218,1584
198679342384,275,3166,164,15030,3219,1584
198679353458,486,3205,101,7853,3220,1584
198679364534,30,3087,53,2285,3220,1585
198679376037,199,3834,54,2633,3221,1585
198679387180,349,3728,162,14715,3222,1585
198679398222,24,3243,59,2485,3222,1586
198679409371,258,3114,67,2588,3223,1586
198679420278,311,3142,181,12530,3224,1586
198679431147,30,4393,289,2508,3224,1587
198679442674,366,4096,109,7929,3225,1587
198679453577,277,3633,181,15462,3226,1587
198679464461,33,3391,63,2318,3226,1588
198679475972,388,4584,104,8033,3227,1588
198679487152,388,3744,89,2465,3228,1588
198679498287,23,3273,47,2045,3228,1589
198679509250,140,2660,156,13782,3229,1589
198679520251,266,3860,71,1751,3230,1589
198679531287,24,3327,42,989,3230,1590
198679542722,179,3962,31,988,3231,1590
198679553810,103,4069,318,34267,3232,1590
198679564836,25,2826,77,3999,3232,1591
198679576174,258,3728,115,8003,3233,1591
198679587071,323,3651,174,15074,3234,1591
198679598354,29,3599,70,2488,3234,1592
198679609156,263,3506,116,8001,3235,1592
198679620309,171,3054,65,2688,3236,1592
198679631197,30,3234,67,2407,3236,1593
198679642334,313,5525,170,14859,3237,1593
198679653984,262,2785,74,2814,3238,1593
198679664818,34,2653,70,2229,3238,1594
198679675985,197,2656,74,2972,3239,1594
198679687104,207,2648,115,7284,3240,1594
198679697981,39,15604,75,2360,3240,1595
198679725094,266,2795,83,2053,3241,1595
198679736389,213,4212,134,4863,3242,1595
198679747544,30,3624,126,1085,3242,1596
198679758150,152,4356,522,35845,3243,1596
198679769410,150,4131,187,10012,3244,1596
198679780983,28,2607,73,2466,3244,1597
198679791652,181,3281,231,14117,3245,1597
198679802939,318,3540,69,2716,3246,1597
198679814068,35,2809,68,2186,3246,1598
198679825141,181,3689,119,7667,3247,1598
198679836285,215,3694,177,14877,3248,1598
198679847445,31,3038,91,2383,3248,1599
198679858485,183,3259,117,8163,3249,1599
198679869476,457,3575,70,2557,3250,1599
198679880445,29,3233,51,2171,3250,1600
198679891516,224,3845,65,2856,3251,1600
198679903067,284,4015,196,15163,3252,1600
198679914108,32,4013,69,2540,3252,1601
198679925085,330,3701,72,3564,3253,1601
198679936303,185,3134,199,7506,3254,1601
198679947227,28,3231,58,2177,3254,1602
198679958331,171,3222,203,15521,3255,1602
198679969489,162,3909,115,8108,3256,1602
198679980622,28,3509,164,2178,3256,1603
198679991579,195,3449,66,2506,3257,1603
198680002800,198,3094,67,3175,3258,1603
198680013767,31,2727,47,1004,3258,1604
198680024997,138,2841,39,988,3259,1604
198680035962,123,2730,37,981,3260,1604
198680047207,21,2684,31,981,3260,1605
198680058352,119,2905,516,34233,3261,1605
198680069458,379,3606,114,9444,3262,1605
198680080535,22,3386,53,2522,3262,1606
198680091491,243,3504,161,14034,3263,1606
198680102752,373,3247,361,37615,3264,1606
198680113997,45,4649,76,4146,3264,1607
198680125045,363,3165,55,3122,3265,1607
198680136075,198,4287,62,2924,3266,1607
198680147176,25,3396,49,2106,3266,1608
198680158225,172,3153,179,15024,3267,1608
198680169508,299,4611,74,3510,3268,1608
198680180604,29,3180,54,2282,3268,1609
198680191687,253,3557,99,7839,3269,1609
198680202817,175,3245,167,15618,3270,1609
198680214067,21,2755,68,2400,3270,1610
198680224894,238,3994,145,8136,3271,1610
198680236075,122,3923,46,2280,3272,1610
198680247068,20,3838,48,1860,3272,1611
198680258634,150,3892,81,5366,3273,1611
198680269795,201,3937,37,1089,3274,1611
198680280480,21,3101,36,1048,3274,1612
198680291876,141,3239,337,33584,3275,1612
198680302995,122,2629,61,4037,3276,1612
198680313984,20,3106,54,2420,3276,1613
198680324824,419,3278,427,7619,3277,1613
198680336295,513,3046,168,14935,3278,1613
198680347354,22,2789,51,2410,3278,1614
198680358436,116,3571,101,7945,3279,1614
198680369550,185,3213,50,2343,3280,1614
198680380789,28,3456,60,2025,3280,1615
198680391820,346,3626,57,2710,3281,1615
198680402978,338,3207,218,15084,3282,1615
198680413691,32,2830,61,2424,3282,1616
198680424897,405,2967,72,3672,3283,1616
198680435987,417,3267,133,7463,3284,1616
198680447178,27,2844,50,2071,3284,1617
198680458188,169,2982,171,15380,3285,1617
198680469506,267,2854,97,7715,3286,1617
198680480535,21,2919,49,2177,3286,1618
198680491710,171,2903,44,1824,3287,1618
198680502696,113,3013,60,3060,3288,1618
198680514099,21,3383,38,1073,3288,1619
198680525127,111,3167,330,35546,3289,1619
198680536254,183,3505,177,16983,3290,1619
198680547586,20,2855,54,2857,3290,1620
198680558637,229,3391,255,2649,3291,1620
198680569861,248,3029,103,7557,3292,1620
198680580679,20,3238,47,2134,3292,1621
198680591873,208,2913,174,15271,3293,1621
198680602783,270,3890,108,7852,3294,1621
198680613855,24,3308,55,2240,3294,1622
198680624837,322,3268,52,2645,3295,1622
198680636026,240,3500,58,2755,3296,1622
198680647077,19,2992,45,2212,3296,1623
198680658538,408,3148,176,15023,3297,1623
198680669351,310,2927,57,2958,3298,1623
198680680446,19,2858,46,2210,3298,1624
198680691550,250,3504,95,7378,3299,1624
198680702600,380,3435,166,15550,3300,1624
198680714206,23,2755,71,2548,3300,1625
198680725278,257,3211,108,8307,3301,1625
198680736246,358,2962,51,2198,3302,1625
198680747289,22,2862,47,1916,3302,1626
198680758507,308,3303,78,5281,3303,1626
198680769436,429,2905,40,1081,3304,1626
198680780523,30,3855,68,1033,3304,1627
198680791647,363,3153,336,33026,3305,1627
198680802692,220,3764,74,4008,3306,1627
198680813723,35,3140,98,2388,3306,1628
198680824811,327,3918,111,7549,3307,1628
198680836096,249,3374,165,14812,3308,1628
198680846980,27,3366,60,2452,3308,1629
198680858261,337,3258,105,7984,3309,1629
198680869261,266,3177,50,2251,3310,1629
198680880475,24,2636,49,2028,3310,1630
198680891443,353,2745,155,14536,3311,1630
198680903046,156,2694,71,2700,3312,1630
198680914122,37,2525,50,2263,3312,1631
198680925182,143,2614,65,3111,3313,1631
198680936378,179,2804,114,7381,3314,1631
198680947375,30,2615,64,2123,3314,1632
198680958363,154,2650,169,15333,3315,1632
198680969632,126,2641,102,8053,3316,1632
198680980468,23,2673,139,2103,3316,1633
198681036509,202,2744,84,4896,3317,1633
198681051001,207,2766,366,34074,3318,1633
198681063393,30,2707,80,4102,3318,1634
198681074488,163,4262,167,8020,3319,1634
198681084077,31,3553,75,2304,3319,1635
198681095157,365,3857,232,14601,3320,1635
198681106291,396,3781,62,1527,3321,1635
198681117437,34,3566,47,1122,3321,1636
198681128592,271,3360,43,1110,3322,1636
198681139678,413,4471,364,35582,3323,1636
198681151189,597,4672,136,9950,3324,1636
198681161957,30,3594,69,2462,3324,1637
198681172935,214,3985,163,14582,3325,1637
198681184292,27,4452,67,2484,3325,1638
198681195418,330,3704,108,8317,3326,1638
198681206575,410,3147,171,14800,3327,1638
198681217748,133,3826,118,7968,3328,1638
198681228823,37,4063,56,2139,3328,1639
198681239898,134,3306,53,2436,3329,1639
198681250689,172,3482,164,14805,3330,1639
198681262026,26,2703,57,2302,3330,1640
198681273407,258,3261,111,8198,3331,1640
198681284568,181,3446,166,15389,3332,1640
198681295600,22,6183,57,2546,3332,1641
198681306666,172,4103,54,2871,3333,1641
198681317570,242,3831,102,7755,3334,1641
198681329012,47,2870,60,2174,3334,1642
198681339950,164,3665,194,15677,3335,1642
198681351058,284,4037,102,7437,3336,1642
198681362088,49,3055,50,2181,3336,1643
198681372992,166,3454,86,5407,3337,1643
198681384102,140,3275,37,1095,3338,1643
198681395103,23,2771,35,1068,3338,1644
198681406327,165,3656,443,35463,3339,1644
198681417584,158,4521,195,17698,3340,1644
198681428769,50,3459,54,2912,3340,1645
198681439914,128,3642,104,8479,3341,1645
198681451003,141,3659,171,15617,3342,1645
198681462123,20,3534,53,2447,3342,1646
198681473192,127,3115,98,7967,3343,1646
198681484270,259,3485,58,2408,3344,1646
198681495388,25,3523,52,2170,3344,1647
198681506471,226,4164,158,14823,3345,1647
198681517407,21,3443,70,2543,3345,1648
198681528471,344,2927,106,8460,3346,1648
198681539541,1158,3679,170,15301,3347,1648
198681551070,335,4046,58,2730,3348,1648
198681561805,31,3318,49,2239,3348,1649
198681573346,245,3178,124,7698,3349,1649
198681584314,174,3596,182,15641,3350,1649
198681595332,24,3079,55,2379,3350,1650
198681606428,299,3357,102,7908,3351,1650
198681617391,24,3048,38,1008,3351,1651
198681628501,218,3285,369,43005,3352,1651
198681640095,343,3692,105,8876,3353,1651
198681651253,148,4160,162,14309,3354,1651
198681661846,51,2787,41,1553,3354,1652
198681672935,173,3314,43,1808,3355,1652
198681684151,127,3685,333,33914,3356,1652
198681695125,20,3609,63,4014,3356,1653
198681706686,445,2877,55,3002,3357,1653
198681718047,328,3914,112,7767,3358,1653
198681728919,31,3675,49,2174,3358,1654
198681740036,141,3760,60,2578,3359,1654
198681751028,170,2961,153,14034,3360,1654
198681762050,20,3811,48,2167,3360,1655
198681773132,123,2937,109,7980,3361,1655
198681784346,178,3861,175,15191,3362,1655
198681795491,50,3641,49,2410,3362,1656
198681806561,124,2702,53,2773,3363,1656
198681817622,116,2765,106,7853,3364,1656
198681828661,27,3242,54,2143,3364,1657
198681839632,350,4170,165,15366,3365,1657
198681850989,241,3917,100,7902,3366,1657
198681862239,26,3830,50,2209,3366,1658
198681873116,191,3662,149,13594,3367,1658
198681884190,116,3684,108,8119,3368,1658
198681895340,22,3935,46,2071,3368,1659
198681906630,285,3535,164,14958,3369,1659
198681917687,186,3680,58,3426,3370,1659
198681928679,19,2692,43,2256,3370,1660
198681939840,115,3556,96,7588,3371,1660
198681950725,210,3642,164,15233,3372,1660
198681961967,31,2652,43,1946,3372,1661
198681972970,161,2972,44,1966,3373,1661
198681984322,207,3243,360,35462,3374,1661
198681995271,22,2832,65,3984,3374,1662
198682006265,135,2843,170,15026,3375,1662
198682017322,119,3225,102,8087,3376,1662
198682028516,27,2808,81,2317,3376,1663
198682040052,219,3112,162,15452,3377,1663
198682050655,21,3032,227,2504,3377,1664
198682062193,229,3124,57,2729,3378,1664
198682073121,109,2856,94,7631,3379,1664
198682084176,156,3041,169,15718,3380,1664
198682095204,21,2830,49,2392,3380,1665
198682106278,122,3205,105,8207,3381,1665
198682117341,165,2796,55,2396,3382,1665
198682128516,26,2886,46,2131,3382,1666
198682139618,174,2914,63,2774,3383,1666
198682150641,133,3163,170,15284,3384,1666
198682161835,29,2870,59,2488,3384,1667
198682173143,144,3213,63,3166,3385,1667
198682184301,292,3685,129,7324,3386,1667
198682195389,23,2888,42,2137,3386,1668
198682206367,225,3294,166,15398,3387,1668
198682217797,277,2942,44,1555,3388,1668
198682228996,20,3085,32,980,3388,1669
198682240010,271,2988,32,980,3389,1669
198682250933,119,3297,248,25759,3390,1669
198682261907,19,2811,55,3321,3390,1670
198682273044,118,3178,178,17674,3391,1670
198682284163,329,3030,157,14193,3392,1670
198682295323,19,2814,45,2267,3392,1671
198682306334,123,5304,1757,2471,3393,1671
198682317397,165,3495,95,7453,3394,1671
198682328870,45,4008,44,2123,3394,1672
198682340147,404,3756,159,14683,3395,1672
198682350598,23,4230,52,2130,3395,1673
198682362273,165,3666,112,7913,3396,1673
198682373325,188,3262,73,2270,3397,1673
198682384426,835,4000,164,14636,3398,1673
198682394999,21,3605,69,2259,3398,1674
198682406518,185,2888,71,2565,3399,1674
198682417570,185,3163,66,3208,3400,1674
198682428591,23,2894,53,2237,3400,1675
198682439644,307,4065,118,7369,3401,1675
198682450715,157,3418,164,15359,3402,1675
198682461750,22,2654,54,2469,3402,1676
198682472897,140,3004,104,8214,3403,1676
198682484454,188,3396,53,2285,3404,1676
198682495463,21,2752,47,2055,3404,1677
198682506459,383,3125,167,14923,3405,1677
198682517574,137,3743,154,8162,3406,1677
198682528669,20,3279,41,1542,3406,1678
198682539682,130,4040,84,6694,3407,1678
198682550728,249,4080,40,1196,3408,1678
198682561885,19,2709,230,1089,3408,1679
198682572973,593,3715,351,35317,3409,1679
198682584318,440,3756,183,17650,3410,1679
198682595070,21,3199,52,2813,3410,1680
198682606614,211,3129,57,1734,3411,1680
198682617751,277,3103,342,35528,3412,1680
198682628573,26,3027,83,4031,3412,1681
198682639679,168,3686,165,15063,3413,1681
198682651190,209,3348,71,2793,3414,1681
198682662136,30,3138,55,2175,3414,1682
198682673173,369,3190,60,2920,3415,1682
198682683997,25,3975,56,2217,3415,1683
198682695567,305,3827,99,7387,3416,1683
198682706530,178,4126,178,15287,3417,1683
198682717595,166,3335,105,8014,3418,1683
198682730976,27,3069,64,2120,3418,1684
198682739730,168,4010,89,2427,3419,1684
198682750837,189,3521,170,14840,3420,1684
198682761984,26,2989,59,2471,3420,1685
198682773074,244,3792,112,8242,3421,1685
198682784427,201,3522,187,15452,3422,1685
198682795481,25,4046,57,2441,3422,1686
198682806533,240,3294,59,1940,3423,1686
198682817662,204,3591,57,1429,3424,1686
198682828667,30,3547,48,993,3424,1687
198682840027,372,4124,42,993,3425,1687
198682850654,26,3875,45,993,3425,1688
198682862181,432,4282,403,35471,3426,1688
198682873279,200,4692,86,4449,3427,1688
198682883886,29,3507,66,2462,3427,1689
198682895431,160,3345,171,14733,3428,1689
198682906457,303,3311,121,7969,3429,1689
198682917565,157,4407,168,14454,3430,1689
198682928645,28,3996,61,2189,3430,1690
198682939694,151,2985,108,7476,3431,1690
198682950766,23,3035,52,2275,3431,1691
198682961876,222,3064,161,15320,3432,1691
198682972973,366,3074,105,8099,3433,1691
198682984067,123,3194,48,2296,3434,1691
198682995258,22,2750,46,2094,3434,1692
198683006360,169,3560,168,14926,3435,1692
198683017546,151,4131,112,8565,3436,1692
198683028646,25,2846,57,2176,3436,1693
198683040042,205,3166,226,15313,3437,1693
198683051052,220,3374,72,2982,3438,1693
198683061987,24,3077,51,2457,3438,1694
198683072838,437,2982,116,7795,3439,1694
198683084350,437,3353,47,1960,3440,1694
198683095370,20,3115,43,1490,3440,1695
198683106364,166,4381,83,5141,3441,1695
198683117603,185,4317,345,35781,3442,1695
198683128812,23,3014,65,4029,3442,1696
198683140025,293,3321,162,15069,3443,1696
198683151151,277,3635,239,8023,3444,1696
198683162333,29,3340,115,2182,3444,1697
198683172880,278,5000,154,12994,3445,1697
198683183927,269,3291,98,7693,3446,1697
198683195427,23,2497,60,2200,3446,1698
198683206485,327,3346,164,15424,3447,1698
198683217565,189,3218,109,8069,3448,1698
198683228694,24,3223,58,2239,3448,1699
198683239857,428,3114,65,2544,3449,1699
198683250814,2539,3192,169,14978,3450,1699
198683261929,21,3121,53,2469,3450,1700
198683272866,427,3287,109,8218,3451,1700
198683284139,136,3712,170,15451,3452,1700
198683295430,23,3292,58,2383,3452,1701
198683306343,122,4466,65,2741,3453,1701
198683317560,200,5009,106,7293,3454,1701
198683328905,80,3744,95,2350,3454,1702
198683339932,144,3320,163,15434,3455,1702
198683350779,191,3357,50,1558,3456,1702
198683361926,23,3418,36,961,3456,1703
198683373051,238,3258,46,955,3457,1703
198683384089,142,3107,346,35489,3458,1703
198683395141,23,2752,69,3986,3458,1704
198683406466,276,3044,172,8201,3459,1704
198683417444,130,3395,192,14675,3460,1704
198683428487,22,2990,62,2499,3460,1705
198683439547,138,3182,107,8427,3461,1705
198683450650,177,3360,162,14880,3462,1705
198683461772,21,3254,50,2446,3462,1706
198683472916,197,3250,102,8031,3463,1706
198683484401,273,3937,56,2551,3464,1706
198683495559,27,3446,56,2273,3464,1707
198683506584,488,3923,173,14599,3465,1707
198683517323,23,3322,68,2388,3465,1708
198683528996,265,3649,106,8341,3466,1708
198683539895,367,3421,163,15252,3467,1708
198683551067,122,4108,55,2012,3468,1708
198683562154,21,3423,39,1152,3468,1709
198683573357,137,4098,350,35586,3469,1709
198683584284,137,3218,183,17990,3470,1709
198683595212,20,3043,53,2784,3470,1710
198683606223,287,3274,106,8710,3471,1710
198683617694,135,3816,159,14531,3472,1710
198683628581,21,6043,50,1897,3472,1711
198683639615,219,3964,123,5820,3473,1711
198683651145,184,4135,79,3470,3474,1711
198683662338,27,2966,31,1053,3474,1712
198683673112,131,2900,2419,33618,3475,1712
198683684279,173,3938,65,4007,3476,1712
198683695304,20,3297,56,2445,3476,1713
198683706452,426,3224,53,2273,3477,1713
198683717782,260,3391,111,7747,3478,1713
198683728814,24,3755,47,2015,3478,1714
198683739838,138,2638,49,2317,3479,1714
198683750859,178,2627,162,14141,3480,1714
198683762109,34,2670,56,2210,3480,1715
198683773112,157,2611,106,8035,3481,1715
198683835664,2365,2725,82,4573,3482,1715
198683851965,2528,3004,370,35808,3483,1715
198683863131,24,3533,68,4277,3483,1716
198683874222,119,4121,55,2784,3484,1716
198683885351,534,4081,51,3397,3485,1716
198683896464,18,4599,50,977,3485,1717
198683908440,159,3110,45,972,3486,1717
198683918802,280,3515,354,34197,3487,1717
198683930222,23,4528,77,3955,3487,1718
198683941221,139,3176,103,7818,3488,1718
198683952289,114,3945,167,15061,3489,1718
198683963338,23,2712,55,2470,3489,1719
198683974378,134,3681,104,8023,3490,1719
198683985515,125,3498,55,2377,3491,1719
198683996567,20,3408,125,2036,3491,1720
198684007720,158,3275,75,5469,3492,1720
198684018663,303,3338,364,35804,3493,1720
198684030241,21,3467,67,4091,3493,1721
198684041238,457,3619,182,15505,3494,1721
198684052274,126,4130,58,2892,3495,1721
198684063563,21,3056,52,2169,3495,1722
198684074441,208,4445,88,6361,3496,1722
198684085488,395,3392,45,1347,3497,1722
198684096779,21,3095,35,1065,3497,1723
198684107725,189,3117,72,4605,3498,1723
198684118811,187,3308,364,35718,3499,1723
198684129944,22,2681,62,4047,3499,1724
198684140961,136,3320,170,15084,3500,1724
198684152230,156,3700,111,7989,3501,1724
198684163455,34,3109,53,2175,3501,1725
198684174611,128,3124,190,15809,3502,1725
198684185755,144,3234,127,7828,3503,1725
198684196729,20,3125,50,2291,3503,1726
198684207764,233,3645,255,15752,3504,1726
198684219041,223,3676,108,7961,3505,1726
198684229851,21,3299,46,2120,3505,1727
198684241085,327,3265,56,2411,3506,1727
198684252458,2792,3231,158,14768,3507,1727
198684263593,20,3548,58,2550,3507,1728
198684274529,201,3762,101,8357,3508,1728
198684285431,389,3374,166,15510,3509,1728
198684296610,22,3276,52,2597,3509,1729
198684307632,266,3130,51,2884,3510,1729
198684318667,243,3333,101,7961,3511,1729
198684330087,31,3511,46,2231,3511,1730
198684341164,501,3812,165,15596,3512,1730
198684352267,172,3894,120,7399,3513,1730
198684363293,21,3605,47,1957,3513,1731
198684374546,305,3944,74,5283,3514,1731
198684385750,199,3325,39,1089,3515,1731
198684396776,21,4375,37,1024,3515,1732
198684407598,323,3354,401,35689,3516,1732
198684419077,484,3442,183,17586,3517,1732
198684430246,19,3186,52,2883,3517,1733
198684441320,407,3025,104,8487,3518,1733
198684452279,228,3679,174,15701,3519,1733
198684463309,18,4186,56,2390,3519,1734
198684474318,274,3319,95,7904,3520,1734
198684485398,116,2934,51,2048,3521,1734
198684496388,20,2958,41,1519,3521,1735
198684507562,179,3245,342,33788,3522,1735
198684519017,217,3224,109,8820,3523,1735
198684529730,22,3935,45,2151,3523,1736
198684541259,234,3046,161,15142,3524,1736
198684552364,234,3358,52,2510,3525,1736
198684563265,55,3191,42,1733,3525,1737
198684574270,131,3542,176,17256,3526,1737
198684585355,420,3271,507,15516,3527,1737
198684596881,20,3444,45,2184,3527,1738
198684607908,336,3946,179,7777,3528,1738
198684619025,123,3306,315,33564,3529,1738
198684630172,20,3489,56,2985,3529,1739
198684641243,254,3366,107,8192,3530,1739
198684652382,313,3392,160,14794,3531,1739
198684663428,25,2909,46,2211,3531,1740
198684674584,252,3371,50,2073,3532,1740
198684685532,1398,2824,40,1060,3533,1740
198684696695,19,3244,33,1040,3533,1741
198684707818,253,3222,312,33001,3534,1741
198684718920,153,3281,117,9969,3535,1741
198684730223,20,3189,52,2616,3535,1742
198684741208,130,2656,85,2635,3536,1742
198684752298,158,2722,164,14351,3537,1742
198684802200,231,6541,51,2276,3538,1742
198684824860,165,2671,115,7769,3539,1742
198684831573,31,3493,68,2256,3539,1743
198684842607,308,4162,104,4831,3540,1743
198684853690,242,3830,370,35719,3541,1743
198684864882,28,3513,144,4219,3541,1744
198684875990,174,2731,79,2722,3542,1744
198684887136,143,3004,171,14817,3543,1744
198684898273,23,3650,58,2271,3543,1745
198684909331,165,2733,110,7889,3544,1745
198684920475,206,3014,152,13964,3545,1745
198684931301,20,3186,53,2336,3545,1746
198684942481,4049,3628,104,7690,3546,1746
198684953957,114,3098,163,15598,3547,1746
198684964988,31,3175,59,2694,3547,1747
198684975943,118,2975,95,7952,3548,1747
198684986982,119,3561,221,22044,3549,1747
198684998115,33,3028,47,2051,3549,1748
198685009170,558,3956,153,14605,3550,1748
198685020725,133,4072,45,1949,3551,1748
198685032004,20,3102,36,965,3551,1749
198685042766,115,3217,40,964,3552,1749
198685053822,124,3173,364,34371,3553,1749
198685064766,20,3207,67,3985,3553,1750
198685076133,327,3319,94,8006,3554,1750
198685087122,276,3230,185,15142,3555,1750
198685098174,18,3763,54,2375,3555,1751
198685109301,138,4298,99,8004,3556,1751
198685120376,306,3714,50,2506,3557,1751
198685131392,21,3763,51,2233,3557,1752
198685142709,216,3603,222,14746,3558,1752
198685153985,229,3381,62,2678,3559,1752
198685164887,23,2627,51,2217,3559,1753
198685176007,164,2675,65,3133,3560,1753
198685187228,159,2649,108,7165,3561,1753
198685206654,377,2681,91,5527,3562,1753
198685220890,153,3108,590,35947,3563,1753
198685232038,29,3970,95,4073,3563,1754
198685243179,268,4022,85,2793,3564,1754
198685254301,138,4334,233,14878,3565,1754
198685265387,20,3769,66,2322,3565,1755
198685276551,130,2838,143,7963,3566,1755
198685287653,225,2949,168,15189,3567,1755
198685298748,23,3324,54,2532,3567,1756
198685309803,144,3599,55,2761,3568,1756
198685321348,314,3488,99,7809,3569,1756
198685332140,21,3026,58,2178,3569,1757
198685343457,272,3774,58,2424,3570,1757
198685355081,173,4155,115,5368,3571,1757
198685365976,21,3272,40,1126,3571,1758
198685376676,249,3464,34,1081,3572,1758
198685387676,135,4346,454,36062,3573,1758
198685398702,21,3114,151,4130,3573,1759
198685410265,175,3989,117,8407,3574,1759
198685421540,156,3815,164,15465,3575,1759
198685432089,29,3143,71,2446,3575,1760
198685443589,186,2886,107,8458,3576,1760
198685455087,271,3419,174,14910,3577,1760
198685465552,23,3022,110,2402,3577,1761
198685476611,157,3400,104,8167,3578,1761
198685487925,228,3561,56,2315,3579,1761
198685499002,22,2918,49,2088,3579,1762
198685510099,207,3831,160,14787,3580,1762
198685521264,125,2816,104,8448,3581,1762
198685532317,25,2590,47,2205,3581,1763
198685543412,183,3564,171,15343,3582,1763
198685554680,299,3252,66,2771,3583,1763
198685565494,23,2886,52,2278,3583,1764
198685576476,242,3295,96,7748,3584,1764
198685587692,161,4076,207,15617,3585,1764
198685599167,21,3019,56,2597,3585,1765
198685610018,171,3945,52,1579,3586,1765
198685621073,242,3395,36,946,3587,1765
198685632086,20,3158,38,945,3587,1766
198685643165,216,3629,365,35807,3588,1766
198685654573,177,3711,57,1576,3589,1766
198685665864,23,2962,38,950,3589,1767
198685676718,141,3960,925,33087,3590,1767
198685687664,357,3339,114,9960,3591,1767
198685698754,20,3088,53,2366,3591,1768
198685710389,194,3946,162,15234,3592,1768
198685721368,246,3178,97,7717,3593,1768
198685732474,20,2931,50,2211,3593,1769
198685743472,255,3382,51,2542,3594,1769
198685754570,288,3951,158,14609,3595,1769
198685765667,21,3353,51,2306,3595,1770
198685776619,269,3302,108,8173,3596,1770
198685788012,444,4897,174,15227,3597,1770
198685799099,20,2756,52,2449,3597,1771
198685809766,146,3127,54,2707,3598,1771
198685821164,152,2628,104,7527,3599,1771
198685832239,31,2668,61,2182,3599,1772
198685843325,185,2633,174,15460,3600,1772
198685854403,213,2618,104,7332,3601,1772
198685897269,250,4270,90,4991,3602,1772
198685913132,211,2711,53,1055,3603,1772
198685924285,139,4090,515,33413,3604,1772
198685935416,113,4099,88,3979,3605,1772
198685946590,25,3503,66,2356,3605,1773
198685957676,115,2683,59,2259,3606,1773
198685968863,569,2888,189,7597,3607,1773
198685980062,22,3066,51,2108,3607,1774
198685991142,204,2914,51,2492,3608,1774
198686002225,122,3211,154,13949,3609,1774
198686013261,19,4462,48,2233,3609,1775
198686024300,227,4069,100,8094,3610,1775
198686035336,137,3229,171,15178,3611,1775
198686046780,25,3258,59,2368,3611,1776
198686057892,156,3198,67,2699,3612,1776
198686068924,115,3187,103,7622,3613,1776
198686080132,30,3188,56,2179,3613,1777
198686091233,197,4375,171,15494,3614,1777
198686102253,205,3403,98,7134,3615,1777
198686113283,21,3240,47,2132,3615,1778
198686124447,122,3096,159,14591,3616,1778
198686135437,140,4107,103,8299,3617,1778
198686146634,20,3154,59,2197,3617,1779
198686157613,376,4292,101,6409,3618,1779
198686168778,205,3059,43,1181,3619,1779
198686179854,22,3246,40,1080,3619,1780
198686191074,140,3449,325,34325,3620,1780
198686202331,194,3017,70,4481,3621,1780
198686213120,28,3327,51,2434,3621,1781
198686224518,127,3010,101,8028,3622,1781
198686235523,280,4125,49,2292,3623,1781
198686246580,22,2841,50,2049,3623,1782
198686257735,275,3086,153,14186,3624,1782
198686268946,211,3787,273,7932,3625,1782
198686280004,30,3712,59,2131,3625,1783
198686291115,161,3391,164,15111,3626,1783
198686302233,435,2981,58,2902,3627,1783
198686313331,76,3467,45,2223,3627,1784
198686324514,167,3666,100,7482,3628,1784
198686335680,363,3432,172,15629,3629,1784
198686346386,24,3365,64,2402,3629,1785
198686357435,197,3382,112,8634,3630,1785
198686369104,351,4724,166,14422,3631,1785
198686379613,25,2671,50,2041,3631,1786
198686391049,141,2973,44,2237,3632,1786
198686401909,164,3580,338,33421,3633,1786
198686413326,23,2733,65,3863,3633,1787
198686424577,253,4432,57,2450,3634,1787
198686435568,199,3520,101,8403,3635,1787
198686446652,19,3263,45,2149,3635,1788
198686457678,3788,3459,164,15118,3636,1788
198686468761,107,2961,96,7915,3637,1788
198686479895,25,2507,48,2073,3637,1789
198686490981,260,3365,56,2373,3638,1789
198686502329,267,4421,164,14683,3639,1789
198686513588,21,3713,51,2227,3639,1790
198686524215,228,3290,102,8115,3640,1790
198686535737,387,3248,167,15334,3641,1790
198686546811,29,3093,68,2635,3641,1791
198686558237,538,3229,63,2762,3642,1791
198686570623,225,2888,118,7612,3643,1791
198686580192,35,3199,70,2325,3643,1792
198686590812,369,3476,186,15456,3644,1792
198686602318,169,3228,111,7536,3645,1792
198686613389,27,2754,58,2292,3645,1793
198686624174,312,3522,163,14614,3646,1793
198686635203,192,3448,47,1893,3647,1793
198686646798,22,3488,44,1065,3647,1794
198686657530,154,3678,44,1065,3648,1794
198686668551,111,2875,322,33565,3649,1794
198686680094,20,2510,60,3914,3649,1795
198686691207,168,2683,67,2561,3650,1795
198686702179,164,2627,59,2234,3651,1795
198686713182,23,9220,450,2038,3651,1796
198686749558,794,9943,54,1658,3652,1796
198686774346,345,2713,342,35602,3653,1796
198686783132,30,4284,99,3990,3653,1797
198686793726,186,4044,278,15399,3654,1797
198686805300,152,4154,72,2788,3655,1797
198686815962,56,3046,66,2137,3655,1798
198686827135,149,2705,152,7467,3656,1798
198686838306,1061,3155,168,14403,3657,1798
198686849391,29,3638,65,1458,3657,1799
198686860447,174,3573,213,19735,3658,1799
198686871559,230,3446,79,5221,3659,1799
198686882627,24,2989,45,1203,3659,1800
198686893804,297,3588,388,35817,3660,1800
198686904923,165,3178,125,9908,3661,1800
198686915976,23,2996,63,2720,3661,1801
198686927040,292,3397,154,14705,3662,1801
198686938605,226,3938,106,7856,3663,1801
198686949721,20,4651,49,2151,3663,1802
198686961093,432,4391,253,14784,3664,1802
198686971649,220,3575,104,7853,3665,1802
198686982657,18,2899,105,2323,3665,1803
198686993817,428,3120,51,2715,3666,1803
198687004916,257,3746,155,14791,3667,1803
198687016131,21,2900,59,2481,3667,1804
198687027149,189,3858,104,8462,3668,1804
198687038208,289,3144,165,15345,3669,1804
198687049954,27,3899,66,2655,3669,1805
198687060905,366,3992,240,2917,3670,1805
198687071955,225,3987,102,7587,3671,1805
198687083184,26,3740,63,2371,3671,1806
198687094124,356,3676,162,15519,3672,1806
198687105262,331,3231,103,8034,3673,1806
198687116623,26,4177,62,2410,3673,1807
198687127195,390,3174,148,13778,3674,1807
198687138265,2754,3008,138,7922,3675,1807
198687149906,21,3872,4528,1488,3675,1808
198687160749,330,3235,85,6739,3676,1808
198687171772,165,3133,38,1224,3677,1808
198687183027,20,2831,43,1092,3677,1809
198687193765,115,3004,346,34191,3678,1809
198687205091,364,2871,63,4507,3679,1809
198687216113,19,3182,100,2475,3679,1810
198687227221,193,3537,105,8095,3680,1810
198687238269,458,3189,57,2329,3681,1810
198687249767,20,4935,65,2060,3681,1811
198687260473,142,2914,96,5392,3682,1811
198687271864,339,4077,396,35520,3683,1811
198687282963,23,3604,67,4045,3683,1812
198687293914,288,3936,161,15398,3684,1812
198687304897,368,3941,59,2691,3685,1812
198687316687,21,4478,50,2198,3685,1813
198687327398,380,3518,103,7576,3686,1813
198687338486,244,3119,167,15405,3687,1813
198687349488,20,3250,54,2489,3687,1814
198687360733,160,3988,117,8207,3688,1814
198687371753,158,3165,153,14521,3689,1814
198687382856,21,3097,55,2349,3689,1815
198687393897,385,3422,102,8265,3690,1815
198687404968,255,3361,164,15225,3691,1815
198687415967,36,3108,79,2350,3691,1816
198687427221,286,3039,56,3393,3692,1816
198687438580,160,2646,103,7459,3693,1816
198687449680,30,2641,52,2178,3693,1817
198687460365,197,2604,83,4495,3694,1817
198687471825,137,2673,36,1054,3695,1817
198687482833,18,2777,49,1022,3695,1818
198687515492,195,2699,54,1019,3696,1818
198687530360,386,3943,649,35745,3697,1818
198687541061,136,3907,269,17113,3698,1818
198687552163,131,4097,79,3076,3699,1818
198687563301,20,3362,68,2354,3699,1819
198687574432,119,2712,136,7444,3700,1819
198687585593,362,2964,277,15330,3701,1819
198687596450,23,3191,55,2397,3701,1820
198687607807,169,2981,106,8156,3702,1820
198687618946,320,2982,170,14288,3703,1820
198687629872,30,2811,55,2236,3703,1821
198687640897,329,3082,146,7781,3704,1821
198687651931,111,2932,75,4110,3705,1821
198687663006,20,3305,37,1076,3705,1822
198687674328,168,3708,41,1041,3706,1822
198687685429,131,3475,338,34346,3707,1822
198687696447,45,3336,64,4009,3707,1823
198687707424,131,3504,58,2932,3708,1823
198687718460,124,3620,100,7906,3709,1823
198687729597,34,3587,45,2083,3709,1824
198687740719,215,2991,54,2411,3710,1824
198687751850,291,3178,158,14152,3711,1824
198687763286,19,2887,45,2249,3711,1825
198687774513,182,3096,103,8059,3712,1825
198687785212,308,4121,167,15306,3713,1825
198687796459,19,3887,166,2542,3713,1826
198687807791,250,4438,60,2825,3714,1826
198687818866,460,4695,98,7905,3715,1826
198687830066,19,3275,47,2089,3715,1827
198687840876,170,4078,68,4533,3716,1827
198687852058,181,3944,349,35683,3717,1827
198687863235,20,3704,73,4012,3717,1828
198687874254,145,4058,161,15003,3718,1828
198687885370,133,3180,100,7119,3719,1828
198687896433,20,2950,32,968,3719,1829
198687907466,119,2899,85,6005,3720,1829
198687918778,167,3323,328,33811,3721,1829
198687929902,26,2768,62,3893,3721,1830
198687940881,126,3273,67,4148,3722,1830
198687952112,282,3266,46,2284,3723,1830
198687963215,19,3424,47,2064,3723,1831
198687974421,165,3189,97,7993,3724,1831
198687985428,288,3056,58,2542,3725,1831
198687996489,20,2903,41,2285,3725,1832
198688007553,274,3780,156,14143,3726,1832
198688018705,255,3338,97,7935,3727,1832
198688030277,21,3639,48,2123,3727,1833
198688040770,238,3226,158,15008,3728,1833
198688052425,207,3771,64,2868,3729,1833
198688063231,18,4004,50,2243,3729,1834
198688074373,289,3030,95,7615,3730,1834
198688085563,219,3537,312,15609,3731,1834
198688096802,22,3294,58,2546,3731,1835
198688107653,125,3226,106,8280,3732,1835
198688118961,374,3616,153,14536,3733,1835
198688129945,19,3015,63,2492,3733,1836
198688140813,476,3747,103,8254,3734,1836
198688152059,257,5333,162,15269,3735,1836
198688163043,24,3681,76,2566,3735,1837
198688174177,357,4070,52,2139,3736,1837
198688185537,202,3635,46,1345,3737,1837
198688196733,20,3258,33,929,3737,1838
198688207533,197,3598,39,930,3738,1838
198688218685,280,3706,332,35281,3739,1838
198688229611,21,2761,64,4131,3739,1839
198688240824,123,3940,55,2658,3740,1839
198688252045,203,4048,154,14669,3741,1839
198688263233,24,3273,48,2358,3741,1840
198688274338,267,3634,134,7905,3742,1840
198688285491,282,3666,165,15342,3743,1840
198688296802,20,3135,50,2494,3743,1841
198688307458,292,3036,53,2724,3744,1841
198688318898,406,3099,146,7568,3745,1841
198688329903,21,3508,58,2150,3745,1842
198688341143,365,3295,163,15405,3746,1842
198688352193,447,3283,145,7654,3747,1842
198688363339,35,3499,50,2252,3747,1843
198688374278,121,3392,51,2588,3748,1843
198688385238,423,3140,59,2759,3749,1843
198688396363,21,3654,43,2206,3749,1844
198688407843,218,3375,163,14768,3750,1844
198688419122,352,3945,64,2849,3751,1844
198688429882,30,2888,59,2280,3751,1845
198688441034,238,3465,132,8199,3752,1845
198688452119,116,2801,170,15648,3753,1845
198688463202,21,2613,52,2587,3753,1846
198688474350,129,2881,46,1621,3754,1846
198688485527,118,2917,36,1020,3755,1846
198688496404,20,2480,49,1016,3755,1847
198688507552,127,2714,363,35720,3756,1847
198688518480,138,2655,122,9767,3757,1847
198688529705,28,2540,65,2643,3757,1848
198688540748,236,2699,159,13960,3758,1848
198688552249,132,2670,62,2790,3759,1848
198688563245,20,2514,40,2203,3759,1849
198688574084,147,2642,116,7800,3760,1849
198688626297,278,2956,113,5556,3761,1849
198688640686,215,5678,41,1135,3762,1849
198688651841,110,2714,348,35653,3763,1849
198688663027,31,2828,93,4103,3763,1850
198688674152,278,4093,235,13079,3764,1850
198688685266,143,4342,77,2896,3765,1850
198688696327,24,3690,52,2161,3765,1851
198688707558,388,4093,54,2258,3766,1851
198688718911,298,3755,111,7676,3767,1851
198688729793,28,2989,57,2104,3767,1852
198688740782,181,2771,53,2428,3768,1852
198688752025,251,3114,163,14424,3769,1852
198688763491,19,2800,48,2423,3769,1853
198688774491,184,2764,104,8312,3770,1853
198688785192,114,2963,165,15310,3771,1853
198688796715,20,2813,93,2556,3771,1854
198688807642,116,2779,57,2812,3772,1854
198688818758,182,2952,97,7667,3773,1854
198688829795,25,3106,47,2178,3773,1855
198688840839,114,3649,161,15308,3774,1855
198688852122,160,3530,96,7392,3775,1855
198688863098,21,2854,45,1607,3775,1856
198688874142,221,3455,153,12981,3776,1856
198688885166,240,2886,52,2434,3777,1856
198688896682,23,2804,33,1023,3777,1857
198688907856,161,3096,43,1171,3778,1857
198688918886,130,2633,46,1158,3779,1857
198688929850,30,3339,41,969,3779,1858
198688941059,377,3300,34,970,3780,1858
198688951892,116,4337,451,32891,3781,1858
198688962985,25,3145,62,3840,3781,1859
198688974214,143,3109,110,8280,3782,1859
198688985336,111,4331,60,2562,3783,1859
198688996330,21,3495,46,2191,3783,1860
198689007716,129,3224,156,14052,3784,1860
198689018835,118,3173,109,8004,3785,1860
198689030117,26,3350,53,2011,3785,1861
198689040900,177,3378,157,15030,3786,1861
198689052203,301,3658,58,2650,3787,1861
198689063104,19,3107,101,2231,3787,1862
198689074157,142,3228,138,7552,3788,1862
198689085223,334,3317,1326,15495,3789,1862
198689096392,20,3828,90,2345,3789,1863
198689107513,211,3219,101,8146,3790,1863
198689118569,113,3547,199,14338,3791,1863
198689129626,21,2537,54,2454,3791,1864
198689140791,265,3517,101,8292,3792,1864
198689151961,157,3234,2585,15228,3793,1864
198689163042,21,2779,53,2548,3793,1865
198689174039,833,3679,63,2035,3794,1865
198689185661,334,4748,46,1340,3795,1865
198689196196,21,3227,33,933,3795,1866
198689207678,200,3051,348,35413,3796,1866
198689218571,2660,2818,81,5905,3797,1866
198689229822,21,3895,94,2391,3797,1867
198689240831,411,3167,50,2389,3798,1867
198689251951,194,3558,204,14568,3799,1867
198689263170,21,2845,50,2258,3799,1868
198689274193,319,3541,112,7769,3800,1868
198689285230,250,3314,166,15144,3801,1868
198689296423,20,2801,49,2350,3801,1869
198689307404,647,2897,54,2703,3802,1869
198689318922,266,2930,95,7564,3803,1869
198689329959,40,3192,44,2188,3803,1870
198689341140,125,3061,161,15371,3804,1870
198689352136,198,2876,108,7630,3805,1870
198689363220,28,2809,49,2202,3805,1871
198689374328,231,3509,61,2539,3806,1871
198689385506,236,3792,58,2756,3807,1871
198689396700,22,3071,51,2222,3807,1872
198689407832,382,3976,164,14726,3808,1872
198689418836,144,3579,73,3588,3809,1872
198689429964,28,3522,51,2401,3809,1873
198689440882,131,3863,98,7797,3810,1873
198689452155,206,3749,164,15604,3811,1873
198689463351,19,3195,65,2577,3811,1874
198689474376,293,4234,47,1554,3812,1874
198689485414,280,3376,32,965,3813,1874
198689496633,19,2858,32,966,3813,1875
198689507727,410,3178,339,35866,3814,1875
198689518814,349,3717,119,9705,3815,1875
198689530090,27,3302,53,2591,3815,1876
198689541168,346,3431,147,13864,3816,1876
198689552215,201,4009,58,2768,3817,1876
198689563351,20,3108,80,2238,3817,1877
198689574619,288,4586,110,7764,3818,1877
198689585364,134,2986,155,14706,3819,1877
198689596461,22,3182,47,2274,3819,1878
198689607621,276,4435,96,7997,3820,1878
198689618654,193,3152,56,2424,3821,1878
198689629678,21,3541,50,2189,3821,1879
198689640731,303,3429,55,2864,3822,1879
198689652185,333,3053,195,15125,3823,1879
198689663249,28,3062,461,2154,3823,1880
198689674337,229,3600,114,3121,3824,1880
198689685345,123,4098,94,7332,3825,1880
198689696452,21,3198,46,2262,3825,1881
198689707485,126,4140,163,15400,3826,1881
198689718489,111,2635,99,8074,3827,1881
198689730078,21,2938,47,2358,3827,1882
198689740713,216,3711,47,1882,3828,1882
198689752248,394,3399,81,3069,3829,1882
198689763399,20,3100,57,1036,3829,1883
198689774435,206,3378,38,1015,3830,1883
198689785479,443,4349,350,33308,3831,1883
198689796596,21,3056,67,3893,3831,1884
198689807488,295,3330,52,2568,3832,1884
198689818814,205,3556,99,7556,3833,1884
198689829935,20,3314,48,2234,3833,1885
198689840956,159,2975,155,14863,3834,1885
198689851998,307,3416,98,7811,3835,1885
198689863074,29,3960,47,2168,3835,1886
198689874141,248,4554,83,2526,3836,1886
198689885494,130,2762,179,14570,3837,1886
198689896515,21,2924,64,2285,3837,1887
198689907577,157,3826,49,2598,3838,1887
198689918681,240,3389,63,2513,3839,1887
198689930116,26,5155,59,2251,3839,1888
198689940829,173,3165,119,8406,3840,1888
198689955992,144,4308,170,15500,3841,1888
198689963509,24,2865,48,2302,3841,1889
198689974106,159,3783,164,8126,3842,1889
198689985303,119,2804,49,2347,3843,1889
198689996375,20,2919,44,2031,3843,1890
198690007356,122,3129,156,14439,3844,1890
198690018502,119,3341,99,7254,3845,1890
198690030066,20,4544,41,1097,3845,1891
198690041306,128,3444,88,6154,3846,1891
198690051860,958,2946,357,34499,3847,1891
198690063390,44,3971,76,4084,3847,1892
198690075249,318,3186,100,8060,3848,1892
198690085581,165,3079,162,15077,3849,1892
198690096637,46,3475,118,2449,3849,1893
198690107668,116,2652,99,8102,3850,1893
198690118749,180,3705,63,2414,3851,1893
198690129845,21,2722,56,2165,3851,1894
198690141032,242,3916,161,14737,3852,1894
198690152230,293,3298,104,8553,3853,1894
198690163289,21,2763,45,2197,3853,1895
198690174141,224,3307,146,12794,3854,1895
198690185575,374,3427,101,8047,3855,1895
198690196630,45,3036,69,2301,3855,1896
198690207779,120,3176,162,15447,3856,1896
198690218787,125,3372,149,8241,3857,1896
198690229872,20,2996,43,2243,3857,1897
198690240903,143,3158,56,2597,3858,1897
198690251929,144,3477,157,14817,3859,1897
198690262961,19,3560,74,2500,3859,1898
198690274191,132,3110,105,8467,3860,1898
198690285444,116,2757,169,15335,3861,1898
198690296601,20,4052,54,2340,3861,1899
198690307681,227,3516,53,2597,3862,1899
198690318785,149,3262,51,1552,3863,1899
198690329864,19,2834,32,979,3863,1900
198690340924,324,3089,40,979,3864,1900
198690352047,137,3623,340,35659,3865,1900
198690363250,21,3199,71,4178,3865,1901
198690374274,128,3147,52,2694,3866,1901
198690385375,170,3093,160,14717,3867,1901
198690396495,22,3361,141,2406,3867,1902
198690407552,124,3100,103,7971,3868,1902
198690418548,192,3308,229,15366,3869,1902
198690429582,50,2954,42,2284,3869,1903
198690440728,160,3780,175,9148,3870,1903
198690452273,388,3267,174,15501,3871,1903
198690463332,33,3293,91,2309,3871,1904
198690474446,213,3245,103,7931,3872,1904
198690485579,207,3797,74,2640,3873,1904
198690496678,27,3797,52,2277,3873,1905
198690507754,144,3214,157,14581,3874,1905
198690518801,173,2911,192,18107,3875,1905
198690529863,20,3033,50,2417,3875,1906
198690540735,160,2977,167,15377,3876,1906
198690552310,184,2846,57,2804,3877,1906
198690563350,32,2753,47,2248,3877,1907
198690574410,165,3076,96,7822,3878,1907
198690585420,121,2703,223,15671,3879,1907
198690596531,27,3577,57,2589,3879,1908
198690607549,124,4067,101,8174,3880,1908
198690618741,137,4210,65,4556,3881,1908
198690629778,19,3421,37,1144,3881,1909
198690641184,161,3469,365,35439,3882,1909
198690652458,216,3399,115,9839,3883,1909
198690662933,57,3315,83,2638,3883,1910
198690674046,1628,3156,145,12639,3884,1910
198690685190,184,4214,100,7623,3885,1910
198690696827,21,2813,47,2210,3885,1911
198690707505,247,3067,244,14100,3886,1911
198690718931,110,2975,136,7834,3887,1911
198690729998,21,2918,44,2169,3887,1912
198690741134,160,2904,59,2484,3888,1912
198690752100,104,2993,155,14638,3889,1912
198690763011,20,3074,48,2325,3889,1913
198690774470,113,3206,101,8220,3890,1913
198690785546,160,2958,173,15340,3891,1913
198690796517,24,2885,54,2565,3891,1914
198690807694,136,2985,57,2773,3892,1914
198690818726,169,3147,100,7348,3893,1914
198690829776,20,3161,46,2032,3893,1915
198690840789,165,3038,239,24240,3894,1915
198690851868,329,3016,92,7759,3895,1915
198690863053,19,2842,47,2458,3895,1916
198690874182,221,3435,151,14917,3896,1916
198690885135,123,2668,109,7709,3897,1916
198690896734,44,2558,51,1301,3897,1917
198690935490,956,2674,91,6090,3898,1917
198690950510,376,3481,495,32810,3899,1917
198690961732,38,3445,78,3928,3899,1918
198690972719,149,3899,153,8450,3900,1918
198690983850,125,3946,70,2581,3901,1918
198690995029,21,3812,63,2124,3901,1919
198691006357,202,2773,276,14230,3902,1919
198691017314,314,3093,120,7947,3903,1919
198691028412,21,3331,47,1992,3903,1920
198691039453,148,3695,167,14926,3904,1920
198691050715,235,3986,54,2782,3905,1920
198691061738,15,3839,51,2200,3905,1921
198691072835,258,4090,100,7591,3906,1921
198691083716,120,3461,166,15488,3907,1921
198691095225,21,3216,51,2304,3907,1922
198691106265,272,3510,106,8549,3908,1922
198691117388,176,4371,156,14087,3909,1922
198691128614,20,3695,44,1268,3909,1923
198691139641,220,3500,46,1503,3910,1923
198691150668,186,4257,385,35222,3911,1923
198691161840,20,3431,58,3942,3911,1924
198691172863,443,4091,173,15407,3912,1924
198691184027,191,3758,70,3324,3913,1924
198691195259,22,2991,49,2219,3913,1925
198691206386,374,3195,50,2292,3914,1925
198691217400,430,3446,103,7734,3915,1925
198691228526,21,2976,44,2098,3915,1926
198691239565,347,3155,58,2416,3916,1926
198691250605,181,3214,156,14561,3917,1926
198691261735,20,3234,51,2491,3917,1927
198691272718,201,4106,105,8348,3918,1927
198691283668,349,3097,176,15408,3919,1927
198691295240,27,2851,57,2459,3919,1928
198691305837,349,3218,52,2785,3920,1928
198691317392,172,2973,96,6938,3921,1928
198691328589,20,3087,47,1622,3921,1929
198691339639,415,4314,365,33595,3922,1929
198691352459,1673,2653,109,8465,3923,1929
198691361596,22,2485,52,2372,3923,1930
198691372593,136,2685,158,13535,3924,1930
198691384087,155,2672,124,7353,3925,1930
198691395027,23,2494,34,1003,3925,1931
198691406104,182,2664,100,6034,3926,1931
198691417202,217,2832,410,33459,3927,1931
198691428214,24,2525,64,3841,3927,1932
198691439301,136,2653,64,3162,3928,1932
198691450391,102,2651,46,2258,3929,1932
198691461404,19,2500,44,2037,3929,1933
198691472564,157,2694,225,8039,3930,1933
198691484364,338,3868,91,4900,3931,1933
198691495139,28,2586,44,1116,3931,1934
198691506384,215,4107,538,35559,3932,1934
198691516974,25,3847,98,4047,3932,1935
198691528139,144,4108,152,8470,3933,1935
198691539447,118,3972,234,14290,3934,1935
198691550544,22,2755,69,2428,3934,1936
198691561692,212,2754,78,2698,3935,1936
198691572987,176,3396,103,7563,3936,1936
198691584268,123,2858,161,14764,3937,1936
198691595194,21,3746,51,2358,3937,1937
198691605902,257,3478,105,8053,3938,1937
198691617023,349,3066,188,14143,3939,1937
198691628625,24,3074,45,2330,3939,1938
198691639216,128,3618,101,8022,3940,1938
198691650294,281,3188,153,14826,3941,1938
198691661856,21,3861,59,1828,3941,1939
198691672567,449,3045,229,21881,3942,1939
198691683727,174,3616,51,1624,3943,1939
198691695113,20,2988,32,957,3943,1940
198691706094,317,3463,34,957,3944,1940
198691717123,169,3531,44,957,3945,1940
198691728491,23,3177,35,957,3945,1941
198691739639,136,3879,356,35247,3946,1941
198691750875,169,3157,196,16550,3947,1941
198691761901,33,2790,58,2752,3947,1942
198691772622,355,3882,389,8113,3948,1942
198691783666,123,3284,195,15319,3949,1942
198691794773,26,2722,52,2481,3949,1943
198691806356,166,2795,61,2798,3950,1943
198691817372,119,3933,103,7668,3951,1943
198691828413,21,3213,43,2089,3951,1944
198691839450,372,2913,165,15389,3952,1944
198691850493,129,2969,98,7726,3953,1944
198691861505,34,2684,53,2365,3953,1945
198691872923,121,2824,55,2692,3954,1945
198691883973,214,2994,59,2909,3955,1945
198691894980,19,3382,45,2103,3955,1946
198691905936,111,2811,197,14970,3956,1946
198691916963,117,3013,62,1845,3957,1946
198691928269,25,3675,36,1089,3957,1947
198691939350,353,3796,375,35262,3958,1947
198691950479,218,3858,197,17789,3959,1947
198691961774,22,2875,55,2804,3959,1948
198691972841,445,3010,117,7988,3960,1948
198691983630,169,3165,80,5038,3961,1948
198691994911,26,2717,42,1145,3961,1949
198692006227,148,3210,46,1111,3962,1949
198692017041,188,3062,485,35456,3963,1949
198692028046,23,2943,69,4051,3963,1950
198692039340,126,3544,165,15501,3964,1950
198692050812,188,3395,82,2809,3965,1950
198692061848,22,3333,48,2198,3965,1951
198692072882,186,4022,91,7490,3966,1951
198692083985,154,3465,166,15299,3967,1951
198692095094,20,3998,49,2485,3967,1952
198692106119,297,3009,105,8273,3968,1952
198692117203,152,4877,54,2302,3969,1952
198692128349,21,3013,44,2024,3969,1953
198692139492,368,3800,161,14780,3970,1953
198692150485,185,4447,108,2778,3971,1953
198692161726,26,3079,48,2278,3971,1954
198692172916,4016,4406,66,2408,3972,1954
198692183980,171,3454,103,7891,3973,1954
198692195189,24,4360,72,2160,3973,1955
198692206619,182,3313,171,15443,3974,1955
198692217186,302,4264,112,7927,3975,1955
198692228417,25,2912,49,2143,3975,1956
198692239451,229,3524,73,4724,3976,1956
198692250531,163,4334,38,1060,3977,1956
198692261579,23,3696,37,1030,3977,1957
198692272998,172,3344,326,35134,3978,1957
198692284079,187,3554,178,16995,3979,1957
198692295147,21,3305,55,2799,3979,1958
198692306351,408,3177,56,2738,3980,1958
198692317140,153,3195,98,7622,3981,1958
198692328266,21,4049,46,2184,3981,1959
198692339461,204,3500,161,15408,3982,1959
198692350627,192,6547,105,7728,3983,1959
198692361680,24,3208,47,2218,3983,1960
198692372737,280,3731,53,2570,3984,1960
198692383806,143,3303,157,14810,3985,1960
198692394880,19,3317,52,2615,3985,1961
198692405903,706,3900,59,2823,3986,1961
198692417011,132,3638,146,11860,3987,1961
198692428454,30,3569,63,2402,3987,1962
198692439314,191,3973,96,7083,3988,1962
198692450419,200,3301,339,33901,3989,1962
198692461463,22,3682,55,2947,3989,1963
198692473037,286,3355,101,8127,3990,1963
198692484086,330,3138,61,2240,3991,1963
198692494985,21,3418,44,1637,3991,1964
198692506062,459,3092,159,14274,3992,1964
198692517425,461,3157,80,2443,3993,1964
198692528185,23,3364,37,1038,3993,1965
198692539388,341,4049,38,1027,3994,1965
198692550350,124,4281,352,34049,3995,1965
198692562024,24,3705,65,4000,3995,1966
198692573013,272,3148,102,8120,3996,1966
198692583866,195,4216,165,15254,3997,1966
198692594904,20,3998,46,2389,3997,1967
198692606070,265,4156,181,8051,3998,1967
198692617074,169,3662,52,2504,3999,1967
198692628353,23,3005,48,2218,3999,1968
198692639430,301,3768,155,14708,4000,1968
198692650919,391,3474,107,8185,4001,1968
198692661629,20,3466,45,2227,4001,1969
198692672802,365,3795,144,12711,4002,1969
198692683774,1185,3022,107,8181,4003,1969
198692694958,21,2931,42,2087,4003,1970
198692706044,118,2965,213,15432,4004,1970
198692717304,143,2678,114,8075,4005,1970
198692728372,23,2832,50,2242,4005,1971
198692739368,139,2829,57,2441,4006,1971
198692750635,119,3930,236,23948,4007,1971
198692761710,19,3522,51,3053,4007,1972
198692772766,136,3677,105,8637,4008,1972
198692783848,102,4199,158,15228,4009,1972
198692795076,25,2944,49,2510,4009,1973
198692805961,464,2834,52,2052,4010,1973
198692817160,183,2678,199,16689,4011,1973
198692828191,20,3463,64,2609,4011,1974
198692839196,244,4334,332,34214,4012,1974
198692850944,148,3826,114,8375,4013,1974
198692861430,23,3219,43,2204,4013,1975
198692873056,373,3431,55,2383,4014,1975
198692883956,192,2899,154,14667,4015,1975
198692895339,28,3149,45,2258,4015,1976
198692906207,319,3204,101,8022,4016,1976
198692917155,1493,2883,169,14382,4017,1976
198692928081,28,3038,58,2145,4017,1977
198692939470,397,4698,103,7476,4018,1977
198692950529,130,3170,176,15383,4019,1977
198692961595,21,2897,82,2392,4019,1978
198692972582,350,3255,107,8178,4020,1978
198692984146,373,3514,61,2523,4021,1978
198692995193,20,3693,44,2183,4021,1979
198693006165,373,3916,163,14771,4022,1979
198693017365,429,3055,100,7897,4023,1979
198693028517,21,3512,46,1613,4023,1980
198693039511,250,2781,330,33840,4024,1980
198693050537,337,3578,69,3500,4025,1980
198693061799,22,3486,78,2373,4025,1981
198693073062,2009,3283,119,7758,4026,1981
198693084582,492,3740,171,15688,4027,1981
198693095052,21,3301,51,2411,4027,1982
198693106103,224,3575,105,8209,4028,1982
198693117133,273,4028,56,2316,4029,1982
198693128218,21,4084,56,2090,4029,1983
198693139306,286,3292,168,15018,4030,1983
198693150360,1858,3424,110,8333,4031,1983
198693161517,21,3154,44,2132,4031,1984
198693172672,233,3350,117,6309,4032,1984
198693183797,275,4330,338,34988,4033,1984
198693194928,21,3615,65,4092,4033,1985
198693205960,190,4803,168,16038,4034,1985
198693217293,310,3203,99,7842,4035,1985
198693228290,20,2881,51,2395,4035,1986
198693239703,344,3512,56,2753,4036,1986
198693250310,20,3567,52,2308,4036,1987
198693261528,122,3611,153,14777,4037,1987
198693272722,285,3416,101,8421,4038,1987
198693284052,198,3832,164,15344,4039,1987
198693294973,19,3164,51,2481,4039,1988
198693305996,182,4010,55,2706,4040,1988
198693317213,211,3452,98,7772,4041,1988
198693328225,21,3633,43,2232,4041,1989
198693339321,178,3451,160,15282,4042,1989
198693350280,175,3768,77,1493,4043,1989
198693361378,20,3041,30,1080,4043,1990
198693372543,774,3115,40,1082,4044,1990
198693384077,195,3145,360,35370,4045,1990
198693395206,21,2913,66,4029,4045,1991
198693406190,237,3027,102,8291,4046,1991
198693417490,287,3226,156,14131,4047,1991
198693428444,26,3281,55,2483,4047,1992
198693439526,335,3385,69,3215,4048,1992
198693450330,2045,3147,56,2530,4049,1992
198693461908,21,2945,44,2144,4049,1993
198693472625,203,3431,99,8074,4050,1993
198693484077,232,3863,50,2261,4051,1993
198693494902,22,3351,45,2062,4051,1994
198693505972,281,3518,154,14627,4052,1994
198693517274,134,2999,104,8242,4053,1994
198693528342,26,3393,45,2163,4053,1995
198693539387,423,3076,161,15301,4054,1995
198693550476,232,3241,60,2901,4055,1995
198693561544,19,2729,42,2265,4055,1996
198693572624,175,3236,98,7738,4056,1996
198693583886,216,3227,168,15230,4057,1996
198693594774,20,2893,45,1848,4057,1997
198693606014,164,3203,222,18277,4058,1997
198693617031,203,3423,76,4771,4059,1997
198693628060,21,3071,32,1126,4059,1998
198693639299,123,2895,31,1036,4060,1998
198693650481,118,3198,348,35540,4061,1998
198693661475,49,2974,61,4025,4061,1999
198693672648,145,3245,167,15439,4062,1999
198693683601,132,3079,44,1686,4063,1999
198693694778,29,2838,33,1073,4063,2000
198693706302,184,3575,352,31936,4064,2000
198693717251,239,2852,114,9499,4065,2000
198693728259,21,3081,51,2475,4065,2001
198693739543,122,3778,56,2518,4066,2001
198693751029,170,3632,157,14575,4067,2001
198693761677,20,3291,48,2374,4067,2002
198693772622,1235,2940,104,8176,4068,2002
198693784039,215,3489,167,15454,4069,2002
198693795183,21,2945,49,2548,4069,2003
198693806218,218,3600,52,2612,4070,2003
198693817165,192,4302,187,17406,4071,2003
198693828204,21,4117,51,2454,4071,2004
198693839644,353,3565,167,15552,4072,2004
198693850921,412,3804,97,7941,4073,2004
198693862097,21,4043,49,2289,4073,2005
198693872694,391,3229,143,13671,4074,2005
198693883948,414,4403,108,7841,4075,2005
198693894844,24,3147,51,1849,4075,2006
198693905894,301,3660,87,6218,4076,2006
198693916962,170,4615,58,1169,4077,2006
198693931229,31,3079,41,1080,4077,2007
198693939517,223,3518,380,34234,4078,2007
198693950825,378,4010,77,4499,4079,2007
198693961851,21,3073,48,2417,4079,2008
198693972894,178,3389,97,8027,4080,2008
198693984006,237,3501,54,2335,4081,2008
198693994993,21,3191,48,2071,4081,2009
198694006055,198,3388,151,14145,4082,2009
198694017068,225,4361,110,8048,4083,2009
198694028519,22,3564,48,2069,4083,2010
198694039533,297,3174,119,6412,4084,2010
198694050559,240,4186,359,34269,4085,2010
198694061479,21,3845,68,4051,4085,2011
198694072745,120,3128,44,1579,4086,2011
198694083865,214,3299,315,32735,4087,2011
198694094801,51,2920,150,3824,4087,2012
198694105911,387,3343,110,8195,4088,2012
198694116955,141,3586,160,13596,4089,2012
198694128115,22,2934,47,2203,4089,2013
198694139163,162,3344,107,7983,4090,2013
198694150680,369,5788,75,4369,4091,2013
198694161488,21,3165,37,1052,4091,2014
198694172521,201,3192,40,1020,4092,2014
198694184091,128,3140,381,34110,4093,2014
198694195134,22,2918,67,3982,4093,2015
198694206226,338,3142,58,2922,4094,2015
198694217310,370,3459,105,7918,4095,2015
198694229974,25,3990,52,2104,4095,2016
198694239619,176,4205,56,2419,4096,2016
198694250614,250,3724,165,14158,4097,2016
198694261827,21,4037,47,2269,4097,2017
198694272964,179,3731,96,7733,4098,2017
198694283969,362,3851,439,33748,4099,2017
198694294975,20,2831,54,2820,4099,2018
198694306187,272,3541,82,2656,4100,2018
198694317198,380,2954,102,7520,4101,2018
198694328242,46,2884,45,2102,4101,2019
198694339333,403,3451,187,14866,4102,2019
198694350427,178,3752,181,17346,4103,2019
198694361599,26,3020,52,2164,4103,2020
198694372592,201,3631,510,13428,4104,2020
198694383627,167,4471,109,7911,4105,2020
198694394786,22,4421,213,1778,4105,2021
198694406376,298,4045,161,14730,4106,2021
198694417126,704,3239,68,2430,4107,2021
198694428186,26,2660,48,1863,4107,2022
198694439253,412,3648,55,1556,4108,2022
198694450756,191,2699,341,35274,4109,2022
198694461775,28,3456,70,4128,4109,2023
198694472483,114,4220,51,2839,4110,2023
198694483960,95,4052,48,2304,4111,2023
198694495280,18,3400,41,2008,4111,2024
198694506273,177,3133,157,14468,4112,2024
198694517472,505,3620,188,7802,4113,2024
198694528468,21,2867,42,2245,4113,2025
198694539432,154,2962,165,15201,4114,2025
198694550473,171,3302,56,2867,4115,2025
198694561436,37,2869,49,2382,4115,2026
198694572594,114,2839,110,7875,4116,2026
198694583836,138,2943,164,15547,4117,2026
198694595632,21,3184,53,2553,4117,2027
198694606100,644,3585,110,8238,4118,2027
198694617399,176,2884,55,2381,4119,2027
198694628186,22,2925,45,2078,4119,2028
198694639296,323,3081,57,2739,4120,2028
198694652545,1225,4018,187,15342,4121,2028
198694661686,23,3285,89,2484,4121,2029
198694672676,293,3604,73,2292,4122,2029
198694683845,249,3727,169,1361,4123,2029
198694694739,804,3511,49,928,4124,2029
198694706169,22,3360,36,928,4124,2030
198694717173,136,3992,367,35332,4125,2030
198694733040,27,3603,69,4167,4125,2031
198694739352,118,3377,52,2674,4126,2031
198694750364,178,3106,159,14684,4127,2031
198694761606,21,2724,53,2375,4127,2032
198694772705,321,3007,99,7952,4128,2032
198694783774,136,2655,177,15371,4129,2032
198694794947,33,2720,60,2247,4129,2033
198694805988,172,2628,65,2618,4130,2033
198694817385,121,2627,145,7690,4131,2033
198694853895,275,2664,123,5488,4132,2033
198694868059,208,4408,530,35413,4133,2033
198694879245,30,3632,87,4068,4133,2034
198694890393,262,3907,257,15182,4134,2034
198694901481,183,4230,92,2831,4135,2034
198694912661,36,2843,84,2216,4135,2035
198694923757,232,3299,121,2364,4136,2035
198694934902,288,3107,115,7948,4137,2035
198694946013,28,3568,54,2217,4137,2036
198694957068,408,3621,169,15175,4138,2036
198694968079,231,4258,100,7813,4139,2036
198694979251,25,3077,44,2142,4139,2037
198694990275,228,3644,57,2451,4140,2037
198695001818,210,3222,156,14308,4141,2037
198695012866,18,2985,128,2035,4141,2038
198695023727,155,3200,53,2333,4142,2038
198695034973,300,2982,43,1064,4143,2038
198695045973,23,3591,36,1060,4143,2039
198695056985,107,3270,412,34264,4144,2039
198695068225,237,3564,127,9504,4145,2039
198695079513,24,3265,50,2611,4145,2040
198695090422,222,3270,161,15063,4146,2040
198695101826,125,3467,94,7893,4147,2040
198695112818,20,2966,46,2234,4147,2041
198695123641,137,3401,52,2605,4148,2041
198695135161,373,2992,221,14588,4149,2041
198695146242,20,2793,46,2570,4149,2042
198695157239,134,3478,55,2827,4150,2042
198695168072,118,3464,69,2643,4151,2042
198695179177,30,3648,55,2237,4151,2043
198695190298,143,3372,101,8223,4152,2043
198695201427,253,3073,164,15437,4153,2043
198695212830,20,3700,52,2458,4153,2044
198695223854,211,3478,101,8360,4154,2044
198695235071,179,3003,66,2491,4155,2044
198695246065,23,2615,44,2237,4155,2045
198695257110,435,3151,179,14966,4156,2045
198695268239,141,3058,105,8469,4157,2045
198695279254,20,2851,47,2193,4157,2046
198695290339,215,3879,156,14480,4158,2046
198695301511,137,3817,43,1640,4159,2046
198695312758,2099,3201,41,1051,4159,2047
198695323779,110,3289,32,1050,4160,2047
198695335212,212,3475,335,33018,4161,2047
198695346377,37,3084,64,3939,4161,2048
198695356923,108,3062,104,8582,4162,2048
198695368097,115,2941,53,2377,4163,2048
198695379595,22,3026,48,2088,4163,2049
198695390767,161,3982,153,14312,4164,2049
198695401898,110,3387,179,8113,4165,2049
198695412534,20,3214,53,2077,4165,2050
198695427128,800,3439,141,12545,4166,2050
198695434691,245,3422,110,8696,4167,2050
198695446267,20,3944,68,2288,4167,2051
198695457401,140,3476,192,15393,4168,2051
198695468205,171,3527,99,7833,4169,2051
198695479160,28,2848,43,2272,4169,2052
198695490706,203,2829,66,2575,4170,2052
198695501741,282,3078,165,14823,4171,2052
198695512680,24,2985,55,2191,4171,2053
198695523771,171,3651,116,8035,4172,2053
198695534982,191,3961,173,15253,4173,2053
198695546163,21,3134,51,2513,4173,2054
198695557228,127,3307,77,2137,4174,2054
198695568228,188,3007,36,1042,4175,2054
198695579625,19,2976,34,1038,4175,2055
198695590622,193,3257,323,32916,4176,2055
198695601684,268,3704,119,9959,4177,2055
198695613181,20,3106,54,2564,4177,2056
198695623736,305,3213,54,2623,4178,2056
198695634910,199,3414,156,14332,4179,2056
198695645925,21,3284,49,2323,4179,2057
198695657026,112,3109,104,8218,4180,2057
198695669921,208,3372,168,13418,4181,2057
198695679200,26,3017,132,2405,4181,2058
198695690534,167,3659,100,8125,4182,2058
198695701657,191,3432,165,15706,4183,2058
198695712756,27,3619,49,2393,4183,2059
198695723750,339,3504,107,8256,4184,2059
198695734741,119,2643,57,2298,4185,2059
198695745812,31,2590,55,2053,4185,2060
198695801395,228,2815,84,5416,4186,2060
198695816253,28,2989,42,1082,4186,2061
198695827575,427,2816,75,5014,4187,2061
198695839363,188,4175,357,43455,4188,2061
198695849389,22,4368,75,5342,4188,2062
198695860459,119,4261,103,7832,4189,2062
198695871705,195,2922,78,4606,4190,2062
198695882371,24,3004,46,1071,4190,2063
198695893433,228,3320,349,35390,4191,2063
198695904903,116,2614,120,9811,4192,2063
198695915913,21,2777,62,2595,4192,2064
198695927202,492,2990,155,13922,4193,2064
198695938197,139,3454,73,3436,4194,2064
198695949278,22,2819,48,2189,4194,2065
198695960395,185,3241,54,2521,4195,2065
198695971475,317,3132,134,7957,4196,2065
198695982465,20,4041,51,2130,4196,2066
198695993385,238,2947,50,2423,4197,2066
198696004605,173,3687,181,14499,4198,2066
198696015714,18,3077,51,2326,4198,2067
198696026727,246,3135,106,8069,4199,2067
198696038071,228,3316,164,15299,4200,2067
198696049076,21,3092,223,2473,4200,2068
198696060132,197,2942,90,2558,4201,2068
198696071308,110,3294,172,17029,4202,2068
198696082391,20,3513,53,2317,4202,2069
198696093449,119,3319,162,15569,4203,2069
198696104658,332,3033,101,7715,4204,2069
198696115796,19,2776,49,2235,4204,2070
198696126957,276,3526,146,13650,4205,2070
198696137911,104,5680,380,7355,4206,2070
198696149081,25,2927,37,995,4206,2071
198696160243,344,3188,86,6044,4207,2071
198696171436,219,3214,338,33591,4208,2071
198696182515,24,3181,71,3840,4208,2072
198696193421,254,3696,59,3079,4209,2072
198696204683,152,3068,56,2228,4210,2072
198696215915,23,2837,54,2024,4210,2073
198696227052,240,3320,100,8010,4211,2073
198696238192,123,2848,61,2235,4212,2073
198696249204,29,2793,48,2005,4212,2074
198696260273,157,2944,182,14205,4213,2074
198696271379,111,2972,99,8119,4214,2074
198696282729,30,3255,45,2002,4214,2075
198696293675,103,2868,238,14946,4215,2075
198696304920,211,2892,66,2435,4216,2075
198696315898,24,2864,46,1699,4216,2076
198696326940,118,3272,275,26879,4217,2076
198696338271,114,2700,163,15684,4218,2076
198696348981,22,2923,49,2081,4218,2077
198696360476,133,2639,98,7802,4219,2077
198696371635,136,2634,153,14277,4220,2077
198696382664,34,2617,68,2326,4220,2078
198696394257,173,2684,149,8104,4221,2078
198696404739,178,2659,165,14977,4222,2078
198696429220,1335,2771,79,1852,4223,2078
198696444762,245,3890,539,35366,4224,2078
198696455924,257,4037,312,17786,4225,2078
198696467004,214,3821,136,8106,4226,2078
198696478179,21,3439,63,2296,4226,2079
198696489322,131,2906,73,2537,4227,2079
198696500443,276,2998,270,14482,4228,2079
198696511496,26,3042,50,2124,4228,2080
198696522539,226,2821,185,17889,4229,2080
198696534118,270,3100,170,15189,4230,2080
198696544735,20,2747,47,2383,4230,2081
198696555728,115,2821,46,2167,4231,2081
198696566772,108,2841,38,1071,4232,2081
198696578303,23,3201,29,1072,4232,2082
198696589040,585,3490,311,32950,4233,2082
198696600302,101,3469,113,10013,4234,2082
198696611354,20,3087,54,2464,4234,2083
198696622622,167,2966,50,2458,4235,2083
198696633449,28,3011,65,2064,4235,2084
198696644588,238,3245,173,14264,4236,2084
198696655862,437,3372,121,8105,4237,2084
198696667187,167,3386,158,13278,4238,2084
198696678076,31,3554,1171,2274,4238,2085
198696689150,175,3151,108,8315,4239,2085
198696700347,182,3267,176,15773,4240,2085
198696711180,21,2968,53,2665,4240,2086
198696722710,213,2901,101,8253,4241,2086
198696733744,202,3012,55,2370,4242,2086
198696744862,20,2712,41,2137,4242,2087
198696755917,363,3246,161,14960,4243,2087
198696766920,163,3623,103,8358,4244,2087
198696777950,20,3005,41,2253,4244,2088
198696789249,321,3844,195,15383,4245,2088
198696800368,117,3238,52,2594,4246,2088
198696811174,19,3057,44,1699,4246,2089
198696822246,171,3338,110,7091,4247,2089
198696833663,111,3088,76,5301,4248,2089
198696844950,20,2982,38,1138,4248,2090
198696855846,182,3619,337,35667,4249,2090
198696866920,145,3041,64,4297,4250,2090
198696877990,21,3300,48,2490,4250,2091
198696889039,197,3328,155,14907,4251,2091
198696900534,198,2992,96,8028,4252,2091
198696911550,21,2957,44,2077,4252,2092
198696922678,292,2830,166,15031,4253,2092
198696933701,160,3417,109,8334,4254,2092
198696944718,24,3393,49,2277,4254,2093
198696955997,248,3994,172,15786,4255,2093
198696966978,312,3531,99,7873,4256,2093
198696978153,20,2970,46,2192,4256,2094
198696989375,386,3407,53,2477,4257,2094
198697000265,175,3082,152,14924,4258,2094
198697011379,21,3248,55,2600,4258,2095
198697022517,294,3659,109,8432,4259,2095
198697033606,265,3185,169,15494,4260,2095
198697044663,20,3372,63,2573,4260,2096
198697055974,511,3031,60,2865,4261,2096
198697066918,142,3185,48,1603,4262,2096
198697078152,21,3523,36,958,4262,2097
198697089175,253,3219,33,958,4263,2097
198697100224,263,3994,329,35537,4264,2097
198697111659,22,3109,66,4192,4264,2098
198697122851,120,3063,118,2150,4265,2098
198697133805,689,4328,347,33503,4266,2098
198697144885,25,3754,56,2773,4266,2099
198697155857,150,3505,107,7958,4267,2099
198697166917,114,3588,175,15264,4268,2099
198697177962,29,3160,50,2029,4268,2100
198697189116,135,3941,107,8457,4269,2100
198697200366,220,3239,162,15244,4270,2100
198697211558,25,3766,53,2429,4270,2101
198697222550,399,3244,104,8103,4271,2101
198697233899,355,3300,88,4945,4272,2101
198697244751,24,3397,50,1136,4272,2102
198697255889,135,3500,349,35685,4273,2102
198697266857,164,3425,117,9944,4274,2102
198697277879,22,2775,2086,2470,4274,2103
198697288961,361,3043,150,14189,4275,2103
198697300519,129,3130,57,2668,4276,2103
198697311640,18,3580,44,2155,4276,2104
198697322479,231,3430,96,7634,4277,2104
198697333545,228,3337,162,14979,4278,2104
198697344632,21,3888,218,2488,4278,2105
198697355647,135,3656,67,1657,4279,2105
198697366717,158,2874,58,1059,4280,2105
198697378300,30,2558,45,1059,4280,2106
198697389340,157,2677,347,35647,4281,2106
198697400231,166,2737,133,9858,4282,2106
198697411540,37,2608,70,2541,4282,2107
198697422602,183,2648,175,14033,4283,2107
198697433523,151,2610,110,8529,4284,2107
198697444730,36,2618,69,2266,4284,2108
198697473627,255,3806,80,4617,4285,2108
198697489330,217,2703,40,1136,4286,2108
198697500425,177,2873,546,35940,4287,2108
198697511577,34,3582,103,4108,4287,2109
198697522702,152,3972,195,8418,4288,2109
198697533853,141,4069,229,14258,4289,2109
198697544509,17,3568,68,2451,4289,2110
198697555649,180,2830,61,2599,4290,2110
198697567083,195,3740,105,7539,4291,2110
198697579676,30,4224,72,2169,4291,2111
198697589097,351,4264,167,14514,4292,2111
198697600069,25,4655,60,2366,4292,2112
198697611525,223,4240,207,8065,4293,2112
198697622593,276,3128,179,14292,4294,2112
198697633592,200,2920,125,8314,4295,2112
198697644858,34,3728,53,2144,4295,2113
198697655900,230,3567,175,15131,4296,2113
198697667027,364,3057,60,1809,4297,2113
198697678067,30,2856,38,1073,4297,2114
198697689209,149,3915,40,1039,4298,2114
198697700348,254,3488,381,35435,4299,2114
198697711464,23,2613,64,4281,4299,2115
198697722569,125,2729,60,2990,4300,2115
198697733615,187,2994,55,2350,4301,2115
198697744698,21,2900,44,2049,4301,2116
198697755510,128,2860,154,14574,4302,2116
198697767033,109,2921,98,7912,4303,2116
198697778127,26,3858,44,2132,4303,2117
198697789333,168,3475,164,15169,4304,2117
198697800338,171,3140,83,2818,4305,2117
198697811284,84,3473,53,2387,4305,2118
198697822731,314,3157,174,7890,4306,2118
198697833515,221,3427,166,15619,4307,2118
198697844816,24,3414,52,2583,4307,2119
198697855580,130,2909,138,8237,4308,2119
198697866893,128,2753,152,14366,4309,2119
198697877944,24,2884,51,2427,4309,2120
198697889010,180,2995,108,8353,4310,2120
198697900345,140,3136,163,14948,4311,2120
198697911441,24,3626,48,2010,4311,2121
198697922633,164,3843,67,2485,4312,2121
198697933459,213,3721,322,34113,4313,2121
198697944997,22,3452,63,4006,4313,2122
198697955997,220,3740,162,8090,4314,2122
198697967168,259,3997,61,2593,4315,2122
198697978243,22,2757,46,2182,4315,2123
198697989290,150,3460,50,2440,4316,2123
198698000175,108,3718,160,14368,4317,2123
198698011248,19,3083,47,2287,4317,2124
198698022341,344,3121,104,8147,4318,2124
198698033500,187,3621,205,15222,4319,2124
198698044610,20,3718,54,2467,4319,2125
198698055669,126,3382,54,2849,4320,2125
198698066690,130,3164,94,7350,4321,2125
198698077938,25,2660,46,2208,4321,2126
198698089157,231,3522,162,15447,4322,2126
198698100331,254,3949,103,8021,4323,2126
198698111099,21,2784,43,2227,4323,2127
198698122448,150,3832,151,13759,4324,2127
198698133710,219,3171,99,7976,4325,2127
198698144686,18,2933,44,2265,4325,2128
198698155942,376,3267,162,15025,4326,2128
198698167069,184,3122,58,2505,4327,2128
198698178009,33,2876,46,1729,4327,2129
198698189033,261,2922,45,2054,4328,2129
198698200396,111,2811,334,34954,4329,2129
198698211438,20,2868,109,4112,4329,2130
198698222513,149,2998,70,2824,4330,2130
198698233597,198,2993,50,2317,4331,2130
198698244585,33,2714,45,2047,4331,2131
198698255666,167,3076,153,14550,4332,2131
198698266788,182,3417,107,7924,4333,2131
198698277786,20,3547,47,2289,4333,2132
198698288912,317,3246,171,15346,4334,2132
198698300422,317,3326,62,2903,4335,2132
198698311693,21,3188,53,2434,4335,2133
198698322802,328,3180,107,7989,4336,2133
198698333694,216,3170,209,15637,4337,2133
198698344854,21,2911,51,2440,4337,2134
198698355671,397,3250,106,8173,4338,2134
198698366801,217,3286,56,2365,4339,2134
198698378040,21,3628,44,2077,4339,2135
198698389093,293,4061,54,2748,4340,2135
198698400044,150,2689,178,15331,4341,2135
198698411116,23,4640,51,2473,4341,2136
198698422778,335,3368,65,2822,4342,2136
198698433434,222,3823,110,8180,4343,2136
198698444569,24,2884,44,2148,4343,2137
198698455602,241,3260,65,4577,4344,2137
198698466814,112,3287,36,1045,4345,2137
198698477996,19,2904,31,991,4345,2138
198698489041,314,2994,327,35384,4346,2138
198698500056,114,2938,172,16549,4347,2138
198698511455,20,3513,51,2727,4347,2139
198698522475,147,2953,103,8041,4348,2139
198698533786,132,3470,161,15234,4349,2139
198698544909,22,3101,44,2258,4349,2140
198698555857,108,2779,49,2633,4350,2140
198698566717,164,3039,100,7652,4351,2140
198698577799,21,3402,46,2046,4351,2141
198698589322,377,3376,193,15346,4352,2141
198698600522,192,3418,96,7754,4353,2141
198698611503,21,2960,50,2405,4353,2142
198698622513,377,3233,112,2695,4354,2142
198698633647,140,3479,57,2920,4355,2142
198698644477,20,3040,45,2196,4355,2143
198698656056,449,3369,251,14906,4356,2143
198698667018,168,3916,69,2809,4357,2143
198698678064,27,2951,51,2311,4357,2144
198698689232,358,3465,108,8270,4358,2144
198698700567,191,3321,167,15494,4359,2144
198698711585,29,3087,47,2297,4359,2145
198698722547,233,3336,49,1405,4360,2145
198698733558,163,3783,35,935,4361,2145
198698744555,19,3673,35,935,4361,2146
198698755552,126,3218,347,35635,4362,2146
198698770565,4579,3036,47,1652,4363,2146
198698789510,133,4006,385,33220,4364,2146
198698800621,306,3269,93,3924,4365,2146
198698811813,21,2815,46,2367,4365,2147
198698822984,130,3090,97,7468,4366,2147
198698834036,276,3184,158,14895,4367,2147
198698845064,20,2793,53,2380,4367,2148
198698856032,273,3519,103,7893,4368,2148
198698867582,112,4318,160,14033,4369,2148
198698878638,27,2685,44,2276,4369,2149
198698889657,145,4397,107,8180,4370,2149
198698900862,103,2883,211,15090,4371,2149
198698912056,21,3036,48,2412,4371,2150
198698923181,177,2932,62,1987,4372,2150
198698934369,134,2854,44,1328,4373,2150
198698944946,22,2703,36,921,4373,2151
198698956496,115,2816,350,35265,4374,2151
198698967540,264,4143,115,5883,4375,2151
198698978854,26,2789,51,2416,4375,2152
198698989337,284,3191,58,2363,4376,2152
198699001001,180,3834,162,14521,4377,2152
198699012075,21,3012,47,2213,4377,2153
198699023137,413,3519,101,7674,4378,2153
198699034143,234,4139,188,15117,4379,2153
198699045171,48,3188,55,2345,4379,2154
198699056214,122,2630,53,2686,4380,2154
198699067310,131,3131,103,7712,4381,2154
198699078528,46,3607,46,2067,4381,2155
198699089680,152,3161,169,15434,4382,2155
198699100685,203,3632,97,7593,4383,2155
198699111776,20,2944,48,2197,4383,2156
198699122842,319,3923,60,2543,4384,2156
198699134097,137,2820,56,2758,4385,2156
198699145118,21,2948,48,2243,4385,2157
198699156315,320,4309,158,14809,4386,2157
198699167307,130,3462,68,2953,4387,2157
198699178319,25,2888,52,2373,4387,2158
198699189353,161,2906,106,8423,4388,2158
198699200549,289,3750,159,14851,4389,2158
198699211936,21,2675,42,1598,4389,2159
198699222978,248,3282,69,1292,4390,2159
198699234087,282,3154,361,35449,4391,2159
198699245387,22,2729,65,4041,4391,2160
198699256464,129,4305,194,15089,4392,2160
198699267483,156,3384,106,8088,4393,2160
198699278835,20,3228,43,2143,4393,2161
198699289896,240,3415,167,15226,4394,2161
198699300875,150,3615,58,2803,4395,2161
198699312025,30,3456,62,2388,4395,2162
198699322928,165,3567,106,7962,4396,2162
198699334232,210,3187,187,15691,4397,2162
198699345291,33,3109,69,2336,4397,2163
198699356398,248,3407,114,7969,4398,2163
198699367376,175,3686,64,2499,4399,2163
198699378464,24,3986,50,2148,4399,2164
198699389483,394,3163,66,2797,4400,2164
198699400473,405,4929,276,15371,4401,2164
198699411662,32,4133,70,2517,4401,2165
198699423164,328,3837,70,2801,4402,2165
198699434328,257,3283,110,7162,4403,2165
198699445342,27,2887,45,1492,4403,2166
198699456433,223,2902,346,34029,4404,2166
198699467619,246,3272,108,7225,4405,2166
198699478627,26,2865,43,1149,4405,2167
198699489776,145,4367,80,4605,4406,2167
198699501285,162,3839,38,1091,4407,2167
198699511811,23,3345,39,1050,4407,2168
198699523009,118,4108,366,35617,4408,2168
198699534087,199,3803,194,16945,4409,2168
198699545362,32,3035,66,2838,4409,2169
198699556456,277,3288,70,2757,4410,2169
198699567476,446,4983,119,7622,4411,2169
198699578544,31,3673,53,2200,4411,2170
198699589537,272,4670,177,15384,4412,2170
198699600757,345,3431,114,7660,4413,2170
198699611802,31,3384,53,2159,4413,2171
198699622879,227,3556,56,2520,4414,2171
198699633891,267,3237,173,14759,4415,2171
198699645169,33,4073,58,2411,4415,2172
198699656350,226,4422,67,2727,4416,2172
198699667313,226,3307,65,2496,4417,2172
198699678683,28,2573,50,2279,4417,2173
198699689852,168,2637,120,8059,4418,2173
198699700904,161,2617,218,15634,4419,2173
198699730028,666,2702,53,1676,4420,2173
198699744981,24,2530,42,1033,4420,2174
198699756152,239,2749,281,17078,4421,2174
198699767210,155,3981,69,2179,4422,2174
198699778357,25,3179,44,927,4422,2175
198699789461,153,4040,48,927,4423,2175
198699800615,266,3659,56,927,4424,2175
198699811695,32,3583,53,927,4424,2176
198699822436,152,3366,347,35088,4425,2176
198699833488,153,3026,196,17404,4426,2176
198699845053,24,3783,55,2745,4426,2177
198699856051,424,4133,106,7891,4427,2177
198699866858,140,3836,56,2624,4428,2177
198699878034,23,3071,54,2239,4428,2178
198699894341,176,3230,156,14648,4429,2178
198699900580,235,3588,104,8061,4430,2178
198699911582,20,3781,46,2177,4430,2179
198699922873,192,4076,140,12531,4431,2179
198699933707,242,3020,106,8201,4432,2179
198699944652,21,3473,44,2155,4432,2180
198699956600,186,3128,166,15350,4433,2180
198699967374,421,3609,99,8011,4434,2180
198699978204,21,3000,191,2199,4434,2181
198699989279,204,3524,50,2484,4435,2181
198700000478,277,3114,234,14924,4436,2181
198700011470,32,2784,49,2359,4436,2182
198700022528,125,3300,145,8076,4437,2182
198700033539,204,3375,163,15273,4438,2182
198700044790,20,3933,52,2562,4438,2183
198700055890,189,3330,54,2465,4439,2183
198700066864,123,3019,44,1465,4440,2183
198700078069,22,2923,33,1008,4440,2184
198700089234,180,4248,352,32954,4441,2184
198700100230,219,3333,116,9804,4442,2184
198700111233,21,2787,50,2554,4442,2185
198700122464,407,3691,60,2666,4443,2185
198700133871,439,3434,154,14118,4444,2185
198700144982,21,3008,42,2268,4444,2186
198700155942,122,3081,105,8129,4445,2186
198700167115,603,3011,179,15228,4446,2186
198700178229,29,3254,61,2524,4446,2187
198700189236,145,3397,110,8942,4447,2187
198700200287,163,2691,167,15492,4448,2187
198700211353,21,2727,46,2332,4448,2188
198700222376,155,2647,111,8008,4449,2188
198700233477,138,2623,57,2322,4450,2188
198700245021,29,2565,50,2056,4450,2189
198700256042,175,2637,175,14686,4451,2189
198700266882,136,2672,107,8329,4452,2189
198700278466,24,2588,53,2186,4452,2190
198700289256,119,2662,156,15265,4453,2190
198700300267,106,2656,53,2623,4454,2190
198700311581,39,2639,163,2182,4454,2191
198700344140,224,2656,149,7614,4455,2191
198700358553,201,2764,82,2452,4456,2191
198700369429,163,4147,71,2321,4457,2191
198700380529,30,3411,65,2118,4457,2192
198700391792,131,3899,239,14780,4458,2192
198700403076,126,3919,69,2819,4459,2192
198700413742,23,2604,60,2271,4459,2193
198700425118,745,3544,70,2396,4460,2193
198700436045,3309,4935,114,8314,4461,2193
198700447587,23,3642,56,2161,4461,2194
198700458638,206,3779,167,15531,4462,2194
198700469806,170,3098,101,8155,4463,2194
198700480772,19,2711,58,2119,4463,2195
198700491828,246,2969,51,2383,4464,2195
198700502735,160,2999,159,14613,4465,2195
198700513753,19,2988,5683,1913,4465,2196
198700525057,263,2864,60,2140,4466,2196
198700536112,141,3180,40,980,4467,2196
198700547514,31,3161,64,975,4467,2197
198700558635,153,3412,325,34068,4468,2197
198700569639,122,3070,121,9404,4469,2197
198700580645,22,3715,59,2673,4469,2198
198700591727,131,3209,171,14990,4470,2198
198700603080,323,3257,103,7685,4471,2198
198700614141,22,3941,53,2248,4471,2199
198700625026,316,3414,59,2654,4472,2199
198700636469,191,3141,153,14585,4473,2199
198700647164,21,3098,68,2596,4473,2200
198700658699,289,3145,106,8474,4474,2200
198700669709,261,3351,160,13523,4475,2200
198700680687,26,3825,64,2294,4475,2201
198700691795,170,2983,95,7943,4476,2201
198700702914,314,3367,165,15669,4477,2201
198700714144,25,3271,53,2408,4477,2202
198700725094,223,2994,101,8210,4478,2202
198700736365,102,3359,89,2458,4479,2202
198700747486,20,3567,50,2199,4479,2203
198700758567,111,2764,73,5343,4480,2203
198700769722,109,2669,35,1083,4481,2203
198700780781,20,2778,35,1054,4481,2204
198700791632,305,3271,306,33109,4482,2204
198700803125,327,4070,82,4021,4483,2204
198700814178,19,3413,53,2399,4483,2205
198700825267,465,2991,96,7522,4484,2205
198700836484,104,3408,151,14860,4485,2205
198700847542,21,3465,53,2339,4485,2206
198700858409,152,3320,99,7908,4486,2206
198700869376,441,2924,57,2563,4487,2206
198700880757,28,2748,49,2287,4487,2207
198700891679,129,3052,152,14729,4488,2207
198700902826,106,2973,45,2114,4489,2207
198700913901,19,3168,41,1095,4489,2208
198700925269,152,3068,320,33300,4490,2208
198700936386,115,2901,72,4703,4491,2208
198700947392,21,3121,55,2424,4491,2209
198700958393,1423,4330,44,2264,4492,2209
198700969741,142,3146,97,7739,4493,2209
198700980707,23,3313,49,2025,4493,2210
198700991614,336,3154,53,2315,4494,2210
198701002734,304,3415,150,14128,4495,2210
198701014037,25,3567,51,2228,4495,2211
198701024981,282,3809,118,8040,4496,2211
198701036266,314,3630,174,15287,4497,2211
198701047188,25,2731,63,2483,4497,2212
198701058350,222,3134,62,2627,4498,2212
198701069463,146,2941,109,7651,4499,2212
198701080781,29,5301,62,2090,4499,2213
198701091868,132,3332,163,15350,4500,2213
198701103073,149,3697,140,7672,4501,2213
198701114085,32,3512,46,2164,4501,2214
198701125029,115,3335,145,13524,4502,2214
198701136250,119,2726,101,8011,4503,2214
198701147270,25,2785,55,2011,4503,2215
198701158472,124,2949,153,14894,4504,2215
198701169573,178,3166,59,2062,4505,2215
198701180861,263,4084,57,1150,4505,2216
198701191518,209,3369,57,1295,4506,2216
198701203096,243,3487,324,32746,4507,2216
198701214123,31,3201,81,3835,4507,2217
198701225022,194,3806,117,8213,4508,2217
198701236276,222,2960,63,2606,4509,2217
198701247310,31,2887,63,2242,4509,2218
198701258270,266,3281,165,13966,4510,2218
198701269716,184,2951,123,8015,4511,2218
198701280719,33,2867,67,2044,4511,2219
198701291743,232,3956,180,14948,4512,2219
198701302890,241,3203,68,2753,4513,2219
198701314003,38,3577,64,2225,4513,2220
198701325310,252,3772,110,7488,4514,2220
198701336479,363,3231,173,15702,4515,2220
198701347547,26,3581,64,2321,4515,2221
198701358544,366,3432,109,7928,4516,2221
198701369770,271,3831,69,2351,4517,2221
198701380613,31,3563,62,2049,4517,2222
198701391810,292,4318,71,2702,4518,2222
198701402803,179,3057,180,15212,4519,2222
198701413908,64,3760,76,2496,4519,2223
198701425038,268,2637,68,3425,4520,2223
198701436137,182,3640,103,6836,4521,2223
198701447147,34,4287,57,1026,4521,2224
198701458642,412,3756,162,14546,4522,2224
198701469713,193,3609,60,1356,4523,2224
198701482496,29,3705,44,970,4523,2225
198701491921,145,3349,366,35636,4524,2225
198701502810,229,4298,191,16613,4525,2225
198701513786,30,2780,69,2652,4525,2226
198701524934,318,3160,115,8084,4526,2226
198701536544,325,3132,169,15103,4527,2226
198701547261,29,2979,68,2381,4527,2227
198701558335,246,3353,63,2604,4528,2227
198701569777,219,3320,113,7601,4529,2227
198701580584,30,3024,60,2153,4529,2228
198701591978,173,3023,411,15418,4530,2228
198701602938,310,3247,107,8007,4531,2228
198701614203,40,3216,67,2202,4531,2229
198701625318,274,3276,59,2553,4532,2229
198701636338,250,3497,80,2668,4533,2229
198701647207,21,3116,52,2020,4533,2230
198701658235,139,3174,164,15046,4534,2230
198701669321,275,3063,72,3298,4535,2230
198701680882,50,2971,50,2271,4535,2231
198701691696,126,3195,94,7337,4536,2231
198701702854,117,3001,157,14773,4537,2231
198701713937,20,2894,46,1382,4537,2232
198701725075,292,3173,40,1254,4538,2232
198701736028,145,3101,36,941,4539,2232
198701747125,21,3341,38,941,4539,2233
198701758676,272,3794,354,35626,4540,2233
198701769707,223,3465,120,9731,4541,2233
198701780786,22,3105,56,2599,4541,2234
198701791804,241,3989,157,13831,4542,2234
198701803192,280,3249,56,2764,4543,2234
198701814210,46,3198,51,2161,4543,2235
198701825316,155,3283,95,7645,4544,2235
198701836372,326,3390,166,14721,4545,2235
198701847481,27,2940,55,2330,4545,2236
198701858604,272,3824,102,8121,4546,2236
198701869407,277,3054,58,2474,4547,2236
198701880562,24,3066,49,2184,4547,2237
198701891577,138,3209,158,14761,4548,2237
198701902676,201,3181,56,2551,4549,2237
198701913769,32,3637,64,2177,4549,2238
198701925293,180,2956,57,2961,4550,2238
198701936314,286,3077,99,7312,4551,2238
198701947376,21,3413,50,2168,4551,2239
198701958403,450,2999,168,15271,4552,2239
198701969451,177,2984,104,8223,4553,2239
198701980658,22,3747,47,2174,4553,2240
198701991656,135,3249,53,2515,4554,2240
198702002779,120,2980,167,15017,4555,2240
198702013899,23,2727,55,2448,4555,2241
198702024962,202,3037,95,7229,4556,2241
198702036043,175,2700,89,4085,4557,2241
198702047524,22,3704,36,1038,4557,2242
198702058462,225,4207,340,34198,4558,2242
198702069475,98,3858,132,9531,4559,2242
198702080634,18,2621,84,2560,4559,2243
198702091651,148,3622,164,15033,4560,2243
198702103074,415,3846,100,7889,4561,2243
198702114150,26,2688,57,2387,4561,2244
198702125233,129,3916,56,2728,4562,2244
198702136087,120,3037,159,14844,4563,2244
198702147374,20,2893,55,2660,4563,2245
198702158356,115,2832,105,8715,4564,2245
198702169466,355,3550,158,13997,4565,2245
198702180637,22,3049,48,2174,4565,2246
198702191896,253,3143,95,7338,4566,2246
198702202670,110,3536,165,15581,4567,2246
198702213931,20,3021,60,2590,4567,2247
198702224973,122,3442,102,8343,4568,2247
198702236028,1082,3385,55,2329,4569,2247
198702247074,21,3907,52,2067,4569,2248
198702258552,123,3752,202,14923,4570,2248
198702269563,175,3449,101,8316,4571,2248
198702280453,20,2955,49,2121,4571,2249
198702292031,393,3382,160,15350,4572,2249
198702303404,327,3132,57,2886,4573,2249
198702314185,20,3077,54,2354,4573,2250
198702325311,147,3558,95,7296,4574,2250
198702336330,240,3399,81,5226,4575,2250
198702347342,21,3130,65,1101,4575,2251
198702358409,162,3834,364,35481,4576,2251
198702369420,209,3541,66,4292,4577,2251
198702380595,20,2888,79,2452,4577,2252
198702391889,384,3134,169,14813,4578,2252
198702403075,130,3772,99,7849,4579,2252
198702414277,26,3580,63,2186,4579,2253
198702425023,137,4082,150,13221,4580,2253
198702436281,278,3256,100,7465,4581,2253
198702447315,21,3117,46,2266,4581,2254
198702458410,116,3929,167,15311,4582,2254
198702469674,215,3054,102,8125,4583,2254
198702480743,24,2881,53,2241,4583,2255
198702491924,146,3126,53,2528,4584,2255
198702503040,112,2781,161,14941,4585,2255
198702514045,24,3317,64,2586,4585,2256
198702525034,257,3337,107,8138,4586,2256
198702536237,162,3611,169,15359,4587,2256
198702547311,22,3063,57,2615,4587,2257
198702558693,188,3334,57,2857,4588,2257
198702569360,326,3690,46,1596,4589,2257
198702580628,21,3806,41,948,4589,2258
198702591714,273,3981,35,949,4590,2258
198702602934,162,3216,330,35593,4591,2258
198702613971,26,2578,71,4175,4591,2259
198702625338,269,3377,54,2684,4592,2259
198702636203,282,3150,258,14684,4593,2259
198702647469,20,2907,151,2375,4593,2260
198702658505,162,2979,113,7979,4594,2260
198702669473,320,3234,158,13306,4595,2260
198702680682,26,3050,92,2410,4595,2261
198702691759,249,2910,101,8367,4596,2261
198702702849,1207,3789,175,15706,4597,2261
198702714094,24,3194,55,2550,4597,2262
198702724958,134,2631,102,8412,4598,2262
198702736432,162,2640,66,2352,4599,2262
198702747540,33,2749,55,2082,4599,2263
198702758649,158,2659,162,14858,4600,2263
198702795041,229,2633,82,2023,4601,2263
198702809421,331,2698,557,35732,4602,2263
198702820660,149,4215,136,6809,4603,2263
198702831797,24,3962,73,2504,4603,2264
198702842861,131,4387,315,15699,4604,2264
198702853987,133,4031,143,7903,4605,2264
198702864645,25,2664,59,2156,4605,2265
198702875763,186,2893,93,2495,4606,2265
198702887382,384,3433,178,14737,4607,2265
198702898057,25,2856,62,2380,4607,2266
198702909126,765,3597,113,8273,4608,2266
198702920533,195,3534,161,13399,4609,2266
198702931533,27,3094,57,2336,4609,2267
198702942579,243,3486,110,8864,4610,2267
198702953955,141,3161,171,15607,4611,2267
198702965000,28,2739,59,2694,4611,2268
198702976059,311,3541,111,8357,4612,2268
198702987235,210,3035,51,2486,4613,2268
198702998414,21,2822,51,2216,4613,2269
198703009575,379,3004,159,15017,4614,2269
198703020338,168,2912,110,8428,4615,2269
198703031343,21,2693,50,2111,4615,2270
198703042477,128,2972,223,15143,4616,2270
198703053710,120,3304,45,1780,4617,2270
198703064831,47,2931,39,1019,4617,2271
198703075842,343,3488,36,1018,4618,2271
198703086967,271,3761,327,32986,4619,2271
198703097999,23,2857,69,3913,4619,2272
198703109106,246,3559,109,8508,4620,2272
198703120617,171,4048,57,2490,4621,2272
198703131612,20,2738,45,2111,4621,2273
198703142889,192,3428,153,14265,4622,2273
198703154018,228,3056,105,8091,4623,2273
198703165085,22,2881,54,2053,4623,2274
198703176205,142,3422,144,12448,4624,2274
198703187265,234,3783,97,7934,4625,2274
198703198540,19,3012,46,2167,4625,2275
198703209553,434,3203,159,15327,4626,2275
198703220608,157,4256,102,8074,4627,2275
198703231530,24,3472,57,2212,4627,2276
198703242657,273,3541,57,2554,4628,2276
198703253671,395,3110,159,14833,4629,2276
198703264687,23,3170,48,2149,4629,2277
198703276239,140,3518,100,8030,4630,2277
198703287278,435,3202,163,15253,4631,2277
198703297938,25,3133,63,2451,4631,2278
198703309418,193,3112,61,2758,4632,2278
198703320385,323,3417,91,6701,4633,2278
198703331386,24,2920,46,1186,4633,2279
198703342465,298,3391,67,4316,4634,2279
198703353961,135,3151,334,35329,4635,2279
198703364729,20,2802,68,4150,4635,2280
198703375870,171,3187,51,2666,4636,2280
198703387314,152,2993,164,14732,4637,2280
198703398389,23,2940,57,2374,4637,2281
198703409441,130,2944,103,7920,4638,2281
198703420591,149,2831,175,15331,4639,2281
198703431621,32,2774,53,2477,4639,2282
198703442655,133,3661,112,9091,4640,2282
198703453724,135,2973,184,15630,4641,2282
198703464729,27,2793,55,2407,4641,2283
198703475785,220,2653,117,8029,4642,2283
198703486867,166,2812,48,2294,4643,2283
198703498017,21,2898,47,2061,4643,2284
198703509106,254,2895,151,14728,4644,2284
198703520610,115,2869,128,7645,4645,2284
198703531648,20,3075,69,1579,4645,2285
198703542672,131,3052,349,33804,4646,2285
198703553833,116,3440,57,3347,4647,2285
198703564962,28,3402,60,2399,4647,2286
198703575940,195,3435,95,7704,4648,2286
198703587270,231,3233,244,14987,4649,2286
198703598257,29,2896,51,1562,4649,2287
198703609327,127,3616,363,38114,4650,2287
198703620369,121,3437,72,4283,4651,2287
198703631777,22,2778,58,2610,4651,2288
198703642738,326,4216,244,15173,4652,2288
198703654025,246,4933,104,8409,4653,2288
198703665025,26,2928,55,2198,4653,2289
198703676025,396,2976,163,15371,4654,2289
198703687300,188,3377,103,8507,4655,2289
198703698165,19,3065,48,2238,4655,2290
198703709212,319,3167,174,15076,4656,2290
198703720259,174,4023,353,37758,4657,2290
198703731538,21,2912,85,3952,4657,2291
198703742552,300,4252,55,2800,4658,2291
198703754082,189,4356,160,15108,4659,2291
198703765036,26,3045,57,2539,4659,2292
198703776097,127,2647,105,8419,4660,2292
198703787326,166,2655,172,15577,4661,2292
198703798046,31,2653,72,2679,4661,2293
198703809519,155,2608,52,2911,4662,2293
198703820475,166,59198,191,7792,4663,2293
198703891186,875,5994,166,14250,4664,2293
198703902242,134,4402,74,2849,4665,2293
198703913822,20,3515,70,2364,4665,2294
198703924436,203,3945,85,2553,4666,2294
198703935547,117,3857,257,8334,4667,2294
198703946661,22,2947,48,2263,4667,2295
198703957746,2213,3245,166,15705,4668,2295
198703968898,225,3575,104,8216,4669,2295
198703980348,21,3752,54,2323,4669,2296
198703991413,287,3909,51,2673,4670,2296
198704002723,206,3617,197,15153,4671,2296
198704013714,19,3447,68,2581,4671,2297
198704025045,229,3295,97,7665,4672,2297
198704035786,184,3331,64,4068,4673,2297
198704046997,20,3750,40,1069,4673,2298
198704057985,195,3225,29,1022,4674,2298
198704069055,138,3954,353,35417,4675,2298
198704080143,20,3965,68,4186,4675,2299
198704091217,194,3312,161,15985,4676,2299
198704102270,232,3087,97,7910,4677,2299
198704113323,20,3028,45,2249,4677,2300
198704124825,277,3111,53,2600,4678,2300
198704135504,255,2999,153,14744,4679,2300
198704146642,19,2887,172,2323,4679,2301
198704158129,128,2816,169,8159,4680,2301
198704169178,284,3252,156,13342,4681,2301
198704180202,25,2752,53,2312,4681,2302
198704191233,427,2748,102,8417,4682,2302
198704202240,192,3103,218,15627,4683,2302
198704213311,19,2792,116,2529,4683,2303
198704224440,123,3435,105,8247,4684,2303
198704235869,144,3072,54,2411,4685,2303
198704247011,22,3035,50,2126,4685,2304
198704257959,139,3814,159,14926,4686,2304
198704269213,144,3692,108,8409,4687,2304
198704280419,19,3272,48,2096,4687,2305
198704291522,165,3990,216,15315,4688,2305
198704302467,116,3456,53,2809,4689,2305
198704313310,19,3009,50,2149,4689,2306
198704325160,440,3730,85,6752,4690,2306
198704335679,163,3781,174,9249,4691,2306
198704347059,21,3133,40,1136,4691,2307
198704358052,141,3607,39,1148,4692,2307
198704369290,118,3104,332,35550,4693,2307
198704379970,20,3441,65,3990,4693,2308
198704391548,358,4436,188,15012,4694,2308
198704402519,205,3316,105,8128,4695,2308
198704413791,24,3736,58,2256,4695,2309
198704424584,182,3023,178,15226,4696,2309
198704435622,131,2772,107,8414,4697,2309
198704446641,21,2699,56,2230,4697,2310
198704457743,433,2819,162,15713,4698,2310
198704469008,434,3166,101,8000,4699,2310
198704480076,20,3162,47,2165,4699,2311
198704491183,614,3641,55,2484,4700,2311
198704502184,358,3217,158,14742,4701,2311
198704513952,21,3510,54,2487,4701,2312
198704524828,138,3352,133,8147,4702,2312
198704535468,345,3290,164,15236,4703,2312
198704546680,21,3195,62,2615,4703,2313
198704558193,226,3388,55,2877,4704,2313
198704569152,381,3100,126,7984,4705,2313
198704580195,20,3483,46,2276,4705,2314
198704591446,269,4316,162,15711,4706,2314
198704602547,420,3644,95,7425,4707,2314
198704613769,20,3003,72,2260,4707,2315
198704624415,245,3443,79,5457,4708,2315
198704635448,145,3307,333,35952,4709,2315
198704646684,21,3273,71,4092,4709,2316
198704658105,297,4059,122,8276,4710,2316
198704668847,262,3160,155,13440,4711,2316
198704680087,24,3638,48,2209,4711,2317
198704691187,332,3353,51,2167,4712,2317
198704702142,167,4060,53,2463,4713,2317
198704713391,25,2679,66,2075,4713,2318
198704724648,366,3458,97,7872,4714,2318
198704735490,132,3650,54,2387,4715,2318
198704747046,20,4225,50,2152,4715,2319
198704758041,237,3562,188,14542,4716,2319
198704768838,212,3517,105,8318,4717,2319
198704779936,21,3073,57,2131,4717,2320
198704791139,1129,3371,171,15121,4718,2320
198704802418,338,3264,58,2784,4719,2320
198704813945,27,3203,50,2281,4719,2321
198704824409,299,3500,99,7892,4720,2321
198704835733,183,3333,165,15704,4721,2321
198704846667,20,4148,54,2522,4721,2322
198704857781,117,3259,99,8260,4722,2322
198704869098,188,3567,157,14356,4723,2322
198704880306,25,3036,52,2504,4723,2323
198704891402,127,3275,42,1771,4724,2323
198704902549,152,3128,34,958,4725,2323
198704913264,24,2951,48,958,4725,2324
198704924428,354,3121,39,958,4726,2324
198704936054,266,3486,397,34310,4727,2324
198704946937,21,2870,67,4056,4727,2325
198704958076,214,3460,62,2834,4728,2325
198704969046,364,3134,115,7774,4729,2325
198704980035,35,3001,57,2184,4729,2326
198704991022,393,3508,59,2570,4730,2326
198705002633,167,3597,158,14011,4731,2326
198705013682,39,3146,55,2214,4731,2327
198705024778,131,2677,112,8096,4732,2327
198705035930,194,2652,172,15162,4733,2327
198705046620,34,2773,68,2464,4733,2328
198705081761,188,2841,63,2668,4734,2328
198705095967,200,4179,70,2358,4735,2328
198705107554,138,4222,100,7904,4736,2328
198705119792,185,3930,250,13927,4737,2328
198705129830,22,3400,42,1641,4737,2329
198705140409,120,3463,58,2200,4738,2329
198705151606,266,3529,40,961,4739,2329
198705162744,24,2801,41,957,4739,2330
198705173796,175,2744,341,33500,4740,2330
198705185680,132,3164,77,4663,4741,2330
198705196293,20,3175,52,2440,4741,2331
198705207467,220,3133,94,2233,4742,2331
198705218461,171,3230,107,7732,4743,2331
198705229498,24,3281,46,2134,4743,2332
198705240534,325,3631,65,2535,4744,2332
198705251691,359,3279,157,14041,4745,2332
198705262694,26,2719,50,2236,4745,2333
198705273757,281,4234,192,8136,4746,2333
198705284891,395,3427,198,15413,4747,2333
198705296746,22,3067,52,2518,4747,2334
198705307541,246,3669,86,2817,4748,2334
198705318784,229,3250,164,8033,4749,2334
198705329774,22,3522,50,2082,4749,2335
198705340728,117,3049,202,15417,4750,2335
198705351892,559,3139,103,7839,4751,2335
198705362663,19,3575,48,2218,4751,2336
198705374595,170,4076,141,13602,4752,2336
198705384993,137,3177,102,8167,4753,2336
198705396173,19,3003,47,2017,4753,2337
198705407324,278,3574,168,14210,4754,2337
198705418482,482,4388,53,1705,4755,2337
198705429546,32,3375,42,1031,4755,2338
198705440860,200,3229,332,34084,4756,2338
198705451910,276,3048,114,9678,4757,2338
198705462901,21,2637,55,2654,4757,2339
198705474043,183,2674,62,2722,4758,2339
198705485049,138,2637,63,2324,4759,2339
198705496094,35,2558,57,2046,4759,2340
198705507079,144,2656,157,14559,4760,2340
198705518658,118,2764,105,8060,4761,2340
198705529763,36,30938,61,2255,4761,2341
198705572210,217,2743,160,5060,4762,2341
198705583347,185,4628,262,15729,4763,2341
198705594420,27,3302,77,2442,4763,2342
198705605609,182,4380,163,8133,4764,2342
198705616688,193,4158,246,14317,4765,2342
198705627750,22,2617,79,2386,4765,2343
198705638897,181,3027,109,8427,4766,2343
198705649732,355,3582,161,14428,4767,2343
198705661264,22,3252,46,1265,4767,2344
198705672332,2331,4682,58,1806,4768,2344
198705683301,2526,3679,49,1019,4769,2344
198705694433,23,3772,36,1014,4769,2345
198705705564,319,3541,367,34976,4770,2345
198705716512,164,3473,86,5954,4771,2345
198705727580,24,4116,61,2434,4771,2346
198705738809,329,3938,69,2400,4772,2346
198705749754,305,3277,171,14705,4773,2346
198705761491,24,3721,54,2393,4773,2347
198705772219,187,3616,98,8010,4774,2347
198705783425,778,3087,179,15279,4775,2347
198705794645,24,3189,55,2428,4775,2348
198705805567,340,3008,53,2649,4776,2348
198705816476,1218,3254,147,7498,4777,2348
198705827554,20,2995,43,2150,4777,2349
198705839104,290,3040,166,15378,4778,2349
198705850158,282,3046,101,7635,4779,2349
198705861086,30,2687,44,2255,4779,2350
198705872286,320,3087,146,13538,4780,2350
198705883292,218,3819,102,7906,4781,2350
198705894408,22,3987,51,2007,4781,2351
198705905542,491,3092,153,14711,4782,2351
198705916607,281,3238,56,1810,4783,2351
198705927620,29,3262,35,1013,4783,2352
198705938643,300,3357,41,1007,4784,2352
198705950165,185,3945,381,35244,4785,2352
198705961123,21,3058,63,4198,4785,2353
198705972347,346,3149,54,2991,4786,2353
198705983324,178,3066,51,2314,4787,2353
198705994499,21,3167,43,2032,4787,2354
198706005530,117,3105,160,14534,4788,2354
198706016564,108,3501,97,7842,4789,2354
198706027738,20,3284,44,2047,4789,2355
198706038769,436,3438,219,14976,4790,2355
198706049908,177,3275,56,2764,4791,2355
198706061178,19,2934,66,2247,4791,2356
198706072290,207,2805,104,7593,4792,2356
198706083304,137,2921,170,15475,4793,2356
198706094331,21,2988,48,2352,4793,2357
198706105414,166,3879,102,8127,4794,2357
198706116614,123,3057,156,14388,4795,2357
198706127683,21,3225,50,2398,4795,2358
198706138663,109,2927,105,8184,4796,2358
198706150001,175,3134,163,15095,4797,2358
198706160979,19,3025,58,2416,4797,2359
198706172130,168,4080,58,2057,4798,2359
198706183288,356,3830,51,1056,4799,2359
198706194651,21,3040,30,1040,4799,2360
198706205742,116,3396,360,35220,4800,2360
198706216811,276,3434,85,6035,4801,2360
198706227893,22,3519,49,2454,4801,2361
198706238955,190,3240,54,2411,4802,2361
198706249852,124,3537,156,14633,4803,2361
198706261231,23,3142,53,2351,4803,2362
198706272292,215,3394,95,7958,4804,2362
198706283283,174,3239,319,15311,4805,2362
198706294099,25,3293,48,2390,4805,2363
198706305721,220,4114,54,2590,4806,2363
198706316887,229,3207,89,6880,4807,2363
198706327949,29,2905,42,1479,4807,2364
198706338764,278,3087,336,33865,4808,2364
198706349773,172,3766,108,8220,4809,2364
198706361212,21,2867,54,2397,4809,2365
198706372282,165,3120,200,13672,4810,2365
198706383538,210,3578,51,2053,4811,2365
198706394529,24,2937,32,982,4811,2366
198706405728,247,3742,40,982,4812,2366
198706416367,184,2932,356,34026,4813,2366
198706427902,25,2823,74,4017,4813,2367
198706438901,445,3874,1328,2434,4814,2367
198706449946,242,3281,97,7762,4815,2367
198706460926,20,2762,46,2184,4815,2368
198706472126,294,3060,52,2502,4816,2368
198706483108,140,2947,47,2221,4817,2368
198706494198,29,2797,45,2038,4817,2369
198706505262,127,3388,152,14395,4818,2369
198706516849,169,3968,109,8182,4819,2369
198706527694,21,3597,48,2204,4819,2370
198706538701,126,3461,159,15044,4820,2370
198706550083,274,3616,255,2848,4821,2370
198706560849,22,3197,43,2226,4821,2371
198706572044,192,4306,96,7454,4822,2371
198706583117,149,3428,198,15463,4823,2371
198706594420,20,3269,51,2414,4823,2372
198706605492,290,3547,116,8133,4824,2372
198706616724,197,3109,165,14338,4825,2372
198706627970,24,3640,68,2643,4825,2373
198706638872,259,3440,110,8300,4826,2373
198706649802,191,3723,78,4342,4827,2373
198706661027,31,3654,51,1120,4827,2374
198706672019,179,2895,40,1052,4828,2374
198706683006,150,3391,371,34127,4829,2374
198706694570,28,2815,78,4040,4829,2375
198706705569,361,3178,73,2941,4830,2375
198706716592,175,3002,150,7911,4831,2375
198706727627,31,3296,58,2110,4831,2376
198706738669,329,2963,61,2388,4832,2376
198706749899,177,3532,172,14247,4833,2376
198706761015,27,3311,58,2355,4833,2377
198706772069,332,3440,112,8201,4834,2377
198706783132,26,3380,61,2249,4834,2378
198706794146,374,3010,172,15177,4835,2378
198706805294,147,2805,65,2606,4836,2378
198706816863,254,3078,111,7603,4837,2378
198706827879,27,3465,92,2250,4837,2379
198706838983,185,2913,184,15367,4838,2379
198706850011,418,4627,106,6761,4839,2379
198706861145,28,8213,55,979,4839,2380
198706872267,189,3696,93,5181,4840,2380
198706883270,199,3062,50,1078,4841,2380
198706897305,32,2623,50,1044,4841,2381
198706905404,270,3655,364,35434,4842,2381
198706916498,189,3563,187,15152,4843,2381
198706927638,35,3178,66,2731,4843,2382
198706938657,158,3476,110,7734,4844,2382
198706949709,143,3231,180,15380,4845,2382
198706961604,30,2776,62,2433,4845,2383
198706972205,219,2931,138,8054,4846,2383
198706983349,149,3069,64,2566,4847,2383
198706994449,28,2967,47,2205,4847,2384
198707005493,311,3313,173,14883,4848,2384
198707016694,26,3573,63,2635,4848,2385
198707027655,272,3359,113,8296,4849,2385
198707039011,1156,3268,211,15134,4850,2385
198707049935,251,3441,73,2683,4851,2385
198707060979,31,3515,59,2248,4851,2386
198707072029,323,3415,110,7571,4852,2386
198707083061,23,3754,55,2253,4852,2387
198707094624,2160,3571,175,15486,4853,2387
198707105680,161,3238,100,7919,4854,2387
198707116719,360,3522,56,2576,4855,2387
198707127770,26,4104,47,2206,4855,2388
198707138948,157,3324,52,2879,4856,2388
198707150011,375,4143,175,15314,4857,2388
198707161133,22,4162,69,2584,4857,2389
198707172167,151,2692,62,2042,4858,2389
198707183427,156,2641,52,1388,4859,2389
198707194578,22,2491,31,971,4859,2390
198707205613,122,2716,343,35098,4860,2390
198707216783,213,2685,95,5931,4861,2390
198707227737,30,2566,60,2422,4861,2391
198707238775,156,2654,57,2396,4862,2391
198707249799,122,2624,157,14623,4863,2391
198707260895,22,2522,49,2364,4863,2392
198707272003,195,2651,147,7977,4864,2392
198707295609,325,4263,123,4465,4865,2392
198707311661,174,2763,541,35211,4866,2392
198707322863,312,3799,111,6815,4867,2392
198707333991,130,3897,259,15955,4868,2392
198707345063,22,3545,76,2462,4868,2393
198707356321,119,3751,134,7931,4869,2393
198707367377,119,2715,89,2406,4870,2393
198707378499,22,3048,49,2120,4870,2394
198707389629,1009,3164,59,2809,4871,2394
198707400634,761,2674,166,15239,4872,2394
198707411656,21,4036,53,2379,4872,2395
198707422619,319,3541,63,2608,4873,2395
198707433722,2251,2944,109,8334,4874,2395
198707444755,23,2793,44,2209,4874,2396
198707456304,133,3141,193,15432,4875,2396
198707467283,246,3263,85,6285,4876,2396
198707478346,23,2947,34,1049,4876,2397
198707489387,131,3187,69,3735,4877,2397
198707500475,263,3565,347,35700,4878,2397
198707511922,21,3425,63,4055,4878,2398
198707522955,175,3399,102,8296,4879,2398
198707533942,231,3647,156,14102,4880,2398
198707545046,26,2790,48,2471,4880,2399
198707556245,115,3200,54,2634,4881,2399
198707567464,328,3479,96,7703,4882,2399
198707578541,18,2568,42,2191,4882,2400
198707589577,353,2979,215,14765,4883,2400
198707600368,228,3056,100,7650,4884,2400
198707611873,21,3728,50,2104,4884,2401
198707622814,154,3881,49,2380,4885,2401
198707634056,124,3831,156,14759,4886,2401
198707645261,34,3243,49,2394,4886,2402
198707656269,192,4113,58,2767,4887,2402
198707667351,288,3120,61,2538,4888,2402
198707678286,25,2849,50,2345,4888,2403
198707689334,119,2885,106,8106,4889,2403
198707700396,109,2849,165,15628,4890,2403
198707711568,29,2769,82,2551,4890,2404
198707722725,538,3405,104,7946,4891,2404
198707734479,122,3606,48,1255,4892,2404
198707745125,22,3229,34,1017,4892,2405
198707756226,175,3590,81,5123,4893,2405
198707767416,108,3416,339,35499,4894,2405
198707778432,21,3039,62,4046,4894,2406
198707789448,131,3240,164,15378,4895,2406
198707800741,222,3971,56,2825,4896,2406
198707811735,20,3324,48,2172,4896,2407
198707822772,357,3426,94,7484,4897,2407
198707833905,369,3381,166,15373,4898,2407
198707845044,20,2996,49,2438,4898,2408
198707856333,153,3737,110,8223,4899,2408
198707867302,401,3276,55,2519,4900,2408
198707878297,22,3883,68,2233,4900,2409
198707889310,129,2979,160,14950,4901,2409
198707900381,176,2747,50,2883,4902,2409
198707911485,21,2539,47,2255,4902,2410
198707922734,206,3533,59,2420,4903,2410
198707933818,358,3432,113,8508,4904,2410
198707944907,24,2838,45,2206,4904,2411
198707955928,120,3576,167,15268,4905,2411
198707967725,312,3650,162,7849,4906,2411
198707978428,30,3230,56,2229,4906,2412
198707989537,216,3055,75,4735,4907,2412
198708000555,240,2929,173,17096,4908,2412
198708011633,20,2781,52,2587,4908,2413
198708022643,117,2895,265,27753,4909,2413
198708033742,238,2951,179,14553,4910,2413
198708044746,19,2819,40,2281,4910,2414
198708056279,2234,3150,53,2329,4911,2414
198708067339,178,2827,98,7167,4912,2414
198708078354,23,3245,43,1889,4912,2415
198708089471,482,3354,166,15088,4913,2415
198708100549,128,3096,102,7524,4914,2415
198708111620,24,3515,51,1789,4914,2416
198708122824,260,3824,49,2064,4915,2416
198708133881,3502,2913,67,2348,4916,2416
198708145008,20,2752,41,1760,4916,2417
198708155959,310,3295,164,14757,4917,2417
198708167269,156,3027,68,2518,4918,2417
198708178402,28,3425,75,1895,4918,2418
198708189516,137,4220,97,6982,4919,2418
198708200596,162,3676,84,5385,4920,2418
198708211837,22,4373,48,1095,4920,2419
198708223052,123,3355,32,1036,4921,2419
198708233615,109,3092,365,35414,4922,2419
198708245045,21,3170,62,4025,4922,2420
198708256098,287,3268,164,15159,4923,2420
198708266989,201,2938,108,8178,4924,2420
198708278041,22,2932,49,2183,4924,2421
198708289146,134,3149,219,15257,4925,2421
198708300810,134,3400,60,2777,4926,2421
198708311617,25,3705,57,2265,4926,2422
198708322773,277,3283,98,7786,4927,2422
198708334111,222,3784,173,15621,4928,2422
198708345018,42,3121,58,2426,4928,2423
198708356223,141,2951,109,8055,4929,2423
198708367226,289,2892,57,2565,4930,2423
198708378507,29,3076,58,2212,4930,2424
198708389419,319,3097,198,14819,4931,2424
198708400280,136,3167,61,2687,4932,2424
198708411860,24,3093,48,2238,4932,2425
198708422518,298,3996,63,2447,4933,2425
198708434001,242,3903,106,7908,4934,2425
198708445164,20,2795,51,2296,4934,2426
198708455945,148,2799,174,15444,4935,2426
198708467350,227,2885,151,7387,4936,2426
198708478270,27,3670,46,1171,4936,2427
198708489435,189,3535,322,32327,4937,2427
198708500513,238,2701,265,16817,4938,2427
198708511478,55,3346,54,2889,4938,2428
198708522507,130,3914,109,8441,4939,2428
198708534054,133,3818,167,15451,4940,2428
198708545140,18,3160,51,2610,4940,2429
198708556030,319,3365,169,2891,4941,2429
198708567134,244,3228,104,7998,4942,2429
198708578478,22,2909,47,2194,4942,2430
198708589507,222,2881,162,15661,4943,2430
198708600385,116,3110,105,8090,4944,2430
198708611553,22,3690,50,2314,4944,2431
198708622815,471,3239,89,2659,4945,2431
198708633918,392,4000,160,14887,4946,2431
198708645078,22,3415,56,2753,4946,2432
198708656061,142,3297,68,2804,4947,2432
198708667342,623,3106,60,1683,4948,2432
198708678127,45,3786,64,993,4948,2433
198708689300,332,3613,383,35458,4949,2433
198708700545,369,3639,197,17439,4950,2433
198708711608,26,3438,58,2812,4950,2434
198708722806,239,3678,110,8097,4951,2434
198708734131,301,3229,82,5013,4952,2434
198708745132,22,3877,86,1149,4952,2435
198708756249,343,3269,40,1108,4953,2435
198708767348,323,3744,345,35825,4954,2435
198708778721,20,3350,64,4064,4954,2436
198708789429,240,3405,164,15542,4955,2436
198708800580,206,3718,62,2809,4956,2436
198708811772,21,3598,97,2206,4956,2437
198708822575,222,3177,97,7530,4957,2437
198708833794,363,3313,165,15450,4958,2437
198708845223,20,3128,49,2442,4958,2438
198708856129,210,3636,105,8261,4959,2438
198708867178,318,3327,58,2494,4960,2438
198708878235,24,3825,55,2183,4960,2439
198708889430,364,3741,163,14891,4961,2439
198708900597,268,3534,61,2889,4962,2439
198708911635,22,3557,51,2332,4962,2440
198708922736,186,3729,64,2426,4963,2440
198708933939,333,3877,104,8160,4964,2440
198708945032,22,3661,47,2132,4964,2441
198708956076,324,3789,164,15401,4965,2441
198708967293,167,3905,97,7064,4966,2441
198708978315,21,3092,32,1006,4966,2442
198708989407,169,3402,65,4471,4967,2442
198709000674,124,3369,345,35850,4968,2442
198709011838,22,3228,63,4069,4968,2443
198709022695,310,3555,131,8295,4969,2443
198709033634,192,3473,166,14104,4970,2443
198709045201,21,2888,50,2467,4970,2444
198709056234,135,4341,67,2580,4971,2444
198709067245,192,3338,99,7636,4972,2444
198709078024,20,3701,46,2183,4972,2445
198709089607,228,3238,151,14763,4973,2445
198709100616,210,3752,229,7699,4974,2445
198709111758,28,3954,44,2188,4974,2446
198709122731,166,3329,55,2496,4975,2446
198709134042,113,3334,158,14821,4976,2446
198709145026,27,2909,56,2303,4976,2447
198709155896,138,3802,49,1849,4977,2447
198709167261,191,3222,334,32326,4978,2447
198709178285,28,3449,68,4105,4978,2448
198709189384,130,3489,107,8705,4979,2448
198709200354,273,3585,167,15783,4980,2448
198709211606,27,2966,50,2465,4980,2449
198709222668,260,3195,129,7344,4981,2449
198709233806,185,3883,76,4645,4982,2449
198709244823,20,3841,32,1114,4982,2450
198709256041,389,3319,34,1077,4983,2450
198709267377,349,3253,367,35692,4984,2450
198709278422,21,4302,65,3998,4984,2451
198709289564,936,3161,162,15410,4985,2451
198709300472,203,3842,56,2811,4986,2451
198709311385,22,2858,40,2157,4986,2452
198709322917,423,3211,99,7463,4987,2452
198709333894,113,3028,162,15330,4988,2452
198709345094,20,2884,52,2381,4988,2453
198709356299,159,2626,102,8013,4989,2453
198709367310,199,2583,68,2574,4990,2453
198709378429,31,2535,47,2156,4990,2454
198709409111,317,3512,211,14699,4991,2454
198709424285,37,3283,81,2530,4991,2455
198709435446,226,3867,115,4778,4992,2455
198709446715,22,3565,62,2187,4992,2456
198709457830,131,4248,63,2602,4993,2456
198709468933,123,2755,140,7706,4994,2456
198709480139,23,2689,72,2150,4994,2457
198709491305,259,3064,67,2518,4995,2457
198709501962,209,4158,163,14371,4996,2457
198709513211,21,3063,58,2321,4996,2458
198709524245,158,3381,103,8224,4997,2458
198709535317,144,3095,167,15441,4998,2458
198709546522,19,3082,58,2665,4998,2459
198709557613,261,3535,56,2977,4999,2459
198709568646,174,3912,97,7942,5000,2459
198709579723,19,3205,62,2117,5000,2460
198709591315,192,3100,158,15543,5001,2460
198709601964,159,4041,90,6965,5002,2460
198709612996,20,5421,111,1567,5002,2461
198709624195,255,3851,76,5775,5003,2461
198709635327,330,3196,349,36005,5004,2461
198709646510,19,3348,139,4018,5004,2462
198709657580,139,3007,104,8291,5005,2462
198709668650,150,4028,167,14083,5006,2462
198709680439,27,3296,59,2442,5006,2463
198709691155,208,3256,97,3186,5007,2463
198709702262,117,3112,51,2477,5008,2463
198709713372,20,3038,47,2083,5008,2464
198709724479,195,4358,99,8073,5009,2464
198709735446,272,4409,50,2204,5010,2464
198709746498,20,3931,47,2006,5010,2465
198709757744,125,4274,155,14511,5011,2465
198709768724,220,3679,126,7994,5012,2465
198709779850,19,3851,52,2171,5012,2466
198709791213,234,3443,158,15071,5013,2466
198709802188,282,3064,57,2874,5014,2466
198709813137,20,3144,49,2265,5014,2467
198709824187,298,2911,94,7763,5015,2467
198709835691,277,3393,202,15627,5016,2467
198709846826,20,3448,54,2428,5016,2468
198709857815,469,3031,101,8168,5017,2468
198709869004,416,3257,152,14282,5018,2468
198709880013,50,2987,57,2530,5018,2469
198709891703,259,3787,100,8258,5019,2469
198709902178,272,3528,70,4278,5020,2469
198709913185,20,2654,33,1077,5020,2470
198709924324,425,3144,41,1046,5021,2470
198709935627,188,3221,342,34419,5022,2470
198709946458,21,2939,62,4023,5022,2471
198709957538,237,3298,96,7971,5023,2471
198709968895,335,3068,57,2458,5024,2471
198709979820,20,2797,46,2082,5024,2472
198709990877,119,2880,82,2345,5025,2472
198710002064,253,3034,155,14291,5026,2472
198710013110,20,2757,50,2331,5026,2473
198710024441,141,3055,101,8236,5027,2473
198710035615,115,3172,167,15259,5028,2473
198710046589,23,3006,55,2583,5028,2474
198710057592,110,3104,51,2903,5029,2474
198710068936,149,2884,115,7454,5030,2474
198710079881,20,2745,51,2049,5030,2475
198710090886,168,3070,160,15391,5031,2475
198710101996,205,3100,99,7791,5032,2475
198710113275,29,3129,60,2136,5032,2476
198710124165,196,2950,175,13730,5033,2476
198710135674,109,3066,48,2027,5034,2476
198710146751,27,6483,41,1010,5034,2477
198710157788,145,4034,42,1008,5035,2477
198710168948,175,4105,326,33712,5036,2477
198710179909,26,2851,90,3897,5036,2478
198710190995,132,3062,59,3281,5037,2478
198710202092,131,2833,51,2207,5038,2478
198710213130,21,2719,46,2007,5038,2479
198710224195,149,3132,100,7968,5039,2479
198710235272,186,2944,46,2275,5040,2479
198710246436,19,2688,45,2042,5040,2480
198710257928,114,3152,152,14139,5041,2480
198710268974,236,2813,104,8007,5042,2480
198710280024,20,2909,50,1995,5042,2481
198710290977,123,3134,154,14927,5043,2481
198710302009,129,2628,62,2831,5044,2481
198710313554,34,2698,65,2219,5044,2482
198710324415,165,2618,110,7609,5045,2482
198710371916,232,10828,192,15661,5046,2482
198710398913,960,4076,127,1678,5047,2482
198710405656,36,2682,79,1004,5047,2483
198710416738,192,3679,545,34373,5048,2483
198710428027,71,3367,110,4026,5048,2484
198710438617,216,4027,166,7994,5049,2484
198710449783,31,3561,99,2325,5049,2485
198710461041,232,3489,233,14949,5050,2485
198710472324,197,2881,131,7755,5051,2485
198710483167,35,2900,106,2190,5051,2486
198710494427,235,3419,420,80566,5052,2486
198710505334,169,3355,376,64812,5053,2486
198710516755,33,3648,386,51420,5053,2487
198710527559,283,3132,403,69269,5054,2487
198710538599,164,3415,377,71573,5055,2487
198710549940,27,3183,353,47398,5055,2488
198710561259,162,3160,403,73748,5056,2488
198710572304,507,3201,359,64065,5057,2488
198710583646,27,3364,416,65904,5057,2489
198710594318,154,3319,419,93508,5058,2489
198710605710,172,3110,388,64078,5059,2489
198710616864,28,3665,383,83714,5059,2490
198710628130,212,3571,486,94696,5060,2490
198710638633,186,3052,362,91901,5061,2490
198710650008,32,3262,622,92213,5061,2491
198710661303,417,3729,699,98453,5062,2491
198710672402,220,3346,384,92743,5063,2491
198710683330,38,3396,392,75650,5063,2492
198710694653,238,3334,355,65804,5064,2492
198710705500,454,3264,434,61952,5065,2492
198710716847,27,3583,384,62098,5065,2493
198710727809,200,4297,381,61257,5066,2493
198710738918,130,3218,352,59420,5067,2493
198710749899,27,3294,383,61438,5067,2494
198710760832,147,3317,349,62067,5068,2494
198710772328,232,4179,346,60078,5069,2494
198710783447,31,3794,423,66330,5069,2495
198710794374,2964,3090,345,62307,5070,2495
198710805426,335,3165,442,58635,5071,2495
198710816564,26,3251,347,55871,5071,2496
198710827964,329,3796,446,66517,5072,2496
198710839038,135,2892,358,56736,5073,2496
198710849892,25,3561,360,61746,5073,2497
198710861099,286,2996,438,58464,5074,2497
198710872379,158,3043,371,69878,5075,2497
198710883581,29,3199,4455,52835,5075,2498
198710894477,326,3437,355,61171,5076,2498
198710905456,345,3030,344,54691,5077,2498
198710916386,27,3237,358,54678,5077,2499
198710927679,341,3446,373,58229,5078,2499
198710939012,250,3722,527,52796,5079,2499
198710950027,30,3112,387,54470,5079,2500
198710960887,160,3401,371,55866,5080,2500
198710972231,343,3268,371,54132,5081,2500
198710983233,27,3225,436,54691,5081,2501
198710994498,411,3528,413,58489,5082,2501
198711005587,224,3800,349,54170,5083,2501
198711016521,27,3265,366,56908,5083,2502
198711027579,399,3162,376,58070,5084,2502
198711038812,255,3214,352,54195,5085,2502
198711049903,24,3223,349,52896,5085,2503
198711061107,280,3358,338,52632,5086,2503
198711072166,125,2755,422,52496,5087,2503
198711083219,55,3203,358,53919,5087,2504
198711094483,258,3848,432,59429,5088,2504
198711105551,322,3566,475,56225,5089,2504
198711116612,27,3788,354,51632,5089,2505
198711127778,224,2911,353,53855,5090,2505
198711138987,258,3038,395,65833,5091,2505
198711149839,27,3221,379,53095,5091,2506
198711161277,218,2885,340,56667,5092,2506
198711172147,172,3213,439,51629,5093,2506
198711183138,32,3348,380,54706,5093,2507
198711194086,256,3194,367,56112,5094,2507
198711205472,354,3964,378,52353,5095,2507
198711216594,26,3288,379,51729,5095,2508
198711227863,249,3299,344,54538,5096,2508
198711238736,354,3289,357,53712,5097,2508
198711249901,25,3108,354,53882,5097,2509
198711261091,192,3035,344,56460,5098,2509
198711272119,137,2742,381,51737,5099,2509
198711283454,29,2925,357,55282,5099,2510
198711294438,167,2699,380,52962,5100,2510
198711305857,255,2787,359,50026,5101,2510
198711316609,35,3020,357,50850,5101,2511
198711327697,194,2729,364,55633,5102,2511
198711338894,235,2788,357,54603,5103,2511
198711349782,24,2998,369,55574,5103,2512
198711361187,188,2807,361,52037,5104,2512
198711383652,252,2859,564,53548,5105,2512
198711398152,36,2859,548,55293,5105,2513
198711409073,205,4134,561,65943,5106,2513
198711420333,197,4425,920,53535,5107,2513
198711431403,38,4051,618,52138,5107,2514
198711442492,178,3968,511,55971,5108,2514
198711454037,270,3881,359,52981,5109,2514
198711464810,33,3480,380,50772,5109,2515
198711475941,152,2788,367,53304,5110,2515
198711487224,182,3139,360,54274,5111,2515
198711497949,27,3236,388,55222,5111,2516
198711509126,303,3553,465,54657,5112,2516
198711520657,292,3753,355,50644,5113,2516
198711531532,25,3824,371,53171,5113,2517
198711542776,665,3772,372,52325,5114,2517
198711554124,202,3189,452,50710,5115,2517
198711565006,25,3123,375,50366,5115,2518
198711575738,134,3027,383,53034,5116,2518
198711587525,310,4009,1239,50610,5117,2518
198711598322,23,3285,352,56406,5117,2519
198711609104,256,4151,380,51124,5118,2519
198711620377,172,3297,375,64565,5119,2519
198711632042,31,3194,769,49375,5119,2520
198711642849,171,3883,351,55582,5120,2520
198711654063,171,3998,361,49869,5121,2520
198711664938,24,3638,358,53013,5121,2521
198711675919,160,3404,348,52552,5122,2521
198711686790,136,2877,356,65087,5123,2521
198711698032,27,2949,355,51682,5123,2522
198711709296,269,3233,381,55413,5124,2522
198711720389,138,3456,355,49669,5125,2522
198711731389,23,3153,418,55144,5125,2523
198711742650,226,3520,353,54395,5126,2523
198711753608,181,3487,351,50711,5127,2523
198711764676,25,3112,377,53868,5127,2524
198711775950,174,3305,357,54454,5128,2524
198711786876,141,2824,394,49460,5129,2524
198711798443,26,2937,346,53259,5129,2525
198711809356,160,3157,340,51405,5130,2525
198711820258,141,3057,348,53278,5131,2525
198711831589,24,3175,355,54266,5131,2526
198711842830,197,3783,367,67586,5132,2526
198711853620,167,3238,344,48685,5133,2526
198711864822,23,3234,364,55146,5133,2527
198711875815,129,3513,361,54156,5134,2527
198711887060,144,3519,354,50444,5135,2527
198711897984,22,3691,349,54289,5135,2528
198711909294,139,3170,382,53578,5136,2528
198711920344,163,2829,365,50175,5137,2528
198711931666,27,3673,981,52866,5137,2529
198711942927,191,3663,339,54106,5138,2529
198711953882,316,4519,375,49571,5139,2529
198711964922,32,3387,374,50950,5139,2530
198711975666,394,3457,367,54453,5140,2530
198711986890,250,3359,382,50791,5141,2530
198711998012,30,3205,366,57286,5141,2531
198712009251,277,3322,352,54983,5142,2531
198712020226,142,3454,396,48969,5143,2531
198712031499,28,3065,370,50329,5143,2532
198712042838,244,3285,368,52580,5144,2532
198712053793,134,3288,359,51779,5145,2532
198712064864,24,3403,433,55803,5145,2533
198712075699,137,3090,350,64764,5146,2533
198712087110,408,2954,369,42313,5147,2533
198712098184,23,3009,386,51001,5147,2534
198712109112,140,3603,336,54536,5148,2534
198712120202,206,3285,348,50517,5149,2534
198712131585,22,3169,355,56179,5149,2535
198712142487,253,3161,378,54689,5150,2535
198712153746,130,3092,349,49640,5151,2535
198712165081,23,3310,363,52420,5151,2536
198712176163,150,3365,1263,52746,5152,2536
198712187350,311,3467,387,64595,5153,2536
198712198183,23,2977,405,49708,5153,2537
198712209164,135,3226,347,54340,5154,2537
198712220606,154,3164,501,49412,5155,2537
198712231680,22,3272,481,52208,5155,2538
198712242792,303,3822,344,53756,5156,2538
198712253910,148,2954,364,50182,5157,2538
198712265187,128,3109,483,54564,5157,2539
198712275940,237,3128,342,50987,5158,2539
198712287281,361,3859,394,52917,5159,2539
198712298368,25,3288,369,53774,5159,2540
198712309097,163,3066,362,49839,5160,2540
198712320605,378,3954,347,48462,5161,2540
198712331581,23,3306,351,48191,5161,2541
198712342500,138,3097,339,68591,5162,2541
198712353930,169,3975,359,47853,5163,2541
198712364787,24,3247,372,52751,5163,2542
198712376272,281,3415,420,55500,5164,2542
198712387227,192,3798,415,50713,5165,2542
198712398491,50,3657,697,56609,5165,2543
198712409200,215,3766,492,52076,5166,2543
198712420458,192,3493,374,49866,5167,2543
198712431643,26,3416,405,54802,5167,2544
198712442535,125,3118,340,54556,5168,2544
198712453446,404,3084,518,49747,5169,2544
198712465028,29,3040,361,54595,5169,2545
198712476034,200,2866,403,53635,5170,2545
198712487064,344,3486,373,54023,5171,2545
198712498389,27,3213,365,56303,5171,2546
198712509041,435,3103,363,54499,5172,2546
198712520446,250,3230,366,49474,5173,2546
198712531549,26,3247,429,50069,5173,2547
198712542547,141,3387,356,50965,5174,2547
198712553688,141,4312,359,49608,5175,2547
198712564655,49,2927,366,54625,5175,2548
198712576015,339,3439,357,51692,5176,2548
198712587161,229,3067,369,62624,5177,2548
198712598140,22,2758,533,52592,5177,2549
198712609528,135,2909,381,55185,5178,2549
198712620644,153,3711,407,51142,5179,2549
198712631394,26,3490,695,57463,5179,2550
198712642461,142,3804,371,55318,5180,2550
198712653767,206,3881,372,50504,5181,2550
198712664972,34,3245,388,52621,5181,2551
198712675787,234,4660,368,53106,5182,2551
198712687038,142,3313,356,49604,5183,2551
198712698302,25,2914,396,53228,5183,2552
198712709474,455,3507,359,54285,5184,2552
198712720836,278,3356,407,49391,5185,2552
198712731633,29,3447,378,56041,5185,2553
198712742616,134,4069,346,52716,5186,2553
198712753687,170,4211,349,52942,5187,2553
198712764959,20,3035,347,54150,5187,2554
198712776030,152,2732,349,49317,5188,2554
198712787239,218,3456,432,48933,5189,2554
198712798420,22,3205,386,54286,5189,2555
198712809283,138,3783,356,66506,5190,2555
198712820377,228,3241,401,50507,5191,2555
198712831768,22,3780,513,51865,5191,2556
198712842776,211,3197,490,54221,5192,2556
198712853839,149,3394,377,51387,5193,2556
198712865069,24,3173,361,50737,5193,2557
198712876125,167,3282,371,54776,5194,2557
198712886938,279,3442,356,48983,5195,2557
198712898190,24,3345,359,56129,5195,2558
198712908995,164,3684,368,53363,5196,2558
198712920646,192,3460,354,51103,5197,2558
198712931727,24,3249,360,52708,5197,2559
198712942454,187,3263,354,52083,5198,2559
198712953814,245,3326,375,52767,5199,2559
198712964833,24,3088,351,53501,5199,2560
198712976084,364,4078,436,49429,5200,2560
198712987012,310,3275,362,51027,5201,2560
198712998272,21,3383,373,50172,5201,2561
198713009372,141,3541,360,67926,5202,2561
198713020567,204,3067,392,48671,5203,2561
198713031543,23,3192,376,56786,5203,2562
198713042638,204,2995,352,53953,5204,2562
198713053913,169,3840,375,50651,5205,2562
198713065135,28,3475,373,54780,5205,2563
198713076078,297,3303,449,54971,5206,2563
198713087188,239,3216,356,50259,5207,2563
198713098386,25,3123,374,51169,5207,2564
198713109084,231,3113,354,53089,5208,2564
198713120437,122,3043,362,54397,5209,2564
198713131509,24,3643,357,55197,5209,2565
198713142923,346,3449,370,54055,5210,2565
198713153988,147,3239,352,51090,5211,2565
198713164729,24,3019,383,52911,5211,2566
198713176203,170,3490,349,51851,5212,2566
198713187267,134,3130,392,50820,5213,2566
198713197985,23,3799,389,54075,5213,2567
198713209276,270,3292,334,49086,5214,2567
198713220674,209,3818,361,50067,5215,2567
198713231472,31,3296,389,49294,5215,2568
198713242501,136,3473,360,67897,5216,2568
198713253836,2726,3495,353,48938,5217,2568
198713264720,24,2680,430,56128,5217,2569
198713276153,373,3128,339,53816,5218,2569
198713286983,137,2689,417,49464,5219,2569
198713298256,31,2862,360,55853,5219,2570
198713309008,183,2696,358,50071,5220,2570
198713320850,135,2760,350,51596,5221,2570
198713331329,30,3444,413,56608,5221,2571
198713353308,226,2792,350,54117,5222,2571
198713371800,31,2763,354,51436,5222,2572
198713378681,31,2739,558,53541,5222,2573
198713390221,234,4187,565,54574,5223,2573
198713400994,25,4091,566,49961,5223,2574
198713412250,168,3892,580,50348,5224,2574
198713423467,199,3935,548,54759,5225,2574
198713434507,30,2964,540,50307,5225,2575
198713445694,226,2903,376,51556,5226,2575
198713456647,163,3192,350,53213,5227,2575
198713467703,128,3155,388,51516,5228,2575
198713478951,27,3768,348,53055,5228,2576
198713490076,260,3246,367,55481,5229,2576
198713501155,234,3489,354,48792,5230,2576
198713512054,25,2954,387,50015,5230,2577
198713523436,159,3534,373,51514,5231,2577
198713534132,232,3000,360,50790,5232,2577
198713545515,29,3344,412,51462,5232,2578
198713556770,147,3675,352,50784,5233,2578
198713567466,168,3591,356,63610,5234,2578
198713578761,25,3414,370,49388,5234,2579
198713589826,150,3665,439,52351,5235,2579
198713601019,240,3600,365,49127,5236,2579
198713612172,32,3183,379,54201,5236,2580
198713623386,167,3530,436,54558,5237,2580
198713634650,423,3658,402,49572,5238,2580
198713645377,25,4197,357,51228,5238,2581
198713656674,145,3481,347,54181,5239,2581
198713667600,141,4007,371,50193,5240,2581
198713678589,30,3066,355,55426,5240,2582
198713689981,355,3597,380,53946,5241,2582
198713700920,264,2970,370,49364,5242,2582
198713712376,21,5123,430,49878,5242,2583
198713723187,269,3612,362,54006,5243,2583
198713734312,256,3291,378,48539,5244,2583
198713745353,30,2798,402,53944,5244,2584
198713756364,204,2831,374,50294,5245,2584
198713767933,253,3310,360,49725,5246,2584
198713778751,21,2995,363,53100,5246,2585
198713790142,403,3436,369,51777,5247,2585
198713801245,412,3792,361,62843,5248,2585
198713812342,24,4353,435,49671,5248,2586
198713823376,145,3191,349,53052,5249,2586
198713834668,233,2958,347,49703,5250,2586
198713845471,22,2899,345,55197,5250,2587
198713856760,313,2991,363,52109,5251,2587
198713867828,127,3250,384,52599,5252,2587
198713879009,29,3598,380,54928,5252,2588
198713890042,227,2991,350,54440,5253,2588
198713901296,365,3534,357,50187,5254,2588
198713911992,23,3288,358,51254,5254,2589
198713923690,268,3184,377,51994,5255,2589
198713934497,303,4462,377,50659,5256,2589
198713945275,24,3091,362,51198,5256,2590
198713956673,288,4768,369,53079,5257,2590
198713967838,184,5151,386,47910,5258,2590
198713978884,24,3236,414,54932,5258,2591
198713990087,374,3536,352,50789,5259,2591
198714000908,134,3443,342,49342,5260,2591
198714012320,20,3038,357,50605,5260,2592
198714023362,343,3126,366,64807,5261,2592
198714034516,255,3456,370,42500,5262,2592
198714045288,21,3731,359,53221,5262,2593
198714056601,262,2989,383,51234,5263,2593
198714067787,155,3402,382,50600,5264,2593
198714079004,28,2909,362,55786,5264,2594
198714089784,380,2969,355,53829,5265,2594
198714100989,222,3571,356,48863,5266,2594
198714112455,26,3140,352,54107,5266,2595
198714123166,373,2993,349,54196,5267,2595
198714134589,182,4093,359,49429,5268,2595
198714145419,23,3146,367,49504,5268,2596
198714156965,201,3255,367,53121,5269,2596
198714167881,344,3821,357,50660,5270,2596
198714178907,27,3595,379,54702,5270,2597
198714190013,278,3692,345,53401,5271,2597
198714201285,128,3651,346,48708,5272,2597
198714212127,23,2683,447,48255,5272,2598
198714223366,171,2741,365,51566,5273,2598
198714234688,162,2840,358,51706,5274,2598
198714245604,23,2601,335,52070,5274,2599
198714264896,421,2795,368,50538,5275,2599
198714279476,236,2787,553,64260,5276,2599
198714290869,378,4110,565,45004,5277,2599
198714301734,163,4455,552,63255,5278,2599
198714312802,25,3486,674,48660,5278,2600
198714323975,140,4022,533,54926,5279,2600
198714335198,160,2996,539,49515,5280,2600
198714346352,27,3021,556,49823,5280,2601
198714357676,1049,3347,384,52130,5281,2601
198714368672,295,3266,355,49242,5282,2601
198714379643,24,4105,373,55360,5282,2602
198714390675,160,4890,355,53836,5283,2602
198714401755,188,3602,348,50332,5284,2602
198714412854,26,3083,356,51249,5284,2603
198714423811,155,3832,350,50806,5285,2603
198714435127,1885,3280,372,50716,5286,2603
198714446352,22,3012,358,49256,5286,2604
198714457234,132,3417,347,53504,5287,2604
198714468133,179,2890,356,48421,5288,2604
198714479530,21,2964,385,54516,5288,2605
198714490611,233,3030,382,51442,5289,2605
198714501872,294,3105,353,51329,5290,2605
198714512638,20,3031,406,49782,5290,2606
198714524126,142,3230,360,65120,5291,2606
198714535032,236,4793,356,42106,5292,2606
198714546249,23,2978,363,53131,5292,2607
198714557024,134,3125,342,51144,5293,2607
198714568761,260,3619,381,50592,5294,2607
198714579837,21,3158,342,55792,5294,2608
198714590398,262,3634,346,53828,5295,2608
198714602030,402,4245,348,48616,5296,2608
198714612719,23,3481,385,54025,5296,2609
198714624207,266,3409,353,54302,5297,2609
198714635242,155,3357,362,48543,5298,2609
198714646364,36,2956,354,55426,5298,2610
198714657228,283,3266,341,53366,5299,2610
198714668659,154,3138,379,48486,5300,2610
198714679657,30,3091,382,54559,5300,2611
198714690408,137,3435,345,51627,5301,2611
198714701981,138,3492,370,49101,5302,2611
198714712704,22,3018,342,52406,5302,2612
198714723968,133,3579,360,50720,5303,2612
198714735055,130,2893,379,63620,5304,2612
198714746119,22,2862,547,51571,5304,2613
198714757467,265,2935,368,55070,5305,2613
198714768644,582,3118,347,49041,5306,2613
198714779453,22,2880,368,55171,5306,2614
198714790778,129,3045,343,52917,5307,2614
198714801614,162,3985,412,48971,5308,2614
198714812935,29,3217,408,54766,5308,2615
198714824104,131,3157,344,54330,5309,2615
198714835245,130,3148,403,49582,5310,2615
198714846143,23,2990,406,49111,5310,2616
198714857620,208,3269,360,53659,5311,2616
198714868415,135,3684,365,48268,5312,2616
198714879421,25,2965,985,51390,5312,2617
198714890903,192,3440,362,51785,5313,2617
198714901873,201,3254,353,50942,5314,2617
198714912891,22,3006,480,52173,5314,2618
198714924090,166,3078,350,50438,5315,2618
198714935382,191,3976,349,47459,5316,2618
198714946118,22,3538,347,53677,5316,2619
198714957309,167,3688,355,67865,5317,2619
198714968458,172,3516,353,47343,5318,2619
198714979769,22,3515,354,51994,5318,2620
198714990673,205,3229,360,54119,5319,2620
198715001929,137,3083,466,49503,5320,2620
198715013033,34,3046,368,49172,5320,2621
198715024216,188,3082,356,53733,5321,2621
198715034879,222,3707,380,48018,5322,2621
198715046118,22,3779,376,49552,5322,2622
198715057409,277,3344,410,50115,5323,2622
198715068394,146,3216,345,50580,5324,2622
198715079421,23,3002,398,55291,5324,2623
198715090492,203,3475,395,51603,5325,2623
198715101730,2985,2958,381,49349,5326,2623
198715112842,21,2909,350,52265,5326,2624
198715124071,341,3031,374,48173,5327,2624
198715135025,205,3438,348,48554,5328,2624
198715145963,23,2867,337,49612,5328,2625
198715157414,240,3348,370,54148,5329,2625
198715168455,167,3544,449,65998,5330,2625
198715179282,28,2827,352,54870,5330,2626
198715190530,202,3556,348,51173,5331,2626
198715201589,131,3532,369,55829,5332,2626
198715212704,23,3113,412,52089,5332,2627
198715223882,133,2802,357,52529,5333,2627
198715235255,194,2961,373,56141,5334,2627
198715246343,22,2751,338,52675,5334,2628
198715257081,220,2702,371,53276,5335,2628
198715268173,158,2694,442,50171,5336,2628
198715286626,259,2732,534,52227,5337,2628
198715291228,21,2696,502,50179,5337,2629
198715301665,165,4510,581,58031,5338,2629
198715312878,25,3564,531,48823,5338,2630
198715323826,153,3966,529,53490,5339,2630
198715335826,201,4428,545,49969,5340,2630
198715346418,25,2697,538,51970,5340,2631
198715357095,169,2782,540,51395,5341,2631
198715368479,136,3495,374,47806,5342,2631
198715379235,23,3816,368,50001,5342,2632
198715390541,252,3640,380,51094,5343,2632
198715401735,237,4106,402,63137,5344,2632
198715412782,25,3979,345,49244,5344,2633
198715423959,248,3859,365,52700,5345,2633
198715434929,155,4303,356,48401,5346,2633
198715445989,27,3249,361,54177,5346,2634
198715457432,253,3189,337,54109,5347,2634
198715468280,188,3102,355,48731,5348,2634
198715479540,23,3208,344,49941,5348,2635
198715490578,139,3120,388,54268,5349,2635
198715501736,167,2937,498,49514,5350,2635
198715513102,45,3175,413,53989,5350,2636
198715523766,135,3194,452,51539,5351,2636
198715535378,145,3072,360,63144,5352,2636
198715546271,25,3089,343,47624,5352,2637
198715557399,703,3322,345,52888,5353,2637
198715568286,115,2799,338,49929,5354,2637
198715579630,21,2859,347,53575,5354,2638
198715590382,154,3341,394,50597,5355,2638
198715601883,210,3082,353,51410,5356,2638
198715612756,24,3213,342,49701,5356,2639
198715623938,426,3142,348,51603,5357,2639
198715635001,187,3164,341,50359,5358,2639
198715646229,23,2929,427,51794,5358,2640
198715657758,174,3483,515,64151,5359,2640
198715668381,169,2770,366,47758,5360,2640
198715679622,36,2778,365,52206,5360,2641
198715690894,206,2793,402,64837,5361,2641
198715701488,141,2715,354,50509,5362,2641
198715712628,22,2686,352,50631,5362,2642
198715724739,190,15421,395,53031,5363,2642
198715751926,149,2787,361,57555,5364,2642
198715762609,26,2703,341,48818,5364,2643
198715774241,256,4752,1185,49244,5365,2643
198715784938,29,3768,576,50014,5365,2644
198715796038,138,4151,551,54876,5366,2644
198715807268,318,4103,523,48505,5367,2644
198715818367,128,4467,532,53207,5368,2644
198715829678,24,2847,675,50606,5368,2645
198715840741,534,3833,354,49496,5369,2645
198715851801,301,3729,377,52727,5370,2645
198715862669,24,3535,362,48950,5370,2646
198715873835,211,4388,371,50204,5371,2646
198715885409,980,3484,354,51634,5372,2646
198715896144,25,3054,354,50403,5372,2647
198715907535,155,3643,398,55244,5373,2647
198715918651,303,3023,362,47583,5374,2647
198715929593,25,2970,355,50261,5374,2648
198715940874,341,3001,349,48868,5375,2648
198715951672,165,3892,377,66556,5376,2648
198715962933,32,3318,366,50635,5376,2649
198715974096,169,3495,341,50097,5377,2649
198715985214,169,3259,346,55837,5378,2649
198715995933,23,3391,376,49690,5378,2650
198716007280,364,4962,364,50541,5379,2650
198716018425,321,3501,376,53208,5380,2650
198716029683,24,4285,397,50253,5380,2651
198716040764,241,3353,345,51603,5381,2651
198716051676,183,3739,347,50177,5382,2651
198716062990,25,3601,367,49171,5382,2652
198716074196,223,4609,440,52701,5383,2652
198716087547,221,3132,1338,66895,5384,2652
198716096277,27,3085,355,51044,5384,2653
198716107511,383,3555,351,50251,5385,2653
198716118327,164,4069,349,52408,5386,2653
198716129580,47,3644,427,48358,5386,2654
198716141306,161,4291,352,53604,5387,2654
198716151901,399,3341,349,50005,5388,2654
198716162951,27,3607,443,47028,5388,2655
198716174071,305,3419,354,52690,5389,2655
198716185170,136,3939,348,63527,5390,2655
198716195966,23,3585,477,50068,5390,2656
198716207455,254,3660,377,52541,5391,2656
198716218712,128,3513,346,53505,5392,2656
198716229441,23,4306,425,48980,5392,2657
198716240480,205,4472,406,53183,5393,2657
198716252100,276,3516,348,53773,5394,2657
198716262733,19,4146,346,48647,5394,2658
198716274180,195,3283,353,49904,5395,2658
198716285005,157,3724,1441,51368,5396,2658
198716296169,27,3359,345,49336,5396,2659
198716307460,251,3739,358,53999,5397,2659
198716318454,459,3298,494,51209,5398,2659
198716329719,23,3587,535,49538,5398,2660
198716340380,156,3696,376,51115,5399,2660
198716351626,143,3208,374,49152,5400,2660
198716363220,24,2896,351,48504,5400,2661
198716373873,268,3052,415,49213,5401,2661
198716385392,227,3074,398,55226,5402,2661
198716395940,24,3089,347,48953,5402,2662
198716407549,305,3793,404,64024,5403,2662
198716418410,376,3397,360,57084,5404,2662
198716429574,24,2871,369,49992,5404,2663
198716440715,299,3030,437,53876,5405,2663
198716451573,277,3700,353,52184,5406,2663
198716462875,23,3207,359,50082,5406,2664
198716474257,270,3055,358,51335,5407,2664
198716484969,306,4457,378,56302,5408,2664
198716496155,25,2996,338,50676,5408,2665
198716507302,334,3196,361,49464,5409,2665
198716518213,289,4070,352,52192,5410,2665
198716529641,22,3342,339,47418,5410,2666
198716540557,169,3457,349,53985,5411,2666
198716551620,136,5001,344,50322,5412,2666
198716562981,25,3561,384,50485,5412,2667
198716574179,366,3161,355,49953,5413,2667
198716585040,376,6203,353,67614,5414,2667
198716596225,23,3747,371,51343,5414,2668
198716607353,171,3497,350,50168,5415,2668
198716618724,148,3752,377,53766,5416,2668
198716629872,24,4018,345,50928,5416,2669
198716640892,245,4075,431,50053,5417,2669
198716651611,130,3574,342,53164,5418,2669
198716662642,26,3822,428,48302,5418,2670
198716674149,145,3110,355,52329,5419,2670
198716685133,136,3336,370,53954,5420,2670
198716696018,24,3460,410,49201,5420,2671
198716707263,247,4669,362,49952,5421,2671
198716718348,215,3818,376,52367,5422,2671
198716729640,24,3551,398,48948,5422,2672
198716740820,266,3849,349,50778,5423,2672
198716751887,205,3626,354,51334,5424,2672
198716763118,34,3452,372,49278,5424,2673
198716774977,231,3982,366,51294,5425,2673
198716785109,165,3109,368,50993,5426,2673
198716796189,33,2935,359,49019,5426,2674
198716807329,182,3213,363,61447,5427,2674
198716818440,142,3296,374,51382,5428,2674
198716829485,23,2930,376,48170,5428,2675
198716840524,329,3041,350,49093,5429,2675
198716851794,269,3315,369,53243,5430,2675
198716862818,23,2888,347,49277,5430,2676
198716874021,361,4824,351,51896,5431,2676
198716885086,202,3357,366,53943,5432,2676
198716895970,24,3637,373,48374,5432,2677
198716907293,135,3134,339,49625,5433,2677
198716918618,243,4976,370,50280,5434,2677
198716929463,27,3047,441,48282,5434,2678
198716940659,368,3646,475,50777,5435,2678
198716952049,368,3498,354,54067,5436,2678
198716962835,34,3433,352,48937,5436,2679
198716973871,148,4373,351,54195,5437,2679
198716985273,244,2864,375,50430,5438,2679
198716996289,21,2607,348,49655,5438,2680
198717007244,151,2759,358,48234,5439,2680
198717018417,153,2688,367,50409,5440,2680
198717029420,31,2702,364,47591,5440,2681
198717040740,148,2740,349,64202,5441,2681
198717052031,162,27821,434,53361,5442,2681
198717092474,235,2733,396,48946,5443,2681
198717102822,141,2750,425,64480,5444,2681
198717113709,27,2917,532,51717,5444,2682
198717124826,178,4064,541,51513,5445,2682
198717136005,182,4429,538,51992,5446,2682
198717147095,24,3776,534,50801,5446,2683
198717158065,209,3990,340,49880,5447,2683
198717169109,404,3692,375,52410,5448,2683
198717180361,31,3612,381,49799,5448,2684
198717191373,158,2691,349,50981,5449,2684
198717202688,420,3310,372,48232,5450,2684
198717213499,25,2898,659,48153,5450,2685
198717224815,322,3223,370,49308,5451,2685
198717236329,152,3665,340,65591,5452,2685
198717247067,24,3113,363,50650,5452,2686
198717257951,219,3388,342,53787,5453,2686
198717269449,237,4629,362,52985,5454,2686
198717280330,35,3639,673,50407,5454,2687
198717291272,139,3779,383,52117,5455,2687
198717302585,288,3412,365,50003,5456,2687
198717313647,27,3644,371,48887,5456,2688
198717324938,315,3057,341,52937,5457,2688
198717335957,238,3570,365,53715,5458,2688
198717347199,26,3281,343,49707,5458,2689
198717358123,451,4378,370,49596,5459,2689
198717369451,277,5216,360,53918,5460,2689
198717380330,25,3114,353,51913,5460,2690
198717391244,185,3505,363,54384,5461,2690
198717402340,182,3534,362,51190,5462,2690
198717413805,31,3254,391,49465,5462,2691
198717424827,261,3537,354,50789,5463,2691
198717436077,211,3311,376,48921,5464,2691
198717447138,24,3116,382,48469,5464,2692
198717458430,178,3407,418,49464,5465,2692
198717469208,210,4063,350,62954,5466,2692
198717480449,31,4569,416,53367,5466,2693
198717491486,140,3514,344,53931,5467,2693
198717502641,286,4228,369,53536,5468,2693
198717513838,33,3482,519,50985,5468,2694
198717524672,147,3464,360,48216,5469,2694
198717536209,133,3306,372,52254,5470,2694
198717546992,22,2717,359,49477,5470,2695
198717557972,138,2812,339,53728,5471,2695
198717569231,493,2925,352,52990,5472,2695
198717580029,23,3670,457,48721,5472,2696
198717591780,143,3490,359,50319,5473,2696
198717602746,264,3637,360,51899,5474,2696
198717613489,28,3420,366,48973,5474,2697
198717624725,330,4279,377,51289,5475,2697
198717635966,318,3302,383,52588,5476,2697
198717646786,24,3750,490,49024,5476,2698
198717658368,305,3610,344,51572,5477,2698
198717669210,415,4665,554,51121,5478,2698
198717680553,31,3174,349,50852,5478,2699
198717691583,171,3481,358,49139,5479,2699
198717702414,155,3059,354,51602,5480,2699
198717713790,24,2848,348,50838,5480,2700
198717724550,182,3524,359,62550,5481,2700
198717735897,128,3014,368,55593,5482,2700
198717747181,24,3096,360,48468,5482,2701
198717757879,138,3239,350,49297,5483,2701
198717769329,147,3601,353,53117,5484,2701
198717780144,22,3170,415,48720,5484,2702
198717791631,210,4169,346,50007,5485,2702
198717802611,170,3214,350,50380,5486,2702
198717813413,36,3361,364,49386,5486,2703
198717824987,202,3321,339,50284,5487,2703
198717836099,129,3012,354,52641,5488,2703
198717846902,22,3528,377,48669,5488,2704
198717858289,3596,3169,343,48816,5489,2704
198717869304,127,2896,369,51752,5490,2704
198717880492,46,3130,357,49478,5490,2705
198717891843,186,3534,399,51608,5491,2705
198717902269,146,3151,351,50842,5492,2705
198717913758,26,3064,342,48059,5492,2706
198717924980,329,3272,380,63418,5493,2706
198717936140,138,3200,443,56422,5494,2706
198717946947,21,3029,425,49599,5494,2707
198717958299,232,3084,368,49017,5495,2707
198717969275,367,3922,351,52594,5496,2707
198717980544,20,3018,340,48256,5496,2708
198717991314,135,3683,374,52496,5497,2708
198718002539,379,3347,351,54314,5498,2708
198718013673,27,2637,380,48777,5498,2709
198718024985,165,2693,351,49453,5499,2709
198718035958,155,2793,456,52550,5500,2709
198718047138,28,2868,412,49726,5500,2710
198718058263,163,8117,796,55801,5501,2710
198718077640,227,2821,396,50954,5502,2710
198718094698,235,2843,496,63502,5503,2710
198718103380,176,4349,538,49122,5504,2710
198718114399,26,3317,474,48684,5504,2711
198718125510,151,4169,535,49936,5505,2711
198718136637,144,4107,538,50705,5506,2711
198718147798,24,2752,549,49888,5506,2712
198718158765,223,3165,380,52057,5507,2712
198718169870,280,3092,366,49043,5508,2712
198718180842,28,3042,360,48623,5508,2713
198718192311,208,4076,349,49540,5509,2713
198718203138,252,3955,376,63821,5510,2713
198718214288,24,2908,349,50026,5510,2714
198718225546,153,3164,346,52044,5511,2714
198718236424,214,3183,357,56281,5512,2714
198718247744,23,3295,375,52220,5512,2715
198718258659,248,3381,362,50199,5513,2715
198718269890,183,3548,383,53475,5514,2715
198718280983,22,2859,459,50281,5514,2716
198718292143,276,3461,360,52427,5515,2716
198718303246,265,3190,352,49995,5516,2716
198718314371,31,3915,3436,49557,5516,2717
198718325620,236,3958,410,52416,5517,2717
198718336669,163,3199,409,53808,5518,2717
198718347445,31,3167,381,49223,5518,2718
198718359201,194,3835,360,50310,5519,2718
198718369934,168,3547,367,51114,5520,2718
198718380974,23,2951,378,52167,5520,2719
198718392287,348,3863,373,50871,5521,2719
198718403437,168,3914,560,49146,5522,2719
198718414319,24,3665,351,48690,5522,2720
198718425171,195,4263,373,50187,5523,2720
198718436546,2190,4313,362,62316,5524,2720
198718447588,22,3109,353,53144,5524,2721
198718458578,312,3343,363,52492,5525,2721
198718469948,271,3923,342,53778,5526,2721
198718480972,21,2975,373,50626,5526,2722
198718492150,136,3475,341,53282,5527,2722
198718503182,160,3557,349,54254,5528,2722
198718514529,24,3213,416,50237,5528,2723
198718525970,337,4125,338,48841,5529,2723
198718536525,239,4404,368,50815,5530,2723
198718547793,26,3543,415,50744,5530,2724
198718558973,210,4134,415,56485,5531,2724
198718569684,183,4053,398,53626,5532,2724
198718580822,22,3565,528,51017,5532,2725
198718591894,171,3193,353,49779,5533,2725
198718603216,137,3759,411,51755,5534,2725
198718614425,27,3143,355,49783,5534,2726
198718625413,184,3372,359,52173,5535,2726
198718636409,211,3498,354,48863,5536,2726
198718647717,23,3246,3914,47975,5536,2727
198718658683,709,3419,368,63746,5537,2727
198718670634,142,3451,349,52517,5538,2727
198718680973,25,2912,429,48752,5538,2728
198718692116,172,3388,349,49662,5539,2728
198718702960,220,2951,350,54365,5540,2728
198718714102,21,3139,372,49633,5540,2729
198718725504,230,3189,347,50128,5541,2729
198718736444,149,3034,350,53579,5542,2729
198718747543,27,2878,369,50586,5542,2730
198718758781,147,3278,404,49925,5543,2730
198718769833,218,2991,364,53304,5544,2730
198718780833,24,2868,358,49107,5544,2731
198718792151,204,3842,378,50204,5545,2731
198718803075,748,3327,360,49967,5546,2731
198718814387,35,3793,4394,47844,5546,2732
198718825412,473,3155,365,51095,5547,2732
198718836426,230,4385,370,53290,5548,2732
198718847923,72,3173,401,48855,5548,2733
198718858828,199,4244,340,49175,5549,2733
198718869922,436,4258,412,52238,5550,2733
198718880987,20,3003,352,48959,5550,2734
198718892567,147,4474,377,53416,5551,2734
198718903295,180,3391,352,50554,5552,2734
198718914189,23,3005,346,49759,5552,2735
198718925531,212,3564,378,50317,5553,2735
198718936410,230,3406,357,50227,5554,2735
198718947426,23,2958,347,50945,5554,2736
198718959113,152,4044,352,63478,5555,2736
198718969985,346,4239,345,55095,5556,2736
198718980918,24,2981,494,48869,5556,2737
198718992220,375,3136,339,50636,5557,2737
198719003044,148,3216,416,53832,5558,2737
198719014358,25,2785,394,48404,5558,2738
198719025532,387,3241,446,49606,5559,2738
198719036770,271,3270,377,51084,5560,2738
198719047494,24,3013,343,49027,5560,2739
198719058711,149,3216,366,50720,5561,2739
198719069878,185,4073,346,53380,5562,2739
198719080918,21,3589,656,48057,5562,2740
198719091993,210,4101,358,48439,5563,2740
198719103240,395,3532,356,51409,5564,2740
198719114523,22,3121,371,48975,5564,2741
198719125763,214,3526,358,50922,5565,2741
198719136711,141,3459,357,49539,5566,2741
198719147826,25,3652,577,47638,5566,2742
198719158516,130,2943,348,63417,5567,2742
198719169639,172,2749,431,55000,5568,2742
198719181320,32,2842,355,48980,5568,2743
198719192431,159,2808,347,50096,5569,2743
198719203379,173,2707,396,51578,5570,2743
198719214532,25,2636,343,49098,5570,2744
198719225336,153,2715,387,50644,5571,2744
198719236648,145,2734,350,54212,5572,2744
198719247909,27,2799,432,48506,5572,2745
198719280209,397,2902,393,52930,5573,2745
198719295230,26,2879,660,48186,5573,2746
198719306149,188,2767,568,54153,5574,2746
198719317034,29,3742,578,47783,5574,2747
198719328225,223,4206,724,49995,5575,2747
198719339433,373,4047,521,53989,5576,2747
198719350640,31,3980,546,48346,5576,2748
198719361791,220,3214,398,49428,5577,2748
198719372587,181,2912,383,52983,5578,2748
198719383592,31,3146,421,48189,5578,2749
198719394824,179,4029,351,55647,5579,2749
198719406126,365,3263,374,52145,5580,2749
198719417117,280,3776,370,48230,5581,2749
198719428440,30,3420,353,52183,5581,2750
198719439382,163,3838,365,51128,5582,2750
198719450716,189,4609,375,64173,5583,2750
198719461605,31,3620,572,47469,5583,2751
198719472669,207,4164,365,54098,5584,2751
198719483644,29,3433,376,48231,5584,2752
198719494758,146,3562,1683,53759,5585,2752
198719505887,423,3804,367,54343,5586,2752
198719517257,289,3145,344,50367,5587,2752
198719528047,21,3767,794,49781,5587,2753
198719539521,360,3586,353,52998,5588,2753
198719550409,25,3567,368,48391,5588,2754
198719561695,213,3189,432,50339,5589,2754
198719572729,318,3480,353,53281,5590,2754
198719583895,5862,3736,397,47817,5591,2754
198719594771,23,2814,339,49060,5591,2755
198719606295,159,3951,550,51206,5592,2755
198719617340,276,4438,405,50977,5593,2755
198719628450,23,2944,384,51861,5593,2756
198719639470,153,3554,348,48113,5594,2756
198719650229,136,3486,350,48396,5595,2756
198719661511,23,2779,339,48911,5595,2757
198719672969,171,3286,352,50206,5596,2757
198719684012,406,3632,362,69491,5597,2757
198719694879,23,3113,345,53234,5597,2758
198719706292,195,4573,349,51411,5598,2758
198719717391,188,3268,372,50250,5599,2758
198719728153,24,3514,346,53473,5599,2759
198719739067,236,3384,371,56380,5600,2759
198719750674,195,3590,398,49790,5601,2759
198719761542,23,3250,377,54495,5601,2760
198719772767,195,3406,368,52403,5602,2760
198719783777,188,3838,1051,49989,5603,2760
198719795105,22,3488,338,51796,5603,2761
198719805882,299,3079,393,49860,5604,2761
198719817289,5224,2923,368,50973,5605,2761
198719828282,22,3292,383,55024,5605,2762
198719839567,276,3293,339,52135,5606,2762
198719850814,185,3802,389,48189,5607,2762
198719861440,22,3756,357,52601,5607,2763
198719872849,490,3399,359,51187,5608,2763
198719884185,216,3604,355,50605,5609,2763
198719895141,33,3232,364,49647,5609,2764
198719905735,252,3282,347,64327,5610,2764
198719917514,384,4611,447,49333,5611,2764
198719928388,28,4188,404,54846,5611,2765
198719939544,152,3417,346,55703,5612,2765
198719950266,21,2977,368,49202,5612,2766
198719961446,293,3356,338,50738,5613,2766
198719972964,139,2851,360,53132,5614,2766
198719984006,248,3584,373,51116,5615,2766
198719994654,22,3407,338,54841,5615,2767
198720006205,447,3916,374,60693,5616,2767
198720017246,148,4649,938,49607,5617,2767
198720028207,27,3466,398,53039,5617,2768
198720039396,400,4451,374,52053,5618,2768
198720050619,203,3669,371,49100,5619,2768
198720061618,21,3387,367,54495,5619,2769
198720072463,377,3650,345,63811,5620,2769
198720084076,144,4237,372,47359,5621,2769
198720095086,29,3761,449,52816,5621,2770
198720106236,360,3538,362,51341,5622,2770
198720116972,23,3053,341,50656,5622,2771
198720128414,167,4110,368,51892,5623,2771
198720139221,151,4647,340,51713,5624,2771
198720150359,123,3859,402,63409,5625,2771
198720161483,25,4243,359,47148,5625,2772
198720172941,175,3178,432,52603,5626,2772
198720183783,25,3176,344,47899,5626,2773
198720195048,131,2808,382,49936,5627,2773
198720206058,391,3065,378,54055,5628,2773
198720217111,152,3884,354,48596,5629,2773
198720228374,21,3194,693,48943,5629,2774
198720239201,1142,3002,371,54106,5630,2774
198720250421,149,4575,425,49427,5631,2774
198720261817,23,2987,339,54874,5631,2775
198720273145,214,3239,363,53545,5632,2775
198720284074,321,5170,370,49142,5633,2775
198720294712,22,4142,599,50760,5633,2776
198720305739,230,3281,398,49470,5634,2776
198720317549,365,4096,351,51195,5635,2776
198720328385,23,3989,376,49953,5635,2777
198720339178,168,3072,401,51733,5636,2777
198720350316,128,3015,354,51006,5637,2777
198720361821,23,3193,446,52011,5637,2778
198720372826,157,2890,806,51307,5638,2778
198720383875,188,3412,348,63539,5639,2778
198720394939,24,2927,378,49327,5639,2779
198720406178,147,3031,344,53175,5640,2779
198720417215,265,3372,357,48955,5641,2779
198720428428,28,2981,352,50109,5641,2780
198720439428,1834,2934,399,54464,5642,2780
198720450676,341,3157,380,48945,5643,2780
198720461747,22,3174,375,49150,5643,2781
198720472687,246,2984,353,52043,5644,2781
198720483724,333,3634,382,51339,5645,2781
198720495016,24,3124,401,54465,5645,2782
198720506129,240,3161,353,54102,5646,2782
198720517061,133,4203,364,50403,5647,2782
198720528201,23,3153,362,52134,5647,2783
198720539269,218,3905,361,52233,5648,2783
198720550307,214,3962,374,48900,5649,2783
198720561778,23,3903,367,52845,5649,2784
198720572682,189,3589,340,51336,5650,2784
198720583834,129,3754,349,50660,5651,2784
198720594749,24,2948,380,52201,5651,2785
198720605775,208,3367,379,50077,5652,2785
198720617391,216,3363,373,63557,5653,2785
198720628438,30,3301,403,49033,5653,2786
198720639369,486,3134,372,54175,5654,2786
198720650639,159,3295,359,49788,5655,2786
198720661757,22,3146,386,49093,5655,2787
198720672576,432,3457,376,51463,5656,2787
198720683604,30,3437,360,52611,5656,2788
198720694660,315,3403,443,62354,5657,2788
198720706255,243,3381,401,48659,5658,2788
198720716970,42,3804,383,48975,5658,2789
198720728438,145,3228,383,54427,5659,2789
198720739153,144,3715,561,50741,5660,2789
198720750406,213,2941,385,48614,5661,2789
198720761666,28,3356,356,49729,5661,2790
198720772804,287,3518,359,50594,5662,2790
198720783767,192,4271,378,62693,5663,2790
198720795116,25,3383,353,50192,5663,2791
198720805960,232,3157,415,51841,5664,2791
198720817302,460,3221,363,48999,5665,2791
198720828173,46,4887,355,55149,5665,2792
198720839536,285,3626,393,52696,5666,2792
198720850539,128,4021,362,50051,5667,2792
198720861441,48,3316,351,54404,5667,2793
198720872710,223,3140,440,53895,5668,2793
198720883986,380,3496,351,49170,5669,2793
198720895480,22,3449,356,54610,5669,2794
198720905961,167,3754,353,53379,5670,2794
198720917193,206,3949,368,49428,5671,2794
198720927989,27,3263,349,51562,5671,2795
198720939270,221,4201,363,63972,5672,2795
198720950226,23,3229,368,50365,5672,2796
198720961772,163,3261,373,50956,5673,2796
198720973072,253,3508,353,52240,5674,2796
198720983703,168,4062,372,49128,5675,2796
198720994666,24,3134,372,54425,5675,2797
198721005879,226,3686,371,50805,5676,2797
198721017284,186,3711,441,51106,5677,2797
198721028201,25,3966,356,52973,5677,2798
198721039386,180,3083,468,50282,5678,2798
198721050480,257,2854,380,62951,5679,2798
198721061661,23,3371,354,47350,5679,2799
198721073073,165,3851,358,54236,5680,2799
198721084004,280,3150,355,49162,5681,2799
198721095149,48,3126,400,49255,5681,2800
198721106014,375,3482,358,52078,5682,2800
198721117355,149,3864,360,52129,5683,2800
198721128282,23,4236,379,53072,5683,2801
198721139274,153,2738,383,53055,5684,2801
198721150306,143,4624,378,50060,5685,2801
198721161558,28,2844,384,52092,5685,2802
198721172510,163,3893,363,51307,5686,2802
198721183740,123,4763,360,50385,5687,2802
198721194676,21,3385,354,54401,5687,2803
198721206012,121,3973,346,53366,5688,2803
198721217228,228,3643,400,48404,5689,2803
198721227957,26,3620,363,49788,5689,2804
198721239223,217,3173,375,51235,5690,2804
198721250453,150,4081,343,49503,5691,2804
198721261295,22,3092,342,52487,5691,2805
198721272586,143,3955,348,49624,5692,2805
198721283813,170,3584,360,63236,5693,2805
198721295112,27,3058,427,50081,5693,2806
198721306004,321,3174,397,52087,5694,2806
198721317154,187,3255,353,49282,5695,2806
198721328218,26,3193,467,54070,5695,2807
198721339459,234,3141,429,53200,5696,2807
198721350443,183,3978,385,49988,5697,2807
198721361793,24,3177,344,54299,5697,2808
198721372595,152,3146,392,53541,5698,2808
198721383768,190,3515,397,49451,5699,2808
198721395188,25,4207,354,50988,5699,2809
198721406271,137,3890,363,53303,5700,2809
198721416918,30,3249,388,51721,5700,2810
198721428273,260,3392,347,53714,5701,2810
198721439225,382,3143,351,63793,5702,2810
198721450301,127,3543,367,49678,5703,2810
198721461391,34,4244,358,50288,5703,2811
198721472568,315,4147,393,52701,5704,2811
198721483908,186,3514,375,49375,5705,2811
198721494968,24,3183,1606,53427,5705,2812
198721506064,257,3741,363,51639,5706,2812
198721517079,169,3890,352,53090,5707,2812
198721528269,26,3346,342,51374,5707,2813
198721539510,230,4130,348,67505,5708,2813
198721550614,133,3066,382,47635,5709,2813
198721561412,34,3301,442,51279,5709,2814
198721573095,567,3159,406,54175,5710,2814
198721583647,23,3352,377,48179,5710,2815
198721594661,146,3629,421,50060,5711,2815
198721606193,197,3546,394,52610,5712,2815
198721616855,25,3361,426,48837,5712,2816
198721628440,200,3941,424,54264,5713,2816
198721639191,394,3273,338,54232,5714,2816
198721650625,276,3508,343,50060,5715,2816
198721661415,30,3423,405,52631,5715,2817
198721672707,176,3830,375,52492,5716,2817
198721683804,195,3160,352,47447,5717,2817
198721694787,23,3908,371,53123,5717,2818
198721706360,219,3374,367,50616,5718,2818
198721717148,124,3203,343,51075,5719,2818
198721728062,22,3523,370,48534,5719,2819
198721739208,158,3354,354,65154,5720,2819
198721750687,320,3283,338,42002,5721,2819
198721761407,20,3190,360,53343,5721,2820
198721773068,726,3410,353,53313,5722,2820
198721783717,175,3909,351,50919,5723,2820
198721794666,22,3172,533,50197,5723,2821
198721806120,200,3360,353,51435,5724,2821
198721817111,306,3294,350,50037,5725,2821
198721828390,23,3919,357,54514,5725,2822
198721839237,134,2784,336,53531,5726,2822
198721850686,325,3473,377,47767,5727,2822
198721861828,24,2996,340,53020,5727,2823
198721872829,149,3270,342,51345,5728,2823
198721883701,139,4479,378,52532,5729,2823
198721894690,24,3319,363,53189,5729,2824
198721906151,191,4235,407,51422,5730,2824
198721917236,352,4229,372,62637,5731,2824
198721928115,29,3371,343,48722,5731,2825
198721939215,161,3433,356,51133,5732,2825
198721950683,183,3647,433,48122,5733,2825
198721961704,22,3403,338,54583,5733,2826
198721972807,141,3141,341,53081,5734,2826
198721983859,167,3474,424,51441,5735,2826
198721994994,29,3127,338,52113,5735,2827
198722006075,155,2688,354,53493,5736,2827
198722017384,149,2705,396,49003,5737,2827
198722028425,33,2777,377,54917,5737,2828
198722039424,157,2682,343,53220,5738,2828
198722050462,130,2730,347,47096,5739,2828
198722077275,231,2753,368,51462,5740,2828
198722091695,212,2793,360,63444,5741,2828
198722102952,201,3475,561,49334,5742,2828
198722114153,28,3596,991,49735,5742,2829
198722124832,148,3976,535,51404,5743,2829
198722136010,144,4715,549,55043,5744,2829
198722147205,23,3246,612,49022,5744,2830
198722158320,313,3610,350,48603,5745,2830
198722169155,167,3498,395,53117,5746,2830
198722180551,33,3334,391,49420,5746,2831
198722191655,143,3829,343,49673,5747,2831
198722202778,153,3051,356,51996,5748,2831
198722213901,24,2981,375,48865,5748,2832
198722224999,147,3435,349,50259,5749,2832
198722235962,129,3678,499,51927,5750,2832
198722247208,22,2978,344,49249,5750,2833
198722258482,144,4176,374,52793,5751,2833
198722269376,129,3694,354,52744,5752,2833
198722280505,22,3100,706,49234,5752,2834
198722291640,184,3842,340,54893,5753,2834
198722302590,125,3278,348,63999,5754,2834
198722314064,25,3013,369,50271,5754,2835
198722324836,140,3589,371,51975,5755,2835
198722335971,130,3548,439,53688,5756,2835
198722347007,22,2953,358,51130,5756,2836
198722358343,153,4357,379,49479,5757,2836
198722369529,205,3459,393,54510,5758,2836
198722380785,29,2848,411,49086,5758,2837
198722391426,154,4225,346,49621,5759,2837
198722402965,128,2971,349,54427,5760,2837
198722414027,74,3212,416,51226,5760,2838
198722425487,174,2995,358,54430,5761,2838
198722436350,134,3109,355,53294,5762,2838
198722446937,24,3422,366,48884,5762,2839
198722458626,325,3848,364,50550,5763,2839
198722469819,446,3596,373,52783,5764,2839
198722480801,25,3067,406,48352,5764,2840
198722491527,209,4622,371,50706,5765,2840
198722502644,181,3397,349,50910,5766,2840
198722514022,25,2986,378,50218,5766,2841
198722525233,211,4016,374,53461,5767,2841
198722535936,450,4087,366,67724,5768,2841
198722547362,25,2944,343,51555,5768,2842
198722558540,180,3356,342,50100,5769,2842
198722569427,298,3794,394,53239,5770,2842
198722580716,25,2976,359,48606,5770,2843
198722591524,195,3677,435,49520,5771,2843
198722602620,221,3198,360,53000,5772,2843
198722614016,25,3070,345,48457,5772,2844
198722625066,139,3323,394,54312,5773,2844
198722635886,159,2958,348,53850,5774,2844
198722647295,26,2795,342,49330,5774,2845
198722659349,213,4013,356,48270,5775,2845
198722669731,405,4720,375,50740,5776,2845
198722680451,29,2912,347,49221,5776,2846
198722691508,139,3232,373,55076,5777,2846
198722702780,145,3060,348,50171,5778,2846
198722714075,41,2959,440,50410,5778,2847
198722724798,210,3982,352,49292,5779,2847
198722736133,247,3894,367,51334,5780,2847
198722747139,22,2899,371,47361,5780,2848
198722758265,218,3072,344,63386,5781,2848
198722769321,506,2974,377,50147,5782,2848
198722780609,22,2888,354,47861,5782,2849
198722791666,134,2919,371,48583,5783,2849
198722802768,232,2966,343,49935,5784,2849
198722813783,24,3101,374,49264,5784,2850
198722825025,276,2879,361,49760,5785,2850
198722835939,203,3099,349,53846,5786,2850
198722847177,22,2986,416,47773,5786,2851
198722858295,144,3028,335,50529,5787,2851
198722869637,204,3495,358,53222,5788,2851
198722880639,22,2946,3323,47971,5788,2852
198722891651,197,3206,387,56208,5789,2852
198722902905,179,3501,356,51249,5790,2852
198722913917,22,3083,446,48852,5790,2853
198722924789,229,3144,348,49144,5791,2853
198722936012,376,3872,364,51348,5792,2853
198722947083,22,3401,406,50440,5792,2854
198722958468,133,3691,342,50135,5793,2854
198722969480,236,3694,370,47624,5794,2854
198722980730,22,3084,368,47553,5794,2855
198722991571,149,3791,357,48707,5795,2855
198723002731,133,4109,345,62466,5796,2855
198723014077,25,2956,370,50395,5796,2856
198723025095,173,3152,352,51465,5797,2856
198723036209,135,3117,349,52668,5798,2856
198723047454,21,4138,418,49507,5798,2857
198723058310,131,3179,360,55491,5799,2857
198723069497,159,3055,351,53767,5800,2857
198723080442,21,2853,350,55647,5800,2858
198723091609,137,3178,390,49136,5801,2858
198723103143,262,2895,362,52431,5802,2858
198723114072,32,2753,344,48613,5802,2859
198723125138,389,3073,347,51233,5803,2859
198723136070,312,3864,363,52337,5804,2859
198723147123,24,3081,344,48974,5804,2860
198723158400,446,3779,339,49699,5805,2860
198723169426,325,3370,369,49707,5806,2860
198723180564,29,4175,412,47611,5806,2861
198723191519,152,3681,341,54669,5807,2861
198723202675,142,3310,370,52894,5808,2861
198723214013,25,3101,405,52876,5808,2862
198723225133,164,3617,344,49565,5809,2862
198723236341,126,3452,379,51365,5810,2862
198723247297,23,2912,385,51195,5810,2863
198723258676,131,3029,337,62104,5811,2863
198723269447,138,3166,534,49785,5812,2863
198723280701,25,3020,363,49372,5812,2864
198723291416,340,3506,341,48318,5813,2864
198723303038,146,3868,342,49989,5814,2864
198723313867,24,2970,344,47835,5814,2865
198723324967,469,3069,363,49787,5815,2865
198723336007,160,3368,363,53616,5816,2865
198723347049,27,3141,491,48470,5816,2866
198723358450,195,3778,353,50723,5817,2866
198723369600,144,4077,364,52484,5818,2866
198723380733,27,3098,358,47829,5818,2867
198723391652,247,4122,431,70816,5819,2867
198723402789,309,3394,365,50716,5820,2867
198723413911,23,3367,566,47843,5820,2868
198723424888,240,3237,383,52344,5821,2868
198723436245,266,2895,386,50469,5822,2868
198723447100,24,2991,370,50516,5822,2869
198723458186,151,3568,346,50383,5823,2869
198723469486,132,2802,392,64913,5824,2869
198723480454,29,2759,357,50641,5824,2870
198723491800,187,2733,400,50656,5825,2870
198723502726,189,2690,351,54578,5826,2870
198723513946,24,2742,374,50533,5826,2871
198723530359,361,7083,627,49469,5827,2871
198723549347,227,4509,530,49808,5828,2871
198723560479,173,4193,545,50510,5829,2871
198723571686,150,4237,612,53648,5830,2871
198723582820,26,3435,708,49325,5830,2872
198723593863,188,2754,538,50333,5831,2872
198723604822,164,2890,515,53446,5832,2872
198723615946,32,3256,444,48574,5832,2873
198723626942,4749,3143,436,54285,5833,2873
198723638263,128,4090,490,50896,5834,2873
198723649395,25,4141,390,49730,5834,2874
198723660149,412,4254,387,51225,5835,2874
198723671483,157,3442,410,49803,5836,2874
198723682517,24,4183,377,51568,5836,2875
198723694082,253,3954,349,61808,5837,2875
198723704778,327,3248,343,49407,5838,2875
198723715907,24,3473,408,49270,5838,2876
198723727080,191,3941,342,50453,5839,2876
198723737954,310,3784,356,54165,5840,2876
198723749125,26,3124,348,48881,5840,2877
198723760305,153,3333,371,50498,5841,2877
198723771434,219,3715,345,53889,5842,2877
198723782751,22,3785,368,50330,5842,2878
198723793726,252,3322,367,50903,5843,2878
198723804981,280,4017,340,49962,5844,2878
198723816071,25,3625,397,49694,5844,2879
198723826903,205,3520,423,51105,5845,2879
198723838068,184,3411,368,52556,5846,2879
198723849011,24,3847,351,47933,5846,2880
198723860547,186,3248,396,54998,5847,2880
198723871220,134,3585,384,49475,5848,2880
198723882527,23,3375,354,48005,5848,2881
198723894040,193,3992,375,62910,5849,2881
198723904891,130,3357,352,50387,5850,2881
198723915619,46,3866,357,47536,5850,2882
198723927154,1165,4715,351,48484,5851,2882
198723938348,241,3717,361,65047,5852,2882
198723949350,23,3429,398,50319,5852,2883
198723960370,244,4267,417,50762,5853,2883
198723971509,130,3629,350,52555,5854,2883
198723982591,25,3538,353,48963,5854,2884
198723993829,281,3480,349,51621,5855,2884
198724004752,194,3141,350,53882,5856,2884
198724015590,27,3309,361,49067,5856,2885
198724027341,214,3695,415,49470,5857,2885
198724037895,163,3098,405,51369,5858,2885
198724049096,30,3285,350,49750,5858,2886
198724060170,175,3666,352,55239,5859,2886
198724071683,140,3461,360,51518,5860,2886
198724082600,22,3457,348,52236,5860,2887
198724093511,126,2838,339,50384,5861,2887
198724105272,137,2982,372,49710,5862,2887
198724116000,25,3195,362,51543,5862,2888
198724127055,388,4743,371,62536,5863,2888
198724138038,355,4069,371,49547,5864,2888
198724149227,30,4179,366,49249,5864,2889
198724160037,273,3497,357,50343,5865,2889
198724171410,190,3457,355,54073,5866,2889
198724182549,27,3309,456,48691,5866,2890
198724193561,259,3239,388,65697,5867,2890
198724204701,353,3736,468,55252,5868,2890
198724215850,32,3258,480,48241,5868,2891
198724226957,171,3302,381,50342,5869,2891
198724238092,178,3207,402,53725,5870,2891
198724249479,28,3608,351,48428,5870,2892
198724260244,130,2906,415,50303,5871,2892
198724271592,173,3040,449,53335,5872,2892
198724282280,24,3025,359,49083,5872,2893
198724293780,256,2870,364,52985,5873,2893
198724304485,287,3013,379,50558,5874,2893
198724315868,25,3217,422,50830,5874,2894
198724327111,131,2899,355,48300,5875,2894
198724338376,171,2969,358,68213,5876,2894
198724349500,36,3029,345,50214,5876,2895
198724360409,137,3235,377,48748,5877,2895
198724371794,129,3755,411,53481,5878,2895
198724382373,29,3030,366,48238,5878,2896
198724393402,174,2758,437,50020,5879,2896
198724404631,155,2713,350,53077,5880,2896
198724436668,233,3005,551,48112,5881,2896
198724451430,631,4227,549,48025,5882,2896
198724462630,24,3361,517,47356,5882,2897
198724473842,149,4147,532,63097,5883,2897
198724484485,205,4786,522,50660,5884,2897
198724495638,27,2744,640,48048,5884,2898
198724506870,165,2832,549,49303,5885,2898
198724518087,292,4056,363,52673,5886,2898
198724529205,26,4202,348,49092,5886,2899
198724540140,339,3745,371,50079,5887,2899
198724551170,241,4925,357,49962,5888,2899
198724562647,21,3146,347,47958,5888,2900
198724573902,198,3408,349,50568,5889,2900
198724584893,186,3472,381,53126,5890,2900
198724595745,24,3758,351,48260,5890,2901
198724606933,334,4378,361,50079,5891,2901
198724617838,390,3372,359,51356,5892,2901
198724629126,23,2893,359,48371,5892,2902
198724640205,145,3040,371,52194,5893,2902
198724651219,233,3123,361,50844,5894,2902
198724662537,25,3092,410,48083,5894,2903
198724674115,307,3070,472,62491,5895,2903
198724684734,136,4072,359,46567,5896,2903
198724695656,30,3519,383,47713,5896,2904
198724706868,306,3366,374,50360,5897,2904
198724718109,238,3265,359,53689,5898,2904
198724729027,25,2915,441,48093,5898,2905
198724740210,321,3354,361,50986,5899,2905
198724751056,556,3923,355,53162,5900,2905
198724762274,28,3128,412,49210,5900,2906
198724773812,251,3502,362,49631,5901,2906
198724784414,144,3519,377,59393,5902,2906
198724795885,25,3190,402,48721,5902,2907
198724806722,265,3327,357,49111,5903,2907
198724818416,414,3490,365,51457,5904,2907
198724829316,23,3226,447,49320,5904,2908
198724840185,210,3039,381,51089,5905,2908
198724851408,282,2895,4093,49306,5906,2908
198724862443,23,2820,345,49500,5906,2909
198724873329,138,3503,368,63464,5907,2909
198724884515,130,2701,397,55510,5908,2909
198724895800,32,2620,347,48739,5908,2910
198724907032,153,2689,433,49808,5909,2910
198724918035,180,2709,400,54260,5910,2910
198724929020,26,2670,333,49102,5910,2911
198724940080,142,2721,459,50792,5911,2911
198724951342,134,2738,342,53451,5912,2911
198724962558,38,2740,365,48679,5912,2912
198724973443,176,2708,420,49238,5913,2912
198724984744,123,2741,498,54286,5914,2912
198724995757,28,2694,440,48501,5914,2913
198725006651,180,2670,434,50420,5915,2913
198725017929,122,2737,357,53958,5916,2913
198725028917,22,2629,327,49481,5916,2914
198725040154,186,2698,351,49755,5917,2914
198725051295,151,2842,394,51362,5918,2914
198725062748,44,2785,452,50738,5918,2915
198725077895,222,2823,680,47954,5919,2915
198725084439,27,2907,548,50459,5919,2916
198725095708,217,2860,544,47490,5920,2916
198725106847,259,4191,709,48627,5921,2916
198725117925,29,3804,586,49120,5921,2917
198725129163,146,4108,524,55674,5922,2917
198725140273,214,3871,533,61485,5923,2917
198725151373,141,2809,543,48670,5924,2917
198725162554,27,3192,355,48103,5924,2918
198725173498,319,3847,363,48808,5925,2918
198725184772,132,3526,356,54004,5926,2918
198725195587,27,3832,405,51127,5926,2919
198725206862,143,3315,373,49842,5927,2919
198725218143,141,4170,358,51818,5928,2919
198725228883,23,3687,402,48224,5928,2920
198725240021,149,4012,364,50802,5929,2920
198725251560,129,4073,421,53719,5930,2920
198725262346,22,3373,369,49301,5930,2921
198725273325,160,3974,344,51900,5931,2921
198725284973,180,3746,382,50870,5932,2921
198725296039,23,3415,418,50756,5932,2922
198725306835,141,3172,350,50807,5933,2922
198725317812,186,4054,373,51406,5934,2922
198725329118,23,3274,353,48823,5934,2923
198725340027,218,4019,363,62947,5935,2923
198725351377,3581,3191,352,54618,5936,2923
198725362369,21,3223,443,50644,5936,2924
198725373401,157,3629,343,49878,5937,2924
198725384515,127,3171,350,53646,5938,2924
198725395597,23,2988,353,48907,5938,2925
198725406876,163,3438,435,49345,5939,2925
198725417738,139,4071,361,53321,5940,2925
198725428944,29,3203,406,49783,5940,2926
198725440407,228,3804,351,50400,5941,2926
198725451521,176,3493,397,53970,5942,2926
198725462591,22,3148,384,48898,5942,2927
198725473619,275,4143,341,50496,5943,2927
198725484749,129,3821,354,53554,5944,2927
198725495887,22,3500,345,48797,5944,2928
198725506871,267,3180,346,53690,5945,2928
198725518080,208,2838,341,50091,5946,2928
198725528959,23,3056,340,48733,5946,2929
198725540187,161,3123,348,50579,5947,2929
198725551462,229,3071,521,64177,5948,2929
198725562579,22,3368,352,43485,5948,2930
198725574774,142,3047,346,50804,5949,2930
198725584777,129,3187,362,53065,5950,2930
198725595708,27,3599,432,50430,5950,2931
198725607003,211,3356,355,50260,5951,2931
198725617987,159,3473,362,53720,5952,2931
198725629076,22,3243,355,47870,5952,2932
198725640449,236,3132,397,48957,5953,2932
198725651463,170,4081,352,57467,5954,2932
198725662328,33,4062,350,50061,5954,2933
198725673481,465,3634,417,53146,5955,2933
198725684443,187,5051,409,52956,5956,2933
198725695603,28,3108,362,49202,5956,2934
198725706910,159,3882,351,50085,5957,2934
198725718379,430,3733,689,52223,5958,2934
198725730150,31,3099,383,48330,5958,2935
198725739965,200,3895,417,51459,5959,2935
198725751180,256,4486,360,50921,5960,2935
198725762188,22,3530,365,48739,5960,2936
198725773490,138,3177,348,52551,5961,2936
198725784625,133,3792,362,51690,5962,2936
198725795952,23,3263,373,47690,5962,2937
198725806680,296,3024,349,61674,5963,2937
198725818056,251,2892,395,50387,5964,2937
198725829355,23,3942,390,47878,5964,2938
198725840082,304,3371,336,48895,5965,2938
198725851549,193,3876,348,52992,5966,2938
198725862576,21,3326,342,47802,5966,2939
198725873447,218,3972,365,50282,5967,2939
198725884823,180,3943,364,53747,5968,2939
198725895781,24,3118,372,49121,5968,2940
198725907180,142,4604,385,52888,5969,2940
198725917949,162,3723,375,60688,5970,2940
198725928899,29,3594,390,46080,5970,2941
198725940444,307,3907,340,48704,5971,2941
198725951235,281,3802,376,52303,5972,2941
198725962474,22,3468,344,49545,5972,2942
198725973668,157,3486,365,52807,5973,2942
198725984750,167,3824,351,50119,5974,2942
198725995470,27,3251,373,50910,5974,2943
198726007014,201,3258,343,61498,5975,2943
198726018010,205,4026,341,50289,5976,2943
198726029164,24,3096,360,47699,5976,2944
198726040460,147,3094,342,48630,5977,2944
198726051433,175,3358,349,49754,5978,2944
198726062416,26,3252,376,47797,5978,2945
198726073789,155,3632,385,49999,5979,2945
198726084673,125,2933,368,52727,5980,2945
198726095983,27,3342,385,48593,5980,2946
198726107091,237,4032,391,50349,5981,2946
198726118127,128,3127,356,52726,5982,2946
198726129239,21,3078,373,48474,5982,2947
198726139967,318,3092,351,49476,5983,2947
198726151193,229,4000,395,54205,5984,2947
198726162351,20,3006,338,48533,5984,2948
198726173564,192,3121,393,54459,5985,2948
198726187393,130,3098,409,51142,5986,2948
198726195710,23,4325,1242,49382,5986,2949
198726207030,322,4202,344,50438,5987,2949
198726218047,203,4044,367,47384,5988,2949
198726228948,26,3812,861,48067,5988,2950
198726240279,136,3533,350,49286,5989,2950
198726251501,373,3972,352,62544,5990,2950
198726262353,21,3557,351,52533,5990,2951
198726273285,219,4416,343,51184,5991,2951
198726284806,353,3668,349,51832,5992,2951
198726295706,23,3585,358,49145,5992,2952
198726307171,206,4048,342,54096,5993,2952
198726317771,130,3352,360,52635,5994,2952
198726329348,21,4185,385,56269,5994,2953
198726340439,189,3361,364,48870,5995,2953
198726351289,124,3623,369,50951,5996,2953
198726362465,21,3025,468,48485,5996,2954
198726374381,139,3022,390,53910,5997,2954
198726384760,284,3162,370,52338,5998,2954
198726395513,48,3207,384,54594,5998,2955
198726406782,153,3188,349,52020,5999,2955
198726418079,146,3186,375,50924,6000,2955
198726429122,28,3046,355,52519,6000,2956
198726440137,264,3218,369,49568,6001,2956
198726451286,166,3776,395,51093,6002,2956
198726462737,23,2789,342,48166,6002,2957
198726473660,203,3395,365,62439,6003,2957
198726484802,330,3819,350,55668,6004,2957
198726495863,24,3515,361,51069,6004,2958
198726506873,135,2972,5114,48708,6005,2958
198726517888,185,3381,360,53026,6006,2958
198726528815,24,3293,351,48814,6006,2959
198726540157,386,3741,451,49800,6007,2959
198726551511,174,3793,368,50207,6008,2959
198726562584,22,3630,410,47961,6008,2960
198726573469,137,3357,358,50371,6009,2960
198726584789,184,4791,430,53584,6010,2960
198726595995,26,2779,376,48355,6010,2961
198726607052,185,3468,357,56822,6011,2961
198726618295,171,3483,375,53581,6012,2961
198726629061,23,3336,353,48525,6012,2962
198726640145,311,3503,371,49158,6013,2962
198726651321,258,3675,365,50922,6014,2962
198726662491,24,3774,374,49170,6014,2963
198726673886,217,3523,378,50483,6015,2963
198726684534,229,4546,362,49822,6016,2963
198726695543,31,3517,360,47500,6016,2964
198726706690,214,4039,367,65582,6017,2964
198726718210,1115,3311,379,55103,6018,2964
198726729168,21,3014,358,48906,6018,2965
198726740342,138,2948,370,50547,6019,2965
198726751551,225,3195,395,53631,6020,2965
198726762204,23,3392,427,48537,6020,2966
198726773380,1900,3456,386,49413,6021,2966
198726784967,315,3254,373,51260,6022,2966
198726795882,26,4094,395,48933,6022,2967
198726806658,168,3292,441,52931,6023,2967
198726817910,195,2972,382,53023,6024,2967
198726829683,29,3839,424,48942,6024,2968
198726840211,290,2908,409,49928,6025,2968
198726851744,261,3288,378,51917,6026,2968
198726862278,34,3280,363,48714,6026,2969
198726873625,176,3648,378,54435,6027,2969
198726884448,192,3147,356,51218,6028,2969
198726895559,21,3294,352,51330,6028,2970
198726906836,224,3657,369,50118,6029,2970
198726918126,184,3050,395,67919,6030,2970
198726929314,38,3755,348,48442,6030,2971
198726940264,171,3909,368,48972,6031,2971
198726951438,128,4314,385,51145,6032,2971
198726962173,22,3673,352,49450,6032,2972
198726973633,147,2973,351,48835,6033,2972
198726984424,132,4109,503,54198,6034,2972
198726995674,27,3768,368,49809,6034,2973
198727007077,144,2703,391,48881,6035,2973
198727018170,368,3458,380,53482,6036,2973
198727029171,46,3373,367,48808,6036,2974
198727040416,314,3302,352,49926,6037,2974
198727051070,326,4684,393,50089,6038,2974
198727062435,26,3268,391,47867,6038,2975
198727073420,163,4212,353,51132,6039,2975
198727084463,308,3720,355,50924,6040,2975
198727095590,25,3256,345,51881,6040,2976
198727106812,802,3593,343,50261,6041,2976
198727118027,369,5054,501,47424,6042,2976
198727129293,24,3338,352,47210,6042,2977
198727140283,139,3544,361,49486,6043,2977
198727151407,378,4675,351,62948,6044,2977
198727162278,22,3457,366,52222,6044,2978
198727173403,201,3528,353,50587,6045,2978
198727184784,130,3893,360,52396,6046,2978
198727195652,23,3022,370,49836,6046,2979
198727207076,273,3419,353,54142,6047,2979
198727218185,165,3055,370,52640,6048,2979
198727228858,29,3796,470,54909,6048,2980
198727240321,141,4356,342,51806,6049,2980
198727251086,142,3108,369,53473,6050,2980
198727262643,22,3209,385,49271,6050,2981
198727273587,241,3150,335,48548,6051,2981
198727284498,152,3241,349,53130,6052,2981
198727295961,28,3043,374,49638,6052,2982
198727306645,139,3852,708,49789,6053,2982
198727318066,244,3855,389,53361,6054,2982
198727329155,24,3588,442,48747,6054,2983
198727340170,231,4776,358,52268,6055,2983
198727351216,137,3844,343,48215,6056,2983
198727362512,23,3684,479,48584,6056,2984
198727374070,137,3642,353,48763,6057,2984
198727384612,317,3528,350,51390,6058,2984
198727395730,23,3503,360,50576,6058,2985
198727406725,235,3578,343,63119,6059,2985
198727418074,160,3768,380,53462,6060,2985
198727428938,29,3364,346,52077,6060,2986
198727440045,139,3796,373,51745,6061,2986
198727451445,187,3983,351,53296,6062,2986
198727462480,24,3073,344,48401,6062,2987
198727473687,141,3110,355,52059,6063,2987
198727484706,173,3407,395,53530,6064,2987
198727495749,21,3558,354,49230,6064,2988
198727506900,513,5758,501,50198,6065,2988
198727517913,329,3535,368,52638,6066,2988
198727529225,22,3151,370,49098,6066,2989
198727540019,374,3281,399,49818,6067,2989
198727551515,225,3593,360,51679,6068,2989
198727562182,22,3200,354,50959,6068,2990
198727573713,192,3970,345,49563,6069,2990
198727584659,249,4894,350,47865,6070,2990
198727595768,25,3105,403,47814,6070,2991
198727607145,178,4387,347,48286,6071,2991
198727617817,221,2839,373,51094,6072,2991
198727629522,26,2954,953,50489,6072,2992
198727640229,329,4039,384,64838,6073,2992
198727651147,160,3597,359,53573,6074,2992
198727662229,27,3362,371,51936,6074,2993
198727673401,311,3972,344,48901,6075,2993
198727684817,469,3847,364,52988,6076,2993
198727695708,25,3495,365,51102,6076,2994
198727706616,470,3641,379,49331,6077,2994
198727717937,336,4110,369,51180,6078,2994
198727729267,24,3644,428,50589,6078,2995
198727740260,189,3134,341,53575,6079,2995
198727751476,187,3770,429,53417,6080,2995
198727762392,26,3334,342,48493,6080,2996
198727773350,186,3336,340,47941,6081,2996
198727784635,505,3682,361,48785,6082,2996
198727795484,24,3969,628,47886,6082,2997
198727806958,179,3257,349,53032,6083,2997
198727817756,332,3765,350,48628,6084,2997
198727828968,28,3104,346,47423,6084,2998
198727840248,192,3801,358,64139,6085,2998
198727851382,201,3697,370,55073,6086,2998
198727862140,21,3226,380,49453,6086,2999
198727873529,360,3380,2737,52705,6087,2999
198727884757,143,3274,373,53163,6088,2999
198727895637,25,4088,358,47913,6088,3000
198727906904,323,3274,368,49867,6089,3000
198727918292,161,4181,379,54025,6090,3000
198727929334,26,3273,945,49404,6090,3001
198727940294,415,3174,343,49791,6091,3001
198727951318,269,4317,362,53496,6092,3001
198727962446,28,3601,344,48109,6092,3002
198727974002,363,3216,378,48979,6093,3002
198727984776,136,3071,349,51564,6094,3002
198727995611,21,3329,347,48974,6094,3003
198728007062,300,4033,373,50836,6095,3003
198728018004,126,2979,363,50388,6096,3003
198728029123,24,2917,414,48148,6096,3004
198728040418,144,3719,349,62333,6097,3004
198728051118,143,3506,357,51141,6098,3004
198728062108,24,3225,370,48716,6098,3005
198728073477,245,4078,374,51046,6099,3005
198728084911,839,4282,402,53007,6100,3005
198728095932,23,3518,375,48610,6100,3006
198728106835,152,3466,344,50249,6101,3006
198728118143,2280,4131,347,53435,6102,3006
198728128916,21,3242,340,50415,6102,3007
198728140396,261,4238,349,49726,6103,3007
198728151533,329,4315,381,53766,6104,3007
198728162635,23,3080,352,50045,6104,3008
198728173519,298,3440,362,50917,6105,3008
198728184540,218,3395,374,53219,6106,3008
198728195988,28,3322,431,48743,6106,3009
198728206959,167,4029,343,54007,6107,3009
198728217934,123,3514,348,50804,6108,3009
198728229238,23,3249,372,48999,6108,3010
198728240252,454,3693,396,50621,6109,3010
198728251205,128,3344,357,51010,6110,3010
198728262350,24,3005,349,48745,6110,3011
198728273668,640,3571,349,62761,6111,3011
198728284561,336,4210,381,49014,6112,3011
198728295825,25,3093,371,49593,6112,3012
198728306883,224,2805,383,53732,6113,3012
198728317907,173,3665,363,53083,6114,3012
198728329041,27,3195,375,49601,6114,3013
198728340702,426,3839,388,50103,6115,3013
198728351439,134,3202,425,53424,6116,3013
198728362361,23,3062,411,48668,6116,3014
198728373571,206,3342,357,51136,6117,3014
198728384820,228,3550,362,52286,6118,3014
198728395604,25,3127,364,49689,6118,3015
198728406842,239,4570,388,51606,6119,3015
198728417859,264,3612,391,51021,6120,3015
198728429104,31,3052,353,51688,6120,3016
198728440186,141,4925,351,50238,6121,3016
198728451096,187,3581,359,51617,6122,3016
198728462448,21,3377,358,47717,6122,3017
198728473732,436,3492,375,62067,6123,3017
198728485874,1400,3255,388,50391,6124,3017
198728495896,23,3370,349,50384,6124,3018
198728506983,291,3147,386,48341,6125,3018
198728518197,375,3462,353,53360,6126,3018
198728529243,24,3222,434,49246,6126,3019
198728540533,399,3312,395,49633,6127,3019
198728551240,146,3587,382,49840,6128,3019
198728562244,25,3967,361,48106,6128,3020
198728573758,151,3140,380,49215,6129,3020
198728584720,159,3451,370,53950,6130,3020
198728595750,23,3467,352,48797,6130,3021
198728606690,217,3233,367,49945,6131,3021
198728618335,251,3033,380,53516,6132,3021
198728628977,22,3208,356,48282,6132,3022
198728640330,501,3739,358,56008,6133,3022
198728651564,324,5375,376,51347,6134,3022
198728662345,24,3350,430,49535,6134,3023
198728673390,280,4041,378,54551,6135,3023
198728684665,402,4442,359,50305,6136,3023
198728695698,25,3595,352,48364,6136,3024
198728706900,144,3194,353,50994,6137,3024
198728718117,250,3275,350,49467,6138,3024
198728728980,24,3073,395,47474,6138,3025
198728740178,235,4713,378,63352,6139,3025
198728751178,205,3867,383,55645,6140,3025
198728762645,27,2697,395,49430,6140,3026
198728773742,153,4295,355,49740,6141,3026
198728784763,216,4272,380,51658,6142,3026
198728795744,22,3324,377,49445,6142,3027
198728806707,120,4004,354,49074,6143,3027
198728818017,115,3604,350,53390,6144,3027
198728829053,29,4248,543,49389,6144,3028
198728840194,161,3302,410,50597,6145,3028
198728851158,123,3355,403,53014,6146,3028
198728862214,25,3215,345,48887,6146,3029
198728873949,354,4578,358,53660,6147,3029
198728884869,126,3163,374,67706,6148,3029
198728895890,22,3561,422,49677,6148,3030
198728906602,281,3700,348,49869,6149,3030
198728917942,258,4211,356,50310,6150,3030
198728928912,23,3371,504,48730,6150,3031
198728940196,186,3522,339,50816,6151,3031
198728951268,195,4455,370,50282,6152,3031
198728962649,26,3528,419,49760,6152,3032
198728973315,134,3101,417,62263,6153,3032
198728984427,248,3522,361,50521,6154,3032
198728995590,24,3376,352,49134,6154,3033
198729006670,173,3257,420,49400,6155,3033
198729018240,189,3690,373,52199,6156,3033
198729028957,23,3052,355,49212,6156,3034
198729040286,142,3687,344,50098,6157,3034
198729051318,391,4038,362,49407,6158,3034
198729062701,24,3470,354,47759,6158,3035
198729073292,132,3389,343,51174,6159,3035
198729084482,356,3966,344,52547,6160,3035
198729095847,22,3953,401,48278,6160,3036
198729106529,145,3313,360,54584,6161,3036
198729117833,268,3367,349,50780,6162,3036
198729129212,24,2983,361,49214,6162,3037
198729140104,200,3310,340,50528,6163,3037
198729151317,259,3340,434,64542,6164,3037
198729162504,23,3333,510,50130,6164,3038
198729173726,372,3388,352,52311,6165,3038
198729185055,309,4677,380,51962,6166,3038
198729195901,29,3353,373,50565,6166,3039
198729206981,219,4194,351,56075,6167,3039
198729218185,322,3481,436,53454,6168,3039
198729229163,23,3662,349,49904,6168,3040
198729240166,133,3271,565,50221,6169,3040
198729251628,214,3337,366,53305,6170,3040
198729262178,22,2879,337,48599,6170,3041
198729273680,219,3578,341,49258,6171,3041
198729284687,126,3775,362,51116,6172,3041
198729295929,23,3434,357,48770,6172,3042
198729306975,349,3854,345,50309,6173,3042
198729317767,159,3746,352,52960,6174,3042
198729329006,24,3114,405,49458,6174,3043
198729340112,162,2686,352,50130,6175,3043
198729351232,271,3937,383,52566,6176,3043
198729362467,32,3756,380,48160,6176,3044
198729373548,201,3566,365,52368,6177,3044
198729384712,379,3595,353,50491,6178,3044
198729395518,25,3187,525,49494,6178,3045
198729407090,289,3088,372,63580,6179,3045
198729418073,168,3810,369,45138,6180,3045
198729429223,27,3343,416,48554,6180,3046
198729440371,335,3557,368,64504,6181,3046
198729451522,374,3406,371,54522,6182,3046
198729462493,32,3026,351,50017,6182,3047
198729473548,162,3685,365,50483,6183,3047
198729484303,311,4233,392,52939,6184,3047
198729495809,29,3045,371,50563,6184,3048
198729507239,245,3666,364,49452,6185,3048
198729517854,294,3398,375,53389,6186,3048
198729528916,23,3582,352,50298,6186,3049
198729540031,315,3226,351,49210,6187,3049
198729551318,196,3840,362,49617,6188,3049
198729562180,22,2939,338,47818,6188,3050
198729573723,429,3041,346,50661,6189,3050
198729584703,152,3414,370,53021,6190,3050
198729595520,29,2794,395,48403,6190,3051
198729607028,168,2684,351,49904,6191,3051
198729618261,163,2745,371,52848,6192,3051
198729629227,53,2700,371,48757,6192,3052
198729640111,137,2710,353,55915,6193,3052
198729674182,240,2887,371,50869,6194,3052
198729688820,192,2782,548,50853,6195,3052
198729699990,26,3456,547,49486,6195,3053
198729711060,153,4223,568,62239,6196,3053
198729722181,153,4213,752,55346,6197,3053
198729733369,24,3829,554,48186,6197,3054
198729744386,195,2813,635,50810,6198,3054
198729755786,256,3617,378,53977,6199,3054
198729766418,24,4749,351,48625,6199,3055
198729777755,139,2777,346,49543,6200,3055
198729788497,393,3112,344,50932,6201,3055
198729799896,23,3090,367,49393,6201,3056
198729811076,129,3604,379,55609,6202,3056
198729822200,1232,3961,355,53325,6203,3056
198729833289,175,3779,372,48262,6204,3056
198729844337,22,2785,378,49657,6204,3057
198729855316,283,3090,379,51812,6205,3057
198729866671,24,2935,360,48851,6205,3058
198729877722,359,3086,343,54254,6206,3058
198729888541,173,3496,358,51264,6207,3058
198729899538,24,4111,368,48643,6207,3059
198729911167,192,3019,415,50416,6208,3059
198729922143,377,3141,366,49276,6209,3059
198729933251,28,3312,365,49689,6209,3060
198729944253,137,3206,369,51458,6210,3060
198729955561,423,4459,375,63646,6211,3060
198729966707,845,5384,377,49323,6212,3060
198729977539,24,2976,339,50251,6212,3061
198729988493,241,3001,378,54816,6213,3061
198729999687,21,5287,358,49605,6213,3062
198730011089,227,4967,373,49983,6214,3062
198730021998,124,2883,371,53127,6215,3062
198730033087,22,2961,355,49332,6215,3063
198730044118,152,3389,388,50048,6216,3063
198730055100,381,2872,356,49982,6217,3063
198730066551,25,3010,356,49177,6217,3064
198730077659,151,3399,344,50449,6218,3064
198730088550,133,3134,348,53536,6219,3064
198730099945,135,3077,356,48193,6220,3064
198730110726,23,2981,361,54678,6220,3065
198730122431,268,3130,358,51157,6221,3065
198730132864,61,3108,380,49367,6221,3066
198730144289,379,2968,350,52837,6222,3066
198730155209,3075,3148,373,50414,6223,3066
198730166814,189,4130,365,62844,6224,3066
198730177870,33,2917,383,48806,6224,3067
198730188491,170,3149,370,50840,6225,3067
198730200108,143,3107,363,48426,6226,3067
198730211321,94,3132,388,54227,6226,3068
198730222260,586,2926,371,52630,6227,3068
198730233279,25,3076,357,49425,6227,3069
198730244345,184,3031,458,50183,6228,3069
198730255244,352,2952,353,53384,6229,3069
198730266200,25,3208,365,48544,6229,3070
198730277621,452,3210,362,48911,6230,3070
198730288874,186,3512,371,52157,6231,3070
198730300012,22,2979,360,48957,6231,3071
198730310703,334,3406,362,49744,6232,3071
198730322048,161,3967,429,52770,6233,3071
198730333469,629,3658,351,48718,6234,3071
198730344198,26,3659,1290,49538,6234,3072
198730355801,406,3919,386,50842,6235,3072
198730366589,39,3437,385,49295,6235,3073
198730377883,148,3397,351,50756,6236,3073
198730388685,194,4420,359,50420,6237,3073
198730399743,25,3464,354,47715,6237,3074
198730410912,298,4236,357,52828,6238,3074
198730422080,263,4512,364,66760,6239,3074
198730433399,144,3947,368,48188,6240,3074
198730444102,24,3182,347,51178,6240,3075
198730455246,147,3624,385,50815,6241,3075
198730466715,207,3885,350,48367,6242,3075
198730477530,23,2907,336,52745,6242,3076
198730489061,151,3682,344,54115,6243,3076
198730500083,118,3454,376,48711,6244,3076
198730510993,23,3103,342,51809,6244,3077
198730522055,131,2942,360,52917,6245,3077
198730532982,26,3236,352,48267,6245,3078
198730544342,147,3563,353,49825,6246,3078
198730555447,140,2986,380,50246,6247,3078
198730566707,145,4074,382,47577,6248,3078
198730577684,26,2975,356,54272,6248,3079
198730588784,295,3222,356,50609,6249,3079
198730599681,24,3146,424,50258,6249,3080
198730611476,198,3576,417,49919,6250,3080
198730622042,273,3793,347,49927,6251,3080
198730633076,24,4081,416,51996,6251,3081
198730644092,231,3141,347,61861,6252,3081
198730655468,223,3584,2062,49723,6253,3081
198730666582,154,3321,419,48480,6254,3081
198730677786,30,3410,341,49088,6254,3082
198730688561,195,4640,449,49852,6255,3082
198730700117,181,3834,365,50401,6256,3082
198730711008,23,3345,349,53737,6256,3083
198730721894,151,3436,385,53759,6257,3083
198730732981,25,2933,359,48413,6257,3084
198730744182,217,4014,638,50923,6258,3084
198730755432,374,2858,356,53863,6259,3084
198730766633,240,2746,356,48989,6260,3084
198730777865,33,2720,355,50809,6260,3085
198730788931,174,2678,368,50798,6261,3085
198730800259,141,2724,352,47682,6262,3085
198730810742,23,2670,339,50265,6262,3086
198730822215,160,2794,365,52196,6263,3086
198730853681,156,2773,591,48501,6264,3086
198730868071,189,2879,544,65391,6265,3086
198730879086,32,3940,627,51556,6265,3087
198730890115,199,3807,451,53164,6266,3087
198730901260,246,4067,955,55078,6267,3087
198730912381,24,3959,534,49507,6267,3088
198730923525,191,2963,557,50461,6268,3088
198730934774,228,4291,379,52544,6269,3088
198730945755,25,4254,393,48832,6269,3089
198730956760,144,3300,346,49675,6270,3089
198730968078,312,4099,358,51952,6271,3089
198730979448,24,3596,363,48266,6271,3090
198730990137,186,3235,350,53691,6272,3090
198731001527,205,2949,375,50704,6273,3090
198731012573,22,4328,477,50421,6273,3091
198731023768,197,3216,335,50821,6274,3091
198731034515,146,4095,363,67850,6275,3091
198731045917,24,3056,342,50215,6275,3092
198731056779,137,3315,343,51710,6276,3092
198731068469,326,3253,354,53282,6277,3092
198731078927,22,3779,421,49651,6277,3093
198731090453,196,3166,407,48990,6278,3093
198731101414,308,3634,349,52549,6279,3093
198731112712,23,3296,349,47700,6279,3094
198731125285,207,3202,353,50658,6280,3094
198731134598,122,2814,349,53771,6281,3094
198731145861,22,3922,366,48414,6281,3095
198731156622,227,3622,343,49215,6282,3095
198731168065,465,3989,406,50304,6283,3095
198731179436,53,3054,386,49035,6283,3096
198731195958,190,2899,363,53591,6284,3096
198731201596,346,2897,379,50734,6285,3096
198731212206,21,2957,384,50386,6285,3097
198731223564,277,3291,351,49989,6286,3097
198731234579,2310,2820,411,49038,6287,3097
198731245845,23,3845,502,47811,6287,3098
198731256687,335,4217,371,63281,6288,3098
198731267959,253,4949,398,49952,6289,3098
198731279175,28,4377,501,48057,6289,3099
198731290333,374,3768,354,48909,6290,3099
198731301191,124,3278,351,49866,6291,3099
198731312513,28,3326,350,47724,6291,3100
198731323701,136,2673,340,49812,6292,3100
198731334669,281,3982,364,53487,6293,3100
198731345709,23,3858,375,48090,6293,3101
198731357221,213,3496,388,49887,6294,3101
198731368159,162,3063,347,53232,6295,3101
198731378895,22,3469,1009,48576,6295,3102
198731390324,185,4526,371,55326,6296,3102
198731401409,309,3690,376,50633,6297,3102
198731412567,34,3656,374,49228,6297,3103
198731423408,167,3001,344,49047,6298,3103
198731434808,409,3130,347,49467,6299,3103
198731446061,74,2853,357,47421,6299,3104
198731457147,180,2897,346,66329,6300,3104
198731468102,126,3265,347,52370,6301,3104
198731479345,21,2821,458,47648,6301,3105
198731490621,148,3003,391,69348,6302,3105
198731501542,244,3189,343,55366,6303,3105
198731512236,21,3029,349,48537,6303,3106
198731523391,411,3027,341,49265,6304,3106
198731535003,133,2903,368,50807,6305,3106
198731545801,24,3068,411,49235,6305,3107
198731557077,241,2932,385,51689,6306,3107
198731568136,124,2874,343,50860,6307,3107
198731579303,21,3257,468,52301,6307,3108
198731590045,184,3675,341,48328,6308,3108
198731601513,128,2920,338,47776,6309,3108
198731612764,26,3053,345,47289,6309,3109
198731623688,195,3452,418,48881,6310,3109
198731634477,199,4017,463,50950,6311,3109
198731645713,22,3567,365,49284,6311,3110
198731656874,135,3277,392,64008,6312,3110
198731667850,165,3832,365,53941,6313,3110
198731679235,28,3224,348,48340,6313,3111
198731690276,153,3446,357,55087,6314,3111
198731701286,245,2798,354,50283,6315,3111
198731712707,23,3271,380,55123,6315,3112
198731723405,151,3166,339,50919,6316,3112
198731735028,320,3184,361,52908,6317,3112
198731745818,25,3441,342,51236,6317,3113
198731756657,230,4178,363,49224,6318,3113
198731767850,398,4621,372,53123,6319,3113
198731779107,23,2874,504,48334,6319,3114
198731790318,203,2995,434,51362,6320,3114
198731801558,205,3098,344,49831,6321,3114
198731812517,22,2930,870,48688,6321,3115
198731823672,295,3079,341,51560,6322,3115
198731834929,170,3055,345,50690,6323,3115
198731845725,21,3271,351,50311,6323,3116
198731856659,282,3234,379,51507,6324,3116
198731868060,234,3178,369,49886,6325,3116
198731879207,22,2929,1813,47981,6325,3117
198731890333,229,3014,388,62253,6326,3117
198731901662,282,3780,376,49289,6327,3117
198731912370,22,3798,368,47781,6327,3118
198731923707,230,4360,361,48421,6328,3118
198731934867,183,3065,399,53379,6329,3118
198731945516,28,2871,342,49158,6329,3119
198731957091,176,4124,426,50161,6330,3119
198731968312,376,3661,375,52259,6331,3119
198731979198,22,3737,429,49629,6331,3120
198731990171,160,3261,420,50217,6332,3120
198732001067,125,3252,422,53903,6333,3120
198732012215,23,2942,367,49566,6333,3121
198732023570,287,2949,356,48796,6334,3121
198732035025,317,2972,368,51226,6335,3121
198732045860,28,2899,361,48473,6335,3122
198732056889,175,3631,380,53804,6336,3122
198732067886,322,5426,356,51619,6337,3122
198732078953,23,3139,475,48511,6337,3123
198732090378,153,3518,358,50766,6338,3123
198732101548,119,2903,358,47483,6339,3123
198732112648,24,2941,344,47207,6339,3124
198732123611,369,7216,387,66857,6340,3124
198732134856,433,3341,368,56350,6341,3124
198732145674,33,3627,427,48953,6341,3125
198732157423,306,3927,370,49108,6342,3125
198732168496,167,5319,369,52223,6343,3125
198732179075,58,3474,361,48250,6343,3126
198732190160,177,3903,354,53305,6344,3126
198732201529,190,3143,370,54122,6345,3126
198732212309,23,3019,350,48838,6345,3127
198732223608,141,2977,356,52234,6346,3127
198732234722,417,2908,359,53747,6347,3127
198732245767,33,3648,350,49393,6347,3128
198732257093,132,2920,367,48579,6348,3128
198732267764,281,2922,352,53867,6349,3128
198732279354,27,3579,384,48840,6349,3129
198732290407,418,3763,373,53226,6350,3129
198732301617,279,4209,391,52960,6351,3129
198732312584,21,3276,366,52633,6351,3130
198732323363,136,3569,371,50648,6352,3130
198732334752,356,5786,523,67307,6353,3130
198732345544,26,3083,397,50718,6353,3131
198732356979,177,3049,407,45782,6354,3131
198732368439,330,3402,371,47881,6355,3131
198732379030,45,3046,387,67151,6355,3132
198732390495,317,4524,5060,78043,6356,3132
198732402604,399,4249,395,79079,6357,3132
198732412608,36,3802,385,62836,6357,3133
198732423539,224,3926,392,79736,6358,3133
198732434742,170,3986,375,61437,6359,3133
198732445736,33,3616,377,45726,6359,3134
198732456986,173,3141,366,65571,6360,3134
198732467928,189,3592,378,67124,6361,3134
198732479315,34,3262,383,46710,6361,3135
198732490204,184,4529,394,68157,6362,3135
198732501214,148,3377,390,61933,6363,3135
198732512546,32,3367,385,52452,6363,3136
198732523325,164,3575,72,3507,6364,3136
198732534877,178,3089,52,2082,6365,3136
198732545906,22,2889,48,1211,6365,3137
198732556963,335,3404,352,34136,6366,3137
198732568119,189,3606,144,9443,6367,3137
198732579103,24,3158,68,2635,6367,3138
198732590199,248,3286,166,15151,6368,3138
198732601275,156,2949,111,7946,6369,3138
198732612346,21,3717,64,2187,6369,3139
198732623387,138,2798,62,2498,6370,3139
198732634657,219,2761,176,14678,6371,3139
198732645708,34,2616,69,2391,6371,3140
198732656851,173,2655,115,8271,6372,3140
198732667933,173,2647,178,13945,6373,3140
198732678988,31,2595,59,2287,6373,3141
198732690083,169,2635,102,7407,6374,3141
198732701105,151,2657,178,15515,6375,3141
198732712626,23,2580,70,2580,6375,3142
198732740815,192,2763,84,1464,6376,3142
198732755109,275,2950,577,35667,6377,3142
198732766195,167,4469,190,9853,6378,3142
198732777384,31,3699,77,2575,6378,3143
198732788425,151,3955,242,14063,6379,3143
198732799555,147,3911,79,2753,6380,3143
198732810739,25,2672,58,2146,6380,3144
198732821922,1437,3239,113,7584,6381,3144
198732832876,162,3584,180,14824,6382,3144
198732844016,26,4407,79,2301,6382,3145
198732855127,155,3018,101,8018,6383,3145
198732866265,289,2812,63,2466,6384,3145
198732877481,21,2748,43,2139,6384,3146
198732888634,210,2949,66,2862,6385,3146
198732899648,200,2936,179,15257,6386,3146
198732911109,36,2801,63,2449,6386,3147
198732922124,221,3578,62,2331,6387,3147
198732933195,194,4330,50,1464,6388,3147
198732944331,23,3643,35,993,6388,3148
198732955349,174,3092,36,993,6389,3148
198732966330,245,3264,449,32989,6390,3148
198732977286,25,3716,68,3865,6390,3149
198732988343,194,3034,188,8585,6391,3149
198732999899,221,3697,166,14437,6392,3149
198733011010,23,3180,50,2362,6392,3150
198733022037,137,3296,210,7998,6393,3150
198733033196,173,3264,179,15308,6394,3150
198733044119,22,2935,45,2273,6394,3151
198733055400,143,3046,73,2582,6395,3151
198733066348,219,3546,113,7520,6396,3151
198733077402,24,3625,47,2066,6396,3152
198733088440,172,3042,184,15414,6397,3152
198733099750,172,2780,107,7809,6398,3152
198733110949,23,2666,49,2163,6398,3153
198733121805,164,2772,61,2464,6399,3153
198733133038,136,3805,168,14586,6400,3153
198733143972,22,2851,128,2179,6400,3154
198733155232,348,3277,141,12522,6401,3154
198733166307,165,3515,59,1638,6402,3154
198733177431,28,3072,37,964,6402,3155
198733188515,323,3100,67,964,6403,3155
198733199563,211,3556,348,35177,6404,3155
198733210742,25,2825,70,4010,6404,3156
198733221764,256,3227,166,15845,6405,3156
198733232889,368,3697,97,7439,6406,3156
198733244039,22,3145,48,2225,6406,3157
198733255112,335,3197,215,14788,6407,3157
198733266179,182,3066,124,8256,6408,3157
198733277562,24,3958,52,2076,6408,3158
198733288770,226,4022,168,15283,6409,3158
198733299856,134,3333,57,2883,6410,3158
198733310690,21,3081,49,2251,6410,3159
198733321744,357,2972,100,7760,6411,3159
198733332980,357,3470,169,15567,6412,3159
198733344155,23,3017,76,2315,6412,3160
198733355358,165,3021,101,7965,6413,3160
198733366318,132,3114,62,2512,6414,3160
198733377387,20,3061,44,2190,6414,3161
198733388496,161,3496,165,14714,6415,3161
198733399662,186,3058,64,2687,6416,3161
198733410948,24,3100,53,2211,6416,3162
198733422044,166,3462,52,1573,6417,3162
198733432726,129,3510,51,1378,6418,3162
198733443792,20,2971,30,952,6418,3163
198733455433,227,3347,356,35361,6419,3163
198733466147,225,3723,191,17511,6420,3163
198733477302,21,3005,52,2749,6420,3164
198733488367,120,3027,125,8653,6421,3164
198733499469,300,3336,161,14910,6422,3164
198733510595,21,3031,54,2550,6422,3165
198733521668,138,3141,103,8232,6423,3165
198733532729,109,3364,180,15410,6424,3165
198733543886,24,3043,51,2380,6424,3166
198733555257,213,3370,54,2646,6425,3166
198733566396,257,3914,108,7660,6426,3166
198733577619,22,2948,46,2197,6426,3167
198733588325,438,3450,211,15523,6427,3167
198733599871,145,3035,102,8004,6428,3167
198733610938,21,2997,47,2258,6428,3168
198733621700,225,3374,56,2607,6429,3168
198733633325,651,3466,64,2788,6430,3168
198733644258,24,3502,47,2270,6430,3169
198733655323,128,3226,188,14854,6431,3169
198733666304,139,2697,58,1837,6432,3169
198733677336,25,3676,45,1019,6432,3170
198733688437,379,3117,41,1018,6433,3170
198733699627,128,2774,43,1008,6434,3170
198733710683,152,3163,37,1008,6434,3171
198733721658,198,2983,338,32993,6435,3171
198733732713,325,2967,123,10221,6436,3171
198733744282,19,3284,66,2481,6436,3172
198733755362,125,3423,158,14467,6437,3172
198733766361,148,2886,106,8127,6438,3172
198733777246,21,2731,42,2083,6438,3173
198733788385,121,2969,164,15055,6439,3173
198733799807,139,2896,59,2728,6440,3173
198733810770,21,3125,48,2158,6440,3174
198733821751,195,2871,96,7739,6441,3174
198733832794,134,2949,169,15536,6442,3174
198733844285,30,3859,53,2463,6442,3175
198733855419,300,3228,114,8198,6443,3175
198733866480,126,2981,61,2344,6444,3175
198733877538,21,2833,42,2087,6444,3176
198733888987,130,2820,227,14863,6445,3176
198733899545,149,3174,61,2859,6446,3176
198733910842,20,2864,49,2204,6446,3177
198733921604,232,3243,67,2036,6447,3177
198733933161,378,3901,83,4781,6448,3177
198733945172,20,2766,65,940,6448,3178
198733955298,129,3048,75,4461,6449,3178
198733966415,238,3333,42,1060,6450,3178
198733977449,22,3229,38,1054,6450,3179
198733988462,279,3564,498,35641,6451,3179
198733999565,182,3269,182,16642,6452,3179
198734010912,25,3133,57,2732,6452,3180
198734021857,178,3230,181,8067,6453,3180
198734033045,306,3083,211,15247,6454,3180
198734044165,23,3042,75,2418,6454,3181
198734055286,127,3192,61,2722,6455,3181
198734066352,153,3410,102,7515,6456,3181
198734077610,21,2926,43,2132,6456,3182
198734088263,173,3437,183,15393,6457,3182
198734099815,396,3138,106,7949,6458,3182
198734110827,21,3341,84,2397,6458,3183
198734121917,188,3608,59,2725,6459,3183
198734132991,134,3267,399,14894,6460,3183
198734143994,25,2741,45,2278,6460,3184
198734154948,458,2990,102,2611,6461,3184
198734166494,166,3502,166,1571,6462,3184
198734177256,49,2880,68,949,6462,3185
198734188519,125,3234,374,35368,6463,3185
198734199572,169,4040,186,17396,6464,3185
198734211130,22,3432,59,2834,6464,3186
198734221877,394,3231,234,3422,6465,3186
198734232958,219,3084,59,2166,6466,3186
198734244068,25,2683,34,1051,6466,3187
198734255259,180,4138,368,35787,6467,3187
198734266311,174,4154,123,9869,6468,3187
198734277308,22,3089,57,2550,6468,3188
198734288584,166,2975,157,14067,6469,3188
198734299575,181,3003,54,2629,6470,3188
198734310724,45,3074,47,2149,6470,3189
198734321808,159,3304,100,7597,6471,3189
198734332970,307,3409,168,14862,6472,3189
198734344041,27,2596,55,2349,6472,3190
198734355131,160,3946,106,8065,6473,3190
198734366349,104,3930,54,2288,6474,3190
198734377487,20,3984,122,2071,6474,3191
198734388573,137,4047,160,14811,6475,3191
198734400097,269,4039,126,8150,6476,3191
198734410729,31,3155,106,2179,6476,3192
198734421719,194,3216,158,13232,6477,3192
198734432739,147,3836,105,7382,6478,3192
198734444267,26,3440,46,2231,6478,3193
198734455328,197,3158,173,15360,6479,3193
198734466467,136,3028,105,8163,6480,3193
198734477594,20,3309,58,2111,6480,3194
198734488655,226,3871,51,1606,6481,3194
198734500040,191,2943,60,2962,6482,3194
198734510557,21,3134,34,1005,6482,3195
198734522130,169,3273,336,35733,6483,3195
198734533139,184,3755,328,16987,6484,3195
198734544380,27,3180,51,2762,6484,3196
198734555364,122,3302,60,2656,6485,3196
198734566428,395,3287,102,7373,6486,3196
198734577282,22,3013,45,2114,6486,3197
198734588344,260,3138,167,15172,6487,3197
198734599902,368,3095,105,7824,6488,3197
198734610910,20,2952,42,2270,6488,3198
198734621627,150,3292,54,2632,6489,3198
198734633136,186,2900,178,14772,6490,3198
198734644179,19,2773,51,2455,6490,3199
198734655226,132,3140,111,8334,6491,3199
198734666270,153,3373,159,14071,6492,3199
198734677434,25,3325,51,2275,6492,3200
198734688659,349,3190,98,7581,6493,3200
198734699713,252,3275,170,15571,6494,3200
198734710733,20,3101,50,2547,6494,3201
198734722096,210,3569,127,8354,6495,3201
198734733274,189,3472,65,3526,6496,3201
198734743986,28,3044,34,1105,6496,3202
198734755110,117,3084,57,3426,6497,3202
198734766046,206,3380,329,35572,6498,3202
198734777606,20,3306,64,4034,6498,3203
198734788506,310,3345,163,15374,6499,3203
198734799637,142,3412,60,2761,6500,3203
198734810707,22,2708,42,2206,6500,3204
198734822098,182,3462,122,7593,6501,3204
198734833090,167,2849,176,15392,6502,3204
198734843927,25,3020,103,2359,6502,3205
198734855213,129,2940,103,8120,6503,3205
198734866317,519,3529,58,2438,6504,3205
198734877394,20,2958,46,2131,6504,3206
198734888580,400,3054,154,14641,6505,3206
198734899750,321,3340,58,2632,6506,3206
198734910886,21,3431,71,2245,6506,3207
198734921876,233,3419,63,3143,6507,3207
198734932907,267,3659,96,7261,6508,3207
198734944342,30,3357,51,2167,6508,3208
198734954980,208,3578,162,15249,6509,3208
198734966498,118,3821,94,7238,6510,3208
198734977687,21,3507,164,1068,6510,3209
198734988757,365,3589,66,4555,6511,3209
198735000049,231,3257,337,35894,6512,3209
198735010505,20,2937,96,4098,6512,3210
198735021757,284,3174,139,8282,6513,3210
198735032780,175,3161,155,14084,6514,3210
198735044329,27,2779,49,2430,6514,3211
198735055321,303,2909,64,2530,6515,3211
198735066397,520,2995,101,7509,6516,3211
198735077430,24,3161,48,2126,6516,3212
198735088568,251,3150,158,14626,6517,3212
198735099773,346,3133,107,7818,6518,3212
198735110704,23,2848,46,2151,6518,3213
198735122001,237,3675,69,2427,6519,3213
198735133182,173,3181,168,14489,6520,3213
198735144179,25,3424,56,1784,6520,3214
198735155315,297,3396,222,22500,6521,3214
198735166769,163,3146,55,2254,6522,3214
198735177447,28,2897,46,1865,6522,3215
198735188573,132,3279,171,17196,6523,3215
198735199435,455,3026,164,15457,6524,3215
198735210675,86,2968,47,2316,6524,3216
198735221913,195,3024,99,7509,6525,3216
198735233076,386,3849,303,32053,6526,3216
198735244066,22,3195,71,3994,6526,3217
198735255091,326,3431,152,14294,6527,3217
198735266169,354,3471,102,8216,6528,3217
198735277461,30,3676,168,2239,6528,3218
198735288465,327,3221,165,15165,6529,3218
198735299497,244,5098,64,2728,6530,3218
198735310691,21,3332,43,2248,6530,3219
198735321695,438,3268,103,7769,6531,3219
198735332767,489,3202,178,15630,6532,3219
198735344302,24,2905,57,2613,6532,3220
198735354982,302,4008,110,8461,6533,3220
198735366707,336,3566,56,2396,6534,3220
198735377537,39,4150,54,2088,6534,3221
198735388732,328,3906,160,14985,6535,3221
198735399937,127,2675,114,8452,6536,3221
198735411084,33,2792,64,2163,6536,3222
198735422024,162,2613,158,13957,6537,3222
198735433131,133,2624,106,7613,6538,3222
198735444155,34,2606,60,2141,6538,3223
198735454998,142,2684,259,15487,6539,3223
198735466553,147,2624,103,8159,6540,3223
198735477556,23,2505,43,2243,6540,3224
198735488642,111,2637,43,2115,6541,3224
198735499714,172,54904,92,3037,6542,3224
198735566134,264,2696,46,1044,6543,3224
198735577316,28,2774,210,1003,6543,3225
198735588406,149,3946,49,997,6544,3225
198735599509,202,3951,521,35590,6545,3225
198735610623,21,3544,91,4000,6545,3226
198735622020,191,3304,88,2703,6546,3226
198735632630,431,3622,180,14733,6547,3226
198735643869,25,3419,55,2393,6547,3227
198735654880,132,2695,108,8048,6548,3227
198735666366,263,3227,165,15391,6549,3227
198735677412,26,2917,73,2314,6549,3228
198735688430,155,3216,111,8659,6550,3228
198735699542,127,3557,169,15514,6551,3228
198735710633,23,3376,54,2416,6551,3229
198735721773,205,3904,100,7939,6552,3229
198735732913,346,3418,58,2389,6553,3229
198735743934,21,2997,47,2119,6553,3230
198735755296,184,3233,155,14710,6554,3230
198735766311,316,3877,105,8058,6555,3230
198735777465,36,4087,188,2194,6555,3231
198735788587,380,3076,222,12640,6556,3231
198735799874,263,3862,359,32671,6557,3231
198735810854,28,3106,68,4054,6557,3232
198735821915,405,4220,49,1519,6558,3232
198735832959,4972,3498,53,911,6559,3232
198735843942,25,3240,35,911,6559,3233
198735855328,212,2905,42,911,6560,3233
198735866346,125,3855,361,35318,6561,3233
198735877476,23,2716,71,3944,6561,3234
198735888524,170,2985,163,14940,6562,3234
198735899613,379,2865,96,8029,6563,3234
198735910618,22,2829,48,2108,6563,3235
198735921873,318,3231,173,15035,6564,3235
198735932797,197,3250,63,3390,6565,3235
198735943782,20,2727,45,2195,6565,3236
198735954884,172,2933,109,7592,6566,3236
198735966281,217,3041,54,2589,6567,3236
198735977392,19,3214,47,2172,6567,3237
198735988377,1594,4175,53,2459,6568,3237
198735999304,113,3194,154,14677,6569,3237
198736010881,19,7893,56,2604,6569,3238
198736022020,108,2816,99,8471,6570,3238
198736033005,202,2851,202,15399,6571,3238
198736044062,22,3662,48,2539,6571,3239
198736055264,266,3146,72,2737,6572,3239
198736066074,333,3485,45,1575,6573,3239
198736077177,20,3061,35,931,6573,3240
198736088288,372,3446,303,32837,6574,3240
198736099516,204,3003,200,9716,6575,3240
198736110780,28,5510,78,2568,6575,3241
198736121593,169,2899,109,4848,6576,3241
198736132712,206,3111,42,976,6577,3241
198736143770,23,3261,40,968,6577,3242
198736155326,301,3326,350,35537,6578,3242
198736166244,241,3250,189,16911,6579,3242
198736177165,26,2854,60,2693,6579,3243
198736188271,260,3115,56,3166,6580,3243
198736199629,131,5205,100,7474,6581,3243
198736210678,21,3128,42,2088,6581,3244
198736221894,205,3518,50,2479,6582,3244
198736234798,3464,3647,53,2171,6583,3244
198736244239,19,3123,41,1982,6583,3245
198736254880,194,3089,172,14463,6584,3245
198736266061,114,2780,98,7926,6585,3245
198736277332,21,2876,46,2206,6585,3246
198736288370,114,2964,157,15156,6586,3246
198736299414,148,2956,54,2838,6587,3246
198736310444,22,2777,48,2415,6587,3247
198736321666,206,4220,110,7730,6588,3247
198736332716,168,2802,169,15840,6589,3247
198736344300,50,4107,78,2385,6589,3248
198736355464,279,3124,50,1472,6590,3248
198736366044,260,2951,395,35519,6591,3248
198736377079,23,2703,71,4034,6591,3249
198736388662,136,3773,178,15085,6592,3249
198736399765,145,4217,113,8171,6593,3249
198736410586,27,4052,51,2280,6593,3250
198736421974,223,3386,176,15366,6594,3250
198736433017,154,4610,72,3519,6595,3250
198736444046,23,2927,51,2394,6595,3251
198736455153,401,3252,56,2446,6596,3251
198736466248,404,3068,103,8096,6597,3251
198736477281,20,2989,46,2159,6597,3252
198736488636,284,3497,62,2471,6598,3252
198736499658,211,3326,173,14856,6599,3252
198736510809,24,3456,52,2622,6599,3253
198736521657,124,3605,107,8564,6600,3253
198736532801,125,3432,163,15512,6601,3253
198736543862,21,3599,50,2518,6601,3254
198736555276,406,2968,65,2797,6602,3254
198736566496,306,3850,99,7916,6603,3254
198736577622,19,3159,47,2251,6603,3255
198736588569,241,3778,165,15509,6604,3255
198736600021,262,3361,105,7783,6605,3255
198736610523,21,3614,102,2132,6605,3256
198736621569,240,2904,99,4771,6606,3256
198736632928,207,3327,43,1152,6607,3256
198736644080,21,3171,36,1075,6607,3257
198736655020,248,3536,343,35608,6608,3257
198736666513,326,3186,224,15162,6609,3257
198736677412,23,2897,51,2719,6609,3258
198736688301,221,2968,48,2404,6610,3258
198736699325,110,2825,98,7587,6611,3258
198736710887,20,2611,41,2242,6611,3259
198736721951,113,2637,57,2608,6612,3259
198736732942,268,3325,48,2261,6613,3259
198736744211,24,3126,49,2074,6613,3260
198736755313,312,3063,153,14533,6614,3260
198736765981,151,2680,100,7993,6615,3260
198736777548,22,3706,46,2208,6615,3261
198736788586,182,3925,163,14933,6616,3261
198736799438,88,3976,55,2894,6617,3261
198736810648,17,2859,45,2259,6617,3262
198736821955,1693,2913,102,7680,6618,3262
198736833113,722,3349,159,15724,6619,3262
198736844024,19,4169,49,2227,6619,3263
198736855274,142,3091,42,1491,6620,3263
198736866000,116,3038,332,35571,6621,3263
198736877095,21,3725,63,4036,6621,3264
198736888625,239,3641,168,15076,6622,3264
198736899328,142,3245,120,8145,6623,3264
198736910587,33,2910,64,2146,6623,3265
198736921561,306,2881,187,15218,6624,3265
198736932690,264,2992,65,3276,6625,3265
198736944154,25,2753,48,2282,6625,3266
198736955304,154,2934,62,2363,6626,3266
198736966435,125,3034,106,7837,6627,3266
198736977610,72,2871,47,2190,6627,3267
198736988639,130,2970,52,2488,6628,3267
198736999630,186,2901,175,14773,6629,3267
198737010628,19,2841,49,2500,6629,3268
198737021772,151,3108,108,8366,6630,3268
198737033032,190,3477,205,15471,6631,3268
198737043956,21,2670,56,2502,6631,3269
198737055219,227,2845,74,2832,6632,3269
198737066571,241,3267,142,7914,6633,3269
198737077183,21,2824,44,2186,6633,3270
198737088357,237,3099,204,15410,6634,3270
198737099371,359,2963,51,1716,6635,3270
198737110428,23,2804,48,1028,6635,3271
198737121628,153,3131,43,1029,6636,3271
198737133086,120,3061,39,1028,6637,3271
198737144117,21,2920,35,1029,6637,3272
198737155113,219,3073,423,35612,6638,3272
198737166151,216,3409,171,15012,6639,3272
198737177650,24,2993,52,2728,6639,3273
198737188634,172,3048,73,2379,6640,3273
198737199723,306,3007,102,7521,6641,3273
198737210735,22,3065,58,2372,6641,3274
198737221884,319,3621,59,2640,6642,3274
198737233002,256,3105,50,2295,6643,3274
198737244132,21,2774,47,2109,6643,3275
198737255204,216,3593,167,14507,6644,3275
198737266415,366,3465,152,8154,6645,3275
198737277509,21,3648,45,2112,6645,3276
198737288625,284,3106,162,15042,6646,3276
198737299644,229,3828,60,2860,6647,3276
198737310554,21,3553,49,2308,6647,3277
198737321634,119,2840,98,7619,6648,3277
198737332816,149,3678,168,15713,6649,3277
198737344311,144,3145,69,2356,6649,3278
198737354926,128,3468,99,8089,6650,3278
198737366274,157,2992,53,2023,6651,3278
198737377316,20,3198,37,1512,6651,3279
198737388328,175,3164,85,5779,6652,3279
198737399430,223,3289,41,1061,6653,3279
198737410891,19,2809,30,1028,6653,3280
198737421840,165,3618,48,1024,6654,3280
198737432949,274,3590,346,34402,6655,3280
198737443967,22,3218,65,4036,6655,3281
198737455083,284,3563,100,7947,6656,3281
198737466268,147,3638,61,2551,6657,3281
198737477312,20,3220,59,2078,6657,3282
198737488318,251,4119,57,2326,6658,3282
198737499580,136,3256,293,14329,6659,3282
198737510721,22,2701,41,2253,6659,3283
198737521871,136,3246,107,8085,6660,3283
198737532779,168,3541,161,15120,6661,3283
198737543852,21,3693,54,2388,6661,3284
198737555158,135,2940,52,2792,6662,3284
198737566101,153,2801,98,7541,6663,3284
198737577284,20,2925,47,2075,6663,3285
198737588792,435,3219,172,15381,6664,3285
198737599902,176,3822,105,7836,6665,3285
198737610907,24,3070,63,2086,6665,3286
198737621935,152,2901,58,2418,6666,3286
198737632743,125,3659,56,2631,6667,3286
198737644234,21,3867,54,2113,6667,3287
198737655305,461,3523,154,14628,6668,3287
198737666354,205,3504,59,1620,6669,3287
198737677427,31,2871,35,1001,6669,3288
198737688847,223,3204,40,1001,6670,3288
198737699700,325,3074,350,35528,6671,3288
198737710847,21,3284,68,4207,6671,3289
198737721873,119,3520,170,16055,6672,3289
198737733091,192,3487,94,7478,6673,3289
198737744110,23,3350,52,2254,6673,3290
198737754927,274,3158,254,14788,6674,3290
198737766308,258,3413,107,8295,6675,3290
198737777368,20,2667,42,2115,6675,3291
198737788529,159,4450,271,15062,6676,3291
198737799519,107,3232,51,2859,6677,3291
198737814413,33,4375,60,2303,6677,3292
198737821706,149,2984,54,1492,6678,3292
198737832760,286,3489,853,32930,6679,3292
198737843760,25,3202,66,3822,6679,3293
198737855026,132,3398,102,8195,6680,3293
198737866046,195,3257,63,2590,6681,3293
198737877148,28,3161,44,2214,6681,3294
198737888933,247,3276,158,13974,6682,3294
198737899544,141,3325,55,2564,6683,3294
198737910595,21,3142,48,2130,6683,3295
198737921811,301,3886,60,2397,6684,3295
198737932927,1219,3354,52,1630,6685,3295
198737943956,22,3085,30,936,6685,3296
198737954966,198,3223,31,936,6686,3296
198737966001,213,3172,509,32859,6687,3296
198737977122,22,3214,59,3801,6687,3297
198737988169,330,3423,108,8559,6688,3297
198737999704,118,3959,156,14409,6689,3297
198738010793,21,3439,56,2289,6689,3298
198738021845,136,3606,98,7989,6690,3298
198738032886,126,3186,177,15309,6691,3298
198738044279,22,8703,59,2412,6691,3299
198738055198,117,2951,47,2102,6692,3299
198738066432,240,2929,369,35389,6693,3299
198738077290,28,3118,68,4187,6693,3300
198738088267,277,3466,171,16069,6694,3300
198738099386,126,2659,100,7893,6695,3300
198738110421,28,2556,53,2267,6695,3301
198738121569,143,2621,57,2674,6696,3301
198738132637,159,2644,175,14683,6697,3301
198738143847,28,2505,54,2397,6697,3302
198738155193,152,2662,52,2784,6698,3302
198738166191,157,2683,73,2512,6699,3302
198738220817,168,4040,64,1652,6700,3302
198738237541,183,2750,360,35344,6701,3302
198738247838,62,3956,84,3996,6701,3303
198738258392,133,4004,249,15059,6702,3303
198738269545,227,3887,139,8036,6703,3303
198738280625,19,3479,67,2377,6703,3304
198738291893,307,3400,287,15222,6704,3304
198738302990,142,3626,64,2957,6705,3304
198738314060,21,2631,56,2449,6705,3305
198738325107,122,3550,103,8099,6706,3305
198738336652,130,4034,218,15719,6707,3305
198738347726,21,3806,58,2646,6707,3306
198738358720,365,3331,420,8065,6708,3306
198738369726,130,3530,52,2440,6709,3306
198738380853,24,3664,97,2118,6709,3307
198738391830,157,3693,57,2805,6710,3307
198738403023,226,3762,164,15011,6711,3307
198738414401,36,4122,59,1989,6711,3308
198738425641,217,3318,58,2456,6712,3308
198738436632,117,3102,42,1468,6713,3308
198738447767,23,3462,41,1017,6713,3309
198738458546,342,4308,326,35417,6714,3309
198738470193,107,3605,180,17593,6715,3309
198738480738,21,2788,56,2812,6715,3310
198738491944,355,3499,165,8743,6716,3310
198738502958,320,4192,166,14810,6717,3310
198738513979,24,3313,52,2330,6717,3311
198738525550,424,3158,107,8170,6718,3311
198738536535,243,3261,166,15251,6719,3311
198738547433,23,4177,59,2422,6719,3312
198738558588,138,3620,60,2721,6720,3312
198738569762,176,3290,97,7208,6721,3312
198738580938,24,4690,52,1476,6721,3313
198738592056,234,4124,328,33935,6722,3313
198738603082,134,2621,52,1674,6723,3313
198738614436,26,3264,42,998,6723,3314
198738625493,119,3012,36,998,6724,3314
198738636336,136,2847,349,35622,6725,3314
198738647535,24,4367,71,3988,6725,3315
198738658789,180,3305,105,8264,6726,3315
198738669657,179,3676,197,13423,6727,3315
198738680777,22,3805,47,2215,6727,3316
198738691840,371,4021,100,7386,6728,3316
198738703417,174,3249,161,14263,6729,3316
198738714431,23,3194,49,2282,6729,3317
198738725490,118,3738,120,8088,6730,3317
198738736622,189,3146,55,2383,6731,3317
198738747408,23,3863,52,2132,6731,3318
198738758577,240,3156,279,14409,6732,3318
198738769758,197,3093,101,7785,6733,3318
198738781069,25,3659,49,1582,6733,3319
198738792081,157,3235,113,6753,6734,3319
198738803136,796,3143,349,34324,6735,3319
198738814255,23,3374,70,4069,6735,3320
198738825160,308,3418,107,8068,6736,3320
198738836700,124,3359,161,15096,6737,3320
198738847744,24,3341,59,2325,6737,3321
198738858770,156,3798,123,8017,6738,3321
198738869886,2801,3955,61,2486,6739,3321
198738881040,23,4216,48,2126,6739,3322
198738892265,252,3418,159,14730,6740,3322
198738903348,263,3474,110,8131,6741,3322
198738914413,23,3631,82,2282,6741,3323
198738925590,204,4094,242,15347,6742,3323
198738936590,382,3478,121,8236,6743,3323
198738947683,24,3178,54,2101,6743,3324
198738958709,119,2660,164,15689,6744,3324
198738969802,176,3519,105,8176,6745,3324
198738981025,24,3613,47,2137,6745,3325
198738991976,192,3221,54,2398,6746,3325
198739003212,310,3073,158,15001,6747,3325
198739014300,21,3465,51,2391,6747,3326
198739025331,328,3288,100,8303,6748,3326
198739036678,117,3329,248,15385,6749,3326
198739047893,28,3200,64,2562,6749,3327
198739058827,273,3515,142,12760,6750,3327
198739069867,157,3181,49,1586,6751,3327
198739081138,21,3237,36,951,6751,3328
198739091943,349,2856,31,951,6752,3328
198739103021,187,3606,829,35579,6753,3328
198739114084,31,3344,70,4183,6753,3329
198739125546,206,3180,61,2708,6754,3329
198739136611,416,3414,166,14734,6755,3329
198739147756,28,3771,63,2418,6755,3330
198739158548,191,3401,96,7995,6756,3330
198739169561,416,3970,173,15348,6757,3330
198739180874,23,3499,54,2353,6757,3331
198739191906,166,3069,57,3316,6758,3331
198739203050,172,3844,53,2368,6759,3331
198739214259,22,3654,47,2233,6759,3332
198739225299,399,2990,99,8037,6760,3332
198739236585,228,3121,50,2299,6761,3332
198739247715,22,3140,49,2103,6761,3333
198739258821,361,3477,188,14796,6762,3333
198739269979,195,3158,104,8220,6763,3333
198739281107,21,4018,51,2268,6763,3334
198739292302,118,3647,160,15209,6764,3334
198739303444,217,3397,55,3025,6765,3334
198739314004,20,2820,527,2470,6765,3335
198739325522,244,3881,97,8161,6766,3335
198739336393,305,3192,80,5427,6767,3335
198739347370,34,3650,85,1101,6767,3336
198739358848,326,4423,680,35807,6768,3336
198739369910,166,3068,70,4468,6769,3336
198739380864,26,4630,59,2420,6769,3337
198739391978,328,4195,160,14682,6770,3337
198739403030,181,3729,126,7994,6771,3337
198739414324,40,3739,71,2155,6771,3338
198739425321,244,3022,164,14976,6772,3338
198739436585,262,4446,104,8121,6773,3338
198739447675,24,3854,52,2240,6773,3339
198739458773,136,3726,166,15468,6774,3339
198739469946,355,3993,108,8080,6775,3339
198739480941,33,3885,65,2110,6775,3340
198739492041,1476,3487,52,2394,6776,3340
198739503185,201,3343,160,14969,6777,3340
198739514208,47,3434,58,2544,6777,3341
198739525289,495,3015,101,8523,6778,3341
198739536486,322,3160,321,15518,6779,3341
198739547771,23,3563,59,2394,6779,3342
198739558761,376,3296,52,2731,6780,3342
198739570969,1185,3138,158,6807,6781,3342
198739580909,25,3586,39,1113,6781,3343
198739592021,259,3142,79,4269,6782,3343
198739603055,133,3407,39,1020,6783,3343
198739614236,25,3491,47,997,6783,3344
198739625248,250,3325,360,35595,6784,3344
198739636268,397,3561,186,16536,6785,3344
198739647454,21,4012,57,2757,6785,3345
198739658764,190,3231,100,8075,6786,3345
198739669749,129,3414,169,15252,6787,3345
198739680759,23,3791,65,2479,6787,3346
198739691964,185,3872,56,2084,6788,3346
198739702970,394,3339,337,32877,6789,3346
198739714412,22,3339,71,3898,6789,3347
198739725115,341,3357,107,8576,6790,3347
198739736665,241,3141,52,2268,6791,3347
198739747756,45,3496,49,1985,6791,3348
198739758830,327,3385,159,14307,6792,3348
198739769989,212,2952,104,8112,6793,3348
198739781011,47,3224,58,2042,6793,3349
198739792130,143,3178,191,15042,6794,3349
198739803005,243,3018,55,2754,6795,3349
198739814080,23,2866,51,2282,6795,3350
198739825149,116,3026,96,7772,6796,3350
198739836719,143,3077,182,15560,6797,3350
198739847843,23,3197,56,2459,6797,3351
198739858430,198,3112,101,8131,6798,3351
198739869961,125,3081,81,4931,6799,3351
198739881158,23,4231,38,1108,6799,3352
198739892029,5080,3579,55,1064,6800,3352
198739903394,125,2878,33,1058,6801,3352
198739913961,27,3383,48,1057,6801,3353
198739925600,142,3223,65,3670,6802,3353
198739936607,111,3217,353,31890,6803,3353
198739947657,20,3213,66,3843,6803,3354
198739958669,214,3281,99,7893,6804,3354
198739969863,112,2836,101,2689,6805,3354
198739980973,27,4743,50,2108,6805,3355
198739991954,206,3606,47,2378,6806,3355
198740003202,192,3666,159,14263,6807,3355
198740014165,23,4039,53,2143,6807,3356
198740025410,200,3664,99,7960,6808,3356
198740036517,188,3800,175,15201,6809,3356
198740047631,43,4759,56,2425,6809,3357
198740058814,333,3333,56,2759,6810,3357
198740069952,121,3791,97,7519,6811,3357
198740081151,26,4070,51,2120,6811,3358
198740092289,177,3522,170,15570,6812,3358
198740103326,123,2982,99,7922,6813,3358
198740114301,25,3143,56,2228,6813,3359
198740125461,130,3880,56,2569,6814,3359
198740136599,284,3578,56,1993,6815,3359
198740147663,24,4757,45,1144,6815,3360
198740158660,275,3268,88,6097,6816,3360
198740169586,424,3363,54,1250,6817,3360
198740180845,26,6170,39,1098,6817,3361
198740192336,166,4012,326,34377,6818,3361
198740203293,316,4450,121,9630,6819,3361
198740214345,29,3622,67,2563,6819,3362
198740225213,204,3259,164,15037,6820,3362
198740236278,122,2637,100,7493,6821,3362
198740247291,21,2935,48,2281,6821,3363
198740258977,355,3105,158,14760,6822,3363
198740269931,119,3721,108,8699,6823,3363
198740280991,21,3318,58,2141,6823,3364
198740292039,311,3368,167,15131,6824,3364
198740303159,217,3029,57,2838,6825,3364
198740314192,61,3559,62,2237,6825,3365
198740325242,263,3862,103,7500,6826,3365
198740336465,269,3948,176,15555,6827,3365
198740347617,25,3825,62,2625,6827,3366
198740358777,214,3665,110,8358,6828,3366
198740369884,343,3656,55,2318,6829,3366
198740381188,24,3862,53,2101,6829,3367
198740392180,203,3513,53,2774,6830,3367
198740403351,230,3445,165,14948,6831,3367
198740414261,29,4715,112,1939,6831,3368
198740425280,268,3839,56,2411,6832,3368
198740436321,175,3499,52,1408,6833,3368
198740447408,22,3899,40,983,6833,3369
198740458560,255,4188,43,982,6834,3369
198740469551,162,3761,360,32604,6835,3369
198740480651,23,3515,75,3812,6835,3370
198740491757,128,3642,108,8617,6836,3370
198740503322,145,3479,158,14481,6837,3370
198740514357,25,3431,86,2335,6837,3371
198740525437,173,3051,103,8022,6838,3371
198740536459,140,3521,185,15368,6839,3371
198740547554,26,4791,60,2341,6839,3372
198740558588,129,3107,73,2670,6840,3372
198740569705,264,3440,100,7751,6841,3372
198740581077,24,4439,73,2051,6841,3373
198740591768,228,3123,240,15494,6842,3373
198740602865,129,3130,101,7886,6843,3373
198740614412,30,4865,61,2214,6843,3374
198740625130,229,3834,52,2534,6844,3374
198740636183,290,3506,161,14641,6845,3374
198740647427,34,4538,56,2508,6845,3375
198740658496,116,2617,103,8267,6846,3375
198740669722,159,3239,148,13347,6847,3375
198740680760,36,4531,70,2500,6847,3376
198740691827,219,3656,106,7968,6848,3376
198740702902,199,3237,183,15412,6849,3376
198740713991,25,4077,52,1972,6849,3377
198740725587,146,4272,50,1862,6850,3377
198740736592,193,3162,49,943,6851,3377
198740747700,23,4832,40,938,6851,3378
198740758710,248,4782,354,35126,6852,3378
198740769763,129,4030,122,9723,6853,3378
198740780919,26,3642,100,2494,6853,3379
198740792011,329,4315,156,13931,6854,3379
198740803293,386,3251,72,2664,6855,3379
198740814380,32,3168,84,2141,6855,3380
198740825578,232,3082,120,7652,6856,3380
198740836665,169,2661,187,14798,6857,3380
198740847777,32,2903,59,2371,6857,3381
198740861257,243,2650,143,8001,6858,3381
198740869910,170,4256,68,2331,6859,3381
198740881024,25,4116,63,2071,6859,3382
198740892116,199,4234,297,14692,6860,3382
198740903153,167,4010,164,8098,6861,3382
198740914346,34,3085,74,2193,6861,3383
198740925431,233,3554,323,12486,6862,3383
198740936692,977,3338,108,8241,6863,3383
198740947859,26,3277,48,2164,6863,3384
198740958509,5047,4089,180,15499,6864,3384
198740969484,212,3080,96,7760,6865,3384
198740981059,21,3518,48,2133,6865,3385
198740992197,139,3706,93,4713,6866,3385
198741003315,113,3639,39,1078,6867,3385
198741013993,20,3577,35,1040,6867,3386
198741025183,237,3404,431,35183,6868,3386
198741036195,207,3779,179,16989,6869,3386
198741047497,27,3686,59,2801,6869,3387
198741060551,185,2906,56,2736,6870,3387
198741069931,279,3524,100,7538,6871,3387
198741080952,24,3403,52,2062,6871,3388
198741091858,383,3185,162,15231,6872,3388
198741102935,142,2620,108,7819,6873,3388
198741113981,32,2583,54,2083,6873,3389
198741125597,187,2696,69,2400,6874,3389
198741136456,167,2616,160,14761,6875,3389
198741147511,30,2845,49,2202,6875,3390
198741158473,113,2725,99,8035,6876,3390
198741181090,223,3064,227,13134,6877,3390
198741195651,49,3860,87,2517,6877,3391
198741206695,197,3855,157,8302,6878,3391
198741217761,129,3786,68,2482,6879,3391
198741228943,22,3486,64,2128,6879,3392
198741239989,130,2723,69,2404,6880,3392
198741251610,150,3140,274,14949,6881,3392
198741262726,26,3239,66,2533,6881,3393
198741273772,342,3312,106,8421,6882,3393
198741284812,154,3344,173,15396,6883,3393
198741295631,24,3165,59,2591,6883,3394
198741307015,289,4095,70,2864,6884,3394
198741318022,193,3315,106,7693,6885,3394
198741329072,30,3741,55,2196,6885,3395
198741340066,212,4330,179,15675,6886,3395
198741351264,311,4295,113,8047,6887,3395
198741362310,28,2987,62,2271,6887,3396
198741373444,339,3219,57,2635,6888,3396
198741384528,139,3141,63,3200,6889,3396
198741395555,25,2888,46,1058,6889,3397
198741407119,796,3439,49,1028,6890,3397
198741418091,208,3278,47,1028,6891,3397
198741430770,40,3608,42,1028,6891,3398
198741440147,178,4028,352,33736,6892,3398
198741451235,119,3142,116,9487,6893,3398
198741462336,25,3684,58,2494,6893,3399
198741473618,218,3209,163,15034,6894,3399
198741484536,124,3175,100,7419,6895,3399
198741495560,20,3646,55,2182,6895,3400
198741506664,141,3178,163,14729,6896,3400
198741518244,198,3911,117,8297,6897,3400
198741529438,28,3164,56,2160,6897,3401
198741540452,304,4239,170,15234,6898,3401
198741551625,154,3483,66,2692,6899,3401
198741562701,33,3344,58,2208,6899,3402
198741573451,142,4064,100,7353,6900,3402
198741584679,304,3952,195,15407,6901,3402
198741595855,26,3081,58,2502,6901,3403
198741606999,184,3482,121,8183,6902,3403
198741617978,252,4078,57,2297,6903,3403
198741628867,24,3191,54,2096,6903,3404
198741640142,184,3377,55,2771,6904,3404
198741651230,143,3127,88,5838,6905,3404
198741662344,30,2815,48,1136,6905,3405
198741673495,421,4595,41,1060,6906,3405
198741684638,135,4031,330,34009,6907,3405
198741695719,24,3333,79,4056,6907,3406
198741707039,249,4601,105,7971,6908,3406
198741718210,290,3875,165,15183,6909,3406
198741729291,21,3474,57,2397,6909,3407
198741740008,142,4020,509,8667,6910,3407
198741751158,193,3019,157,14880,6911,3407
198741762320,21,3092,53,2413,6911,3408
198741773533,255,3185,109,8236,6912,3408
198741784500,193,3841,165,15351,6913,3408
198741795654,23,3360,58,2595,6913,3409
198741807194,176,3412,57,2931,6914,3409
198741818182,161,3241,100,7617,6915,3409
198741829323,26,3627,58,2153,6915,3410
198741840420,222,3446,192,15544,6916,3410
198741851221,206,2688,252,7992,6917,3410
198741862306,67,2788,60,2181,6917,3411
198741873432,227,3436,56,2494,6918,3411
198741884927,329,3760,59,2708,6919,3411
198741896037,21,3130,50,2190,6919,3412
198741907023,174,3404,86,6270,6920,3412
198741917986,275,4673,336,33388,6921,3412
198741929047,29,3065,71,3877,6921,3413
198741940349,352,3847,56,3146,6922,3413
198741951473,161,3766,105,7616,6923,3413
198741962464,25,2814,50,2119,6923,3414
198741973596,298,3265,53,2532,6924,3414
198741984590,153,3163,48,2197,6925,3414
198741995733,35,3283,106,1998,6925,3415
198742006732,309,3204,186,14409,6926,3415
198742017805,172,3030,108,8037,6927,3415
198742029315,22,3265,66,2308,6927,3416
198742040540,134,3200,164,15293,6928,3416
198742051190,121,3047,64,3075,6929,3416
198742062327,28,3459,50,2336,6929,3417
198742073628,151,3530,98,7627,6930,3417
198742084878,166,3543,164,15579,6931,3417
198742096043,21,3239,55,2433,6931,3418
198742107134,238,3350,103,8284,6932,3418
198742118224,103,3118,49,2359,6933,3418
198742129322,19,3293,48,2058,6933,3419
198742140170,233,3826,153,14497,6934,3419
198742151300,108,3199,228,21782,6935,3419
198742162307,19,2940,51,2166,6935,3420
198742173438,154,3160,57,2012,6936,3420
198742184601,127,3038,33,995,6937,3420
198742195692,26,2781,46,983,6937,3421
198742206870,139,3270,355,34824,6938,3421
198742217808,428,3003,185,17384,6939,3421
198742229370,25,2940,63,2777,6939,3422
198742240009,314,3110,106,8686,6940,3422
198742251490,143,3121,163,14926,6941,3422
198742262558,21,3079,53,2335,6941,3423
198742273683,125,2885,102,8092,6942,3423
198742284590,212,3060,162,15470,6943,3423
198742295584,19,2753,56,2588,6943,3424
198742307081,117,2972,52,2860,6944,3424
198742317967,323,2712,97,7769,6945,3424
198742328981,20,2797,49,2181,6945,3425
198742340111,227,3714,162,15685,6946,3425
198742351583,276,3635,111,8044,6947,3425
198742362323,23,3614,50,2261,6947,3426
198742373318,206,4941,56,2592,6948,3426
198742385062,166,3311,160,15017,6949,3426
198742395958,23,3423,100,2482,6949,3427
198742407059,379,3370,55,2800,6950,3427
198742418209,259,4002,52,2184,6951,3427
198742429182,23,3151,48,1739,6951,3428
198742440164,331,3420,44,1937,6952,3428
198742456827,317,2879,369,35035,6953,3428
198742462582,23,3178,103,3930,6953,3429
198742473612,396,3312,63,2832,6954,3429
198742484674,244,3943,44,1242,6955,3429
198742495737,25,3710,65,885,6955,3430
198742506790,360,3834,350,42789,6956,3430
198742517918,329,3367,127,10478,6957,3430
198742528931,22,3427,61,3019,6957,3431
198742540492,219,4361,170,15605,6958,3431
198742551387,208,3538,59,2988,6959,3431
198742562421,22,3105,55,2601,6959,3432
198742573442,122,3272,290,8051,6960,3432
198742584700,1312,4189,192,15398,6961,3432
198742595950,26,2621,61,2365,6961,3433
198742606966,168,2655,236,17809,6962,3433
198742618076,176,2638,60,2562,6963,3433
198742637567,440,2799,90,3250,6964,3433
198742652027,195,4069,54,995,6965,3433
198742663156,25,3607,49,948,6965,3434
198742674297,166,4228,483,33085,6966,3434
198742685397,138,3737,94,4555,6967,3434
198742696558,26,2674,80,2367,6967,3435
198742707708,153,3393,142,7436,6968,3435
198742718879,135,2719,54,2391,6969,3435
198742730039,39,2774,55,2067,6969,3436
198742741086,153,3160,53,2376,6970,3436
198742752423,115,3409,158,14024,6971,3436
198742763533,20,2858,49,2150,6971,3437
198742774610,149,3101,105,8091,6972,3437
198742785866,311,3306,181,15148,6973,3437
198742796591,22,3160,59,2351,6973,3438
198742808065,972,4211,76,2612,6974,3438
198742818984,401,3442,103,7446,6975,3438
198742830175,21,2952,46,1992,6975,3439
198742840993,203,3709,160,15272,6976,3439
198742852418,332,3017,108,7752,6977,3439
198742864123,26,3311,54,2094,6977,3440
198742874426,152,3587,78,2435,6978,3440
198742885543,383,3393,55,2461,6979,3440
198742896862,22,2888,65,1920,6979,3441
198742907713,141,2864,86,6199,6980,3441
198742918732,246,4532,450,33433,6981,3441
198742930351,23,3332,76,3821,6981,3442
198742940973,1746,3695,61,3474,6982,3442
198742951917,122,2887,100,7566,6983,3442
198742963593,22,2986,51,2110,6983,3443
198742974564,231,3173,157,14797,6984,3443
198742985781,219,3287,92,7368,6985,3443
198742996850,20,2964,54,2453,6985,3444
198743007935,231,3081,241,14821,6986,3444
198743018938,154,3635,113,8340,6987,3444
198743030196,26,2886,242,2222,6987,3445
198743040897,172,3221,169,14929,6988,3445
198743052105,330,3863,64,2863,6989,3445
198743063602,31,2940,56,2318,6989,3446
198743074601,368,3475,108,7723,6990,3446
198743085822,199,3738,194,15633,6991,3446
198743096687,26,2919,59,2339,6991,3447
198743107883,160,3456,104,8120,6992,3447
198743118906,151,2674,65,2337,6993,3447
198743130023,30,2588,53,1927,6993,3448
198743141137,150,2659,145,12598,6994,3448
198743152170,137,2655,165,15597,6995,3448
198743163536,25,2735,60,2642,6995,3449
198743174677,182,2675,61,2147,6996,3449
198743185387,153,2696,305,33737,6997,3449
198743196900,21,2610,64,4022,6997,3450
198743208039,148,2615,100,8070,6998,3450
198743219101,127,2667,268,15173,6999,3450
198743230205,21,2609,48,2354,6999,3451
198743241271,115,2729,103,8725,7000,3451
198743252013,140,2885,190,14889,7001,3451
198743265442,15375,3311,81,2029,7002,3451
198743295411,220,4058,76,1076,7003,3451
198743306595,155,4351,529,33806,7004,3451
198743317731,118,3927,171,9638,7005,3451
198743328819,28,3319,64,2537,7005,3452
198743339949,127,2741,259,15123,7006,3452
198743351147,233,3141,143,7934,7007,3452
198743362399,23,3478,57,2343,7007,3453
198743373163,387,2772,53,2685,7008,3453
198743384218,352,3862,170,14864,7009,3453
198743395789,21,2827,54,2292,7009,3454
198743406690,144,3276,103,8237,7010,3454
198743417705,188,3685,175,14115,7011,3454
198743428816,25,3719,57,2383,7011,3455
198743439813,199,4078,96,7648,7012,3455
198743451362,160,4053,169,15853,7013,3455
198743462374,23,3283,59,2595,7013,3456
198743473479,313,4404,105,8434,7014,3456
198743484588,138,3274,60,2483,7015,3456
198743495822,24,2903,46,2126,7015,3457
198743506800,215,3205,155,14863,7016,3457
198743517607,141,3203,45,1904,7017,3457
198743528675,22,3567,35,972,7017,3458
198743539919,241,3355,33,972,7018,3458
198743550991,287,3402,317,33986,7019,3458
198743562156,20,3101,67,4032,7019,3459
198743573160,175,4502,97,8000,7020,3459
198743584689,201,3809,193,15106,7021,3459
198743595885,49,3260,51,2366,7021,3460
198743606892,170,3259,107,7984,7022,3460
198743617664,340,3373,54,2378,7023,3460
198743628752,22,2866,46,2136,7023,3461
198743639989,165,3079,158,14670,7024,3461
198743651069,112,2929,113,8576,7025,3461
198743662139,21,2972,77,2097,7025,3462
198743673205,425,3237,87,6336,7026,3462
198743684237,196,3880,359,35256,7027,3462
198743695997,22,3119,69,4134,7027,3463
198743706876,146,3876,166,16054,7028,3463
198743717609,207,3278,95,7867,7029,3463
198743728980,19,3247,46,2190,7029,3464
198743740068,226,3541,50,2477,7030,3464
198743751113,119,3148,154,14724,7031,3464
198743762272,28,3633,65,2362,7031,3465
198743773507,206,3429,115,8302,7032,3465
198743784662,269,3061,169,15373,7033,3465
198743795505,24,2855,58,2483,7033,3466
198743806717,168,3191,55,2103,7034,3466
198743817899,177,3396,428,35260,7035,3466
198743828900,27,2937,273,4245,7035,3467
198743839905,159,3768,175,16068,7036,3467
198743851114,383,3251,98,7910,7037,3467
198743862072,21,3172,51,2172,7037,3468
198743874784,182,3446,55,2509,7038,3468
198743884694,240,3629,200,14711,7039,3468
198743895345,20,3756,53,2394,7039,3469
198743906441,120,3216,103,8284,7040,3469
198743917615,293,4161,176,14192,7041,3469
198743929306,22,3460,59,2443,7041,3470
198743939930,347,4353,52,2395,7042,3470
198743950927,387,3660,56,2595,7043,3470
198743962145,20,3123,54,2375,7043,3471
198743973201,196,3335,101,8174,7044,3471
198743984226,2161,3210,65,2511,7045,3471
198743995296,109,4225,50,2173,7045,3472
198744007124,456,3205,165,14480,7046,3472
198744018271,335,3106,108,7313,7047,3472
198744028818,22,2965,39,1061,7047,3473
198744039865,185,3166,378,43498,7048,3473
198744051389,159,3193,46,2135,7049,3473
198744062377,23,2825,49,1251,7049,3474
198744073547,150,3185,37,1337,7050,3474
198744084313,282,3656,35,962,7051,3474
198744095791,19,2748,35,962,7051,3475
198744106435,153,3357,344,35486,7052,3475
198744118050,225,3415,70,4400,7053,3475
198744129076,20,3468,56,2386,7053,3476
198744140230,176,2755,151,14658,7054,3476
198744151258,149,3054,103,7940,7055,3476
198744163208,22,2987,59,2143,7055,3477
198744173475,286,3491,146,13165,7056,3477
198744184630,117,3505,49,2165,7057,3477
198744195431,23,4548,49,2128,7057,3478
198744206589,311,3530,59,2308,7058,3478
198744217624,126,3045,96,7739,7059,3478
198744228877,39,3158,50,2131,7059,3479
198744240190,321,3963,50,2425,7060,3479
198744251644,391,3930,156,14476,7061,3479
198744262397,21,3367,51,2301,7061,3480
198744273456,170,4069,101,8183,7062,3480
198744284555,292,3691,167,15342,7063,3480
198744295578,28,3426,52,2484,7063,3481
198744306595,1224,2821,55,2782,7064,3481
198744317950,118,5023,49,1599,7065,3481
198744328804,20,3008,36,932,7065,3482
198744339983,1937,3150,47,2171,7066,3482
198744351096,271,3151,92,6536,7067,3482
198744362133,23,3580,36,1032,7067,3483
198744373411,183,3334,64,4297,7068,3483
198744384490,222,3080,382,35554,7069,3483
198744395450,20,3071,69,4016,7069,3484
198744406606,294,3310,103,8230,7070,3484
198744417643,3140,3169,146,12584,7071,3484
198744429115,21,3081,50,1997,7071,3485
198744440207,192,3482,132,11968,7072,3485
198744451258,166,5096,102,7546,7073,3485
198744461908,21,3106,47,2255,7073,3486
198744473142,318,3353,223,2596,7074,3486
198744484718,217,4061,44,2201,7075,3486
198744495635,20,3275,46,2012,7075,3487
198744506695,180,3115,162,14686,7076,3487
198744517708,118,2861,106,8134,7077,3487
198744528963,20,3459,55,2062,7077,3488
198744540031,163,3661,162,15105,7078,3488
198744551150,208,3202,57,2597,7079,3488
198744562255,20,3106,73,2158,7079,3489
198744573042,258,3748,97,7419,7080,3489
198744584592,224,3468,157,14621,7081,3489
198744595484,21,3069,58,1509,7081,3490
198744607549,187,2849,44,1311,7082,3490
198744617731,200,3153,356,35478,7083,3490
198744628859,45,3135,71,4055,7083,3491
198744640244,120,3045,162,15076,7084,3491
198744651290,110,2909,107,8155,7085,3491
198744662334,21,2900,319,2179,7085,3492
198744673351,167,3194,171,15244,7086,3492
198744684378,200,3030,57,3112,7087,3492
198744695524,20,2818,49,2246,7087,3493
198744706607,123,3468,52,2380,7088,3493
198744717643,231,3568,100,7867,7089,3493
198744729041,20,3041,52,2226,7089,3494
198744740177,151,3245,50,2575,7090,3494
198744751208,164,2938,162,14749,7091,3494
198744762360,23,2806,56,2642,7091,3495
198744773071,234,3171,128,8521,7092,3495
198744784707,133,3573,165,15466,7093,3495
198744795795,20,3382,108,2521,7093,3496
198744806880,218,3563,57,2433,7094,3496
198744817751,131,3407,264,26805,7095,3496
198744828672,47,3255,51,2125,7095,3497
198744839740,124,2771,155,14596,7096,3497
198744850925,136,3009,47,1429,7097,3497
198744862437,20,3038,35,1009,7097,3498
198744873121,157,3927,36,1009,7098,3498
198744884669,189,3574,332,35418,7099,3498
198744895672,45,3114,71,4016,7099,3499
198744906576,153,3042,107,8227,7100,3499
198744917794,200,3296,237,14083,7101,3499
198744928892,26,3489,58,2403,7101,3500
198744939906,119,3183,55,3387,7102,3500
198744950965,425,3172,103,7645,7103,3500
198744962016,20,2915,58,2281,7103,3501
198744973505,331,3929,192,2707,7104,3501
198744984566,306,3956,46,2320,7105,3501
198744995567,25,3522,51,2124,7105,3502
198745006548,422,3843,162,14750,7106,3502
198745017799,229,3295,110,8269,7107,3502
198745028805,25,3033,52,2150,7107,3503
198745040075,269,3263,161,15030,7108,3503
198745051249,188,3682,61,2828,7109,3503
198745062311,24,3540,54,2378,7109,3504
198745073525,412,2957,98,7568,7110,3504
198745084581,151,3200,192,15619,7111,3504
198745095647,25,3031,56,2584,7111,3505
198745106572,207,4369,105,8448,7112,3505
198745117742,337,3558,53,1740,7113,3505
198745128816,45,3282,42,1143,7113,3506
198745139965,173,3299,78,5213,7114,3506
198745151271,348,3026,386,35595,7115,3506
198745162254,31,3169,84,4072,7115,3507
198745173328,363,3621,187,15417,7116,3507
198745184442,169,3819,65,3332,7117,3507
198745195519,25,2595,52,2181,7117,3508
198745206547,193,3414,103,7402,7118,3508
198745217668,201,3793,68,2361,7119,3508
198745228752,22,3138,47,2058,7119,3509
198745239877,237,3796,49,2403,7120,3509
198745251060,115,4043,155,14480,7121,3509
198745262260,19,2848,50,2253,7121,3510
198745273144,187,3880,107,8180,7122,3510
198745284186,296,3646,160,15119,7123,3510
198745295478,23,3252,56,2538,7123,3511
198745306560,175,3347,50,2418,7124,3511
198745317646,219,3592,298,26944,7125,3511
198745328681,22,3390,50,2092,7125,3512
198745339873,120,3316,167,15329,7126,3512
198745351382,125,3418,98,7421,7127,3512
198745362233,21,3716,59,2022,7127,3513
198745373246,274,3150,46,2276,7128,3513
198745384606,133,3796,51,2179,7129,3513
198745395735,20,3162,48,1629,7129,3514
198745406802,3091,3224,99,6576,7130,3514
198745417931,219,3788,51,1136,7131,3514
198745428950,26,2901,39,1018,7131,3515
198745440050,326,3101,38,1018,7132,3515
198745451050,104,3024,336,35275,7133,3515
198745462217,27,3427,74,3997,7133,3516
198745473265,132,4130,55,3020,7134,3516
198745484493,108,3630,50,2354,7135,3516
198745495563,21,3383,51,2018,7135,3517
198745506595,111,3138,248,14544,7136,3517
198745517757,369,3371,105,7913,7137,3517
198745528795,22,2984,46,2134,7137,3518
198745539925,126,3091,163,15247,7138,3518
198745551236,222,3049,55,2717,7139,3518
198745562200,22,2994,52,2345,7139,3519
198745573472,162,3030,100,7843,7140,3519
198745584251,242,3159,301,15649,7141,3519
198745595473,20,3248,54,2565,7141,3520
198745606511,209,3258,99,8198,7142,3520
198745617718,401,3246,57,2657,7143,3520
198745628957,21,3010,46,2070,7143,3521
198745639754,115,3239,76,5358,7144,3521
198745650899,309,2967,341,35512,7145,3521
198745662432,20,3007,93,4058,7145,3522
198745673535,242,3251,171,15343,7146,3522
198745684512,326,3459,56,3164,7147,3522
198745695561,20,2918,48,2195,7147,3523
198745706760,361,3274,99,7572,7148,3523
198745717657,346,3298,60,2327,7149,3523
198745728705,25,2800,48,2039,7149,3524
198745739829,138,3655,53,2386,7150,3524
198745750873,124,3160,156,14517,7151,3524
198745762417,23,3289,58,2465,7151,3525
198745773446,123,3521,103,8451,7152,3525
198745784397,112,3288,158,15160,7153,3525
198745795367,21,3663,50,2377,7153,3526
198745806410,114,2999,54,2588,7154,3526
198745817571,117,3087,99,7377,7155,3526
198745829141,24,3231,138,2209,7155,3527
198745840201,303,3844,181,15489,7156,3527
198745851178,173,3279,102,7643,7157,3527
198745862275,24,3028,59,2300,7157,3528
198745873733,459,3084,63,2651,7158,3528
198745884696,345,3112,59,2709,7159,3528
198745895492,21,3259,49,2208,7159,3529
198745906942,188,4471,162,14100,7160,3529
198745917917,434,4290,62,1598,7161,3529
198745929049,26,3663,38,1018,7161,3530
198745939910,280,3238,34,1014,7162,3530
198745950932,446,3335,355,35273,7163,3530
198745962058,22,3642,77,4261,7163,3531
198745973477,136,2987,167,15957,7164,3531
198745984544,293,3172,101,7513,7165,3531
198745995725,24,3146,48,2100,7165,3532
198746006868,555,2726,168,14668,7166,3532
198746017953,231,4289,114,8260,7167,3532
198746029057,22,3071,48,2136,7167,3533
198746039929,377,3475,165,15176,7168,3533
198746051094,257,3657,56,2938,7169,3533
198746062061,20,2994,49,2213,7169,3534
198746073481,196,3347,212,7651,7170,3534
198746084408,189,3085,167,15493,7171,3534
198746095498,23,3170,55,2521,7171,3535
198746106619,170,3345,103,8244,7172,3535
198746117552,203,3912,60,2440,7173,3535
198746129046,21,3519,50,2085,7173,3536
198746140139,123,3088,157,14824,7174,3536
198746150892,109,4470,55,2663,7175,3536
198746162753,21,3128,57,2241,7175,3537
198746173540,321,3017,55,2402,7176,3537
198746184586,118,3292,151,7797,7177,3537
198746195574,21,3133,45,2249,7177,3538
198746206756,360,3344,161,14958,7178,3538
198746217652,1820,3055,51,1331,7179,3538
198746228653,22,3995,41,942,7179,3539
198746241898,127,3795,38,942,7180,3539
198746250901,393,2945,335,35542,7181,3539
198746262402,25,3175,76,3961,7181,3540
198746273426,161,3421,106,8145,7182,3540
198746284515,314,3504,186,13976,7183,3540
198746295564,23,3146,58,2414,7183,3541
198746306601,287,3178,57,2540,7184,3541
198746318016,312,3274,98,7624,7185,3541
198746329128,20,3401,49,2066,7185,3542
198746340077,210,3597,179,14672,7186,3542
198746351107,124,2809,94,7894,7187,3542
198746362217,30,3448,52,2116,7187,3543
198746373381,309,3305,50,2415,7188,3543
198746384497,330,3150,156,14668,7189,3543
198746395298,23,3358,49,2221,7189,3544
198746406895,233,3355,102,7871,7190,3544
198746417926,259,2999,151,13209,7191,3544
198746429148,90,3224,51,2303,7191,3545
198746440031,273,3079,132,8127,7192,3545
198746451032,325,3166,250,15657,7193,3545
198746462064,25,2810,63,2418,7193,3546
198746473093,389,4332,197,18141,7194,3546
198746484670,640,3552,67,2524,7195,3546
198746495635,24,3538,55,2173,7195,3547
198746506719,132,3869,82,5349,7196,3547
198746517785,169,3016,56,1095,7197,3547
198746528803,28,3231,38,1050,7197,3548
198746539823,269,4400,42,1040,7198,3548
198746551364,150,4387,356,34142,7199,3548
198746562000,27,3672,79,4084,7199,3549
198746573502,183,3377,108,7990,7200,3549
198746584545,135,3773,174,15068,7201,3549
198746595582,22,3092,57,2441,7201,3550
198746606672,181,3442,104,8028,7202,3550
198746617783,123,3126,53,2478,7203,3550
198746628993,46,2996,50,2058,7203,3551
198746640141,125,3385,156,14636,7204,3551
198746651182,111,3539,104,8437,7205,3551
198746662140,24,3048,52,2052,7205,3552
198746673209,217,4700,205,15008,7206,3552
198746684329,210,3381,160,8378,7207,3552
198746695548,24,3509,81,2109,7207,3553
198746706575,179,3469,167,15727,7208,3553
198746717608,110,3465,99,7987,7209,3553
198746728641,20,2989,47,2128,7209,3554
198746741246,199,3090,56,2423,7210,3554
198746751558,172,3138,164,14850,7211,3554
198746762056,24,3285,65,2613,7211,3555
198746773095,209,4145,141,8663,7212,3555
198746784499,219,3217,179,15608,7213,3555
198746795774,27,3069,59,2450,7213,3556
198746806811,170,3357,50,1906,7214,3556
198746817908,140,3263,46,1338,7215,3556
198746828933,22,3080,40,929,7215,3557
198746840137,162,3097,33,929,7216,3557
198746851275,144,3510,333,35386,7217,3557
198746862409,27,3383,72,4160,7217,3558
198746873523,192,4774,55,2674,7218,3558
198746884168,284,3552,162,14691,7219,3558
198746895726,23,3457,55,2362,7219,3559
198746906696,146,3098,100,7951,7220,3559
198746917781,142,3966,172,15331,7221,3559
198746928840,23,3139,50,2273,7221,3560
198746939902,259,3563,71,3299,7222,3560
198746951170,420,3801,73,2317,7223,3560
198746962388,33,3216,53,2158,7223,3561
198746973437,325,3443,106,7968,7224,3561
198746984488,230,3474,67,2295,7225,3561
198746995618,27,3262,52,2037,7225,3562
198747006497,162,3349,157,14618,7226,3562
198747017589,178,3042,103,8159,7227,3562
198747028632,21,2812,52,2217,7227,3563
198747040223,174,3680,210,15244,7228,3563
198747051381,283,3057,61,3004,7229,3563
198747062375,21,2925,51,2409,7229,3564
198747073439,156,3872,101,8031,7230,3564
198747084381,162,4274,169,15300,7231,3564
198747095567,20,3555,51,1729,7231,3565
198747106692,144,3473,45,1851,7232,3565
198747117667,249,3310,41,924,7233,3565
198747128658,51,4002,48,919,7233,3566
198747140329,231,3160,351,35680,7234,3566
198747150817,119,3571,125,9691,7235,3566
198747161960,19,2847,58,2534,7235,3567
198747173328,258,2955,154,13783,7236,3567
198747184372,321,3438,63,3263,7237,3567
198747195360,21,3356,45,2198,7237,3568
198747206508,377,3988,104,7668,7238,3568
198747217939,243,4444,55,2319,7239,3568
198747228815,20,3121,55,2021,7239,3569
198747240098,247,3519,48,2299,7240,3569
198747251182,213,4010,165,14678,7241,3569
198747262230,23,2576,54,2395,7241,3570
198747273426,140,2668,112,8302,7242,3570
198747284493,115,4050,158,14570,7243,3570
198747295532,19,3632,48,2263,7243,3571
198747306580,111,4053,53,2606,7244,3571
198747317687,115,3707,94,7380,7245,3571
198747328924,22,4396,56,2112,7245,3572
198747340267,289,3365,69,4424,7246,3572
198747351164,189,3010,179,16904,7247,3572
198747362231,24,3239,56,2533,7247,3573
198747373264,431,3589,77,5200,7248,3573
198747384499,541,3267,37,1008,7249,3573
198747395252,20,3179,63,995,7249,3574
198747406877,311,3392,350,35287,7250,3574
198747418154,318,4824,182,16902,7251,3574
198747428715,26,3802,63,2805,7251,3575
198747439737,156,3432,52,2614,7252,3575
198747451238,207,4428,175,17069,7253,3575
198747462531,21,2925,51,2308,7253,3576
198747473076,187,3246,52,2585,7254,3576
198747484324,225,3683,89,2201,7255,3576
198747495450,22,3599,52,2010,7255,3577
198747506477,156,3019,155,14548,7256,3577
198747518067,370,3528,106,7959,7257,3577
198747529098,25,2928,60,2284,7257,3578
198747540147,228,2620,162,15222,7258,3578
198747551137,192,3641,60,2611,7259,3578
198747562254,25,3380,54,2313,7259,3579
198747573364,391,3210,100,7831,7260,3579
198747584412,232,3016,200,15628,7261,3579
198747595694,20,3751,53,2472,7261,3580
198747606666,114,2954,95,7311,7262,3580
198747617789,336,3241,234,22216,7263,3580
198747628907,22,2868,63,3410,7263,3581
198747639983,258,3216,77,5374,7264,3581
198747651126,229,3070,37,1082,7265,3581
198747662149,21,3526,130,1008,7265,3582
198747673218,148,3472,334,33408,7266,3582
198747684441,383,3183,70,4599,7267,3582
198747695430,21,3849,54,2364,7267,3583
198747706582,119,2686,93,7495,7268,3583
198747717813,381,3821,55,2464,7269,3583
198747728896,27,3165,55,2141,7269,3584
198747740085,139,3728,53,2425,7270,3584
198747751174,179,4335,155,14133,7271,3584
198747762207,20,3263,48,2278,7271,3585
198747773537,428,3427,103,8255,7272,3585
198747784648,280,3440,160,15218,7273,3585
198747795412,21,3732,59,2288,7273,3586
198747806761,143,3589,50,2608,7274,3586
198747817883,429,2965,99,7441,7275,3586
198747828935,22,3424,52,2004,7275,3587
198747839960,393,3233,161,15319,7276,3587
198747851286,302,4080,102,7825,7277,3587
198747862295,20,3258,48,2106,7277,3588
198747873367,255,3541,52,2435,7278,3588
198747884435,153,3440,52,2514,7279,3588
198747895415,24,3418,52,1931,7279,3589
198747906533,147,3011,81,6250,7280,3589
198747917589,208,3148,390,33678,7281,3589
198747929064,24,2560,65,3844,7281,3590
198747939952,239,3880,61,3601,7282,3590
198747951083,1700,3158,50,2211,7283,3590
198747962096,20,3252,45,1990,7283,3591
198747973168,364,3056,97,7984,7284,3591
198747984514,197,3853,46,2225,7285,3591
198747995417,26,2552,53,1998,7285,3592
198748007143,168,2708,165,14232,7286,3592
198748017666,187,2640,109,8155,7287,3592
198748028814,30,2611,60,2277,7287,3593
198748040010,171,2629,161,15323,7288,3593
198748050876,129,2639,59,2638,7289,3593
198748062485,21,2520,43,2273,7289,3594
198748073196,160,2774,118,7644,7290,3594
198748131297,304,2729,92,5561,7291,3594
198748145449,28,2707,50,1151,7291,3595
198748158433,251,3929,361,35498,7292,3595
198748168090,300,4130,286,17017,7293,3595
198748179295,26,3670,69,2794,7293,3596
198748190458,199,3740,187,8840,7294,3596
198748201524,183,2841,201,15517,7295,3596
198748212241,24,3359,61,2488,7295,3597
198748223452,374,4245,102,8119,7296,3597
198748234445,300,3546,55,2320,7297,3597
198748245919,20,3184,51,2051,7297,3598
198748256866,151,3638,153,14719,7298,3598
198748268072,189,3199,44,1874,7299,3598
198748279078,21,3048,35,964,7299,3599
198748290250,211,3619,344,33054,7300,3599
198748301446,180,3104,67,3966,7301,3599
198748312594,36,3120,66,2383,7301,3600
198748323459,386,3457,129,7619,7302,3600
198748334675,361,4690,171,14961,7303,3600
198748345766,24,3339,52,2272,7303,3601
198748356894,282,3979,110,7951,7304,3601
198748367891,330,3123,63,2361,7305,3601
198748379033,28,3235,54,1987,7305,3602
198748390072,337,3809,165,14723,7306,3602
198748405319,329,3321,72,2088,7307,3602
198748412735,127,3273,59,1043,7307,3603
198748423738,270,3116,419,24140,7308,3603
198748434809,337,3446,2784,1643,7309,3603
198748445945,27,3156,50,964,7309,3604
198748458127,276,2808,52,963,7310,3604
198748468309,199,3307,520,32737,7311,3604
198748478949,27,2858,80,3819,7311,3605
198748490185,204,3431,116,8580,7312,3605
198748501205,281,3287,155,14364,7313,3605
198748512241,23,3161,58,2356,7313,3606
198748523379,240,3000,99,8010,7314,3606
198748534984,160,2876,174,15314,7315,3606
198748546032,25,3004,64,2372,7315,3607
198748557009,230,3367,68,2746,7316,3607
198748567864,485,2916,94,7738,7317,3607
198748578903,20,2746,48,2100,7317,3608
198748590438,123,4053,185,15444,7318,3608
198748601526,111,2856,94,7807,7319,3608
198748612606,21,2870,50,2194,7319,3609
198748623738,415,3223,51,2524,7320,3609
198748634776,121,2913,217,14588,7321,3609
198748646168,32,3304,166,2524,7321,3610
198748656919,228,3278,104,8214,7322,3610
198748667939,173,3028,155,13307,7323,3610
198748679063,37,3718,58,2416,7323,3611
198748690071,185,3357,164,6781,7324,3611
198748701208,145,3279,417,43957,7325,3611
198748712239,22,2819,78,5572,7325,3612
198748723423,125,2844,98,7537,7326,3612
198748734419,131,3068,69,4530,7327,3612
198748745798,23,3155,39,1034,7327,3613
198748756801,182,4152,41,996,7328,3613
198748767931,129,3781,455,35434,7329,3613
198748779113,21,2851,70,4019,7329,3614
198748790120,204,4262,161,15321,7330,3614
198748801129,117,3551,60,2742,7331,3614
198748812375,23,3750,56,2145,7331,3615
198748823638,204,3318,96,7359,7332,3615
198748834586,142,3398,167,15319,7333,3615
198748845668,21,2536,48,2220,7333,3616
198748856882,350,2876,104,7997,7334,3616
198748867878,123,3347,61,2559,7335,3616
198748879204,23,2911,52,2211,7335,3617
198748890188,138,2953,152,14578,7336,3617
198748901252,183,2855,104,8063,7337,3617
198748912308,20,2611,52,2254,7337,3618
198748923381,226,3355,135,12430,7338,3618
198748934731,194,3605,105,8110,7339,3618
198748945834,22,2980,48,2104,7339,3619
198748956917,379,3360,166,15267,7340,3619
198748967926,388,3799,112,8093,7341,3619
198748978926,43,3426,93,2188,7341,3620
198748989981,258,4251,61,2495,7342,3620
198749001598,147,3143,215,14535,7343,3620
198749012249,26,3092,55,1842,7343,3621
198749023583,289,3324,55,2129,7344,3621
198749034661,360,3169,344,33146,7345,3621
198749045705,27,3170,101,3829,7345,3622
198749057025,145,4393,65,2483,7346,3622
198749068043,304,3032,110,7494,7347,3622
198749079089,31,3703,62,2223,7347,3623
198749090118,155,3208,173,14645,7348,3623
198749101178,128,3074,100,7735,7349,3623
198749112292,21,3069,47,2166,7349,3624
198749123323,188,3362,52,2499,7350,3624
198749134896,389,3038,159,14624,7351,3624
198749145912,23,2707,48,2378,7351,3625
198749157043,360,2935,102,8157,7352,3625
198749168137,193,3323,168,15182,7353,3625
198749179237,25,2926,57,2342,7353,3626
198749190281,210,3796,130,8965,7354,3626
198749201415,285,3352,165,15472,7355,3626
198749212562,28,2836,64,2352,7355,3627
198749223608,332,3203,114,8068,7356,3627
198749234741,410,3052,303,2358,7357,3627
198749245827,25,3005,51,2033,7357,3628
198749256862,132,3051,181,14733,7358,3628
198749268199,247,2898,104,8338,7359,3628
198749279261,24,2878,52,2163,7359,3629
198749290348,179,2987,86,6408,7360,3629
198749301359,330,3781,47,1190,7361,3629
198749312585,23,2813,35,1094,7361,3630
198749323593,215,3389,394,35236,7362,3630
198749335071,371,2976,185,17674,7363,3630
198749345665,19,3228,60,2704,7363,3631
198749356646,1185,3362,97,8016,7364,3631
198749367858,184,3347,53,2564,7365,3631
198749379068,27,3133,60,2220,7365,3632
198749390205,202,3218,172,14750,7366,3632
198749401050,241,4822,109,7997,7367,3632
198749412356,25,2849,54,2003,7367,3633
198749423446,131,3089,195,14966,7368,3633
198749434500,1035,3808,119,8264,7369,3633
198749445673,27,3115,58,2047,7369,3634
198749456794,158,3837,173,15668,7370,3634
198749467867,142,3169,103,7980,7371,3634
198749478906,23,3012,56,2174,7371,3635
198749490016,241,3077,66,2530,7372,3635
198749501166,136,2888,189,14872,7373,3635
198749512148,52,3212,58,2341,7373,3636
198749523296,201,3129,135,8272,7374,3636
198749534755,366,6138,88,4300,7375,3636
198749545662,28,3190,45,1105,7375,3637
198749556690,218,3305,55,1036,7376,3637
198749567810,152,3181,364,35403,7377,3637
198749578882,24,2864,85,4220,7377,3638
198749590043,234,3779,288,16036,7378,3638
198749601085,192,4084,125,8046,7379,3638
198749612912,28,3243,63,2314,7379,3639
198749623518,266,3800,62,2639,7380,3639
198749634557,244,3801,161,14895,7381,3639
198749645692,26,3030,62,2359,7381,3640
198749656802,218,3390,110,8184,7382,3640
198749667815,292,3082,181,15276,7383,3640
198749679097,28,3550,61,2358,7383,3641
198749690160,141,4573,93,3210,7384,3641
198749701112,206,3453,58,2410,7385,3641
198749712205,25,3656,52,2130,7385,3642
198749723743,262,4215,117,7819,7386,3642
198749735498,372,3528,59,2393,7387,3642
198749745821,24,3233,60,2089,7387,3643
198749756914,155,3212,163,14621,7388,3643
198749768053,207,3532,119,8273,7389,3643
198749779150,26,3021,54,2134,7389,3644
198749790223,177,3244,169,15201,7390,3644
198749801319,140,3408,66,2937,7391,3644
198749812462,26,3602,57,2292,7391,3645
198749823466,205,3541,106,7896,7392,3645
198749834562,156,3234,234,15876,7393,3645
198749845580,25,3062,62,2660,7393,3646
198749856704,145,3290,102,7695,7394,3646
198749867980,302,3525,82,4662,7395,3646
198749879065,25,3291,46,1110,7395,3647
198749890127,215,3344,354,35726,7396,3647
198749901340,403,2937,130,10006,7397,3647
198749912276,24,3094,68,2574,7397,3648
198749923342,318,3689,175,14074,7398,3648
198749934548,231,3187,78,3517,7399,3648
198749945592,22,2944,56,2187,7399,3649
198749956748,408,3026,102,7650,7400,3649
198749967840,361,3107,74,2549,7401,3649
198749978856,32,2908,58,2107,7401,3650
198749990475,2213,3524,64,2386,7402,3650
198750001575,152,3041,234,14604,7403,3650
198750012870,28,4223,59,2393,7403,3651
198750023668,202,3966,114,8436,7404,3651
198750034625,190,3904,159,14596,7405,3651
198750045735,29,3432,61,2283,7405,3652
198750056803,286,3500,66,2578,7406,3652
198750067839,339,3421,112,7514,7407,3652
198750078964,30,3104,55,2119,7407,3653
198750089946,151,3774,170,15463,7408,3653
198750101281,251,3943,103,7808,7409,3653
198750112572,25,3117,47,2275,7409,3654
198750123545,3109,2953,81,2605,7410,3654
198750134588,324,3569,54,2782,7411,3654
198750145682,21,3000,49,2260,7411,3655
198750156763,218,3140,81,6232,7412,3655
198750167770,178,3739,53,1232,7413,3655
198750179272,28,3257,40,1121,7413,3656
198750190320,354,3338,36,1108,7414,3656
198750201382,216,3507,404,35280,7415,3656
198750212425,21,3092,65,4125,7415,3657
198750223428,293,4326,167,16049,7416,3657
198750234544,126,3688,94,7416,7417,3657
198750245573,19,3317,48,2179,7417,3658
198750257043,329,3040,155,14739,7418,3658
198750268106,307,3022,102,8212,7419,3658
198750279158,26,3024,75,2094,7419,3659
198750290191,265,3662,164,15180,7420,3659
198750301201,440,3048,59,2739,7421,3659
198750312285,24,3355,51,2230,7421,3660
198750323752,300,2900,96,7539,7422,3660
198750334890,137,2684,186,15565,7423,3660
198750345817,29,2604,61,2459,7423,3661
198750356864,177,2649,112,8095,7424,3661
198750367945,197,2650,67,2447,7425,3661
198750378968,24,2565,52,2106,7425,3662
198750389965,142,2679,155,14814,7426,3662
198750440246,341,2807,171,8380,7427,3662
198750454692,203,2749,164,4367,7428,3662
198750465829,165,4054,495,32971,7429,3662
198750476911,23,3321,87,3960,7429,3663
198750488120,161,4078,153,8869,7430,3663
198750499260,148,4018,253,14546,7431,3663
198750510443,34,2765,84,2429,7431,3664
198750521615,367,3645,114,8074,7432,3664
198750532459,387,3102,167,15344,7433,3664
198750543520,21,2996,49,2392,7433,3665
198750554551,136,3068,53,2735,7434,3665
198750566144,363,3617,99,7542,7435,3665
198750577143,21,3258,53,2164,7435,3666
198750588187,309,3002,177,15396,7436,3666
198750599273,146,3147,109,7909,7437,3666
198750610225,19,2784,42,2156,7437,3667
198750621292,139,3867,56,2453,7438,3667
198750632837,379,3084,155,14739,7439,3667
198750643623,26,2799,50,2486,7439,3668
198750654645,298,3245,52,2802,7440,3668
198750665711,560,3005,65,2592,7441,3668
198750677221,30,2998,52,2232,7441,3669
198750688284,138,3139,102,7995,7442,3669
198750699334,376,3024,167,15603,7443,3669
198750710356,22,2789,48,2336,7443,3670
198750721370,143,4051,54,1495,7444,3670
198750732392,191,3373,36,920,7445,3670
198750743807,349,3086,37,920,7445,3671
198750754618,394,3036,394,35312,7446,3671
198750765809,431,2868,118,9695,7447,3671
198750776864,68,2733,51,2551,7447,3672
198750788422,246,2886,147,13793,7448,3672
198750799412,241,2993,57,2672,7449,3672
198750810438,19,3166,45,2172,7449,3673
198750821256,447,2930,111,7692,7450,3673
198750832714,367,3274,168,14702,7451,3673
198750843696,26,2695,65,2309,7451,3674
198750854711,178,2856,101,8071,7452,3674
198750866153,424,3046,57,2403,7453,3674
198750877324,30,2949,59,2064,7453,3675
198750888298,359,3180,196,14628,7454,3675
198750899333,169,2954,141,8008,7455,3675
198750910456,28,2785,54,2349,7455,3676
198750921481,291,2952,180,15400,7456,3676
198750932484,196,2768,137,8335,7457,3676
198750943769,22,3252,47,2155,7457,3677
198750955088,325,3689,170,15613,7458,3677
198750965819,118,2956,101,7959,7459,3677
198750977093,21,2888,43,2245,7459,3678
198750988347,130,3028,61,2596,7460,3678
198750999248,565,2802,163,14966,7461,3678
198751010158,20,2806,48,2568,7461,3679
198751021723,221,3101,88,1884,7462,3679
198751032683,246,3012,33,1040,7463,3679
198751043731,19,2899,31,1033,7463,3680
198751054769,271,2902,330,34012,7464,3680
198751066199,274,3603,130,9492,7465,3680
198751076803,131,2933,80,2640,7465,3681
198751088029,265,3292,190,15107,7466,3681
198751099301,348,3016,107,7741,7467,3681
198751110443,28,2885,57,2304,7467,3682
198751121496,180,3423,67,2717,7468,3682
198751132802,500,3316,165,14639,7469,3682
198751143610,22,3051,57,2592,7469,3683
198751154670,325,3667,105,8582,7470,3683
198751166091,309,4541,180,15513,7471,3683
198751176760,25,2725,57,2440,7471,3684
198751188280,176,3326,116,9058,7472,3684
198751199190,438,3319,169,15617,7473,3684
198751210442,20,3066,51,2484,7473,3685
198751221707,283,3800,108,8115,7474,3685
198751232681,290,3060,76,4805,7475,3685
198751243875,27,2856,38,1145,7475,3686
198751255004,342,3314,458,35821,7476,3686
198751265862,318,3090,128,10048,7477,3686
198751276782,23,3206,50,2437,7477,3687
198751288039,236,2867,153,14131,7478,3687
198751299251,129,3197,55,2678,7479,3687
198751310351,18,2764,47,2143,7479,3688
198751321500,555,3794,102,7530,7480,3688
198751332870,251,3000,256,14827,7481,3688
198751343523,25,3490,55,2474,7481,3689
198751354759,151,2641,106,8246,7482,3689
198751365911,538,3231,54,2226,7483,3689
198751376973,21,3179,94,2018,7483,3690
198751388169,362,2985,242,14767,7484,3690
198751399075,139,3220,56,2686,7485,3690
198751410563,21,2653,47,2221,7485,3691
198751421368,168,3098,68,2381,7486,3691
198751432543,297,3437,48,1600,7487,3691
198751443576,24,3724,37,959,7487,3692
198751454798,177,2885,35,959,7488,3692
198751466102,438,3226,328,32769,7489,3692
198751476856,27,3180,67,3874,7489,3693
198751487945,241,3143,140,8263,7490,3693
198751499013,213,3582,183,13711,7491,3693
198751510440,25,3389,46,2219,7491,3694
198751521337,330,3125,134,8069,7492,3694
198751532508,271,3152,179,15110,7493,3694
198751543538,31,3639,61,2346,7493,3695
198751554533,427,3415,55,2629,7494,3695
198751565917,124,3404,103,7707,7495,3695
198751577008,47,2946,49,2063,7495,3696
198751588036,337,3188,171,15259,7496,3696
198751599117,143,3248,102,7855,7497,3696
198751610169,20,3118,46,2182,7497,3697
198751621847,395,3027,50,2329,7498,3697
198751632721,307,2935,158,14918,7499,3697
198751643766,19,2857,48,2484,7499,3698
198751654877,147,3036,106,8515,7500,3698
198751665870,212,5282,166,13457,7501,3698
198751676935,28,3205,56,2485,7501,3699
198751687887,230,3575,104,8108,7502,3699
198751699097,463,3620,177,15646,7503,3699
198751710599,22,2861,55,2369,7503,3700
198751721684,142,3672,100,7808,7504,3700
198751732735,303,3006,81,4682,7505,3700
198751743739,21,3341,57,1111,7505,3701
198751754953,369,3135,32,1074,7506,3701
198751765971,270,3834,345,35406,7507,3701
198751776978,19,3046,65,4057,7507,3702
198751788002,157,3482,176,15435,7508,3702
198751799076,128,2718,58,2710,7509,3702
198751810151,36,2592,64,2148,7509,3703
198751824759,473,2808,149,7395,7510,3703
198751832756,176,2695,261,15223,7511,3703
198751843452,32,3522,63,2210,7511,3704
198751854986,166,3831,1885,7870,7512,3704
198751866099,126,4015,75,2601,7513,3704
198751877238,21,3985,61,2172,7513,3705
198751888394,259,3119,381,14496,7514,3705
198751899043,289,3289,132,8239,7515,3705
198751910341,26,3168,56,2257,7515,3706
198751921451,172,2630,146,12520,7516,3706
198751932514,406,3136,119,8142,7517,3706
198751943505,22,2846,607,2171,7517,3707
198751955061,204,3889,171,15308,7518,3707
198751966226,150,3533,98,7861,7519,3707
198751977283,26,3222,49,1761,7519,3708
198751988318,161,4127,87,5246,7520,3708
198752002139,356,3679,41,1088,7521,3708
198752010426,19,3169,70,1059,7521,3709
198752021454,240,3349,357,35654,7522,3709
198752032478,132,2965,180,17006,7523,3709
198752043751,24,3626,148,2883,7523,3710
198752054983,180,2908,54,2786,7524,3710
198752066042,181,3804,100,7729,7525,3710
198752077295,20,2821,44,2119,7525,3711
198752088276,123,2773,169,15379,7526,3711
198752099363,224,2849,99,7884,7527,3711
198752110387,21,3312,53,2102,7527,3712
198752121437,137,2634,53,2439,7528,3712
198752132427,168,2676,179,14795,7529,3712
198752143500,35,2635,60,2222,7529,3713
198752155063,183,2644,115,7932,7530,3713
198752166113,162,2767,203,15255,7531,3713
198752177186,31,2643,56,2591,7531,3714
198752197383,312,2958,177,8931,7532,3714
198752211819,158,2726,68,2247,7533,3714
198752223397,172,2815,258,15734,7534,3714
198752234516,163,2661,146,7315,7535,3714
198752245609,32,2823,74,2171,7535,3715
198752256747,204,4101,253,14812,7536,3715
198752267496,165,3801,159,8271,7537,3715
198752278671,26,3590,64,2156,7537,3716
198752289764,285,2829,207,15153,7538,3716
198752300932,166,3651,65,2879,7539,3716
198752312100,39,3120,69,2316,7539,3717
198752323130,353,3210,113,7635,7540,3717
198752334163,191,2991,181,15714,7541,3717
198752345235,31,3005,68,2595,7541,3718
198752356346,181,2793,121,8323,7542,3718
198752367789,199,2947,61,2364,7543,3718
198752378892,31,2768,59,2089,7543,3719
198752389951,182,3119,210,14969,7544,3719
198752400946,260,3211,112,8493,7545,3719
198752411979,25,3866,61,2174,7545,3720
198752423105,148,5488,146,12872,7546,3720
198752434134,397,3441,119,8277,7547,3720
198752445882,32,2876,87,2266,7547,3721
198752456456,474,5932,180,15166,7548,3721
198752467583,177,3465,52,1393,7549,3721
198752478540,23,3090,48,976,7549,3722
198752490109,229,3223,37,976,7550,3722
198752501177,200,3479,341,35656,7551,3722
198752512541,34,3311,80,4051,7551,3723
198752523037,257,3487,113,8187,7552,3723
198752534162,170,3373,168,13976,7553,3723
198752545241,26,2736,61,2375,7553,3724
198752556278,181,3503,65,2549,7554,3724
198752567848,333,2766,117,7511,7555,3724
198752578894,33,3520,59,2073,7555,3725
198752590085,261,3243,168,14576,7556,3725
198752601000,284,2996,97,7720,7557,3725
198752612068,25,3329,58,2133,7557,3726
198752623120,184,3445,53,2418,7558,3726
198752634498,184,3485,167,14674,7559,3726
198752645523,23,2962,47,2187,7559,3727
198752656554,138,3417,110,7790,7560,3727
198752667684,1200,3373,175,15179,7561,3727
198752678506,24,2848,63,2498,7561,3728
198752690053,144,3214,109,9060,7562,3728
198752701118,196,3307,168,15652,7563,3728
198752712286,21,3100,64,2397,7563,3729
198752723207,138,4166,100,7849,7564,3729
198752734213,158,3210,59,2351,7565,3729
198752745269,30,3390,62,2039,7565,3730
198752756319,218,3481,166,14619,7566,3730
198752767868,178,3331,101,7166,7567,3730
198752779022,39,3065,48,1086,7567,3731
198752789900,326,3247,163,14094,7568,3731
198752800917,217,2935,52,1686,7569,3731
198752811960,24,3524,40,1074,7569,3732
198752823031,174,3130,33,1074,7570,3732
198752834070,153,3404,321,32959,7571,3732
198752845135,23,2838,68,3902,7571,3733
198752856741,415,3456,121,8536,7572,3733
198752868062,196,3518,62,2447,7573,3733
198752879089,244,3170,57,2123,7573,3734
198752889957,331,3384,155,14237,7574,3734
198752901014,174,3012,114,8099,7575,3734
198752912022,23,3720,92,2105,7575,3735
198752923180,186,3404,167,15141,7576,3735
198752934171,130,3205,69,3901,7577,3735
198752945251,23,3030,49,2247,7577,3736
198752956288,165,2844,59,2328,7578,3736
198752967701,192,3599,108,7777,7579,3736
198752978715,24,2634,52,2092,7579,3737
198752989790,300,3190,55,2415,7580,3737
198753000792,311,3633,233,14642,7581,3737
198753012331,20,2811,59,2439,7581,3738
198753023355,593,3452,121,8364,7582,3738
198753034530,174,3150,220,15442,7583,3738
198753045791,22,2912,51,2568,7583,3739
198753056602,308,2773,63,2894,7584,3739
198753067663,152,3086,100,7963,7585,3739
198753078736,21,3399,81,2202,7585,3740
198753089730,229,3408,162,15706,7586,3740
198753100770,163,3405,124,7881,7587,3740
198753111986,24,2820,47,2248,7587,3741
198753123065,345,3281,74,4702,7588,3741
198753134341,259,3754,38,1067,7589,3741
198753145539,19,3099,35,1021,7589,3742
198753156695,306,3699,475,35624,7590,3742
198753167685,183,3229,180,16936,7591,3742
198753178771,24,3347,61,2804,7591,3743
198753189790,396,3827,53,3162,7592,3743
198753201029,338,3857,107,7547,7593,3743
198753211966,23,3159,52,2087,7593,3744
198753223053,199,3561,164,15257,7594,3744
198753234078,251,3414,98,7393,7595,3744
198753245648,21,2897,56,2133,7595,3745
198753256326,296,3426,164,14849,7596,3745
198753268877,269,3611,106,8170,7597,3745
198753278899,20,3041,52,2063,7597,3746
198753290002,135,3272,208,15110,7598,3746
198753300980,426,4115,59,2798,7599,3746
198753312160,22,3156,53,2301,7599,3747
198753323056,147,3282,96,7598,7600,3747
198753334074,142,2666,177,15580,7601,3747
198753345648,24,3004,55,2386,7601,3748
198753356648,211,3052,97,8022,7602,3748
198753367688,274,3291,51,2417,7603,3748
198753378660,21,2936,47,2130,7603,3749
198753389689,124,3824,154,14861,7604,3749
198753400728,4244,3190,62,2816,7605,3749
198753412040,20,3003,58,2275,7605,3750
198753423067,260,3476,61,1882,7606,3750
198753434122,365,3059,38,980,7607,3750
198753445556,45,2740,43,968,7607,3751
198753456512,166,3537,363,35262,7608,3751
198753467772,245,3323,183,17479,7609,3751
198753478691,20,3527,61,2774,7609,3752
198753489717,136,3230,162,8033,7610,3752
198753500739,126,3554,155,14341,7611,3752
198753512266,24,3000,56,2424,7611,3753
198753523292,477,4515,104,8219,7612,3753
198753534433,127,3153,161,15160,7613,3753
198753545475,19,3612,57,2599,7613,3754
198753556576,152,3309,54,2863,7614,3754
198753567649,393,3965,98,7795,7615,3754
198753578633,19,2900,70,2294,7615,3755
198753589725,318,3191,163,15611,7616,3755
198753601193,142,2942,110,8069,7617,3755
198753612215,20,2572,49,2252,7617,3756
198753623456,193,3440,57,2540,7618,3756
198753634281,126,2946,160,15051,7619,3756
198753645326,20,3078,53,2378,7619,3757
198753656634,410,3758,104,8346,7620,3757
198753667698,518,3326,159,13386,7621,3757
198753678745,25,3315,55,2374,7621,3758
198753689759,341,3173,99,8247,7622,3758
198753700823,126,3091,167,15480,7623,3758
198753711855,21,2603,51,1830,7623,3759
198753723425,268,3204,59,2017,7624,3759
198753734503,325,3013,49,1043,7625,3759
198753745488,33,3142,50,1039,7625,3760
198753756602,446,3048,44,1038,7626,3760
198753777771,308,2830,55,1039,7627,3760
198753792736,200,4525,610,33428,7628,3760
198753803364,443,3113,99,3973,7629,3760
198753814457,199,3223,1653,7855,7630,3760
198753825622,66,2841,97,2239,7630,3761
198753836731,298,3386,252,14834,7631,3761
198753847840,190,3101,214,7804,7632,3761
198753858984,26,3031,53,2247,7632,3762
198753870080,207,3586,62,2574,7633,3762
198753881381,344,3100,172,14669,7634,3762
198753892437,25,3018,54,2292,7634,3763
198753903336,270,3385,115,8117,7635,3763
198753914380,229,3205,162,13199,7636,3763
198753925702,36,2848,52,2281,7636,3764
198753936915,143,3057,112,8247,7637,3764
198753947941,161,3285,177,15563,7638,3764
198753958955,23,2984,52,2514,7638,3765
198753970194,866,3673,111,7935,7639,3765
198753981132,188,3247,85,4726,7640,3765
198753992186,719,3041,37,1110,7640,3766
198754003240,142,3549,46,1072,7641,3766
198754014798,146,4199,374,35662,7642,3766
198754025845,33,3056,76,4057,7642,3767
198754036570,163,3597,168,15423,7643,3767
198754047746,136,3333,73,2755,7644,3767
198754058828,24,3126,48,2215,7644,3768
198754069904,303,2861,115,7558,7645,3768
198754081501,229,3707,180,15429,7646,3768
198754092547,28,2792,63,2354,7646,3769
198754103588,245,3443,114,8011,7647,3769
198754114617,178,3222,131,2423,7648,3769
198754125469,27,2983,56,2145,7648,3770
198754136671,299,3156,290,14817,7649,3770
198754148142,186,3296,142,8442,7650,3770
198754159125,22,2978,47,2223,7650,3771
198754170267,213,3181,183,15282,7651,3771
198754181298,206,3200,113,8534,7652,3771
198754192391,23,2974,49,2157,7652,3772
198754203401,243,3199,185,15667,7653,3772
198754214461,148,3615,152,8078,7654,3772
198754225863,64,3284,64,2144,7654,3773
198754236605,215,3314,58,2454,7655,3773
198754247639,392,3381,274,14422,7656,3773
198754259187,30,3009,50,2046,7656,3774
198754269891,157,4038,113,8110,7657,3774
198754281481,142,3348,95,4137,7658,3774
198754292484,24,3305,62,1065,7658,3775
198754303582,196,3733,525,34209,7659,3775
198754314907,160,3544,118,9535,7660,3775
198754325549,23,3037,59,2544,7660,3776
198754336597,550,4015,167,15040,7661,3776
198754348250,295,3560,111,7781,7662,3776
198754359226,26,3197,48,2273,7662,3777
198754370319,641,3572,68,2610,7663,3777
198754381525,254,3333,164,14808,7664,3777
198754392567,30,3536,64,2555,7664,3778
198754403660,177,3109,112,8593,7665,3778
198754414690,235,3437,177,15570,7666,3778
198754425681,31,2618,58,2362,7666,3779
198754436738,2129,3025,67,3407,7667,3779
198754447853,191,3481,73,2403,7668,3779
198754458935,24,2839,49,2233,7668,3780
198754469954,179,3235,110,8081,7669,3780
198754481028,199,2750,52,2280,7670,3780
198754492568,22,2856,47,2093,7670,3781
198754503603,302,3114,159,14651,7671,3781
198754514627,120,3500,104,8080,7672,3781
198754525752,19,2864,43,1608,7672,3782
198754536822,124,3024,245,24763,7673,3782
198754547867,251,3803,58,2317,7674,3782
198754558969,21,3062,44,1691,7674,3783
198754569932,1729,3983,52,1968,7675,3783
198754580961,20,3514,34,942,7675,3784
198754592365,235,3494,37,940,7676,3784
198754603410,285,3513,353,35619,7677,3784
198754614418,290,2990,80,4214,7678,3784
198754625829,27,3056,57,2432,7678,3785
198754636892,165,3672,199,14722,7679,3785
198754647925,157,2635,109,8011,7680,3785
198754659094,24,2527,50,2319,7680,3786
198754670316,181,2694,219,15252,7681,3786
198754681215,208,2618,59,3228,7682,3786
198754705479,261,2794,53,1547,7683,3786
198754719814,147,2732,511,32697,7684,3786
198754730943,237,3854,194,9963,7685,3786
198754742047,27,3308,96,2409,7685,3787
198754753165,153,4212,230,14408,7686,3787
198754764316,131,3772,140,7892,7687,3787
198754775508,21,3565,58,2100,7687,3788
198754786646,179,3444,170,15019,7688,3788
198754797638,148,3609,58,2529,7689,3788
198754808730,20,2835,48,2189,7689,3789
198754819792,166,3649,97,7601,7690,3789
198754831305,372,3267,167,15450,7691,3789
198754842486,19,3175,50,2537,7691,3790
198754853386,349,2929,102,8151,7692,3790
198754864479,135,3591,52,2407,7693,3790
198754875476,20,2896,48,2066,7693,3791
198754886495,538,3034,162,14791,7694,3791
198754897571,3276,2837,59,2698,7695,3791
198754909046,21,3033,53,2125,7695,3792
198754920045,181,3097,58,2266,7696,3792
198754931211,399,3090,94,6344,7697,3792
198754942370,23,2991,40,1221,7697,3793
198754953105,169,3564,72,4282,7698,3793
198754964673,432,3012,318,33046,7699,3793
198754975636,20,2991,64,3827,7699,3794
198754986670,144,2974,104,8256,7700,3794
198754998079,209,3696,150,13787,7701,3794
198755008915,26,3605,72,2230,7701,3795
198755019927,271,3582,166,7879,7702,3795
198755030951,1653,3257,165,14978,7703,3795
198755042156,21,3111,51,2374,7703,3796
198755053429,293,3709,56,2721,7704,3796
198755064454,119,2700,93,7330,7705,3796
198755075482,22,3875,65,2196,7705,3797
198755086478,494,3774,161,15074,7706,3797
198755097523,296,3459,99,7677,7707,3797
198755108808,22,2997,48,1660,7707,3798
198755119836,434,3234,219,22182,7708,3798
198755131320,421,3894,158,14528,7709,3798
198755141965,19,2713,60,2111,7709,3799
198755153667,437,4184,304,18275,7710,3799
198755164663,326,2819,150,13359,7711,3799
198755175324,25,2910,47,2162,7711,3800
198755186549,325,3589,166,8186,7712,3800
198755197669,141,4112,164,14980,7713,3800
198755208615,19,2771,38,1378,7713,3801
198755220296,1069,3583,341,37993,7714,3801
198755231515,372,4453,92,4826,7715,3801
198755242105,32,2876,44,1050,7715,3802
198755253294,256,3748,43,1018,7716,3802
198755264370,271,3817,366,35603,7717,3802
198755275252,20,3524,92,4031,7717,3803
198755286785,122,3102,184,15364,7718,3803
198755297600,146,3009,56,2809,7719,3803
198755308648,20,3227,44,2194,7719,3804
198755320258,313,3422,107,7579,7720,3804
198755330957,118,3786,167,15318,7721,3804
198755341971,22,3664,42,2271,7721,3805
198755353532,127,2726,117,7972,7722,3805
198755364551,444,3186,53,2624,7723,3805
198755375579,23,2755,46,2178,7723,3806
198755386612,187,3520,156,14598,7724,3806
198755397611,451,3281,106,8419,7725,3806
198755408630,26,2926,104,2182,7725,3807
198755420349,325,3538,172,15193,7726,3807
198755431213,369,3321,124,8637,7727,3807
198755442294,37,3111,113,2186,7727,3808
198755453612,236,3624,179,15569,7728,3808
198755464785,139,3568,113,8119,7729,3808
198755475312,31,2854,60,2141,7729,3809
198755486813,220,2839,120,4684,7730,3809
198755497941,188,5091,2315,35583,7731,3809
198755509094,27,4367,95,4066,7731,3810
198755520155,307,3262,277,6953,7732,3810
198755531276,304,3808,100,4118,7733,3810
198755542369,22,2814,43,1080,7733,3811
198755553473,180,3180,55,1013,7734,3811
198755564573,157,3538,350,35259,7735,3811
198755575643,25,2798,73,4223,7735,3812
198755586679,262,3037,316,16087,7736,3812
198755597766,299,3684,112,7942,7737,3812
198755608888,33,3097,62,2198,7737,3813
198755619944,184,3465,73,2551,7738,3813
198755631063,343,2876,165,14730,7739,3813
198755642156,29,3792,107,2530,7739,3814
198755653142,314,2979,115,1880,7740,3814
198755664308,258,5244,536,33189,7741,3814
198755675473,34,4317,100,3882,7741,3815
198755686572,158,4035,157,8938,7742,3815
198755697640,213,4289,253,15415,7743,3815
198755708745,20,3777,71,2427,7743,3816
198755719906,162,3927,144,7936,7744,3816
198755730997,23,2825,52,2271,7744,3817
198755742135,149,4126,60,2639,7745,3817
198755753157,312,3520,167,14799,7746,3817
198755764297,154,3124,112,8248,7747,3817
198755775390,25,2875,52,2240,7747,3818
198755786662,142,3100,166,15086,7748,3818
198755797729,154,3432,60,2588,7749,3818
198755808729,24,3118,47,2016,7749,3819
198755819717,205,3423,50,1598,7750,3819
198755831267,248,3488,42,975,7751,3819
198755842333,34,2950,37,972,7751,3820
198755853602,142,3564,376,35084,7752,3820
198755864630,150,3613,70,4361,7753,3820
198755875644,25,3209,60,2408,7753,3821
198755886733,410,3072,162,14671,7754,3821
198755897637,352,3439,152,7830,7755,3821
198755908825,32,2966,60,2117,7755,3822
198755919987,170,3498,180,15116,7756,3822
198755931607,178,3225,81,3458,7757,3822
198755942413,26,2831,73,2250,7757,3823
198755953437,190,3052,105,7673,7758,3823
198755964528,175,3350,58,2532,7759,3823
198755975496,28,3169,53,2134,7759,3824
198755986493,362,3208,57,2431,7760,3824
198755997796,207,3521,166,14633,7761,3824
198756009032,29,3138,57,2553,7761,3825
198756020145,135,2980,113,8431,7762,3825
198756031203,252,3010,168,15512,7763,3825
198756042175,24,2898,81,2366,7763,3826
198756053202,139,4190,70,2659,7764,3826
198756064414,176,3236,101,7346,7765,3826
198756075371,23,2852,49,2143,7765,3827
198756086457,238,3418,170,15440,7766,3827
198756097926,192,3312,112,7797,7767,3827
198756108976,27,3191,53,2178,7767,3828
198756120028,134,3367,83,4677,7768,3828
198756131112,264,3731,478,1059,7769,3828
198756142076,23,2873,36,1005,7769,3829
198756153088,134,3263,38,1001,7770,3829
198756164131,21,3270,53,1001,7770,3830
198756175672,186,3686,351,33261,7771,3830
198756186867,192,3606,69,4555,7772,3830
198756197863,305,3233,104,7752,7773,3830
198756208925,26,3432,53,2343,7773,3831
198756219942,362,3158,161,14749,7774,3831
198756230955,124,3359,105,7038,7775,3831
198756242024,20,3043,59,2260,7775,3832
198756253089,375,2937,152,14446,7776,3832
198756264192,144,3154,108,8493,7777,3832
198756275758,20,3117,63,2171,7777,3833
198756286850,652,2895,161,15074,7778,3833
198756297799,128,3307,54,2596,7779,3833
198756308877,23,2854,43,2184,7779,3834
198756319891,526,2785,97,7459,7780,3834
198756330910,133,3188,173,15441,7781,3834
198756341950,19,2808,49,2596,7781,3835
198756353470,249,2839,103,8339,7782,3835
198756364369,462,3375,49,2267,7783,3835
198756375393,22,2685,45,2049,7783,3836
198756386905,294,3055,158,14877,7784,3836
198756397897,471,3090,67,2634,7785,3836
198756408878,30,2969,48,2192,7785,3837
198756419926,215,3016,59,1998,7786,3837
198756431132,167,2844,177,16685,7787,3837
198756442029,25,2582,46,1857,7787,3838
198756453073,300,2969,68,4521,7788,3838
198756464618,250,3162,38,1067,7789,3838
198756475588,20,2650,34,1008,7789,3839
198756486529,184,3368,45,1006,7790,3839
198756497626,21,3224,34,1006,7790,3840
198756509079,481,3421,32,1006,7791,3840
198756520107,381,3584,361,35438,7792,3840
198756531283,361,3207,179,17076,7793,3840
198756542381,30,2938,72,2788,7793,3841
198756553065,468,4164,68,2683,7794,3841
198756564663,355,3089,127,7491,7795,3841
198756575689,21,3244,45,2022,7795,3842
198756586854,257,3078,180,15197,7796,3842
198756597785,150,3618,106,7736,7797,3842
198756608829,19,3328,45,2118,7797,3843
198756619805,354,3087,60,2455,7798,3843
198756634501,311,3000,170,14819,7799,3843
198756641933,23,2926,53,2352,7799,3844
198756653449,126,3865,106,8228,7800,3844
198756664211,164,3388,178,15246,7801,3844
198756675726,26,3537,59,2548,7801,3845
198756686800,170,3091,113,9037,7802,3845
198756697845,129,3759,172,15771,7803,3845
198756710057,425,4200,48,2259,7803,3846
198756719891,159,3355,95,7955,7804,3846
198756730886,182,3288,60,2409,7805,3846
198756742018,34,3102,47,2037,7805,3847
198756753584,170,3681,239,23668,7806,3847
198756764582,139,3968,115,8708,7807,3847
198756775843,23,3152,54,2554,7807,3848
198756786360,131,2655,88,6191,7808,3848
198756797897,161,2638,45,1100,7809,3848
198756808934,27,2509,39,1046,7809,3849
198756819986,185,2800,349,35136,7810,3849
198756831206,158,2657,183,17591,7811,3849
198756842174,29,2524,55,2690,7811,3850
198756853217,126,2640,96,7985,7812,3850
198756864246,432,56086,104,2573,7813,3850
198756932013,182,2663,112,3894,7814,3850
198756943116,34,3501,66,2232,7814,3851
198756954204,177,4032,277,15393,7815,3851
198756965264,215,4154,148,7896,7816,3851
198756976887,25,3482,76,2042,7816,3852
198756987536,176,2853,72,2332,7817,3852
198756998649,288,4730,282,14838,7818,3852
198757010514,339,3135,73,2481,7818,3853
198757020883,242,2756,124,8254,7819,3853
198757032421,202,3220,175,14655,7820,3853
198757043138,33,2808,46,1294,7820,3854
198757054216,196,3104,84,1803,7821,3854
198757073638,206,3033,77,1015,7822,3854
198757088357,179,4474,484,32790,7823,3854
198757099936,214,5047,154,9983,7824,3854
198757110664,27,3454,73,2370,7824,3855
198757121705,174,3617,84,2390,7825,3855
198757132876,148,2825,251,14323,7826,3855
198757144040,36,2654,100,2258,7826,3856
198757155125,180,3505,144,8109,7827,3856
198757166212,206,3244,83,4507,7828,3856
198757177333,30,3004,51,1129,7828,3857
198757188382,221,3629,325,33871,7829,3857
198757199450,136,3144,116,4458,7830,3857
198757210676,25,2903,59,2444,7830,3858
198757221626,141,2952,106,8073,7831,3858
198757233365,327,3880,101,2278,7832,3858
198757244490,28,3115,49,2032,7832,3859
198757254999,282,3322,164,14187,7833,3859
198757265908,287,3091,104,8057,7834,3859
198757276937,22,2784,48,2002,7834,3860
198757288644,322,3250,163,14958,7835,3860
198757299565,117,3758,59,2794,7836,3860
198757310703,25,3161,53,2173,7836,3861
198757321804,195,3352,99,7093,7837,3861
198757332963,615,3301,83,5339,7838,3861
198757343817,26,3510,58,1146,7838,3862
198757355091,778,3234,42,1117,7839,3862
198757366315,179,3662,368,35283,7840,3862
198757377233,22,3220,71,4042,7840,3863
198757388298,178,3284,172,15169,7841,3863
198757399373,192,3156,117,8106,7842,3863
198757410438,30,2842,58,2264,7842,3864
198757421442,558,3708,99,6455,7843,3864
198757432999,227,3296,338,34242,7844,3864
198757444319,54,2859,84,4101,7844,3865
198757454795,414,4486,117,8106,7845,3865
198757466267,177,3603,60,2503,7846,3865
198757477314,25,3026,52,2116,7846,3866
198757488523,337,2960,52,2370,7847,3866
198757499485,134,3150,167,14419,7848,3866
198757510769,28,3047,59,2405,7848,3867
198757521629,183,3118,110,8312,7849,3867
198757532663,273,5117,169,15197,7850,3867
198757543710,23,3081,62,2511,7850,3868
198757554931,178,2990,57,2830,7851,3868
198757565987,184,3269,186,7525,7852,3868
198757577166,24,2963,44,2073,7852,3869
198757588186,131,2760,165,15326,7853,3869
198757599391,449,6509,106,7130,7854,3869
198757610863,23,3068,37,1102,7854,3870
198757621759,259,3615,80,4599,7855,3870
198757632646,203,3295,57,1103,7856,3870
198757643956,35,2943,58,1042,7856,3871
198757654827,580,3134,351,35622,7857,3871
198757665876,188,5136,111,6457,7858,3871
198757676939,30,3575,67,1115,7858,3872
198757688497,417,3274,324,34060,7859,3872
198757699626,121,3136,125,9409,7860,3872
198757710773,41,3236,61,2499,7860,3873
198757721511,144,3125,66,2645,7861,3873
198757732513,405,3287,55,2254,7862,3873
198757744063,23,3188,54,2043,7862,3874
198757755089,215,3378,158,14358,7863,3874
198757766128,151,3157,111,8066,7864,3874
198757777188,22,3023,50,2161,7864,3875
198757788228,134,3354,167,15055,7865,3875
198757799268,203,3411,59,2817,7866,3875
198757810387,22,2886,52,2342,7866,3876
198757821609,382,3218,109,7616,7867,3876
198757832696,166,3127,265,15582,7868,3876
198757843705,21,3050,56,2424,7868,3877
198757854733,168,3349,104,8167,7869,3877
198757865828,234,3395,59,2309,7870,3877
198757877318,26,3170,51,1871,7870,3878
198757888369,149,3704,89,5240,7871,3878
198757899326,174,3373,39,1036,7872,3878
198757910379,21,3284,40,1005,7872,3879
198757921419,180,3364,49,1002,7873,3879
198757932964,204,3427,336,34325,7874,3879
198757944057,25,3164,79,4035,7874,3880
198757955092,235,3279,100,7915,7875,3880
198757966119,158,3393,169,15014,7876,3880
198757977309,25,2831,56,2411,7876,3881
198757988173,535,3581,116,8736,7877,3881
198757999251,356,3723,166,14664,7878,3881
198758010812,24,3212,98,2473,7878,3882
198758021809,196,3265,114,8247,7879,3882
198758032833,427,3046,169,15412,7880,3882
198758043760,27,2996,63,2417,7880,3883
198758054966,140,3488,60,2755,7881,3883
198758065881,166,3444,114,7628,7882,3883
198758077298,27,2850,50,2085,7882,3884
198758088358,207,3125,206,15461,7883,3884
198758099351,172,3505,100,7722,7884,3884
198758110445,24,3177,207,2174,7884,3885
198758121461,223,3359,76,2443,7885,3885
198758133080,678,3166,188,14856,7886,3885
198758144006,23,3240,58,2406,7886,3886
198758155076,245,3412,108,8384,7887,3886
198758165970,263,3656,165,13407,7888,3886
198758177207,39,2784,57,2380,7888,3887
198758188240,1894,3186,123,7263,7889,3887
198758199514,253,3507,83,5210,7890,3887
198758210696,25,2884,38,1116,7890,3888
198758221576,796,3774,46,1064,7891,3888
198758233123,297,3579,398,35639,7892,3888
198758243810,24,3179,76,4217,7892,3889
198758254860,322,3061,229,14038,7893,3889
198758265903,133,3800,147,7895,7894,3889
198758276971,23,2885,102,2188,7894,3890
198758288517,208,3298,166,14699,7895,3890
198758299507,232,3258,57,2782,7896,3890
198758310532,24,3106,55,2165,7896,3891
198758321754,180,3270,101,7710,7897,3891
198758332611,146,3337,168,15502,7898,3891
198758343629,21,3013,57,2464,7898,3892
198758355191,187,3475,109,8151,7899,3892
198758366242,144,2907,57,2311,7900,3892
198758377340,25,3121,51,2012,7900,3893
198758388375,162,3609,164,14748,7901,3893
198758399575,155,3331,109,8208,7902,3893
198758410495,23,3053,63,2220,7902,3894
198758421438,215,3521,188,15198,7903,3894
198758432760,179,3456,109,8302,7904,3894
198758443773,23,3065,53,2284,7904,3895
198758454859,211,3533,178,15711,7905,3895
198758466407,251,4522,111,8051,7906,3895
198758476923,24,3013,49,2117,7906,3896
198758488227,183,3607,56,2402,7907,3896
198758499212,386,3791,159,14182,7908,3896
198758510805,21,3383,54,1445,7908,3897
198758521453,348,3664,66,1532,7909,3897
198758532464,220,3351,47,949,7910,3897
198758544017,38,3106,37,950,7910,3898
198758555114,148,3425,330,34137,7911,3898
198758566096,156,3316,122,9399,7912,3898
198758577180,24,2996,59,2630,7912,3899
198758588216,206,3587,172,14960,7913,3899
198758599154,816,3299,102,7615,7914,3899
198758610408,29,3162,62,2226,7914,3900
198758621564,399,3087,56,2628,7915,3900
198758632618,381,3520,1385,14514,7916,3900
198758643686,26,3100,52,2527,7916,3901
198758654785,177,3444,108,8493,7917,3901
198758666330,200,2983,178,15428,7918,3901
198758677384,30,3213,62,2341,7918,3902
198758688122,180,3278,64,3347,7919,3902
198758699208,127,3751,62,2454,7920,3902
198758710289,27,3129,47,2217,7920,3903
198758721821,168,4256,106,8172,7921,3903
198758732853,233,3151,76,2233,7922,3903
198758743882,21,3051,45,2016,7922,3904
198758755032,333,3092,161,14682,7923,3904
198758766039,329,3166,109,7960,7924,3904
198758777121,21,2911,69,2160,7924,3905
198758788177,203,3360,173,15209,7925,3905
198758799201,206,3237,58,2774,7926,3905
198758810358,32,3449,68,2275,7926,3906
198758821850,222,3469,101,6708,7927,3906
198758832903,285,2995,89,5149,7928,3906
198758843949,28,2776,40,1114,7928,3907
198758855017,176,3340,46,1049,7929,3907
198758866100,265,3270,382,35669,7930,3907
198758877232,27,3125,72,4079,7930,3908
198758888276,135,3286,198,15156,7931,3908
198758899328,222,3224,113,8284,7932,3908
198758910346,24,3216,65,2335,7932,3909
198758921392,172,3622,176,15395,7933,3909
198758933006,151,3715,98,3653,7934,3909
198758943608,25,2775,48,2244,7934,3910
198758955162,160,3153,105,7753,7935,3910
198758966223,133,3142,80,2522,7936,3910
198758977423,22,2988,50,2152,7936,3911
198758988415,164,3300,57,2432,7937,3911
198758999481,124,3275,158,14687,7938,3911
198759010520,29,3092,62,2532,7938,3912
198759021573,216,2945,112,8410,7939,3912
198759032635,268,3308,287,15499,7940,3912
198759043683,27,2946,85,2434,7940,3913
198759054729,177,4737,105,2761,7941,3913
198759066024,167,3096,107,7568,7942,3913
198759077076,25,3119,53,2267,7942,3914
198759088146,142,2948,173,15428,7943,3914
198759099432,163,3799,106,7609,7944,3914
198759110407,36,3097,55,1672,7944,3915
198759121446,261,3586,70,2194,7945,3915
198759132542,230,3299,66,3020,7946,3915
198759144061,27,2595,39,1051,7946,3916
198759155130,310,3711,48,1009,7947,3916
198759166209,377,3295,347,33455,7948,3916
198759177285,33,2769,79,3864,7948,3917
198759188411,239,3399,67,3260,7949,3917
198759199602,2096,3715,108,7463,7950,3917
198759210499,24,3162,50,2221,7950,3918
198759221562,185,3543,163,14633,7951,3918
198759232710,459,3971,106,7213,7952,3918
198759243681,22,3062,48,2081,7952,3919
198759254847,362,3512,229,14626,7953,3919
198759266004,287,3146,108,8046,7954,3919
198759277129,22,3186,51,2147,7954,3920
198759288445,203,3278,187,14940,7955,3920
198759299663,381,3241,59,2815,7956,3920
198759310444,23,3022,53,2255,7956,3921
198759321494,161,3492,99,7554,7957,3921
198759332542,131,3133,174,15525,7958,3921
198759344079,21,3337,88,2492,7958,3922
198759355113,184,4463,115,8238,7959,3922
198759365889,164,3800,118,2244,7960,3922
198759377124,23,3209,51,2026,7960,3923
198759388163,259,3366,161,14701,7961,3923
198759399270,169,2931,65,2716,7962,3923
198759410440,27,3122,54,2206,7962,3924
198759421537,238,3483,53,1965,7963,3924
198759432555,152,3401,45,985,7964,3924
198759444099,30,3092,37,972,7964,3925
198759455174,219,3367,53,973,7965,3925
198759466190,135,2893,323,33084,7966,3925
198759477222,25,2553,72,3839,7966,3926
198759488312,188,3454,109,8311,7967,3926
198759499386,192,2721,186,13764,7968,3926
198759510469,31,3265,56,2241,7968,3927
198759521869,135,3795,104,8152,7969,3927
198759532913,120,3886,167,14988,7970,3927
198759544349,20,3276,52,2212,7970,3928
198759555061,161,3522,60,2493,7971,3928
198759566365,309,4141,104,7402,7972,3928
198759577206,21,3313,53,2202,7972,3929
198759588242,472,3320,298,15459,7973,3929
198759599318,1838,4151,165,8035,7974,3929
198759610567,26,3633,46,2189,7974,3930
198759621764,143,3346,52,2463,7975,3930
198759632706,557,3568,168,14970,7976,3930
198759643750,50,3493,51,2291,7976,3931
198759654820,253,3664,111,8060,7977,3931
198759665793,286,3978,163,13423,7978,3931
198759677410,26,3083,63,2500,7978,3932
198759688503,158,3068,102,8152,7979,3932
198759699545,265,3295,255,15775,7980,3932
198759710553,23,3163,51,2380,7980,3933
198759721616,234,3343,42,1544,7981,3933
198759732898,157,4370,80,5015,7982,3933
198759743651,24,3097,35,926,7982,3934
198759754955,303,3573,83,5304,7983,3934
198759766090,315,3693,486,35452,7984,3934
198759777059,21,2860,63,3957,7984,3935
198759788131,414,3194,444,15316,7985,3935
198759799151,534,3635,67,2752,7986,3935
198759810732,24,3748,59,2165,7986,3936
198759821470,193,3525,105,7507,7987,3936
198759832511,202,3595,166,15423,7988,3936
198759844245,28,3868,57,2313,7988,3937
198759855168,149,4329,212,8028,7989,3937
198759866188,308,3652,50,2391,7990,3937
198759877309,22,2978,45,2097,7990,3938
198759888328,212,3627,215,14779,7991,3938
198759899482,398,4283,106,8285,7992,3938
198759910500,22,3126,55,2059,7992,3939
198759921588,233,3362,175,15211,7993,3939
198759932741,141,3250,111,8640,7994,3939
198759943812,103,3513,838,2143,7994,3940
198759954735,136,3268,167,15742,7995,3940
198759966291,164,3449,108,8095,7996,3940
198759977378,19,3493,53,2067,7996,3941
198759988416,168,3624,73,4609,7997,3941
198759999986,143,3623,389,35901,7998,3941
198760010446,21,2872,64,4052,7998,3942
198760021514,131,2712,110,8262,7999,3942
198760032550,436,3030,215,14032,8000,3942
198760043605,24,2516,64,2412,8000,3943
198760055199,291,2587,61,1785,8001,3943
198760066274,142,2635,41,1398,8002,3943
198760118292,413,3186,48,922,8003,3943
198760133513,306,2655,475,35897,8004,3943
198760144465,26,3268,67,4014,8004,3944
198760155661,168,2764,63,3402,8005,3944
198760166806,294,3833,79,1481,8006,3944
198760178044,37,3673,67,911,8006,3945
198760188656,196,4295,128,4674,8007,3945
198760199839,197,4074,93,4635,8008,3945
198760210912,31,3044,57,970,8008,3946
198760222003,458,3795,49,957,8009,3946
198760233553,279,3385,388,35646,8010,3946
198760244229,33,3532,114,4208,8010,3947
198760255640,196,3115,263,14049,8011,3947
198760266755,160,4438,144,7948,8012,3947
198760277843,25,2875,77,2289,8012,3948
198760289033,276,2932,224,14899,8013,3948
198760300042,159,3114,72,2440,8014,3948
198760311168,25,2815,63,2096,8014,3949
198760322327,193,3317,108,7449,8015,3949
198760333457,140,3415,166,15385,8016,3949
198760344627,23,2826,56,2554,8016,3950
198760355648,312,3104,108,8301,8017,3950
198760366670,248,2968,54,2528,8018,3950
198760377693,21,2900,53,2086,8018,3951
198760388729,145,3170,157,14924,8019,3951
198760399787,162,3622,112,8346,8020,3951
198760411294,25,3018,86,2262,8020,3952
198760422319,445,3110,190,15171,8021,3952
198760433412,333,3301,71,4026,8022,3952
198760444477,25,2968,64,2422,8022,3953
198760455477,135,3007,63,2583,8023,3953
198760466537,555,3279,103,8072,8024,3953
198760477554,23,3287,54,2262,8024,3954
198760489069,248,2790,54,2564,8025,3954
198760499910,331,3160,165,14876,8026,3954
198760510936,22,3018,53,2465,8026,3955
198760522454,134,3103,108,8370,8027,3955
198760533159,121,3011,163,15541,8028,3955
198760544222,26,3085,67,2563,8028,3956
198760555757,127,3410,56,2906,8029,3956
198760566857,137,3293,94,6897,8030,3956
198760577636,21,3189,48,1152,8030,3957
198760588668,229,3153,68,4275,8031,3957
198760600253,125,3322,350,35542,8032,3957
198760611505,26,3038,70,4012,8032,3958
198760622078,167,3260,84,2672,8033,3958
198760633129,215,3762,165,14709,8034,3958
198760644252,25,2749,55,2370,8034,3959
198760655790,392,3054,140,7898,8035,3959
198760666872,385,3109,184,15261,8036,3959
198760677845,26,3177,63,2474,8036,3960
198760688951,169,3520,59,3091,8037,3960
198760699993,131,3122,113,7527,8038,3960
198760710971,22,3021,61,2119,8038,3961
198760722207,126,3146,55,2466,8039,3961
198760733565,646,3530,49,2165,8040,3961
198760744631,22,2908,52,1984,8040,3962
198760755673,241,3106,197,14643,8041,3962
198760766651,118,3898,109,8101,8042,3962
198760777713,21,2991,47,2178,8042,3963
198760788773,295,2793,159,15186,8043,3963
198760799788,154,3395,82,2685,8044,3963
198760810917,23,3101,51,2254,8044,3964
198760822024,264,2917,99,7491,8045,3964
198760833264,451,2940,165,15430,8046,3964
198760844613,22,2866,59,2435,8046,3965
198760855643,443,4064,103,8244,8047,3965
198760866679,126,3304,70,1925,8048,3965
198760877733,26,3176,45,1464,8048,3966
198760888759,132,3392,81,5735,8049,3966
198760899788,146,3434,39,1110,8050,3966
198760911314,21,2931,44,1016,8050,3967
198760922354,215,4095,75,3804,8051,3967
198760933359,322,3577,335,31710,8052,3967
198760944637,36,3101,83,3807,8052,3968
198760955547,165,3477,102,7880,8053,3968
198760966659,301,3117,206,14996,8054,3968
198760977652,26,2938,54,2350,8054,3969
198760988687,262,3846,162,8616,8055,3969
198761000150,291,3062,158,14665,8056,3969
198761011139,25,2980,58,2392,8056,3970
198761022460,158,3525,113,8101,8057,3970
198761033441,184,3588,168,15393,8058,3970
198761044216,24,3026,62,2364,8058,3971
198761055792,283,3016,55,2745,8059,3971
198761066345,146,3170,99,7638,8060,3971
198761077866,28,3006,50,2087,8060,3972
198761088909,186,4073,203,15542,8061,3972
198761099917,118,2824,94,7851,8062,3972
198761110963,20,3072,46,2125,8062,3973
198761122020,1939,3029,55,2415,8063,3973
198761133528,302,3383,158,14735,8064,3973
198761144566,21,3325,57,2385,8064,3974
198761155625,133,3278,174,8297,8065,3974
198761166801,347,3032,165,14083,8066,3974
198761177795,22,3336,57,2385,8066,3975
198761188834,135,3455,123,7193,8067,3975
198761199895,148,2909,76,5151,8068,3975
198761210884,25,3158,41,1116,8068,3976
198761222428,130,3393,43,1045,8069,3976
198761233151,219,3146,36,1036,8070,3976
198761244291,24,3054,40,1035,8070,3977
198761255371,297,3475,413,35643,8071,3977
198761266486,242,3112,117,9798,8072,3977
198761277976,30,2961,67,2643,8072,3978
198761288973,520,3046,165,13970,8073,3978
198761300053,225,3191,103,2769,8074,3978
198761311128,28,3011,53,2181,8074,3979
198761322190,213,3530,127,7695,8075,3979
198761333358,242,3481,172,14807,8076,3979
198761344296,25,3395,58,2254,8076,3980
198761355527,146,3270,129,8134,8077,3980
198761366664,213,3419,138,2517,8078,3980
198761377973,25,3066,51,2222,8078,3981
198761389016,201,3434,157,14717,8079,3981
198761399915,162,3411,110,8078,8080,3981
198761411011,71,3319,60,2229,8080,3982
198761421986,342,3320,149,13279,8081,3982
198761433572,356,2970,138,7527,8082,3982
198761444626,23,3024,57,2095,8082,3983
198761455667,202,3288,193,14926,8083,3983
198761466783,173,3030,293,27262,8084,3983
198761477760,24,3153,58,2244,8084,3984
198761488779,169,4147,65,2318,8085,3984
198761500043,275,3338,83,2978,8086,3984
198761511051,24,2856,41,1009,8086,3985
198761522177,129,3514,38,984,8087,3985
198761533231,125,3423,330,33394,8088,3985
198761544297,28,2766,69,3821,8088,3986
198761555422,322,3121,57,2474,8089,3986
198761566708,202,3581,109,7460,8090,3986
198761577747,24,2781,47,2214,8090,3987
198761588836,217,3415,161,14685,8091,3987
198761599878,123,3237,100,7671,8092,3987
198761610957,23,3048,56,2249,8092,3988
198761621936,342,3340,57,2641,8093,3988
198761633360,246,3419,163,14654,8094,3988
198761644471,21,2949,49,2241,8094,3989
198761655549,146,3303,104,8191,8095,3989
198761666510,200,3158,187,15181,8096,3989
198761677917,30,3678,69,2290,8096,3990
198761688962,602,3582,113,8896,8097,3990
198761699968,128,3512,172,15525,8098,3990
198761711067,20,2890,57,2355,8098,3991
198761722029,291,3311,108,7965,8099,3991
198761733045,126,3590,86,2469,8100,3991
198761744453,22,3139,54,2072,8100,3992
198761755522,467,4085,160,14692,8101,3992
198761766531,132,2929,110,8162,8102,3992
198761777543,23,2807,46,2143,8102,3993
198761788604,304,3221,288,15113,8103,3993
198761800167,194,2952,61,2073,8104,3993
198761811176,34,2679,57,1154,8104,3994
198761822253,207,2833,62,1223,8105,3994
198761833197,169,3612,50,957,8106,3994
198761844337,29,3769,50,957,8106,3995
198761855461,168,4493,525,35522,8107,3995
198761867904,274,4445,117,4209,8108,3995
198761877813,22,3672,73,2420,8108,3996
198761889117,155,4357,261,14689,8109,3996
198761900186,126,4134,103,7985,8110,3996
198761911377,25,3569,66,2236,8110,3997
198761922421,188,4321,144,11641,8111,3997
198761933484,169,3515,316,32057,8112,3997
198761944602,25,2935,70,3969,8112,3998
198761955619,202,3595,61,2763,8113,3998
198761966434,245,3225,103,7956,8114,3998
198761977992,25,3194,52,2140,8114,3999
198761989083,176,3277,56,2384,8115,3999
198762000130,130,3543,159,14561,8116,3999
198762011164,33,3218,56,2223,8116,4000
198762022327,282,3696,105,8122,8117,4000
198762033643,160,3137,255,15217,8118,4000
198762044655,23,2732,59,2591,8118,4001
198762055715,506,3332,64,2853,8119,4001
198762066703,514,3563,105,7870,8120,4001
198762077747,23,3255,50,2156,8120,4002
198762088888,205,3648,235,15403,8121,4002
198762100036,523,3369,49,1555,8122,4002
198762111087,20,3111,49,961,8122,4003
198762122156,377,3439,38,962,8123,4003
198762133126,153,3364,361,35728,8124,4003
198762144695,22,3625,72,4000,8124,4004
198762155673,282,4522,105,8204,8125,4004
198762166722,475,4588,73,4425,8126,4004
198762177763,21,3685,38,967,8126,4005
198762188648,393,3270,331,34051,8127,4005
198762200239,282,3408,114,9504,8128,4005
198762211225,20,3713,58,2539,8128,4006
198762222236,305,3280,160,15047,8129,4006
198762233299,463,3392,102,7349,8130,4006
198762244313,21,3241,47,2210,8130,4007
198762255346,361,3236,155,14613,8131,4007
198762266401,398,4873,106,8370,8132,4007
198762278029,22,3339,48,2132,8132,4008
198762289175,212,3502,1751,15039,8133,4008
198762300059,133,3033,50,2822,8134,4008
198762311131,26,3226,56,2097,8134,4009
198762322074,180,3243,97,7180,8135,4009
198762333114,134,2893,168,15181,8136,4009
198762344169,23,2794,73,2355,8136,4010
198762355706,143,3146,190,18123,8137,4010
198762366761,386,2814,64,2548,8138,4010
198762377757,25,2906,53,2178,8138,4011
198762388796,126,3043,152,14428,8139,4011
198762400357,209,3410,42,1789,8140,4011
198762411137,36,3711,51,1040,8140,4012
198762422192,227,3608,381,33405,8141,4012
198762433163,119,3211,50,1935,8142,4012
198762444226,21,3081,36,950,8142,4013
198762455746,145,3663,346,35399,8143,4013
198762466893,130,4176,184,17435,8144,4013
198762477904,22,3262,64,2756,8144,4014
198762488927,451,3174,109,8645,8145,4014
198762500039,356,3688,171,14924,8146,4014
198762511198,21,2843,79,2337,8146,4015
198762522235,167,2713,132,7897,8147,4015
198762533306,136,2937,167,15347,8148,4015
198762544304,26,2551,57,2479,8148,4016
198762555376,204,2662,70,2671,8149,4016
198762566396,163,2622,103,7686,8150,4016
198762606417,273,2695,118,5427,8151,4016
198762620658,201,4086,685,35698,8152,4016
198762632402,153,4194,277,16701,8153,4016
198762643095,23,3376,76,2779,8153,4017
198762654266,160,4140,152,8246,8154,4017
198762665479,138,2730,262,15321,8155,4017
198762676630,37,2872,141,2410,8155,4018
198762687750,212,2911,67,3326,8156,4018
198762698629,292,3686,110,7773,8157,4018
198762709597,29,3500,55,2065,8157,4019
198762720807,384,3861,65,2523,8158,4019
198762732017,450,4154,63,2200,8159,4019
198762743001,20,3302,47,2010,8159,4020
198762754055,939,2835,234,14678,8160,4020
198762765150,414,3596,108,8234,8161,4020
198762776367,36,3045,45,2085,8161,4021
198762787431,124,2883,227,15281,8162,4021
198762798810,227,2870,79,2844,8163,4021
198762809482,20,3091,49,2364,8163,4022
198762821040,400,3204,127,7511,8164,4022
198762832050,142,3128,165,15721,8165,4022
198762843213,19,3181,52,2566,8165,4023
198762854488,160,3631,42,1507,8166,4023
198762865333,218,3416,36,989,8167,4023
198762876352,20,2925,43,989,8167,4024
198762887453,147,2819,355,35836,8168,4024
198762898405,180,2889,116,9926,8169,4024
198762909518,25,3050,59,2553,8169,4025
198762920995,197,3137,159,13929,8170,4025
198762932095,527,3005,75,4348,8171,4025
198762943057,26,2948,43,2184,8171,4026
198762954145,226,3724,96,7719,8172,4026
198762965357,594,4455,165,14702,8173,4026
198762976206,25,3470,68,2355,8173,4027
198762987681,166,3993,126,8765,8174,4027
198762998911,463,3204,169,14873,8175,4027
198763009439,20,3022,115,2297,8175,4028
198763021050,197,3166,107,8129,8176,4028
198763031770,405,3359,180,15424,8177,4028
198763043649,49,3298,76,2539,8177,4029
198763054119,190,3289,64,2767,8178,4029
198763065096,207,4000,103,6829,8179,4029
198763076102,25,3091,45,1191,8179,4030
198763087679,229,3042,583,44096,8180,4030
198763116405,293,2762,62,1683,8181,4030
198763130674,375,4081,517,35852,8182,4030
198763141734,26,5071,97,4036,8182,4031
198763153006,228,4393,156,8233,8183,4031
198763164139,247,4730,237,14077,8184,4031
198763175237,33,2829,81,2489,8184,4032
198763186362,221,3511,63,3029,8185,4032
198763197402,137,3059,107,7779,8186,4032
198763208447,24,3012,60,2151,8186,4033
198763219987,220,3272,57,2652,8187,4033
198763231054,235,3499,60,2290,8188,4033
198763242051,22,3043,49,2084,8188,4034
198763253063,205,3121,169,14677,8189,4034
198763264135,373,3129,106,8070,8190,4034
198763275654,23,3067,48,2215,8190,4035
198763286244,252,3277,170,14943,8191,4035
198763297792,191,3147,78,2872,8192,4035
198763308876,30,3041,898,2337,8192,4036
198763319867,203,2766,103,7574,8193,4036
198763330793,160,3506,424,15468,8194,4036
198763342040,30,2944,55,2516,8194,4037
198763353088,172,3226,114,8315,8195,4037
198763364544,185,4526,638,4919,8196,4037
198763375468,34,2654,57,1185,8196,4038
198763386496,291,3650,42,1119,8197,4038
198763397593,400,2939,436,35453,8198,4038
198763408799,26,3977,277,4073,8198,4039
198763420018,159,2872,1571,15554,8199,4039
198763431006,213,3851,62,3434,8200,4039
198763442093,57,2590,56,2209,8200,4040
198763453162,192,14426,167,7513,8201,4040
198763479426,281,4185,270,15484,8202,4040
198763490475,194,4171,164,8199,8203,4040
198763501617,145,4038,246,14410,8204,4040
198763512718,23,4502,79,2422,8204,4041
198763523895,138,4713,156,8309,8205,4041
198763535138,160,4097,232,15267,8206,4041
198763545718,29,4024,77,2559,8206,4042
198763556892,179,3497,58,2795,8207,4042
198763567920,284,8341,129,7665,8208,4042
198763579877,29,3306,56,2174,8208,4043
198763590426,219,3402,177,15429,8209,4043
198763601499,184,3568,106,8035,8210,4043
198763612799,24,2845,55,2222,8210,4044
198763623819,158,3316,57,2529,8211,4044
198763634609,181,3285,172,15007,8212,4044
198763645655,24,2666,62,2344,8212,4045
198763657169,166,3072,110,8152,8213,4045
198763668192,174,3619,172,13463,8214,4045
198763679275,25,2905,83,2372,8214,4046
198763690293,150,3839,108,8199,8215,4046
198763701303,174,3129,169,15902,8216,4046
198763712613,27,3792,59,2539,8216,4047
198763723635,155,3447,103,8278,8217,4047
198763734822,289,3194,82,4801,8218,4047
198763745720,23,2957,40,1128,8218,4048
198763756729,169,3228,38,1083,8219,4048
198763768327,189,3650,418,35713,8220,4048
198763779427,25,3710,68,4088,8220,4049
198763790365,201,3806,188,15468,8221,4049
198763801462,414,4001,60,2819,8222,4049
198763812485,25,2748,55,2151,8222,4050
198763823501,138,3512,100,7537,8223,4050
198763834886,937,3400,183,15345,8224,4050
198763846098,26,3066,87,2270,8224,4051
198763857155,137,3063,102,7965,8225,4051
198763868225,219,3751,63,2591,8226,4051
198763879234,22,2998,48,2158,8226,4052
198763890382,338,3129,170,14562,8227,4052
198763901322,243,3272,113,8306,8228,4052
198763912341,24,3068,57,2291,8228,4053
198763923604,143,3897,194,15124,8229,4053
198763934655,220,3542,71,3393,8230,4053
198763945696,24,2931,57,2279,8230,4054
198763957235,178,3230,560,2428,8231,4054
198763968015,468,3559,104,7595,8232,4054
198763979154,24,3150,57,2270,8232,4055
198763990571,499,3268,55,2476,8233,4055
198764001398,156,3337,258,23891,8234,4055
198764012419,24,3115,67,3140,8234,4056
198764023449,158,3277,130,8108,8235,4056
198764034973,142,3337,410,34132,8236,4056
198764046012,26,3623,65,3155,8236,4057
198764056901,237,3164,50,1942,8237,4057
198764067898,152,3368,41,1426,8238,4057
198764079517,23,3702,46,962,8238,4058
198764090199,287,3295,336,33018,8239,4058
198764101578,309,3237,175,9737,8240,4058
198764112604,26,2956,86,2565,8240,4059
198764123600,175,3481,57,2713,8241,4059
198764134676,142,3562,165,14211,8242,4059
198764145727,21,2971,56,2270,8242,4060
198764156788,343,3530,300,8032,8243,4060
198764168317,365,3429,231,15201,8244,4060
198764179384,32,3768,69,2308,8244,4061
198764190432,145,3357,152,3367,8245,4061
198764201554,137,3533,101,7356,8246,4061
198764212410,22,2827,50,2150,8246,4062
198764223494,407,4620,51,2462,8247,4062
198764235038,251,3305,56,2168,8248,4062
198764246009,23,3696,49,1985,8248,4063
198764257083,252,3356,166,14648,8249,4063
198764268124,145,2960,98,7990,8250,4063
198764279215,22,3101,109,2112,8250,4064
198764290253,275,4391,87,6227,8251,4064
198764301257,229,3138,384,34388,8252,4064
198764312317,21,2900,70,4018,8252,4065
198764323913,159,2967,100,8079,8253,4065
198764334926,175,3295,171,15026,8254,4065
198764346066,44,3634,61,2439,8254,4066
198764357060,128,3236,95,6594,8255,4066
198764368184,495,4278,74,4294,8256,4066
198764379162,21,2772,40,1034,8256,4067
198764390221,268,3145,364,36056,8257,4067
198764401275,255,3659,192,9935,8258,4067
198764412310,25,2958,59,2499,8258,4068
198764423912,166,3725,211,14070,8259,4068
198764434634,803,3261,72,3428,8260,4068
198764446403,25,3398,56,2190,8260,4069
198764456961,135,2955,102,7620,8261,4069
198764468002,185,3256,119,2432,8262,4069
198764479128,26,3875,49,2134,8262,4070
198764490274,223,2926,91,2418,8263,4070
198764501303,263,3155,169,14612,8264,4070
198764512380,22,3240,59,2265,8264,4071
198764523433,153,2991,105,8162,8265,4071
198764534987,271,3170,169,14578,8266,4071
198764545991,25,5052,68,2522,8266,4072
198764557002,220,3455,96,2789,8267,4072
198764568016,519,3303,103,7677,8268,4072
198764579147,27,2869,119,2118,8268,4073
198764590176,248,3441,168,15569,8269,4073
198764601231,450,3432,110,7925,8270,4073
198764612761,23,3741,60,2274,8270,4074
198764623561,320,3358,61,2614,8271,4074
198764634940,417,3337,304,14837,8272,4074
198764645938,25,3757,57,2500,8272,4075
198764656997,144,3916,57,1817,8273,4075
198764668167,259,3425,73,1420,8274,4075
198764679436,32,3108,41,968,8274,4076
198764690509,150,3464,41,967,8275,4076
198764701564,135,3633,446,35371,8276,4076
198764712636,23,3841,86,4049,8276,4077
198764723535,157,3255,202,15908,8277,4077
198764734629,480,3560,100,7475,8278,4077
198764745665,20,3339,59,2393,8278,4078
198764757162,139,3341,200,14870,8279,4078
198764768227,316,3251,106,8392,8280,4078
198764779222,26,3016,54,2055,8280,4079
198764790302,179,3273,170,15119,8281,4079
198764801727,213,3246,69,2853,8282,4079
198764812304,26,3071,65,2218,8282,4080
198764823823,302,3624,151,7705,8283,4080
198764834944,222,2988,174,15537,8284,4080
198764845973,30,2995,58,2292,8284,4081
198764856915,191,3211,457,8019,8285,4081
198764868148,212,3149,60,2543,8286,4081
198764879211,24,2964,50,2254,8286,4082
198764890304,211,3526,163,14802,8287,4082
198764901359,148,3545,114,8386,8288,4082
198764913032,26,3556,67,2302,8288,4083
198764923727,695,3293,154,12764,8289,4083
198764934766,314,3536,109,8270,8290,4083
198764945835,34,3037,56,2180,8290,4084
198764956855,149,3419,169,15336,8291,4084
198764967926,134,3184,49,1410,8292,4084
198764979037,25,3219,51,1000,8292,4085
198764990549,175,3444,44,1000,8293,4085
198765001520,153,3362,45,1001,8294,4085
198765012562,26,3130,45,1000,8294,4086
198765023615,277,3548,366,35763,8295,4086
198765034764,165,3150,185,16975,8296,4086
198765045783,27,2802,77,2804,8296,4087
198765056799,177,3270,75,2721,8297,4087
198765068360,198,3818,165,7434,8298,4087
198765079346,23,3016,52,2083,8298,4088
198765090369,123,2722,234,15216,8299,4088
198765102126,1593,3122,101,7870,8300,4088
198765112529,19,2988,45,2148,8300,4089
198765123546,212,3873,55,2479,8301,4089
198765134895,128,4106,542,14813,8302,4089
198765145977,23,3006,55,2408,8302,4090
198765156988,503,3285,102,8320,8303,4090
198765168069,292,3359,390,15357,8304,4090
198765179019,23,4917,1316,2559,8304,4091
198765190231,366,4049,109,9207,8305,4091
198765201208,158,3875,178,15591,8306,4091
198765212731,24,3043,111,2677,8306,4092
198765223583,345,3820,542,8246,8307,4092
198765234998,147,2811,563,2285,8308,4092
198765245996,25,2862,55,2084,8308,4093
198765257060,138,3201,156,14549,8309,4093
198765268156,183,3502,355,27843,8310,4093
198765279162,34,3063,66,2153,8310,4094
198765290234,673,4122,161,14505,8311,4094
198765301141,174,4051,784,32898,8312,4094
198765312667,22,2971,72,4224,8312,4095
198765323713,252,4012,1846,8418,8313,4095
198765334814,166,3152,166,16012,8314,4095
198765345785,26,8870,62,2652,8314,4096
198765356845,130,2673,226,8430,8315,4096
198765367868,367,3282,140,2360,8316,4096
198765379405,20,2772,46,2124,8316,4097
198765390527,220,4418,1396,14999,8317,4097
198765401466,182,2928,174,8132,8318,4097
198765412471,24,2982,65,2157,8318,4098
198765423506,174,3351,166,15401,8319,4098
198765434499,477,3810,237,3843,8320,4098
198765446168,38,3473,63,2459,8320,4099
198765457179,177,3722,111,2706,8321,4099
198765468333,1199,3196,203,8216,8322,4099
198765479232,48,2887,104,2127,8322,4100
198765490245,133,3619,52,2418,8323,4100
198765501402,133,4133,167,14359,8324,4100
198765512318,24,3299,50,1916,8324,4101
198765523900,545,5249,356,17933,8325,4101
198765535959,166,3039,269,24344,8326,4101
198765545995,67,2734,59,2964,8326,4102
198765556943,149,3416,182,2889,8327,4102
198765568059,540,3445,122,7015,8328,4102
198765579106,22,2769,44,1166,8328,4103
198765590177,249,3428,399,43773,8329,4103
198765601485,182,2979,101,7254,8330,4103
198765612522,20,2999,66,1237,8330,4104
198765623591,154,3422,69,4477,8331,4104
198765634774,123,2844,34,1058,8332,4104
198765645824,26,2890,101,992,8332,4105
198765656889,157,3260,353,35359,8333,4105
198765667925,161,3741,186,16922,8334,4105
198765679038,30,2688,61,2755,8334,4106
198765690101,186,3753,82,3077,8335,4106
198765701596,143,3217,100,7617,8336,4106
198765712664,68,2742,53,2175,8336,4107
198765723677,224,3277,183,15429,8337,4107
198765734736,121,2841,93,7228,8338,4107
198765745760,22,2758,51,2124,8338,4108
198765756828,185,3368,193,14810,8339,4108
198765768322,152,3330,234,8168,8340,4108
198765779160,33,2900,55,2074,8340,4109
198765790198,474,3129,272,15156,8341,4109
198765801509,302,3669,662,2792,8342,4109
198765812605,30,2906,57,2288,8342,4110
198765823655,156,3522,105,7648,8343,4110
198765834907,330,2951,178,15682,8344,4110
198765848906,342,4536,88,1577,8345,4110
198765856818,30,3000,54,964,8345,4111
198765867909,204,4235,553,35160,8346,4111
198765879057,41,3214,99,3991,8346,4112
198765890077,170,3116,134,5474,8347,4112
198765901278,226,3154,564,34986,8348,4112
198765912420,29,3167,103,3984,8348,4113
198765923550,239,3429,172,15257,8349,4113
198765934803,145,3625,72,3391,8350,4113
198765945848,32,3330,71,2131,8350,4114
198765956764,177,3561,68,2258,8351,4114
198765968327,424,3607,117,7530,8352,4114
198765979344,31,2932,62,2110,8352,4115
198765990379,216,3416,74,2512,8353,4115
198766001279,197,3646,163,14377,8354,4115
198766012629,62,3464,53,2231,8354,4116
198766023691,154,3282,108,8138,8355,4116
198766034777,161,3106,165,15113,8356,4116
198766045821,24,4851,65,2608,8356,4117
198766056788,146,3132,46,1988,8357,4117
198766067870,138,3271,46,1010,8358,4117
198766078952,25,3340,41,985,8358,4118
198766090051,160,3019,35,985,8359,4118
198766101568,224,3561,414,35428,8360,4118
198766112799,33,3630,78,4051,8360,4119
198766123449,230,3687,94,2730,8361,4119
198766134984,659,3057,165,14798,8362,4119
198766146026,25,3774,61,2139,8362,4120
198766156963,216,3441,105,7892,8363,4120
198766168052,143,3117,172,14982,8364,4120
198766179083,30,3074,63,2398,8364,4121
198766190455,246,3499,68,3305,8365,4121
198766201469,486,3199,102,7591,8366,4121
198766212490,22,3077,55,2138,8366,4122
198766223608,245,3293,60,2561,8367,4122
198766234675,166,3151,53,2240,8368,4122
198766245711,22,3109,67,2037,8368,4123
198766256791,168,3176,157,14785,8369,4123
198766267909,219,3508,116,8232,8370,4123
198766279446,33,3703,50,2204,8370,4124
198766290451,255,3054,249,15253,8371,4124
198766301504,158,3275,55,2612,8372,4124
198766312634,61,3651,66,2111,8372,4125
198766323638,211,3352,104,7287,8373,4125
198766334774,157,3119,176,15353,8374,4125
198766345876,26,3061,59,2342,8374,4126
198766356960,395,3397,111,7933,8375,4126
198766367996,144,3531,58,1509,8376,4126
198766379059,25,3185,56,1003,8376,4127
198766390142,161,4083,81,5070,8377,4127
198766401328,159,3350,38,1071,8378,4127
198766412352,23,3190,49,1009,8378,4128
198766423364,182,3237,358,33206,8379,4128
198766434532,360,3371,120,4630,8380,4128
198766445795,22,3024,55,2370,8380,4129
198766457009,331,3471,99,7434,8381,4129
198766467924,132,3283,163,14676,8382,4129
198766479003,22,2920,60,2378,8382,4130
198766490080,137,3359,110,8610,8383,4130
198766501544,191,3840,169,14701,8384,4130
198766512454,26,3052,53,2141,8384,4131
198766523528,209,3452,105,7927,8385,4131
198766534545,155,3737,173,15352,8386,4131
198766545711,24,3215,61,2289,8386,4132
198766556726,274,3233,60,2710,8387,4132
198766567913,199,3414,114,7371,8388,4132
198766579328,56,3723,55,2235,8388,4133
198766590449,193,3131,166,15425,8389,4133
198766601529,152,3697,103,7924,8390,4133
198766612593,22,5242,57,2215,8390,4134
198766623833,232,3308,58,2535,8391,4134
198766634904,181,3374,165,14708,8392,4134
198766645954,22,3868,106,2432,8392,4135
198766656943,576,3501,108,8220,8393,4135
198766667956,474,3278,153,13332,8394,4135
198766679195,32,4054,81,2457,8394,4136
198766690250,156,2824,115,6987,8395,4136
198766701335,154,3752,143,5338,8396,4136
198766712461,25,3810,49,1139,8396,4137
198766723519,287,3474,38,1090,8397,4137
198766734521,252,3501,361,35595,8398,4137
198766745661,24,2924,73,4205,8398,4138
198766757025,169,3769,160,14143,8399,4138
198766768193,138,2994,98,7949,8400,4138
198766779350,27,3087,57,2092,8400,4139
198766790420,177,4716,453,14708,8401,4139
198766801539,108,4300,53,2740,8402,4139
198766812597,20,3503,49,2174,8402,4140
198766823606,165,4613,106,7604,8403,4140
198766834621,117,4163,219,15486,8404,4140
198766845706,24,4399,53,2406,8404,4141
198766857248,180,3173,134,8100,8405,4141
198766868309,242,4610,74,2351,8406,4141
198766879335,23,4334,77,2065,8406,4142
198766890346,317,3446,194,14737,8407,4142
198766901822,386,3349,116,8387,8408,4142
198766912263,24,3146,56,2159,8408,4143
198766923830,170,3167,181,15290,8409,4143
198766934886,198,3172,200,8268,8410,4143
198766945918,29,2859,61,2457,8410,4144
198766956988,203,5228,179,15672,8411,4144
198766968031,202,3258,110,8091,8412,4144
198766979067,28,2989,57,2133,8412,4145
198766990082,182,3320,58,2407,8413,4145
198767001653,232,3329,162,14901,8414,4145
198767012617,29,4793,55,2270,8414,4146
198767023936,263,3365,92,6653,8415,4146
198767034970,238,3558,77,3871,8416,4146
198767045844,23,3064,43,1056,8416,4147
198767056867,196,3960,347,34104,8417,4147
198767068207,336,3417,129,9530,8418,4147
198767079286,33,3050,101,2516,8418,4148
198767090056,212,3278,1688,14974,8419,4148
198767101661,170,3204,105,7851,8420,4148
198767112971,30,3489,103,2203,8420,4149
198767124044,346,3523,61,2555,8421,4149
198767134744,309,3225,171,14705,8422,4149
198767145734,26,3160,61,2408,8422,4150
198767156813,197,3339,110,8229,8423,4150
198767167836,371,3410,176,15378,8424,4150
198767179296,27,4091,428,2512,8424,4151
198767190335,291,3361,65,3317,8425,4151
198767201405,307,4120,1327,1977,8426,4151
198767212442,20,3428,45,1599,8426,4152
198767223467,125,2993,264,27236,8427,4152
198767234968,744,3073,54,2094,8428,4152
198767245994,22,2843,49,1766,8428,4153
198767256877,277,4082,158,14319,8429,4153
198767267878,192,3807,101,7923,8430,4153
198767279463,55,4445,3458,1727,8430,4154
198767290127,157,3488,511,23800,8431,4154
198767301359,391,3631,57,1868,8432,4154
198767312399,24,2825,39,962,8432,4155
198767323476,270,3402,37,957,8433,4155
198767334988,280,3599,413,32507,8434,4155
198767345810,28,3202,73,3830,8434,4156
198767356758,293,3979,108,8443,8435,4156
198767367897,281,5171,153,2484,8436,4156
198767378956,21,2988,52,2166,8436,4157
198767390457,150,4122,233,14249,8437,4157
198767401407,337,4025,109,8042,8438,4157
198767412380,28,2756,82,2038,8438,4158
198767423433,337,3131,195,15130,8439,4158
198767434491,256,4169,67,3497,8440,4158
198767446139,46,2830,75,2313,8440,4159
198767456958,256,4850,151,7820,8441,4159
198767467843,248,3868,54,2397,8442,4159
198767479370,26,2989,86,2014,8442,4160
198767490414,193,3107,56,2302,8443,4160
198767501605,123,3741,207,14726,8444,4160
198767512672,22,2959,54,2404,8444,4161
198767523684,296,3240,106,8272,8445,4161
198767534756,158,3088,171,15554,8446,4161
198767545877,24,2925,54,2496,8446,4162
198767556854,364,3147,56,2771,8447,4162
198767567932,365,3693,141,7592,8448,4162
198767579016,21,3070,54,2149,8448,4163
198767590565,420,3680,165,15534,8449,4163
198767601535,168,3317,102,7367,8450,4163
198767612648,19,8345,82,1666,8450,4164
198767623640,219,3790,72,5073,8451,4164
198767634745,142,5429,59,1083,8452,4164
198767645842,24,3176,38,1003,8452,4165
198767656808,141,3298,400,35511,8453,4165
198767668091,202,4568,164,14080,8454,4165
198767679104,21,5009,2688,2434,8454,4166
198767690195,314,3954,663,12092,8455,4166
198767701213,300,4189,107,7722,8456,4166
198767712846,42,4039,74,2360,8456,4167
198767723862,216,4771,174,15389,8457,4167
198767737367,247,3116,100,7254,8458,4167
198767745886,20,4349,156,2281,8458,4168
198767756914,138,3074,152,14775,8459,4168
198767768065,338,4060,104,8599,8460,4168
198767779019,19,4552,47,2067,8460,4169
198767790055,270,3407,158,15006,8461,4169
198767801607,234,5393,89,2818,8462,4169
198767812658,19,4350,46,2228,8462,4170
198767823702,257,3208,102,7475,8463,4170
198767834731,225,4064,164,15513,8464,4170
198767845744,19,3658,53,2327,8464,4171
198767856795,333,3360,185,8049,8465,4171
198767868090,318,3160,2029,4693,8466,4171
198767878963,22,3999,33,1046,8466,4172
198767890590,117,4041,377,35749,8467,4172
198767901578,254,3106,116,9924,8468,4172
198767912685,139,3384,69,2484,8468,4173
198767923664,440,4555,409,12363,8469,4173
198767934758,352,3559,111,8445,8470,4173
198767945761,25,3119,55,2236,8470,4174
198767956780,234,4152,269,13600,8471,4174
198767968047,474,3761,50,1525,8472,4174
198767979012,32,2886,49,1040,8472,4175
198767990085,464,3431,94,1041,8473,4175
198768001191,181,3375,367,35710,8474,4175
198768012309,29,4028,119,4108,8474,4176
198768023427,357,3748,92,3093,8475,4176
198768034985,164,3688,171,15348,8476,4176
198768046092,24,4050,74,2479,8476,4177
198768075812,290,3977,248,1989,8477,4177
198768091728,249,4189,501,32994,8478,4177
198768102315,191,3771,177,10016,8479,4177
198768113876,182,2981,78,2783,8480,4177
198768124983,26,2909,64,2280,8480,4178
198768136102,184,3397,234,13973,8481,4178
198768147181,28,7481,64,1732,8481,4179
198768158221,296,4069,56,2325,8482,4179
198768169500,267,4273,81,1064,8483,4179
198768180512,172,3140,360,33914,8484,4179
198768191550,27,3665,68,4001,8484,4180
198768202639,283,3615,113,8055,8485,4180
198768213763,160,4126,216,15157,8486,4180
198768224812,25,3156,81,2466,8486,4181
198768235839,139,3475,108,8631,8487,4181
198768246895,50,3491,72,2355,8487,4182
198768257938,185,3751,164,14845,8488,4182
198768269476,594,3164,142,8290,8489,4182
198768280528,206,3550,174,15345,8490,4182
198768291477,24,4393,53,2291,8490,4183
198768302507,226,3196,57,2615,8491,4183
198768313529,23,3512,49,2273,8491,4184
198768324820,793,3329,211,7556,8492,4184
198768336339,553,3094,171,15567,8493,4184
198768347102,436,3336,116,8165,8494,4184
198768358077,24,3206,49,2228,8494,4185
198768369156,161,3203,61,2493,8495,4185
198768380168,165,3554,169,15108,8496,4185
198768391460,22,2760,50,2390,8496,4186
198768402504,881,3156,140,8319,8497,4186
198768414324,146,3487,160,13472,8498,4186
198768424872,27,2862,54,2207,8498,4187
198768435946,174,3165,48,1513,8499,4187
198768446959,302,3503,52,951,8500,4187
198768457993,28,2981,43,950,8500,4188
198768469032,206,3428,47,951,8501,4188
198768480701,432,5234,368,35541,8502,4188
198768491604,26,3069,70,4212,8502,4189
198768502629,159,4548,166,13937,8503,4189
198768513479,290,3480,105,7982,8504,4189
198768525015,22,3348,57,2287,8504,4190
198768535971,173,3455,159,14899,8505,4190
198768547017,155,3921,62,2458,8506,4190
198768558026,23,3485,54,2098,8506,4191
198768569141,297,4552,105,7486,8507,4191
198768580320,130,3304,168,15396,8508,4191
198768591514,24,2972,60,2515,8508,4192
198768602546,133,3422,108,8266,8509,4192
198768613669,236,3285,56,2677,8510,4192
198768624643,22,3086,52,2192,8510,4193
198768635689,201,3373,163,14780,8511,4193
198768647247,149,3258,111,8437,8512,4193
198768658197,23,3027,52,2300,8512,4194
198768669242,191,3736,240,15305,8513,4194
198768680506,174,3322,115,8286,8514,4194
198768691530,26,2986,44,2254,8514,4195
198768702594,196,3232,230,15642,8515,4195
198768713662,142,3159,108,8349,8516,4195
198768724671,23,2802,48,2130,8516,4196
198768735726,187,3164,63,2282,8517,4196
198768747272,227,3299,170,14170,8518,4196
198768758257,27,2922,41,1488,8518,4197
198768769326,188,3949,86,1576,8519,4197
198768780367,305,3257,43,991,8520,4197
198768791379,23,2822,40,991,8520,4198
198768802419,163,4086,331,34140,8521,4198
198768814090,193,3503,121,9502,8522,4198
198768824992,41,3202,57,2548,8522,4199
198768836099,157,3613,402,15159,8523,4199
198768847083,130,3297,103,7701,8524,4199
198768857958,23,2732,47,2170,8524,4200
198768869001,132,4364,61,2487,8525,4200
198768880544,224,3510,164,14521,8526,4200
198768891628,26,3342,52,2392,8526,4201
198768902632,253,3281,106,8214,8527,4201
198768913660,384,3537,248,15373,8528,4201
198768924632,34,3736,64,2526,8528,4202
198768936247,337,3483,75,3642,8529,4202
198768947299,185,3110,63,2396,8530,4202
198768958404,22,3180,47,2234,8530,4203
198768969487,232,3273,117,7987,8531,4203
198768980602,142,3472,62,2270,8532,4203
198768991657,30,3287,62,2058,8532,4204
198769002756,188,3451,169,14766,8533,4204
198769013981,254,3330,120,8296,8534,4204
198769025007,26,3071,49,2197,8534,4205
198769036080,141,3368,172,15385,8535,4205
198769047125,246,3286,69,2783,8536,4205
198769058121,24,3201,54,2361,8536,4206
198769069158,198,3258,106,7425,8537,4206
198769080581,157,3558,84,5331,8538,4206
198769091612,23,3012,38,1113,8538,4207
198769102691,208,3563,41,1066,8539,4207
198769113734,136,3684,368,35656,8540,4207
198769124740,33,3089,71,4083,8540,4208
198769135897,174,3429,168,15183,8541,4208
198769147074,22,3650,60,2579,8541,4209
198769157989,359,3054,108,8227,8542,4209
198769169095,232,3850,188,15404,8543,4209
198769180483,201,3969,67,3426,8544,4209
198769191629,24,3157,63,2341,8544,4210
198769202763,208,3341,104,8024,8545,4210
198769213718,138,3519,66,2434,8546,4210
198769224742,24,3184,50,2105,8546,4211
198769235785,182,3840,193,2383,8547,4211
198769246871,275,4079,167,14799,8548,4211
198769257911,48,3101,51,2427,8548,4212
198769269603,202,3214,138,8222,8549,4212
198769280578,154,3549,194,15314,8550,4212
198769291386,26,3565,52,2465,8550,4213
198769302543,193,4387,67,2794,8551,4213
198769313516,24,4238,67,2293,8551,4214
198769325037,175,3545,107,7569,8552,4214
198769335914,182,3286,184,15552,8553,4214
198769347134,203,3815,109,7594,8554,4214
198769358264,31,3075,50,1512,8554,4215
198769369289,694,3249,128,5094,8555,4215
198769380329,347,9734,50,1076,8556,4215
198769391441,26,3028,63,1031,8556,4216
198769402521,270,3729,341,35515,8557,4216
198769414456,126,3531,347,16884,8558,4216
198769425001,32,3338,62,2810,8558,4217
198769436075,202,4170,85,3355,8559,4217
198769447123,206,3660,106,7589,8560,4217
198769458270,23,3222,48,2113,8560,4218
198769469253,168,3397,170,15251,8561,4218
198769480311,302,4119,105,7460,8562,4218
198769491445,23,3321,46,2203,8562,4219
198769502416,186,3714,165,14818,8563,4219
198769513937,161,3393,113,8283,8564,4219
198769524976,24,3626,87,2123,8564,4220
198769536089,227,3387,172,15194,8565,4220
198769546875,134,3383,59,2929,8566,4220
198769557937,30,3475,62,2404,8566,4221
198769569514,330,3504,105,7752,8567,4221
198769580701,580,3270,200,15691,8568,4221
198769591670,28,2879,66,2625,8568,4222
198769602680,146,3886,112,8482,8569,4222
198769613971,229,3723,65,2359,8570,4222
198769625039,57,2938,49,2084,8570,4223
198769636062,138,3459,183,14953,8571,4223
198769647062,139,4744,100,1964,8572,4223
198769658225,27,3177,52,1230,8572,4224
198769669331,213,3286,56,1776,8573,4224
198769680326,272,3474,329,34010,8574,4224
198769691285,24,3191,127,4077,8574,4225
198769702884,193,3473,176,8000,8575,4225
198769713973,218,3819,178,15115,8576,4225
198769724579,27,3053,49,2534,8576,4226
198769735691,448,3436,112,8107,8577,4226
198769746931,184,3390,285,14295,8578,4226
198769757987,27,3066,59,2557,8578,4227
198769769085,135,3378,179,8592,8579,4227
198769780648,173,3152,169,15365,8580,4227
198769791659,22,3242,61,2601,8580,4228
198769802764,206,3424,580,2878,8581,4228
198769813775,146,3466,106,7695,8582,4228
198769824846,25,3546,63,2217,8582,4229
198769835925,151,3285,173,15643,8583,4229
198769846927,132,3238,112,8518,8584,4229
198769858314,28,3540,57,2123,8584,4230
198769869377,317,2983,56,2402,8585,4230
198769880480,347,3146,174,15109,8586,4230
198769891593,23,2950,88,2619,8586,4231
198769902679,160,3489,111,8411,8587,4231
198769913772,244,3669,164,13470,8588,4231
198769924967,30,2893,57,2512,8588,4232
198769935991,311,4289,196,8507,8589,4232
198769947082,175,3268,166,15145,8590,4232
198769958248,26,3261,49,1355,8590,4233
198769969335,172,3356,52,1372,8591,4233
198769980597,266,3587,355,35765,8592,4233
198769991659,25,2954,70,4204,8592,4234
198770002811,334,3212,66,2690,8593,4234
198770013725,182,3506,66,2664,8594,4234
198770024784,24,3993,61,2049,8594,4235
198770035819,144,3478,300,15035,8595,4235
198770047084,202,3143,74,2666,8596,4235
198770058284,53,2567,66,2124,8596,4236
198770069361,166,2785,159,7467,8597,4236
198770080346,216,3702,257,15250,8598,4236
198770091424,34,3394,84,2492,8598,4237
198770102557,190,4565,166,8259,8599,4237
198770113625,171,4439,78,2345,8600,4237
198770124745,23,4008,60,2115,8600,4238
198770135888,141,4164,238,14923,8601,4238
198770147007,160,4484,107,8478,8602,4238
198770158102,25,3259,48,2039,8602,4239
198770169224,223,3243,178,15159,8603,4239
198770180300,150,4465,121,8355,8604,4239
198770191397,26,3233,48,2133,8604,4240
198770202488,182,4465,178,15670,8605,4240
198770213622,302,3259,109,8209,8606,4240
198770224792,24,3175,60,2131,8606,4241
198770235778,188,3460,61,2299,8607,4241
198770246797,168,3597,163,14071,8608,4241
198770258308,27,3865,140,1363,8608,4242
198770269343,244,3335,50,1545,8609,4242
198770280432,141,3687,362,33356,8610,4242
198770291591,22,4051,69,3860,8610,4243
198770302533,152,3569,54,2530,8611,4243
198770313607,113,3210,396,7532,8612,4243
198770324682,19,2898,42,2250,8612,4244
198770335912,147,3407,157,14680,8613,4244
198770348135,152,4530,166,7761,8614,4244
198770358152,20,4687,48,2169,8614,4245
198770369162,401,3917,588,2496,8615,4245
198770380175,19,3284,65,2162,8615,4246
198770391656,215,3705,312,14662,8616,4246
198770402727,398,3480,141,8220,8617,4246
198770413814,622,3467,176,15364,8618,4246
198770424803,31,4688,65,2123,8618,4247
198770436211,238,3571,107,3521,8619,4247
198770447555,164,3950,100,2280,8620,4247
198770458023,25,4111,53,2071,8620,4248
198770469148,158,3194,103,7886,8621,4248
198770480166,251,4350,64,2444,8622,4248
198770491650,23,3009,47,2194,8622,4249
198770502747,344,3260,162,14490,8623,4249
198770513907,285,3364,110,8252,8624,4249
198770525047,22,4159,50,2130,8624,4250
198770536079,301,3408,86,6346,8625,4250
198770547151,148,2672,65,1182,8626,4250
198770558072,28,2569,48,1107,8626,4251
198770569098,210,2687,42,1094,8627,4251
198770580194,166,20703,522,33109,8628,4251
198770612565,208,4575,72,1671,8629,4251
198770623690,156,3869,525,35678,8630,4251
198770634775,230,4085,264,16485,8631,4251
198770645985,48,4040,113,2727,8631,4252
198770657006,183,2726,152,8025,8632,4252
198770668193,191,2954,320,15252,8633,4252
198770679310,38,2715,83,2298,8633,4253
198770690238,194,3428,111,8657,8634,4253
198770702255,932,3813,170,15536,8635,4253
198770712529,22,2945,52,2379,8635,4254
198770723685,279,3071,100,7562,8636,4254
198770734699,165,3036,59,1312,8637,4254
198770745733,23,3218,59,1038,8637,4255
198770756747,363,3072,146,13630,8638,4255
198770768160,338,4016,76,1701,8639,4255
198770779407,25,3762,38,967,8639,4256
198770790408,181,3413,322,33102,8640,4256
198770801549,115,3776,148,3958,8641,4256
198770812607,19,3506,53,2346,8641,4257
198770823621,758,3633,187,7620,8642,4257
198770835110,497,3299,159,15027,8643,4257
198770845599,20,3064,88,2404,8643,4258
198770857434,539,3316,95,8037,8644,4258
198770868341,113,3109,317,2383,8645,4258
198770879373,25,3228,51,2057,8645,4259
198770890412,1150,4243,155,14626,8646,4259
198770901656,116,3538,109,8373,8647,4259
198770912734,24,3469,58,2111,8647,4260
198770923716,168,2846,172,15182,8648,4260
198770934769,143,2971,60,3278,8649,4260
198770945809,21,2745,49,2257,8649,4261
198770956835,129,2978,51,2457,8650,4261
198770967833,147,2931,104,7844,8651,4261
198770978985,23,3058,617,2185,8651,4262
198770990099,127,3205,49,2467,8652,4262
198771001603,236,2977,468,14755,8653,4262
198771012634,28,2748,63,2457,8653,4263
198771023822,351,3657,933,8405,8654,4263
198771034834,438,3681,182,14786,8655,4263
198771045723,32,3162,60,1588,8655,4264
198771056965,255,15614,83,1855,8656,4264
198771084287,212,4409,566,32118,8657,4264
198771095223,53,5579,179,4053,8657,4265
198771106626,220,3726,168,8492,8658,4265
198771117733,467,3285,71,2570,8659,4265
198771128876,33,3155,101,2230,8659,4266
198771139946,159,3236,193,13948,8660,4266
198771151127,282,3359,53,1708,8661,4266
198771161972,26,3059,44,948,8661,4267
198771173314,233,3633,360,33343,8662,4267
198771184311,215,3165,106,4516,8663,4267
198771195388,31,3071,57,2376,8663,4268
198771206375,135,3805,210,7644,8664,4268
198771217545,236,3369,160,14899,8665,4268
198771228543,24,2908,61,2231,8665,4269
198771239724,152,3309,111,8621,8666,4269
198771250799,119,3962,238,14738,8667,4269
198771261769,28,2846,58,2510,8667,4270
198771273357,173,3073,105,8341,8668,4270
198771284382,209,3122,209,15346,8669,4270
198771295474,69,3105,74,2514,8669,4271
198771306276,223,3258,65,2732,8670,4271
198771317804,197,3392,101,7494,8671,4271
198771328828,22,3085,57,2065,8671,4272
198771339935,200,3527,168,15520,8672,4272
198771350978,135,2845,103,7924,8673,4272
198771362722,26,4471,54,2170,8673,4273
198771373135,245,3129,54,2498,8674,4273
198771384054,473,3255,163,14687,8675,4273
198771395245,24,3136,56,2390,8675,4274
198771406338,153,3337,193,18314,8676,4274
198771417862,204,3081,164,13782,8677,4274
198771428871,31,3770,73,2409,8677,4275
198771439943,157,3416,92,7167,8678,4275
198771451040,207,4332,148,5211,8679,4275
198771462010,26,3214,41,1129,8679,4276
198771473066,173,2896,32,1071,8680,4276
198771484101,255,3003,361,35851,8681,4276
198771495160,24,3093,69,4216,8681,4277
198771506673,156,4151,61,2690,8682,4277
198771517886,188,3342,82,2661,8683,4277
198771529190,30,3051,62,2057,8683,4278
198771540040,210,3369,166,14929,8684,4278
198771551011,211,4886,67,2510,8685,4278
198771562024,27,2940,195,2126,8685,4279
198771573406,585,3196,102,7508,8686,4279
198771584239,457,3213,179,15399,8687,4279
198771595385,26,3112,57,2394,8687,4280
198771606397,1840,3010,118,8150,8688,4280
198771617442,243,2996,54,2404,8689,4280
198771628454,28,3117,63,2054,8689,4281
198771639796,333,3316,168,14688,8690,4281
198771650924,241,3790,118,8235,8691,4281
198771662114,26,3334,64,2049,8691,4282
198771673187,183,2682,182,15342,8692,4282
198771684167,172,2675,110,8360,8693,4282
198771695393,159,2757,54,2119,8693,4283
198771706253,154,2667,172,15602,8694,4283
198771717783,178,2689,124,8166,8695,4283
198771728818,31,2720,55,2102,8695,4284
198771739857,213,2746,49,1566,8696,4284
198771750858,161,2655,69,2942,8697,4284
198771761959,26,2633,47,980,8697,4285
198771773086,356,2706,41,956,8698,4285
198771784054,151,2739,318,33332,8699,4285
198771795628,33,47089,135,3816,8699,4286
198771853957,1394,4261,172,8869,8700,4286
198771865160,193,2657,84,2378,8701,4286
198771876337,35,2632,73,2081,8701,4287
198771887484,199,4011,248,14316,8702,4287
198771898640,191,4171,143,7973,8703,4287
198771909851,89,3480,63,2055,8703,4288
198771920923,160,3935,184,15090,8704,4288
198771932051,260,3347,117,8392,8705,4288
198771942942,25,2618,57,2269,8705,4289
198771954329,162,2612,173,15770,8706,4289
198771965455,316,3013,105,8182,8707,4289
198771976171,21,2790,44,2062,8707,4290
198771987368,172,3040,74,4766,8708,4290
198771998414,129,2874,375,35795,8709,4290
198772009904,29,3177,69,4082,8709,4291
198772020928,200,3328,59,3076,8710,4291
198772032081,260,3111,182,15350,8711,4291
198772043110,20,2962,112,2439,8711,4292
198772054179,219,3477,51,2575,8712,4292
198772065199,326,3443,100,7538,8713,4292
198772076209,21,3079,45,2214,8713,4293
198772087554,472,3139,179,15404,8714,4293
198772098834,355,3054,186,7842,8715,4293
198772109884,31,3001,98,2314,8715,4294
198772120905,170,2760,61,2749,8716,4294
198772131926,259,4426,165,14741,8717,4294
198772142933,25,2796,56,2335,8717,4295
198772154089,162,2856,115,8294,8718,4295
198772165511,183,3159,179,15343,8719,4295
198772176568,25,3232,57,2460,8719,4296
198772187727,182,3474,57,3333,8720,4296
198772198833,120,3702,57,2560,8721,4296
198772210008,28,3648,88,2354,8721,4297
198772220945,229,3000,112,8275,8722,4297
198772232029,122,2893,61,2347,8723,4297
198772243130,46,2970,50,2125,8723,4298
198772254165,435,3703,156,14467,8724,4298
198772265361,129,3141,271,27673,8725,4298
198772276334,21,3123,50,2292,8725,4299
198772287422,467,3300,160,14921,8726,4299
198772298395,232,3483,43,1645,8727,4299
198772309968,25,3348,55,1029,8727,4300
198772320962,166,3631,45,1025,8728,4300
198772332028,550,3234,310,32790,8729,4300
198772343169,40,3260,93,3858,8729,4301
198772354147,133,3600,105,8435,8730,4301
198772365209,254,3362,57,2465,8731,4301
198772376373,28,2601,45,1980,8731,4302
198772387589,149,3598,151,14230,8732,4302
198772398570,115,4161,954,8099,8733,4302
198772409576,21,2996,42,2079,8733,4303
198772420661,156,3455,176,15091,8734,4303
198772431786,299,3236,65,3421,8735,4303
198772442807,21,3364,60,2234,8735,4304
198772454204,179,3723,106,7591,8736,4304
198772465326,181,3608,61,2407,8737,4304
198772476451,24,3732,52,2047,8737,4305
198772487354,147,3149,54,2346,8738,4305
198772498727,219,3280,155,14672,8739,4305
198772509749,20,2864,63,2419,8739,4306
198772521009,439,3115,110,8154,8740,4306
198772531998,204,3194,202,15399,8741,4306
198772543175,28,3792,546,2394,8741,4307
198772554251,150,2744,75,2753,8742,4307
198772565255,349,3419,130,6750,8743,4307
198772576310,19,2804,114,1243,8743,4308
198772587328,224,2975,69,4284,8744,4308
198772598354,329,3378,34,1057,8745,4308
198772609664,34,2974,32,1013,8745,4309
198772620768,417,3223,398,35634,8746,4309
198772631866,1530,3619,226,16558,8747,4309
198772642996,31,3973,76,2761,8747,4310
198772654463,251,31738,232,8133,8748,4310
198772697649,222,3014,98,3655,8749,4310
198772709183,31,4106,70,2085,8749,4311
198772720282,861,5811,78,2535,8750,4311
198772731421,266,3135,63,2185,8751,4311
198772742456,26,4373,73,1987,8751,4312
198772753618,213,3626,278,14536,8752,4312
198772764794,287,3279,188,8023,8753,4312
198772775613,29,2992,49,2091,8753,4313
198772786637,157,3081,171,15096,8754,4313
198772797701,160,2972,61,2600,8755,4313
198772809283,29,3148,57,2225,8755,4314
198772820159,243,3742,110,7620,8756,4314
198772831371,185,4419,170,15219,8757,4314
198772842374,22,2925,54,2043,8757,4315
198772853439,359,3024,51,1973,8758,4315
198772864511,169,3152,43,976,8759,4315
198772875541,28,2970,38,971,8759,4316
198772886683,255,3568,351,35867,8760,4316
198772898140,272,3244,118,9797,8761,4316
198772909175,24,3085,54,2614,8761,4317
198772920155,157,2972,164,13896,8762,4317
198772931316,316,3163,70,3856,8763,4317
198772942128,28,3035,60,2276,8763,4318
198772953663,593,3186,108,7864,8764,4318
198772964887,526,3430,1197,14771,8765,4318
198772975747,23,4654,59,2397,8765,4319
198772986736,180,4140,110,8824,8766,4319
198772997864,173,3093,161,14785,8767,4319
198773008939,26,2735,52,2287,8767,4320
198773019963,140,4587,115,8067,8768,4320
198773030979,295,3250,173,15206,8769,4320
198773042282,29,2949,110,2491,8769,4321
198773053432,291,3252,64,2757,8770,4321
198773064494,199,4065,143,7751,8771,4321
198773075500,24,3014,45,2155,8771,4322
198773086910,351,3938,181,14790,8772,4322
198773097941,295,3507,356,37556,8773,4322
198773109178,29,3160,71,4037,8773,4323
198773120240,370,3570,59,2998,8774,4323
198773131412,395,3847,159,14820,8775,4323
198773142369,21,3191,51,2649,8775,4324
198773153395,135,3845,84,1843,8776,4324
198773164530,319,3142,62,1412,8777,4324
198773175577,29,3275,41,998,8777,4325
198773186992,161,3185,56,998,8778,4325
198773198219,318,3746,358,35077,8779,4325
198773209056,26,6947,77,4019,8779,4326
198773219971,127,2860,166,15835,8780,4326
198773231014,373,3058,107,7903,8781,4326
198773242154,21,3363,67,2171,8781,4327
198773253249,127,3461,153,13718,8782,4327
198773264492,287,3514,159,7920,8783,4327
198773275503,26,3632,49,2134,8783,4328
198773286538,171,3315,163,14786,8784,4328
198773298097,300,3029,57,2775,8785,4328
198773309173,23,2814,48,2153,8785,4329
198773320174,277,3690,450,7559,8786,4329
198773331298,276,3470,170,15089,8787,4329
198773342350,30,3176,114,1898,8787,4330
198773353368,877,3070,272,27464,8788,4330
198773364491,377,3750,59,2146,8789,4330
198773375541,25,2701,43,1802,8789,4331
198773386579,226,3549,288,14440,8790,4331
198773397858,358,3294,104,7862,8791,4331
198773409050,32,2576,59,2035,8791,4332
198773420129,543,4138,151,12482,8792,4332
198773431251,431,3936,133,7978,8793,4332
198773442484,29,3189,47,1967,8793,4333
198773453544,148,3193,69,4466,8794,4333
198773464784,124,4258,98,1032,8795,4333
198773475788,31,3167,34,1003,8795,4334
198773486804,287,3732,353,35574,8796,4334
198773497915,255,3767,170,15721,8797,4334
198773508752,20,3601,56,2685,8797,4335
198773520174,314,3168,146,8038,8798,4335
198773531220,329,3930,165,14971,8799,4335
198773542364,146,3438,58,2315,8799,4336
198773553334,269,3224,63,2505,8800,4336
198773564320,126,2884,148,7483,8801,4336
198773575907,64,2597,121,2149,8801,4337
198773586903,154,3157,226,15344,8802,4337
198773597948,335,3688,106,7834,8803,4337
198773609035,23,3662,52,2116,8803,4338
198773620072,506,3621,59,2388,8804,4338
198773631204,307,3477,186,14841,8805,4338
198773642364,21,3155,47,2318,8805,4339
198773653571,190,3503,104,7986,8806,4339
198773664400,350,3537,179,15288,8807,4339
198773675726,31,3016,74,2611,8807,4340
198773686787,5592,3365,126,9195,8808,4340
198773697785,424,4292,267,15601,8809,4340
198773708813,42,3475,111,2562,8809,4341
198773720341,151,3392,55,2316,8810,4341
198773731410,147,3607,114,8165,8811,4341
198773742459,24,2972,48,2198,8811,4342
198773753487,243,3243,161,13732,8812,4342
198773764553,173,3007,121,8184,8813,4342
198773775685,33,3013,66,2151,8813,4343
198773786692,504,3399,1852,15113,8814,4343
198773797858,818,3496,69,2572,8815,4343
198773809010,64,3964,104,2142,8815,4344
198773819972,167,2719,145,7312,8816,4344
198773831074,271,4711,302,15429,8817,4344
198773842143,35,3363,90,2412,8817,4345
198773853269,165,3402,168,8178,8818,4345
198773864406,168,2764,77,2445,8819,4345
198773875542,152,3103,70,2186,8819,4346
198773886671,157,2675,219,14798,8820,4346
198773897898,289,3318,117,8415,8821,4346
198773908937,31,3323,50,2181,8821,4347
198773920119,225,2799,179,15383,8822,4347
198773931164,250,3333,117,8503,8823,4347
198773942546,28,2737,51,2253,8823,4348
198773953639,240,3229,180,15840,8824,4348
198773964618,144,3837,115,8009,8825,4348
198773975758,22,2854,62,1570,8825,4349
198773986893,172,3252,91,5100,8826,4349
198773997947,126,2909,35,1068,8827,4349
198774009109,475,3922,45,1023,8827,4350
198774020016,133,3143,341,35574,8828,4350
198774031079,345,3237,322,16904,8829,4350
198774042137,24,3041,52,2842,8829,4351
198774053208,217,3201,308,2778,8830,4351
198774064800,448,3376,129,7504,8831,4351
198774075479,32,2933,60,2229,8831,4352
198774086533,303,3427,661,15413,8832,4352
198774098160,206,3390,105,7733,8833,4352
198774109220,26,4093,84,2131,8833,4353
198774119954,214,3215,55,2444,8834,4353
198774131076,761,3232,166,14637,8835,4353
198774142250,26,3210,69,2437,8835,4354
198774153181,159,3284,126,8211,8836,4354
198774164772,225,3415,272,15208,8837,4354
198774175792,29,2812,67,2593,8837,4355
198774186905,775,3333,118,9096,8838,4355
198774197934,167,3489,172,15711,8839,4355
198774208964,21,3274,56,2642,8839,4356
198774220087,180,3049,153,8343,8840,4356
198774231207,258,3484,60,2370,8841,4356
198774242229,21,3411,47,2136,8841,4357
198774253326,327,4080,186,14510,8842,4357
198774264401,297,3555,314,27896,8843,4357
198774275505,23,3210,47,2167,8843,4358
198774286651,148,3242,91,6326,8844,4358
198774297690,505,3189,54,1220,8845,4358
198774308738,22,2885,43,1151,8845,4359
198774320350,157,3300,351,35315,8846,4359
198774331363,123,2881,196,17669,8847,4359
198774342377,26,2729,57,2849,8847,4360
198774353484,181,3681,115,8152,8848,4360
198774364573,662,3350,62,2577,8849,4360
198774375611,22,3132,49,2220,8849,4361
198774386665,400,3201,168,14754,8850,4361
198774397726,179,3226,169,8141,8851,4361
198774408786,21,2862,92,2109,8851,4362
198774419948,372,3154,177,15046,8852,4362
198774431406,167,3486,74,3497,8853,4362
198774442492,24,2923,106,2375,8853,4363
198774453550,195,3379,111,7939,8854,4363
198774464631,161,3173,61,2533,8855,4363
198774475698,22,3341,48,2101,8855,4364
198774486714,687,3321,58,2379,8856,4364
198774497850,175,3500,172,14947,8857,4364
198774508907,36,3079,60,2489,8857,4365
198774519946,404,4628,108,8229,8858,4365
198774530957,271,3467,205,15536,8859,4365
198774542482,27,2794,58,2367,8859,4366
198774553577,242,4312,102,2646,8860,4366
198774564588,134,4144,123,7567,8861,4366
198774575606,20,3657,49,2288,8861,4367
198774586632,141,4526,235,15351,8862,4367
198774597737,115,4264,49,1519,8863,4367
198774608708,18,3216,31,989,8863,4368
198774620272,115,2927,38,988,8864,4368
198774631333,181,4720,532,35759,8865,4368
198774642076,25,3017,64,4008,8865,4369
198774653611,144,3516,113,8231,8866,4369
198774664725,505,3064,514,13279,8867,4369
198774675848,25,3238,52,2174,8867,4370
198774686876,144,3211,44,2133,8868,4370
198774697923,132,3485,105,7363,8869,4370
198774708963,22,3392,45,2133,8869,4371
198774720017,702,3112,214,14059,8870,4371
198774731101,131,3508,103,7378,8871,4371
198774742123,22,3497,44,2116,8871,4372
198774753643,132,3132,155,14605,8872,4372
198774764681,412,3014,147,8286,8873,4372
198774775709,24,3758,46,2210,8873,4373
198774786897,263,3097,832,15166,8874,4373
198774798051,493,3052,57,2683,8875,4373
198774809088,20,3434,69,2227,8875,4374
198774820155,359,3105,99,7492,8876,4374
198774831161,508,3474,174,15078,8877,4374
198774842262,19,3586,45,1861,8877,4375
198774853324,265,3702,268,27590,8878,4375
198774864495,390,8000,47,2162,8879,4375
198774875432,19,3186,43,1800,8879,4376
198774886985,316,3238,153,14524,8880,4376
198774897997,138,3099,160,8003,8881,4376
198774909029,21,2637,48,1982,8881,4377
198774920080,371,4627,143,11989,8882,4377
198774931269,340,3530,60,1402,8883,4377
198774942330,25,3281,39,958,8883,4378
198774953370,175,3441,36,958,8884,4378
198774964420,172,3341,313,33087,8885,4378
198774975410,18,7111,68,3811,8885,4379
198774987018,576,3454,104,8299,8886,4379
198774998024,530,3463,152,13770,8887,4379
198775009007,19,3377,43,2249,8887,4380
198775020040,188,3660,98,7971,8888,4380
198775031250,237,3193,163,15058,8889,4380
198775042219,20,3031,51,2472,8889,4381
198775053255,263,3117,78,2744,8890,4381
198775064350,283,3403,95,7441,8891,4381
198775075839,27,2828,92,2133,8891,4382
198775086802,302,3594,296,15420,8892,4382
198775098085,300,3363,108,7917,8893,4382
198775109041,21,3043,48,2055,8893,4383
198775120201,124,3231,52,1975,8894,4383
198775131125,372,3258,321,33800,8895,4383
198775142239,24,3204,119,2709,8895,4384
198775153348,134,3118,97,8009,8896,4384
198775164425,224,4082,172,13211,8897,4384
198775175529,29,3298,61,2302,8897,4385
198775186980,257,4145,93,6827,8898,4385
198775197980,308,2858,159,14677,8899,4385
198775209142,20,2579,38,1426,8899,4386
198775220168,292,3275,44,1272,8900,4386
198775231229,364,3247,38,955,8901,4386
198775242253,20,3023,32,955,8901,4387
198775253270,315,3527,384,35597,8902,4387
198775264904,149,3182,73,4611,8903,4387
198775275993,20,3285,80,2428,8903,4388
198775286956,249,4069,160,15151,8904,4388
198775297949,294,3552,53,2650,8905,4388
198775308968,21,3675,77,2161,8905,4389
198775321338,425,3745,120,7499,8906,4389
198775330948,2103,4188,188,15370,8907,4389
198775342440,32,3088,397,2513,8907,4390
198775353449,5814,3531,126,8250,8908,4390
198775364579,146,2946,84,2385,8909,4390
198775375602,27,3082,55,2104,8909,4391
198775386664,210,3047,168,14784,8910,4391
198775397918,144,4058,899,8250,8911,4391
198775411028,29,4681,97,2217,8911,4392
198775419912,340,3362,151,12510,8912,4392
198775430957,219,5682,2777,8633,8913,4392
198775442223,31,3133,49,2184,8913,4393
198775453430,284,5395,3764,15280,8914,4393
198775464700,136,2752,117,1496,8915,4393
198775475701,24,3015,33,1072,8915,4394
198775486799,157,3343,356,35722,8916,4394
198775497830,500,5341,87,4489,8917,4394
198775509007,28,3754,59,2481,8917,4395
198775520322,219,3852,78,2830,8918,4395
198775531668,237,3242,214,15232,8919,4395
198775542333,26,5014,64,2418,8919,4396
198775553370,138,3559,118,2539,8920,4396
198775564418,177,23844,186,7483,8921,4396
198775600119,208,2727,113,2482,8922,4396
198775610914,31,2816,77,2075,8922,4397
198775622185,174,4355,69,2360,8923,4397
198775633262,214,4341,248,14530,8924,4397
198775644418,36,3169,88,2440,8924,4398
198775655536,232,3508,186,8250,8925,4398
198775666699,277,4041,184,15154,8926,4398
198775677720,30,2991,57,2324,8926,4399
198775688926,274,3378,71,3036,8927,4399
198775699839,380,2943,56,2347,8928,4399
198775710857,24,3102,57,2184,8928,4400
198775722151,169,3385,105,7929,8929,4400
198775733194,195,3720,55,2409,8930,4400
198775744249,25,3128,57,2174,8930,4401
198775755323,176,3234,156,13893,8931,4401
198775766408,172,3459,427,37769,8932,4401
198775777439,28,3513,72,4038,8932,4402
198775789003,273,3523,94,6312,8933,4402
198775800036,169,3222,46,1182,8934,4402
198775811047,24,3283,42,1094,8934,4403
198775822082,144,3409,37,1082,8935,4403
198775833560,683,3646,323,32715,8936,4403
198775844183,31,3272,352,3893,8936,4404
198775855890,482,3305,114,8392,8937,4404
198775866373,262,3391,68,2730,8938,4404
198775877476,27,3530,64,2157,8938,4405
198775888956,173,3336,168,14243,8939,4405
198775900023,138,3158,141,8081,8940,4405
198775911049,34,3093,70,1995,8940,4406
198775922074,577,3285,583,14964,8941,4406
198775933110,310,3560,65,3396,8942,4406
198775944144,25,2877,114,2253,8942,4407
198775955226,146,3520,105,7635,8943,4407
198775966704,128,3414,59,2449,8944,4407
198775977777,23,3289,52,2101,8944,4408
198775988821,250,3458,62,2348,8945,4408
198775999872,121,2816,159,14746,8946,4408
198776010918,22,3356,83,2376,8946,4409
198776021947,177,3912,141,8222,8947,4409
198776033388,195,3350,182,15271,8948,4409
198776044954,27,3283,69,2238,8948,4410
198776055470,254,3660,990,2596,8949,4410
198776066646,202,3542,107,7380,8950,4410
198776077648,23,2825,55,2056,8950,4411
198776088763,181,3588,177,15072,8951,4411
198776099893,158,3268,48,1379,8952,4411
198776110974,25,3226,50,973,8952,4412
198776122252,845,3452,40,977,8953,4412
198776133043,240,3001,383,35693,8954,4412
198776144135,41,2999,72,4034,8954,4413
198776155661,210,3804,107,8221,8955,4413
198776166735,215,3335,177,14103,8956,4413
198776177747,27,3322,56,2480,8956,4414
198776188775,172,3871,62,3240,8957,4414
198776199741,123,3311,100,7784,8958,4414
198776210818,20,3035,72,2273,8958,4415
198776222305,279,4291,160,14712,8959,4415
198776233356,203,3409,105,7333,8960,4415
198776244322,23,2855,48,2121,8960,4416
198776255279,311,3434,163,14709,8961,4416
198776266314,361,3326,158,8471,8962,4416
198776277860,22,3244,51,2159,8962,4417
198776288908,344,4015,2612,15327,8963,4417
198776299964,155,2998,78,2874,8964,4417
198776310998,23,3189,85,2226,8964,4418
198776321986,158,3042,97,7508,8965,4418
198776333014,364,3370,175,15561,8966,4418
198776344569,23,3175,60,2572,8966,4419
198776355624,129,3014,1123,8381,8967,4419
198776366825,462,3469,57,2485,8968,4419
198776378057,45,3289,52,2165,8968,4420
198776388960,590,4277,173,15048,8969,4420
198776400020,260,3146,132,8285,8970,4420
198776411057,30,3222,57,2203,8970,4421
198776422135,141,3505,145,11867,8971,4421
198776433168,203,3511,138,1457,8972,4421
198776444176,26,2748,38,972,8972,4422
198776455198,309,2893,37,972,8973,4422
198776466333,330,3232,36,972,8974,4422
198776477813,22,3253,38,972,8974,4423
198776488856,346,3374,435,35619,8975,4423
198776500031,253,3443,171,15718,8976,4423
198776511063,23,3180,57,2707,8976,4424
198776522104,217,3494,108,8046,8977,4424
198776533236,249,3509,179,15021,8978,4424
198776544286,29,3339,53,2303,8978,4425
198776555301,260,3136,79,2441,8979,4425
198776566448,138,4400,103,7443,8980,4425
198776577471,23,3795,101,2209,8980,4426
198776588668,194,3922,174,15363,8981,4426
198776599892,632,3629,113,7861,8982,4426
198776610816,24,3023,61,2107,8982,4427
198776622044,240,3021,51,2370,8983,4427
198776633111,192,2957,163,14876,8984,4427
198776644135,24,3097,57,2472,8984,4428
198776655232,462,3484,116,8401,8985,4428
198776666689,151,4248,211,15289,8986,4428
198776677889,35,3220,65,2581,8986,4429
198776688879,208,3374,111,9257,8987,4429
198776699954,280,3651,5542,15727,8988,4429
198776711077,22,3167,60,2486,8988,4430
198776722212,256,3560,109,8129,8989,4430
198776733216,174,3434,51,1679,8990,4430
198776744255,20,3158,38,1075,8990,4431
198776755316,178,3460,85,5142,8991,4431
198776766339,152,3522,36,1066,8992,4431
198776777403,21,3114,87,1053,8992,4432
198776789136,335,3117,971,33478,8993,4432
198776799991,254,3431,74,4029,8994,4432
198776811041,22,3282,57,2363,8994,4433
198776822126,140,3266,99,7477,8995,4433
198776833146,209,3167,164,14770,8996,4433
198776844139,21,3030,52,2370,8996,4434
198776855231,473,3464,107,7926,8997,4434
198776866538,127,3488,49,2292,8998,4434
198776877569,22,3343,51,1944,8998,4435
198776888606,132,3086,160,14458,8999,4435
198776899698,331,3046,113,8245,9000,4435
198776911195,23,3162,53,2089,9000,4436
198776922348,273,3475,171,15055,9001,4436
198776933374,147,3923,71,3344,9002,4436
198776944751,23,3248,54,2153,9002,4437
198776955285,195,3464,57,2308,9003,4437
198776966463,228,3594,106,7641,9004,4437
198776977476,25,3630,128,2059,9004,4438
198776988584,279,3736,57,2332,9005,4438
198776999647,275,3336,293,13754,9006,4438
198777011194,29,3396,46,1274,9006,4439
198777022241,194,3268,198,19131,9007,4439
198777033286,155,3402,73,4611,9008,4439
198777044355,24,3474,43,1026,9008,4440
198777055437,136,3580,36,1014,9009,4440
198777066584,130,3682,343,35499,9010,4440
198777077802,19,2799,73,4107,9010,4441
198777088789,203,3465,169,15977,9011,4441
198777099841,195,3541,106,7930,9012,4441
198777110737,26,3244,52,2259,9012,4442
198777122224,141,3555,61,2539,9013,4442
198777133572,821,4185,176,14776,9014,4442
198777144353,40,3016,69,2290,9014,4443
198777155373,300,3983,168,7913,9015,4443
198777166794,365,4372,182,15300,9016,4443
198777177329,29,2628,64,2390,9016,4444
198777191027,1408,3138,139,3154,9017,4444
198777199967,255,3869,63,2442,9018,4444
198777211030,26,3177,49,2203,9018,4445
198777222087,900,3259,169,7910,9019,4445
198777233385,248,3511,74,2318,9020,4445
198777244395,26,3024,52,2059,9020,4446
198777255437,768,3706,162,14649,9021,4446
198777266792,321,3783,104,8031,9022,4446
198777277795,22,2760,116,2180,9022,4447
198777288851,346,2968,162,15081,9023,4447
198777299884,324,3798,53,2037,9024,4447
198777310953,21,3231,46,1297,9024,4448
198777321990,305,4357,46,1277,9025,4448
198777333003,423,5282,372,32679,9026,4448
198777344545,50,3001,83,3843,9026,4449
198777355575,116,3158,101,8199,9027,4449
198777366668,484,3464,55,2530,9028,4449
198777377735,22,3310,52,2160,9028,4450
198777388730,315,3107,157,13923,9029,4450
198777399790,178,3084,104,7976,9030,4450
198777411091,46,3198,53,2013,9030,4451
198777422165,181,3509,173,14934,9031,4451
198777437374,2563,3045,71,3329,9032,4451
198777444176,23,3036,71,2146,9032,4452
198777455253,282,3182,133,7587,9033,4452
198777466315,250,2963,55,2443,9034,4452
198777477854,25,3136,55,2129,9034,4453
198777488938,313,3475,60,2415,9035,4453
198777499969,165,3028,165,14695,9036,4453
198777511020,23,3194,55,2379,9036,4454
198777522011,205,2762,107,8171,9037,4454
198777533205,212,3438,170,15380,9038,4454
198777544341,22,2640,63,2546,9038,4455
198777557655,869,3651,59,2782,9039,4455
198777566464,369,3364,95,7286,9040,4455
198777577485,26,3675,53,1558,9040,4456
198777588786,170,3732,80,4900,9041,4456
198777600028,434,3621,371,35655,9042,4456
198777610734,23,3173,68,4005,9042,4457
198777622278,156,2935,183,2667,9043,4457
198777633352,128,2648,161,14767,9044,4457
198777644364,26,2618,61,2372,9044,4458
198777655663,170,2796,117,7948,9045,4458
198777666535,207,2744,179,15327,9046,4458
198777677517,25,2641,54,2465,9046,4459
198777688616,182,32277,122,3338,9047,4459
198777732270,177,3278,314,7191,9048,4459
198777743883,30,3361,68,2157,9048,4460
198777754931,281,3817,241,14569,9049,4460
198777765974,133,4330,178,8276,9050,4460
198777777271,78,2613,61,2212,9050,4461
198777788303,180,4152,319,15341,9051,4461
198777799792,262,3343,67,2647,9052,4461
198777810378,23,3662,68,2175,9052,4462
198777821397,208,3984,1386,7551,9053,4462
198777832526,273,3342,171,15500,9054,4462
198777843534,27,3683,61,2414,9054,4463
198777854550,278,3845,120,8176,9055,4463
198777866065,262,3580,59,2568,9056,4463
198777876804,29,3148,58,2221,9056,4464
198777887825,364,3979,234,14093,9057,4464
198777899116,198,3033,62,1761,9058,4464
198777910258,27,2634,36,1010,9058,4465
198777921368,185,2973,41,1010,9059,4465
198777932282,165,3290,1120,34309,9060,4465
198777944268,32,2855,142,4037,9060,4466
198777954768,290,3262,112,8003,9061,4466
198777965878,506,3637,171,15063,9062,4466
198777976968,24,2829,59,2428,9062,4467
198777987998,227,3169,146,7968,9063,4467
198777999142,198,3176,204,14131,9064,4467
198778010123,69,2839,221,2411,9064,4468
198778021603,203,9888,180,8362,9065,4468
198778033757,228,3479,92,4435,9066,4468
198778043655,47,3823,68,1155,9066,4469
198778054735,252,9911,518,34399,9067,4469
198778065923,150,2910,54,1436,9068,4469
198778076953,25,3038,56,990,9068,4470
198778088065,169,3560,491,33039,9069,4470
198778099264,203,3402,163,9726,9070,4470
198778110150,27,3241,61,2390,9070,4471
198778121348,137,4309,56,2467,9071,4471
198778132319,288,3720,160,14204,9072,4471
198778143440,36,3182,64,2296,9072,4472
198778154867,299,3298,104,8029,9073,4472
198778165975,323,3530,199,15174,9074,4472
198778177079,27,2776,55,2222,9074,4473
198778188219,199,3144,58,3026,9075,4473
198778199347,217,4430,55,2282,9076,4473
198778210267,24,2876,46,2133,9076,4474
198778221320,166,3614,149,7794,9077,4474
198778232643,138,3221,53,2339,9078,4474
198778243772,22,3050,56,2061,9078,4475
198778254747,232,3013,152,14682,9079,4475
198778265753,336,3064,142,8256,9080,4475
198778276755,21,2867,48,2198,9080,4476
198778288320,328,6046,217,15076,9081,4476
198778299325,155,3409,59,2628,9082,4476
198778310347,24,2781,49,2093,9082,4477
198778321395,348,3739,94,7217,9083,4477
198778332393,127,2964,73,5154,9084,4477
198778343408,23,4174,211,1097,9084,4478
198778354630,405,3384,46,1009,9085,4478
198778365748,295,3303,47,996,9086,4478
198778377045,31,2800,42,996,9086,4479
198778388260,732,3625,543,35475,9087,4479
198778399310,372,3376,134,9781,9088,4479
198778410339,32,2957,63,2591,9088,4480
198778421483,179,3093,170,13903,9089,4480
198778432296,226,3484,75,3400,9090,4480
198778443809,24,3045,51,2198,9090,4481
198778454867,144,3476,99,7705,9091,4481
198778465944,143,3189,69,2430,9092,4481
198778476760,29,3558,62,2071,9092,4482
198778487939,176,3292,53,2359,9093,4482
198778499052,831,3056,174,14602,9094,4482
198778510126,31,3305,67,2157,9094,4483
198778521225,460,2791,124,8061,9095,4483
198778532449,554,3076,169,14351,9096,4483
198778543402,30,4054,69,2566,9096,4484
198778554719,287,3978,69,2811,9097,4484
198778565899,200,3655,114,7123,9098,4484
198778577068,30,3051,60,1518,9098,4485
198778588175,186,3479,182,15083,9099,4485
198778599309,306,3282,62,1417,9100,4485
198778610381,42,3272,56,1036,9100,4486
198778621444,280,3512,54,1037,9101,4486
198778632453,1631,3275,368,35790,9102,4486
198778643429,33,3002,82,4018,9102,4487
198778654517,185,3000,117,8245,9103,4487
198778665894,183,3611,175,14215,9104,4487
198778676783,32,3215,63,2535,9104,4488
198778687986,209,3364,105,3312,9105,4488
198778699360,166,3457,108,7810,9106,4488
198778710393,24,3405,72,2371,9106,4489
198778721528,183,3508,81,2757,9107,4489
198778732694,198,2859,62,2361,9108,4489
198778743699,32,2916,96,2157,9108,4490
198778754745,243,3264,171,14798,9109,4490
198778765626,479,3087,120,8071,9110,4490
198778777298,33,3116,110,2255,9110,4491
198778787812,208,3413,185,15074,9111,4491
198778799354,201,3341,75,2969,9112,4491
198778810512,34,3070,73,2367,9112,4492
198778821495,244,3282,117,7770,9113,4492
198778832550,180,3230,172,15678,9114,4492
198778843788,28,3153,67,2638,9114,4493
198778855146,364,3309,115,8418,9115,4493
198778866153,189,3224,79,1531,9116,4493
198778877150,56,3186,49,1072,9116,4494
198778888430,245,3064,90,5287,9117,4494
198778899059,225,5140,376,35771,9118,4494
198778910494,35,3480,107,4130,9118,4495
198778921347,215,3267,185,15494,9119,4495
198778932601,244,3519,97,3631,9120,4495
198778943432,29,3089,57,2260,9120,4496
198778954671,241,3493,108,7697,9121,4496
198778965742,148,3472,190,15493,9122,4496
198778976776,23,3195,77,2510,9122,4497
198778988267,223,3417,140,8856,9123,4497
198778998982,176,3583,166,14821,9124,4497
198779010460,26,3180,60,2360,9124,4498
198779021246,269,3200,105,8081,9125,4498
198779032382,497,3055,169,15296,9126,4498
198779043640,26,3044,60,2251,9126,4499
198779054808,597,3151,55,2636,9127,4499
198779065799,151,3694,104,7437,9128,4499
198779076884,119,3244,114,2171,9128,4500
198779087971,169,3443,186,15563,9129,4500
198779099386,361,3152,122,7933,9130,4500
198779110421,27,3157,58,2206,9130,4501
198779121455,216,3338,58,2571,9131,4501
198779132529,159,3428,160,14669,9132,4501
198779143505,23,2977,89,2345,9132,4502
198779154903,188,3345,49,1712,9133,4502
198779166013,190,3516,52,974,9134,4502
198779176891,26,2643,35,974,9134,4503
198779187946,133,3340,332,34266,9135,4503
198779199033,399,3190,160,9516,9136,4503
198779210519,25,3334,64,2657,9136,4504
198779221561,224,3834,162,15014,9137,4504
198779232631,175,3105,108,7897,9138,4504
198779243649,25,3087,50,2263,9138,4505
198779254732,126,3232,272,13740,9139,4505
198779266071,176,3493,112,8190,9140,4505
198779277132,26,2991,55,2060,9140,4506
198779288134,792,3474,168,14741,9141,4506
198779299170,251,3516,61,2701,9142,4506
198779310215,25,3026,55,2214,9142,4507
198779321304,172,3460,99,7451,9143,4507
198779332623,218,3005,172,15516,9144,4507
198779344090,25,2819,60,2350,9144,4508
198779354952,123,3233,100,8093,9145,4508
198779366022,244,3485,68,2433,9146,4508
198779377077,41,3358,58,2130,9146,4509
198779388167,186,3448,185,14799,9147,4509
198779399234,291,3370,143,8199,9148,4509
198779410052,28,3082,57,2149,9148,4510
198779421623,202,3390,154,12689,9149,4510
198779432784,449,3092,107,7673,9150,4510
198779443676,20,2975,69,2182,9150,4511
198779454879,206,3544,154,14619,9151,4511
198779465973,693,3350,104,1422,9152,4511
198779477027,23,3609,41,1033,9152,4512
198779488084,236,3472,38,1032,9153,4512
198779499123,214,3547,353,35959,9154,4512
198779510270,30,2829,74,4097,9154,4513
198779521364,220,3586,56,3103,9155,4513
198779532371,131,3367,867,15370,9156,4513
198779543374,25,3340,55,2346,9156,4514
198779554992,132,3187,51,2488,9157,4514
198779566072,517,3573,108,7468,9158,4514
198779577067,25,3038,50,2070,9158,4515
198779588038,941,3225,180,15166,9159,4515
198779599509,245,3061,100,7913,9160,4515
198779610134,27,2981,160,2157,9160,4516
198779621218,251,3770,57,2546,9161,4516
198779632698,403,3165,173,14959,9162,4516
198779643737,23,2983,56,2307,9162,4517
198779654807,139,3187,109,8116,9163,4517
198779665853,363,3275,178,15311,9164,4517
198779676945,28,3478,56,2408,9164,4518
198779688026,180,3146,117,8816,9165,4518
198779699039,215,3324,190,15589,9166,4518
198779710090,29,3014,88,2524,9166,4519
198779721128,274,2992,109,8190,9167,4519
198779732686,158,3146,60,2432,9168,4519
198779743745,21,3272,60,2129,9168,4520
198779754817,831,3180,174,14677,9169,4520
198779765909,139,3190,102,8006,9170,4520
198779776964,25,3101,52,1519,9170,4521
198779788056,338,2991,93,6689,9171,4521
198779799069,571,3162,50,1165,9172,4521
198779810138,23,3101,47,1075,9172,4522
198779821094,157,3729,561,35293,9173,4522
198779832747,360,3238,197,17599,9174,4522
198779843825,21,2927,59,2787,9174,4523
198779854879,300,3465,187,8031,9175,4523
198779865815,176,3385,58,2511,9176,4523
198779877186,28,3113,50,2154,9176,4524
198779888355,246,3420,288,14779,9177,4524
198779899362,210,4816,109,8155,9178,4524
198779909997,33,3239,93,2068,9178,4525
198779921479,195,3670,176,15073,9179,4525
198779932573,221,3140,132,3666,9180,4525
198779943570,25,3057,57,2339,9180,4526
198779954777,282,3504,84,2457,9181,4526
198779965941,288,4479,103,7709,9182,4526
198779976981,25,2874,60,2118,9182,4527
198779988145,187,3424,54,2424,9183,4527
198779999204,143,3334,163,14690,9184,4527
198780010196,22,3038,58,2491,9184,4528
198780021591,142,3201,107,8388,9185,4528
198780032690,496,3427,195,15356,9186,4528
198780044263,293,3053,64,2413,9186,4529
198780054487,132,3133,49,2082,9187,4529
198780065996,208,3649,53,1070,9188,4529
198780076825,24,3133,43,1067,9188,4530
198780087846,160,3917,344,33258,9189,4530
198780098947,137,3157,117,10011,9190,4530
198780110458,25,3182,66,2454,9190,4531
198780121513,574,3438,59,2426,9191,4531
198780132633,502,3314,221,14334,9192,4531
198780143941,24,2780,53,2315,9192,4532
198780154490,205,3192,105,8171,9193,4532
198780165580,264,3767,179,15295,9194,4532
198780177211,26,3029,62,2594,9194,4533
198780187832,141,2982,61,3459,9195,4533
198780199096,260,3351,133,7820,9196,4533
198780210204,24,3347,48,2143,9196,4534
198780221352,149,3355,54,2489,9197,4534
198780232355,175,3225,52,2159,9198,4534
198780243423,48,3346,51,1973,9198,4535
198780254551,148,3067,161,14591,9199,4535
198780265713,309,3288,109,8155,9200,4535
198780276843,23,3012,57,2095,9200,4536
198780288042,309,2925,165,15142,9201,4536
198780299062,241,3981,67,2991,9202,4536
198780310185,23,3668,61,2387,9202,4537
198780321239,207,3495,96,6915,9203,4537
198780332304,219,3381,80,5198,9204,4537
198780343336,21,2806,37,1113,9204,4538
198780354508,430,3513,64,1078,9205,4538
198780365988,132,3215,36,1057,9206,4538
198780377167,24,3162,45,1057,9206,4539
198780388314,224,3689,364,35881,9207,4539
198780399390,129,3278,121,9894,9208,4539
198780410502,29,3331,114,2652,9208,4540
198780421647,201,2706,179,14033,9209,4540
198780432228,529,3021,79,3909,9210,4540
198780451324,445,2980,81,1748,9211,4540
198780465987,186,5629,557,35516,9212,4540
198780477532,26,4023,95,4154,9212,4541
198780488652,150,4142,57,1445,9213,4541
198780499237,144,4048,94,3046,9214,4541
198780510905,25,3425,46,1026,9214,4542
198780521991,198,4562,45,1009,9215,4542
198780532616,128,4645,331,33354,9216,4542
198780544207,23,2976,131,3904,9216,4543
198780554891,233,3916,64,2562,9217,4543
198780566428,140,3643,98,7472,9218,4543
198780577438,23,3158,54,2231,9218,4544
198780588507,274,3515,161,14637,9219,4544
198780599501,119,3170,103,7687,9220,4544
198780610847,21,3157,75,2061,9220,4545
198780621927,212,3362,59,2381,9221,4545
198780633004,290,3302,158,14512,9222,4545
198780644196,21,2741,55,2450,9222,4546
198780655226,136,3533,106,8395,9223,4546
198780666299,301,3802,173,15472,9224,4546
198780677488,25,2765,58,2306,9224,4547
198780688603,187,3276,58,2945,9225,4547
198780699572,347,3486,57,2230,9226,4547
198780710649,21,3022,52,2082,9226,4548
198780721723,3393,3028,135,7978,9227,4548
198780732940,204,3844,107,2319,9228,4548
198780744198,23,3151,49,2086,9228,4549
198780755219,134,3537,165,14610,9229,4549
198780765972,226,3105,46,1915,9230,4549
198780777207,25,3628,43,936,9230,4550
198780788588,145,3102,34,932,9231,4550
198780799412,483,2998,331,33725,9232,4550
198780810401,21,3005,80,3930,9232,4551
198780821930,352,3705,106,7880,9233,4551
198780833115,287,3080,161,14941,9234,4551
198780844135,20,2963,52,2392,9234,4552
198780855462,238,3635,105,7890,9235,4552
198780866527,303,3026,53,2655,9236,4552
198780877070,25,3126,54,2230,9236,4553
198780888511,221,3344,155,14672,9237,4553
198780899547,119,2886,107,8104,9238,4553
198780910605,21,2934,51,2120,9238,4554
198780921641,176,3035,182,15162,9239,4554
198780932862,406,3485,63,3399,9240,4554
198780943760,24,3199,54,2123,9240,4555
198780955082,135,3148,94,7269,9241,4555
198780966153,146,3486,52,2329,9242,4555
198780977269,21,3143,51,2016,9242,4556
198780988321,168,3344,50,2278,9243,4556
198780999445,136,3245,162,14486,9244,4556
198781010553,22,3246,56,2296,9244,4557
198781021615,176,3412,106,8133,9245,4557
198781032633,116,3033,160,15481,9246,4557
198781043793,33,2890,85,2360,9246,4558
198781055320,180,3225,76,1798,9247,4558
198781066406,858,3472,128,6289,9248,4558
198781077051,54,3054,56,1109,9248,4559
198781088534,190,2982,82,4229,9249,4559
198781099513,167,3306,371,35340,9250,4559
198781110548,24,3054,72,4006,9250,4560
198781121604,166,3313,75,2675,9251,4560
198781132653,177,3305,166,14724,9252,4560
198781143692,22,2847,58,2354,9252,4561
198781155275,135,2951,99,7927,9253,4561
198781166349,195,3225,170,15267,9254,4561
198781177428,28,3040,90,2448,9254,4562
198781188422,233,3236,59,3242,9255,4562
198781199386,328,4395,106,7136,9256,4562
198781210407,25,3234,50,1857,9256,4563
198781221720,168,3451,137,12236,9257,4563
198781232792,118,2934,52,2364,9258,4563
198781244052,23,3206,52,2042,9258,4564
198781255143,283,3135,305,14673,9259,4564
198781266233,159,3295,117,8111,9260,4564
198781277268,30,3513,56,2203,9260,4565
198781288404,566,3229,205,15193,9261,4565
198781299510,159,3588,723,2854,9262,4565
198781310537,28,3162,64,2324,9262,4566
198781321771,235,3143,93,6706,9263,4566
198781332791,128,3049,133,11397,9264,4566
198781343713,31,2702,62,1383,9264,4567
198781354920,211,3755,59,1247,9265,4567
198781366106,372,2897,346,35460,9266,4567
198781395994,466,2824,113,4659,9267,4567
198781410849,28,2620,52,941,9267,4568
198781421949,341,4257,60,933,9268,4568
198781433053,164,4009,41,934,9269,4568
198781444183,22,3551,49,933,9269,4569
198781455373,135,4124,546,35361,9270,4569
198781465972,370,4321,291,17546,9271,4569
198781477620,25,3897,60,2727,9271,4570
198781488660,225,4009,106,7893,9272,4570
198781499638,188,3905,170,14030,9273,4570
198781510624,29,3119,70,2374,9273,4571
198781521713,195,3221,143,8196,9274,4571
198781532818,135,3641,165,15076,9275,4571
198781544236,28,2956,69,2574,9275,4572
198781555274,162,3017,96,2768,9276,4572
198781566435,663,3456,108,7526,9277,4572
198781577592,23,3208,53,2332,9277,4573
198781588711,220,3444,174,15465,9278,4573
198781599675,208,3358,105,8048,9279,4573
198781610792,35,3306,68,2010,9279,4574
198781621748,146,3313,64,1929,9280,4574
198781632807,172,3839,332,33749,9281,4574
198781644078,21,3464,76,2799,9281,4575
198781655156,144,3237,112,8396,9282,4575
198781666309,187,3369,161,13119,9283,4575
198781677444,32,2938,52,1877,9283,4576
198781688732,205,3492,54,1544,9284,4576
198781699796,205,3380,337,35182,9285,4576
198781710798,22,3272,73,4036,9285,4577
198781721877,140,3739,174,15739,9286,4577
198781732892,156,3617,101,7784,9287,4577
198781744159,25,3295,69,2148,9287,4578
198781755168,197,3356,150,13564,9288,4578
198781766327,216,3041,113,7897,9289,4578
198781777452,26,3406,52,2094,9289,4579
198781788516,141,3765,168,14696,9290,4579
198781799711,280,3472,57,2649,9291,4579
198781810826,25,3546,52,2115,9291,4580
198781821878,179,3156,104,7506,9292,4580
198781833158,192,3560,172,15433,9293,4580
198781844204,24,3329,64,2470,9293,4581
198781855242,149,3124,105,8162,9294,4581
198781866268,391,3371,57,2283,9295,4581
198781877397,22,3026,49,1987,9295,4582
198781888449,530,3208,166,14643,9296,4582
198781899724,184,3174,142,8213,9297,4582
198781910768,37,3090,57,2233,9297,4583
198781921775,166,3209,141,12610,9298,4583
198781932876,214,3415,131,7648,9299,4583
198781943900,23,2862,50,2129,9299,4584
198781955511,503,3309,168,15322,9300,4584
198781966312,206,3285,53,1482,9301,4584
198781977590,26,3044,45,955,9301,4585
198781988459,256,3221,35,956,9302,4585
198781999751,140,3499,354,35713,9303,4585
198782010860,24,2897,74,4076,9303,4586
198782021870,295,3485,61,3056,9304,4586
198782033042,144,3868,167,15239,9305,4586
198782043807,25,3001,61,2346,9305,4587
198782055345,169,3498,61,2517,9306,4587
198782066375,124,3519,107,7462,9307,4587
198782077438,23,2810,53,2098,9307,4588
198782088570,304,3344,174,15295,9308,4588
198782099631,158,3465,107,7600,9309,4588
198782110519,24,3139,60,2319,9309,4589
198782121588,138,3295,60,2682,9310,4589
198782133190,186,4511,160,14650,9311,4589
198782143730,21,3848,62,2305,9311,4590
198782155247,170,3684,108,8243,9312,4590
198782166410,353,3237,177,15191,9313,4590
198782177536,24,3075,52,2209,9313,4591
198782188605,132,3130,118,8674,9314,4591
198782199663,245,3256,169,15476,9315,4591
198782210730,22,3443,60,2477,9315,4592
198782221832,129,3677,97,8054,9316,4592
198782232999,210,3999,63,2380,9317,4592
198782244020,23,3117,46,2091,9317,4593
198782255242,144,3202,151,14292,9318,4593
198782266232,138,3134,46,1760,9319,4593
198782277246,23,3626,41,986,9319,4594
198782288352,347,3381,37,988,9320,4594
198782299463,280,3708,384,33873,9321,4594
198782310522,25,2811,189,4001,9321,4595
198782321717,155,3322,102,7976,9322,4595
198782332789,127,3457,168,15068,9323,4595
198782343869,41,3355,61,2419,9323,4596
198782355060,135,3565,97,7981,9324,4596
198782366230,148,3748,59,2369,9325,4596
198782377368,22,3019,46,2151,9325,4597
198782388441,158,3318,168,14672,9326,4597
198782399525,222,3482,113,8599,9327,4597
198782410540,21,3314,57,2122,9327,4598
198782421598,232,3182,264,15246,9328,4598
198782433181,138,3167,73,3610,9329,4598
198782444399,25,2939,48,2246,9329,4599
198782455289,532,3420,86,2328,9330,4599
198782466305,280,3274,107,7680,9331,4599
198782477983,22,3152,54,2243,9331,4600
198782488376,175,3240,55,2582,9332,4600
198782499440,149,3924,180,14563,9333,4600
198782510756,27,3116,72,2515,9333,4601
198782521643,202,3505,114,8492,9334,4601
198782532851,200,3241,82,4439,9335,4601
198782543942,30,3315,43,1131,9335,4602
198782555991,368,3388,37,1080,9336,4602
198782566509,122,3263,336,35454,9337,4602
198782577666,35,3183,16154,4061,9337,4603
198782598197,426,3429,106,4926,9338,4603
198782613396,374,3758,532,35690,9339,4603
198782624610,38,3155,101,4055,9339,4604
198782635692,187,4124,260,15171,9340,4604
198782646874,161,4306,140,8002,9341,4604
198782658000,28,3841,59,2171,9341,4605
198782669179,252,4586,226,12357,9342,4605
198782680393,155,4326,48,1767,9343,4605
198782691453,20,3372,35,1101,9343,4606
198782702543,480,3522,46,1098,9344,4606
198782713586,159,4728,378,33022,9345,4606
198782724274,24,3215,63,3918,9345,4607
198782735754,229,3307,111,8441,9346,4607
198782746653,168,3461,60,2425,9347,4607
198782757969,25,3113,52,2076,9347,4608
198782769036,313,3345,58,2708,9348,4608
198782780146,144,3617,162,14790,9349,4608
198782791473,22,2776,51,2246,9349,4609
198782802204,155,4043,60,2551,9350,4609
198782813708,161,3550,100,7414,9351,4609
198782824978,24,3376,51,2242,9351,4610
198782835800,152,3297,170,15244,9352,4610
198782846631,326,2949,104,7755,9353,4610
198782857664,21,2954,51,2096,9353,4611
198782868807,163,3041,51,2407,9354,4611
198782880375,146,3320,198,14778,9355,4611
198782891232,21,2904,81,2529,9355,4612
198782902489,187,5612,132,7987,9356,4612
198782913561,312,3496,165,13307,9357,4612
198782924737,31,2722,80,2355,9357,4613
198782935800,487,3407,49,1562,9358,4613
198782946938,123,3387,38,935,9359,4613
198782957775,24,4086,45,935,9359,4614
198782968867,227,3794,322,33052,9360,4614
198782980437,215,3181,124,9639,9361,4614
198782991426,24,2757,52,2487,9361,4615
198783002580,222,3769,152,13247,9362,4615
198783013677,176,3380,114,7938,9363,4615
198783024536,22,3096,90,2226,9363,4616
198783035598,149,3347,166,14763,9364,4616
198783046658,170,3498,59,2515,9365,4616
198783057794,22,3065,48,2090,9365,4617
198783069013,193,3265,144,7478,9366,4617
198783080050,204,3063,173,15429,9367,4617
198783091337,20,2956,51,2511,9367,4618
198783102652,156,3180,558,8309,9368,4618
198783113847,233,3144,62,2321,9369,4618
198783124667,28,2746,50,2008,9369,4619
198783135834,164,3200,159,14820,9370,4619
198783146704,900,3292,107,8225,9371,4619
198783157771,23,3007,50,2088,9371,4620
198783169220,298,3262,161,12642,9372,4620
198783180352,222,3259,142,7209,9373,4620
198783191424,25,3054,45,1899,9373,4621
198783202216,170,3370,76,4439,9374,4621
198783213438,22,3191,45,1027,9374,4622
198783224513,382,3215,39,981,9375,4622
198783235499,433,3005,596,35458,9376,4622
198783246599,125,2958,70,4374,9377,4622
198783257666,21,2698,51,2380,9377,4623
198783269044,132,3850,264,2763,9378,4623
198783280131,127,3864,174,15052,9379,4623
198783291193,22,2934,48,2278,9379,4624
198783302222,329,3091,62,2473,9380,4624
198783313409,126,3350,119,7350,9381,4624
198783324834,23,3153,48,2092,9381,4625
198783335796,262,3223,161,15173,9382,4625
198783346968,201,3551,106,7732,9383,4625
198783358391,22,3079,61,2203,9383,4626
198783369117,277,3301,56,2569,9384,4626
198783379910,161,6308,169,14781,9385,4626
198783391329,24,3091,50,2252,9385,4627
198783402516,174,3627,113,8089,9386,4627
198783413703,377,3427,184,15161,9387,4627
198783424878,29,3152,73,2486,9387,4628
198783436025,438,4082,121,9041,9388,4628
198783447132,160,2902,189,15472,9389,4628
198783457682,25,2890,49,2132,9389,4629
198783469228,141,3042,44,1420,9390,4629
198783479924,132,3298,40,907,9391,4629
198783491041,22,2989,33,908,9391,4630
198783502244,148,3670,383,35635,9392,4630
198783513716,218,3197,78,4622,9393,4630
198783524756,21,3327,62,2395,9393,4631
198783535673,234,3514,167,15064,9394,4631
198783546937,684,3327,56,2615,9395,4631
198783557885,23,2934,45,2148,9395,4632
198783568932,2717,3349,101,7410,9396,4632
198783580199,113,3731,171,15380,9397,4632
198783591340,19,3908,50,2456,9397,4633
198783602540,147,3165,112,8161,9398,4633
198783613722,345,3480,60,2287,9399,4633
198783624767,22,3487,48,2024,9399,4634
198783635685,289,3413,161,14819,9400,4634
198783646690,528,3705,151,8485,9401,4634
198783658050,19,2925,44,2107,9401,4635
198783669074,299,3057,169,15239,9402,4635
198783680156,308,3486,71,3361,9403,4635
198783690997,21,3323,48,2266,9403,4636
198783702613,204,3019,58,2454,9404,4636
198783713724,405,3111,101,7727,9405,4636
198783724770,20,2623,49,2107,9405,4637
198783735817,156,3364,54,2407,9406,4637
198783746803,132,3080,159,14701,9407,4637
198783757849,20,2693,53,2432,9407,4638
198783768909,180,2996,101,7926,9408,4638
198783780034,492,3542,70,4166,9409,4638
198783791078,23,3180,32,1081,9409,4639
198783802319,406,3020,142,1053,9410,4639
198783813514,737,3474,363,35531,9411,4639
198783824443,22,2816,69,4123,9411,4640
198783835465,167,3682,175,16019,9412,4640
198783847061,315,3623,103,7937,9413,4640
198783858163,19,3343,48,2129,9413,4641
198783870673,242,3134,55,2396,9414,4641
198783880194,148,4540,159,14732,9415,4641
198783891269,30,2737,51,2493,9415,4642
198783902324,234,3254,108,8279,9416,4642
198783913472,463,4044,176,15491,9417,4642
198783924317,28,2762,55,2375,9417,4643
198783936060,164,3077,62,3447,9418,4643
198783946918,151,2745,120,7598,9419,4643
198783957962,26,3190,51,2078,9419,4644
198783969111,204,3321,54,2532,9420,4644
198783980202,1412,3268,55,2178,9421,4644
198783991229,21,2937,43,1997,9421,4645
198784002427,278,3121,278,14552,9422,4645
198784013501,425,3133,111,8162,9423,4645
198784024584,25,3326,51,2195,9423,4646
198784035682,192,3486,166,15209,9424,4646
198784046764,262,3532,60,2779,9425,4646
198784057789,22,3269,48,2306,9425,4647
198784068976,145,3005,96,7580,9426,4647
198784080063,303,3992,160,14654,9427,4647
198784091061,19,3099,41,1358,9427,4648
198784102193,835,3051,67,1315,9428,4648
198784113422,420,3591,358,35766,9429,4648
198784124579,24,3113,65,4014,9429,4649
198784135776,140,3364,161,15016,9430,4649
198784146816,276,3820,105,8126,9431,4649
198784157942,21,3191,42,2197,9431,4650
198784169154,211,3661,236,15331,9432,4650
198784180014,1795,3756,67,3361,9433,4650
198784191072,20,3304,47,2298,9433,4651
198784202164,146,3613,109,7831,9434,4651
198784213241,433,3211,65,2522,9435,4651
198784224819,25,3535,51,2186,9435,4652
198784235938,152,3926,62,2483,9436,4652
198784246974,452,2956,210,14833,9437,4652
198784258105,55,3403,52,2423,9437,4653
198784269167,210,3074,111,8383,9438,4653
198784280258,170,3494,203,15425,9439,4653
198784291248,22,2983,67,2493,9439,4654
198784302152,185,3381,68,2808,9440,4654
198784313674,528,4232,127,7579,9441,4654
198784324930,29,2924,59,2249,9441,4655
198784335816,172,3446,173,15105,9442,4655
198784346698,309,3404,61,1417,9443,4655
198784357703,23,3533,44,1024,9443,4656
198784369058,192,3474,57,1026,9444,4656
198784380084,163,3421,510,35841,9445,4656
198784391521,26,2768,77,4046,9445,4657
198784402662,609,3121,154,8276,9446,4657
198784413666,195,4123,175,14021,9447,4657
198784424812,35,3295,78,2460,9447,4658
198784441318,321,3082,87,3375,9448,4658
198784447043,203,3461,187,7742,9449,4658
198784458790,38,3666,61,2272,9449,4659
198784469217,425,3455,79,2667,9450,4659
198784479910,133,2703,65,2220,9451,4659
198784491077,23,2574,62,2038,9451,4660
198784502135,312,3007,254,14699,9452,4660
198784513269,35,3190,62,2270,9452,4661
198784524305,202,3302,109,7984,9453,4661
198784535420,410,3100,168,15107,9454,4661
198784546961,164,3146,65,2757,9455,4661
198784558081,26,3173,65,2319,9455,4662
198784569041,197,3883,110,7490,9456,4662
198784580113,176,3219,168,15562,9457,4662
198784591159,23,2906,59,2395,9457,4663
198784602206,185,3444,80,5191,9458,4663
198784613351,131,3326,63,3426,9459,4663
198784624423,26,4209,42,1101,9459,4664
198784635445,175,3710,42,1079,9460,4664
198784646985,142,3335,364,35874,9461,4664
198784658040,25,2747,67,4082,9461,4665
198784669102,387,3296,179,15480,9462,4665
198784680159,268,3743,65,3339,9463,4665
198784691223,23,2797,53,2219,9463,4666
198784702333,131,3517,112,7560,9464,4666
198784713664,491,3563,208,15489,9465,4666
198784724800,56,3216,59,2271,9465,4667
198784735641,351,2934,120,8566,9466,4667
198784746945,450,3424,174,14813,9467,4667
198784757990,27,3320,71,2456,9467,4668
198784778756,508,3121,257,8187,9468,4668
198784793737,154,3879,108,4436,9469,4668
198784804798,182,4310,105,1168,9470,4668
198784816029,197,4202,43,1129,9471,4668
198784827045,24,4077,44,1125,9471,4669
198784838202,133,4774,503,33092,9472,4669
198784849309,117,4029,202,9930,9473,4669
198784860488,25,3656,54,2458,9473,4670
198784871601,244,4669,61,2539,9474,4670
198784882838,156,4170,166,14249,9475,4670
198784894104,24,3177,55,2291,9475,4671
198784905093,598,3073,107,8103,9476,4671
198784916271,223,3554,175,15121,9477,4671
198784927334,24,2918,59,2402,9477,4672
198784938375,158,3360,60,3592,9478,4672
198784949470,165,3559,107,7436,9479,4672
198784960523,26,3485,53,2079,9479,4673
198784971333,149,3321,61,2497,9480,4673
198784982868,144,3341,47,2160,9481,4673
198784994038,23,2912,53,1979,9481,4674
198785005022,409,3148,155,14708,9482,4674
198785016227,227,3363,102,7557,9483,4674
198785027194,21,3446,80,1103,9483,4675
198785038208,150,4040,401,43789,9484,4675
198785049148,236,3473,72,4492,9485,4675
198785060387,23,3157,61,2489,9485,4676
198785071925,265,3385,47,1547,9486,4676
198785082806,123,3210,322,33175,9487,4676
198785093825,21,2751,73,3816,9487,4677
198785104720,269,3462,106,8222,9488,4677
198785116252,204,3619,53,2424,9489,4677
198785127257,21,3032,53,2083,9489,4678
198785138412,343,3436,148,14033,9490,4678
198785149728,142,3444,104,7939,9491,4678
198785160584,21,2996,102,2014,9491,4679
198785171741,169,3417,198,14936,9492,4679
198785182838,327,3239,71,3387,9493,4679
198785193886,27,3718,63,2236,9493,4680
198785204891,263,3180,101,7517,9494,4680
198785216213,198,2910,56,2542,9495,4680
198785227256,29,3279,57,2103,9495,4681
198785238434,130,3103,51,2394,9496,4681
198785249460,127,3406,167,14635,9497,4681
198785260624,22,3272,60,2402,9497,4682
198785271552,369,3492,127,8192,9498,4682
198785282905,164,2888,159,15299,9499,4682
198785293994,20,2810,59,2476,9499,4683
198785305071,277,3047,44,1998,9500,4683
198785316160,170,3008,45,1366,9501,4683
198785327257,22,3313,37,939,9501,4684
198785338214,153,3197,30,939,9502,4684
198785349266,156,3168,362,35779,9503,4684
198785360406,23,3451,84,4147,9503,4685
198785371531,147,3456,54,2681,9504,4685
198785382586,271,3184,298,14693,9505,4685
198785393634,32,3147,70,2395,9505,4686
198785405172,185,2931,130,8001,9506,4686
198785416262,218,3213,189,15414,9507,4686
198785427046,31,2832,60,2402,9507,4687
198785438192,185,3411,69,3797,9508,4687
198785449361,139,3250,107,7681,9509,4687
198785460696,24,3118,52,2174,9509,4688
198785471755,138,3605,62,2488,9510,4688
198785482760,122,3555,48,2206,9511,4688
198785493775,23,2955,59,2020,9511,4689
198785504879,385,3568,315,14670,9512,4689
198785515894,450,2914,110,8093,9513,4689
198785527065,24,3278,55,2168,9513,4690
198785538235,266,3929,165,15195,9514,4690
198785549520,483,3129,54,2771,9515,4690
198785560423,23,3166,54,2375,9515,4691
198785571522,157,3282,236,7699,9516,4691
198785582563,165,3167,227,15578,9517,4691
198785593642,21,2917,91,2536,9517,4692
198785605208,330,3235,102,7985,9518,4692
198785616171,190,3214,50,1744,9519,4692
198785627274,21,2755,45,1499,9519,4693
198785638618,125,3224,83,5782,9520,4693
198785649343,120,4601,352,35795,9521,4693
198785660541,25,3473,76,4057,9521,4694
198785671700,150,3120,169,15410,9522,4694
198785682730,151,3472,62,3237,9523,4694
198785693721,22,2881,49,2214,9523,4695
198785704949,372,3126,98,7558,9524,4695
198785715841,548,3200,60,2436,9525,4695
198785726891,21,2739,47,2135,9525,4696
198785738397,208,3538,52,2488,9526,4696
198785749583,142,3380,165,14569,9527,4696
198785760386,23,3116,45,2281,9527,4697
198785771410,151,2952,106,8288,9528,4697
198785782544,517,2938,168,15122,9529,4697
198785793590,21,3287,65,2457,9529,4698
198785805082,275,3350,56,2706,9530,4698
198785816266,136,3568,110,7475,9531,4698
198785826895,27,3140,57,2290,9531,4699
198785838361,247,3578,75,4397,9532,4699
198785849442,397,3217,36,1040,9533,4699
198785860509,24,3215,46,1001,9533,4700
198785871422,194,3501,445,35398,9534,4700
198785882733,152,3266,172,16565,9535,4700
198785893576,22,2823,59,2655,9535,4701
198785904716,264,3078,99,7978,9536,4701
198785916240,315,3089,216,15169,9537,4701
198785927366,213,3334,46,2181,9537,4702
198785938554,1683,3319,59,3172,9538,4702
198785949513,475,3478,109,7392,9539,4702
198785960680,166,3164,64,2066,9539,4703
198785971987,166,3351,176,15457,9540,4703
198785982698,150,3450,107,7376,9541,4703
198785993690,24,2846,51,2203,9541,4704
198786004960,191,3258,174,14980,9542,4704
198786016060,162,3172,141,8473,9543,4704
198786027125,121,3016,52,2156,9543,4705
198786038150,314,3176,166,15221,9544,4705
198786049150,135,3599,63,2914,9545,4705
198786060860,315,3160,55,2268,9545,4706
198786071350,136,3157,105,7657,9546,4706
198786083470,295,3383,170,15766,9547,4706
198786093966,199,3580,81,2745,9547,4707
198786105067,188,3031,109,8191,9548,4707
198786116179,226,3451,84,4642,9549,4707
198786126943,44,3356,53,1104,9549,4708
198786138119,223,3780,41,1048,9550,4708
198786149596,161,4181,368,35646,9551,4708
198786160638,23,3083,77,4054,9551,4709
198786171949,277,3460,195,15409,9552,4709
198786183093,140,3252,69,3295,9553,4709
198786193735,26,3139,57,2243,9553,4710
198786204948,152,3148,96,7544,9554,4710
198786215992,178,3377,165,15392,9555,4710
198786226988,22,3146,61,2458,9555,4711
198786238182,125,3256,157,8729,9556,4711
198786249467,157,3579,153,14789,9557,4711
198786260550,21,3024,61,2428,9557,4712
198786271698,313,3176,118,8162,9558,4712
198786283296,296,3335,162,15305,9559,4712
198786293780,21,3402,66,2580,9559,4713
198786305132,135,3227,51,2802,9560,4713
198786316165,197,3491,99,7645,9561,4713
198786327380,428,5254,52,2126,9561,4714
198786338637,722,3162,259,15631,9562,4714
198786349199,138,3972,112,8036,9563,4714
198786360688,164,3897,56,2242,9563,4715
198786371378,126,3423,64,2623,9564,4715
198786382440,172,3375,158,14808,9565,4715
198786394070,26,3053,64,2694,9565,4716
198786404892,362,3462,101,7470,9566,4716
198786415983,187,3256,89,4127,9567,4716
198786427411,451,3064,40,1100,9567,4717
198786438201,180,3641,341,34363,9568,4717
198786449263,154,3275,124,9549,9569,4717
198786460822,141,3091,54,2517,9569,4718
198786471772,347,3428,170,14995,9570,4718
198786482994,201,3303,130,7878,9571,4718
198786494075,162,3314,58,2296,9571,4719
198786504946,348,3407,151,13756,9572,4719
198786516275,1354,3403,105,8069,9573,4719
198786527193,436,3033,61,2164,9573,4720
198786538145,279,3240,160,14911,9574,4720
198786549107,142,3302,63,2720,9575,4720
198786560639,618,3572,61,2135,9575,4721
198786571771,438,3791,105,7301,9576,4721
198786583339,158,3629,174,15472,9577,4721
198786593834,356,3071,66,2575,9577,4722
198786604810,119,3000,103,8428,9578,4722
198786615978,224,4306,54,2372,9579,4722
198786627096,255,3542,72,2150,9579,4723
198786638477,170,3619,162,14939,9580,4723
198786649780,234,4179,121,8598,9581,4723
198786660474,128,3389,67,2151,9581,4724
198786671560,249,3443,150,12368,9582,4724
198786682641,378,3106,58,1466,9583,4724
198786693795,31,2899,40,1015,9583,4725
198786704859,318,3530,55,1015,9584,4725
198786716201,185,3604,437,33110,9585,4725
198786727233,25,3301,77,3872,9585,4726
198786738500,143,3203,105,8336,9586,4726
198786749576,337,3140,56,2412,9587,4726
198786760454,22,2888,59,2033,9587,4727
198786771724,264,3155,53,2691,9588,4727
198786782861,247,3938,155,14707,9589,4727
198786793758,21,3518,101,2340,9589,4728
198786805013,151,3266,60,2616,9590,4728
198786816085,242,3317,103,7466,9591,4728
198786827204,32,3193,49,2071,9591,4729
198786838168,151,2636,197,15220,9592,4729
198786849582,185,2730,104,7660,9593,4729
198786894621,155,2790,99,4762,9594,4729
198786908937,205,4505,539,35662,9595,4729
198786920373,212,4243,313,16864,9596,4729
198786930946,140,4075,165,8553,9597,4729
198786942115,246,4478,80,2288,9597,4730
198786953237,119,2966,279,15433,9598,4730
198786964370,167,2798,205,7720,9599,4730
198786975506,25,3053,62,2327,9599,4731
198786986555,152,3336,56,2670,9600,4731
198786997636,156,3139,61,3334,9601,4731
198787008829,18,2763,31,1123,9601,4732
198787019897,123,2896,36,1099,9602,4732
198787031281,209,3896,327,33692,9603,4732
198787042440,355,3672,89,3927,9603,4733
198787053314,262,3379,60,2608,9604,4733
198787064351,274,4179,103,7435,9605,4733
198787076821,254,3139,46,2139,9605,4734
198787086835,301,3978,164,14708,9606,4734
198787097882,293,3297,100,7718,9607,4734
198787108913,195,3600,63,2108,9607,4735
198787120091,245,3317,53,2456,9608,4735
198787131252,521,3388,153,14539,9609,4735
198787142576,25,3190,54,2470,9609,4736
198787153541,486,3608,104,8385,9610,4736
198787165142,184,5296,189,15369,9611,4736
198787176036,322,3309,65,2315,9611,4737
198787186712,428,4257,128,8818,9612,4737
198787202096,202,3197,197,15472,9613,4737
198787209208,169,3166,72,2249,9613,4738
198787220330,192,3677,44,1499,9614,4738
198787231351,177,3430,47,938,9615,4738
198787242619,143,3683,56,938,9615,4739
198787253578,202,3652,39,938,9616,4739
198787264490,375,4305,375,35771,9617,4739
198787275486,198,3879,80,3975,9617,4740
198787286830,141,3134,67,3392,9618,4740
198787298104,235,3109,43,2251,9619,4740
198787309061,114,2704,45,2020,9619,4741
198787319820,171,2623,101,7522,9620,4741
198787331571,250,2674,168,14386,9621,4741
198787342364,163,2615,49,2367,9621,4742
198787366941,276,2779,84,1461,9622,4742
198787381264,226,4144,564,35746,9623,4742
198787392381,29,3572,98,4068,9623,4743
198787403712,178,3896,150,8227,9624,4743
198787414781,303,4205,238,14026,9625,4743
198787425799,149,2719,84,2454,9625,4744
198787436915,151,3503,163,9262,9626,4744
198787448284,129,3972,183,14829,9627,4744
198787459078,287,3379,61,2409,9627,4745
198787470504,273,3278,100,7973,9628,4745
198787481666,344,3223,71,4878,9629,4745
198787492693,332,4329,53,1158,9629,4746
198787503699,281,3179,39,1083,9630,4746
198787514838,376,4696,359,35879,9631,4746
198787526125,445,3339,79,4084,9631,4747
198787536798,388,3700,170,15504,9632,4747
198787547948,355,3575,60,2661,9633,4747
198787559030,192,3581,55,2146,9633,4748
198787570045,223,4482,98,7441,9634,4748
198787581723,239,3206,164,15332,9635,4748
198787592717,22,2672,49,2514,9635,4749
198787604300,139,3066,101,8146,9636,4749
198787615000,269,3008,50,2493,9637,4749
198787626596,194,3640,46,2156,9637,4750
198787636826,166,3528,207,14703,9638,4750
198787648332,121,4090,110,8239,9639,4750
198787659470,226,3470,53,2163,9639,4751
198787671482,346,3465,160,15181,9640,4751
198787681284,159,3542,71,3585,9641,4751
198787692335,1176,4073,61,2368,9641,4752
198787703558,253,3763,56,2495,9642,4752
198787714974,137,2830,102,7222,9643,4752
198787725683,133,3148,64,1130,9643,4753
198787736734,261,4268,308,32404,9644,4753
198787748385,429,3586,178,16312,9645,4753
198787759280,186,3272,62,2657,9645,4754
198787770225,757,3459,52,1843,9646,4754
198787781498,304,2992,341,33595,9647,4754
198787792730,327,3271,71,3866,9647,4755
198787803854,151,3616,56,2520,9648,4755
198787814587,244,3031,98,7617,9649,4755
198787825636,26,3269,50,2161,9649,4756
198787837268,221,3172,154,14828,9650,4756
198787848223,146,3279,96,7817,9651,4756
198787859375,141,3176,48,2290,9651,4757
198787870565,267,4107,51,2638,9652,4757
198787881587,250,3306,593,14764,9653,4757
198787892694,275,3257,59,2435,9653,4758
198787903953,620,3765,113,8269,9654,4758
198787915275,386,3276,178,14595,9655,4758
198787925891,415,3859,70,1403,9655,4759
198787938091,249,3137,353,32375,9656,4759
198787954048,360,3419,73,1706,9657,4759
198787959249,213,3319,59,988,9657,4760
198787970470,346,4309,461,25809,9658,4760
198787981435,230,7187,121,3988,9659,4760
198787993075,495,3994,55,1013,9659,4761
198788003869,222,4444,54,1001,9660,4761
198788015126,228,3830,47,995,9661,4761
198788026441,222,3423,50,989,9661,4762
198788036880,138,3387,380,33395,9662,4762
198788048372,197,3351,67,3969,9663,4762
198788059278,147,3311,61,2361,9663,4763
198788070604,194,3305,102,7541,9664,4763
198788082126,196,3307,159,14861,9665,4763
198788092925,268,4126,79,2380,9665,4764
198788103764,149,3019,105,7912,9666,4764
198788114848,190,3480,55,2292,9667,4764
198788125983,127,3414,73,1967,9667,4765
198788137050,146,3558,164,14514,9668,4765
198788148712,140,3244,106,8179,9669,4765
198788159222,157,3363,58,2042,9669,4766
198788170363,2660,2792,177,15009,9670,4766
198788181842,140,3072,236,3110,9671,4766
198788192449,1283,3782,65,2224,9671,4767
198788203532,237,2943,68,2333,9672,4767
198788215154,187,3748,75,1603,9673,4767
198788226119,260,2748,48,971,9673,4768
198788237806,510,3199,359,35249,9674,4768
198788248019,131,3814,184,16542,9675,4768
198788259070,115,2739,61,2678,9675,4769
198788270050,162,3469,107,7026,9676,4769
198788301126,241,2789,180,4138,9677,4769
198788315831,156,2796,538,35138,9678,4769
198788326481,223,4000,115,4267,9678,4770
198788337612,232,4545,256,14789,9679,4770
198788349002,117,4383,69,1457,9680,4770
198788360111,23,3626,52,918,9680,4771
198788371394,264,4557,49,918,9681,4771
198788382276,148,4561,368,35307,9682,4771
198788393337,20,2778,76,3970,9682,4772
198788404458,136,4772,104,8210,9683,4772
198788415747,229,3196,84,4259,9684,4772
198788426845,35,2909,42,1087,9684,4773
198788437862,200,4462,344,34045,9685,4773
198788448994,326,3725,126,9535,9686,4773
198788460294,24,3082,57,2571,9686,4774
198788471320,143,2867,164,15055,9687,4774
198788482169,274,3016,98,7269,9688,4774
198788493387,121,3061,55,2444,9688,4775
198788504404,313,3052,163,14752,9689,4775
198788532668,301,3471,82,2799,9690,4775
198788547648,223,2981,152,12703,9691,4775
198788559240,26,3254,62,3138,9691,4776
198788570240,128,3445,100,7203,9692,4776
198788581271,149,3175,172,15187,9693,4776
198788592406,24,2880,58,2494,9693,4777
198788603493,193,3110,104,8187,9694,4777
198788614563,113,3443,60,2390,9695,4777
198788625727,22,3348,46,2034,9695,4778
198788636728,257,3813,166,13990,9696,4778
198788647678,293,2966,47,1611,9697,4778
198788658761,23,3976,49,1239,9697,4779
198788670296,180,3534,57,1773,9698,4779
198788681337,149,5426,40,946,9699,4779
198788692375,29,3382,51,944,9699,4780
198788703386,218,3570,360,34932,9700,4780
198788714401,209,3224,223,17394,9701,4780
198788725634,24,2874,54,2766,9701,4781
198788736581,355,3398,109,7990,9702,4781
198788748096,143,3055,161,14332,9703,4781
198788759147,24,3122,54,2399,9703,4782
198788770162,201,3803,111,8116,9704,4782
198788781456,146,3162,206,15111,9705,4782
198788792495,22,2736,52,2587,9705,4783
198788803763,180,2970,57,2671,9706,4783
198788814544,119,3381,102,7682,9707,4783
198788825822,23,3341,48,2106,9707,4784
198788836852,643,2939,165,15548,9708,4784
198788847884,272,3042,97,7977,9709,4784
198788858927,18,2839,44,2246,9709,4785
198788869875,340,3171,52,2631,9710,4785
198788881370,362,4148,159,14992,9711,4785
198788892334,20,2780,54,2345,9711,4786
198788903426,170,3629,106,8297,9712,4786
198788915021,569,4261,202,15475,9713,4786
198788925492,26,3621,64,2412,9713,4787
198788936619,290,3363,111,9127,9714,4787
198788947682,357,3418,167,15304,9715,4787
198788958800,23,3513,51,1897,9715,4788
198788969883,336,3418,45,1977,9716,4788
198788981467,385,3409,35,1012,9717,4788
198788992698,21,3895,46,1006,9717,4789
198789003297,207,3644,359,35177,9718,4789
198789014352,356,3279,76,4597,9719,4789
198789025480,23,3235,108,2419,9719,4790
198789037023,460,3780,171,15222,9720,4790
198789047709,263,3139,55,2698,9721,4790
198789058759,23,3391,49,2128,9721,4791
198789070560,323,3298,112,7484,9722,4791
198789081474,132,2735,166,15391,9723,4791
198789092482,20,2499,50,2449,9723,4792
198789103170,475,4432,141,8247,9724,4792
198789114678,474,3226,50,2231,9725,4792
198789125739,21,3584,44,2017,9725,4793
198789136792,393,4278,164,14744,9726,4793
198789148040,492,3224,106,8364,9727,4793
198789159033,23,3417,48,2186,9727,4794
198789170125,161,3086,165,15358,9728,4794
198789181091,380,3555,261,8339,9729,4794
198789192144,34,3484,53,2113,9729,4795
198789203868,294,4200,164,15683,9730,4795
198789214423,445,3708,112,8316,9731,4795
198789225574,22,3251,60,2212,9731,4796
198789236637,194,3264,99,2200,9732,4796
198789247780,520,3488,57,2552,9733,4796
198789259019,21,3465,53,2154,9733,4797
198789270053,349,3134,61,2841,9734,4797
198789281304,251,3171,186,15153,9735,4797
198789292280,21,3029,56,2577,9735,4798
198789303762,131,3531,54,2795,9736,4798
198789314249,127,3147,96,7433,9737,4798
198789325942,20,3390,49,2133,9737,4799
198789336498,274,4296,167,15608,9738,4799
198789348083,345,3288,99,7969,9739,4799
198789359133,113,4060,62,2201,9739,4800
198789370453,504,2869,61,2479,9740,4800
198789381420,369,3509,165,15125,9741,4800
198789392375,24,3273,52,2259,9741,4801
198789403476,383,3876,107,7927,9742,4801
198789414814,498,3407,130,4237,9743,4801
198789425410,27,3565,41,1017,9743,4802
198789436584,456,3076,333,35147,9744,4802
198789448130,321,3392,193,17649,9745,4802
198789459516,31,3343,71,2767,9745,4803
198789469920,306,3761,57,1642,9746,4803
198789481312,292,3151,43,1033,9747,4803
198789492404,23,3113,34,1030,9747,4804
198789503509,250,3137,363,35275,9748,4804
198789514469,363,3115,82,4665,9749,4804
198789525831,22,3273,96,2453,9749,4805
198789536799,386,3324,165,15227,9750,4805
198789547695,240,3504,59,2588,9751,4805
198789558734,27,3201,56,2173,9751,4806
198789569889,167,3282,101,7504,9752,4806
198789581469,142,3193,207,15407,9753,4806
198789592566,38,2691,60,2502,9753,4807
198789603575,183,2879,125,8279,9754,4807
198789614564,619,2907,70,2370,9755,4807
198789625644,33,3247,55,2076,9755,4808
198789636661,249,3176,167,14910,9756,4808
198789647966,259,3099,118,8252,9757,4808
198789659071,35,3066,69,2109,9757,4809
198789671146,408,3217,294,15260,9758,4809
198789681247,349,3700,100,3376,9759,4809
198789692364,33,2814,99,2295,9759,4810
198789703484,171,7369,159,7648,9760,4810
198789714622,165,2780,229,15552,9761,4810
198789725687,25,2715,72,2584,9761,4811
198789736801,275,2974,154,8298,9762,4811
198789747925,188,2819,280,14566,9763,4811
198789759037,26,2997,52,2284,9763,4812
198789770129,189,3348,134,8096,9764,4812
198789781177,169,3440,171,15181,9765,4812
198789792432,21,2942,54,2570,9765,4813
198789803445,141,3478,65,2862,9766,4813
198789814499,254,3564,103,7642,9767,4813
198789825670,23,3392,51,2225,9767,4814
198789836690,134,3359,173,15535,9768,4814
198789847837,136,3143,102,7957,9769,4814
198789858874,23,2992,47,2136,9769,4815
198789870116,190,3162,192,2434,9770,4815
198789881291,177,3213,169,14961,9771,4815
198789892167,21,2857,59,2445,9771,4816
198789903367,436,3483,116,8440,9772,4816
198789914497,172,3550,156,13208,9773,4816
198789925496,25,3130,63,1869,9773,4817
198789936579,159,3669,51,1929,9774,4817
198789948128,154,3380,37,935,9775,4817
198789959189,25,3162,43,931,9775,4818
198789969846,129,3455,321,32568,9776,4818
198789981438,212,3480,135,9596,9777,4818
198789992202,26,3032,56,2480,9777,4819
198790003289,174,3150,60,2656,9778,4819
198790014399,222,3211,57,2655,9779,4819
198790025885,23,3142,70,2124,9779,4820
198790036954,222,3494,156,14181,9780,4820
198790048067,187,3436,53,2547,9781,4820
198790059128,23,3074,56,2112,9781,4821
198790070257,226,3463,103,7456,9782,4821
198790081263,207,3646,178,15290,9783,4821
198790092128,28,3086,74,2170,9783,4822
198790103636,203,3099,110,7816,9784,4822
198790114892,130,3330,58,2313,9785,4822
198790125780,28,3159,96,1993,9785,4823
198790136900,203,3353,162,14528,9786,4823
198790147975,218,3109,505,8237,9787,4823
198790158971,23,3072,59,2009,9787,4824
198790170027,166,3536,151,12171,9788,4824
198790181053,148,3847,275,26700,9789,4824
198790192083,28,3152,51,2157,9789,4825
198790203171,341,3106,173,15181,9790,4825
198790214646,156,3446,51,1695,9791,4825
198790225801,58,3209,45,1015,9791,4826
198790236974,174,3527,34,1014,9792,4826
198790248065,234,3324,50,1015,9793,4826
198790259139,22,2989,34,1014,9793,4827
198790270286,387,3452,365,35469,9794,4827
198790281229,449,2924,84,5051,9795,4827
198790292344,51,2934,66,2440,9795,4828
198790303622,518,3257,60,2364,9796,4828
198790314442,249,3157,102,7440,9797,4828
198790325482,24,2913,58,2100,9797,4829
198790336488,354,3505,159,14282,9798,4829
198790347711,227,3550,108,7726,9799,4829
198790358788,50,2989,48,2114,9799,4830
198790370271,179,3390,58,2474,9800,4830
198790381441,381,3613,174,14574,9801,4830
198790392488,31,3088,51,2161,9801,4831
198790403576,178,3650,118,7996,9802,4831
198790414662,561,3944,302,15144,9803,4831
198790425664,26,3027,60,2364,9803,4832
198790437203,141,3216,65,3652,9804,4832
198790448055,482,3223,66,2436,9805,4832
198790459295,23,2993,51,2214,9805,4833
198790470181,172,3225,108,8101,9806,4833
198790481337,353,3167,57,2281,9807,4833
198790492214,23,2734,49,2073,9807,4834
198790503294,156,3120,168,14766,9808,4834
198790514335,148,3384,100,7607,9809,4834
198790525440,21,2735,58,1762,9809,4835
198790536486,275,2763,90,6735,9810,4835
198790548106,256,3708,51,1207,9811,4835
198790559227,25,2819,35,1131,9811,4836
198790570256,132,3681,349,34759,9812,4836
198790581421,245,3402,188,17591,9813,4836
198790592468,20,3072,54,2546,9813,4837
198790603588,265,3563,155,8034,9814,4837
198790614643,218,4378,55,2649,9815,4837
198790625507,24,3881,54,2236,9815,4838
198790636919,182,4674,158,14661,9816,4838
198790648026,162,4499,105,8030,9817,4838
198790659097,20,3284,47,2139,9817,4839
198790670116,158,4337,97,6236,9818,4839
198790681203,156,3759,446,33299,9819,4839
198790692379,26,3600,74,3980,9819,4840
198790703367,136,3743,107,8042,9820,4840
198790714504,355,3161,114,2419,9821,4840
198790725591,26,3226,53,2046,9821,4841
198790736826,378,3546,57,2298,9822,4841
198790747796,362,3329,196,14350,9823,4841
198790758868,22,2914,51,2354,9823,4842
198790769956,322,3526,138,8214,9824,4842
198790781374,695,4505,172,15317,9825,4842
198790792089,22,3111,54,2428,9825,4843
198790803425,129,3458,57,2749,9826,4843
198790814326,208,3347,94,6560,9827,4843
198790825475,25,3366,45,1105,9827,4844
198790836575,252,3690,73,4390,9828,4844
198790847786,439,3191,359,34623,9829,4844
198790858861,21,3506,70,4138,9829,4845
198790869934,131,3107,57,2614,9830,4845
198790881112,252,3607,540,14732,9831,4845
198790892132,21,3107,75,2168,9831,4846
198790903190,153,3598,97,7739,9832,4846
198790914807,279,3354,173,15109,9833,4846
198790925776,25,3336,57,2306,9833,4847
198790936603,183,3276,62,3324,9834,4847
198790947735,149,3401,105,7622,9835,4847
198790958856,25,3691,53,2049,9835,4848
198790969876,197,3582,58,2431,9836,4848
198790981381,253,3043,52,2122,9837,4848
198790992098,23,3326,56,1942,9837,4849
198791003617,431,2916,159,14601,9838,4849
198791014793,196,3430,112,7961,9839,4849
198791025413,32,3205,52,2159,9839,4850
198791037059,225,3470,164,14999,9840,4850
198791047828,307,3328,64,2801,9841,4850
198791059042,22,3025,48,2262,9841,4851
198791070058,127,4335,95,6786,9842,4851
198791081121,126,3480,78,5135,9843,4851
198791092203,24,2914,40,1051,9843,4852
198791103340,157,2967,35,1016,9844,4852
198791114622,234,3370,601,34783,9845,4852
198791125585,39,2907,85,4013,9845,4853
198791136823,184,3435,171,15060,9846,4853
198791147815,273,3135,228,7966,9847,4853
198791158858,24,3143,49,2129,9847,4854
198791170061,293,3199,97,6358,9848,4854
198791181430,212,3207,353,33501,9849,4854
198791192426,20,2755,66,3976,9849,4855
198791203426,232,3429,98,7917,9850,4855
198791214455,419,4648,173,15033,9851,4855
198791225669,59,2825,99,2434,9851,4856
198791236807,156,3373,108,8755,9852,4856
198791247768,259,3036,163,14924,9853,4856
198791258873,23,3023,58,2354,9853,4857
198791270015,142,3466,114,8207,9854,4857
198791281312,134,3052,310,15361,9855,4857
198791292353,20,2848,57,2546,9855,4858
198791303520,161,3354,57,2874,9856,4858
198791314599,261,3555,108,7617,9857,4858
198791325746,28,2710,48,2178,9857,4859
198791336864,176,3145,173,15712,9858,4859
198791347846,193,3411,112,7996,9859,4859
198791359039,25,3504,53,2285,9859,4860
198791370134,291,3692,90,4737,9860,4860
198791381423,142,3309,46,1051,9861,4860
198791392520,26,2870,46,1028,9861,4861
198791403601,196,3707,335,34932,9862,4861
198791414743,238,3416,103,6532,9863,4861
198791425746,30,3137,59,1041,9863,4862
198791436809,251,3990,348,33445,9864,4862
198791447875,307,4839,120,9310,9865,4862
198791458878,23,3067,80,2480,9865,4863
198791469901,352,3413,190,14891,9866,4863
198791481310,416,3109,101,7758,9867,4863
198791492514,24,3494,58,2109,9867,4864
198791503626,588,3109,166,13565,9868,4864
198791514343,427,2984,156,7825,9869,4864
198791525461,22,3239,67,2214,9869,4865
198791536568,219,3278,168,14746,9870,4865
198791548023,230,3466,57,2552,9871,4865
198791559120,23,3100,50,2119,9871,4866
198791570199,144,3328,109,7243,9872,4866
198791581316,174,3060,165,15303,9873,4866
198791592461,23,3796,53,2281,9873,4867
198791603509,156,3445,103,8017,9874,4867
198791614657,173,4102,73,2596,9875,4867
198791625671,21,3442,54,2148,9875,4868
198791636730,302,3635,198,14740,9876,4868
198791647882,231,3929,109,8176,9877,4868
198791659101,19,2993,49,2194,9877,4869
198791670309,224,3281,101,6324,9878,4869
198791681295,126,3429,41,1002,9879,4869
198791692240,21,3297,39,968,9879,4870
198791703279,348,3798,377,34571,9880,4870
198791714328,293,3443,196,17384,9881,4870
198791725450,24,3072,57,2693,9881,4871
198791736539,138,3596,108,8022,9882,4871
198791747637,184,3585,161,14372,9883,4871
198791759196,27,2995,56,2363,9883,4872
198791770280,142,3460,115,8205,9884,4872
198791781270,355,4107,186,15254,9885,4872
198791792507,23,2807,57,2504,9885,4873
198791803262,284,3152,55,2780,9886,4873
198791814802,322,3234,124,7812,9887,4873
198791825381,22,3478,49,2191,9887,4874
198791836941,130,2958,176,15611,9888,4874
198791847657,121,2634,99,7765,9889,4874
198791858738,30,3039,54,2076,9889,4875
198791870000,338,3777,56,2363,9890,4875
198791881173,315,3484,159,14921,9891,4875
198791892314,20,2899,58,2412,9891,4876
198791903182,338,3997,108,8299,9892,4876
198791914670,641,3667,163,13444,9893,4876
198791925637,25,3007,54,2342,9893,4877
198791936709,145,4915,95,6759,9894,4877
198791947804,419,3725,80,5295,9895,4877
198791958867,35,3161,44,1148,9895,4878
198791969936,356,3216,35,1068,9896,4878
198791981361,281,5709,359,35254,9897,4878
198791992407,20,3207,68,4203,9897,4879
198792003523,216,3833,63,2732,9898,4879
198792014318,130,2695,60,2667,9899,4879
198792025826,21,4416,74,2055,9899,4880
198792036874,290,3343,313,15036,9900,4880
198792048203,434,2977,53,2576,9901,4880
198792059040,20,3210,50,2115,9901,4881
198792070055,436,3323,99,7529,9902,4881
198792081089,126,3526,349,15387,9903,4881
198792092185,78,3149,60,2336,9903,4882
198792103227,2482,3346,106,8090,9904,4882
198792114753,255,3980,61,2618,9905,4882
198792125749,21,3197,46,2216,9905,4883
198792136893,286,3087,184,14795,9906,4883
198792147918,5466,3316,52,2007,9907,4883
198792158974,21,3228,37,991,9907,4884
198792170009,143,2804,390,32845,9908,4884
198792181134,251,3307,68,4438,9909,4884
198792192155,22,2975,49,2375,9909,4885
198792203655,313,3506,100,7606,9910,4885
198792214743,366,4614,165,15013,9911,4885
198792225889,22,3743,56,2227,9911,4886
198792236905,440,3346,105,7937,9912,4886
198792247975,299,3134,154,14101,9913,4886
198792258984,19,3360,48,2221,9913,4887
198792270224,305,3343,119,8141,9914,4887
198792280998,298,3372,162,15008,9915,4887
198792292012,24,3287,105,2407,9915,4888
198792303305,139,3243,88,2717,9916,4888
198792314408,252,3044,99,7424,9917,4888
198792325436,20,3034,43,2105,9917,4889
198792336669,486,3205,179,15519,9918,4889
198792347668,422,2941,107,8192,9919,4889
198792358797,21,3163,49,2060,9919,4890
198792370128,324,3526,54,2326,9920,4890
198792382561,763,2976,183,14470,9921,4890
198792392162,22,3854,107,1865,9921,4891
198792403705,135,3361,45,2107,9922,4891
198792414629,308,3130,39,940,9923,4891
198792425701,21,2890,42,937,9923,4892
198792436864,328,3308,356,33560,9924,4892
198792448301,638,3256,135,9381,9925,4892
198792458780,33,4041,68,2588,9925,4893
198792470304,391,3714,166,14972,9926,4893
198792481427,634,3312,112,7904,9927,4893
198792492420,27,3181,47,2228,9927,4894
198792503520,305,3921,154,13651,9928,4894
198792514743,202,3372,123,8003,9929,4894
198792525440,28,2577,52,2005,9929,4895
198792536515,190,2667,173,14914,9930,4895
198792547687,177,2629,67,2780,9931,4895
198792559012,28,2531,54,2142,9931,4896
198792587455,245,2782,150,7367,9932,4896
198792602042,182,2913,79,2474,9933,4896
198792613198,157,3912,70,2346,9934,4896
198792624327,22,3528,83,2116,9934,4897
198792635471,142,4172,234,14628,9935,4897
198792646549,123,4022,150,8102,9936,4897
198792657220,63,2909,215,1512,9936,4898
198792668418,175,4024,103,6768,9937,4898
198792679465,271,4089,46,1178,9938,4898
198792690735,21,3640,34,949,9938,4899
198792701758,440,3533,334,34673,9939,4899
198792712905,237,3535,376,17347,9940,4899
198792724162,35,3838,72,2638,9940,4900
198792735222,292,3995,102,7856,9941,4900
198792746238,259,3254,163,14273,9942,4900
198792757291,31,3961,49,2147,9942,4901
198792768591,340,3589,130,8097,9943,4901
198792779748,233,3713,199,15157,9944,4901
198792790894,22,3070,51,2599,9944,4902
198792802148,514,3729,63,2932,9945,4902
198792812993,204,3097,123,7948,9946,4902
198792823999,24,2928,67,2118,9946,4903
198792835332,403,3686,167,15646,9947,4903
198792846605,415,8025,115,7939,9948,4903
198792857677,26,5254,73,2064,9948,4904
198792868308,534,3921,61,1506,9949,4904
198792880116,485,3020,261,25947,9950,4904
198792890745,30,3267,65,2782,9950,4905
198792901764,174,3057,53,2158,9951,4905
198792912807,483,3015,54,982,9952,4905
198792924404,37,3040,47,977,9952,4906
198792938763,235,2958,489,33697,9953,4906
198792946499,190,4665,215,9424,9954,4906
198792957283,28,3606,74,2678,9954,4907
198792968801,720,3433,265,14982,9955,4907
198792979423,195,3312,146,7724,9956,4907
198792990582,23,2717,57,2072,9956,4908
198793002154,404,3056,222,13542,9957,4908
198793012778,184,3464,114,8195,9958,4908
198793024352,24,3471,45,2008,9958,4909
198793035396,160,3059,160,14933,9959,4909
198793046426,437,3336,61,2683,9960,4909
198793057379,21,3418,42,2195,9960,4910
198793068435,227,3343,109,7456,9961,4910
198793079438,168,3349,170,15574,9962,4910
198793090958,459,2983,61,2152,9962,4911
198793102145,201,3275,108,7854,9963,4911
198793113298,215,4016,65,2366,9964,4911
198793124266,286,2988,48,2047,9964,4912
198793135369,357,2925,158,14661,9965,4912
198793146469,132,3213,219,8327,9966,4912
198793157617,26,3185,46,2263,9966,4913
198793168688,800,3330,177,15393,9967,4913
198793179809,131,3111,103,8122,9968,4913
198793190844,22,2692,49,2312,9968,4914
198793201972,595,3043,74,4611,9969,4914
198793213001,125,3524,39,1086,9970,4914
198793224058,21,3218,30,1043,9970,4915
198793235309,154,3269,367,34749,9971,4915
198793246146,393,3149,67,4219,9972,4915
198793257714,19,2690,49,2369,9972,4916
198793268743,374,3374,62,2744,9973,4916
198793279746,202,3647,167,15156,9974,4916
198793290852,23,3244,54,2388,9974,4917
198793301920,348,3355,57,2555,9975,4917
198793312949,635,3968,111,7543,9976,4917
198793323941,22,2953,43,2000,9976,4918
198793335095,189,3318,171,15264,9977,4918
198793346106,137,2961,104,7781,9978,4918
198793357659,24,3074,50,2315,9978,4919
198793368430,270,3292,63,2776,9979,4919
198793379563,176,3424,161,14938,9980,4919
198793390847,30,2994,52,2277,9980,4920
198793402131,154,3212,97,8020,9981,4920
198793413148,399,3380,198,15126,9982,4920
198793424238,29,3295,54,2535,9982,4921
198793435346,303,3060,65,3314,9983,4921
198793446507,439,3161,59,2524,9984,4921
198793457560,22,3106,46,2242,9984,4922
198793468584,130,3314,106,7965,9985,4922
198793479647,256,2959,57,2412,9986,4922
198793490767,28,2645,64,2172,9986,4923
198793501776,228,3002,86,5389,9987,4923
198793512837,172,3416,55,1105,9988,4923
198793523951,32,2739,38,1055,9988,4924
198793535596,147,3064,47,1045,9989,4924
198793546565,548,3390,371,33701,9990,4924
198793557753,24,2790,73,4050,9990,4925
198793585805,493,3343,151,1628,9991,4925
198793601028,172,4074,522,34961,9992,4925
198793612223,25,3866,101,4092,9992,4926
198793623300,151,4845,87,2631,9993,4926
198793634514,167,4227,238,14590,9994,4926
198793645625,23,3577,66,2311,9994,4927
198793656738,166,4367,102,7794,9995,4927
198793667943,172,4137,170,15242,9996,4927
198793679113,331,3480,65,3088,9997,4927
198793690184,23,3033,50,2190,9997,4928
198793701016,156,3503,49,2247,9998,4928
198793712041,25,3622,53,2126,9998,4929
198793723051,134,3263,119,7935,9999,4929
198793734805,362,3239,53,2188,10000,4929
198793745743,235,3407,64,3115,10001,4929
198793756796,22,3066,37,974,10001,4930
198793767901,138,3755,77,5270,10002,4930
198793778918,22,3182,44,920,10002,4931
198793790007,121,3013,81,6069,10003,4931
198793800858,180,3147,329,33716,10004,4931
198793812145,61,3147,73,3996,10004,4932
198793823138,209,3131,99,7916,10005,4932
198793834239,216,3531,240,15015,10006,4932
198793845723,199,3478,104,7788,10007,4932
198793856795,21,3467,52,2250,10007,4933
198793867781,385,4581,60,2606,10008,4933
198793878933,24,3216,54,2237,10008,4934
198793889985,609,3064,167,14634,10009,4934
198793901177,166,3024,114,8402,10010,4934
198793912306,28,3039,62,1999,10010,4935
198793923174,261,3960,170,15123,10011,4935
198793934325,273,3222,73,3517,10012,4935
198793945342,23,3288,47,2203,10012,4936
198793956390,145,3451,104,7512,10013,4936
198793968096,126,3124,51,2314,10014,4936
198793978594,25,3629,56,2036,10014,4937
198793989797,302,3331,59,2291,10015,4937
198794000878,355,3288,156,14834,10016,4937
198794012011,26,3292,65,2577,10016,4938
198794023108,159,3225,195,8442,10017,4938
198794034733,185,3417,166,15360,10018,4938
198794045321,23,3290,57,2503,10018,4939
198794056685,132,3503,58,2832,10019,4939
198794067900,441,3547,89,6605,10020,4939
198794078955,143,3039,82,5142,10021,4939
198794090015,22,2863,34,1044,10021,4940
198794101051,449,3494,58,1016,10022,4940
198794112106,24,3503,59,1011,10022,4941
198794123450,449,3109,334,35077,10023,4941
198794134236,389,3586,191,16643,10024,4941
198794145337,23,3335,57,2751,10024,4942
198794156352,162,3248,131,8135,10025,4942
198794168018,268,3527,177,15275,10026,4942
198794178988,25,3098,58,2374,10026,4943
198794190133,210,3385,69,3208,10027,4943
198794201255,184,4124,124,7561,10028,4943
198794212138,34,3822,49,2063,10028,4944
198794223192,129,3734,167,15444,10029,4944
198794234304,173,3441,101,7371,10030,4944
198794245305,22,3323,48,2157,10030,4945
198794256545,761,3147,187,14864,10031,4945
198794267615,255,3204,104,8603,10032,4945
198794278899,21,3097,50,2096,10032,4946
198794290685,223,3271,163,14359,10033,4946
