start_us,capture_us,encode_us,submit_us,payload_bytes,desktop_updates,cached_frames,sample_id,capture_epoch,is_idr
341917586457,1945,6713,135,4183,1,0,0,1,1
341917619811,19,4390,31,125,1,1,1,1,0
341917653420,16,3582,28,241,1,2,2,1,0
341917686619,17,3793,28,204,1,3,3,1,0
341917720007,26,3845,33,197,1,4,4,1,0
341917753403,18,4729,29,197,1,5,5,1,0
341917786550,17,3344,33,197,1,6,6,1,0
341917820203,219,4941,43,197,2,6,7,1,0
341917853257,17,3364,28,197,2,7,8,1,0
341917886605,16,3715,25,197,2,8,9,1,0
341917920389,40,3623,29,197,2,9,10,1,0
341917953607,18,4425,39,197,2,10,11,1,0
341917986483,18,3391,29,197,2,11,12,1,0
341918020128,26,4604,33,197,2,12,13,1,0
341918053649,18,4172,42,197,2,13,14,1,0
341918086632,174,4323,30,197,3,13,15,1,0
341918119843,28,3471,28,197,3,14,16,1,0
341918153384,24,3691,29,197,3,15,17,1,0
341918186682,25,3751,26,197,3,16,18,1,0
341918220324,19,4484,35,197,3,17,19,1,0
341918253497,18,3863,34,197,3,18,20,1,0
341918286734,18,3734,32,197,3,19,21,1,0
341918319978,211,4492,29,197,4,19,22,1,0
341918353538,19,4573,29,197,4,20,23,1,0
341918386992,16,3611,26,197,4,21,24,1,0
341918420030,27,3391,25,197,4,22,25,1,0
341918453164,28,3685,35,197,4,23,26,1,0
341918486541,18,3507,36,197,4,24,27,1,0
341918520283,18,4132,33,197,4,25,28,1,0
341918553583,16,4199,27,197,4,26,29,1,0
341918587094,216,4600,27,197,5,26,30,1,0
341918619904,18,3651,25,197,5,27,31,1,0
341918653151,18,2814,40,197,5,28,32,1,0
341918686885,23,2489,26,197,5,29,33,1,0
341918720301,36,3135,42,197,5,30,34,1,0
341918753581,19,2900,36,197,5,31,35,1,0
341918786882,27,3543,28,197,5,32,36,1,0
341918820199,17,4929,30,197,5,33,37,1,0
341918853633,417,3981,227,18612,6,33,38,1,0
341918886877,19,2362,32,542,6,34,39,1,0
341918920067,18,3387,59,444,6,35,40,1,0
341918953298,17,2845,49,415,6,36,41,1,0
341918986798,19,4855,38,405,6,37,42,1,0
341919019960,17,2792,26,405,6,38,43,1,0
341919053327,16,2765,27,405,6,39,44,1,0
341919086762,18,2708,34,405,6,40,45,1,0
341919120177,183,4776,35,393,7,40,46,1,0
341919153398,16,2710,27,197,7,41,47,1,0
341919186929,20,4731,30,197,7,42,48,1,0
341919219950,17,5428,38,197,7,43,49,1,0
341919253351,16,3147,28,197,7,44,50,1,0
341919287036,17,2589,33,197,7,45,51,1,0
341919320252,20,3495,31,197,7,46,52,1,0
341919353238,26,3007,27,197,7,47,53,1,0
341919386822,166,4795,193,19497,8,47,54,1,0
341919420302,17,5016,33,629,8,48,55,1,0
341919453437,48,2712,28,452,8,49,56,1,0
341919486631,28,2604,38,404,8,50,57,1,0
341919519989,20,2850,37,399,8,51,58,1,0
341919553165,18,2696,39,399,8,52,59,1,0
341919586486,29,3684,34,399,8,53,60,1,0
341919620056,32,5281,27,399,8,54,61,1,0
341919653658,222,4185,63,3999,9,54,62,1,0
341919686567,18,2845,30,395,9,55,63,1,0
341919720164,18,2600,43,395,9,56,64,1,0
341919753626,18,3322,36,395,9,57,65,1,0
341919786632,17,3119,28,395,9,58,66,1,0
341919820135,15,4762,27,395,9,59,67,1,0
341919853524,27,2771,36,395,9,60,68,1,0
341919886557,178,3925,39,853,10,60,69,1,0
341919920083,18,2723,34,399,10,61,70,1,0
341919953353,17,2745,32,399,10,62,71,1,0
341919986694,17,3529,37,399,10,63,72,1,0
341920019943,17,3191,32,399,10,64,73,1,0
341920053281,19,2736,36,399,10,65,74,1,0
341920086451,17,2856,30,399,10,66,75,1,0
341920120110,18,3527,36,399,10,67,76,1,0
341920153488,192,4027,35,575,11,67,77,1,0
341920186689,16,3580,29,395,11,68,78,1,0
341920219838,18,3150,29,395,11,69,79,1,0
341920253329,22,2838,192,395,11,70,80,1,0
341920286662,18,2803,30,395,11,71,81,1,0
341920320055,15,2886,31,395,11,72,82,1,0
341920353537,19,2857,38,395,11,73,83,1,0
341920386567,17,3092,28,395,11,74,84,1,0
341920420155,165,4915,29,387,12,74,85,1,0
341920453036,18,2874,34,197,12,75,86,1,0
341920486491,18,2815,37,197,12,76,87,1,0
341920520409,18,2662,47,197,12,77,88,1,0
341920553487,18,2790,35,197,12,78,89,1,0
341920586640,17,2827,29,197,12,79,90,1,0
341920620193,17,3449,26,197,12,80,91,1,0
341920653428,16,3076,26,197,12,81,92,1,0
341920686862,315,4821,39,197,13,81,93,1,0
341920720287,18,4673,43,197,13,82,94,1,0
341920753422,17,2791,29,197,13,83,95,1,0
341920786701,21,2711,27,197,13,84,96,1,0
341920820289,17,3485,31,197,13,85,97,1,0
341920853384,18,2937,28,197,13,86,98,1,0
341920886600,38,2795,27,197,13,87,99,1,0
341920919897,160,4144,31,197,14,87,100,1,0
341920953404,18,2727,30,197,14,88,101,1,0
341920987000,19,2559,30,197,14,89,102,1,0
341921020083,17,3311,25,197,14,90,103,1,0
341921053238,16,3003,25,197,14,91,104,1,0
341921086860,17,4540,25,197,14,92,105,1,0
341921120142,24,5237,25,197,14,93,106,1,0
341921153711,16,2808,25,197,14,94,107,1,0
341921186408,183,4948,30,197,15,94,108,1,0
341921220488,19,3565,30,197,15,95,109,1,0
341921253554,16,3046,26,197,15,96,110,1,0
341921286438,16,4062,25,197,15,97,111,1,0
341921319950,21,4069,27,197,15,98,112,1,0
341921353333,16,3021,47,197,15,99,113,1,0
341921386459,19,2681,48,197,15,100,114,1,0
341921419702,19,3279,42,197,15,101,115,1,0
341921453538,197,5349,41,197,16,101,116,1,0
341921487092,17,3471,30,197,16,102,117,1,0
341921519895,37,5133,27,197,16,103,118,1,0
341921553527,17,2751,25,197,16,104,119,1,0
341921586848,16,2836,34,197,16,105,120,1,0
341921620353,28,2660,26,197,16,106,121,1,0
341921653132,17,3155,27,197,16,107,122,1,0
341921686735,16,3042,25,197,16,108,123,1,0
341921719941,262,4441,37,197,17,108,124,1,0
341921753455,17,2869,25,197,17,109,125,1,0
341921786760,16,2835,26,197,17,110,126,1,0
341921819891,15,4894,72,197,17,111,127,1,0
341921853274,15,3136,28,197,17,112,128,1,0
341921886658,17,2861,27,197,17,113,129,1,0
341921920152,16,3795,25,197,17,114,130,1,0
341921953593,30,2976,35,197,17,115,131,1,0
341921987022,294,4192,35,197,18,115,132,1,0
341922020053,16,2835,28,197,18,116,133,1,0
341922053539,21,2295,29,197,18,117,134,1,0
341922086561,18,3406,33,197,18,118,135,1,0
341922119924,37,3227,26,197,18,119,136,1,0
341922153615,16,2705,24,197,18,120,137,1,0
341922186773,17,3045,25,197,18,121,138,1,0
341922220350,200,4100,52,197,19,121,139,1,0
341922253752,17,2831,30,197,19,122,140,1,0
341922286492,29,3583,45,197,19,123,141,1,0
341922320235,31,3734,34,197,19,124,142,1,0
341922353482,17,2874,39,197,19,125,143,1,0
341922386460,24,2737,26,197,19,126,144,1,0
341922419834,50,2955,26,197,19,127,145,1,0
341922453282,16,2858,24,197,19,128,146,1,0
341922486537,181,5279,31,197,20,128,147,1,0
341922520140,16,2948,25,197,20,129,148,1,0
341922553340,24,2991,25,197,20,130,149,1,0
341922586832,27,2747,28,197,20,131,150,1,0
341922619899,17,2755,23,197,20,132,151,1,0
341922653124,17,2866,26,197,20,133,152,1,0
341922686571,24,3124,25,197,20,134,153,1,0
341922719769,17,3255,39,197,20,135,154,1,0
341922753400,235,4126,31,197,21,135,155,1,0
341922786818,17,2901,25,197,21,136,156,1,0
341922820197,17,2843,25,197,21,137,157,1,0
341922853228,16,3145,26,197,21,138,158,1,0
341922886528,35,3101,25,197,21,139,159,1,0
341922920081,15,3358,23,197,21,140,160,1,0
341922953613,16,2818,238,197,21,141,161,1,0
341922986493,19,3064,35,197,21,142,162,1,0
341923020187,189,4003,25,197,22,142,163,1,0
341923053532,16,2797,44,197,22,143,164,1,0
341923086573,18,3118,38,197,22,144,165,1,0
341923119849,18,3104,26,197,22,145,166,1,0
341923153621,25,3246,28,197,22,146,167,1,0
341923186942,17,2873,25,197,22,147,168,1,0
341923220459,86,6164,37,197,22,148,169,1,0
341923253615,192,4270,34,197,23,148,170,1,0
341923286983,24,2837,26,197,23,149,171,1,0
341923320010,17,3462,25,197,23,150,172,1,0
341923353449,16,3158,27,197,23,151,173,1,0
341923386479,15,2998,25,197,23,152,174,1,0
341923419940,17,5126,29,197,23,153,175,1,0
341923453754,18,2655,30,197,23,154,176,1,0
341923486822,18,2934,36,197,23,155,177,1,0
341923520075,205,4573,33,197,24,155,178,1,0
341923553743,18,2850,131,197,24,156,179,1,0
341923586705,18,2608,32,197,24,157,180,1,0
341923620057,18,4890,29,197,24,158,181,1,0
341923653543,16,2791,23,197,24,159,182,1,0
341923686915,18,2853,25,197,24,160,183,1,0
341923720356,17,3154,39,197,24,161,184,1,0
341923753045,18,2801,38,197,24,162,185,1,0
341923786477,232,4515,30,197,25,162,186,1,0
341923819851,18,2820,29,197,25,163,187,1,0
341923853629,18,2875,34,197,25,164,188,1,0
341923886869,16,2830,26,197,25,165,189,1,0
341923919964,16,2785,24,197,25,166,190,1,0
341923953220,17,3373,26,197,25,167,191,1,0
341923986707,18,3334,38,197,25,168,192,1,0
341924020297,18,2877,32,197,25,169,193,1,0
341924053200,191,3925,78,197,26,169,194,1,0
341924086533,16,2707,27,197,26,170,195,1,0
341924120295,34,2371,25,197,26,171,196,1,0
341924153556,18,3235,34,197,26,172,197,1,0
341924186711,18,2919,28,197,26,173,198,1,0
341924220010,28,5248,35,197,26,174,199,1,0
341924253558,16,2951,39,197,26,175,200,1,0
341924286548,18,2764,27,197,26,176,201,1,0
341924319824,168,4055,219,19568,27,176,202,1,0
341924353166,16,3490,34,551,27,177,203,1,0
341924386480,33,2666,31,411,27,178,204,1,0
341924420213,23,3240,30,401,27,179,205,1,0
341924453191,16,2831,28,392,27,180,206,1,0
341924486708,17,2818,38,392,27,181,207,1,0
341924519872,19,2486,32,392,27,182,208,1,0
341924553419,17,2692,30,392,27,183,209,1,0
341924586843,399,4660,66,3956,28,183,210,1,0
341924620071,17,3393,26,400,28,184,211,1,0
341924653520,18,2709,27,400,28,185,212,1,0
341924686672,16,2769,27,400,28,186,213,1,0
341924720045,17,2927,32,400,28,187,214,1,0
341924753088,49,2717,45,400,28,188,215,1,0
341924786369,18,2720,43,400,28,189,216,1,0
341924820229,438,4618,72,3657,29,189,217,1,0
341924853396,18,3749,54,456,29,190,218,1,0
341924886518,16,2700,34,428,29,191,219,1,0
341924920292,18,4077,37,427,29,192,220,1,0
341924953144,19,2841,40,427,29,193,221,1,0
341924986424,17,2781,39,427,29,194,222,1,0
341925019925,17,2781,24,427,29,195,223,1,0
341925053530,18,3449,27,427,29,196,224,1,0
341925086449,196,4772,30,661,30,196,225,1,0
341925119961,27,3373,26,427,30,197,226,1,0
341925153136,18,2916,30,427,30,198,227,1,0
341925186777,16,2861,28,427,30,199,228,1,0
341925220089,31,2762,24,427,30,200,229,1,0
341925275447,38,4404,59,427,30,201,230,1,0
341925288805,32,3268,43,427,30,202,231,1,0
341925319962,16,3059,30,427,30,203,232,1,0
341925353548,175,4233,36,352,31,203,233,1,0
341925386605,17,2605,28,197,31,204,234,1,0
341925419776,41,2781,26,197,31,205,235,1,0
341925453045,17,2838,27,197,31,206,236,1,0
341925486799,18,3194,36,197,31,207,237,1,0
341925519986,22,3168,28,197,31,208,238,1,0
341925553553,24,2722,33,197,31,209,239,1,0
341925586934,30,2562,31,197,31,210,240,1,0
341925619881,182,3194,27,197,32,210,241,1,0
341925653420,16,2596,26,197,32,211,242,1,0
341925686818,16,3751,26,197,32,212,243,1,0
341925720306,16,4049,25,197,32,213,244,1,0
341925753543,19,3013,41,197,32,214,245,1,0
341925786888,31,2843,30,197,32,215,246,1,0
341925820246,23,2915,27,197,32,216,247,1,0
341925853733,39,2650,24,197,32,217,248,1,0
341925886470,204,4911,30,197,33,217,249,1,0
341925919821,17,3075,36,197,33,218,250,1,0
341925953408,35,2872,37,197,33,219,251,1,0
341925986855,19,3049,39,197,33,220,252,1,0
341926020154,18,3005,71,197,33,221,253,1,0
341926053382,18,2944,43,197,33,222,254,1,0
341926086910,18,2740,28,197,33,223,255,1,0
341926120157,18,4398,41,197,33,224,256,1,0
341926153303,184,4503,29,197,34,224,257,1,0
341926186699,18,2821,35,197,34,225,258,1,0
341926219758,17,3205,30,197,34,226,259,1,0
341926253185,34,3092,56,197,34,227,260,1,0
341926286580,24,2435,29,197,34,228,261,1,0
341926319959,17,3500,26,197,34,229,262,1,0
341926353120,16,3207,26,197,34,230,263,1,0
341926386437,172,3937,27,197,35,230,264,1,0
341926420150,16,4295,35,197,35,231,265,1,0
341926453363,20,2837,59,197,35,232,266,1,0
341926486479,18,2839,39,197,35,233,267,1,0
341926520093,26,3095,29,197,35,234,268,1,0
341926553448,18,3090,29,197,35,235,269,1,0
341926586801,17,3832,25,197,35,236,270,1,0
341926619802,16,3300,25,197,35,237,271,1,0
341926653320,159,3573,34,197,36,237,272,1,0
341926686466,17,3014,70,197,36,238,273,1,0
341926719772,16,2925,24,197,36,239,274,1,0
341926753188,18,3147,31,197,36,240,275,1,0
341926786806,18,3865,26,197,36,241,276,1,0
341926820329,17,3293,31,197,36,242,277,1,0
341926853127,18,2903,27,197,36,243,278,1,0
341926886922,18,3146,25,197,36,244,279,1,0
341926920287,192,4469,192,18859,37,244,280,1,0
341926953402,17,3123,28,587,37,245,281,1,0
341926986922,18,3687,38,442,37,246,282,1,0
341927020088,23,3782,30,416,37,247,283,1,0
341927053227,18,2873,31,406,37,248,284,1,0
341927086591,17,2981,28,406,37,249,285,1,0
341927120210,32,2898,29,406,37,250,286,1,0
341927153448,23,2920,27,406,37,251,287,1,0
341927186401,153,3800,70,2676,38,251,288,1,0
341927219939,18,3208,31,403,38,252,289,1,0
341927253459,17,2993,37,403,38,253,290,1,0
341927286682,24,3020,28,403,38,254,291,1,0
341927319951,20,3075,44,403,38,255,292,1,0
341927353595,19,2965,43,403,38,256,293,1,0
341927386687,16,3009,43,403,38,257,294,1,0
341927420168,179,4087,44,447,39,257,295,1,0
341927453468,19,3422,32,197,39,258,296,1,0
341927486857,19,3629,49,197,39,259,297,1,0
341927520024,26,5361,36,197,39,260,298,1,0
341927553511,17,2834,67,197,39,261,299,1,0
341927586480,16,2971,26,197,39,262,300,1,0
341927619905,16,3136,27,197,39,263,301,1,0
341927653502,16,3987,26,197,39,264,302,1,0
341927686544,148,3960,29,197,40,264,303,1,0
341927720215,15,4157,25,197,40,265,304,1,0
341927753591,25,3017,32,197,40,266,305,1,0
341927786602,16,2895,25,197,40,267,306,1,0
341927820024,16,3012,27,197,40,268,307,1,0
341927853426,23,2845,26,197,40,269,308,1,0
341927886898,16,3447,25,197,40,270,309,1,0
341927920189,15,3234,23,197,40,271,310,1,0
341927953256,194,4157,238,19246,41,271,311,1,0
341927986694,18,3168,31,578,41,272,312,1,0
341928020283,17,3027,31,450,41,273,313,1,0
341928053253,18,2829,28,417,41,274,314,1,0
341928086439,16,3154,35,412,41,275,315,1,0
341928119898,16,4231,30,412,41,276,316,1,0
341928153400,17,3522,29,412,41,277,317,1,0
341928186728,15,3019,27,412,41,278,318,1,0
341928220069,158,6907,36,350,42,278,319,1,0
341928253263,20,3045,26,197,42,279,320,1,0
341928286453,38,2906,27,197,42,280,321,1,0
341928319739,18,3638,26,197,42,281,322,1,0
341928352989,15,4046,24,197,42,282,323,1,0
341928386797,16,3254,27,197,42,283,324,1,0
341928419799,23,3032,27,197,42,284,325,1,0
341928453343,19,3135,26,197,42,285,326,1,0
341928486470,153,4230,52,197,43,285,327,1,0
341928520215,27,2979,34,197,43,286,328,1,0
341928553460,18,3629,27,197,43,287,329,1,0
341928586789,15,3424,26,197,43,288,330,1,0
341928620085,16,4034,27,197,43,289,331,1,0
341928653380,18,2968,63,197,43,290,332,1,0
341928686481,17,3007,26,197,43,291,333,1,0
341928719835,16,3216,24,197,43,292,334,1,0
341928753005,174,3943,36,197,44,292,335,1,0
341928786773,15,4659,25,197,44,293,336,1,0
341928820000,17,3733,24,197,44,294,337,1,0
341928853449,16,2936,30,197,44,295,338,1,0
341928886768,20,3116,29,197,44,296,339,1,0
341928920250,16,2975,27,197,44,297,340,1,0
341928953366,31,3123,27,197,44,298,341,1,0
341928986688,15,4098,30,197,44,299,342,1,0
341929020328,223,3730,36,197,45,299,343,1,0
341929053173,19,2870,33,197,45,300,344,1,0
341929086348,23,2949,67,197,45,301,345,1,0
341929119860,17,2846,25,197,45,302,346,1,0
341929153376,22,3039,26,197,45,303,347,1,0
341929186486,16,3700,28,197,45,304,348,1,0
341929219841,36,3293,26,197,45,305,349,1,0
341929253249,191,3798,43,197,46,305,350,1,0
341929286558,18,3178,32,197,46,306,351,1,0
341929320097,17,3080,27,197,46,307,352,1,0
341929353328,16,2901,25,197,46,308,353,1,0
341929386412,17,3107,28,197,46,309,354,1,0
341929420233,27,3336,27,197,46,310,355,1,0
341929453067,15,3136,27,197,46,311,356,1,0
341929486404,18,2781,25,197,46,312,357,1,0
341929519714,206,5733,42,197,47,312,358,1,0
341929553557,31,2889,31,197,47,313,359,1,0
341929586800,19,2987,33,197,47,314,360,1,0
341929620078,18,3199,27,197,47,315,361,1,0
341929653384,19,3336,29,197,47,316,362,1,0
341929686729,16,2967,27,197,47,317,363,1,0
341929720129,28,4872,26,197,47,318,364,1,0
341929753259,18,3107,32,197,47,319,365,1,0
341929786712,164,3493,36,197,48,319,366,1,0
341929819909,18,3189,29,197,48,320,367,1,0
341929853124,17,3946,38,197,48,321,368,1,0
341929886608,17,3528,32,197,48,322,369,1,0
341929920050,17,3643,27,197,48,323,370,1,0
341929953126,15,2942,26,197,48,324,371,1,0
341929986476,16,3186,26,197,48,325,372,1,0
341930020107,18,4960,37,197,48,326,373,1,0
341930053357,205,3544,211,16574,49,326,374,1,0
341930086931,18,3824,31,576,49,327,375,1,0
341930119932,17,3613,28,449,49,328,376,1,0
341930153411,17,2939,25,415,49,329,377,1,0
341930186787,17,3006,39,409,49,330,378,1,0
341930219912,19,2805,84,409,49,331,379,1,0
341930253232,20,2815,42,409,49,332,380,1,0
341930286748,18,2938,35,409,49,333,381,1,0
341930320007,322,4249,34,438,50,333,382,1,0
341930353709,15,3137,24,197,50,334,383,1,0
341930386647,17,2741,53,197,50,335,384,1,0
341930419965,19,4714,41,197,50,336,385,1,0
341930453501,19,2814,32,197,50,337,386,1,0
341930486794,18,2932,27,197,50,338,387,1,0
341930519803,22,2925,41,197,50,339,388,1,0
341930553426,164,4099,33,197,51,339,389,1,0
341930586396,17,3273,28,197,51,340,390,1,0
341930619995,17,4385,27,197,51,341,391,1,0
341930653574,24,3026,25,197,51,342,392,1,0
341930686592,43,2932,35,197,51,343,393,1,0
341930720094,19,3002,43,197,51,344,394,1,0
341930753399,17,3382,44,197,51,345,395,1,0
341930786659,18,3906,38,197,51,346,396,1,0
341930820124,172,3552,35,197,52,346,397,1,0
341930853125,17,2861,41,197,52,347,398,1,0
341930886451,19,2900,68,197,52,348,399,1,0
341930919867,21,2830,42,197,52,349,400,1,0
341930953056,18,2747,43,197,52,350,401,1,0
341930987185,29,3270,44,197,52,351,402,1,0
341931020056,36,2879,178,197,52,352,403,1,0
341931052974,213,4174,43,197,53,352,404,1,0
341931086756,19,3198,42,197,53,353,405,1,0
341931119890,64,3015,39,197,53,354,406,1,0
341931153004,38,3024,59,197,53,355,407,1,0
341931186768,19,2854,46,197,53,356,408,1,0
341931219980,18,2711,45,197,53,357,409,1,0
341931253269,18,3121,57,197,53,358,410,1,0
341931286629,18,3257,34,197,53,359,411,1,0
341931319868,199,4044,36,197,54,359,412,1,0
341931353450,17,3103,25,197,54,360,413,1,0
341931386857,17,2775,34,197,54,361,414,1,0
341931419720,19,2628,45,197,54,362,415,1,0
341931453213,18,3624,38,197,54,363,416,1,0
341931486355,28,3359,29,197,54,364,417,1,0
341931519748,19,4007,40,197,54,365,418,1,0
341931553125,32,3088,27,197,54,366,419,1,0
341931586799,354,3339,218,19297,55,366,420,1,0
341931620074,34,3082,35,583,55,367,421,1,0
341931653160,19,3073,36,449,55,368,422,1,0
341931686636,26,3763,36,426,55,369,423,1,0
341931720141,17,3081,35,418,55,370,424,1,0
341931753473,17,3996,40,418,55,371,425,1,0
341931786653,18,3090,49,418,55,372,426,1,0
341931819996,161,5457,37,690,56,372,427,1,0
341931853285,30,3035,29,411,56,373,428,1,0
341931886519,52,3101,52,411,56,374,429,1,0
341931919868,18,3908,31,411,56,375,430,1,0
341931953429,17,3635,28,411,56,376,431,1,0
341931986382,17,3028,27,411,56,377,432,1,0
341932019805,17,5588,37,411,56,378,433,1,0
341932053153,17,2918,28,411,56,379,434,1,0
341932086586,168,3227,33,364,57,379,435,1,0
341932119786,25,3319,26,197,57,380,436,1,0
341932153080,26,2894,25,197,57,381,437,1,0
341932186847,14,3247,24,197,57,382,438,1,0
341932220188,15,2888,24,197,57,383,439,1,0
341932253196,19,2795,53,197,57,384,440,1,0
341932286422,17,3186,26,197,57,385,441,1,0
341932320026,20,3980,45,197,57,386,442,1,0
341932353279,263,3370,42,197,58,386,443,1,0
341932386378,18,3167,31,197,58,387,444,1,0
341932419789,18,3035,65,197,58,388,445,1,0
341932453402,18,3166,32,197,58,389,446,1,0
341932486492,18,3204,37,197,58,390,447,1,0
341932519816,20,3862,39,197,58,391,448,1,0
341932553076,19,3313,38,197,58,392,449,1,0
341932586609,317,3882,29,197,59,392,450,1,0
341932620193,16,3544,26,197,59,393,451,1,0
341932653188,19,2820,31,197,59,394,452,1,0
341932686762,18,3150,30,197,59,395,453,1,0
341932719677,21,3070,34,197,59,396,454,1,0
341932753236,19,4220,38,197,59,397,455,1,0
341932786463,23,3175,35,197,59,398,456,1,0
341932819732,21,3053,37,197,59,399,457,1,0
341932853456,167,3433,189,18663,60,399,458,1,0
341932886427,18,2911,25,582,60,400,459,1,0
341932920090,15,3665,28,443,60,401,460,1,0
341932953406,18,3411,34,411,60,402,461,1,0
341932986855,18,2892,32,407,60,403,462,1,0
341933019666,18,3039,40,407,60,404,463,1,0
341933053492,17,5351,30,407,60,405,464,1,0
341933086536,55,2987,35,407,60,406,465,1,0
341933119825,170,4370,39,394,61,406,466,1,0
341933153304,22,3270,27,197,61,407,467,1,0
341933186619,17,3202,28,197,61,408,468,1,0
341933220062,16,5821,27,197,61,409,469,1,0
341933253101,16,2945,43,197,61,410,470,1,0
341933286870,17,3100,26,197,61,411,471,1,0
341933319868,17,3530,25,197,61,412,472,1,0
341933353031,15,3403,28,197,61,413,473,1,0
341933386397,190,3917,28,197,62,413,474,1,0
341933420207,17,4833,31,197,62,414,475,1,0
341933453587,17,2904,26,197,62,415,476,1,0
341933486585,17,3034,27,197,62,416,477,1,0
341933520179,18,2940,75,197,62,417,478,1,0
341933553511,15,4001,26,197,62,418,479,1,0
341933586842,45,2924,25,197,62,419,480,1,0
341933619873,28,5445,27,197,62,420,481,1,0
341933653347,161,3249,28,197,63,420,482,1,0
341933686873,25,3021,26,197,63,421,483,1,0
341933719672,19,3717,25,197,63,422,484,1,0
341933753335,16,6160,37,197,63,423,485,1,0
341933786594,18,2872,29,197,63,424,486,1,0
341933819901,17,2971,29,197,63,425,487,1,0
341933853104,18,3127,25,197,63,426,488,1,0
341933886695,16,3095,24,197,63,427,489,1,0
341933920141,150,3334,31,197,64,427,490,1,0
341933953406,17,3712,26,197,64,428,491,1,0
341933986720,18,4029,32,197,64,429,492,1,0
341934019916,19,3612,41,197,64,430,493,1,0
341934053234,25,2836,29,197,64,431,494,1,0
341934086690,16,3042,29,197,64,432,495,1,0
341934120203,16,3149,25,197,64,433,496,1,0
341934153257,17,2809,26,197,64,434,497,1,0
341934186817,154,4330,25,197,65,434,498,1,0
341934219904,20,3216,38,197,65,435,499,1,0
341934253044,53,3079,39,197,65,436,500,1,0
341934286405,18,2989,30,197,65,437,501,1,0
341934320095,28,3107,28,197,65,438,502,1,0
341934353369,18,3321,29,197,65,439,503,1,0
341934386573,17,3796,25,197,65,440,504,1,0
341934420216,19,4591,42,197,65,441,505,1,0
341934453270,223,3334,31,197,66,441,506,1,0
341934486713,17,2885,26,197,66,442,507,1,0
341934519776,19,3032,59,197,66,443,508,1,0
341934553161,18,2963,58,197,66,444,509,1,0
341934586548,25,3000,26,197,66,445,510,1,0
341934620007,18,3602,34,197,66,446,511,1,0
341934653591,16,3231,29,197,66,447,512,1,0
341934686730,197,3530,28,197,67,447,513,1,0
341934720014,15,4524,29,197,67,448,514,1,0
341934753116,19,3152,35,197,67,449,515,1,0
341934786641,18,2983,25,197,67,450,516,1,0
341934820013,16,3194,24,197,67,451,517,1,0
341934853411,16,3768,26,197,67,452,518,1,0
341934886621,17,3173,24,197,67,453,519,1,0
341934919943,17,4564,24,197,67,454,520,1,0
341934953120,159,3245,62,197,68,454,521,1,0
341934986231,17,2991,29,197,68,455,522,1,0
341935019853,16,2984,38,197,68,456,523,1,0
341935053400,16,3915,24,197,68,457,524,1,0
341935086465,44,3266,24,197,68,458,525,1,0
341935120053,17,4969,29,197,68,459,526,1,0
341935153144,16,3043,27,197,68,460,527,1,0
341935186545,70,2837,38,197,68,461,528,1,0
341935219879,168,3275,168,16037,69,461,529,1,0
341935253369,18,4062,35,576,69,462,530,1,0
341935286484,17,3359,27,436,69,463,531,1,0
341935319679,19,3126,47,413,69,464,532,1,0
341935353441,29,2773,39,407,69,465,533,1,0
341935386506,17,2826,30,407,69,466,534,1,0
341935419782,18,3030,40,407,69,467,535,1,0
341935453241,24,3595,28,407,69,468,536,1,0
341935486371,208,4027,29,385,70,468,537,1,0
341935520312,19,3192,34,197,70,469,538,1,0
341935553545,18,5521,34,197,70,470,539,1,0
341935586342,24,3098,27,197,70,471,540,1,0
341935619707,30,3400,27,197,70,472,541,1,0
341935653291,18,4094,26,197,70,473,542,1,0
341935686489,28,2905,27,197,70,474,543,1,0
341935719599,16,3310,25,197,70,475,544,1,0
341935752992,208,3369,208,19553,71,475,545,1,0
341935786798,16,2748,30,661,71,476,546,1,0
341935820142,17,3369,29,465,71,477,547,1,0
341935853308,18,2951,30,407,71,478,548,1,0
341935886437,17,3005,27,403,71,479,549,1,0
341935919754,17,3200,26,403,71,480,550,1,0
341935953236,28,3036,30,403,71,481,551,1,0
341935986572,17,3187,28,403,71,482,552,1,0
341936020166,352,4505,35,391,72,482,553,1,0
341936053218,17,3249,25,197,72,483,554,1,0
341936086495,37,2834,25,197,72,484,555,1,0
341936119837,17,3099,32,197,72,485,556,1,0
341936153412,18,2963,31,197,72,486,557,1,0
341936186655,19,3139,30,197,72,487,558,1,0
341936219608,30,3142,27,197,72,488,559,1,0
341936253045,175,4164,36,197,73,488,560,1,0
341936286417,26,2926,24,197,73,489,561,1,0
341936320171,16,3085,23,197,73,490,562,1,0
341936353140,16,3012,23,197,73,491,563,1,0
341936386448,18,3454,36,197,73,492,564,1,0
341936419781,17,3344,33,197,73,493,565,1,0
341936452997,17,4726,25,197,73,494,566,1,0
341936486566,15,3075,61,197,73,495,567,1,0
341936519956,219,3681,36,197,74,495,568,1,0
341936553471,18,3017,34,197,74,496,569,1,0
341936586354,18,3155,36,197,74,497,570,1,0
341936619803,30,4019,34,197,74,498,571,1,0
341936653056,18,3296,24,197,74,499,572,1,0
341936686503,16,2914,80,197,74,500,573,1,0
341936719824,16,4961,26,197,74,501,574,1,0
341936753111,171,3453,37,197,75,501,575,1,0
341936786353,18,2827,29,197,75,502,576,1,0
341936819902,29,2779,28,197,75,503,577,1,0
341936853253,28,3906,29,197,75,504,578,1,0
341936886670,19,3291,29,197,75,505,579,1,0
341936920029,16,3799,27,197,75,506,580,1,0
341936953215,16,5558,29,197,75,507,581,1,0
341936986263,17,3021,24,197,75,508,582,1,0
341937020034,238,3706,222,19681,76,508,583,1,0
341937053527,19,2858,34,585,76,509,584,1,0
341937086781,18,3673,31,442,76,510,585,1,0
341937119889,19,3668,33,416,76,511,586,1,0
341937153039,23,4502,28,412,76,512,587,1,0
341937186661,16,2981,27,412,76,513,588,1,0
341937220088,18,3185,26,412,76,514,589,1,0
341937253114,257,3214,45,380,77,514,590,1,0
341937286328,29,3429,30,197,77,515,591,1,0
341937319876,26,3353,52,197,77,516,592,1,0
341937353437,19,3702,44,197,77,517,593,1,0
341937386371,16,3194,34,197,77,518,594,1,0
341937419904,17,3054,31,197,77,519,595,1,0
341937453114,17,3077,23,197,77,520,596,1,0
341937486601,17,2905,30,197,77,521,597,1,0
341937519938,172,4612,37,197,78,521,598,1,0
341937553180,16,3272,29,197,78,522,599,1,0
341937586546,16,3136,25,197,78,523,600,1,0
341937619825,23,5474,28,197,78,524,601,1,0
341937653358,17,3020,25,197,78,525,602,1,0
341937686552,26,3023,24,197,78,526,603,1,0
341937719742,25,3094,25,197,78,527,604,1,0
341937752952,17,5570,36,197,78,528,605,1,0
341937786338,202,4512,26,197,79,528,606,1,0
341937819997,25,3406,31,197,79,529,607,1,0
341937853390,21,4215,26,197,79,530,608,1,0
341937886497,17,3080,24,197,79,531,609,1,0
341937920057,23,3125,25,197,79,532,610,1,0
341937953380,45,2913,24,197,79,533,611,1,0
341937986354,16,3412,24,197,79,534,612,1,0
341938019751,19,2947,40,197,79,535,613,1,0
341938053048,165,5653,169,16648,80,535,614,1,0
341938086414,22,3145,28,575,80,536,615,1,0
341938120089,17,2985,43,422,80,537,616,1,0
341938153579,24,3455,46,400,80,538,617,1,0
341938186462,17,3465,33,395,80,539,618,1,0
341938219970,17,4239,35,395,80,540,619,1,0
341938253414,18,4016,33,395,80,541,620,1,0
341938286540,314,3599,30,656,81,541,621,1,0
341938319746,37,2972,27,395,81,542,622,1,0
341938353022,18,3706,34,391,81,543,623,1,0
341938388219,21,4337,39,391,81,544,624,1,0
341938419925,18,4504,42,391,81,545,625,1,0
341938452965,18,3112,26,391,81,546,626,1,0
341938486297,17,3006,28,391,81,547,627,1,0
341938519997,17,3132,37,391,81,548,628,1,0
341938553328,173,3913,37,437,82,548,629,1,0
341938586549,24,3396,27,197,82,549,630,1,0
341938620025,16,3549,29,197,82,550,631,1,0
341938653518,24,4095,27,197,82,551,632,1,0
341938686633,17,3037,23,197,82,552,633,1,0
341938720032,17,3024,60,197,82,553,634,1,0
341938753156,27,4060,35,197,82,554,635,1,0
341938786338,27,3767,25,197,82,555,636,1,0
341938820004,213,4602,30,197,83,555,637,1,0
341938853028,17,2963,114,197,83,556,638,1,0
341938886404,15,3116,24,197,83,557,639,1,0
341938919569,17,3090,24,197,83,558,640,1,0
341938953308,28,3093,24,197,83,559,641,1,0
341938986289,16,3214,23,197,83,560,642,1,0
341939019925,18,4257,35,197,83,561,643,1,0
341939053165,15,3511,24,197,83,562,644,1,0
341939086674,149,3950,27,197,84,562,645,1,0
341939119799,16,3089,25,197,84,563,646,1,0
341939153184,15,3106,27,197,84,564,647,1,0
341939186421,26,2944,25,197,84,565,648,1,0
341939219867,17,3142,24,197,84,566,649,1,0
341939253324,17,4310,28,197,84,567,650,1,0
341939286435,22,3333,23,197,84,568,651,1,0
341939319953,15,4162,24,197,84,569,652,1,0
341939353250,152,5125,32,197,85,569,653,1,0
341939386690,17,2902,24,197,85,570,654,1,0
341939419744,18,3078,37,197,85,571,655,1,0
341939453186,18,3181,28,197,85,572,656,1,0
341939486634,16,4024,30,197,85,573,657,1,0
341939520011,17,3309,27,197,85,574,658,1,0
341939553390,17,4202,27,197,85,575,659,1,0
341939586400,15,3009,26,197,85,576,660,1,0
341939620127,306,3545,28,197,86,576,661,1,0
341939653340,18,3094,25,197,86,577,662,1,0
341939686604,18,3214,31,197,86,578,663,1,0
341939719810,18,3267,29,197,86,579,664,1,0
341939753410,38,3396,35,197,86,580,665,1,0
341939786401,19,2909,26,197,86,581,666,1,0
341939819950,24,3075,30,197,86,582,667,1,0
341939853205,17,2949,48,197,86,583,668,1,0
341939886362,235,4135,32,197,87,583,669,1,0
341939919777,33,3444,66,197,87,584,670,1,0
341939953432,26,3791,26,197,87,585,671,1,0
341939986551,17,3167,24,197,87,586,672,1,0
341940020208,19,3040,36,197,87,587,673,1,0
341940053755,19,2883,28,197,87,588,674,1,0
341940086621,18,3583,27,197,87,589,675,1,0
341940119914,18,2993,30,197,87,590,676,1,0
341940153103,170,5223,33,197,88,590,677,1,0
341940186757,16,2981,25,197,88,591,678,1,0
341940219858,16,2787,26,197,88,592,679,1,0
341940253336,16,2811,29,197,88,593,680,1,0
341940286653,29,2509,23,197,88,594,681,1,0
341940319796,15,3646,26,197,88,595,682,1,0
341940353010,16,3127,27,197,88,596,683,1,0
341940386646,145,3811,28,197,89,596,684,1,0
341940419729,17,3119,35,197,89,597,685,1,0
341940453096,17,2764,23,197,89,598,686,1,0
341940486348,14,2602,22,197,89,599,687,1,0
341940519982,18,3651,28,197,89,600,688,1,0
341940552926,18,3764,30,197,89,601,689,1,0
341940586576,17,3054,27,197,89,602,690,1,0
341940619792,17,2811,27,197,89,603,691,1,0
341940653425,164,3241,187,18815,90,603,692,1,0
341940686611,19,3165,28,576,90,604,693,1,0
341940719608,15,3277,27,449,90,605,694,1,0
341940913398,48,4832,40,418,90,606,695,1,0
341940952566,836,2629,153,2672,91,606,696,1,0
341940985308,17,3156,43,407,91,607,697,1,0
341941018723,25,3051,36,407,91,608,698,1,0
341941052019,17,2973,42,407,91,609,699,1,0
341941085206,18,2884,26,407,91,610,700,1,0
341941118622,18,2756,25,407,91,611,701,1,0
341941152061,31,3290,44,407,91,612,702,1,0
341941185252,202,4545,46,436,92,612,703,1,0
341941218571,18,3435,52,197,92,613,704,1,0
341941252072,72,4531,45,197,92,614,705,1,0
341941285481,19,2851,63,197,92,615,706,1,0
341941318810,18,2864,28,197,92,616,707,1,0
341941352061,18,3541,151,197,92,617,708,1,0
341941385134,19,2658,35,197,92,618,709,1,0
341941418879,27,3221,40,197,92,619,710,1,0
341941451903,193,4585,49,197,93,619,711,1,0
341941485110,19,2844,44,197,93,620,712,1,0
341941518990,18,3067,33,197,93,621,713,1,0
341941552032,18,11724,80,197,93,622,714,1,0
341941585380,33,3284,49,197,93,623,715,1,0
341941618903,21,2441,34,197,93,624,716,1,0
341941651795,22,3158,38,197,93,625,717,1,0
341941685463,19,2962,41,197,93,626,718,1,0
341941718454,178,4427,30,197,94,626,719,1,0
341941752415,19,5657,41,197,94,627,720,1,0
341941785144,21,3184,40,197,94,628,721,1,0
341941818486,19,2972,32,197,94,629,722,1,0
341941851933,18,3843,39,197,94,630,723,1,0
341941885141,19,3642,37,197,94,631,724,1,0
341941918543,39,4159,26,197,94,632,725,1,0
341941951872,23,3909,35,197,94,633,726,1,0
341941985513,370,3853,43,197,95,633,727,1,0
341942018752,17,2966,41,197,95,634,728,1,0
341942052221,21,4254,29,197,95,635,729,1,0
341942085563,18,3219,27,197,95,636,730,1,0
341942118603,17,3170,24,197,95,637,731,1,0
341942152116,16,4039,25,197,95,638,732,1,0
341942185460,18,3583,31,197,95,639,733,1,0
341942218822,18,4343,49,197,95,640,734,1,0
341942251848,211,3359,44,197,96,640,735,1,0
341942285020,27,2962,38,197,96,641,736,1,0
341942318724,17,2990,27,197,96,642,737,1,0
341942352725,94,4011,42,197,96,643,738,1,0
341942385802,16,3098,29,197,96,644,739,1,0
341942418719,18,3127,40,197,96,645,740,1,0
341942452015,20,3064,34,197,96,646,741,1,0
341942485455,328,3290,37,197,97,646,742,1,0
341942518947,19,3092,32,197,97,647,743,1,0
341942552020,18,4764,30,197,97,648,744,1,0
341942585597,17,4227,35,197,97,649,745,1,0
341942618560,17,4190,32,197,97,650,746,1,0
341942652237,17,4502,26,197,97,651,747,1,0
341942685451,18,3084,29,197,97,652,748,1,0
341942718801,19,3075,27,197,97,653,749,1,0
341942752242,181,3598,42,197,98,653,750,1,0
341942785380,17,3440,28,197,98,654,751,1,0
341942818575,15,3507,26,197,98,655,752,1,0
341942852215,31,4056,25,197,98,656,753,1,0
341942885266,16,3075,24,197,98,657,754,1,0
341942918592,15,2925,25,197,98,658,755,1,0
341942952071,16,3424,26,197,98,659,756,1,0
341942985730,17,4717,31,197,98,660,757,1,0
341943018458,219,3431,36,197,99,660,758,1,0
341943052045,17,3995,28,197,99,661,759,1,0
341943085567,16,3000,25,197,99,662,760,1,0
341943118569,31,3119,24,197,99,663,761,1,0
341943151814,21,2711,34,197,99,664,762,1,0
341943185532,17,3486,29,197,99,665,763,1,0
341943218691,17,3030,31,197,99,666,764,1,0
341943252274,389,5940,46,197,100,666,765,1,0
341943285603,25,3016,27,197,100,667,766,1,0
341943318460,21,2989,32,197,100,668,767,1,0
341943352232,16,2952,23,197,100,669,768,1,0
341943385313,15,3606,24,197,100,670,769,1,0
341943418827,18,3742,43,197,100,671,770,1,0
341943451997,17,3971,32,197,100,672,771,1,0
341943485555,16,3157,29,197,100,673,772,1,0
341943518825,171,3425,47,197,101,673,773,1,0
341943552242,22,3686,30,197,101,674,774,1,0
341943585372,25,3471,29,197,101,675,775,1,0
341943618547,16,3486,34,197,101,676,776,1,0
341943652017,17,3863,27,197,101,677,777,1,0
341943685108,32,2798,27,197,101,678,778,1,0
341943718784,131,3096,28,197,101,679,779,1,0
341943752061,17,2936,40,197,101,680,780,1,0
341943785206,178,3675,226,18797,102,680,781,1,0
341943818849,16,3813,29,573,102,681,782,1,0
341943852110,16,3452,27,453,102,682,783,1,0
341943885351,17,3113,25,425,102,683,784,1,0
341943918514,15,2864,26,414,102,684,785,1,0
341943952193,16,2833,27,414,102,685,786,1,0
341943985096,17,3136,35,414,102,686,787,1,0
341944018752,17,3990,57,414,102,687,788,1,0
341944052187,363,4292,34,408,103,687,789,1,0
341944085673,17,3091,25,197,103,688,790,1,0
341944118556,26,3067,112,197,103,689,791,1,0
341944152230,16,2719,24,197,103,690,792,1,0
341944185338,30,3399,41,197,103,691,793,1,0
341944218572,32,3374,30,197,103,692,794,1,0
341944252134,17,3517,41,197,103,693,795,1,0
341944285105,18,3147,29,197,103,694,796,1,0
341944318836,315,3349,27,197,104,694,797,1,0
341944352029,15,3723,72,197,104,695,798,1,0
341944385572,18,3449,37,197,104,696,799,1,0
341944418873,17,3092,28,197,104,697,800,1,0
341944451926,17,3855,27,197,104,698,801,1,0
341944485532,27,3007,26,197,104,699,802,1,0
341944518675,17,3078,29,197,104,700,803,1,0
341944551735,17,3640,29,197,104,701,804,1,0
341944585596,156,4701,38,197,105,701,805,1,0
341944618405,16,2794,31,197,105,702,806,1,0
341944651794,16,3578,26,197,105,703,807,1,0
341944685492,16,2976,25,197,105,704,808,1,0
341944718616,17,2972,29,197,105,705,809,1,0
341944751684,17,3149,37,197,105,706,810,1,0
341944785312,17,3843,27,197,105,707,811,1,0
341944818916,16,3967,27,197,105,708,812,1,0
341944851593,151,4067,27,197,106,708,813,1,0
341944885466,17,2977,25,197,106,709,814,1,0
341944918426,18,2965,29,197,106,710,815,1,0
341944952146,17,2676,27,197,106,711,816,1,0
341944985432,17,3443,26,197,106,712,817,1,0
341945018675,32,3331,32,197,106,713,818,1,0
341945052190,17,3037,26,197,106,714,819,1,0
341945085345,199,3290,27,197,107,714,820,1,0
341945118441,18,2893,33,197,107,715,821,1,0
341945151719,18,2740,30,197,107,716,822,1,0
341945185119,16,2888,28,197,107,717,823,1,0
341945218449,17,3750,33,197,107,718,824,1,0
341945251836,18,3694,41,197,107,719,825,1,0
341945285254,23,2875,28,197,107,720,826,1,0
341945318638,16,2812,25,197,107,721,827,1,0
341945351809,186,3111,39,197,108,721,828,1,0
341945385457,21,2968,39,197,108,722,829,1,0
341945418625,19,2837,29,197,108,723,830,1,0
341945451739,37,3822,33,197,108,724,831,1,0
341945485210,16,3708,38,197,108,725,832,1,0
341945518526,15,2860,35,197,108,726,833,1,0
341945551866,36,3073,25,197,108,727,834,1,0
341945585283,20,2953,28,197,108,728,835,1,0
341945618590,173,3523,243,18723,109,728,836,1,0
341945651945,20,3252,33,578,109,729,837,1,0
341945685378,17,4130,30,450,109,730,838,1,0
341945718394,17,3271,28,413,109,731,839,1,0
341945751876,16,3673,35,408,109,732,840,1,0
341945785318,19,2955,32,408,109,733,841,1,0
341945818643,19,3202,36,408,109,734,842,1,0
341945852191,151,3209,33,670,110,734,843,1,0
341945885182,17,3237,26,406,110,735,844,1,0
341945918437,15,3498,27,406,110,736,845,1,0
341945951966,14,3091,25,406,110,737,846,1,0
341945985311,15,2985,26,406,110,738,847,1,0
341946018703,17,2796,129,406,110,739,848,1,0
341946052114,18,2583,37,406,110,740,849,1,0
341946085522,18,3462,33,406,110,741,850,1,0
341946118252,205,4209,34,410,111,741,851,1,0
341946151918,15,3073,30,197,111,742,852,1,0
341946185222,33,3047,31,197,111,743,853,1,0
341946218637,18,2977,30,197,111,744,854,1,0
341946252082,20,2993,40,197,111,745,855,1,0
341946285461,17,3287,29,197,111,746,856,1,0
341946318347,17,3266,25,197,111,747,857,1,0
341946351811,16,3388,26,197,111,748,858,1,0
341946385173,211,3404,35,197,112,748,859,1,0
341946418749,18,3100,44,197,112,749,860,1,0
341946452053,17,2993,28,197,112,750,861,1,0
341946485323,18,3005,26,197,112,751,862,1,0
341946518803,17,3591,31,197,112,752,863,1,0
341946552064,16,3236,28,197,112,753,864,1,0
341946585471,16,2916,27,197,112,754,865,1,0
341946618766,18,2802,41,197,112,755,866,1,0
341946651825,160,3125,199,19659,113,755,867,1,0
341946684988,18,2716,29,575,113,756,868,1,0
341946718417,19,3921,28,436,113,757,869,1,0
341946752205,17,3217,36,419,113,758,870,1,0
341946785653,30,2995,28,414,113,759,871,1,0
341946818507,22,2997,26,414,113,760,872,1,0
341946852239,17,2907,26,414,113,761,873,1,0
341946885091,16,3133,27,414,113,762,874,1,0
341946918823,151,3225,74,5552,114,762,875,1,0
341946951682,16,3999,27,453,114,763,876,1,0
341946985342,15,3524,29,417,114,764,877,1,0
341947018822,17,3978,43,417,114,765,878,1,0
341947051828,17,2958,33,417,114,766,879,1,0
341947085289,16,3023,28,417,114,767,880,1,0
341947118611,15,2921,60,417,114,768,881,1,0
341947151695,194,4152,32,683,115,768,882,1,0
341947185735,24,3360,47,419,115,769,883,1,0
341947218680,18,3114,37,419,115,770,884,1,0
341947252104,18,2913,37,419,115,771,885,1,0
341947285538,18,2976,44,419,115,772,886,1,0
341947318690,21,2874,39,419,115,773,887,1,0
341947351871,18,2953,31,419,115,774,888,1,0
341947385350,21,3711,47,419,115,775,889,1,0
341947418772,341,4577,42,430,116,775,890,1,0
341947451664,27,2999,33,202,116,776,891,1,0
341947485207,18,3063,36,202,116,777,892,1,0
341947518643,19,2873,41,202,116,778,893,1,0
341947551943,16,2809,48,202,116,779,894,1,0
341947585059,15,3336,25,202,116,780,895,1,0
341947618638,35,3327,32,202,116,781,896,1,0
341947652215,17,3057,29,202,116,782,897,1,0
341947685520,179,3374,36,202,117,782,898,1,0
341947718605,18,2909,34,202,117,783,899,1,0
341947751666,18,2847,37,202,117,784,900,1,0
341947785154,21,3346,37,202,117,785,901,1,0
341947818339,28,3220,26,202,117,786,902,1,0
341947851842,16,2875,27,202,117,787,903,1,0
341947885211,16,3014,25,202,117,788,904,1,0
341947918771,18,2913,121,202,117,789,905,1,0
341947951991,170,3398,28,202,118,789,906,1,0
341947985263,18,4083,29,202,118,790,907,1,0
341948018584,16,3305,115,202,118,791,908,1,0
341948051798,15,2906,25,202,118,792,909,1,0
341948085437,15,3188,25,202,118,793,910,1,0
341948118554,15,2890,23,202,118,794,911,1,0
341948151996,18,2892,39,202,118,795,912,1,0
341948185212,18,4666,33,202,118,796,913,1,0
341948218463,358,3963,32,202,119,796,914,1,0
341948251991,30,2854,26,202,119,797,915,1,0
341948285215,18,2898,37,202,119,798,916,1,0
341948318702,16,3158,27,202,119,799,917,1,0
341948352101,18,2724,25,202,119,800,918,1,0
341948385586,17,3517,26,202,119,801,919,1,0
341948418792,17,3330,29,202,119,802,920,1,0
341948452088,27,2678,25,202,119,803,921,1,0
341948485205,144,3381,28,202,120,803,922,1,0
341948518495,26,2971,36,202,120,804,923,1,0
341948552005,16,2738,27,202,120,805,924,1,0
341948585274,17,2937,64,202,120,806,925,1,0
341948618873,53,3594,25,202,120,807,926,1,0
341948652153,38,3334,31,202,120,808,927,1,0
341948685273,17,2833,28,202,120,809,928,1,0
341948718438,142,3349,28,202,121,809,929,1,0
341948751905,16,2854,27,202,121,810,930,1,0
341948785422,17,2826,34,202,121,811,931,1,0
341948818793,17,3628,26,202,121,812,932,1,0
341948851763,22,2786,29,202,121,813,933,1,0
341948885245,39,2815,26,202,121,814,934,1,0
341948918554,16,2956,25,202,121,815,935,1,0
341948951930,16,2856,24,202,121,816,936,1,0
341948985033,165,3483,202,18731,122,816,937,1,0
341949018846,17,4090,40,570,122,817,938,1,0
341949051825,17,3190,31,441,122,818,939,1,0
341949085378,32,2973,28,416,122,819,940,1,0
341949118442,16,2856,26,409,122,820,941,1,0
341949152231,33,2803,29,409,122,821,942,1,0
341949185164,25,2974,33,409,122,822,943,1,0
341949218403,23,3106,31,409,122,823,944,1,0
341949252064,208,4621,36,409,123,823,945,1,0
341949285139,17,3008,34,197,123,824,946,1,0
341949318454,18,2916,26,197,123,825,947,1,0
341949352031,15,2795,70,197,123,826,948,1,0
341949385036,15,2917,48,197,123,827,949,1,0
341949418569,82,2685,40,197,123,828,950,1,0
341949451844,15,3202,27,197,123,829,951,1,0
341949485408,158,3919,31,197,124,829,952,1,0
341949518584,18,3052,41,197,124,830,953,1,0
341949551815,16,2814,27,197,124,831,954,1,0
341949585070,17,2736,25,197,124,832,955,1,0
341949618365,15,3614,32,197,124,833,956,1,0
341949651835,16,3505,28,197,124,834,957,1,0
341949685466,30,2917,34,197,124,835,958,1,0
341949718564,20,2777,30,197,124,836,959,1,0
341949751945,317,3459,225,19681,125,836,960,1,0
341949785405,18,2886,31,569,125,837,961,1,0
341949818637,16,3279,29,447,125,838,962,1,0
341949852117,16,4046,28,415,125,839,963,1,0
341949885470,15,3230,28,404,125,840,964,1,0
341949918365,17,3022,34,404,125,841,965,1,0
341949951900,18,4926,39,404,125,842,966,1,0
341949985185,16,3033,27,404,125,843,967,1,0
341950018670,223,3025,41,378,126,843,968,1,0
341950052034,24,3962,37,197,126,844,969,1,0
341950085489,22,3561,32,197,126,845,970,1,0
341950118451,18,3086,28,197,126,846,971,1,0
341950152028,32,2914,26,197,126,847,972,1,0
341950185129,16,2709,27,197,126,848,973,1,0
341950218852,18,3004,26,197,126,849,974,1,0
341950252011,18,3637,36,197,126,850,975,1,0
341950285252,221,4784,43,197,127,850,976,1,0
341950318552,29,2858,27,197,127,851,977,1,0
341950352070,15,5290,26,197,127,852,978,1,0
341950385594,17,2921,25,197,127,853,979,1,0
341950418846,16,2919,34,197,127,854,980,1,0
341950452043,19,2862,33,197,127,855,981,1,0
341950485214,30,3340,28,197,127,856,982,1,0
341950518612,185,3737,43,197,128,856,983,1,0
341950551998,18,5459,27,197,128,857,984,1,0
341950585519,16,2765,27,197,128,858,985,1,0
341950618498,24,2477,27,197,128,859,986,1,0
341950651863,17,3057,25,197,128,860,987,1,0
341950685203,18,3393,40,197,128,861,988,1,0
341950718818,17,3274,37,197,128,862,989,1,0
341950751775,17,2702,30,197,128,863,990,1,0
341950785271,178,3302,37,197,129,863,991,1,0
341950818781,18,2951,33,197,129,864,992,1,0
341950851950,17,3332,27,197,129,865,993,1,0
341950885563,18,3247,35,197,129,866,994,1,0
341950918581,17,3108,34,197,129,867,995,1,0
341950952144,23,2900,27,197,129,868,996,1,0
341950985151,16,2934,24,197,129,869,997,1,0
341951018391,17,2855,36,197,129,870,998,1,0
341951051902,144,4022,27,197,130,870,999,1,0
341951085050,17,3508,26,197,130,871,1000,1,0
341951118652,15,2889,25,197,130,872,1001,1,0
341951151926,18,5386,25,197,130,873,1002,1,0
341951185471,18,2896,41,197,130,874,1003,1,0
341951218819,17,2943,25,197,130,875,1004,1,0
341951252065,18,3268,31,197,130,876,1005,1,0
341951285059,158,4502,195,18878,131,876,1006,1,0
341951319020,16,3564,30,581,131,877,1007,1,0
341951352173,16,5260,28,440,131,878,1008,1,0
341951385621,16,2790,27,415,131,879,1009,1,0
341951418685,28,2811,30,407,131,880,1010,1,0
341951452052,16,3219,27,407,131,881,1011,1,0
341951485396,16,3368,26,407,131,882,1012,1,0
341951518539,19,3141,47,407,131,883,1013,1,0
341951551864,222,3660,27,413,132,883,1014,1,0
341951585044,60,2907,24,197,132,884,1015,1,0
341951618936,17,2735,50,197,132,885,1016,1,0
341951651909,16,3780,25,197,132,886,1017,1,0
341951685224,16,3350,25,197,132,887,1018,1,0
341951718576,16,2966,29,197,132,888,1019,1,0
341951751587,21,4433,32,197,132,889,1020,1,0
341951785038,19,3010,38,197,132,890,1021,1,0
341951818479,221,3307,204,19666,133,890,1022,1,0
341951851828,134,3590,28,578,133,891,1023,1,0
341951885014,17,3284,26,431,133,892,1024,1,0
341951918485,17,3244,26,415,133,893,1025,1,0
341951951950,16,4632,29,409,133,894,1026,1,0
341951985352,16,2971,26,409,133,895,1027,1,0
341952018389,17,3029,36,409,133,896,1028,1,0
341952051866,16,2683,27,409,133,897,1029,1,0
341952085292,270,4154,27,368,134,897,1030,1,0
341952118891,16,3471,25,197,134,898,1031,1,0
341952151701,16,5357,26,197,134,899,1032,1,0
341952185340,16,3002,26,197,134,900,1033,1,0
341952218710,16,2956,25,197,134,901,1034,1,0
341952251916,15,2812,24,197,134,902,1035,1,0
341952285424,18,3615,39,197,134,903,1036,1,0
341952318577,17,3437,37,197,134,904,1037,1,0
341952352141,180,4757,29,197,135,904,1038,1,0
341952385020,15,3050,26,197,135,905,1039,1,0
341952418794,19,3073,44,197,135,906,1040,1,0
341952451989,18,3056,38,197,135,907,1041,1,0
341952485135,17,3351,28,197,135,908,1042,1,0
341952518666,19,3046,43,197,135,909,1043,1,0
341952552034,18,5329,29,197,135,910,1044,1,0
341952585116,17,3946,35,197,135,911,1045,1,0
341952618652,219,3344,29,197,136,911,1046,1,0
341952652082,17,2777,27,197,136,912,1047,1,0
341952685071,39,3444,25,197,136,913,1048,1,0
341952718650,23,2853,28,197,136,914,1049,1,0
341952751710,18,5392,27,197,136,915,1050,1,0
341952785237,18,2963,34,197,136,916,1051,1,0
341952818555,18,2768,29,197,136,917,1052,1,0
341952851850,196,3146,187,18657,137,917,1053,1,0
341952885386,17,4017,29,583,137,918,1054,1,0
341952918774,17,3225,29,448,137,919,1055,1,0
341952951701,23,4515,29,426,137,920,1056,1,0
341952985266,16,2977,28,420,137,921,1057,1,0
341953018458,32,3160,42,420,137,922,1058,1,0
341953051998,19,2907,30,420,137,923,1059,1,0
341953085116,16,2861,30,420,137,924,1060,1,0
341953118738,311,4177,34,398,138,924,1061,1,0
341953152116,18,3201,37,197,138,925,1062,1,0
341953185172,17,2925,26,197,138,926,1063,1,0
341953218582,17,2812,58,197,138,927,1064,1,0
341953252119,17,2927,24,197,138,928,1065,1,0
341953285030,17,2536,30,197,138,929,1066,1,0
341953318802,24,3098,34,197,138,930,1067,1,0
341953351863,33,3218,26,197,138,931,1068,1,0
341953385021,307,3601,29,197,139,931,1069,1,0
341953418603,17,2913,29,197,139,932,1070,1,0
341953451813,17,2881,25,197,139,933,1071,1,0
341953485476,18,2819,23,197,139,934,1072,1,0
341953518361,19,2897,719,197,139,935,1073,1,0
341953552094,19,3141,31,197,139,936,1074,1,0
341953585186,22,3209,26,197,139,937,1075,1,0
341953618665,17,3244,26,197,139,938,1076,1,0
341953651812,206,4258,30,197,140,938,1077,1,0
341953685545,18,2935,26,197,140,939,1078,1,0
341953718450,16,2858,28,197,140,940,1079,1,0
341953751788,23,3209,29,197,140,941,1080,1,0
341953785231,17,3868,37,197,140,942,1081,1,0
341953818646,18,3381,35,197,140,943,1082,1,0
341953851992,18,4270,29,197,140,944,1083,1,0
341953885413,164,3310,28,197,141,944,1084,1,0
341953918950,16,2855,28,197,141,945,1085,1,0
341953951908,18,2909,25,197,141,946,1086,1,0
341953985126,17,3784,32,197,141,947,1087,1,0
341954018536,19,3347,42,197,141,948,1088,1,0
341954052102,24,4154,29,197,141,949,1089,1,0
341954084993,17,2956,31,197,141,950,1090,1,0
341954118538,17,2993,27,197,141,951,1091,1,0
341954151889,155,3343,184,18749,142,951,1092,1,0
341954185229,16,3740,28,578,142,952,1093,1,0
341954218761,17,3445,58,448,142,953,1094,1,0
341954251534,16,4270,27,418,142,954,1095,1,0
341954285235,18,2802,42,411,142,955,1096,1,0
341954318827,17,2994,32,411,142,956,1097,1,0
341954351629,17,2946,54,411,142,957,1098,1,0
341954385275,15,3336,67,411,142,958,1099,1,0
341954418745,211,4341,43,427,143,958,1100,1,0
341954451918,17,4383,28,197,143,959,1101,1,0
341954485632,15,5438,28,197,143,960,1102,1,0
341954518599,23,3297,36,197,143,961,1103,1,0
341954552166,19,2997,27,197,143,962,1104,1,0
341954585337,17,3224,29,197,143,963,1105,1,0
341954618442,18,3141,37,197,143,964,1106,1,0
341954651845,18,3716,33,197,143,965,1107,1,0
341954685162,378,3265,31,197,144,965,1108,1,0
341954718554,15,3051,25,197,144,966,1109,1,0
341954751800,17,2972,27,197,144,967,1110,1,0
341954785120,18,2878,36,197,144,968,1111,1,0
341954818522,27,2772,34,197,144,969,1112,1,0
341954852202,18,3351,34,197,144,970,1113,1,0
341954885433,17,3220,27,197,144,971,1114,1,0
341954918705,17,3015,24,197,144,972,1115,1,0
341954951989,147,3238,25,197,145,972,1116,1,0
341954985218,16,2920,24,197,145,973,1117,1,0
341955018380,36,2766,36,197,145,974,1118,1,0
341955051937,18,3093,29,197,145,975,1119,1,0
341955085394,17,3420,24,197,145,976,1120,1,0
341955118242,16,2977,25,197,145,977,1121,1,0
341955151645,36,4253,23,197,145,978,1122,1,0
341955185009,161,3191,26,197,146,978,1123,1,0
341955218322,21,2915,23,197,146,979,1124,1,0
341955252206,15,3561,24,197,146,980,1125,1,0
341955285509,17,3589,36,197,146,981,1126,1,0
341955318627,20,2986,28,197,146,982,1127,1,0
341955351716,16,2853,25,197,146,983,1128,1,0
341955385239,18,2978,24,197,146,984,1129,1,0
341955421558,64,4187,97,197,146,985,1130,1,0
341955451820,157,4185,33,197,147,985,1131,1,0
341955485580,15,3378,25,197,147,986,1132,1,0
341955518663,16,2914,33,197,147,987,1133,1,0
341955551769,17,5736,26,197,147,988,1134,1,0
341955584965,16,3128,53,197,147,989,1135,1,0
341955618528,16,2625,25,197,147,990,1136,1,0
341955652017,17,2940,24,197,147,991,1137,1,0
341955685134,16,3199,26,197,147,992,1138,1,0
341955718636,192,3828,26,197,148,992,1139,1,0
341955751713,17,4932,29,197,148,993,1140,1,0
341955785350,31,2926,38,197,148,994,1141,1,0
341955818370,17,2869,27,197,148,995,1142,1,0
341955852024,18,2875,31,197,148,996,1143,1,0
341955885208,15,3153,25,197,148,997,1144,1,0
341955918621,16,3914,23,197,148,998,1145,1,0
341955951804,18,4078,28,197,148,999,1146,1,0
341955985048,158,3486,30,197,149,999,1147,1,0
341956018335,21,2927,35,197,149,1000,1148,1,0
341956051764,18,3007,32,197,149,1001,1149,1,0
341956085186,23,2768,28,197,149,1002,1150,1,0
341956118536,19,3167,36,197,149,1003,1151,1,0
341956151709,20,3700,28,197,149,1004,1152,1,0
341956185159,16,2887,25,197,149,1005,1153,1,0
341956218378,148,3373,26,197,150,1005,1154,1,0
341956251993,18,2967,35,197,150,1006,1155,1,0
341956285222,34,2829,36,197,150,1007,1156,1,0
341956318377,18,3853,42,197,150,1008,1157,1,0
341956352059,17,3833,86,197,150,1009,1158,1,0
341956385221,20,2803,25,197,150,1010,1159,1,0
341956418565,19,3015,26,197,150,1011,1160,1,0
341956452238,18,2881,38,197,150,1012,1161,1,0
341956485009,172,3153,32,197,151,1012,1162,1,0
341956518241,29,3135,37,197,151,1013,1163,1,0
341956551639,16,3541,25,197,151,1014,1164,1,0
341956585194,19,3231,29,197,151,1015,1165,1,0
341956618623,16,2831,27,197,151,1016,1166,1,0
341956651649,17,5397,26,197,151,1017,1167,1,0
341956685543,16,2881,24,197,151,1018,1168,1,0
341956718237,17,2908,78,197,151,1019,1169,1,0
341956752231,336,3977,30,197,152,1019,1170,1,0
341956785334,17,3395,35,197,152,1020,1171,1,0
341956818422,17,3047,30,197,152,1021,1172,1,0
341956851658,15,3568,25,197,152,1022,1173,1,0
341956885102,16,2959,28,197,152,1023,1174,1,0
341956918774,17,2788,24,197,152,1024,1175,1,0
341956951628,26,3692,26,197,152,1025,1176,1,0
341956985425,180,4616,35,197,153,1025,1177,1,0
341957018291,17,3217,48,197,153,1026,1178,1,0
341957051906,18,3830,30,197,153,1027,1179,1,0
341957085425,17,4646,27,197,153,1028,1180,1,0
341957118523,16,2906,24,197,153,1029,1181,1,0
341957151794,20,2604,24,197,153,1030,1182,1,0
341957185265,20,3570,38,197,153,1031,1183,1,0
341957218764,17,3117,34,197,153,1032,1184,1,0
341957252080,160,4772,34,197,154,1032,1185,1,0
341957285343,17,5364,33,197,154,1033,1186,1,0
341957318476,16,2976,82,197,154,1034,1187,1,0
341957352166,41,2917,22,197,154,1035,1188,1,0
341957385286,16,3508,25,197,154,1036,1189,1,0
341957418663,42,3207,29,197,154,1037,1190,1,0
341957451914,16,3900,31,197,154,1038,1191,1,0
341957485163,20,5973,43,197,154,1039,1192,1,0
341957518766,340,3690,39,197,155,1039,1193,1,0
341957551670,20,2919,38,197,155,1040,1194,1,0
341957585260,30,3139,29,197,155,1041,1195,1,0
341957618347,15,3630,26,197,155,1042,1196,1,0
341957651712,16,3463,26,197,155,1043,1197,1,0
341957685350,14,2804,25,197,155,1044,1198,1,0
341957718597,17,2751,25,197,155,1045,1199,1,0
341957751846,324,3326,35,197,156,1045,1200,1,0
341957785155,17,2940,33,197,156,1046,1201,1,0
341957818673,17,2786,33,197,156,1047,1202,1,0
341957851622,31,3848,26,197,156,1048,1203,1,0
341957885423,26,3851,28,197,156,1049,1204,1,0
341957918616,24,2731,24,197,156,1050,1205,1,0
341957951611,18,5537,32,197,156,1051,1206,1,0
341957985195,21,3129,24,197,156,1052,1207,1,0
341958018801,437,3999,37,197,157,1052,1208,1,0
341958051947,19,2776,31,197,157,1053,1209,1,0
341958085059,17,3458,28,197,157,1054,1210,1,0
341958118392,16,3139,25,197,157,1055,1211,1,0
341958151882,17,3793,34,197,157,1056,1212,1,0
341958185196,19,4397,40,197,157,1057,1213,1,0
341958218690,17,2799,59,197,157,1058,1214,1,0
341958252351,18,3650,40,197,157,1059,1215,1,0
341958284987,185,3045,38,197,158,1059,1216,1,0
341958318632,17,2771,27,197,158,1060,1217,1,0
341958351840,17,3169,30,197,158,1061,1218,1,0
341958385234,17,4044,29,197,158,1062,1219,1,0
341958418625,18,2914,29,197,158,1063,1220,1,0
341958452054,38,2817,30,197,158,1064,1221,1,0
341958484849,19,2392,30,197,158,1065,1222,1,0
341958518484,181,3700,41,197,159,1065,1223,1,0
341958551710,30,3238,31,197,159,1066,1224,1,0
341958585376,19,3396,33,197,159,1067,1225,1,0
341958618619,18,3203,28,197,159,1068,1226,1,0
341958652109,16,2894,31,197,159,1069,1227,1,0
341958685464,17,2807,26,197,159,1070,1228,1,0
341958718360,16,2716,23,197,159,1071,1229,1,0
341958751633,18,3926,34,197,159,1072,1230,1,0
341958785226,176,5300,42,197,160,1072,1231,1,0
341958818295,16,2803,26,197,160,1073,1232,1,0
341958851809,16,5135,28,197,160,1074,1233,1,0
341958885254,50,2703,26,197,160,1075,1234,1,0
341958918441,17,2896,25,197,160,1076,1235,1,0
341958951846,17,3852,34,197,160,1077,1236,1,0
341958985034,16,2796,29,197,160,1078,1237,1,0
341959018667,17,2923,34,197,160,1079,1238,1,0
341959051763,206,3525,32,197,161,1079,1239,1,0
341959085199,17,3038,65,197,161,1080,1240,1,0
341959118195,16,3277,24,197,161,1081,1241,1,0
341959152056,25,3488,29,197,161,1082,1242,1,0
341959185242,50,3442,36,197,161,1083,1243,1,0
341959218478,15,2954,25,197,161,1084,1244,1,0
341959251843,31,2947,24,197,161,1085,1245,1,0
341959285399,18,3027,70,197,161,1086,1246,1,0
341959318654,156,3134,28,197,162,1086,1247,1,0
341959351719,15,3958,28,197,162,1087,1248,1,0
341959385430,17,3252,25,197,162,1088,1249,1,0
341959418283,18,3162,27,197,162,1089,1250,1,0
341959451725,17,2985,29,197,162,1090,1251,1,0
341959485376,16,2839,35,197,162,1091,1252,1,0
341959518342,18,2912,91,197,162,1092,1253,1,0
341959551931,18,3704,29,197,162,1093,1254,1,0
341959585045,155,3920,30,197,163,1093,1255,1,0
341959618744,18,3120,29,197,163,1094,1256,1,0
341959652048,16,2876,25,197,163,1095,1257,1,0
341959685014,16,5489,31,197,163,1096,1258,1,0
341959718747,17,3115,37,197,163,1097,1259,1,0
341959751535,15,3851,29,197,163,1098,1260,1,0
341959785391,16,3227,30,197,163,1099,1261,1,0
341959818620,17,2873,25,197,163,1100,1262,1,0
341959851985,179,5434,33,197,164,1100,1263,1,0
341959885677,15,2870,29,197,164,1101,1264,1,0
341959918167,18,2784,38,197,164,1102,1265,1,0
341959951927,15,3277,30,197,164,1103,1266,1,0
341959985181,16,3964,26,197,164,1104,1267,1,0
341960018507,24,3028,31,197,164,1105,1268,1,0
341960051768,24,4896,33,197,164,1106,1269,1,0
341960084926,19,3142,76,197,164,1107,1270,1,0
341960118664,386,3275,31,197,165,1107,1271,1,0
341960151874,21,9226,42,197,165,1108,1272,1,0
341960185226,16,7169,26,197,165,1109,1273,1,0
341960218559,17,3769,25,197,165,1110,1274,1,0
341960251693,17,2755,24,197,165,1111,1275,1,0
341960285104,19,3637,39,197,165,1112,1276,1,0
341960318485,18,2567,30,197,165,1113,1277,1,0
341960351678,347,3640,33,197,166,1113,1278,1,0
341960385220,17,3175,26,197,166,1114,1279,1,0
341960418585,24,3328,57,197,166,1115,1280,1,0
341960452101,18,4580,40,197,166,1116,1281,1,0
341960484995,25,4093,35,197,166,1117,1282,1,0
341960518670,16,3453,39,197,166,1118,1283,1,0
341960551843,19,3129,30,197,166,1119,1284,1,0
341960584892,17,3148,25,197,166,1120,1285,1,0
341960618537,1394,3757,41,197,167,1120,1286,1,0
341960651913,17,3440,32,197,167,1121,1287,1,0
341960685296,23,3283,25,197,167,1122,1288,1,0
341960718593,31,3196,24,197,167,1123,1289,1,0
341960751684,17,3062,25,197,167,1124,1290,1,0
341960785034,16,2886,27,197,167,1125,1291,1,0
341960818796,40,3977,38,197,167,1126,1292,1,0
341960852025,16,3408,29,197,167,1127,1293,1,0
341960885216,147,5790,134,12597,168,1127,1294,1,0
341960918110,17,3222,26,466,168,1128,1295,1,0
341960952042,16,3351,31,339,168,1129,1296,1,0
341960984759,16,2963,34,294,168,1130,1297,1,0
341961018464,16,3816,30,284,168,1131,1298,1,0
341961051915,16,3596,28,284,168,1132,1299,1,0
341961085157,16,4238,26,284,168,1133,1300,1,0
341961118486,26,3229,24,284,168,1134,1301,1,0
341961151854,196,3582,120,10645,169,1134,1302,1,0
341961185151,17,3055,55,465,169,1135,1303,1,0
341961218275,17,2894,38,411,169,1136,1304,1,0
341961251767,17,3913,29,401,169,1137,1305,1,0
341961285378,43,4860,41,401,169,1138,1306,1,0
341961318205,17,3137,29,401,169,1139,1307,1,0
341961351917,16,3197,48,401,169,1140,1308,1,0
341961384963,16,3209,27,401,169,1141,1309,1,0
341961418274,171,3467,82,5487,170,1141,1310,1,0
341961451602,16,4187,30,448,170,1142,1311,1,0
341961485140,19,3623,34,433,170,1143,1312,1,0
341961518526,20,3146,30,433,170,1144,1313,1,0
341961556079,85,10435,81,433,170,1145,1314,1,0
341961585453,15,2993,43,433,170,1146,1315,1,0
341961618371,17,3108,31,433,170,1147,1316,1,0
341961651931,17,3028,27,433,170,1148,1317,1,0
341961684998,184,4712,37,429,171,1148,1318,1,0
341961718896,18,3552,28,212,171,1149,1319,1,0
341961752024,17,4275,29,212,171,1150,1320,1,0
341961785490,30,2919,36,212,171,1151,1321,1,0
341961818414,18,3000,38,212,171,1152,1322,1,0
341961851748,18,3200,30,212,171,1153,1323,1,0
341961885132,18,3194,28,212,171,1154,1324,1,0
341961918559,16,3928,27,212,171,1155,1325,1,0
341961951627,154,4025,28,212,172,1155,1326,1,0
341961985421,16,4160,29,212,172,1156,1327,1,0
341962018394,16,3039,25,212,172,1157,1328,1,0
341962051693,19,2947,43,212,172,1158,1329,1,0
341962085425,33,2777,27,212,172,1159,1330,1,0
341962118413,17,3379,27,212,172,1160,1331,1,0
341962151608,17,3021,25,212,172,1161,1332,1,0
341962185174,15,6547,27,212,172,1162,1333,1,0
341962218392,356,3322,26,212,173,1162,1334,1,0
341962251935,15,3011,25,212,173,1163,1335,1,0
341962285240,19,4588,34,212,173,1164,1336,1,0
341962318678,17,3916,41,212,173,1165,1337,1,0
341962351650,15,3100,27,212,173,1166,1338,1,0
341962385420,16,4941,28,212,173,1167,1339,1,0
341962418338,18,2989,31,212,173,1168,1340,1,0
341962451772,16,3949,32,212,173,1169,1341,1,0
341962485079,164,3052,28,212,174,1169,1342,1,0
341962518392,18,3767,247,212,174,1170,1343,1,0
341962552404,29,3871,43,212,174,1171,1344,1,0
341962585183,58,3737,27,212,174,1172,1345,1,0
341962618416,17,2827,26,212,174,1173,1346,1,0
341962651932,18,2923,35,212,174,1174,1347,1,0
341962684922,18,2918,71,212,174,1175,1348,1,0
341962718213,170,4328,28,212,175,1175,1349,1,0
341962751833,18,3738,27,212,175,1176,1350,1,0
341962784980,16,2891,23,212,175,1177,1351,1,0
341962818253,18,3034,52,212,175,1178,1352,1,0
341962851971,21,2951,34,212,175,1179,1353,1,0
341962885326,16,2826,29,212,175,1180,1354,1,0
341962919035,18,2753,58,212,175,1181,1355,1,0
341962951651,17,3715,38,212,175,1182,1356,1,0
341962985294,17,3375,70,212,175,1183,1357,1,0
341963018440,321,3173,29,212,176,1183,1358,1,0
341963051842,17,2918,47,212,176,1184,1359,1,0
341963084998,16,2910,27,212,176,1185,1360,1,0
341963118331,15,2892,32,212,176,1186,1361,1,0
341963151840,15,3132,26,212,176,1187,1362,1,0
341963185309,16,3586,36,212,176,1188,1363,1,0
341963218578,15,3111,27,212,176,1189,1364,1,0
341963251888,1366,2757,38,212,177,1189,1365,1,0
341963285424,18,4819,42,212,177,1190,1366,1,0
341963318827,19,2984,37,212,177,1191,1367,1,0
341963351880,16,3677,26,212,177,1192,1368,1,0
341963384827,14,3328,25,212,177,1193,1369,1,0
341963418466,23,2927,28,212,177,1194,1370,1,0
341963451751,17,2907,25,212,177,1195,1371,1,0
341963485130,21,3832,37,212,177,1196,1372,1,0
341963518300,162,3365,32,212,178,1196,1373,1,0
341963551732,18,2952,114,212,178,1197,1374,1,0
341963585033,18,3107,27,212,178,1198,1375,1,0
341963618504,25,2954,29,212,178,1199,1376,1,0
341963651930,18,2991,28,212,178,1200,1377,1,0
341963685216,18,2691,34,212,178,1201,1378,1,0
341963718637,17,2848,39,212,178,1202,1379,1,0
341963752032,163,3810,28,212,179,1202,1380,1,0
341963785041,17,3312,26,212,179,1203,1381,1,0
341963818522,18,3037,41,212,179,1204,1382,1,0
341963851819,18,3211,28,212,179,1205,1383,1,0
341963884874,26,3001,69,212,179,1206,1384,1,0
341963918226,18,2962,30,212,179,1207,1385,1,0
341963952030,18,2750,30,212,179,1208,1386,1,0
341963985050,17,3145,24,212,179,1209,1387,1,0
341964018156,171,4455,37,212,180,1209,1388,1,0
341964051955,17,3549,54,212,180,1210,1389,1,0
341964085272,19,5789,35,212,180,1211,1390,1,0
341964118369,29,3005,28,212,180,1212,1391,1,0
341964151535,17,2887,25,212,180,1213,1392,1,0
341964185200,17,3312,31,212,180,1214,1393,1,0
341964218422,20,3859,35,212,180,1215,1394,1,0
341964251659,17,3707,40,212,180,1216,1395,1,0
341964284980,235,4157,39,212,181,1216,1396,1,0
341964318280,17,2979,37,212,181,1217,1397,1,0
341964351558,18,2889,27,212,181,1218,1398,1,0
341964384842,24,3179,25,212,181,1219,1399,1,0
341964418746,30,3443,36,212,181,1220,1400,1,0
341964451694,17,3615,30,212,181,1221,1401,1,0
341964485167,18,3876,41,212,181,1222,1402,1,0
341964518374,18,2907,31,212,181,1223,1403,1,0
341964552061,342,3453,188,16752,182,1223,1404,1,0
341964585281,17,2974,27,579,182,1224,1405,1,0
341964618231,17,2788,26,443,182,1225,1406,1,0
341964651845,16,3645,32,417,182,1226,1407,1,0
341964685238,31,3881,39,412,182,1227,1408,1,0
341964718774,18,2788,28,412,182,1228,1409,1,0
341964751850,15,2866,27,412,182,1229,1410,1,0
341964785183,147,5149,31,678,183,1229,1411,1,0
341964818356,20,2956,36,408,183,1230,1412,1,0
341964851877,15,3615,27,408,183,1231,1413,1,0
341964885226,17,3702,26,408,183,1232,1414,1,0
341964918092,18,3057,32,408,183,1233,1415,1,0
341964952178,17,2771,31,408,183,1234,1416,1,0
341964985169,27,2895,27,408,183,1235,1417,1,0
341965018342,17,2973,27,408,183,1236,1418,1,0
341965051838,171,3473,38,443,184,1236,1419,1,0
341965085376,22,3791,28,202,184,1237,1420,1,0
341965118524,17,3524,31,202,184,1238,1421,1,0
341965151851,17,3034,27,202,184,1239,1422,1,0
341965185675,15,4543,26,202,184,1240,1423,1,0
341965218388,37,3015,24,202,184,1241,1424,1,0
341965252016,16,2995,72,202,184,1242,1425,1,0
341965285271,16,3201,23,202,184,1243,1426,1,0
341965318638,217,4512,35,202,185,1243,1427,1,0
341965352006,16,3081,29,202,185,1244,1428,1,0
341965384994,16,4863,27,202,185,1245,1429,1,0
341965418607,21,3034,64,202,185,1246,1430,1,0
341965451827,46,2878,39,202,185,1247,1431,1,0
341965485253,19,3136,42,202,185,1248,1432,1,0
341965518254,23,3322,35,202,185,1249,1433,1,0
341965551663,19,2867,39,202,185,1250,1434,1,0
341965584954,156,5934,30,202,186,1250,1435,1,0
341965618189,16,3096,25,202,186,1251,1436,1,0
341965651536,17,2994,27,202,186,1252,1437,1,0
341965685304,22,3036,34,202,186,1253,1438,1,0
341965718586,18,3909,36,202,186,1254,1439,1,0
341965751678,24,2896,33,202,186,1255,1440,1,0
341965785007,16,4706,25,202,186,1256,1441,1,0
341965818680,19,3054,28,202,186,1257,1442,1,0
341965851558,165,3451,29,202,187,1257,1443,1,0
341965885372,26,2791,25,202,187,1258,1444,1,0
341965918329,17,3247,28,202,187,1259,1445,1,0
341965951581,17,4041,25,202,187,1260,1446,1,0
341965984933,18,4351,26,202,187,1261,1447,1,0
341966018602,16,3024,26,202,187,1262,1448,1,0
341966051946,17,3002,34,202,187,1263,1449,1,0
341966085285,16,2668,27,202,187,1264,1450,1,0
341966118743,172,4100,26,202,188,1264,1451,1,0
341966152020,16,3560,88,202,188,1265,1452,1,0
341966184943,16,4491,24,202,188,1266,1453,1,0
341966218450,16,2955,87,202,188,1267,1454,1,0
341966251940,15,2841,24,202,188,1268,1455,1,0
341966285278,16,3216,23,202,188,1269,1456,1,0
341966318700,16,3933,31,202,188,1270,1457,1,0
341966352322,16,4058,27,202,188,1271,1458,1,0
341966385283,217,5715,25,202,189,1271,1459,1,0
341966418165,17,3194,28,202,189,1272,1460,1,0
341966451723,17,2974,24,202,189,1273,1461,1,0
341966485190,15,3152,25,202,189,1274,1462,1,0
341966518295,17,3904,25,202,189,1275,1463,1,0
341966551956,18,3155,32,202,189,1276,1464,1,0
341966585269,16,4306,81,202,189,1277,1465,1,0
341966618740,309,3367,26,202,190,1277,1466,1,0
341966651856,17,2981,34,202,190,1278,1467,1,0
341966685146,17,5067,31,202,190,1279,1468,1,0
341966718490,17,3335,27,202,190,1280,1469,1,0
341966751784,15,3510,25,202,190,1281,1470,1,0
341966785138,15,4343,24,202,190,1282,1471,1,0
341966818532,17,2927,27,202,190,1283,1472,1,0
341966852065,20,2952,30,202,190,1284,1473,1,0
341966885238,161,3301,33,202,191,1284,1474,1,0
341966918206,20,3093,33,202,191,1285,1475,1,0
341966951687,16,3903,30,202,191,1286,1476,1,0
341966985312,15,3310,26,202,191,1287,1477,1,0
341967018237,17,2982,24,202,191,1288,1478,1,0
341967051738,26,2879,31,202,191,1289,1479,1,0
341967085049,17,2916,26,202,191,1290,1480,1,0
341967118388,17,3660,29,202,191,1291,1481,1,0
341967151615,158,3800,31,202,192,1291,1482,1,0
341967185208,18,3144,28,202,192,1292,1483,1,0
341967218278,17,2860,27,202,192,1293,1484,1,0
341967251546,18,2979,23,202,192,1294,1485,1,0
341967284937,15,2911,39,202,192,1295,1486,1,0
341967318390,18,3002,53,202,192,1296,1487,1,0
341967351786,17,3728,31,202,192,1297,1488,1,0
341967385061,154,3841,26,202,193,1297,1489,1,0
341967418490,17,2979,25,202,193,1298,1490,1,0
341967451774,18,2970,25,202,193,1299,1491,1,0
341967485357,15,3202,23,202,193,1300,1492,1,0
341967518537,17,3185,33,202,193,1301,1493,1,0
341967551544,191,3321,43,202,193,1302,1494,1,0
341967584983,19,3979,33,202,193,1303,1495,1,0
341967618280,67,3032,25,202,193,1304,1496,1,0
341967651618,215,3531,27,202,194,1304,1497,1,0
341967685094,16,2774,25,202,194,1305,1498,1,0
341967718435,17,3003,85,202,194,1306,1499,1,0
341967751761,17,3697,24,202,194,1307,1500,1,0
341967785338,34,3335,28,202,194,1308,1501,1,0
341967818600,18,3024,28,202,194,1309,1502,1,0
341967851547,19,3000,24,202,194,1310,1503,1,0
341967885262,18,5458,32,202,194,1311,1504,1,0
341967918401,163,3290,209,18818,195,1311,1505,1,0
341967951922,28,3234,28,587,195,1312,1506,1,0
341967985311,24,3866,25,435,195,1313,1507,1,0
341968018240,17,3381,28,410,195,1314,1508,1,0
341968052193,40,3684,37,407,195,1315,1509,1,0
341968084787,19,2807,35,407,195,1316,1510,1,0
341968118222,18,2819,30,407,195,1317,1511,1,0
341968151876,17,2972,39,407,195,1318,1512,1,0
341968184988,333,4283,56,2647,196,1318,1513,1,0
341968218560,20,3266,25,412,196,1319,1514,1,0
341968251755,19,2927,25,412,196,1320,1515,1,0
341968285058,16,5757,29,412,196,1321,1516,1,0
341968318345,18,2867,35,412,196,1322,1517,1,0
341968351746,17,3012,27,412,196,1323,1518,1,0
341968385171,17,3092,25,412,196,1324,1519,1,0
341968418411,153,3794,33,442,197,1324,1520,1,0
341968452035,16,3065,29,197,197,1325,1521,1,0
341968485216,16,2981,24,197,197,1326,1522,1,0
341968518616,15,2999,26,197,197,1327,1523,1,0
341968551803,17,2854,24,197,197,1328,1524,1,0
341968584892,29,3648,25,197,197,1329,1525,1,0
341968618454,16,3337,25,197,197,1330,1526,1,0
341968651503,17,2747,23,197,197,1331,1527,1,0
341968684956,203,3112,30,197,198,1331,1528,1,0
341968718487,19,2937,88,197,198,1332,1529,1,0
341968751771,18,2855,81,197,198,1333,1530,1,0
341968785293,17,3868,22,197,198,1334,1531,1,0
341968818695,16,3586,36,197,198,1335,1532,1,0
341968851912,17,2967,26,197,198,1336,1533,1,0
341968885015,16,2979,24,197,198,1337,1534,1,0
341968918353,17,2687,32,197,198,1338,1535,1,0
341968951615,167,3629,247,19616,199,1338,1536,1,0
341968985262,32,3996,26,581,199,1339,1537,1,0
341969018812,16,3521,28,449,199,1340,1538,1,0
341969051780,17,3614,43,413,199,1341,1539,1,0
341969084894,17,3090,33,406,199,1342,1540,1,0
341969118473,28,2925,38,406,199,1343,1541,1,0
341969151389,25,3099,31,406,199,1344,1542,1,0
341969185085,264,3837,62,3991,200,1344,1543,1,0
341969218395,15,3223,28,418,200,1345,1544,1,0
341969251916,47,3352,104,417,200,1346,1545,1,0
341969285057,17,5630,36,417,200,1347,1546,1,0
341969318184,26,3106,43,417,200,1348,1547,1,0
341969351701,27,3064,30,417,200,1349,1548,1,0
341969384919,18,3176,28,417,200,1350,1549,1,0
341969418365,18,4019,28,417,200,1351,1550,1,0
341969451542,166,3977,32,347,201,1351,1551,1,0
341969484880,18,2949,41,197,201,1352,1552,1,0
341969518600,17,2900,28,197,201,1353,1553,1,0
341969551591,16,3300,28,197,201,1354,1554,1,0
341969585091,20,2934,27,197,201,1355,1555,1,0
341969618177,21,3833,28,197,201,1356,1556,1,0
341969651738,15,3415,31,197,201,1357,1557,1,0
341969685197,17,2910,28,197,201,1358,1558,1,0
341969718286,222,3768,199,19364,202,1358,1559,1,0
341969751827,23,3017,28,567,202,1359,1560,1,0
341969785220,19,2777,25,457,202,1360,1561,1,0
341969818545,33,3436,38,427,202,1361,1562,1,0
341969851715,16,3376,28,418,202,1362,1563,1,0
341969884987,46,3266,31,418,202,1363,1564,1,0
341969918504,39,2942,28,418,202,1364,1565,1,0
341969951592,166,3551,40,890,203,1364,1566,1,0
341969984857,17,2770,30,419,203,1365,1567,1,0
341970018331,16,4094,27,412,203,1366,1568,1,0
341970051725,21,3279,30,412,203,1367,1569,1,0
341970085246,17,3807,30,412,203,1368,1570,1,0
341970118421,17,3031,27,412,203,1369,1571,1,0
341970151935,16,2985,26,412,203,1370,1572,1,0
341970185036,16,4036,27,412,203,1371,1573,1,0
341970218523,152,3567,52,849,204,1371,1574,1,0
341970251574,19,3350,29,409,204,1372,1575,1,0
341970284842,16,3783,27,409,204,1373,1576,1,0
341970318319,17,3029,42,409,204,1374,1577,1,0
341970351503,18,3132,34,409,204,1375,1578,1,0
341970385240,17,5159,31,409,204,1376,1579,1,0
341970418406,23,2627,27,409,204,1377,1580,1,0
341970451987,16,3583,27,409,204,1378,1581,1,0
341970484870,157,4383,31,392,205,1378,1582,1,0
341970518153,17,3156,25,197,205,1379,1583,1,0
341970551687,18,3661,40,197,205,1380,1584,1,0
341970585125,18,2940,28,197,205,1381,1585,1,0
341970618319,18,2723,28,197,205,1382,1586,1,0
341970651669,16,3948,25,197,205,1383,1587,1,0
341970685206,16,3582,24,197,205,1384,1588,1,0
341970718421,15,2944,24,197,205,1385,1589,1,0
341970751582,199,3550,27,197,206,1385,1590,1,0
341970785467,21,2900,35,197,206,1386,1591,1,0
341970818355,19,3313,37,197,206,1387,1592,1,0
341970851905,19,3170,29,197,206,1388,1593,1,0
341970884812,17,3179,26,197,206,1389,1594,1,0
341970918318,18,3073,30,197,206,1390,1595,1,0
341970951881,17,2836,39,197,206,1391,1596,1,0
341970985080,199,4538,31,197,207,1391,1597,1,0
341971018140,17,3338,29,197,207,1392,1598,1,0
341971051717,20,2932,26,197,207,1393,1599,1,0
341971084929,17,4584,36,197,207,1394,1600,1,0
341971118241,17,2837,27,197,207,1395,1601,1,0
341971151876,27,2834,30,197,207,1396,1602,1,0
341971185043,19,2807,31,197,207,1397,1603,1,0
341971218324,15,3108,26,197,207,1398,1604,1,0
341971251745,251,3979,200,18764,208,1398,1605,1,0
341971284740,25,5586,33,575,208,1399,1606,1,0
341971318723,21,3591,40,440,208,1400,1607,1,0
341971351669,18,2644,32,414,208,1401,1608,1,0
341971385347,24,3201,28,409,208,1402,1609,1,0
341971418158,45,3410,43,409,208,1403,1610,1,0
341971451656,17,2993,76,409,208,1404,1611,1,0
341971485287,19,5322,47,409,208,1405,1612,1,0
341971518485,258,3121,38,401,209,1405,1613,1,0
341971551967,19,2911,30,197,209,1406,1614,1,0
341971584796,30,3313,41,197,209,1407,1615,1,0
341971618299,18,3325,43,197,209,1408,1616,1,0
341971651846,18,3485,31,197,209,1409,1617,1,0
341971684906,18,3360,36,197,209,1410,1618,1,0
341971718495,16,2948,91,197,209,1411,1619,1,0
341971751871,18,3231,36,197,209,1412,1620,1,0
341971785271,246,4562,30,197,210,1412,1621,1,0
341971818162,19,3250,36,197,210,1413,1622,1,0
341971851581,17,3046,35,197,210,1414,1623,1,0
341971885270,17,3067,30,197,210,1415,1624,1,0
341971918774,21,2936,43,197,210,1416,1625,1,0
341971951496,17,2713,34,197,210,1417,1626,1,0
341971984893,19,3074,49,197,210,1418,1627,1,0
341972018409,19,3628,38,197,210,1419,1628,1,0
341972051635,167,4348,29,197,211,1419,1629,1,0
341972085192,19,3728,43,197,211,1420,1630,1,0
341972118452,27,3048,39,197,211,1421,1631,1,0
341972151671,19,2854,31,197,211,1422,1632,1,0
341972185253,19,3052,85,197,211,1423,1633,1,0
341972218360,18,3616,29,197,211,1424,1634,1,0
341972251415,16,3313,25,197,211,1425,1635,1,0
341972284850,151,4289,25,197,212,1425,1636,1,0
341972318691,28,3693,72,197,212,1426,1637,1,0
341972351510,28,3097,41,197,212,1427,1638,1,0
341972385230,29,2892,36,197,212,1428,1639,1,0
341972418305,16,2877,33,197,212,1429,1640,1,0
341972451680,17,3145,28,197,212,1430,1641,1,0
341972485114,16,3682,25,197,212,1431,1642,1,0
341972518375,17,3390,35,197,212,1432,1643,1,0
341972551670,983,2738,77,197,213,1432,1644,1,0
341972585084,33,5610,53,197,213,1433,1645,1,0
341972618103,21,3081,47,197,213,1434,1646,1,0
341972651539,18,2908,32,197,213,1435,1647,1,0
341972685094,18,3167,27,197,213,1436,1648,1,0
341972718422,18,3716,36,197,213,1437,1649,1,0
341972751914,34,3208,42,197,213,1438,1650,1,0
341972785036,21,5988,41,197,213,1439,1651,1,0
341972818561,367,4034,43,197,214,1439,1652,1,0
341972851893,17,2876,28,197,214,1440,1653,1,0
341972885379,17,2793,25,197,214,1441,1654,1,0
341972918630,15,3114,26,197,214,1442,1655,1,0
341972951535,16,3234,26,197,214,1443,1656,1,0
341972985048,16,3978,24,197,214,1444,1657,1,0
341973018716,17,2772,26,197,214,1445,1658,1,0
341973051423,19,3191,28,197,214,1446,1659,1,0
341973085234,344,3157,36,197,215,1446,1660,1,0
341973118293,16,2783,26,197,215,1447,1661,1,0
341973151564,17,2977,28,197,215,1448,1662,1,0
341973185253,16,2977,25,197,215,1449,1663,1,0
341973218301,17,3039,85,197,215,1450,1664,1,0
341973251593,18,2853,24,197,215,1451,1665,1,0
341973285109,17,2823,26,197,215,1452,1666,1,0
341973318232,162,3552,199,19394,216,1452,1667,1,0
341973351743,18,3218,35,574,216,1453,1668,1,0
341973385179,17,3223,28,426,216,1454,1669,1,0
341973418403,16,2980,29,407,216,1455,1670,1,0
341973451482,16,2930,25,399,216,1456,1671,1,0
341973485289,16,2846,38,399,216,1457,1672,1,0
341973518217,18,2855,102,399,216,1458,1673,1,0
341973551768,16,2668,33,399,216,1459,1674,1,0
341973585057,154,4379,30,357,217,1459,1675,1,0
341973618615,17,3338,34,197,217,1460,1676,1,0
341973651585,29,2885,24,197,217,1461,1677,1,0
341973685261,17,5025,25,197,217,1462,1678,1,0
341973718239,15,2664,29,197,217,1463,1679,1,0
341973751682,16,2811,26,197,217,1464,1680,1,0
341973784809,18,3014,26,197,217,1465,1681,1,0
341973818379,21,3653,26,197,217,1466,1682,1,0
341973851902,226,4280,38,197,218,1466,1683,1,0
341973884798,18,4320,34,197,218,1467,1684,1,0
341973918401,17,5583,29,197,218,1468,1685,1,0
341973951498,17,3005,26,197,218,1469,1686,1,0
341973985353,16,2915,25,197,218,1470,1687,1,0
341974018226,17,5556,26,197,218,1471,1688,1,0
341974051857,16,3158,33,197,218,1472,1689,1,0
341974085114,19,2918,38,197,218,1473,1690,1,0
341974118444,171,3525,38,197,219,1473,1691,1,0
341974151668,18,3064,32,197,219,1474,1692,1,0
341974185173,26,3016,73,197,219,1475,1693,1,0
341974218444,19,3201,30,197,219,1476,1694,1,0
341974251397,15,3411,24,197,219,1477,1695,1,0
341974285094,16,3254,24,197,219,1478,1696,1,0
341974318269,20,2996,25,197,219,1479,1697,1,0
341974351545,19,2909,40,197,219,1480,1698,1,0
341974384975,163,3567,34,197,220,1480,1699,1,0
341974418278,18,3152,26,197,220,1481,1700,1,0
341974451763,16,3251,25,197,220,1482,1701,1,0
341974485239,18,3925,54,197,220,1483,1702,1,0
341974518288,18,3329,34,197,220,1484,1703,1,0
341974551957,20,3018,34,197,220,1485,1704,1,0
341974585329,17,5631,28,197,220,1486,1705,1,0
341974618613,18,3087,29,197,220,1487,1706,1,0
341974651533,158,3299,28,197,221,1487,1707,1,0
341974685239,42,3574,25,197,221,1488,1708,1,0
341974718271,28,3419,41,197,221,1489,1709,1,0
341974751763,20,3053,30,197,221,1490,1710,1,0
341974784825,18,3768,36,197,221,1491,1711,1,0
341974818554,27,2831,27,197,221,1492,1712,1,0
341974851675,19,3020,33,197,221,1493,1713,1,0
341974885212,18,3120,26,197,221,1494,1714,1,0
341974918631,209,4554,31,197,222,1494,1715,1,0
341974951740,48,3425,27,197,222,1495,1716,1,0
341974984820,26,4210,29,197,222,1496,1717,1,0
341975018368,17,2809,38,197,222,1497,1718,1,0
341975051925,16,2928,25,197,222,1498,1719,1,0
341975084918,16,2913,23,197,222,1499,1720,1,0
341975118144,17,3118,30,197,222,1500,1721,1,0
341975151641,17,3891,36,197,222,1501,1722,1,0
341975185256,166,4427,33,197,223,1501,1723,1,0
341975218371,18,2972,32,197,223,1502,1724,1,0
341975251513,16,2846,25,197,223,1503,1725,1,0
341975284990,17,3048,24,197,223,1504,1726,1,0
341975318231,16,2793,23,197,223,1505,1727,1,0
341975351470,18,3201,37,197,223,1506,1728,1,0
341975384988,17,3136,30,197,223,1507,1729,1,0
341975418183,263,2970,37,197,224,1507,1730,1,0
341975451840,16,2794,24,197,224,1508,1731,1,0
341975484773,16,4864,41,197,224,1509,1732,1,0
341975518562,17,2843,34,197,224,1510,1733,1,0
341975551587,24,2673,28,197,224,1511,1734,1,0
341975585154,18,2970,31,197,224,1512,1735,1,0
341975618402,20,3796,33,197,224,1513,1736,1,0
341975651621,18,3001,27,197,224,1514,1737,1,0
341975685159,163,5880,33,197,225,1514,1738,1,0
341975718597,17,2859,36,197,225,1515,1739,1,0
341975751699,25,2985,25,197,225,1516,1740,1,0
341975785120,17,3101,31,197,225,1517,1741,1,0
341975818348,25,3245,28,197,225,1518,1742,1,0
341975851678,18,3090,35,197,225,1519,1743,1,0
341975885033,18,4659,26,197,225,1520,1744,1,0
341975918695,18,5317,37,197,225,1521,1745,1,0
341975951647,327,3289,34,197,226,1521,1746,1,0
341975985087,19,3021,27,197,226,1522,1747,1,0
341976017969,17,3088,29,197,226,1523,1748,1,0
341976051395,18,3748,29,197,226,1524,1749,1,0
341976085001,31,3365,24,197,226,1525,1750,1,0
341976118306,19,4345,44,197,226,1526,1751,1,0
341976151593,17,2953,29,197,226,1527,1752,1,0
341976184774,17,2894,32,197,226,1528,1753,1,0
341976218195,192,3423,206,19380,227,1528,1754,1,0
341976251678,42,2779,30,580,227,1529,1755,1,0
341976285106,24,3502,30,439,227,1530,1756,1,0
341976318482,16,3976,27,414,227,1531,1757,1,0
341976351599,17,2853,41,406,227,1532,1758,1,0
341976385001,28,4828,39,406,227,1533,1759,1,0
341976418295,36,5780,44,406,227,1534,1760,1,0
341976451835,171,3205,36,652,228,1534,1761,1,0
341976485320,17,2977,40,404,228,1535,1762,1,0
341976518527,17,3615,27,404,228,1536,1763,1,0
341976551477,17,3196,29,404,228,1537,1764,1,0
341976585173,25,4853,43,404,228,1538,1765,1,0
341976618420,34,5847,36,404,228,1539,1766,1,0
341976651700,18,2881,28,404,228,1540,1767,1,0
341976685045,16,2717,27,404,228,1541,1768,1,0
341976718501,148,3787,28,363,229,1541,1769,1,0
341976751746,15,3816,29,197,229,1542,1770,1,0
341976784832,27,3960,28,197,229,1543,1771,1,0
341976818216,31,4995,29,197,229,1544,1772,1,0
341976851773,17,3013,47,197,229,1545,1773,1,0
341976884979,17,2978,35,197,229,1546,1774,1,0
341976918528,16,2956,26,197,229,1547,1775,1,0
341976951638,16,3235,27,197,229,1548,1776,1,0
341976984920,373,4439,31,197,230,1548,1777,1,0
341977018337,17,2816,26,197,230,1549,1778,1,0
341977051653,16,2667,25,197,230,1550,1779,1,0
341977084979,19,2848,34,197,230,1551,1780,1,0
341977507574,3460,7153,237,4390,231,1552,1782,1,1
341977556996,1187,8353,126,2198,232,1552,1783,1,0
341977592691,361,7322,368,17411,233,1552,1784,1,0
341977619462,453,22213,150,3964,234,1552,1785,1,0
341977653675,735,11152,70,353,235,1552,1786,1,0
341977685616,342,4418,1321,19713,236,1552,1787,1,0
341977718701,229,6554,46,682,237,1552,1788,1,0
341977751853,314,5040,88,3561,238,1552,1789,1,0
341977785081,170,5773,40,475,239,1552,1790,1,0
341977818304,225,7222,154,13456,240,1552,1791,1,0
341977851907,249,4132,35,364,241,1552,1792,1,0
341977884991,206,3942,35,193,242,1552,1793,1,0
341977918709,212,3956,186,16907,243,1552,1794,1,0
341977951807,165,4674,74,3657,244,1552,1795,1,0
341977984999,285,5716,47,442,245,1552,1796,1,0
341978018726,214,6066,200,3643,246,1552,1797,1,0
341978051632,217,4828,113,9193,247,1552,1798,1,0
341978085170,199,4385,461,373,248,1552,1799,1,0
341978132068,2081,6178,406,19886,249,1552,1800,1,0
341978168051,9495,10690,128,3549,250,1552,1801,1,0
341978227877,706,8555,133,3480,251,1552,1802,1,0
341978255060,342,13415,286,13474,252,1552,1803,1,0
341978288316,714,17997,133,3418,253,1552,1804,1,0
341978322372,381,11044,89,3634,254,1552,1805,1,0
341978355211,212,10757,45,706,255,1552,1806,1,0
341978388533,229,10051,57,381,256,1552,1807,1,0
341978421966,194,6137,44,193,257,1552,1808,1,0
341978455304,229,5042,239,19620,258,1552,1809,1,0
341978488857,209,6094,47,729,259,1552,1810,1,0
341978522190,199,5491,76,3701,260,1552,1811,1,0
341978555223,301,4169,127,9186,261,1552,1812,1,0
341978588604,274,6459,65,1120,262,1552,1813,1,0
341978621882,214,6782,77,4325,263,1552,1814,1,0
341978655420,209,6593,44,448,264,1552,1815,1,0
341978688697,183,6978,200,15396,265,1552,1816,1,0
341978722116,199,8274,49,601,266,1552,1817,1,0
341978755096,223,4480,75,3737,267,1552,1818,1,0
341978788832,214,5790,45,451,268,1552,1819,1,0
341978821788,210,6063,159,13573,269,1552,1820,1,0
341978855517,225,6336,52,1099,270,1552,1821,1,0
341978889227,519,6864,84,3925,271,1552,1822,1,0
341978921653,246,7934,193,16602,272,1552,1823,1,0
341978955041,247,4332,83,4050,273,1552,1824,1,0
341978990618,884,4447,72,536,274,1552,1825,1,0
341979021892,250,4826,127,3950,275,1552,1826,1,0
341979055268,250,5794,126,9428,276,1552,1827,1,0
341979088821,217,6292,52,835,277,1552,1828,1,0
341979121604,219,4549,76,3822,278,1552,1829,1,0
341979155520,213,6215,55,307,279,1552,1830,1,0
341979188736,209,5967,222,19896,280,1552,1831,1,0
341979222226,441,5930,65,686,281,1552,1832,1,0
341979255304,346,5770,85,3591,282,1552,1833,1,0
341979288576,207,5966,68,3217,283,1552,1834,1,0
341979322074,221,6232,81,3545,284,1552,1835,1,0
341979355437,212,6284,41,286,285,1552,1836,1,0
341979388485,213,6458,170,15262,286,1552,1837,1,0
341979421826,207,8227,355,9458,287,1552,1838,1,0
341979455219,207,4840,75,3930,288,1552,1839,1,0
341979488231,195,3896,42,484,289,1552,1840,1,0
341979521779,226,4932,80,3795,290,1552,1841,1,0
341979554967,213,6245,129,9365,291,1552,1842,1,0
341979588641,233,6247,61,368,292,1552,1843,1,0
341979621861,198,7192,245,19840,293,1552,1844,1,0
341979655309,217,6288,44,728,294,1552,1845,1,0
341979688608,200,4930,78,3555,295,1552,1846,1,0
341979722137,236,5492,76,496,296,1552,1847,1,0
341979755513,226,5551,79,3562,297,1552,1848,1,0
341979788452,228,6566,69,3138,298,1552,1849,1,0
341979822020,209,4486,69,3353,299,1552,1850,1,0
341979855760,294,6323,111,7579,300,1552,1851,1,0
341979888609,184,5933,76,3693,301,1552,1852,1,0
341979921865,229,4670,139,9315,302,1552,1853,1,0
341979955369,211,4656,78,3894,303,1552,1854,1,0
341979988515,232,6007,45,509,304,1552,1855,1,0
341980021798,268,6414,162,13626,305,1552,1856,1,0
341980055439,208,6300,74,3728,306,1552,1857,1,0
341980088829,211,6761,141,11149,307,1552,1858,1,0
341980122135,216,7902,220,13745,308,1552,1859,1,0
341980155296,255,5606,45,682,309,1552,1860,1,0
341980188487,227,4804,73,3728,310,1552,1861,1,0
341980222018,235,10079,49,411,311,1552,1862,1,0
341980255275,215,10355,78,3685,312,1552,1863,1,0
341980288336,244,10563,47,367,313,1552,1864,1,0
341980321823,194,11654,137,10635,314,1552,1865,1,0
341980355266,214,11294,79,4207,315,1552,1866,1,0
341980388393,191,11532,81,3689,316,1552,1867,1,0
341980422004,239,5409,123,9380,317,1552,1868,1,0
341980455413,186,7184,77,3877,318,1552,1869,1,0
341980488820,195,6710,45,519,319,1552,1870,1,0
341980521766,282,7254,137,3830,320,1552,1871,1,0
341980555246,194,6323,122,9465,321,1552,1872,1,0
341980588656,253,6140,57,1150,322,1552,1873,1,0
341980621756,214,4891,76,4203,323,1552,1874,1,0
341980655197,232,4730,46,528,324,1552,1875,1,0
341980688500,199,6664,78,3803,325,1552,1876,1,0
341980721900,238,6595,49,449,326,1552,1877,1,0
341980755398,228,6457,78,3834,327,1552,1878,1,0
341980788866,202,6738,42,461,328,1552,1879,1,0
341980822051,186,5974,75,3734,329,1552,1880,1,0
341980855464,230,5642,76,4317,330,1552,1881,1,0
341980888795,264,6188,80,3759,331,1552,1882,1,0
341980923844,541,4351,133,9444,332,1552,1883,1,0
341980955292,228,6572,80,3814,333,1552,1884,1,0
341980988410,211,6515,76,4107,334,1552,1885,1,0
341981021816,241,7799,77,3889,335,1552,1886,1,0
341981055191,206,6128,122,9513,336,1552,1887,1,0
341981088688,225,5789,52,1107,337,1552,1888,1,0
341981121962,207,5878,78,4046,338,1552,1889,1,0
341981155203,237,6100,47,497,339,1552,1890,1,0
341981188584,386,6325,73,3656,340,1552,1891,1,0
341981221960,198,6311,47,361,341,1552,1892,1,0
341981255840,209,6975,194,17827,342,1552,1893,1,0
341981288484,203,5984,48,662,343,1552,1894,1,0
341981321700,205,4860,217,13559,344,1552,1895,1,0
341981355137,202,4849,45,857,345,1552,1896,1,0
341981388632,218,7011,78,4240,346,1552,1897,1,0
341981421905,216,6652,141,9509,347,1552,1898,1,0
341981455596,200,6665,45,523,348,1552,1899,1,0
341981488729,316,6714,206,19087,349,1552,1900,1,0
341981522215,181,5876,112,3783,350,1552,1901,1,0
341981555145,185,6027,124,9227,351,1552,1902,1,0
341981588655,188,6832,53,1076,352,1552,1903,1,0
341981621981,215,6294,80,4363,353,1552,1904,1,0
341981655513,377,6545,66,552,354,1552,1905,1,0
341981688812,364,6215,78,3841,355,1552,1906,1,0
341981721863,218,5764,44,456,356,1552,1907,1,0
341981755108,203,6272,86,3710,357,1552,1908,1,0
341981788289,185,6792,67,3294,358,1552,1909,1,0
341981822042,213,6438,72,3588,359,1552,1910,1,0
341981855314,218,6210,43,399,360,1552,1911,1,0
341981888781,194,6740,212,20053,361,1552,1912,1,0
341981922176,201,7852,125,9441,362,1552,1913,1,0
341981955263,185,5857,86,4029,363,1552,1914,1,0
341981988511,195,4786,40,499,364,1552,1915,1,0
341982022027,380,6222,160,13762,365,1552,1916,1,0
341982055226,194,6951,62,2692,366,1552,1917,1,0
341982088799,204,6988,78,3654,367,1552,1918,1,0
341982121959,206,5834,157,13931,368,1552,1919,1,0
341982155311,207,5641,49,885,369,1552,1920,1,0
341982188240,186,3823,72,3827,370,1552,1921,1,0
341982221801,249,10999,44,433,371,1552,1922,1,0
341982255113,210,11881,70,402,372,1552,1923,1,0
341982288574,173,11566,128,194,373,1552,1924,1,0
341982321890,184,11640,213,19987,374,1552,1925,1,0
341982355158,223,11228,50,397,375,1552,1926,1,0
341982388374,220,11098,209,19980,376,1552,1927,1,0
341982421876,256,6419,127,9431,377,1552,1928,1,0
341982455435,190,7363,76,3967,378,1552,1929,1,0
341982488792,206,6465,41,402,379,1552,1930,1,0
341982521889,202,7794,227,20062,380,1552,1931,1,0
341982555200,204,6073,122,9474,381,1552,1932,1,0
341982588643,182,6568,52,1027,382,1552,1933,1,0
341982621660,336,6414,56,360,383,1552,1934,1,0
341982655188,211,6855,205,19048,384,1552,1935,1,0
341982688317,211,6596,72,3663,385,1552,1936,1,0
341982721836,196,8137,43,425,386,1552,1937,1,0
341982755242,189,5836,77,3582,387,1552,1938,1,0
341982788687,184,5715,39,431,388,1552,1939,1,0
341982821749,202,6162,158,13450,389,1552,1940,1,0
341982855354,237,6407,47,704,390,1552,1941,1,0
341982888874,217,6471,80,4264,391,1552,1942,1,0
341982921686,197,8044,123,9466,392,1552,1943,1,0
341982955549,205,7363,88,3980,393,1552,1944,1,0
341982988462,189,5727,54,479,394,1552,1945,1,0
341983022276,415,6024,118,3821,395,1552,1946,1,0
341983055692,204,6212,130,9354,396,1552,1947,1,0
341983088378,202,7022,53,943,397,1552,1948,1,0
341983121733,220,7642,142,11162,398,1552,1949,1,0
341983155067,236,3249,46,552,399,1552,1950,1,0
341983188453,205,4693,70,3778,400,1552,1951,1,0
341983221974,221,5706,48,433,401,1552,1952,1,0
341983254914,193,7040,78,3719,402,1552,1953,1,0
341983288881,186,6471,45,368,403,1552,1954,1,0
341983322236,218,7424,41,195,404,1552,1955,1,0
341983355297,235,5826,111,7142,405,1552,1956,1,0
341983388367,231,4868,168,15270,406,1552,1957,1,0
341983422117,227,6035,126,9491,407,1552,1958,1,0
341983455686,213,5767,74,3968,408,1552,1959,1,0
341983489002,297,6322,47,479,409,1552,1960,1,0
341983522081,204,6730,57,376,410,1552,1961,1,0
341983555314,183,6879,187,16986,411,1552,1962,1,0
341983588646,191,6453,50,878,412,1552,1963,1,0
341983622132,198,6253,135,3748,413,1552,1964,1,0
341983655487,183,5939,44,432,414,1552,1965,1,0
341983688529,198,6553,100,3473,415,1552,1966,1,0
341983722088,185,6831,44,353,416,1552,1967,1,0
341983755152,205,7694,107,7127,417,1552,1968,1,0
341983788759,190,5859,41,465,418,1552,1969,1,0
341983821980,203,6193,207,13468,419,1552,1970,1,0
341983855259,221,5906,49,703,420,1552,1971,1,0
341983888582,196,6326,82,4231,421,1552,1972,1,0
341983921781,182,6369,122,9389,422,1552,1973,1,0
341983955247,213,6845,79,4058,423,1552,1974,1,0
341983988213,200,3862,45,514,424,1552,1975,1,0
341984021787,238,6039,81,3829,425,1552,1976,1,0
341984065632,2759,22862,214,9410,426,1552,1977,1,0
341984159614,109718,47601,160,4258,427,1552,1978,1,0
341984362459,448,16043,172,3593,428,1552,1979,1,0
341984472286,1627,15568,649,4395,429,1552,1980,1,0
341984591439,6344,46381,69,455,430,1552,1981,1,0
341984834979,15699,95686,568,4120,431,1552,1982,1,0
341985010788,586,78400,202,363,432,1552,1983,1,0
341985169787,543,73364,497,16962,433,1552,1984,1,0
341985279965,451,63389,288,3902,434,1552,1985,1,0
341985377288,271,4820,82,3889,435,1552,1986,1,0
341985410785,231,4778,46,690,436,1552,1987,1,0
341985444318,196,5341,69,3342,437,1552,1988,1,0
341985477203,179,5736,38,213,438,1552,1989,1,0
341985510483,173,7258,486,24782,439,1552,1990,1,0
341985545248,532,6433,60,474,440,1552,1991,1,0
341985577241,229,5352,211,19755,441,1552,1992,1,0
341985610782,214,4996,152,13737,442,1552,1993,1,0
341985643802,177,3632,42,740,443,1552,1994,1,0
341985677550,202,3929,78,3848,444,1552,1995,1,0
341985710938,195,3479,33,427,445,1552,1996,1,0
341985744392,205,3321,77,3700,446,1552,1997,1,0
341985777762,190,3066,39,357,447,1552,1998,1,0
341985810840,201,3423,217,19944,448,1552,1999,1,0
341985844334,199,3150,40,354,449,1552,2000,1,0
341985877387,190,2980,207,19951,450,1552,2001,1,0
341985910982,210,6641,128,9418,451,1552,2002,1,0
341985944396,274,3105,89,3972,452,1552,2003,1,0
341985977541,205,4654,39,496,453,1552,2004,1,0
341986010646,200,3249,42,380,454,1552,2005,1,0
341986044052,200,3198,179,17002,455,1552,2006,1,0
341986077291,186,3030,72,3659,456,1552,2007,1,0
341986111100,213,2983,155,13698,457,1552,2008,1,0
341986144326,223,3931,44,826,458,1552,2009,1,0
341986177347,269,3030,75,3830,459,1552,2010,1,0
341986210822,182,3410,39,430,460,1552,2011,1,0
341986244341,209,3123,70,3763,461,1552,2012,1,0
341986277442,198,5775,41,469,462,1552,2013,1,0
341986311488,202,3089,71,3616,463,1552,2014,1,0
341986343884,221,3945,78,3957,464,1552,2015,1,0
341986377651,211,3875,80,3960,465,1552,2016,1,0
341986410951,210,3360,121,9379,466,1552,2017,1,0
341986444139,184,3336,71,3726,467,1552,2018,1,0
341986477734,216,5257,140,12198,468,1552,2019,1,0
341986510961,192,3250,75,3968,469,1552,2020,1,0
341986544561,226,4070,125,9482,470,1552,2021,1,0
341986577540,188,6080,43,876,471,1552,2022,1,0
341986611008,228,3191,180,15626,472,1552,2023,1,0
341986644118,208,3107,40,640,473,1552,2024,1,0
341986677612,199,5596,92,3742,474,1552,2025,1,0
341986710735,209,3252,38,434,475,1552,2026,1,0
341986744320,214,3809,76,3653,476,1552,2027,1,0
341986777571,209,4450,90,3266,477,1552,2028,1,0
341986811132,191,3225,41,730,478,1552,2029,1,0
341986843859,198,3076,79,4444,479,1552,2030,1,0
341986877801,200,5796,73,4035,480,1552,2031,1,0
341986910806,204,3629,141,9358,481,1552,2032,1,0
341986944431,212,3758,73,3905,482,1552,2033,1,0
341986977775,180,3836,41,499,483,1552,2034,1,0
341987011154,234,3872,57,377,484,1552,2035,1,0
341987044150,215,3395,184,17067,485,1552,2036,1,0
341987077579,197,5415,66,3658,486,1552,2037,1,0
341987110618,204,3079,155,13705,487,1552,2038,1,0
341987144482,335,3374,45,838,488,1552,2039,1,0
341987177407,256,3707,83,3838,489,1552,2040,1,0
341987211289,207,3344,43,433,490,1552,2041,1,0
341987244394,352,3161,79,4125,491,1552,2042,1,0
341987277632,198,5498,145,12808,492,1552,2043,1,0
341987310591,215,3345,87,3911,493,1552,2044,1,0
341987344302,239,2883,82,4519,494,1552,2045,1,0
341987377399,206,3532,70,3731,495,1552,2046,1,0
341987410985,216,4501,122,9370,496,1552,2047,1,0
341987444192,201,4868,43,557,497,1552,2048,1,0
341987477604,250,5232,105,7359,498,1552,2049,1,0
341987510626,218,5080,353,15335,499,1552,2050,1,0
341987544047,247,5081,121,9541,500,1552,2051,1,0
341987577567,223,4635,38,1061,501,1552,2052,1,0
341987611160,200,3423,88,4083,502,1552,2053,1,0
341987644124,209,3592,42,472,503,1552,2054,1,0
341987677753,200,3294,86,3684,504,1552,2055,1,0
341987710521,187,3170,41,420,505,1552,2056,1,0
341987744457,189,3249,72,3638,506,1552,2057,1,0
341987777340,204,3030,33,439,507,1552,2058,1,0
341987810600,199,3993,154,13462,508,1552,2059,1,0
341987843922,193,3643,41,987,509,1552,2060,1,0
341987877776,194,4055,73,3944,510,1552,2061,1,0
341987911210,191,3224,117,9313,511,1552,2062,1,0
341987944380,194,3323,186,15546,512,1552,2063,1,0
341987977916,185,5839,39,642,513,1552,2064,1,0
341988011141,181,3664,72,3849,514,1552,2065,1,0
341988044128,186,3267,118,9369,515,1552,2066,1,0
341988077475,183,2878,43,841,516,1552,2067,1,0
341988110846,289,3320,45,433,517,1552,2068,1,0
341988144109,186,3311,203,19185,518,1552,2069,1,0
341988177571,229,5205,72,3691,519,1552,2070,1,0
341988210961,205,3107,43,453,520,1552,2071,1,0
341988244370,192,3533,75,3606,521,1552,2072,1,0
341988277770,207,3743,87,3228,522,1552,2073,1,0
341988310720,201,3426,318,3455,523,1552,2074,1,0
341988344145,214,3171,44,356,524,1552,2075,1,0
341988377795,198,4726,103,7225,525,1552,2076,1,0
341988410758,215,3237,112,9310,526,1552,2077,1,0
341988444110,196,2886,71,3912,527,1552,2078,1,0
341988477434,386,3379,39,488,528,1552,2079,1,0
341988510925,224,3381,42,390,529,1552,2080,1,0
341988544222,226,3441,212,19976,530,1552,2081,1,0
341988577402,188,6385,41,383,531,1552,2082,1,0
341988610957,192,3425,208,19866,532,1552,2083,1,0
341988644122,184,3176,44,727,533,1552,2084,1,0
341988677232,181,3026,69,3554,534,1552,2085,1,0
341988710766,214,3922,42,434,535,1552,2086,1,0
341988744270,197,3417,74,3569,536,1552,2087,1,0
341988777305,182,5961,65,3035,537,1552,2088,1,0
341988811033,213,3009,105,7860,538,1552,2089,1,0
341988844404,204,3216,83,4766,539,1552,2090,1,0
341988877437,229,2935,70,3695,540,1552,2091,1,0
341988911116,197,4034,152,9329,541,1552,2092,1,0
341988944674,191,3312,76,3902,542,1552,2093,1,0
341988977495,185,4919,41,485,543,1552,2094,1,0
341989011143,222,3212,74,3791,544,1552,2095,1,0
341989044228,202,3192,118,9402,545,1552,2096,1,0
341989077549,180,3704,44,967,546,1552,2097,1,0
341989110993,340,3703,76,4018,547,1552,2098,1,0
341989144444,194,3446,42,493,548,1552,2099,1,0
341989177502,405,3404,74,3629,549,1552,2100,1,0
341989210897,208,3404,40,408,550,1552,2101,1,0
341989244107,194,3196,210,19914,551,1552,2102,1,0
341989277468,197,5342,42,727,552,1552,2103,1,0
341989310867,195,2982,68,3556,553,1552,2104,1,0
341989344391,292,3686,77,3895,554,1552,2105,1,0
341989377208,201,3188,73,3924,555,1552,2106,1,0
341989410910,360,3979,126,9362,556,1552,2107,1,0
341989444293,245,4426,76,587,557,1552,2108,1,0
341989477521,186,6240,45,271,558,1552,2109,1,0
341989511344,207,4294,209,20093,559,1552,2110,1,0
341989544368,189,4871,64,3589,560,1552,2111,1,0
341989577255,174,5018,43,674,561,1552,2112,1,0
341989611043,205,3491,76,3846,562,1552,2113,1,0
341989644236,199,3179,40,477,563,1552,2114,1,0
341989677717,198,2954,44,448,564,1552,2115,1,0
341989711057,202,3173,180,16488,565,1552,2116,1,0
341989744208,247,3332,75,3818,566,1552,2117,1,0
341989777263,198,3599,41,505,567,1552,2118,1,0
341989810649,201,3194,152,13426,568,1552,2119,1,0
341989844188,225,3238,73,3568,569,1552,2120,1,0
341989877777,205,5013,85,4908,570,1552,2121,1,0
341989911050,209,3207,116,9145,571,1552,2122,1,0
341989944031,233,3795,75,4031,572,1552,2123,1,0
341989977549,197,3742,33,532,573,1552,2124,1,0
341990010779,190,3383,149,13544,574,1552,2125,1,0
341990043998,182,3386,64,3657,575,1552,2126,1,0
341990077679,188,5184,182,15784,576,1552,2127,1,0
341990111131,198,3077,152,13884,577,1552,2128,1,0
341990144494,194,3237,46,661,578,1552,2129,1,0
341990177536,182,3234,73,3841,579,1552,2130,1,0
341990211115,226,3212,46,318,580,1552,2131,1,0
341990244176,195,3339,176,16404,581,1552,2132,1,0
341990277633,205,3753,44,627,582,1552,2133,1,0
341990310519,213,3126,157,13511,583,1552,2134,1,0
341990344870,212,3281,48,734,584,1552,2135,1,0
341990377349,204,2969,40,400,585,1552,2136,1,0
341990410730,195,3005,191,17029,586,1552,2137,1,0
341990444263,197,3224,71,3664,587,1552,2138,1,0
341990477513,178,3150,40,460,588,1552,2139,1,0
341990510878,202,3561,74,3659,589,1552,2140,1,0
341990543853,212,3401,112,9155,590,1552,2141,1,0
341990577326,202,3109,42,780,591,1552,2142,1,0
341990610751,210,2962,108,7576,592,1552,2143,1,0
341990644242,200,3240,44,510,593,1552,2144,1,0
341990677726,229,2875,74,3768,594,1552,2145,1,0
341990711039,216,3424,44,439,595,1552,2146,1,0
341990744492,226,3727,78,3655,596,1552,2147,1,0
341990777480,206,2869,65,3237,597,1552,2148,1,0
341990810564,206,2980,46,387,598,1552,2149,1,0
341990844235,215,3458,42,199,599,1552,2150,1,0
341990877545,312,2855,210,19969,600,1552,2151,1,0
341990910494,206,2928,119,9447,601,1552,2152,1,0
341990944472,260,3360,77,4006,602,1552,2153,1,0
341990977505,213,3195,44,480,603,1552,2154,1,0
341991010630,197,2974,153,13589,604,1552,2155,1,0
341991044086,189,3127,61,2673,605,1552,2156,1,0
341991077445,197,5255,121,3672,606,1552,2157,1,0
341991110891,226,3043,158,13878,607,1552,2158,1,0
341991143890,194,3381,43,906,608,1552,2159,1,0
341991177403,385,3799,75,3838,609,1552,2160,1,0
341991210901,200,3390,40,430,610,1552,2161,1,0
341991244087,261,3388,48,1107,611,1552,2162,1,0
341991277682,185,5113,225,19086,612,1552,2163,1,0
341991310623,210,3108,66,3770,613,1552,2164,1,0
341991344123,235,3926,79,3965,614,1552,2165,1,0
341991377484,220,3627,74,3931,615,1552,2166,1,0
341991410804,274,3717,120,9373,616,1552,2167,1,0
341991444131,222,4826,45,573,617,1552,2168,1,0
341991477480,202,4638,201,19300,618,1552,2169,1,0
341991510712,182,4884,65,3819,619,1552,2170,1,0
341991544373,439,4458,125,9412,620,1552,2171,1,0
341991577775,325,4706,42,1095,621,1552,2172,1,0
341991611070,197,3399,77,4156,622,1552,2173,1,0
341991644030,205,3295,41,379,623,1552,2174,1,0
341991677156,201,3248,55,212,624,1552,2175,1,0
341991710986,216,3067,181,16461,625,1552,2176,1,0
341991744190,226,3025,73,3836,626,1552,2177,1,0
341991777256,208,3930,65,473,627,1552,2178,1,0
341991810634,198,3263,154,13414,628,1552,2179,1,0
341991844206,205,3396,46,686,629,1552,2180,1,0
341991877495,205,5695,41,402,630,1552,2181,1,0
341991911058,194,3104,181,17077,631,1552,2182,1,0
341991944183,340,2998,73,3679,632,1552,2183,1,0
341991977287,208,2965,41,452,633,1552,2184,1,0
341992010975,192,3218,72,3654,634,1552,2185,1,0
341992044265,340,3640,122,9185,635,1552,2186,1,0
341992077534,223,3085,47,1048,636,1552,2187,1,0
341992110857,223,3374,75,3966,637,1552,2188,1,0
341992144167,208,3013,106,7721,638,1552,2189,1,0
341992177486,201,5311,139,3836,639,1552,2190,1,0
341992210898,187,3075,40,458,640,1552,2191,1,0
341992244862,553,3001,77,3658,641,1552,2192,1,0
341992277630,213,3230,71,446,642,1552,2193,1,0
341992310939,190,3113,158,13530,643,1552,2194,1,0
341992344319,211,3125,45,383,644,1552,2195,1,0
341992377258,236,5272,38,202,645,1552,2196,1,0
341992410421,229,3083,185,16992,646,1552,2197,1,0
341992444042,184,3146,71,3647,647,1552,2198,1,0
341992477579,238,2865,46,474,648,1552,2199,1,0
341992510955,208,3170,74,3668,649,1552,2200,1,0
341992544041,284,3669,131,9209,650,1552,2201,1,0
341992577425,216,2946,47,1040,651,1552,2202,1,0
341992610719,229,3069,203,4022,652,1552,2203,1,0
341992644376,207,3252,82,357,653,1552,2204,1,0
341992677693,226,5009,215,19824,654,1552,2205,1,0
341992710843,203,2984,42,693,655,1552,2206,1,0
341992744718,613,2941,75,3589,656,1552,2207,1,0
341992777524,222,3788,43,465,657,1552,2208,1,0
341992811042,228,3281,154,13404,658,1552,2209,1,0
341992844214,203,3136,46,723,659,1552,2210,1,0
341992877538,186,3415,41,390,660,1552,2211,1,0
341992910816,200,3036,184,16971,661,1552,2212,1,0
341992944213,209,3231,72,3665,662,1552,2213,1,0
341992977634,224,2823,43,453,663,1552,2214,1,0
341993010827,183,3549,74,3646,664,1552,2215,1,0
341993044390,190,3378,113,9159,665,1552,2216,1,0
341993077724,181,4868,46,951,666,1552,2217,1,0
341993110855,197,2905,135,11170,667,1552,2218,1,0
341993144244,175,3126,166,13166,668,1552,2219,1,0
341993177077,193,3565,72,3749,669,1552,2220,1,0
341993211090,212,3533,41,451,670,1552,2221,1,0
341993244160,253,3428,79,3736,671,1552,2222,1,0
341993277206,256,5763,40,460,672,1552,2223,1,0
341993310715,187,3139,65,3627,673,1552,2224,1,0
341993344017,195,3051,69,4224,674,1552,2225,1,0
341993377383,172,3944,62,3692,675,1552,2226,1,0
341993410575,219,4858,112,9428,676,1552,2227,1,0
341993444947,339,5889,42,566,677,1552,2228,1,0
341993477355,210,3774,35,229,678,1552,2229,1,0
341993510836,224,3841,201,20115,679,1552,2230,1,0
341993543911,170,4307,113,9513,680,1552,2231,1,0
341993577308,169,4801,37,1047,681,1552,2232,1,0
341993611184,178,4740,80,4101,682,1552,2233,1,0
341993643963,151,4710,31,360,683,1552,2234,1,0
341993677526,173,3762,38,193,684,1552,2235,1,0
341993710534,178,4169,175,16453,685,1552,2236,1,0
341993744655,205,3985,70,3825,686,1552,2237,1,0
341993777742,188,4551,35,463,687,1552,2238,1,0
341993810578,161,4933,146,13399,688,1552,2239,1,0
341993843969,286,5924,44,380,689,1552,2240,1,0
341993877640,226,3980,37,193,690,1552,2241,1,0
341993910816,190,3880,175,16977,691,1552,2242,1,0
341993944285,241,4030,67,3667,692,1552,2243,1,0
341993977417,199,4462,40,448,693,1552,2244,1,0
341994010818,174,5162,69,3644,694,1552,2245,1,0
341994044388,160,4643,152,9187,695,1552,2246,1,0
341994077590,194,4301,41,1040,696,1552,2247,1,0
341994111002,216,3652,43,417,697,1552,2248,1,0
341994144054,147,4178,191,19114,698,1552,2249,1,0
341994177401,181,4707,64,3678,699,1552,2250,1,0
341994211066,176,3933,35,460,700,1552,2251,1,0
341994244158,174,6311,80,3630,701,1552,2252,1,0
341994277183,160,6347,66,3774,702,1552,2253,1,0
341994310520,289,6436,110,9107,703,1552,2254,1,0
341994344170,185,3845,33,401,704,1552,2255,1,0
341994377236,168,4319,205,20015,705,1552,2256,1,0
341994410604,171,4200,112,9463,706,1552,2257,1,0
341994443798,160,4287,66,4010,707,1552,2258,1,0
341994477888,380,4589,34,494,708,1552,2259,1,0
341994510598,167,4701,62,3776,709,1552,2260,1,0
341994544270,188,4318,29,415,710,1552,2261,1,0
341994577472,173,4094,277,19674,711,1552,2262,1,0
341994611144,184,3850,167,13699,712,1552,2263,1,0
341994644512,157,3987,36,743,713,1552,2264,1,0
341994677479,197,4020,76,3792,714,1552,2265,1,0
341994710851,186,5128,36,420,715,1552,2266,1,0
341994743969,181,4388,66,3721,716,1552,2267,1,0
341994777377,223,3834,29,360,717,1552,2268,1,0
341994810754,193,4004,196,19935,718,1552,2269,1,0
341994844441,196,3916,78,4936,719,1552,2270,1,0
341994877604,188,4293,73,3668,720,1552,2271,1,0
341994910940,159,3991,111,9284,721,1552,2272,1,0
341994944010,156,4726,69,3878,722,1552,2273,1,0
341994977849,167,5778,34,484,723,1552,2274,1,0
341995010693,160,4489,33,380,724,1552,2275,1,0
341995043871,163,4223,173,17043,725,1552,2276,1,0
341995077287,206,4659,73,3658,726,1552,2277,1,0
341995110603,190,4112,156,13673,727,1552,2278,1,0
341995143773,161,4766,36,820,728,1552,2279,1,0
341995177554,159,4679,63,3834,729,1552,2280,1,0
341995210572,168,4004,28,392,730,1552,2281,1,0
341995244006,165,4110,196,19844,731,1552,2282,1,0
341995277470,196,4312,39,726,732,1552,2283,1,0
341995311004,277,3874,162,13537,733,1552,2284,1,0
341995344604,203,5211,106,1196,734,1552,2285,1,0
341995377537,170,4072,63,4007,735,1552,2286,1,0
341995410744,207,3724,32,421,736,1552,2287,1,0
341995443869,160,4233,194,19668,737,1552,2288,1,0
341995477586,175,4122,34,702,738,1552,2289,1,0
341995510869,197,3893,66,3702,739,1552,2290,1,0
341995544333,154,5299,110,9174,740,1552,2291,1,0
341995577650,200,4867,50,1076,741,1552,2292,1,0
341995611059,363,4253,60,428,742,1552,2293,1,0
341995644153,214,3875,201,19263,743,1552,2294,1,0
341995677097,178,4033,61,3655,744,1552,2295,1,0
341995710903,234,3812,36,458,745,1552,2296,1,0
341995744289,350,4627,78,3617,746,1552,2297,1,0
341995777664,196,4799,57,3265,747,1552,2298,1,0
341995810739,1471,3522,44,753,748,1552,2299,1,0
341995844230,354,5472,44,367,749,1552,2300,1,0
341995877128,165,4523,202,19997,750,1552,2301,1,0
341995910780,214,3819,109,9447,751,1552,2302,1,0
341995944253,196,3936,73,3961,752,1552,2303,1,0
341995977688,170,5229,111,475,753,1552,2304,1,0
341996010775,177,4276,73,3741,754,1552,2305,1,0
341996044169,198,3737,31,408,755,1552,2306,1,0
341996077302,177,4203,198,19711,756,1552,2307,1,0
341996110617,195,4022,143,13687,757,1552,2308,1,0
341996144075,204,4042,47,762,758,1552,2309,1,0
341996177890,191,4511,66,3794,759,1552,2310,1,0
341996211205,164,4308,31,284,760,1552,2311,1,0
341996244089,206,3702,31,329,761,1552,2312,1,0
341996277120,171,4295,212,19138,762,1552,2313,1,0
341996310643,463,3788,66,3651,763,1552,2314,1,0
341996344054,257,3961,78,4151,764,1552,2315,1,0
341996377466,159,4592,65,3661,765,1552,2316,1,0
341996411159,216,4299,114,9280,766,1552,2317,1,0
341996443785,161,3997,32,553,767,1552,2318,1,0
341996477220,148,4440,199,19275,768,1552,2319,1,0
341996510411,192,4142,76,3800,769,1552,2320,1,0
341996544268,269,3894,120,9403,770,1552,2321,1,0
341996577520,175,4687,39,1063,771,1552,2322,1,0
341996610664,198,4667,78,4151,772,1552,2323,1,0
341996644731,176,4178,33,361,773,1552,2324,1,0
341996677387,186,3879,33,193,774,1552,2325,1,0
341996710934,200,3885,177,16455,775,1552,2326,1,0
341996743920,175,4189,79,3827,776,1552,2327,1,0
341996777534,187,3956,33,449,777,1552,2328,1,0
341996810800,165,5198,150,13404,778,1552,2329,1,0
341996843904,197,4459,39,678,779,1552,2330,1,0
341996877304,169,3829,38,408,780,1552,2331,1,0
341996910970,200,3995,347,17082,781,1552,2332,1,0
341996943918,173,4021,62,3667,782,1552,2333,1,0
341996977376,167,4003,30,461,783,1552,2334,1,0
341997011047,173,4613,125,3657,784,1552,2335,1,0
341997044158,170,4750,108,9179,785,1552,2336,1,0
341997077825,228,4122,39,371,786,1552,2337,1,0
341997110567,237,3937,39,193,787,1552,2338,1,0
341997144351,184,4160,197,19237,788,1552,2339,1,0
341997177217,150,6268,53,2567,789,1552,2340,1,0
341997210557,171,4869,60,3430,790,1552,2341,1,0
341997244479,149,5117,142,13386,791,1552,2342,1,0
341997277082,194,4721,41,375,792,1552,2343,1,0
341997310644,225,3918,39,211,793,1552,2344,1,0
341997344062,251,5099,272,16531,794,1552,2345,1,0
341997377584,195,4668,67,4720,795,1552,2346,1,0
341997411005,188,3781,115,8978,796,1552,2347,1,0
341997444187,192,5034,85,4026,797,1552,2348,1,0
341997477539,188,4680,40,433,798,1552,2349,1,0
341997510837,217,4260,35,220,799,1552,2350,1,0
341997544365,174,4090,174,17161,800,1552,2351,1,0
341997577404,177,3956,60,3697,801,1552,2352,1,0
341997610927,194,4091,161,13728,802,1552,2353,1,0
341997644162,208,5041,40,839,803,1552,2354,1,0
341997677254,231,4388,37,438,804,1552,2355,1,0
341997710957,179,3896,35,213,805,1552,2356,1,0
341997744281,165,4129,215,19865,806,1552,2357,1,0
341997777288,140,6350,58,3528,807,1552,2358,1,0
341997810536,187,5901,112,9387,808,1552,2359,1,0
341997844071,208,4983,77,4432,809,1552,2360,1,0
341997877518,237,4354,48,357,810,1552,2361,1,0
341997910944,192,4008,39,193,811,1552,2362,1,0
341997944123,192,3879,201,19726,812,1552,2363,1,0
341997977389,152,5846,62,3534,813,1552,2364,1,0
341998010757,154,4970,64,3664,814,1552,2365,1,0
341998044436,160,5314,74,3691,815,1552,2366,1,0
341998077339,254,4343,39,385,816,1552,2367,1,0
341998110746,220,3688,40,193,817,1552,2368,1,0
341998144349,177,4022,420,19146,818,1552,2369,1,0
341998177491,245,4492,61,3658,819,1552,2370,1,0
341998210850,195,3939,36,435,820,1552,2371,1,0
341998243796,158,4924,64,3566,821,1552,2372,1,0
341998277354,242,4885,34,365,822,1552,2373,1,0
341998311038,168,4088,31,193,823,1552,2374,1,0
341998344122,305,4609,39,193,824,1552,2375,1,0
341998377474,180,3930,193,19977,825,1552,2376,1,0
341998410404,160,4209,112,9418,826,1552,2377,1,0
341998444355,156,3965,65,3961,827,1552,2378,1,0
341998477320,149,4778,30,504,828,1552,2379,1,0
341998510849,161,4965,67,3741,829,1552,2380,1,0
341998543853,200,4108,112,9397,830,1552,2381,1,0
341998577455,191,3782,28,368,831,1552,2382,1,0
341998610565,180,4001,208,19884,832,1552,2383,1,0
341998644357,173,3882,33,718,833,1552,2384,1,0
341998677199,163,4026,61,3532,834,1552,2385,1,0
341998710886,157,5101,30,406,835,1552,2386,1,0
341998743979,156,4417,35,397,836,1552,2387,1,0
341998777455,176,3918,27,193,837,1552,2388,1,0
341998810785,389,3654,203,19894,838,1552,2389,1,0
341998844357,261,4679,76,4450,839,1552,2390,1,0
341998877055,155,4051,64,3919,840,1552,2391,1,0
341998910454,145,5042,108,9200,841,1552,2392,1,0
341998944103,185,5000,63,3873,842,1552,2393,1,0
341998977136,159,4823,37,404,843,1552,2394,1,0
341999010847,162,3836,201,20103,844,1552,2395,1,0
341999043883,168,4222,107,9492,845,1552,2396,1,0
341999077086,185,4214,45,1168,846,1552,2397,1,0
341999111005,183,4648,80,4148,847,1552,2398,1,0
341999143807,166,4938,36,491,848,1552,2399,1,0
341999177762,164,4268,72,3692,849,1552,2400,1,0
341999210759,186,3998,31,400,850,1552,2401,1,0
341999244296,180,4073,198,19893,851,1552,2402,1,0
341999277694,179,4036,42,737,852,1552,2403,1,0
341999311341,376,3803,153,13457,853,1552,2404,1,0
341999343991,267,4071,47,917,854,1552,2405,1,0
341999377523,238,4166,35,396,855,1552,2406,1,0
341999410601,169,3890,179,17096,856,1552,2407,1,0
341999444167,163,3817,62,3656,857,1552,2408,1,0
341999477629,163,4056,33,451,858,1552,2409,1,0
341999510950,371,4452,72,3646,859,1552,2410,1,0
341999544325,170,4981,138,9176,860,1552,2411,1,0
341999577081,172,4692,36,376,861,1552,2412,1,0
341999610692,197,3929,40,193,862,1552,2413,1,0
341999644175,155,3838,192,19232,863,1552,2414,1,0
341999677267,157,4512,63,3677,864,1552,2415,1,0
341999710687,197,3940,32,424,865,1552,2416,1,0
341999744291,164,4825,68,3584,866,1552,2417,1,0
341999777327,173,4553,56,3210,867,1552,2418,1,0
341999810687,200,4363,36,382,868,1552,2419,1,0
341999844583,194,4816,179,16484,869,1552,2420,1,0
341999877394,215,4028,71,4857,870,1552,2421,1,0
341999910850,154,4063,107,8947,871,1552,2422,1,0
341999944237,147,5346,62,3979,872,1552,2423,1,0
341999977277,144,4547,33,513,873,1552,2424,1,0
342000010749,229,4012,228,13345,874,1552,2425,1,0
342000044205,196,3870,154,14393,875,1552,2426,1,0
342000077812,182,4022,35,794,876,1552,2427,1,0
342000110943,259,4675,74,3859,877,1552,2428,1,0
342000143930,159,4954,32,460,878,1552,2429,1,0
342000177373,177,3982,35,411,879,1552,2430,1,0
342000210954,189,3784,169,16403,880,1552,2431,1,0
342000244296,153,4091,61,3784,881,1552,2432,1,0
342000277870,228,4736,55,466,882,1552,2433,1,0
342000310738,235,4082,144,13405,883,1552,2434,1,0
342000344253,227,4154,36,385,884,1552,2435,1,0
342000377384,153,4388,227,19988,885,1552,2436,1,0
342000410809,203,3845,115,9472,886,1552,2437,1,0
342000444690,175,4331,69,3994,887,1552,2438,1,0
342000477541,193,4490,30,349,888,1552,2439,1,0
342000510605,253,4486,35,314,889,1552,2440,1,0
342000543875,159,4352,36,199,890,1552,2441,1,0
342000577633,175,4121,200,19768,891,1552,2442,1,0
342000610822,191,3871,146,13653,892,1552,2443,1,0
342000644050,210,3878,38,762,893,1552,2444,1,0
342000677492,161,3979,66,3699,894,1552,2445,1,0
342000710914,154,5134,94,7603,895,1552,2446,1,0
342000743966,157,4230,64,3511,896,1552,2447,1,0
342000777481,161,3877,29,296,897,1552,2448,1,0
342000811322,158,4326,210,19912,898,1552,2449,1,0
342000844047,247,4958,112,4446,899,1552,2450,1,0
342000877346,193,4516,69,3918,900,1552,2451,1,0
342000910761,154,4234,110,9295,901,1552,2452,1,0
342000944294,161,3834,34,564,902,1552,2453,1,0
342000978319,289,4165,201,19276,903,1552,2454,1,0
342001010565,229,3786,61,3810,904,1552,2455,1,0
342001043846,176,4641,115,9422,905,1552,2456,1,0
342001077564,197,5180,41,1065,906,1552,2457,1,0
342001110701,184,4044,73,4152,907,1552,2458,1,0
342001144406,158,4373,31,368,908,1552,2459,1,0
342001177292,147,3842,196,19964,909,1552,2460,1,0
342001210771,161,3890,33,675,910,1552,2461,1,0
342001244415,162,4215,66,3563,911,1552,2462,1,0
342001277552,165,4675,33,466,912,1552,2463,1,0
342001310599,252,7523,209,13363,913,1552,2464,1,0
342001344079,318,5590,39,363,914,1552,2465,1,0
342001377847,199,4575,38,193,915,1552,2466,1,0
342001410786,177,3996,177,17025,916,1552,2467,1,0
342001443948,238,3836,64,3663,917,1552,2468,1,0
342001477684,174,4366,33,442,918,1552,2469,1,0
342001510578,156,4556,65,3649,919,1552,2470,1,0
342001544024,312,7808,124,9182,920,1552,2471,1,0
342001577255,215,13881,66,1023,921,1552,2472,1,0
342001610719,210,6636,74,4317,922,1552,2473,1,0
342001644321,205,3362,258,369,923,1552,2474,1,0
342001677223,189,3267,207,19909,924,1552,2475,1,0
342001710492,181,5168,48,685,925,1552,2476,1,0
342001744238,720,3297,124,3588,926,1552,2477,1,0
342001777214,194,2867,39,464,927,1552,2478,1,0
342001810583,190,5866,152,13419,928,1552,2479,1,0
342001843920,193,3332,44,1018,929,1552,2480,1,0
342001877561,200,4273,68,3170,930,1552,2481,1,0
342001910839,175,4828,246,20256,931,1552,2482,1,0
342001943819,162,3270,65,4081,932,1552,2483,1,0
342001977615,2101,3271,47,518,933,1552,2484,1,0
342002011132,199,4838,79,3849,934,1552,2485,1,0
342002043960,191,3575,118,9334,935,1552,2486,1,0
342002077311,189,4205,45,1018,936,1552,2487,1,0
342002110658,194,5369,76,4223,937,1552,2488,1,0
342002143843,174,3199,41,493,938,1552,2489,1,0
342002177666,187,3313,72,3731,939,1552,2490,1,0
342002210805,169,4916,38,433,940,1552,2491,1,0
342002243926,194,3209,107,3690,941,1552,2492,1,0
342002277373,183,3019,33,444,942,1552,2493,1,0
342002310636,170,5596,153,13464,943,1552,2494,1,0
342002344099,196,3334,51,1261,944,1552,2495,1,0
342002377596,192,4026,46,669,945,1552,2496,1,0
342002410993,194,4683,205,17062,946,1552,2497,1,0
342002443834,197,3250,77,3617,947,1552,2498,1,0
342002477636,227,3312,38,468,948,1552,2499,1,0
342002510561,164,5651,66,3658,949,1552,2500,1,0
342002544584,234,3873,110,9161,950,1552,2501,1,0
342002577582,189,4157,46,1078,951,1552,2502,1,0
342002610377,239,5975,67,433,952,1552,2503,1,0
342002644196,259,3269,206,19134,953,1552,2504,1,0
342002677303,204,3184,67,3691,954,1552,2505,1,0
342002710621,190,5633,34,445,955,1552,2506,1,0
342002744331,180,3122,67,3614,956,1552,2507,1,0
342002777632,179,3844,31,452,957,1552,2508,1,0
342002810848,184,4488,151,13498,958,1552,2509,1,0
342002844134,234,3150,45,596,959,1552,2510,1,0
342002877208,190,3228,164,15570,960,1552,2511,1,0
342002910455,167,5302,113,9563,961,1552,2512,1,0
342002944066,159,3322,66,3985,962,1552,2513,1,0
342002977482,174,3041,32,514,963,1552,2514,1,0
342003010520,170,5786,74,3838,964,1552,2515,1,0
342003044020,158,3122,108,9389,965,1552,2516,1,0
342003077109,193,3289,39,375,966,1552,2517,1,0
342003110734,186,5107,226,19829,967,1552,2518,1,0
342003143955,170,3198,33,735,968,1552,2519,1,0
342003177434,170,3318,67,3555,969,1552,2520,1,0
342003210884,157,5376,29,429,970,1552,2521,1,0
342003244009,165,3593,66,3568,971,1552,2522,1,0
342003277340,181,4058,59,3143,972,1552,2523,1,0
342003311094,186,4999,40,383,973,1552,2524,1,0
342003344360,204,3394,203,18941,974,1552,2525,1,0
342003377240,167,3211,64,3752,975,1552,2526,1,0
342003411464,258,4223,120,9364,976,1552,2527,1,0
342003444025,184,3889,67,3950,977,1552,2528,1,0
342003477468,163,5386,34,485,978,1552,2529,1,0
342003510566,198,4570,66,3770,979,1552,2530,1,0
342003544362,245,4023,42,420,980,1552,2531,1,0
342003577559,169,4080,197,19614,981,1552,2532,1,0
342003610790,265,4005,143,13696,982,1552,2533,1,0
342003643863,182,3971,36,939,983,1552,2534,1,0
342003677351,157,3981,64,3804,984,1552,2535,1,0
342003717300,367,5477,69,434,985,1552,2536,1,0
342003747791,820,7875,140,3794,986,1552,2537,1,0
342003777458,398,11300,138,3687,987,1552,2538,1,0
342003818601,494,17279,209,9316,988,1552,2539,1,0
342003850291,416,6737,61,383,989,1552,2540,1,0
342003877420,174,3872,199,19955,990,1552,2541,1,0
342003910864,194,4025,121,9497,991,1552,2542,1,0
342003943858,328,3788,87,3966,992,1552,2543,1,0
342003977254,187,4673,37,511,993,1552,2544,1,0
342004010971,165,4870,62,3789,994,1552,2545,1,0
342004043886,185,4042,30,431,995,1552,2546,1,0
342004077349,163,3794,31,209,996,1552,2547,1,0
342004110657,178,4032,204,19800,997,1552,2548,1,0
342004144185,201,3925,42,717,998,1552,2549,1,0
342004177487,187,3978,69,3559,999,1552,2550,1,0
342004210545,156,4613,32,421,1000,1552,2551,1,0
342004244184,163,4129,62,3558,1001,1552,2552,1,0
342004277093,146,3762,29,353,1002,1552,2553,1,0
342004310672,165,4020,209,19785,1003,1552,2554,1,0
342004344610,205,4201,41,684,1004,1552,2555,1,0
342004377577,228,5492,68,3850,1005,1552,2556,1,0
342004410799,160,4937,31,475,1006,1552,2557,1,0
342004444127,170,4980,150,13367,1007,1552,2558,1,0
342004477181,213,4358,32,372,1008,1552,2559,1,0
342004510447,177,3734,35,202,1009,1552,2560,1,0
342004544118,222,4216,242,16951,1010,1552,2561,1,0
342004577647,184,4021,64,3673,1011,1552,2562,1,0
342004610977,318,3943,150,13670,1012,1552,2563,1,0
342004644449,432,4066,43,819,1013,1552,2564,1,0
342004677271,187,5187,70,3860,1014,1552,2565,1,0
342004710562,196,4289,31,417,1015,1552,2566,1,0
342004743874,244,3730,40,205,1016,1552,2567,1,0
342004777180,213,3864,205,19084,1017,1552,2568,1,0
342004810654,173,3932,60,3657,1018,1552,2569,1,0
342004843995,186,4842,74,3936,1019,1552,2570,1,0
342004877492,187,5345,67,4107,1020,1552,2571,1,0
342004910942,178,4600,111,9317,1021,1552,2572,1,0
342004943645,211,4360,36,564,1022,1552,2573,1,0
342004977098,203,3811,74,232,1023,1552,2574,1,0
342005010779,150,3840,205,20132,1024,1552,2575,1,0
342005044352,176,4065,113,9554,1025,1552,2576,1,0
342005077333,167,4291,44,1160,1026,1552,2577,1,0
342005110929,195,4381,92,4115,1027,1552,2578,1,0
342005143980,179,4580,35,523,1028,1552,2579,1,0
342005176944,214,5853,57,2639,1029,1552,2580,1,0
342005210837,153,5325,28,448,1030,1552,2581,1,0
342005243988,162,4057,195,19844,1031,1552,2582,1,0
342005277494,155,3930,33,746,1032,1552,2583,1,0
342005310510,291,3818,144,13577,1033,1552,2584,1,0
342005344227,1396,4780,43,684,1034,1552,2585,1,0
342005377441,165,4672,65,3868,1035,1552,2586,1,0
342005410628,159,3937,30,379,1036,1552,2587,1,0
342005444115,155,4167,195,19650,1037,1552,2588,1,0
342005477178,129,6498,60,3547,1038,1552,2589,1,0
342005510666,152,5967,64,3697,1039,1552,2590,1,0
342005544113,154,4752,62,3711,1040,1552,2591,1,0
342005577147,264,3722,29,407,1041,1552,2592,1,0
342005610578,188,4156,229,19859,1042,1552,2593,1,0
342005643882,342,6044,65,704,1043,1552,2594,1,0
342005677583,186,4387,69,3568,1044,1552,2595,1,0
342005710936,153,4554,31,436,1045,1552,2596,1,0
342005743993,160,4473,67,3582,1046,1552,2597,1,0
342005777206,173,4330,31,367,1047,1552,2598,1,0
342005810557,495,3954,195,19875,1048,1552,2599,1,0
342005844660,231,3910,76,4471,1049,1552,2600,1,0
342005877262,192,5934,147,13422,1050,1552,2601,1,0
342005910480,156,5046,55,718,1051,1552,2602,1,0
342005944144,186,5178,176,13066,1052,1552,2603,1,0
342005977502,165,4946,33,606,1053,1552,2604,1,0
342006010359,243,4326,31,377,1054,1552,2605,1,0
342006044146,168,3695,34,201,1055,1552,2606,1,0
342006077403,172,3992,215,19681,1056,1552,2607,1,0
342006110960,205,3934,149,13721,1057,1552,2608,1,0
342006143968,160,3910,35,708,1058,1552,2609,1,0
342006177195,183,4609,72,3794,1059,1552,2610,1,0
342006210494,169,4639,28,436,1060,1552,2611,1,0
342006243596,225,4129,67,3550,1061,1552,2612,1,0
342006277125,193,3725,33,303,1062,1552,2613,1,0
342006310695,184,4045,216,19954,1063,1552,2614,1,0
342006344129,232,4656,74,4447,1064,1552,2615,1,0
342006389915,3072,5838,110,4131,1065,1552,2616,1,0
342006410896,172,4911,118,10131,1066,1552,2617,1,0
342006443989,212,4684,77,3858,1067,1552,2618,1,0
342006477422,192,4123,33,605,1068,1552,2619,1,0
342006510967,191,4426,33,686,1069,1552,2620,1,0
342006543909,190,3911,178,18033,1070,1552,2621,1,0
342006580877,4016,5407,106,2181,1071,1552,2622,1,0
342006611315,266,4469,79,4223,1072,1552,2623,1,0
342006644032,219,5006,38,402,1073,1552,2624,1,0
342006677452,167,4035,34,389,1074,1552,2625,1,0
342006710379,181,3722,37,179,1075,1552,2626,1,0
342006743939,180,3999,215,19749,1076,1552,2627,1,0
342006777446,183,3979,34,704,1077,1552,2628,1,0
342006810902,155,3977,63,3534,1078,1552,2629,1,0
342006843937,9394,12201,130,3869,1079,1552,2630,1,0
342006877712,191,4797,70,3895,1080,1552,2631,1,0
342006910597,167,4735,114,9343,1081,1552,2632,1,0
342006943807,179,4263,88,548,1082,1552,2633,1,0
342006977376,178,3775,32,208,1083,1552,2634,1,0
342007010775,159,3075,200,20065,1084,1552,2635,1,0
342007044213,184,3302,117,9560,1085,1552,2636,1,0
342007077086,182,2999,44,1140,1086,1552,2637,1,0
342007111240,191,3018,73,4123,1087,1552,2638,1,0
342007144549,162,3763,39,475,1088,1552,2639,1,0
342007177404,281,3177,44,455,1089,1552,2640,1,0
342007210907,156,4482,177,16401,1090,1552,2641,1,0
342007244179,174,3293,66,3756,1091,1552,2642,1,0
342007277466,196,3220,36,440,1092,1552,2643,1,0
342007310390,174,3924,159,13390,1093,1552,2644,1,0
342007344528,191,3942,42,671,1094,1552,2645,1,0
342007377271,180,3054,70,3868,1095,1552,2646,1,0
342007410433,193,5031,170,16479,1096,1552,2647,1,0
342007444408,183,3269,69,3998,1097,1552,2648,1,0
342007477498,318,3128,35,476,1098,1552,2649,1,0
342007510415,177,5814,84,3828,1099,1552,2650,1,0
342007543940,191,3567,113,9456,1100,1552,2651,1,0
342007577293,201,3519,44,919,1101,1552,2652,1,0
342007610445,241,5702,178,3578,1102,1552,2653,1,0
342007643609,207,3226,37,272,1103,1552,2654,1,0
342007677737,241,3419,201,19736,1104,1552,2655,1,0
342007710658,169,5368,37,725,1105,1552,2656,1,0
342007744410,381,3313,72,3554,1106,1552,2657,1,0
342007777620,166,3959,31,425,1107,1552,2658,1,0
342007810344,156,4785,145,13364,1108,1552,2659,1,0
342007843859,350,3630,655,482,1109,1552,2660,1,0
342007877013,202,3258,202,17638,1110,1552,2661,1,0
342007910494,174,3252,113,9518,1111,1552,2662,1,0
342007943876,156,3045,64,4014,1112,1552,2663,1,0
342007977359,184,3009,31,475,1113,1552,2664,1,0
342008011016,150,3023,62,3781,1114,1552,2665,1,0
342008044543,603,3659,317,9359,1115,1552,2666,1,0
342008077335,183,3400,38,805,1116,1552,2667,1,0
342008110505,212,5310,85,378,1117,1552,2668,1,0
342008144325,167,3394,199,19079,1118,1552,2669,1,0
342008177518,159,3243,62,3660,1119,1552,2670,1,0
342008210618,147,2914,32,418,1120,1552,2671,1,0
342008244778,192,3186,125,3645,1121,1552,2672,1,0
342008277666,166,3748,32,402,1122,1552,2673,1,0
342008311675,331,3298,153,13431,1123,1552,2674,1,0
342008344468,198,3249,40,347,1124,1552,2675,1,0
342008377382,168,3423,198,19878,1125,1552,2676,1,0
342008410920,164,5090,114,9488,1126,1552,2677,1,0
342008444218,182,3015,71,3983,1127,1552,2678,1,0
342008478113,170,3152,32,478,1128,1552,2679,1,0
342008510812,164,3686,67,3735,1129,1552,2680,1,0
342008544288,156,3242,32,381,1130,1552,2681,1,0
342008577562,165,3296,200,19578,1131,1552,2682,1,0
342008610623,233,5275,152,13662,1132,1552,2683,1,0
342008643699,169,3161,37,714,1133,1552,2684,1,0
342008677059,234,2940,91,3767,1134,1552,2685,1,0
342008710876,273,3464,31,398,1135,1552,2686,1,0
342008744446,217,3668,69,3698,1136,1552,2687,1,0
342008777328,165,3219,32,422,1137,1552,2688,1,0
342008810583,158,4018,206,19825,1138,1552,2689,1,0
342008844073,221,4454,41,669,1139,1552,2690,1,0
342008877256,176,5830,71,3788,1140,1552,2691,1,0
342008910996,188,4975,33,422,1141,1552,2692,1,0
342008943874,184,5182,152,13329,1142,1552,2693,1,0
342008977536,167,4100,32,559,1143,1552,2694,1,0
342009010535,165,3676,29,304,1144,1552,2695,1,0
342009043863,153,3896,171,16938,1145,1552,2696,1,0
342009077516,166,4552,61,3645,1146,1552,2697,1,0
342009110533,186,3969,150,13683,1147,1552,2698,1,0
342009144512,191,4330,37,801,1148,1552,2699,1,0
342009177142,152,4744,66,3814,1149,1552,2700,1,0
342009210287,198,4251,89,385,1150,1552,2701,1,0
342009243789,155,4012,27,171,1151,1552,2702,1,0
342009277447,147,4061,191,18969,1152,1552,2703,1,0
342009310771,255,3834,62,3686,1153,1552,2704,1,0
342009343822,250,4028,40,360,1154,1552,2705,1,0
342009377643,164,5490,203,19868,1155,1552,2706,1,0
342009410636,351,4972,115,9401,1156,1552,2707,1,0
342009444025,175,3789,34,559,1157,1552,2708,1,0
342009477770,154,4400,196,19185,1158,1552,2709,1,0
342009510450,159,4008,62,3783,1159,1552,2710,1,0
342009543940,172,3816,123,9349,1160,1552,2711,1,0
342009577951,169,4129,43,970,1161,1552,2712,1,0
342009610621,185,4955,73,4082,1162,1552,2713,1,0
342009643885,252,4206,39,337,1163,1552,2714,1,0
342009677302,173,3854,30,171,1164,1552,2715,1,0
342009710655,152,3981,169,16346,1165,1552,2716,1,0
342009744305,163,4088,64,3778,1166,1552,2717,1,0
342009777362,162,4066,36,429,1167,1552,2718,1,0
342009810707,252,4998,154,13386,1168,1552,2719,1,0
342009844019,202,5011,72,3585,1169,1552,2720,1,0
342009877435,293,4248,80,4887,1170,1552,2721,1,0
342009910427,188,3977,108,9092,1171,1552,2722,1,0
342009943903,265,3715,90,3946,1172,1552,2723,1,0
342009977782,165,4305,39,514,1173,1552,2724,1,0
342010010887,154,5155,65,3835,1174,1552,2725,1,0
342010043945,215,4094,29,390,1175,1552,2726,1,0
342010077250,178,3821,33,175,1176,1552,2727,1,0
342010110803,189,4233,235,18917,1177,1552,2728,1,0
342010143839,175,3934,140,13473,1178,1552,2729,1,0
342010177244,154,3889,66,3634,1179,1552,2730,1,0
342010211364,160,4333,31,389,1180,1552,2731,1,0
342010243912,174,4790,63,3666,1181,1552,2732,1,0
342010277366,220,4079,35,343,1182,1552,2733,1,0
342010310867,180,3703,32,171,1183,1552,2734,1,0
342010343853,202,3925,199,18965,1184,1552,2735,1,0
342010377272,152,4688,63,3729,1185,1552,2736,1,0
342010410569,157,3935,113,9355,1186,1552,2737,1,0
342010444308,184,4664,61,3912,1187,1552,2738,1,0
342010477250,192,5012,37,457,1188,1552,2739,1,0
342010510757,197,4105,31,345,1189,1552,2740,1,0
342010543688,149,4089,173,16894,1190,1552,2741,1,0
342010577295,154,3931,62,3621,1191,1552,2742,1,0
342010611041,261,4576,160,13620,1192,1552,2743,1,0
342010643828,183,3854,47,794,1193,1552,2744,1,0
342010677166,232,4823,86,3811,1194,1552,2745,1,0
342010710332,157,4644,31,400,1195,1552,2746,1,0
342010743727,241,4242,33,384,1196,1552,2747,1,0
342010777072,169,3815,34,174,1197,1552,2748,1,0
342010810678,222,5226,325,16944,1198,1552,2749,1,0
342010843933,267,4396,77,3624,1199,1552,2750,1,0
342010877046,176,4057,66,3625,1200,1552,2751,1,0
342010910591,180,5171,127,9318,1201,1552,2752,1,0
342010944192,156,4871,62,3780,1202,1552,2753,1,0
342010977107,191,4156,28,404,1203,1552,2754,1,0
342011010804,190,3675,37,174,1204,1552,2755,1,0
342011044095,190,4229,254,16987,1205,1552,2756,1,0
342011077650,183,3948,69,3657,1206,1552,2757,1,0
342011110535,182,3971,151,13675,1207,1552,2758,1,0
342011144021,159,3943,35,782,1208,1552,2759,1,0
342011177294,160,5186,66,3840,1209,1552,2760,1,0
342011210701,154,5003,29,402,1210,1552,2761,1,0
342011243700,215,3995,72,3723,1211,1552,2762,1,0
342011277215,165,3999,34,440,1212,1552,2763,1,0
342011310759,141,4653,52,2448,1213,1552,2764,1,0
342011344155,208,4621,70,3470,1214,1552,2765,1,0
342011377225,164,4254,64,3648,1215,1552,2766,1,0
342011410826,162,5031,111,9393,1216,1552,2767,1,0
342011443725,177,4255,29,526,1217,1552,2768,1,0
342011477205,165,3629,32,196,1218,1552,2769,1,0
342011510675,150,3933,198,20007,1219,1552,2770,1,0
342011543805,149,4122,111,9497,1220,1552,2771,1,0
342011577436,166,4381,40,1024,1221,1552,2772,1,0
342011610560,175,6114,80,3948,1222,1552,2773,1,0
342011643780,176,6449,63,4038,1223,1552,2774,1,0
342011677006,197,4136,30,402,1224,1552,2775,1,0
342011710546,201,3799,32,174,1225,1552,2776,1,0
342011744101,155,4181,197,19764,1226,1552,2777,1,0
342011779005,1357,4501,51,699,1227,1552,2778,1,0
342011810497,216,3876,70,3537,1228,1552,2779,1,0
342011844472,191,4409,72,3870,1229,1552,2780,1,0
342011877163,154,5029,66,3910,1230,1552,2781,1,0
342011910568,174,4254,30,381,1231,1552,2782,1,0
342011944228,177,4558,205,19648,1232,1552,2783,1,0
342011977270,151,3997,31,691,1233,1552,2784,1,0
342012010882,166,4457,62,3648,1234,1552,2785,1,0
342012043664,188,3873,112,9277,1235,1552,2786,1,0
342012077136,173,4698,37,1070,1236,1552,2787,1,0
342012110643,189,4529,74,4115,1237,1552,2788,1,0
342012144070,169,4174,31,423,1238,1552,2789,1,0
342012177628,179,4586,35,377,1239,1552,2790,1,0
342012210882,169,4188,175,16396,1240,1552,2791,1,0
342012244261,171,4069,67,3757,1241,1552,2792,1,0
342012276893,190,3886,54,429,1242,1552,2793,1,0
342012311105,185,4280,156,13370,1243,1552,2794,1,0
342012343678,1260,5280,47,673,1244,1552,2795,1,0
342012377281,175,4125,47,378,1245,1552,2796,1,0
342012410627,157,3711,32,174,1246,1552,2797,1,0
342012443648,187,4067,225,19656,1247,1552,2798,1,0
342012477361,189,4296,39,707,1248,1552,2799,1,0
342012510559,156,3874,63,3657,1249,1552,2800,1,0
342012544101,188,4560,123,9280,1250,1552,2801,1,0
342012577369,168,4996,40,1107,1251,1552,2802,1,0
342012610897,199,4439,46,352,1252,1552,2803,1,0
342012643828,201,3990,165,15506,1253,1552,2804,1,0
342012677205,202,3925,94,7063,1254,1552,2805,1,0
342012710872,374,5336,74,3767,1255,1552,2806,1,0
342012744066,181,4916,34,411,1256,1552,2807,1,0
342012777606,171,4955,149,13306,1257,1552,2808,1,0
342012810457,167,4287,163,12919,1258,1552,2809,1,0
342012843624,187,3721,30,345,1259,1552,2810,1,0
342012877326,163,4408,220,19880,1260,1552,2811,1,0
342012910856,149,4191,112,9458,1261,1552,2812,1,0
342012944194,186,3906,67,3956,1262,1552,2813,1,0
342012977254,229,4873,33,474,1263,1552,2814,1,0
342013010552,153,4492,63,3722,1264,1552,2815,1,0
342013043576,227,3700,27,392,1265,1552,2816,1,0
342013077101,160,4113,352,19553,1266,1552,2817,1,0
342013110379,189,3899,150,13634,1267,1552,2818,1,0
342013144060,162,4095,36,722,1268,1552,2819,1,0
342013176992,178,4012,69,3758,1269,1552,2820,1,0
342013210705,186,5045,39,386,1270,1552,2821,1,0
342013243841,177,4172,64,3686,1271,1552,2822,1,0
342013277820,167,4176,33,354,1272,1552,2823,1,0
342013310420,148,4115,226,19854,1273,1552,2824,1,0
342013343974,199,4470,43,676,1274,1552,2825,1,0
342013377033,157,3935,65,4158,1275,1552,2826,1,0
342013410481,256,4577,115,8788,1276,1552,2827,1,0
342013444231,176,5084,63,4022,1277,1552,2828,1,0
342013477234,166,4993,33,507,1278,1552,2829,1,0
342013510819,168,4514,32,360,1279,1552,2830,1,0
342013543792,153,4226,174,16936,1280,1552,2831,1,0
342013577028,170,4141,62,3648,1281,1552,2832,1,0
342013610613,188,4020,154,13633,1282,1552,2833,1,0
342013644587,180,4302,33,784,1283,1552,2834,1,0
342013676919,327,4878,65,3815,1284,1552,2835,1,0
342013710732,184,4857,40,401,1285,1552,2836,1,0
342013743791,228,4051,34,364,1286,1552,2837,1,0
342013777429,159,3983,205,19043,1287,1552,2838,1,0
342013810691,271,3790,63,3626,1288,1552,2839,1,0
342013843705,191,4467,64,3895,1289,1552,2840,1,0
342013877325,165,4449,65,3883,1290,1552,2841,1,0
342013910787,169,4917,121,9325,1291,1552,2842,1,0
342013943763,219,4117,32,529,1292,1552,2843,1,0
342013977038,166,4031,326,19166,1293,1552,2844,1,0
342014010739,163,4153,63,3782,1294,1552,2845,1,0
342014044099,155,4052,107,9339,1295,1552,2846,1,0
342014077300,165,3960,46,1072,1296,1552,2847,1,0
342014110833,304,4658,80,4089,1297,1552,2848,1,0
342014144037,182,4702,37,448,1298,1552,2849,1,0
342014177123,198,4260,72,3700,1299,1552,2850,1,0
342014211072,172,4500,37,381,1300,1552,2851,1,0
342014244129,192,4217,807,19748,1301,1552,2852,1,0
342014277106,157,3904,34,711,1302,1552,2853,1,0
342014310954,380,4004,71,3528,1303,1552,2854,1,0
342014344107,197,4130,74,4143,1304,1552,2855,1,0
342014377270,183,5095,71,3604,1305,1552,2856,1,0
342014410703,187,4521,112,9247,1306,1552,2857,1,0
342014443530,176,3943,157,10999,1307,1552,2858,1,0
342014477213,163,3965,33,496,1308,1552,2859,1,0
342014510839,168,3976,64,3739,1309,1552,2860,1,0
342014543717,162,3974,108,9354,1310,1552,2861,1,0
342014577490,156,4595,41,1114,1311,1552,2862,1,0
342014610819,178,5169,74,4210,1312,1552,2863,1,0
342014643975,163,4231,37,339,1313,1552,2864,1,0
342014677772,158,4446,197,19877,1314,1552,2865,1,0
342014710749,166,4202,34,665,1315,1552,2866,1,0
342014743596,159,3932,63,3581,1316,1552,2867,1,0
342014777236,200,3915,31,439,1317,1552,2868,1,0
342014811405,540,3838,145,13426,1318,1552,2869,1,0
342014843676,192,4671,54,1147,1319,1552,2870,1,0
342014876891,197,4315,33,386,1320,1552,2871,1,0
342014910996,151,4071,30,175,1321,1552,2872,1,0
342014943726,152,4024,198,19665,1322,1552,2873,1,0
342014977155,183,4045,34,711,1323,1552,2874,1,0
342015010451,156,5809,147,13398,1324,1552,2875,1,0
342015043879,181,4947,53,817,1325,1552,2876,1,0
342015077060,150,4949,55,3300,1326,1552,2877,1,0
342015110320,182,4067,63,3556,1327,1552,2878,1,0
342015143752,151,4267,30,329,1328,1552,2879,1,0
342015177580,173,5107,223,19779,1329,1552,2880,1,0
342015210434,175,3861,33,663,1330,1552,2881,1,0
342015243903,157,3984,65,3536,1331,1552,2882,1,0
342015277248,163,4180,34,436,1332,1552,2883,1,0
342015310405,156,5034,143,13362,1333,1552,2884,1,0
342015344235,181,4120,37,414,1334,1552,2885,1,0
342015377315,156,3797,34,225,1335,1552,2886,1,0
342015410674,198,4364,187,16936,1336,1552,2887,1,0
342015444335,159,3968,62,3652,1337,1552,2888,1,0
342015477429,169,4330,36,417,1338,1552,2889,1,0
342015510387,180,4946,71,3638,1339,1552,2890,1,0
342015543941,188,4624,109,9168,1340,1552,2891,1,0
342015577304,153,4324,33,383,1341,1552,2892,1,0
342015610320,176,4082,196,19020,1342,1552,2893,1,0
342015644171,1677,4361,159,13558,1343,1552,2894,1,0
342015677254,197,4007,78,3658,1344,1552,2895,1,0
342015712402,465,5315,461,426,1345,1552,2896,1,0
342015744029,181,4162,71,3693,1346,1552,2897,1,0
342015777515,219,4580,35,441,1347,1552,2898,1,0
342015810714,180,4843,147,13392,1348,1552,2899,1,0
342015844118,199,4881,38,355,1349,1552,2900,1,0
342015876974,161,4078,207,19837,1350,1552,2901,1,0
342015910763,172,3954,60,3510,1351,1552,2902,1,0
342015943891,158,3977,66,3475,1352,1552,2903,1,0
342015976918,211,4092,31,403,1353,1552,2904,1,0
342016010690,168,5200,79,3660,1354,1552,2905,1,0
342016044079,148,4167,103,9065,1355,1552,2906,1,0
342016077338,153,4228,142,11125,1356,1552,2907,1,0
342016110558,183,3955,38,752,1357,1552,2908,1,0
342016143696,152,4003,142,13732,1358,1552,2909,1,0
342016177525,158,3934,62,3802,1359,1552,2910,1,0
342016210777,165,4456,34,409,1360,1552,2911,1,0
342016244287,147,5074,64,3752,1361,1552,2912,1,0
342016277449,178,4282,31,340,1362,1552,2913,1,0
342016310991,276,5504,198,19881,1363,1552,2914,1,0
342016344200,179,4023,74,4674,1364,1552,2915,1,0
342016377129,205,3835,62,3640,1365,1552,2916,1,0
342016411203,848,4274,110,9268,1366,1552,2917,1,0
342016443519,188,4583,35,540,1367,1552,2918,1,0
342016477074,182,4535,250,19197,1368,1552,2919,1,0
342016510615,184,4191,63,3777,1369,1552,2920,1,0
342016543937,165,4183,113,9374,1370,1552,2921,1,0
342016577565,281,4377,36,1029,1371,1552,2922,1,0
342016610597,171,4935,73,4133,1372,1552,2923,1,0
342016643626,163,3664,33,355,1373,1552,2924,1,0
342016677108,191,3947,205,19866,1374,1552,2925,1,0
342016710334,173,4017,39,673,1375,1552,2926,1,0
342016744075,167,4881,65,3515,1376,1552,2927,1,0
342016777105,169,4771,30,445,1377,1552,2928,1,0
342016810647,202,4195,33,383,1378,1552,2929,1,0
342016844064,217,5022,299,16346,1379,1552,2930,1,0
342016877046,158,3987,67,4457,1380,1552,2931,1,0
342016910422,151,4324,104,8909,1381,1552,2932,1,0
342016943797,182,5104,89,3941,1382,1552,2933,1,0
342016977345,220,4144,43,403,1383,1552,2934,1,0
342017010648,191,4053,266,20061,1384,1552,2935,1,0
342017043812,170,4071,112,9524,1385,1552,2936,1,0
342017077147,168,4017,67,3961,1386,1552,2937,1,0
342017110691,270,4567,150,14061,1387,1552,2938,1,0
342017143604,148,4231,35,939,1388,1552,2939,1,0
342017177490,148,4547,85,3904,1389,1552,2940,1,0
342017210678,233,4840,38,390,1390,1552,2941,1,0
342017243846,192,3963,36,387,1391,1552,2942,1,0
342017277397,354,4318,33,179,1392,1552,2943,1,0
342017310487,150,4963,205,19944,1393,1552,2944,1,0
342017343720,187,3937,83,4938,1394,1552,2945,1,0
342017377264,153,4063,61,3653,1395,1552,2946,1,0
342017410185,168,4106,107,9197,1396,1552,2947,1,0
342017444599,159,4003,65,3839,1397,1552,2948,1,0
342017480520,253,3909,40,469,1398,1552,2949,1,0
342017510503,177,4176,34,392,1399,1552,2950,1,0
342017544270,149,4398,48,205,1400,1552,2951,1,0
342017577364,182,4433,231,19739,1401,1552,2952,1,0
342017610916,265,3900,145,13682,1402,1552,2953,1,0
342017643791,166,3959,37,817,1403,1552,2954,1,0
342017677633,704,4225,77,3784,1404,1552,2955,1,0
342017710582,192,4915,36,427,1405,1552,2956,1,0
342017743977,196,4011,41,417,1406,1552,2957,1,0
342017777347,166,4127,36,196,1407,1552,2958,1,0
342017810484,171,4137,263,19878,1408,1552,2959,1,0
342017844342,628,3640,45,702,1409,1552,2960,1,0
342017877019,178,3971,69,4198,1410,1552,2961,1,0
342017910870,160,4112,104,8838,1411,1552,2962,1,0
342017944077,154,5106,71,3945,1412,1552,2963,1,0
342017977154,208,4151,38,426,1413,1552,2964,1,0
342018010278,162,4559,212,19971,1414,1552,2965,1,0
342018044164,185,4021,118,9480,1415,1552,2966,1,0
342018077385,190,4216,66,3967,1416,1552,2967,1,0
342018110234,180,3925,151,14031,1417,1552,2968,1,0
342018144120,178,3913,43,951,1418,1552,2969,1,0
342018177457,182,5199,80,3881,1419,1552,2970,1,0
342018210274,171,3864,31,403,1420,1552,2971,1,0
342018244098,165,4591,65,3752,1421,1552,2972,1,0
342018277385,313,4170,58,440,1422,1552,2973,1,0
342018310474,156,3910,63,3612,1423,1552,2974,1,0
342018343644,194,4662,112,3973,1424,1552,2975,1,0
342018377262,173,4100,68,3970,1425,1552,2976,1,0
342018411031,181,5338,112,9380,1426,1552,2977,1,0
342018443691,201,4176,31,561,1427,1552,2978,1,0
342018477268,205,4128,39,214,1428,1552,2979,1,0
342018510675,181,4275,205,20040,1429,1552,2980,1,0
342018543616,257,4101,146,9513,1430,1552,2981,1,0
342018577130,223,3979,48,1095,1431,1552,2982,1,0
342018610872,245,4255,81,4075,1432,1552,2983,1,0
342018643720,183,4869,38,446,1433,1552,2984,1,0
342018677016,183,4154,44,376,1434,1552,2985,1,0
342018710540,217,4281,184,16380,1435,1552,2986,1,0
342018744024,202,3991,76,3759,1436,1552,2987,1,0
342018777690,404,4933,80,3786,1437,1552,2988,1,0
342018810404,264,4800,122,9315,1438,1552,2989,1,0
342018844049,210,4081,79,4419,1439,1552,2990,1,0
342018877286,250,4847,80,4172,1440,1552,2991,1,0
342018910471,226,4589,129,9552,1441,1552,2992,1,0
342018943705,203,4087,43,522,1442,1552,2993,1,0
342018976971,229,4186,116,203,1443,1552,2994,1,0
342019010851,233,4592,216,20052,1444,1552,2995,1,0
342019043940,404,3754,126,9495,1445,1552,2996,1,0
342019077383,195,4176,71,3904,1446,1552,2997,1,0
342019110294,186,3946,155,14025,1447,1552,2998,1,0
342019144059,155,4682,47,981,1448,1552,2999,1,0
342019177231,173,5115,71,3860,1449,1552,3000,1,0
342019210535,178,4690,38,385,1450,1552,3001,1,0
342019244619,181,4221,34,183,1451,1552,3002,1,0
342019277039,182,4661,192,19008,1452,1552,3003,1,0
342019310732,164,4259,63,3641,1453,1552,3004,1,0
342019344035,1159,3485,42,390,1454,1552,3005,1,0
342019377311,167,4059,200,19909,1455,1552,3006,1,0
342019410640,157,4986,110,9445,1456,1552,3007,1,0
342019443487,167,4242,35,575,1457,1552,3008,1,0
342019477381,149,4472,31,219,1458,1552,3009,1,0
342019511127,161,4059,356,20031,1459,1552,3010,1,0
342019544017,159,4141,109,9573,1460,1552,3011,1,0
342019576983,175,4598,64,1041,1461,1552,3012,1,0
342019610858,183,4713,88,4111,1462,1552,3013,1,0
342019643558,186,3771,33,350,1463,1552,3014,1,0
342019677181,178,4219,262,19888,1464,1552,3015,1,0
342019710687,172,3993,36,667,1465,1552,3016,1,0
342019743669,174,4224,64,3548,1466,1552,3017,1,0
342019777197,155,4446,33,434,1467,1552,3018,1,0
342019810560,192,4934,154,13323,1468,1552,3019,1,0
342019844518,278,7286,42,556,1469,1552,3020,1,0
342019876884,176,3814,39,311,1470,1552,3021,1,0
342019910188,201,3982,178,16995,1471,1552,3022,1,0
342019944300,165,4140,63,3635,1472,1552,3023,1,0
342019977493,155,4331,31,425,1473,1552,3024,1,0
342020010738,186,3937,68,3616,1474,1552,3025,1,0
342020044149,171,4933,107,9127,1475,1552,3026,1,0
342020076920,172,4114,34,359,1476,1552,3027,1,0
342020110906,180,4215,38,177,1477,1552,3028,1,0
342020143864,155,3994,214,19060,1478,1552,3029,1,0
342020177334,303,20256,83,3639,1479,1552,3030,1,0
342020210781,494,15705,38,429,1480,1552,3031,1,0
342020243781,168,15636,659,3581,1481,1552,3032,1,0
342020277026,263,15867,32,428,1482,1552,3033,1,0
342020310804,149,16419,229,13457,1483,1552,3034,1,0
342020344006,188,18804,47,956,1484,1552,3035,1,0
342020377325,159,10181,35,1093,1485,1552,3036,1,0
342020410671,203,1808,212,17647,1486,1552,3037,1,0
342020443539,170,1727,62,3653,1487,1552,3038,1,0
342020477135,160,1735,37,462,1488,1552,3039,1,0
342020510421,156,1749,72,3654,1489,1552,3040,1,0
342020544277,276,1647,128,9296,1490,1552,3041,1,0
342020577051,157,1640,40,1127,1491,1552,3042,1,0
342020610781,191,1741,44,359,1492,1552,3043,1,0
342020643764,156,1804,189,19174,1493,1552,3044,1,0
342020677371,154,1842,99,3664,1494,1552,3045,1,0
342020710601,168,1747,30,434,1495,1552,3046,1,0
342020743643,176,1638,65,3568,1496,1552,3047,1,0
342020776988,168,1684,32,417,1497,1552,3048,1,0
342020810386,183,1742,81,3459,1498,1552,3049,1,0
342020843741,257,1726,75,4114,1499,1552,3050,1,0
342020877057,162,1744,95,3613,1500,1552,3051,1,0
342020910384,231,1644,110,9315,1501,1552,3052,1,0
342020943752,181,1754,71,3881,1502,1552,3053,1,0
342020977447,173,1623,34,467,1503,1552,3054,1,0
342021010788,351,1737,45,354,1504,1552,3055,1,0
342021043613,217,1678,182,16959,1505,1552,3056,1,0
342021077317,168,1632,61,3627,1506,1552,3057,1,0
342021110754,185,1762,151,13673,1507,1552,3058,1,0
342021144068,167,1735,36,807,1508,1552,3059,1,0
342021177361,175,1640,72,3816,1509,1552,3060,1,0
342021210324,163,1734,32,408,1510,1552,3061,1,0
342021243955,213,1748,44,367,1511,1552,3062,1,0
342021277270,196,1799,218,19091,1512,1552,3063,1,0
342021310717,168,1741,65,3618,1513,1552,3064,1,0
342021343771,185,1794,75,4149,1514,1552,3065,1,0
342021377032,174,1614,62,3634,1515,1552,3066,1,0
342021410611,157,1844,114,9323,1516,1552,3067,1,0
342021444094,217,1623,68,3860,1517,1552,3068,1,0
342021477178,177,1748,39,392,1518,1552,3069,1,0
342021510778,160,1847,197,20043,1519,1552,3070,1,0
342021543740,160,1752,111,9461,1520,1552,3071,1,0
342021577031,151,1761,64,3999,1521,1552,3072,1,0
342021610900,195,1812,157,14038,1522,1552,3073,1,0
342021643950,162,1775,44,918,1523,1552,3074,1,0
342021677321,183,1627,63,3823,1524,1552,3075,1,0
342021710701,151,1738,32,374,1525,1552,3076,1,0
342021744030,159,1800,199,19807,1526,1552,3077,1,0
342021777091,168,1612,32,696,1527,1552,3078,1,0
342021812206,305,1629,79,3515,1528,1552,3079,1,0
342021843801,191,1713,67,3870,1529,1552,3080,1,0
342021877380,191,2063,66,3891,1530,1552,3081,1,0
342021910492,196,1774,108,9313,1531,1552,3082,1,0
342021943844,155,1742,32,502,1532,1552,3083,1,0
342021977189,151,1792,192,19156,1533,1552,3084,1,0
342022010681,170,1743,67,3780,1534,1552,3085,1,0
342022043764,157,1777,110,9303,1535,1552,3086,1,0
342022077281,171,1601,35,942,1536,1552,3087,1,0
342022110338,191,1623,72,3823,1537,1552,3088,1,0
342022143927,164,1749,30,315,1538,1552,3089,1,0
342022177361,153,1660,188,15351,1539,1552,3090,1,0
342022210277,181,2418,31,555,1540,1552,3091,1,0
342022243825,384,2525,76,3717,1541,1552,3092,1,0
342022276996,183,2392,36,414,1542,1552,3093,1,0
342022310373,163,2426,257,13452,1543,1552,3094,1,0
342022343964,180,2410,38,677,1544,1552,3095,1,0
342022377151,184,2514,37,340,1545,1552,3096,1,0
342022410488,167,2496,176,16952,1546,1552,3097,1,0
342022443630,206,2490,68,3627,1547,1552,3098,1,0
342022477230,185,2428,37,425,1548,1552,3099,1,0
342022510661,202,2588,76,3621,1549,1552,3100,1,0
342022543680,172,2745,112,9248,1550,1552,3101,1,0
342022577255,168,2454,39,983,1551,1552,3102,1,0
342022611026,200,2582,106,7541,1552,1552,3103,1,0
342022643898,179,2582,164,13636,1553,1552,3104,1,0
342022677461,158,2582,62,3767,1554,1552,3105,1,0
342022710594,154,2456,32,422,1555,1552,3106,1,0
342022743712,175,2480,68,3730,1556,1552,3107,1,0
342022777161,170,2478,57,3080,1557,1552,3108,1,0
342022810787,281,3237,147,12279,1558,1552,3109,1,0
342022843950,205,2468,77,4689,1559,1552,3110,1,0
342022877394,187,2504,69,4068,1560,1552,3111,1,0
342022910426,155,2827,108,9360,1561,1552,3112,1,0
342022943821,218,2474,66,3804,1562,1552,3113,1,0
342022977083,162,2615,34,384,1563,1552,3114,1,0
342023010323,163,2661,203,19997,1564,1552,3115,1,0
342023043674,164,2593,111,9514,1565,1552,3116,1,0
342023076895,190,2602,66,4017,1566,1552,3117,1,0
342023110563,196,2687,176,13780,1567,1552,3118,1,0
342023143962,171,2798,44,1121,1568,1552,3119,1,0
342023177368,157,2748,66,3890,1569,1552,3120,1,0
342023210713,157,2568,32,379,1570,1552,3121,1,0
342023243827,155,2798,198,19811,1571,1552,3122,1,0
342023277273,186,2731,35,704,1572,1552,3123,1,0
342023310601,185,2697,69,3519,1573,1552,3124,1,0
342023344031,194,2579,74,3863,1574,1552,3125,1,0
342023377595,185,2653,71,3871,1575,1552,3126,1,0
342023410357,159,3755,132,9333,1576,1552,3127,1,0
342023443941,256,3312,71,3888,1577,1552,3128,1,0
342023477095,175,3722,34,466,1578,1552,3129,1,0
342023510736,202,3218,70,3747,1579,1552,3130,1,0
342023544173,180,4599,114,9359,1580,1552,3131,1,0
342023577059,253,2906,39,1081,1581,1552,3132,1,0
342023610984,201,3580,76,3871,1582,1552,3133,1,0
342023643924,158,3425,44,739,1583,1552,3134,1,0
342023677230,204,3231,66,3065,1584,1552,3135,1,0
342023710286,186,3261,146,12951,1585,1552,3136,1,0
342023743623,187,5038,69,3799,1586,1552,3137,1,0
342023776913,154,2989,30,446,1587,1552,3138,1,0
342023810367,184,2864,63,3685,1588,1552,3139,1,0
342023844172,156,3596,65,3967,1589,1552,3140,1,0
342023877190,186,3732,68,3918,1590,1552,3141,1,0
342023910798,163,3437,110,9226,1591,1552,3142,1,0
342023943590,199,5002,168,15511,1592,1552,3143,1,0
342023977183,308,3132,38,622,1593,1552,3144,1,0
342024010501,176,3239,68,3859,1594,1552,3145,1,0
342024043849,199,3316,119,9503,1595,1552,3146,1,0
342024077865,450,2923,42,1032,1596,1552,3147,1,0
342024110447,205,3939,94,3766,1597,1552,3148,1,0
342024143921,191,3348,36,424,1598,1552,3149,1,0
342024177266,188,3132,101,7134,1599,1552,3150,1,0
342024210275,189,3216,37,431,1600,1552,3151,1,0
342024243651,201,3239,73,3667,1601,1552,3152,1,0
342024277027,159,3172,36,430,1602,1552,3153,1,0
342024310350,169,3703,179,13413,1603,1552,3154,1,0
342024344082,175,3518,34,782,1604,1552,3155,1,0
342024377019,188,3384,71,3866,1605,1552,3156,1,0
342024410484,172,3369,179,16580,1606,1552,3157,1,0
342024443972,342,3174,68,3879,1607,1552,3158,1,0
342024477066,176,2985,35,474,1608,1552,3159,1,0
342024510735,175,3321,65,3821,1609,1552,3160,1,0
342024543622,178,3946,114,9486,1610,1552,3161,1,0
342024577102,154,3250,41,1182,1611,1552,3162,1,0
342024610798,183,3303,36,342,1612,1552,3163,1,0
342024644127,197,3423,212,19102,1613,1552,3164,1,0
342024677040,205,2997,61,3645,1614,1552,3165,1,0
342024710617,164,2959,35,417,1615,1552,3166,1,0
342024743807,149,4912,66,3582,1616,1552,3167,1,0
342024777366,216,3496,32,409,1617,1552,3168,1,0
342024810596,165,3378,112,9297,1618,1552,3169,1,0
342024843932,163,3462,221,15603,1619,1552,3170,1,0
342024876952,197,2972,74,5174,1620,1552,3171,1,0
342024910238,171,3361,113,9136,1621,1552,3172,1,0
342024943805,177,5134,70,3897,1622,1552,3173,1,0
342024977016,186,3407,33,448,1623,1552,3174,1,0
342025010426,197,3842,77,3796,1624,1552,3175,1,0
342025043960,191,3325,118,9231,1625,1552,3176,1,0
342025077300,166,3239,206,15874,1626,1552,3177,1,0
342025110544,200,3244,190,13885,1627,1552,3178,1,0
342025143781,255,5330,43,854,1628,1552,3179,1,0
342025177296,190,3105,69,3848,1629,1552,3180,1,0
342025210726,245,3486,31,419,1630,1552,3181,1,0
342025243635,176,3233,72,3672,1631,1552,3182,1,0
342025277424,167,3385,29,340,1632,1552,3183,1,0
342025310179,180,3342,198,19793,1633,1552,3184,1,0
342025344051,180,4424,62,661,1634,1552,3185,1,0
342025376968,184,3048,73,4183,1635,1552,3186,1,0
342025411296,189,3278,112,8784,1636,1552,3187,1,0
342025443962,322,3689,71,3959,1637,1552,3188,1,0
342025477100,170,3110,30,513,1638,1552,3189,1,0
342025510295,153,3418,62,3807,1639,1552,3190,1,0
342025543692,161,4545,111,9376,1640,1552,3191,1,0
342025577228,166,2982,61,3781,1641,1552,3192,1,0
342025610471,192,3204,40,381,1642,1552,3193,1,0
342025644372,278,2972,191,19123,1643,1552,3194,1,0
342025676920,158,3409,59,3651,1644,1552,3195,1,0
342025710581,160,3386,32,411,1645,1552,3196,1,0
342025743903,200,4470,110,3605,1646,1552,3197,1,0
342025777347,192,2987,40,409,1647,1552,3198,1,0
342025810439,161,3944,65,3447,1648,1552,3199,1,0
342025844153,149,3874,63,3851,1649,1552,3200,1,0
342025877761,230,3925,67,3865,1650,1552,3201,1,0
342025910643,217,5095,124,9302,1651,1552,3202,1,0
342025943826,164,4236,32,529,1652,1552,3203,1,0
342025977506,155,4525,194,19189,1653,1552,3204,1,0
342026010715,261,4217,128,3785,1654,1552,3205,1,0
342026043764,149,4056,112,9372,1655,1552,3206,1,0
342026077040,253,4072,66,3925,1656,1552,3207,1,0
342026110713,243,5519,156,13806,1657,1552,3208,1,0
342026143837,158,5047,35,625,1658,1552,3209,1,0
342026177279,167,4380,33,333,1659,1552,3210,1,0
342026210804,161,4608,168,16425,1660,1552,3211,1,0
342026243775,159,4231,59,3763,1661,1552,3212,1,0
342026277469,172,4320,30,426,1662,1552,3213,1,0
342026310392,159,4011,65,3457,1663,1552,3214,1,0
342026344137,159,4619,72,3832,1664,1552,3215,1,0
342026377195,182,4765,73,3835,1665,1552,3216,1,0
342026410583,188,4489,31,393,1666,1552,3217,1,0
342026444134,167,8380,199,19584,1667,1552,3218,1,0
342026476988,173,3931,81,696,1668,1552,3219,1,0
342026510423,211,4175,64,3644,1669,1552,3220,1,0
342026544174,228,4732,109,9275,1670,1552,3221,1,0
342026576763,150,4281,35,1056,1671,1552,3222,1,0
342026610753,193,3928,43,331,1672,1552,3223,1,0
342026643596,157,3954,203,19039,1673,1552,3224,1,0
342026677165,155,4172,59,3633,1674,1552,3225,1,0
342026710645,176,4195,37,416,1675,1552,3226,1,0
342026743789,187,5219,69,3573,1676,1552,3227,1,0
342026777346,184,4151,30,345,1677,1552,3228,1,0
342026810761,158,4522,32,171,1678,1552,3229,1,0
342026844130,151,4045,167,16320,1679,1552,3230,1,0
342026877002,188,3953,67,4460,1680,1552,3231,1,0
342026910725,174,4353,110,8924,1681,1552,3232,1,0
342026943945,171,4386,86,3946,1682,1552,3233,1,0
342026977471,191,4954,37,484,1683,1552,3234,1,0
342027010682,324,4304,33,345,1684,1552,3235,1,0
342027043700,188,4401,173,16989,1685,1552,3236,1,0
342027077071,195,3963,62,3660,1686,1552,3237,1,0
342027110630,189,4214,154,13631,1687,1552,3238,1,0
342027144085,187,4050,37,786,1688,1552,3239,1,0
342027177345,160,5049,67,3816,1689,1552,3240,1,0
342027210357,153,4446,31,375,1690,1552,3241,1,0
342027244231,155,4420,210,19831,1691,1552,3242,1,0
342027277552,171,3964,31,705,1692,1552,3243,1,0
342027310603,160,4064,62,3507,1693,1552,3244,1,0
342027344019,150,5457,63,3864,1694,1552,3245,1,0
342027377462,184,4350,37,338,1695,1552,3246,1,0
342027410918,159,4396,187,16822,1696,1552,3247,1,0
342027443634,259,4198,66,3614,1697,1552,3248,1,0
342027477674,180,4149,31,433,1698,1552,3249,1,0
342027511021,736,3906,118,3612,1699,1552,3250,1,0
342027543613,176,5003,105,9124,1700,1552,3251,1,0
342027577254,166,4435,31,347,1701,1552,3252,1,0
342027610601,191,3835,37,173,1702,1552,3253,1,0
342027643768,166,4095,190,18934,1703,1552,3254,1,0
342027677347,153,4266,79,3634,1704,1552,3255,1,0
342027711203,285,4143,44,426,1705,1552,3256,1,0
342027743687,174,4492,70,3577,1706,1552,3257,1,0
342027776878,173,4361,31,339,1707,1552,3258,1,0
342027810277,225,5601,45,171,1708,1552,3259,1,0
342027843990,199,4282,179,16183,1709,1552,3260,1,0
342027877243,178,4105,71,4452,1710,1552,3261,1,0
342027910310,168,4045,113,8923,1711,1552,3262,1,0
342027943849,183,4504,67,3956,1712,1552,3263,1,0
342027977746,176,4995,38,488,1713,1552,3264,1,0
342028010154,165,4383,32,357,1714,1552,3265,1,0
342028043663,151,4631,175,16860,1715,1552,3266,1,0
342028077139,211,4046,64,3650,1716,1552,3267,1,0
342028110295,225,4384,61,390,1717,1552,3268,1,0
342028143634,198,3963,202,18979,1718,1552,3269,1,0
342028176975,159,4673,64,3619,1719,1552,3270,1,0
342028210516,168,5093,33,428,1720,1552,3271,1,0
342028243990,148,5176,33,368,1721,1552,3272,1,0
342028276999,165,4554,200,18937,1722,1552,3273,1,0
342028310578,175,3717,62,3624,1723,1552,3274,1,0
342028343636,159,4150,35,426,1724,1552,3275,1,0
342028377606,192,4011,77,4163,1725,1552,3276,1,0
342028410956,186,4494,109,8770,1726,1552,3277,1,0
342028443717,172,4628,67,3922,1727,1552,3278,1,0
342028477168,168,4501,33,391,1728,1552,3279,1,0
342028510151,165,4216,198,19941,1729,1552,3280,1,0
342028543723,150,4318,109,9472,1730,1552,3281,1,0
342028577018,150,3954,65,3955,1731,1552,3282,1,0
342028610324,229,3868,41,384,1732,1552,3283,1,0
342028643906,169,4905,199,19076,1733,1552,3284,1,0
342028677221,178,4693,59,3339,1734,1552,3285,1,0
342028710521,193,4862,142,11933,1735,1552,3286,1,0
342028743913,187,7639,65,3715,1736,1552,3287,1,0
342028776919,173,3877,35,430,1737,1552,3288,1,0
342028810405,335,4123,66,3448,1738,1552,3289,1,0
342028843904,160,4001,68,3839,1739,1552,3290,1,0
342028877370,226,4792,96,3843,1740,1552,3291,1,0
342028910617,177,4951,34,381,1741,1552,3292,1,0
342028943887,200,4183,57,171,1742,1552,3293,1,0
342028977022,168,4032,193,18863,1743,1552,3294,1,0
342029010504,320,3975,62,3731,1744,1552,3295,1,0
342029043803,152,4278,111,9325,1745,1552,3296,1,0
342029076781,190,4687,45,1043,1746,1552,3297,1,0
342029110221,235,5151,76,4135,1747,1552,3298,1,0
342029144029,174,5338,53,341,1748,1552,3299,1,0
342029177094,193,3810,32,173,1749,1552,3300,1,0
342029210521,169,4340,183,16258,1750,1552,3301,1,0
342029244089,168,4243,60,3791,1751,1552,3302,1,0
342029277320,167,4032,37,436,1752,1552,3303,1,0
342029310189,191,4339,64,3483,1753,1552,3304,1,0
342029343873,183,4916,69,3867,1754,1552,3305,1,0
342029376835,190,4317,39,346,1755,1552,3306,1,0
342029410550,175,4521,36,176,1756,1552,3307,1,0
342029443983,163,4302,211,19519,1757,1552,3308,1,0
342029477299,157,4090,33,708,1758,1552,3309,1,0
342029510334,159,4308,66,3655,1759,1552,3310,1,0
342029543729,183,4273,116,9291,1760,1552,3311,1,0
342029576945,205,4946,42,1078,1761,1552,3312,1,0
342029610508,210,5066,44,370,1762,1552,3313,1,0
342029643687,177,4840,199,19072,1763,1552,3314,1,0
342029677124,160,3917,62,3641,1764,1552,3315,1,0
342029710648,177,3945,34,436,1765,1552,3316,1,0
342029744123,172,4339,68,3570,1766,1552,3317,1,0
342029777278,190,4111,45,430,1767,1552,3318,1,0
342029810055,177,5127,151,13450,1768,1552,3319,1,0
342029843923,163,4532,43,356,1769,1552,3320,1,0
342029877168,187,4328,35,171,1770,1552,3321,1,0
342029911038,170,4790,175,16892,1771,1552,3322,1,0
342029944015,180,4279,60,3624,1772,1552,3323,1,0
342029977271,168,3973,30,440,1773,1552,3324,1,0
342030010595,183,3892,69,3628,1774,1552,3325,1,0
342030044170,186,4707,112,9260,1775,1552,3326,1,0
342030076989,164,4759,37,1027,1776,1552,3327,1,0
342030110389,229,4453,34,322,1777,1552,3328,1,0
342030143604,180,4478,199,19041,1778,1552,3329,1,0
342030176848,195,3944,64,3641,1779,1552,3330,1,0
342030210576,173,4183,39,419,1780,1552,3331,1,0
342030243518,158,4429,65,3582,1781,1552,3332,1,0
342030276913,152,5096,32,420,1782,1552,3333,1,0
342030310371,165,5090,33,379,1783,1552,3334,1,0
342030343807,159,4610,183,16253,1784,1552,3335,1,0
342030377429,178,4043,72,4400,1785,1552,3336,1,0
342030410624,247,3840,114,8882,1786,1552,3337,1,0
342030443921,165,4248,64,3931,1787,1552,3338,1,0
342030477793,159,4343,35,478,1788,1552,3339,1,0
342030510409,184,5010,70,3795,1789,1552,3340,1,0
342030544004,184,6907,33,392,1790,1552,3341,1,0
342030577159,171,3978,197,19552,1791,1552,3342,1,0
342030610510,171,4226,38,698,1792,1552,3343,1,0
342030643659,214,4304,155,13810,1793,1552,3344,1,0
342030676855,213,3936,76,3654,1794,1552,3345,1,0
342030711082,162,4346,30,396,1795,1552,3346,1,0
342030743964,181,4986,69,3718,1796,1552,3347,1,0
342030776938,181,4400,31,339,1797,1552,3348,1,0
342030810526,161,4375,234,19836,1798,1552,3349,1,0
342030843626,187,4120,32,668,1799,1552,3350,1,0
342030877130,200,3815,72,3948,1800,1552,3351,1,0
342030910239,170,3958,105,9055,1801,1552,3352,1,0
342030944363,174,4220,68,4009,1802,1552,3353,1,0
342030977067,155,4947,31,513,1803,1552,3354,1,0
342031010182,196,4920,40,355,1804,1552,3355,1,0
342031043667,169,8364,174,16935,1805,1552,3356,1,0
342031077038,159,4039,61,3657,1806,1552,3357,1,0
342031110567,227,4221,148,13376,1807,1552,3358,1,0
342031143874,182,4295,36,1068,1808,1552,3359,1,0
342031180464,465,5223,80,3825,1809,1552,3360,1,0
342031210279,197,5200,31,402,1810,1552,3361,1,0
342031243812,171,5039,32,375,1811,1552,3362,1,0
342031277233,155,4167,30,173,1812,1552,3363,1,0
342031310549,158,4323,197,19910,1813,1552,3364,1,0
342031343606,163,5154,35,658,1814,1552,3365,1,0
342031377213,221,3934,74,3931,1815,1552,3366,1,0
342031410297,241,3792,131,9039,1816,1552,3367,1,0
342031443518,174,5279,68,3957,1817,1552,3368,1,0
342031477154,155,4974,31,409,1818,1552,3369,1,0
342031510288,154,4376,30,179,1819,1552,3370,1,0
342031543856,156,4148,144,179,1820,1552,3371,1,0
342031576799,154,4279,202,19623,1821,1552,3372,1,0
342031610495,190,4182,149,13477,1822,1552,3373,1,0
342031643772,1608,3302,52,1178,1823,1552,3374,1,0
342031677041,191,5018,62,3797,1824,1552,3375,1,0
342031710492,156,5008,34,378,1825,1552,3376,1,0
342031743543,163,4534,35,173,1826,1552,3377,1,0
342031777422,180,4031,193,18986,1827,1552,3378,1,0
342031810538,208,3915,43,382,1828,1552,3379,1,0
342031843972,938,4062,225,18854,1829,1552,3380,1,0
342031881777,378,4764,79,3721,1830,1552,3381,1,0
342031910603,237,4795,125,9602,1831,1552,3382,1,0
342031943385,205,4826,70,3893,1832,1552,3383,1,0
342031977460,176,4167,36,388,1833,1552,3384,1,0
342032010549,169,5787,221,20017,1834,1552,3385,1,0
342032043799,207,3920,117,9439,1835,1552,3386,1,0
342032077025,212,4086,120,3996,1836,1552,3387,1,0
342032110534,314,3832,156,13793,1837,1552,3388,1,0
342032143541,248,4452,52,1227,1838,1552,3389,1,0
342032176954,172,5107,64,3828,1839,1552,3390,1,0
342032210580,221,4936,43,383,1840,1552,3391,1,0
342032243681,190,4203,38,171,1841,1552,3392,1,0
342032277151,200,3973,202,19057,1842,1552,3393,1,0
342032310399,1537,3334,76,3643,1843,1552,3394,1,0
342032343739,227,4182,73,3895,1844,1552,3395,1,0
342032377040,197,4045,69,3630,1845,1552,3396,1,0
342032412111,229,4342,123,9712,1846,1552,3397,1,0
342032443808,171,6486,65,3868,1847,1552,3398,1,0
342032476794,200,4517,46,394,1848,1552,3399,1,0
342032510620,475,4609,219,19976,1849,1552,3400,1,0
342032543938,246,6666,129,9476,1850,1552,3401,1,0
342032577241,315,3852,74,4010,1851,1552,3402,1,0
342032610142,212,4184,164,13811,1852,1552,3403,1,0
342032643622,209,4752,52,1209,1853,1552,3404,1,0
342032676817,204,5081,73,3844,1854,1552,3405,1,0
342032710509,197,4912,39,385,1855,1552,3406,1,0
342032743984,155,4686,32,171,1856,1552,3407,1,0
342032776931,203,4125,996,18949,1857,1552,3408,1,0
342032810489,680,4053,72,3635,1858,1552,3409,1,0
342032843690,199,4120,76,3896,1859,1552,3410,1,0
342032877198,223,3751,42,332,1860,1552,3411,1,0
342032910547,180,5646,180,16829,1861,1552,3412,1,0
342032943845,264,4791,650,3625,1862,1552,3413,1,0
342032976711,257,4891,67,431,1863,1552,3414,1,0
342033010253,188,4148,66,3616,1864,1552,3415,1,0
342033044006,154,4372,109,9237,1865,1552,3416,1,0
342033076827,202,3908,69,3882,1866,1552,3417,1,0
342033110119,186,4017,151,13814,1867,1552,3418,1,0
342033143882,236,5076,45,1006,1868,1552,3419,1,0
342033177272,157,4550,33,372,1869,1552,3420,1,0
342033210330,182,4737,172,16399,1870,1552,3421,1,0
342033243394,153,3989,63,3772,1871,1552,3422,1,0
342033277206,162,3977,35,431,1872,1552,3423,1,0
342033310649,187,4047,65,3466,1873,1552,3424,1,0
342033343677,167,4881,65,3853,1874,1552,3425,1,0
342033377056,195,4810,78,3868,1875,1552,3426,1,0
342033410332,190,4602,32,387,1876,1552,3427,1,0
342033443962,157,8002,217,19555,1877,1552,3428,1,0
342033477009,154,4001,29,681,1878,1552,3429,1,0
342033511356,172,4157,67,3636,1879,1552,3430,1,0
342033543577,182,5599,111,9290,1880,1552,3431,1,0
342033576856,167,4737,37,1066,1881,1552,3432,1,0
342033610001,186,4903,66,3766,1882,1552,3433,1,0
342033643949,183,7246,47,338,1883,1552,3434,1,0
342033677211,164,4496,216,19828,1884,1552,3435,1,0
342033710440,167,4188,33,669,1885,1552,3436,1,0
342033743924,168,4203,65,3528,1886,1552,3437,1,0
342033777106,182,3860,48,435,1887,1552,3438,1,0
342033811116,170,4434,148,13344,1888,1552,3439,1,0
342033843601,190,4623,35,687,1889,1552,3440,1,0
342033876757,208,4443,43,369,1890,1552,3441,1,0
342033910279,164,4488,193,16933,1891,1552,3442,1,0
342033943920,157,4245,62,3638,1892,1552,3443,1,0
342033978402,576,3603,42,436,1893,1552,3444,1,0
342034010439,187,4116,70,3618,1894,1552,3445,1,0
342034043795,187,4001,115,9238,1895,1552,3446,1,0
342034077542,184,5069,41,1029,1896,1552,3447,1,0
342034110600,181,4935,39,354,1897,1552,3448,1,0
342034143594,187,4515,197,19084,1898,1552,3449,1,0
342034177052,224,3897,70,3658,1899,1552,3450,1,0
342034211311,182,4237,40,418,1900,1552,3451,1,0
342034243899,204,4358,70,3577,1901,1552,3452,1,0
342034276880,182,4738,35,415,1902,1552,3453,1,0
342034310193,150,5125,143,13454,1903,1552,3454,1,0
342034343974,187,5175,35,572,1904,1552,3455,1,0
342034376682,190,4073,174,15580,1905,1552,3456,1,0
342034410555,173,4053,113,9525,1906,1552,3457,1,0
342034443601,170,4203,62,3985,1907,1552,3458,1,0
342034477408,176,4091,32,482,1908,1552,3459,1,0
342034510573,180,3781,64,3816,1909,1552,3460,1,0
342034543601,150,4926,112,9491,1910,1552,3461,1,0
342034577218,167,4670,32,512,1911,1552,3462,1,0
342034610500,163,4490,35,197,1912,1552,3463,1,0
342034643594,197,4310,201,19286,1913,1552,3464,1,0
342034677389,179,3983,67,3670,1914,1552,3465,1,0
342034710322,171,4125,35,424,1915,1552,3466,1,0
342034743447,246,3933,84,3584,1916,1552,3467,1,0
342034777103,177,4949,38,426,1917,1552,3468,1,0
342034810387,190,4619,67,386,1918,1552,3469,1,0
342034843721,193,4477,37,171,1919,1552,3470,1,0
342034877099,211,4017,208,19913,1920,1552,3471,1,0
342034910400,174,3935,110,9430,1921,1552,3472,1,0
342034944059,181,4236,72,3959,1922,1552,3473,1,0
342034977138,207,4132,39,465,1923,1552,3474,1,0
342035010720,231,5222,75,3726,1924,1552,3475,1,0
342035043823,169,5138,33,381,1925,1552,3476,1,0
342035077268,159,4577,245,19598,1926,1552,3477,1,0
342035110551,154,4036,40,690,1927,1552,3478,1,0
342035143881,195,4245,167,13808,1928,1552,3479,1,0
342035177193,230,3937,65,3638,1929,1552,3480,1,0
342035210675,221,3820,39,393,1930,1552,3481,1,0
342035243585,181,4876,70,3706,1931,1552,3482,1,0
342035277118,162,4777,29,246,1932,1552,3483,1,0
342035310261,171,4191,33,318,1933,1552,3484,1,0
342035343647,158,3968,169,16324,1934,1552,3485,1,0
342035377107,181,4001,71,4425,1935,1552,3486,1,0
342035411821,202,4302,117,8904,1936,1552,3487,1,0
342035443697,184,3970,65,3947,1937,1552,3488,1,0
342035478070,165,4326,46,487,1938,1552,3489,1,0
342035510613,162,4629,32,351,1939,1552,3490,1,0
342035543784,186,4487,33,171,1940,1552,3491,1,0
342035577124,152,4111,281,19643,1941,1552,3492,1,0
342035610558,178,4271,143,13361,1942,1552,3493,1,0
342035644307,209,4314,45,1156,1943,1552,3494,1,0
342035676874,157,4911,62,3801,1944,1552,3495,1,0
342035710401,151,5005,30,401,1945,1552,3496,1,0
342035743611,156,7315,32,372,1946,1552,3497,1,0
342035777100,155,4530,216,19032,1947,1552,3498,1,0
342035810609,1122,5106,115,3635,1948,1552,3499,1,0
342035843815,207,4125,40,414,1949,1552,3500,1,0
342035877912,208,6851,76,3915,1950,1552,3501,1,0
342035910378,174,4343,103,9016,1951,1552,3502,1,0
342035943376,172,5159,39,568,1952,1552,3503,1,0
342035977248,162,4636,32,186,1953,1552,3504,1,0
342036010560,168,4505,32,186,1954,1552,3505,1,0
342036043708,178,4415,194,17050,1955,1552,3506,1,0
342036076921,179,4062,69,3736,1956,1552,3507,1,0
342036110399,162,4196,142,13390,1957,1552,3508,1,0
342036143496,240,4021,43,1084,1958,1552,3509,1,0
342036177465,235,4075,648,3815,1959,1552,3510,1,0
342036210266,162,5084,29,394,1960,1552,3511,1,0
342036243805,207,5110,41,372,1961,1552,3512,1,0
342036277243,167,4672,196,19038,1962,1552,3513,1,0
342036310468,179,4199,103,3615,1963,1552,3514,1,0
342036343641,173,4171,41,438,1964,1552,3515,1,0
342036376787,195,3822,78,3945,1965,1552,3516,1,0
342036410216,196,4008,118,9050,1966,1552,3517,1,0
342036443889,197,5102,67,541,1967,1552,3518,1,0
342036476964,164,4324,31,198,1968,1552,3519,1,0
342036510517,187,4873,212,20020,1969,1552,3520,1,0
342036543747,157,4266,108,9519,1970,1552,3521,1,0
342036577483,159,4060,64,3897,1971,1552,3522,1,0
342036610329,163,3253,145,13782,1972,1552,3523,1,0
342036643664,185,3071,47,1168,1973,1552,3524,1,0
342036677121,193,5413,80,3772,1974,1552,3525,1,0
342036710026,170,3187,34,391,1975,1552,3526,1,0
342036743975,192,4071,150,377,1976,1552,3527,1,0
342036777121,181,5387,195,19006,1977,1552,3528,1,0
342036810178,191,3358,65,3640,1978,1552,3529,1,0
342036843720,179,3307,36,421,1979,1552,3530,1,0
342036876820,202,2877,76,3930,1980,1552,3531,1,0
342036910238,176,3864,104,9078,1981,1552,3532,1,0
342036943725,154,4174,62,3935,1982,1552,3533,1,0
342036977130,149,5738,31,382,1983,1552,3534,1,0
342037010608,161,3322,913,20025,1984,1552,3535,1,0
342037043593,160,3248,108,9454,1985,1552,3536,1,0
342037077580,187,4543,72,3988,1986,1552,3537,1,0
342037110272,165,3088,143,13720,1987,1552,3538,1,0
342037144055,195,3434,52,1189,1988,1552,3539,1,0
342037177090,199,3581,73,3841,1989,1552,3540,1,0
342037210420,195,3439,32,387,1990,1552,3541,1,0
342037243708,149,4346,235,19826,1991,1552,3542,1,0
342037277377,161,4691,32,703,1992,1552,3543,1,0
342037310516,187,3367,65,3520,1993,1552,3544,1,0
342037343890,167,3370,66,3861,1994,1552,3545,1,0
342037377338,196,5537,71,3598,1995,1552,3546,1,0
342037410273,167,3671,115,9778,1996,1552,3547,1,0
342037443522,173,4442,67,3877,1997,1552,3548,1,0
342037477237,170,4894,30,455,1998,1552,3549,1,0
342037510655,189,3271,70,3733,1999,1552,3550,1,0
342037545690,496,4263,209,9352,2000,1552,3551,1,0
342037576976,169,5587,41,1082,2001,1552,3552,1,0
342037610740,155,3181,89,3870,2002,1552,3553,1,0
342037644511,787,3439,38,411,2003,1552,3554,1,0
342037676735,184,5466,45,378,2004,1552,3555,1,0
342037710169,169,3792,170,16322,2005,1552,3556,1,0
342037743692,181,3310,66,3756,2006,1552,3557,1,0
342037777255,162,5454,34,433,2007,1552,3558,1,0
342037810494,194,4546,94,3471,2008,1552,3559,1,0
342037843830,259,3111,68,3840,2009,1552,3560,1,0
342037876899,196,5440,71,3849,2010,1552,3561,1,0
342037910367,188,3470,32,379,2011,1552,3562,1,0
342037943386,163,4928,224,19518,2012,1552,3563,1,0
342037976884,164,5418,32,691,2013,1552,3564,1,0
342038010081,170,3231,63,3644,2014,1552,3565,1,0
342038043664,167,3241,112,9290,2015,1552,3566,1,0
342038077335,160,4861,36,1059,2016,1552,3567,1,0
342038110514,189,3885,79,3750,2017,1552,3568,1,0
342038143689,185,4524,35,359,2018,1552,3569,1,0
342038176764,182,6006,148,10761,2019,1552,3570,1,0
342038210573,215,3349,33,433,2020,1552,3571,1,0
342038243915,190,3248,76,3650,2021,1552,3572,1,0
342038277176,203,2925,36,418,2022,1552,3573,1,0
342038310159,161,3076,63,3590,2023,1552,3574,1,0
342038343601,186,3600,67,3958,2024,1552,3575,1,0
342038377125,189,3289,124,3962,2025,1552,3576,1,0
342038410554,192,4575,38,378,2026,1552,3577,1,0
342038443674,178,4257,200,19553,2027,1552,3578,1,0
342038477146,166,7089,34,691,2028,1552,3579,1,0
342038510281,173,4057,66,3651,2029,1552,3580,1,0
342038543683,173,3856,112,9286,2030,1552,3581,1,0
342038577723,154,4244,43,1055,2031,1552,3582,1,0
342038610251,151,4874,35,337,2032,1552,3583,1,0
342038643877,187,4715,213,19891,2033,1552,3584,1,0
342038677250,181,7536,114,9550,2034,1552,3585,1,0
342038710106,160,4248,33,1062,2035,1552,3586,1,0
342038743894,188,4224,77,4057,2036,1552,3587,1,0
342038776661,174,4285,32,500,2037,1552,3588,1,0
342038810380,153,5216,145,13706,2038,1552,3589,1,0
342038843532,153,4543,32,350,2039,1552,3590,1,0
342038877084,190,4217,41,185,2040,1552,3591,1,0
342038910592,173,4745,176,16952,2041,1552,3592,1,0
342038943375,196,4310,65,3662,2042,1552,3593,1,0
342038977280,165,3988,34,434,2043,1552,3594,1,0
342039010198,159,3979,74,3622,2044,1552,3595,1,0
342039043807,166,4783,40,384,2045,1552,3596,1,0
342039076835,157,5051,30,174,2046,1552,3597,1,0
342039110432,165,5152,34,174,2047,1552,3598,1,0
342039143775,184,4672,194,18999,2048,1552,3599,1,0
342039176933,172,3989,62,3645,2049,1552,3600,1,0
342039210361,349,4012,39,416,2050,1552,3601,1,0
342039243543,217,4004,68,3543,2051,1552,3602,1,0
342039277421,206,6863,39,407,2052,1552,3603,1,0
342039310468,333,4957,142,13279,2053,1552,3604,1,0
342039343563,155,4452,30,289,2054,1552,3605,1,0
342039376862,198,3976,205,19781,2055,1552,3606,1,0
342039410566,330,4339,64,3776,2056,1552,3607,1,0
342039443811,205,3794,69,3458,2057,1552,3608,1,0
342039477077,174,3947,40,397,2058,1552,3609,1,0
342039510237,184,4900,65,3650,2059,1552,3610,1,0
342039543396,183,4495,106,9116,2060,1552,3611,1,0
342039576739,158,4453,31,364,2061,1552,3612,1,0
342039610331,170,4763,194,18965,2062,1552,3613,1,0
342039643695,208,4310,155,13789,2063,1552,3614,1,0
342039677157,184,6138,71,3635,2064,1552,3615,1,0
342039710219,199,4037,31,403,2065,1552,3616,1,0
342039743788,259,4576,77,3517,2066,1552,3617,1,0
342039776857,163,4767,149,12041,2067,1552,3618,1,0
342039810293,162,3452,143,13224,2068,1552,3619,1,0
342039843980,411,3348,169,15145,2069,1552,3620,1,0
342039877041,210,3903,85,4703,2070,1552,3621,1,0
342039910518,164,3238,112,9639,2071,1552,3622,1,0
342039943748,165,3363,66,3973,2072,1552,3623,1,0
342039977204,160,4806,33,467,2073,1552,3624,1,0
342040010456,178,3650,145,3831,2074,1552,3625,1,0
342040043838,173,3592,113,9433,2075,1552,3626,1,0
342040076956,175,4096,70,4322,2076,1552,3627,1,0
342040110394,159,3325,29,549,2077,1552,3628,1,0
342040143698,182,3362,155,14149,2078,1552,3629,1,0
342040177014,156,5265,61,3777,2079,1552,3630,1,0
342040210374,167,3053,36,434,2080,1552,3631,1,0
342040243921,202,3538,109,3769,2081,1552,3632,1,0
342040277375,160,4178,34,448,2082,1552,3633,1,0
342040310530,190,3428,63,3626,2083,1552,3634,1,0
342040343835,183,3390,36,404,2084,1552,3635,1,0
342040376977,193,3060,75,4095,2085,1552,3636,1,0
342040410313,170,3254,113,9399,2086,1552,3637,1,0
342040443882,177,3353,71,4055,2087,1552,3638,1,0
342040477733,178,3724,34,510,2088,1552,3639,1,0
342040510213,305,3296,106,3868,2089,1552,3640,1,0
342040543898,154,3476,111,9498,2090,1552,3641,1,0
342040577035,174,4219,64,3901,2091,1552,3642,1,0
342040610534,172,3386,227,13959,2092,1552,3643,1,0
342040643446,186,3346,43,1011,2093,1552,3644,1,0
342040677077,169,4148,65,3754,2094,1552,3645,1,0
342040710277,154,3749,29,407,2095,1552,3646,1,0
342040743525,175,4125,36,374,2096,1552,3647,1,0
342040776985,178,4587,213,19049,2097,1552,3648,1,0
342040810072,170,3261,63,3619,2098,1552,3649,1,0
342040843598,184,3300,35,431,2099,1552,3650,1,0
342040877033,184,4783,85,3947,2100,1552,3651,1,0
342040910474,186,3091,106,9071,2101,1552,3652,1,0
342040943300,219,4331,82,3922,2102,1552,3653,1,0
342040977334,174,4381,33,422,2103,1552,3654,1,0
342041010176,150,3262,93,7360,2104,1552,3655,1,0
342041043541,157,3356,112,9487,2105,1552,3656,1,0
342041077081,264,4170,74,3852,2106,1552,3657,1,0
342041110411,453,3408,148,13650,2107,1552,3658,1,0
342041143595,199,3040,40,1001,2108,1552,3659,1,0
342041177153,159,4422,66,3795,2109,1552,3660,1,0
342041210388,172,3616,29,394,2110,1552,3661,1,0
342041243315,171,4156,69,3697,2111,1552,3662,1,0
342041278924,709,3182,41,421,2112,1552,3663,1,0
342041310436,220,3529,87,3642,2113,1552,3664,1,0
342041344051,201,3290,67,3926,2114,1552,3665,1,0
342041376959,199,5130,74,3687,2115,1552,3666,1,0
342041410909,187,3121,126,9651,2116,1552,3667,1,0
342041443893,164,3495,66,3749,2117,1552,3668,1,0
342041477087,161,4085,33,379,2118,1552,3669,1,0
342041510665,257,3883,266,19986,2119,1552,3670,1,0
342041543550,198,3214,112,9446,2120,1552,3671,1,0
342041576735,187,2997,69,3962,2121,1552,3672,1,0
342041610401,172,3954,149,13809,2122,1552,3673,1,0
342041643747,188,5255,44,1113,2123,1552,3674,1,0
342041677206,154,4525,33,395,2124,1552,3675,1,0
342041710195,148,4461,176,16372,2125,1552,3676,1,0
342041743572,171,4431,62,3782,2126,1552,3677,1,0
342041777487,162,4069,33,432,2127,1552,3678,1,0
342041810102,166,4077,63,3482,2128,1552,3679,1,0
342041843685,171,4423,65,3860,2129,1552,3680,1,0
342041876892,189,5602,69,3619,2130,1552,3681,1,0
342041910461,204,5404,68,386,2131,1552,3682,1,0
342041943467,240,4816,213,19581,2132,1552,3683,1,0
342041976918,153,3929,33,714,2133,1552,3684,1,0
342042010762,161,3244,62,3662,2134,1552,3685,1,0
342042043723,162,3373,112,9290,2135,1552,3686,1,0
342042077181,163,4007,40,1062,2136,1552,3687,1,0
342042110257,204,3739,68,3761,2137,1552,3688,1,0
342042143839,194,3929,34,343,2138,1552,3689,1,0
342042176969,160,4334,212,19890,2139,1552,3690,1,0
342042210096,151,3241,32,670,2140,1552,3691,1,0
342042243668,158,3253,65,3540,2141,1552,3692,1,0
342042277123,203,4359,33,438,2142,1552,3693,1,0
342042311829,530,2956,154,13348,2143,1552,3694,1,0
342042343824,187,3199,31,551,2144,1552,3695,1,0
342042376798,182,4736,38,304,2145,1552,3696,1,0
342042410465,210,3417,182,16920,2146,1552,3697,1,0
342042444029,156,3250,61,3634,2147,1552,3698,1,0
342042476811,150,3032,39,422,2148,1552,3699,1,0
342042510072,181,3214,66,3610,2149,1552,3700,1,0
342042543541,170,3661,106,9106,2150,1552,3701,1,0
342042577211,183,4820,41,358,2151,1552,3702,1,0
342042610023,163,3967,199,18969,2152,1552,3703,1,0
342042643680,191,3238,149,13769,2153,1552,3704,1,0
342042677217,172,4314,63,3634,2154,1552,3705,1,0
342042709967,153,3022,29,409,2155,1552,3706,1,0
342042743820,257,3503,64,3690,2156,1552,3707,1,0
342042776722,156,4543,31,418,2157,1552,3708,1,0
342042810186,162,3483,33,373,2158,1552,3709,1,0
342042843790,335,6460,192,16287,2159,1552,3710,1,0
342042877077,273,3335,68,4435,2160,1552,3711,1,0
342042910458,218,3245,108,8901,2161,1552,3712,1,0
342042943818,165,3349,64,3932,2162,1552,3713,1,0
342042977161,153,4648,32,480,2163,1552,3714,1,0
342043010115,153,3880,66,3793,2164,1552,3715,1,0
342043043735,168,3233,109,9202,2165,1552,3716,1,0
342043076757,160,4282,169,15737,2166,1552,3717,1,0
342043110626,184,3377,148,13696,2167,1552,3718,1,0
342043143543,194,3004,39,996,2168,1552,3719,1,0
342043177478,172,3441,66,3783,2169,1552,3720,1,0
342043210869,181,3862,32,410,2170,1552,3721,1,0
342043243668,204,3578,44,376,2171,1552,3722,1,0
342043277283,182,3565,224,19019,2172,1552,3723,1,0
342043310378,180,3351,66,3630,2173,1552,3724,1,0
342043343756,218,3237,33,425,2174,1552,3725,1,0
342043377214,192,4520,75,4235,2175,1552,3726,1,0
342043410635,190,3186,170,8789,2176,1552,3727,1,0
342043443856,150,3760,64,3932,2177,1552,3728,1,0
342043477036,181,3949,45,492,2178,1552,3729,1,0
342043510443,164,3303,65,3815,2179,1552,3730,1,0
342043543518,167,3243,111,9426,2180,1552,3731,1,0
342043577137,151,4183,34,837,2181,1552,3732,1,0
342043610753,155,3831,65,3734,2182,1552,3733,1,0
342043643736,178,4216,33,340,2183,1552,3734,1,0
342043677010,208,3645,201,19826,2184,1552,3735,1,0
342043711291,177,3254,34,678,2185,1552,3736,1,0
342043743761,161,3088,91,3561,2186,1552,3737,1,0
342043776599,156,3034,33,417,2187,1552,3738,1,0
342043810374,175,4025,63,3497,2188,1552,3739,1,0
342043843943,152,5269,142,3863,2189,1552,3740,1,0
342043877090,212,4136,43,334,2190,1552,3741,1,0
342043910330,171,4671,175,16866,2191,1552,3742,1,0
342043943306,189,3941,61,3624,2192,1552,3743,1,0
342043977015,206,3961,43,421,2193,1552,3744,1,0
342044010742,166,4217,70,3617,2194,1552,3745,1,0
342044043872,169,4365,110,9239,2195,1552,3746,1,0
342044076973,181,4989,37,1031,2196,1552,3747,1,0
342044109931,161,4936,52,342,2197,1552,3748,1,0
342044143366,188,4328,198,19069,2198,1552,3749,1,0
342044176895,184,3975,65,3651,2199,1552,3750,1,0
342044210344,184,4188,37,426,2200,1552,3751,1,0
342044243750,168,4207,68,3584,2201,1552,3752,1,0
342044277091,170,3793,46,417,2202,1552,3753,1,0
342044310451,162,5261,148,13453,2203,1552,3754,1,0
342044343630,188,5124,31,345,2204,1552,3755,1,0
342044376874,243,7890,208,19898,2205,1552,3756,1,0
342044410332,175,4002,113,9498,2206,1552,3757,1,0
342044443741,174,4128,67,3978,2207,1552,3758,1,0
342044476796,151,3942,31,469,2208,1552,3759,1,0
342044510448,164,3989,66,3719,2209,1552,3760,1,0
342044543610,159,4662,32,388,2210,1552,3761,1,0
342044576914,183,4499,200,19591,2211,1552,3762,1,0
342044610549,196,4704,116,705,2212,1552,3763,1,0
342044643610,191,4314,159,13845,2213,1552,3764,1,0
342044677166,177,4133,65,3631,2214,1552,3765,1,0
342044710028,276,3852,36,387,2215,1552,3766,1,0
342044743815,152,5336,63,3729,2216,1552,3767,1,0
342044777144,191,7165,59,346,2217,1552,3768,1,0
342044810348,161,4096,199,19861,2218,1552,3769,1,0
342044843870,226,4097,34,673,2219,1552,3770,1,0
342044877201,236,3820,77,3954,2220,1552,3771,1,0
342044910737,180,4215,116,9382,2221,1552,3772,1,0
342044943735,165,4577,69,3824,2222,1552,3773,1,0
342044976593,160,4296,65,342,2223,1552,3774,1,0
342045010238,152,4593,199,20045,2224,1552,3775,1,0
342045043661,152,4511,107,9472,2225,1552,3776,1,0
342045076640,220,3792,73,4001,2226,1552,3777,1,0
342045110125,205,4043,151,13849,2227,1552,3778,1,0
342045143681,185,4214,46,1257,2228,1552,3779,1,0
342045176734,161,5029,64,3868,2229,1552,3780,1,0
342045210548,166,5167,34,381,2230,1552,3781,1,0
342045243296,179,4934,212,19755,2231,1552,3782,1,0
342045277157,196,5471,58,695,2232,1552,3783,1,0
342045310516,215,4269,93,3512,2233,1552,3784,1,0
342045343640,188,4173,32,399,2234,1552,3785,1,0
342045377146,241,3948,76,3950,2235,1552,3786,1,0
342045410528,169,4367,123,9123,2236,1552,3787,1,0
342045443499,150,5189,37,555,2237,1552,3788,1,0
342045476885,191,4560,36,206,2238,1552,3789,1,0
342045510259,179,4125,441,20049,2239,1552,3790,1,0
342045543393,184,4202,115,9485,2240,1552,3791,1,0
342045577624,178,4062,72,3885,2241,1552,3792,1,0
342045610183,180,4001,161,13774,2242,1552,3793,1,0
342045643647,199,5261,51,1214,2243,1552,3794,1,0
342045677070,183,4048,32,399,2244,1552,3795,1,0
342045710211,164,4648,177,16473,2245,1552,3796,1,0
342045743844,180,4248,63,3754,2246,1552,3797,1,0
342045777336,163,4003,35,424,2247,1552,3798,1,0
342045810551,156,3996,63,3455,2248,1552,3799,1,0
342045843764,384,4332,80,3838,2249,1552,3800,1,0
342045876740,224,5730,76,3598,2250,1552,3801,1,0
342045910305,218,4169,35,381,2251,1552,3802,1,0
342045943876,165,4693,199,19594,2252,1552,3803,1,0
342045976654,154,3912,35,679,2253,1552,3804,1,0
342046010501,182,3902,68,3653,2254,1552,3805,1,0
342046043820,159,4342,111,9289,2255,1552,3806,1,0
342046076993,233,4434,40,1070,2256,1552,3807,1,0
342046110305,154,5091,68,3762,2257,1552,3808,1,0
342046143803,198,4977,29,338,2258,1552,3809,1,0
342046177260,193,4450,199,19880,2259,1552,3810,1,0
342046210147,183,4092,36,670,2260,1552,3811,1,0
342046243923,179,4303,65,3533,2261,1552,3812,1,0
342046276848,191,4132,36,440,2262,1552,3813,1,0
342046310219,184,4179,62,3496,2263,1552,3814,1,0
342046343283,154,4648,60,3880,2264,1552,3815,1,0
342046376650,215,5097,38,330,2265,1552,3816,1,0
342046409990,233,4525,182,16916,2266,1552,3817,1,0
342046443424,162,4349,78,3634,2267,1552,3818,1,0
342046476725,169,3973,32,429,2268,1552,3819,1,0
342046510133,155,4288,63,3619,2269,1552,3820,1,0
342046543260,158,4750,107,9240,2270,1552,3821,1,0
342046576595,151,7083,36,1039,2271,1552,3822,1,0
342046610398,331,4983,43,351,2272,1552,3823,1,0
342046643715,189,4817,210,19941,2273,1552,3824,1,0
342046677135,174,4190,113,9566,2274,1552,3825,1,0
342046710418,148,3995,38,1064,2275,1552,3826,1,0
342046743401,187,4225,72,4067,2276,1552,3827,1,0
342046776872,189,3950,36,508,2277,1552,3828,1,0
342046811018,175,4432,153,13734,2278,1552,3829,1,0
342046843344,199,5018,34,351,2279,1552,3830,1,0
342046876642,588,3975,41,175,2280,1552,3831,1,0
342046910144,172,4584,181,16975,2281,1552,3832,1,0
342046943848,186,4364,355,3639,2282,1552,3833,1,0
342046977113,157,3916,35,436,2283,1552,3834,1,0
342047010676,162,3792,70,3630,2284,1552,3835,1,0
342047043204,373,5143,115,9272,2285,1552,3836,1,0
342047077023,203,5311,36,516,2286,1552,3837,1,0
342047110412,172,4661,194,19160,2287,1552,3838,1,0
342047143812,182,4259,146,13835,2288,1552,3839,1,0
342047177105,175,3873,61,3665,2289,1552,3840,1,0
342047210482,151,3947,38,405,2290,1552,3841,1,0
342047243879,179,3821,66,3664,2291,1552,3842,1,0
342047277042,352,5048,39,419,2292,1552,3843,1,0
342047310178,180,4912,39,378,2293,1552,3844,1,0
342047343426,166,4626,172,16440,2294,1552,3845,1,0
342047376831,186,4142,73,4639,2295,1552,3846,1,0
342047410411,209,4138,108,8903,2296,1552,3847,1,0
342047443341,150,3967,61,3950,2297,1552,3848,1,0
342047477122,182,4578,34,498,2298,1552,3849,1,0
342047510346,179,4926,43,356,2299,1552,3850,1,0
342047543351,162,4441,178,16964,2300,1552,3851,1,0
342047577345,386,6373,76,3659,2301,1552,3852,1,0
342047610157,182,4044,40,422,2302,1552,3853,1,0
342047643609,204,4211,153,13616,2303,1552,3854,1,0
342047676953,159,3925,63,3667,2304,1552,3855,1,0
342047710037,153,5151,34,399,2305,1552,3856,1,0
342047743391,152,5145,32,375,2306,1552,3857,1,0
342047776871,168,7513,197,18957,2307,1552,3858,1,0
342047811591,181,4642,63,3635,2308,1552,3859,1,0
342047843840,158,4267,33,406,2309,1552,3860,1,0
342047877149,247,4222,74,4195,2310,1552,3861,1,0
342047910263,562,3818,153,8843,2311,1552,3862,1,0
342047943362,188,5232,66,3944,2312,1552,3863,1,0
342047976802,160,4718,29,391,2313,1552,3864,1,0
342048010338,175,3263,211,20006,2314,1552,3865,1,0
342048043886,156,3431,112,9489,2315,1552,3866,1,0
342048077168,147,3712,62,3947,2316,1552,3867,1,0
342048110072,156,3234,143,13760,2317,1552,3868,1,0
342048144144,191,3069,44,1154,2318,1552,3869,1,0
342048177183,162,3779,81,3857,2319,1552,3870,1,0
342048210248,158,3390,33,387,2320,1552,3871,1,0
342048243602,180,3261,64,3681,2321,1552,3872,1,0
342048276857,154,3910,42,418,2322,1552,3873,1,0
342048310033,186,3082,70,3581,2323,1552,3874,1,0
342048343409,166,3063,62,3926,2324,1552,3875,1,0
342048376758,196,3706,71,3915,2325,1552,3876,1,0
342048410268,192,3760,233,9308,2326,1552,3877,1,0
342048443995,222,3426,125,11014,2327,1552,3878,1,0
342048476911,159,3127,31,491,2328,1552,3879,1,0
342048510472,184,3116,72,3777,2329,1552,3880,1,0
342048543646,169,3278,114,9449,2330,1552,3881,1,0
342048576879,208,3023,42,1115,2331,1552,3882,1,0
342048610364,174,3815,67,3845,2332,1552,3883,1,0
342048643453,199,3695,88,418,2333,1552,3884,1,0
342048676749,161,3303,96,7221,2334,1552,3885,1,0
342048710081,204,3303,40,427,2335,1552,3886,1,0
342048743736,185,3045,62,3688,2336,1552,3887,1,0
342048777121,155,3365,32,418,2337,1552,3888,1,0
342048814563,2283,3585,336,13374,2338,1552,3889,1,0
342048843381,175,3651,32,733,2339,1552,3890,1,0
342048876852,171,3216,66,377,2340,1552,3891,1,0
342048910193,165,3526,178,17008,2341,1552,3892,1,0
342048943387,168,3360,61,3630,2342,1552,3893,1,0
342048977119,152,3318,31,437,2343,1552,3894,1,0
342049010255,212,2999,61,3632,2344,1552,3895,1,0
342049043735,151,3946,109,9254,2345,1552,3896,1,0
342049077236,141,3432,30,519,2346,1552,3897,1,0
342049110114,150,3428,344,19154,2347,1552,3898,1,0
342049143640,320,3185,147,13834,2348,1552,3899,1,0
342049177107,160,2963,66,3662,2349,1552,3900,1,0
342049210246,158,2999,31,396,2350,1552,3901,1,0
342049243699,173,3582,63,3664,2351,1552,3902,1,0
342049276643,161,3510,28,319,2352,1552,3903,1,0
342049310221,157,3497,125,10691,2353,1552,3904,1,0
342049343176,204,3369,35,417,2354,1552,3905,1,0
342049377080,207,3072,81,4220,2355,1552,3906,1,0
342049410489,175,3143,108,9073,2356,1552,3907,1,0
342049443500,165,3241,64,3968,2357,1552,3908,1,0
342049476893,198,3015,31,472,2358,1552,3909,1,0
342049510324,159,3815,66,3823,2359,1552,3910,1,0
342049543480,509,3149,110,9250,2360,1552,3911,1,0
342049576903,174,3459,169,15839,2361,1552,3912,1,0
342049610262,166,3184,34,639,2362,1552,3913,1,0
342049644023,187,3375,156,14141,2363,1552,3914,1,0
342049676976,161,2903,65,3787,2364,1552,3915,1,0
342049709976,167,2993,34,449,2365,1552,3916,1,0
342049743388,194,3976,69,3770,2366,1552,3917,1,0
342049776777,172,3694,30,371,2367,1552,3918,1,0
342049810358,154,4618,129,10785,2368,1552,3919,1,0
342049843330,330,4000,33,432,2369,1552,3920,1,0
342049876828,191,4101,77,4110,2370,1552,3921,1,0
342049910102,167,3934,166,9734,2371,1552,3922,1,0
342049943913,166,4153,64,4010,2372,1552,3923,1,0
342049976840,158,4784,31,519,2373,1552,3924,1,0
342050010384,155,4949,32,356,2374,1552,3925,1,0
342050043508,154,4948,175,16989,2375,1552,3926,1,0
342050077166,173,4650,62,3633,2376,1552,3927,1,0
342050110084,160,4091,41,440,2377,1552,3928,1,0
342050143571,201,4288,156,13596,2378,1552,3929,1,0
342050176829,187,3899,64,3667,2379,1552,3930,1,0
342050210102,164,4463,36,397,2380,1552,3931,1,0
342050243848,151,5317,64,3723,2381,1552,3932,1,0
342050277106,154,4750,28,339,2382,1552,3933,1,0
342050310023,164,4738,229,19825,2383,1552,3934,1,0
342050343535,195,4105,38,662,2384,1552,3935,1,0
342050377186,196,4221,76,3945,2385,1552,3936,1,0
342050410379,190,4000,112,8996,2386,1552,3937,1,0
342050443532,162,3994,65,3966,2387,1552,3938,1,0
342050477634,189,4335,32,494,2388,1552,3939,1,0
342050509961,171,4649,35,339,2389,1552,3940,1,0
342050543685,173,5475,178,16984,2390,1552,3941,1,0
342050576957,163,5420,64,3656,2391,1552,3942,1,0
342050609922,186,3892,34,429,2392,1552,3943,1,0
342050643705,209,4344,155,13591,2393,1552,3944,1,0
342050676627,155,4141,66,3663,2394,1552,3945,1,0
342050710180,188,4668,40,393,2395,1552,3946,1,0
342050743498,186,5136,35,377,2396,1552,3947,1,0
342050776646,169,4566,191,19065,2397,1552,3948,1,0
342050810381,204,4105,63,3638,2398,1552,3949,1,0
342050843769,194,4297,34,429,2399,1552,3950,1,0
342050876716,192,3995,73,3964,2400,1552,3951,1,0
342050910059,180,4042,112,9118,2401,1552,3952,1,0
342050943709,333,5034,78,3798,2402,1552,3953,1,0
342050976888,184,4273,31,327,2403,1552,3954,1,0
342051010031,196,4605,211,20069,2404,1552,3955,1,0
342051043652,172,4162,226,9488,2405,1552,3956,1,0
342051077293,304,4249,69,3963,2406,1552,3957,1,0
342051110134,181,4022,150,13783,2407,1552,3958,1,0
342051143457,182,4631,45,1221,2408,1552,3959,1,0
342051177085,180,4962,65,3876,2409,1552,3960,1,0
342051210426,208,5044,48,387,2410,1552,3961,1,0
342051243684,188,4804,203,19848,2411,1552,3962,1,0
342051276538,168,4326,36,710,2412,1552,3963,1,0
342051310276,178,3986,71,3500,2413,1552,3964,1,0
342051343657,194,4242,40,382,2414,1552,3965,1,0
342051376783,196,3916,73,3924,2415,1552,3966,1,0
342053066257,288,12419,283,28488,2416,1552,3967,1,1
342053099979,196,8521,87,4286,2417,1552,3968,1,0
342053133143,200,13629,74,3608,2418,1552,3969,1,0
342053166608,163,4010,37,449,2419,1552,3970,1,0
342053200236,156,4479,231,19646,2420,1552,3971,1,0
342053232823,179,3736,36,805,2421,1552,3972,1,0
342053266834,163,4110,65,3788,2422,1552,3973,1,0
342053299716,151,12198,112,9403,2423,1552,3974,1,0
342053333225,153,7722,48,1198,2424,1552,3975,1,0
342053367073,320,12646,48,466,2425,1552,3976,1,0
342053399801,237,4202,47,304,2426,1552,3977,1,0
342053433036,216,3813,235,20032,2427,1552,3978,1,0
342053466416,166,4137,34,795,2428,1552,3979,1,0
342053499938,157,4156,64,3729,2429,1552,3980,1,0
342053533397,166,11551,37,541,2430,1552,3981,1,0
342053566766,169,11943,67,3641,2431,1552,3982,1,0
342053601552,196,12036,69,4030,2432,1552,3983,1,0
342053633325,183,4198,37,465,2433,1552,3984,1,0
342053666476,155,3974,172,16986,2434,1552,3985,1,0
342053699939,158,3821,61,3761,2435,1552,3986,1,0
342053733239,154,6054,41,542,2436,1552,3987,1,0
342053766657,195,11829,71,3740,2437,1552,3988,1,0
342053799943,381,12633,126,9358,2438,1552,3989,1,0
342053833451,184,7932,47,1158,2439,1552,3990,1,0
342053866507,295,12490,43,480,2440,1552,3991,1,0
342053900055,191,4425,198,20086,2441,1552,3992,1,0
342053932851,189,3741,116,9681,2442,1552,3993,1,0
342053966716,209,3834,56,1185,2443,1552,3994,1,0
342053999793,181,3949,65,4196,2444,1552,3995,1,0
342054033040,191,3520,42,635,2445,1552,3996,1,0
342054066627,224,3339,189,13865,2446,1552,3997,1,0
342054099920,165,3003,29,490,2447,1552,3998,1,0
342054133155,217,3186,277,19962,2448,1552,3999,1,0
342054166417,200,3022,118,9604,2449,1552,4000,1,0
342054199815,229,3277,69,4120,2450,1552,4001,1,0
342054233413,170,4115,39,604,2451,1552,4002,1,0
342054267029,181,4101,67,3852,2452,1552,4003,1,0
342054299756,300,3269,116,9476,2453,1552,4004,1,0
342054333020,155,8501,37,678,2454,1552,4005,1,0
342054366675,318,3767,204,19248,2455,1552,4006,1,0
342054399881,204,3223,152,13929,2456,1552,4007,1,0
342054433441,163,3167,73,3806,2457,1552,4008,1,0
342054466610,174,3550,31,542,2458,1552,4009,1,0
342054499766,157,3890,66,3797,2459,1552,4010,1,0
342054533300,153,6032,35,550,2460,1552,4011,1,0
342054566526,151,3025,35,515,2461,1552,4012,1,0
342054605031,454,3260,182,16540,2462,1552,4013,1,0
342054633079,193,3125,76,4614,2463,1552,4014,1,0
342054666395,186,2904,107,9036,2464,1552,4015,1,0
342054700147,156,3833,63,4070,2465,1552,4016,1,0
342054733435,160,3658,34,620,2466,1552,4017,1,0
342054766270,177,3033,91,3939,2467,1552,4018,1,0
342054799851,165,3068,154,529,2468,1552,4019,1,0
342054833131,164,3116,301,19728,2469,1552,4020,1,0
342054866407,163,3399,41,824,2470,1552,4021,1,0
342054899923,184,2955,266,14130,2471,1552,4022,1,0
342054932870,169,3868,201,3772,2472,1552,4023,1,0
342054966605,162,3217,32,522,2473,1552,4024,1,0
342055000074,1159,3850,82,3848,2474,1552,4025,1,0
342055032957,171,3000,31,462,2475,1552,4026,1,0
342055066611,171,3302,202,20037,2476,1552,4027,1,0
342055099817,199,3255,32,790,2477,1552,4028,1,0
342055133373,205,3048,77,4323,2478,1552,4029,1,0
342055166464,269,3558,251,8920,2479,1552,4030,1,0
342055199925,181,4019,72,4151,2480,1552,4031,1,0
342055233454,184,4710,35,645,2481,1552,4032,1,0
342055266438,166,3119,35,495,2482,1552,4033,1,0
342055300047,154,3314,229,17020,2483,1552,4034,1,0
342055333372,291,3078,91,3787,2484,1552,4035,1,0
342055366497,205,2812,42,558,2485,1552,4036,1,0
342055400261,638,2870,156,13687,2486,1552,4037,1,0
342055433425,171,4210,65,3795,2487,1552,4038,1,0
342055466503,147,3459,32,521,2488,1552,4039,1,0
342055499993,174,3238,63,3786,2489,1552,4040,1,0
342055532991,156,3131,64,4091,2490,1552,4041,1,0
342055566358,180,2886,152,3771,2491,1552,4042,1,0
342055599926,492,23043,257,4041,2492,1552,4043,1,0
342055663528,519,14651,136,4067,2493,1552,4044,1,0
342055758433,432,5420,113,3599,2494,1552,4045,1,0
342055798214,206,4352,59,2492,2495,1552,4046,1,0
342055831571,169,5871,66,3670,2496,1552,4047,1,0
342055865070,315,11755,159,13692,2497,1552,4048,1,0
342055898144,228,4890,73,1281,2498,1552,4049,1,0
342055931242,181,3934,64,3983,2499,1552,4050,1,0
342055964722,190,4490,32,531,2500,1552,4051,1,0
342055998420,253,4245,36,505,2501,1552,4052,1,0
342056031509,164,4572,529,19223,2502,1552,4053,1,0
342056064690,250,5823,75,3755,2503,1552,4054,1,0
342056097929,260,4312,64,4035,2504,1552,4055,1,0
342056131279,257,10564,73,4047,2505,1552,4056,1,0
342056164651,161,4120,35,509,2506,1552,4057,1,0
342056198222,184,3035,37,300,2507,1552,4058,1,0
342056231548,181,3033,197,19068,2508,1552,4059,1,0
342056264950,189,3916,63,3862,2509,1552,4060,1,0
342056298186,160,3812,110,9438,2510,1552,4061,1,0
342056331567,204,3162,85,4033,2511,1552,4062,1,0
342056364445,240,3655,675,13896,2512,1552,4063,1,0
342056398327,277,3327,70,4365,2513,1552,4064,1,0
342056431373,222,3738,157,9424,2514,1552,4065,1,0
342056464585,156,3971,39,1190,2515,1552,4066,1,0
342056498221,185,3381,63,4075,2516,1552,4067,1,0
342056531298,149,5389,71,591,2517,1552,4068,1,0
342056564446,187,3348,161,13622,2518,1552,4069,1,0
342056598147,191,3112,67,3667,2519,1552,4070,1,0
342056631098,259,2937,75,3993,2520,1552,4071,1,0
342056664497,279,3726,62,3799,2521,1552,4072,1,0
342056698165,170,4193,75,3713,2522,1552,4073,1,0
342056731167,156,3447,31,532,2523,1552,4074,1,0
342056764583,191,3201,90,3792,2524,1552,4075,1,0
342056798077,176,3236,112,9456,2525,1552,4076,1,0
342056831458,184,2986,39,663,2526,1552,4077,1,0
342056864825,166,3315,190,19206,2527,1552,4078,1,0
342056898135,191,3140,159,13926,2528,1552,4079,1,0
342056931181,160,3971,66,3807,2529,1552,4080,1,0
342056964916,158,3399,30,545,2530,1552,4081,1,0
342056997850,163,2995,63,3816,2531,1552,4082,1,0
342057031205,177,3101,29,443,2532,1552,4083,1,0
342057064484,161,3243,122,10918,2533,1552,4084,1,0
342057098374,179,3019,34,561,2534,1552,4085,1,0
342057131321,232,4144,75,4072,2535,1552,4086,1,0
342057164765,159,3944,109,9496,2536,1552,4087,1,0
342057198144,157,3275,63,4125,2537,1552,4088,1,0
342057231286,173,3135,36,591,2538,1552,4089,1,0
342057264744,220,3274,35,496,2539,1552,4090,1,0
342057297782,160,2971,172,17148,2540,1552,4091,1,0
342057331408,374,3601,61,3764,2541,1552,4092,1,0
342057364902,145,3995,142,13538,2542,1552,4093,1,0
342057397976,178,3228,42,1347,2543,1552,4094,1,0
342057431169,171,5927,68,3947,2544,1552,4095,1,0
342057464476,180,3250,41,374,2545,1552,4096,1,0
342057497916,177,3289,219,15500,2546,1552,4097,1,0
342057531452,171,3028,34,722,2547,1552,4098,1,0
342057564689,157,3706,65,3727,2548,1552,4099,1,0
342057598064,163,4125,32,527,2549,1552,4100,1,0
342057631750,205,3488,125,4178,2550,1552,4101,1,0
342057664956,175,3141,109,9509,2551,1552,4102,1,0
342057698024,209,3352,41,720,2552,1552,4103,1,0
342057731562,194,3166,288,19247,2553,1552,4104,1,0
342057764776,231,3641,63,3942,2554,1552,4105,1,0
342057797875,154,3899,184,9467,2555,1552,4106,1,0
342057831474,153,3109,62,3888,2556,1552,4107,1,0
342057864774,158,3444,146,13827,2557,1552,4108,1,0
342057898134,183,3227,38,817,2558,1552,4109,1,0
342057931316,186,3006,95,7478,2559,1552,4110,1,0
342057964850,194,2863,34,532,2560,1552,4111,1,0
342058000983,467,9010,83,3827,2561,1552,4112,1,0
342058031604,220,4746,45,555,2562,1552,4113,1,0
342058064717,206,4039,145,13485,2563,1552,4114,1,0
342058098074,158,4070,33,469,2564,1552,4115,1,0
342058131355,231,3917,210,19971,2565,1552,4116,1,0
342058164630,162,4871,165,3882,2566,1552,4117,1,0
342058198106,201,5446,68,3609,2567,1552,4118,1,0
342058231549,152,5442,34,534,2568,1552,4119,1,0
342058264887,170,4721,69,3787,2569,1552,4120,1,0
342058298138,179,3952,112,9447,2570,1552,4121,1,0
342058331142,168,3969,42,696,2571,1552,4122,1,0
342058364705,149,4033,190,19280,2572,1552,4123,1,0
342058398220,190,3868,151,13945,2573,1552,4124,1,0
342058431388,209,5463,202,3823,2574,1552,4125,1,0
342058464850,185,5189,219,547,2575,1552,4126,1,0
342058498257,162,5512,64,3807,2576,1552,4127,1,0
342058531596,157,4222,29,549,2577,1552,4128,1,0
342058565024,155,3867,34,506,2578,1552,4129,1,0
342058598157,311,4024,168,16555,2579,1552,4130,1,0
342058630978,201,4977,68,3886,2580,1552,4131,1,0
342058664886,171,4694,64,3574,2581,1552,4132,1,0
342058697820,151,6025,61,3629,2582,1552,4133,1,0
342058731381,182,5498,34,525,2583,1552,4134,1,0
342058764777,171,3936,63,3771,2584,1552,4135,1,0
342058798415,170,4205,32,515,2585,1552,4136,1,0
342058831134,152,3980,196,19708,2586,1552,4137,1,0
342058864705,180,4723,46,821,2587,1552,4138,1,0
342058897761,187,5949,154,13897,2588,1552,4139,1,0
342058931070,158,5491,62,3771,2589,1552,4140,1,0
342058964379,156,4745,31,520,2590,1552,4141,1,0
342058998233,156,4003,63,3851,2591,1552,4142,1,0
342059031069,157,3947,32,473,2592,1552,4143,1,0
342059064744,162,3796,199,20060,2593,1552,4144,1,0
342059097982,158,5048,37,805,2594,1552,4145,1,0
342059131127,200,5873,75,4079,2595,1552,4146,1,0
342059164763,201,5146,127,9194,2596,1552,4147,1,0
342059197783,175,4471,66,4147,2597,1552,4148,1,0
342059231645,167,4295,48,524,2598,1552,4149,1,0
342059264633,166,3864,33,307,2599,1552,4150,1,0
342059297874,172,3861,174,17084,2600,1552,4151,1,0
342059331431,154,5352,64,3784,2601,1552,4152,1,0
342059364510,205,5863,359,13567,2602,1552,4153,1,0
342059397902,219,5390,49,1141,2603,1552,4154,1,0
342059431069,203,4000,74,3908,2604,1552,4155,1,0
342059464567,174,3903,33,512,2605,1552,4156,1,0
342059498325,165,4337,308,19964,2606,1552,4157,1,0
342059531390,148,4090,34,838,2607,1552,4158,1,0
342059564927,200,5039,77,3645,2608,1552,4159,1,0
342059597872,193,5458,40,526,2609,1552,4160,1,0
342059631554,228,4331,76,4103,2610,1552,4161,1,0
342059664690,164,4001,110,9328,2611,1552,4162,1,0
342059698055,181,4004,35,681,2612,1552,4163,1,0
342059731432,168,3913,192,19322,2613,1552,4164,1,0
342059764748,154,4099,62,3920,2614,1552,4165,1,0
342059797998,333,5702,119,9486,2615,1552,4166,1,0
342059831320,156,5081,63,4040,2616,1552,4167,1,0
342059864937,156,4618,148,13916,2617,1552,4168,1,0
342059897989,181,4171,41,1355,2618,1552,4169,1,0
342059931542,157,3880,33,523,2619,1552,4170,1,0
342059964579,154,3918,171,16617,2620,1552,4171,1,0
342059997944,155,4068,61,3898,2621,1552,4172,1,0
342060031650,203,4752,44,556,2622,1552,4173,1,0
342060064578,193,5521,66,3588,2623,1552,4174,1,0
342060097734,160,4570,61,3960,2624,1552,4175,1,0
342060131548,336,5224,74,3719,2625,1552,4176,1,0
342060164883,231,3983,36,516,2626,1552,4177,1,0
342060197983,402,4250,40,300,2627,1552,4178,1,0
342060231211,174,3993,195,19016,2628,1552,4179,1,0
342060264888,181,4773,64,3857,2629,1552,4180,1,0
342060298200,157,5927,113,9458,2630,1552,4181,1,0
342060331100,152,5515,129,4053,2631,1552,4182,1,0
342060364351,176,4492,147,13910,2632,1552,4183,1,0
342060398509