start_us,capture_us,encode_us,submit_us,payload_bytes,desktop_updates,cached_frames,sample_id,capture_epoch,is_idr
342810128747,2480,12157,191,8962,1,0,0,1,1
342810154578,226,13763,338,30025,2,0,1,1,0
342810179708,237,14050,93,4361,3,0,2,1,0
342810205422,183,13454,349,35544,4,0,3,1,0
342810230479,229,12112,444,43022,5,0,4,1,1
342810254487,204,14039,98,6720,6,0,5,1,0
342810280441,207,15375,131,8127,7,0,6,1,0
342810307424,257,6894,182,15298,8,0,7,1,0
342810318892,20,6571,65,3201,8,1,8,1,0
342810329781,200,6061,107,3697,9,1,9,1,0
342810340929,209,6125,99,8090,10,1,10,1,0
342810352070,19,6930,58,2767,10,2,11,1,0
342810362939,178,6036,56,3087,11,2,12,1,0
342810374330,176,5298,159,15178,12,2,13,1,0
342810385421,19,8166,55,2883,12,3,14,1,0
342810396579,178,5608,100,8711,13,3,15,1,0
342810407863,174,5976,160,15633,14,3,16,1,0
342810418528,23,6969,91,3215,14,4,17,1,0
342810429914,181,5593,112,2208,15,4,18,1,0
342810441203,201,5791,63,1119,16,4,19,1,0
342810452155,18,7161,35,682,16,5,20,1,0
342810463218,169,5567,403,32486,17,5,21,1,0
342810474505,160,5682,114,9465,18,5,22,1,0
342810485216,18,7356,48,2173,18,6,23,1,0
342810496359,171,6264,68,2245,19,6,24,1,0
342810507433,160,5912,145,13873,20,6,25,1,0
342810518673,18,9981,43,1989,20,7,26,1,0
342810529979,157,5943,89,7762,21,7,27,1,0
342810541090,159,5534,148,14855,22,7,28,1,0
342810551974,16,6975,45,2144,22,8,29,1,0
342810563116,129,6195,47,2522,23,8,30,1,0
342810574238,152,6181,88,7326,24,8,31,1,0
342810585238,18,6669,71,1846,24,9,32,1,0
342810596324,186,5992,71,2835,25,9,33,1,0
342810607400,159,6269,42,1936,26,9,34,1,0
342810618460,16,6768,64,1745,26,10,35,1,0
342810630037,168,5694,148,14381,27,10,36,1,0
342810640881,154,6019,100,7829,28,10,37,1,0
342810651914,15,6987,42,1867,28,11,38,1,0
342810663137,168,5826,157,14756,29,11,39,1,0
342810674243,124,5409,61,1693,30,11,40,1,0
342810685159,17,7107,31,803,30,12,41,1,0
342810696192,155,5989,337,35144,31,12,42,1,0
342810707452,144,5998,178,17415,32,12,43,1,0
342810718572,16,7329,57,2452,32,13,44,1,0
342810729842,130,6342,91,7765,33,13,45,1,0
342810740968,134,5586,48,2275,34,13,46,1,0
342810752105,16,7084,46,1955,34,14,47,1,0
342810763137,130,5685,146,14465,35,14,48,1,0
342810774278,121,5555,95,8116,36,14,49,1,0
342810785448,17,7032,55,1933,36,15,50,1,0
342810796324,147,5703,157,14956,37,15,51,1,0
342810807891,130,5399,49,2726,38,15,52,1,0
342810818918,17,7544,78,1913,38,16,53,1,0
342810830078,156,5707,97,7336,39,16,54,1,0
342810840964,130,6131,50,2796,40,16,55,1,0
342810851969,16,6833,41,1813,40,17,56,1,0
342810863320,274,5670,56,2064,41,17,57,1,0
342810874112,154,6196,202,14646,42,17,58,1,0
342810885299,51,6443,58,2292,42,18,59,1,0
342810896431,155,5037,105,8209,43,18,60,1,0
342810907354,165,5643,270,15227,44,18,61,1,0
342810918665,16,7548,65,2332,44,19,62,1,0
342810929550,159,5456,52,2599,45,19,63,1,0
342810940780,153,5765,98,7185,46,19,64,1,0
342810952288,19,6979,45,1750,46,20,65,1,0
342810963327,288,5316,101,8582,47,20,66,1,0
342810974062,170,5693,45,869,48,20,67,1,0
342810985317,19,7207,36,679,48,21,68,1,0
342810996465,140,6058,2189,35200,49,21,69,1,0
342811007868,154,5433,170,16268,50,21,70,1,0
342811018848,20,7053,64,2526,50,22,71,1,0
342811029703,163,5887,98,7830,51,22,72,1,0
342811041041,233,6359,1719,14954,52,22,73,1,0
342811052028,33,6693,57,2254,52,23,74,1,0
342811063048,174,5815,69,2404,53,23,75,1,0
342811074282,183,6054,146,7194,54,23,76,1,0
342811086120,76,8872,90,1847,54,24,77,1,0
342811096363,192,6109,77,2928,55,24,78,1,0
342811107382,165,7182,214,1957,56,24,79,1,0
342811131205,408,4974,166,14312,57,24,80,1,0
342811147971,178,5356,105,7871,58,24,81,1,0
342811159161,170,5931,174,14940,59,24,82,1,0
342811170371,21,6724,54,2219,59,25,83,1,0
342811181333,298,5256,62,2468,60,25,84,1,0
342811192406,259,5605,96,7277,61,25,85,1,0
342811203770,32,6916,63,2116,61,26,86,1,0
342811219349,344,7804,179,15146,62,26,87,1,0
342811239079,243,5043,53,1149,63,26,88,1,0
342811250083,19,6929,43,757,63,27,89,1,0
342811261142,164,5623,364,35307,64,27,90,1,0
342811272049,19,5842,64,3777,64,28,91,1,0
342811283698,297,7375,203,8048,65,28,92,1,0
342811294482,161,5291,156,13822,66,28,93,1,0
342811305532,27,5628,51,2229,66,29,94,1,0
342811316470,180,7614,69,2428,67,29,95,1,0
342811328158,336,5762,106,7471,68,29,96,1,0
342811339070,17,5524,56,1946,68,30,97,1,0
342811350490,180,7473,168,15111,69,30,98,1,0
342811361304,166,5429,101,7678,70,30,99,1,0
342811372431,133,5551,154,13991,71,30,100,1,0
342811383462,21,6267,57,1894,71,31,101,1,0
342811394488,177,4967,98,7675,72,31,102,1,0
342811405632,159,5492,163,14755,73,31,103,1,0
342811416713,18,7099,73,2305,73,32,104,1,0
342811427734,146,5275,48,2642,74,32,105,1,0
342811439024,17,5060,65,2051,74,33,106,1,0
342811449986,122,7885,143,7432,75,33,107,1,0
342811461331,119,5516,156,15543,76,33,108,1,0
342811472308,124,5637,91,7765,77,33,109,1,0
342811483446,17,7029,66,1852,77,34,110,1,0
342811494706,132,7389,41,2110,78,34,111,1,0
342811505816,215,5454,147,14702,79,34,112,1,0
342811517303,15,7522,49,1945,79,35,113,1,0
342811528076,133,6174,38,1520,80,35,114,1,0
342811539084,17,5546,50,740,80,36,115,1,0
342811550165,146,7306,321,33147,81,36,116,1,0
342811561680,147,5825,70,3722,82,36,117,1,0
342811572216,19,5783,49,2163,82,37,118,1,0
342811583417,153,7692,96,7426,83,37,119,1,0
342811594463,126,7611,228,15145,84,37,120,1,0
342811606524,144,5191,92,7662,85,37,121,1,0
342811617054,17,7015,49,2058,85,38,122,1,0
342811628200,133,5698,137,13377,86,38,123,1,0
342811638834,17,6429,94,2126,86,39,124,1,0
342811649960,279,7324,106,7977,87,39,125,1,0
342811660953,154,5345,203,14820,88,39,126,1,0
342811672375,200,5403,69,2516,89,39,127,1,0
342811684063,16,6702,64,1900,89,40,128,1,0
342811694599,125,5472,87,7118,90,40,129,1,0
342811705618,17,5137,44,1872,90,41,130,1,0
342811716895,261,7742,233,15104,91,41,131,1,0
342811727634,121,5168,93,7678,92,41,132,1,0
342811739349,153,5607,61,2656,93,41,133,1,0
342811750116,25,7006,72,2392,93,42,134,1,0
342811761793,133,5206,156,15029,94,42,135,1,0
342811772263,19,5067,71,2609,94,43,136,1,0
342811783048,130,7716,123,7048,95,43,137,1,0
342811794687,131,5849,377,42497,96,43,138,1,0
342811805827,16,5637,71,4994,96,44,139,1,0
342811816554,144,7820,77,3558,97,44,140,1,0
342811827932,628,5078,103,8288,98,44,141,1,0
342811838999,197,5632,172,16948,99,44,142,1,0
342811849975,22,6920,51,2849,99,45,143,1,0
342811861171,220,5631,103,8647,100,45,144,1,0
342811872422,16,5227,48,2637,100,46,145,1,0
342811883742,125,7289,214,14152,101,46,146,1,0
342811895565,255,6573,98,8313,102,46,147,1,0
342811905657,17,5195,56,2441,102,47,148,1,0
342811916991,155,7350,157,15250,103,47,149,1,0
342811927910,154,5968,52,3194,104,47,150,1,0
342811938947,45,5041,79,2522,104,48,151,1,0
342811950311,122,7694,90,7611,105,48,152,1,0
342811961468,117,5574,157,15714,106,48,153,1,0
342811973652,1522,7809,100,8179,107,48,154,1,0
342811983533,17,6828,71,2561,107,49,155,1,0
342811994549,130,5136,67,2844,108,49,156,1,0
342812005729,154,5320,294,15313,109,49,157,1,0
342812016851,17,7062,54,2887,109,50,158,1,0
342812027908,123,6409,43,2026,110,50,159,1,0
342812038952,19,5113,36,1156,110,51,160,1,0
342812049726,133,7608,59,1156,111,51,161,1,0
342812061258,126,10066,439,34406,112,51,162,1,0
342812072874,187,5221,45,1606,113,51,163,1,0
342812083137,17,6920,58,1143,113,52,164,1,0
342812094415,187,5476,352,33141,114,52,165,1,0
342812105514,19,12109,65,4018,114,53,166,1,0
342812129279,155,15680,106,8544,115,53,167,1,0
342812156284,192,11793,70,4500,116,53,168,1,0
342812179524,167,14967,142,13185,117,53,169,1,0
342812205809,126,10783,125,7827,118,53,170,1,0
342812217526,118,16252,164,15699,119,53,171,1,0
342812245556,159,9216,90,7104,120,53,172,1,0
342812256769,18,11395,37,1165,120,54,173,1,0
342812279499,167,14277,298,32590,121,54,174,1,0
342812305201,135,8337,175,17257,122,54,175,1,0
342812316896,124,8075,70,3503,123,54,176,1,0
342812327975,155,5547,100,8059,124,54,177,1,0
342812338642,95,6252,51,2433,124,55,178,1,0
342812350132,135,7047,170,16946,125,55,179,1,0
342812361267,276,5640,97,8286,126,55,180,1,0
342812372442,219,5594,188,14650,127,55,181,1,0
342812383129,19,6278,49,2606,127,56,182,1,0
342812394258,122,7877,96,8411,128,56,183,1,0
342812405203,25,5711,108,2418,128,57,184,1,0
342812416885,143,7322,171,15356,129,57,185,1,0
342812427878,184,5351,79,2872,130,57,186,1,0
342812439041,1949,5893,100,7583,131,57,187,1,0
342812450143,16,7186,62,2293,131,58,188,1,0
342812461191,158,5221,162,15724,132,58,189,1,0
342812472261,204,5435,97,8199,133,58,190,1,0
342812483284,18,6816,69,2362,133,59,191,1,0
342812494286,128,4922,47,2673,134,59,192,1,0
342812506057,72,6222,87,2359,134,60,193,1,0
342812516651,275,7240,96,5625,135,60,194,1,0
342812527725,230,5439,404,35710,136,60,195,1,0
342812538777,23,5085,67,4223,136,61,196,1,0
342812550038,260,7932,146,11900,137,61,197,1,0
342812561106,200,5894,51,1800,138,61,198,1,0
342812572266,19,5698,61,1153,138,62,199,1,0
342812583238,218,7542,407,35515,139,62,200,1,0
342812594271,150,7541,213,18140,140,62,201,1,0
342812605577,29,5663,55,3066,140,63,202,1,0
342812616617,139,7243,108,8307,141,63,203,1,0
342812627543,149,5324,155,14369,142,63,204,1,0
342812638668,21,5579,53,2633,142,64,205,1,0
342812649803,180,6881,106,8400,143,64,206,1,0
342812661159,151,5624,208,15232,144,64,207,1,0
342812672041,18,4911,81,2725,144,65,208,1,0
342812683435,561,7060,54,2980,145,65,209,1,0
342812694588,142,7543,161,7732,146,65,210,1,0
342812705413,20,5554,54,2488,146,66,211,1,0
342812716521,144,7529,167,15688,147,66,212,1,0
342812727642,150,4871,95,8139,148,66,213,1,0
342812738487,22,6445,55,2239,148,67,214,1,0
342812750435,304,5492,71,2496,149,67,215,1,0
342812761353,233,5894,70,3368,150,67,216,1,0
342812772489,221,5357,400,35438,151,67,217,1,0
342812782966,22,6674,85,4217,151,68,218,1,0
342812794451,178,7062,175,15589,152,68,219,1,0
342812805651,67,5430,59,2759,152,69,220,1,0
342812816518,183,4999,100,2781,153,69,221,1,0
342812827544,196,5595,55,1845,154,69,222,1,0
342812838631,23,5826,53,1126,154,70,223,1,0
342812849974,242,6925,468,32881,155,70,224,1,0
342812860844,211,5492,125,10269,156,70,225,1,0
342812871991,19,5485,72,2652,156,71,226,1,0
342812882996,170,7213,163,14594,157,71,227,1,0
342812894378,155,7675,105,8047,158,71,228,1,0
342812905477,20,5437,59,2465,158,72,229,1,0
342812916424,161,7818,181,15295,159,72,230,1,0
342812927637,172,5330,137,2732,160,72,231,1,0
342812938786,161,5367,104,7870,161,72,232,1,0
342812949971,20,7059,56,2261,161,73,233,1,0
342812961052,220,5063,162,15539,162,73,234,1,0
342812972115,144,5327,105,8056,163,73,235,1,0
342812982995,19,6947,87,2491,163,74,236,1,0
342812994178,156,7124,69,2723,164,74,237,1,0
342813005792,79,4883,93,2429,164,75,238,1,0
342813016240,210,9001,173,14322,165,75,239,1,0
342813027814,178,5452,360,38103,166,75,240,1,0
342813038554,18,6002,73,4303,166,76,241,1,0
342813049984,217,7036,179,15884,167,76,242,1,0
342813061052,173,5511,54,3141,168,76,243,1,0
342813072044,19,6361,72,2530,168,77,244,1,0
342813083449,215,7165,112,7930,169,77,245,1,0
342813094178,182,7175,299,16467,170,77,246,1,0
342813105695,31,5668,85,2791,170,78,247,1,0
342813116360,180,5362,118,8685,171,78,248,1,0
342813127424,182,5483,258,14881,172,78,249,1,0
342813138988,19,5210,159,2578,172,79,250,1,0
342813149998,206,7519,122,8326,173,79,251,1,0
342813161002,238,5266,169,15416,174,79,252,1,0
342813172156,150,5493,62,3008,175,79,253,1,0
342813183316,21,6834,54,2382,175,80,254,1,0
342813194339,157,5068,99,7580,176,80,255,1,0
342813205324,26,5079,55,2423,176,81,256,1,0
342813216458,250,7292,179,15807,177,81,257,1,0
342813227501,159,4924,165,8238,178,81,258,1,0
342813238951,235,4910,65,2477,179,81,259,1,0
342813249542,33,5800,66,2291,179,82,260,1,0
342813260756,191,5793,85,5536,180,82,261,1,0
342813272327,25,5435,50,1283,180,83,262,1,0
342813283504,176,7485,348,35674,181,83,263,1,0
342813294559,172,7104,187,17113,182,83,264,1,0
342813305541,23,5627,60,3019,182,84,265,1,0
342813316546,297,7212,64,2900,183,84,266,1,0
342813327618,170,5860,115,7773,184,84,267,1,0
342813338857,19,5759,59,2265,184,85,268,1,0
342813349998,188,5312,177,16124,185,85,269,1,0
342813360929,169,5547,102,7572,186,85,270,1,0
342813372167,22,5427,64,2408,186,86,271,1,0
342813383062,184,7126,166,14860,187,86,272,1,0
342813394174,169,7546,114,8407,188,86,273,1,0
342813405318,64,5634,165,2389,188,87,274,1,0
342813416537,352,7570,180,15383,189,87,275,1,0
342813427595,167,5095,139,2837,190,87,276,1,0
342813438486,20,5401,80,2422,190,88,277,1,0
342813449601,197,7229,107,7723,191,88,278,1,0
342813461080,165,5102,169,15748,192,88,279,1,0
342813472401,192,5034,250,8353,193,88,280,1,0
342813484295,39,7188,72,2337,193,89,281,1,0
342813494482,204,6891,67,2459,194,89,282,1,0
342813505267,21,5200,50,2106,194,90,283,1,0
342813516387,159,8978,175,14837,195,90,284,1,0
342813527375,317,5636,50,2002,196,90,285,1,0
342813538523,19,5877,82,1215,196,91,286,1,0
342813549636,152,7201,359,33601,197,91,287,1,0
342813560715,159,5496,62,4220,198,91,288,1,0
342813571870,21,6017,52,2545,198,92,289,1,0
342813582943,206,6790,110,7782,199,92,290,1,0
342813594245,160,7208,163,15753,200,92,291,1,0
342813606127,19,5004,50,2473,200,93,292,1,0
342813616488,132,7287,101,8086,201,93,293,1,0
342813627682,288,5340,147,14319,202,93,294,1,0
342813638715,17,5594,55,2474,202,94,295,1,0
342813649883,135,5402,100,8414,203,94,296,1,0
342813661230,374,5349,159,15374,204,94,297,1,0
342813671846,67,5530,52,2669,204,95,298,1,0
342813683107,133,7255,69,2889,205,95,299,1,0
342813694530,172,7440,98,7786,206,95,300,1,0
342813705347,21,5360,54,2281,206,96,301,1,0
342813716653,138,7721,166,15696,207,96,302,1,0
342813728148,353,5559,108,8372,208,96,303,1,0
342813738910,18,5456,58,2223,208,97,304,1,0
342813750478,605,7298,60,2493,209,97,305,1,0
342813761308,141,5358,163,15139,210,97,306,1,0
342813772373,252,5355,58,2806,210,98,307,1,0
342813783488,187,7269,107,8599,211,98,308,1,0
342813794614,144,6338,159,15704,212,98,309,1,0
342813805580,127,5062,103,8476,213,98,310,1,0
342813816299,24,8674,53,2251,213,99,311,1,0
342813827809,356,6089,75,4777,214,99,312,1,0
342813838789,40,5099,43,1279,214,100,313,1,0
342813850192,138,5356,43,1235,215,100,314,1,0
342813861134,128,5878,255,1232,216,100,315,1,0
342813872057,20,5877,84,1230,216,101,316,1,0
342813883170,139,7191,398,35919,217,101,317,1,0
342813894438,151,6767,70,4872,218,101,318,1,0
342813905361,37,5723,61,2678,218,102,319,1,0
342813916344,152,5193,160,15262,219,102,320,1,0
342813931037,711,7582,76,2809,220,102,321,1,0
342813950633,199,7458,123,7536,221,102,322,1,0
342813962197,180,5512,326,15604,222,102,323,1,0
342813973131,164,5723,134,7987,223,102,324,1,0
342813984227,25,6668,58,2281,223,103,325,1,0
342813995211,202,5946,72,2526,224,103,326,1,0
342814006509,140,5841,164,15054,225,103,327,1,0
342814017565,19,6805,70,2693,225,104,328,1,0
342814028778,139,5853,98,8563,226,104,329,1,0
342814039855,281,5801,156,15434,227,104,330,1,0
342814050985,17,7095,71,2453,227,105,331,1,0
342814061933,124,5502,80,2837,228,105,332,1,0
342814073062,169,5449,76,3051,229,105,333,1,0
342814084281,15,6840,71,2399,229,106,334,1,0
342814095323,127,5233,96,8110,230,106,335,1,0
342814106502,17,10624,61,2500,230,107,336,1,0
342814128414,175,14754,83,4871,231,107,337,1,0
342814154535,175,12810,54,1230,232,107,338,1,0
342814178920,480,15873,329,34212,233,107,339,1,0
342814206455,211,11542,121,9786,234,107,340,1,0
342814229794,176,15420,63,3073,235,107,341,1,0
342814257026,170,11012,60,2626,236,107,342,1,0
342814279896,167,14976,68,2850,237,107,343,1,0
342814306515,153,7580,159,14862,238,107,344,1,0
342814318238,128,7492,69,2862,239,107,345,1,0
342814328644,176,5331,55,2607,240,107,346,1,0
342814339687,146,6461,102,8654,241,107,347,1,0
342814350824,17,7005,102,2343,241,108,348,1,0
342814362859,1555,4458,670,2608,242,108,349,1,0
342814373096,159,5422,364,14770,243,108,350,1,0
342814384278,17,7132,66,2370,243,109,351,1,0
342814395419,169,5515,42,1929,244,109,352,1,0
342814406481,143,5585,421,35803,245,109,353,1,0
342814417563,28,7018,73,4215,245,110,354,1,0
342814428890,340,5343,145,13078,246,110,355,1,0
342814439987,160,5300,97,7779,247,110,356,1,0
342814451042,19,6215,59,2421,247,111,357,1,0
342814462003,150,5902,106,4752,248,111,358,1,0
342814473312,155,4980,330,35719,249,111,359,1,0
342814484397,17,7084,72,4247,249,112,360,1,0
342814495704,310,5233,51,2896,250,112,361,1,0
342814506625,139,4920,158,14959,251,112,362,1,0
342814517352,19,6936,96,2438,251,113,363,1,0
342814528648,135,6139,248,8012,252,113,364,1,0
342814541299,401,5747,214,15318,253,113,365,1,0
342814550928,18,6635,65,2492,253,114,366,1,0
342814562009,161,5573,63,2838,254,114,367,1,0
342814572982,197,5312,101,7736,255,114,368,1,0
342814583998,19,6361,64,2300,255,115,369,1,0
342814595210,181,5843,63,3377,256,115,370,1,0
342814606703,237,5372,59,2428,257,115,371,1,0
342814617761,20,6666,68,2232,257,116,372,1,0
342814628779,155,5083,156,14845,258,116,373,1,0
342814639864,209,5798,108,8347,259,116,374,1,0
342814651383,663,6511,65,2416,259,117,375,1,0
342814662192,340,5061,161,15461,260,117,376,1,0
342814673437,145,7829,57,2884,261,117,377,1,0
342814684213,17,6988,55,2331,261,118,378,1,0
342814695145,190,5867,52,1637,262,118,379,1,0
342814706308,154,5156,47,2008,263,118,380,1,0
342814717305,18,7172,38,1089,263,119,381,1,0
342814728526,132,6089,521,37536,264,119,382,1,0
342814740065,197,5190,88,4350,265,119,383,1,0
342814750695,28,6304,57,2722,265,120,384,1,0
342814761886,157,5601,73,5609,266,120,385,1,0
342814773076,139,5004,329,35785,267,120,386,1,0
342814784257,38,7106,66,4225,267,121,387,1,0
342814795487,131,5424,164,15551,268,121,388,1,0
342814807910,318,5338,66,2986,269,121,389,1,0
342814817830,44,7676,237,2314,269,122,390,1,0
342814828648,205,5425,118,7517,270,122,391,1,0
342814839712,146,5881,170,16634,271,122,392,1,0
342814851075,17,6710,59,2597,271,123,393,1,0
342814862248,177,5494,161,8888,272,123,394,1,0
342814873056,157,5443,166,14838,273,123,395,1,0
342814884137,20,7205,56,2595,273,124,396,1,0
342814895166,162,4985,101,8299,274,124,397,1,0
342814906675,131,5602,169,15557,275,124,398,1,0
342814917930,24,7276,56,2413,275,125,399,1,0
342814928909,170,4927,72,2767,276,125,400,1,0
342814940077,219,5792,222,7595,277,125,401,1,0
342814950823,44,6015,82,2313,277,126,402,1,0
342814961972,168,5340,154,14969,278,126,403,1,0
342814972948,158,5024,45,1554,279,126,404,1,0
342814984318,15,7233,45,1161,279,127,405,1,0
342814995441,327,5658,332,35835,280,127,406,1,0
342815006497,144,5023,171,16814,281,127,407,1,0
342815019521,16,8022,58,2881,281,128,408,1,0
342815028778,497,5175,189,8198,282,128,409,1,0
342815039903,169,5099,233,15314,283,128,410,1,0
342815050852,18,6280,60,2696,283,129,411,1,0
342815061863,168,5699,56,2883,284,129,412,1,0
342815073274,142,5659,99,7937,285,129,413,1,0
342815084435,29,7946,103,2267,285,130,414,1,0
342815095498,174,5893,165,15690,286,130,415,1,0
342815106481,139,5752,127,8180,287,130,416,1,0
342815117524,19,6552,56,2424,287,131,417,1,0
342815128736,151,4982,158,15155,288,131,418,1,0
342815140005,134,5694,104,8600,289,131,419,1,0
342815151200,18,6858,52,2332,289,132,420,1,0
342815162157,355,5055,157,15463,290,132,421,1,0
342815173138,132,5253,75,3081,291,132,422,1,0
342815184203,19,7115,53,2470,291,133,423,1,0
342815195297,178,5265,92,7757,292,133,424,1,0
342815206181,256,5501,222,15879,293,133,425,1,0
342815217722,18,7142,61,2683,293,134,426,1,0
342815228742,144,5305,61,1719,294,134,427,1,0
342815239854,143,5972,875,35485,295,134,428,1,0
342815250886,54,6399,94,4239,295,135,429,1,0
342815261857,184,5934,84,5759,296,135,430,1,0
342815273052,147,5011,404,35479,297,135,431,1,0
342815284306,32,7116,80,4235,297,136,432,1,0
342815295451,162,5266,217,15626,298,136,433,1,0
342815306579,150,5147,54,2881,299,136,434,1,0
342815317648,19,7059,54,2361,299,137,435,1,0
342815328645,147,5274,99,7706,300,137,436,1,0
342815339830,304,5154,174,15619,301,137,437,1,0
342815350745,19,6003,61,2560,301,138,438,1,0
342815362415,168,5756,109,9032,302,138,439,1,0
342815373329,135,5426,183,14606,303,138,440,1,0
342815384521,30,6675,53,2383,303,139,441,1,0
342815395547,143,5560,94,7990,304,139,442,1,0
342815406492,142,5933,164,15261,305,139,443,1,0
342815417529,21,6331,57,2731,305,140,444,1,0
342815428735,185,5051,58,3022,306,140,445,1,0
342815439690,151,5608,99,7704,307,140,446,1,0
342815450708,42,6903,55,2362,307,141,447,1,0
342815462223,156,5357,164,15799,308,141,448,1,0
342815472999,146,5295,154,8178,309,141,449,1,0
342815484347,19,7193,52,2310,309,142,450,1,0
342815495442,1497,4487,114,2600,310,142,451,1,0
342815506367,178,5582,172,14781,311,142,452,1,0
342815517665,20,7079,52,2008,311,143,453,1,0
342815528651,182,5239,74,3916,312,143,454,1,0
342815539753,173,5376,56,2324,313,143,455,1,0
342815550911,18,6330,50,1268,313,144,456,1,0
342815561957,161,5999,41,1238,314,144,457,1,0
342815572936,148,5021,419,35564,315,144,458,1,0
342815584314,45,30628,143,4385,315,145,459,1,0
342815630598,418,7936,85,3760,316,145,460,1,0
342815650473,206,6620,72,2925,317,145,461,1,0
342815661544,157,5555,170,15342,318,145,462,1,0
342815672582,148,5272,99,2865,319,145,463,1,0
342815683638,28,6549,54,2385,319,146,464,1,0
342815694691,151,6601,100,7754,320,146,465,1,0
342815705775,147,5253,189,15561,321,146,466,1,0
342815716789,19,7138,63,2628,321,147,467,1,0
342815728311,159,5160,102,8334,322,147,468,1,0
342815739372,295,6153,60,2601,323,147,469,1,0
342815750803,20,7475,69,2290,323,148,470,1,0
342815761770,261,5180,295,15083,324,148,471,1,0
342815772831,176,8365,117,8457,325,148,472,1,0
342815783935,21,7027,88,2443,325,149,473,1,0
342815795065,191,5691,171,12458,326,149,474,1,0
342815806352,202,5123,96,6467,327,149,475,1,0
342815817144,18,7033,50,1303,327,150,476,1,0
342815828384,169,5690,87,4484,328,150,477,1,0
342815839386,200,5057,400,33126,329,150,478,1,0
342815850444,20,6637,75,4051,329,151,479,1,0
342815861831,173,6155,106,9172,330,151,480,1,0
342815873010,132,5056,73,2573,331,151,481,1,0
342815883972,19,7225,66,2240,331,152,482,1,0
342815894726,129,6636,72,2869,332,152,483,1,0
342815905973,126,5594,196,14790,333,152,484,1,0
342815917158,17,6680,68,2454,333,153,485,1,0
342815928231,137,5490,47,2809,334,153,486,1,0
342815939306,114,5809,89,7587,335,153,487,1,0
342815950261,27,6127,42,2232,335,154,488,1,0
342815961554,120,5676,153,15397,336,154,489,1,0
342815972660,133,5259,93,8114,337,154,490,1,0
342815983541,18,7216,82,2285,337,155,491,1,0
342815995135,208,5331,1731,2557,338,155,492,1,0
342816006260,264,5748,233,14653,339,155,493,1,0
342816017210,630,7075,165,2596,339,156,494,1,0
342816028175,767,5050,206,7812,340,156,495,1,0
342816039124,250,4934,76,4254,341,156,496,1,0
342816050925,62,7158,60,1244,341,157,497,1,0
342816061367,189,5803,346,34436,342,157,498,1,0
342816072476,159,5340,187,9685,343,157,499,1,0
342816083469,21,7311,110,2685,343,158,500,1,0
342816095114,172,5354,167,15126,344,158,501,1,0
342816105743,18,12649,54,2594,344,159,502,1,0
342816129770,174,15514,164,9584,345,159,503,1,0
342816157439,177,10176,163,15464,346,159,504,1,0
342816179473,166,15290,85,2797,347,159,505,1,0
342816206247,186,11108,94,7483,348,159,506,1,0
342816228984,163,14635,54,2593,349,159,507,1,0
342816255427,129,12742,68,2519,350,159,508,1,0
342816279773,232,14314,63,2425,351,159,509,1,0
342816306141,182,8923,107,5340,352,159,510,1,0
342816317180,189,7416,333,34574,353,159,511,1,0
342816328206,221,5422,113,9740,354,159,512,1,0
342816339312,158,5037,165,15445,355,159,513,1,0
342816350421,80,6490,84,2745,355,160,514,1,0
342816361281,160,5647,153,8945,356,160,515,1,0
342816372300,240,5247,55,2754,357,160,516,1,0
342816383435,24,6896,60,2338,357,161,517,1,0
342816394543,163,6048,54,3003,358,161,518,1,0
342816405584,18,5383,53,2335,358,162,519,1,0
342816416744,151,7496,162,15233,359,162,520,1,0
342816428135,228,5209,52,2860,360,162,521,1,0
342816439080,250,5285,91,7688,361,162,522,1,0
342816450092,17,6230,51,2278,361,163,523,1,0
342816461175,287,5270,196,15523,362,163,524,1,0
342816472387,143,5218,146,7971,363,163,525,1,0
342816483508,16,6923,74,2373,363,164,526,1,0
342816494937,140,5885,49,2647,364,164,527,1,0
342816505783,193,5135,153,15034,365,164,528,1,0
342816516876,18,7091,53,2961,365,165,529,1,0
342816527902,135,5208,101,8867,366,165,530,1,0
342816539201,127,5503,156,15642,367,165,531,1,0
342816550635,59,6996,71,2825,367,166,532,1,0
342816562093,722,5179,116,8830,368,166,533,1,0
342816572603,195,5283,180,4786,369,166,534,1,0
342816583520,17,7371,87,1333,369,167,535,1,0
342816594787,1101,5637,49,1210,370,167,536,1,0
342816605643,272,4989,47,1205,371,167,537,1,0
342816616810,16,8931,46,1204,371,168,538,1,0
342816628103,185,5125,350,35703,372,168,539,1,0
342816639029,251,5218,75,4820,373,168,540,1,0
342816650088,24,6396,60,2647,373,169,541,1,0
342816661237,157,6393,316,15315,374,169,542,1,0
342816675575,360,5220,69,2819,375,169,543,1,0
342816683300,18,23488,117,2393,375,170,544,1,0
342816717992,333,7591,63,2493,376,170,545,1,0
342816729223,144,5105,95,7855,377,170,546,1,0
342816740498,135,5788,51,2530,378,170,547,1,0
342816751849,18,6419,52,2292,378,171,548,1,0
342816762921,281,5329,152,14670,379,171,549,1,0
342816773893,146,5268,100,8508,380,171,550,1,0
342816784975,17,7056,51,2304,380,172,551,1,0
342816796186,350,5044,807,15278,381,172,552,1,0
342816807313,361,5768,173,7929,382,172,553,1,0
342816818144,20,6848,59,2372,382,173,554,1,0
342816829590,151,5150,182,15861,383,173,555,1,0
342816840910,316,5457,135,7400,384,173,556,1,0
342816851637,19,9219,57,1344,384,174,557,1,0
342816862867,166,4768,72,4660,385,174,558,1,0
342816873990,171,4894,362,36094,386,174,559,1,0
342816884658,18,7204,78,4280,386,175,560,1,0
342816896279,169,5657,226,15325,387,175,561,1,0
342816907306,145,5284,55,3051,388,175,562,1,0
342816918325,19,6861,53,2449,388,176,563,1,0
342816929486,140,5798,70,2654,389,176,564,1,0
342816940762,137,5246,112,7674,390,176,565,1,0
342816951643,24,10199,54,2350,390,177,566,1,0
342816962537,140,5430,155,15472,391,177,567,1,0
342816973729,134,5304,104,8437,392,177,568,1,0
342816984615,19,6888,114,2328,392,178,569,1,0
342816996313,258,5537,49,2614,393,178,570,1,0
342817007210,130,5856,172,15112,394,178,571,1,0
342817018287,20,6537,60,2614,394,179,572,1,0
342817029318,152,5297,102,8435,395,179,573,1,0
342817040720,138,6678,187,15497,396,179,574,1,0
342817051691,18,9315,72,2394,396,180,575,1,0
342817062831,185,5021,56,2683,397,180,576,1,0
342817074008,148,5372,79,2629,398,180,577,1,0
342817084937,20,7000,630,2375,398,181,578,1,0
342817096594,1195,5214,156,7731,399,181,579,1,0
342817106972,197,5300,101,4719,400,181,580,1,0
342817118060,24,7082,53,1274,400,182,581,1,0
342817129862,187,5201,68,1231,401,182,582,1,0
342817140385,167,5398,450,36127,402,182,583,1,0
342817151690,19,9710,75,4303,402,183,584,1,0
342817162885,169,5983,62,3675,403,183,585,1,0
342817173907,141,5277,57,2502,404,183,586,1,0
342817184936,19,6856,54,2280,404,184,587,1,0
342817196319,152,5397,90,7802,405,184,588,1,0
342817207365,180,5105,169,14654,406,184,589,1,0
342817218469,21,7079,62,2559,406,185,590,1,0
342817229428,157,4933,101,8273,407,185,591,1,0
342817240566,313,5364,54,2679,408,185,592,1,0
342817251498,17,6739,54,2380,408,186,593,1,0
342817263018,160,5543,153,14822,409,186,594,1,0
342817273960,138,5655,107,8276,410,186,595,1,0
342817285013,19,6795,55,2422,410,187,596,1,0
342817296028,147,5368,162,15353,411,187,597,1,0
342817307248,181,5643,72,2961,412,187,598,1,0
342817318376,34,6516,63,2518,412,188,599,1,0
342817329352,168,5214,82,2663,413,188,600,1,0
342817340528,162,5643,220,7953,414,188,601,1,0
342817351653,31,8805,64,2470,414,189,602,1,0
342817362686,173,5120,63,3842,415,189,603,1,0
342817373631,200,5208,161,14888,416,189,604,1,0
342817384772,20,6746,58,2658,416,190,605,1,0
342817395951,223,4745,109,8377,417,190,606,1,0
342817407202,143,5499,158,14702,418,190,607,1,0
342817418279,19,7040,49,1726,418,191,608,1,0
342817429325,143,5078,325,32612,419,191,609,1,0
342817440466,142,5534,146,9884,420,191,610,1,0
342817451486,17,6908,55,2821,420,192,611,1,0
342817462597,301,5865,158,15903,421,192,612,1,0
342817473747,142,4967,102,8240,422,192,613,1,0
342817485028,21,6744,75,2478,422,193,614,1,0
342817495967,138,5384,52,2871,423,193,615,1,0
342817506935,393,4874,155,15089,424,193,616,1,0
342817518206,17,6855,54,2797,424,194,617,1,0
342817529236,138,4974,145,8638,425,194,618,1,0
342817540580,130,5878,158,15562,426,194,619,1,0
342817551626,16,9090,67,2728,426,195,620,1,0
342817563118,899,5093,64,3011,427,195,621,1,0
342817573767,238,5154,90,2710,428,195,622,1,0
342817584671,21,7078,77,2510,428,196,623,1,0
342817596420,173,6223,120,8352,429,196,624,1,0
342817607359,334,5495,122,2936,430,196,625,1,0
342817618885,20,6797,55,2376,430,197,626,1,0
342817629634,148,5033,154,15112,431,197,627,1,0
342817640349,299,5478,112,8422,432,197,628,1,0
342817651437,16,9344,59,2478,432,198,629,1,0
342817662532,180,4871,80,6421,433,198,630,1,0
342817674060,140,5114,404,34019,434,198,631,1,0
342817684969,19,6809,69,4204,434,199,632,1,0
342817696380,143,5400,98,8203,435,199,633,1,0
342817707390,135,5263,744,15219,436,199,634,1,0
342817718388,16,6974,53,2463,436,200,635,1,0
342817729350,136,5736,94,8119,437,200,636,1,0
342817740373,140,5243,69,2621,438,200,637,1,0
342817751520,15,9479,88,2297,438,201,638,1,0
342817762750,133,5137,156,14864,439,201,639,1,0
342817773760,330,4995,102,8645,440,201,640,1,0
342817784607,19,6770,51,2336,440,202,641,1,0
342817796104,134,5571,156,15448,441,202,642,1,0
342817807274,135,5971,73,3112,442,202,643,1,0
342817818143,16,6667,53,2293,442,203,644,1,0
342817829263,145,5488,119,7516,443,203,645,1,0
342817840316,2121,5616,80,2486,444,203,646,1,0
342817851885,18,6248,113,2207,444,204,647,1,0
342817862791,260,5471,59,3091,445,204,648,1,0
342817873787,148,5465,162,14969,446,204,649,1,0
342817884728,47,6696,57,2647,446,205,650,1,0
342817896301,159,5169,112,8335,447,205,651,1,0
342817907403,177,5719,201,15454,448,205,652,1,0
342817918147,19,6800,56,2670,448,206,653,1,0
342817929249,162,4958,53,2857,449,206,654,1,0
342817940369,158,5597,95,7110,450,206,655,1,0
342817951479,20,9333,50,1748,450,207,656,1,0
342817962507,150,4997,94,5114,451,207,657,1,0
342817973866,149,5395,703,35468,452,207,658,1,0
342817984916,24,7251,68,4179,452,208,659,1,0
342817996204,144,6134,52,2894,453,208,660,1,0
342818007255,138,5353,153,14913,454,208,661,1,0
342818018258,16,7189,56,2537,454,209,662,1,0
342818029533,145,5361,97,8091,455,209,663,1,0
342818040499,136,5093,159,15443,456,209,664,1,0
342818051647,18,8917,53,2639,456,210,665,1,0
342818062565,132,5278,116,2874,457,210,666,1,0
342818074451,317,5001,99,7796,458,210,667,1,0
342818085202,19,7558,69,2319,458,211,668,1,0
342818096270,183,6359,591,15543,459,211,669,1,0
342818107315,37,10520,100,2530,459,212,670,1,0
342818118805,387,16997,142,9442,460,212,671,1,0
342818147687,236,14917,68,2696,461,212,672,1,0
342818174495,190,9337,166,13483,462,212,673,1,0
342818185898,44,15445,62,2399,462,213,674,1,0
342818213201,267,13564,77,1691,463,213,675,1,0
342818238453,147,12879,63,1107,464,213,676,1,0
342818263428,178,14703,357,35705,465,213,677,1,0
342818289648,226,11657,116,9946,466,213,678,1,0
342818313162,169,5640,150,13151,467,213,679,1,0
342818324333,290,4903,96,7742,468,213,680,1,0
342818335262,20,7410,65,2413,468,214,681,1,0
342818346671,187,5495,159,14324,469,214,682,1,0
342818357859,921,5404,112,8463,470,214,683,1,0
342818369344,21,7629,130,2286,470,215,684,1,0
342818379665,180,5447,159,14875,471,215,685,1,0
342818390814,368,5626,108,8540,472,215,686,1,0
342818401774,18,8122,66,2426,472,216,687,1,0
342818413673,536,5950,181,15535,473,216,688,1,0
342818424026,183,5578,82,2884,474,216,689,1,0
342818435199,20,7078,56,2361,474,217,690,1,0
342818446230,153,5203,94,7626,475,217,691,1,0
342818457228,159,5629,206,15784,476,217,692,1,0
342818468624,18,7058,109,2524,476,218,693,1,0
342818479878,202,5192,102,8244,477,218,694,1,0
342818490785,155,5411,77,4961,478,218,695,1,0
342818502087,25,7089,50,1307,478,219,696,1,0
342818512971,181,5068,342,36054,479,219,697,1,0
342818524328,141,5455,181,10225,480,219,698,1,0
342818535078,23,6843,64,2668,480,220,699,1,0
342818546137,157,6041,152,14304,481,220,700,1,0
342818557236,162,5185,73,2902,482,220,701,1,0
342818568260,18,6868,55,2386,482,221,702,1,0
342818579904,159,5687,95,7905,483,221,703,1,0
342818591079,249,5156,164,15111,484,221,704,1,0
342818601713,18,6960,60,2681,484,222,705,1,0
342818613067,148,5393,102,9092,485,222,706,1,0
342818625179,307,5802,161,14566,486,222,707,1,0
342818635554,31,7071,67,2590,486,223,708,1,0
342818646469,158,5506,104,8467,487,223,709,1,0
342818657641,141,5812,271,15491,488,223,710,1,0
342818668771,17,7140,283,2731,488,224,711,1,0
342818679909,195,5522,158,2995,489,224,712,1,0
342818690945,154,5450,101,7752,490,224,713,1,0
342818702216,20,6639,63,2437,490,225,714,1,0
342818713483,246,5091,1199,15833,491,225,715,1,0
342818728504,7291,11708,320,8175,492,225,716,1,0
342818758779,210,7210,235,14600,493,225,717,1,0
342818769870,17,7711,56,2725,493,226,718,1,0
342818781412,147,4870,101,8681,494,226,719,1,0
342818792503,141,7495,162,15717,495,226,720,1,0
342818803535,79,7370,55,2673,495,227,721,1,0
342818814543,146,4868,157,2876,496,227,722,1,0
342818825619,152,5325,143,7728,497,227,723,1,0
342818837061,21,7735,66,2454,497,228,724,1,0
342818847974,225,5459,267,15716,498,228,725,1,0
342818858885,312,5094,100,8631,499,228,726,1,0
342818869892,16,7087,55,2471,499,229,727,1,0
342818881091,139,7343,960,13925,500,229,728,1,0
342818892681,673,7626,123,8429,501,229,729,1,0
342818903380,23,7132,66,2394,501,230,730,1,0
342818914334,169,5273,263,15234,502,230,731,1,0
342818925724,150,4915,58,2929,503,230,732,1,0
342818936809,23,6822,67,2444,503,231,733,1,0
342818947777,211,5048,105,7658,504,231,734,1,0
342818959286,621,5173,213,15704,505,231,735,1,0
342818969831,18,7229,65,2539,505,232,736,1,0
342818981297,157,5441,110,8334,506,232,737,1,0
342818992344,162,8231,155,2501,507,232,738,1,0
342819003451,22,6693,51,2283,507,233,739,1,0
342819014410,155,9950,161,15047,508,233,740,1,0
342819025940,129,5482,105,8448,509,233,741,1,0
342819036948,19,6963,52,2575,509,234,742,1,0
342819048162,196,4955,629,6440,510,234,743,1,0
342819059207,152,5788,382,34425,511,234,744,1,0
342819070368,17,7178,64,4274,511,235,745,1,0
342819081345,135,5031,96,8274,512,235,746,1,0
342819092099,160,5698,165,15285,513,235,747,1,0
342819103691,19,7344,100,2681,513,236,748,1,0
342819114720,180,4902,100,8821,514,236,749,1,0
342819127547,702,4844,74,2673,515,236,750,1,0
342819137036,20,7117,137,2317,515,237,751,1,0
342819148581,177,6549,63,2976,516,237,752,1,0
342819159164,146,5516,198,15420,517,237,753,1,0
342819170292,17,6749,59,2664,517,238,754,1,0
342819181261,133,7242,73,2969,518,238,755,1,0
342819192528,122,8399,90,7573,519,238,756,1,0
342819203792,18,6924,47,2343,519,239,757,1,0
342819214416,210,5581,374,15579,520,239,758,1,0
342819225538,225,4926,96,8246,521,239,759,1,0
342819236787,32,6748,49,2362,521,240,760,1,0
342819247897,138,5173,52,2651,522,240,761,1,0
342819258915,295,5808,173,15009,523,240,762,1,0
342819270036,69,6684,57,2844,523,241,763,1,0
342819280997,165,5420,118,8743,524,241,764,1,0
342819292087,133,5489,160,15764,525,241,765,1,0
342819303206,37,6729,52,2883,525,242,766,1,0
342819314689,132,9776,114,8859,526,242,767,1,0
342819326194,288,5511,153,15167,527,242,768,1,0
342819337212,29,7274,55,1687,527,243,769,1,0
342819348035,166,5081,46,1513,528,243,770,1,0
342819358742,154,5667,367,35718,529,243,771,1,0
342819370378,45,7188,74,4217,529,244,772,1,0
342819381438,346,8358,416,2895,530,244,773,1,0
342819392472,423,7251,172,15010,531,244,774,1,0
342819404455,935,9902,100,2624,531,245,775,1,0
342819426484,232,5354,82,4303,532,245,776,1,0
342819438067,17,5536,52,2318,532,246,777,1,0
342819449252,148,6842,100,7581,533,246,778,1,0
342819460418,140,5269,266,15344,534,246,779,1,0
342819471248,19,5672,63,2515,534,247,780,1,0
342819482546,166,7539,125,8148,535,247,781,1,0
342819493464,147,7325,54,2639,536,247,782,1,0
342819504557,34,5944,57,2375,536,248,783,1,0
342819515726,137,7681,200,14750,537,248,784,1,0
342819527050,152,4972,117,8483,538,248,785,1,0
342819537596,20,5982,55,2274,538,249,786,1,0
342819549303,162,7308,169,15382,539,249,787,1,0
342819559991,148,5376,56,3015,540,249,788,1,0
342819570896,17,5758,68,2493,540,250,789,1,0
342819582206,262,7618,220,2684,541,250,790,1,0
342819593470,195,6865,107,8065,542,250,791,1,0
342819604388,28,5638,49,2307,542,251,792,1,0
342819615396,159,9411,60,2460,543,251,793,1,0
342819626693,166,5499,157,14075,544,251,794,1,0
342819638039,17,5960,48,1647,544,252,795,1,0
342819648880,147,6921,49,1742,545,252,796,1,0
342819659910,141,5666,328,33425,546,252,797,1,0
342819671471,18,6043,71,4077,546,253,798,1,0
342819683096,178,7400,64,2748,547,253,799,1,0
342819693401,172,6713,126,7788,548,253,800,1,0
342819704554,19,6260,60,2474,548,254,801,1,0
342819715629,165,7425,166,14945,549,254,802,1,0
342819727768,171,5240,113,7922,550,254,803,1,0
342819738274,45,5215,84,2508,550,255,804,1,0
342819749441,156,7306,75,2885,551,255,805,1,0
342819760026,149,5207,149,14872,552,255,806,1,0
342819772557,209,5173,62,2394,553,255,807,1,0
342819782141,20,4983,58,1270,553,256,808,1,0
342819793413,152,5100,355,33674,554,256,809,1,0
342819804502,19,5796,68,4111,554,257,810,1,0
342819815546,142,7364,73,2766,555,257,811,1,0
342819826603,130,5323,68,2439,556,257,812,1,0
342819838384,19,5152,62,2245,556,258,813,1,0
342819849244,159,7319,117,9566,557,258,814,1,0
342819860188,131,5906,71,2491,558,258,815,1,0
342819871219,17,5713,44,2245,558,259,816,1,0
342819882291,136,7796,243,14060,559,259,817,1,0
342819893334,132,7097,62,2069,560,259,818,1,0
342819904506,28,6147,40,1279,560,260,819,1,0
342819915548,136,7214,45,1275,561,260,820,1,0
342819926502,186,5663,330,34581,562,260,821,1,0
342819937809,17,6451,70,4245,562,261,822,1,0
342819948850,170,6867,108,8239,563,261,823,1,0
342819960443,149,5586,159,15446,564,261,824,1,0
342819971536,20,5881,85,2661,564,262,825,1,0
342819982434,221,7425,103,8349,565,262,826,1,0
342819993477,137,6500,50,2855,566,262,827,1,0
342820004570,18,6229,54,2423,566,263,828,1,0
342820015610,138,6834,160,15013,567,263,829,1,0
342820026638,180,5486,101,8494,568,263,830,1,0
342820037882,18,5646,60,2398,568,264,831,1,0
342820048970,267,7526,163,15418,569,264,832,1,0
342820060253,224,5162,54,2843,570,264,833,1,0
342820070904,21,5999,54,2428,570,265,834,1,0
342820082610,150,7922,100,7615,571,265,835,1,0
342820093641,136,5029,51,2548,572,265,836,1,0
342820104376,45,13676,60,2234,572,266,837,1,0
342820131277,312,17242,158,14286,573,266,838,1,0
342820160809,178,13613,111,2706,574,266,839,1,0
342820185883,513,14390,53,1845,575,266,840,1,0
342820211994,170,17109,62,1603,576,266,841,1,0
342820240466,211,10755,351,35593,577,266,842,1,0
342820252458,129,16777,78,4558,578,266,843,1,0
342820280615,212,14625,90,3130,579,266,844,1,0
342820306826,168,5055,148,13588,580,266,845,1,0
342820318017,15,6933,59,2552,580,267,846,1,0
342820329255,136,5162,91,7828,581,267,847,1,0
342820339909,133,5978,160,15842,582,267,848,1,0
342820351985,34,8073,69,2740,582,268,849,1,0
342820362638,170,5345,189,9716,583,268,850,1,0
342820373990,137,6013,158,15141,584,268,851,1,0
342820385054,19,6688,128,2631,584,269,852,1,0
342820395707,481,5095,198,8503,585,269,853,1,0
342820406750,170,5353,170,15784,586,269,854,1,0
342820417891,21,6795,75,2681,586,270,855,1,0
342820429213,162,5516,64,2926,587,270,856,1,0
342820440470,135,5637,92,7683,588,270,857,1,0
342820451503,17,8431,51,2312,588,271,858,1,0
342820462717,143,5277,157,15837,589,271,859,1,0
342820473699,126,5879,91,7420,590,271,860,1,0
342820484880,18,6671,61,1387,590,272,861,1,0
342820495891,142,5119,85,4718,591,272,862,1,0
342820507130,117,5227,340,36032,592,272,863,1,0
342820518172,16,7279,63,4321,592,273,864,1,0
342820529509,121,5584,152,8532,593,273,865,1,0
342820540656,130,5429,183,14334,594,273,866,1,0
342820551666,16,7432,53,2663,594,274,867,1,0
342820562489,132,5885,48,2790,595,274,868,1,0
342820573811,126,5396,89,7762,596,274,869,1,0
342820584869,17,6748,69,2312,596,275,870,1,0
342820596080,273,5414,173,14902,597,275,871,1,0
342820607032,154,5303,47,1893,598,275,872,1,0
342820618326,15,6968,50,1211,598,276,873,1,0
342820629165,137,5575,373,35997,599,276,874,1,0
342820640159,121,6164,142,10087,600,276,875,1,0
342820651252,17,7625,52,2807,600,277,876,1,0
342820662332,268,5422,150,14214,601,277,877,1,0
342820673463,146,5430,59,2891,602,277,878,1,0
342820684552,19,6641,51,2305,602,278,879,1,0
342820695957,357,5263,93,7676,603,278,880,1,0
342820707153,143,5802,160,14822,604,278,881,1,0
342820718117,17,6844,52,2567,604,279,882,1,0
342820729521,457,5076,108,8393,605,279,883,1,0
342820740633,460,5266,61,2813,606,279,884,1,0
342820751933,52,7994,60,2371,606,280,885,1,0
342820762493,291,5849,159,15060,607,280,886,1,0
342820773519,279,5226,120,8445,608,280,887,1,0
342820784480,20,6757,59,2371,608,281,888,1,0
342820795827,150,5843,163,15403,609,281,889,1,0
342820806874,145,5098,78,3008,610,281,890,1,0
342820818053,18,6972,64,2443,610,282,891,1,0
342820829234,181,5232,120,7727,611,282,892,1,0
342820839934,336,4890,180,15896,612,282,893,1,0
342820851996,69,8034,67,2625,612,283,894,1,0
342820862540,202,5313,114,9753,613,283,895,1,0
342820873500,171,5838,159,15264,614,283,896,1,0
342820884523,18,6640,54,2779,614,284,897,1,0
342820895575,153,5573,110,8365,615,284,898,1,0
342820906990,267,5591,334,15604,616,284,899,1,0
342820918191,25,6677,59,2857,616,285,900,1,0
342820928828,333,5142,53,3055,617,285,901,1,0
342820941461,213,6244,110,7751,618,285,902,1,0
342820951268,18,6609,63,2518,618,286,903,1,0
342820962412,186,5231,170,16004,619,286,904,1,0
342820973493,171,5330,111,8413,620,286,905,1,0
342820984563,30,6751,62,2403,620,287,906,1,0
342820995637,181,5195,60,2747,621,287,907,1,0
342821006856,148,5307,152,14787,622,287,908,1,0
342821017942,17,7099,63,2318,622,288,909,1,0
342821029118,190,5074,357,28243,623,288,910,1,0
342821040209,168,5241,249,15654,624,288,911,1,0
342821051298,22,7446,99,2725,624,289,912,1,0
342821062974,477,5264,60,2868,625,289,913,1,0
342821073700,148,5291,105,7836,626,289,914,1,0
342821084773,21,7057,57,2273,626,290,915,1,0
342821095624,177,5356,166,15730,627,290,916,1,0
342821106934,185,4992,50,1808,628,290,917,1,0
342821117974,19,6950,54,1182,628,291,918,1,0
342821129289,175,5198,504,35944,629,291,919,1,0
342821140418,180,5522,160,9975,630,291,920,1,0
342821151323,22,7304,62,2856,630,292,921,1,0
342821162331,153,5511,149,14081,631,292,922,1,0
342821173448,152,5367,95,2926,632,292,923,1,0
342821184368,19,6274,51,2328,632,293,924,1,0
342821195921,169,5533,97,7706,633,293,925,1,0
342821207086,136,5667,198,14824,634,293,926,1,0
342821218128,18,6524,58,2608,634,294,927,1,0
342821229221,149,4983,101,8400,635,294,928,1,0
342821240132,177,5647,72,2845,636,294,929,1,0
342821251204,53,8950,70,2470,636,295,930,1,0
342821262455,275,5094,158,14080,637,295,931,1,0
342821273536,166,5635,57,2046,638,295,932,1,0
342821284565,21,6705,56,1295,638,296,933,1,0
342821295739,189,5177,334,33871,639,296,934,1,0
342821307069,152,5013,57,2202,640,296,935,1,0
342821318126,18,6894,49,1219,640,297,936,1,0
342821329295,169,5423,335,35586,641,297,937,1,0
342821340225,146,5289,190,17751,642,297,938,1,0
342821351463,20,7966,102,3056,642,298,939,1,0
342821362634,196,5667,108,8259,643,298,940,1,0
342821373689,157,5219,58,3336,644,298,941,1,0
342821384735,19,7090,59,2358,644,299,942,1,0
342821395526,149,5375,60,2990,645,299,943,1,0
342821406586,157,5450,162,15360,646,299,944,1,0
342821417940,19,6567,55,2484,646,300,945,1,0
342821429228,169,5824,51,2752,647,300,946,1,0
342821440378,143,5863,94,7782,648,300,947,1,0
342821451501,30,6414,241,2328,648,301,948,1,0
342821462731,183,5833,167,15603,649,301,949,1,0
342821473709,166,5520,94,7996,650,301,950,1,0
342821484723,17,6492,70,2330,650,302,951,1,0
342821495931,137,5592,48,2626,651,302,952,1,0
342821506949,125,5784,150,14942,652,302,953,1,0
342821518145,17,7169,58,2467,652,303,954,1,0
342821529067,170,5436,106,8082,653,303,955,1,0
342821540309,285,5569,167,15393,654,303,956,1,0
342821551465,21,7061,68,2694,654,304,957,1,0
342821563269,712,5103,119,8354,655,304,958,1,0
342821573690,23,5534,50,1358,655,305,959,1,0
342821584973,1993,7629,85,4501,656,305,960,1,0
342821595819,163,5935,323,33479,657,305,961,1,0
342821607006,197,5220,110,7636,658,305,962,1,0
342821618335,19,7026,54,1222,658,306,963,1,0
342821629225,176,5379,303,31989,659,306,964,1,0
342821640305,130,5278,74,4711,660,306,965,1,0
342821651411,19,6730,76,2680,660,307,966,1,0
342821662911,154,5545,163,14826,661,307,967,1,0
342821673622,20,6017,54,2637,661,308,968,1,0
342821684734,141,7667,55,2697,662,308,969,1,0
342821696027,125,5382,88,7658,663,308,970,1,0
342821707116,122,5942,160,15464,664,308,971,1,0
342821718257,16,7926,68,2690,664,309,972,1,0
342821729093,218,5378,107,8258,665,309,973,1,0
342821740151,129,5609,53,2680,666,309,974,1,0
342821751637,18,7110,44,2265,666,310,975,1,0
342821762680,138,5248,575,14799,667,310,976,1,0
342821773715,167,5792,158,8301,668,310,977,1,0
342821784999,17,7197,48,2216,668,311,978,1,0
342821796065,140,5584,156,15316,669,311,979,1,0
342821807204,130,5476,112,7676,670,311,980,1,0
342821818214,17,7211,43,1297,670,312,981,1,0
342821829321,152,4772,84,4502,671,312,982,1,0
342821840297,134,5852,333,33261,672,312,983,1,0
342821851616,20,7406,86,4094,672,313,984,1,0
342821862249,178,5965,116,9643,673,313,985,1,0
342821873430,21,5444,55,2365,673,314,986,1,0
342821884472,157,7368,88,5558,674,314,987,1,0
342821898102,587,6994,428,35953,675,314,988,1,0
342821907036,168,5250,179,17012,676,314,989,1,0
342821918048,22,6925,70,2984,676,315,990,1,0
342821929219,163,5234,55,2908,677,315,991,1,0
342821940314,188,5557,107,7713,678,315,992,1,0
342821951326,18,6574,49,2260,678,316,993,1,0
342821962482,329,5492,163,15398,679,316,994,1,0
342821973516,133,5585,114,7983,680,316,995,1,0
342821984629,18,6604,59,2523,680,317,996,1,0
342821995648,155,5551,54,2946,681,317,997,1,0
342822006807,135,5697,160,15104,682,317,998,1,0
342822017895,19,6646,52,2410,682,318,999,1,0
342822028947,142,5223,148,8366,683,318,1000,1,0
342822040270,143,5586,201,15353,684,318,1001,1,0
342822051737,75,6848,54,2579,684,319,1002,1,0
342822062585,280,5385,108,8513,685,319,1003,1,0
342822073810,165,5363,170,15733,686,319,1004,1,0
342822084659,19,6838,69,2790,686,320,1005,1,0
342822096096,181,6999,138,8062,687,320,1006,1,0
342822106862,18,10788,54,1682,687,321,1007,1,0
342822129071,930,21344,295,22186,688,321,1008,1,0
342822162975,902,14739,167,13936,689,321,1009,1,0
342822190115,194,10979,61,2482,690,321,1010,1,0
342822212866,184,16016,62,2181,691,321,1011,1,0
342822240529,646,8793,100,6975,692,321,1012,1,0
342822251842,21,15760,57,2129,692,322,1013,1,0
342822279082,221,14802,83,2699,693,322,1014,1,0
342822305383,158,7983,181,14519,694,322,1015,1,0
342822316438,136,7521,53,2613,695,322,1016,1,0
342822328033,121,5509,66,2311,696,322,1017,1,0
342822339176,118,5772,88,7600,697,322,1018,1,0
342822350289,19,6920,60,1743,697,323,1019,1,0
342822361155,156,6007,270,22025,698,323,1020,1,0
342822372072,17,6720,48,2300,698,324,1021,1,0
342822383667,229,7610,70,4935,699,324,1022,1,0
342822394518,121,5769,375,35992,700,324,1023,1,0
342822405894,191,5517,173,5222,701,324,1024,1,0
342822416799,48,6685,49,2626,701,325,1025,1,0
342822427914,124,5849,67,2569,702,325,1026,1,0
342822439105,123,5691,88,7633,703,325,1027,1,0
342822449776,17,8961,50,2436,703,326,1028,1,0
342822461006,182,5320,315,14439,704,326,1029,1,0
342822472311,116,6683,115,8018,705,326,1030,1,0
342822483535,22,7006,52,2289,705,327,1031,1,0
342822494785,198,5103,203,4995,706,327,1032,1,0
342822506317,228,5103,325,35964,707,327,1033,1,0
342822516914,20,7124,69,4271,707,328,1034,1,0
342822527785,217,4774,253,8543,708,328,1035,1,0
342822538762,159,5418,152,14386,709,328,1036,1,0
342822549966,18,8356,63,2721,709,329,1037,1,0
342822561296,134,5544,52,2947,710,329,1038,1,0
342822572339,16,6730,51,2428,710,330,1039,1,0
342822583480,137,7116,105,7970,711,330,1040,1,0
342822594578,120,5520,156,14932,712,330,1041,1,0
342822605739,174,5418,98,7230,713,330,1042,1,0
342822616760,20,7010,72,1703,713,331,1043,1,0
342822627761,144,5482,310,33482,714,331,1044,1,0
342822638823,133,5711,100,8858,715,331,1045,1,0
342822649995,17,8587,50,2404,715,332,1046,1,0
342822661099,132,4974,154,15281,716,332,1047,1,0
342822672150,121,4943,51,2923,717,332,1048,1,0
342822683524,15,7112,66,2323,717,333,1049,1,0
342822694990,273,5415,40,1765,718,333,1050,1,0
342822705659,133,5177,56,1139,719,333,1051,1,0
342822716690,15,7094,58,1139,719,334,1052,1,0
342822727711,121,5670,350,35475,720,334,1053,1,0
342822739134,265,5059,91,4549,721,334,1054,1,0
342822750184,19,8152,98,2626,721,335,1055,1,0
342822761341,199,5444,167,14900,722,335,1056,1,0
342822772493,146,5079,105,8258,723,335,1057,1,0
342822783500,20,6697,62,2350,723,336,1058,1,0
342822794507,326,5583,165,15428,724,336,1059,1,0
342822805893,154,5113,73,2790,725,336,1060,1,0
342822816666,26,7065,57,2456,725,337,1061,1,0
342822827669,289,5353,117,7931,726,337,1062,1,0
342822838706,221,5373,158,15710,727,337,1063,1,0
342822850079,17,7152,68,2662,727,338,1064,1,0
342822861181,160,5774,406,9777,728,338,1065,1,0
342822872042,205,5394,155,15239,729,338,1066,1,0
342822883954,18,6397,93,2743,729,339,1067,1,0
342822894639,136,5236,465,8496,730,339,1068,1,0
342822905773,156,5819,162,15721,731,339,1069,1,0
342822916758,17,7233,58,2648,731,340,1070,1,0
342822927911,137,5335,51,2933,732,340,1071,1,0
342822938924,130,5593,158,7830,733,340,1072,1,0
342822950176,21,8047,54,2357,733,341,1073,1,0
342822961028,158,5218,158,15833,734,341,1074,1,0
342822972358,17,6249,97,2702,734,342,1075,1,0
342822983243,141,7307,103,7652,735,342,1076,1,0
342822994213,182,5956,98,4874,736,342,1077,1,0
342823005880,22,5282,47,1307,736,343,1078,1,0
342823016783,168,7631,48,1267,737,343,1079,1,0
342823027777,155,5222,467,35799,738,343,1080,1,0
342823038780,280,5154,493,17176,739,343,1081,1,0
342823049953,22,6729,64,3096,739,344,1082,1,0
342823061328,168,5733,99,2917,740,344,1083,1,0
342823072013,17,5511,54,2393,740,345,1084,1,0
342823083198,239,7042,101,7679,741,345,1085,1,0
342823094427,130,5568,156,15560,742,345,1086,1,0
342823105448,273,5547,141,7052,743,345,1087,1,0
342823117036,16,6964,57,1846,743,346,1088,1,0
342823127814,180,5619,327,33687,744,346,1089,1,0
342823138829,143,5261,103,8628,745,346,1090,1,0
342823149967,19,8270,58,2356,745,347,1091,1,0
342823161248,159,5425,157,15471,746,347,1092,1,0
342823172255,145,5367,75,2956,747,347,1093,1,0
342823183455,19,7164,68,2309,747,348,1094,1,0
342823194546,127,5412,89,7707,748,348,1095,1,0
342823205644,119,5537,156,15465,749,348,1096,1,0
342823216782,16,6898,50,2806,749,349,1097,1,0
342823227863,136,5180,95,8549,750,349,1098,1,0
342823238896,139,5332,68,2345,751,349,1099,1,0
342823250063,28,8220,90,2112,751,350,1100,1,0
342823261253,266,5448,214,12877,752,350,1101,1,0
342823272166,22,6240,47,1588,752,351,1102,1,0
342823283177,233,7394,48,1636,753,351,1103,1,0
342823294680,172,5858,313,33497,754,351,1104,1,0
342823305984,307,4945,74,4141,755,351,1105,1,0
342823316798,21,7049,61,2581,755,352,1106,1,0
342823327926,151,5503,92,7802,756,352,1107,1,0
342823339164,193,4870,160,15027,757,352,1108,1,0
342823350021,16,8727,69,2672,757,353,1109,1,0
342823361156,162,5566,129,9636,758,353,1110,1,0
342823372344,19,6565,47,2407,758,354,1111,1,0
342823383491,160,7155,50,2387,759,354,1112,1,0
342823394447,121,5734,72,3074,760,354,1113,1,0
342823405596,129,5626,186,15367,761,354,1114,1,0
342823416709,17,6784,72,2715,761,355,1115,1,0
342823427759,124,5532,73,2873,762,355,1116,1,0
342823438858,126,5163,110,7523,763,355,1117,1,0
342823450079,20,7806,676,2382,763,356,1118,1,0
342823461518,236,5360,202,15470,764,356,1119,1,0
342823472582,153,5420,96,8140,765,356,1120,1,0
342823483605,19,6806,97,2317,765,357,1121,1,0
342823494709,129,5418,48,2704,766,357,1122,1,0
342823505623,123,5424,200,14877,767,357,1123,1,0
342823516903,16,7193,72,2612,767,358,1124,1,0
342823527906,136,5276,97,8294,768,358,1125,1,0
342823538991,196,5140,173,15370,769,358,1126,1,0
342823549806,20,8100,64,2607,769,359,1127,1,0
342823562017,163,5085,53,2289,770,359,1128,1,0
342823572958,30,5121,42,1231,770,360,1129,1,0
342823583190,347,7436,50,1230,771,360,1130,1,0
342823594858,145,6097,305,33205,772,360,1131,1,0
342823605613,290,5460,192,10138,773,360,1132,1,0
342823616484,18,6956,71,2712,773,361,1133,1,0
342823627603,155,5354,53,3368,774,361,1134,1,0
342823638667,219,5358,76,2784,775,361,1135,1,0
342823649692,19,8107,62,2256,775,362,1136,1,0
342823661068,153,5387,146,14680,776,362,1137,1,0
342823672274,156,5601,51,2785,777,362,1138,1,0
342823683135,17,6732,61,2300,777,363,1139,1,0
342823694697,186,5607,96,7705,778,363,1140,1,0
342823705777,146,5521,160,15698,779,363,1141,1,0
342823716897,16,6748,59,2403,779,364,1142,1,0
342823728121,158,5538,103,8225,780,364,1143,1,0
342823739081,148,5459,57,2621,781,364,1144,1,0
342823750338,19,6378,57,2298,781,365,1145,1,0
342823761355,1298,4734,185,14884,782,365,1146,1,0
342823772338,22,6335,52,2452,782,366,1147,1,0
342823783464,181,7612,106,8333,783,366,1148,1,0
342823794492,228,5081,158,15374,784,366,1149,1,0
342823805562,146,5151,55,3046,785,366,1150,1,0
342823816656,15,6936,56,2522,785,367,1151,1,0
342823827760,145,5022,50,2728,786,367,1152,1,0
342823838753,161,4933,100,8195,787,367,1153,1,0
342823849858,85,8279,57,2257,787,368,1154,1,0
342823861539,186,5099,104,1806,788,368,1155,1,0
342823872071,19,6063,197,1188,788,369,1156,1,0
342823883465,149,7296,113,5348,789,369,1157,1,0
342823894547,157,6208,333,36122,790,369,1158,1,0
342823905890,1533,4696,122,10051,791,369,1159,1,0
342823916865,18,7054,66,2757,791,370,1160,1,0
342823928056,382,5495,136,12545,792,370,1161,1,0
342823938780,358,6404,106,7695,793,370,1162,1,0
342823949871,20,7922,1293,2423,793,371,1163,1,0
342823960956,180,5423,307,14054,794,371,1164,1,0
342823972260,25,6362,57,2529,794,372,1165,1,0
342823983460,320,7206,113,8276,795,372,1166,1,0
342823994284,146,5490,54,2649,796,372,1167,1,0
342824005353,180,5537,155,14856,797,372,1168,1,0
342824016474,36,6410,74,2640,797,373,1169,1,0
342824027977,483,5137,101,8546,798,373,1170,1,0
342824039187,153,5624,362,15561,799,373,1171,1,0
342824050102,19,7791,92,2525,799,374,1172,1,0
342824061321,171,5314,116,2807,800,374,1173,1,0
342824072018,23,6863,68,2363,800,375,1174,1,0
342824083536,160,7068,102,7663,801,375,1175,1,0
342824094419,332,4773,52,2679,802,375,1176,1,0
342824105490,19,12562,91,2368,802,376,1177,1,0
342824129394,263,13122,136,4953,803,376,1178,1,0
342824154097,175,13500,356,35759,804,376,1179,1,0
342824179088,231,15716,97,5827,805,376,1180,1,0
342824206573,175,10982,108,7923,806,376,1181,1,0
342824229183,191,17867,66,2638,807,376,1182,1,0
342824258796,212,9658,164,13990,808,376,1183,1,0
342824270392,19,15855,69,2428,808,377,1184,1,0
342824297748,393,12192,94,2910,809,377,1185,1,0
342824321920,194,5403,60,2713,810,377,1186,1,0
342824332967,28,7018,54,2341,810,378,1187,1,0
342824343975,150,5312,99,8301,811,378,1188,1,0
342824355041,228,5251,86,2768,812,378,1189,1,0
342824366463,16,6796,83,2394,812,379,1190,1,0
342824377535,146,5022,159,15552,813,379,1191,1,0
342824388308,19,4809,112,2604,813,380,1192,1,0
342824399550,144,7943,126,8194,814,380,1193,1,0
342824410898,684,5733,78,4417,815,380,1194,1,0
342824421854,19,4997,44,1327,815,381,1195,1,0
342824432915,159,7191,47,1286,816,381,1196,1,0
342824444071,153,5654,344,35700,817,381,1197,1,0
342824455171,163,5735,178,17862,818,381,1198,1,0
342824466172,25,4603,56,2955,818,382,1199,1,0
342824477169,141,5611,63,1885,819,382,1200,1,0
342824488423,16,5572,43,1212,819,383,1201,1,0
342824499537,175,7476,423,35899,820,383,1202,1,0
342824511142,132,5551,233,16777,821,383,1203,1,0
342824521949,135,5699,102,8642,822,383,1204,1,0
342824533107,19,6345,76,2519,822,384,1205,1,0
342824544147,137,5559,160,15384,823,384,1206,1,0
342824555407,132,5155,53,3022,824,384,1207,1,0
342824566058,17,6963,58,2532,824,385,1208,1,0
342824577356,141,5269,97,8042,825,385,1209,1,0
342824588581,196,4927,75,2654,826,385,1210,1,0
342824599789,16,7375,59,2332,826,386,1211,1,0
342824610879,172,6007,57,2604,827,386,1212,1,0
342824621682,24,5268,48,2327,827,387,1213,1,0
342824632720,146,7428,160,15664,828,387,1214,1,0
342824643965,141,5160,98,8545,829,387,1215,1,0
342824655318,129,5114,314,15619,830,387,1216,1,0
342824666433,22,4706,55,2567,830,388,1217,1,0
342824677399,149,6021,63,2126,831,388,1218,1,0
342824688507,238,5400,331,35642,832,388,1219,1,0
342824699539,18,7032,65,4242,832,389,1220,1,0
342824710557,137,6674,166,16251,833,389,1221,1,0
342824721645,20,5651,71,2667,833,390,1222,1,0
342824733011,160,7333,101,8083,834,390,1223,1,0
342824744258,133,5423,53,2613,835,390,1224,1,0
342824755537,209,5033,154,14934,836,390,1225,1,0
342824766396,18,4749,62,2567,836,391,1226,1,0
342824777383,153,5706,51,2095,837,391,1227,1,0
342824797086,56,6066,52,1208,837,392,1228,1,0
342824815995,463,7557,476,34502,838,392,1229,1,0
342824826015,346,5049,130,9713,839,392,1230,1,0
342824837353,40,13716,115,2865,839,393,1231,1,0
342824862479,244,5554,116,5172,840,393,1232,1,0
342824873547,155,5564,180,16299,841,393,1233,1,0
342824884743,37,6762,68,2590,841,394,1234,1,0
342824895722,182,5345,103,8331,842,394,1235,1,0
342824906862,149,5376,171,15564,843,394,1236,1,0
342824917876,20,13990,101,2536,843,395,1237,1,0
342824943197,202,5444,112,8552,844,395,1238,1,0
342824954370,18,5303,53,2264,844,396,1239,1,0
342824965295,334,4746,167,15669,845,396,1240,1,0
342824976768,160,5850,100,7844,846,396,1241,1,0
342824987804,26,5529,54,2173,846,397,1242,1,0
342824998871,238,7338,131,4806,847,397,1243,1,0
342825010186,288,5667,373,35954,848,397,1244,1,0
342825021116,20,6155,66,4265,848,398,1245,1,0
342825032163,145,7134,109,8472,849,398,1246,1,0
342825043410,295,5630,150,14290,850,398,1247,1,0
342825054359,18,6677,58,2674,850,399,1248,1,0
342825065360,144,7284,123,2837,851,399,1249,1,0
342825076542,355,5597,94,7905,852,399,1250,1,0
342825088203,18,5648,61,2309,852,400,1251,1,0
342825099247,135,8018,667,14868,853,400,1252,1,0
342825110276,164,6701,95,8008,854,400,1253,1,0
342825121534,25,5403,51,2524,854,401,1254,1,0
342825132460,275,7011,151,14496,855,401,1255,1,0
342825143603,287,5075,673,8254,856,401,1256,1,0
342825154767,17,5154,51,2338,856,402,1257,1,0
342825165734,147,5802,265,15118,857,402,1258,1,0
342825176803,129,5226,70,2750,858,402,1259,1,0
342825187984,20,5245,69,2342,858,403,1260,1,0
342825199053,141,7466,94,7660,859,403,1261,1,0
342825210128,133,6509,157,15716,860,403,1262,1,0
342825221293,20,5151,50,2593,860,404,1263,1,0
342825231883,140,7545,104,8436,861,404,1264,1,0
342825243448,135,5470,48,2565,862,404,1265,1,0
342825254352,17,5424,55,2342,862,405,1266,1,0
342825265385,149,4973,245,15086,863,405,1267,1,0
342825276589,139,5928,161,7819,864,405,1268,1,0
342825287823,20,5463,55,1373,864,406,1269,1,0
342825298975,203,7685,440,6319,865,406,1270,1,0
342825309818,417,5385,316,34314,866,406,1271,1,0
342825321428,21,6669,436,4314,866,407,1272,1,0
342825332222,162,7197,52,1800,867,407,1273,1,0
342825343524,164,5659,304,32776,868,407,1274,1,0
342825355113,271,5813,76,4008,868,408,1275,1,0
342825365582,166,5299,104,8431,869,408,1276,1,0
342825376534,142,5644,74,5035,870,408,1277,1,0
342825387753,20,6108,40,1243,870,409,1278,1,0
342825398789,199,7608,448,35692,871,409,1279,1,0
342825409856,154,6959,458,17098,872,409,1280,1,0
342825421283,19,5722,73,3067,872,410,1281,1,0
342825432510,139,7137,57,2940,873,410,1282,1,0
342825443516,137,5221,106,7672,874,410,1283,1,0
342825454734,17,5314,163,2321,874,411,1284,1,0
342825466230,176,5390,245,15440,875,411,1285,1,0
342825476699,168,5409,100,7857,876,411,1286,1,0
342825487985,29,5332,53,2397,876,412,1287,1,0
342825498969,1306,7210,69,2814,877,412,1288,1,0
342825509807,152,5606,293,14878,878,412,1289,1,0
342825521372,19,5228,56,2494,878,413,1290,1,0
342825532256,150,7219,108,8450,879,413,1291,1,0
342825543445,146,4959,160,15384,880,413,1292,1,0
342825554594,29,5016,73,2582,880,414,1293,1,0
342825565222,142,7209,104,8499,881,414,1294,1,0
342825577167,309,5712,175,15654,882,414,1295,1,0
342825587917,19,5332,49,2568,882,415,1296,1,0
342825598657,144,7408,54,1662,883,415,1297,1,0
342825610148,191,7164,370,35803,884,415,1298,1,0
342825621301,20,5858,102,4363,884,416,1299,1,0
342825632371,156,7205,67,3524,885,416,1300,1,0
342825644714,312,6978,173,14957,886,416,1301,1,0
342825659765,273,5879,74,2986,887,416,1302,1,0
342825679851,604,9569,74,2592,888,416,1303,1,0
342825701187,305,7581,109,7446,889,416,1304,1,0
342825712901,148,5487,158,15519,890,416,1305,1,0
342825723860,150,5050,101,8218,891,416,1306,1,0
342825734652,19,6945,52,2255,891,417,1307,1,0
342825746171,153,5568,68,2557,892,417,1308,1,0
342825757273,128,6051,177,14865,893,417,1309,1,0
342825768184,19,6707,48,2471,893,418,1310,1,0
342825779185,125,5374,113,8031,894,418,1311,1,0
342825790039,135,5306,154,15238,895,418,1312,1,0
342825801646,15,6781,51,2684,895,419,1313,1,0
342825812631,138,5467,71,2992,896,419,1314,1,0
342825823990,126,5781,50,2717,897,419,1315,1,0
342825835199,16,7689,57,2491,897,420,1316,1,0
342825846149,148,5224,101,8378,898,420,1317,1,0
342825857177,150,5689,63,2484,899,420,1318,1,0
342825868236,19,10324,65,2296,899,421,1319,1,0
342825879405,201,5342,74,5497,900,421,1320,1,0
342825890740,135,7203,45,1247,901,421,1321,1,0
342825901345,19,6836,50,1201,901,422,1322,1,0
342825912597,195,5284,753,35815,902,422,1323,1,0
342825923727,290,5785,153,14672,903,422,1324,1,0
342825934917,19,7100,124,2865,903,423,1325,1,0
342825947205,174,5078,348,7873,904,423,1326,1,0
342825957258,143,5333,163,15532,905,423,1327,1,0
342825968181,20,10267,95,2662,905,424,1328,1,0
342825979273,127,5476,96,8331,906,424,1329,1,0
342825990290,170,4991,54,2726,907,424,1330,1,0
342826001538,23,7120,77,2433,907,425,1331,1,0
342826012858,142,5370,154,15036,908,425,1332,1,0
342826023896,133,5411,111,8379,909,425,1333,1,0
342826035111,18,6980,49,2342,909,426,1334,1,0
342826046158,139,5248,156,15383,910,426,1335,1,0
342826056932,120,5969,52,2995,911,426,1336,1,0
342826068124,18,7137,48,2405,911,427,1337,1,0
342826079262,123,5432,111,7731,912,427,1338,1,0
342826090414,138,5740,49,2683,913,427,1339,1,0
342826101564,17,14318,64,2294,913,428,1340,1,0
342826127775,206,13752,228,14575,914,428,1341,1,0
342826153126,271,13650,46,2176,915,428,1342,1,0
342826178335,675,14051,64,1175,916,428,1343,1,0
342826204328,290,13253,791,35484,917,428,1344,1,0
342826229375,229,17197,96,6171,918,428,1345,1,0
342826258268,191,9691,161,14754,919,428,1346,1,0
342826269603,18,14646,62,2639,919,429,1347,1,0
342826295866,171,12892,72,2849,920,429,1348,1,0
342826320129,177,6821,50,2678,921,429,1349,1,0
342826331282,124,5251,90,7552,922,429,1350,1,0
342826342481,139,5824,49,2615,923,429,1351,1,0
342826353998,55,6474,77,2309,923,430,1352,1,0
342826365185,152,7868,52,2598,924,430,1353,1,0
342826376251,127,6083,199,15425,925,430,1354,1,0
342826387139,17,6057,57,2558,925,431,1355,1,0
342826398513,122,7615,144,8165,926,431,1356,1,0
342826409502,148,7829,141,12458,927,431,1357,1,0
342826420619,172,6039,46,1563,927,432,1358,1,0
342826431739,232,6798,215,1772,928,432,1359,1,0
342826442380,155,5453,415,35640,929,432,1360,1,0
342826453849,39,6697,88,4390,929,433,1361,1,0
342826465060,375,4870,207,16198,930,433,1362,1,0
342826476044,178,5901,77,1880,931,433,1363,1,0
342826487322,32,6620,54,1244,931,434,1364,1,0
342826498407,194,7519,414,35961,932,434,1365,1,0
342826509561,138,7051,170,16929,933,434,1366,1,0
342826520622,35,6679,52,2900,933,435,1367,1,0
342826531718,158,7306,105,8272,934,435,1368,1,0
342826542811,144,5300,155,15485,935,435,1369,1,0
342826553789,20,6198,50,2520,935,436,1370,1,0
342826564959,126,7540,71,2777,936,436,1371,1,0
342826575912,143,5271,95,7533,937,436,1372,1,0
342826587134,21,6258,59,2330,937,437,1373,1,0
342826598404,150,7762,168,15544,938,437,1374,1,0
342826609374,157,7400,95,7709,939,437,1375,1,0
342826620486,86,6067,50,2305,939,438,1376,1,0
342826631889,231,7619,177,15722,940,438,1377,1,0
342826642785,167,5806,101,8484,941,438,1378,1,0
342826653793,19,5824,66,2346,941,439,1379,1,0
342826664937,136,5187,195,15228,942,439,1380,1,0
342826676116,125,6105,52,3067,943,439,1381,1,0
342826687263,17,5787,73,2482,943,440,1382,1,0
342826698355,309,7381,98,6820,944,440,1383,1,0
342826709401,167,7611,81,5413,945,440,1384,1,0
342826720605,34,6511,43,1325,945,441,1385,1,0
342826731514,406,4853,522,35903,946,441,1386,1,0
342826742556,156,5646,73,4668,947,441,1387,1,0
342826753737,21,6959,70,2621,947,442,1388,1,0
342826764968,167,4934,163,14949,948,442,1389,1,0
342826775628,139,5617,101,8287,949,442,1390,1,0
342826787095,17,6530,60,2268,949,443,1391,1,0
342826798260,140,7197,161,15221,950,443,1392,1,0
342826809313,160,7851,71,2773,951,443,1393,1,0
342826821136,19,5762,48,2398,951,444,1394,1,0
342826831582,128,7390,96,7827,952,444,1395,1,0
342826842675,272,5386,156,15721,953,444,1396,1,0
342826853918,56,6804,92,2805,953,445,1397,1,0
342826865054,150,5635,105,9121,954,445,1398,1,0
342826876225,132,5361,160,16093,955,445,1399,1,0
342826886828,17,6366,50,2513,955,446,1400,1,0
342826898187,121,7541,98,8351,956,446,1401,1,0
342826909211,119,7583,162,15561,957,446,1402,1,0
342826920696,30,6395,50,2924,957,447,1403,1,0
342826931831,129,7639,59,3062,958,447,1404,1,0
342826942490,131,6040,90,7672,959,447,1405,1,0
342826954227,90,5591,52,2359,959,448,1406,1,0
342826964880,151,6193,99,4703,960,448,1407,1,0
342826975872,146,5987,40,1244,961,448,1408,1,0
342826987375,18,6487,52,1196,961,449,1409,1,0
342826998393,214,7540,499,35837,962,449,1410,1,0
342827009705,136,6741,168,16693,963,449,1411,1,0
342827020502,24,6932,102,2965,963,450,1412,1,0
342827031663,133,4933,99,8239,964,450,1413,1,0
342827042802,124,5687,155,15434,965,450,1414,1,0
342827053951,17,7785,67,2681,965,451,1415,1,0
342827065090,166,4991,56,2927,966,451,1416,1,0
342827075689,143,5623,92,8007,967,451,1417,1,0
342827087091,15,6110,48,2261,967,452,1418,1,0
342827098064,145,7800,207,15535,968,452,1419,1,0
342827109800,186,7308,54,1854,969,452,1420,1,0
342827120357,21,6514,43,1165,969,453,1421,1,0
342827131513,140,7411,353,35961,970,453,1422,1,0
342827142550,125,4994,199,10002,971,453,1423,1,0
342827153579,15,6262,73,2821,971,454,1424,1,0
342827164917,125,7546,147,14169,972,454,1425,1,0
342827176204,137,5531,166,2820,973,454,1426,1,0
342827187409,606,5853,61,2377,973,455,1427,1,0
342827198096,211,7384,109,7821,974,455,1428,1,0
342827209374,173,7323,195,14967,975,455,1429,1,0
342827220658,21,5968,52,2510,975,456,1430,1,0
342827231822,140,10096,97,7393,976,456,1431,1,0
342827242877,132,5702,311,32667,977,456,1432,1,0
342827253865,17,6767,67,4214,977,457,1433,1,0
342827265067,127,5287,252,15405,978,457,1434,1,0
342827276124,161,5663,51,2147,979,457,1435,1,0
342827287149,21,6735,40,1165,979,458,1436,1,0
342827298240,205,6780,344,33772,980,458,1437,1,0
342827309328,217,6757,51,2172,981,458,1438,1,0
342827320395,21,6851,49,1127,981,459,1439,1,0
342827331494,210,4932,348,35529,982,459,1440,1,0
342827342806,146,5423,180,17643,983,459,1441,1,0
342827353875,19,5991,75,2929,983,460,1442,1,0
342827365051,154,5723,122,9749,984,460,1443,1,0
342827375803,139,5524,160,15121,985,460,1444,1,0
342827386916,19,6330,52,2722,985,461,1445,1,0
342827398687,147,7523,104,8362,986,461,1446,1,0
342827409300,152,7274,164,15536,987,461,1447,1,0
342827420429,19,5917,48,2764,987,462,1448,1,0
342827431715,126,7534,74,3033,988,462,1449,1,0
342827442680,118,5924,96,7715,989,462,1450,1,0
342827453654,16,6030,47,2440,989,463,1451,1,0
342827464834,122,5577,184,15602,990,463,1452,1,0
342827477544,269,5338,129,8064,991,463,1453,1,0
342827487334,27,6218,45,2267,991,464,1454,1,0
342827498134,134,7004,71,4892,992,464,1455,1,0
342827509203,128,7419,326,35672,993,464,1456,1,0
342827520695,18,6565,61,4272,993,465,1457,1,0
342827532106,376,7493,176,8453,994,465,1458,1,0
342827542532,172,5515,151,14291,995,465,1459,1,0
342827553993,18,6485,56,2701,995,466,1460,1,0
342827564708,143,5189,87,2933,996,466,1461,1,0
342827575677,161,5569,151,7618,997,466,1462,1,0
342827586966,20,6760,59,2282,997,467,1463,1,0
342827597908,189,7622,299,14748,998,467,1464,1,0
342827609294,167,7606,92,7847,999,467,1465,1,0
342827620634,28,6334,56,2321,999,468,1466,1,0
342827631848,139,7739,157,14852,1000,468,1467,1,0
342827642920,135,5493,98,8473,1001,468,1468,1,0
342827653823,30,6134,62,2271,1001,469,1469,1,0
342827664944,129,7216,255,15230,1002,469,1470,1,0
342827676090,115,4935,75,3096,1003,469,1471,1,0
342827687345,15,5888,44,2341,1003,470,1472,1,0
342827698009,272,7279,91,7466,1004,470,1473,1,0
342827709171,124,7408,154,15594,1005,470,1474,1,0
342827720674,18,5763,49,2804,1005,471,1475,1,0
342827731835,119,7499,99,8553,1006,471,1476,1,0
342827742494,133,6011,47,2516,1007,471,1477,1,0
342827753486,17,6676,40,1868,1007,472,1478,1,0
342827765179,117,7453,86,6096,1008,472,1479,1,0
342827775807,119,5837,317,35212,1009,472,1480,1,0
342827786958,30,6890,61,4205,1009,473,1481,1,0
342827798473,444,6953,219,15611,1010,473,1482,1,0
342827809497,155,6959,64,2195,1011,473,1483,1,0
342827820547,17,6693,44,1121,1011,474,1484,1,0
342827831427,197,5610,812,34833,1012,474,1485,1,0
342827842717,384,5506,339,17786,1013,474,1486,1,0
342827853888,32,6349,73,3032,1013,475,1487,1,0
342827864800,212,4812,118,9628,1014,475,1488,1,0
342827876164,144,5381,159,15045,1015,475,1489,1,0
342827887156,18,6029,52,2611,1015,476,1490,1,0
342827898359,135,7901,107,8368,1016,476,1491,1,0
342827909065,142,7537,161,15620,1017,476,1492,1,0
342827920225,18,6447,87,2605,1017,477,1493,1,0
342827931423,130,7157,73,2891,1018,477,1494,1,0
342827942420,121,5175,89,7765,1019,477,1495,1,0
342827953587,16,6188,48,2302,1019,478,1496,1,0
342827964808,120,7521,160,15604,1020,478,1497,1,0
342827975883,121,6055,160,8016,1021,478,1498,1,0
342827987429,19,5747,391,2373,1021,479,1499,1,0
342827997943,125,7590,70,2689,1022,479,1500,1,0
342828009109,121,7594,150,14979,1023,479,1501,1,0
342828020201,16,6576,50,2842,1023,480,1502,1,0
342828031396,119,7034,58,2004,1024,480,1503,1,0
342828042894,152,5851,302,33134,1025,480,1504,1,0
342828053715,17,7069,67,4053,1025,481,1505,1,0
342828064982,257,4815,111,2720,1026,481,1506,1,0
342828076088,229,5593,157,7774,1027,481,1507,1,0
342828087433,20,6321,52,2461,1027,482,1508,1,0
342828098405,241,15289,215,14908,1028,482,1509,1,0
342828125375,225,10054,275,6345,1029,482,1510,1,0
342828136680,37,13263,59,2458,1029,483,1511,1,0
342828161480,176,13849,62,2617,1030,483,1512,1,0
342828186719,231,12873,59,2476,1031,483,1513,1,0
342828211129,155,13588,55,2368,1032,483,1514,1,0
342828236195,152,13959,99,7888,1033,483,1515,1,0
342828261841,172,9427,76,5153,1034,483,1516,1,0
342828272794,28,10707,38,1317,1034,484,1517,1,0
342828284302,122,14962,41,1265,1035,484,1518,1,0
342828310909,160,6182,340,34008,1036,484,1519,1,0
342828321957,134,5216,132,9700,1037,484,1520,1,0
342828333202,17,7112,62,2742,1037,485,1521,1,0
342828344498,198,5435,158,15204,1038,485,1522,1,0
342828355639,872,4849,148,8238,1039,485,1523,1,0
342828366626,16,4756,159,2451,1039,486,1524,1,0
342828377559,148,5455,151,14799,1040,486,1525,1,0
342828388666,141,5561,100,8494,1041,486,1526,1,0
342828399897,31,6922,52,2396,1041,487,1527,1,0
342828410873,141,5914,156,15161,1042,487,1528,1,0
342828421886,149,5160,75,2815,1043,487,1529,1,0
342828432745,20,6871,74,2452,1043,488,1530,1,0
342828443970,139,4985,92,7675,1044,488,1531,1,0
342828455133,133,5247,159,15681,1045,488,1532,1,0
342828466556,164,6663,139,2839,1045,489,1533,1,0
342828477578,350,5403,652,8513,1046,489,1534,1,0
342828488647,135,5957,54,2465,1047,489,1535,1,0
342828500068,18,7201,49,2242,1047,490,1536,1,0
342828510959,140,5586,164,15039,1048,490,1537,1,0
342828522144,140,5407,103,8552,1049,490,1538,1,0
342828532944,19,6925,53,2433,1049,491,1539,1,0
342828543975,148,4987,157,15687,1050,491,1540,1,0
342828555610,281,5580,99,8355,1051,491,1541,1,0
342828566733,18,6739,52,2351,1051,492,1542,1,0
342828577683,151,5106,160,16072,1052,492,1543,1,0
342828588878,149,4976,62,1823,1053,492,1544,1,0
342828599485,18,7592,64,1200,1053,493,1545,1,0
342828611163,180,6293,346,35451,1054,493,1546,1,0
342828622170,17,5287,69,4380,1054,494,1547,1,0
342828632736,144,7803,80,5075,1055,494,1548,1,0
342828644226,143,5367,327,35568,1056,494,1549,1,0
342828655383,135,5128,73,5235,1057,494,1550,1,0
342828666439,16,6689,75,2692,1057,495,1551,1,0
342828677673,139,5577,71,2574,1058,495,1552,1,0
342828688846,484,4943,96,7509,1059,495,1553,1,0
342828699733,18,6994,53,2374,1059,496,1554,1,0
342828711250,206,5358,150,14304,1060,496,1555,1,0
342828722128,139,5447,102,7872,1061,496,1556,1,0
342828733248,21,6838,74,2446,1061,497,1557,1,0
342828744525,157,5154,150,2858,1062,497,1558,1,0
342828755502,136,5520,160,14822,1063,497,1559,1,0
342828766556,17,6444,57,2523,1063,498,1560,1,0
342828777560,150,5180,118,8384,1064,498,1561,1,0
342828788730,128,5445,177,15567,1065,498,1562,1,0
342828799726,18,7151,72,2657,1065,499,1563,1,0
342828810784,135,5084,71,2872,1066,499,1564,1,0
342828821870,123,5152,51,2528,1067,499,1565,1,0
342828833056,15,6665,73,2426,1067,500,1566,1,0
342828844109,139,5034,95,8214,1068,500,1567,1,0
342828855147,418,5246,60,2489,1069,500,1568,1,0
342828866180,18,6905,57,2279,1069,501,1569,1,0
342828877583,314,5786,74,5509,1070,501,1570,1,0
342828888630,138,5206,325,35758,1071,501,1571,1,0
342828899736,19,6947,122,4232,1071,502,1572,1,0
342828910842,134,5226,58,3625,1072,502,1573,1,0
342828921873,382,5266,61,2463,1073,502,1574,1,0
342828933092,19,7110,140,2210,1073,503,1575,1,0
342828944333,463,5082,94,7593,1074,503,1576,1,0
342828955621,241,4838,152,14413,1075,503,1577,1,0
342828966290,18,4869,52,2530,1075,504,1578,1,0
342828977406,146,5678,95,8073,1076,504,1579,1,0
342828988531,18,5486,51,2398,1076,505,1580,1,0
342828999842,155,7164,79,2834,1077,505,1581,1,0
342829011134,338,5229,151,14772,1078,505,1582,1,0
342829022067,132,5240,98,8505,1079,505,1583,1,0
342829033183,20,6520,72,2322,1079,506,1584,1,0
342829044233,139,5380,170,15142,1080,506,1585,1,0
342829055291,130,5411,53,2974,1081,506,1586,1,0
342829066436,17,6739,52,2471,1081,507,1587,1,0
342829077387,151,5241,91,7822,1082,507,1588,1,0
342829088446,130,5301,112,2573,1083,507,1589,1,0
342829099524,19,7413,63,2269,1083,508,1590,1,0
342829111068,393,4851,55,2535,1084,508,1591,1,0
342829121843,151,5425,159,15347,1085,508,1592,1,0
342829132967,19,6902,53,2554,1085,509,1593,1,0
342829144677,147,5176,103,8434,1086,509,1594,1,0
342829155177,306,5066,312,14725,1087,509,1595,1,0
342829166325,17,6628,66,1537,1087,510,1596,1,0
342829177351,199,5875,62,1969,1088,510,1597,1,0
342829188367,47,4896,102,1212,1088,511,1598,1,0
342829199742,277,7376,62,1188,1089,511,1599,1,0
342829211079,127,5543,347,32642,1090,511,1600,1,0
342829222224,142,4900,109,10132,1091,511,1601,1,0
342829233487,28,6995,56,2759,1091,512,1602,1,0
342829244423,155,5221,73,2782,1092,512,1603,1,0
342829255539,369,4748,149,14460,1093,512,1604,1,0
342829266422,27,4780,49,2353,1093,513,1605,1,0
342829277564,134,5343,98,8242,1094,513,1606,1,0
342829288673,128,5380,230,15366,1095,513,1607,1,0
342829299751,19,6900,54,2730,1095,514,1608,1,0
342829310876,137,5850,77,2907,1096,514,1609,1,0
342829322040,162,5175,178,7988,1097,514,1610,1,0
342829333082,163,6657,72,2357,1097,515,1611,1,0
342829344096,137,5396,155,15605,1098,515,1612,1,0
342829355256,401,5243,106,7651,1099,515,1613,1,0
342829366583,167,6256,83,2294,1099,516,1614,1,0
342829377384,242,5195,162,15668,1100,516,1615,1,0
342829388771,145,5293,108,8399,1101,516,1616,1,0
342829399806,26,7182,57,2469,1101,517,1617,1,0
342829410811,150,5565,162,15384,1102,517,1618,1,0
342829421938,149,5301,56,2977,1103,517,1619,1,0
342829433089,17,28222,109,2420,1103,518,1620,1,0
342829472983,393,5591,91,2312,1104,518,1621,1,0
342829487761,42,5808,46,1910,1104,519,1622,1,0
342829495217,246,5733,270,28323,1105,519,1623,1,0
342829506300,139,5080,158,14974,1106,519,1624,1,0
342829517362,29,6991,99,2583,1106,520,1625,1,0
342829528494,151,6444,108,8376,1107,520,1626,1,0
342829539668,140,5332,162,15617,1108,520,1627,1,0
342829550595,19,7131,52,2545,1108,521,1628,1,0
342829561605,143,5574,50,2833,1109,521,1629,1,0
342829572673,130,5097,92,7771,1110,521,1630,1,0
342829583995,26,6811,61,2088,1110,522,1631,1,0
342829595197,150,5508,219,15660,1111,522,1632,1,0
342829606345,438,5291,131,7973,1112,522,1633,1,0
342829617290,26,6931,56,2235,1112,523,1634,1,0
342829628406,184,5339,150,14432,1113,523,1635,1,0
342829639429,141,5736,100,8007,1114,523,1636,1,0
342829650594,18,6485,48,2021,1114,524,1637,1,0
342829661563,137,5716,153,14991,1115,524,1638,1,0
342829672811,136,5587,52,2807,1116,524,1639,1,0
342829684035,17,6602,52,2091,1116,525,1640,1,0
342829695233,143,5408,95,7386,1117,525,1641,1,0
342829706269,143,5497,159,15541,1118,525,1642,1,0
342829717384,17,7085,73,2456,1118,526,1643,1,0
342829728319,134,5013,116,8285,1119,526,1644,1,0
342829739340,295,5468,48,2251,1120,526,1645,1,0
342829750437,22,6937,47,2016,1120,527,1646,1,0
342829761485,133,4990,150,14844,1121,527,1647,1,0
342829772661,290,5186,74,1915,1122,527,1648,1,0
342829783799,18,7639,54,1143,1122,528,1649,1,0
342829795469,168,5241,686,33374,1123,528,1650,1,0
342829806333,21,4642,65,4022,1123,529,1651,1,0
342829817229,155,7541,52,2099,1124,529,1652,1,0
342829828400,138,5917,447,35213,1125,529,1653,1,0
342829839733,162,5107,185,17660,1126,529,1654,1,0
342829850625,19,7658,109,3012,1126,530,1655,1,0
342829861742,299,5245,106,8141,1127,530,1656,1,0
342829872753,160,4848,82,3873,1128,530,1657,1,0
342829883816,15,6878,74,2449,1128,531,1658,1,0
342829894921,147,5420,73,3086,1129,531,1659,1,0
342829906369,156,5250,163,15385,1130,531,1660,1,0
342829917554,16,6896,78,2766,1130,532,1661,1,0
342829928357,140,6767,51,2951,1131,532,1662,1,0
342829939519,137,5791,97,7894,1132,532,1663,1,0
342829950662,19,6755,58,2309,1132,533,1664,1,0
342829961693,147,5640,158,15544,1133,533,1665,1,0
342829972927,131,5676,98,8086,1134,533,1666,1,0
342829983808,18,7081,92,2313,1134,534,1667,1,0
342829995201,144,5256,53,2616,1135,534,1668,1,0
342830005825,142,5587,162,15102,1136,534,1669,1,0
342830017099,16,7072,54,2639,1136,535,1670,1,0
342830028202,149,4864,148,7548,1137,535,1671,1,0
342830039451,136,5427,65,4253,1138,535,1672,1,0
342830050289,19,6877,42,1263,1138,536,1673,1,0
342830062353,145,5336,338,34328,1139,536,1674,1,0
342830072898,142,5689,277,9665,1140,536,1675,1,0
342830084155,17,6735,64,2693,1140,537,1676,1,0
342830095330,136,13349,290,15127,1141,537,1677,1,0
342830120369,176,13653,303,7992,1142,537,1678,1,0
342830145673,168,15134,78,5020,1143,537,1679,1,0
342830172458,156,11627,165,15450,1144,537,1680,1,0
342830195456,187,14917,102,7670,1145,537,1681,1,0
342830221825,150,10891,166,15527,1146,537,1682,1,0
342830246212,270,14619,128,7635,1147,537,1683,1,0
342830272574,140,11506,159,15196,1148,537,1684,1,0
342830295834,180,9585,81,3050,1149,537,1685,1,0
342830306817,306,5073,192,1791,1150,537,1686,1,0
342830317845,18,7126,42,1162,1150,538,1687,1,0
342830329084,131,5131,318,35203,1151,538,1688,1,0
342830340226,136,5120,177,17644,1152,538,1689,1,0
342830351439,15,7567,73,3005,1152,539,1690,1,0
342830362631,216,5999,661,8256,1153,539,1691,1,0
342830373780,307,5120,61,3537,1154,539,1692,1,0
342830384850,16,7077,57,2492,1154,540,1693,1,0
342830395801,141,5393,57,3184,1155,540,1694,1,0
342830406914,478,4832,172,15627,1156,540,1695,1,0
342830417837,18,6929,58,2509,1156,541,1696,1,0
342830429058,289,5394,51,2755,1157,541,1697,1,0
342830440879,154,4942,94,7700,1158,541,1698,1,0
342830451353,17,7106,57,2268,1158,542,1699,1,0
342830462255,143,5500,281,15511,1159,542,1700,1,0
342830473620,150,5888,100,8237,1160,542,1701,1,0
342830484612,24,6496,54,2300,1160,543,1702,1,0
342830495668,147,5451,70,2588,1161,543,1703,1,0
342830506614,141,5773,218,15000,1162,543,1704,1,0
342830518168,20,6357,54,2545,1162,544,1705,1,0
342830529218,164,5098,239,8375,1163,544,1706,1,0
342830540280,147,5693,158,15509,1164,544,1707,1,0
342830551377,15,8004,55,2694,1164,545,1708,1,0
342830562378,149,5148,51,2991,1165,545,1709,1,0
342830573433,126,5622,56,2673,1166,545,1710,1,0
342830584609,18,6745,53,2448,1166,546,1711,1,0
342830595630,281,5094,109,7575,1167,546,1712,1,0
342830606604,191,5545,82,4811,1168,546,1713,1,0
342830618510,27,8088,43,1287,1168,547,1714,1,0
342830629090,153,5539,449,35632,1169,547,1715,1,0
342830640288,138,5359,190,16900,1170,547,1716,1,0
342830651247,16,7114,111,2930,1170,548,1717,1,0
342830662427,138,6008,51,3020,1171,548,1718,1,0
342830673415,135,5273,54,2742,1172,548,1719,1,0
342830684563,19,7158,52,2510,1172,549,1720,1,0
342830695619,415,5269,94,7720,1173,549,1721,1,0
342830706602,141,5124,163,15464,1174,549,1722,1,0
342830717700,19,6928,76,2727,1174,550,1723,1,0
342830728863,146,5647,102,8398,1175,550,1724,1,0
342830740607,216,4915,72,2794,1176,550,1725,1,0
342830751114,16,6475,63,2386,1176,551,1726,1,0
342830762366,161,5651,153,14987,1177,551,1727,1,0
342830773751,135,6061,102,8301,1178,551,1728,1,0
342830784629,19,6473,50,2403,1178,552,1729,1,0
342830795659,133,5442,155,15329,1179,552,1730,1,0
342830806877,159,5624,106,3085,1180,552,1731,1,0
342830817995,18,6267,53,2471,1180,553,1732,1,0
342830829025,137,5075,68,2646,1181,553,1733,1,0
342830840167,296,5485,94,7952,1182,553,1734,1,0
342830852149,17,7489,69,2423,1182,554,1735,1,0
342830862211,188,5108,51,2370,1183,554,1736,1,0
342830873312,130,5675,149,14351,1184,554,1737,1,0
342830884376,28,6747,66,2104,1184,555,1738,1,0
342830895914,143,5228,56,2520,1185,555,1739,1,0
342830906675,168,5240,367,35777,1186,555,1740,1,0
342830917750,20,6953,71,4213,1186,556,1741,1,0
342830929205,145,5190,139,13167,1187,556,1742,1,0
342830940318,142,5275,299,7839,1188,556,1743,1,0
342830951522,17,7265,66,2411,1188,557,1744,1,0
342830962604,173,5955,159,15438,1189,557,1745,1,0
342830973520,130,5267,104,8045,1190,557,1746,1,0
342830984601,19,7248,60,2273,1190,558,1747,1,0
342830995614,147,5505,51,2561,1191,558,1748,1,0
342831006698,139,5508,154,14933,1192,558,1749,1,0
342831017791,19,6926,61,2663,1192,559,1750,1,0
342831028966,170,5113,100,8571,1193,559,1751,1,0
342831040307,134,5410,276,15614,1194,559,1752,1,0
342831051087,28,6627,59,2624,1194,560,1753,1,0
342831062476,143,5517,74,2907,1195,560,1754,1,0
342831073479,133,5889,94,7521,1196,560,1755,1,0
342831084734,18,7039,54,2472,1196,561,1756,1,0
342831095700,129,5559,157,15535,1197,561,1757,1,0
342831106729,168,5445,97,7379,1198,561,1758,1,0
342831118151,15,6711,47,1888,1198,562,1759,1,0
342831128963,305,5022,338,33812,1199,562,1760,1,0
342831139998,152,5513,109,9188,1200,562,1761,1,0
342831151270,20,7261,80,2534,1200,563,1762,1,0
342831162381,173,5240,156,15584,1201,563,1763,1,0
342831173389,138,9619,78,2792,1202,563,1764,1,0
342831185602,20,7511,60,2386,1202,564,1765,1,0
342831195688,165,5188,82,6829,1203,564,1766,1,0
342831206576,136,5185,211,5420,1204,564,1767,1,0
342831217760,17,6957,43,1328,1204,565,1768,1,0
342831229189,164,4995,349,35912,1205,565,1769,1,0
342831240307,133,5314,87,4633,1206,565,1770,1,0
342831251007,17,6903,55,2645,1206,566,1771,1,0
342831262364,163,6018,195,15009,1207,566,1772,1,0
342831273425,195,5192,100,8210,1208,566,1773,1,0
342831284430,20,6956,118,2399,1208,567,1774,1,0
342831295462,139,5362,211,15223,1209,567,1775,1,0
342831306663,134,5080,52,2920,1210,567,1776,1,0
342831318170,15,8079,57,2443,1210,568,1777,1,0
342831329211,142,5171,191,7865,1211,568,1778,1,0
342831340360,155,4928,161,15842,1212,568,1779,1,0
342831350940,16,8060,69,2713,1212,569,1780,1,0
342831362327,326,5416,106,8482,1213,569,1781,1,0
342831373652,186,5887,162,15065,1214,569,1782,1,0
342831385213,19,7842,60,2713,1214,570,1783,1,0
342831395757,146,5330,103,8319,1215,570,1784,1,0
342831406655,148,5372,183,15414,1216,570,1785,1,0
342831417909,16,6198,53,2759,1216,571,1786,1,0
342831429019,136,5272,102,3035,1217,571,1787,1,0
342831440441,135,5506,114,7887,1218,571,1788,1,0
342831451607,26,6727,58,2327,1218,572,1789,1,0
342831462750,494,4973,980,15839,1219,572,1790,1,0
342831473417,291,5531,101,8263,1220,572,1791,1,0
342831484542,19,6768,89,2361,1220,573,1792,1,0
342831495687,173,5407,75,4929,1221,573,1793,1,0
342831506662,138,8164,42,1258,1222,573,1794,1,0
342831518118,17,7592,47,1212,1222,574,1795,1,0
342831529177,145,5558,40,1211,1223,574,1796,1,0
342831541953,482,5685,346,33697,1224,574,1797,1,0
342831551292,16,6986,68,4098,1224,575,1798,1,0
342831562897,156,5141,71,2742,1225,575,1799,1,0
342831573421,142,5309,114,7659,1226,575,1800,1,0
342831584451,18,7095,54,2314,1226,576,1801,1,0
342831595509,133,5786,208,14936,1227,576,1802,1,0
342831606813,993,7176,102,7879,1228,576,1803,1,0
342831618178,25,7202,54,2404,1228,577,1804,1,0
342831629182,173,5574,55,3251,1229,577,1805,1,0
342831640229,130,5265,61,2909,1230,577,1806,1,0
342831651430,20,8190,61,2254,1230,578,1807,1,0
342831662296,345,5182,161,15008,1231,578,1808,1,0
342831673508,567,5306,57,2765,1232,578,1809,1,0
342831684464,20,6621,466,2372,1232,579,1810,1,0
342831696119,154,5618,144,7577,1233,579,1811,1,0
342831706610,154,5687,221,15557,1234,579,1812,1,0
342831717744,17,6716,55,2614,1234,580,1813,1,0
342831728987,166,5485,100,8355,1235,580,1814,1,0
342831739907,295,5494,57,2709,1236,580,1815,1,0
342831751022,19,6880,51,2267,1236,581,1816,1,0
342831762616,149,4997,153,15008,1237,581,1817,1,0
342831773289,143,5733,128,8352,1238,581,1818,1,0
342831784536,17,6549,49,2273,1238,582,1819,1,0
342831795506,134,5507,155,15209,1239,582,1820,1,0
342831806671,149,8349,92,7632,1240,582,1821,1,0
342831818003,15,6977,42,1262,1240,583,1822,1,0
342831829065,190,4910,62,4491,1241,583,1823,1,0
342831840004,400,5484,49,1290,1242,583,1824,1,0
342831851274,34,7855,60,1226,1242,584,1825,1,0
342831862201,674,5450,363,35653,1243,584,1826,1,0
342831873737,150,5433,76,5263,1244,584,1827,1,0
342831884745,19,7034,58,2681,1244,585,1828,1,0
342831895512,144,5371,60,2960,1245,585,1829,1,0
342831906960,355,5437,162,15284,1246,585,1830,1,0
342831917708,17,6783,57,2485,1246,586,1831,1,0
342831929227,341,5051,92,2705,1247,586,1832,1,0
342831939956,145,5608,97,7632,1248,586,1833,1,0
342831951381,19,7069,56,2303,1248,587,1834,1,0
342831962888,200,5167,168,15454,1249,587,1835,1,0
342831973619,161,5887,129,8116,1250,587,1836,1,0
342831984635,21,7099,58,2434,1250,588,1837,1,0
342831995529,151,5493,75,2806,1251,588,1838,1,0
342832006569,160,5405,160,15065,1252,588,1839,1,0
342832018066,17,6141,53,2451,1252,589,1840,1,0
342832029185,150,5435,144,8245,1253,589,1841,1,0
342832040190,138,5424,162,15396,1254,589,1842,1,0
342832051716,22,7567,59,2697,1254,590,1843,1,0
342832062280,155,5157,58,2923,1255,590,1844,1,0
342832073525,286,5476,54,2647,1256,590,1845,1,0
342832084635,18,6587,85,2440,1256,591,1846,1,0
342832095609,153,14067,70,2434,1257,591,1847,1,0
342832121375,178,12672,108,8201,1258,591,1848,1,0
342832145933,229,16002,173,15037,1259,591,1849,1,0
342832173389,270,10158,85,2943,1260,591,1850,1,0
342832184667,18,12877,54,2484,1260,592,1851,1,0
342832208803,163,17368,65,2709,1261,592,1852,1,0
342832237659,196,12432,113,8214,1262,592,1853,1,0
342832261994,196,14794,87,4902,1263,592,1854,1,0
342832288608,148,10432,338,35695,1264,592,1855,1,0
342832300246,118,8089,177,17072,1265,592,1856,1,0
342832310868,191,5026,122,8155,1266,592,1857,1,0
342832322180,342,5242,209,5693,1267,592,1858,1,0
342832333128,20,7200,48,1295,1267,593,1859,1,0
342832344183,409,5652,307,33097,1268,593,1860,1,0
342832355421,652,5324,127,10024,1269,593,1861,1,0
342832366369,19,10529,69,2659,1269,594,1862,1,0
342832377729,207,5605,64,3726,1270,594,1863,1,0
342832388448,266,5180,54,2790,1271,594,1864,1,0
342832399307,28,6829,55,2253,1271,595,1865,1,0
342832411032,150,5751,155,14705,1272,595,1866,1,0
342832421984,129,5886,82,2886,1273,595,1867,1,0
342832433182,19,6810,49,2310,1273,596,1868,1,0
342832444366,124,5802,114,7577,1274,596,1869,1,0
342832454942,209,5270,155,15488,1275,596,1870,1,0
342832466008,16,6815,76,2549,1275,597,1871,1,0
342832477276,131,5521,111,8189,1276,597,1872,1,0
342832488389,164,5722,58,2609,1277,597,1873,1,0
342832499694,19,7398,69,2357,1277,598,1874,1,0
342832510957,139,5128,145,14900,1278,598,1875,1,0
342832522067,136,5803,136,8043,1279,598,1876,1,0
342832533184,18,6910,67,2246,1279,599,1877,1,0
342832543863,185,5030,154,15335,1280,599,1878,1,0
342832555226,118,5082,94,7987,1281,599,1879,1,0
342832566804,51,6830,110,1729,1281,600,1880,1,0
342832577378,197,5860,210,21908,1282,600,1881,1,0
342832588690,262,4798,170,15937,1283,600,1882,1,0
342832599444,20,7520,88,2618,1283,601,1883,1,0
342832610580,354,5389,167,8357,1284,601,1884,1,0
342832622419,164,5029,66,2795,1285,601,1885,1,0
342832633183,19,6996,50,2172,1285,602,1886,1,0
342832643821,138,5641,71,2820,1286,602,1887,1,0
342832655008,220,5448,155,15411,1287,602,1888,1,0
342832666244,30,6186,69,2445,1287,603,1889,1,0
342832677393,125,5602,85,2752,1288,603,1890,1,0
342832688328,119,5443,99,7591,1289,603,1891,1,0
342832699589,20,7091,67,2145,1289,604,1892,1,0
342832710491,139,5246,156,15479,1290,604,1893,1,0
342832721515,173,5735,104,8089,1291,604,1894,1,0
342832733236,19,7324,59,2060,1291,605,1895,1,0
342832744204,473,4630,49,2339,1292,605,1896,1,0
342832754895,132,5298,163,14894,1293,605,1897,1,0
342832766543,18,8532,56,2450,1293,606,1898,1,0
342832777595,171,5393,93,8091,1294,606,1899,1,0
342832788765,123,5339,262,15103,1295,606,1900,1,0
342832799910,17,6861,64,2116,1295,607,1901,1,0
342832810462,134,6145,48,2637,1296,607,1902,1,0
342832821986,127,4914,57,1207,1297,607,1903,1,0
342832833227,26,7129,60,1191,1297,608,1904,1,0
342832843941,125,5399,327,32734,1298,608,1905,1,0
342832855094,709,4844,48,1738,1299,608,1906,1,0
342832866111,18,7070,70,1136,1299,609,1907,1,0
342832877258,143,5677,329,35535,1300,609,1908,1,0
342832888602,125,5335,71,4879,1301,609,1909,1,0
342832899667,18,6918,72,2589,1301,610,1910,1,0
342832910883,137,5754,193,15256,1302,610,1911,1,0
342832923284,379,5069,111,2831,1303,610,1912,1,0
342832933185,30,7143,80,2322,1303,611,1913,1,0
342832944176,184,5398,96,7532,1304,611,1914,1,0
342832955271,158,5418,177,15491,1305,611,1915,1,0
342832966195,30,6352,99,2624,1305,612,1916,1,0
342832977328,209,5520,152,8399,1306,612,1917,1,0
342832988484,156,5370,59,2573,1307,612,1918,1,0
342833000087,34,6702,52,2288,1307,613,1919,1,0
342833010740,140,5214,154,14991,1308,613,1920,1,0
342833021765,131,5665,100,8472,1309,613,1921,1,0
342833033103,18,7067,54,2358,1309,614,1922,1,0
342833044300,142,5335,158,15384,1310,614,1923,1,0
342833055060,129,5649,72,2827,1311,614,1924,1,0
342833066093,28,9112,52,2433,1311,615,1925,1,0
342833077623,126,5364,66,2449,1312,615,1926,1,0
342833088738,120,5049,41,1681,1313,615,1927,1,0
342833099850,16,8049,50,1108,1313,616,1928,1,0
342833110753,159,6162,35,1108,1314,616,1929,1,0
342833121827,140,5396,329,35685,1315,616,1930,1,0
342833133131,38,7029,68,4201,1315,617,1931,1,0
342833144050,132,5473,154,15181,1316,617,1932,1,0
342833155133,140,5535,52,3053,1317,617,1933,1,0
342833166220,16,6897,82,2455,1317,618,1934,1,0
342833177381,125,5606,50,2704,1318,618,1935,1,0
342833188383,758,4893,120,7539,1319,618,1936,1,0
342833199478,20,7005,52,2321,1319,619,1937,1,0
342833210833,142,5565,158,15432,1320,619,1938,1,0
342833221995,131,5669,99,8285,1321,619,1939,1,0
342833233212,16,7131,59,2289,1321,620,1940,1,0
342833244291,314,5502,55,2584,1322,620,1941,1,0
342833254991,188,5285,156,14942,1323,620,1942,1,0
342833265995,17,6731,55,2706,1323,621,1943,1,0
342833277805,218,5435,101,8642,1324,621,1944,1,0
342833289198,133,5232,166,15597,1325,621,1945,1,0
342833300058,28,6872,53,2380,1325,622,1946,1,0
342833310904,140,5591,50,2713,1326,622,1947,1,0
342833321981,125,5572,94,7405,1327,622,1948,1,0
342833332750,16,6957,69,2339,1327,623,1949,1,0
342833343816,124,5003,48,2787,1328,623,1950,1,0
342833354956,161,5232,58,3136,1329,623,1951,1,0
342833365881,19,9093,51,2268,1329,624,1952,1,0
342833377607,131,8808,366,13858,1330,624,1953,1,0
342833388873,19,6168,56,1550,1330,625,1954,1,0
342833399794,285,7236,44,1689,1331,625,1955,1,0
342833410895,137,5904,330,35692,1332,625,1956,1,0
342833422022,125,5179,145,14552,1333,625,1957,1,0
342833433119,16,6987,73,2751,1333,626,1958,1,0
342833444213,121,5518,115,7797,1334,626,1959,1,0
342833455600,195,4864,160,15377,1335,626,1960,1,0
342833466449,52,8839,66,2655,1335,627,1961,1,0
342833477444,162,5508,98,8192,1336,627,1962,1,0
342833488573,711,5236,152,2788,1337,627,1963,1,0
342833499643,20,6409,707,2565,1337,628,1964,1,0
342833510670,174,5742,241,15177,1338,628,1965,1,0
342833521631,223,5394,109,8657,1339,628,1966,1,0
342833532744,17,7102,55,2538,1339,629,1967,1,0
342833543876,146,5140,354,15282,1340,629,1968,1,0
342833554768,198,5224,57,3153,1341,629,1969,1,0
342833566220,47,8571,56,2483,1341,630,1970,1,0
342833577247,137,5461,89,7850,1342,630,1971,1,0
342833588300,121,5249,50,2791,1343,630,1972,1,0
342833599474,18,7201,61,2487,1343,631,1973,1,0
342833610649,155,5241,73,4954,1344,631,1974,1,0
342833621937,124,5640,73,5561,1345,631,1975,1,0
342833633075,19,7255,58,1151,1345,632,1976,1,0
342833644223,120,5918,324,31843,1346,632,1977,1,0
342833655061,182,5365,109,9904,1347,632,1978,1,0
342833666094,19,4899,47,2706,1347,633,1979,1,0
342833677400,265,5647,132,12535,1348,633,1980,1,0
342833688545,121,5295,90,7708,1349,633,1981,1,0
342833699269,18,6701,68,2551,1349,634,1982,1,0
342833710874,129,5630,221,14747,1350,634,1983,1,0
342833721710,126,6684,196,8136,1351,634,1984,1,0
342833734337,19,6451,52,2261,1351,635,1985,1,0
342833744662,425,5077,83,2548,1352,635,1986,1,0
342833755137,136,5168,324,14831,1353,635,1987,1,0
342833766120,43,8500,197,2339,1353,636,1988,1,0
342833777528,210,5140,97,7370,1354,636,1989,1,0
342833788668,19,6472,142,1244,1354,637,1990,1,0
342833799766,155,7451,107,6331,1355,637,1991,1,0
342833810433,202,5689,332,34390,1356,637,1992,1,0
342833821570,124,5519,109,9717,1357,637,1993,1,0
342833833090,21,6914,54,2714,1357,638,1994,1,0
342833844094,136,5556,207,15272,1358,638,1995,1,0
342833855022,247,5671,155,8041,1359,638,1996,1,0
342833866401,18,6925,53,2444,1359,639,1997,1,0
342833877590,138,5852,54,3458,1360,639,1998,1,0
342833888505,128,5648,53,3028,1361,639,1999,1,0
342833899626,18,6743,46,2306,1361,640,2000,1,0
342833910807,119,5922,152,15139,1362,640,2001,1,0
342833921818,121,5539,51,2893,1363,640,2002,1,0
342833933011,16,6450,69,2364,1363,641,2003,1,0
342833944102,134,5323,87,7424,1364,641,2004,1,0
342833955120,116,5507,177,15643,1365,641,2005,1,0
342833966234,26,6798,60,2793,1365,642,2006,1,0
342833977621,451,5094,110,8484,1366,642,2007,1,0
342833988497,34,6826,49,2257,1366,643,2008,1,0
342833999593,151,7363,57,2549,1367,643,2009,1,0
342834010592,201,5217,160,14953,1368,643,2010,1,0
342834021688,153,5139,170,8486,1369,643,2011,1,0
342834032717,19,7454,72,2439,1369,644,2012,1,0
342834043852,152,5198,155,15342,1370,644,2013,1,0
342834055410,121,5974,181,7940,1371,644,2014,1,0
342834066358,17,8213,67,2044,1371,645,2015,1,0
342834078422,161,5801,247,22225,1372,645,2016,1,0
342834088326,127,5499,157,16039,1373,645,2017,1,0
342834099410,18,15075,66,2566,1373,646,2018,1,0
342834125696,181,9890,109,9228,1374,646,2019,1,0
342834137174,16,12638,51,2044,1374,647,2020,1,0
342834161336,184,14812,169,13386,1375,647,2021,1,0
342834187760,163,12687,89,2515,1376,647,2022,1,0
342834212332,182,14973,57,2247,1377,647,2023,1,0
342834238659,384,11281,146,7780,1378,647,2024,1,0
342834261780,241,13085,1009,13931,1379,647,2025,1,0
342834286513,169,12256,103,7468,1380,647,2026,1,0
342834310056,188,5197,376,42168,1381,647,2027,1,0
342834321973,146,5097,74,5018,1382,647,2028,1,0
342834332951,20,7065,59,3160,1382,648,2029,1,0
342834343540,142,6084,41,1758,1383,648,2030,1,0
342834355167,157,5281,53,1141,1384,648,2031,1,0
342834366156,20,8582,46,1141,1384,649,2032,1,0
342834377355,142,5907,552,35767,1385,649,2033,1,0
342834388179,230,5627,167,16762,1386,649,2034,1,0
342834399880,53,6840,65,2942,1386,650,2035,1,0
342834410524,339,5295,72,3040,1387,650,2036,1,0
342834422174,129,5183,66,2750,1388,650,2037,1,0
342834432733,19,7084,54,2526,1388,651,2038,1,0
342834443817,126,5568,88,7701,1389,651,2039,1,0
342834454764,17,5231,46,2363,1389,652,2040,1,0
342834465843,123,6958,155,15537,1390,652,2041,1,0
342834477043,117,5632,118,8329,1391,652,2042,1,0
342834488006,156,5445,67,2709,1392,652,2043,1,0
342834499492,27,6712,54,2410,1392,653,2044,1,0
342834510739,284,5403,153,15141,1393,653,2045,1,0
342834521755,125,5722,102,8528,1394,653,2046,1,0
342834532531,17,7030,49,2431,1394,654,2047,1,0
342834543595,141,4720,190,15484,1395,654,2048,1,0
342834554908,133,4945,72,3150,1396,654,2049,1,0
342834566162,15,7502,55,2645,1396,655,2050,1,0
342834577424,138,5207,48,2744,1397,655,2051,1,0
342834588362,190,4914,61,1843,1398,655,2052,1,0
342834599528,28,7205,49,1162,1398,656,2053,1,0
342834610635,171,6313,38,1147,1399,656,2054,1,0
342834621683,132,5337,328,35738,1400,656,2055,1,0
342834632916,17,7116,63,4219,1400,657,2056,1,0
342834643846,119,5678,152,15218,1401,657,2057,1,0
342834654983,193,5521,73,3139,1402,657,2058,1,0
342834666210,18,7031,77,2410,1402,658,2059,1,0
342834676988,122,5790,47,2558,1403,658,2060,1,0
342834687996,18,7473,46,2388,1403,659,2061,1,0
342834699830,127,7435,92,7506,1404,659,2062,1,0
342834710774,116,5704,154,15530,1405,659,2063,1,0
342834721441,15,5233,48,2597,1405,660,2064,1,0
342834732591,116,7646,97,8398,1406,660,2065,1,0
342834743662,115,5325,88,2671,1407,660,2066,1,0
342834754746,143,5449,176,14948,1408,660,2067,1,0
342834766446,27,6435,49,2483,1408,661,2068,1,0
342834776897,119,5414,95,8331,1409,661,2069,1,0
342834787997,18,7189,47,2452,1409,662,2070,1,0
342834799174,120,7740,156,15302,1410,662,2071,1,0
342834810729,123,5505,69,2751,1411,662,2072,1,0
342834821247,16,4881,45,2375,1411,663,2073,1,0
342834833127,115,8188,51,2605,1412,663,2074,1,0
342834843682,130,5065,90,7840,1413,663,2075,1,0
342834857055,169,5675,61,2758,1414,663,2076,1,0
342834866004,19,8407,57,2466,1414,664,2077,1,0
342834877287,303,5992,80,5530,1415,664,2078,1,0
342834888416,20,6712,40,1251,1415,665,2079,1,0
342834899593,139,7734,60,1230,1416,665,2080,1,0
342834910654,118,5685,343,35717,1417,665,2081,1,0
342834921631,192,5472,147,14663,1418,665,2082,1,0
342834932725,19,7226,51,2889,1418,666,2083,1,0
342834943927,119,5416,118,7895,1419,666,2084,1,0
342834954623,18,5662,48,2459,1419,667,2085,1,0
342834965790,120,5569,177,15499,1420,667,2086,1,0
342834976924,120,5762,149,7949,1421,667,2087,1,0
342834988091,17,7372,49,2411,1421,668,2088,1,0
342834999143,123,6974,74,2794,1422,668,2089,1,0
342835010350,119,5655,233,14997,1423,668,2090,1,0
342835021766,146,5522,106,8347,1424,668,2091,1,0
342835032880,19,6765,73,2315,1424,669,2092,1,0
342835044051,141,5553,156,15375,1425,669,2093,1,0
342835054631,17,5178,51,2716,1425,670,2094,1,0
342835066478,127,7786,77,3008,1426,670,2095,1,0
342835077130,144,5401,92,7746,1427,670,2096,1,0
342835088152,141,5194,55,2597,1428,670,2097,1,0
342835099437,40,7514,57,2282,1428,671,2098,1,0
342835110792,165,5334,49,2590,1429,671,2099,1,0
342835121638,128,5009,57,3509,1430,671,2100,1,0
342835132381,26,7042,59,1236,1430,672,2101,1,0
342835143995,124,6258,337,35504,1431,672,2102,1,0
342835155101,137,5321,108,9939,1432,672,2103,1,0
342835166159,15,9075,55,2791,1432,673,2104,1,0
342835177255,127,5656,128,12392,1433,673,2105,1,0
342835188338,17,5830,45,2317,1433,674,2106,1,0
342835199467,123,7780,73,1733,1434,674,2107,1,0
342835210312,119,5643,349,32638,1435,674,2108,1,0
342835221975,201,5366,158,9874,1436,674,2109,1,0
342835232788,20,7047,105,2692,1436,675,2110,1,0
342835244006,154,5614,57,2792,1437,675,2111,1,0
342835255135,134,5575,148,14265,1438,675,2112,1,0
342835266017,17,6534,52,2454,1438,676,2113,1,0
342835276933,134,5356,96,8214,1439,676,2114,1,0
342835288151,135,5538,161,15372,1440,676,2115,1,0
342835299391,18,6709,103,2522,1440,677,2116,1,0
342835310387,124,5428,49,2816,1441,677,2117,1,0
342835321266,123,5427,91,7554,1442,677,2118,1,0
342835332341,17,7116,46,2325,1442,678,2119,1,0
342835343706,121,5366,69,2692,1443,678,2120,1,0
342835355007,212,5121,54,2389,1444,678,2121,1,0
342835365915,18,6978,51,2207,1444,679,2122,1,0
342835377164,156,5110,156,15451,1445,679,2123,1,0
342835388123,234,5139,98,8216,1446,679,2124,1,0
342835399348,16,7165,64,2118,1446,680,2125,1,0
342835410359,229,5641,94,6453,1447,680,2126,1,0
342835421350,19,5118,44,1376,1447,681,2127,1,0
342835432697,351,7814,45,1295,1448,681,2128,1,0
342835443873,143,5515,328,35346,1449,681,2129,1,0
342835454834,212,5425,177,17832,1450,681,2130,1,0
342835466008,17,8328,54,2842,1450,682,2131,1,0
342835477041,123,5595,95,8117,1451,682,2132,1,0
342835488734,17,6443,56,2509,1451,683,2133,1,0
342835499305,130,7479,74,2845,1452,683,2134,1,0
342835510301,120,5726,148,14847,1453,683,2135,1,0
342835521368,18,5231,50,2634,1453,684,2136,1,0
342835532403,119,7892,98,8265,1454,684,2137,1,0
342835543849,118,5866,158,15562,1455,684,2138,1,0
342835554993,127,5209,53,3069,1456,684,2139,1,0
342835566109,39,8529,51,2448,1456,685,2140,1,0
342835577004,124,5461,90,7944,1457,685,2141,1,0
342835588207,17,7043,49,2330,1457,686,2142,1,0
342835599128,152,7994,170,15770,1458,686,2143,1,0
342835610121,148,5313,96,7808,1459,686,2144,1,0
342835621546,128,5344,157,15841,1460,686,2145,1,0
342835632716,17,7068,71,2549,1460,687,2146,1,0
342835643742,119,5186,95,8327,1461,687,2147,1,0
342835654848,125,5134,154,15634,1462,687,2148,1,0
342835666201,14,7248,51,2924,1462,688,2149,1,0
342835677439,149,5716,46,2337,1463,688,2150,1,0
342835688276,115,5103,50,1613,1464,688,2151,1,0
342835699310,17,6950,61,1175,1464,689,2152,1,0
342835710504,191,5915,312,32982,1465,689,2153,1,0
342835721942,155,5199,114,9957,1466,689,2154,1,0
342835732850,18,6989,74,2808,1466,690,2155,1,0
342835743862,123,5748,51,2921,1467,690,2156,1,0
342835754964,131,5553,144,14372,1468,690,2157,1,0
342835766191,15,6987,69,2502,1468,691,2158,1,0
342835777494,136,5700,123,8279,1469,691,2159,1,0
342835788274,126,5610,158,15426,1470,691,2160,1,0
342835799434,18,6778,50,2493,1470,692,2161,1,0
342835810576,116,5866,50,2866,1471,692,2162,1,0
342835821577,193,5478,89,7695,1472,692,2163,1,0
342835832739,19,6441,67,2387,1472,693,2164,1,0
342835843740,121,5279,168,15618,1473,693,2165,1,0
342835854988,137,5300,147,7576,1474,693,2166,1,0
342835866678,18,7287,61,2282,1474,694,2167,1,0
342835877272,151,5444,160,15651,1475,694,2168,1,0
342835888124,17,7005,54,2668,1475,695,2169,1,0
342835899481,129,7932,100,8579,1476,695,2170,1,0
342835910911,122,5518,156,15557,1477,695,2171,1,0
342835921381,127,5136,51,2917,1478,695,2172,1,0
342835932971,26,7176,62,2462,1478,696,2173,1,0
342835944205,184,4994,87,7349,1479,696,2174,1,0
342835954690,19,5107,62,1817,1479,697,2175,1,0
342835965961,146,8770,73,5094,1480,697,2176,1,0
342835976991,135,5826,320,35596,1481,697,2177,1,0
342835988427,118,5243,67,4370,1482,697,2178,1,0
342835999103,18,7044,69,2615,1482,698,2179,1,0
342836010478,130,5738,149,14920,1483,698,2180,1,0
342836021846,191,5302,95,8125,1484,698,2181,1,0
342836032828,16,6874,67,2342,1484,699,2182,1,0
342836044055,118,5864,152,15410,1485,699,2183,1,0
342836055036,134,5496,51,2946,1486,699,2184,1,0
342836066014,46,6727,226,2564,1486,700,2185,1,0
342836077066,143,5725,94,8095,1487,700,2186,1,0
342836088210,121,5403,245,15870,1488,700,2187,1,0
342836099398,19,14742,102,2599,1488,701,2188,1,0
342836125756,196,9377,83,5961,1489,701,2189,1,0
342836137020,20,11947,46,2354,1489,702,2190,1,0
342836160657,151,8820,48,2625,1490,702,2191,1,0
342836171501,16,11995,50,2332,1490,703,2192,1,0
342836195085,183,13564,52,1995,1491,703,2193,1,0
342836220300,142,13640,45,1143,1492,703,2194,1,0
342836246364,235,15135,351,35649,1493,703,2195,1,0
342836273118,167,10485,98,4795,1494,703,2196,1,0
342836284636,18,13233,51,2632,1494,704,2197,1,0
342836309111,156,5382,133,12783,1495,704,2198,1,0
342836320121,19,5768,54,2440,1495,705,2199,1,0
342836331679,131,7566,53,2547,1496,705,2200,1,0
342836342830,121,6019,90,7885,1497,705,2201,1,0
342836354064,19,5262,63,2372,1497,706,2202,1,0
342836365048,174,9958,51,1867,1498,706,2203,1,0
342836375967,292,5513,422,32088,1499,706,2204,1,0
342836387021,21,6534,64,4146,1499,707,2205,1,0
342836398312,170,7444,160,15117,1500,707,2206,1,0
342836409392,121,5706,54,2940,1501,707,2207,1,0
342836420599,20,6068,56,2483,1501,708,2208,1,0
342836431536,147,7024,58,2631,1502,708,2209,1,0
342836442922,180,5768,89,7607,1503,708,2210,1,0
342836453769,17,6152,50,2429,1503,709,2211,1,0
342836464768,120,5303,161,15667,1504,709,2212,1,0
342836475973,286,5556,95,8088,1505,709,2213,1,0
342836487208,64,5677,46,2325,1505,710,2214,1,0
342836498308,133,7756,70,2622,1506,710,2215,1,0
342836509441,117,5497,147,14866,1507,710,2216,1,0
342836520629,56,5806,49,2692,1507,711,2217,1,0
342836531596,116,7770,100,8259,1508,711,2218,1,0
342836542658,127,5373,153,15496,1509,711,2219,1,0
342836553835,17,5790,52,2650,1509,712,2220,1,0
342836565050,133,7543,52,2893,1510,712,2221,1,0
342836576765,155,5141,190,2688,1511,712,2222,1,0
342836587306,108,5419,49,2451,1511,713,2223,1,0
342836598541,133,8020,111,8311,1512,713,2224,1,0
342836609561,182,5842,73,5190,1513,713,2225,1,0
342836620667,21,5709,37,1240,1513,714,2226,1,0
342836631461,152,7568,51,1639,1514,714,2227,1,0
342836642646,124,5842,327,35693,1515,714,2228,1,0
342836653866,17,6522,62,4165,1515,715,2229,1,0
342836664799,123,6904,59,3611,1516,715,2230,1,0
342836676097,119,5811,67,2460,1517,715,2231,1,0
342836687292,18,6196,41,2213,1517,716,2232,1,0
342836698450,128,7118,114,7685,1518,716,2233,1,0
342836709381,115,6345,146,14539,1519,716,2234,1,0
342836720454,28,6083,48,2588,1519,717,2235,1,0
342836731587,131,7393,97,8249,1520,717,2236,1,0
342836742798,138,5477,45,2531,1521,717,2237,1,0
342836753929,16,5977,47,2307,1521,718,2238,1,0
342836765009,120,7659,146,14807,1522,718,2239,1,0
342836776056,120,5277,98,8705,1523,718,2240,1,0
342836787242,18,7095,48,2366,1523,719,2241,1,0
342836798206,276,7433,158,15356,1524,719,2242,1,0
342836809285,121,5294,72,3121,1525,719,2243,1,0
342836820585,56,5386,46,2535,1525,720,2244,1,0
342836831565,117,7651,111,7754,1526,720,2245,1,0
342836843278,181,4977,68,2618,1527,720,2246,1,0
342836853722,19,6176,58,2306,1527,721,2247,1,0
342836865014,344,8995,65,2594,1528,721,2248,1,0
342836876903,137,6195,95,7263,1529,721,2249,1,0
342836887108,21,7085,40,1382,1529,722,2250,1,0
342836898224,284,7377,63,1425,1530,722,2251,1,0
342836909249,120,5831,337,35780,1531,722,2252,1,0
342836920999,21,5758,60,4144,1531,723,2253,1,0
342836931528,130,7304,140,13043,1532,723,2254,1,0
342836942723,130,5711,90,7725,1533,723,2255,1,0
342836953850,16,6288,108,2374,1533,724,2256,1,0
342836964891,125,6722,165,15383,1534,724,2257,1,0
342836976004,128,5886,95,8047,1535,724,2258,1,0
342836987141,17,8053,47,2356,1535,725,2259,1,0
342836998201,119,7315,93,2557,1536,725,2260,1,0
342837009501,117,5440,147,14863,1537,725,2261,1,0
342837020688,18,5746,46,2584,1537,726,2262,1,0
342837031712,114,8072,96,8368,1538,726,2263,1,0
342837042802,117,5551,153,15519,1539,726,2264,1,0
342837053898,15,5677,58,2395,1539,727,2265,1,0
342837065203,251,8865,58,2668,1540,727,2266,1,0
342837075905,138,5286,96,7491,1541,727,2267,1,0
342837087137,21,7473,55,2333,1541,728,2268,1,0
342837098064,153,7677,67,2759,1542,728,2269,1,0
342837109269,188,5740,51,2428,1543,728,2270,1,0
342837120852,18,4984,86,2247,1543,729,2271,1,0
342837131319,140,7549,158,15479,1544,729,2272,1,0
342837142801,127,5663,96,8317,1545,729,2273,1,0
342837153985,23,5806,44,2160,1545,730,2274,1,0
342837164922,128,7066,171,6446,1546,730,2275,1,0
342837176074,117,5739,317,34474,1547,730,2276,1,0
342837187826,30,5712,63,4286,1547,731,2277,1,0
342837198309,123,7333,100,8244,1548,731,2278,1,0
342837209460,123,5592,153,15241,1549,731,2279,1,0
342837220569,17,6289,51,2624,1549,732,2280,1,0
342837231783,135,7214,97,8227,1550,732,2281,1,0
342837243021,118,5731,48,2681,1551,732,2282,1,0
342837254053,17,5771,59,2432,1551,733,2283,1,0
342837265138,203,5259,169,14939,1552,733,2284,1,0
342837276158,231,5297,126,8227,1553,733,2285,1,0
342837287108,21,5761,62,2461,1553,734,2286,1,0
342837298024,159,8024,178,15287,1554,734,2287,1,0
342837309206,165,5394,59,3255,1555,734,2288,1,0
342837320283,17,5891,53,2502,1555,735,2289,1,0
342837331447,145,8137,101,7827,1556,735,2290,1,0
342837342464,155,5108,70,2519,1557,735,2291,1,0
342837353506,53,6743,101,2243,1557,736,2292,1,0
342837365167,206,7449,53,2512,1558,736,2293,1,0
342837376114,134,5220,166,16288,1559,736,2294,1,0
342837386806,18,5982,52,2785,1559,737,2295,1,0
342837398471,140,7595,108,8614,1560,737,2296,1,0
342837409537,133,6108,207,15620,1561,737,2297,1,0
342837420465,18,5760,55,2830,1561,738,2298,1,0
342837431684,134,7515,74,2794,1562,738,2299,1,0
342837442718,127,5589,39,1598,1563,738,2300,1,0
342837453729,18,6458,59,1142,1563,739,2301,1,0
342837464689,182,10188,322,32952,1564,739,2302,1,0
342837476046,118,5673,108,9923,1565,739,2303,1,0
342837487375,18,6598,69,2738,1565,740,2304,1,0
342837498203,126,7042,92,4985,1566,740,2305,1,0
342837509378,127,5895,355,35837,1567,740,2306,1,0
342837520530,17,6294,69,4243,1567,741,2307,1,0
342837531508,133,7349,99,8551,1568,741,2308,1,0
342837542849,119,5526,143,14274,1569,741,2309,1,0
342837553913,17,6051,75,2654,1569,742,2310,1,0
342837564843,170,9068,54,2739,1570,742,2311,1,0
342837576044,135,5342,92,7733,1571,742,2312,1,0
342837587161,19,5709,48,2344,1571,743,2313,1,0
342837598489,124,7971,162,14838,1572,743,2314,1,0
342837609412,164,5253,91,7577,1573,743,2315,1,0
342837622234,28,5123,50,2294,1573,744,2316,1,0
342837631687,142,7608,156,15195,1574,744,2317,1,0
342837642680,118,5358,96,8572,1575,744,2318,1,0
342837653895,20,5638,46,2281,1575,745,2319,1,0
342837665021,131,9233,206,15329,1576,745,2320,1,0
342837676206,124,5736,53,3166,1577,745,2321,1,0
342837687243,19,6986,48,2466,1577,746,2322,1,0
342837698234,119,7471,92,7730,1578,746,2323,1,0
342837709314,123,5939,152,15352,1579,746,2324,1,0
342837720472,16,5882,43,2060,1579,747,2325,1,0
342837731703,271,7495,92,7985,1580,747,2326,1,0
342837742821,115,5627,309,32029,1581,747,2327,1,0
342837753618,20,6612,62,4134,1581,748,2328,1,0
342837764951,137,6859,218,15691,1582,748,2329,1,0
342837776102,128,5689,163,8881,1583,748,2330,1,0
342837787171,19,6344,48,2388,1583,749,2331,1,0
342837798217,123,7418,156,15622,1584,749,2332,1,0
342837809403,121,6046,49,2949,1585,749,2333,1,0
342837820557,17,6542,49,2485,1585,750,2334,1,0
342837831778,132,6959,90,7920,1586,750,2335,1,0
342837842830,115,5222,206,15895,1587,750,2336,1,0
342837853927,17,6341,55,2839,1587,751,2337,1,0
342837865605,148,6997,106,8537,1588,751,2338,1,0
342837875970,152,5373,155,15414,1589,751,2339,1,0
342837887323,52,5852,51,2726,1589,752,2340,1,0
342837898286,123,7397,99,8605,1590,752,2341,1,0
342837909303,119,5011,153,15651,1591,752,2342,1,0
342837920437,14,5561,69,2822,1591,753,2343,1,0
342837931512,118,7524,73,3019,1592,753,2344,1,0
342837942928,123,5273,91,7740,1593,753,2345,1,0
342837953783,18,5648,45,2389,1593,754,2346,1,0
342837964812,117,9191,159,15788,1594,754,2347,1,0
342837976106,120,5863,89,7867,1595,754,2348,1,0
342837987081,17,6442,41,1704,1595,755,2349,1,0
342837998245,127,7244,71,5232,1596,755,2350,1,0
342838009298,138,5814,334,35797,1597,755,2351,1,0
342838020606,16,6346,60,4225,1597,756,2352,1,0
342838031649,119,7539,98,8477,1598,756,2353,1,0
342838042814,116,5449,173,14308,1599,756,2354,1,0
342838053890,19,6105,53,2687,1599,757,2355,1,0
342838065118,137,7228,61,2774,1600,757,2356,1,0
342838076326,126,5667,91,7747,1601,757,2357,1,0
342838087335,17,5675,49,2366,1601,758,2358,1,0
342838098523,215,15405,165,14895,1602,758,2359,1,0
342838125844,188,16064,111,6364,1603,758,2360,1,0
342838153681,145,11858,102,8332,1604,758,2361,1,0
342838176888,175,8630,143,13462,1605,758,2362,1,0
342838188748,29,11539,49,2317,1605,759,2363,1,0
342838211865,171,14620,76,2450,1606,759,2364,1,0
342838238328,134,11420,46,1690,1607,759,2365,1,0
342838261104,146,15666,407,35810,1608,759,2366,1,0
342838288379,129,11311,143,10008,1609,759,2367,1,0
342838311141,181,5884,138,13223,1610,759,2368,1,0
342838322512,128,5444,91,7818,1611,759,2369,1,0
342838333739,18,7142,53,2381,1611,760,2370,1,0
342838344650,125,6418,144,14319,1612,760,2371,1,0
342838356261,301,5042,115,8273,1613,760,2372,1,0
342838366921,18,6828,63,2515,1613,761,2373,1,0
342838377796,202,5833,228,14546,1614,761,2374,1,0
342838389117,134,5285,168,8346,1615,761,2375,1,0
342838400521,23,6741,70,2326,1615,762,2376,1,0
342838411316,135,5304,155,15002,1616,762,2377,1,0
342838422664,119,5585,49,2836,1617,762,2378,1,0
342838433907,30,6719,70,2344,1617,763,2379,1,0
342838444489,120,5246,88,7578,1618,763,2380,1,0
342838455720,115,5920,156,15701,1619,763,2381,1,0
342838466704,15,6896,51,2740,1619,764,2382,1,0
342838478112,162,5146,95,8307,1620,764,2383,1,0
342838489172,120,5059,74,4963,1621,764,2384,1,0
342838499958,18,7014,49,1311,1621,765,2385,1,0
342838511990,122,5348,321,36045,1622,765,2386,1,0
342838522556,119,5474,109,10201,1623,765,2387,1,0
342838533406,17,7307,50,2695,1623,766,2388,1,0
342838544593,122,7098,374,14311,1624,766,2389,1,0
342838555605,129,5243,85,2901,1625,766,2390,1,0
342838566750,15,7269,58,2324,1625,767,2391,1,0
342838577993,137,5254,124,7852,1626,767,2392,1,0
342838589221,143,5798,155,15032,1627,767,2393,1,0
342838600116,17,7263,60,2513,1627,768,2394,1,0
342838611330,149,5788,99,8255,1628,768,2395,1,0
342838622369,129,5462,153,15063,1629,768,2396,1,0
342838633309,57,6358,52,2768,1629,769,2397,1,0
342838644557,140,5363,96,8402,1630,769,2398,1,0
342838655625,120,5726,152,15268,1631,769,2399,1,0
342838667047,29,6813,70,2604,1631,770,2400,1,0
342838677875,121,5242,69,2912,1632,770,2401,1,0
342838688850,117,5450,90,7634,1633,770,2402,1,0
342838700133,50,6843,66,2481,1633,771,2403,1,0
342838711186,146,5250,176,15379,1634,771,2404,1,0
342838722348,124,5398,62,1742,1635,771,2405,1,0
342838733180,17,7169,39,1261,1635,772,2406,1,0
342838745011,136,6247,359,35746,1636,772,2407,1,0
342838755918,121,5472,166,16939,1637,772,2408,1,0
342838766915,16,9453,123,2889,1637,773,2409,1,0
342838778191,125,5540,93,8362,1638,773,2410,1,0
342838789326,117,5528,156,15314,1639,773,2411,1,0
342838800496,19,6983,49,2646,1639,774,2412,1,0
342838811352,122,5487,69,2924,1640,774,2413,1,0
342838822574,116,5473,140,7955,1641,774,2414,1,0
342838833438,16,6947,64,2551,1641,775,2415,1,0
342838844990,133,5911,169,15848,1642,775,2416,1,0
342838855582,150,5761,123,8123,1643,775,2417,1,0
342838867185,17,6649,53,2413,1643,776,2418,1,0
342838878254,134,5600,147,14688,1644,776,2419,1,0
342838888855,17,5372,50,2400,1644,777,2420,1,0
342838900241,150,7213,103,8083,1645,777,2421,1,0
342838911117,275,5693,161,15256,1646,777,2422,1,0
342838922253,127,5662,50,3013,1647,777,2423,1,0
342838933358,16,7225,69,2479,1647,778,2424,1,0
342838944992,129,5793,93,7778,1648,778,2425,1,0
342838955887,128,5844,159,15873,1649,778,2426,1,0
342838966920,16,7157,51,2615,1649,779,2427,1,0
342838977768,141,4860,120,8407,1650,779,2428,1,0
342838988885,117,6696,93,4933,1651,779,2429,1,0
342839000127,17,6958,62,1244,1651,780,2430,1,0
342839011722,136,5831,322,36110,1652,780,2431,1,0
342839022670,117,5393,110,10082,1653,780,2432,1,0
342839033699,17,7200,73,2706,1653,781,2433,1,0
342839044971,127,5879,143,14243,1654,781,2434,1,0
342839056090,119,5320,73,2869,1655,781,2435,1,0
342839067090,16,10313,97,2342,1655,782,2436,1,0
342839078142,122,5668,95,7759,1656,782,2437,1,0
342839089212,113,5170,152,14952,1657,782,2438,1,0
342839100057,18,7294,67,2664,1657,783,2439,1,0
342839111338,174,5768,104,8530,1658,783,2440,1,0
342839122591,132,5842,152,14910,1659,783,2441,1,0
342839133707,18,6939,50,2505,1659,784,2442,1,0
342839144377,119,5121,94,8359,1660,784,2443,1,0
342839156036,161,5653,156,15351,1661,784,2444,1,0
342839167096,18,6589,70,2655,1661,785,2445,1,0
342839178206,129,5557,50,2904,1662,785,2446,1,0
342839189122,115,5593,95,7554,1663,785,2447,1,0
342839200405,18,7488,52,2540,1663,786,2448,1,0
342839211492,130,5436,154,15562,1664,786,2449,1,0
342839222355,125,5787,98,8395,1665,786,2450,1,0
342839233726,16,7001,70,2346,1665,787,2451,1,0
342839244685,125,6821,77,1801,1666,787,2452,1,0
342839255892,132,5455,55,3224,1667,787,2453,1,0
342839267011,19,6755,57,1236,1667,788,2454,1,0
342839277996,127,5298,338,35633,1668,788,2455,1,0
342839289018,118,5079,172,17240,1669,788,2456,1,0
342839300507,16,7020,78,3043,1669,789,2457,1,0
342839311393,126,5509,48,2891,1670,789,2458,1,0
342839322662,183,5378,187,7677,1671,789,2459,1,0
342839333515,16,6712,54,2276,1671,790,2460,1,0
342839344552,124,6339,210,15439,1672,790,2461,1,0
342839355737,230,5453,102,7554,1673,790,2462,1,0
342839366705,20,6764,52,2369,1673,791,2463,1,0
342839377860,137,5248,159,15800,1674,791,2464,1,0
342839388789,138,5474,99,8549,1675,791,2465,1,0
342839399959,19,6612,51,2461,1675,792,2466,1,0
342839411286,129,5417,154,15380,1676,792,2467,1,0
342839422542,123,5810,52,2927,1677,792,2468,1,0
342839433774,17,7052,50,2449,1677,793,2469,1,0
342839444486,191,6395,43,1740,1678,793,2470,1,0
342839455664,127,5419,429,33057,1679,793,2471,1,0
342839466791,18,9767,62,4048,1679,794,2472,1,0
342839477921,120,5775,95,8412,1680,794,2473,1,0
342839489138,171,5013,56,2765,1681,794,2474,1,0
342839500154,18,6801,66,2395,1681,795,2475,1,0
342839511306,263,7473,291,14139,1682,795,2476,1,0
342839522884,264,7518,169,8186,1683,795,2477,1,0
342839533555,41,6643,57,2220,1683,796,2478,1,0
342839544661,161,5537,157,15177,1684,796,2479,1,0
342839555617,130,5754,56,2849,1685,796,2480,1,0
342839566864,17,7082,73,2453,1685,797,2481,1,0
342839577930,124,5101,49,2505,1686,797,2482,1,0
342839589116,136,5202,91,7789,1687,797,2483,1,0
342839599920,17,7456,65,2286,1687,798,2484,1,0
342839611501,163,4953,219,3184,1688,798,2485,1,0
342839622245,126,4961,306,33510,1689,798,2486,1,0
342839633626,16,6881,72,4097,1689,799,2487,1,0
342839644511,122,6132,186,15104,1690,799,2488,1,0
342839655938,290,5448,98,8597,1691,799,2489,1,0
342839667106,18,9649,48,2320,1691,800,2490,1,0
342839678061,117,5554,132,12772,1692,800,2491,1,0
342839689142,157,5116,89,7851,1693,800,2492,1,0
342839700379,15,7104,67,2339,1693,801,2493,1,0
342839711627,134,5423,155,15680,1694,801,2494,1,0
342839723157,132,5246,95,8111,1695,801,2495,1,0
342839733587,15,6942,48,2361,1695,802,2496,1,0
342839744744,146,5736,54,2651,1696,802,2497,1,0
342839756187,352,6001,163,15112,1697,802,2498,1,0
342839766836,19,6316,69,2481,1697,803,2499,1,0
342839777979,131,5099,96,8206,1698,803,2500,1,0
342839789387,124,5672,156,15496,1699,803,2501,1,0
342839800416,16,7342,54,2693,1699,804,2502,1,0
342839811417,131,5498,48,2918,1700,804,2503,1,0
342839822426,124,5545,75,2707,1701,804,2504,1,0
342839833583,17,7107,49,2414,1701,805,2505,1,0
342839844614,122,5262,93,8096,1702,805,2506,1,0
342839855864,145,5480,83,5094,1703,805,2507,1,0
342839867100,19,7072,40,1255,1703,806,2508,1,0
342839878059,125,5150,59,1246,1704,806,2509,1,0
342839889157,287,5314,43,1246,1705,806,2510,1,0
342839900145,38,6913,46,1246,1705,807,2511,1,0
342839911212,135,6174,409,35790,1706,807,2512,1,0
342839922174,123,5027,145,14617,1707,807,2513,1,0
342839933549,16,7145,71,2888,1707,808,2514,1,0
342839944711,122,5608,89,7859,1708,808,2515,1,0
342839955900,145,5544,161,15492,1709,808,2516,1,0
342839966967,18,6897,86,2513,1709,809,2517,1,0
342839978107,283,5480,93,8030,1710,809,2518,1,0
342839989812,132,5211,90,2642,1711,809,2519,1,0
342840000442,26,6839,68,2340,1711,810,2520,1,0
342840011502,138,5526,152,14814,1712,810,2521,1,0
342840022605,135,5660,98,8235,1713,810,2522,1,0
342840033787,26,6805,71,2424,1713,811,2523,1,0
342840044493,141,5958,154,15491,1714,811,2524,1,0
342840055565,122,5760,53,2933,1715,811,2525,1,0
342840067033,28,6899,50,2451,1715,812,2526,1,0
342840077908,130,5347,89,7704,1716,812,2527,1,0
342840089198,121,6386,48,2808,1717,812,2528,1,0
342840100368,16,16955,65,2423,1717,813,2529,1,0
342840128514,177,14416,152,14273,1718,813,2530,1,0
342840154949,128,11422,70,2215,1719,813,2531,1,0
342840178095,228,14396,314,34094,1720,813,2532,1,0
342840204078,137,13105,48,1746,1721,813,2533,1,0
342840228898,169,15579,388,35510,1722,813,2534,1,0
342840256351,232,9503,160,15879,1723,813,2535,1,0
342840267467,18,13114,52,2707,1723,814,2536,1,0
342840292383,154,7909,65,2704,1724,814,2537,1,0
342840303469,16,6242,48,2327,1724,815,2538,1,0
342840314671,273,7574,174,2460,1725,815,2539,1,0
342840325823,116,6211,106,7514,1726,815,2540,1,0
342840336866,19,5803,48,2445,1726,816,2541,1,0
342840347377,120,7610,82,2744,1727,816,2542,1,0
342840359001,155,5556,71,2414,1728,816,2543,1,0
342840369827,18,6543,46,2225,1728,817,2544,1,0
342840380931,131,5438,168,15214,1729,817,2545,1,0
342840392186,132,5999,100,8292,1730,817,2546,1,0
342840403428,17,6019,60,2384,1730,818,2547,1,0
342840414579,148,7557,91,6553,1731,818,2548,1,0
342840425627,132,6309,39,1399,1732,818,2549,1,0
342840436521,20,6922,40,1279,1732,819,2550,1,0
342840447962,126,7450,335,35543,1733,819,2551,1,0
342840459136,133,5951,202,17890,1734,819,2552,1,0
342840469633,20,6888,97,2877,1734,820,2553,1,0
342840481187,123,5369,96,8181,1735,820,2554,1,0
342840492347,164,5748,70,2823,1736,820,2555,1,0
342840503410,21,6495,50,2469,1736,821,2556,1,0
342840514558,127,6706,152,14912,1737,821,2557,1,0
342840525697,116,6428,98,8517,1738,821,2558,1,0
342840536349,25,6660,47,2306,1738,822,2559,1,0
342840548067,221,7755,156,15373,1739,822,2560,1,0
342840558676,119,5513,48,2823,1740,822,2561,1,0
342840569772,19,6528,49,2379,1740,823,2562,1,0
342840581233,124,5081,121,7775,1741,823,2563,1,0
342840592068,189,5360,49,2561,1742,823,2564,1,0
342840602983,19,6991,109,2256,1742,824,2565,1,0
342840614608,191,7867,60,2544,1743,824,2566,1,0
342840625644,138,6567,160,15724,1744,824,2567,1,0
342840636423,21,6241,59,2800,1744,825,2568,1,0
342840647817,140,7495,47,2047,1745,825,2569,1,0
342840658828,126,5752,348,35855,1746,825,2570,1,0
342840670057,32,6642,65,4259,1746,826,2571,1,0
342840681081,130,5369,138,13165,1747,826,2572,1,0
342840692161,114,5764,90,7923,1748,826,2573,1,0
342840703130,16,6916,50,2517,1748,827,2574,1,0
342840714498,124,7353,161,15633,1749,827,2575,1,0
342840725415,120,6599,102,8037,1750,827,2576,1,0
342840736562,19,6744,46,2435,1750,828,2577,1,0
342840747603,119,7257,58,2709,1751,828,2578,1,0
342840758844,129,5409,213,14987,1752,828,2579,1,0
342840769791,29,6382,49,2700,1752,829,2580,1,0
342840781023,122,7476,119,8628,1753,829,2581,1,0
342840792273,123,5472,158,15614,1754,829,2582,1,0
342840803677,17,5725,56,2649,1754,830,2583,1,0
342840814358,135,7456,53,2802,1755,830,2584,1,0
342840825336,133,6610,91,7537,1756,830,2585,1,0
342840836404,20,6306,49,2461,1756,831,2586,1,0
342840847511,121,7973,83,2806,1757,831,2587,1,0
342840859527,262,4992,51,2469,1758,831,2588,1,0
342840869829,17,6039,81,2277,1758,832,2589,1,0
342840881013,134,5378,207,15600,1759,832,2590,1,0
342840892137,156,5904,97,8501,1760,832,2591,1,0
342840904126,16,5174,49,2305,1760,833,2592,1,0
342840914546,125,7597,117,10784,1761,833,2593,1,0
342840925681,113,6158,38,1547,1762,833,2594,1,0
342840936449,18,6872,35,1226,1762,834,2595,1,0
342840947474,116,7341,382,35633,1763,834,2596,1,0
342840958612,133,5869,171,17764,1764,834,2597,1,0
342840969692,26,7130,51,2949,1764,835,2598,1,0
342840981174,126,5262,96,8178,1765,835,2599,1,0
342840992009,118,5688,127,2694,1766,835,2600,1,0
342841002920,18,6714,48,2365,1766,836,2601,1,0
342841014717,125,7223,149,14834,1767,836,2602,1,0
342841025278,120,6282,96,8487,1768,836,2603,1,0
342841036455,31,6424,45,2324,1768,837,2604,1,0
342841047578,268,7816,156,15503,1769,837,2605,1,0
342841058783,120,5410,49,3075,1770,837,2606,1,0
342841069674,16,6440,90,2443,1770,838,2607,1,0
342841080896,119,7493,91,7993,1771,838,2608,1,0
342841092326,134,5334,65,2572,1772,838,2609,1,0
342841103443,16,6564,56,2251,1772,839,2610,1,0
342841114507,146,7310,72,2550,1773,839,2611,1,0
342841126034,141,5658,156,15650,1774,839,2612,1,0
342841136623,18,5990,50,2678,1774,840,2613,1,0
342841147652,124,8969,106,8451,1775,840,2614,1,0
342841158646,120,5980,155,15665,1776,840,2615,1,0
342841169649,32,6713,49,2593,1776,841,2616,1,0
342841180847,117,5045,146,2132,1777,841,2617,1,0
342841192076,138,5786,71,1168,1778,841,2618,1,0
342841203365,19,6775,36,1149,1778,842,2619,1,0
342841214407,125,7587,360,33071,1779,842,2620,1,0
342841225365,114,6563,110,10104,1780,842,2621,1,0
342841236446,18,7016,51,2709,1780,843,2622,1,0
342841247680,129,7098,78,2773,1781,843,2623,1,0
342841258787,126,5406,167,14444,1782,843,2624,1,0
342841269821,17,6298,48,2410,1782,844,2625,1,0
342841280950,123,6066,120,8354,1783,844,2626,1,0
342841292120,119,5480,153,15478,1784,844,2627,1,0
342841303082,20,6339,51,2746,1784,845,2628,1,0
342841314308,121,7952,72,2930,1785,845,2629,1,0
342841325446,118,5061,90,7814,1786,845,2630,1,0
342841336411,17,6191,47,2380,1786,846,2631,1,0
342841347631,122,7504,229,15539,1787,846,2632,1,0
342841358757,160,5028,88,7420,1788,846,2633,1,0
342841370104,16,5941,163,2356,1788,847,2634,1,0
342841380995,131,7432,158,15492,1789,847,2635,1,0
342841392248,117,5657,106,8353,1790,847,2636,1,0
342841404138,28,4821,776,2556,1790,848,2637,1,0
342841414220,170,7615,157,15319,1791,848,2638,1,0
342841425593,135,6311,52,3031,1792,848,2639,1,0
342841436676,18,6136,47,2483,1792,849,2640,1,0
342841447818,276,7344,47,2201,1793,849,2641,1,0
342841459056,116,5915,584,33941,1794,849,2642,1,0
342841469929,17,6895,114,4090,1794,850,2643,1,0
342841480826,124,6958,120,8498,1795,850,2644,1,0
342841491870,121,5842,70,2598,1796,850,2645,1,0
342841503481,18,6679,45,2253,1796,851,2646,1,0
342841514572,172,7537,147,14372,1797,851,2647,1,0
342841525771,114,6048,95,8241,1798,851,2648,1,0
342841536327,18,6896,51,2195,1798,852,2649,1,0
342841547371,119,7475,157,15210,1799,852,2650,1,0
342841558559,268,5401,50,3048,1800,852,2651,1,0
342841569577,17,6500,49,2425,1800,853,2652,1,0
342841581416,704,6587,117,7642,1801,853,2653,1,0
342841592445,142,5422,163,15823,1802,853,2654,1,0
342841603081,21,7287,64,2584,1802,854,2655,1,0
342841614685,165,7731,111,8927,1803,854,2656,1,0
342841625797,132,5657,199,15548,1804,854,2657,1,0
342841636767,20,5858,51,2731,1804,855,2658,1,0
342841647873,141,7502,106,8573,1805,855,2659,1,0
342841658876,142,5239,156,15955,1806,855,2660,1,0
342841669963,20,5814,87,2653,1806,856,2661,1,0
342841682802,180,10376,65,2902,1807,856,2662,1,0
342841705025,157,5258,62,1849,1808,856,2663,1,0
342841716133,25,7107,64,1131,1808,857,2664,1,0
342841727280,124,6146,366,35969,1809,857,2665,1,0
342841738196,129,4992,66,4579,1810,857,2666,1,0
342841749305,16,7048,71,2644,1810,858,2667,1,0
342841760607,147,5425,155,14923,1811,858,2668,1,0
342841771716,144,5129,103,8072,1812,858,2669,1,0
342841782443,19,6941,67,2229,1812,859,2670,1,0
342841793550,124,5744,182,15242,1813,859,2671,1,0
342841805653,126,5117,51,2778,1814,859,2672,1,0
342841816229,18,7165,55,2352,1814,860,2673,1,0
342841827302,146,5431,93,7680,1815,860,2674,1,0
342841838147,126,5558,158,15587,1816,860,2675,1,0
342841849370,17,7092,105,2683,1816,861,2676,1,0
342841860550,162,5399,99,8301,1817,861,2677,1,0
342841871669,128,5630,157,15277,1818,861,2678,1,0
342841882876,18,10138,55,2656,1818,862,2679,1,0
342841893898,146,5151,95,8402,1819,862,2680,1,0
342841904869,121,5450,158,15524,1820,862,2681,1,0
342841915929,16,7090,52,2739,1820,863,2682,1,0
342841927220,122,5365,69,2817,1821,863,2683,1,0
342841938216,118,5641,89,7711,1822,863,2684,1,0
342841949360,16,7073,49,2359,1822,864,2685,1,0
342841960309,143,4890,159,15596,1823,864,2686,1,0
342841971625,131,5320,97,7926,1824,864,2687,1,0
342841982782,19,10135,43,1743,1824,865,2688,1,0
342841994539,130,5504,78,5309,1825,865,2689,1,0
342842004761,18,6806,39,1275,1825,866,2690,1,0
342842015933,134,7729,60,1219,1826,866,2691,1,0
342842026955,126,5619,338,35906,1827,866,2692,1,0
342842038179,117,5330,185,17115,1828,866,2693,1,0
342842049369,17,6983,78,2997,1828,867,2694,1,0
342842060515,141,5190,70,2939,1829,867,2695,1,0
342842071215,134,5803,95,7804,1830,867,2696,1,0
342842082730,19,6751,118,2435,1830,868,2697,1,0
342842093743,131,16260,183,15660,1831,868,2698,1,0
342842121545,155,12084,100,7891,1832,868,2699,1,0
342842145586,144,14701,100,5273,1833,868,2700,1,0
342842171785,126,29361,174,15341,1834,868,2701,1,0
342842212468,181,56458,288,7796,1835,868,2702,1,0
342842280372,308,27693,75,2715,1836,868,2703,1,0
342842320039,204,3082,72,4627,1837,868,2704,1,0
342842331216,17,2806,38,1270,1837,869,2705,1,0
342842341920,136,2905,341,33340,1838,869,2706,1,0
342842353130,234,2831,118,10091,1839,869,2707,1,0
342842364234,15,2851,52,2665,1839,870,2708,1,0
342842375410,140,2857,58,3739,1840,870,2709,1,0
342842386657,131,2875,58,2836,1841,870,2710,1,0
342842397865,14,2693,41,2257,1841,871,2711,1,0
342842408679,125,2965,148,14775,1842,871,2712,1,0
342842419816,129,2946,153,2834,1843,871,2713,1,0
342842431121,16,2743,51,2360,1843,872,2714,1,0
342842442346,137,2827,91,7751,1844,872,2715,1,0
342842453377,149,2885,159,15620,1845,872,2716,1,0
342842464935,48,2841,61,2496,1845,873,2717,1,0
342842475245,145,3141,101,8217,1846,873,2718,1,0
342842486335,161,2918,56,2467,1847,873,2719,1,0
342842497619,17,2850,43,1760,1847,874,2720,1,0
342842508906,136,2860,94,6007,1848,874,2721,1,0
342842520004,169,2916,342,35712,1849,874,2722,1,0
342842530713,15,2766,63,4219,1849,875,2723,1,0
342842541996,138,2941,157,15661,1850,875,2724,1,0
342842553192,128,2805,51,3082,1851,875,2725,1,0
342842564353,15,2875,46,2386,1851,876,2726,1,0
342842575504,123,2910,91,7781,1852,876,2727,1,0
342842586745,126,2927,159,15611,1853,876,2728,1,0
342842597697,16,2854,46,2595,1853,877,2729,1,0
342842608879,161,2877,53,1727,1854,877,2730,1,0
342842619568,133,3032,976,35508,1855,877,2731,1,0
342842631291,15,2711,62,4194,1855,878,2732,1,0
342842642260,126,2943,95,8440,1856,878,2733,1,0
342842653522,144,2841,147,14246,1857,878,2734,1,0
342842664086,16,2699,52,2587,1857,879,2735,1,0
342842675506,130,2826,48,2791,1858,879,2736,1,0
342842688010,1084,2983,298,7752,1859,879,2737,1,0
342842698591,61,3113,270,2236,1859,880,2738,1,0
342842708609,155,2970,151,14808,1860,880,2739,1,0
342842719934,140,2740,110,7728,1861,880,2740,1,0
342842731172,24,2670,41,1847,1861,881,2741,1,0
342842742098,213,2812,113,5487,1862,881,2742,1,0
342842753006,184,2931,321,35452,1863,881,2743,1,0
342842764540,19,2993,58,4227,1863,882,2744,1,0
342842775566,131,2756,133,8508,1864,882,2745,1,0
342842786793,121,2793,150,14334,1865,882,2746,1,0
342842797860,16,2850,48,2699,1865,883,2747,1,0
342842808703,135,2886,52,2844,1866,883,2748,1,0
342842819872,120,2920,93,7896,1867,883,2749,1,0
342842830784,16,2754,44,2440,1867,884,2750,1,0
342842841950,119,2999,151,14916,1868,884,2751,1,0
342842853137,139,2920,114,1920,1869,884,2752,1,0
342842864284,17,2704,37,1263,1869,885,2753,1,0
342842875325,146,3005,349,35721,1870,885,2754,1,0
342842886409,122,2905,111,10038,1871,885,2755,1,0
342842897776,15,2781,48,2744,1871,886,2756,1,0
342842908934,213,2874,153,14177,1872,886,2757,1,0
342842919920,124,2881,52,2883,1873,886,2758,1,0
342842931224,15,2851,51,2335,1873,887,2759,1,0
342842941987,121,2801,121,7757,1874,887,2760,1,0
342842953127,139,2793,150,14447,1875,887,2761,1,0
342842964283,16,2866,46,1945,1875,888,2762,1,0
342842975535,133,3048,43,2192,1876,888,2763,1,0
342842986518,122,3034,359,35521,1877,888,2764,1,0
342842997756,16,2761,60,4207,1877,889,2765,1,0
342843009121,128,2968,162,15275,1878,889,2766,1,0
342843019689,119,2983,97,8178,1879,889,2767,1,0
342843030870,21,2799,48,2483,1879,890,2768,1,0
342843042169,124,2956,154,15347,1880,890,2769,1,0
342843053501,119,2789,53,2939,1881,890,2770,1,0
342843064334,15,2918,46,2531,1881,891,2771,1,0
342843075427,122,2765,95,8039,1882,891,2772,1,0
342843086577,121,2767,159,15828,1883,891,2773,1,0
342843097723,16,2932,48,2549,1883,892,2774,1,0
342843108999,154,2791,54,1778,1884,892,2775,1,0
342843120037,135,2834,365,35847,1885,892,2776,1,0
342843131237,16,2846,63,4243,1885,893,2777,1,0
342843142078,126,2898,98,8462,1886,893,2778,1,0
342843153017,131,2897,150,14237,1887,893,2779,1,0
342843164334,14,2907,48,2644,1887,894,2780,1,0
342843175512,115,2903,43,2015,1888,894,2781,1,0
342843186528,121,3002,39,1621,1889,894,2782,1,0
342843197848,17,2898,33,1201,1889,895,2783,1,0
342843208919,117,2828,309,32936,1890,895,2784,1,0
342843219892,172,2825,111,10002,1891,895,2785,1,0
342843230921,18,2756,48,2656,1891,896,2786,1,0
342843242186,125,2762,49,2717,1892,896,2787,1,0
342843253253,116,3216,149,14434,1893,896,2788,1,0
342843264480,15,2870,43,2320,1893,897,2789,1,0
342843275625,121,2779,93,7895,1894,897,2790,1,0
342843286859,116,2825,214,15234,1895,897,2791,1,0
342843298028,16,2662,44,2406,1895,898,2792,1,0
342843308665,164,2881,49,2842,1896,898,2793,1,0
342843319870,137,2909,89,7561,1897,898,2794,1,0
342843331182,16,2793,44,2313,1897,899,2795,1,0
342843342171,119,2884,154,15608,1898,899,2796,1,0
342843353398,149,3093,109,8045,1899,899,2797,1,0
342843364484,16,2804,45,2310,1899,900,2798,1,0
342843375457,160,2804,153,15009,1900,900,2799,1,0
342843386336,119,2860,114,8342,1901,900,2800,1,0
342843398091,17,2778,51,2415,1901,901,2801,1,0
342843408895,120,2794,154,15461,1902,901,2802,1,0
342843420244,124,2820,42,1992,1903,901,2803,1,0
342843430878,25,2658,37,1175,1903,902,2804,1,0
342843442156,121,2910,402,35420,1904,902,2805,1,0
342843452954,169,2843,178,17892,1905,902,2806,1,0
342843464426,15,2859,49,3003,1905,903,2807,1,0
342843475837,241,2800,101,8105,1906,903,2808,1,0
342843488641,276,2949,59,2652,1907,903,2809,1,0
342843497608,17,2727,46,2354,1907,904,2810,1,0
342843508772,127,3030,148,14794,1908,904,2811,1,0
342843519595,119,2953,160,8202,1909,904,2812,1,0
342843531297,16,2965,44,2443,1909,905,2813,1,0
342843542143,227,2790,156,15270,1910,905,2814,1,0
342843553340,130,2775,82,2948,1911,905,2815,1,0
342843564216,15,2788,47,2452,1911,906,2816,1,0
342843575672,130,2828,95,7941,1912,906,2817,1,0
342843586599,125,2927,57,2490,1913,906,2818,1,0
342843597601,14,2848,39,2193,1913,907,2819,1,0
342843608592,157,2877,46,1666,1914,907,2820,1,0
342843619829,142,2891,145,13923,1915,907,2821,1,0
342843631039,14,2767,74,1567,1915,908,2822,1,0
342843642209,130,2960,41,1816,1916,908,2823,1,0
342843653145,123,2929,333,35643,1917,908,2824,1,0
342843664444,16,2864,61,4242,1917,909,2825,1,0
342843675641,114,3160,136,13092,1918,909,2826,1,0
342843686410,124,2881,89,7777,1919,909,2827,1,0
342843697724,15,2815,45,2534,1919,910,2828,1,0
342843708773,154,2739,158,15508,1920,910,2829,1,0
342843719712,145,2780,102,8228,1921,910,2830,1,0
342843730751,16,2877,49,2399,1921,911,2831,1,0
342843748565,453,6935,155,2703,1922,911,2832,1,0
342843767297,175,2805,168,14900,1923,911,2833,1,0
342843778477,152,2830,103,8622,1924,911,2834,1,0
342843789777,119,2787,160,15675,1925,911,2835,1,0
342843800818,14,2944,64,2700,1925,912,2836,1,0
342843811925,125,2884,49,2967,1926,912,2837,1,0
342843823101,119,2899,86,7568,1927,912,2838,1,0
342843834099,14,2928,99,2543,1927,913,2839,1,0
342843845303,125,2842,47,2814,1928,913,2840,1,0
342843856258,156,2882,85,5565,1929,913,2841,1,0
342843867567,17,2753,40,1282,1929,914,2842,1,0
342843878527,131,2891,241,26133,1930,914,2843,1,0
342843889615,128,2876,41,1847,1931,914,2844,1,0
342843900824,15,2767,39,1126,1931,915,2845,1,0
342843911790,118,2894,341,35660,1932,915,2846,1,0
342843923150,120,3005,147,14447,1933,915,2847,1,0
342843933895,17,2841,52,2785,1933,916,2848,1,0
342843944974,137,3007,92,7727,1934,916,2849,1,0
342843956339,135,3021,159,15334,1935,916,2850,1,0
342843967491,17,2856,47,2499,1935,917,2851,1,0
342843978719,125,2968,91,7985,1936,917,2852,1,0
342843989753,115,2970,47,2583,1937,917,2853,1,0
342844000902,14,3039,41,2246,1937,918,2854,1,0
342844012104,118,2878,146,14788,1938,918,2855,1,0
342844023320,120,2803,96,8534,1939,918,2856,1,0
342844034205,15,3090,48,2349,1939,919,2857,1,0
342844045453,118,2858,162,15284,1940,919,2858,1,0
342844056585,124,2922,52,2728,1941,919,2859,1,0
342844067551,17,3115,55,2379,1941,920,2860,1,0
342844078760,154,2897,53,2603,1942,920,2861,1,0
342844089909,138,4037,108,7783,1943,920,2862,1,0
342844100547,20,3773,58,2420,1943,921,2863,1,0
342844111742,151,3945,62,4462,1944,921,2864,1,0
342844123004,123,4063,54,2158,1945,921,2865,1,0
342844134398,15,3706,36,1150,1945,922,2866,1,0
342844145817,126,3926,53,1130,1946,922,2867,1,0
342844156346,117,4041,338,35455,1947,922,2868,1,0
342844167547,15,3673,62,4173,1947,923,2869,1,0
342844178307,149,3898,175,13074,1948,923,2870,1,0
342844189812,119,3963,111,7775,1949,923,2871,1,0
342844201165,15,3834,48,2385,1949,924,2872,1,0
342844211873,126,4104,162,15377,1950,924,2873,1,0
342844223349,116,3969,95,8051,1951,924,2874,1,0
342844234347,15,4721,58,2366,1951,925,2875,1,0
342844245350,158,3955,69,2654,1952,925,2876,1,0
342844256440,127,3988,212,14912,1953,925,2877,1,0
342844267312,19,3703,92,2552,1953,926,2878,1,0
342844278596,240,4274,129,8537,1954,926,2879,1,0
342844290006,138,4059,158,15420,1955,926,2880,1,0
342844300731,35,3908,54,2589,1955,927,2881,1,0
342844311916,132,3983,49,2879,1956,927,2882,1,0
342844323201,126,4027,53,2352,1957,927,2883,1,0
342844333982,16,3837,43,2176,1957,928,2884,1,0
342844345058,124,4327,66,4659,1958,928,2885,1,0
342844356160,153,4107,62,3106,1959,928,2886,1,0
342844367544,16,3677,40,1212,1959,929,2887,1,0
342844378584,129,4047,347,35774,1960,929,2888,1,0
342844389962,123,4040,166,16795,1961,929,2889,1,0
342844400819,21,3780,54,2750,1961,930,2890,1,0
342844412070,129,3956,50,2784,1962,930,2891,1,0
342844423497,114,3969,78,2553,1963,930,2892,1,0
342844434091,15,3804,50,2381,1963,931,2893,1,0
342844445452,128,4136,94,7542,1964,931,2894,1,0
342844456747,114,4082,157,15394,1965,931,2895,1,0
342844467561,17,3781,48,2671,1965,932,2896,1,0
342844478641,146,4015,102,8280,1966,932,2897,1,0
342844490754,612,3969,62,2681,1967,932,2898,1,0
342844500739,17,3720,49,2274,1967,933,2899,1,0
342844511918,131,3981,175,15004,1968,933,2900,1,0
342844523233,128,3962,103,8381,1969,933,2901,1,0
342844534438,16,3986,48,2311,1969,934,2902,1,0
342844545545,162,3998,154,15394,1970,934,2903,1,0
342844556084,120,4130,91,7671,1971,934,2904,1,0
342844567701,15,3724,43,1437,1971,935,2905,1,0
342844578883,140,3922,62,4496,1972,935,2906,1,0
342844590078,121,4191,487,33274,1973,935,2907,1,0
342844600541,16,3753,75,4127,1973,936,2908,1,0
342844611813,147,4094,108,9477,1974,936,2909,1,0
342844623322,137,4011,50,2338,1975,936,2910,1,0
342844633919,15,3754,63,2231,1975,937,2911,1,0
342844645256,123,4100,145,14461,1976,937,2912,1,0
342844656541,125,3974,75,2878,1977,937,2913,1,0
342844667886,16,3845,46,2355,1977,938,2914,1,0
342844678891,123,3945,73,2572,1978,938,2915,1,0
342844690191,122,4498,88,7479,1979,938,2916,1,0
342844700919,15,3852,47,2407,1979,939,2917,1,0
342844711702,137,4029,162,15486,1980,939,2918,1,0
342844722841,131,4109,590,8435,1981,939,2919,1,0
342844734430,25,3719,48,2305,1981,940,2920,1,0
342844745248,230,3945,51,2622,1982,940,2921,1,0
342844756831,126,4056,186,14779,1983,940,2922,1,0
342844767471,18,3715,48,2381,1983,941,2923,1,0
342844778580,121,4053,172,17941,1984,941,2924,1,0
342844789741,120,4179,153,15549,1985,941,2925,1,0
342844800706,15,3863,51,2750,1985,942,2926,1,0
342844811859,126,4428,78,2959,1986,942,2927,1,0
342844823058,119,4142,91,7986,1987,942,2928,1,0
342844834583,16,4033,50,2316,1987,943,2929,1,0
342844845333,125,4206,1061,15671,1988,943,2930,1,0
342844856379,165,4127,105,8755,1989,943,2931,1,0
342844867468,15,3920,50,2343,1989,944,2932,1,0
342844878614,125,4357,214,14907,1990,944,2933,1,0
342844889859,126,4239,97,8734,1991,944,2934,1,0
342844902057,49,5006,101,2466,1991,945,2935,1,0
342844912198,163,4191,190,15596,1992,945,2936,1,0
342844922835,123,4161,71,3026,1993,945,2937,1,0
342844934023,16,4039,66,2371,1993,946,2938,1,0
342844945636,151,4100,92,7522,1994,946,2939,1,0
342844956682,127,4461,160,15705,1995,946,2940,1,0
342844967296,17,4204,52,2739,1995,947,2941,1,0
342844978773,147,4243,99,8547,1996,947,2942,1,0
342844989683,127,4175,70,4587,1997,947,2943,1,0
342845001027,16,4039,40,1266,1997,948,2944,1,0
342845012099,124,4213,40,1927,1998,948,2945,1,0
342845023613,220,4102,494,35875,1999,948,2946,1,0
342845034134,18,3821,61,4181,1999,949,2947,1,0
342845045245,124,4517,154,15537,2000,949,2948,1,0
342845056219,119,4168,50,2898,2001,949,2949,1,0
342845067408,17,4055,49,2350,2001,950,2950,1,0
342845078638,122,4308,124,7684,2002,950,2951,1,0
342845089610,117,4150,156,15530,2003,950,2952,1,0
342845100749,16,3926,58,2569,2003,951,2953,1,0
342845111765,154,4401,99,8267,2004,951,2954,1,0
342845122858,123,4428,152,15109,2005,951,2955,1,0
342845133794,26,4019,49,2337,2005,952,2956,1,0
342845145024,146,4317,149,8131,2006,952,2957,1,0
342845156918,133,4464,156,15111,2007,952,2958,1,0
342845167305,18,4049,54,2731,2007,953,2959,1,0
342845178813,171,4278,50,2891,2008,953,2960,1,0
342845190257,159,4323,93,7526,2009,953,2961,1,0
342845200971,16,4078,50,2391,2009,954,2962,1,0
342845212465,123,4106,146,14880,2010,954,2963,1,0
342845223300,119,4775,340,37892,2011,954,2964,1,0
342845233904,17,3940,61,4255,2011,955,2965,1,0
342845245171,123,4457,51,3159,2012,955,2966,1,0
342845256445,115,4346,172,15415,2013,955,2967,1,0
342845267483,16,4036,51,2736,2013,956,2968,1,0
342845278911,121,4395,97,8564,2014,956,2969,1,0
342845289793,117,4137,161,15524,2015,956,2970,1,0
342845301248,16,4199,50,2596,2015,957,2971,1,0
342845311829,123,4232,115,2855,2016,957,2972,1,0
342845323361,113,4416,91,7806,2017,957,2973,1,0
342845334004,15,3892,68,2420,2017,958,2974,1,0
342845345376,120,4262,66,2839,2018,958,2975,1,0
342845356303,166,4160,58,3114,2019,958,2976,1,0
342845367839,16,4381,51,2280,2019,959,2977,1,0
342845378460,122,4308,151,14969,2020,959,2978,1,0
342845389545,134,4293,44,2151,2021,959,2979,1,0
342845400813,22,3985,36,1166,2021,960,2980,1,0
342845411835,123,4456,325,35913,2022,960,2981,1,0
342845423044,114,4189,147,14567,2023,960,2982,1,0
342845434123,14,3972,52,2845,2023,961,2983,1,0
342845445620,120,4497,91,7863,2024,961,2984,1,0
342845456128,116,4239,156,15446,2025,961,2985,1,0
342845467185,15,3993,60,2701,2025,962,2986,1,0
342845478645,126,4327,93,8279,2026,962,2987,1,0
342845489855,120,3976,49,2611,2027,962,2988,1,0
342845501201,14,4239,81,2286,2027,963,2989,1,0
342845511973,134,4225,155,14992,2028,963,2990,1,0
342845523172,138,4409,109,8704,2029,963,2991,1,0
342845534246,19,4170,54,2336,2029,964,2992,1,0
342845545534,132,4234,156,15325,2030,964,2993,1,0
342845556014,176,4103,53,2908,2031,964,2994,1,0
342845567573,17,3694,50,2431,2031,965,2995,1,0
342845578670,135,4284,89,7707,2032,965,2996,1,0
342845589744,122,4258,70,2664,2033,965,2997,1,0
342845601196,15,4288,49,2343,2033,966,2998,1,0
342845611772,125,4298,74,5020,2034,966,2999,1,0
342845622819,149,4156,38,1270,2035,966,3000,1,0
342845634340,17,4059,38,1242,2035,967,3001,1,0
342845646114,214,4204,324,36016,2036,967,3002,1,0
342845656398,120,4234,70,5244,2037,967,3003,1,0
342845667703,15,4016,53,2674,2037,968,3004,1,0
342845678651,126,4590,50,2627,2038,968,3005,1,0
342845689838,119,4192,89,7611,2039,968,3006,1,0
342845700563,15,4075,48,2458,2039,969,3007,1,0
342845712012,120,4287,145,14403,2040,969,3008,1,0
342845723451,239,4013,113,8011,2041,969,3009,1,0
342845733856,21,9140,93,2301,2041,970,3010,1,0
342845745658,222,4473,89,2620,2042,970,3011,1,0
342845758802,395,4028,274,14697,2043,970,3012,1,0
342845767590,21,4020,56,2510,2043,971,3013,1,0
342845778957,140,4364,94,8331,2044,971,3014,1,0
342845789606,127,4169,154,15478,2045,971,3015,1,0
342845801147,16,4355,69,2698,2045,972,3016,1,0
342845811705,143,4230,100,8272,2046,972,3017,1,0
342845822791,131,4229,62,4523,2047,972,3018,1,0
342845834512,27,3974,41,1322,2047,973,3019,1,0
342845845467,192,4268,457,33356,2048,973,3020,1,0
342845856179,139,4210,111,10085,2049,973,3021,1,0
342845867638,89,4006,81,2826,2049,974,3022,1,0
342845878968,170,4579,53,2913,2050,974,3023,1,0
342845889286,135,4188,63,3693,2051,974,3024,1,0
342845900525,19,4065,54,2434,2051,975,3025,1,0
342845912046,140,4382,151,14572,2052,975,3026,1,0
342845923602,118,3985,50,2897,2053,975,3027,1,0
342845934069,16,3978,68,2441,2053,976,3028,1,0
342845945036,120,4080,90,7858,2054,976,3029,1,0
342845956203,122,4342,160,15646,2055,976,3030,1,0
342845967542,14,4039,50,2642,2055,977,3031,1,0
342845978712,124,4291,96,8354,2056,977,3032,1,0
342845989920,121,4405,55,2863,2057,977,3033,1,0
342846000817,17,4328,92,2373,2057,978,3034,1,0
342846011999,114,4274,146,14786,2058,978,3035,1,0
342846023161,112,4279,155,2273,2059,978,3036,1,0
342846034298,16,4080,76,1211,2059,979,3037,1,0
342846045447,146,4383,428,33779,2060,979,3038,1,0
342846055972,191,4212,95,4178,2061,979,3039,1,0
342846067825,27,4050,57,2590,2061,980,3040,1,0
342846078907,136,4385,90,7881,2062,980,3041,1,0
342846089835,129,4130,157,15133,2063,980,3042,1,0
342846100769,15,4150,49,2552,2063,981,3043,1,0
342846112206,140,4188,138,8185,2064,981,3044,1,0
342846123369,163,4217,55,2738,2065,981,3045,1,0
342846134201,17,4011,49,2346,2065,982,3046,1,0
342846145882,139,4255,56,3690,2066,982,3047,1,0
342846156362,116,4179,155,15475,2067,982,3048,1,0
342846167607,15,4059,50,2683,2067,983,3049,1,0
342846178243,123,4261,49,2855,2068,983,3050,1,0
342846189727,114,4148,215,7753,2069,983,3051,1,0
342846200852,20,4164,46,2228,2069,984,3052,1,0
342846211727,138,4340,156,15613,2070,984,3053,1,0
342846223072,129,4231,41,1853,2071,984,3054,1,0
342846234339,15,3958,43,1140,2071,985,3055,1,0
342846245426,131,4283,377,35943,2072,985,3056,1,0
342846256564,124,4109,169,16868,2073,985,3057,1,0
342846267357,14,3930,56,3037,2073,986,3058,1,0
342846278693,135,4567,96,8485,2074,986,3059,1,0
342846289333,167,4126,178,15461,2075,986,3060,1,0
342846301220,14,4190,100,2654,2075,987,3061,1,0
342846311814,125,4275,70,2912,2076,987,3062,1,0
342846323008,135,4125,90,7990,2077,987,3063,1,0
342846334290,14,3932,59,2249,2077,988,3064,1,0
342846345593,121,4270,155,15648,2078,988,3065,1,0
342846356394,117,4127,93,7696,2079,988,3066,1,0
342846367507,17,4015,58,2304,2079,989,3067,1,0
342846379200,166,4228,243,15071,2080,989,3068,1,0
342846389332,127,4559,105,9035,2081,989,3069,1,0
342846400919,15,4004,46,2324,2081,990,3070,1,0
342846411527,164,4126,162,15390,2082,990,3071,1,0
342846422792,158,4239,54,3070,2083,990,3072,1,0
342846434097,15,3887,51,2546,2083,991,3073,1,0
342846445096,129,4166,40,1702,2084,991,3074,1,0
342846456503,114,4111,51,1110,2085,991,3075,1,0
342846467298,24,3928,31,1105,2085,992,3076,1,0
342846478662,174,4663,325,35873,2086,992,3077,1,0
342846489896,118,4209,66,4619,2087,992,3078,1,0
342846500635,15,3936,68,2626,2087,993,3079,1,0
342846511935,118,4318,167,14820,2088,993,3080,1,0
342846523134,134,4265,95,8038,2089,993,3081,1,0
342846534268,15,3930,53,2457,2089,994,3082,1,0
342846545800,136,4238,155,15387,2090,994,3083,1,0
342846556037,162,4441,51,2757,2091,994,3084,1,0
342846567320,16,4039,48,2441,2091,995,3085,1,0
342846578543,120,4233,89,7929,2092,995,3086,1,0
342846589978,118,4320,156,15745,2093,995,3087,1,0
342846600532,33,3776,50,2801,2093,996,3088,1,0
342846612125,118,4302,99,9036,2094,996,3089,1,0
342846622900,158,4273,224,15000,2095,996,3090,1,0
342846634191,15,4393,52,2595,2095,997,3091,1,0
342846645350,159,4317,99,8966,2096,997,3092,1,0
342846656392,117,4191,159,15501,2097,997,3093,1,0
342846667452,14,4059,48,2586,2097,998,3094,1,0
342846678775,128,4254,43,2250,2098,998,3095,1,0
342846689997,137,4531,361,35597,2099,998,3096,1,0
342846700608,18,3933,62,4451,2099,999,3097,1,0
342846711903,532,4057,160,16233,2100,999,3098,1,0
342846723596,121,4318,112,8063,2101,999,3099,1,0
342846734170,19,4040,52,2403,2101,1000,3100,1,0
342846745450,122,4348,48,2760,2102,1000,3101,1,0
342846756045,278,4106,156,14910,2103,1000,3102,1,0
342846767130,23,4071,48,2619,2103,1001,3103,1,0
342846778564,119,4301,94,8305,2104,1001,3104,1,0
342846789622,115,4192,154,15502,2105,1001,3105,1,0
342846800856,17,3959,65,2679,2105,1002,3106,1,0
342846812308,117,4434,51,2938,2106,1002,3107,1,0
342846823031,118,4343,91,7827,2107,1002,3108,1,0
342846834142,16,4121,49,2362,2107,1003,3109,1,0
342846845469,118,4239,66,2773,2108,1003,3110,1,0
342846856718,117,4269,42,1597,2109,1003,3111,1,0
342846867460,15,3893,47,1202,2109,1004,3112,1,0
342846878423,170,4175,305,31957,2110,1004,3113,1,0
342846889623,128,4225,174,17459,2111,1004,3114,1,0
342846900835,15,4123,54,3142,2111,1005,3115,1,0
342846912182,121,4556,51,3241,2112,1005,3116,1,0
342846922861,124,4284,49,2868,2113,1005,3117,1,0
342846934413,24,4096,48,2581,2113,1006,3118,1,0
342846945687,131,4240,92,7891,2114,1006,3119,1,0
342846956204,132,4474,159,15954,2115,1006,3120,1,0
342846967452,14,4099,51,2647,2115,1007,3121,1,0
342846978728,127,4292,136,8442,2116,1007,3122,1,0
342846989692,122,4268,100,2536,2117,1007,3123,1,0
342847000726,16,4081,43,2245,2117,1008,3124,1,0
342847012188,117,4280,150,14999,2118,1008,3125,1,0
342847023397,118,4312,99,8691,2119,1008,3126,1,0
342847034038,17,4338,58,2398,2119,1009,3127,1,0
342847045244,138,4173,156,15629,2120,1009,3128,1,0
342847056752,134,4238,101,2491,2121,1009,3129,1,0
342847067576,17,4032,58,1438,2121,1010,3130,1,0
342847078519,134,4076,40,1495,2122,1010,3131,1,0
342847089715,143,4298,304,33230,2123,1010,3132,1,0
342847100951,17,4056,62,4003,2123,1011,3133,1,0
342847112286,121,4461,95,8394,2124,1011,3134,1,0
342847123156,155,4126,54,2747,2125,1011,3135,1,0
342847134074,16,3892,133,2382,2125,1012,3136,1,0
342847145535,135,4355,151,14912,2126,1012,3137,1,0
342847156019,125,4116,52,2797,2127,1012,3138,1,0
342847167685,15,4097,50,2382,2127,1013,3139,1,0
342847178517,127,4248,48,2618,2128,1013,3140,1,0
342847189879,124,4420,112,7609,2129,1013,3141,1,0
342847200970,23,4096,48,2295,2129,1014,3142,1,0
342847211757,116,4515,152,15366,2130,1014,3143,1,0
342847222912,115,4261,101,8064,2131,1014,3144,1,0
342847234080,16,3861,50,2504,2131,1015,3145,1,0
342847245382,149,4369,52,2832,2132,1015,3146,1,0
342847256419,160,4355,162,15042,2133,1015,3147,1,0
342847267444,34,3941,56,2546,2133,1016,3148,1,0
342847278526,309,6020,518,2009,2134,1016,3149,1,0
342847289968,150,5443,73,1128,2135,1016,3150,1,0
342847300827,20,4005,51,1120,2135,1017,3151,1,0
342847311750,197,4521,310,34453,2136,1017,3152,1,0
342847322945,123,4146,108,9580,2137,1017,3153,1,0
342847334049,15,3873,51,2837,2137,1018,3154,1,0
342847345376,123,4174,152,15133,2138,1018,3155,1,0
342847356206,134,4077,91,7921,2139,1018,3156,1,0
342847367438,15,3991,59,2397,2139,1019,3157,1,0
342847378539,157,4332,56,2736,2140,1019,3158,1,0
342847389664,127,4390,64,4125,2141,1019,3159,1,0
342847400854,14,4059,72,2323,2141,1020,3160,1,0
342847411535,142,4213,153,15184,2142,1020,3161,1,0
342847423454,116,4468,52,2985,2143,1020,3162,1,0
342847434146,15,3997,47,2457,2143,1021,3163,1,0
342847445181,120,4259,89,7726,2144,1021,3164,1,0
342847456491,151,4389,163,15744,2145,1021,3165,1,0
342847467626,15,4589,64,2496,2145,1022,3166,1,0
342847478541,149,4131,95,8094,2146,1022,3167,1,0
342847491543,140,4258,71,5122,2147,1022,3168,1,0
342847500941,16,4130,43,1319,2147,1023,3169,1,0
342847512107,131,4284,332,36179,2148,1023,3170,1,0
342847522792,136,4225,112,10186,2149,1023,3171,1,0
342847533974,15,3925,49,2823,2149,1024,3172,1,0
342847544986,133,4183,144,14146,2150,1024,3173,1,0
342847556074,161,4134,51,2912,2151,1024,3174,1,0
342847567817,17,4140,48,2382,2151,1025,3175,1,0
342847578966,126,4437,93,7881,2152,1025,3176,1,0
342847589490,138,4133,246,14980,2153,1025,3177,1,0
342847600760,18,3982,49,2636,2153,1026,3178,1,0
342847612203,127,4287,99,8521,2154,1026,3179,1,0
342847623093,150,4125,160,15044,2155,1026,3180,1,0
342847634274,16,4071,50,2502,2155,1027,3181,1,0
342847645376,124,4362,97,8315,2156,1027,3182,1,0
342847656321,118,4197,156,15333,2157,1027,3183,1,0
342847667487,35,3876,49,2688,2157,1028,3184,1,0
342847679022,150,4201,57,2991,2158,1028,3185,1,0
342847689411,129,4176,152,7738,2159,1028,3186,1,0
342847700942,16,4068,49,2422,2159,1029,3187,1,0
342847712161,127,4258,66,4796,2160,1029,3188,1,0
342847723298,121,4274,947,35527,2161,1029,3189,1,0
342847733984,17,3994,86,4368,2161,1030,3190,1,0
342847745216,212,4528,53,2881,2162,1030,3191,1,0
342847756402,125,4228,149,14909,2163,1030,3192,1,0
342847767239,14,4088,49,2583,2163,1031,3193,1,0
342847778453,137,4507,94,8153,2164,1031,3194,1,0
342847789466,136,4280,153,15589,2165,1031,3195,1,0
342847800634,14,4115,49,2478,2165,1032,3196,1,0
342847812040,129,4322,50,2794,2166,1032,3197,1,0
342847823102,120,4473,92,7748,2167,1032,3198,1,0
342847834410,16,4051,48,2312,2167,1033,3199,1,0
342847845194,117,4589,314,15628,2168,1033,3200,1,0
342847856006,138,4181,91,7513,2169,1033,3201,1,0
342847867594,20,3911,60,2371,2169,1034,3202,1,0
342847878843,154,4264,160,15693,2170,1034,3203,1,0
342847889673,245,4212,106,8706,2171,1034,3204,1,0
342847901036,16,4555,59,2309,2171,1035,3205,1,0
342847911911,172,4239,158,15460,2172,1035,3206,1,0
342847922995,137,4207,57,1996,2173,1035,3207,1,0
342847934237,15,3902,42,1235,2173,1036,3208,1,0
342847944919,135,4161,320,35551,2174,1036,3209,1,0
342847956707,128,4181,187,17975,2175,1036,3210,1,0
342847967519,15,4083,55,2946,2175,1037,3211,1,0
342847978425,137,4798,96,8178,2176,1037,3212,1,0
342847989565,120,4228,50,2785,2177,1037,3213,1,0
342848000535,15,4045,46,2432,2177,1038,3214,1,0
342848011903,119,4257,144,14860,2178,1038,3215,1,0
342848022937,121,4086,96,8342,2179,1038,3216,1,0
342848034463,15,4144,49,2476,2179,1039,3217,1,0
342848045109,124,4152,160,15285,2180,1039,3218,1,0
342848056171,171,4153,55,3115,2181,1039,3219,1,0
342848067335,16,3879,52,2451,2181,1040,3220,1,0
342848078376,150,4365,91,7808,2182,1040,3221,1,0
342848089679,126,4171,53,2542,2183,1040,3222,1,0
342848100689,20,4384,46,2233,2183,1041,3223,1,0
342848111750,131,4274,48,2500,2184,1041,3224,1,0
342848123243,221,4369,82,3412,2185,1041,3225,1,0
342848134218,26,3989,47,1242,2185,1042,3226,1,0
342848145721,149,4100,500,35876,2186,1042,3227,1,0
342848155911,136,4265,110,9956,2187,1042,3228,1,0
342848167628,16,3964,55,2827,2187,1043,3229,1,0
342848179105,130,4633,128,12411,2188,1043,3230,1,0
342848189451,127,4175,93,7664,2189,1043,3231,1,0
342848200844,14,4015,47,2377,2189,1044,3232,1,0
342848211858,120,4358,142,14073,2190,1044,3233,1,0
342848222794,184,4638,89,7932,2191,1044,3234,1,0
342848234318,15,4131,48,2413,2191,1045,3235,1,0
342848245005,128,4183,51,2774,2192,1045,3236,1,0
342848256636,124,4169,150,14695,2193,1045,3237,1,0
342848267339,16,3963,49,2488,2193,1046,3238,1,0
342848278561,126,4233,95,8340,2194,1046,3239,1,0
342848289572,124,4402,159,15474,2195,1046,3240,1,0
342848300727,15,4123,51,2569,2195,1047,3241,1,0
342848312070,127,4211,68,2857,2196,1047,3242,1,0
342848322700,126,4183,40,1618,2197,1047,3243,1,0
342848333785,17,3896,39,1304,2197,1048,3244,1,0
342848345335,159,4111,61,1453,2198,1048,3245,1,0
342848356803,146,4414,46,1138,2199,1048,3246,1,0
342848367060,17,4518,48,1138,2199,1049,3247,1,0
342848378766,156,4727,345,35918,2200,1049,3248,1,0
342848389737,134,4293,68,4255,2201,1049,3249,1,0
342848400940,16,4202,53,2652,2201,1050,3250,1,0
342848412318,132,4108,72,2711,2202,1050,3251,1,0
342848422717,146,4240,63,2353,2203,1050,3252,1,0
342848433940,23,4057,42,2187,2203,1051,3253,1,0
342848445280,122,4169,90,7648,2204,1051,3254,1,0
342848456694,118,4570,147,14532,2205,1051,3255,1,0
342848467276,23,3990,50,2533,2205,1052,3256,1,0
342848478610,125,4554,92,8119,2206,1052,3257,1,0
342848489795,111,4327,53,2724,2207,1052,3258,1,0
342848500530,14,4230,48,2353,2207,1053,3259,1,0
342848511942,134,4284,148,14776,2208,1053,3260,1,0
342848523369,259,4092,102,7876,2209,1053,3261,1,0
342848534099,17,4012,40,1741,2209,1054,3262,1,0
342848545436,130,4163,87,6915,2210,1054,3263,1,0
342848556661,174,4448,41,1372,2211,1054,3264,1,0
342848567431,17,4127,39,1278,2211,1055,3265,1,0
342848579083,138,4364,336,35532,2212,1055,3266,1,0
342848589575,119,4275,176,17778,2213,1055,3267,1,0
342848601071,15,4273,67,2927,2213,1056,3268,1,0
342848611923,116,4201,95,8197,2214,1056,3269,1,0
342848623083,155,4205,157,15155,2215,1056,3270,1,0
342848634437,17,4154,53,2532,2215,1057,3271,1,0
342848645159,126,4343,97,8336,2216,1057,3272,1,0
342848656391,124,4128,174,15445,2217,1057,3273,1,0
342848667801,48,4141,49,2694,2217,1058,3274,1,0
342848679311,126,4604,71,2994,2218,1058,3275,1,0
342848689517,116,5299,94,7978,2219,1058,3276,1,0
342848700868,15,9477,53,2365,2219,1059,3277,1,0
342848712151,131,5293,157,15730,2220,1059,3278,1,0
342848723243,121,5891,105,8269,2221,1059,3279,1,0
342848734257,24,7769,55,2373,2221,1060,3280,1,0
342848745335,120,5065,46,2666,2222,1060,3281,1,0
342848756116,120,5812,152,15228,2223,1060,3282,1,0
342848767248,15,7249,51,2673,2223,1061,3283,1,0
342848778385,125,5241,61,2040,2224,1061,3284,1,0
342848789366,139,5797,42,1225,2225,1061,3285,1,0
342848800666,17,7000,38,1225,2225,1062,3286,1,0
342848811572,125,5587,356,34440,2226,1062,3287,1,0
342848823263,120,5686,107,9732,2227,1062,3288,1,0
342848834345,15,6968,52,2843,2227,1063,3289,1,0
342848845819,125,5351,153,15293,2228,1063,3290,1,0
342848856404,138,5404,96,8108,2229,1063,3291,1,0
342848867261,16,7006,60,2299,2229,1064,3292,1,0
342848878492,146,5752,150,14481,2230,1064,3293,1,0
342848889569,128,5103,71,2530,2231,1064,3294,1,0
342848900355,18,9353,50,2456,2231,1065,3295,1,0
342848911981,123,5537,50,2762,2232,1065,3296,1,0
342848923039,154,5108,70,2558,2233,1065,3297,1,0
342848934105,20,6794,51,2383,2233,1066,3298,1,0
342848945277,120,5673,121,7682,2234,1066,3299,1,0
342848956321,173,5939,216,15504,2235,1066,3300,1,0
342848967263,17,6938,55,2570,2235,1067,3301,1,0
342848978545,162,5707,98,8190,2236,1067,3302,1,0
342848989917,115,5550,52,2626,2237,1067,3303,1,0
342849001019,19,9056,49,2355,2237,1068,3304,1,0
342849011784,123,5474,150,14979,2238,1068,3305,1,0
342849022897,126,5642,97,8450,2239,1068,3306,1,0
342849033992,15,7039,42,2183,2239,1069,3307,1,0
342849045084,123,5548,153,15298,2240,1069,3308,1,0
342849056272,134,5477,43,2047,2241,1069,3309,1,0
342849067227,17,7073,40,1258,2241,1070,3310,1,0
342849078653,123,5375,321,35735,2242,1070,3311,1,0
342849089838,119,5704,177,18021,2243,1070,3312,1,0
342849100643,17,7033,52,2944,2243,1071,3313,1,0
342849111828,127,6420,94,8209,2244,1071,3314,1,0
342849122778,219,5068,55,2798,2245,1071,3315,1,0
342849133890,17,7301,52,2441,2245,1072,3316,1,0
342849145259,133,5417,187,15474,2246,1072,3317,1,0
342849156219,140,4857,86,3052,2247,1072,3318,1,0
342849167272,25,7195,51,2529,2247,1073,3319,1,0
342849178310,129,5230,70,2707,2248,1073,3320,1,0
342849189448,122,6192,93,7859,2249,1073,3321,1,0
342849200920,18,9127,46,2245,2249,1074,3322,1,0
342849212148,127,5617,157,15574,2250,1074,3323,1,0
342849222724,126,5494,120,8250,2251,1074,3324,1,0
342849233968,17,6213,48,2465,2251,1075,3325,1,0
342849245122,121,5123,66,2764,2252,1075,3326,1,0
342849256265,117,5577,156,15231,2253,1075,3327,1,0
342849267938,18,7492,51,2552,2253,1076,3328,1,0
342849278489,121,5211,97,8580,2254,1076,3329,1,0
342849289542,114,5220,203,15509,2255,1076,3330,1,0
342849300880,18,6967,51,2817,2255,1077,3331,1,0
342849311597,125,5408,63,2290,2256,1077,3332,1,0
342849322764,126,5848,56,1260,2257,1077,3333,1,0
342849334180,15,6864,47,1241,2257,1078,3334,1,0
342849345228,126,5312,298,33116,2258,1078,3335,1,0
342849356293,138,5524,117,10209,2259,1078,3336,1,0
342849367376,18,7680,68,2761,2259,1079,3337,1,0
342849378574,976,5216,296,2778,2260,1079,3338,1,0
342849389586,134,5579,157,15363,2261,1079,3339,1,0
342849400763,26,9534,63,2467,2261,1080,3340,1,0
342849412029,125,5805,69,2769,2262,1080,3341,1,0
342849423352,119,5490,48,2643,2263,1080,3342,1,0
342849434007,16,6946,82,2330,2263,1081,3343,1,0
342849445060,131,5559,88,7774,2264,1081,3344,1,0
342849456415,120,5305,197,15549,2265,1081,3345,1,0
342849467335,21,6749,90,2481,2265,1082,3346,1,0
342849478650,132,5424,137,8208,2266,1082,3347,1,0
342849489501,277,5878,69,2655,2267,1082,3348,1,0
342849500734,33,6379,46,2334,2267,1083,3349,1,0
342849511840,124,5368,146,14752,2268,1083,3350,1,0
342849522742,140,5489,108,8269,2269,1083,3351,1,0
342849534338,16,35579,109,2489,2269,1084,3352,1,0
342849581629,409,8618,266,12709,2270,1084,3353,1,0
342849592830,316,5709,54,2004,2271,1084,3354,1,0
342849603998,20,5474,44,1242,2271,1085,3355,1,0
342849614922,144,7932,48,1242,2272,1085,3356,1,0
342849625682,150,5760,380,35853,2273,1085,3357,1,0
342849636811,20,6223,65,4247,2273,1086,3358,1,0
342849647995,148,7718,167,16089,2274,1086,3359,1,0
342849659242,148,8401,102,8530,2275,1086,3360,1,0
342849670318,54,5835,50,2476,2275,1087,3361,1,0
342849681574,144,7133,208,12825,2276,1087,3362,1,0
342849692666,141,5471,95,7863,2277,1087,3363,1,0
342849703715,18,6244,57,2383,2277,1088,3364,1,0
342849714683,397,6689,176,15562,2278,1088,3365,1,0
342849725878,130,5478,156,8335,2279,1088,3366,1,0
342849736987,18,5485,62,2412,2279,1089,3367,1,0
342849748784,122,7165,75,2714,2280,1089,3368,1,0
342849759327,143,5444,154,15214,2281,1089,3369,1,0
342849770343,17,5377,53,2750,2281,1090,3370,1,0
342849783662,143,7247,111,8718,2282,1090,3371,1,0
342849792469,138,5320,156,15717,2283,1090,3372,1,0
342849803371,28,6101,55,2759,2283,1091,3373,1,0
342849814662,289,7258,56,3020,2284,1091,3374,1,0
342849826214,125,5175,71,2499,2285,1091,3375,1,0
342849837195,18,4931,49,2362,2285,1092,3376,1,0
342849847750,126,7627,103,8070,2286,1092,3377,1,0
342849859537,188,8143,48,1896,2287,1092,3378,1,0
342849870444,26,5867,59,1344,2287,1093,3379,1,0
342849881404,162,8883,80,5284,2288,1093,3380,1,0
342849892389,142,5402,401,36033,2289,1093,3381,1,0
342849903370,19,6174,100,4269,2289,1094,3382,1,0
342849915052,295,7298,109,8552,2290,1094,3383,1,0
342849926158,147,5671,145,13199,2291,1094,3384,1,0
342849936864,20,6182,49,2472,2291,1095,3385,1,0
342849948421,119,7591,93,7773,2292,1095,3386,1,0
342849959953,125,7238,143,14440,2293,1095,3387,1,0
342849970284,18,5679,49,2587,2293,1096,3388,1,0
342849981305,130,8599,110,8432,2294,1096,3389,1,0
342849992871,652,5095,55,2579,2295,1096,3390,1,0
342850003962,18,5293,59,2311,2295,1097,3391,1,0
342850015273,142,7252,150,14895,2296,1097,3392,1,0
342850025844,130,5525,96,8391,2297,1097,3393,1,0
342850036824,18,5416,71,2400,2297,1098,3394,1,0
342850047960,124,8046,162,15381,2298,1098,3395,1,0
342850059302,123,5343,72,3083,2299,1098,3396,1,0
342850070499,20,4843,55,2487,2299,1099,3397,1,0
342850081129,138,8596,96,7822,2300,1099,3398,1,0
342850092711,113,5314,50,2794,2301,1099,3399,1,0
342850103611,19,5675,46,2396,2301,1100,3400,1,0
342850114628,127,8083,66,2714,2302,1100,3401,1,0
342850126155,294,5790,77,3549,2303,1100,3402,1,0
342850136838,19,6036,67,1285,2303,1101,3403,1,0
342850147990,124,7631,387,35624,2304,1101,3404,1,0
342850158968,122,8514,116,10044,2305,1101,3405,1,0
342850170374,17,5952,51,2726,2305,1102,3406,1,0
342850181178,124,8901,191,12609,2306,1102,3407,1,0
342850192417,117,5687,90,7787,2307,1102,3408,1,0
342850203623,57,5875,47,2387,2307,1103,3409,1,0
342850214625,120,7544,146,14169,2308,1103,3410,1,0
342850225665,117,5528,113,8121,2309,1103,3411,1,0
342850236749,19,5806,47,2279,2309,1104,3412,1,0
342850247878,116,7489,71,2559,2310,1104,3413,1,0
342850259054,124,5296,337,14868,2311,1104,3414,1,0
342850270291,16,5513,51,2416,2311,1105,3415,1,0
342850281279,139,8588,715,8215,2312,1105,3416,1,0
342850292369,119,5352,151,15398,2313,1105,3417,1,0
342850303531,20,5787,69,2713,2313,1106,3418,1,0
342850315069,117,7972,55,3026,2314,1106,3419,1,0
342850325657,123,5390,87,7577,2315,1106,3420,1,0
342850337144,122,5640,68,2744,2316,1106,3421,1,0
342850348389,16,7078,48,2373,2316,1107,3422,1,0
342850359140,121,5319,67,2655,2317,1107,3423,1,0
342850370003,16,6141,61,2375,2317,1108,3424,1,0
342850381728,163,8101,155,14960,2318,1108,3425,1,0
342850392940,285,5875,95,8116,2319,1108,3426,1,0
342850403861,18,5299,41,1873,2319,1109,3427,1,0
342850414860,135,7765,143,6930,2320,1109,3428,1,0
342850425998,117,5696,38,1395,2321,1109,3429,1,0
342850437020,19,6057,37,1301,2321,1110,3430,1,0
342850448244,263,7416,399,35485,2322,1110,3431,1,0
342850459252,118,8345,226,17767,2323,1110,3432,1,0
342850470555,16,5806,54,2906,2323,1111,3433,1,0
342850481504,124,7518,116,8179,2324,1111,3434,1,0
342850492702,114,5830,68,2855,2325,1111,3435,1,0
342850504007,20,5412,50,2347,2325,1112,3436,1,0
342850514936,141,7599,155,14880,2326,1112,3437,1,0
342850526185,120,5672,97,8429,2327,1112,3438,1,0
342850536960,56,5554,51,2408,2327,1113,3439,1,0
342850548041,129,7236,160,15418,2328,1113,3440,1,0
342850559360,141,5766,51,2978,2329,1113,3441,1,0
342850570450,16,5332,50,2532,2329,1114,3442,1,0
342850581264,127,8256,91,7932,2330,1114,3443,1,0
342850592435,159,5477,155,15787,2331,1114,3444,1,0
342850603604,19,5762,50,2773,2331,1115,3445,1,0
342850614541,121,7813,114,9062,2332,1115,3446,1,0
342850625796,150,5636,170,15216,2333,1115,3447,1,0
342850636999,16,5088,48,2530,2333,1116,3448,1,0
342850648315,121,7900,102,9085,2334,1116,3449,1,0
342850659499,126,7851,145,14723,2335,1116,3450,1,0
342850670598,17,5120,40,1751,2335,1117,3451,1,0
342850681229,119,8737,41,1921,2336,1117,3452,1,0
342850692333,119,5684,366,35570,2337,1117,3453,1,0
342850703459,29,6536,63,4382,2337,1118,3454,1,0
342850714754,127,7706,164,16095,2338,1118,3455,1,0
342850725952,118,5652,96,8106,2339,1118,3456,1,0
342850736981,16,5822,50,2466,2339,1119,3457,1,0
342850748173,119,7497,76,2834,2340,1119,3458,1,0
342850759247,116,5799,279,15015,2341,1119,3459,1,0
342850770429,17,5576,51,2564,2341,1120,3460,1,0
342850781531,120,7684,96,8301,2342,1120,3461,1,0
342850792672,114,5452,151,15631,2343,1120,3462,1,0
342850803716,20,5692,49,2588,2343,1121,3463,1,0
342850814825,114,8075,70,2868,2344,1121,3464,1,0
342850825909,117,5371,91,7709,2345,1121,3465,1,0
342850836904,17,5254,48,2388,2345,1122,3466,1,0
342850847721,132,7577,187,15727,2346,1122,3467,1,0
342850859172,116,5109,87,7592,2347,1122,3468,1,0
342850870903,16,4884,58,2502,2347,1123,3469,1,0
342850881152,155,8674,157,15091,2348,1123,3470,1,0
342850892412,123,6115,102,9174,2349,1123,3471,1,0
342850903931,17,4951,59,2533,2349,1124,3472,1,0
342850914874,143,7743,95,6424,2350,1124,3473,1,0
342850926150,126,6118,351,33833,2351,1124,3474,1,0
342850936644,16,6264,61,4142,2351,1125,3475,1,0
342850948375,128,7449,114,9020,2352,1125,3476,1,0
342850959481,140,7550,160,15594,2353,1125,3477,1,0
342850970647,57,5512,54,2717,2353,1126,3478,1,0
342850981534,141,7816,105,8315,2354,1126,3479,1,0
342850992392,132,5486,68,2623,2355,1126,3480,1,0
342851003581,20,5694,49,2342,2355,1127,3481,1,0
342851014774,130,7551,155,14941,2356,1127,3482,1,0
342851025792,122,5544,99,8705,2357,1127,3483,1,0
342851036730,18,5634,47,2302,2357,1128,3484,1,0
342851047901,119,7993,155,15303,2358,1128,3485,1,0
342851059516,112,7675,69,3159,2359,1128,3486,1,0
342851070069,19,5960,47,2533,2359,1129,3487,1,0
342851081514,118,8240,96,8095,2360,1129,3488,1,0
342851092556,121,4890,46,2627,2361,1129,3489,1,0
342851103810,15,5162,39,2252,2361,1130,3490,1,0
342851114495,171,8087,277,2532,2362,1130,3491,1,0
342851126071,1367,5191,164,15158,2363,1130,3492,1,0
342851136702,73,6530,54,2647,2363,1131,3493,1,0
342851148220,144,7591,47,2055,2364,1131,3494,1,0
342851159470,1530,6346,336,35788,2365,1131,3495,1,0
342851170473,21,5655,76,4192,2365,1132,3496,1,0
342851181607,255,7552,222,13087,2366,1132,3497,1,0
342851192575,134,5458,95,7749,2367,1132,3498,1,0
342851203387,19,6134,47,2406,2367,1133,3499,1,0
342851215009,135,6944,161,15418,2368,1133,3500,1,0
342851225685,175,6574,102,8164,2369,1133,3501,1,0
342851237033,17,5272,52,2297,2369,1134,3502,1,0
342851248219,164,8023,73,2572,2370,1134,3503,1,0
342851259044,146,8103,175,14997,2371,1134,3504,1,0
342851270089,19,5544,843,2528,2371,1135,3505,1,0
342851281316,150,7196,103,8342,2372,1135,3506,1,0
342851292456,144,4973,155,15428,2373,1135,3507,1,0
342851303618,16,5234,50,2582,2373,1136,3508,1,0
342851314950,135,7811,74,2834,2374,1136,3509,1,0
342851326264,670,5306,44,2141,2375,1136,3510,1,0
342851337462,30,4816,53,1808,2375,1137,3511,1,0
342851348192,158,7619,53,2098,2376,1137,3512,1,0
342851359333,135,7911,337,35700,2377,1137,3513,1,0
342851370853,52,5731,114,4349,2377,1138,3514,1,0
342851381299,296,7902,70,2858,2378,1138,3515,1,0
342851392449,302,5203,216,15524,2379,1138,3516,1,0
342851403452,17,6266,60,2563,2379,1139,3517,1,0
342851414451,180,7577,68,2845,2380,1139,3518,1,0
342851426136,212,5678,73,2699,2381,1139,3519,1,0
342851437147,16,5797,56,2514,2381,1140,3520,1,0
342851447909,130,7043,96,7684,2382,1140,3521,1,0
342851458975,136,5117,197,15678,2383,1140,3522,1,0
342851470355,22,5304,213,2509,2383,1141,3523,1,0
342851481659,203,7119,172,8304,2384,1141,3524,1,0
342851492763,309,5041,80,2629,2385,1141,3525,1,0
342851503753,125,5371,160,15061,2386,1141,3526,1,0
342851514756,20,7197,54,2600,2386,1142,3527,1,0
342851525964,142,5477,100,8165,2387,1142,3528,1,0
342851536886,17,5275,58,2372,2387,1143,3529,1,0
342851548318,136,7554,158,15326,2388,1143,3530,1,0
342851559405,240,4759,51,2873,2389,1143,3531,1,0
342851570152,30,5106,53,2425,2389,1144,3532,1,0
342851581218,161,8021,102,7620,2390,1144,3533,1,0
342851592308,149,6099,56,2490,2391,1144,3534,1,0
342851603340,18,5552,60,2119,2391,1145,3535,1,0
342851614427,304,9546,1163,3369,2392,1145,3536,1,0
342851626174,179,5762,116,2501,2393,1145,3537,1,0
342851636810,27,6428,74,1149,2393,1146,3538,1,0
342851647962,148,7737,44,1139,2394,1146,3539,1,0
342851659435,131,7343,324,35621,2395,1146,3540,1,0
342851670630,155,5331,71,4192,2395,1147,3541,1,0
342851681524,169,7398,148,13068,2396,1147,3542,1,0
342851692400,167,5615,91,7726,2397,1147,3543,1,0
342851703573,17,6008,53,2379,2397,1148,3544,1,0
342851714644,132,7246,206,15360,2398,1148,3545,1,0
342851725915,127,5623,99,8067,2399,1148,3546,1,0
342851737145,22,5114,58,2438,2399,1149,3547,1,0
342851747870,179,7835,53,2760,2400,1149,3548,1,0
342851759274,127,7712,150,14877,2401,1149,3549,1,0
342851771383,1296,5731,90,2560,2401,1150,3550,1,0
342851781218,162,7639,108,8458,2402,1150,3551,1,0
342851792483,130,6240,331,15440,2403,1150,3552,1,0
342851803442,22,5598,58,2764,2403,1151,3553,1,0
342851814601,291,7313,55,3021,2404,1151,3554,1,0
342851826121,124,5096,90,7773,2405,1151,3555,1,0
342851836752,19,5149,45,2376,2405,1152,3556,1,0
342851848282,145,7741,74,2792,2406,1152,3557,1,0
342851859485,122,7044,61,2262,2407,1152,3558,1,0
342851870637,32,5979,50,2060,2407,1153,3559,1,0
342851881609,140,8392,95,5521,2408,1153,3560,1,0
342851892218,120,5758,35,1198,2409,1153,3561,1,0
342851903406,16,6162,38,1180,2409,1154,3562,1,0
342851914639,270,7384,429,35853,2410,1154,3563,1,0
342851925717,122,5706,147,14700,2411,1154,3564,1,0
342851937397,23,5525,61,2875,2411,1155,3565,1,0
342851947915,140,7521,95,7872,2412,1155,3566,1,0
342851958968,133,7589,156,15506,2413,1155,3567,1,0
342851970359,18,5302,65,2676,2413,1156,3568,1,0
342851981349,137,7630,102,8315,2414,1156,3569,1,0
342851992569,126,5466,49,2778,2415,1156,3570,1,0
342852003639,227,5552,155,15019,2416,1156,3571,1,0
342852015227,18,6632,48,2482,2416,1157,3572,1,0
342852025892,121,5491,97,8430,2417,1157,3573,1,0
342852036870,18,5373,46,2332,2417,1158,3574,1,0
342852048193,115,7900,184,15200,2418,1158,3575,1,0
342852059544,114,5121,68,2699,2419,1158,3576,1,0
342852070482,19,4907,55,2318,2419,1159,3577,1,0
342852081031,153,8358,109,7641,2420,1159,3578,1,0
