start_us,capture_us,encode_us,submit_us,payload_bytes,desktop_updates,cached_frames,sample_id,capture_epoch,is_idr
295724628070,1703,6390,235,8645,1,0,0,1,1
295724639485,265,3141,353,29736,2,0,1,1,0
295724650552,59,3139,121,7589,2,1,2,1,0
295724661414,412,3733,181,10362,3,1,3,1,0
295724672573,645,4740,425,43411,4,1,4,1,1
295724684069,256,5287,152,5634,4,2,5,1,0
295724695134,211,3808,123,7501,4,3,6,1,0
295724706291,207,3078,103,4855,5,3,7,1,0
295724717472,282,5587,77,2968,5,4,8,1,0
295724728161,233,3055,76,2691,5,5,9,1,0
295724739228,242,2985,124,8783,6,5,10,1,0
295724750288,249,6396,95,2700,6,6,11,1,0
295724761459,324,3212,173,13643,7,6,12,1,0
295724772501,209,4767,425,44796,8,6,13,1,1
295724783968,302,5236,99,5496,8,7,14,1,0
295724794968,295,3030,248,20860,9,7,15,1,0
295724806138,252,3375,68,2118,10,7,16,1,0
295724817133,55,3168,60,975,10,8,17,1,0
295724828275,223,3064,71,1011,11,8,18,1,0
295724839242,256,3218,86,639,12,8,19,1,0
295724850612,55,6140,66,628,12,9,20,1,0
295724861796,352,3063,397,34565,13,9,21,1,0
295724872739,364,3484,92,4093,14,9,22,1,0
295724883986,72,3004,72,2097,14,10,23,1,0
295724895044,329,3646,187,14318,15,10,24,1,0
295724906170,266,4268,125,7576,16,10,25,1,0
295724917199,64,2968,72,1974,16,11,26,1,0
295724928326,314,3104,284,12165,17,11,27,1,0
295724939604,255,3019,123,7193,18,11,28,1,0
295724950707,75,3237,75,1772,18,12,29,1,0
295724961805,242,3789,193,14959,19,12,30,1,0
295724972867,304,3471,125,7745,20,12,31,1,0
295724984092,94,2863,71,1853,20,13,32,1,0
295724995131,220,3060,84,2105,21,13,33,1,0
295725006297,325,3073,189,15196,22,13,34,1,0
295725016882,55,3132,75,2063,22,14,35,1,0
295725028488,311,3177,188,7689,23,14,36,1,0
295725039538,214,3412,106,4047,24,14,37,1,0
295725050309,77,3239,64,756,24,15,38,1,0
295725061453,257,2999,71,739,25,15,39,1,0
295725072953,235,3103,369,34489,26,15,40,1,0
295725084049,121,6027,133,3886,26,16,41,1,0
295725094665,274,2932,189,15671,27,16,42,1,0
295725106215,369,3855,140,7665,28,16,43,1,0
295725117323,55,5430,110,1903,28,17,44,1,0
295725129364,258,3550,113,2202,29,17,45,1,0
295725139254,263,3044,84,2367,30,17,46,1,0
295725150755,60,5244,75,1744,30,18,47,1,0
295725161749,238,3204,190,14712,31,18,48,1,0
295725172709,270,2995,97,2350,32,18,49,1,0
295725183678,55,5901,97,1914,32,19,50,1,0
295725194849,321,4890,161,7271,33,19,51,1,0
295725205945,218,2845,209,15157,34,19,52,1,0
295725217089,61,5516,102,1991,34,20,53,1,0
295725228486,247,2936,145,7703,35,20,54,1,0
295725239607,278,3532,95,2328,36,20,55,1,0
295725250276,67,3154,80,2016,36,21,56,1,0
295725261416,247,2996,227,15221,37,21,57,1,0
295725272876,256,3761,130,7970,38,21,58,1,0
295725284336,67,5323,105,1954,38,22,59,1,0
295725294926,297,3557,191,14858,39,22,60,1,0
295725306204,274,3121,79,2479,40,22,61,1,0
295725317300,59,2974,74,1939,40,23,62,1,0
295725328754,193,2815,115,7486,41,23,63,1,0
295725339456,205,2913,122,2791,42,23,64,1,0
295725350639,53,2950,60,847,42,24,65,1,0
295725361384,214,3089,85,3256,43,24,66,1,0
295725373826,185,2866,386,34631,44,24,67,1,0
295725383937,58,5558,123,3720,44,25,68,1,0
295725395122,208,3740,197,14781,45,25,69,1,0
295725405750,211,2867,128,7719,46,25,70,1,0
295725417199,61,6137,73,1827,46,26,71,1,0
295725428368,521,2961,178,12206,47,26,72,1,0
295725440138,257,3341,144,7003,48,26,73,1,0
295725450366,58,3097,71,1957,48,27,74,1,0
295725461707,239,3244,198,15023,49,27,75,1,0
295725473940,202,2885,122,7619,50,27,76,1,0
295725484040,65,3012,108,1739,50,28,77,1,0
295725494746,366,3006,95,4444,51,28,78,1,0
295725505970,199,3241,395,34789,52,28,79,1,0
295725517239,60,3150,92,3781,52,29,80,1,0
295725528952,197,3043,133,8019,53,29,81,1,0
295725539566,218,3536,184,13837,54,29,82,1,0
295725550791,62,5455,75,2098,54,30,83,1,0
295725561547,217,3106,74,2238,55,30,84,1,0
295725572886,275,3220,120,6923,56,30,85,1,0
295725583756,57,2989,71,1877,56,31,86,1,0
295725594853,256,3241,184,14357,57,31,87,1,0
295725606061,217,2912,118,7087,58,31,88,1,0
295725617236,71,2885,68,1869,58,32,89,1,0
295725628462,480,2952,175,13977,59,32,90,1,0
295725639377,240,2885,105,1572,60,32,91,1,0
295725650553,72,6293,62,781,60,33,92,1,0
295725661765,208,2851,59,781,61,33,93,1,0
295725672817,248,2961,592,32557,62,33,94,1,0
295725683883,58,2870,84,3556,62,34,95,1,0
295725695001,244,3685,134,8440,63,34,96,1,0
295725706480,228,2991,192,15054,64,34,97,1,0
295725717670,51,4987,109,2156,64,35,98,1,0
295725728551,242,3226,122,7765,65,35,99,1,0
295725739484,226,2907,75,2133,66,35,100,1,0
295725750630,61,6388,71,1860,66,36,101,1,0
295725761571,203,2871,188,14975,67,36,102,1,0
295725772621,243,2872,223,8154,68,36,103,1,0
295725783784,242,2924,72,1855,68,37,104,1,0
295725795013,270,2937,384,14858,69,37,105,1,0
295725806028,224,2903,76,2415,70,37,106,1,0
295725817083,51,2977,86,1915,70,38,107,1,0
295725828252,242,3407,120,7151,71,38,108,1,0
295725839438,379,2869,192,15385,72,38,109,1,0
295725850471,56,5636,71,2051,72,39,110,1,0
295725861881,335,3338,145,7762,73,39,111,1,0
295725872696,225,2836,93,4223,74,39,112,1,0
295725883934,68,5820,63,830,74,40,113,1,0
295725895047,220,3747,63,744,75,40,114,1,0
295725906285,208,2949,401,34881,76,40,115,1,0
295725917381,64,5639,96,3667,76,41,116,1,0
295725928547,309,3713,400,15151,77,41,117,1,0
295725939547,195,3270,240,7324,78,41,118,1,0
295725950564,146,2958,75,1762,78,42,119,1,0
295725961424,200,2898,203,15105,79,42,120,1,0
295725972462,221,3102,128,7577,80,42,121,1,0
295725984065,60,3040,71,1793,80,43,122,1,0
295725995134,209,2890,72,2117,81,43,123,1,0
295726005884,228,2982,211,15070,82,43,124,1,0
295726016879,55,3074,70,2100,82,44,125,1,0
295726028271,292,4126,127,7851,83,44,126,1,0
295726039469,201,3124,207,14867,84,44,127,1,0
295726051482,209,4323,108,2436,85,44,128,1,0
295726061528,82,3150,75,2003,85,45,129,1,0
295726072819,245,4050,127,7256,86,45,130,1,0
295726083702,80,3514,102,1943,86,46,131,1,0
295726094888,217,2855,65,1449,87,46,132,1,0
295726106526,244,3730,162,4913,88,46,133,1,0
295726117554,55,5461,61,819,88,47,134,1,0
295726128276,215,3490,401,34552,89,47,135,1,0
295726139559,284,3179,203,16277,90,47,136,1,0
295726150667,57,5226,80,2320,90,48,137,1,0
295726161341,208,3423,258,7635,91,48,138,1,0
295726173064,227,2863,170,12985,92,48,139,1,0
295726183676,59,5703,74,2014,92,49,140,1,0
295726194693,201,2866,112,7151,93,49,141,1,0
295726205863,197,2898,190,15283,94,49,142,1,0
295726217081,57,2969,79,1946,94,50,143,1,0
295726228041,217,2868,155,7527,95,50,144,1,0
295726239542,223,3650,74,2265,96,50,145,1,0
295726250935,54,5534,105,1962,96,51,146,1,0
295726261425,220,3147,365,14328,97,51,147,1,0
295726272547,268,4050,133,8826,98,51,148,1,0
295726283616,66,6102,71,1946,98,52,149,1,0
295726294888,324,2820,174,14959,99,52,150,1,0
295726306035,213,3238,94,1487,100,52,151,1,0
295726317089,130,3286,68,746,100,53,152,1,0
295726328026,208,2913,64,746,101,53,153,1,0
295726339591,217,2995,83,746,102,53,154,1,0
295726350206,55,3026,60,746,102,54,155,1,0
295726361334,234,2924,451,34845,103,54,156,1,0
295726372481,209,3084,96,3990,104,54,157,1,0
295726383634,56,3052,75,2210,104,55,158,1,0
295726394727,209,3236,188,14520,105,55,159,1,0
295726406055,228,3731,78,2378,106,55,160,1,0
295726417382,70,5479,73,1877,106,56,161,1,0
295726428418,254,3011,75,2045,107,56,162,1,0
295726439423,408,3388,116,6853,108,56,163,1,0
295726450242,142,6733,75,1732,108,57,164,1,0
295726461484,203,2932,186,14804,109,57,165,1,0
295726472774,212,2869,123,7395,110,57,166,1,0
295726483942,90,3120,70,1771,110,58,167,1,0
295726495013,207,3732,87,3107,111,58,168,1,0
295726506328,226,2881,79,2387,112,58,169,1,0
295726517307,75,5638,61,727,112,59,170,1,0
295726528532,389,2875,381,34830,113,59,171,1,0
295726539477,200,3134,111,6002,114,59,172,1,0
295726550711,63,2873,101,754,114,60,173,1,0
295726561715,210,3176,367,33354,115,60,174,1,0
295726572582,202,3065,143,8848,116,60,175,1,0
295726583884,108,5541,72,2232,116,61,176,1,0
295726594879,226,2920,189,14651,117,61,177,1,0
295726606234,210,3244,249,7502,118,61,178,1,0
295726617052,57,2988,72,2003,118,62,179,1,0
295726628352,261,3391,79,2356,119,62,180,1,0
295726639292,257,3433,108,2495,120,62,181,1,0
295726650693,84,3619,88,1744,120,63,182,1,0
295726661430,204,2922,184,14732,121,63,183,1,0
295726672571,214,3152,241,2454,122,63,184,1,0
295726683871,56,2880,75,1854,122,64,185,1,0
295726694766,254,3209,120,7035,123,64,186,1,0
295726705865,212,3489,113,5224,124,64,187,1,0
295726717381,70,5896,62,879,124,65,188,1,0
295726728449,224,2867,62,836,125,65,189,1,0
295726739307,276,3018,393,34789,126,65,190,1,0
295726750442,62,5757,91,3754,126,66,191,1,0
295726761438,258,2814,201,14972,127,66,192,1,0
295726772523,214,2854,133,9123,128,66,193,1,0
295726784038,115,3168,73,1991,128,67,194,1,0
295726795050,277,3632,196,14981,129,67,195,1,0
295726806329,383,2888,166,2640,130,67,196,1,0
295726817289,145,6172,135,2116,130,68,197,1,0
295726828309,386,3733,238,7443,131,68,198,1,0
295726839407,322,3595,321,15381,132,68,199,1,0
295726851107,88,5120,109,2119,132,69,200,1,0
295726861711,299,3591,259,7788,133,69,201,1,0
295726872427,336,2897,355,14179,134,69,202,1,0
295726883877,97,6360,111,2282,134,70,203,1,0
295726894979,292,3066,205,8123,135,70,204,1,0
295726906235,373,3312,384,15201,136,70,205,1,0
295726917369,88,5286,102,2084,136,71,206,1,0
295726928272,468,3349,118,2355,137,71,207,1,0
295726939376,319,2908,163,1365,138,71,208,1,0
295726950727,205,5407,105,722,138,72,209,1,0
295726961667,309,3219,80,721,139,72,210,1,0
295726972832,293,3114,700,34993,140,72,211,1,0
295726984547,107,5361,144,3880,140,73,212,1,0
295726994860,370,3066,110,2423,141,73,213,1,0
295727005891,325,3777,352,14462,142,73,214,1,0
295727017473,118,5700,107,2146,142,74,215,1,0
295727028868,463,2969,534,8149,143,74,216,1,0
295727042138,396,3012,481,15081,144,74,217,1,0
295727051043,169,5344,102,2228,144,75,218,1,0
295727061439,389,3779,132,1617,145,75,219,1,0
295727073017,368,3657,115,1178,146,75,220,1,0
295727084261,211,5662,79,760,146,76,221,1,0
295727095025,409,3522,91,758,147,76,222,1,0
295727106399,332,4709,1057,34580,148,76,223,1,0
295727117095,117,3213,259,3853,148,77,224,1,0
295727128247,303,3207,114,2420,149,77,225,1,0
295727139589,304,3895,306,14472,150,77,226,1,0
295727150307,90,6365,104,2067,150,78,227,1,0
295727161422,313,4539,116,2334,151,78,228,1,0
295727172838,316,3537,118,2183,152,78,229,1,0
295727183707,170,3231,101,1967,152,79,230,1,0
295727195613,388,4226,478,6939,153,79,231,1,0
295727205801,326,3861,337,15010,154,79,232,1,0
295727217498,100,5621,109,2034,154,80,233,1,0
295727228216,322,3256,198,7857,155,80,234,1,0
295727239326,330,3432,106,2191,156,80,235,1,0
295727251464,106,6277,472,1823,156,81,236,1,0
295727261822,561,3554,312,14153,157,81,237,1,0
295727272808,444,3245,198,6923,158,81,238,1,0
295727284058,104,5811,86,805,158,82,239,1,0
295727295154,525,3453,229,5885,159,82,240,1,0
295727305906,305,3287,82,895,160,82,241,1,0
295727317071,103,6278,80,849,160,83,242,1,0
295727328312,318,3493,679,34617,161,83,243,1,0
295727339375,442,3333,390,17354,162,83,244,1,0
295727351837,310,5038,210,7994,163,83,245,1,0
295727361945,111,3408,103,2216,163,84,246,1,0
295727372781,286,3106,114,2554,164,84,247,1,0
295727384092,133,6755,107,2116,164,85,248,1,0
295727395606,307,6047,322,14713,165,85,249,1,0
295727406551,391,3595,119,2488,166,85,250,1,0
295727417344,96,6687,103,1965,166,86,251,1,0
295727428491,323,3115,102,2120,167,86,252,1,0
295727439074,332,3557,183,6208,168,86,253,1,0
295727450384,107,3302,85,954,168,87,254,1,0
295727461397,397,3315,131,4100,169,87,255,1,0
295727472680,300,3213,670,34786,170,87,256,1,0
295727484034,105,5763,133,3686,170,88,257,1,0
295727494930,488,3945,115,2414,171,88,258,1,0
295727506052,327,3544,321,14503,172,88,259,1,0
295727517213,93,5850,106,2123,172,89,260,1,0
295727528351,362,3210,211,8384,173,89,261,1,0
295727539902,306,3379,316,15058,174,89,262,1,0
295727550845,169,5579,105,2196,174,90,263,1,0
295727561608,302,3964,157,2489,175,90,264,1,0
295727572689,435,3348,185,7212,176,90,265,1,0
295727584056,98,6093,191,1898,176,91,266,1,0
295727595104,393,3160,346,15217,177,91,267,1,0
295727605959,322,3256,196,6842,178,91,268,1,0
295727617455,106,6202,119,1277,178,92,269,1,0
295727628389,299,3229,219,7314,179,92,270,1,0
295727639361,455,3357,693,38540,180,92,271,1,0
295727650298,169,3359,185,6736,180,93,272,1,0
295727661565,302,3835,318,15430,181,93,273,1,0
295727672531,306,3189,445,21721,182,93,274,1,0
295727683879,90,3330,147,4478,182,94,275,1,0
295727695168,303,3494,370,19296,183,94,276,1,0
295727706431,282,3750,477,25969,184,94,277,1,0
295727717283,88,4513,210,6433,184,95,278,1,0
295727728444,410,4020,432,16867,185,95,279,1,0
295727739099,309,3287,272,11498,186,95,280,1,0
295727750808,159,6762,200,7202,186,96,281,1,0
295727761501,309,3835,287,13711,187,96,282,1,0
295727772639,308,3326,745,39513,188,96,283,1,0
295727783672,100,3411,414,11854,188,97,284,1,0
295727795252,329,3212,390,20227,189,97,285,1,0
295727806294,428,4312,805,16344,190,97,286,1,0
295727817108,109,7096,177,6472,190,98,287,1,0
295727828524,305,3304,438,6941,191,98,288,1,0
295727839576,303,3198,122,3336,192,98,289,1,0
295727850552,117,6020,118,3228,192,99,290,1,0
295727861753,333,4386,777,36948,193,99,291,1,0
295727872849,288,3104,213,8880,194,99,292,1,0
295727883643,90,3064,156,3714,194,100,293,1,0
295727894835,340,3109,351,16932,195,100,294,1,0
295727906620,321,3070,153,4758,196,100,295,1,0
295727917477,89,5400,139,4480,196,101,296,1,0
295727928054,320,3217,173,6601,197,101,297,1,0
295727939300,301,3279,215,8845,198,101,298,1,0
295727950435,93,7239,143,4468,198,102,299,1,0
295727961588,310,3069,388,19550,199,102,300,1,0
295727972782,484,3473,309,11704,200,102,301,1,0
295727984003,124,6985,122,3394,200,103,302,1,0
295727995068,319,3242,132,3695,201,103,303,1,0
295728006303,314,3145,193,6984,202,103,304,1,0
295728017516,368,5660,114,2219,202,104,305,1,0
295728029531,113,2954,117,1962,202,105,306,1,0
295728039285,358,2998,257,6099,203,105,307,1,0
295728050801,343,5940,99,1904,203,106,308,1,0
295728063231,137,2965,110,1824,203,107,309,1,0
295728073387,355,3095,133,2509,204,107,310,1,0
295728083613,322,3801,111,1729,204,108,311,1,0
295728095155,329,3501,693,33093,205,108,312,1,0
295728106745,464,3782,664,10738,206,108,313,1,0
295728119501,898,2960,146,3502,207,108,314,1,0
295728129775,532,3136,139,2974,207,109,315,1,0
295728141013,349,3989,373,14899,208,109,316,1,0
295728152270,568,3342,139,3351,209,109,317,1,0
295728162293,674,3701,131,2914,209,110,318,1,0
295728172811,427,4339,134,3125,210,110,319,1,0
295728183570,88,3318,228,2856,210,111,320,1,0
295728195266,307,4016,314,7841,211,111,321,1,0
295728206644,366,3213,173,6158,212,111,322,1,0
295728218480,337,3415,718,35989,213,111,323,1,0
295728228980,327,3947,201,4831,213,112,324,1,0
295728240523,864,3022,152,3599,214,112,325,1,0
295728252374,427,4843,410,16111,215,112,326,1,0
295728262341,331,2995,143,3241,215,113,327,1,0
295728273144,560,3406,225,8814,216,113,328,1,0
295728285599,427,3493,469,16129,217,113,329,1,0
295728295622,776,4299,258,3091,217,114,330,1,0
295728307309,460,3432,140,3384,218,114,331,1,0
295728320509,509,3630,254,8134,219,114,332,1,0
295728329250,335,3003,136,2874,219,115,333,1,0
295728339118,493,3199,339,16224,220,115,334,1,0
295728350772,320,5194,134,3162,220,116,335,1,0
295728363677,138,3818,137,2989,220,117,336,1,0
295728373252,425,3072,243,5744,221,117,337,1,0
295728383989,308,5344,132,2692,221,118,338,1,0
295728395832,355,2953,210,7875,222,118,339,1,0
295728406986,602,3619,302,14544,223,118,340,1,0
295728417780,367,4979,114,2134,223,119,341,1,0
295728429562,105,3147,114,1975,223,120,342,1,0
295728439123,325,3636,678,32557,224,120,343,1,0
295728450242,494,5659,174,4958,224,121,344,1,0
295728463493,145,3313,147,3310,224,122,345,1,0
295728473489,327,4025,237,9197,225,122,346,1,0
295728485319,456,4074,160,3009,226,122,347,1,0
295728495035,324,3147,195,2797,226,123,348,1,0
295728506248,406,3117,346,15800,227,123,349,1,0
295728516976,350,3279,138,3140,227,124,350,1,0
295728528450,323,3827,244,8897,228,124,351,1,0
295728539484,326,3628,339,15916,229,124,352,1,0
295728550378,143,7547,132,3036,229,125,353,1,0
295728561476,459,3159,121,3294,230,125,354,1,0
295728572562,313,3675,197,7220,231,125,355,1,0
295728585498,658,3557,247,5912,232,125,356,1,0
295728595189,85,3019,101,1841,232,126,357,1,0
295728605870,388,3050,735,35344,233,126,358,1,0
295728617622,117,5336,143,3897,233,127,359,1,0
295728629025,332,3702,134,2424,234,127,360,1,0
295728639439,399,3376,301,14424,235,127,361,1,0
295728650950,148,6606,130,1977,235,128,362,1,0
295728662244,553,3847,198,7638,236,128,363,1,0
295728673657,360,3283,300,12793,237,128,364,1,0
295728685066,443,5421,145,1908,237,129,365,1,0
295728695557,169,3159,159,1900,237,130,366,1,0
295728706191,300,3805,116,1993,238,130,367,1,0
295728716957,401,5675,116,1862,238,131,368,1,0
295728729333,322,3192,209,7561,239,131,369,1,0
295728739266,318,3791,117,2085,240,131,370,1,0
295728750778,312,5097,114,1863,240,132,371,1,0
295728762051,159,3052,111,1861,240,133,372,1,0
295728772505,360,4141,161,5018,241,133,373,1,0
295728784713,434,3384,98,773,242,133,374,1,0
295728795540,355,3928,114,751,242,134,375,1,0
295728806752,373,3093,643,33629,243,134,376,1,0
295728817764,380,4809,231,3722,243,135,377,1,0
295728828739,131,3169,159,2214,243,136,378,1,0
295728839248,355,3037,171,2407,244,136,379,1,0
295728851060,386,4885,100,1763,244,137,380,1,0
295728862822,186,3034,141,1716,244,138,381,1,0
295728872863,313,3403,262,7910,245,138,382,1,0
295728884113,148,3553,118,1793,245,139,383,1,0
295728895353,411,3673,150,3662,246,139,384,1,0
295728905917,385,4038,395,14514,247,139,385,1,0
295728917000,106,3172,108,2031,247,140,386,1,0
295728928631,388,3126,105,2208,248,140,387,1,0
295728939424,350,3732,201,6875,249,140,388,1,0
295728950789,333,5635,114,1885,249,141,389,1,0
295728963176,150,3199,112,1878,249,142,390,1,0
295728973656,321,3902,126,2222,250,142,391,1,0
295728984811,425,5563,113,1700,250,143,392,1,0
295728996739,122,3312,116,1700,250,144,393,1,0
295729006794,372,3023,158,4449,251,144,394,1,0
295729017307,138,5308,124,713,251,145,395,1,0
295729028617,321,3126,622,34881,252,145,396,1,0
295729039567,372,3095,348,16612,253,145,397,1,0
295729050834,98,5162,122,2540,253,146,398,1,0
295729061604,327,3519,119,2485,254,146,399,1,0
295729072846,392,3055,199,6973,255,146,400,1,0
295729083713,91,5632,119,1782,255,147,401,1,0
295729095408,334,3023,446,14932,256,147,402,1,0
295729106092,419,3146,238,7496,257,147,403,1,0
295729117403,518,5324,122,1889,257,148,404,1,0
295729129885,147,3312,126,1889,257,149,405,1,0
295729139852,366,3356,150,4254,258,149,406,1,0
295729150947,312,5486,110,1793,258,150,407,1,0
295729163645,143,3040,215,1794,258,151,408,1,0
295729173852,315,3174,281,12254,259,151,409,1,0
295729186687,347,3754,113,1772,259,152,410,1,0
295729195783,327,3832,110,1260,260,152,411,1,0
295729206478,313,2994,109,676,261,152,412,1,0
295729217427,309,5267,101,670,261,153,413,1,0
295729229408,115,3004,97,669,261,154,414,1,0
295729239531,310,3093,634,35013,262,154,415,1,0
295729250898,108,3374,182,3696,262,155,416,1,0
295729261268,329,3093,328,15815,263,155,417,1,0
295729272461,303,3820,193,7772,264,155,418,1,0
295729284230,167,5264,115,1951,264,156,419,1,0
295729294767,346,3046,316,14936,265,156,420,1,0
295729306223,323,3038,230,2307,266,156,421,1,0
295729317317,87,5497,109,1981,266,157,422,1,0
295729328391,364,2984,202,7240,267,157,423,1,0
295729339634,410,3113,331,15160,268,157,424,1,0
295729350282,98,5830,106,2253,268,158,425,1,0
295729362073,327,3573,221,8537,269,158,426,1,0
295729372799,294,3033,235,4511,270,158,427,1,0
295729384232,384,5133,145,889,270,159,428,1,0
295729396378,131,3065,105,794,270,160,429,1,0
295729406317,499,3524,690,35091,271,160,430,1,0
295729417976,339,4349,418,16830,272,160,431,1,0
295729428883,318,2964,126,2490,272,161,432,1,0
295729439697,309,3680,204,8064,273,161,433,1,0
295729451086,131,5381,106,1919,273,162,434,1,0
295729461561,380,3399,311,15128,274,162,435,1,0
295729472634,324,3436,197,7630,275,162,436,1,0
295729483989,92,5459,97,1921,275,163,437,1,0
295729494870,313,3110,103,2250,276,163,438,1,0
295729506000,298,3033,395,14835,277,163,439,1,0
295729517268,130,3130,105,2053,277,164,440,1,0
295729528241,333,3441,236,7806,278,164,441,1,0
295729539716,462,3455,384,14965,279,164,442,1,0
295729550926,339,5654,127,2106,279,165,443,1,0
295729562518,118,3061,156,2035,279,166,444,1,0
295729572783,358,3852,255,8093,280,166,445,1,0
295729583645,329,5504,115,1988,280,167,446,1,0
295729595664,475,3482,156,4315,281,167,447,1,0
295729606210,300,2963,100,845,282,167,448,1,0
295729617479,113,5777,122,809,282,168,449,1,0
295729629092,698,3286,257,808,283,168,450,1,0
295729639111,356,3688,701,34867,284,168,451,1,0
295729650084,111,5891,153,3712,284,169,452,1,0
295729662111,436,3016,220,8060,285,169,453,1,0
295729672486,300,2999,302,13824,286,169,454,1,0
295729683789,305,5401,101,2180,286,170,455,1,0
295729694918,337,3110,321,8149,287,170,456,1,0
295729705835,301,3005,296,14450,288,170,457,1,0
295729717194,88,5428,277,2202,288,171,458,1,0
295729728259,323,3409,189,7844,289,171,459,1,0
295729739599,313,3155,149,2070,290,171,460,1,0
295729750499,138,5625,104,1759,290,172,461,1,0
295729761465,357,3372,490,15006,291,172,462,1,0
295729773061,365,3467,203,7960,292,172,463,1,0
295729783730,102,5671,98,1925,292,173,464,1,0
295729794922,489,3529,343,14600,293,173,465,1,0
295729806024,357,3119,98,1454,294,173,466,1,0
295729816938,88,5967,89,811,294,174,467,1,0
295729828434,307,3828,79,785,295,174,468,1,0
295729839664,323,3126,75,781,296,174,469,1,0
295729850879,114,5323,81,783,296,175,470,1,0
295729861826,292,3160,669,34904,297,175,471,1,0
295729872912,333,2978,190,3989,298,175,472,1,0
295729883826,106,3088,107,2187,298,176,473,1,0
295729895093,325,3129,308,14505,299,176,474,1,0
295729905921,296,3007,114,2286,300,176,475,1,0
295729917107,139,3761,97,1832,300,177,476,1,0
295729928195,342,3312,104,2038,301,177,477,1,0
295729939286,413,3158,173,6813,302,177,478,1,0
295729950264,97,3114,101,1808,302,178,479,1,0
295729961594,352,3464,350,14881,303,178,480,1,0
295729972535,317,3003,192,7746,304,178,481,1,0
295729983765,101,3084,98,1967,304,179,482,1,0
295729994763,352,3031,108,2277,305,179,483,1,0
295730006268,309,3013,359,15284,306,179,484,1,0
295730017327,105,5365,105,2143,306,180,485,1,0
295730028343,336,2986,252,7821,307,180,486,1,0
295730039175,333,3569,145,3988,308,180,487,1,0
295730050630,94,5450,87,818,308,181,488,1,0
295730061815,338,3567,632,33498,309,181,489,1,0
295730072308,361,3061,214,8976,310,181,490,1,0
295730083958,115,5947,115,2340,310,182,491,1,0
295730095545,338,3292,312,14648,311,182,492,1,0
295730105932,306,3192,209,7534,312,182,493,1,0
295730117198,104,3238,182,1896,312,183,494,1,0
295730128009,311,4392,103,2232,313,183,495,1,0
295730140068,504,3277,310,14410,314,183,496,1,0
295730150744,97,5503,116,2299,314,184,497,1,0
295730161889,524,3951,122,2508,315,184,498,1,0
295730172902,334,3181,118,2375,316,184,499,1,0
295730184103,101,3696,155,2077,316,185,500,1,0
295730195151,359,3660,200,7556,317,185,501,1,0
295730206380,473,3729,448,15236,318,185,502,1,0
295730216937,107,3188,106,2209,318,186,503,1,0
295730228580,556,3164,209,7945,319,186,504,1,0
295730239803,356,3300,190,1990,320,186,505,1,0
295730250454,88,3654,100,1731,320,187,506,1,0
295730261550,294,3326,170,5128,321,187,507,1,0
295730272765,360,3129,78,837,322,187,508,1,0
295730283714,97,5602,74,799,322,188,509,1,0
295730294978,376,3258,650,32681,323,188,510,1,0
295730305742,333,3205,166,3731,324,188,511,1,0
295730317111,109,5605,103,2135,324,189,512,1,0
295730328323,298,3367,187,7058,325,189,513,1,0
295730339627,474,3151,301,14533,326,189,514,1,0
295730350945,91,5043,101,2199,326,190,515,1,0
295730361495,456,3195,192,7726,327,190,516,1,0
295730372419,288,3708,102,2202,328,190,517,1,0
295730384005,101,5539,104,1850,328,191,518,1,0
295730395229,344,3172,128,2535,329,191,519,1,0
295730405995,302,3611,622,14878,330,191,520,1,0
295730417097,101,5616,113,2207,330,192,521,1,0
295730428376,356,3142,114,2422,331,192,522,1,0
295730439354,340,3121,188,7251,332,192,523,1,0
295730450370,93,3175,104,1782,332,193,524,1,0
295730461666,635,3632,303,14311,333,193,525,1,0
295730472471,310,3182,87,1076,334,193,526,1,0
295730483719,136,5929,80,712,334,194,527,1,0
295730494767,322,3188,81,713,335,194,528,1,0
295730505648,308,4242,755,34971,336,194,529,1,0
295730516826,106,3397,145,3670,336,195,530,1,0
295730528422,464,3783,216,7937,337,195,531,1,0
295730539662,302,3138,285,13737,338,195,532,1,0
295730551044,92,5396,108,2152,338,196,533,1,0
295730561953,350,3178,119,2350,339,196,534,1,0
295730572757,325,3304,253,7139,340,196,535,1,0
295730584143,91,5451,108,1759,340,197,536,1,0
295730595032,324,3429,301,14300,341,197,537,1,0
295730606286,316,3816,213,7484,342,197,538,1,0
295730617241,100,5564,168,1861,342,198,539,1,0
295730628130,365,3215,564,13383,343,198,540,1,0
295730639640,360,4386,204,7765,344,198,541,1,0
295730650356,94,5779,131,1904,344,199,542,1,0
295730661870,355,4015,185,6062,345,199,543,1,0
295730672772,560,3105,83,915,346,199,544,1,0
295730683913,125,3813,112,834,346,200,545,1,0
295730694995,355,3246,665,33526,347,200,546,1,0
295730705877,367,3874,160,4184,348,200,547,1,0
295730716928,265,3232,111,2185,348,201,548,1,0
295730728413,392,3218,217,7927,349,201,549,1,0
295730739404,333,3933,113,2041,350,201,550,1,0
295730750294,108,6150,133,1776,350,202,551,1,0
295730761908,353,3729,307,14515,351,202,552,1,0
295730772895,451,3134,193,7886,352,202,553,1,0
295730783925,92,5509,103,1843,352,203,554,1,0
295730794983,297,3615,326,14903,353,203,555,1,0
295730806659,323,3195,120,2535,354,203,556,1,0
295730817402,88,5349,116,1983,354,204,557,1,0
295730828553,334,3641,570,7031,355,204,558,1,0
295730840234,317,3461,102,1319,356,204,559,1,0
295730850822,124,6322,81,816,356,205,560,1,0
295730861834,386,3180,172,4305,357,205,561,1,0
295730872724,316,3396,106,841,358,205,562,1,0
295730883928,104,5725,81,790,358,206,563,1,0
295730894862,442,3308,767,35133,359,206,564,1,0
295730905907,376,3174,226,9574,360,206,565,1,0
295730917158,126,3253,147,2218,360,207,566,1,0
295730928820,331,3665,332,12100,361,207,567,1,0
295730939637,798,3536,187,7007,362,207,568,1,0
295730950388,89,5634,102,1921,362,208,569,1,0
295730961541,302,3194,282,13594,363,208,570,1,0
295730972589,308,3160,209,7553,364,208,571,1,0
295730983636,109,6217,105,1979,364,209,572,1,0
295730994761,314,3492,170,2346,365,209,573,1,0
295731006104,331,3341,317,15013,366,209,574,1,0
295731016997,111,6016,164,2026,366,210,575,1,0
295731029044,395,3461,528,7783,367,210,576,1,0
295731038964,359,3171,353,14978,368,210,577,1,0
295731050533,110,3799,138,2251,368,211,578,1,0
295731062236,371,3283,116,2523,369,211,579,1,0
295731072829,324,3166,94,1325,370,211,580,1,0
295731083751,97,5727,81,706,370,212,581,1,0
295731094780,380,3180,75,704,371,212,582,1,0
295731106232,531,3395,832,34780,372,212,583,1,0
295731116914,103,5977,151,3899,372,213,584,1,0
295731128093,312,4468,113,2410,373,213,585,1,0
295731139042,322,3135,445,14470,374,213,586,1,0
295731150505,113,5601,110,2123,374,214,587,1,0
295731161633,386,3985,112,2446,375,214,588,1,0
295731172568,328,3099,104,2247,376,214,589,1,0
295731183664,88,3149,95,2049,376,215,590,1,0
295731194895,289,3126,183,7062,377,215,591,1,0
295731206041,585,6015,325,15122,378,215,592,1,0
295731217186,94,5810,126,2126,378,216,593,1,0
295731228544,340,3988,392,7934,379,216,594,1,0
295731239060,595,3647,152,4702,380,216,595,1,0
295731250371,111,4421,85,861,380,217,596,1,0
295731261764,309,3112,81,824,381,217,597,1,0
295731273354,304,3353,718,35036,382,217,598,1,0
295731283977,109,5848,152,3705,382,218,599,1,0
295731296198,397,3287,349,15216,383,218,600,1,0
295731306355,605,3139,114,2556,384,218,601,1,0
295731317369,96,6697,111,1931,384,219,602,1,0
295731328166,335,3273,191,7011,385,219,603,1,0
295731339222,277,3032,352,15038,386,219,604,1,0
295731351374,292,4376,199,7567,387,219,605,1,0
295731361800,100,3086,101,1906,387,220,606,1,0
295731373790,335,3115,285,13381,388,220,607,1,0
295731383927,95,5767,103,1889,388,221,608,1,0
295731394936,436,3457,100,1500,389,221,609,1,0
295731406297,312,3282,674,35078,390,221,610,1,0
295731417803,94,4900,132,3681,390,222,611,1,0
295731428165,325,4052,356,15157,391,222,612,1,0
295731439090,315,3233,198,7422,392,222,613,1,0
295731451974,317,4016,315,15179,393,222,614,1,0
295731462577,100,3439,114,2228,393,223,615,1,0
295731472513,316,3327,202,7883,394,223,616,1,0
295731483771,92,6616,108,1942,394,224,617,1,0
295731496144,299,4712,116,2268,395,224,618,1,0
295731506403,352,4224,318,15325,396,224,619,1,0
295731517727,359,5829,195,7965,397,224,620,1,0
295731528494,101,3914,106,1962,397,225,621,1,0
295731539596,315,4341,199,6132,398,225,622,1,0
295731550160,93,6286,92,990,398,226,623,1,0
295731561865,395,3126,82,890,399,226,624,1,0
295731572713,360,3670,85,887,400,226,625,1,0
295731584292,93,5502,83,883,400,227,626,1,0
295731595163,304,3141,605,32525,401,227,627,1,0
295731606615,352,3126,223,9600,402,227,628,1,0
295731616914,101,3198,117,2275,402,228,629,1,0
295731628083,329,3344,109,2421,403,228,630,1,0
295731639170,319,4186,285,13941,404,228,631,1,0
295731650643,84,3381,100,1937,404,229,632,1,0
295731662033,384,3407,110,2131,405,229,633,1,0
295731672473,323,3117,102,2064,406,229,634,1,0
295731683742,107,3574,99,1778,406,230,635,1,0
295731694802,392,3850,211,6928,407,230,636,1,0
295731705950,318,3375,503,15030,408,230,637,1,0
295731716818,96,3158,89,2165,408,231,638,1,0
295731728568,219,3136,403,7952,409,231,639,1,0
295731739835,659,3471,111,2205,410,231,640,1,0
295731750916,97,6578,111,1866,410,232,641,1,0
295731761684,321,3390,168,5237,411,232,642,1,0
295731774088,368,3139,84,818,412,232,643,1,0
295731783402,96,3419,80,773,412,233,644,1,0
295731795184,421,3551,134,767,413,233,645,1,0
295731806301,335,3301,631,33583,414,233,646,1,0
295731817293,94,4732,147,3676,414,234,647,1,0
295731827954,434,4021,179,6200,415,234,648,1,0
295731839805,323,3227,693,42794,416,234,649,1,0
295731850566,118,5625,159,4805,416,235,650,1,0
295731861666,323,3116,211,8554,417,235,651,1,0
295731872833,327,3097,120,2561,418,235,652,1,0
295731883914,118,5521,97,2089,418,236,653,1,0
295731895069,451,3288,117,2715,419,236,654,1,0
295731906224,318,3291,339,15172,420,236,655,1,0
295731917431,99,5170,113,2439,420,237,656,1,0
295731928530,352,3125,121,2683,421,237,657,1,0
295731939600,299,4393,272,7498,422,237,658,1,0
295731950273,109,3691,98,2037,422,238,659,1,0
295731961796,320,4166,334,14297,423,238,660,1,0
295731972444,329,3353,91,1146,424,238,661,1,0
295731983780,105,6024,80,754,424,239,662,1,0
295731995021,310,3949,83,753,425,239,663,1,0
295732005836,343,3241,1164,34713,426,239,664,1,0
295732017071,94,3727,144,3674,426,240,665,1,0
295732028253,326,3589,196,8009,427,240,666,1,0
295732040240,300,3185,528,13800,428,240,667,1,0
295732050321,115,3171,161,2147,428,241,668,1,0
295732061286,310,3173,110,2315,429,241,669,1,0
295732072875,307,3112,191,7124,430,241,670,1,0
295732084071,108,5349,152,1818,430,242,671,1,0
295732094870,343,3166,378,14341,431,242,672,1,0
295732105868,352,3089,189,7417,432,242,673,1,0
295732116822,99,3420,111,1901,432,243,674,1,0
295732128482,392,4206,105,2216,433,243,675,1,0
295732138959,475,3309,112,2404,434,243,676,1,0
295732150500,101,5419,103,1820,434,244,677,1,0
295732161558,333,3374,299,14756,435,244,678,1,0
295732172621,289,3078,115,2528,436,244,679,1,0
295732183717,89,5542,104,1882,436,245,680,1,0
295732195063,333,3109,181,6342,437,245,681,1,0
295732205856,317,3905,154,5051,438,245,682,1,0
295732217394,119,5468,87,874,438,246,683,1,0
295732228441,310,3128,74,830,439,246,684,1,0
295732239345,329,3776,658,34654,440,246,685,1,0
295732250083,103,3384,133,3731,440,247,686,1,0
295732261734,353,3559,171,5406,441,247,687,1,0
295732272845,316,3936,853,34839,442,247,688,1,0
295732284115,97,5267,147,3668,442,248,689,1,0
295732295318,341,3047,332,15129,443,248,690,1,0
295732306101,486,3199,141,2506,444,248,691,1,0
295732317391,93,6059,150,1879,444,249,692,1,0
295732328286,319,4245,336,6940,445,249,693,1,0
295732339305,301,3580,313,15094,446,249,694,1,0
295732350249,88,5662,102,1979,446,250,695,1,0
295732361648,301,4026,202,7821,447,250,696,1,0
295732372579,459,3532,302,14039,448,250,697,1,0
295732383677,105,5589,106,2012,448,251,698,1,0
295732395061,401,3142,282,7904,449,251,699,1,0
295732406160,326,3669,324,14979,450,251,700,1,0
295732417145,96,5931,113,2324,450,252,701,1,0
295732428848,358,3020,92,2201,451,252,702,1,0
295732439897,286,2972,82,1150,452,252,703,1,0
295732450709,97,5298,192,719,452,253,704,1,0
295732461904,424,3211,859,32136,453,253,705,1,0
295732472955,478,3275,257,9418,454,253,706,1,0
295732483796,96,5486,100,2101,454,254,707,1,0
295732494817,846,3656,108,2157,455,254,708,1,0
295732505831,372,3210,324,13894,456,254,709,1,0
295732517088,91,5502,211,1915,456,255,710,1,0
295732528307,382,3376,260,8232,457,255,711,1,0
295732539217,352,3800,462,14899,458,255,712,1,0
295732550587,103,5907,127,2146,458,256,713,1,0
295732561659,420,3316,146,2523,459,256,714,1,0
295732572930,380,3464,213,7063,460,256,715,1,0
295732584217,101,6809,112,1795,460,257,716,1,0
295732595034,350,3063,343,15160,461,257,717,1,0
295732606371,312,3141,189,7077,462,257,718,1,0
295732617115,100,6014,101,1793,462,258,719,1,0
295732628376,312,3683,303,14468,463,258,720,1,0
295732639077,304,4082,113,1733,464,258,721,1,0
295732650334,96,5599,89,728,464,259,722,1,0
295732661497,332,3371,83,729,465,259,723,1,0
295732672478,295,3220,83,728,466,259,724,1,0
295732683641,121,3913,88,729,466,260,725,1,0
295732694748,334,3685,657,34626,467,260,726,1,0
295732706073,837,3515,446,17229,468,260,727,1,0
295732717026,97,5533,122,2560,468,261,728,1,0
295732728369,472,3209,281,7772,469,261,729,1,0
295732739290,317,3154,103,2182,470,261,730,1,0
295732750502,93,5452,157,1867,470,262,731,1,0
295732761806,449,3221,304,14449,471,262,732,1,0
295732772754,381,3277,215,8576,472,262,733,1,0
295732784055,169,5387,103,1863,472,263,734,1,0
295732796011,325,3111,318,14857,473,263,735,1,0
295732806124,317,3223,116,1697,474,263,736,1,0
295732817087,107,5720,169,822,474,264,737,1,0
295732828351,361,3658,765,34674,475,264,738,1,0
295732839341,464,3211,400,17482,476,264,739,1,0
295732851242,385,4341,195,7791,477,264,740,1,0
295732862366,92,3118,97,2115,477,265,741,1,0
295732873791,322,3016,321,13321,478,265,742,1,0
295732884124,105,5967,106,1980,478,266,743,1,0
295732895285,484,3407,324,7611,479,266,744,1,0
295732905938,324,3294,375,14720,480,266,745,1,0
295732917379,121,3723,174,2416,480,267,746,1,0
295732928692,478,3538,129,1951,481,267,747,1,0
295732939624,314,3340,97,856,482,267,748,1,0
295732950213,85,5677,87,835,482,268,749,1,0
295732961410,460,3201,615,32316,483,268,750,1,0
295732973169,320,3086,232,9758,484,268,751,1,0
295732983985,162,5433,106,2149,484,269,752,1,0
295732995084,1043,3440,110,2184,485,269,753,1,0
295733005839,353,3907,295,13994,486,269,754,1,0
295733017358,181,5409,108,1969,486,270,755,1,0
295733028011,317,3939,224,8275,487,270,756,1,0
295733039025,678,3183,411,14838,488,270,757,1,0
295733050810,154,5538,102,2130,488,271,758,1,0
295733061638,503,3138,117,2460,489,271,759,1,0
295733072887,471,3535,197,7226,490,271,760,1,0
295733083866,98,5473,102,1776,490,272,761,1,0
295733095251,543,3245,342,15215,491,272,762,1,0
295733105969,436,3158,228,6987,492,272,763,1,0
295733117507,105,5929,103,1874,492,273,764,1,0
295733128061,307,3914,160,5249,493,273,765,1,0
295733139669,321,4162,657,35138,494,273,766,1,0
295733150644,94,5430,146,3705,494,274,767,1,0
295733161384,302,3027,178,8062,495,274,768,1,0
295733173203,343,3241,269,12653,496,274,769,1,0
295733183572,93,3996,109,1999,496,275,770,1,0
295733195383,310,3080,214,6994,497,275,771,1,0
295733206951,353,3358,354,14013,498,275,772,1,0
295733217235,99,5434,112,2019,498,276,773,1,0
295733228315,351,3452,204,7876,499,276,774,1,0
295733240910,370,3387,160,4746,500,276,775,1,0
295733250784,420,6097,88,861,500,277,776,1,0
295733262577,335,3172,622,35223,501,277,777,1,0
295733272302,375,3356,325,10293,502,277,778,1,0
295733283835,89,5320,109,2282,502,278,779,1,0
295733295547,333,3321,692,13917,503,278,780,1,0
295733306244,312,3336,117,2422,504,278,781,1,0
295733317215,95,5493,98,1860,504,279,782,1,0
295733328258,401,3218,195,7141,505,279,783,1,0
295733339439,336,4221,397,14513,506,279,784,1,0
295733350411,89,3594,106,2144,506,280,785,1,0
295733361436,332,3760,218,8451,507,280,786,1,0
295733372504,341,3084,376,14486,508,280,787,1,0
295733383626,94,3085,98,2078,508,281,788,1,0
295733394923,333,3209,199,7870,509,281,789,1,0
295733406191,339,3597,304,14208,510,281,790,1,0
295733417135,131,5600,80,1113,510,282,791,1,0
295733428349,326,3993,103,1536,511,282,792,1,0
295733439132,339,3916,721,33493,512,282,793,1,0
295733450241,92,3099,134,3688,512,283,794,1,0
295733461369,301,3588,117,2692,513,283,795,1,0
295733472509,330,3103,232,7547,514,283,796,1,0
295733483726,97,6027,110,1857,514,284,797,1,0
295733495159,727,3494,97,2219,515,284,798,1,0
295733506459,341,3485,133,3030,516,284,799,1,0
295733517150,98,5578,131,732,516,285,800,1,0
295733527974,318,3183,750,34788,517,285,801,1,0
295733539079,296,3064,381,16704,518,285,802,1,0
295733550252,96,5471,120,2546,518,286,803,1,0
295733561515,430,3316,162,2421,519,286,804,1,0
295733572461,318,3091,244,7112,520,286,805,1,0
295733583578,98,3183,99,1807,520,287,806,1,0
295733595119,398,3591,313,14893,521,287,807,1,0
295733605875,307,3075,231,7142,522,287,808,1,0
295733617282,141,3469,136,1933,522,288,809,1,0
295733628366,306,3039,211,5194,523,288,810,1,0
295733639501,324,3259,85,882,524,288,811,1,0
295733650534,99,6611,83,838,524,289,812,1,0
295733661716,379,3159,90,837,525,289,813,1,0
295733673241,331,3491,618,32764,526,289,814,1,0
295733683795,122,5557,138,3613,526,290,815,1,0
295733694995,331,3116,244,8431,527,290,816,1,0
295733706107,299,3092,389,15097,528,290,817,1,0
295733716960,93,5700,103,2210,528,291,818,1,0
295733728079,422,4026,196,7672,529,291,819,1,0
295733739165,311,3528,107,2236,530,291,820,1,0
295733750897,130,3378,110,1937,530,292,821,1,0
295733761483,316,3542,376,14435,531,292,822,1,0
295733772714,313,4016,228,8851,532,292,823,1,0
295733783739,103,5577,121,1944,532,293,824,1,0
295733794907,484,3612,307,14879,533,293,825,1,0
295733806316,304,3442,112,2450,534,293,826,1,0
295733816894,107,3108,100,1857,534,294,827,1,0
295733828363,322,3507,262,7047,535,294,828,1,0
295733839382,324,3060,380,15123,536,294,829,1,0
295733850223,102,3106,110,2149,536,295,830,1,0
295733861356,522,3332,227,7759,537,295,831,1,0
295733873203,303,3309,154,4267,538,295,832,1,0
295733884054,88,3547,79,854,538,296,833,1,0
295733895188,317,3574,816,35166,539,296,834,1,0
295733905993,386,3228,243,9488,540,296,835,1,0
295733917221,104,3733,111,2345,540,297,836,1,0
295733928362,311,3586,290,13614,541,297,837,1,0
295733939051,673,3493,196,7399,542,297,838,1,0
295733950255,112,6130,106,1776,542,298,839,1,0
295733961758,362,3373,315,14444,543,298,840,1,0
295733972805,440,3096,195,7635,544,298,841,1,0
295733984034,96,5049,102,1917,544,299,842,1,0
295733994647,306,3294,115,2275,545,299,843,1,0
295734006167,330,4090,199,3048,546,299,844,1,0
295734017028,219,5478,86,818,546,300,845,1,0
295734028438,387,3830,721,35127,547,300,846,1,0
295734039014,302,3246,339,16727,548,300,847,1,0
295734050684,101,5224,115,2618,548,301,848,1,0
295734061392,306,3151,114,2485,549,301,849,1,0
295734072402,335,3112,249,6816,550,301,850,1,0
295734083908,109,5932,96,1236,550,302,851,1,0
295734095036,310,3084,155,4831,551,302,852,1,0
295734105999,298,4078,770,34885,552,302,853,1,0
295734117006,461,3746,143,3606,552,303,854,1,0
295734128411,535,3002,145,4447,553,303,855,1,0
295734139873,313,4728,742,35079,554,303,856,1,0
295734150302,528,3516,129,3703,554,304,857,1,0
295734161660,304,3975,194,7946,555,304,858,1,0
295734172757,312,3072,265,12545,556,304,859,1,0
295734183947,91,5163,105,1914,556,305,860,1,0
295734195051,300,3253,204,6898,557,305,861,1,0
295734206271,299,3200,304,13900,558,305,862,1,0
295734217345,89,5137,106,1997,558,306,863,1,0
295734227988,314,3278,190,7865,559,306,864,1,0
295734239546,307,2993,101,1968,560,306,865,1,0
295734250232,89,3542,101,1733,560,307,866,1,0
295734261623,319,3403,361,15295,561,307,867,1,0
295734272394,333,3062,249,7770,562,307,868,1,0
295734284103,90,4932,108,1948,562,308,869,1,0
295734294826,371,3077,313,14747,563,308,870,1,0
295734305909,303,3035,185,2357,564,308,871,1,0
295734317195,169,5961,166,1713,564,309,872,1,0
295734328557,391,3148,117,1202,565,309,873,1,0
295734339388,479,3143,773,32178,566,309,874,1,0
295734350891,112,6164,135,3534,566,310,875,1,0
295734361793,454,3139,165,1265,567,310,876,1,0
295734372426,414,4082,1243,34820,568,310,877,1,0
295734384647,409,4452,363,16212,569,310,878,1,0
295734395058,115,4074,413,2473,569,311,879,1,0
295734406057,375,3293,117,2516,570,311,880,1,0
295734418148,320,5587,126,2272,571,311,881,1,0
295734428295,108,3129,115,2040,571,312,882,1,0
295734439311,331,3228,188,6936,572,312,883,1,0
295734450304,93,5789,168,1826,572,313,884,1,0
295734461444,325,3172,313,14881,573,313,885,1,0
295734472572,314,3000,193,7845,574,313,886,1,0
295734483920,88,5063,105,1882,574,314,887,1,0
295734494850,325,3026,100,2236,575,314,888,1,0
295734506494,311,3899,122,2881,576,314,889,1,0
295734517035,117,4363,79,707,576,315,890,1,0
295734528297,323,3003,148,687,577,315,891,1,0
295734539435,298,3124,763,32322,578,315,892,1,0
295734550861,118,4837,149,3548,578,316,893,1,0
295734561489,344,3116,119,2311,579,316,894,1,0
295734572504,554,3228,558,7042,580,316,895,1,0
295734583927,105,5300,117,1927,580,317,896,1,0
295734594892,319,3160,640,14432,581,317,897,1,0
295734605963,542,3403,193,7515,582,317,898,1,0
295734617244,344,5081,111,1916,582,318,899,1,0
295734628132,339,3699,300,13347,583,318,900,1,0
295734639078,382,3125,199,7502,584,318,901,1,0
295734650614,103,5161,105,1847,584,319,902,1,0
295734661657,364,3294,313,14404,585,319,903,1,0
295734672838,302,3566,97,1629,586,319,904,1,0
295734684227,323,6552,655,33150,587,319,905,1,0
295734696561,98,3052,137,3718,587,320,906,1,0
295734706010,398,3460,113,2726,588,320,907,1,0
295734719821,323,4476,345,7586,589,320,908,1,0
295734728324,98,3058,93,1951,589,321,909,1,0
295734739708,406,3398,152,2344,590,321,910,1,0
295734751346,385,4143,307,14537,591,321,911,1,0
295734761527,102,3530,101,2057,591,322,912,1,0
295734773371,472,7222,193,7962,592,322,913,1,0
295734783737,94,5188,100,1932,592,323,914,1,0
295734794759,472,3070,311,14891,593,323,915,1,0
295734806031,339,3367,129,2269,594,323,916,1,0
295734817246,102,5498,103,1791,594,324,917,1,0
295734828689,392,3462,100,1237,595,324,918,1,0
295734839668,328,3512,98,707,596,324,919,1,0
295734851069,340,4434,679,34806,597,324,920,1,0
295734861575,94,3731,138,3872,597,325,921,1,0
295734872786,290,3097,164,2441,598,325,922,1,0
295734883877,98,5191,107,1887,598,326,923,1,0
295734895022,318,3097,321,14321,599,326,924,1,0
295734906364,329,3161,156,2502,600,326,925,1,0
295734916968,98,5439,121,1900,600,327,926,1,0
295734928229,316,3568,115,2090,601,327,927,1,0
295734939408,516,3118,219,6724,602,327,928,1,0
295734950657,110,5389,104,1931,602,328,929,1,0
295734961508,346,3282,324,15002,603,328,930,1,0
295734972741,334,3260,195,7744,604,328,931,1,0
295734983940,94,5128,101,1915,604,329,932,1,0
295734994567,313,3185,106,2224,605,329,933,1,0
295735006160,310,3156,298,14257,606,329,934,1,0
295735017170,101,5153,113,2164,606,330,935,1,0
295735028092,336,3124,101,1494,607,330,936,1,0
295735039110,306,3033,210,718,608,330,937,1,0
295735050253,98,3133,83,716,608,331,938,1,0
295735061977,406,3463,602,33350,609,331,939,1,0
295735072260,324,3632,211,8912,610,331,940,1,0
295735083766,96,5663,122,2369,610,332,941,1,0
295735095251,325,3392,344,14692,611,332,942,1,0
295735106010,399,3074,198,7557,612,332,943,1,0
295735117157,94,3566,100,1917,612,333,944,1,0
295735128334,415,3242,108,2239,613,333,945,1,0
295735139187,316,2992,117,2451,614,333,946,1,0
295735150387,90,5394,101,1788,614,334,947,1,0
295735161315,300,2994,302,14688,615,334,948,1,0
295735172816,299,3109,113,2504,616,334,949,1,0
295735183636,89,5370,103,2013,616,335,950,1,0
295735194726,336,3916,234,7249,617,335,951,1,0
295735206046,301,3292,333,15264,618,335,952,1,0
295735217148,89,3580,183,1922,618,336,953,1,0
295735228305,755,3012,192,7338,619,336,954,1,0
295735239514,380,3050,150,4559,620,336,955,1,0
295735250634,98,5080,103,875,620,337,956,1,0
295735261716,317,3116,701,35144,621,337,957,1,0
295735273115,335,3415,264,9676,622,337,958,1,0
295735284287,132,5786,123,2331,622,338,959,1,0
295735295115,568,3091,287,13659,623,338,960,1,0
295735306520,346,3061,114,2453,624,338,961,1,0
295735317440,90,5125,109,1889,624,339,962,1,0
295735328100,311,3187,183,7140,625,339,963,1,0
295735339046,283,3217,295,14403,626,339,964,1,0
295735350356,86,5248,99,2031,626,340,965,1,0
295735361398,304,3413,278,7855,627,340,966,1,0
295735372499,320,3027,356,14030,628,340,967,1,0
295735383606,103,5882,107,1906,628,341,968,1,0
295735394716,465,3034,208,7723,629,341,969,1,0
295735405976,313,3227,301,14752,630,341,970,1,0
295735417091,97,5470,173,2185,630,342,971,1,0
295735428465,317,3070,231,2457,631,342,972,1,0
295735439037,308,3083,115,1365,632,342,973,1,0
295735450487,139,5453,76,704,632,343,974,1,0
295735461302,306,3331,109,699,633,343,975,1,0
295735472456,309,3305,83,699,634,343,976,1,0
295735483648,90,5409,76,699,634,344,977,1,0
295735494748,306,4107,695,34737,635,344,978,1,0
295735505888,312,3080,370,16828,636,344,979,1,0
295735517291,91,5382,125,2589,636,345,980,1,0
295735528568,342,3443,189,7981,637,345,981,1,0
295735539563,301,3180,319,15060,638,345,982,1,0
295735550725,96,5895,235,2236,638,346,983,1,0
295735561713,291,3248,118,2524,639,346,984,1,0
295735573168,335,3262,205,7409,640,346,985,1,0
295735583670,97,5464,103,1808,640,347,986,1,0
295735594905,324,3415,319,15188,641,347,987,1,0
295735606085,387,3357,197,7689,642,347,988,1,0
295735617560,97,5042,134,1928,642,348,989,1,0
295735628134,540,3489,292,13513,643,348,990,1,0
295735639408,334,2994,211,7750,644,348,991,1,0
295735650341,99,5435,109,1841,644,349,992,1,0
295735661358,308,3523,292,13809,645,349,993,1,0
295735672700,309,3745,96,1375,646,349,994,1,0
295735684047,110,4855,80,745,646,350,995,1,0
295735694815,414,3495,597,33436,647,350,996,1,0
295735705977,367,2973,239,4253,648,350,997,1,0
295735717061,97,5487,119,2160,648,351,998,1,0
295735728020,329,3074,196,7723,649,351,999,1,0
295735739031,286,3073,110,2233,650,351,1000,1,0
295735750230,109,5774,108,1948,650,352,1001,1,0
295735761402,392,3050,299,14351,651,352,1002,1,0
295735772510,326,3130,202,7777,652,352,1003,1,0
295735783952,91,5486,121,1812,652,353,1004,1,0
295735794849,751,3529,351,14801,653,353,1005,1,0
295735805757,348,3065,118,2620,654,353,1006,1,0
295735817386,102,4969,105,1918,654,354,1007,1,0
295735827871,307,3297,197,7122,655,354,1008,1,0
295735839418,312,3178,328,15367,656,354,1009,1,0
295735850933,122,3590,102,2183,656,355,1010,1,0
295735861873,386,3099,345,8479,657,355,1011,1,0
295735872709,392,3546,313,14604,658,355,1012,1,0
295735883693,89,5519,100,2188,658,356,1013,1,0
295735894922,302,3094,163,5710,659,356,1014,1,0
295735905870,308,3723,745,32537,660,356,1015,1,0
295735917196,94,3906,135,3645,660,357,1016,1,0
295735928393,354,3172,336,15228,661,357,1017,1,0
295735939441,312,3282,223,7555,662,357,1018,1,0
295735950256,135,3716,120,1951,662,358,1019,1,0
295735961434,550,3182,403,15488,663,358,1020,1,0
295735972514,325,3907,803,7735,664,358,1021,1,0
295735983963,114,5220,158,1927,664,359,1022,1,0
295735995041,373,3741,111,2293,665,359,1023,1,0
295736006109,336,4274,407,14965,666,359,1024,1,0
295736016745,186,3145,107,2288,666,360,1025,1,0
295736028212,348,3573,206,8191,667,360,1026,1,0
295736039442,701,3595,313,15269,668,360,1027,1,0
295736050720,98,5293,101,2235,668,361,1028,1,0
295736061719,363,3262,112,2491,669,361,1029,1,0
295736072704,322,3402,185,7347,670,361,1030,1,0
295736083753,88,5357,102,1939,670,362,1031,1,0
295736094904,343,3512,110,2208,671,362,1032,1,0
295736106284,333,3309,163,5126,672,362,1033,1,0
295736117281,102,5616,86,779,672,363,1034,1,0
295736128406,395,3502,92,746,673,363,1035,1,0
295736139462,454,3292,119,744,674,363,1036,1,0
295736150545,102,3889,109,746,674,364,1037,1,0
295736161658,318,3746,674,34679,675,364,1038,1,0
295736172916,444,3510,344,16652,676,364,1039,1,0
295736183906,105,5589,143,2555,676,365,1040,1,0
295736195197,403,3259,221,8180,677,365,1041,1,0
295736206361,387,3265,344,15302,678,365,1042,1,0
295736217041,117,6249,173,2121,678,366,1043,1,0
295736228205,358,3484,224,7716,679,366,1044,1,0
295736239513,356,3342,176,2260,680,366,1045,1,0
295736250789,101,5084,100,1853,680,367,1046,1,0
295736261367,300,3407,318,15206,681,367,1047,1,0
295736272669,309,3200,196,7679,682,367,1048,1,0
295736283765,101,3723,101,1994,682,368,1049,1,0
295736295169,603,3716,324,15089,683,368,1050,1,0
295736306127,325,3274,131,2428,684,368,1051,1,0
295736317248,92,5305,109,1957,684,369,1052,1,0
295736328334,313,3170,259,7050,685,369,1053,1,0
295736339314,285,3423,95,1282,686,369,1054,1,0
295736350695,88,6060,75,781,686,370,1055,1,0
295736361509,405,3930,230,4316,687,370,1056,1,0
295736372488,307,4058,706,35063,688,370,1057,1,0
295736383750,87,5427,185,3696,688,371,1058,1,0
295736394958,310,4090,301,14803,689,371,1059,1,0
295736405564,374,3766,190,7803,690,371,1060,1,0
295736416963,108,5726,130,1939,690,372,1061,1,0
295736428060,321,3404,347,12279,691,372,1062,1,0
295736439490,308,3140,192,7184,692,372,1063,1,0
295736450359,92,5516,100,1884,692,373,1064,1,0
295736461478,308,3199,311,15127,693,373,1065,1,0
295736472463,670,3624,192,7811,694,373,1066,1,0
295736483629,91,5567,101,1883,694,374,1067,1,0
295736494791,309,3229,99,2172,695,374,1068,1,0
295736505678,299,3241,299,14698,696,374,1069,1,0
295736517109,92,5473,118,2233,696,375,1070,1,0
295736528491,361,3709,233,8717,697,375,1071,1,0
295736539439,333,3544,390,15139,698,375,1072,1,0
295736550170,88,5637,102,1977,698,376,1073,1,0
295736561357,334,3194,99,1623,699,376,1074,1,0
295736572363,321,4074,83,1097,700,376,1075,1,0
295736583479,89,6158,105,689,700,377,1076,1,0
295736595410,340,3800,596,32207,701,377,1077,1,0
295736605667,308,3466,290,9408,702,377,1078,1,0
295736617341,101,5336,98,2234,702,378,1079,1,0
295736628315,321,3653,108,2364,703,378,1080,1,0
295736639227,303,3705,291,13810,704,378,1081,1,0
295736650323,96,6157,99,1990,704,379,1082,1,0
295736661859,341,3630,202,7797,705,379,1083,1,0
295736672648,474,3244,283,12991,706,379,1084,1,0
295736683921,96,5676,98,2085,706,380,1085,1,0
295736694937,306,3584,298,7255,707,380,1086,1,0
295736706313,311,3451,339,15446,708,380,1087,1,0
295736716855,93,5703,103,2104,708,381,1088,1,0
295736728044,303,4094,199,7866,709,381,1089,1,0
295736739119,316,3699,114,2145,710,381,1090,1,0
295736750443,95,5597,103,1862,710,382,1091,1,0
295736761679,569,3551,331,14494,711,382,1092,1,0
295736772766,353,3173,210,8914,712,382,1093,1,0
295736783820,87,5503,103,1826,712,383,1094,1,0
295736794909,314,3372,309,14923,713,383,1095,1,0
295736806126,299,3271,102,2033,714,383,1096,1,0
295736817364,89,5300,96,1383,714,384,1097,1,0
295736828313,333,3263,103,1617,715,384,1098,1,0
295736839340,302,4038,648,32272,716,384,1099,1,0
295736850556,90,5373,127,3515,716,385,1100,1,0
295736861727,334,3135,192,7932,717,385,1101,1,0
295736872682,289,3144,105,2302,718,385,1102,1,0
295736883883,96,5193,102,1927,718,386,1103,1,0
295736894793,305,3139,306,13692,719,386,1104,1,0
295736906045,345,3228,204,7711,720,386,1105,1,0
295736917313,89,5723,170,1755,720,387,1106,1,0
295736928882,324,3947,305,12135,721,387,1107,1,0
295736939197,304,3653,195,6938,722,387,1108,1,0
295736950468,88,5311,101,1816,722,388,1109,1,0
295736961666,346,3432,325,15069,723,388,1110,1,0
295736972740,646,3679,194,7692,724,388,1111,1,0
295736984234,448,4562,103,2036,725,388,1112,1,0
295736994800,93,3814,112,1818,725,389,1113,1,0
295737005797,337,3254,305,14580,726,389,1114,1,0
295737016839,104,3700,97,1997,726,390,1115,1,0
295737028253,336,3260,202,8031,727,390,1116,1,0
295737039419,318,3552,139,4040,728,390,1117,1,0
295737050457,145,5728,88,745,728,391,1118,1,0
295737061648,316,3774,82,731,729,391,1119,1,0
295737072614,300,3902,611,34430,730,391,1120,1,0
295737083964,89,5225,132,3714,730,392,1121,1,0
295737094849,348,3540,327,15708,731,392,1122,1,0
295737105817,405,3673,195,7630,732,392,1123,1,0
295737117092,89,5612,102,1953,732,393,1124,1,0
295737127928,306,3254,124,2271,733,393,1125,1,0
295737140334,359,3249,302,14441,734,393,1126,1,0
295737150022,97,5949,99,1947,734,394,1127,1,0
295737161777,360,3312,112,2328,735,394,1128,1,0
295737172493,378,3846,105,2051,736,394,1129,1,0
295737184180,105,5245,96,1866,736,395,1130,1,0
295737194950,405,3434,182,6963,737,395,1131,1,0
295737206356,402,3341,213,5227,738,395,1132,1,0
295737216751,90,6097,88,782,738,396,1133,1,0
295737228393,609,3296,82,741,739,396,1134,1,0
295737239981,314,3367,693,34624,740,396,1135,1,0
295737250142,94,5737,139,3703,740,397,1136,1,0
295737261726,395,3205,307,14836,741,397,1137,1,0
295737272699,298,3245,282,8218,742,397,1138,1,0
295737283961,90,5189,169,2000,742,398,1139,1,0
295737294967,301,3501,309,14917,743,398,1140,1,0
295737306211,299,3496,111,2415,744,398,1141,1,0
295737317595,313,4696,261,7177,745,398,1142,1,0
295737328241,89,3272,98,1849,745,399,1143,1,0
295737339388,299,3985,487,15130,746,399,1144,1,0
295737350568,94,5232,99,2106,746,400,1145,1,0
295737361729,298,3199,197,7724,747,400,1146,1,0
295737372702,340,4283,297,14061,748,400,1147,1,0
295737383376,95,5742,106,2248,748,401,1148,1,0
295737394782,310,3788,217,8169,749,401,1149,1,0
295737406386,303,3528,408,4063,750,401,1150,1,0
295737417217,90,5756,145,850,750,402,1151,1,0
295737428366,306,3792,80,786,751,402,1152,1,0
295737439714,314,3270,631,33590,752,402,1153,1,0
295737450512,108,6235,231,3732,752,403,1154,1,0
295737461760,338,4193,125,2650,753,403,1155,1,0
295737472701,499,3546,191,7613,754,403,1156,1,0
295737484191,445,4710,98,2105,755,403,1157,1,0
295737494641,87,3405,105,1832,755,404,1158,1,0
295737506293,342,3220,294,13916,756,404,1159,1,0
295737516936,91,6504,105,2052,756,405,1160,1,0
295737528190,336,3469,256,8513,757,405,1161,1,0
295737539601,318,4015,316,14928,758,405,1162,1,0
295737551114,285,4441,104,2423,759,405,1163,1,0
295737561302,98,3179,438,1933,759,406,1164,1,0
295737572820,359,4179,200,7074,760,406,1165,1,0
295737583552,103,4447,106,1943,760,407,1166,1,0
295737595246,611,4882,147,4345,761,407,1167,1,0
295737607867,405,3452,655,35009,762,407,1168,1,0
295737617260,108,5855,165,3915,762,408,1169,1,0
295737628604,339,4164,197,2415,763,408,1170,1,0
295737638888,298,3311,112,2383,764,408,1171,1,0
295737650499,163,6236,107,1750,764,409,1172,1,0
295737661514,310,3781,310,14656,765,409,1173,1,0
295737672513,308,7111,92,1599,766,409,1174,1,0
295737683670,104,6114,87,695,766,410,1175,1,0
295737694633,295,3463,607,33451,767,410,1176,1,0
295737706022,288,4254,144,4192,768,410,1177,1,0
295737717044,86,4492,100,2166,768,411,1178,1,0
295737728661,336,3388,103,1238,769,411,1179,1,0
295737741036,298,3287,639,34861,770,411,1180,1,0
295737750694,102,5455,136,3679,770,412,1181,1,0
295737761673,315,3446,317,14659,771,412,1182,1,0
295737772409,411,3400,215,8337,772,412,1183,1,0
295737785992,305,3472,408,14971,773,412,1184,1,0
295737795045,128,3361,110,1965,773,413,1185,1,0
295737805928,339,3619,120,2291,774,413,1186,1,0
295737816851,99,5710,111,1971,774,414,1187,1,0
295737828124,309,3736,188,7120,775,414,1188,1,0
295737839600,303,4484,161,5023,776,414,1189,1,0
295737850640,91,3799,90,788,776,415,1190,1,0
295737861293,448,3561,626,35140,777,415,1191,1,0
295737872631,306,3484,138,4161,778,415,1192,1,0
295737884606,333,4352,128,2673,779,415,1193,1,0
295737896377,102,3252,100,1872,779,416,1194,1,0
295737905697,368,3699,159,5514,780,416,1195,1,0
295737917081,99,6563,74,780,780,417,1196,1,0
295737928515,386,4530,610,32949,781,417,1197,1,0
295737940479,307,4569,228,9748,782,417,1198,1,0
295737950557,93,5322,110,2119,782,418,1199,1,0
295737961392,617,3395,368,14958,783,418,1200,1,0
295737972788,320,3683,185,7509,784,418,1201,1,0
295737984211,127,5599,121,1884,784,419,1202,1,0
295737995002,559,3364,144,2168,785,419,1203,1,0
295738006325,412,3659,396,14904,786,419,1204,1,0
295738017176,114,5621,269,2113,786,420,1205,1,0
295738028311,482,3428,116,1569,787,420,1206,1,0
295738039700,378,3578,89,724,788,420,1207,1,0
295738051049,111,5437,86,724,788,421,1208,1,0
295738061541,436,3319,629,33516,789,421,1209,1,0
295738072736,368,3474,283,8923,790,421,1210,1,0
295738084182,119,5800,118,2400,790,422,1211,1,0
295738094625,308,4050,313,14702,791,422,1212,1,0
295738106176,305,3237,191,7535,792,422,1213,1,0
295738117371,86,5401,99,2036,792,423,1214,1,0
295738128410,318,3208,108,2365,793,423,1215,1,0
295738139338,300,3273,302,14419,794,423,1216,1,0
295738150825,91,5587,105,2059,794,424,1217,1,0
295738161466,323,3365,116,2367,795,424,1218,1,0
295738172435,424,3726,114,2245,796,424,1219,1,0
295738184214,103,5447,108,1970,796,425,1220,1,0
295738194853,354,3621,193,7187,797,425,1221,1,0
295738206362,326,3413,317,15154,798,425,1222,1,0
295738216940,89,5794,107,2090,798,426,1223,1,0
295738228058,322,3264,198,7890,799,426,1224,1,0
295738239169,350,3573,106,2052,800,426,1225,1,0
295738250198,115,6403,102,1788,800,427,1226,1,0
295738261309,476,3633,155,5131,801,427,1227,1,0
295738272933,320,3426,633,35115,802,427,1228,1,0
295738283794,95,5635,139,3724,802,428,1229,1,0
295738294912,306,3384,318,15248,803,428,1230,1,0
295738305718,299,3541,250,2592,804,428,1231,1,0
295738317086,91,5661,101,1886,804,429,1232,1,0
295738328186,316,3342,187,7048,805,429,1233,1,0
295738339440,301,3262,326,15121,806,429,1234,1,0
295738351121,306,4902,192,7831,807,429,1235,1,0
295738361612,92,3281,108,2022,807,430,1236,1,0
295738372881,340,3243,110,2360,808,430,1237,1,0
295738383905,89,5213,94,1892,808,431,1238,1,0
295738394578,288,3223,115,2587,809,431,1239,1,0
295738405666,320,3302,316,15051,810,431,1240,1,0
295738416860,98,5806,141,2238,810,432,1241,1,0
295738428087,321,3409,101,1569,811,432,1242,1,0
295738440063,309,4027,893,36475,812,432,1243,1,0
295738450898,324,4971,180,5278,813,432,1244,1,0
295738461284,91,3727,90,857,813,433,1245,1,0
295738472413,308,3286,720,35297,814,433,1246,1,0
295738483513,93,5922,134,3913,814,434,1247,1,0
295738495249,312,3553,117,2467,815,434,1248,1,0
295738506431,582,3322,318,15223,816,434,1249,1,0
295738517050,87,5830,110,1959,816,435,1250,1,0
295738528019,331,3575,236,7642,817,435,1251,1,0
295738539632,381,4117,303,14710,818,435,1252,1,0
295738550171,89,5656,99,2211,818,436,1253,1,0
295738561707,313,3983,113,2504,819,436,1254,1,0
295738572757,291,3345,188,7053,820,436,1255,1,0
295738583695,86,4664,102,1887,820,437,1256,1,0
295738594774,867,3930,413,15438,821,437,1257,1,0
295738605736,328,3254,252,6888,822,437,1258,1,0
295738617385,110,5609,102,1795,822,438,1259,1,0
295738628834,293,3192,153,5142,823,438,1260,1,0
295738640433,293,3579,839,35066,824,438,1261,1,0
295738650749,94,5677,142,3707,824,439,1262,1,0
295738662143,343,3502,215,8023,825,439,1263,1,0
295738672358,382,3716,283,12644,826,439,1264,1,0
295738684169,331,4865,182,7028,827,439,1265,1,0
295738694745,93,3296,104,1907,827,440,1266,1,0
295738706386,971,3278,290,13862,828,440,1267,1,0
295738717134,89,5844,108,2169,828,441,1268,1,0
295738728188,346,3415,108,1337,829,441,1269,1,0
295738739200,347,3392,81,726,830,441,1270,1,0
295738750749,698,4858,693,35346,831,441,1271,1,0
295738761554,93,3283,206,3738,831,442,1272,1,0
295738772855,510,3354,208,7937,832,442,1273,1,0
295738783531,99,3873,127,2002,832,443,1274,1,0
295738795053,454,3446,287,13442,833,443,1275,1,0
295738805645,372,3423,123,2453,834,443,1276,1,0
295738816822,98,5992,105,1942,834,444,1277,1,0
295738827983,328,3640,195,7234,835,444,1278,1,0
295738839496,320,5265,311,14426,836,444,1279,1,0
295738850120,99,5784,110,2104,836,445,1280,1,0
295738862128,326,3931,225,7922,837,445,1281,1,0
295738872322,354,3910,305,14093,838,445,1282,1,0
295738883917,98,5651,153,2010,838,446,1283,1,0
295738895063,323,3298,224,7781,839,446,1284,1,0
295738906030,329,3401,329,14080,840,446,1285,1,0
295738917913,312,4867,684,31612,841,446,1286,1,0
295738928711,104,3687,136,3746,841,447,1287,1,0
295738939521,437,3442,239,8581,842,447,1288,1,0
295738950869,453,5071,319,15489,843,447,1289,1,0
295738961836,96,3512,111,2381,843,448,1290,1,0
295738973081,287,3395,176,7961,844,448,1291,1,0
295738983883,87,5820,140,1873,844,449,1292,1,0
295738994657,318,3350,102,2184,845,449,1293,1,0
295739006000,342,4143,315,15142,846,449,1294,1,0
295739017048,90,5849,268,2231,846,450,1295,1,0
295739028320,379,3334,239,8078,847,450,1296,1,0
295739042166,423,3474,314,15052,848,450,1297,1,0
295739050899,470,4971,129,2574,849,450,1298,1,0
295739061627,226,3551,111,2038,849,451,1299,1,0
295739072623,399,4093,185,7308,850,451,1300,1,0
295739083699,170,5810,114,1923,850,452,1301,1,0
295739095023,337,3260,325,15421,851,452,1302,1,0
295739105993,326,3408,216,7887,852,452,1303,1,0
295739117366,101,5591,103,1920,852,453,1304,1,0
295739128418,798,4010,110,2210,853,453,1305,1,0
295739139162,314,3918,115,2456,854,453,1306,1,0
295739150741,92,5172,102,1935,854,454,1307,1,0
295739161665,403,3371,414,14914,855,454,1308,1,0
295739172741,424,3796,117,2548,856,454,1309,1,0
295739183939,581,5142,170,5606,857,454,1310,1,0
295739195195,104,3500,89,798,857,455,1311,1,0
295739206053,312,3356,577,32068,858,455,1312,1,0
295739217514,338,5129,194,4125,859,455,1313,1,0
295739228428,102,4072,112,2240,859,456,1314,1,0
295739239624,300,4248,145,2220,860,456,1315,1,0
295739250383,120,4461,101,1869,860,457,1316,1,0
295739261493,303,3486,317,15538,861,457,1317,1,0
295739273110,383,3400,233,8228,862,457,1318,1,0
295739283448,116,5875,92,1917,862,458,1319,1,0
295739295631,392,3345,321,15125,863,458,1320,1,0
295739305823,350,3814,118,2722,864,458,1321,1,0
295739317059,85,5438,83,2165,864,459,1322,1,0
295739327978,237,3223,156,7611,865,459,1323,1,0
295739339190,1138,4635,146,1425,866,459,1324,1,0
295739352607,350,4660,544,31130,867,459,1325,1,0
295739361653,306,3698,125,3622,867,460,1326,1,0
295739372680,307,3369,117,2570,868,460,1327,1,0
295739383969,83,5662,106,2033,868,461,1328,1,0
295739394834,662,3423,307,14832,869,461,1329,1,0
295739405996,310,3327,192,7983,870,461,1330,1,0
295739417068,94,5890,100,2105,870,462,1331,1,0
295739428666,338,4428,272,12486,871,462,1332,1,0
295739439161,305,4283,193,7336,872,462,1333,1,0
295739450349,94,5915,125,1978,872,463,1334,1,0
295739461696,469,3762,330,15232,873,463,1335,1,0
295739472527,305,4005,204,7956,874,463,1336,1,0
295739484091,386,4948,158,2207,875,463,1337,1,0
295739494775,120,3929,122,1922,875,464,1338,1,0
295739505669,297,4023,308,15141,876,464,1339,1,0
295739516857,88,6120,113,2327,876,465,1340,1,0
295739528134,304,3345,198,8056,877,465,1341,1,0
295739539207,300,3371,302,14826,878,465,1342,1,0
295739550218,103,5705,98,2252,878,466,1343,1,0
295739561411,307,3328,96,1795,879,466,1344,1,0
295739572498,392,3899,79,762,880,466,1345,1,0
295739584143,309,5118,592,31820,881,466,1346,1,0
295739594783,111,3323,558,3536,881,467,1347,1,0
295739605813,308,4336,210,8221,882,467,1348,1,0
295739617185,88,5790,152,2014,882,468,1349,1,0
295739628324,488,4026,102,2222,883,468,1350,1,0
295739639615,371,3370,299,14046,884,468,1351,1,0
295739650451,101,5686,112,1929,884,469,1352,1,0
295739661587,404,3346,100,2215,885,469,1353,1,0
295739672822,299,3178,103,2144,886,469,1354,1,0
295739683978,400,4767,187,7032,887,469,1355,1,0
295739695031,91,3211,99,1904,887,470,1356,1,0
295739706218,348,3819,313,15150,888,470,1357,1,0
295739717036,97,5603,108,2069,888,471,1358,1,0
295739728081,306,3170,196,7881,889,471,1359,1,0
295739739482,293,3678,102,1748,890,471,1360,1,0
295739750533,96,5374,92,1224,890,472,1361,1,0
295739761685,333,3174,158,5544,891,472,1362,1,0
295739772774,311,3320,836,34789,892,472,1363,1,0
295739783820,113,6555,143,3685,892,473,1364,1,0
295739794803,399,4015,349,15151,893,473,1365,1,0
295739805623,333,4173,205,2407,894,473,1366,1,0
295739816921,135,5871,106,1880,894,474,1367,1,0
295739828005,425,3339,306,7019,895,474,1368,1,0
295739839076,302,3436,319,15074,896,474,1369,1,0
295739850211,156,5871,132,2206,896,475,1370,1,0
295739861438,519,3931,282,7995,897,475,1371,1,0
295739872533,494,3708,105,2059,898,475,1372,1,0
295739883605,94,5718,168,1786,898,476,1373,1,0
295739894748,372,4117,124,2430,899,476,1374,1,0
295739905792,308,3193,664,15002,900,476,1375,1,0
295739917012,91,5479,109,2201,900,477,1376,1,0
295739928445,362,3659,112,2537,901,477,1377,1,0
295739939405,312,3583,180,6701,902,477,1378,1,0
295739950234,90,3811,92,1289,902,478,1379,1,0
295739961991,313,3175,150,4672,903,478,1380,1,0
295739972568,340,3674,80,681,904,478,1381,1,0
295739983534,104,3895,82,667,904,479,1382,1,0
295739995317,370,3375,83,668,905,479,1383,1,0
295740006382,337,3337,649,35054,906,479,1384,1,0
295740017020,93,5587,147,3643,906,480,1385,1,0
295740028268,367,3223,197,7893,907,480,1386,1,0
295740039950,346,3221,286,13747,908,480,1387,1,0
295740050664,129,5561,151,2194,908,481,1388,1,0
295740061645,378,4319,121,2333,909,481,1389,1,0
295740072732,331,3818,253,7096,910,481,1390,1,0
295740083817,142,5624,103,1761,910,482,1391,1,0
295740094981,307,3681,534,14355,911,482,1392,1,0
295740105561,309,3615,272,7458,912,482,1393,1,0
295740117219,92,5669,98,1765,912,483,1394,1,0
295740128067,307,3742,101,2091,913,483,1395,1,0
295740139439,294,3887,112,2339,914,483,1396,1,0
295740150190,90,5697,104,1753,914,484,1397,1,0
295740161549,323,3794,314,14670,915,484,1398,1,0
295740172494,322,4132,110,2129,916,484,1399,1,0
295740183808,100,5783,99,1325,916,485,1400,1,0
295740194952,426,3758,107,1662,917,485,1401,1,0
295740206397,352,3386,694,34459,918,485,1402,1,0
295740217149,86,5226,134,3796,918,486,1403,1,0
295740227963,321,3412,114,2605,919,486,1404,1,0
295740239005,332,3217,122,2059,920,486,1405,1,0
295740250102,100,7168,105,1757,920,487,1406,1,0
295740261473,423,3635,319,14778,921,487,1407,1,0
295740272489,378,3610,203,7565,922,487,1408,1,0
295740284145,513,4605,308,14870,923,487,1409,1,0
295740294926,98,3218,105,2238,923,488,1410,1,0
295740306034,314,3916,119,2538,924,488,1411,1,0
295740317148,95,5241,112,1969,924,489,1412,1,0
295740328276,372,3403,189,7204,925,489,1413,1,0
295740339730,316,4121,334,15200,926,489,1414,1,0
295740350092,92,5735,110,2357,926,490,1415,1,0
295740361660,307,3135,207,8688,927,490,1416,1,0
295740372891,309,4088,317,13832,928,490,1417,1,0
295740383809,86,3546,93,1241,928,491,1418,1,0
295740394938,294,3101,93,1281,929,491,1419,1,0
295740405689,284,3120,124,701,930,491,1420,1,0
295740417018,92,5293,99,700,930,492,1421,1,0
295740428437,309,3197,585,32483,931,492,1422,1,0
295740439675,294,3215,230,9808,932,492,1423,1,0
295740450799,301,4652,319,15243,933,492,1424,1,0
295740462536,125,3147,101,2263,933,493,1425,1,0
295740473006,375,3209,195,7720,934,493,1426,1,0
295740484052,87,5698,105,1973,934,494,1427,1,0
295740494870,309,3303,112,2319,935,494,1428,1,0
295740506350,350,3455,362,15002,936,494,1429,1,0
295740517240,90,5365,101,2049,936,495,1430,1,0
295740528349,313,3194,271,7852,937,495,1431,1,0
295740539531,326,4039,379,14962,938,495,1432,1,0
295740551221,296,4168,116,2595,939,495,1433,1,0
295740562498,99,3621,102,2033,939,496,1434,1,0
295740574095,326,3132,99,1412,940,496,1435,1,0
295740585099,292,3664,719,32025,941,496,1436,1,0
295740595107,103,3048,106,3526,941,497,1437,1,0
295740605722,292,3114,195,7981,942,497,1438,1,0
295740617042,98,5158,98,1865,942,498,1439,1,0
295740627776,277,3061,72,2083,943,498,1440,1,0
295740639427,324,4019,74,2262,944,498,1441,1,0
295740650037,107,5528,98,1743,944,499,1442,1,0
295740661387,494,3579,1158,14153,945,499,1443,1,0
295740672390,324,3302,108,2350,946,499,1444,1,0
295740683568,106,5460,100,1885,946,500,1445,1,0
295740694635,322,3940,93,1308,947,500,1446,1,0
295740706332,300,3276,102,663,948,500,1447,1,0
295740717265,367,4852,730,34665,949,500,1448,1,0
295740728179,105,3222,209,3826,949,501,1449,1,0
295740739194,567,4269,212,2367,950,501,1450,1,0
295740750334,87,6413,134,1831,950,502,1451,1,0
295740761558,316,3141,371,14805,951,502,1452,1,0
295740772375,283,3142,207,7566,952,502,1453,1,0
295740783328,96,5604,109,1887,952,503,1454,1,0
295740794654,420,4172,821,14837,953,503,1455,1,0
295740805616,722,3726,102,2258,954,503,1456,1,0
295740817321,89,5266,109,1917,954,504,1457,1,0
295740828375,337,3327,190,7144,955,504,1458,1,0
295740839935,317,3446,198,5062,956,504,1459,1,0
295740850527,91,5421,88,826,956,505,1460,1,0
295740861729,311,3416,87,761,957,505,1461,1,0
295740872820,336,3194,939,34838,958,505,1462,1,0
295740883444,97,3747,142,3745,958,506,1463,1,0
295740895055,331,3286,321,14862,959,506,1464,1,0
295740905619,306,4207,202,7942,960,506,1465,1,0
295740916964,95,5517,101,1988,960,507,1466,1,0
295740928288,294,3121,290,15061,961,507,1467,1,0
295740940410,561,4538,203,7502,962,507,1468,1,0
295740950384,105,5645,182,1828,962,508,1469,1,0
295740961445,441,3215,440,15414,963,508,1470,1,0
295740972378,336,3832,198,7704,964,508,1471,1,0
295740983483,95,3813,194,2013,964,509,1472,1,0
295740995029,338,3515,113,2312,965,509,1473,1,0
295741006070,448,3410,322,15148,966,509,1474,1,0
295741017085,216,5819,170,2218,966,510,1475,1,0
295741028418,334,3991,199,7979,967,510,1476,1,0
295741039595,314,4790,155,4063,968,510,1477,1,0
295741051604,523,4404,87,809,969,510,1478,1,0
295741061681,245,3180,80,762,969,511,1479,1,0
295741073083,349,3264,716,34446,970,511,1480,1,0
295741083479,94,6182,152,3888,970,512,1481,1,0
295741095090,331,3389,344,15772,971,512,1482,1,0
295741105685,383,5617,204,7720,972,512,1483,1,0
295741116985,102,5604,283,1987,972,513,1484,1,0
295741128258,319,3578,110,2304,973,513,1485,1,0
295741140397,364,3615,348,14335,974,513,1486,1,0
295741150391,109,5386,112,2203,974,514,1487,1,0
295741162005,304,3219,119,2547,975,514,1488,1,0
295741172438,350,4232,113,2221,976,514,1489,1,0
295741183727,91,5465,101,1999,976,515,1490,1,0
295741194779,334,3267,193,7173,977,515,1491,1,0
295741205684,325,3883,320,15292,978,515,1492,1,0
295741217418,314,4645,224,7700,979,515,1493,1,0
295741228124,96,3413,268,1868,979,516,1494,1,0
295741239916,314,3400,152,4649,980,516,1495,1,0
295741250153,87,5627,84,892,980,517,1496,1,0
295741261337,299,3513,689,34779,981,517,1497,1,0
295741272511,315,3186,264,10405,982,517,1498,1,0
295741283767,88,6065,122,2233,982,518,1499,1,0
295741294925,303,3781,288,13740,983,518,1500,1,0
295741305960,310,3119,340,2435,984,518,1501,1,0
295741317123,94,5440,110,1874,984,519,1502,1,0
295741328218,302,3483,194,7095,985,519,1503,1,0
295741339170,329,3202,361,14496,986,519,1504,1,0
295741350520,83,5198,100,1981,986,520,1505,1,0
295741361232,299,3196,194,7812,987,520,1506,1,0
295741372733,296,3442,116,2382,988,520,1507,1,0
295741383688,93,5165,103,1925,988,521,1508,1,0
295741394793,328,3483,117,2606,989,521,1509,1,0
295741406060,336,3757,590,15068,990,521,1510,1,0
295741416899,110,5471,110,2314,990,522,1511,1,0
295741428100,325,3497,162,2589,991,522,1512,1,0
295741439453,304,3393,253,7144,992,522,1513,1,0
295741450394,121,5505,97,1902,992,523,1514,1,0
295741461544,309,3925,140,4396,993,523,1515,1,0
295741472547,311,3836,83,865,994,523,1516,1,0
295741483775,88,5938,86,804,994,524,1517,1,0
295741494827,318,3625,626,34943,995,524,1518,1,0
295741506035,316,3311,340,16345,996,524,1519,1,0
295741517354,91,5377,262,2376,996,525,1520,1,0
295741528160,390,3230,252,8324,997,525,1521,1,0
295741539426,337,3590,331,14927,998,525,1522,1,0
295741550413,84,5546,102,2185,998,526,1523,1,0
295741561585,296,4208,116,2547,999,526,1524,1,0
295741572633,293,3861,196,7366,1000,526,1525,1,0
295741584087,87,5657,107,1788,1000,527,1526,1,0
295741594722,312,3154,320,15193,1001,527,1527,1,0
295741605959,303,3277,194,7531,1002,527,1528,1,0
295741617231,121,4944,125,2102,1002,528,1529,1,0
295741627917,337,3711,305,13492,1003,528,1530,1,0
295741639437,291,4525,98,1702,1004,528,1531,1,0
295741650099,104,6417,79,728,1004,529,1532,1,0
295741661644,315,3357,89,727,1005,529,1533,1,0
295741672921,374,3538,648,32720,1006,529,1534,1,0
295741683542,112,5480,158,3562,1006,530,1535,1,0
295741694842,379,3798,216,8348,1007,530,1536,1,0
295741705726,331,3077,321,15007,1008,530,1537,1,0
295741716957,88,5169,111,2220,1008,531,1538,1,0
295741727761,353,3241,203,7720,1009,531,1539,1,0
295741739177,288,2904,86,2154,1010,531,1540,1,0
295741750222,101,5082,104,1881,1010,532,1541,1,0
295741761186,313,3067,338,14443,1011,532,1542,1,0
295741772647,304,3050,230,9373,1012,532,1543,1,0
295741783804,91,4777,104,1951,1012,533,1544,1,0
295741794968,596,3150,302,14815,1013,533,1545,1,0
295741805658,301,3010,112,2550,1014,533,1546,1,0
295741817257,373,4448,184,7023,1015,533,1547,1,0
295741828122,92,2985,96,1913,1015,534,1548,1,0
295741839277,321,3098,156,1482,1016,534,1549,1,0
295741850415,94,5009,77,693,1016,535,1550,1,0
295741861206,317,2979,148,4269,1017,535,1551,1,0
295741872579,336,3033,81,733,1018,535,1552,1,0
295741883960,94,4964,80,724,1018,536,1553,1,0
295741894593,352,3568,86,723,1019,536,1554,1,0
295741905733,394,3102,749,34999,1020,536,1555,1,0
295741917066,87,5056,132,3654,1020,537,1556,1,0
295741927993,333,4104,328,15120,1021,537,1557,1,0
295741939413,300,4269,211,7341,1022,537,1558,1,0
295741950551,92,4928,101,2020,1022,538,1559,1,0
295741961228,311,3362,318,15094,1023,538,1560,1,0
295741972863,288,3110,193,7724,1024,538,1561,1,0
295741983626,89,5098,101,1891,1024,539,1562,1,0
295741994992,328,3127,111,2171,1025,539,1563,1,0
295742006008,304,3895,326,14618,1026,539,1564,1,0
295742017748,321,4078,212,8332,1027,539,1565,1,0
295742028110,93,3191,98,1903,1027,540,1566,1,0
295742039559,768,3737,306,14889,1028,540,1567,1,0
295742050125,110,5251,171,1992,1028,541,1568,1,0
295742061329,441,3118,98,1851,1029,541,1569,1,0
295742073353,500,3150,114,962,1030,541,1570,1,0
295742084196,782,3989,838,32045,1031,541,1571,1,0
295742094674,224,3023,124,3535,1031,542,1572,1,0
295742106061,303,3485,203,8032,1032,542,1573,1,0
295742117483,293,4257,100,2160,1033,542,1574,1,0
295742127727,91,3403,97,1790,1033,543,1575,1,0
295742139151,300,3598,369,13972,1034,543,1576,1,0
295742150679,320,4336,113,2280,1035,543,1577,1,0
295742161808,97,3133,96,1840,1035,544,1578,1,0
295742172344,310,3041,102,2042,1036,544,1579,1,0
295742183553,106,5295,98,1779,1036,545,1580,1,0
295742194650,317,3520,198,6818,1037,545,1581,1,0
295742205775,334,3097,595,15078,1038,545,1582,1,0
295742218176,368,4846,217,7926,1039,545,1583,1,0
295742227892,90,3202,96,1748,1039,546,1584,1,0
295742239087,397,3389,101,2030,1040,546,1585,1,0
295742250455,146,5320,102,1752,1040,547,1586,1,0
295742261625,399,3889,295,13757,1041,547,1587,1,0
295742272490,315,3666,178,1428,1042,547,1588,1,0
295742284017,92,5202,140,696,1042,548,1589,1,0
295742295089,306,3038,588,32825,1043,548,1590,1,0
295742306307,309,3410,136,3662,1044,548,1591,1,0
295742317118,93,5151,123,2115,1044,549,1592,1,0
295742327976,350,3065,194,7169,1045,549,1593,1,0
295742339505,372,3065,308,14643,1046,549,1594,1,0
295742350072,103,5896,102,2162,1046,550,1595,1,0
295742361605,421,3367,384,7782,1047,550,1596,1,0
295742372582,323,3420,469,2211,1048,550,1597,1,0
295742384105,397,4440,305,14476,1049,550,1598,1,0
295742394687,97,3032,102,2102,1049,551,1599,1,0
295742405937,295,3000,114,2472,1050,551,1600,1,0
295742416840,110,5321,124,2107,1050,552,1601,1,0
295742427854,311,3656,111,2334,1051,552,1602,1,0
295742439104,294,3480,192,7098,1052,552,1603,1,0
295742450720,327,4399,413,15139,1053,552,1604,1,0
295742461308,112,3024,105,2170,1053,553,1605,1,0
295742472341,360,3495,193,7976,1054,553,1606,1,0
295742483642,96,5570,101,1757,1054,554,1607,1,0
295742494649,303,4149,107,2054,1055,554,1608,1,0
295742505653,293,3970,301,14354,1056,554,1609,1,0
295742516927,97,5487,110,2014,1056,555,1610,1,0
295742528214,377,3091,106,1522,1057,555,1611,1,0
295742539072,312,3182,82,706,1058,555,1612,1,0
295742550795,393,5202,707,33512,1059,555,1613,1,0
295742561382,315,3172,139,3704,1059,556,1614,1,0
295742572842,321,3432,200,7437,1060,556,1615,1,0
295742583811,89,5182,128,2090,1060,557,1616,1,0
295742594704,342,3834,306,14530,1061,557,1617,1,0
295742605675,318,3482,237,7538,1062,557,1618,1,0
295742617582,3665,3021,119,2436,1063,557,1619,1,0
295742628147,90,3279,100,2148,1063,558,1620,1,0
295742638932,292,3519,292,14522,1064,558,1621,1,0
295742650550,86,4881,97,2102,1064,559,1622,1,0
295742661164,305,3146,108,2410,1065,559,1623,1,0
295742672812,549,3030,109,2292,1066,559,1624,1,0
295742683969,104,4992,113,1913,1066,560,1625,1,0
295742694568,297,4128,207,7224,1067,560,1626,1,0
295742706417,328,3293,316,15023,1068,560,1627,1,0
295742716909,87,5145,101,1985,1068,561,1628,1,0
295742727944,526,3234,90,1267,1069,561,1629,1,0
295742738951,297,3057,637,35047,1070,561,1630,1,0
295742751184,636,3558,364,16371,1071,561,1631,1,0
295742762088,142,3128,112,2471,1071,562,1632,1,0
295742772719,322,3822,219,8405,1072,562,1633,1,0
295742783638,114,3494,99,1912,1072,563,1634,1,0
295742794742,315,3446,335,14868,1073,563,1635,1,0
295742805872,317,3457,123,2525,1074,563,1636,1,0
295742816819,105,5094,99,2069,1074,564,1637,1,0
295742827836,503,3307,259,7460,1075,564,1638,1,0
295742839244,307,3759,404,15356,1076,564,1639,1,0
295742850328,83,5152,100,2139,1076,565,1640,1,0
295742861086,404,3848,203,7693,1077,565,1641,1,0
295742872339,329,3045,161,2109,1078,565,1642,1,0
295742883562,94,4998,104,1809,1078,566,1643,1,0
295742894732,428,3135,324,14597,1079,566,1644,1,0
295742906521,378,3186,108,2417,1080,566,1645,1,0
295742917625,107,5434,144,1971,1080,567,1646,1,0
295742928247,500,3333,136,1970,1081,567,1647,1,0
295742939249,4712,3155,121,1750,1082,567,1648,1,0
295742950562,99,5382,83,769,1082,568,1649,1,0
295742961679,350,3063,86,750,1083,568,1650,1,0
295742972417,364,3439,1014,34928,1084,568,1651,1,0
295742983770,115,5290,135,3705,1084,569,1652,1,0
295742994997,357,3095,128,2417,1085,569,1653,1,0
295743006076,402,3465,352,15035,1086,569,1654,1,0
295743017146,89,5701,151,2138,1086,570,1655,1,0
295743028400,410,3690,229,7765,1087,570,1656,1,0
295743039349,332,3359,326,14929,1088,570,1657,1,0
295743050922,294,4545,124,2428,1089,570,1658,1,0
295743061567,107,3223,121,1874,1089,571,1659,1,0
295743072282,329,3092,205,7019,1090,571,1660,1,0
295743083603,225,5237,109,1796,1090,572,1661,1,0
295743094821,342,3468,358,15085,1091,572,1662,1,0
295743105795,359,3877,201,7660,1092,572,1663,1,0
295743117258,127,3310,120,1968,1092,573,1664,1,0
295743130872,450,3158,291,13543,1093,573,1665,1,0
295743139297,343,3301,202,1736,1094,573,1666,1,0
295743150750,315,4743,1034,35052,1095,573,1667,1,0
295743161468,142,3015,213,3686,1095,574,1668,1,0
295743172556,432,3379,327,15169,1096,574,1669,1,0
295743183842,97,5102,107,2249,1096,575,1670,1,0
295743194405,333,3834,196,7982,1097,575,1671,1,0
295743206004,310,3927,405,15214,1098,575,1672,1,0
295743217083,91,5881,108,2251,1098,576,1673,1,0
295743228114,513,4507,222,7760,1099,576,1674,1,0
295743239172,358,3434,105,2085,1100,576,1675,1,0
295743250271,114,3464,104,1832,1100,577,1676,1,0
295743261891,370,3222,385,15085,1101,577,1677,1,0
295743272492,324,3807,204,7828,1102,577,1678,1,0
295743283920,96,5254,206,1967,1102,578,1679,1,0
295743295016,368,3078,379,14723,1103,578,1680,1,0
295743305799,318,3052,126,2572,1104,578,1681,1,0
295743317002,94,5150,106,2023,1104,579,1682,1,0
295743328186,347,3086,107,1258,1105,579,1683,1,0
295743339535,414,3544,89,670,1106,579,1684,1,0
295743350483,111,5646,113,669,1106,580,1685,1,0
295743361329,361,3314,664,35073,1107,580,1686,1,0
295743372449,322,3235,141,4131,1108,580,1687,1,0
295743383604,93,5073,109,2183,1108,581,1688,1,0
295743394591,307,3552,364,14375,1109,581,1689,1,0
295743406104,342,3097,202,7747,1110,581,1690,1,0
295743539850,1084,5095,236,8657,1111,581,1691,2,1
295743550474,135,6110,138,1720,1111,582,1692,2,0
295743561777,419,3436,985,34315,1112,582,1693,2,0
295743572481,1037,3359,223,8735,1113,582,1694,2,0
295743583646,107,5537,191,2354,1113,583,1695,2,0
295743594635,339,3154,411,14401,1114,583,1696,2,0
295743606151,301,3119,188,7283,1115,583,1697,2,0
295743616930,99,5137,101,1963,1115,584,1698,2,0
295743628213,452,4032,111,2332,1116,584,1699,2,0
295743639306,298,4002,120,2508,1117,584,1700,2,0
295743650335,92,5099,96,1686,1117,585,1701,2,0
295743661676,319,3296,313,14513,1118,585,1702,2,0
295743673129,460,3456,116,2369,1119,585,1703,2,0
295743683918,534,4540,200,7071,1120,585,1704,2,0
295743694903,122,3509,102,1831,1120,586,1705,2,0
295743705886,309,9224,154,4188,1121,586,1706,2,0
295743716980,103,3889,89,745,1121,587,1707,2,0
295743728200,317,3225,760,34780,1122,587,1708,2,0
295743739710,319,4021,218,4056,1123,587,1709,2,0
295743750217,111,3573,109,2128,1123,588,1710,2,0
295743761561,376,3466,316,15156,1124,588,1711,2,0
295743772389,308,4079,191,7589,1125,588,1712,2,0
295743783778,128,5270,100,1927,1125,589,1713,2,0
295743794603,377,4217,306,14880,1126,589,1714,2,0
295743805809,301,4162,106,2234,1127,589,1715,2,0
295743816916,98,4490,96,1856,1127,590,1716,2,0
295743828484,394,3111,189,7042,1128,590,1717,2,0
295743839819,276,3067,287,15025,1129,590,1718,2,0
295743850390,54,5248,78,2358,1129,591,1719,2,0
295743861121,342,4125,453,7915,1130,591,1720,2,0
295743873037,934,3244,102,1939,1131,591,1721,2,0
295743883419,208,5405,153,1712,1131,592,1722,2,0
295743894928,311,3259,743,14609,1132,592,1723,2,0
295743906199,369,4099,213,8110,1133,592,1724,2,0
295743917069,85,5324,164,1749,1133,593,1725,2,0
295743928346,486,4122,435,12411,1134,593,1726,2,0
295743938885,321,4422,196,7180,1135,593,1727,2,0
295743950172,94,5290,162,1819,1135,594,1728,2,0
295743961267,333,3534,761,15177,1136,594,1729,2,0
295743972252,286,3081,251,7693,1137,594,1730,2,0
295743983601,171,6876,101,1900,1137,595,1731,2,0
295743995126,308,3410,109,2107,1138,595,1732,2,0
295744006336,307,3221,119,2842,1139,595,1733,2,0
295744017027,97,5114,79,703,1139,596,1734,2,0
295744027780,397,3367,131,672,1140,596,1735,2,0
295744039330,788,4042,80,665,1141,596,1736,2,0
295744050005,283,6255,83,665,1141,597,1737,2,0
295744061856,407,3565,1066,33517,1142,597,1738,2,0
295744072866,355,4035,216,8883,1143,597,1739,2,0
295744083286,152,5307,105,2215,1143,598,1740,2,0
295744094494,767,3377,312,14645,1144,598,1741,2,0
295744106057,575,3152,190,7463,1145,598,1742,2,0
295744117115,629,4444,105,2251,1146,598,1743,2,0
295744127735,156,6396,104,1943,1146,599,1744,2,0
295744139444,313,3104,295,14165,1147,599,1745,2,0
295744149953,97,5694,98,2117,1147,600,1746,2,0
295744161272,356,3071,116,2384,1148,600,1747,2,0
295744172369,338,3070,105,2251,1149,600,1748,2,0
295744183778,229,6539,108,1965,1149,601,1749,2,0
295744194730,548,3144,194,7399,1150,601,1750,2,0
295744205636,661,3655,317,15102,1151,601,1751,2,0
295744217234,95,4959,103,2080,1151,602,1752,2,0
295744227911,333,3814,128,1240,1152,602,1753,2,0
295744240127,355,4931,625,35055,1153,602,1754,2,0
295744250281,90,5130,143,3694,1153,603,1755,2,0
295744261411,324,3250,321,15857,1154,603,1756,2,0
295744272684,481,3252,222,7840,1155,603,1757,2,0
295744283852,369,4733,319,14944,1156,603,1758,2,0
295744295051,109,3189,99,2116,1156,604,1759,2,0
295744305959,310,3498,229,2433,1157,604,1760,2,0
295744317044,86,5210,100,2000,1157,605,1761,2,0
295744327708,349,3185,192,7329,1158,605,1762,2,0
295744339224,1712,3819,325,15407,1159,605,1763,2,0
295744350381,95,5220,153,2068,1159,606,1764,2,0
295744361518,344,3054,202,7695,1160,606,1765,2,0
295744372489,318,3492,305,14029,1161,606,1766,2,0
295744383771,114,4987,115,2161,1161,607,1767,2,0
295744394738,311,3080,101,1521,1162,607,1768,2,0
295744405930,426,3161,91,720,1163,607,1769,2,0
295744416833,233,5300,82,720,1163,608,1770,2,0
295744428251,311,3172,739,32768,1164,608,1771,2,0
295744439299,305,3967,230,9762,1165,608,1772,2,0
295744450467,122,6078,106,2127,1165,609,1773,2,0
295744461559,361,4358,314,14919,1166,609,1774,2,0
295744472518,359,3656,196,7553,1167,609,1775,2,0
295744483432,98,6063,110,1925,1167,610,1776,2,0
295744494989,348,4729,120,2275,1168,610,1777,2,0
295744505592,311,4059,304,14586,1169,610,1778,2,0
295744516799,103,5351,107,2191,1169,611,1779,2,0
295744527801,308,3174,219,8117,1170,611,1780,2,0
295744539317,289,4349,319,15083,1171,611,1781,2,0
295744550848,300,4234,114,2419,1172,611,1782,2,0
295744561805,91,3022,89,2003,1172,612,1783,2,0
295744572496,352,4765,187,7240,1173,612,1784,2,0
295744583616,94,5375,98,1830,1173,613,1785,2,0
295744594724,302,3003,194,4235,1174,613,1786,2,0
295744605767,307,3290,78,756,1175,613,1787,2,0
295744616890,83,5322,77,718,1175,614,1788,2,0
295744628055,323,3900,741,34561,1176,614,1789,2,0
295744639200,376,3100,344,16177,1177,614,1790,2,0
295744650334,95,5281,112,2486,1177,615,1791,2,0
295744661216,309,3343,193,7763,1178,615,1792,2,0
295744673018,400,3072,294,12959,1179,615,1793,2,0
295744683904,257,4472,191,7263,1180,615,1794,2,0
295744694569,91,3038,886,1728,1180,616,1795,2,0
295744705892,318,3180,314,15272,1181,616,1796,2,0
295744717111,1128,3871,566,7708,1182,616,1797,2,0
295744728210,92,3038,95,1827,1182,617,1798,2,0
295744739240,277,2965,80,2089,1183,617,1799,2,0
295744750215,88,5297,121,1791,1183,618,1800,2,0
295744762228,300,3010,277,14233,1184,618,1801,2,0
295744772184,332,2974,308,27356,1185,618,1802,2,0
295744783897,487,4545,311,14866,1186,618,1803,2,0
295744794812,121,4199,147,2131,1186,619,1804,2,0
295744805727,303,3117,108,2289,1187,619,1805,2,0
295744817184,307,4574,247,7091,1188,619,1806,2,0
295744828031,100,3282,100,1560,1188,620,1807,2,0
295744839198,661,3241,298,14903,1189,620,1808,2,0
295744850283,105,5511,115,2025,1189,621,1809,2,0
295744861514,356,3222,193,7783,1190,621,1810,2,0
295744872478,347,3511,103,1813,1191,621,1811,2,0
295744883771,99,4885,152,1528,1191,622,1812,2,0
295744895489,541,3390,392,14331,1192,622,1813,2,0
295744906054,185,3508,104,1914,1192,623,1814,2,0
295744917331,391,4062,129,3546,1193,623,1815,2,0
295744928297,95,3109,94,1591,1193,624,1816,2,0
295744939153,332,4103,103,1263,1194,624,1817,2,0
295744950602,87,5662,97,627,1194,625,1818,2,0
295744961340,378,3868,102,627,1195,625,1819,2,0
295744972374,426,3562,718,34869,1196,625,1820,2,0
295744983664,96,5567,138,3796,1196,626,1821,2,0
295744994855,648,3371,112,2359,1197,626,1822,2,0
295745006214,303,3600,315,14893,1198,626,1823,2,0
295745017896,314,4261,203,7575,1199,626,1824,2,0
295745028573,95,3110,104,1937,1199,627,1825,2,0
295745038950,301,3274,319,14882,1200,627,1826,2,0
295745050549,99,5568,113,1904,1200,628,1827,2,0
295745061698,560,3099,104,2205,1201,628,1828,2,0
295745072659,361,3472,183,7089,1202,628,1829,2,0
295745083881,302,4607,157,5083,1203,628,1830,2,0
295745094365,90,3162,87,759,1203,629,1831,2,0
295745106178,311,3206,81,734,1204,629,1832,2,0
295745118208,361,3645,717,34912,1205,629,1833,2,0
295745127993,92,4789,387,3686,1205,630,1834,2,0
295745138985,371,3394,440,14821,1206,630,1835,2,0
295745150911,409,4172,192,7835,1207,630,1836,2,0
295745161601,89,3343,103,1880,1207,631,1837,2,0
295745172549,393,3093,268,12316,1208,631,1838,2,0
295745183977,99,5339,107,1833,1208,632,1839,2,0
295745195199,370,3298,191,7045,1209,632,1840,2,0
295745206560,418,3152,315,15160,1210,632,1841,2,0
295745217428,309,4392,194,7676,1211,632,1842,2,0
295745227803,265,4508,98,1580,1211,633,1843,2,0
295745239242,316,3211,142,4338,1212,633,1844,2,0
295745250816,274,4718,611,35001,1213,633,1845,2,0
295745261710,91,3095,133,3710,1213,634,1846,2,0
295745272704,376,3730,196,8008,1214,634,1847,2,0
295745283512,214,5216,104,1987,1214,635,1848,2,0
295745294408,312,3124,343,13613,1215,635,1849,2,0
295745306644,383,3741,124,2440,1216,635,1850,2,0
295745317063,116,5714,188,1916,1216,636,1851,2,0
295745328246,464,3263,241,7230,1217,636,1852,2,0
295745339467,361,3056,367,14377,1218,636,1853,2,0
295745350234,87,5456,100,2019,1218,637,1854,2,0
295745362204,374,3079,207,8154,1219,637,1855,2,0
295745373028,334,3071,189,4513,1220,637,1856,2,0
295745383317,198,5554,95,851,1220,638,1857,2,0
295745395543,456,3864,758,35036,1221,638,1858,2,0
295745406200,328,3171,237,9455,1222,638,1859,2,0
295745417081,113,4960,111,2334,1222,639,1860,2,0
295745427832,310,3954,267,11997,1223,639,1861,2,0
295745439221,301,3142,191,7189,1224,639,1862,2,0
295745451087,286,4304,318,13831,1225,639,1863,2,0
295745461788,79,3015,72,2086,1225,640,1864,2,0
295745473027,227,3954,168,7813,1226,640,1865,2,0
295745484500,777,3985,144,4682,1227,640,1866,2,0
295745495052,163,3225,76,822,1227,641,1867,2,0
295745506442,395,4198,81,806,1228,641,1868,2,0
295745516772,81,5439,81,808,1228,642,1869,2,0
295745527695,323,3339,1120,34887,1229,642,1870,2,0
295745539172,318,4445,366,16680,1230,642,1871,2,0
295745550829,469,4578,117,2752,1231,642,1872,2,0
295745561347,100,3350,103,2043,1231,643,1873,2,0
295745572336,309,3655,188,6978,1232,643,1874,2,0
295745583743,353,4758,413,15117,1233,643,1875,2,0
295745594775,126,4081,101,2198,1233,644,1876,2,0
295745605779,470,3223,197,7950,1234,644,1877,2,0
295745616907,134,3587,101,1796,1234,645,1878,2,0
295745628137,370,3827,108,2108,1235,645,1879,2,0
295745639161,303,4361,121,2253,1236,645,1880,2,0
295745650275,86,5822,103,1763,1236,646,1881,2,0
295745661353,527,3371,312,14692,1237,646,1882,2,0
295745672561,299,2983,113,2459,1238,646,1883,2,0
295745683689,293,4861,188,7165,1239,646,1884,2,0
295745805920,480,4960,744,44172,1240,646,1885,3,1
295745817146,308,4944,248,7115,1241,646,1886,3,0
295745828173,81,3055,190,7503,1241,647,1887,3,0
295745839238,308,3328,296,14154,1242,647,1888,3,0
295745850283,87,5218,122,3183,1242,648,1889,3,0
295745861075,485,3002,683,8891,1243,648,1890,3,0
295745872647,341,3059,300,14398,1244,648,1891,3,0
295745883668,553,4342,288,8818,1245,648,1892,3,0
295745894839,85,3227,109,2611,1245,649,1893,3,0
295745905772,325,3077,323,15618,1246,649,1894,3,0
295745917425,305,4253,101,1425,1247,649,1895,3,0
295745928018,90,3023,78,725,1247,650,1896,3,0
295745939376,612,4215,80,703,1248,650,1897,3,0
295745951017,394,4547,652,32391,1249,650,1898,3,0
295745961596,88,3044,130,3581,1249,651,1899,3,0
295745972657,297,3190,205,8239,1250,651,1900,3,0
295745983804,324,4384,107,2269,1251,651,1901,3,0
295745994926,99,3708,94,1753,1251,652,1902,3,0
295746006283,314,3660,371,14464,1252,652,1903,3,0
295746016973,356,4510,191,7720,1253,652,1904,3,0
295746028009,82,2995,98,1780,1253,653,1905,3,0
295746039164,296,3068,447,14731,1254,653,1906,3,0
295746050433,348,4529,112,2524,1255,653,1907,3,0
295746061124,96,3272,403,1981,1255,654,1908,3,0
295746072790,324,2952,339,7314,1256,654,1909,3,0
295746084218,536,3770,855,15251,1257,654,1910,3,0
295746094984,97,2965,98,2094,1257,655,1911,3,0
295746106112,308,3566,194,7612,1258,655,1912,3,0
295746117752,401,3971,297,13952,1259,655,1913,3,0
295746128130,88,2930,99,2233,1259,656,1914,3,0
295746139418,463,3024,203,8190,1260,656,1915,3,0
295746150605,97,5300,104,1885,1260,657,1916,3,0
295746161623,334,3353,334,14921,1261,657,1917,3,0
295746172600,309,3039,97,1587,1262,657,1918,3,0
295746183585,84,4838,111,713,1262,658,1919,3,0
295746194715,374,3367,72,710,1263,658,1920,3,0
295746205725,293,3938,77,707,1264,658,1921,3,0
295746217160,100,4855,83,710,1264,659,1922,3,0
295746227685,359,3019,1087,34909,1265,659,1923,3,0
295746239380,317,2966,144,4086,1266,659,1924,3,0
295746250471,338,4634,300,14249,1267,659,1925,3,0
295746261584,127,3409,146,1500,1267,660,1926,3,0
295746273012,328,3013,1020,26969,1268,660,1927,3,0
295746283554,92,5707,121,1681,1268,661,1928,3,0
295746294685,524,3271,306,14535,1269,661,1929,3,0
295746306014,317,3777,110,2094,1270,661,1930,3,0
295746317022,341,4380,176,6663,1271,661,1931,3,0
295746327683,89,3041,95,1532,1271,662,1932,3,0
295746338994,299,3458,297,14773,1272,662,1933,3,0
295746351213,295,3706,348,7366,1273,662,1934,3,0
295746361495,91,3272,208,1638,1273,663,1935,3,0
295746372583,305,3968,299,13188,1274,663,1936,3,0
295746383988,335,4171,186,7238,1275,663,1937,3,0
295746394443,89,2968,102,1547,1275,664,1938,3,0
295746405786,629,3417,300,14384,1276,664,1939,3,0
295746417100,90,4874,135,1892,1276,665,1940,3,0
295746427940,395,3229,102,2032,1277,665,1941,3,0
295746439447,308,3119,94,1126,1278,665,1942,3,0
295746450385,352,4417,83,666,1279,665,1943,3,0
295746461044,121,3111,105,667,1279,666,1944,3,0
295746472405,299,2975,756,35108,1280,666,1945,3,0
295746483676,306,4517,136,4093,1281,666,1946,3,0
295746494784,91,2964,98,2134,1281,667,1947,3,0
295746505864,298,3994,307,14984,1282,667,1948,3,0
295746517113,348,4369,188,7689,1283,667,1949,3,0
295746528342,282,3102,122,1970,1283,668,1950,3,0
295746539284,304,2891,390,14953,1284,668,1951,3,0
295746550241,82,4791,139,1971,1284,669,1952,3,0
295746561297,289,2941,99,2254,1285,669,1953,3,0
295746572432,294,2955,188,7156,1286,669,1954,3,0
295746583857,349,4347,303,14804,1287,669,1955,3,0
295746594811,82,3335,98,1748,1287,670,1956,3,0
295746605977,307,3046,595,27805,1288,670,1957,3,0
295746617035,409,4355,156,4590,1289,670,1958,3,0
295746628101,87,3040,104,887,1289,671,1959,3,0
295746639396,315,3397,1085,35238,1290,671,1960,3,0
295746649994,87,5057,133,3709,1290,672,1961,3,0
295746661026,305,2932,240,8041,1291,672,1962,3,0
295746672882,332,3785,302,13858,1292,672,1963,3,0
295746683629,88,4825,104,2158,1292,673,1964,3,0
295746694745,313,3013,199,8044,1293,673,1965,3,0
295746705864,375,3437,387,14644,1294,673,1966,3,0
295746717227,299,4286,190,7545,1295,673,1967,3,0
295746728424,87,3048,107,1932,1295,674,1968,3,0
295746739395,381,3345,108,2294,1296,674,1969,3,0
295746750416,90,4916,99,1933,1296,675,1970,3,0
295746762473,319,3692,373,18744,1297,675,1971,3,0
295746772499,319,3964,211,8654,1298,675,1972,3,0
295746783503,87,5046,107,1974,1298,676,1973,3,0
295746794387,332,3412,370,15109,1299,676,1974,3,0
295746805900,384,2954,117,2655,1300,676,1975,3,0
295746817597,282,3824,189,7295,1301,676,1976,3,0
295746828252,85,2942,99,1954,1301,677,1977,3,0
295746839029,305,2990,305,15222,1302,677,1978,3,0
295746850501,94,4887,107,1943,1302,678,1979,3,0
295746861219,387,2860,81,1298,1303,678,1980,3,0
295746872486,321,3601,86,802,1304,678,1981,3,0
295746883909,103,4933,78,803,1304,679,1982,3,0
295746894431,313,3413,678,35300,1305,679,1983,3,0
295746906246,369,3451,283,9562,1306,679,1984,3,0
295746916929,107,3710,117,2364,1306,680,1985,3,0
295746928294,315,4093,350,12008,1307,680,1986,3,0
295746939334,314,2945,233,7423,1308,680,1987,3,0
295746951338,294,3891,336,13911,1309,680,1988,3,0
295746961244,173,3252,104,1972,1309,681,1989,3,0
295746972789,645,3140,328,7661,1310,681,1990,3,0
295746984037,297,4046,101,2238,1311,681,1991,3,0
295746994470,234,3443,105,1936,1311,682,1992,3,0
295747006147,313,3423,312,14671,1312,682,1993,3,0
295747017462,291,4099,203,7970,1313,682,1994,3,0
295747028289,96,2943,105,1904,1313,683,1995,3,0
295747039402,464,3068,173,5982,1314,683,1996,3,0
295747050041,83,5199,83,883,1314,684,1997,3,0
295747061947,610,3283,632,33549,1315,684,1998,3,0
295747072251,302,4426,225,9295,1316,684,1999,3,0
295747083532,78,5225,123,2336,1316,685,2000,3,0
295747095346,326,3725,299,14858,1317,685,2001,3,0
295747105966,457,3687,201,7749,1318,685,2002,3,0
295747116926,334,4486,113,2222,1319,685,2003,3,0
295747128062,81,3409,83,1969,1319,686,2004,3,0
295747139100,265,2834,114,2638,1320,686,2005,3,0
295747151046,302,3826,318,15077,1321,686,2006,3,0
295747161304,152,5180,130,2028,1321,687,2007,3,0
295747172403,556,3127,105,1784,1322,687,2008,3,0
295747183708,392,4442,596,33399,1323,687,2009,3,0
295747194941,224,2966,128,3767,1323,688,2010,3,0
295747205557,212,3546,122,2701,1324,688,2011,3,0
295747217740,433,3944,216,7600,1325,688,2012,3,0
295747227817,108,3170,104,1959,1325,689,2013,3,0
295747239045,342,3004,119,2310,1326,689,2014,3,0
295747250487,538,5153,325,14467,1327,689,2015,3,0
295747261614,114,3470,112,2018,1327,690,2016,3,0
295747272648,320,3740,223,7918,1328,690,2017,3,0
295747284072,106,3063,99,2000,1328,691,2018,3,0
295747294597,379,4137,439,15019,1329,691,2019,3,0
295747305738,343,6942,125,2643,1330,691,2020,3,0
295747317095,391,4629,98,1394,1331,691,2021,3,0
295747327676,87,3371,85,792,1331,692,2022,3,0
295747339220,300,3194,605,32474,1332,692,2023,3,0
295747350106,177,5081,132,3637,1332,693,2024,3,0
295747361021,331,3158,223,8195,1333,693,2025,3,0
295747372752,362,3020,103,2122,1334,693,2026,3,0
295747383905,339,4255,330,13972,1335,693,2027,3,0
295747394674,95,3336,100,2045,1335,694,2028,3,0
295747405779,324,3172,111,2404,1336,694,2029,3,0
295747417067,96,5508,234,2042,1336,695,2030,3,0
295747428082,546,3157,128,2283,1337,695,2031,3,0
295747439506,310,3050,192,7312,1338,695,2032,3,0
295747451156,309,4443,409,15297,1339,695,2033,3,0
295747461497,114,3367,106,2102,1339,696,2034,3,0
295747472523,308,3737,186,7133,1340,696,2035,3,0
295747483587,326,4785,140,4304,1341,696,2036,3,0
295747494420,89,2925,75,834,1341,697,2037,3,0
295747506068,305,3012,999,35449,1342,697,2038,3,0
295747516892,81,5035,140,3832,1342,698,2039,3,0
295747527848,352,3040,241,8163,1343,698,2040,3,0
295747539377,318,3625,298,13903,1344,698,2041,3,0
295747550575,294,4114,111,2491,1345,698,2042,3,0
295747561782,94,3308,114,1894,1345,699,2043,3,0
295747572325,297,2965,188,7244,1346,699,2044,3,0
295747583424,83,4794,96,1834,1346,700,2045,3,0
295747594787,313,3375,339,14395,1347,700,2046,3,0
295747606237,299,3215,218,7636,1348,700,2047,3,0
295747617163,309,4777,104,2233,1349,700,2048,3,0
295747627805,215,2912,96,1980,1349,701,2049,3,0
295747639320,301,3667,120,2649,1350,701,2050,3,0
295747650334,302,4325,315,14990,1351,701,2051,3,0
295747661653,83,3291,236,2082,1351,702,2052,3,0
295747672665,294,2837,111,2389,1352,702,2053,3,0
295747683539,87,4820,102,2002,1352,703,2054,3,0
295747694932,293,3180,188,7005,1353,703,2055,3,0
295747705555,296,2905,153,5166,1354,703,2056,3,0
295747716775,90,4965,76,816,1354,704,2057,3,0
295747727877,742,15345,88,787,1355,704,2058,3,0
295747755465,301,3014,624,35244,1356,704,2059,3,0
295747767046,353,5510,256,9573,1357,704,2060,3,0
295747777802,383,3316,108,2331,1357,705,2061,3,0
295747789159,301,2897,354,13642,1358,705,2062,3,0
295747799625,93,5137,102,2230,1358,706,2063,3,0
295747811378,301,3248,117,2460,1359,706,2064,3,0
295747821980,301,3475,251,7420,1360,706,2065,3,0
295747833258,104,5122,100,1836,1360,707,2066,3,0
295747843963,294,2972,352,14359,1361,707,2067,3,0
295747855482,626,3586,198,7553,1362,707,2068,3,0
295747866495,82,5767,102,1907,1362,708,2069,3,0
295747877692,520,2926,101,2203,1363,708,2070,3,0
295747888937,318,3656,116,2466,1364,708,2071,3,0
295747899895,89,5271,99,1880,1364,709,2072,3,0
295747911157,304,3787,313,14765,1365,709,2073,3,0
295748044555,408,5101,140,2065,1365,710,2074,4,1
295748055871,339,3616,644,49493,1366,710,2075,4,0
295748066484,93,4960,226,10095,1366,711,2076,4,0
295748077586,310,3137,225,9246,1367,711,2077,4,0
295748088811,295,2857,398,16313,1368,711,2078,4,0
295748099858,93,5290,116,3017,1368,712,2079,4,0
295748110847,305,2922,340,8345,1369,712,2080,4,0
295748122598,307,2935,110,2559,1370,712,2081,4,0
295748133526,96,5023,106,2250,1370,713,2082,4,0
295748144119,313,3615,320,14991,1371,713,2083,4,0
295748155855,342,2856,114,2852,1372,713,2084,4,0
295748166790,93,4922,107,2333,1372,714,2085,4,0
295748177311,294,3087,110,2453,1373,714,2086,4,0
295748188922,328,2942,227,7361,1374,714,2087,4,0
295748200021,85,5228,104,2384,1374,715,2088,4,0
295748211380,368,2931,131,3923,1375,715,2089,4,0
295748222255,300,3507,618,34966,1376,715,2090,4,0
295748233323,114,4710,151,3669,1376,716,2091,4,0
295748244519,332,3183,122,2351,1377,716,2092,4,0
295748255155,279,2843,309,15061,1378,716,2093,4,0
295748266872,95,5148,97,2063,1378,717,2094,4,0
295748277657,303,2807,191,7566,1379,717,2095,4,0
295748288593,395,2829,311,14913,1380,717,2096,4,0
295748299784,126,4841,102,2080,1380,718,2097,4,0
295748310966,479,2908,111,2320,1381,718,2098,4,0
295748321995,296,3878,194,7159,1382,718,2099,4,0
295748333136,89,4995,101,1760,1382,719,2100,4,0
295748344374,294,3537,314,14957,1383,719,2101,4,0
295748355534,295,2766,89,1194,1384,719,2102,4,0
295748366410,88,5225,90,616,1384,720,2103,4,0
295748377580,303,2821,691,35176,1385,720,2104,4,0
295748389172,311,3705,507,16293,1386,720,2105,4,0
295748399844,87,4880,175,2522,1386,721,2106,4,0
295748411224,340,3308,189,7864,1387,721,2107,4,0
295748422117,300,3062,316,15035,1388,721,2108,4,0
295748433002,89,5008,106,2193,1388,722,2109,4,0
295748444787,310,3369,291,8130,1389,722,2110,4,0
295748455322,352,2900,433,15312,1390,722,2111,4,0
295748466458,95,4937,98,1879,1390,723,2112,4,0
295748477723,315,3405,399,7459,1391,723,2113,4,0
295748488784,315,2983,105,2151,1392,723,2114,4,0
295748499780,90,5172,107,1890,1392,724,2115,4,0
295748510982,290,2701,349,15065,1393,724,2116,4,0
295748522180,298,2790,191,7721,1394,724,2117,4,0
295748533352,156,5441,96,1858,1394,725,2118,4,0
295748544171,295,2927,308,14967,1395,725,2119,4,0
295748555406,457,3208,106,2549,1396,725,2120,4,0
295748566308,89,3275,422,2033,1396,726,2121,4,0
295748577588,363,2829,171,6494,1397,726,2122,4,0
295748588656,302,2791,149,4826,1398,726,2123,4,0
295748599747,88,5126,77,728,1398,727,2124,4,0
295748611279,312,3619,84,692,1399,727,2125,4,0
295748621917,343,2870,639,34948,1400,727,2126,4,0
295748633239,92,5024,134,3729,1400,728,2127,4,0
295748644498,310,3426,454,14808,1401,728,2128,4,0
295748655692,292,3319,193,7828,1402,728,2129,4,0
295748666930,107,4660,97,1900,1402,729,2130,4,0
295748677290,297,3771,359,15013,1403,729,2131,4,0
295748689098,327,2981,189,7548,1404,729,2132,4,0
295748699785,94,5510,159,1930,1404,730,2133,4,0
295748711367,459,2904,319,15433,1405,730,2134,4,0
295748722044,293,3401,190,7697,1406,730,2135,4,0
295748733252,90,4775,104,1858,1406,731,2136,4,0
295748744551,308,2782,103,2145,1407,731,2137,4,0
295748755736,356,2888,316,15226,1408,731,2138,4,0
295748766444,90,4781,113,2283,1408,732,2139,4,0
295748777609,321,2795,188,7891,1409,732,2140,4,0
295748788693,306,3619,390,15110,1410,732,2141,4,0
295748799758,120,4842,106,2305,1410,733,2142,4,0
295748810623,446,2771,148,1765,1411,733,2143,4,0
295748822371,334,2755,75,745,1412,733,2144,4,0
295748833565,86,5530,80,734,1412,734,2145,4,0
295748844225,302,3293,76,734,1413,734,2146,4,0
295748855250,385,2891,621,35366,1414,734,2147,4,0
295748866832,84,4536,133,3804,1414,735,2148,4,0
295748877834,394,3256,163,2434,1415,735,2149,4,0
295748888835,288,2785,295,14505,1416,735,2150,4,0
295748899943,116,4664,245,2034,1416,736,2151,4,0
295748910636,289,3326,230,7636,1417,736,2152,4,0
295748922390,471,3154,276,12899,1418,736,2153,4,0
295748933896,325,4301,191,7194,1419,736,2154,4,0
295748944152,104,2999,98,1862,1419,737,2155,4,0
295748955360,302,3333,314,15242,1420,737,2156,4,0
295748966474,96,3303,130,2309,1420,738,2157,4,0
295748977587,312,3634,255,8029,1421,738,2158,4,0
295748989302,289,2763,101,2092,1422,738,2159,4,0
295748999873,104,4957,126,1857,1422,739,2160,4,0
295749011019,337,2975,401,14520,1423,739,2161,4,0
295749022204,361,2846,129,1564,1424,739,2162,4,0
295749033367,110,4950,96,660,1424,740,2163,4,0
295749044107,405,3090,93,660,1425,740,2164,4,0
295749055326,330,2753,204,660,1426,740,2165,4,0
295749066670,95,4721,90,660,1426,741,2166,4,0
295749077540,365,3109,705,34888,1427,741,2167,4,0
295749088597,312,2736,348,17122,1428,741,2168,4,0
295749099798,89,5484,122,2558,1428,742,2169,4,0
295749110883,315,2827,194,7710,1429,742,2170,4,0
295749122135,323,3202,117,2417,1430,742,2171,4,0
295749133153,95,4994,101,2000,1430,743,2172,4,0
295749144098,528,3415,301,14487,1431,743,2173,4,0
295749155547,289,3182,228,7712,1432,743,2174,4,0
295749166551,86,4743,101,1995,1432,744,2175,4,0
295749177932,345,2988,263,12338,1433,744,2176,4,0
295749188730,397,2819,188,7254,1434,744,2177,4,0
295749200197,92,4660,100,1938,1434,745,2178,4,0
295749210706,345,2941,360,15038,1435,745,2179,4,0
295749222264,320,2882,193,7846,1436,745,2180,4,0
295749233412,95,4732,137,1823,1436,746,2181,4,0
295749244431,372,3233,374,2106,1437,746,2182,4,0
295749255834,394,2914,318,15041,1438,746,2183,4,0
295749266547,116,4599,114,2375,1438,747,2184,4,0
295749278071,299,3759,203,8078,1439,747,2185,4,0
295749288650,296,2803,136,4052,1440,747,2186,4,0
295749300795,285,3715,884,33421,1441,747,2187,4,0
295749311075,89,2958,133,3735,1441,748,2188,4,0
295749322123,345,2777,187,7714,1442,748,2189,4,0
295749333135,112,4771,95,1995,1442,749,2190,4,0
295749344239,310,3017,339,14671,1443,749,2191,4,0
295749355502,303,2744,190,7643,1444,749,2192,4,0
295749366878,99,4486,114,1990,1444,750,2193,4,0
295749377854,333,3685,522,2340,1445,750,2194,4,0
295749388835,397,2791,308,14518,1446,750,2195,4,0
295749399718,95,4991,106,2177,1446,751,2196,4,0
295749410978,529,3205,120,2460,1447,751,2197,4,0
295749422027,306,3425,145,2271,1448,751,2198,4,0
295749433347,103,4940,112,1915,1448,752,2199,4,0
295749444295,342,3430,190,7216,1449,752,2200,4,0
295749455723,453,2889,319,15160,1450,752,2201,4,0
295749466548,91,3220,109,1892,1450,753,2202,4,0
295749477585,309,3377,97,1221,1451,753,2203,4,0
295749488869,332,2842,759,34781,1452,753,2204,4,0
295749499889,92,4941,141,3743,1452,754,2205,4,0
295749510860,320,2807,317,15118,1453,754,2206,4,0
295749522219,334,3592,206,7970,1454,754,2207,4,0
295749533255,93,4722,104,1890,1454,755,2208,4,0
295749544102,351,3435,336,14926,1455,755,2209,4,0
295749555391,319,3254,111,2402,1456,755,2210,4,0
295749566404,94,5145,105,2002,1456,756,2211,4,0
295749577665,502,2815,190,7505,1457,756,2212,4,0
295749589130,372,2757,446,15430,1458,756,2213,4,0
295749600089,82,4700,105,2160,1458,757,2214,4,0
295749610903,383,3036,222,7929,1459,757,2215,4,0
295749622375,445,3497,105,2120,1460,757,2216,4,0
295749633213,90,5012,99,1833,1460,758,2217,4,0
295749644127,368,2768,111,2493,1461,758,2218,4,0
295749655667,309,3327,314,15060,1462,758,2219,4,0
295749666435,86,4790,100,2029,1462,759,2220,4,0
295749677624,307,2819,122,2385,1463,759,2221,4,0
295749689028,310,2728,94,1298,1464,759,2222,4,0
295749700024,83,4784,87,624,1464,760,2223,4,0
295749710704,302,3729,83,624,1465,760,2224,4,0
295749722373,308,2856,744,34369,1466,760,2225,4,0
295749733685,318,4414,136,3916,1467,760,2226,4,0
295749744534,88,2797,102,2119,1467,761,2227,4,0
295749755619,295,3111,319,15028,1468,761,2228,4,0
295749767128,324,5024,317,7633,1469,761,2229,4,0
295749777563,96,2942,144,1829,1469,762,2230,4,0
295749789045,413,2929,323,14900,1470,762,2231,4,0
295749799951,86,4750,100,2131,1470,763,2232,4,0
295749811249,298,2829,111,2435,1471,763,2233,4,0
295749822319,303,3344,194,7423,1472,763,2234,4,0
295749833122,92,4962,133,1869,1472,764,2235,4,0
295749843949,334,2940,507,15323,1473,764,2236,4,0
295749855396,290,2889,247,7620,1474,764,2237,4,0
295749866773,102,5378,103,1884,1474,765,2238,4,0
295749877589,309,3693,281,13561,1475,765,2239,4,0
295749888528,388,2755,190,7704,1476,765,2240,4,0
295749899709,97,5810,99,1793,1476,766,2241,4,0
295749910962,305,2740,215,5914,1477,766,2242,4,0
295749922030,316,3264,77,882,1478,766,2243,4,0
295749933292,96,4620,80,781,1478,767,2244,4,0
295749944123,299,2822,594,33404,1479,767,2245,4,0
295749955202,475,3290,168,4219,1480,767,2246,4,0
295749966600,89,4918,104,2163,1480,768,2247,4,0
295749977581,325,2749,191,7779,1481,768,2248,4,0
295749988599,318,2813,104,2048,1482,768,2249,4,0
295750000209,84,4323,96,1791,1482,769,2250,4,0
295750010826,304,2850,311,14459,1483,769,2251,4,0
295750022109,310,2823,197,7783,1484,769,2252,4,0
295750033324,110,5273,103,1813,1484,770,2253,4,0
295750044936,413,2788,306,14885,1485,770,2254,4,0
295750055593,339,3509,118,2600,1486,770,2255,4,0
295750066402,92,4897,160,1987,1486,771,2256,4,0
295750077791,357,2948,253,7186,1487,771,2257,4,0
295750090195,438,3001,322,15420,1488,771,2258,4,0
295750099533,98,2955,100,2098,1488,772,2259,4,0
295750111919,307,2785,97,1203,1489,772,2260,4,0
295750122164,495,3245,79,686,1490,772,2261,4,0
295750133315,89,5410,79,686,1490,773,2262,4,0
295750144492,400,3150,663,34884,1491,773,2263,4,0
295750266552,1357,6148,103,2065,1491,774,2264,5,1
295750278062,193,3515,129,244,1491,775,2265,5,0
295750289193,446,3304,645,49509,1492,775,2266,5,0
295750300217,97,3310,235,9021,1492,776,2267,5,0
295750310802,343,2893,127,1558,1493,776,2268,5,0
295750322113,318,3298,620,34389,1494,776,2269,5,0
295750333151,360,3124,136,3577,1494,777,2270,5,0
295750344260,308,2827,510,15323,1495,777,2271,5,0
295750355476,496,3018,199,7269,1496,777,2272,5,0
295750366770,101,4739,106,1836,1496,778,2273,5,0
295750377860,335,3546,180,2238,1497,778,2274,5,0
295750389041,309,2974,373,14166,1498,778,2275,5,0
295750400228,100,4475,106,1957,1498,779,2276,5,0
295750411080,425,2996,120,2354,1499,779,2277,5,0
295750422277,344,2881,94,2075,1500,779,2278,5,0
295750433416,130,3314,95,1785,1500,780,2279,5,0
295750444524,306,2943,275,6998,1501,780,2280,5,0
295750455593,331,3011,320,14996,1502,780,2281,5,0
295750466419,87,5079,113,2120,1502,781,2282,5,0
295750477577,314,4072,206,7875,1503,781,2283,5,0
295750488614,317,3266,84,1047,1504,781,2284,5,0
295750500012,131,3734,104,589,1504,782,2285,5,0
295750512638,302,2846,645,42292,1505,782,2286,5,0
295750521998,298,2780,297,11155,1506,782,2287,5,0
295750534913,418,2892,327,15663,1507,782,2288,5,0
295750544030,101,3042,116,2584,1507,783,2289,5,0
295750555577,324,2890,125,2639,1508,783,2290,5,0
295750566667,89,6028,198,2148,1508,784,2291,5,0
295750577982,345,2826,195,7775,1509,784,2292,5,0
295750588895,478,3230,382,15576,1510,784,2293,5,0
295750600478,95,5127,119,2527,1510,785,2294,5,0
295750611144,322,2932,217,8250,1511,785,2295,5,0
295750622111,382,2904,367,13280,1512,785,2296,5,0
295750633232,106,3327,74,1015,1512,786,2297,5,0
295750644279,340,3535,94,1144,1513,786,2298,5,0
295750655626,446,2898,814,34667,1514,786,2299,5,0
295750666429,93,4992,162,3578,1514,787,2300,5,0
295750677437,318,3633,305,15094,1515,787,2301,5,0
295750688824,348,2829,186,7173,1516,787,2302,5,0
295750699941,96,3046,102,1693,1516,788,2303,5,0
295750711124,337,3365,303,14883,1517,788,2304,5,0
295750722145,293,2791,185,7190,1518,788,2305,5,0
295750733389,96,3063,98,1859,1518,789,2306,5,0
295750744483,300,3199,104,2261,1519,789,2307,5,0
295750755324,303,3039,299,14357,1520,789,2308,5,0
295750766420,136,5841,101,1933,1520,790,2309,5,0
295750777888,307,2776,241,8294,1521,790,2310,5,0
295750788791,299,3669,134,3993,1522,790,2311,5,0
295750801829,317,3384,664,33433,1523,790,2312,5,0
295750811142,103,3349,130,3656,1523,791,2313,5,0
295750822191,327,3391,307,7629,1524,791,2314,5,0
295750833131,93,5165,130,1880,1524,792,2315,5,0
295750844798,320,4113,311,14625,1525,792,2316,5,0
295750855109,323,2795,235,7458,1526,792,2317,5,0
295750866391,84,4827,101,1809,1526,793,2318,5,0
295750877561,460,3542,106,2145,1527,793,2319,5,0
295750889234,511,3229,202,2379,1528,793,2320,5,0
295750899806,94,4857,102,1718,1528,794,2321,5,0
295750911521,747,3348,357,14650,1529,794,2322,5,0
295750922015,424,3020,123,1530,1530,794,2323,5,0
295750933560,104,4542,91,764,1530,795,2324,5,0
295750944518,376,3044,74,965,1531,795,2325,5,0
295750955394,354,2824,122,599,1532,795,2326,5,0
295750966554,92,4903,79,599,1532,796,2327,5,0
295750977298,309,2807,708,34763,1533,796,2328,5,0
295750988828,307,2851,134,3887,1534,796,2329,5,0
295751000009,99,4579,106,2067,1534,797,2330,5,0
295751011040,301,2813,293,14280,1535,797,2331,5,0
295751022122,296,3227,206,8084,1536,797,2332,5,0
295751033188,88,4572,103,1847,1536,798,2333,5,0
295751044496,311,3540,753,14757,1537,798,2334,5,0
295751055570,303,2800,134,2382,1538,798,2335,5,0
295751066397,102,5210,101,1961,1538,799,2336,5,0
295751077560,325,3056,440,7386,1539,799,2337,5,0
295751088716,322,2849,317,15259,1540,799,2338,5,0
295751099791,96,5219,104,1941,1540,800,2339,5,0
295751111232,315,3932,202,7717,1541,800,2340,5,0
295751121830,320,2965,138,1981,1542,800,2341,5,0
295751133000,92,5493,135,1721,1542,801,2342,5,0
295751144067,332,3158,112,2387,1543,801,2343,5,0
295751155630,302,3007,310,14971,1544,801,2344,5,0
295751166380,85,4818,100,2109,1544,802,2345,5,0
295751177630,347,2783,108,2385,1545,802,2346,5,0
295751188756,289,3065,89,1172,1546,802,2347,5,0
295751199804,89,5000,80,597,1546,803,2348,5,0
295751211092,302,3280,604,34355,1547,803,2349,5,0
295751221985,406,3208,156,5360,1548,803,2350,5,0
295751233597,316,3999,108,2226,1549,803,2351,5,0
295751244383,92,2772,172,1767,1549,804,2352,5,0
295751255492,351,2807,367,14215,1550,804,2353,5,0
295751266708,128,4661,100,1866,1550,805,2354,5,0
295751278318,342,2948,270,8161,1551,805,2355,5,0
295751288859,606,3206,425,14743,1552,805,2356,5,0
295751300827,318,3516,111,2375,1553,805,2357,5,0
295751311183,120,2912,122,1914,1553,806,2358,5,0
295751322187,315,2801,196,7425,1554,806,2359,5,0
295751333549,87,4986,103,1693,1554,807,2360,5,0
295751344121,297,2866,409,15091,1555,807,2361,5,0
295751355585,424,3249,196,7514,1556,807,2362,5,0
295751366999,92,4501,103,1951,1556,808,2363,5,0
295751377451,314,2960,297,12900,1557,808,2364,5,0
295751388606,401,2777,89,1412,1558,808,2365,5,0
295751399703,85,5000,80,623,1558,809,2366,5,0
295751411072,311,3169,78,623,1559,809,2367,5,0
295751422117,300,2835,725,32619,1560,809,2368,5,0
295751433541,355,3972,191,3637,1561,809,2369,5,0
295751444865,104,2769,98,2015,1561,810,2370,5,0
295751455210,327,3179,100,1856,1562,810,2371,5,0
295751466595,93,4755,97,1650,1562,811,2372,5,0
295751477599,296,2782,194,7600,1563,811,2373,5,0
295751488965,487,2745,96,2030,1564,811,2374,5,0
295751499785,84,4751,98,1787,1564,812,2375,5,0
295751511052,299,2787,288,13719,1565,812,2376,5,0
295751522120,483,3198,203,8406,1566,812,2377,5,0
295751533618,301,3979,358,14741,1567,812,2378,5,0
295751544292,109,3146,99,2053,1567,813,2379,5,0
295751555322,307,2821,106,2482,1568,813,2380,5,0
295751566398,93,5310,101,1962,1568,814,2381,5,0
295751577264,390,2983,191,7295,1569,814,2382,5,0
295751588843,286,3648,378,15371,1570,814,2383,5,0
295751600083,163,4567,102,1830,1570,815,2384,5,0
295751611121,302,3019,90,1132,1571,815,2385,5,0
295751622295,560,3686,1039,34679,1572,815,2386,5,0
295751633442,88,4790,129,3566,1572,816,2387,5,0
295751644029,426,3219,361,14641,1573,816,2388,5,0
295751655443,288,2718,191,7725,1574,816,2389,5,0
295751666458,88,5337,127,1784,1574,817,2390,5,0
295751677405,303,2738,298,14855,1575,817,2391,5,0
295751688935,296,3485,257,7371,1576,817,2392,5,0
295751699952,88,4607,100,1881,1576,818,2393,5,0
295751711113,295,3716,319,15273,1577,818,2394,5,0
295751722264,333,2870,187,7445,1578,818,2395,5,0
295751733385,134,4413,99,1795,1578,819,2396,5,0
295751744581,311,3982,107,2161,1579,819,2397,5,0
295751755459,300,3297,296,14359,1580,819,2398,5,0
295751766363,97,3253,131,2248,1580,820,2399,5,0
295751777425,300,3273,207,9090,1581,820,2400,5,0
295751789245,307,3021,391,15016,1582,820,2401,5,0
295751800041,106,4336,108,2327,1582,821,2402,5,0
295751811304,302,3700,99,1731,1583,821,2403,5,0
295751822001,400,2878,76,971,1584,821,2404,5,0
295751833058,87,4781,74,564,1584,822,2405,5,0
295751844558,442,3730,81,564,1585,822,2406,5,0
295751855837,288,2794,690,34867,1586,822,2407,5,0
295751866793,85,4767,159,3587,1586,823,2408,5,0
295751877421,321,2866,107,2302,1587,823,2409,5,0
295751888584,305,3280,357,14350,1588,823,2410,5,0
295751899867,111,4904,103,2025,1588,824,2411,5,0
295751910798,392,3869,193,7634,1589,824,2412,5,0
295751921882,335,3194,278,12922,1590,824,2413,5,0
295751933197,86,4740,98,1917,1590,825,2414,5,0
295751944375,297,3285,188,7263,1591,825,2415,5,0
295751955594,364,2746,312,15240,1592,825,2416,5,0
295751966555,84,4652,101,2261,1592,826,2417,5,0
295751977650,296,3530,203,7882,1593,826,2418,5,0
295751988753,309,2733,94,1995,1594,826,2419,5,0
295751999872,88,4523,99,1756,1594,827,2420,5,0
295752011126,501,2962,330,14412,1595,827,2421,5,0
295752022107,302,3416,205,8323,1596,827,2422,5,0
295752033528,316,3995,298,14791,1597,827,2423,5,0
295752044789,92,3306,99,2199,1597,828,2424,5,0
295752055999,519,3205,147,1630,1598,828,2425,5,0
295752068386,301,2846,639,34351,1599,828,2426,5,0
295752078265,219,2787,136,3661,1599,829,2427,5,0
295752088570,322,3742,340,15693,1600,829,2428,5,0
295752099649,94,4750,217,2186,1600,830,2429,5,0
295752111366,293,2774,190,7592,1601,830,2430,5,0
295752122027,292,4027,114,2321,1602,830,2431,5,0
295752132984,88,4704,97,1905,1602,831,2432,5,0
295752144244,289,3187,301,14554,1603,831,2433,5,0
295752155305,297,3041,120,2586,1604,831,2434,5,0
295752166304,94,4729,101,2077,1604,832,2435,5,0
295752177607,291,2702,187,2267,1605,832,2436,5,0
295752188712,292,2833,186,7496,1606,832,2437,5,0
295752200062,85,4472,97,1682,1606,833,2438,5,0
295752211052,302,3530,381,14254,1607,833,2439,5,0
295752222246,329,2753,78,1090,1608,833,2440,5,0
295752233336,99,4904,82,718,1608,834,2441,5,0
295752243934,424,2746,78,718,1609,834,2442,5,0
295752255523,339,3175,613,34678,1610,834,2443,5,0
295752267349,318,3480,240,10104,1611,834,2444,5,0
295752277257,87,3016,101,2210,1611,835,2445,5,0
295752288622,308,3891,283,13593,1612,835,2446,5,0
295752300024,484,3982,110,2367,1613,835,2447,5,0
295752311112,89,3118,98,1850,1613,836,2448,5,0
295752322214,345,3001,392,7347,1614,836,2449,5,0
295752333518,629,3760,538,14454,1615,836,2450,5,0
295752343990,84,2828,96,1997,1615,837,2451,5,0
295752355600,522,3578,229,7583,1616,837,2452,5,0
295752366444,105,4727,99,1984,1616,838,2453,5,0
295752377737,314,3267,113,2329,1617,838,2454,5,0
295752388411,300,2803,109,2461,1618,838,2455,5,0
295752400048,87,4353,95,1844,1618,839,2456,5,0
295752522133,486,4947,799,45220,1619,839,2457,6,1
295752533228,91,4643,159,5511,1619,840,2458,6,0
295752544539,541,3011,406,20892,1620,840,2459,6,0
295752555604,345,3000,279,4928,1621,840,2460,6,0
295752566596,92,4824,125,3104,1621,841,2461,6,0
295752577722,317,3005,208,8036,1622,841,2462,6,0
295752588809,301,3570,553,15386,1623,841,2463,6,0
295752600089,95,4600,123,3017,1623,842,2464,6,0
295752611550,351,3582,213,8889,1624,842,2465,6,0
295752622227,328,2804,119,2790,1625,842,2466,6,0
295752633460,306,3971,116,3040,1626,842,2467,6,0
295752644502,101,2729,115,2513,1626,843,2468,6,0
295752655544,303,3076,330,15530,1627,843,2469,6,0
295752666989,351,4063,126,3230,1628,843,2470,6,0
295752677541,87,2811,107,2714,1628,844,2471,6,0
295752688579,309,2739,196,8050,1629,844,2472,6,0
295752700087,336,4026,279,10904,1630,844,2473,6,0
295752711407,104,3373,74,804,1630,845,2474,6,0
295752721936,322,2839,646,31739,1631,845,2475,6,0
295752733236,94,5236,136,3645,1631,846,2476,6,0
295752744058,497,2892,117,1176,1632,846,2477,6,0
295752755800,433,3179,102,633,1633,846,2478,6,0
295752766382,125,3320,79,632,1633,847,2479,6,0
295752777433,415,3912,1160,34958,1634,847,2480,6,0
295752788821,442,3752,438,16561,1635,847,2481,6,0
295752800068,118,4683,145,2459,1635,848,2482,6,0
295752810597,523,2792,109,2398,1636,848,2483,6,0
295752822148,299,3238,188,7202,1637,848,2484,6,0
295752833349,95,4936,96,1801,1637,849,2485,6,0
295752844455,289,3139,361,14914,1638,849,2486,6,0
295752855601,341,2847,202,7508,1639,849,2487,6,0
295752866735,102,5591,105,1898,1639,850,2488,6,0
295752877828,299,2757,106,2283,1640,850,2489,6,0
295752888862,282,2877,108,2398,1641,850,2490,6,0
295752899963,87,4614,100,1825,1641,851,2491,6,0
295752911018,463,2770,166,5985,1642,851,2492,6,0
295752922187,328,3384,935,33172,1643,851,2493,6,0
295752932838,109,5028,168,3605,1643,852,2494,6,0
295752944277,306,3187,102,2259,1644,852,2495,6,0
295752955329,300,2792,98,1959,1645,852,2496,6,0
295752966435,85,5192,95,1756,1645,853,2497,6,0
295752977781,319,2791,225,7670,1646,853,2498,6,0
295752988924,332,2828,102,1948,1647,853,2499,6,0
295752999675,99,4834,98,1725,1647,854,2500,6,0
295753010889,423,3479,300,13939,1648,854,2501,6,0
295753022209,297,2776,209,8479,1649,854,2502,6,0
295753033833,325,4243,374,14951,1650,854,2503,6,0
295753044334,86,3109,108,2268,1650,855,2504,6,0
295753055508,306,3543,121,2653,1651,855,2505,6,0
295753066703,96,4278,95,2041,1651,856,2506,6,0
295753077751,309,3362,207,7526,1652,856,2507,6,0
295753089053,308,3032,315,15498,1653,856,2508,6,0
295753099694,101,5028,110,2240,1653,857,2509,6,0
295753111032,303,2924,321,8031,1654,857,2510,6,0
295753122392,342,3480,153,4518,1655,857,2511,6,0
295753133609,93,4895,84,780,1655,858,2512,6,0
295753144221,318,2824,908,35359,1656,858,2513,6,0
295753155578,448,3151,341,9654,1657,858,2514,6,0
295753166412,87,4519,95,2191,1657,859,2515,6,0
295753180772,564,3404,793,12144,1658,859,2516,6,0
295753188769,454,3598,195,7070,1659,859,2517,6,0
295753200925,287,3544,282,13749,1660,859,2518,6,0
295753210758,86,2749,101,2032,1660,860,2519,6,0
295753221966,458,2793,267,7789,1661,860,2520,6,0
295753233107,107,5314,107,1878,1661,861,2521,6,0
295753244321,334,3195,116,2217,1662,861,2522,6,0
295753255364,297,2962,196,2909,1663,861,2523,6,0
295753266716,334,3976,80,769,1664,861,2524,6,0
295753277905,99,2986,81,732,1664,862,2525,6,0
295753288857,311,3115,661,32853,1665,862,2526,6,0
295753300033,87,4323,139,3605,1665,863,2527,6,0
295753311251,329,2872,110,2283,1666,863,2528,6,0
295753321796,522,3370,190,7184,1667,863,2529,6,0
295753333315,420,4224,338,14629,1668,863,2530,6,0
295753345189,111,2997,114,2151,1668,864,2531,6,0
295753355703,307,3111,199,7666,1669,864,2532,6,0
295753366761,88,5245,110,1877,1669,865,2533,6,0
295753377522,330,2856,103,2212,1670,865,2534,6,0
295753388895,310,3253,315,14222,1671,865,2535,6,0
295753400031,92,4550,113,2084,1671,866,2536,6,0
295753411022,453,4570,214,2459,1672,866,2537,6,0
295753421806,305,3230,93,1396,1673,866,2538,6,0
295753433325,94,4641,83,694,1673,867,2539,6,0
295753444276,311,3739,618,16411,1674,867,2540,6,0
295753455378,389,2819,163,5090,1675,867,2541,6,0
295753466461,108,5015,79,766,1675,868,2542,6,0
295753477680,309,2781,76,756,1676,868,2543,6,0
295753488875,306,2883,613,35030,1677,868,2544,6,0
295753499985,96,4500,139,3775,1677,869,2545,6,0
295753511101,395,3237,301,13668,1678,869,2546,6,0
295753522268,377,3179,639,36868,1679,869,2547,6,0
295753532986,83,4800,132,3644,1679,870,2548,6,0
295753544565,318,2929,330,15255,1680,870,2549,6,0
295753555656,294,3104,110,2660,1681,870,2550,6,0
295753566434,94,4960,108,2038,1681,871,2551,6,0
295753577377,449,2763,188,7465,1682,871,2552,6,0
295753589143,330,3500,389,15272,1683,871,2553,6,0
295753599653,89,4746,104,2145,1683,872,2554,6,0
295753610925,310,3625,392,7808,1684,872,2555,6,0
295753622243,326,2866,289,13680,1685,872,2556,6,0
295753633395,95,4785,174,1632,1685,873,2557,6,0
295753644092,317,3606,103,1914,1686,873,2558,6,0
295753655337,418,3812,693,35001,1687,873,2559,6,0
295753666986,280,3725,327,16766,1688,873,2560,6,0
295753678323,81,2720,106,2666,1688,874,2561,6,0
295753688674,326,3266,217,8297,1689,874,2562,6,0
295753699788,88,5464,104,1809,1689,875,2563,6,0
295753710817,421,2949,314,15176,1690,875,2564,6,0
295753721973,299,3108,208,7720,1691,875,2565,6,0
295753733054,87,4671,99,1805,1691,876,2566,6,0
295753744144,295,3441,102,2087,1692,876,2567,6,0
295753755396,336,2857,360,15416,1693,876,2568,6,0
295753766495,89,5755,107,2102,1693,877,2569,6,0
295753777705,300,3642,248,7861,1694,877,2570,6,0
295753788518,305,3829,316,15041,1695,877,2571,6,0
295753799735,80,4759,112,2299,1695,878,2572,6,0
295753810676,306,3090,113,2397,1696,878,2573,6,0
295753821905,295,3483,335,16949,1697,878,2574,6,0
295753832958,88,4716,185,2129,1697,879,2575,6,0
295753844733,303,2913,381,15305,1698,879,2576,6,0
295753855322,299,3040,196,7659,1699,879,2577,6,0
295753866454,117,4894,143,1965,1699,880,2578,6,0
295753877921,308,3666,114,2323,1700,880,2579,6,0
295753888686,298,2770,296,14502,1701,880,2580,6,0
295753899921,106,4484,107,2320,1701,881,2581,6,0
295753910899,303,2766,193,7983,1702,881,2582,6,0
295753922463,367,2892,446,13103,1703,881,2583,6,0
295753933224,93,5032,108,2243,1703,882,2584,6,0
295753944190,312,2893,187,7638,1704,882,2585,6,0
295753955244,336,3746,347,15646,1705,882,2586,6,0
295753966274,90,3225,131,2460,1705,883,2587,6,0
295753977786,315,2795,216,8299,1706,883,2588,6,0
295753988976,327,3410,111,2205,1707,883,2589,6,0
295753999978,93,4493,98,1940,1707,884,2590,6,0
295754011512,416,3337,448,15323,1708,884,2591,6,0
295754021956,320,2801,97,1712,1709,884,2592,6,0
295754033121,91,4859,106,722,1709,885,2593,6,0
295754044107,364,2915,664,32940,1710,885,2594,6,0
295754055569,313,2746,138,3767,1711,885,2595,6,0
295754066516,90,4886,107,2129,1711,886,2596,6,0
295754077697,321,2752,202,7410,1712,886,2597,6,0
295754088743,316,3206,307,14688,1713,886,2598,6,0
295754099600,85,4689,98,2100,1713,887,2599,6,0
295754111022,305,3859,193,7772,1714,887,2600,6,0
295754122091,312,2935,105,2184,1715,887,2601,6,0
295754133118,83,4783,97,1953,1715,888,2602,6,0
295754144153,299,2803,304,14538,1716,888,2603,6,0
295754155720,500,2809,111,2622,1717,888,2604,6,0
295754166604,86,4979,103,2055,1717,889,2605,6,0
295754177280,309,3229,110,2216,1718,889,2606,6,0
295754188467,324,2807,201,7250,1719,889,2607,6,0
295754199870,102,4745,97,1757,1719,890,2608,6,0
295754210581,437,3016,341,15123,1720,890,2609,6,0
295754222052,306,3641,94,1492,1721,890,2610,6,0
295754233398,93,4750,180,801,1721,891,2611,6,0
295754244020,317,3754,77,801,1722,891,2612,6,0
295754255466,439,2764,81,801,1723,891,2613,6,0
295754266512,86,4501,76,801,1723,892,2614,6,0
295754277590,362,3339,757,35133,1724,892,2615,6,0
295754288607,306,2803,331,16799,1725,892,2616,6,0
295754299825,86,4852,115,2632,1725,893,2617,6,0
295754311114,290,3959,114,2539,1726,893,2618,6,0
295754321913,326,2781,184,7394,1727,893,2619,6,0
295754333190,124,4671,99,1990,1727,894,2620,6,0
295754344621,379,3646,321,15165,1728,894,2621,6,0
295754355467,298,2790,189,7425,1729,894,2622,6,0
295754366782,88,4814,101,2057,1729,895,2623,6,0
295754377288,303,3347,112,2494,1730,895,2624,6,0
295754388928,557,3204,336,14651,1731,895,2625,6,0
295754399723,118,5101,104,2007,1731,896,2626,6,0
295754411072,357,2736,109,2355,1732,896,2627,6,0
295754422086,300,3854,100,2213,1733,896,2628,6,0
295754433589,358,3755,191,7067,1734,896,2629,6,0
295754444333,86,3320,131,2053,1734,897,2630,6,0
295754455567,292,3222,283,13597,1735,897,2631,6,0
295754466586,80,4746,89,1123,1735,898,2632,6,0
295754477885,292,3034,80,1048,1736,898,2633,6,0
295754488596,348,2969,730,35048,1737,898,2634,6,0
295754499664,87,4799,137,3839,1737,899,2635,6,0
295754510874,300,3169,324,15304,1738,899,2636,6,0
295754521992,289,2944,201,7931,1739,899,2637,6,0
295754533348,101,4552,101,1960,1739,900,2638,6,0
295754543959,380,2794,307,14958,1740,900,2639,6,0
295754555525,290,2803,114,2437,1741,900,2640,6,0
295754566240,91,3236,97,2021,1741,901,2641,6,0
295754577420,293,2779,187,7463,1742,901,2642,6,0
295754588984,443,2810,311,15263,1743,901,2643,6,0
295754599992,143,5472,109,2295,1743,902,2644,6,0
295754611191,370,2820,245,8156,1744,902,2645,6,0
295754622165,293,2720,97,2141,1745,902,2646,6,0
295754633091,102,4736,194,1925,1745,903,2647,6,0
295754755617,455,4995,722,45155,1746,903,2648,7,1
295754766370,91,4714,167,5567,1746,904,2649,7,0
295754777851,310,2981,338,13573,1747,904,2650,7,0
295754788818,307,3268,607,17058,1748,904,2651,7,0
295754799557,162,4829,133,3416,1748,905,2652,7,0
295754810886,301,3797,119,3351,1749,905,2653,7,0
295754822083,374,2977,205,8012,1750,905,2654,7,0
295754833303,100,4410,146,2530,1750,906,2655,7,0
295754844460,301,3400,319,15943,1751,906,2656,7,0
295754855737,415,3399,263,8437,1752,906,2657,7,0
295754866304,89,5335,115,2712,1752,907,2658,7,0
295754877290,320,2863,297,14467,1753,907,2659,7,0
295754888808,289,2733,212,8632,1754,907,2660,7,0
295754899729,82,4813,110,2638,1754,908,2661,7,0
295754911357,308,3192,343,14763,1755,908,2662,7,0
295754921994,293,2885,98,1464,1756,908,2663,7,0
295754933119,88,4945,92,739,1756,909,2664,7,0
295754944016,378,3873,84,723,1757,909,2665,7,0
295754955601,305,2785,674,34731,1758,909,2666,7,0
295754966526,88,5417,142,3967,1758,910,2667,7,0
295754977825,306,3009,111,2711,1759,910,2668,7,0
295754988555,299,2985,99,2058,1760,910,2669,7,0
295755000127,311,4476,425,14964,1761,910,2670,7,0
295755011311,125,3273,99,1961,1761,911,2671,7,0
295755022053,291,3079,195,7490,1762,911,2672,7,0
295755033223,171,4821,101,1890,1762,912,2673,7,0
295755043891,301,3013,451,14736,1763,912,2674,7,0
295755055665,295,3394,114,2473,1764,912,2675,7,0
295755066432,90,4762,102,2067,1764,913,2676,7,0
295755077612,303,3140,189,7559,1765,913,2677,7,0
295755088516,493,3191,310,15279,1766,913,2678,7,0
295755100796,279,3295,199,7651,1767,913,2679,7,0
295755110991,88,2902,96,1852,1767,914,2680,7,0
295755121819,295,2698,98,2147,1768,914,2681,7,0
295755133021,89,4640,94,1867,1768,915,2682,7,0
295755144080,357,2793,116,2509,1769,915,2683,7,0
295755155381,301,3357,312,15066,1770,915,2684,7,0
295755166571,116,4358,108,2358,1770,916,2685,7,0
295755177658,294,2845,103,2124,1771,916,2686,7,0
295755188881,303,2938,107,1112,1772,916,2687,7,0
295755200065,345,4128,704,34777,1773,916,2688,7,0
295755210769,91,2758,189,3874,1773,917,2689,7,0
295755221906,296,3321,110,2579,1774,917,2690,7,0
295755233441,329,4102,102,2048,1775,917,2691,7,0
295755244488,86,2754,97,1771,1775,918,2692,7,0
295755255687,291,2781,318,14933,1776,918,2693,7,0
295755266309,91,4883,104,2063,1776,919,2694,7,0
295755277622,289,3051,190,7638,1777,919,2695,7,0
295755288895,324,2800,415,14956,1778,919,2696,7,0
295755299832,83,4575,145,2180,1778,920,2697,7,0
295755310813,307,2883,107,2434,1779,920,2698,7,0
295755322037,510,3261,193,7393,1780,920,2699,7,0
295755333595,360,4075,312,15165,1781,920,2700,7,0
295755344276,95,3341,100,2106,1781,921,2701,7,0
295755355546,294,2741,188,7741,1782,921,2702,7,0
295755367053,302,3657,296,14072,1783,921,2703,7,0
295755377792,136,3091,122,2242,1783,922,2704,7,0
295755388863,427,3266,99,1521,1784,922,2705,7,0
295755399886,338,4331,79,671,1785,922,2706,7,0
295755410982,118,2764,182,672,1785,923,2707,7,0
295755421846,294,2809,652,32725,1786,923,2708,7,0
295755432978,153,4727,130,3571,1786,924,2709,7,0
295755444131,291,2754,100,2241,1787,924,2710,7,0
295755455392,321,3742,100,1911,1788,924,2711,7,0
295755466434,93,4574,103,1726,1788,925,2712,7,0
295755477316,295,2709,187,7607,1789,925,2713,7,0
295755488656,363,2811,98,2147,1790,925,2714,7,0
295755500950,292,3517,297,14412,1791,925,2715,7,0
295755510860,95,2886,147,1968,1791,926,2716,7,0
295755521977,300,2754,248,7874,1792,926,2717,7,0
295755533577,352,4166,324,14940,1793,926,2718,7,0
295755544137,98,2855,106,2220,1793,927,2719,7,0
295755555261,307,3441,114,2584,1794,927,2720,7,0
295755566407,86,4688,99,2120,1794,928,2721,7,0
295755577579,290,3030,192,7562,1795,928,2722,7,0
295755588930,303,2768,417,15408,1796,928,2723,7,0
295755599759,88,4480,101,2185,1796,929,2724,7,0
295755610753,295,3256,244,5164,1797,929,2725,7,0
295755622138,525,2991,117,2687,1798,929,2726,7,0
295755633368,411,4087,713,35199,1799,929,2727,7,0
295755644355,90,2772,130,3725,1799,930,2728,7,0
295755655287,1071,2732,257,7932,1800,930,2729,7,0
295755666348,92,5882,301,2050,1800,931,2730,7,0
295755677669,304,3695,295,13487,1801,931,2731,7,0
295755688748,409,2768,193,7327,1802,931,2732,7,0
295755699872,113,4496,103,1782,1802,932,2733,7,0
295755710824,559,3321,308,14467,1803,932,2734,7,0
295755721997,331,2774,222,7706,1804,932,2735,7,0
295755733121,89,4672,103,1930,1804,933,2736,7,0
295755744376,307,3281,112,2279,1805,933,2737,7,0
295755755409,349,2843,315,15213,1806,933,2738,7,0
295755766590,297,5395,207,8135,1807,933,2739,7,0
295755777820,92,2908,99,1948,1807,934,2740,7,0
295755788840,298,2846,317,14928,1808,934,2741,7,0
295755799677,148,3116,106,2177,1808,935,2742,7,0
295755811138,313,2895,100,2177,1809,935,2743,7,0
295755822029,340,3668,91,1164,1810,935,2744,7,0
295755833018,89,4740,87,715,1810,936,2745,7,0
295755844333,301,2875,617,32410,1811,936,2746,7,0
295755855457,305,3737,230,9464,1812,936,2747,7,0
295755866576,93,4530,127,2150,1812,937,2748,7,0
295755877913,303,2804,101,2237,1813,937,2749,7,0
295755888983,312,3222,309,13919,1814,937,2750,7,0
295755900973,308,3328,217,7812,1815,937,2751,7,0
295755910949,93,2816,95,1795,1815,938,2752,7,0
295755921981,299,2955,393,12311,1816,938,2753,7,0
295755933276,79,4384,102,1977,1816,939,2754,7,0
295755944311,365,2971,260,7274,1817,939,2755,7,0
295755955597,289,3854,313,15285,1818,939,2756,7,0
295755966575,86,4437,106,2312,1818,940,2757,7,0
295755977742,294,2898,195,7960,1819,940,2758,7,0
295755988742,298,3043,167,2134,1820,940,2759,7,0
295755999744,89,4629,101,1788,1820,941,2760,7,0
295756010964,311,2758,317,15032,1821,941,2761,7,0
295756021962,306,3739,197,7914,1822,941,2762,7,0
295756032975,84,4579,101,1863,1822,942,2763,7,0
295756044017,300,3268,300,14533,1823,942,2764,7,0
295756055367,324,3084,94,1335,1824,942,2765,7,0
295756067191,374,4036,700,34684,1825,942,2766,7,0
295756078032,91,2939,140,3931,1825,943,2767,7,0
295756088502,355,2795,389,15705,1826,943,2768,7,0
295756100066,117,6262,102,2142,1826,944,2769,7,0
295756111209,301,3291,205,7545,1827,944,2770,7,0
295756122298,348,3438,118,2287,1828,944,2771,7,0
295756133632,613,3545,315,14384,1829,944,2772,7,0
295756144369,92,3752,120,2293,1829,945,2773,7,0
295756155597,289,2980,103,2668,1830,945,2774,7,0
295756166526,84,4734,101,1906,1830,946,2775,7,0
295756177625,315,3324,91,1948,1831,946,2776,7,0
295756188886,314,2788,107,1365,1832,946,2777,7,0
295756200011,422,4103,763,34595,1833,946,2778,7,0
295756210891,210,2877,134,3660,1833,947,2779,7,0
295756222070,323,3463,117,2585,1834,947,2780,7,0
295756233189,103,4490,99,1860,1834,948,2781,7,0
295756244180,417,3796,101,2016,1835,948,2782,7,0
295756255440,297,2740,314,15044,1836,948,2783,7,0
295756266327,95,5099,129,2072,1836,949,2784,7,0
295756277881,313,3014,200,7629,1837,949,2785,7,0
295756288937,326,3925,316,14972,1838,949,2786,7,0
295756299763,86,5335,107,2168,1838,950,2787,7,0
295756310894,327,3324,115,2393,1839,950,2788,7,0
295756325254,324,2832,94,1270,1840,950,2789,7,0
295756333313,359,4362,595,32365,1841,950,2790,7,0
295756344111,88,2734,291,3572,1841,951,2791,7,0
295756355207,523,2869,227,7949,1842,951,2792,7,0
295756366697,419,6646,116,2298,1843,951,2793,7,0
295756377854,93,3653,103,1941,1843,952,2794,7,0
295756388827,309,3744,355,13709,1844,952,2795,7,0
295756399877,93,4861,101,1914,1844,953,2796,7,0
295756410984,388,3179,115,2327,1845,953,2797,7,0
295756422137,302,4281,133,2235,1846,953,2798,7,0
295756433266,90,3267,133,1785,1846,954,2799,7,0
295756445271,392,2764,189,7096,1847,954,2800,7,0
295756455311,470,2854,174,5275,1848,954,2801,7,0
295756466503,90,5446,85,893,1848,955,2802,7,0
295756477646,364,2841,100,829,1849,955,2803,7,0
295756488971,350,4229,687,35145,1850,955,2804,7,0
295756500546,407,3838,363,17101,1851,955,2805,7,0
295756510976,95,2975,115,2550,1851,956,2806,7,0
295756522161,327,3341,271,7869,1852,956,2807,7,0
295756533495,346,4113,321,15121,1853,956,2808,7,0
295756544444,82,2744,97,2079,1853,957,2809,7,0
295756555612,523,2797,112,2386,1854,957,2810,7,0
295756566463,83,5374,157,2004,1854,958,2811,7,0
295756577843,314,3052,194,7604,1855,958,2812,7,0
295756588481,308,2819,315,15318,1856,958,2813,7,0
295756599681,83,4633,111,2325,1856,959,2814,7,0
295756611247,416,3794,205,7973,1857,959,2815,7,0
295756621811,308,3392,291,14189,1858,959,2816,7,0
295756633383,528,3998,102,1812,1859,959,2817,7,0
295756644300,92,3199,98,737,1859,960,2818,7,0
295756655618,328,2731,83,728,1860,960,2819,7,0
295756666637,94,5063,81,728,1860,961,2820,7,0
295756677501,607,3597,147,728,1861,961,2821,7,0
295756689106,329,3032,602,33732,1862,961,2822,7,0
295756699850,114,4325,128,3770,1862,962,2823,7,0
295756711127,320,3959,119,2609,1863,962,2824,7,0
295756722127,309,2824,200,7642,1864,962,2825,7,0
295756733022,110,4777,157,1819,1864,963,2826,7,0
295756744394,318,2829,99,2121,1865,963,2827,7,0
295756755658,318,2835,314,15055,1866,963,2828,7,0
295756766717,89,3679,97,2089,1866,964,2829,7,0
295756777750,303,2839,188,7841,1867,964,2830,7,0
295756788877,311,3888,389,15074,1868,964,2831,7,0
295756799740,83,4500,105,2099,1868,965,2832,7,0
295756810868,458,3229,98,1576,1869,965,2833,7,0
295756822127,314,4207,90,1158,1870,965,2834,7,0
295756833905,307,3832,581,32379,1871,965,2835,7,0
295756844528,95,3515,189,3602,1871,966,2836,7,0
295756855283,301,3049,208,8066,1872,966,2837,7,0
295756866649,100,4488,97,1910,1872,967,2838,7,0
295756988805,627,4949,655,44349,1873,967,2839,8,1
295757000103,93,5066,185,5958,1873,968,2840,8,0
295757011214,368,2859,470,20253,1874,968,2841,8,0
295757022222,398,2997,231,10058,1875,968,2842,8,0
295757033247,418,4066,301,14647,1876,968,2843,8,0
295757044108,88,2972,174,3078,1876,969,2844,8,0
295757055617,421,3419,127,3120,1877,969,2845,8,0
295757066765,302,4529,196,7858,1878,969,2846,8,0
295757077541,98,2819,130,2789,1878,970,2847,8,0
295757088742,321,3034,327,15936,1879,970,2848,8,0
295757099714,91,5667,166,2688,1879,971,2849,8,0
295757110736,357,3263,205,8345,1880,971,2850,8,0
295757121873,302,3827,122,3046,1881,971,2851,8,0
295757132892,101,4791,119,2607,1881,972,2852,8,0
295757144338,295,2851,116,3405,1882,972,2853,8,0
295757155408,310,2757,318,15663,1883,972,2854,8,0
295757166569,453,4111,121,3315,1884,972,2855,8,0
295757178168,92,2838,114,2874,1884,973,2856,8,0
295757188984,359,2779,92,1137,1885,973,2857,8,0
295757199957,473,4221,611,34396,1886,973,2858,8,0
295757211289,87,3691,132,3712,1886,974,2859,8,0
295757222323,496,3035,152,2546,1887,974,2860,8,0
295757233601,330,3796,101,2020,1888,974,2861,8,0
295757243916,394,3306,100,1723,1888,975,2862,8,0
295757255267,307,3056,307,14819,1889,975,2863,8,0
295757266408,89,4382,99,2041,1889,976,2864,8,0
295757277406,358,3498,196,7640,1890,976,2865,8,0
295757288927,324,2754,352,14894,1891,976,2866,8,0
295757299849,97,4278,98,2141,1891,977,2867,8,0
295757311195,319,2722,110,2351,1892,977,2868,8,0
295757321838,307,3921,272,7220,1893,977,2869,8,0
295757333615,344,3649,317,15102,1894,977,2870,8,0
295757344398,114,2778,128,2040,1894,978,2871,8,0
295757355654,312,3411,251,7628,1895,978,2872,8,0
295757366954,285,3775,357,13797,1896,978,2873,8,0
295757377518,125,2756,141,2033,1896,979,2874,8,0
295757388676,359,2834,91,1425,1897,979,2875,8,0
295757399689,135,4679,75,642,1897,980,2876,8,0
295757410917,318,3685,170,640,1898,980,2877,8,0
295757422135,307,3818,582,32645,1899,980,2878,8,0
295757432910,92,4678,132,3564,1899,981,2879,8,0
295757444450,335,2843,96,2265,1900,981,2880,8,0
295757455236,296,2702,98,1892,1901,981,2881,8,0
295757466350,83,4741,100,1718,1901,982,2882,8,0
295757477660,301,3479,301,7581,1902,982,2883,8,0
295757488791,299,3295,105,2137,1903,982,2884,8,0
295757499945,347,4112,385,14309,1904,982,2885,8,0
295757510565,92,3404,104,1929,1904,983,2886,8,0
295757522586,661,3130,195,7830,1905,983,2887,8,0
295757533260,457,4450,317,14921,1906,983,2888,8,0
295757544482,115,3255,106,2203,1906,984,2889,8,0
295757555529,339,2856,117,2552,1907,984,2890,8,0
295757566574,94,4847,231,2102,1907,985,2891,8,0
295757577228,309,2795,221,7562,1908,985,2892,8,0
295757588768,300,2755,314,15403,1909,985,2893,8,0
295757600070,341,4074,95,1489,1910,985,2894,8,0
295757611021,105,2899,79,803,1910,986,2895,8,0
295757622021,309,2972,85,804,1911,986,2896,8,0
295757633165,101,4434,77,803,1911,987,2897,8,0
295757644128,297,2797,614,35106,1912,987,2898,8,0
295757655778,312,2835,225,9567,1913,987,2899,8,0
295757666721,291,3832,293,14239,1914,987,2900,8,0
295757677908,86,2937,99,2208,1914,988,2901,8,0
295757688546,298,3606,202,8269,1915,988,2902,8,0
295757700030,370,3934,327,14610,1916,988,2903,8,0
295757711009,92,3203,96,2074,1916,989,2904,8,0
295757722207,311,3740,216,7715,1917,989,2905,8,0
295757733156,88,4364,100,1918,1917,990,2906,8,0
295757744209,337,3570,145,2668,1918,990,2907,8,0
295757755426,362,3432,371,15537,1919,990,2908,8,0
295757768189,367,4136,224,8613,1920,990,2909,8,0
295757777752,92,2819,110,2341,1920,991,2910,8,0
295757788819,307,2749,327,15465,1921,991,2911,8,0
295757800665,297,3294,103,2148,1922,991,2912,8,0
295757810658,88,3600,97,1459,1922,992,2913,8,0
295757822338,318,3340,98,1490,1923,992,2914,8,0
295757833043,87,4580,100,1128,1923,993,2915,8,0
295757844553,302,2881,583,32776,1924,993,2916,8,0
295757855590,300,2714,234,9886,1925,993,2917,8,0
295757866652,326,4218,114,2849,1926,993,2918,8,0
295757877312,89,3416,111,2330,1926,994,2919,8,0
295757888479,306,2928,347,14314,1927,994,2920,8,0
295757900067,381,4160,203,8112,1928,994,2921,8,0
295757911160,95,3359,98,2215,1928,995,2922,8,0
295757922248,329,3585,303,12562,1929,995,2923,8,0
295757933730,301,3596,193,7577,1930,995,2924,8,0
295757944126,117,2948,133,2309,1930,996,2925,8,0
295757955240,300,3815,419,15608,1931,996,2926,8,0
295757966848,284,3807,201,8189,1932,996,2927,8,0
295757977669,117,2733,111,2455,1932,997,2928,8,0
295757988749,286,3056,114,2732,1933,997,2929,8,0
295757999996,453,3905,143,3421,1934,997,2930,8,0
295758011182,111,2783,153,1238,1934,998,2931,8,0
295758022265,299,2740,90,1216,1935,998,2932,8,0
295758033424,369,4165,663,33283,1936,998,2933,8,0
295758044466,92,2791,138,4050,1936,999,2934,8,0
295758055608,304,2968,114,2703,1937,999,2935,8,0
295758066662,459,4081,195,7608,1938,999,2936,8,0
295758077437,333,3588,133,2399,1938,1000,2937,8,0
295758088510,347,2924,302,14851,1939,1000,2938,8,0
295758099822,102,4406,112,2379,1939,1001,2939,8,0
295758111378,316,3177,332,7868,1940,1001,2940,8,0
295758122262,316,3131,121,2610,1941,1001,2941,8,0
295758133920,460,3603,306,14598,1942,1001,2942,8,0
295758144327,83,2779,152,2500,1942,1002,2943,8,0
295758155472,369,2895,117,2832,1943,1002,2944,8,0
295758166620,626,3853,119,2706,1944,1002,2945,8,0
295758177782,90,3090,124,2372,1944,1003,2946,8,0
295758188639,297,3236,190,7718,1945,1003,2947,8,0
295758199782,107,4729,125,2276,1945,1004,2948,8,0
295758211255,292,3011,319,15696,1946,1004,2949,8,0
295758221926,311,3453,98,1798,1947,1004,2950,8,0
295758232991,127,4893,155,1122,1947,1005,2951,8,0
295758244476,313,2972,91,1122,1948,1005,2952,8,0
295758255526,304,2844,707,35667,1949,1005,2953,8,0
295758267058,282,3538,226,9944,1950,1005,2954,8,0
295758277555,88,2901,116,2766,1950,1006,2955,8,0
295758288636,377,2926,307,14048,1951,1006,2956,8,0
295758299946,344,4375,146,2765,1952,1006,2957,8,0
295758310541,92,3774,140,2301,1952,1007,2958,8,0
295758322012,310,3749,191,7643,1953,1007,2959,8,0
295758333635,430,4017,328,14797,1954,1007,2960,8,0
295758344173,91,2805,124,2507,1954,1008,2961,8,0
295758355279,357,3568,223,8314,1955,1008,2962,8,0
295758366597,465,4726,142,2927,1956,1008,2963,8,0
295758377372,144,2831,125,2489,1956,1009,2964,8,0
295758388992,350,2923,119,3113,1957,1009,2965,8,0
295758399651,125,4687,101,2239,1957,1010,2966,8,0
295758410899,308,2829,313,15054,1958,1010,2967,8,0
295758422099,313,2874,99,1986,1959,1010,2968,8,0
295758433075,121,4743,97,1207,1959,1011,2969,8,0
295758444465,291,3011,91,1207,1960,1011,2970,8,0
295758455581,298,3840,707,35418,1961,1011,2971,8,0
295758466324,99,5257,136,4403,1961,1012,2972,8,0
295758477603,373,3260,120,3228,1962,1012,2973,8,0
295758488864,290,2917,202,2478,1963,1012,2974,8,0
295758499910,92,4804,105,2201,1963,1013,2975,8,0
295758510846,309,3050,314,15245,1964,1013,2976,8,0
295758521943,303,3537,204,8096,1965,1013,2977,8,0
295758533039,87,5668,112,2335,1965,1014,2978,8,0
295758544050,299,3023,318,15222,1966,1014,2979,8,0
295758555335,300,2961,113,2836,1967,1014,2980,8,0
295758566313,87,4865,142,2363,1967,1015,2981,8,0
295758577358,289,3841,193,7693,1968,1015,2982,8,0
295758588442,294,3296,321,15659,1969,1015,2983,8,0
295758599530,84,4926,126,2684,1969,1016,2984,8,0
295758611166,304,2850,201,8279,1970,1016,2985,8,0
295758622067,301,2757,111,2544,1971,1016,2986,8,0
295758633123,422,3990,114,2788,1972,1016,2987,8,0
295758644200,82,2907,104,2290,1972,1017,2988,8,0
295758655399,289,3697,385,15387,1973,1017,2989,8,0
295758667144,345,3795,117,2611,1974,1017,2990,8,0
295758677453,85,2762,99,1880,1974,1018,2991,8,0
295758688732,597,2873,482,21562,1975,1018,2992,8,0
295758700007,516,3793,191,7952,1976,1018,2993,8,0
295758710983,102,3056,252,2011,1976,1019,2994,8,0
295758722172,352,2993,138,2532,1977,1019,2995,8,0
295758733153,84,4294,126,1949,1977,1020,2996,8,0
295758744187,337,2847,102,2194,1978,1020,2997,8,0
295758755503,323,3304,383,15355,1979,1020,2998,8,0
295758766674,308,3937,203,8080,1980,1020,2999,8,0
295758777777,96,3930,108,2211,1980,1021,3000,8,0
295758788469,314,3187,406,15260,1981,1021,3001,8,0
295758799601,90,4639,111,2457,1981,1022,3002,8,0
295758810732,293,3200,112,2685,1982,1022,3003,8,0
295758822245,292,2718,185,7161,1983,1022,3004,8,0
295758833677,417,3447,410,15268,1984,1022,3005,8,0
295758844153,92,3352,156,2303,1984,1023,3006,8,0
295758855596,579,3596,195,8003,1985,1023,3007,8,0
295758866689,340,4033,297,14153,1986,1023,3008,8,0
295758877723,90,3286,193,2497,1986,1024,3009,8,0
295758888601,304,3800,209,8377,1987,1024,3010,8,0
295758899659,88,4673,96,2076,1987,1025,3011,8,0
295758911034,397,2836,418,6395,1988,1025,3012,8,0
295758922009,310,3779,142,1257,1989,1025,3013,8,0
295758933297,317,4582,788,34277,1990,1025,3014,8,0
295758944333,99,2727,173,4173,1990,1026,3015,8,0
295758955454,313,2811,117,3097,1991,1026,3016,8,0
295758966531,308,4088,191,7962,1992,1026,3017,8,0
295758977472,90,3089,106,2236,1992,1027,3018,8,0
295758988580,298,3646,114,2531,1993,1027,3019,8,0
295758999817,87,4802,99,2205,1993,1028,3020,8,0
295759011128,385,3039,311,14917,1994,1028,3021,8,0
295759022000,295,2771,204,8253,1995,1028,3022,8,0
295759033084,90,4441,122,2492,1995,1029,3023,8,0
295759044120,326,2910,326,15509,1996,1029,3024,8,0
295759055403,327,2794,197,2856,1997,1029,3025,8,0
295759066542,359,3905,313,7899,1998,1029,3026,8,0
295759077822,190,2806,111,2388,1998,1030,3027,8,0
295759089189,313,3411,320,15545,1999,1030,3028,8,0
295759099903,111,4592,116,2658,1999,1031,3029,8,0
295759222281,476,4408,1412,43912,2000,1031,3030,9,1
295759233497,299,3923,283,5778,2001,1031,3031,9,0
295759244216,87,3007,192,7517,2001,1032,3032,9,0
295759255482,302,2771,354,17803,2002,1032,3033,9,0
295759266542,357,4239,252,8744,2003,1032,3034,9,0
295759277556,83,2722,123,2907,2003,1033,3035,9,0
295759288822,299,3109,329,15738,2004,1033,3036,9,0
295759299978,340,4486,118,3119,2005,1033,3037,9,0
295759310712,90,3399,117,2736,2005,1034,3038,9,0
295759322178,328,3784,197,7970,2006,1034,3039,9,0
295759333576,572,3422,330,15957,2007,1034,3040,9,0
295759344155,90,2841,169,3011,2007,1035,3041,9,0
295759355349,315,2866,95,1146,2008,1035,3042,9,0
295759366298,89,4479,84,701,2008,1036,3043,9,0
295759378106,382,3341,660,34931,2009,1036,3044,9,0
295759388529,334,2737,370,16333,2010,1036,3045,9,0
295759399674,177,4372,117,2550,2010,1037,3046,9,0
295759410838,445,3291,277,7817,2011,1037,3047,9,0
295759421940,346,3320,487,15020,2012,1037,3048,9,0
295759433584,296,4316,188,7608,2013,1037,3049,9,0
295759444230,99,3624,96,1823,2013,1038,3050,9,0
295759455712,511,3245,723,15246,2014,1038,3051,9,0
295759466496,343,4166,192,7370,2015,1038,3052,9,0
295759477690,118,3452,104,1988,2015,1039,3053,9,0
295759488542,315,3874,182,2283,2016,1039,3054,9,0
295759500624,286,3477,303,14743,2017,1039,3055,9,0
295759511327,87,3143,103,2160,2017,1040,3056,9,0
295759522132,361,3489,205,7782,2018,1040,3057,9,0
295759533124,610,3939,371,15212,2019,1040,3058,9,0
295759544367,93,2882,124,2075,2019,1041,3059,9,0
295759555516,304,2748,102,2236,2020,1041,3060,9,0
295759566670,451,6412,103,1209,2021,1041,3061,9,0
295759577654,95,3727,91,641,2021,1042,3062,9,0
295759588956,412,3616,80,642,2022,1042,3063,9,0
295759599597,90,5384,83,641,2022,1043,3064,9,0
295759611003,306,3223,659,34634,2023,1043,3065,9,0
295759621854,382,2823,140,4106,2024,1043,3066,9,0
295759633028,123,5087,101,2135,2024,1044,3067,9,0
295759644241,303,3526,349,14417,2025,1044,3068,9,0
295759655650,297,3085,190,7691,2026,1044,3069,9,0
295759666454,376,4128,318,12984,2027,1044,3070,9,0
295759677208,94,2864,93,2033,2027,1045,3071,9,0
295759688909,302,3774,187,7337,2028,1045,3072,9,0
295759699673,80,5762,98,2119,2028,1046,3073,9,0
295759711035,300,2749,335,15300,2029,1046,3074,9,0
295759721990,313,2860,268,7659,2030,1046,3075,9,0
295759733031,91,4517,101,1813,2030,1047,3076,9,0
295759744093,359,2778,100,2050,2031,1047,3077,9,0
295759755719,332,3154,330,15308,2032,1047,3078,9,0
295759766207,90,5984,112,2289,2032,1048,3079,9,0
295759777576,339,3768,196,7819,2033,1048,3080,9,0
295759788923,443,3367,235,3888,2034,1048,3081,9,0
295759799555,92,4692,101,773,2034,1049,3082,9,0
295759811353,356,3285,704,33541,2035,1049,3083,9,0
295759822162,342,3335,293,9227,2036,1049,3084,9,0
295759833598,316,4203,312,15049,2037,1049,3085,9,0
295759843917,91,2778,108,2298,2037,1050,3086,9,0
295759855512,316,2837,195,7827,2038,1050,3087,9,0
295759866529,423,4029,150,2367,2039,1050,3088,9,0
295759877383,174,3294,109,1969,2039,1051,3089,9,0
295759888635,305,3862,114,2627,2040,1051,3090,9,0
295759899942,297,4278,291,14214,2041,1051,3091,9,0
295759911105,93,3326,133,1292,2041,1052,3092,9,0
295759922217,290,3389,567,31621,2042,1052,3093,9,0
295759933286,321,4504,139,4389,2043,1052,3094,9,0
295759944385,209,3195,113,2421,2043,1053,3095,9,0
295759955694,321,3208,216,7630,2044,1053,3096,9,0
295759966508,406,3904,105,2190,2045,1053,3097,9,0
295759978339,101,3398,101,1835,2045,1054,3098,9,0
295759988943,411,3070,131,2062,2046,1054,3099,9,0
295759999826,91,4732,182,1782,2046,1055,3100,9,0
295760010967,338,4081,311,14911,2047,1055,3101,9,0
295760021873,424,2852,199,8014,2048,1055,3102,9,0
295760033108,117,4344,99,1920,2048,1056,3103,9,0
295760044310,297,3019,310,14954,2049,1056,3104,9,0
295760055395,306,3890,113,2645,2050,1056,3105,9,0
295760066444,312,4283,185,7253,2051,1056,3106,9,0
295760077636,97,3330,99,1939,2051,1057,3107,9,0
295760088644,297,3431,314,15164,2052,1057,3108,9,0
295760099994,336,3958,93,1445,2053,1057,3109,9,0
295760110794,85,2951,136,734,2053,1058,3110,9,0
295760122025,298,2804,697,35088,2054,1058,3111,9,0
295760133336,371,4046,344,16327,2055,1058,3112,9,0
295760143954,92,2760,117,2580,2055,1059,3113,9,0
295760155464,400,3313,199,8014,2056,1059,3114,9,0
295760166718,286,3896,314,15119,2057,1059,3115,9,0
295760177763,153,3684,421,2241,2057,1060,3116,9,0
295760189127,450,3079,252,8232,2058,1060,3117,9,0
295760199604,85,4919,112,1888,2058,1061,3118,9,0
295760210725,434,2931,316,15318,2059,1061,3119,9,0
295760221831,373,2842,207,7511,2060,1061,3120,9,0
295760232958,102,5402,114,1925,2060,1062,3121,9,0
295760243899,393,2870,241,2301,2061,1062,3122,9,0
295760255432,432,2840,316,15101,2062,1062,3123,9,0
295760266564,316,4057,195,7964,2063,1062,3124,9,0
295760277624,89,3052,100,1934,2063,1063,3125,9,0
295760288574,313,3240,370,14907,2064,1063,3126,9,0
295760300093,296,4334,99,1549,2065,1063,3127,9,0
295760310860,87,3137,75,711,2065,1064,3128,9,0
295760321978,299,3021,612,34825,2066,1064,3129,9,0
295760333857,352,3429,362,17496,2067,1064,3130,9,0
295760344429,85,3258,114,2538,2067,1065,3131,9,0
295760355498,307,3069,188,7752,2068,1065,3132,9,0
295760366729,331,3846,181,2389,2069,1065,3133,9,0
295760377561,112,3286,104,2011,2069,1066,3134,9,0
295760388618,480,3061,303,14544,2070,1066,3135,9,0
295760400006,308,4092,193,7727,2071,1066,3136,9,0
295760410676,184,3354,97,2003,2071,1067,3137,9,0
295760421847,416,3729,354,12320,2072,1067,3138,9,0
295760432970,112,4662,103,1930,2072,1068,3139,9,0
295760443870,321,2760,339,7396,2073,1068,3140,9,0
295760455218,344,3741,412,15190,2074,1068,3141,9,0
295760466931,307,3634,200,7815,2075,1068,3142,9,0
295760477679,91,2880,99,1848,2075,1069,3143,9,0
295760488550,437,3267,104,1987,2076,1069,3144,9,0
295760499976,481,3856,365,13843,2077,1069,3145,9,0
295760510907,92,2714,77,1034,2077,1070,3146,9,0
295760521861,330,3551,94,1278,2078,1070,3147,9,0
295760533021,83,4470,80,696,2078,1071,3148,9,0
295760543985,334,3819,582,32710,2079,1071,3149,9,0
295760555679,311,2773,134,3700,2080,1071,3150,9,0
295760566433,305,4154,285,7574,2081,1071,3151,9,0
295760577675,96,2731,116,2106,2081,1072,3152,9,0
295760588792,308,2967,375,14514,2082,1072,3153,9,0
295760600027,574,3624,193,7547,2083,1072,3154,9,0
295760610525,129,2925,128,1884,2083,1073,3155,9,0
295760622159,315,3167,103,2229,2084,1073,3156,9,0
295760633150,320,4510,520,14370,2085,1073,3157,9,0
295760643897,106,2715,188,2101,2085,1074,3158,9,0
295760655303,299,2948,108,2351,2086,1074,3159,9,0
295760666673,303,3947,97,2072,2087,1074,3160,9,0
295760677284,88,2865,95,1892,2087,1075,3161,9,0
295760688454,309,3490,185,7038,2088,1075,3162,9,0
295760699567,84,4542,98,1872,2088,1076,3163,9,0
295760711033,289,2710,135,4414,2089,1076,3164,9,0
295760722100,372,3560,679,32412,2090,1076,3165,9,0
295760733471,327,3806,229,9913,2091,1076,3166,9,0
295760744340,89,3127,107,2169,2091,1077,3167,9,0
295760755367,326,3730,382,14874,2092,1077,3168,9,0
295760766196,86,4539,97,2140,2092,1078,3169,9,0
295760777778,293,3504,350,7787,2093,1078,3170,9,0
295760788501,408,2855,388,15128,2094,1078,3171,9,0
295760799852,346,3961,109,2360,2095,1078,3172,9,0
295760811450,95,3085,181,2004,2095,1079,3173,9,0
295760822033,294,2840,192,7489,2096,1079,3174,9,0
295760833227,342,4045,324,15256,2097,1079,3175,9,0
295760844181,89,3684,108,2302,2097,1080,3176,9,0
295760855488,294,3890,198,8012,2098,1080,3177,9,0
295760866329,121,4793,97,2005,2098,1081,3178,9,0
295760877767,295,2884,280,13471,2099,1081,3179,9,0
295760888913,380,2907,99,1697,2100,1081,3180,9,0
295760899577,93,5285,78,711,2100,1082,3181,9,0
295760911120,294,3809,667,35181,2101,1082,3182,9,0
295760921795,314,3300,444,16695,2102,1082,3183,9,0
295760933669,372,3558,116,2723,2103,1082,3184,9,0
295760944244,93,3312,101,2037,2103,1083,3185,9,0
295760955624,592,3299,131,2047,2104,1083,3186,9,0
295760966738,352,5019,227,7308,2105,1083,3187,9,0
295760977425,98,3642,98,1808,2105,1084,3188,9,0
295760988825,291,2869,100,2174,2106,1084,3189,9,0
295760999953,307,4250,311,14636,2107,1084,3190,9,0
295761010838,84,2789,165,2181,2107,1085,3191,9,0
295761021866,290,2757,200,8054,2108,1085,3192,9,0
295761032979,86,5007,100,1745,2108,1086,3193,9,0
295761044574,376,3476,300,14764,2109,1086,3194,9,0
295761055439,291,3780,113,2610,2110,1086,3195,9,0
295761066500,320,4466,187,7452,2111,1086,3196,9,0
295761077517,80,2831,100,1875,2111,1087,3197,9,0
295761088879,310,2847,295,14390,2112,1087,3198,9,0
295761145913,1000,10619,731,34571,2113,1087,3199,9,0
295761169416,418,3421,214,4091,2114,1087,3200,9,0
295761180900,156,3151,108,2294,2114,1088,3201,9,0
295761191666,346,2777,269,8200,2115,1088,3202,9,0
295761202620,309,3274,344,15170,2116,1088,3203,9,0
295761213276,90,2812,128,2307,2116,1089,3204,9,0
295761224780,323,3851,219,7925,2117,1089,3205,9,0
295761236018,294,2861,101,2084,2118,1089,3206,9,0
295761246726,101,2805,103,1840,2118,1090,3207,9,0
295761258043,298,3120,301,14630,2119,1090,3208,9,0
295761269240,307,3273,217,8731,2120,1090,3209,9,0
295761280321,99,3417,212,1933,2120,1091,3210,9,0
295761291594,350,2844,313,15049,2121,1091,3211,9,0
295761302619,340,2742,138,2691,2122,1091,3212,9,0
295761313691,84,2818,161,2042,2122,1092,3213,9,0
295761325014,293,2945,189,7501,2123,1092,3214,9,0
295761335802,301,3358,235,5106,2124,1092,3215,9,0
295761458165,508,5028,637,43445,2125,1092,3216,10,1
295761469301,352,2808,222,9559,2126,1092,3217,10,0
295761479936,196,2835,189,7183,2126,1093,3218,10,0
295761491304,303,2906,240,4579,2127,1093,3219,10,0
295761502297,534,3645,418,15261,2128,1093,3220,10,0
295761513526,93,3343,144,3123,2128,1094,3221,10,0
295761524778,324,2889,223,9391,2129,1094,3222,10,0
295761535852,315,2764,319,15687,2130,1094,3223,10,0
295761547195,125,3003,253,3128,2130,1095,3224,10,0
295761558158,354,3732,96,1729,2131,1095,3225,10,0
295761569231,328,3459,378,18040,2132,1095,3226,10,0
295761581417,88,3002,106,2096,2132,1096,3227,10,0
295761591428,310,2800,155,4628,2133,1096,3228,10,0
295761602296,342,3393,760,34984,2134,1096,3229,10,0
295761613407,87,2800,443,3752,2134,1097,3230,10,0
295761624585,308,2770,113,2454,2135,1097,3231,10,0
295761635866,285,3247,300,14449,2136,1097,3232,10,0
295761647288,87,3097,99,2115,2136,1098,3233,10,0
295761658109,299,3501,226,7636,2137,1098,3234,10,0
295761669327,292,3608,303,12906,2138,1098,3235,10,0
295761680160,89,2777,99,2152,2138,1099,3236,10,0
295761691278,332,3826,192,7443,2139,1099,3237,10,0
295761702542,289,3158,367,15251,2140,1099,3238,10,0
295761713653,85,3274,106,2191,2140,1100,3239,10,0
295761724687,310,3754,200,7821,2141,1100,3240,10,0
295761735647,329,2805,105,2223,2142,1100,3241,10,0
295761746634,87,2790,198,1920,2142,1101,3242,10,0
295761791859,418,3325,229,5021,2143,1101,3243,10,0
295761807066,315,2868,689,33849,2144,1101,3244,10,0
295761818023,306,3212,219,9295,2145,1101,3245,10,0
295761829575,96,2771,99,2247,2145,1102,3246,10,0
295761840641,347,2924,364,14703,2146,1102,3247,10,0
295761851765,299,3758,193,7540,2147,1102,3248,10,0
295761862704,94,3348,102,1895,2147,1103,3249,10,0
295761873723,319,2973,102,2236,2148,1103,3250,10,0
295761884833,347,3281,444,14415,2149,1103,3251,10,0
295761896137,95,2886,100,2235,2149,1104,3252,10,0
295761907253,318,3103,110,2548,2150,1104,3253,10,0
295761918428,443,3387,112,2386,2151,1104,3254,10,0
295761929125,101,3394,105,2106,2151,1105,3255,10,0
295761940204,302,3796,193,7522,2152,1105,3256,10,0
295761951828,288,3192,319,15181,2153,1105,3257,10,0
295761962882,83,3359,106,2192,2153,1106,3258,10,0
295761974050,311,3807,192,7965,2154,1106,3259,10,0
295761985068,312,3688,144,4615,2155,1106,3260,10,0
295761996428,96,3017,83,867,2155,1107,3261,10,0
295762007032,297,3318,77,827,2156,1107,3262,10,0
295762018119,296,3003,774,34889,2157,1107,3263,10,0
295762029745,114,3531,140,3796,2157,1108,3264,10,0
295762040378,313,3773,331,15224,2158,1108,3265,10,0
295762051552,446,3754,116,2588,2159,1108,3266,10,0
295762062730,139,3448,114,1995,2159,1109,3267,10,0
295762073779,296,2933,187,7338,2160,1109,3268,10,0
295762084845,293,2888,382,15101,2161,1109,3269,10,0
295762095849,85,2752,240,2235,2161,1110,3270,10,0
295762106876,308,2979,190,7801,2162,1110,3271,10,0
295762117979,308,3149,132,2139,2163,1110,3272,10,0
295762129556,90,2894,108,1767,2163,1111,3273,10,0
295762140774,384,2784,321,14372,2164,1111,3274,10,0
295762151358,434,2835,237,2451,2165,1111,3275,10,0
295762162600,106,2969,120,1960,2165,1112,3276,10,0
295762173905,305,2722,98,2107,2166,1112,3277,10,0
295762184850,286,2989,184,6971,2167,1112,3278,10,0
295762195897,89,2755,125,1873,2167,1113,3279,10,0
295762207182,315,2793,338,15070,2168,1113,3280,10,0
295762218497,320,2734,183,6933,2169,1113,3281,10,0
295762229565,88,2740,80,796,2169,1114,3282,10,0
295762240704,300,2977,138,4246,2170,1114,3283,10,0
295762251805,315,3089,80,778,2171,1114,3284,10,0
295762262424,84,2728,79,741,2171,1115,3285,10,0
295762273560,297,2868,655,35098,2172,1115,3286,10,0
295762284688,330,2975,332,16691,2173,1115,3287,10,0
295762296239,90,2892,113,2521,2173,1116,3288,10,0
295762307332,348,2887,112,2486,2174,1116,3289,10,0
295762318268,428,3309,257,7301,2175,1116,3290,10,0
295762329732,89,3388,103,1845,2175,1117,3291,10,0
295762340259,324,3848,350,14979,2176,1117,3292,10,0
295762351532,373,3254,194,7521,2177,1117,3293,10,0
295762362482,106,3394,100,1893,2177,1118,3294,10,0
295762373579,289,3004,103,2247,2178,1118,3295,10,0
295762385204,365,3594,298,14461,2179,1118,3296,10,0
295762396591,104,3962,99,2116,2179,1119,3297,10,0
295762407356,336,3815,150,2481,2180,1119,3298,10,0
295762418181,295,2889,119,2201,2181,1119,3299,10,0
295762429302,93,3381,108,1964,2181,1120,3300,10,0
295762440385,436,3280,199,7167,2182,1120,3301,10,0
295762451461,302,3303,326,15225,2183,1120,3302,10,0
295762462579,135,2852,107,2302,2183,1121,3303,10,0
295762473663,425,2852,399,6634,2184,1121,3304,10,0
295762484809,367,2758,195,4164,2185,1121,3305,10,0
295762496269,100,2856,75,844,2185,1122,3306,10,0
295762507659,333,2915,82,793,2186,1122,3307,10,0
295762518141,296,3030,702,35125,2187,1122,3308,10,0
295762530018,139,2955,168,3768,2187,1123,3309,10,0
295762541059,407,3701,316,15162,2188,1123,3310,10,0
295762551712,376,3323,120,2588,2189,1123,3311,10,0
295762562659,101,2798,99,1961,2189,1124,3312,10,0
295762573616,360,2803,186,7314,2190,1124,3313,10,0
295762584624,284,3318,313,15193,2191,1124,3314,10,0
295762595987,95,3592,130,2138,2191,1125,3315,10,0
295762607013,311,3676,195,7690,2192,1125,3316,10,0
295762618263,318,3103,171,2279,2193,1125,3317,10,0
295762629535,88,2946,100,1855,2193,1126,3318,10,0
295762640295,306,2975,114,2518,2194,1126,3319,10,0
295762651428,291,2813,364,14907,2195,1126,3320,10,0
295762662678,109,2756,185,2305,2195,1127,3321,10,0
295762673808,300,3700,104,1783,2196,1127,3322,10,0
295762684656,306,3899,601,33702,2197,1127,3323,10,0
295762695794,93,2791,289,3813,2197,1128,3324,10,0
295762707625,285,2659,97,2793,2198,1128,3325,10,0
295762718023,388,3676,208,7593,2199,1128,3326,10,0
295762729146,157,2800,101,1944,2199,1129,3327,10,0
295762740224,337,3279,106,2313,2200,1129,3328,10,0
295762751612,305,2941,209,3022,2201,1129,3329,10,0
295762762751,95,3576,83,838,2201,1130,3330,10,0
295762773983,302,2955,682,35270,2202,1130,3331,10,0
295762785257,287,3252,345,16520,2203,1130,3332,10,0
295762796014,174,3077,115,2257,2203,1131,3333,10,0
295762807173,303,3992,97,1343,2204,1131,3334,10,0
295762818372,302,3807,637,35004,2205,1131,3335,10,0
295762829257,87,3480,128,3825,2205,1132,3336,10,0
295762840311,303,3492,333,15715,2206,1132,3337,10,0
295762851588,308,3663,189,7596,2207,1132,3338,10,0
295762862653,95,3223,109,2000,2207,1133,3339,10,0
295762873856,302,2968,242,2366,2208,1133,3340,10,0
295762884872,306,2798,358,14578,2209,1133,3341,10,0
295762895968,87,3357,117,2296,2209,1134,3342,10,0
295762907275,362,3349,217,8098,2210,1134,3343,10,0
295762918627,350,2891,606,13231,2211,1134,3344,10,0
295762929196,108,3149,103,2071,2211,1135,3345,10,0
295762940216,355,3282,199,7388,2212,1135,3346,10,0
295762951525,306,3322,391,15404,2213,1135,3347,10,0
295762962680,94,3315,115,2329,2213,1136,3348,10,0
295762973746,384,2804,208,8068,2214,1136,3349,10,0
295762984650,318,2920,105,2208,2215,1136,3350,10,0
295762995845,89,3479,108,1892,2215,1137,3351,10,0
295763007015,293,3309,153,5246,2216,1137,3352,10,0
295763018204,297,3085,424,17009,2217,1137,3353,10,0
295763029638,106,2867,189,2387,2217,1138,3354,10,0
295763040231,347,3679,177,6699,2218,1138,3355,10,0
295763051819,447,4105,703,33756,2219,1138,3356,10,0
295763062864,92,2743,136,3711,2219,1139,3357,10,0
295763073640,304,2896,194,7616,2220,1139,3358,10,0
295763084901,433,3371,560,14768,2221,1139,3359,10,0
295763096070,83,2725,98,2134,2221,1140,3360,10,0
295763107097,322,2739,189,7717,2222,1140,3361,10,0
295763117998,334,2788,98,2179,2223,1140,3362,10,0
295763129043,93,2823,92,1842,2223,1141,3363,10,0
295763140563,306,3316,300,14445,2224,1141,3364,10,0
295763151628,287,3570,110,2547,2225,1141,3365,10,0
295763162672,106,2769,99,2022,2225,1142,3366,10,0
295763173684,297,2896,100,2252,2226,1142,3367,10,0
295763185121,308,2897,184,7068,2227,1142,3368,10,0
295763196131,85,3023,104,1839,2227,1143,3369,10,0
295763207060,326,3118,312,14962,2228,1143,3370,10,0
295763218506,344,2763,187,7349,2229,1143,3371,10,0
295763229094,92,2841,94,1293,2229,1144,3372,10,0
295763240568,326,3301,155,5037,2230,1144,3373,10,0
295763251650,340,3310,82,843,2231,1144,3374,10,0
295763262640,133,3111,79,777,2231,1145,3375,10,0
295763273798,308,3178,706,35275,2232,1145,3376,10,0
295763285194,292,3571,339,16743,2233,1145,3377,10,0
295763296354,84,3336,208,2584,2233,1146,3378,10,0
295763307375,303,3240,108,2485,2234,1146,3379,10,0
295763318041,305,3837,190,7355,2235,1146,3380,10,0
295763329733,90,2747,94,1864,2235,1147,3381,10,0
295763340628,309,2775,382,15120,2236,1147,3382,10,0
295763351696,389,3400,334,7525,2237,1147,3383,10,0
295763362841,100,3198,103,1825,2237,1148,3384,10,0
295763373603,411,3341,185,2136,2238,1148,3385,10,0
295763384970,299,3914,363,14539,2239,1148,3386,10,0
295763395966,88,2887,108,2177,2239,1149,3387,10,0
295763407152,351,3341,115,2528,2240,1149,3388,10,0
295763418379,316,2708,176,2234,2241,1149,3389,10,0
295763429548,88,2737,100,2009,2241,1150,3390,10,0
295763440521,351,2880,189,7215,2242,1150,3391,10,0
295763451694,483,2891,330,15159,2243,1150,3392,10,0
295763462764,175,3696,119,2350,2243,1151,3393,10,0
295763473934,344,3004,210,8031,2244,1151,3394,10,0
295763484665,403,2908,96,1490,2245,1151,3395,10,0
295763496213,93,3744,82,775,2245,1152,3396,10,0
295763507297,312,3214,652,42630,2246,1152,3397,10,0
295763517839,299,2814,252,11185,2247,1152,3398,10,0
295763529170,89,3202,148,2784,2247,1153,3399,10,0
295763540626,298,2791,324,15618,2248,1153,3400,10,0
295763551340,316,2830,121,2992,2249,1153,3401,10,0
295763562509,91,3401,116,2461,2249,1154,3402,10,0
295763573840,307,3667,310,8260,2250,1154,3403,10,0
295763706926,457,4635,212,8657,2251,1154,3404,11,1
295763718098,350,2832,98,1720,2252,1154,3405,11,0
295763729255,99,3442,106,1660,2252,1155,3406,11,0
295763740605,299,3191,625,34963,2253,1155,3407,11,0
295763751269,308,3320,417,16897,2254,1155,3408,11,0
295763763432,92,3040,146,2413,2254,1156,3409,11,0
295763774114,309,3451,262,7665,2255,1156,3410,11,0
295763784900,297,3676,299,14881,2256,1156,3411,11,0
295763795861,100,3513,107,2127,2256,1157,3412,11,0
295763807459,433,2760,113,2375,2257,1157,3413,11,0
295763818399,323,3203,311,7418,2258,1157,3414,11,0
295763829471,91,2769,105,1759,2258,1158,3415,11,0
295763840349,308,3322,317,15011,2259,1158,3416,11,0
295763851430,298,3418,193,7497,2260,1158,3417,11,0
295763862458,85,2778,101,2075,2260,1159,3418,11,0
295763873575,313,2890,109,2445,2261,1159,3419,11,0
295763884737,342,3462,159,2650,2262,1159,3420,11,0
295763896000,89,3394,100,1904,2262,1160,3421,11,0
295763907129,369,3506,305,14607,2263,1160,3422,11,0
295763918263,303,2966,266,2544,2264,1160,3423,11,0
295763929216,103,3213,155,2020,2264,1161,3424,11,0
295763940239,301,3430,94,1267,2265,1161,3425,11,0
295763951373,290,3053,135,632,2266,1161,3426,11,0
295763963174,95,3326,81,632,2266,1162,3427,11,0
295763974094,302,3040,623,35143,2267,1162,3428,11,0
295763985043,295,3761,140,4103,2268,1162,3429,11,0
295763996122,85,3367,99,2129,2268,1163,3430,11,0
295764007176,413,3561,314,15036,2269,1163,3431,11,0
295764018298,312,3161,242,7660,2270,1163,3432,11,0
295764029417,89,2809,107,1867,2270,1164,3433,11,0
295764040865,430,3535,309,14764,2271,1164,3434,11,0
295764051679,309,3937,138,2434,2272,1164,3435,11,0
295764062622,258,3191,109,1991,2272,1165,3436,11,0
295764073696,444,2786,185,7220,2273,1165,3437,11,0
295764084667,280,3148,311,15302,2274,1165,3438,11,0
295764095866,87,2965,101,1894,2274,1166,3439,11,0
295764107003,415,3301,196,7751,2275,1166,3440,11,0
295764118330,300,2912,96,2029,2276,1166,3441,11,0
295764129369,86,3535,105,1775,2276,1167,3442,11,0
295764140529,319,2724,109,2431,2277,1167,3443,11,0
295764151641,301,2815,309,14913,2278,1167,3444,11,0
295764162846,90,3114,106,2212,2278,1168,3445,11,0
295764173841,302,3106,113,2554,2279,1168,3446,11,0
295764184795,296,3045,234,1226,2280,1168,3447,11,0
295764195917,119,3505,116,636,2280,1169,3448,11,0
295764207141,296,3048,75,637,2281,1169,3449,11,0
295764218371,441,2866,735,35105,2282,1169,3450,11,0
295764229162,100,2894,137,3882,2282,1170,3451,11,0
295764240662,444,3446,122,2382,2283,1170,3452,11,0
295764251573,304,2970,371,15463,2284,1170,3453,11,0
295764262956,98,2851,375,2095,2284,1171,3454,11,0
295764273897,312,2903,193,7651,2285,1171,3455,11,0
295764285037,296,3287,317,14962,2286,1171,3456,11,0
295764296233,91,3593,105,2005,2286,1172,3457,11,0
295764306835,295,3500,110,2367,2287,1172,3458,11,0
295764318501,309,2730,185,7425,2288,1172,3459,11,0
295764329131,85,2889,97,1811,2288,1173,3460,11,0
295764340199,341,2809,360,15162,2289,1173,3461,11,0
295764351508,310,3111,271,7337,2290,1173,3462,11,0
295764362526,90,3170,102,1950,2290,1174,3463,11,0
295764373620,301,3761,287,13288,2291,1174,3464,11,0
295764385337,290,2690,192,7729,2292,1174,3465,11,0
295764396017,92,2789,98,1832,2292,1175,3466,11,0
295764407194,304,3008,219,5948,2293,1175,3467,11,0
295764418440,450,3384,79,885,2294,1175,3468,11,0
295764429197,112,2815,85,816,2294,1176,3469,11,0
295764440706,301,3531,601,33698,2295,1176,3470,11,0
295764451431,286,3275,141,4248,2296,1176,3471,11,0
295764462644,103,2741,140,2157,2296,1177,3472,11,0
295764473728,361,2772,191,7758,2297,1177,3473,11,0
295764485043,300,3885,102,2022,2298,1177,3474,11,0
295764495994,88,3367,102,1764,2298,1178,3475,11,0
295764507018,291,2838,296,14282,2299,1178,3476,11,0
295764518334,285,2719,191,7700,2300,1178,3477,11,0
295764529411,92,2747,95,1796,2300,1179,3478,11,0
295764540743,323,3700,354,14736,2301,1179,3479,11,0
295764551760,281,3088,115,2509,2302,1179,3480,11,0
295764562508,87,2766,98,1964,2302,1180,3481,11,0
295764573812,514,3474,197,7251,2303,1180,3482,11,0
295764585336,282,3006,327,15513,2304,1180,3483,11,0
295764596045,111,3609,202,2235,2304,1181,3484,11,0
295764607329,510,3229,190,7429,2305,1181,3485,11,0
295764618201,356,3068,142,4380,2306,1181,3486,11,0
295764629391,85,3533,80,838,2306,1182,3487,11,0
295764640542,293,3128,76,774,2307,1182,3488,11,0
295764651601,283,2981,667,34541,2308,1182,3489,11,0
295764662545,85,2839,269,3695,2308,1183,3490,11,0
295764673711,307,3385,316,15100,2309,1183,3491,11,0
295764685039,292,3895,111,2465,2310,1183,3492,11,0
295764696110,80,3331,98,1899,2310,1184,3493,11,0
295764706971,295,3224,104,2003,2311,1184,3494,11,0
295764718128,281,2978,228,7237,2312,1184,3495,11,0
295764729307,93,2751,98,1871,2312,1185,3496,11,0
295764740666,378,2835,99,2245,2313,1185,3497,11,0
295764751805,552,3307,378,14754,2314,1185,3498,11,0
295764762912,95,2785,99,2189,2314,1186,3499,11,0
295764774070,300,3375,200,8045,2315,1186,3500,11,0
295764784689,344,3985,348,14966,2316,1186,3501,11,0
295764796065,106,3027,114,2397,2316,1187,3502,11,0
295764807187,298,3538,112,2476,2317,1187,3503,11,0
295764818325,295,2747,187,7317,2318,1187,3504,11,0
295764829175,85,2744,98,1908,2318,1188,3505,11,0
295764840173,416,3261,307,14660,2319,1188,3506,11,0
295764851778,289,3011,83,1034,2320,1188,3507,11,0
295764862955,87,2754,141,646,2320,1189,3508,11,0
295764873831,311,2889,685,34863,2321,1189,3509,11,0
295764885283,400,2816,330,16252,2322,1189,3510,11,0
295764895867,91,2823,114,2471,2322,1190,3511,11,0
295764907111,313,3175,195,7874,2323,1190,3512,11,0
295764918430,416,3765,321,14996,2324,1190,3513,11,0
295764929848,90,3729,313,2102,2324,1191,3514,11,0
295764940347,326,2816,107,2338,2325,1191,3515,11,0
295764951567,356,3155,103,2069,2326,1191,3516,11,0
295764962710,131,2922,141,1888,2326,1192,3517,11,0
295764973713,294,3558,264,7733,2327,1192,3518,11,0
295764985009,333,2739,102,2097,2328,1192,3519,11,0
295764996752,110,3294,100,1855,2328,1193,3520,11,0
295765007451,331,3263,310,14890,2329,1193,3521,11,0
295765018595,309,2720,205,8142,2330,1193,3522,11,0
295765029298,87,2794,100,1816,2330,1194,3523,11,0
295765040380,310,3257,313,15037,2331,1194,3524,11,0
295765051645,313,3791,118,2539,2332,1194,3525,11,0
295765062803,87,2986,106,2036,2332,1195,3526,11,0
295765074177,382,2762,189,7421,2333,1195,3527,11,0
295765084860,318,2966,307,14936,2334,1195,3528,11,0
295765096088,90,2980,99,1716,2334,1196,3529,11,0
295765107146,319,3517,93,1657,2335,1196,3530,11,0
295765118361,293,2865,80,694,2336,1196,3531,11,0
295765129396,84,3305,79,689,2336,1197,3532,11,0
295765140471,309,2839,694,35006,2337,1197,3533,11,0
295765151437,442,3232,228,9467,2338,1197,3534,11,0
295765163326,88,2798,130,2320,2338,1198,3535,11,0
295765173647,307,2727,280,13574,2339,1198,3536,11,0
295765184807,289,2944,187,7411,2340,1198,3537,11,0
295765195851,101,3171,104,1837,2340,1199,3538,11,0
295765206911,301,3530,296,14401,2341,1199,3539,11,0
295765218225,280,2751,192,7479,2342,1199,3540,11,0
295765229123,103,3697,101,1870,2342,1200,3541,11,0
295765240669,296,2747,97,2178,2343,1200,3542,11,0
295765251617,292,2745,310,15074,2344,1200,3543,11,0
295765262595,96,3634,109,2238,2344,1201,3544,11,0
295765273682,300,3783,206,8103,2345,1201,3545,11,0
295765285152,295,3246,405,15025,2346,1201,3546,11,0
295765296331,111,2749,98,2042,2346,1202,3547,11,0
295765306984,299,2933,109,2442,2347,1202,3548,11,0
295765318129,282,3004,167,6025,2348,1202,3549,11,0
295765329469,92,2880,76,880,2348,1203,3550,11,0
295765340576,302,2834,130,4004,2349,1203,3551,11,0
295765351671,360,3299,86,754,2350,1203,3552,11,0
295765362725,81,3372,75,714,2350,1204,3553,11,0
295765373810,288,2832,690,34869,2351,1204,3554,11,0
295765385155,348,2840,334,16295,2352,1204,3555,11,0
295765396179,96,3733,113,2361,2352,1205,3556,11,0
295765407572,323,3752,194,7687,2353,1205,3557,11,0
295765418144,292,3595,299,14758,2354,1205,3558,11,0
295765429347,86,2744,100,2050,2354,1206,3559,11,0
295765440573,366,3351,195,8010,2355,1206,3560,11,0
295765451806,322,2939,311,15327,2356,1206,3561,11,0
295765462923,88,2739,169,2167,2356,1207,3562,11,0
295765473924,303,3369,197,7864,2357,1207,3563,11,0
295765485347,297,3819,101,2053,2358,1207,3564,11,0
295765495865,108,3484,98,1801,2358,1208,3565,11,0
295765506948,300,2818,363,14978,2359,1208,3566,11,0
295765518233,420,3357,284,7921,2360,1208,3567,11,0
295765529291,86,2983,97,1860,2360,1209,3568,11,0
295765540393,299,2938,380,14492,2361,1209,3569,11,0
295765551513,281,3050,169,1361,2362,1209,3570,11,0
295765562518,86,2820,182,698,2362,1210,3571,11,0
295765573729,385,3747,81,684,2363,1210,3572,11,0
295765584670,338,3486,639,32187,2364,1210,3573,11,0
295765596167,86,3621,133,3593,2364,1211,3574,11,0
295765607487,385,2844,319,8197,2365,1211,3575,11,0
295765618334,333,3180,107,2286,2366,1211,3576,11,0
295765629051,119,2886,96,1835,2366,1212,3577,11,0
295765640564,299,2982,421,13927,2367,1212,3578,11,0
295765651310,290,3427,189,7675,2368,1212,3579,11,0
295765662358,106,3059,101,1808,2368,1213,3580,11,0
295765673809,376,3369,286,12152,2369,1213,3581,11,0
295765685539,363,2781,191,7179,2370,1213,3582,11,0
295765696296,122,3448,200,1856,2370,1214,3583,11,0
295765706967,407,3788,313,14949,2371,1214,3584,11,0
295765718447,310,3304,205,7684,2372,1214,3585,11,0
295765729190,99,3036,100,1953,2372,1215,3586,11,0
295765740748,306,2933,110,2278,2373,1215,3587,11,0
295765751507,343,2868,371,14274,2374,1215,3588,11,0
295765762743,96,2921,92,1311,2374,1216,3589,11,0
295765773836,306,2990,210,1841,2375,1216,3590,11,0
295765784868,294,2861,585,32741,2376,1216,3591,11,0
295765796348,85,2808,133,3545,2376,1217,3592,11,0
295765807161,385,3349,145,2252,2377,1217,3593,11,0
295765818968,486,3694,197,7297,2378,1217,3594,11,0
295765829614,108,2909,104,1990,2378,1218,3595,11,0
295765841027,371,3368,569,14442,2379,1218,3596,11,0
295765851504,409,3612,199,7526,2380,1218,3597,11,0
295765863187,99,3301,106,1995,2380,1219,3598,11,0
295765874161,323,3916,117,2374,2381,1219,3599,11,0
295765884617,395,3546,120,2580,2382,1219,3600,11,0
295765896138,116,2954,94,1774,2382,1220,3601,11,0
295765906955,384,2930,328,14747,2383,1220,3602,11,0
295765918195,473,3379,116,2486,2384,1220,3603,11,0
295765929720,135,3468,216,1835,2384,1221,3604,11,0
295765941221,429,3459,116,1285,2385,1221,3605,11,0
295765951347,366,3854,692,34682,2386,1221,3606,11,0
295765962855,85,2837,140,3871,2386,1222,3607,11,0
295765974164,311,3875,119,2549,2387,1222,3608,11,0
295765985167,303,3000,100,2007,2388,1222,3609,11,0
295765996394,119,2969,197,1721,2388,1223,3610,11,0
295766007104,301,3170,301,14759,2389,1223,3611,11,0
295766018085,310,2851,191,7579,2390,1223,3612,11,0
295766029227,94,2734,110,1867,2390,1224,3613,11,0
295766041081,381,3000,313,14907,2391,1224,3614,11,0
295766052033,317,2951,125,2506,2392,1224,3615,11,0
295766062775,103,3981,103,2142,2392,1225,3616,11,0
295766074088,312,3826,205,7639,2393,1225,3617,11,0
295766085315,654,3179,323,15428,2394,1225,3618,11,0
295766095665,105,2751,111,2404,2394,1226,3619,11,0
295766107115,380,3347,104,1313,2395,1226,3620,11,0
295766118377,438,3271,82,710,2396,1226,3621,11,0
295766129586,89,2770,58,710,2396,1227,3622,11,0
295766140323,298,4018,708,35016,2397,1227,3623,11,0
295766151952,278,3313,232,9513,2398,1227,3624,11,0
295766162633,108,2786,174,2292,2398,1228,3625,11,0
295766173824,479,3558,521,13590,2399,1228,3626,11,0
295766184869,372,3173,445,2500,2400,1228,3627,11,0
295766195743,98,3388,120,1985,2400,1229,3628,11,0
295766207068,324,3473,97,2258,2401,1229,3629,11,0
295766218284,303,3437,196,7728,2402,1229,3630,11,0
295766229344,90,2767,113,1802,2402,1230,3631,11,0
295766240542,405,2861,100,2136,2403,1230,3632,11,0
295766251643,314,3092,323,15025,2404,1230,3633,11,0
295766262669,121,3694,112,1915,2404,1231,3634,11,0
295766273651,292,3251,191,7608,2405,1231,3635,11,0
295766284761,328,2738,356,14897,2406,1231,3636,11,0
295766295769,94,2883,137,2100,2406,1232,3637,11,0
295766307046,302,2797,94,1733,2407,1232,3638,11,0
295766318165,320,2778,78,766,2408,1232,3639,11,0
295766329360,87,2889,76,763,2408,1233,3640,11,0
295766340566,306,3214,580,32372,2409,1233,3641,11,0
295766351893,333,3264,425,9666,2410,1233,3642,11,0
295766362614,87,2988,129,2278,2410,1234,3643,11,0
295766373682,302,3699,112,2316,2411,1234,3644,11,0
295766384941,297,3492,370,14026,2412,1234,3645,11,0
295766395951,90,2751,101,1985,2412,1235,3646,11,0
295766406953,338,3368,196,7883,2413,1235,3647,11,0
295766418552,295,3420,345,12945,2414,1235,3648,11,0
295766429656,103,2765,112,2019,2414,1236,3649,11,0
295766456412,440,3489,94,2177,2415,1236,3650,11,0
295766471538,450,2940,212,7657,2416,1236,3651,11,0
295766483008,302,4009,161,2292,2417,1236,3652,11,0
295766494179,92,2753,96,1982,2417,1237,3653,11,0
295766505212,339,3083,322,14489,2418,1237,3654,11,0
295766516624,292,4154,208,8707,2419,1237,3655,11,0
295766527432,84,3319,98,1961,2419,1238,3656,11,0
295766538566,403,2740,300,14763,2420,1238,3657,11,0
295766549783,316,4341,92,1356,2421,1238,3658,11,0
295766560873,86,3203,81,771,2421,1239,3659,11,0
295766572015,321,3068,619,34839,2422,1239,3660,11,0
295766583162,293,3801,354,17514,2423,1239,3661,11,0
295766594007,98,2765,110,2430,2423,1240,3662,11,0
295766605184,317,3116,195,7719,2424,1240,3663,11,0
295766616294,394,4089,104,2204,2425,1240,3664,11,0
295766627407,305,2788,100,1893,2425,1241,3665,11,0
295766638375,484,2807,355,14488,2426,1241,3666,11,0
295766649939,307,3598,200,8269,2427,1241,3667,11,0
295766661552,391,3077,93,1853,2427,1242,3668,11,0
295766671864,361,3366,343,12508,2428,1242,3669,11,0
295766683036,324,4377,190,7390,2429,1242,3670,11,0
295766694268,312,2794,96,1833,2429,1243,3671,11,0
295766705195,290,2944,353,15151,2430,1243,3672,11,0
295766716273,281,4434,194,7551,2431,1243,3673,11,0
295766727426,292,3283,96,1861,2431,1244,3674,11,0
295766738697,289,3125,138,4433,2432,1244,3675,11,0
295766749772,277,4260,82,758,2433,1244,3676,11,0
295766760598,284,2719,73,710,2433,1245,3677,11,0
295766771948,301,3397,740,35195,2434,1245,3678,11,0
295766782989,296,3915,450,16607,2435,1245,3679,11,0
295766794036,303,2809,112,2499,2435,1246,3680,11,0
295766805113,305,2762,113,2486,2436,1246,3681,11,0
295766816395,318,3803,186,7280,2437,1246,3682,11,0
295766827242,306,2966,101,1903,2437,1247,3683,11,0
295766838376,446,4405,360,15133,2438,1247,3684,11,0
295766849287,319,4651,122,2011,2438,1248,3685,11,0
295766860751,92,3119,95,1858,2438,1249,3686,11,0
295766872012,297,3077,208,8242,2439,1249,3687,11,0
295766882976,346,3935,318,14359,2440,1249,3688,11,0
295766894621,107,2897,91,2176,2440,1250,3689,11,0
295766904976,295,2742,115,2455,2441,1250,3690,11,0
295766916235,354,4468,103,2124,2442,1250,3691,11,0
295766927734,92,2794,100,1950,2442,1251,3692,11,0
295766938543,370,3419,186,7035,2443,1251,3693,11,0
295766949854,381,4553,349,15129,2444,1251,3694,11,0
295766960740,90,3193,122,2154,2444,1252,3695,11,0
295766971946,310,2868,92,1205,2445,1252,3696,11,0
295766983313,531,3645,825,35190,2446,1252,3697,11,0
295766993879,302,3738,135,3758,2446,1253,3698,11,0
295767005461,367,2933,327,14816,2447,1253,3699,11,0
295767016606,338,3797,229,8307,2448,1253,3700,11,0
295767027215,315,3942,130,1874,2448,1254,3701,11,0
295767038675,323,2755,307,14866,2449,1254,3702,11,0
295767049704,334,4168,199,2541,2450,1254,3703,11,0
295767060843,300,3635,102,1959,2450,1255,3704,11,0
295767071616,333,4072,190,7359,2451,1255,3705,11,0
295767083006,322,4185,367,15263,2452,1255,3706,11,0
295767094139,417,2781,114,2290,2452,1256,3707,11,0
295767105266,304,3280,204,8005,2453,1256,3708,11,0
295767116604,364,3684,98,2088,2454,1256,3709,11,0
295767127744,294,3783,98,1818,2454,1257,3710,11,0
295767138930,288,2836,112,2496,2455,1257,3711,11,0
295767149563,327,4235,317,14992,2456,1257,3712,11,0
295767160893,289,2857,99,2132,2456,1258,3713,11,0
295767172065,307,3456,105,1733,2457,1258,3714,11,0
295767182835,489,4049,678,33393,2458,1258,3715,11,0
295767194045,306,2894,134,3722,2458,1259,3716,11,0
295767205185,395,2821,256,7815,2459,1259,3717,11,0
295767216336,279,4029,100,2227,2460,1259,3718,11,0
295767227579,290,2729,96,1746,2460,1260,3719,11,0
295767238733,317,2806,94,1975,2461,1260,3720,11,0
295767249701,293,3986,293,14072,2462,1260,3721,11,0
295767260723,97,3646,101,2060,2462,1261,3722,11,0
295767271787,302,2802,205,8549,2463,1261,3723,11,0
295767283078,305,3758,395,15178,2464,1261,3724,11,0
295767293930,321,3303,111,2289,2464,1262,3725,11,0
295767305427,291,2838,169,2714,2465,1262,3726,11,0
295767316438,316,3873,215,7335,2466,1262,3727,11,0
295767327434,101,3154,103,1934,2466,1263,3728,11,0
295767338772,323,3806,419,15299,2467,1263,3729,11,0
295767349808,299,3851,191,7656,2468,1263,3730,11,0
295767360833,89,2743,96,2036,2468,1264,3731,11,0
295767371992,395,2860,208,2365,2469,1264,3732,11,0
295767383368,279,4019,121,2378,2470,1264,3733,11,0
295767394043,287,2803,97,1795,2470,1265,3734,11,0
295767405178,298,2841,171,6087,2471,1265,3735,11,0
295767416738,313,3557,103,1008,2472,1265,3736,11,0
295767427447,406,3224,78,915,2472,1266,3737,11,0
295767438549,297,3366,748,33913,2473,1266,3738,11,0
295767449453,346,4104,300,9457,2474,1266,3739,11,0
295767460599,273,2939,106,2328,2474,1267,3740,11,0
295767471884,293,2748,111,2421,2475,1267,3741,11,0
295767483050,326,3932,98,2022,2476,1267,3742,11,0
295767494014,337,3068,96,1805,2476,1268,3743,11,0
295767505158,314,3679,337,14256,2477,1268,3744,11,0
295767516202,338,4053,205,8580,2478,1268,3745,11,0
295767527646,342,2956,94,2106,2478,1269,3746,11,0
295767538906,478,3319,319,15145,2479,1269,3747,11,0
295767549408,426,4590,121,2457,2479,1270,3748,11,0
295767560778,82,2778,109,2328,2479,1271,3749,11,0
295767571781,351,3420,251,8515,2480,1271,3750,11,0
295767583238,274,3700,318,15481,2481,1271,3751,11,0
295767594600,287,3201,104,2113,2481,1272,3752,11,0
295767605289,290,3627,197,7824,2482,1272,3753,11,0
295767616504,309,4748,147,4569,2483,1272,3754,11,0
295767627059,302,3582,73,809,2483,1273,3755,11,0
295767638831,363,2779,77,771,2484,1273,3756,11,0
295767649423,87,4474,76,771,2484,1274,3757,11,0
295767660546,284,2790,672,35125,2485,1274,3758,11,0
295767671768,302,3839,337,16722,2486,1274,3759,11,0
295767682958,397,3810,117,2791,2487,1274,3760,11,0
295767694211,87,2737,152,2034,2487,1275,3761,11,0
295767705537,335,3285,99,2028,2488,1275,3762,11,0
295767716328,303,3807,185,7402,2489,1275,3763,11,0
295767727330,92,2833,279,1839,2489,1276,3764,11,0
295767738650,289,2829,99,2179,2490,1276,3765,11,0
295767749390,383,4558,101,1875,2490,1277,3766,11,0
295767760779,126,3317,123,1831,2490,1278,3767,11,0
295767771795,307,2865,121,3267,2491,1278,3768,11,0
295767783056,491,5192,396,14787,2492,1278,3769,11,0
295767794139,375,3237,142,2027,2492,1279,3770,11,0
295767805598,350,3086,128,2302,2493,1279,3771,11,0
295767816746,470,3337,188,7191,2494,1279,3772,11,0
295767827416,343,3447,100,2084,2494,1280,3773,11,0
295767838691,304,3115,309,14789,2495,1280,3774,11,0
295767849664,320,4100,92,1149,2496,1280,3775,11,0
295767860767,287,2879,78,720,2496,1281,3776,11,0
295767871939,294,2789,618,35257,2497,1281,3777,11,0
295767883154,282,3861,483,16406,2498,1281,3778,11,0
295767894117,348,2865,115,2494,2498,1282,3779,11,0
295767905146,355,2849,194,7952,2499,1282,3780,11,0
295767916428,285,4288,308,14922,2500,1282,3781,11,0
295767927163,291,3809,99,2073,2500,1283,3782,11,0
295767938980,304,2828,192,7984,2501,1283,3783,11,0
295767949596,381,3860,593,15200,2502,1283,3784,11,0
295767960760,296,2901,104,2171,2502,1284,3785,11,0
295767972270,298,3757,192,7824,2503,1284,3786,11,0
295767983227,453,3898,104,2158,2504,1284,3787,11,0
295767994163,93,3263,97,1873,2504,1285,3788,11,0
295768005246,289,2872,297,14439,2505,1285,3789,11,0
295768016444,292,3689,208,8703,2506,1285,3790,11,0
295768027700,85,2836,97,1951,2506,1286,3791,11,0
295768038783,309,2931,317,15029,2507,1286,3792,11,0
295768049942,354,4129,107,1777,2508,1286,3793,11,0
295768060855,90,2746,83,977,2508,1287,3794,11,0
295768071739,275,2726,164,6339,2509,1287,3795,11,0
295768083011,307,3813,153,4866,2510,1287,3796,11,0
295768094323,99,3608,155,801,2510,1288,3797,11,0
295768105437,392,2785,663,35298,2511,1288,3798,11,0
295768116556,359,3755,316,3971,2512,1288,3799,11,0
295768127543,95,2794,175,2156,2512,1289,3800,11,0
295768138372,304,2816,440,14481,2513,1289,3801,11,0
295768149902,287,3704,222,7704,2514,1289,3802,11,0
295768160974,89,3413,100,1771,2514,1290,3803,11,0
295768172003,289,2754,382,14727,2515,1290,3804,11,0
295768182765,368,4124,190,7256,2516,1290,3805,11,0
295768194033,91,3332,163,1893,2516,1291,3806,11,0
295768205511,297,2855,312,15310,2517,1291,3807,11,0
295768216580,286,3625,250,7754,2518,1291,3808,11,0
295768227919,88,3200,96,1935,2518,1292,3809,11,0
295768238571,315,2880,105,2274,2519,1292,3810,11,0
295768249630,297,4002,389,14672,2520,1292,3811,11,0
295768260781,101,3283,102,2229,2520,1293,3812,11,0
295768271790,302,3050,193,7735,2521,1293,3813,11,0
295768282976,374,4000,132,3863,2522,1293,3814,11,0
295768294411,90,2727,185,813,2522,1294,3815,11,0
295768305105,323,2752,80,764,2523,1294,3816,11,0
295768316272,345,3981,637,35106,2524,1294,3817,11,0
295768327081,149,2848,134,3939,2524,1295,3818,11,0
295768338682,293,3857,321,15759,2525,1295,3819,11,0
295768349999,274,4284,192,7479,2526,1295,3820,11,0
295768360635,83,2767,97,1895,2526,1296,3821,11,0
295768371992,296,3728,101,2213,2527,1296,3822,11,0
295768383042,266,3905,294,14204,2528,1296,3823,11,0
295768394158,496,3237,97,2234,2528,1297,3824,11,0
295768405198,288,3775,196,8025,2529,1297,3825,11,0
295768416276,356,3931,281,13206,2530,1297,3826,11,0
295768427240,302,2760,99,2095,2530,1298,3827,11,0
295768438781,344,3357,206,7625,2531,1298,3828,11,0
295768449922,285,3682,467,15182,2532,1298,3829,11,0
295768460713,326,3476,98,2250,2532,1299,3830,11,0
295768471941,290,3070,200,8044,2533,1299,3831,11,0
295768483042,306,4389,195,1589,2534,1299,3832,11,0
295768493746,298,2981,105,779,2534,1300,3833,11,0
295768505272,305,3807,153,4908,2535,1300,3834,11,0
295768516415,302,3878,654,35051,2536,1300,3835,11,0
295768527456,306,2700,129,3741,2536,1301,3836,11,0
295768538278,328,2738,379,15099,2537,1301,3837,11,0
295768549813,314,4204,113,2516,2538,1301,3838,11,0
295768560900,293,3776,100,1847,2538,1302,3839,11,0
295768572288,289,2740,215,7199,2539,1302,3840,11,0
295768582744,345,4042,364,14972,2540,1302,3841,11,0
295768593880,113,2770,105,2193,2540,1303,3842,11,0
295768605456,298,2733,189,7873,2541,1303,3843,11,0
295768616541,346,3686,102,2142,2542,1303,3844,11,0
295768627370,89,2815,97,1879,2542,1304,3845,11,0
295768638428,298,2759,300,14582,2543,1304,3846,11,0
295768649563,566,3634,114,2678,2544,1304,3847,11,0
295768660622,84,3428,107,2120,2544,1305,3848,11,0
295768671990,599,2913,110,2311,2545,1305,3849,11,0
295768683126,387,3588,188,7340,2546,1305,3850,11,0
295768694086,84,2753,193,1876,2546,1306,3851,11,0
295768705068,308,3796,139,4246,2547,1306,3852,11,0
295768716241,87,5008,97,716,2547,1307,3853,11,0
295768727089,294,3254,73,705,2548,1307,3854,11,0
295768738670,312,2860,729,35027,2549,1307,3855,11,0
295768749788,329,4262,340,16269,2550,1307,3856,11,0
295768760520,85,3111,114,2524,2550,1308,3857,11,0
295768772571,303,2764,212,8717,2551,1308,3858,11,0
295768783291,322,3579,321,15067,2552,1308,3859,11,0
295768794154,186,2947,103,2212,2552,1309,3860,11,0
295768806857,323,3781,116,2481,2553,1309,3861,11,0
295768816501,286,3652,248,7496,2554,1309,3862,11,0
295768827460,93,2794,103,1821,2554,1310,3863,11,0
295768838360,388,2964,357,15132,2555,1310,3864,11,0
295768849613,91,3864,99,2262,2555,1311,3865,11,0
295768860919,337,7562,199,7873,2556,1311,3866,11,0
295768871922,315,3624,150,4512,2557,1311,3867,11,0
295768883092,102,5179,82,791,2557,1312,3868,11,0
295768893777,327,3394,629,35647,2558,1312,3869,11,0
295768905217,307,3822,154,4769,2559,1312,3870,11,0
295768916720,306,3950,114,2322,2560,1312,3871,11,0
295768928798,93,2805,133,1862,2560,1313,3872,11,0
295768938442,317,2733,404,7283,2561,1313,3873,11,0
295768949453,96,4892,109,1914,2561,1314,3874,11,0
295768960687,304,2957,186,4201,2562,1314,3875,11,0
295768972028,301,2962,701,35297,2563,1314,3876,11,0
295768983105,300,4333,140,4141,2564,1314,3877,11,0
295768994194,91,2972,106,2156,2564,1315,3878,11,0
295769005368,315,2988,302,14447,2565,1315,3879,11,0
295769016632,499,3956,213,8423,2566,1315,3880,11,0
295769026997,91,2805,97,1871,2566,1316,3881,11,0
295769038546,309,2829,302,14817,2567,1316,3882,11,0
295769050528,329,3070,113,2305,2568,1316,3883,11,0
295769060769,93,2819,104,1970,2568,1317,3884,11,0
295769072036,314,2776,195,7447,2569,1317,3885,11,0
295769082759,446,4021,316,15224,2570,1317,3886,11,0
295769094297,89,2747,160,2428,2570,1318,3887,11,0
295769105317,307,2719,200,8117,2571,1318,3888,11,0
295769116489,437,4015,109,2043,2572,1318,3889,11,0
295769127570,96,3315,103,1771,2572,1319,3890,11,0
295769138334,304,2814,115,2460,2573,1319,3891,11,0
295769150115,323,3800,554,14669,2574,1319,3892,11,0
295769160922,99,2803,104,1606,2574,1320,3893,11,0
295769171763,356,3379,110,2149,2575,1320,3894,11,0
295769183379,434,3853,830,33769,2576,1320,3895,11,0
295769195349,364,2781,127,3707,2576,1321,3896,11,0
295769205010,423,2734,192,7846,2577,1321,3897,11,0
295769216227,336,4088,109,2405,2578,1321,3898,11,0
295769227380,183,3127,104,1873,2578,1322,3899,11,0
295769238177,412,2814,102,2084,2579,1322,3900,11,0
295769250149,296,3805,300,14058,2580,1322,3901,11,0
295769261238,290,3837,101,2008,2580,1323,3902,11,0
295769271790,297,2996,228,9036,2581,1323,3903,11,0
295769283164,322,4023,319,15235,2582,1323,3904,11,0
295769294231,308,3869,114,2285,2582,1324,3905,11,0
295769304944,289,2743,183,2694,2583,1324,3906,11,0
295769316394,353,4443,183,7491,2584,1324,3907,11,0
295769327016,286,3186,104,1999,2584,1325,3908,11,0
295769339345,356,2823,139,4383,2585,1325,3909,11,0
295769350829,330,3414,797,35197,2586,1325,3910,11,0
295769360765,96,3467,139,3946,2586,1326,3911,11,0
295769371651,358,3290,113,2455,2587,1326,3912,11,0
295769382707,461,4339,397,14570,2588,1326,3913,11,0
295769393811,316,3533,100,2031,2588,1327,3914,11,0
295769405098,309,3734,199,7641,2589,1327,3915,11,0
295769416013,299,4830,281,12918,2590,1327,3916,11,0
295769427135,386,3032,111,2293,2590,1328,3917,11,0
295769438495,314,2724,189,7698,2591,1328,3918,11,0
295769449850,278,3755,370,15545,2592,1328,3919,11,0
295769460664,90,3267,311,2395,2592,1329,3920,11,0
295769471909,293,3088,213,8124,2593,1329,3921,11,0
295769483075,290,3834,98,1795,2594,1329,3922,11,0
295769494455,299,2744,91,1263,2594,1330,3923,11,0
295769505036,334,2817,155,5616,2595,1330,3924,11,0
295769516497,291,3957,722,34848,2596,1330,3925,11,0
295769527151,394,2938,159,3718,2596,1331,3926,11,0
295769538766,396,2815,384,15128,2597,1331,3927,11,0
295769549846,302,3720,126,2607,2598,1331,3928,11,0
295769561217,453,2847,177,1861,2598,1332,3929,11,0
295769571767,348,3034,216,7232,2599,1332,3930,11,0
295769582926,376,3937,342,15046,2600,1332,3931,11,0
295769594359,377,2761,103,2219,2600,1333,3932,11,0
295769605289,345,3768,207,8002,2601,1333,3933,11,0
295769616334,472,3758,109,2385,2602,1333,3934,11,0
295769627527,290,3647,100,1892,2602,1334,3935,11,0
295769638974,315,2907,297,14636,2603,1334,3936,11,0
295769649742,274,4242,116,2482,2604,1334,3937,11,0
295769660538,271,2889,103,2019,2604,1335,3938,11,0
295769671634,296,3003,95,2110,2605,1335,3939,11,0
295769683237,288,3624,185,7091,2606,1335,3940,11,0
295769694427,293,3087,93,1860,2606,1336,3941,11,0
295769705257,309,2843,374,15097,2607,1336,3942,11,0
295769716207,300,3961,265,7523,2608,1336,3943,11,0
295769727225,473,3363,158,1946,2608,1337,3944,11,0
295769738317,343,3459,107,1879,2609,1337,3945,11,0
295769749428,319,4370,189,2748,2610,1337,3946,11,0
295769761445,311,2738,79,760,2610,1338,3947,11,0
295769772010,302,2772,86,745,2611,1338,3948,11,0
295769783243,310,5484,80,745,2612,1338,3949,11,0
295769794258,91,2744,187,742,2612,1339,3950,11,0
295769805250,317,3446,614,33588,2613,1339,3951,11,0
295769816552,280,3857,220,9186,2614,1339,3952,11,0
295769827566,292,2823,105,2206,2614,1340,3953,11,0
295769838683,310,3243,344,14689,2615,1340,3954,11,0
295769849715,296,4144,187,7489,2616,1340,3955,11,0
295769860838,94,2712,94,1998,2616,1341,3956,11,0
295769871807,321,2855,108,2304,2617,1341,3957,11,0
295769882719,319,4559,295,14344,2618,1341,3958,11,0
295769894119,287,3126,113,2214,2618,1342,3959,11,0
295769905208,320,2911,201,8080,2619,1342,3960,11,0
295769916589,392,3529,312,13189,2620,1342,3961,11,0
295769927508,86,3058,103,2011,2620,1343,3962,11,0
295769938300,306,3085,259,7236,2621,1343,3963,11,0
295769949475,349,4127,319,15456,2622,1343,3964,11,0
295769960584,370,3423,138,2151,2622,1344,3965,11,0
295769971660,308,3315,197,7894,2623,1344,3966,11,0
295769982776,346,4293,103,2132,2624,1344,3967,11,0
295769994031,298,3485,104,1784,2624,1345,3968,11,0
295770005455,317,2802,364,14140,2625,1345,3969,11,0
295770016516,375,3690,97,1480,2626,1345,3970,11,0
295770027189,300,2762,76,711,2626,1346,3971,11,0
295770038255,299,2893,607,33042,2627,1346,3972,11,0
295770049499,360,4091,133,3700,2628,1346,3973,11,0
295770060960,305,2992,97,2086,2628,1347,3974,11,0
295770071674,293,2982,188,7388,2629,1347,3975,11,0
295770082873,378,4003,309,14711,2630,1347,3976,11,0
295770094086,96,2765,184,2144,2630,1348,3977,11,0
295770105232,355,2784,204,7769,2631,1348,3978,11,0
295770116287,292,3952,109,2379,2632,1348,3979,11,0
295770127710,103,3667,97,1990,2632,1349,3980,11,0
295770138394,681,2936,302,14606,2633,1349,3981,11,0
295770149518,371,3845,111,2396,2634,1349,3982,11,0
295770160554,88,3343,100,1965,2634,1350,3983,11,0
295770171870,297,2739,98,2149,2635,1350,3984,11,0
295770182969,428,3854,238,6772,2636,1350,3985,11,0
295770194026,299,3720,109,1767,2636,1351,3986,11,0
295770205438,305,3190,311,14926,2637,1351,3987,11,0
295770216052,295,4634,193,7642,2638,1351,3988,11,0
295770227509,352,3391,99,1765,2638,1352,3989,11,0
295770238714,296,3063,88,1270,2639,1352,3990,11,0
295770250716,397,3679,120,2664,2640,1352,3991,11,0
295770260729,93,3490,75,710,2640,1353,3992,11,0
295770271671,299,3291,675,35206,2641,1353,3993,11,0
295770282685,306,4384,413,16649,2642,1353,3994,11,0
295770294409,304,3116,110,2451,2642,1354,3995,11,0
295770305557,320,3799,138,2330,2643,1354,3996,11,0
295770316042,293,4461,193,7117,2644,1354,3997,11,0
295770327406,92,2752,95,1783,2644,1355,3998,11,0
295770338556,496,3303,313,14933,2645,1355,3999,11,0
295770349790,280,3647,187,7534,2646,1355,4000,11,0
295770360678,92,3372,101,1932,2646,1356,4001,11,0
295770371777,287,2714,109,2321,2647,1356,4002,11,0
295770382879,366,4119,301,14602,2648,1356,4003,11,0
295770393977,307,3305,98,2031,2648,1357,4004,11,0
295770405352,304,3701,112,2359,2649,1357,4005,11,0
295770416509,281,4164,106,2124,2650,1357,4006,11,0
295770427477,311,2850,98,1936,2650,1358,4007,11,0
295770438759,346,3225,196,7151,2651,1358,4008,11,0
295770449633,390,3770,358,15094,2652,1358,4009,11,0
295770460583,88,3221,138,1972,2652,1359,4010,11,0
295770471771,293,2751,87,1177,2653,1359,4011,11,0
295770482993,355,4384,112,684,2654,1359,4012,11,0
295770494222,389,2899,98,684,2654,1360,4013,11,0
295770505327,323,2910,699,35264,2655,1360,4014,11,0
295770516839,361,3621,232,9467,2656,1360,4015,11,0
295770527646,554,3493,109,2223,2656,1361,4016,11,0
295770538176,346,2838,346,13579,2657,1361,4017,11,0
295770549461,511,3829,140,2429,2658,1361,4018,11,0
295770560645,108,2738,177,1883,2658,1362,4019,11,0
295770571701,365,2728,190,7360,2659,1362,4020,11,0
295770583415,295,3362,302,14452,2660,1362,4021,11,0
295770594270,96,2922,101,2081,2660,1363,4022,11,0
295770605422,296,2990,207,7891,2661,1363,4023,11,0
295770616399,333,3908,183,2117,2662,1363,4024,11,0
295770627432,99,2789,98,1779,2662,1364,4025,11,0
295770638832,410,3400,363,14358,2663,1364,4026,11,0
295770649738,312,3621,197,2364,2664,1364,4027,11,0
295770661222,359,3612,105,1917,2664,1365,4028,11,0
295770671708,287,3034,102,2129,2665,1365,4029,11,0
295770682935,484,4136,97,1274,2666,1365,4030,11,0
295770694045,279,2995,73,638,2666,1366,4031,11,0
295770705185,290,2746,75,638,2667,1366,4032,11,0
295770716251,322,3956,613,32345,2668,1366,4033,11,0
295770727498,289,3548,159,3560,2668,1367,4034,11,0
295770738671,288,2761,207,8332,2669,1367,4035,11,0
295770749680,338,4098,318,14734,2670,1367,4036,11,0
295770760955,348,3264,126,2054,2670,1368,4037,11,0
295770771997,308,3210,194,7729,2671,1368,4038,11,0
295770783103,290,3800,310,14914,2672,1368,4039,11,0
295770794407,310,2962,102,2103,2672,1369,4040,11,0
295770805194,284,3035,123,2451,2673,1369,4041,11,0
295770815974,313,4096,189,7391,2674,1369,4042,11,0
295770827694,94,3499,100,1828,2674,1370,4043,11,0
295770838234,313,2873,416,15067,2675,1370,4044,11,0
295770849868,283,3581,290,7560,2676,1370,4045,11,0
295770861179,291,2897,136,1952,2676,1371,4046,11,0
295770871683,284,2778,277,13312,2677,1371,4047,11,0
295770882870,291,4398,241,7545,2678,1371,4048,11,0
295770893959,297,2754,93,1560,2678,1372,4049,11,0
295770905269,304,3011,231,5986,2679,1372,4050,11,0
295770916078,295,4729,649,33295,2680,1372,4051,11,0
295770927203,343,2813,130,3567,2680,1373,4052,11,0
295770938175,299,2846,101,2232,2681,1373,4053,11,0
295770949879,444,4065,99,1939,2682,1373,4054,11,0
295770960857,102,3065,95,1747,2682,1374,4055,11,0
295770971924,306,2804,198,7701,2683,1374,4056,11,0
295770983033,300,3703,103,1931,2684,1374,4057,11,0
295770994054,309,3236,97,1706,2684,1375,4058,11,0
295771005164,295,2805,348,14493,2685,1375,4059,11,0
295771016180,280,3933,195,7810,2686,1375,4060,11,0
295771027158,310,3470,102,1729,2686,1376,4061,11,0
295771038522,452,3409,388,14735,2687,1376,4062,11,0
295771049769,324,3618,112,2496,2688,1376,4063,11,0
295771060913,312,3351,107,2008,2688,1377,4064,11,0
295771072094,296,3751,194,7448,2689,1377,4065,11,0
295771083632,287,3786,337,15456,2690,1377,4066,11,0
295771093700,303,2710,97,2047,2690,1378,4067,11,0
295771105357,290,3721,193,7620,2691,1378,4068,11,0
295771116194,339,4061,212,4443,2692,1378,4069,11,0
295771127270,93,2798,76,747,2692,1379,4070,11,0
295771138263,301,3384,617,35283,2693,1379,4071,11,0
295771149971,450,3455,229,9537,2694,1379,4072,11,0
295771160913,102,2764,101,2125,2694,1380,4073,11,0
295771171909,298,3817,284,13738,2695,1380,4074,11,0
295771182993,284,3867,109,2344,2696,1380,4075,11,0
295771194294,90,3192,101,1829,2696,1381,4076,11,0
295771205080,303,3753,102,2183,2697,1381,4077,11,0
295771216581,294,3560,191,7434,2698,1381,4078,11,0
295771227179,147,3081,96,1804,2698,1382,4079,11,0
295771238739,305,2767,106,2158,2699,1382,4080,11,0
295771249466,370,3929,314,14967,2700,1382,4081,11,0
295771260916,86,3659,102,2099,2700,1383,4082,11,0
295771271632,290,3601,194,7945,2701,1383,4083,11,0
295771282692,305,4415,310,15063,2702,1383,4084,11,0
295771293993,88,2871,114,2397,2702,1384,4085,11,0
295771305235,363,2733,113,2530,2703,1384,4086,11,0
295771316312,317,4396,188,6349,2704,1384,4087,11,0
295771327458,83,3223,98,815,2704,1385,4088,11,0
295771338588,313,2792,138,3952,2705,1385,4089,11,0
295771349693,350,4010,739,35227,2706,1385,4090,11,0
295771360825,99,2785,154,3894,2706,1386,4091,11,0
295771372044,468,3470,470,2377,2707,1386,4092,11,0
295771383059,450,3577,382,14440,2708,1386,4093,11,0
295771393994,100,2826,123,2078,2708,1387,4094,11,0
295771405056,302,2737,237,7614,2709,1387,4095,11,0
295771416145,339,4046,366,15020,2710,1387,4096,11,0
295771427626,109,3346,125,2159,2710,1388,4097,11,0
295771438610,328,2807,229,8109,2711,1388,4098,11,0
295771449895,475,4237,385,15278,2712,1388,4099,11,0
295771460521,107,3005,152,2100,2712,1389,4100,11,0
295771471931,382,2917,399,7751,2713,1389,4101,11,0
295771482963,347,4132,103,2022,2714,1389,4102,11,0
295771494175,87,2924,103,1781,2714,1390,4103,11,0
295771505168,287,3299,314,15151,2715,1390,4104,11,0
295771516620,280,3450,198,7795,2716,1390,4105,11,0
295771527276,107,2840,114,1907,2716,1391,4106,11,0
295771538406,306,3810,384,14973,2717,1391,4107,11,0
295771549665,284,3764,121,2596,2718,1391,4108,11,0
295771560907,86,2818,100,2056,2718,1392,4109,11,0
295771571994,334,2969,171,1201,2719,1392,4110,11,0
295771582994,311,3960,80,628,2720,1392,4111,11,0
295771594347,87,3563,77,628,2720,1393,4112,11,0
295771605217,344,2775,695,35041,2721,1393,4113,11,0
295771616207,603,3573,146,3942,2722,1393,4114,11,0
295771627745,98,3303,101,2128,2722,1394,4115,11,0
295771638464,299,3738,337,14356,2723,1394,4116,11,0
295771649769,287,3781,196,7598,2724,1394,4117,11,0
295771660609,88,2729,102,2013,2724,1395,4118,11,0
295771671721,303,3216,360,14921,2725,1395,4119,11,0
295771683133,326,3995,194,7535,2726,1395,4120,11,0
295771694339,94,2756,103,1889,2726,1396,4121,11,0
295771705382,299,2890,366,15200,2727,1396,4122,11,0
295771716433,340,3668,194,7600,2728,1396,4123,11,0
295771727198,84,3654,99,1860,2728,1397,4124,11,0
295771738324,295,2757,97,2148,2729,1397,4125,11,0
295771749752,349,3541,327,16291,2730,1397,4126,11,0
295771760616,90,3650,114,2338,2730,1398,4127,11,0
295771771588,294,2805,207,8219,2731,1398,4128,11,0
295771782981,294,4890,313,15190,2732,1398,4129,11,0
295771794056,106,2706,108,2316,2732,1399,4130,11,0
295771805169,310,3374,98,1687,2733,1399,4131,11,0
295771816575,457,4025,80,683,2734,1399,4132,11,0
295771827566,87,3023,76,686,2734,1400,4133,11,0
295771838437,380,3018,657,32673,2735,1400,4134,11,0
295771849970,291,3386,224,9761,2736,1400,4135,11,0
295771860900,91,3540,99,2116,2736,1401,4136,11,0
295771871547,292,2815,101,2102,2737,1401,4137,11,0
295771882995,332,3768,347,14056,2738,1401,4138,11,0
295771893971,80,3088,96,2050,2738,1402,4139,11,0
295771905198,340,2891,195,7902,2739,1402,4140,11,0
295771916333,428,3613,281,13026,2740,1402,4141,11,0
295771927486,90,3418,107,2076,2740,1403,4142,11,0
295771938563,305,3247,194,7449,2741,1403,4143,11,0
295771949668,298,4003,356,15376,2742,1403,4144,11,0
295771961187,94,2716,93,2302,2742,1404,4145,11,0
295771971881,309,3869,93,1401,2743,1404,4146,11,0
295771982561,114,4591,100,696,2743,1405,4147,11,0
295771994182,317,2734,81,696,2744,1405,4148,11,0
295772005733,339,2972,626,35173,2745,1405,4149,11,0
295772017745,372,3898,247,9525,2746,1405,4150,11,0
295772028507,87,3806,115,2306,2746,1406,4151,11,0
295772038225,328,2967,357,13712,2747,1406,4152,11,0
295772049424,368,4142,117,2442,2748,1406,4153,11,0
295772060613,85,2772,96,1867,2748,1407,4154,11,0
295772071987,372,3328,291,7504,2749,1407,4155,11,0
295772083108,282,3907,301,14477,2750,1407,4156,11,0
295772094145,86,2725,98,2213,2750,1408,4157,11,0
295772105199,332,3551,196,7949,2751,1408,4158,11,0
295772116879,314,3627,151,4616,2752,1408,4159,11,0
295772127554,91,2863,80,851,2752,1409,4160,11,0
295772138487,321,2945,84,798,2753,1409,4161,11,0
295772149527,342,4521,698,35049,2754,1409,4162,11,0
295772160936,100,3366,140,3776,2754,1410,4163,11,0
295772171764,379,2754,341,15280,2755,1410,4164,11,0
295772183341,313,3672,122,2592,2756,1410,4165,11,0
295772194273,90,2732,100,1925,2756,1411,4166,11,0
295772205209,451,3283,102,2031,2757,1411,4167,11,0
295772217388,271,2704,170,7459,2758,1411,4168,11,0
295772227385,172,2925,97,1893,2758,1412,4169,11,0
295772238486,303,3297,104,2244,2759,1412,4170,11,0
295772249645,317,4621,286,13364,2760,1412,4171,11,0
295772260395,91,2952,91,1095,2760,1413,4172,11,0
295772271592,374,2885,98,1497,2761,1413,4173,11,0
295772283099,365,3674,588,33073,2762,1413,4174,11,0
295772293777,98,3128,135,3615,2762,1414,4175,11,0
295772305216,328,2948,168,2270,2763,1414,4176,11,0
295772316433,332,3535,230,7338,2764,1414,4177,11,0
295772328180,92,2763,101,1970,2764,1415,4178,11,0
295772338623,354,3630,305,14559,2765,1415,4179,11,0
295772349963,410,4183,194,7541,2766,1415,4180,11,0
295772360484,89,3409,95,1910,2766,1416,4181,11,0
295772371996,294,3215,99,2239,2767,1416,4182,11,0
295772382940,310,4185,309,14407,2768,1416,4183,11,0
295772394235,88,3211,99,2114,2768,1417,4184,11,0
295772405785,340,3695,113,2407,2769,1417,4185,11,0
295772416287,296,4479,104,2011,2770,1417,4186,11,0
295772427373,87,2961,94,1665,2770,1418,4187,11,0
295772438493,307,3039,169,6328,2771,1418,4188,11,0
295772449883,327,3494,733,31554,2772,1418,4189,11,0
295772460961,90,3398,136,3651,2772,1419,4190,11,0
295772471966,295,3518,346,2710,2773,1419,4191,11,0
295772483225,300,3478,99,2093,2774,1419,4192,11,0
295772494109,99,3892,99,1800,2774,1420,4193,11,0
295772505422,302,3217,311,14928,2775,1420,4194,11,0
295772516695,292,3713,227,7910,2776,1420,4195,11,0
295772527241,84,3352,100,1884,2776,1421,4196,11,0
295772538476,302,2731,308,14994,2777,1421,4197,11,0
295772549603,283,3834,115,2555,2778,1421,4198,11,0
295772561182,104,2729,94,2008,2778,1422,4199,11,0
295772571746,289,2968,217,6429,2779,1422,4200,11,0
295772582820,283,4022,154,5083,2780,1422,4201,11,0
295772593793,83,2719,77,908,2780,1423,4202,11,0
295772604977,341,3865,648,35512,2781,1423,4203,11,0
295772616537,349,3601,137,4079,2782,1423,4204,11,0
295772627189,84,2920,103,2229,2782,1424,4205,11,0
295772638636,301,2748,391,14534,2783,1424,4206,11,0
295772650145,304,3796,193,7652,2784,1424,4207,11,0
295772660920,81,2990,95,1872,2784,1425,4208,11,0
295772672053,314,3345,304,14653,2785,1425,4209,11,0
295772683197,346,4099,191,7101,2786,1425,4210,11,0
295772693817,116,3597,103,1975,2786,1426,4211,11,0
295772704966,314,3152,314,15260,2787,1426,4212,11,0
295772716537,306,3467,198,7539,2788,1426,4213,11,0
295772727994,114,3618,102,2055,2788,1427,4214,11,0
295772738447,293,2864,113,2414,2789,1427,4215,11,0
295772749602,455,3662,486,15222,2790,1427,4216,11,0
295772760653,89,2803,238,2410,2790,1428,4217,11,0
295772771742,290,3459,246,8427,2791,1428,4218,11,0
295772782821,284,3948,316,15284,2792,1428,4219,11,0
295772794098,89,3046,103,2228,2792,1429,4220,11,0
295772805360,348,3592,114,2456,2793,1429,4221,11,0
295772816638,335,3707,193,7486,2794,1429,4222,11,0
295772827190,101,2796,95,1884,2794,1430,4223,11,0
295772838368,308,3092,138,4103,2795,1430,4224,11,0
295772849624,288,3975,75,720,2796,1430,4225,11,0
295772860500,87,2867,92,678,2796,1431,4226,11,0
295772871816,292,2797,617,35258,2797,1431,4227,11,0
295772883059,333,3581,330,16234,2798,1431,4228,11,0
295772894306,88,3677,190,2468,2798,1432,4229,11,0
295772905383,295,2737,187,7795,2799,1432,4230,11,0
295772916403,292,3605,308,14987,2800,1432,4231,11,0
295772927508,84,3276,98,2006,2800,1433,4232,11,0
295772938305,295,2760,185,8007,2801,1433,4233,11,0
295772949657,281,3747,313,15204,2802,1433,4234,11,0
295772960472,83,3483,97,2080,2802,1434,4235,11,0
295772971760,299,2754,188,7724,2803,1434,4236,11,0
295772983048,344,3573,102,2081,2804,1434,4237,11,0
295772994289,100,3647,102,1822,2804,1435,4238,11,0
295773005402,289,3087,318,15079,2805,1435,4239,11,0
295773016610,312,3467,280,7990,2806,1435,4240,11,0
295773027128,93,2857,97,1851,2806,1436,4241,11,0
295773038440,392,3374,308,14681,2807,1436,4242,11,0
295773049286,146,5206,102,2138,2807,1437,4243,11,0
295773060890,318,3343,98,1658,2808,1437,4244,11,0
295773072273,315,2885,722,35077,2809,1437,4245,11,0
295773082956,290,4057,373,17487,2810,1437,4246,11,0
295773094281,94,3113,139,2542,2810,1438,4247,11,0
295773105314,297,3563,191,7755,2811,1438,4248,11,0
295773116534,291,3532,164,2256,2812,1438,4249,11,0
295773127047,103,3242,232,1951,2812,1439,4250,11,0
295773138353,294,3541,301,14440,2813,1439,4251,11,0
295773149674,323,3912,209,8114,2814,1439,4252,11,0
295773161118,90,3853,97,1904,2814,1440,4253,11,0
295773171649,293,3239,265,12485,2815,1440,4254,11,0
295773182791,386,3913,433,7282,2816,1440,4255,11,0
295773193798,95,2853,103,1843,2816,1441,4256,11,0
295773205303,298,3034,398,14993,2817,1441,4257,11,0
295773215990,305,3956,240,7787,2818,1441,4258,11,0
295773227835,92,3426,99,1850,2818,1442,4259,11,0
295773238859,472,3557,103,1746,2819,1442,4260,11,0
295773249743,1180,7885,126,2681,2820,1442,4261,11,0
295773260618,97,3302,92,721,2820,1443,4262,11,0
295773271785,513,2947,98,703,2821,1443,4263,11,0
295773283043,295,4376,736,33150,2822,1443,4264,11,0
295773294123,103,2876,147,3609,2822,1444,4265,11,0
295773305224,358,2791,185,2237,2823,1444,4266,11,0
295773316257,349,3816,208,7158,2824,1444,4267,11,0
295773327807,90,2752,101,1978,2824,1445,4268,11,0
295773338470,312,3260,300,14366,2825,1445,4269,11,0
295773349713,289,4117,194,7460,2826,1445,4270,11,0
295773360750,158,3408,99,1881,2826,1446,4271,11,0
295773371752,298,3764,100,2220,2827,1446,4272,11,0
295773382845,290,4191,300,14309,2828,1446,4273,11,0
295773394108,86,3394,101,2147,2828,1447,4274,11,0
295773405151,292,2772,110,2453,2829,1447,4275,11,0
295773416161,281,4447,99,2197,2830,1447,4276,11,0
295773427428,88,2784,104,1945,2830,1448,4277,11,0
295773438231,340,3224,190,7195,2831,1448,4278,11,0
295773449984,303,3823,155,5190,2832,1448,4279,11,0
295773460723,96,3284,123,845,2832,1449,4280,11,0
295773471834,302,3661,645,32789,2833,1449,4281,11,0
295773482825,351,4139,267,9903,2834,1449,4282,11,0
295773494077,86,2760,98,2228,2834,1450,4283,11,0
295773505269,304,3818,300,14836,2835,1450,4284,11,0
295773516716,275,3352,188,7695,2836,1450,4285,11,0
295773527608,93,3222,99,1746,2836,1451,4286,11,0
295773538554,315,3657,308,14743,2837,1451,4287,11,0
295773549676,295,3971,186,2382,2838,1451,4288,11,0
295773560870,86,3184,106,1804,2838,1452,4289,11,0
295773571632,310,3125,245,7243,2839,1452,4290,11,0
295773583056,369,3847,332,15146,2840,1452,4291,11,0
295773594102,88,3366,111,2302,2840,1453,4292,11,0
295773605133,346,3551,202,8120,2841,1453,4293,11,0
295773616520,318,3638,145,2071,2842,1453,4294,11,0
295773627488,89,3020,113,1777,2842,1454,4295,11,0
295773638449,325,2798,110,2497,2843,1454,4296,11,0
295773649676,320,3643,377,14639,2844,1454,4297,11,0
295773660910,141,3138,98,1707,2844,1455,4298,11,0
295773671959,297,3498,156,2211,2845,1455,4299,11,0
295773683068,313,3698,595,33738,2846,1455,4300,11,0
295773694198,88,3348,135,3740,2846,1456,4301,11,0
295773705273,337,3295,217,7841,2847,1456,4302,11,0
295773716428,276,3880,112,2362,2848,1456,4303,11,0
295773727689,88,2864,91,1816,2848,1457,4304,11,0
295773738315,296,3315,95,2063,2849,1457,4305,11,0
295773749364,393,4387,396,14100,2850,1457,4306,11,0
295773760839,91,2863,101,2018,2850,1458,4307,11,0
295773771984,318,3787,212,8733,2851,1458,4308,11,0
295773783137,287,4698,319,15212,2852,1458,4309,11,0
295773794339,95,3184,102,2151,2852,1459,4310,11,0
295773805346,339,3356,111,2566,2853,1459,4311,11,0
295773816352,287,3810,287,7404,2854,1459,4312,11,0
295773827146,128,2934,124,1908,2854,1460,4313,11,0
295773838284,303,2900,358,15469,2855,1460,4314,11,0
295773849317,443,3801,191,7635,2856,1460,4315,11,0
295773860686,88,3190,100,2113,2856,1461,4316,11,0
295773871827,298,3833,116,2458,2857,1461,4317,11,0
295773882879,321,3903,114,2614,2858,1461,4318,11,0
295773894295,123,2953,101,2047,2858,1462,4319,11,0
295773905429,296,3391,294,14030,2859,1462,4320,11,0
295773916598,282,3314,93,1415,2860,1462,4321,11,0
295773927563,102,2766,78,771,2860,1463,4322,11,0
295773938506,355,2930,890,34137,2861,1463,4323,11,0
295773950158,332,3856,228,9444,2862,1463,4324,11,0
295773960335,93,3127,160,2422,2862,1464,4325,11,0
295773971868,302,3188,108,2486,2863,1464,4326,11,0
295773983167,287,3578,103,1986,2864,1464,4327,11,0
295773993884,91,2785,100,1730,2864,1465,4328,11,0
295774005041,444,2901,307,14964,2865,1465,4329,11,0
295774016224,321,3767,193,7859,2866,1465,4330,11,0
295774027546,85,3335,100,1884,2866,1466,4331,11,0
295774038696,294,2759,313,14960,2867,1466,4332,11,0
295774049617,313,3629,115,2322,2868,1466,4333,11,0
295774060714,89,3369,102,1900,2868,1467,4334,11,0
295774071978,304,2843,186,7099,2869,1467,4335,11,0
295774083097,283,3896,318,15196,2870,1467,4336,11,0
295774093971,82,3113,96,1971,2870,1468,4337,11,0
295774105133,347,2825,194,7720,2871,1468,4338,11,0
295774116325,273,3733,148,4714,2872,1468,4339,11,0
295774127228,100,3205,83,922,2872,1469,4340,11,0
295774139262,328,2790,82,887,2873,1469,4341,11,0
295774149365,335,3996,687,35443,2874,1469,4342,11,0
295774160990,137,3610,171,3832,2874,1470,4343,11,0
295774171777,324,3499,458,15217,2875,1470,4344,11,0
295774182853,369,4241,116,2560,2876,1470,4345,11,0
295774193921,84,3659,99,2005,2876,1471,4346,11,0
295774205043,295,2741,101,2116,2877,1471,4347,11,0
295774216207,350,4025,198,7423,2878,1471,4348,11,0
295774227609,95,2846,99,1807,2878,1472,4349,11,0
295774238241,298,2742,97,2119,2879,1472,4350,11,0
295774249435,342,3957,306,14258,2880,1472,4351,11,0
295774260917,93,3327,97,2158,2880,1473,4352,11,0
295774271691,319,3132,213,8960,2881,1473,4353,11,0
295774282828,347,3978,314,15127,2882,1473,4354,11,0
295774293910,91,3458,108,2338,2882,1474,4355,11,0
295774305573,314,3517,116,2443,2883,1474,4356,11,0
295774316042,336,4161,177,6358,2884,1474,4357,11,0
295774327910,106,2808,78,831,2884,1475,4358,11,0
295774338283,301,3344,139,4011,2885,1475,4359,11,0
295774349438,282,3890,79,764,2886,1475,4360,11,0
295774360629,114,2843,82,731,2886,1476,4361,11,0
295774371691,296,2832,633,34974,2887,1476,4362,11,0
295774382831,320,3714,328,16263,2888,1476,4363,11,0
295774394042,84,3266,113,2392,2888,1477,4364,11,0
295774405004,334,2925,190,7682,2889,1477,4365,11,0
295774416045,625,3657,312,14871,2890,1477,4366,11,0
295774427446,93,3809,100,2103,2890,1478,4367,11,0
295774438741,316,2776,205,8127,2891,1478,4368,11,0
295774449344,298,4061,346,15281,2892,1478,4369,11,0
295774460875,86,2861,102,2134,2892,1479,4370,11,0
295774471985,332,3233,241,7839,2893,1479,4371,11,0
295774482652,319,4140,102,2104,2894,1479,4372,11,0
295774493778,98,2739,180,1866,2894,1480,4373,11,0
295774504925,335,3152,315,14545,2895,1480,4374,11,0
295774516165,299,4208,210,8015,2896,1480,4375,11,0
295774527188,89,3420,133,1966,2896,1481,4376,11,0
295774538297,363,3361,311,13909,2897,1481,4377,11,0
295774549530,807,3298,177,1324,2898,1481,4378,11,0
295774560738,95,3279,76,703,2898,1482,4379,11,0
295774571951,313,2824,75,703,2899,1482,4380,11,0
295774583089,325,3660,586,32009,2900,1482,4381,11,0
295774594089,147,3004,150,3624,2900,1483,4382,11,0
295774605189,333,2961,373,8224,2901,1483,4383,11,0
295774616598,355,3468,116,2270,2902,1483,4384,11,0
295774627121,97,2821,105,1886,2902,1484,4385,11,0
295774638445,347,2817,292,13942,2903,1484,4386,11,0
295774649851,345,3588,194,7751,2904,1484,4387,11,0
295774660942,99,3125,152,1816,2904,1485,4388,11,0
295774672093,321,3049,300,14807,2905,1485,4389,11,0
295774682972,325,3636,428,7182,2906,1485,4390,11,0
295774693927,116,3163,94,1764,2906,1486,4391,11,0
295774705303,299,2887,316,15133,2907,1486,4392,11,0
295774716415,542,3507,190,7576,2908,1486,4393,11,0
295774727270,107,2752,96,1846,2908,1487,4394,11,0
295774738536,307,2786,102,2115,2909,1487,4395,11,0
295774749732,309,4013,344,14691,2910,1487,4396,11,0
295774760271,101,3075,98,2103,2910,1488,4397,11,0
295774771796,309,3470,221,8624,2911,1488,4398,11,0
295774783037,280,3917,144,4066,2912,1488,4399,11,0
295774793743,90,2706,77,791,2912,1489,4400,11,0
295774804966,318,3029,794,33546,2913,1489,4401,11,0
295774816503,401,3459,233,9206,2914,1489,4402,11,0
295774827922,99,3350,297,2284,2914,1490,4403,11,0
295774838807,338,3353,362,14712,2915,1490,4404,11,0
295774849865,284,3482,194,7565,2916,1490,4405,11,0
295774860798,92,3091,98,2125,2916,1491,4406,11,0
295774871827,301,2740,113,2488,2917,1491,4407,11,0
295774883010,345,3658,464,14526,2918,1491,4408,11,0
295774893990,89,2840,112,2363,2918,1492,4409,11,0
295774905177,356,2959,224,8422,2919,1492,4410,11,0
295774916225,280,3834,474,13263,2920,1492,4411,11,0
295774927199,85,3129,98,2030,2920,1493,4412,11,0
295774938751,343,2803,192,7230,2921,1493,4413,11,0
295774949476,467,3923,399,15410,2922,1493,4414,11,0
295774960693,116,2898,117,2361,2922,1494,4415,11,0
295774971907,297,3058,202,8170,2923,1494,4416,11,0
295774982953,327,3753,103,2083,2924,1494,4417,11,0
295774994195,88,2746,149,1581,2924,1495,4418,11,0
295775004853,312,3910,178,5044,2925,1495,4419,11,0
295775016437,377,3622,952,35037,2926,1495,4420,11,0
295775027441,111,3273,142,3747,2926,1496,4421,11,0
295775038459,313,2959,176,6204,2927,1496,4422,11,0
295775049847,568,3808,721,33585,2928,1496,4423,11,0
295775061054,96,3720,135,3740,2928,1497,4424,11,0
295775071567,324,3724,395,7672,2929,1497,4425,11,0
295775083015,293,3669,356,14743,2930,1497,4426,11,0
295775094118,103,2852,99,2101,2930,1498,4427,11,0
295775105000,354,3069,319,7678,2931,1498,4428,11,0
295775116724,284,3137,94,2160,2932,1498,4429,11,0
295775127316,118,3569,115,1817,2932,1499,4430,11,0
295775138712,420,3495,120,1584,2933,1499,4431,11,0
295775150699,441,3383,721,31226,2934,1499,4432,11,0
295775160818,100,3063,194,3621,2934,1500,4433,11,0
295775171852,325,3241,319,15181,2935,1500,4434,11,0
295775183033,487,3584,195,7551,2936,1500,4435,11,0
295775193995,97,2780,99,1827,2936,1501,4436,11,0
295775205074,305,2806,347,15184,2937,1501,4437,11,0
295775216401,353,3610,414,7691,2938,1501,4438,11,0
295775227478,115,3575,109,2008,2938,1502,4439,11,0
295775239099,346,3847,116,2358,2939,1502,4440,11,0
295775249233,94,4555,120,1985,2939,1503,4441,11,0
295775262987,334,3469,163,5148,2940,1503,4442,11,0
295775271900,291,2756,675,35001,2941,1503,4443,11,0
295775282506,261,3946,322,16673,2942,1503,4444,11,0
295775294695,100,3263,249,2561,2942,1504,4445,11,0
295775305332,334,2957,190,2470,2943,1504,4446,11,0
295775316598,483,4247,260,7266,2944,1504,4447,11,0
295775327315,124,3246,105,1873,2944,1505,4448,11,0
295775338671,322,3573,440,14953,2945,1505,4449,11,0
295775349604,301,3840,191,7485,2946,1505,4450,11,0
295775361352,89,2796,111,1887,2946,1506,4451,11,0
295775371540,306,2971,101,2257,2947,1506,4452,11,0
295775382647,343,4540,116,2386,2948,1506,4453,11,0
295775394397,88,2731,90,1816,2948,1507,4454,11,0
295775406403,737,3522,245,5961,2949,1507,4455,11,0
295775416575,358,3341,678,33168,2950,1507,4456,11,0
295775427437,96,3558,131,3561,2950,1508,4457,11,0
295775438696,319,3769,117,2266,2951,1508,4458,11,0
295775449716,290,3647,98,1938,2952,1508,4459,11,0
295775462126,88,2818,113,1741,2952,1509,4460,11,0
295775471697,321,2924,197,7669,2953,1509,4461,11,0
295775483080,296,4324,103,1969,2954,1509,4462,11,0
295775494053,115,2865,126,1743,2954,1510,4463,11,0
295775505186,304,2858,291,13175,2955,1510,4464,11,0
295775518107,485,2961,722,37344,2956,1510,4465,11,0
295775527470,236,3568,144,3553,2956,1511,4466,11,0
295775538576,335,2821,181,6129,2957,1511,4467,11,0
295775549432,314,5217,776,33692,2958,1511,4468,11,0
295775561286,92,2709,113,3700,2958,1512,4469,11,0
295775572016,340,3151,209,7753,2959,1512,4470,11,0
295775582991,505,3349,411,14780,2960,1512,4471,11,0
295775594320,93,2934,105,2165,2960,1513,4472,11,0
295775604907,316,3803,200,7622,2961,1513,4473,11,0
295775616163,404,4217,97,2249,2962,1513,4474,11,0
295775627422,109,3636,104,1903,2962,1514,4475,11,0
295775638847,354,2950,302,14446,2963,1514,4476,11,0
295775649749,362,3894,823,7924,2964,1514,4477,11,0
295775660498,157,2757,97,1869,2964,1515,4478,11,0
295775671842,413,2785,264,12211,2965,1515,4479,11,0
295775683128,308,3641,215,7005,2966,1515,4480,11,0
295775694280,88,2721,104,1913,2966,1516,4481,11,0
295775704979,308,3517,298,14292,2967,1516,4482,11,0
295775716160,320,3999,81,1110,2968,1516,4483,11,0
295775727160,83,3533,79,711,2968,1517,4484,11,0
295775738339,302,2792,651,35120,2969,1517,4485,11,0
295775749951,291,3393,338,16915,2970,1517,4486,11,0
295775760543,90,3555,118,2620,2970,1518,4487,11,0
295775771836,324,3353,203,7977,2971,1518,4488,11,0
295775782969,290,4824,319,15034,2972,1518,4489,11,0
295775794171,87,2722,146,2241,2972,1519,4490,11,0
295775805220,347,2805,114,2463,2973,1519,4491,11,0
295775816334,290,3661,260,7477,2974,1519,4492,11,0
295775827964,144,2788,98,1878,2974,1520,4493,11,0
295775838669,306,3037,314,15102,2975,1520,4494,11,0
295775849802,334,3427,408,7736,2976,1520,4495,11,0
295775860660,104,2824,98,1800,2976,1521,4496,11,0
295775871559,799,2946,106,2092,2977,1521,4497,11,0
295775883230,311,3453,214,2349,2978,1521,4498,11,0
295775894296,95,3307,136,1771,2978,1522,4499,11,0
295775905530,338,3819,302,14853,2979,1522,4500,11,0
295775916175,286,4311,119,2517,2980,1522,4501,11,0
295775927283,90,2750,157,2011,2980,1523,4502,11,0
295775938550,313,4053,92,1215,2981,1523,4503,11,0
295775949336,357,4045,127,616,2982,1523,4504,11,0
295775960330,83,2734,75,616,2982,1524,4505,11,0
295775971512,296,3930,580,32305,2983,1524,4506,11,0
295775983111,308,3834,226,9745,2984,1524,4507,11,0
295775993882,91,3059,109,2150,2984,1525,4508,11,0
295776005355,300,2922,299,14646,2985,1525,4509,11,0
295776016388,309,3840,192,7667,2986,1525,4510,11,0
295776027364,83,2928,96,1795,2986,1526,4511,11,0
295776038557,310,2745,317,14738,2987,1526,4512,11,0
295776049654,431,3398,137,2329,2988,1526,4513,11,0
295776061027,104,2844,95,1881,2988,1527,4514,11,0
295776072028,313,2844,186,7352,2989,1527,4515,11,0
295776083149,297,3756,368,15226,2990,1527,4516,11,0
295776094042,85,2757,110,2266,2990,1528,4517,11,0
295776105174,376,3273,210,8142,2991,1528,4518,11,0
295776116442,277,3998,132,1974,2992,1528,4519,11,0
295776127348,84,2761,96,1743,2992,1529,4520,11,0
295776138468,306,3060,111,2378,2993,1529,4521,11,0
295776149522,283,3758,348,14946,2994,1529,4522,11,0
295776160463,86,2727,97,2162,2994,1530,4523,11,0
295776171599,339,3596,99,1707,2995,1530,4524,11,0
295776182809,346,4315,83,1048,2996,1530,4525,11,0
295776193796,89,3033,83,625,2996,1531,4526,11,0
295776204905,371,2830,76,625,2997,1531,4527,11,0
295776216073,286,4053,585,32076,2998,1531,4528,11,0
295776227479,87,2776,205,3517,2998,1532,4529,11,0
295776238196,335,3266,258,8281,2999,1532,4530,11,0
295776249345,314,4301,307,14898,3000,1532,4531,11,0
295776261074,113,3029,166,2104,3000,1533,4532,11,0
295776272030,301,2950,215,7651,3001,1533,4533,11,0
295776283101,396,3328,326,14933,3002,1533,4534,11,0
295776293976,112,3173,109,2142,3002,1534,4535,11,0
295776305053,290,3693,111,2437,3003,1534,4536,11,0
295776316371,315,3529,188,7138,3004,1534,4537,11,0
295776327727,109,3203,131,1830,3004,1535,4538,11,0
295776338216,291,2997,365,15054,3005,1535,4539,11,0
295776349532,327,3572,193,7501,3006,1535,4540,11,0
295776361040,87,3046,101,1904,3006,1536,4541,11,0
295776371973,346,3524,142,2219,3007,1536,4542,11,0
295776383017,278,3435,113,2459,3008,1536,4543,11,0
295776394248,88,2720,94,1927,3008,1537,4544,11,0
295776404819,302,3394,320,14124,3009,1537,4545,11,0
295776416473,295,3798,93,1350,3010,1537,4546,11,0
295776427115,111,2855,99,668,3010,1538,4547,11,0
295776438139,305,3890,688,33740,3011,1538,4548,11,0
295776449254,313,4491,222,9337,3012,1538,4549,11,0
295776460736,80,2753,127,2450,3012,1539,4550,11,0
295776471702,318,2908,110,2463,3013,1539,4551,11,0
295776482869,275,3736,106,2019,3014,1539,4552,11,0
295776494076,88,2767,179,1806,3014,1540,4553,11,0
295776505224,301,2760,310,15020,3015,1540,4554,11,0
295776516372,302,3489,206,7845,3016,1540,4555,11,0
295776527319,87,3012,110,1959,3016,1541,4556,11,0
295776538671,303,3819,318,14936,3017,1541,4557,11,0
295776549693,296,3793,122,2609,3018,1541,4558,11,0
295776561391,93,3034,102,2127,3018,1542,4559,11,0
295776571804,296,2828,196,7483,3019,1542,4560,11,0
295776583105,305,3523,323,15514,3020,1542,4561,11,0
295776593957,89,2802,201,1925,3020,1543,4562,11,0
295776605201,341,2807,195,7747,3021,1543,4563,11,0
295776616337,468,3910,485,13125,3022,1543,4564,11,0
295776627074,88,2795,78,1051,3022,1544,4565,11,0
295776638796,372,3327,98,1375,3023,1544,4566,11,0
295776649723,297,3677,634,35226,3024,1544,4567,11,0
295776660515,89,2769,140,3726,3024,1545,4568,11,0
295776671862,392,2858,326,15261,3025,1545,4569,11,0
295776682921,304,3815,113,2455,3026,1545,4570,11,0
295776694201,118,3049,108,1958,3026,1546,4571,11,0
295776704915,362,3271,229,2060,3027,1546,4572,11,0
295776716125,291,3748,234,7460,3028,1546,4573,11,0
295776727670,88,3562,103,1937,3028,1547,4574,11,0
295776738733,307,3469,115,2296,3029,1547,4575,11,0
295776749687,358,4044,321,15467,3030,1547,4576,11,0
295776761234,123,2834,101,2237,3030,1548,4577,11,0
295776772078,316,2814,209,8210,3031,1548,4578,11,0
295776782908,283,4143,321,15127,3032,1548,4579,11,0
295776793780,99,2781,115,2283,3032,1549,4580,11,0
295776805275,307,3423,111,2370,3033,1549,4581,11,0
295776816630,326,4512,193,7010,3034,1549,4582,11,0
295776827137,91,2964,98,1730,3034,1550,4583,11,0
295776838628,309,2845,139,4181,3035,1550,4584,11,0
295776849687,277,4238,642,35221,3036,1550,4585,11,0
295776860739,95,2854,158,3954,3036,1551,4586,11,0
295776871743,309,2870,155,4627,3037,1551,4587,11,0
295776883116,307,3770,671,35305,3038,1551,4588,11,0
295776894115,91,2711,130,3776,3038,1552,4589,11,0
295776905235,306,2835,191,7994,3039,1552,4590,11,0
295776916335,287,3454,291,13878,3040,1552,4591,11,0
295776927237,101,3322,102,2209,3040,1553,4592,11,0
295776938318,321,2768,203,8245,3041,1553,4593,11,0
295776949551,334,4039,310,14549,3042,1553,4594,11,0
295776960550,146,2914,104,2109,3042,1554,4595,11,0
295776971733,293,3434,200,7781,3043,1554,4596,11,0
295776983061,302,3462,128,2235,3044,1554,4597,11,0
295776994422,91,2791,109,1824,3044,1555,4598,11,0
295777005199,345,2900,309,14467,3045,1555,4599,11,0
295777016301,415,3694,254,8214,3046,1555,4600,11,0
295777027204,88,3347,116,2038,3046,1556,4601,11,0
295777038509,467,3425,465,14971,3047,1556,4602,11,0
295777050259,374,3590,142,2563,3048,1556,4603,11,0
295777060822,98,3639,108,1888,3048,1557,4604,11,0
295777071694,302,3499,156,4715,3049,1557,4605,11,0
295777082896,295,3728,129,3479,3050,1557,4606,11,0
295777093834,179,2735,78,788,3050,1558,4607,11,0
295777105021,308,3278,88,765,3051,1558,4608,11,0
295777116209,302,4504,631,34898,3052,1558,4609,11,0
295777127397,90,2734,134,3763,3052,1559,4610,11,0
295777138513,308,2819,400,14843,3053,1559,4611,11,0
295777149554,284,3861,199,7720,3054,1559,4612,11,0
295777160681,88,2864,100,1913,3054,1560,4613,11,0
295777171780,304,3616,332,14830,3055,1560,4614,11,0
295777183057,310,3862,120,2534,3056,1560,4615,11,0
295777194093,86,2915,102,2038,3056,1561,4616,11,0
295777205298,402,2764,98,2101,3057,1561,4617,11,0
295777216331,324,3974,1207,7646,3058,1561,4618,11,0
295777227447,91,2852,101,1840,3058,1562,4619,11,0
295777239031,452,3769,101,2115,3059,1562,4620,11,0
295777249760,455,3435,422,14499,3060,1562,4621,11,0
295777260501,85,2790,100,2254,3060,1563,4622,11,0
295777271808,356,3295,224,8886,3061,1563,4623,11,0
295777282649,499,3646,488,15330,3062,1563,4624,11,0
295777294461,90,3151,130,2276,3062,1564,4625,11,0
295777304950,353,3413,119,2538,3063,1564,4626,11,0
295777316428,327,3763,97,1330,3064,1564,4627,11,0
295777327324,83,2737,75,646,3064,1565,4628,11,0
295777338290,354,3370,81,641,3065,1565,4629,11,0
295777349576,331,3901,654,35119,3066,1565,4630,11,0
295777360793,90,2838,143,3908,3066,1566,4631,11,0
295777371739,349,2854,115,2400,3067,1566,4632,11,0
295777382895,284,3618,306,14442,3068,1566,4633,11,0
295777394131,103,3682,100,2159,3068,1567,4634,11,0
295777406090,307,2907,328,7731,3069,1567,4635,11,0
295777416121,291,3839,367,15105,3070,1567,4636,11,0
295777427590,111,2962,122,2129,3070,1568,4637,11,0
295777438612,313,3444,204,8114,3071,1568,4638,11,0
295777449788,280,3389,315,15314,3072,1568,4639,11,0
295777461127,109,2968,103,2013,3072,1569,4640,11,0
295777471732,302,2762,268,7630,3073,1569,4641,11,0
295777483071,319,3434,99,2237,3074,1569,4642,11,0
295777493861,93,3698,100,1938,3074,1570,4643,11,0
295777505600,307,2775,305,14526,3075,1570,4644,11,0
295777516400,326,3380,211,8676,3076,1570,4645,11,0
295777527362,99,3308,101,1997,3076,1571,4646,11,0
295777538545,316,2786,215,6187,3077,1571,4647,11,0
295777549558,300,3469,77,956,3078,1571,4648,11,0
295777560858,87,3007,75,857,3078,1572,4649,11,0
295777571933,299,2993,723,34964,3079,1572,4650,11,0
295777583042,282,3374,351,17436,3080,1572,4651,11,0
295777593830,117,3607,139,2453,3080,1573,4652,11,0
295777605286,294,3516,197,7788,3081,1573,4653,11,0
295777616262,295,4992,170,2153,3082,1573,4654,11,0
295777627390,88,2749,102,1839,3082,1574,4655,11,0
295777638699,297,3024,298,14443,3083,1574,4656,11,0
295777649593,284,3601,201,8076,3084,1574,4657,11,0
295777660773,87,3132,96,1857,3084,1575,4658,11,0
295777671844,306,2779,309,14980,3085,1575,4659,11,0
295777683074,287,3375,186,7452,3086,1575,4660,11,0
295777694029,90,3193,96,1864,3086,1576,4661,11,0
295777705145,332,2739,323,15429,3087,1576,4662,11,0
295777716267,356,3434,200,7819,3088,1576,4663,11,0
295777727192,85,3310,117,1942,3088,1577,4664,11,0
295777738266,300,2764,103,2255,3089,1577,4665,11,0
295777749397,290,3690,320,15386,3090,1577,4666,11,0
295777760976,93,3038,99,2160,3090,1578,4667,11,0
295777771680,310,3888,201,8034,3091,1578,4668,11,0
295777782641,284,5465,316,15160,3092,1578,4669,11,0
295777794234,96,2809,104,2309,3092,1579,4670,11,0
295777804956,295,2990,177,1761,3093,1579,4671,11,0
295777816000,270,3786,81,1082,3094,1579,4672,11,0
295777827515,207,3283,75,662,3094,1580,4673,11,0
295777838580,307,2735,92,662,3095,1580,4674,11,0
295777849503,362,3823,718,35211,3096,1580,4675,11,0
295777860514,90,3219,140,3917,3096,1581,4676,11,0
295777871908,290,2738,115,2413,3097,1581,4677,11,0
295777883036,388,3507,302,14490,3098,1581,4678,11,0
295777894012,92,3543,95,2116,3098,1582,4679,11,0
295777905299,304,2754,194,7672,3099,1582,4680,11,0
295777916322,456,3400,323,15115,3100,1582,4681,11,0
295777927332,88,2978,102,1993,3100,1583,4682,11,0
295777938292,323,3619,197,2337,3101,1583,4683,11,0
295777949583,286,3690,109,1967,3102,1583,4684,11,0
295777960445,97,3611,100,1889,3102,1584,4685,11,0
295777971535,297,2738,191,7652,3103,1584,4686,11,0
295777983116,334,3279,100,2114,3104,1584,4687,11,0
295777994090,88,3036,100,1839,3104,1585,4688,11,0
295778004910,295,3494,303,14901,3105,1585,4689,11,0
295778015956,330,4147,192,7749,3106,1585,4690,11,0
295778027084,111,3291,97,1975,3106,1586,4691,11,0
295778038242,296,2925,367,14149,3107,1586,4692,11,0
295778049853,284,3385,108,1431,3108,1586,4693,11,0
295778061030,88,2806,73,791,3108,1587,4694,11,0
295778071722,417,3321,167,791,3109,1587,4695,11,0
295778082765,281,4392,767,32585,3110,1587,4696,11,0
295778093734,92,2776,136,3686,3110,1588,4697,11,0
295778105248,360,3362,205,8273,3111,1588,4698,11,0
295778116621,561,3403,101,2123,3112,1588,4699,11,0
295778127190,108,3058,127,1826,3112,1589,4700,11,0
295778138554,313,3799,335,13925,3113,1589,4701,11,0
295778149643,288,3799,194,7728,3114,1589,4702,11,0
295778160819,111,2851,104,1996,3114,1590,4703,11,0
295778171879,348,3331,320,14938,3115,1590,4704,11,0
295778183042,313,3489,187,7238,3116,1590,4705,11,0
295778194315,98,2902,100,1868,3116,1591,4706,11,0
295778205284,447,2764,349,15213,3117,1591,4707,11,0
295778216205,280,3586,196,7819,3118,1591,4708,11,0
295778227482,174,3272,181,1800,3118,1592,4709,11,0
295778239063,356,2985,159,2097,3119,1592,4710,11,0
295778249763,312,3391,321,15390,3120,1592,4711,11,0
295778260428,90,2978,104,2255,3120,1593,4712,11,0
295778272088,304,2808,193,7977,3121,1593,4713,11,0
295778282732,309,3735,327,15185,3122,1593,4714,11,0
295778293904,104,3186,120,2418,3122,1594,4715,11,0
295778305030,358,2923,92,1757,3123,1594,4716,11,0
295778316163,292,3854,777,36962,3124,1594,4717,11,0
295778327441,90,2823,146,3842,3124,1595,4718,11,0
295778338157,423,2721,316,15622,3125,1595,4719,11,0
295778349544,280,3525,195,7635,3126,1595,4720,11,0
295778360643,94,2797,100,2060,3126,1596,4721,11,0
295778371569,305,2750,107,2366,3127,1596,4722,11,0
295778382825,319,4075,299,14511,3128,1596,4723,11,0
295778393987,88,2806,97,2249,3128,1597,4724,11,0
295778405373,374,2802,197,8011,3129,1597,4725,11,0
295778416062,457,3591,279,13130,3130,1597,4726,11,0
295778427112,118,3753,109,2327,3130,1598,4727,11,0
295778438166,299,3088,224,7756,3131,1598,4728,11,0
295778449284,427,4092,340,15767,3132,1598,4729,11,0
295778461190,91,3077,167,2278,3132,1599,4730,11,0
295778472132,421,3032,281,8164,3133,1599,4731,11,0
295778482946,282,3582,107,1930,3134,1599,4732,11,0
295778494137,89,3333,99,1357,3134,1600,4733,11,0
295778505312,307,2756,157,5409,3135,1600,4734,11,0
295778516186,283,4216,827,35078,3136,1600,4735,11,0
295778527381,87,2758,133,3770,3136,1601,4736,11,0
295778538347,332,3317,447,15166,3137,1601,4737,11,0
295778549549,284,3912,117,2577,3138,1601,4738,11,0
295778560595,94,2732,97,1883,3138,1602,4739,11,0
295778572093,330,2870,195,7139,3139,1602,4740,11,0
295778582911,294,3775,451,15182,3140,1602,4741,11,0
295778593936,90,3706,104,2125,3140,1603,4742,11,0
295778605067,299,3232,194,7964,3141,1603,4743,11,0
295778616264,109,4736,273,1848,3141,1604,4744,11,0
295778627517,309,2798,102,2168,3142,1604,4745,11,0
295778638411,306,2760,110,2339,3143,1604,4746,11,0
295778650726,398,3270,293,5187,3144,1604,4747,11,0
295778660788,101,2850,81,814,3144,1605,4748,11,0
295778671719,301,2761,79,751,3145,1605,4749,11,0
295778682820,463,3595,602,33823,3146,1605,4750,11,0
295778693988,84,2964,195,3794,3146,1606,4751,11,0
295778705122,327,3331,198,7712,3147,1606,4752,11,0
295778716371,356,3756,106,2243,3148,1606,4753,11,0
295778727230,96,3362,99,1817,3148,1607,4754,11,0
295778738242,615,2752,97,2086,3149,1607,4755,11,0
295778749761,350,3487,372,14885,3150,1607,4756,11,0
295778761182,102,3353,103,2020,3150,1608,4757,11,0
295778771683,297,3549,253,7842,3151,1608,4758,11,0
295778782798,293,3820,379,14894,3152,1608,4759,11,0
295778794012,125,3028,97,2093,3152,1609,4760,11,0
295778805314,321,2969,115,2314,3153,1609,4761,11,0
295778816302,334,3405,184,6886,3154,1609,4762,11,0
295778827519,92,2875,101,1635,3154,1610,4763,11,0
295778838876,468,3070,144,4102,3155,1610,4764,11,0
295778849782,428,3774,674,35222,3156,1610,4765,11,0
295778860609,89,2764,149,3748,3156,1611,4766,11,0
295778871776,394,2866,113,2394,3157,1611,4767,11,0
295778883019,393,4578,348,14422,3158,1611,4768,11,0
295778894022,100,2993,106,2041,3158,1612,4769,11,0
295778905128,360,3581,208,7618,3159,1612,4770,11,0
295778916534,281,3837,376,15032,3160,1612,4771,11,0
295778927508,82,2972,102,2185,3160,1613,4772,11,0
295778938613,299,3785,204,8173,3161,1613,4773,11,0
295778949606,282,3527,360,15280,3162,1613,4774,11,0
295778960696,96,2852,102,1968,3162,1614,4775,11,0
295778971778,295,3780,193,7648,3163,1614,4776,11,0
295778982802,275,3553,97,2026,3164,1614,4777,11,0
295778994308,90,3999,131,1781,3164,1615,4778,11,0
295779005262,284,3290,316,15035,3165,1615,4779,11,0
295779016007,351,4185,204,7771,3166,1615,4780,11,0
295779027096,92,3351,105,1909,3166,1616,4781,11,0
295779038448,296,3674,316,14939,3167,1616,4782,11,0
295779049588,291,4001,278,2506,3168,1616,4783,11,0
295779060810,88,3130,132,1823,3168,1617,4784,11,0
295779072020,305,3530,91,1122,3169,1617,4785,11,0
295779082942,435,3953,712,32480,3170,1617,4786,11,0
295779093711,101,3724,131,3566,3170,1618,4787,11,0
295779105275,317,2889,199,7941,3171,1618,4788,11,0
295779116425,285,3449,108,2291,3172,1618,4789,11,0
295779127675,88,2891,99,1908,3172,1619,4790,11,0
295779138577,348,2967,474,13672,3173,1619,4791,11,0
295779149734,293,3372,191,7672,3174,1619,4792,11,0
295779160631,87,2738,134,1741,3174,1620,4793,11,0
295779171739,296,3250,303,14696,3175,1620,4794,11,0
295779183046,279,3514,273,7081,3176,1620,4795,11,0
295779194361,86,3022,102,1892,3176,1621,4796,11,0
295779205049,310,3597,340,15213,3177,1621,4797,11,0
295779216041,365,3743,195,7707,3178,1621,4798,11,0
295779227654,92,3406,106,1789,3178,1622,4799,11,0
295779238539,315,3779,98,2087,3179,1622,4800,11,0
295779249636,288,3760,323,15854,3180,1622,4801,11,0
295779260486,87,2753,108,2291,3180,1623,4802,11,0
295779271825,404,3120,206,8211,3181,1623,4803,11,0
295779282909,279,3631,313,14978,3182,1623,4804,11,0
295779293834,84,3249,98,2105,3182,1624,4805,11,0
295779305073,319,2897,102,1747,3183,1624,4806,11,0
295779316177,269,3727,700,34981,3184,1624,4807,11,0
295779327167,96,2722,130,3907,3184,1625,4808,11,0
295779338547,318,3318,346,15769,3185,1625,4809,11,0
295779349581,271,3571,195,7605,3186,1625,4810,11,0
295779360936,99,3059,101,1895,3186,1626,4811,11,0
295779371903,411,2746,99,2234,3187,1626,4812,11,0
295779382979,281,3850,309,14406,3188,1626,4813,11,0
295779394304,84,3298,100,2165,3188,1627,4814,11,0
295779405095,303,2940,190,7835,3189,1627,4815,11,0
295779416212,365,3833,363,15153,3190,1627,4816,11,0
295779427254,90,2816,101,2199,3190,1628,4817,11,0
295779438331,393,2922,327,8098,3191,1628,4818,11,0
295779449440,279,4160,440,15318,3192,1628,4819,11,0
295779460847,121,2987,158,1960,3192,1629,4820,11,0
295779472140,293,3275,198,7588,3193,1629,4821,11,0
295779482594,376,4336,113,2320,3194,1629,4822,11,0
295779494047,193,2865,106,1963,3194,1630,4823,11,0
295779505655,312,2969,303,14771,3195,1630,4824,11,0
295779515982,293,3689,186,7304,3196,1630,4825,11,0
295779527456,89,2774,113,808,3196,1631,4826,11,0
295779538495,302,3015,164,5912,3197,1631,4827,11,0
295779549704,281,3840,701,33678,3198,1631,4828,11,0
295779560314,87,2782,139,3766,3198,1632,4829,11,0
295779571887,306,3724,196,7816,3199,1632,4830,11,0
295779582915,276,3910,507,14829,3200,1632,4831,11,0
295779594186,96,3182,98,2181,3200,1633,4832,11,0
295779605182,300,3709,193,7793,3201,1633,4833,11,0
295779616255,116,4722,102,1899,3201,1634,4834,11,0
295779627426,293,3464,110,2285,3202,1634,4835,11,0
295779638583,309,2778,299,14470,3203,1634,4836,11,0
295779649835,408,3299,197,7967,3204,1634,4837,11,0
295779660648,90,3205,100,1859,3204,1635,4838,11,0
295779671762,295,3523,317,12381,3205,1635,4839,11,0
295779683109,283,3577,191,7040,3206,1635,4840,11,0
295779694245,110,3220,167,1945,3206,1636,4841,11,0
295779705088,305,3295,317,15120,3207,1636,4842,11,0
295779716556,299,3484,410,7921,3208,1636,4843,11,0
295779727956,106,3237,104,2045,3208,1637,4844,11,0
295779738790,308,3987,104,2021,3209,1637,4845,11,0
295779749133,384,3904,119,2800,3210,1637,4846,11,0
295779761095,98,2906,77,796,3210,1638,4847,11,0
295779771551,295,2884,621,35244,3211,1638,4848,11,0
295779782691,293,4969,457,16749,3212,1638,4849,11,0
295779794143,117,2845,113,2498,3212,1639,4850,11,0
295779805109,356,2787,108,2328,3213,1639,4851,11,0
295779816227,442,3369,191,7294,3214,1639,4852,11,0
295779827230,88,3321,101,1751,3214,1640,4853,11,0
295779838374,306,2847,315,14990,3215,1640,4854,11,0
295779849475,331,3483,219,7501,3216,1640,4855,11,0
295779860939,96,3255,106,1911,3216,1641,4856,11,0
295779871901,293,2898,108,2299,3217,1641,4857,11,0
295779883031,285,3529,373,14497,3218,1641,4858,11,0
295779894223,86,3150,97,2085,3218,1642,4859,11,0
295779905327,290,3368,113,2415,3219,1642,4860,11,0
295779916403,395,3149,100,2007,3220,1642,4861,11,0
295779927382,87,3373,106,1840,3220,1643,4862,11,0
295779938532,375,2767,176,6813,3221,1643,4863,11,0
295779949597,301,3458,149,5008,3222,1643,4864,11,0
295779960872,89,3642,87,819,3222,1644,4865,11,0
295779971518,306,3206,100,790,3223,1644,4866,11,0
295779982867,305,3971,787,35140,3224,1644,4867,11,0
295779993938,97,2892,133,3789,3224,1645,4868,11,0
295780004875,312,3332,587,15491,3225,1645,4869,11,0
295780016594,289,3863,193,7938,3226,1645,4870,11,0
295780027250,82,2750,98,2031,3226,1646,4871,11,0
295780038165,340,3327,324,15051,3227,1646,4872,11,0
295780049582,281,3778,117,2555,3228,1646,4873,11,0
295780060662,89,2995,106,1975,3228,1647,4874,11,0
295780071374,302,2761,188,7418,3229,1647,4875,11,0
295780082660,428,3673,345,15252,3230,1647,4876,11,0
295780094451,94,3140,114,2329,3230,1648,4877,11,0
295780105002,312,2772,194,7968,3231,1648,4878,11,0
295780116147,504,3361,103,2046,3232,1648,4879,11,0
295780127291,127,2842,102,1757,3232,1649,4880,11,0
295780138251,395,3317,120,2416,3233,1649,4881,11,0
295780149684,641,3356,312,14827,3234,1649,4882,11,0
295780160802,89,2758,98,1987,3234,1650,4883,11,0
295780171607,316,2901,95,1715,3235,1650,4884,11,0
295780182859,336,3530,78,744,3236,1650,4885,11,0
295780194166,84,3057,79,721,3236,1651,4886,11,0
295780205036,305,2843,695,34938,3237,1651,4887,11,0
295780215961,314,3601,168,5812,3238,1651,4888,11,0
295780227388,92,3316,97,2136,3238,1652,4889,11,0
295780238211,383,2742,98,2117,3239,1652,4890,11,0
295780249862,403,3418,312,14990,3240,1652,4891,11,0
295780260778,86,3022,97,2059,3240,1653,4892,11,0
295780271891,341,2875,192,7652,3241,1653,4893,11,0
295780283083,298,3198,328,14938,3242,1653,4894,11,0
295780294115,90,3479,104,2145,3242,1654,4895,11,0
295780305210,306,2815,100,2259,3243,1654,4896,11,0
295780316246,308,3406,192,7313,3244,1654,4897,11,0
295780327698,86,3112,130,1841,3244,1655,4898,11,0
295780338262,354,3440,324,15078,3245,1655,4899,11,0
295780349566,277,3582,189,7583,3246,1655,4900,11,0
295780360752,87,3120,97,1907,3246,1656,4901,11,0
295780371944,323,2745,96,2259,3247,1656,4902,11,0
295780383144,485,3149,127,2457,3248,1656,4903,11,0
295780393858,100,2757,149,1896,3248,1657,4904,11,0
295780405098,303,3242,172,6038,3249,1657,4905,11,0
295780416620,282,3809,80,895,3250,1657,4906,11,0
295780427060,90,2838,78,787,3250,1658,4907,11,0
295780438342,316,3242,603,33907,3251,1658,4908,11,0
295780449666,296,3804,220,9227,3252,1658,4909,11,0
295780460746,88,2905,100,2235,3252,1659,4910,11,0
295780471553,314,3189,129,2342,3253,1659,4911,11,0
295780482856,279,4038,166,1975,3254,1659,4912,11,0
295780493970,94,3255,103,1761,3254,1660,4913,11,0
295780505123,408,2921,342,14799,3255,1660,4914,11,0
295780516374,310,3338,201,7820,3256,1660,4915,11,0
295780527634,88,2918,105,1903,3256,1661,4916,11,0
295780538369,296,3759,302,14790,3257,1661,4917,11,0
295780550014,311,3239,115,2523,3258,1661,4918,11,0
295780560831,87,2967,102,2018,3258,1662,4919,11,0
295780572007,350,3337,407,7308,3259,1662,4920,11,0
295780583083,281,3789,313,15253,3260,1662,4921,11,0
295780593978,80,2721,97,1974,3260,1663,4922,11,0
295780605191,373,3534,199,7731,3261,1663,4923,11,0
295780616550,343,3052,292,13176,3262,1663,4924,11,0
295780627106,102,3351,99,1228,3262,1664,4925,11,0
295780638656,420,2898,114,1306,3263,1664,4926,11,0
295780649720,289,3442,727,35254,3264,1664,4927,11,0
295780660901,87,2850,138,3765,3264,1665,4928,11,0
295780672134,372,3355,356,15232,3265,1665,4929,11,0
295780683171,311,3931,115,2584,3266,1665,4930,11,0
295780693906,115,3501,101,2020,3266,1666,4931,11,0
295780705106,406,3317,132,2090,3267,1666,4932,11,0
295780716304,307,4001,299,7434,3268,1666,4933,11,0
295780728457,129,3627,99,1896,3268,1667,4934,11,0
295780738645,378,3396,174,2248,3269,1667,4935,11,0
295780750760,349,3460,391,14904,3270,1667,4936,11,0
295780760650,150,3382,115,2150,3270,1668,4937,11,0
295780771519,363,2800,203,8055,3271,1668,4938,11,0
295780782630,277,4162,311,15009,3272,1668,4939,11,0
295780793895,98,2919,104,2357,3272,1669,4940,11,0
295780804972,356,3293,104,1784,3273,1669,4941,11,0
295780816130,278,3757,82,751,3274,1669,4942,11,0
295780827187,106,3241,104,737,3274,1670,4943,11,0
295780838132,290,3834,582,32667,3275,1670,4944,11,0
295780849682,330,3319,319,9731,3276,1670,4945,11,0
295780860966,116,3333,99,2207,3276,1671,4946,11,0
295780871504,290,2863,99,2221,3277,1671,4947,11,0
295780882712,321,3635,295,14032,3278,1671,4948,11,0
295780893736,88,3675,98,1972,3278,1672,4949,11,0
295780905244,297,2741,191,7791,3279,1672,4950,11,0
295780916805,301,3818,388,14977,3280,1672,4951,11,0
295780927131,218,4083,173,2169,3280,1673,4952,11,0
295780938150,299,3121,301,8064,3281,1673,4953,11,0
295780949291,284,3660,335,15290,3282,1673,4954,11,0
295780961211,95,2813,210,1945,3282,1674,4955,11,0
295780971581,295,2863,188,7634,3283,1674,4956,11,0
295780982581,277,4364,97,2222,3284,1674,4957,11,0
295780994357,84,3656,103,1933,3284,1675,4958,11,0
295781004813,306,3108,343,15034,3285,1675,4959,11,0
295781016093,332,3735,192,7969,3286,1675,4960,11,0
295781027445,93,2712,92,1864,3286,1676,4961,11,0
295781038535,318,3502,312,14620,3287,1676,4962,11,0
295781049473,284,3971,98,1420,3288,1676,4963,11,0
295781060883,90,2756,88,762,3288,1677,4964,11,0
295781071488,344,3018,76,762,3289,1677,4965,11,0
295781082606,395,3649,644,32444,3290,1677,4966,11,0
295781094127,91,2732,160,3619,3290,1678,4967,11,0
295781105041,308,2883,204,8233,3291,1678,4968,11,0
295781116526,408,3434,102,2179,3292,1678,4969,11,0
295781127076,83,2763,97,1806,3292,1679,4970,11,0
295781138312,311,3369,301,14046,3293,1679,4971,11,0
295781149392,282,3817,192,7752,3294,1679,4972,11,0
295781160461,82,2907,101,1767,3294,1680,4973,11,0
295781171982,317,2829,270,12192,3295,1680,4974,11,0
295781183120,280,3312,187,7326,3296,1680,4975,11,0
295781194322,85,2754,126,1884,3296,1681,4976,11,0
295781205062,311,2962,368,15098,3297,1681,4977,11,0
295781216076,285,3509,192,7835,3298,1681,4978,11,0
295781227070,95,3037,103,1905,3298,1682,4979,11,0
295781238594,392,3212,149,4612,3299,1682,4980,11,0
295781249715,293,4031,700,35468,3300,1682,4981,11,0
295781260535,97,2761,129,3792,3300,1683,4982,11,0
295781271733,375,3286,444,8019,3301,1683,4983,11,0
295781282729,301,3560,342,13778,3302,1683,4984,11,0
295781293772,88,3272,127,2170,3302,1684,4985,11,0
295781305193,292,3080,107,2296,3303,1684,4986,11,0
295781316325,283,3582,193,7143,3304,1684,4987,11,0
295781327471,88,3016,99,1824,3304,1685,4988,11,0
295781338681,327,2784,300,14313,3305,1685,4989,11,0
295781349692,360,3223,191,7486,3306,1685,4990,11,0
295781360543,97,3012,105,2020,3306,1686,4991,11,0
295781371987,306,3114,114,2349,3307,1686,4992,11,0
295781382845,322,3938,115,2478,3308,1686,4993,11,0
295781394227,85,2985,133,1813,3308,1687,4994,11,0
295781405284,324,3792,323,14362,3309,1687,4995,11,0
295781416112,424,4068,413,21562,3310,1687,4996,11,0
295781426864,107,2786,106,1892,3310,1688,4997,11,0
295781438536,362,2913,103,2012,3311,1688,4998,11,0
295781449342,301,3770,102,1692,3312,1688,4999,11,0
295781460554,111,3155,95,1539,3312,1689,5000,11,0
295781472675,332,3309,275,7245,3313,1689,5001,11,0
295781482866,431,3421,151,1789,3314,1689,5002,11,0
295781494921,97,3242,139,1533,3314,1690,5003,11,0
295781505461,313,3359,335,14613,3315,1690,5004,11,0
295781516143,280,3464,192,7979,3316,1690,5005,11,0
295781527763,87,2730,157,1634,3316,1691,5006,11,0
295781538467,313,3664,208,6181,3317,1691,5007,11,0
295781549251,312,4020,111,917,3318,1691,5008,11,0
295781560775,86,2859,81,840,3318,1692,5009,11,0
295781571810,319,3359,671,34986,3319,1692,5010,11,0
295781583155,351,3895,355,17348,3320,1692,5011,11,0
295781593946,93,2942,121,2554,3320,1693,5012,11,0
295781606426,298,2707,196,7830,3321,1693,5013,11,0
295781616172,291,3593,114,2427,3322,1693,5014,11,0
295781627150,123,3326,267,1955,3322,1694,5015,11,0
295781638742,330,3341,418,14584,3323,1694,5016,11,0
295781649438,287,3842,114,2593,3324,1694,5017,11,0
295781660446,84,3200,89,2040,3324,1695,5018,11,0
295781671613,299,2892,100,2238,3325,1695,5019,11,0
295781682822,338,3437,170,6248,3326,1695,5020,11,0
295781694032,100,2756,76,877,3326,1696,5021,11,0
295781706843,324,4058,137,4133,3327,1696,5022,11,0
295781716358,387,3263,84,687,3328,1696,5023,11,0
295781727382,87,2912,69,683,3328,1697,5024,11,0
295781739153,548,3056,796,35300,3329,1697,5025,11,0
295781749547,306,3866,538,17469,3330,1697,5026,11,0
295781760717,104,2929,119,2455,3330,1698,5027,11,0
295781771701,461,2912,194,7760,3331,1698,5028,11,0
295781782866,333,4496,302,14883,3332,1698,5029,11,0
295781793629,110,3110,97,2061,3332,1699,5030,11,0
295781806335,492,2746,148,2292,3333,1699,5031,11,0
295781816130,377,4130,218,7362,3334,1699,5032,11,0
295781827289,87,3458,100,1873,3334,1700,5033,11,0
295781838313,389,3352,438,15175,3335,1700,5034,11,0
295781851300,488,3772,199,7634,3336,1700,5035,11,0
295781860574,95,3106,214,2010,3336,1701,5036,11,0
295781872557,306,2745,145,2402,3337,1701,5037,11,0
295781882904,295,3850,350,14740,3338,1701,5038,11,0
295781894825,84,2944,98,2064,3338,1702,5039,11,0
295781906113,285,2693,178,7888,3339,1702,5040,11,0
295781917042,298,2789,349,15062,3340,1702,5041,11,0
295781927315,87,2842,102,2106,3340,1703,5042,11,0
295781938819,531,3303,211,8052,3341,1703,5043,11,0
295781949399,420,3570,357,15291,3342,1703,5044,11,0
295781960950,155,3576,107,2223,3342,1704,5045,11,0
295781971506,301,3759,199,8006,3343,1704,5046,11,0
295781982675,320,3767,99,2209,3344,1704,5047,11,0
295781993982,88,2722,95,1873,3344,1705,5048,11,0
295782005243,411,2948,292,13845,3345,1705,5049,11,0
295782016493,315,3167,100,1530,3346,1705,5050,11,0
295782027513,83,3728,77,770,3346,1706,5051,11,0
295782038488,307,2716,76,770,3347,1706,5052,11,0
295782049594,350,3358,615,33479,3348,1706,5053,11,0
295782060971,112,3359,128,3747,3348,1707,5054,11,0
295782071433,280,2925,189,7736,3349,1707,5055,11,0
295782082719,422,3367,351,14835,3350,1707,5056,11,0
295782093873,85,2740,97,2116,3350,1708,5057,11,0
295782105062,311,3588,192,7681,3351,1708,5058,11,0
295782116385,376,3242,105,2103,3352,1708,5059,11,0
295782127130,92,3245,167,1872,3352,1709,5060,11,0
295782138400,306,3432,322,14348,3353,1709,5061,11,0
295782149385,293,3823,118,2472,3354,1709,5062,11,0
295782160461,89,2763,102,1970,3354,1710,5063,11,0
295782171788,324,3137,129,2161,3355,1710,5064,11,0
295782182745,345,3875,215,7000,3356,1710,5065,11,0
295782194575,86,2999,313,1873,3356,1711,5066,11,0
295782205284,319,3236,314,15058,3357,1711,5067,11,0
295782215920,287,4172,189,6992,3358,1711,5068,11,0
295782227390,99,2981,82,691,3358,1712,5069,11,0
295782238484,314,2845,141,4296,3359,1712,5070,11,0
295782249657,399,3311,623,35323,3360,1712,5071,11,0
295782260377,85,3295,195,3815,3360,1713,5072,11,0
295782271941,381,2764,203,8063,3361,1713,5073,11,0
295782282916,293,3651,292,13845,3362,1713,5074,11,0
295782294010,84,3020,105,2225,3362,1714,5075,11,0
295782304992,307,3580,183,2383,3363,1714,5076,11,0
295782316331,280,4293,361,7446,3364,1714,5077,11,0
295782326939,109,2798,97,1862,3364,1715,5078,11,0
295782338562,384,3312,299,14320,3365,1715,5079,11,0
295782350196,655,3419,194,7465,3366,1715,5080,11,0
295782360270,92,2856,99,1941,3366,1716,5081,11,0
295782371960,323,2862,158,2264,3367,1716,5082,11,0
295782382921,281,3803,301,14451,3368,1716,5083,11,0
295782393932,84,2865,98,2006,3368,1717,5084,11,0
295782405091,352,3765,191,7978,3369,1717,5085,11,0
295782416145,261,3989,357,13110,3370,1717,5086,11,0
295782427107,86,2734,98,2084,3370,1718,5087,11,0
295782438155,303,2771,187,7255,3371,1718,5088,11,0
295782449571,299,3385,414,15470,3372,1718,5089,11,0
295782460682,106,3364,97,2190,3372,1719,5090,11,0
295782471438,291,3510,219,8056,3373,1719,5091,11,0
295782482714,327,3688,155,4716,3374,1719,5092,11,0
295782493731,101,3103,81,895,3374,1720,5093,11,0
295782505152,360,3012,646,35560,3375,1720,5094,11,0
295782516250,287,3285,230,9782,3376,1720,5095,11,0
295782527476,85,2951,100,2245,3376,1721,5096,11,0
295782538611,406,3403,297,13896,3377,1721,5097,11,0
295782549701,377,3876,116,2414,3378,1721,5098,11,0
295782560720,91,2813,139,1855,3378,1722,5099,11,0
295782571574,482,3009,388,7308,3379,1722,5100,11,0
295782583217,393,3023,322,14542,3380,1722,5101,11,0
295782594073,111,3026,105,2133,3380,1723,5102,11,0
295782605326,386,3203,210,7919,3381,1723,5103,11,0
295782616801,302,3603,99,2111,3382,1723,5104,11,0
295782627419,105,2817,99,1835,3382,1724,5105,11,0
295782638900,314,3335,313,14389,3383,1724,5106,11,0
295782649758,302,3291,115,2522,3384,1724,5107,11,0
295782660828,86,2867,103,1983,3384,1725,5108,11,0
295782671798,294,2751,93,2121,3385,1725,5109,11,0
295782682969,335,3438,246,7028,3386,1725,5110,11,0
295782694230,125,3602,101,1918,3386,1726,5111,11,0
295782704970,292,2798,335,15090,3387,1726,5112,11,0
295782716077,270,3536,89,1320,3388,1726,5113,11,0
295782727222,89,2906,74,708,3388,1727,5114,11,0
295782738704,376,3402,80,708,3389,1727,5115,11,0
295782749290,277,3848,797,35292,3390,1727,5116,11,0
295782760299,88,2734,133,3752,3390,1728,5117,11,0
295782772194,376,3356,209,8697,3391,1728,5118,11,0
295782783092,543,3402,295,13856,3392,1728,5119,11,0
295782794274,125,2975,99,2202,3392,1729,5120,11,0
295782805061,443,2951,112,2396,3393,1729,5121,11,0
295782816156,306,3567,191,7231,3394,1729,5122,11,0
295782827376,107,3154,106,1824,3394,1730,5123,11,0
295782838417,311,3434,299,14340,3395,1730,5124,11,0
295782849604,298,3368,193,7584,3396,1730,5125,11,0
295782860839,92,3384,99,1858,3396,1731,5126,11,0
295782871928,290,2716,98,2169,3397,1731,5127,11,0
295782883050,418,3465,308,14328,3398,1731,5128,11,0
295782893672,128,2911,103,2013,3398,1732,5129,11,0
295782904810,314,2901,109,2270,3399,1732,5130,11,0
295782916081,584,3497,108,1946,3400,1732,5131,11,0
295782927471,87,2894,99,1686,3400,1733,5132,11,0
295782938272,302,3434,94,1207,3401,1733,5133,11,0
295782949619,293,3511,80,652,3402,1733,5134,11,0
295782961041,103,3097,78,652,3402,1734,5135,11,0
295782971978,319,2964,663,32492,3403,1734,5136,11,0
295782982971,432,3286,229,9774,3404,1734,5137,11,0
295782994219,90,3540,102,2158,3404,1735,5138,11,0
295783005029,292,2715,292,14118,3405,1735,5139,11,0
295783016118,276,4014,216,8280,3406,1735,5140,11,0
295783027288,89,2854,99,1848,3406,1736,5141,11,0
295783038558,298,3259,298,14770,3407,1736,5142,11,0
295783049557,284,3692,109,2308,3408,1736,5143,11,0
295783061110,91,3144,103,1917,3408,1737,5144,11,0
295783071742,293,3550,189,7363,3409,1737,5145,11,0
295783082868,295,3923,409,15280,3410,1737,5146,11,0
295783093948,91,3112,101,2238,3410,1738,5147,11,0
295783105382,631,3460,265,7886,3411,1738,5148,11,0
295783116394,299,3303,97,2102,3412,1738,5149,11,0
295783127141,87,3427,97,1756,3412,1739,5150,11,0
295783138436,313,3461,189,1636,3413,1739,5151,11,0
295783149649,285,3441,244,5212,3414,1739,5152,11,0
295783160644,86,3536,80,725,3414,1740,5153,11,0
295783171885,307,2868,684,33206,3415,1740,5154,11,0
295783182560,305,3994,308,3691,3416,1740,5155,11,0
295783194319,219,3277,100,2090,3416,1741,5156,11,0
295783205192,298,3764,225,7267,3417,1741,5157,11,0
295783216241,290,3575,101,2048,3418,1741,5158,11,0
295783227004,88,2737,96,1739,3418,1742,5159,11,0
295783238223,310,3099,98,2016,3419,1742,5160,11,0
295783249490,325,3855,297,13921,3420,1742,5161,11,0
295783260294,88,2854,137,1949,3420,1743,5162,11,0
295783271437,445,2775,203,8329,3421,1743,5163,11,0
295783282632,634,3252,321,14801,3422,1743,5164,11,0
295783294333,87,3054,101,2079,3422,1744,5165,11,0
295783305221,296,2738,113,2364,3423,1744,5166,11,0
295783316519,294,3785,233,7206,3424,1744,5167,11,0
295783327230,115,2798,100,1797,3424,1745,5168,11,0
295783338302,297,2951,337,15057,3425,1745,5169,11,0
295783349453,305,3366,172,6557,3426,1745,5170,11,0
295783360448,81,2717,77,878,3426,1746,5171,11,0
295783371861,312,2876,145,4233,3427,1746,5172,11,0
295783382958,282,3958,82,794,3428,1746,5173,11,0
295783394241,89,2736,76,723,3428,1747,5174,11,0
295783404771,289,3292,622,35298,3429,1747,5175,11,0
295783416390,287,3745,333,16643,3430,1747,5176,11,0
295783427412,89,2734,110,2504,3430,1748,5177,11,0
295783438468,329,3799,110,2406,3431,1748,5178,11,0
295783450505,431,3287,200,7295,3432,1748,5179,11,0
295783460629,337,2808,142,1953,3432,1749,5180,11,0
295783471770,359,3749,113,2350,3433,1749,5181,11,0
295783483000,430,3782,105,1960,3434,1749,5182,11,0
295783493708,91,3397,125,1747,3434,1750,5183,11,0
295783504860,421,3357,324,14371,3435,1750,5184,11,0
295783516282,289,3971,246,8100,3436,1750,5185,11,0
295783527403,83,2731,102,2020,3436,1751,5186,11,0
295783538559,306,2847,395,14814,3437,1751,5187,11,0
295783549356,279,3536,112,2630,3438,1751,5188,11,0
295783560688,84,3059,101,2095,3438,1752,5189,11,0
295783571641,297,3420,189,7437,3439,1752,5190,11,0
295783582977,408,3132,374,15387,3440,1752,5191,11,0
295783594260,92,2724,96,2162,3440,1753,5192,11,0
295783605370,302,3725,188,6975,3441,1753,5193,11,0
295783615969,350,3617,145,4371,3442,1753,5194,11,0
295783627073,104,3553,83,830,3442,1754,5195,11,0
295783638197,329,3802,81,769,3443,1754,5196,11,0
295783649586,358,3583,672,35087,3444,1754,5197,11,0
295783660231,98,2804,133,3724,3444,1755,5198,11,0
295783671625,723,3021,333,15161,3445,1755,5199,11,0
295783682647,313,3631,129,2522,3446,1755,5200,11,0
295783693945,105,3012,98,1917,3446,1756,5201,11,0
295783705052,293,3148,99,2028,3447,1756,5202,11,0
295783716176,343,3390,202,7387,3448,1756,5203,11,0
295783727371,95,3238,174,1806,3448,1757,5204,11,0
295783738408,306,2809,100,2109,3449,1757,5205,11,0
295783749535,285,3879,327,14208,3450,1757,5206,11,0
295783760687,85,2774,98,2169,3450,1758,5207,11,0
295783771912,294,3292,211,8858,3451,1758,5208,11,0
295783783027,296,4774,325,15101,3452,1758,5209,11,0
295783794077,133,2742,116,2347,3452,1759,5210,11,0
295783805404,401,3733,144,2544,3453,1759,5211,11,0
295783816282,317,3784,168,1367,3454,1759,5212,11,0
295783827220,92,5444,110,693,3454,1760,5213,11,0
295783838328,305,3832,82,693,3455,1760,5214,11,0
295783849348,274,3843,758,35345,3456,1760,5215,11,0
295783860845,147,3897,139,3934,3456,1761,5216,11,0
295783871810,413,3330,114,2415,3457,1761,5217,11,0
295783883458,295,3065,310,14511,3458,1761,5218,11,0
295783894183,89,3389,98,2022,3458,1762,5219,11,0
295783905129,293,3109,193,7581,3459,1762,5220,11,0
295783915862,376,4106,304,14851,3460,1762,5221,11,0
295783927322,209,2780,100,2150,3460,1763,5222,11,0
295783938461,338,3798,245,8117,3461,1763,5223,11,0
295783949748,289,3257,315,15399,3462,1763,5224,11,0
295783961014,93,2887,99,1994,3462,1764,5225,11,0
295783971701,477,3375,192,7693,3463,1764,5226,11,0
295783982881,313,3762,115,2264,3464,1764,5227,11,0
295783994051,126,2736,99,1943,3464,1765,5228,11,0
295784005086,302,2889,295,14340,3465,1765,5229,11,0
295784016161,287,3385,354,18091,3466,1765,5230,11,0
295784027423,123,2805,100,2147,3466,1766,5231,11,0
295784038602,343,2928,380,14315,3467,1766,5232,11,0
295784049680,296,3334,97,1272,3468,1766,5233,11,0
295784060849,87,3069,74,717,3468,1767,5234,11,0
295784071411,289,3338,708,35079,3469,1767,5235,11,0
295784082561,314,4201,442,17473,3470,1767,5236,11,0
295784093817,90,2861,196,2583,3470,1768,5237,11,0
295784105009,305,3822,193,7787,3471,1768,5238,11,0
295784116015,299,4087,120,2162,3472,1768,5239,11,0
295784127079,95,2722,93,1857,3472,1769,5240,11,0
295784138422,364,3560,313,14531,3473,1769,5241,11,0
295784149698,291,3302,191,7900,3474,1769,5242,11,0
295784160787,90,3324,102,1873,3474,1770,5243,11,0
295784171788,303,3061,303,14849,3475,1770,5244,11,0
295784183185,335,3228,200,7541,3476,1770,5245,11,0
295784193913,90,2760,120,1818,3476,1771,5246,11,0
295784205183,297,2755,314,15490,3477,1771,5247,11,0
295784216354,318,3572,198,7528,3478,1771,5248,11,0
295784227531,85,2766,98,1891,3478,1772,5249,11,0
295784238475,315,3153,101,2232,3479,1772,5250,11,0
295784249580,286,3799,120,2983,3480,1772,5251,11,0
295784260951,88,2738,81,737,3480,1773,5252,11,0
295784271814,591,3343,506,25539,3481,1773,5253,11,0
295784282988,308,3431,175,6123,3482,1773,5254,11,0
295784294065,111,2800,190,701,3482,1774,5255,11,0
295784305266,315,2829,649,33804,3483,1774,5256,11,0
295784316626,370,2950,209,9116,3484,1774,5257,11,0
295784327499,122,2804,263,2249,3484,1775,5258,11,0
295784338432,303,3046,354,14651,3485,1775,5259,11,0
295784349260,300,3538,196,7534,3486,1775,5260,11,0
295784360386,95,3335,99,1917,3486,1776,5261,11,0
295784371743,306,2837,97,2261,3487,1776,5262,11,0
295784382862,515,3360,358,14367,3488,1776,5263,11,0
295784394547,86,3379,136,2091,3488,1777,5264,11,0
295784405008,296,2732,190,7947,3489,1777,5265,11,0
295784416195,398,3535,318,13153,3490,1777,5266,11,0
295784427132,87,2777,111,2173,3490,1778,5267,11,0
295784438440,451,3025,213,7365,3491,1778,5268,11,0
295784449560,329,3684,173,5445,3492,1778,5269,11,0
295784460408,98,2805,76,874,3492,1779,5270,11,0
295784471513,293,3506,81,814,3493,1779,5271,11,0
295784482705,317,4091,758,35259,3494,1779,5272,11,0
295784494070,95,2880,140,3861,3494,1780,5273,11,0
295784505256,365,2889,167,5499,3495,1780,5274,11,0
295784517413,414,3373,634,34957,3496,1780,5275,11,0
295784528309,103,2827,142,3771,3496,1781,5276,11,0
295784538346,318,3694,315,15140,3497,1781,5277,11,0
295784549995,303,3027,115,2371,3498,1781,5278,11,0
295784560599,110,3131,96,1879,3498,1782,5279,11,0
295784571757,347,3860,285,7221,3499,1782,5280,11,0
295784583852,286,2833,136,5158,3500,1782,5281,11,0
295784594354,91,3327,80,848,3500,1783,5282,11,0
295784605174,306,2822,637,35200,3501,1783,5283,11,0
295784616229,289,3667,143,4249,3502,1783,5284,11,0
295784627452,98,3162,102,2210,3502,1784,5285,11,0
295784638234,374,2810,319,14580,3503,1784,5286,11,0
295784649441,283,3535,192,7623,3504,1784,5287,11,0
295784661459,98,2998,120,1829,3504,1785,5288,11,0
295784673020,314,2723,267,12167,3505,1785,5289,11,0
295784682737,295,4622,185,7347,3506,1785,5290,11,0
295784694336,104,3442,104,2030,3506,1786,5291,11,0
295784704963,327,3412,161,4273,3507,1786,5292,11,0
295784716111,293,3999,82,804,3508,1786,5293,11,0
295784727222,93,3393,85,767,3508,1787,5294,11,0
295784738468,315,2926,677,34878,3509,1787,5295,11,0
295784749836,375,3023,350,16864,3510,1787,5296,11,0
295784760875,93,3107,119,2532,3510,1788,5297,11,0
295784771802,314,2916,190,7838,3511,1788,5298,11,0
295784782847,383,3490,385,15045,3512,1788,5299,11,0
295784793962,91,3343,106,2164,3512,1789,5300,11,0
295784805155,426,3814,138,2440,3513,1789,5301,11,0
295784816239,589,3891,196,7417,3514,1789,5302,11,0
295784827433,88,2947,99,1854,3514,1790,5303,11,0
295784838613,436,3502,334,15141,3515,1790,5304,11,0
295784849894,441,3832,263,7544,3516,1790,5305,11,0
295784860618,101,3237,110,1994,3516,1791,5306,11,0
295784871509,302,4010,114,2372,3517,1791,5307,11,0
295784882624,419,3783,127,2529,3518,1791,5308,11,0
295784893824,190,2811,95,1898,3518,1792,5309,11,0
295784905687,311,2945,290,13825,3519,1792,5310,11,0
295784916162,379,3762,191,1298,3520,1792,5311,11,0
295784927273,91,3235,132,743,3520,1793,5312,11,0
295784938348,365,2799,669,33737,3521,1793,5313,11,0
295784949642,287,3821,230,9414,3522,1793,5314,11,0
295784962285,143,3157,186,2281,3522,1794,5315,11,0
295784971431,330,2929,179,2408,3523,1794,5316,11,0
295784982538,99,4387,103,1744,3523,1795,5317,11,0
295784993728,502,3252,156,1954,3524,1795,5318,11,0
295785005169,329,3453,308,14804,3525,1795,5319,11,0
295785016394,296,3778,196,7752,3526,1795,5320,11,0
295785027238,90,2922,91,1850,3526,1796,5321,11,0
295785038388,296,3164,318,14786,3527,1796,5322,11,0
295785049582,281,3564,123,2577,3528,1796,5323,11,0
295785060913,92,2770,124,2052,3528,1797,5324,11,0
295785071524,331,3502,238,7051,3529,1797,5325,11,0
295785082750,351,3867,157,5241,3530,1797,5326,11,0
295785093688,85,3244,65,889,3530,1798,5327,11,0
295785104953,343,3385,738,35501,3531,1798,5328,11,0
295785115945,303,4038,334,4276,3532,1798,5329,11,0
295785127037,91,2734,99,2206,3532,1799,5330,11,0
295785138167,449,2842,400,14562,3533,1799,5331,11,0
295785149577,287,3958,199,7802,3534,1799,5332,11,0
295785160394,92,3478,95,1798,3534,1800,5333,11,0
295785171734,304,3002,300,14829,3535,1800,5334,11,0
295785182669,414,4617,190,7488,3536,1800,5335,11,0
295785193509,88,3021,97,1869,3536,1801,5336,11,0
295785205132,313,2797,319,15370,3537,1801,5337,11,0
295785216288,319,3779,194,7382,3538,1801,5338,11,0
295785227452,87,2974,185,1862,3538,1802,5339,11,0
295785238568,308,2846,96,2134,3539,1802,5340,11,0
295785249393,345,3397,325,15045,3540,1802,5341,11,0
295785260382,88,2954,113,2320,3540,1803,5342,11,0
295785271465,291,3400,213,8158,3541,1803,5343,11,0
295785282539,350,3561,381,15199,3542,1803,5344,11,0
295785294165,95,3308,113,2315,3542,1804,5345,11,0
295785305261,293,3062,177,2607,3543,1804,5346,11,0
295785316367,290,3321,96,1392,3544,1804,5347,11,0
295785327400,95,2789,76,675,3544,1805,5348,11,0
295785338228,566,2990,258,675,3545,1805,5349,11,0
295785349517,321,3310,106,675,3546,1805,5350,11,0
295785360345,97,3103,83,675,3546,1806,5351,11,0
295785371437,302,2911,653,35198,3547,1806,5352,11,0
295785382765,274,3505,330,16217,3548,1806,5353,11,0
295785394055,100,2746,115,2485,3548,1807,5354,11,0
295785405217,311,2734,193,7832,3549,1807,5355,11,0
295785416327,308,3047,358,15119,3550,1807,5356,11,0
295785427422,85,2759,155,2039,3550,1808,5357,11,0
295785438615,296,2999,302,8019,3551,1808,5358,11,0
295785449638,421,3721,367,15240,3552,1808,5359,11,0
295785460891,87,2769,139,2201,3552,1809,5360,11,0
295785471494,306,2885,193,7848,3553,1809,5361,11,0
295785482988,291,3526,97,2036,3554,1809,5362,11,0
295785494476,281,3337,111,1801,3554,1810,5363,11,0
295785505034,365,3306,315,15063,3555,1810,5364,11,0
295785516346,298,3789,203,8142,3556,1810,5365,11,0
295785527156,95,2916,109,1917,3556,1811,5366,11,0
295785538700,455,2901,339,15117,3557,1811,5367,11,0
295785549749,310,3166,96,1506,3558,1811,5368,11,0
295785560699,91,2727,78,747,3558,1812,5369,11,0
295785571749,308,2731,78,732,3559,1812,5370,11,0
295785583435,297,3149,652,32530,3560,1812,5371,11,0
295785593586,106,3217,136,3655,3560,1813,5372,11,0
295785605182,310,3301,206,8222,3561,1813,5373,11,0
295785616180,317,3288,99,2062,3562,1813,5374,11,0
295785627331,96,2773,240,1739,3562,1814,5375,11,0
295785638696,300,3255,292,13981,3563,1814,5376,11,0
295785649628,280,3873,196,7825,3564,1814,5377,11,0
295785660663,88,2765,99,1784,3564,1815,5378,11,0
295785671500,360,3448,306,14854,3565,1815,5379,11,0
295785682630,293,3622,191,7174,3566,1815,5380,11,0
295785693708,92,3480,98,2025,3566,1816,5381,11,0
295785705049,300,2835,325,15361,3567,1816,5382,11,0
295785716248,288,3681,193,7706,3568,1816,5383,11,0
295785727301,87,2933,98,1780,3568,1817,5384,11,0
295785738554,313,3192,100,2060,3569,1817,5385,11,0
295785749643,286,3323,314,15415,3570,1817,5386,11,0
295785760931,94,2800,106,2311,3570,1818,5387,11,0
295785771855,352,3259,211,8199,3571,1818,5388,11,0
295785782993,281,4331,313,15170,3572,1818,5389,11,0
295785793622,87,2943,106,2389,3572,1819,5390,11,0
295785805175,320,3245,121,2566,3573,1819,5391,11,0
295785816254,311,3775,92,1300,3574,1819,5392,11,0
295785827504,86,2754,73,668,3574,1820,5393,11,0
295785838111,358,3301,660,32545,3575,1820,5394,11,0
295785849464,295,3814,224,9474,3576,1820,5395,11,0
295785860738,95,3315,112,2276,3576,1821,5396,11,0
295785871962,363,3091,122,2409,3577,1821,5397,11,0
295785882607,626,3476,334,13810,3578,1821,5398,11,0
295785893643,112,2735,101,1968,3578,1822,5399,11,0
295785904966,302,3190,196,7841,3579,1822,5400,11,0
295785916005,317,3343,305,14898,3580,1822,5401,11,0
295785927038,87,3330,102,2202,3580,1823,5402,11,0
295785938164,318,3095,289,8121,3581,1823,5403,11,0
295785949409,302,3462,403,15252,3582,1823,5404,11,0
295785961217,103,3644,112,2142,3582,1824,5405,11,0
295785971615,344,3267,202,7839,3583,1824,5406,11,0
295785982665,283,3393,100,2228,3584,1824,5407,11,0
295785993751,87,3587,105,1938,3584,1825,5408,11,0
295786005108,306,3219,316,14991,3585,1825,5409,11,0
295786016271,293,3717,98,1808,3586,1825,5410,11,0
295786027214,101,2829,78,765,3586,1826,5411,11,0
295786038242,307,3023,643,33023,3587,1826,5412,11,0
295786049310,309,3572,167,3719,3588,1826,5413,11,0
295786060294,93,2816,94,2129,3588,1827,5414,11,0
295786071873,291,3396,193,7443,3589,1827,5415,11,0
295786082762,286,3869,316,14694,3590,1827,5416,11,0
295786094069,91,2721,130,2167,3590,1828,5417,11,0
295786105152,307,3769,195,7835,3591,1828,5418,11,0
295786116238,283,3610,102,2175,3592,1828,5419,11,0
295786127482,97,3029,105,1834,3592,1829,5420,11,0
295786138616,356,2839,375,14430,3593,1829,5421,11,0
295786149405,287,3633,274,7872,3594,1829,5422,11,0
295786160585,97,2765,95,1841,3594,1830,5423,11,0
295786171761,342,3313,263,12264,3595,1830,5424,11,0
295786182962,314,3778,191,7183,3596,1830,5425,11,0
295786194337,94,2874,97,1867,3596,1831,5426,11,0
295786204964,421,3326,388,15239,3597,1831,5427,11,0
295786216133,282,3811,194,7783,3598,1831,5428,11,0
295786227159,96,2737,94,1951,3598,1832,5429,11,0
295786238404,446,3234,127,2225,3599,1832,5430,11,0
295786249622,304,3240,335,13884,3600,1832,5431,11,0
295786260473,87,2741,78,1113,3600,1833,5432,11,0
295786271601,400,3230,118,1273,3601,1833,5433,11,0
295786282796,399,3412,663,33106,3602,1833,5434,11,0
295786293691,97,2989,152,3583,3602,1834,5435,11,0
295786304769,373,3789,124,2220,3603,1834,5436,11,0
295786316017,326,3594,192,7367,3604,1834,5437,11,0
295786327229,95,3014,99,1930,3604,1835,5438,11,0
295786338366,296,2969,303,14658,3605,1835,5439,11,0
295786349226,280,3914,187,7440,3606,1835,5440,11,0
295786360282,98,2741,102,2021,3606,1836,5441,11,0
295786371536,303,3057,112,2414,3607,1836,5442,11,0
295786382598,280,3747,357,14437,3608,1836,5443,11,0
295786394188,88,2974,102,1975,3608,1837,5444,11,0
295786405281,511,2833,210,7920,3609,1837,5445,11,0
295786416328,278,3315,294,12978,3610,1837,5446,11,0
295786427664,94,2757,100,2044,3610,1838,5447,11,0
295786438178,310,2755,187,7178,3611,1838,5448,11,0
295786449461,328,3435,330,15402,3612,1838,5449,11,0
295786460728,101,3638,107,2203,3612,1839,5450,11,0
295786472081,308,3387,196,7940,3613,1839,5451,11,0
295786482611,285,3738,100,2127,3614,1839,5452,11,0
295786493478,132,3302,96,1716,3614,1840,5453,11,0
295786505210,301,2968,301,13949,3615,1840,5454,11,0
295786516035,287,3528,103,1553,3616,1840,5455,11,0
295786527064,89,2832,74,767,3616,1841,5456,11,0
295786538212,294,3236,592,33226,3617,1841,5457,11,0
295786549323,286,3650,153,3722,3618,1841,5458,11,0
295786561049,86,3355,106,2101,3618,1842,5459,11,0
295786571490,320,3352,186,7381,3619,1842,5460,11,0
295786582522,316,3910,424,14662,3620,1842,5461,11,0
295786594364,96,2886,101,2102,3620,1843,5462,11,0
295786605067,344,3408,195,7736,3621,1843,5463,11,0
295786616172,287,3268,98,2169,3622,1843,5464,11,0
295786627328,92,3591,100,1894,3622,1844,5465,11,0
295786638540,312,2810,300,14467,3623,1844,5466,11,0
295786649616,344,3427,326,7865,3624,1844,5467,11,0
295786660907,128,3079,231,1779,3624,1845,5468,11,0
295786671644,316,2948,266,12229,3625,1845,5469,11,0
295786682792,278,3917,177,6831,3626,1845,5470,11,0
295786694109,112,2864,97,1723,3626,1846,5471,11,0
295786705169,313,3167,302,14199,3627,1846,5472,11,0
295786716351,287,3765,79,1100,3628,1846,5473,11,0
295786727667,91,2727,109,712,3628,1847,5474,11,0
295786738153,299,2804,697,35340,3629,1847,5475,11,0
295786749293,327,3487,434,17435,3630,1847,5476,11,0
295786760519,88,3054,115,2534,3630,1848,5477,11,0
295786771593,296,3567,196,7942,3631,1848,5478,11,0
295786782760,308,3330,310,15027,3632,1848,5479,11,0
295786794164,108,2844,119,2236,3632,1849,5480,11,0
295786805278,303,3789,114,2452,3633,1849,5481,11,0
295786815931,288,3744,188,7225,3634,1849,5482,11,0
295786827129,259,2738,100,1889,3634,1850,5483,11,0
295786838299,355,2786,422,15054,3635,1850,5484,11,0
295786849589,443,3295,202,7553,3636,1850,5485,11,0
295786860471,125,2874,93,1818,3636,1851,5486,11,0
295786871905,323,2887,103,2118,3637,1851,5487,11,0
295786882929,332,3743,300,14544,3638,1851,5488,11,0
295786894109,110,2743,188,1998,3638,1852,5489,11,0
295786905053,311,3026,140,2313,3639,1852,5490,11,0
295786916344,343,3375,127,1473,3640,1852,5491,11,0
295786927288,184,3164,88,818,3640,1853,5492,11,0
295786938198,298,3024,133,898,3641,1853,5493,11,0
295786949618,371,3671,743,35025,3642,1853,5494,11,0
295786960381,135,2891,137,3704,3642,1854,5495,11,0
295786971845,316,3818,347,15502,3643,1854,5496,11,0
295786983174,312,3602,187,7073,3644,1854,5497,11,0
295786993774,119,3008,101,1916,3644,1855,5498,11,0
295787004841,337,2800,310,14766,3645,1855,5499,11,0
295787015948,321,3448,522,8177,3646,1855,5500,11,0
295787027239,89,2856,101,1815,3646,1856,5501,11,0
295787038116,313,2905,394,14920,3647,1856,5502,11,0
295787049313,428,3252,120,2571,3648,1856,5503,11,0
295787060756,108,2769,98,1972,3648,1857,5504,11,0
295787071528,411,3306,197,7433,3649,1857,5505,11,0
295787083438,413,3806,335,15239,3650,1857,5506,11,0
295787093773,115,2793,117,2221,3650,1858,5507,11,0
295787105167,309,2905,90,1258,3651,1858,5508,11,0
295787116051,354,3862,77,700,3652,1858,5509,11,0
295787126995,89,2728,73,700,3652,1859,5510,11,0
295787138435,306,2816,696,35192,3653,1859,5511,11,0
295787149346,321,3407,230,9479,3654,1859,5512,11,0
295787160309,90,2908,114,2298,3654,1860,5513,11,0
295787171425,318,3292,282,13586,3655,1860,5514,11,0
295787182626,330,3388,112,2446,3656,1860,5515,11,0
295787193883,89,3081,95,1848,3656,1861,5516,11,0
295787205082,345,2832,123,2123,3657,1861,5517,11,0
295787216176,327,3447,249,7559,3658,1861,5518,11,0
295787227230,87,2796,99,1807,3658,1862,5519,11,0
295787238388,350,3422,112,2088,3659,1862,5520,11,0
295787249347,301,3324,361,14821,3660,1862,5521,11,0
295787260868,84,3221,118,1957,3660,1863,5522,11,0
295787271967,332,2828,191,7649,3661,1863,5523,11,0
295787283014,475,3452,325,14955,3662,1863,5524,11,0
295787294303,86,2964,115,2123,3662,1864,5525,11,0
295787304928,476,3210,114,2439,3663,1864,5526,11,0
295787315946,295,3946,192,7434,3664,1864,5527,11,0
295787327089,84,2730,93,1879,3664,1865,5528,11,0
295787338187,359,3084,319,15100,3665,1865,5529,11,0
295787352440,433,3428,400,1225,3666,1865,5530,11,0
295787360393,101,2874,75,701,3666,1866,5531,11,0
295787371458,338,3859,79,701,3667,1866,5532,11,0
295787382629,319,4171,78,701,3668,1866,5533,11,0
295787393673,117,2960,94,701,3668,1867,5534,11,0
295787404815,301,3615,772,35240,3669,1867,5535,11,0
295787416110,279,3824,429,16714,3670,1867,5536,11,0
295787427220,108,2741,109,2556,3670,1868,5537,11,0
295787438480,313,3319,117,2452,3671,1868,5538,11,0
295787449596,277,3856,188,7250,3672,1868,5539,11,0
295787460725,97,3413,97,1845,3672,1869,5540,11,0
295787471697,309,2778,103,2231,3673,1869,5541,11,0
295787482929,338,3383,194,1897,3674,1869,5542,11,0
295787493936,98,2724,144,1718,3674,1870,5543,11,0
295787505330,302,3674,297,14199,3675,1870,5544,11,0
295787516085,360,3578,306,8325,3676,1870,5545,11,0
295787527234,94,2771,101,1882,3676,1871,5546,11,0
295787538463,478,3330,312,14879,3677,1871,5547,11,0
295787549707,310,3416,122,2586,3678,1871,5548,11,0
295787560896,90,2976,102,2134,3678,1872,5549,11,0
295787571695,307,3038,176,6534,3679,1872,5550,11,0
295787583021,420,3747,156,5017,3680,1872,5551,11,0
295787593657,95,3132,86,885,3680,1873,5552,11,0
295787605109,302,3147,88,840,3681,1873,5553,11,0
295787616304,335,4031,631,35385,3682,1873,5554,11,0
295787627033,93,3210,138,3865,3682,1874,5555,11,0
295787638446,318,3533,316,14930,3683,1874,5556,11,0
295787649526,294,3443,202,8039,3684,1874,5557,11,0
295787660809,93,2750,104,2108,3684,1875,5558,11,0
295787671643,324,3325,383,15187,3685,1875,5559,11,0
295787682970,281,3269,403,7520,3686,1875,5560,11,0
295787693665,88,2698,95,1881,3686,1876,5561,11,0
295787704940,362,3135,452,15343,3687,1876,5562,11,0
295787716297,293,3808,235,7638,3688,1876,5563,11,0
295787727118,144,3727,1071,1853,3688,1877,5564,11,0
295787738281,326,3015,435,4391,3689,1877,5565,11,0
295787749639,542,3998,82,797,3690,1877,5566,11,0
295787760696,102,2882,80,742,3690,1878,5567,11,0
295787771619,313,3134,622,35361,3691,1878,5568,11,0
295787782886,344,5573,340,16752,3692,1878,5569,11,0
295787794045,149,2915,115,2630,3692,1879,5570,11,0
295787805177,352,3016,127,2526,3693,1879,5571,11,0
295787816147,335,4335,200,7228,3694,1879,5572,11,0
295787827393,89,2888,107,1933,3694,1880,5573,11,0
295787838223,346,2999,377,14977,3695,1880,5574,11,0
295787850336,309,3722,183,6786,3696,1880,5575,11,0
295787860721,95,2902,89,841,3696,1881,5576,11,0
295787871728,444,3851,141,4266,3697,1881,5577,11,0
295787882665,292,3559,79,825,3698,1881,5578,11,0
295787893794,97,3637,116,799,3698,1882,5579,11,0
295787905143,311,3267,628,35392,3699,1882,5580,11,0
295787916534,419,3506,495,16741,3700,1882,5581,11,0
295787927203,138,2762,111,2602,3700,1883,5582,11,0
295787939996,469,2851,120,2579,3701,1883,5583,11,0
295787949616,737,3528,129,2078,3702,1883,5584,11,0
295787960828,212,3040,164,1923,3702,1884,5585,11,0
295787972296,294,3614,192,7667,3703,1884,5586,11,0
295787983000,290,3189,96,2087,3704,1884,5587,11,0
295787994039,84,3035,98,1804,3704,1885,5588,11,0
295788004781,360,2866,443,14290,3705,1885,5589,11,0
295788016320,356,3750,218,8521,3706,1885,5590,11,0
295788027045,88,3118,106,2055,3706,1886,5591,11,0
295788038346,394,3469,322,14934,3707,1886,5592,11,0
295788049417,325,3443,106,1589,3708,1886,5593,11,0
295788060429,100,3034,102,790,3708,1887,5594,11,0
295788071541,306,3879,790,35157,3709,1887,5595,11,0
295788082988,461,3859,384,17498,3710,1887,5596,11,0
295788094239,89,3225,121,2599,3710,1888,5597,11,0
295788105117,362,2939,193,7883,3711,1888,5598,11,0
295788116315,414,3543,113,2310,3712,1888,5599,11,0
295788127359,115,2898,126,2000,3712,1889,5600,11,0
295788138494,344,2859,555,14574,3713,1889,5601,11,0
295788151129,424,3561,240,8071,3714,1889,5602,11,0
295788161067,112,3806,191,1907,3714,1890,5603,11,0
295788172678,442,3994,303,12374,3715,1890,5604,11,0
295788182859,353,4483,106,1392,3716,1890,5605,11,0
295788194030,128,3568,81,705,3716,1891,5606,11,0
295788204870,296,2857,723,35089,3717,1891,5607,11,0
295788216004,327,3520,343,17310,3718,1891,5608,11,0
295788227054,90,3255,115,2539,3718,1892,5609,11,0
295788238588,325,2843,266,8470,3719,1892,5610,11,0
295788249783,315,3902,303,14631,3720,1892,5611,11,0
295788260586,135,3275,203,2183,3720,1893,5612,11,0
295788272324,295,2806,211,8458,3721,1893,5613,11,0
295788282840,286,3220,311,15079,3722,1893,5614,11,0
295788294084,148,2752,112,2285,3722,1894,5615,11,0
295788304820,392,3324,203,2537,3723,1894,5616,11,0
295788316315,293,3784,194,7473,3724,1894,5617,11,0
295788327217,91,2928,99,1889,3724,1895,5618,11,0
295788338481,317,2746,317,15410,3725,1895,5619,11,0
295788349144,312,3755,196,7648,3726,1895,5620,11,0
295788360644,131,2850,97,1778,3726,1896,5621,11,0
295788371870,318,3552,472,12612,3727,1896,5622,11,0
295788382941,310,4366,130,1470,3728,1896,5623,11,0
295788394548,87,2748,73,688,3728,1897,5624,11,0
295788404943,300,2803,83,688,3729,1897,5625,11,0
295788415947,290,3907,829,33238,3730,1897,5626,11,0
295788427397,97,2774,134,3586,3730,1898,5627,11,0
295788438283,311,2927,107,2242,3731,1898,5628,11,0
295788449415,314,3813,191,7261,3732,1898,5629,11,0
295788460429,88,2975,95,1838,3732,1899,5630,11,0
295788471763,427,2886,135,2159,3733,1899,5631,11,0
295788482703,464,3305,105,1888,3734,1899,5632,11,0
295788493924,88,2945,97,1701,3734,1900,5633,11,0
295788505082,309,3214,302,14043,3735,1900,5634,11,0
295788516443,369,2854,210,8262,3736,1900,5635,11,0
295788527379,93,2879,124,2056,3736,1901,5636,11,0
295788538495,304,3091,301,14855,3737,1901,5637,11,0
295788550346,372,3397,171,2723,3738,1901,5638,11,0
295788560540,90,3380,112,1934,3738,1902,5639,11,0
295788571762,304,3260,192,7216,3739,1902,5640,11,0
295788582882,280,3377,316,15198,3740,1902,5641,11,0
295788593906,87,2890,101,1952,3740,1903,5642,11,0
295788605166,339,2941,261,7635,3741,1903,5643,11,0
295788616415,427,2914,142,4515,3742,1903,5644,11,0
295788627791,137,2930,79,788,3742,1904,5645,11,0
295788638329,309,3057,699,35511,3743,1904,5646,11,0
295788649583,312,3168,224,9614,3744,1904,5647,11,0
295788660903,87,2801,101,2205,3744,1905,5648,11,0
295788671603,289,2828,287,13834,3745,1905,5649,11,0
295788682989,293,3004,106,2406,3746,1905,5650,11,0
295788693860,89,2843,98,1884,3746,1906,5651,11,0
295788704944,455,3353,104,2213,3747,1906,5652,11,0
295788715940,285,3368,187,7559,3748,1906,5653,11,0
295788727303,89,3184,97,1823,3748,1907,5654,11,0
295788738350,359,2750,98,2173,3749,1907,5655,11,0
295788749439,290,3733,331,14213,3750,1907,5656,11,0
295788760801,118,2808,163,2183,3750,1908,5657,11,0
295788771376,331,2906,253,8848,3751,1908,5658,11,0
295788782916,296,3301,313,15162,3752,1908,5659,11,0
295788793641,83,3048,108,2375,3752,1909,5660,11,0
295788804762,299,2709,107,2437,3753,1909,5661,11,0
295788815883,444,3341,150,1230,3754,1909,5662,11,0
295788827460,108,2948,83,656,3754,1910,5663,11,0
295788838526,366,2909,80,653,3755,1910,5664,11,0
295788849236,325,3472,851,35382,3756,1910,5665,11,0
295788860552,83,2851,132,3909,3756,1911,5666,11,0
295788871795,317,3200,136,2433,3757,1911,5667,11,0
295788882791,288,3304,298,14431,3758,1911,5668,11,0
295788893680,86,3629,97,2128,3758,1912,5669,11,0
295788905069,310,2774,196,7672,3759,1912,5670,11,0
295788916288,317,3465,313,15092,3760,1912,5671,11,0
295788927108,86,3361,98,2164,3760,1913,5672,11,0
295788938218,318,2841,203,8149,3761,1913,5673,11,0
295788949432,394,3434,323,15333,3762,1913,5674,11,0
295788960404,119,3339,98,2062,3762,1914,5675,11,0
295788971498,297,2880,279,7715,3763,1914,5676,11,0
295788982736,506,3089,101,2215,3764,1914,5677,11,0
295788993826,88,3145,101,1922,3764,1915,5678,11,0
295789004887,314,3804,303,14550,3765,1915,5679,11,0
295789015912,281,3880,221,8900,3766,1915,5680,11,0
295789026995,86,3168,102,1992,3766,1916,5681,11,0
295789038168,303,3708,312,15087,3767,1916,5682,11,0
295789049191,304,3419,95,1736,3768,1916,5683,11,0
295789060636,120,2862,74,966,3768,1917,5684,11,0
295789071746,306,2899,724,37136,3769,1917,5685,11,0
295789082350,358,3540,485,17139,3770,1917,5686,11,0
295789093909,87,3189,122,2720,3770,1918,5687,11,0
295789104939,313,2815,209,8300,3771,1918,5688,11,0
295789116319,285,3909,97,2057,3772,1918,5689,11,0
295789127283,85,3433,93,1799,3772,1919,5690,11,0
295789138055,290,3076,349,14567,3773,1919,5691,11,0
295789149239,359,3648,201,8027,3774,1919,5692,11,0
295789160442,88,3453,102,1989,3774,1920,5693,11,0
295789171559,313,2786,333,15319,3775,1920,5694,11,0
295789182938,330,3463,237,7468,3776,1920,5695,11,0
295789194220,86,3747,105,1837,3776,1921,5696,11,0
295789205103,328,2894,365,15467,3777,1921,5697,11,0
295789216160,308,3464,194,8008,3778,1921,5698,11,0
295789227514,96,3440,103,1941,3778,1922,5699,11,0
295789238557,310,3760,105,2213,3779,1922,5700,11,0
295789249849,300,3769,341,14898,3780,1922,5701,11,0
295789260258,85,2727,105,2305,3780,1923,5702,11,0
295789271421,301,3825,93,1569,3781,1923,5703,11,0
295789282647,284,3327,73,685,3782,1923,5704,11,0
295789293637,95,3361,81,679,3782,1924,5705,11,0
295789305130,386,2796,660,33699,3783,1924,5706,11,0
295789316402,439,3289,392,9123,3784,1924,5707,11,0
295789327340,83,2970,110,2372,3784,1925,5708,11,0
295789338489,305,3418,351,14650,3785,1925,5709,11,0
295789349303,312,3773,197,7605,3786,1925,5710,11,0
295789360769,102,3611,106,1923,3786,1926,5711,11,0
295789371784,293,3529,110,2310,3787,1926,5712,11,0
295789382946,369,3649,341,14282,3788,1926,5713,11,0
295789393526,85,2850,190,2213,3788,1927,5714,11,0
295789405227,435,3373,203,8157,3789,1927,5715,11,0
295789416369,333,3236,321,15099,3790,1927,5716,11,0
295789427094,90,2951,98,2240,3790,1928,5717,11,0
295789438289,300,3259,207,8202,3791,1928,5718,11,0
295789449302,293,3750,388,15345,3792,1928,5719,11,0
295789460347,123,2928,97,2128,3792,1929,5720,11,0
295789471523,304,3912,193,7718,3793,1929,5721,11,0
295789482553,307,3771,101,2125,3794,1929,5722,11,0
295789494075,87,2767,101,1646,3794,1930,5723,11,0
295789505151,304,2791,151,5007,3795,1930,5724,11,0
295789516761,314,3287,84,826,3796,1930,5725,11,0
295789527591,94,3398,81,757,3796,1931,5726,11,0
295789538732,305,3895,610,32683,3797,1931,5727,11,0
295789549474,330,3636,140,3736,3798,1931,5728,11,0
295789561005,95,2725,96,2088,3798,1932,5729,11,0
295789571442,303,3170,187,7266,3799,1932,5730,11,0
295789582646,388,3622,302,14697,3800,1932,5731,11,0
295789593789,87,3330,102,2100,3800,1933,5732,11,0
295789604908,297,2716,191,7645,3801,1933,5733,11,0
295789616231,300,3178,111,2312,3802,1933,5734,11,0
295789627249,85,3068,96,1942,3802,1934,5735,11,0
295789638377,290,3209,301,14478,3803,1934,5736,11,0
295789649472,345,3549,121,2411,3804,1934,5737,11,0
295789660898,103,3709,102,1930,3804,1935,5738,11,0
295789671559,303,3952,95,1397,3805,1935,5739,11,0
295789682680,281,3662,76,1094,3806,1935,5740,11,0
295789693986,153,3322,77,671,3806,1936,5741,11,0
295789705073,298,3038,1113,34596,3807,1936,5742,11,0
295789716210,292,3809,338,17171,3808,1936,5743,11,0
295789727047,84,3622,110,2479,3808,1937,5744,11,0
295789738686,308,2736,291,8375,3809,1937,5745,11,0
295789749601,543,3357,423,14373,3810,1937,5746,11,0
295789760636,93,3494,167,2025,3810,1938,5747,11,0
295789771526,293,3181,268,8534,3811,1938,5748,11,0
295789782563,293,4661,326,14998,3812,1938,5749,11,0
295789793682,96,2736,107,2274,3812,1939,5750,11,0
295789805280,312,3301,117,2505,3813,1939,5751,11,0
295789816190,283,3239,193,7671,3814,1939,5752,11,0
295789827518,91,2749,97,1876,3814,1940,5753,11,0
295789838183,287,2746,316,15374,3815,1940,5754,11,0
295789849335,329,3358,220,7662,3816,1940,5755,11,0
295789860718,88,3349,103,1972,3816,1941,5756,11,0
295789871737,301,2852,118,2283,3817,1941,5757,11,0
295789882928,367,3401,105,2119,3818,1941,5758,11,0
295789894192,92,3434,100,1378,3818,1942,5759,11,0
295789904957,311,3499,170,6202,3819,1942,5760,11,0
295789916101,353,3758,86,868,3820,1942,5761,11,0
295789926941,160,2909,82,742,3820,1943,5762,11,0
295789938622,661,3049,843,33748,3821,1943,5763,11,0
295789950105,528,3503,244,9228,3822,1943,5764,11,0
295789960571,309,2997,371,2259,3822,1944,5765,11,0
295789971731,463,2847,111,2374,3823,1944,5766,11,0
295789983046,354,3395,114,1995,3824,1944,5767,11,0
295789993673,108,3330,116,1790,3824,1945,5768,11,0
295790005049,393,3699,367,14753,3825,1945,5769,11,0
295790015817,322,3987,189,7856,3826,1945,5770,11,0
295790027308,88,2903,96,1905,3826,1946,5771,11,0
295790038140,301,3048,384,14806,3827,1946,5772,11,0
295790049462,291,3381,112,2702,3828,1946,5773,11,0
295790060659,95,3155,99,1994,3828,1947,5774,11,0
295790071494,295,3222,190,7261,3829,1947,5775,11,0
295790082575,395,3154,349,15190,3830,1947,5776,11,0
295790093913,82,3687,103,2065,3830,1948,5777,11,0
295790105017,293,2762,93,1226,3831,1948,5778,11,0
295790115960,348,3317,78,643,3832,1948,5779,11,0
295790127026,87,2866,208,643,3832,1949,5780,11,0
295790138312,300,2844,738,35323,3833,1949,5781,11,0
295790149645,345,3241,231,9479,3834,1949,5782,11,0
295790160813,127,3335,102,2183,3834,1950,5783,11,0
295790171914,396,2860,394,13568,3835,1950,5784,11,0
295790183618,308,3030,183,2385,3836,1950,5785,11,0
295790193733,88,3293,99,1854,3836,1951,5786,11,0
295790204920,390,3333,113,2143,3837,1951,5787,11,0
295790216066,310,3796,190,7611,3838,1951,5788,11,0
295790227025,86,3702,102,1770,3838,1952,5789,11,0
295790238439,296,2796,98,2060,3839,1952,5790,11,0
295790249604,279,3534,306,14823,3840,1952,5791,11,0
295790260282,90,2764,105,1977,3840,1953,5792,11,0
295790271465,404,3155,197,7797,3841,1953,5793,11,0
295790282725,291,3135,371,14936,3842,1953,5794,11,0
295790293594,94,3164,115,2323,3842,1954,5795,11,0
295790304847,318,3361,220,2647,3843,1954,5796,11,0
295790316004,392,3290,189,7474,3844,1954,5797,11,0
295790327338,94,3182,142,1854,3844,1955,5798,11,0
295790338391,332,3390,164,4180,3845,1955,5799,11,0
295790349982,439,3325,84,742,3846,1955,5800,11,0
295790360773,107,2978,85,692,3846,1956,5801,11,0
295790371425,290,3155,767,35068,3847,1956,5802,11,0
295790382523,301,3938,474,16285,3848,1956,5803,11,0
295790393846,92,2766,120,2562,3848,1957,5804,11,0
295790404926,303,2807,401,7926,3849,1957,5805,11,0
295790416057,292,3267,421,15037,3850,1957,5806,11,0
295790427608,91,2780,143,2233,3850,1958,5807,11,0
295790438504,312,3052,120,2429,3851,1958,5808,11,0
295790449461,285,3903,102,2202,3852,1958,5809,11,0
295790460418,88,3006,98,1820,3852,1959,5810,11,0
295790471627,309,3047,321,7632,3853,1959,5811,11,0
295790483347,324,3190,112,2071,3854,1959,5812,11,0
295790494251,98,3389,186,1801,3854,1960,5813,11,0
295790505104,327,3093,316,14918,3855,1960,5814,11,0
295790516446,298,3813,242,8045,3856,1960,5815,11,0
295790527352,88,2784,102,1843,3856,1961,5816,11,0
295790538408,317,3324,299,14885,3857,1961,5817,11,0
295790549749,285,3679,118,2652,3858,1961,5818,11,0
295790560663,85,2725,99,2080,3858,1962,5819,11,0
295790571902,356,3286,97,1227,3859,1962,5820,11,0
295790582995,290,2952,80,629,3860,1962,5821,11,0
295790593559,86,3480,74,629,3860,1963,5822,11,0
295790604717,303,2894,617,35040,3861,1963,5823,11,0
295790616409,328,2892,190,4146,3862,1963,5824,11,0
295790626924,92,2898,100,2145,3862,1964,5825,11,0
295790638411,298,3787,296,14364,3863,1964,5826,11,0
295790649475,288,3765,196,7645,3864,1964,5827,11,0
295790660603,85,2701,94,1882,3864,1965,5828,11,0
295790671730,310,2796,387,14851,3865,1965,5829,11,0
295790683103,596,3276,320,7266,3866,1965,5830,11,0
295790694196,99,3719,134,1897,3866,1966,5831,11,0
295790704990,396,3002,379,15119,3867,1966,5832,11,0
295790716135,325,3538,198,7708,3868,1966,5833,11,0
295790727357,85,2776,102,1883,3868,1967,5834,11,0
295790738295,404,3341,106,2106,3869,1967,5835,11,0
295790749640,296,3335,316,15243,3870,1967,5836,11,0
295790760846,88,2748,114,2383,3870,1968,5837,11,0
295790771671,298,3173,99,1523,3871,1968,5838,11,0
295790783083,309,2784,75,666,3872,1968,5839,11,0
295790793809,93,3012,127,666,3872,1969,5840,11,0
295790805285,315,3226,84,666,3873,1969,5841,11,0
295790816174,313,3811,664,35045,3874,1969,5842,11,0
295790827132,95,3443,139,3943,3874,1970,5843,11,0
295790838206,308,3289,322,15529,3875,1970,5844,11,0
295790850229,388,3307,195,7477,3876,1970,5845,11,0
295790861446,111,3260,113,2016,3876,1971,5846,11,0
295790871945,305,2730,113,2378,3877,1971,5847,11,0
295790882957,386,3372,370,14319,3878,1971,5848,11,0
295790893833,149,3242,123,1990,3878,1972,5849,11,0
295790904799,301,3473,214,7857,3879,1972,5850,11,0
295790916272,302,3698,322,15006,3880,1972,5851,11,0
295790927106,91,3503,114,2267,3880,1973,5852,11,0
295790938199,311,3786,207,8177,3881,1973,5853,11,0
295790949987,311,2831,356,15318,3882,1973,5854,11,0
295790960322,85,2790,151,2214,3882,1974,5855,11,0
295790971415,529,3519,195,7775,3883,1974,5856,11,0
295790983147,336,3740,102,2098,3884,1974,5857,11,0
295790994032,147,3075,88,1863,3884,1975,5858,11,0
295791004751,304,3791,295,13712,3885,1975,5859,11,0
295791016085,304,3934,689,37418,3886,1975,5860,11,0
295791027168,92,2868,135,3625,3886,1976,5861,11,0
295791038973,331,3113,325,15430,3887,1976,5862,11,0
295791050450,305,3591,117,2744,3888,1976,5863,11,0
295791060312,89,3421,102,2093,3888,1977,5864,11,0
295791071731,311,2852,260,7712,3889,1977,5865,11,0
295791083201,296,2986,325,15625,3890,1977,5866,11,0
295791093682,90,2936,102,2085,3890,1978,5867,11,0
295791104946,298,3023,197,7737,3891,1978,5868,11,0
295791116347,289,3522,105,2191,3892,1978,5869,11,0
295791127303,192,2916,99,1869,3892,1979,5870,11,0
295791138303,344,3277,377,14524,3893,1979,5871,11,0
295791149581,330,3062,121,2672,3894,1979,5872,11,0
295791160300,88,2722,117,2154,3894,1980,5873,11,0
295791171443,302,2804,99,1704,3895,1980,5874,11,0
295791182475,321,3803,759,33481,3896,1980,5875,11,0
295791194024,96,2943,206,3699,3896,1981,5876,11,0
295791205222,312,3985,264,7727,3897,1981,5877,11,0
295791215652,301,3895,100,2254,3898,1981,5878,11,0
295791227330,99,2891,100,1868,3898,1982,5879,11,0
295791238146,468,3159,103,2116,3899,1982,5880,11,0
295791249276,285,3779,305,14878,3900,1982,5881,11,0
295791261649,93,2901,106,2081,3900,1983,5882,11,0
295791271663,302,2812,203,8074,3901,1983,5883,11,0
295791282698,380,3232,317,15009,3902,1983,5884,11,0
295791294115,89,3919,107,2173,3902,1984,5885,11,0
295791304854,328,3722,120,2428,3903,1984,5886,11,0
295791316161,507,3739,188,6827,3904,1984,5887,11,0
295791327534,96,3008,93,1605,3904,1985,5888,11,0
295791338281,310,2977,137,4211,3905,1985,5889,11,0
295791349365,291,3818,703,35144,3906,1985,5890,11,0
295791360098,97,2733,129,3769,3906,1986,5891,11,0
295791371448,364,3600,270,2465,3907,1986,5892,11,0
295791382487,314,3533,445,14533,3908,1986,5893,11,0
295791393578,238,3257,104,2092,3908,1987,5894,11,0
295791404856,297,3033,193,7673,3909,1987,5895,11,0
295791416071,279,3922,484,15133,3910,1987,5896,11,0
295791427318,109,2868,114,2371,3910,1988,5897,11,0
295791438242,298,3200,209,8266,3911,1988,5898,11,0
295791449596,288,3281,322,15426,3912,1988,5899,11,0
295791460480,90,2782,137,2110,3912,1989,5900,11,0
295791471536,335,3304,191,7766,3913,1989,5901,11,0
295791482616,280,3764,97,2041,3914,1989,5902,11,0
295791493865,87,2790,105,1808,3914,1990,5903,11,0
295791505007,477,2893,345,14443,3915,1990,5904,11,0
295791516180,306,3298,277,8476,3916,1990,5905,11,0
295791527458,90,3389,106,1961,3916,1991,5906,11,0
295791537987,298,3216,308,14989,3917,1991,5907,11,0
295791549790,444,3299,312,2381,3918,1991,5908,11,0
295791560651,87,3574,102,1533,3918,1992,5909,11,0
295791571823,345,2769,171,1654,3919,1992,5910,11,0
295791582705,404,3276,79,661,3920,1992,5911,11,0
295791594008,97,2922,79,656,3920,1993,5912,11,0
295791605184,320,3943,688,35063,3921,1993,5913,11,0
295791615933,329,3305,243,3945,3922,1993,5914,11,0
295791627761,98,3131,105,2151,3922,1994,5915,11,0
295791638392,300,3238,301,14376,3923,1994,5916,11,0
295791649784,311,3208,199,7653,3924,1994,5917,11,0
295791660760,101,3398,104,1924,3924,1995,5918,11,0
295791671760,286,2938,399,14853,3925,1995,5919,11,0
295791682598,286,3411,278,7457,3926,1995,5920,11,0
295791693931,87,2754,97,1898,3926,1996,5921,11,0
295791705044,291,2933,435,15257,3927,1996,5922,11,0
295791716145,320,3791,196,7865,3928,1996,5923,11,0
295791727127,90,3724,104,1938,3928,1997,5924,11,0
295791738503,320,3339,101,2206,3929,1997,5925,11,0
295791749994,311,3532,299,14254,3930,1997,5926,11,0
295791760481,88,2723,95,1494,3930,1998,5927,11,0
295791771633,368,3295,104,1923,3931,1998,5928,11,0
295791783015,317,4105,663,33160,3932,1998,5929,11,0
295791794059,99,3256,151,3609,3932,1999,5930,11,0
295791805194,310,2790,100,2242,3933,1999,5931,11,0
295791816450,376,3296,237,7296,3934,1999,5932,11,0
295791827190,86,2860,97,1955,3934,2000,5933,11,0
295791838531,400,2929,373,14530,3935,2000,5934,11,0
295791850026,339,2796,206,7539,3936,2000,5935,11,0
295791860302,107,3040,110,1913,3936,2001,5936,11,0
295791871807,303,2736,99,2239,3937,2001,5937,11,0
295791882912,325,3346,343,14395,3938,2001,5938,11,0
295791894280,89,2870,99,2135,3938,2002,5939,11,0
295791904884,294,2730,190,7866,3939,2002,5940,11,0
295791915879,300,3278,390,13184,3940,2002,5941,11,0
295791927473,99,2911,104,2016,3940,2003,5942,11,0
295791938129,354,2786,192,7201,3941,2003,5943,11,0
295791949182,317,3383,321,15326,3942,2003,5944,11,0
295791960642,91,3028,140,2097,3942,2004,5945,11,0
295791971645,326,3662,190,6898,3943,2004,5946,11,0
295791982693,287,3389,139,4442,3944,2004,5947,11,0
295791993772,90,3317,85,865,3944,2005,5948,11,0
295792005030,307,2854,636,35770,3945,2005,5949,11,0
295792016158,377,3228,238,10173,3946,2005,5950,11,0
295792027701,103,3458,135,2271,3946,2006,5951,11,0
295792038072,326,3216,300,13951,3947,2006,5952,11,0
295792049339,285,3610,113,2425,3948,2006,5953,11,0
295792060332,111,2737,97,1875,3948,2007,5954,11,0
295792071514,296,3206,188,7320,3949,2007,5955,11,0
295792082803,299,3244,305,14472,3950,2007,5956,11,0
295792093697,87,2752,96,2092,3950,2008,5957,11,0
295792104809,293,2965,191,7944,3951,2008,5958,11,0
295792115900,278,3761,100,2140,3952,2008,5959,11,0
295792127385,87,2877,93,1855,3952,2009,5960,11,0
295792138230,343,2836,585,14358,3953,2009,5961,11,0
295792149626,315,2923,110,2440,3954,2009,5962,11,0
295792160736,94,3124,104,1967,3954,2010,5963,11,0
295792171425,302,2750,99,2100,3955,2010,5964,11,0
295792182492,307,3382,186,6537,3956,2010,5965,11,0
295792193822,88,3059,94,1430,3956,2011,5966,11,0
295792204942,353,2806,143,4603,3957,2011,5967,11,0
295792215960,394,3404,75,792,3958,2011,5968,11,0
295792227087,96,2726,72,733,3958,2012,5969,11,0
295792238318,291,3562,652,35079,3959,2012,5970,11,0
295792249364,284,3667,447,16210,3960,2012,5971,11,0
295792260519,85,2729,111,2503,3960,2013,5972,11,0
295792271569,285,2809,204,8573,3961,2013,5973,11,0
295792282941,299,3459,357,15031,3962,2013,5974,11,0
295792293577,91,2926,98,2261,3962,2014,5975,11,0
295792305131,298,2759,111,2489,3963,2014,5976,11,0
295792316010,331,3383,271,7320,3964,2014,5977,11,0
295792327076,89,3540,103,1870,3964,2015,5978,11,0
295792338246,383,2944,424,15112,3965,2015,5979,11,0
295792349458,346,2960,196,7637,3966,2015,5980,11,0
295792360604,87,3004,108,1949,3966,2016,5981,11,0
295792371696,301,3330,115,2275,3967,2016,5982,11,0
295792382746,311,3252,139,2471,3968,2016,5983,11,0
295792393619,83,3139,98,1912,3968,2017,5984,11,0
295792404758,320,2787,338,13904,3969,2017,5985,11,0
295792416285,293,3155,566,32066,3970,2017,5986,11,0
295792427242,82,2702,133,3931,3970,2018,5987,11,0
295792438374,299,2877,113,2899,3971,2018,5988,11,0
295792449574,306,3167,188,7693,3972,2018,5989,11,0
295792460569,85,2936,97,2048,3972,2019,5990,11,0
295792471669,481,3214,108,2405,3973,2019,5991,11,0
295792482675,308,3648,100,2017,3974,2019,5992,11,0
295792493911,86,2735,109,1820,3974,2020,5993,11,0
295792505134,298,3793,334,14503,3975,2020,5994,11,0
295792516255,293,3226,206,8647,3976,2020,5995,11,0
295792527085,87,2946,101,1994,3976,2021,5996,11,0
295792538421,339,3130,315,15043,3977,2021,5997,11,0
295792549552,312,3619,213,2575,3978,2021,5998,11,0
295792560526,187,3161,106,2091,3978,2022,5999,11,0
295792571713,309,3002,190,7440,3979,2022,6000,11,0
295792582940,332,2958,333,15345,3980,2022,6001,11,0
295792593924,88,3367,104,2184,3980,2023,6002,11,0
295792604962,308,3337,203,8013,3981,2023,6003,11,0
295792615988,315,3690,99,1825,3982,2023,6004,11,0
295792627575,101,3387,97,1285,3982,2024,6005,11,0
295792638567,298,3184,108,2097,3983,2024,6006,11,0
295792649126,291,4042,731,34942,3984,2024,6007,11,0
295792660825,98,3123,137,3574,3984,2025,6008,11,0
295792671755,317,5077,329,8657,3985,2025,6009,11,1
295792682563,290,3331,708,33487,3986,2025,6010,11,0
295792694282,98,3009,287,6645,3986,2026,6011,11,0
295792705184,314,3545,134,3821,3987,2026,6012,11,0
295792716515,298,3127,196,7847,3988,2026,6013,11,0
295792727199,147,2749,106,2228,3988,2027,6014,11,0
295792738230,365,2969,113,2590,3989,2027,6015,11,0
295792749582,370,3330,421,13909,3990,2027,6016,11,0
295792760643,96,3127,101,2178,3990,2028,6017,11,0
295792771643,295,3553,244,8741,3991,2028,6018,11,0
295792782579,280,3768,408,15135,3992,2028,6019,11,0
295792793705,87,3117,134,2572,3992,2029,6020,11,0
295792804814,296,3426,116,2821,3993,2029,6021,11,0
295792816219,303,2779,237,7714,3994,2029,6022,11,0
295792827114,88,2768,122,2030,3994,2030,6023,11,0
295792838459,354,3279,315,15343,3995,2030,6024,11,0
295792850151,304,3399,97,1290,3996,2030,6025,11,0
295792860500,86,2715,77,629,3996,2031,6026,11,0
295792871639,344,2827,752,35369,3997,2031,6027,11,0
295792882720,292,3197,335,16354,3998,2031,6028,11,0
295792893949,92,2861,112,2517,3998,2032,6029,11,0
295792905124,421,3293,225,7864,3999,2032,6030,11,0
295792916291,311,3317,336,15044,4000,2032,6031,11,0
295792927532,89,2906,107,2076,4000,2033,6032,11,0
295792938060,299,3765,113,2334,4001,2033,6033,11,0
295792949318,297,3637,103,1930,4002,2033,6034,11,0
295792960332,100,2819,99,1845,4002,2034,6035,11,0
295792971416,293,2835,192,7550,4003,2034,6036,11,0
295792982507,336,3459,96,2127,4004,2034,6037,11,0
295792993882,91,3217,131,1854,4004,2035,6038,11,0
295793004924,292,3234,296,14112,4005,2035,6039,11,0
295793015988,331,3526,273,8801,4006,2035,6040,11,0
295793027362,137,2866,105,1986,4006,2036,6041,11,0
295793038501,298,2791,386,15044,4007,2036,6042,11,0
295793049727,341,3377,159,2593,4008,2036,6043,11,0
295793060952,125,2791,104,2022,4008,2037,6044,11,0
295793071816,334,3945,298,7417,4009,2037,6045,11,0
295793082734,514,3254,312,14964,4010,2037,6046,11,0
295793093865,190,3332,101,1697,4010,2038,6047,11,0
295793104941,331,3168,95,1627,4011,2038,6048,11,0
295793116048,291,3237,634,35274,4012,2038,6049,11,0
295793127066,84,3411,142,3711,4012,2039,6050,11,0
295793138448,327,2959,363,14751,4013,2039,6051,11,0
295793149570,283,3841,195,7808,4014,2039,6052,11,0
295793160578,89,2779,96,1958,4014,2040,6053,11,0
295793171620,309,3155,310,14926,4015,2040,6054,11,0
295793182693,304,3507,113,2371,4016,2040,6055,11,0
295793193765,96,2924,103,2014,4016,2041,6056,11,0
295793204858,367,3326,102,2116,4017,2041,6057,11,0
295793215822,294,3470,196,7668,4018,2041,6058,11,0
295793227001,108,3148,109,1895,4018,2042,6059,11,0
295793238151,307,2950,101,2199,4019,2042,6060,11,0
295793249253,445,3715,382,14462,4020,2042,6061,11,0
295793260424,99,2795,98,2193,4020,2043,6062,11,0
295793271883,296,2923,211,8674,4021,2043,6063,11,0
295793282637,290,3791,365,15215,4022,2043,6064,11,0
295793293992,96,3002,111,2311,4022,2044,6065,11,0
295793305194,320,3114,125,2577,4023,2044,6066,11,0
295793316096,278,3726,189,7130,4024,2044,6067,11,0
295793327260,83,2729,95,1721,4024,2045,6068,11,0
295793338135,302,2821,135,4124,4025,2045,6069,11,0
295793349341,400,3175,647,35420,4026,2045,6070,11,0
295793360365,78,3055,129,3758,4026,2046,6071,11,0
295793371342,292,2786,107,2427,4027,2046,6072,11,0
295793382948,300,3288,297,14422,4028,2046,6073,11,0
295793394319,135,2854,101,2099,4028,2047,6074,11,0
295793404718,345,3347,193,7651,4029,2047,6075,11,0
295793416208,292,3623,310,15076,4030,2047,6076,11,0
295793427152,89,2740,98,2168,4030,2048,6077,11,0
295793438388,458,2982,110,2397,4031,2048,6078,11,0
295793450070,292,3905,134,1998,4032,2048,6079,11,0
295793461308,115,2774,98,1902,4032,2049,6080,11,0
295793471402,311,2917,192,7624,4033,2049,6081,11,0
295793482529,289,3565,102,1989,4034,2049,6082,11,0
295793493547,95,3392,99,1780,4034,2050,6083,11,0
295793504653,319,3978,300,14330,4035,2050,6084,11,0
295793515782,297,3603,231,8484,4036,2050,6085,11,0
295793526913,96,3244,105,1994,4036,2051,6086,11,0
295793538159,298,3933,292,13932,4037,2051,6087,11,0
295793549536,331,3187,93,1364,4038,2051,6088,11,0
295793560701,93,3444,86,715,4038,2052,6089,11,0
295793571773,310,3850,697,35146,4039,2052,6090,11,0
295793582356,400,3883,380,17384,4040,2052,6091,11,0
295793594106,92,2828,118,2574,4040,2053,6092,11,0
295793604706,310,2814,224,7871,4041,2053,6093,11,0
295793616268,309,3284,104,2127,4042,2053,6094,11,0
295793627066,87,2768,98,1872,4042,2054,6095,11,0
295793638379,366,2836,482,14491,4043,2054,6096,11,0
295793649413,303,3642,210,7948,4044,2054,6097,11,0
295793660634,114,3941,109,1925,4044,2055,6098,11,0
295793671773,376,3342,437,14963,4045,2055,6099,11,0
295793682916,342,3264,208,7626,4046,2055,6100,11,0
295793694235,103,2951,106,1890,4046,2056,6101,11,0
295793704861,321,2779,320,15406,4047,2056,6102,11,0
295793715949,317,3333,293,7708,4048,2056,6103,11,0
295793727441,103,2907,101,1904,4048,2057,6104,11,0
295793738775,457,3394,109,2227,4049,2057,6105,11,0
295793750091,319,3836,421,14769,4050,2057,6106,11,0
295793760148,107,2739,99,2223,4050,2058,6107,11,0
295793771437,323,3709,187,7090,4051,2058,6108,11,0
295793782447,308,4993,315,3897,4052,2058,6109,11,0
295793793546,91,2717,94,811,4052,2059,6110,11,0
295793805129,314,3819,83,759,4053,2059,6111,11,0
295793816190,288,3563,671,35307,4054,2059,6112,11,0
295793827209,93,2769,130,3821,4054,2060,6113,11,0
295793838284,305,3784,324,15801,4055,2060,6114,11,0
295793849263,283,3478,192,7559,4056,2060,6115,11,0
295793860791,139,3306,99,1925,4056,2061,6116,11,0
295793871862,310,3288,102,2239,4057,2061,6117,11,0
295793882840,447,3414,352,14351,4058,2061,6118,11,0
295793893879,108,3233,208,2084,4058,2062,6119,11,0
295793904724,306,3832,201,7936,4059,2062,6120,11,0
295793915971,320,4192,291,13058,4060,2062,6121,11,0
295793927108,93,3414,106,2163,4060,2063,6122,11,0
295793938236,308,3347,204,7605,4061,2063,6123,11,0
295793949486,351,3557,331,15363,4062,2063,6124,11,0
295793960157,107,2941,120,2420,4062,2064,6125,11,0
295793971594,303,3816,200,7682,4063,2064,6126,11,0
295793982965,447,3341,139,4408,4064,2064,6127,11,0
295793993723,90,2992,72,842,4064,2065,6128,11,0
295794005134,487,2975,652,35856,4065,2065,6129,11,0
295794016128,346,3159,236,9838,4066,2065,6130,11,0
295794027493,108,3204,105,2208,4066,2066,6131,11,0
295794038992,316,3780,302,13850,4067,2066,6132,11,0
295794049519,291,3616,117,2414,4068,2066,6133,11,0
295794060444,161,2795,92,1880,4068,2067,6134,11,0
295794071577,299,2745,189,7410,4069,2067,6135,11,0
295794082785,405,4131,338,14575,4070,2067,6136,11,0
295794093591,107,2991,158,2045,4070,2068,6137,11,0
295794105428,382,3269,221,7808,4071,2068,6138,11,0
295794116022,295,3603,102,2176,4072,2068,6139,11,0
295794127254,88,2776,97,1867,4072,2069,6140,11,0
295794138412,319,2863,484,14444,4073,2069,6141,11,0
295794149678,302,3139,131,2372,4074,2069,6142,11,0
295794160907,99,3156,100,1977,4074,2070,6143,11,0
295794171836,303,2998,96,1437,4075,2070,6144,11,0
295794183057,333,3275,82,1032,4076,2070,6145,11,0
295794193713,90,3198,120,622,4076,2071,6146,11,0
295794204757,301,3529,627,35232,4077,2071,6147,11,0
295794216181,298,3011,458,17069,4078,2071,6148,11,0
295794226939,91,3109,119,2516,4078,2072,6149,11,0
295794238279,288,3377,207,8452,4079,2072,6150,11,0
295794249350,278,3797,316,15706,4080,2072,6151,11,0
295794260877,93,2763,97,2153,4080,2073,6152,11,0
295794271752,306,2859,278,7916,4081,2073,6153,11,0
295794282835,344,2873,316,15171,4082,2073,6154,11,0
295794294236,98,2731,93,2025,4082,2074,6155,11,0
295794305041,319,2987,113,2381,4083,2074,6156,11,0
295794316178,290,3312,188,7374,4084,2074,6157,11,0
295794327496,109,2768,97,1867,4084,2075,6158,11,0
295794338146,316,3450,321,15251,4085,2075,6159,11,0
295794349521,509,3336,227,7356,4086,2075,6160,11,0
295794361401,98,2836,103,1421,4086,2076,6161,11,0
295794371817,311,2959,156,4829,4087,2076,6162,11,0
295794382918,305,2925,78,812,4088,2076,6163,11,0
295794393757,117,2865,81,726,4088,2077,6164,11,0
295794404871,337,3197,726,35344,4089,2077,6165,11,0
295794416002,347,3461,336,16629,4090,2077,6166,11,0
295794427369,85,2982,120,2512,4090,2078,6167,11,0
295794438366,307,3215,116,2461,4091,2078,6168,11,0
295794449222,282,3308,106,2066,4092,2078,6169,11,0
295794460380,90,4044,100,1892,4092,2079,6170,11,0
295794471390,298,3359,192,7666,4093,2079,6171,11,0
295794482482,329,3821,102,1968,4094,2079,6172,11,0
295794493577,89,2802,139,1762,4094,2080,6173,11,0
295794504699,306,2995,309,14728,4095,2080,6174,11,0
295794516408,392,3458,196,7613,4096,2080,6175,11,0
295794527062,94,3325,102,1932,4096,2081,6176,11,0
295794538316,307,3799,297,14793,4097,2081,6177,11,0
295794549877,294,2948,103,2273,4098,2081,6178,11,0
295794560543,85,2751,121,1368,4098,2082,6179,11,0
295794571385,312,3416,105,1668,4099,2082,6180,11,0
295794582638,280,3812,580,32327,4100,2082,6181,11,0
295794593853,85,2741,125,3556,4100,2083,6182,11,0
295794605101,298,3103,192,7933,4101,2083,6183,11,0
295794615792,274,3586,94,2163,4102,2083,6184,11,0
295794627139,86,2753,96,1835,4102,2084,6185,11,0
295794638268,291,3741,292,13779,4103,2084,6186,11,0
295794649295,281,3400,190,7613,4104,2084,6187,11,0
295794660932,87,2956,99,1703,4104,2085,6188,11,0
295794671826,307,2821,362,14613,4105,2085,6189,11,0
295794683252,287,2951,279,7074,4106,2085,6190,11,0
295794694073,92,2797,111,1896,4106,2086,6191,11,0
295794705206,348,3330,315,15181,4107,2086,6192,11,0
295794716551,305,3189,193,7367,4108,2086,6193,11,0
295794727016,86,3238,131,1757,4108,2087,6194,11,0
295794738388,416,2995,101,2051,4109,2087,6195,11,0
295794749315,329,3293,298,14122,4110,2087,6196,11,0
295794760414,84,2822,93,1683,4110,2088,6197,11,0
295794771570,316,3144,508,27695,4111,2088,6198,11,0
295794782652,289,3925,184,4112,4112,2088,6199,11,0
295794793681,113,2844,90,770,4112,2089,6200,11,0
295794805179,313,3381,628,33969,4113,2089,6201,11,0
295794815754,337,3699,226,9307,4114,2089,6202,11,0
295794827200,88,2746,102,2235,4114,2090,6203,11,0
295794838341,359,2807,396,14637,4115,2090,6204,11,0
295794849537,294,3030,188,7529,4116,2090,6205,11,0
295794860595,92,3607,167,1883,4116,2091,6206,11,0
295794872642,405,2747,130,2246,4117,2091,6207,11,0
295794882460,322,3489,298,14377,4118,2091,6208,11,0
295794893708,84,3001,134,2187,4118,2092,6209,11,0
295794904961,307,3789,203,8175,4119,2092,6210,11,0
295794915948,282,3673,330,13143,4120,2092,6211,11,0
295794927038,87,3706,106,2027,4120,2093,6212,11,0
295794938147,297,3431,192,7185,4121,2093,6213,11,0
295794949248,277,3484,316,15341,4122,2093,6214,11,0
295794960201,82,2752,110,2294,4122,2094,6215,11,0
295794971659,308,3785,206,8119,4123,2094,6216,11,0
295794982684,276,3718,97,2117,4124,2094,6217,11,0
295794994015,120,2766,96,1582,4124,2095,6218,11,0
295795005129,471,3535,155,5007,4125,2095,6219,11,0
295795016449,286,3264,79,800,4126,2095,6220,11,0
295795027362,85,2783,77,749,4126,2096,6221,11,0
295795038423,308,2875,698,33249,4127,2096,6222,11,0
295795049628,479,2736,130,3733,4128,2096,6223,11,0
295795060648,126,2937,103,2101,4128,2097,6224,11,0
295795071835,303,3081,189,7196,4129,2097,6225,11,0
295795082867,322,3997,304,14622,4130,2097,6226,11,0
295795093885,112,2843,121,2040,4130,2098,6227,11,0
295795105246,318,2745,193,7597,4131,2098,6228,11,0
295795115940,335,3437,134,2313,4132,2098,6229,11,0
295795127290,89,3022,99,1997,4132,2099,6230,11,0
295795138266,286,2937,327,14428,4133,2099,6231,11,0
295795149399,276,4263,312,8149,4134,2099,6232,11,0
295795160585,89,2907,96,1902,4134,2100,6233,11,0
295795171422,323,2895,303,12436,4135,2100,6234,11,0
295795182537,336,3269,163,6300,4136,2100,6235,11,0
295795193988,88,3134,77,897,4136,2101,6236,11,0
295795204711,343,3188,197,3985,4137,2101,6237,11,0
295795216426,303,3006,1465,32640,4138,2101,6238,11,0
295795226814,90,2779,185,3574,4138,2102,6239,11,0
295795238452,315,3000,501,8322,4139,2102,6240,11,0
295795249584,315,3918,397,14153,4140,2102,6241,11,0
295795260610,89,2957,161,2066,4140,2103,6242,11,0
295795271802,342,2775,267,8335,4141,2103,6243,11,0
295795282500,408,4362,321,14905,4142,2103,6244,11,0
295795293798,96,2830,100,2107,4142,2104,6245,11,0
295795305231,290,3424,116,2441,4143,2104,6246,11,0
295795315815,278,3802,192,7413,4144,2104,6247,11,0
295795326921,87,3184,102,1766,4144,2105,6248,11,0
295795338232,304,2733,314,15149,4145,2105,6249,11,0
295795349315,287,3489,396,7533,4146,2105,6250,11,0
295795360379,93,2981,101,1870,4146,2106,6251,11,0
295795371493,377,3282,101,2203,4147,2106,6252,11,0
295795382504,282,3223,296,14283,4148,2106,6253,11,0
295795393728,118,2995,106,2234,4148,2107,6254,11,0
295795404743,299,3010,117,2334,4149,2107,6255,11,0
295795416290,284,3183,103,2139,4150,2107,6256,11,0
295795427339,118,2876,99,1925,4150,2108,6257,11,0
295795438557,352,3653,194,7204,4151,2108,6258,11,0
295795449480,377,3491,327,13652,4152,2108,6259,11,0
295795460630,92,3430,258,1213,4152,2109,6260,11,0
295795471367,317,3368,79,975,4153,2109,6261,11,0
295795482953,334,3927,797,35380,4154,2109,6262,11,0
295795493776,100,2752,147,3733,4154,2110,6263,11,0
295795504703,415,2998,209,4513,4155,2110,6264,11,0
295795515832,357,3937,705,35214,4156,2110,6265,11,0
295795526794,150,3082,162,3773,4156,2111,6266,11,0
295795538301,345,2793,386,15127,4157,2111,6267,11,0
295795549128,301,3838,111,2481,4158,2111,6268,11,0
295795560215,89,3022,99,1892,4158,2112,6269,11,0
295795571733,316,2842,186,7185,4159,2112,6270,11,0
295795583145,302,3010,384,15164,4160,2112,6271,11,0
295795593677,86,2955,97,2233,4160,2113,6272,11,0
295795604773,302,2749,201,8065,4161,2113,6273,11,0
295795616102,323,4213,104,2051,4162,2113,6274,11,0
295795627271,100,3105,97,1769,4162,2114,6275,11,0
295795638377,301,2996,482,14476,4163,2114,6276,11,0
295795649691,376,2882,364,2325,4164,2114,6277,11,0
295795660324,97,2771,170,1898,4164,2115,6278,11,0
295795671430,340,2953,151,1917,4165,2115,6279,11,0
295795682618,298,3132,95,1200,4166,2115,6280,11,0
295795693831,98,2810,84,631,4166,2116,6281,11,0
295795704987,315,3563,80,631,4167,2116,6282,11,0
295795715757,286,3485,590,32548,4168,2116,6283,11,0
295795727584,81,2893,164,3576,4168,2117,6284,11,0
295795738438,303,2768,203,8329,4169,2117,6285,11,0
295795749593,306,3565,286,14052,4170,2117,6286,11,0
295795760202,89,2919,103,1994,4170,2118,6287,11,0
295795771383,289,3082,316,8376,4171,2118,6288,11,0
295795782459,298,4847,353,15024,4172,2118,6289,11,0
295795793630,90,3230,99,2179,4172,2119,6290,11,0
295795805139,291,2740,108,2436,4173,2119,6291,11,0
295795816234,332,3160,187,7395,4174,2119,6292,11,0
295795827259,91,3285,243,1768,4174,2120,6293,11,0
295795838191,318,2913,418,15124,4175,2120,6294,11,0
295795849388,303,3319,186,7610,4176,2120,6295,11,0
295795861192,92,3136,155,1867,4176,2121,6296,11,0
295795872297,412,3186,118,2192,4177,2121,6297,11,0
295795882967,303,2894,295,14376,4178,2121,6298,11,0
295795894001,90,2925,103,2047,4178,2122,6299,11,0
295795905096,302,3488,96,1588,4179,2122,6300,11,0
295795916297,294,3171,84,1081,4180,2122,6301,11,0
295795927324,88,2758,70,670,4180,2123,6302,11,0
295795938070,319,2837,75,669,4181,2123,6303,11,0
295795949281,281,3448,620,35196,4182,2123,6304,11,0
295795960445,97,3210,183,3756,4182,2124,6305,11,0
295795971528,301,2735,316,15532,4183,2124,6306,11,0
295795982602,359,3500,187,7115,4184,2124,6307,11,0
295795993838,88,3165,96,2056,4184,2125,6308,11,0
295796005026,310,2752,298,14509,4185,2125,6309,11,0
295796016199,339,3257,218,8550,4186,2125,6310,11,0
295796027143,89,2958,97,1815,4186,2126,6311,11,0
295796038050,325,3175,312,14971,4187,2126,6312,11,0
295796049532,406,2890,120,2533,4188,2126,6313,11,0
295796060855,119,3159,101,1958,4188,2127,6314,11,0
295796071343,317,2975,244,7359,4189,2127,6315,11,0
295796082524,313,3216,322,15170,4190,2127,6316,11,0
295796093808,133,3353,108,2008,4190,2128,6317,11,0
295796104942,317,3037,190,7689,4191,2128,6318,11,0
295796115802,285,3414,138,3930,4192,2128,6319,11,0
295796126984,187,2720,74,806,4192,2129,6320,11,0
295796138220,297,3227,100,1982,4193,2129,6321,11,0
295796149344,312,3877,619,35239,4194,2129,6322,11,0
295796160273,84,2767,133,3735,4194,2130,6323,11,0
295796171359,320,2843,311,15146,4195,2130,6324,11,0
295796182616,351,3689,115,2414,4196,2130,6325,11,0
295796194047,96,2759,129,1842,4196,2131,6326,11,0
295796204647,324,3296,184,7119,4197,2131,6327,11,0
295796215989,284,3374,103,2096,4198,2131,6328,11,0
295796227132,92,2757,96,1804,4198,2132,6329,11,0
295796237997,313,3224,106,2144,4199,2132,6330,11,0
295796249699,297,3364,341,14207,4200,2132,6331,11,0
295796260215,86,3163,100,2144,4200,2133,6332,11,0
295796271750,296,2723,209,8928,4201,2133,6333,11,0
295796282961,369,2807,476,14932,4202,2133,6334,11,0
295796294064,94,3983,101,2181,4202,2134,6335,11,0
295796305225,304,2958,113,2429,4203,2134,6336,11,0
295796316202,287,3570,186,7188,4204,2134,6337,11,0
295796326930,137,2852,97,1962,4204,2135,6338,11,0
295796338451,297,3376,326,15323,4205,2135,6339,11,0
295796349640,290,3647,191,7622,4206,2135,6340,11,0
295796360227,91,2877,101,1979,4206,2136,6341,11,0
295796371384,305,2836,132,3590,4207,2136,6342,11,0
295796382459,488,3289,106,1905,4208,2136,6343,11,0
295796393969,87,3013,77,669,4208,2137,6344,11,0
295796405107,340,2991,703,35446,4209,2137,6345,11,0
295796416231,362,3089,439,16669,4210,2137,6346,11,0
295796427477,92,2788,112,2550,4210,2138,6347,11,0
295796438017,319,3317,113,2423,4211,2138,6348,11,0
295796449098,280,3780,102,2110,4212,2138,6349,11,0
295796460675,92,2889,93,1903,4212,2139,6350,11,0
295796471752,294,3597,187,7594,4213,2139,6351,11,0
295796482727,279,3005,99,1966,4214,2139,6352,11,0
295796493706,85,3222,156,1764,4214,2140,6353,11,0
295796504765,315,3794,301,14334,4215,2140,6354,11,0
295796515781,271,3096,217,8535,4216,2140,6355,11,0
295796526935,87,2761,135,1933,4216,2141,6356,11,0
295796538046,306,2808,314,14968,4217,2141,6357,11,0
295796549141,314,3221,115,2621,4218,2141,6358,11,0
295796560508,98,3118,100,2019,4218,2142,6359,11,0
295796571585,309,2938,268,7474,4219,2142,6360,11,0
295796582990,299,3181,317,15403,4220,2142,6361,11,0
295796593826,92,2851,97,1844,4220,2143,6362,11,0
295796605045,336,3475,166,5589,4221,2143,6363,11,0
295796615854,290,3861,587,32725,4222,2143,6364,11,0
295796627181,87,2771,134,3701,4222,2144,6365,11,0
295796638338,300,3826,303,14875,4223,2144,6366,11,0
295796649712,291,3524,199,8091,4224,2144,6367,11,0
295796660230,90,2755,130,1840,4224,2145,6368,11,0
295796671845,292,3058,334,14980,4225,2145,6369,11,0
295796682842,294,3847,116,2539,4226,2145,6370,11,0
295796694246,88,2830,98,2043,4226,2146,6371,11,0
295796704875,312,2825,133,2212,4227,2146,6372,11,0
295796715949,352,3406,267,7725,4228,2146,6373,11,0
295796727390,100,3618,98,1820,4228,2147,6374,11,0
295796738067,294,2740,97,2132,4229,2147,6375,11,0
295796749693,304,3053,299,14424,4230,2147,6376,11,0
295796760517,114,3422,126,2145,4230,2148,6377,11,0
295796771471,299,3734,224,9602,4231,2148,6378,11,0
295796782598,282,3747,321,14946,4232,2148,6379,11,0
295796794072,86,3349,102,2027,4232,2149,6380,11,0
295796804850,292,3149,95,1702,4233,2149,6381,11,0
295796815985,284,3327,78,1106,4234,2149,6382,11,0
295796827385,93,3102,121,687,4234,2150,6383,11,0
295796837983,289,3478,635,32639,4235,2150,6384,11,0
295796849477,338,2871,324,9457,4236,2150,6385,11,0
295796860484,202,2826,104,2107,4236,2151,6386,11,0
295796871495,321,3248,109,2177,4237,2151,6387,11,0
295796882529,301,3115,385,13877,4238,2151,6388,11,0
295796893898,97,3019,101,2010,4238,2152,6389,11,0
295796905005,311,2753,193,7723,4239,2152,6390,11,0
295796916043,339,2891,378,14855,4240,2152,6391,11,0
295796927260,90,3000,130,2164,4240,2153,6392,11,0
295796938054,298,2757,201,8067,4241,2153,6393,11,0
295796949201,296,3392,372,15280,4242,2153,6394,11,0
295796960597,92,3505,105,2018,4242,2154,6395,11,0
295796971620,305,2821,192,7729,4243,2154,6396,11,0
295796982742,318,3365,109,2115,4244,2154,6397,11,0
295796993838,84,3035,101,1762,4244,2155,6398,11,0
295797004938,298,3775,305,14446,4245,2155,6399,11,0
295797016128,304,3004,321,8195,4246,2155,6400,11,0
295797027251,159,2832,105,1872,4246,2156,6401,11,0
295797038207,392,2969,257,6067,4247,2156,6402,11,0
295797049570,631,2952,84,873,4248,2156,6403,11,0
295797060659,98,3114,82,770,4248,2157,6404,11,0
295797071797,328,3579,625,34728,4249,2157,6405,11,0
295797082531,377,3974,354,17399,4250,2157,6406,11,0
295797093625,93,2856,117,2468,4250,2158,6407,11,0
295797104940,358,3587,263,7711,4251,2158,6408,11,0
295797115962,464,3286,102,2244,4252,2158,6409,11,0
295797127003,96,3204,100,1872,4252,2159,6410,11,0
295797138325,319,3194,298,14356,4253,2159,6411,11,0
295797149680,326,3575,200,7876,4254,2159,6412,11,0
295797160483,120,2793,96,1769,4254,2160,6413,11,0
295797171943,369,3415,311,14723,4255,2160,6414,11,0
295797182698,295,2860,197,7445,4256,2160,6415,11,0
295797193942,111,2999,98,1818,4256,2161,6416,11,0
295797204794,357,3655,307,14562,4257,2161,6417,11,0
295797215907,284,3177,73,1098,4258,2161,6418,11,0
295797227330,101,2822,76,710,4258,2162,6419,11,0
295797238099,455,2935,720,35036,4259,2162,6420,11,0
295797249451,371,3209,338,16360,4260,2162,6421,11,0
295797260989,111,3597,121,2490,4260,2163,6422,11,0
295797271684,375,3399,211,8519,4261,2163,6423,11,0
295797284025,319,2837,308,15058,4262,2163,6424,11,0
295797293501,129,3237,99,2151,4262,2164,6425,11,0
295797305212,378,3458,167,2479,4263,2164,6426,11,0
295797316008,303,3415,213,7483,4264,2164,6427,11,0
295797327338,119,2898,113,1799,4264,2165,6428,11,0
295797338469,423,2832,405,15199,4265,2165,6429,11,0
295797349783,365,3843,102,1263,4266,2165,6430,11,0
295797360700,97,3288,86,613,4266,2166,6431,11,0
295797371547,308,3907,673,35242,4267,2166,6432,11,0
295797382553,434,3663,138,4067,4268,2166,6433,11,0
295797393686,106,2733,100,1902,4268,2167,6434,11,0
295797404746,308,2862,169,5913,4269,2167,6435,11,0
295797416198,341,3389,619,33362,4270,2167,6436,11,0
295797427344,93,2847,136,3576,4270,2168,6437,11,0
295797438236,314,3468,107,2245,4271,2168,6438,11,0
295797449708,300,3318,189,7319,4272,2168,6439,11,0
295797460320,95,3689,101,1822,4272,2169,6440,11,0
295797471785,377,2889,103,2217,4273,2169,6441,11,0
295797482831,338,2915,98,1896,4274,2169,6442,11,0
295797493782,109,3297,291,1700,4274,2170,6443,11,0
295797504732,375,2904,295,14040,4275,2170,6444,11,0
295797516468,314,2828,319,8390,4276,2170,6445,11,0
295797527173,122,3806,126,2079,4276,2171,6446,11,0
295797538044,320,2918,321,14916,4277,2171,6447,11,0
295797549524,311,3154,115,2773,4278,2171,6448,11,0
295797560272,108,3444,103,1956,4278,2172,6449,11,0
295797571359,301,3772,181,6579,4279,2172,6450,11,0
295797582475,311,3683,153,4999,4280,2172,6451,11,0
295797594104,106,2785,78,813,4280,2173,6452,11,0
295797604913,329,3039,756,35407,4281,2173,6453,11,0
295797616512,380,3118,137,4057,4282,2173,6454,11,0
295797627203,102,2838,100,2173,4282,2174,6455,11,0
295797638451,313,2976,342,14471,4283,2174,6456,11,0
295797649107,284,3215,246,7896,4284,2174,6457,11,0
295797660353,88,2957,108,1892,4284,2175,6458,11,0
295797671629,296,2805,346,14856,4285,2175,6459,11,0
295797682957,446,2750,247,7164,4286,2175,6460,11,0
295797693968,88,3386,104,1998,4286,2176,6461,11,0
295797704658,288,2956,313,15358,4287,2176,6462,11,0
295797715879,396,3758,195,7545,4288,2176,6463,11,0
295797727593,118,2806,221,2002,4288,2177,6464,11,0
295797737958,294,3786,115,2324,4289,2177,6465,11,0
295797750293,354,3371,353,14529,4290,2177,6466,11,0
295797760590,87,3326,134,2432,4290,2178,6467,11,0
295797771679,303,3306,211,9153,4291,2178,6468,11,0
295797782493,376,4393,158,4114,4292,2178,6469,11,0
295797793732,90,2978,76,827,4292,2179,6470,11,0
295797804880,295,3216,611,33989,4293,2179,6471,11,0
295797816103,302,3279,232,9276,4294,2179,6472,11,0
295797827152,98,3155,203,2348,4294,2180,6473,11,0
295797838236,313,3683,307,14688,4295,2180,6474,11,0
295797849706,301,3080,193,7531,4296,2180,6475,11,0
295797861138,98,3105,101,2076,4296,2181,6476,11,0
295797871772,311,2850,109,2448,4297,2181,6477,11,0
295797882736,291,3838,401,14503,4298,2181,6478,11,0
295797893792,109,2855,113,2250,4298,2182,6479,11,0
295797905115,348,3354,211,8134,4299,2182,6480,11,0
295797916390,305,3804,406,15041,4300,2182,6481,11,0
295797927047,85,3115,108,2281,4300,2183,6482,11,0
295797938166,298,2747,200,8295,4301,2183,6483,11,0
295797949426,341,3272,331,15374,4302,2183,6484,11,0
295797960771,90,3721,106,2212,4302,2184,6485,11,0
295797971653,311,3614,197,7864,4303,2184,6486,11,0
295797982722,290,3158,149,4609,4304,2184,6487,11,0
295797993773,124,2821,76,856,4304,2185,6488,11,0
295798004903,307,3303,81,786,4305,2185,6489,11,0
295798016009,286,3836,707,35302,4306,2185,6490,11,0
295798027081,88,2762,132,3806,4306,2186,6491,11,0
295798038185,302,2972,376,15230,4307,2186,6492,11,0
295798049269,316,3781,114,2466,4308,2186,6493,11,0
295798060400,177,3127,97,1913,4308,2187,6494,11,0
295798071446,291,2777,195,7246,4309,2187,6495,11,0
295798082659,345,3263,312,15177,4310,2187,6496,11,0
295798094142,87,3087,105,2183,4310,2188,6497,11,0
295798104708,320,2791,201,7984,4311,2188,6498,11,0
295798116037,355,3148,101,2086,4312,2188,6499,11,0
295798127093,90,3365,100,1800,4312,2189,6500,11,0
295798138122,298,3585,298,14561,4313,2189,6501,11,0
295798149976,350,2827,231,7933,4314,2189,6502,11,0
295798160545,249,2823,99,1988,4314,2190,6503,11,0
295798171480,361,2919,414,12320,4315,2190,6504,11,0
295798182713,359,3504,186,7347,4316,2190,6505,11,0
295798193957,118,2773,163,1834,4316,2191,6506,11,0
295798205266,389,3497,322,15238,4317,2191,6507,11,0
295798216414,293,3224,197,7807,4318,2191,6508,11,0
295798227267,94,3556,103,1877,4318,2192,6509,11,0
295798238332,312,2858,276,4429,4319,2192,6510,11,0
295798249369,316,3686,696,35539,4320,2192,6511,11,0
295798260567,86,2759,132,3793,4320,2193,6512,11,0
295798271532,347,2981,240,8002,4321,2193,6513,11,0
295798282787,323,2955,352,13775,4322,2193,6514,11,0
295798293790,85,2733,102,2168,4322,2194,6515,11,0
295798304927,295,2910,121,2322,4323,2194,6516,11,0
295798316239,275,3193,191,7372,4324,2194,6517,11,0
295798327278,92,2733,93,1857,4324,2195,6518,11,0
295798338353,298,3408,337,14398,4325,2195,6519,11,0
295798350496,284,3003,258,7480,4326,2195,6520,11,0
295798360514,160,3416,181,2051,4326,2196,6521,11,0
295798371566,316,3818,112,2336,4327,2196,6522,11,0
295798382530,290,3398,300,14354,4328,2196,6523,11,0
295798393878,93,2748,98,2061,4328,2197,6524,11,0
295798404967,392,3769,207,8030,4329,2197,6525,11,0
295798416108,397,3369,303,13076,4330,2197,6526,11,0
295798427387,96,3231,275,2076,4330,2198,6527,11,0
295798438400,299,3262,193,7236,4331,2198,6528,11,0
295798449174,276,3688,317,15162,4332,2198,6529,11,0
295798460997,98,2938,121,1794,4332,2199,6530,11,0
295798471760,309,3515,100,1694,4333,2199,6531,11,0
295798482921,428,3069,624,35465,4334,2199,6532,11,0
295798493886,87,3354,142,3762,4334,2200,6533,11,0
295798505043,297,3122,309,14302,4335,2200,6534,11,0
295798516127,292,3244,197,7805,4336,2200,6535,11,0
295798526946,108,2774,99,1938,4336,2201,6536,11,0
295798538434,350,3372,310,14530,4337,2201,6537,11,0
295798549571,295,3500,99,2256,4338,2201,6538,11,0
295798560621,91,2815,133,1873,4338,2202,6539,11,0
295798571744,336,3359,288,7206,4339,2202,6540,11,0
295798582847,302,3306,375,15140,4340,2202,6541,11,0
295798593845,89,3211,95,2231,4340,2203,6542,11,0
295798604969,329,3849,201,8023,4341,2203,6543,11,0
295798616442,304,3197,108,2274,4342,2203,6544,11,0
295798627124,86,2792,100,1846,4342,2204,6545,11,0
295798638239,338,3323,304,14691,4343,2204,6546,11,0
295798649730,292,3192,117,2433,4344,2204,6547,11,0
295798661288,91,2983,107,1924,4344,2205,6548,11,0
295798671749,353,2992,197,1261,4345,2205,6549,11,0
295798682896,287,3758,82,1045,4346,2205,6550,11,0
295798693514,83,2815,108,623,4346,2206,6551,11,0
295798704701,318,3386,618,34937,4347,2206,6552,11,0
295798715774,320,3718,339,17020,4348,2206,6553,11,0
295798726936,88,2935,114,2497,4348,2207,6554,11,0
295798738169,313,3080,209,8396,4349,2207,6555,11,0
295798749313,292,3914,509,14360,4350,2207,6556,11,0
295798760361,87,2754,100,1909,4350,2208,6557,11,0
295798771641,363,3367,400,17708,4351,2208,6558,11,0
295798782758,298,2820,324,15224,4352,2208,6559,11,0
295798793924,106,3042,102,2210,4352,2209,6560,11,0
295798804988,291,2964,114,2416,4353,2209,6561,11,0
295798815831,328,2944,188,7167,4354,2209,6562,11,0
295798827035,91,2832,94,1866,4354,2210,6563,11,0
295798838018,302,3817,320,15262,4355,2210,6564,11,0
295798849688,287,3025,258,7648,4356,2210,6565,11,0
295798860153,88,2894,99,1893,4356,2211,6566,11,0
295798871867,306,3709,111,2275,4357,2211,6567,11,0
295798882857,287,3202,301,14594,4358,2211,6568,11,0
295798893736,120,3018,119,2277,4358,2212,6569,11,0
295798904713,305,3390,112,2508,4359,2212,6570,11,0
295798915947,296,3583,100,1521,4360,2212,6571,11,0
295798927282,101,2754,80,957,4360,2213,6572,11,0
295798938368,492,2871,79,992,4361,2213,6573,11,0
295798949501,400,3960,95,611,4362,2213,6574,11,0
295798960323,86,2725,74,609,4362,2214,6575,11,0
295798971481,352,3399,663,32624,4363,2214,6576,11,0
295798982546,299,3290,225,9743,4364,2214,6577,11,0
295798993854,90,2745,97,2223,4364,2215,6578,11,0
295799004831,300,2741,298,14663,4365,2215,6579,11,0
295799016280,291,3902,250,7680,4366,2215,6580,11,0
295799027261,102,2741,98,2029,4366,2216,6581,11,0
295799038156,292,3891,310,14912,4367,2216,6582,11,0
295799050544,291,2728,107,2281,4368,2216,6583,11,0
295799060570,148,2830,100,1935,4368,2217,6584,11,0
295799071619,289,3744,194,7439,4369,2217,6585,11,0
295799082710,280,3419,318,15206,4370,2217,6586,11,0
295799094076,133,2847,102,2228,4370,2218,6587,11,0
295799105206,336,3767,259,7917,4371,2218,6588,11,0
295799116156,307,3533,133,2100,4372,2218,6589,11,0
295799127475,86,3498,137,1756,4372,2219,6590,11,0
295799138351,305,2894,405,14466,4373,2219,6591,11,0
295799149543,366,2931,213,1640,4374,2219,6592,11,0
295799160637,87,3478,93,932,4374,2220,6593,11,0
295799171668,501,3418,108,1503,4375,2220,6594,11,0
295799182728,429,3061,704,33894,4376,2220,6595,11,0
295799193733,105,2803,225,3764,4376,2221,6596,11,0
295799204900,305,2726,191,7683,4377,2221,6597,11,0
295799216145,319,3441,109,2310,4378,2221,6598,11,0
295799227383,89,3244,146,1898,4378,2222,6599,11,0
295799238382,293,2809,97,2163,4379,2222,6600,11,0
295799249497,328,3287,325,15043,4380,2222,6601,11,0
295799260814,110,3421,166,2030,4380,2223,6602,11,0
295799271972,303,2738,204,8056,4381,2223,6603,11,0
295799282489,304,3223,314,14966,4382,2223,6604,11,0
295799293588,100,3208,167,2038,4382,2224,6605,11,0
295799304726,296,3083,116,2364,4383,2224,6606,11,0
295799316092,292,3050,188,7091,4384,2224,6607,11,0
295799327096,92,2780,267,1795,4384,2225,6608,11,0
295799338299,293,3227,309,15151,4385,2225,6609,11,0
295799349875,346,2747,187,7561,4386,2225,6610,11,0
295799360895,87,2774,164,1977,4386,2226,6611,11,0
295799371511,424,3694,150,4612,4387,2226,6612,11,0
295799382532,350,3224,81,853,4388,2226,6613,11,0
295799393872,87,3475,77,804,4388,2227,6614,11,0
295799404874,300,2903,619,35137,4389,2227,6615,11,0
295799415808,370,3167,395,16764,4390,2227,6616,11,0
295799426886,85,3597,117,2518,4390,2228,6617,11,0
295799438468,360,2895,129,2435,4391,2228,6618,11,0
295799449567,288,2963,187,7275,4392,2228,6619,11,0
295799460628,89,2755,103,1924,4392,2229,6620,11,0
295799471415,331,2852,105,2341,4393,2229,6621,11,0
295799482526,349,3255,100,1943,4394,2229,6622,11,0
295799493749,91,3623,160,1745,4394,2230,6623,11,0
295799504952,375,2930,300,14669,4395,2230,6624,11,0
295799515981,289,3304,188,7515,4396,2230,6625,11,0
295799527311,88,2827,98,1945,4396,2231,6626,11,0
295799538511,436,2854,336,14595,4397,2231,6627,11,0
295799549400,322,3207,109,2627,4398,2231,6628,11,0
295799560529,87,3447,101,2041,4398,2232,6629,11,0
295799571542,294,2731,188,7390,4399,2232,6630,11,0
295799582636,285,3145,312,15394,4400,2232,6631,11,0
295799593752,83,2951,99,2181,4400,2233,6632,11,0
295799604771,371,2833,191,7674,4401,2233,6633,11,0
295799615878,299,3758,102,1990,4402,2233,6634,11,0
295799627246,86,2711,93,1622,4402,2234,6635,11,0
295799638310,308,2848,150,4865,4403,2234,6636,11,0
295799649480,315,2795,79,732,4404,2234,6637,11,0
295799660497,90,2715,74,694,4404,2235,6638,11,0
295799671623,374,3014,772,32489,4405,2235,6639,11,0
295799682663,305,3143,135,3699,4406,2235,6640,11,0
295799693722,91,2873,102,2077,4406,2236,6641,11,0
295799704826,340,2819,268,7150,4407,2236,6642,11,0
295799715852,280,3356,102,2104,4408,2236,6643,11,0
295799726888,95,2842,94,1796,4408,2237,6644,11,0
295799737967,296,3149,94,2076,4409,2237,6645,11,0
295799749263,295,3166,295,14370,4410,2237,6646,11,0
295799760381,151,2822,93,1878,4410,2238,6647,11,0
295799771427,298,3688,192,7811,4411,2238,6648,11,0
295799782512,291,4250,302,14891,4412,2238,6649,11,0
295799794047,88,3740,191,2047,4412,2239,6650,11,0
295799804837,298,2930,108,2325,4413,2239,6651,11,0
295799816677,306,3466,185,7147,4414,2239,6652,11,0
295799827184,85,3711,95,1741,4414,2240,6653,11,0
295799838297,314,2859,383,14972,4415,2240,6654,11,0
295799849392,304,3306,192,7590,4416,2240,6655,11,0
295799860439,88,2962,112,1796,4416,2241,6656,11,0
295799871585,301,3486,96,1386,4417,2241,6657,11,0
295799882711,290,3158,115,2654,4418,2241,6658,11,0
295799893888,129,3323,102,715,4418,2242,6659,11,0
295799904881,322,3633,101,700,4419,2242,6660,11,0
295799916023,293,3193,582,32673,4420,2242,6661,11,0
295799927092,91,2757,127,3579,4420,2243,6662,11,0
295799938181,318,2784,97,2218,4421,2243,6663,11,0
295799949372,341,2906,199,7215,4422,2243,6664,11,0
295799960403,97,2820,103,1980,4422,2244,6665,11,0
295799971508,297,2800,99,2244,4423,2244,6666,11,0
295799982591,299,3300,98,1988,4424,2244,6667,11,0
295799993682,85,3403,94,1798,4424,2245,6668,11,0
295800004779,305,2881,332,14754,4425,2245,6669,11,0
295800015829,349,3261,197,7692,4426,2245,6670,11,0
295800026896,102,3456,98,2064,4426,2246,6671,11,0
295800037977,300,2902,300,14654,4427,2246,6672,11,0
295800049221,325,3293,119,2687,4428,2246,6673,11,0
295800060394,86,3402,142,2043,4428,2247,6674,11,0
295800071553,326,2774,189,7430,4429,2247,6675,11,0
295800083046,412,3466,320,15359,4430,2247,6676,11,0
295800093723,87,2739,100,1935,4430,2248,6677,11,0
295800104855,460,3401,199,7802,4431,2248,6678,11,0
295800116013,296,3755,150,4722,4432,2248,6679,11,0
295800126968,83,2921,73,845,4432,2249,6680,11,0
295800138013,334,2826,76,795,4433,2249,6681,11,0
295800149174,368,3308,621,35015,4434,2249,6682,11,0
295800160351,108,3244,181,3733,4434,2250,6683,11,0
295800171370,313,2733,313,15200,4435,2250,6684,11,0
295800182478,336,3707,117,2573,4436,2250,6685,11,0
295800193946,85,3257,104,1967,4436,2251,6686,11,0
295800205026,309,2733,190,7395,4437,2251,6687,11,0
295800215833,332,2857,99,2168,4438,2251,6688,11,0
295800227327,95,3585,104,1817,4438,2252,6689,11,0
295800238319,295,3068,164,2184,4439,2252,6690,11,0
295800249619,483,2983,356,15075,4440,2252,6691,11,0
295800260646,98,3661,106,2150,4440,2253,6692,11,0
295800271723,320,2976,313,8082,4441,2253,6693,11,0
295800282798,278,2966,389,14971,4442,2253,6694,11,0
295800293887,88,3278,215,2392,4442,2254,6695,11,0
295800305076,301,3712,118,2558,4443,2254,6696,11,0
295800316103,292,3036,261,7341,4444,2254,6697,11,0
295800327156,104,3159,100,1883,4444,2255,6698,11,0
295800338015,290,3614,393,15402,4445,2255,6699,11,0
295800349941,365,2782,93,1365,4446,2255,6700,11,0
295800360432,87,2983,77,713,4446,2256,6701,11,0
295800371539,296,3136,73,713,4447,2256,6702,11,0
295800382598,290,3382,747,35069,4448,2256,6703,11,0
295800393769,97,2768,139,3749,4448,2257,6704,11,0
295800404860,304,3276,201,8022,4449,2257,6705,11,0
295800415904,450,3881,303,13776,4450,2257,6706,11,0
295800427472,138,3431,106,2188,4450,2258,6707,11,0
295800438504,294,3212,111,2367,4451,2258,6708,11,0
295800449073,286,3851,101,2210,4452,2258,6709,11,0
295800460371,97,2737,97,1856,4452,2259,6710,11,0
295800471353,296,3716,194,7973,4453,2259,6711,11,0
295800482365,293,3633,99,1985,4454,2259,6712,11,0
295800493925,84,2950,105,1765,4454,2260,6713,11,0
295800504987,300,3316,303,14831,4455,2260,6714,11,0
295800516060,283,3166,200,7707,4456,2260,6715,11,0
295800527118,94,3290,103,1889,4456,2261,6716,11,0
295800538406,322,3150,304,14848,4457,2261,6717,11,0
295800549398,337,3160,121,2642,4458,2261,6718,11,0
295800560481,87,3463,205,2117,4458,2262,6719,11,0
295800571758,308,2909,190,7623,4459,2262,6720,11,0
295800582891,285,3036,217,5224,4460,2262,6721,11,0
295800593910,94,2769,104,811,4460,2263,6722,11,0
295800605053,291,2864,81,755,4461,2263,6723,11,0
295800616180,385,3335,727,34978,4462,2263,6724,11,0
295800627161,87,2846,140,3806,4462,2264,6725,11,0
295800638305,296,3749,306,14919,4463,2264,6726,11,0
295800649315,312,3349,192,7641,4464,2264,6727,11,0
295800660243,90,2815,97,1910,4464,2265,6728,11,0
295800671465,296,2869,360,14898,4465,2265,6729,11,0
295800682622,343,3433,109,2501,4466,2265,6730,11,0
295800694003,90,2786,99,2003,4466,2266,6731,11,0
295800705016,353,3439,106,2096,4467,2266,6732,11,0
295800716277,319,3058,195,7613,4468,2266,6733,11,0
295800727020,88,3476,99,1868,4468,2267,6734,11,0
295800738049,301,2799,99,2172,4469,2267,6735,11,0
295800749257,327,2835,406,15073,4470,2267,6736,11,0
295800760674,102,3609,114,2280,4470,2268,6737,11,0
295800771858,619,3606,221,8182,4471,2268,6738,11,0
295800782831,445,3127,326,15253,4472,2268,6739,11,0
295800794233,98,2857,117,2295,4472,2269,6740,11,0
295800804762,309,2777,114,2587,4473,2269,6741,11,0
295800815972,305,3245,476,1318,4474,2269,6742,11,0
295800826889,92,3334,76,665,4474,2270,6743,11,0
295800838411,295,2794,71,665,4475,2270,6744,11,0
295800849586,369,3414,702,35089,4476,2270,6745,11,0
295800860529,92,3299,184,3781,4476,2271,6746,11,0
295800871584,294,2739,112,2405,4477,2271,6747,11,0
295800882646,499,3272,381,14430,4478,2271,6748,11,0
295800893957,89,3154,101,2121,4478,2272,6749,11,0
295800904999,316,2822,188,7733,4479,2272,6750,11,0
295800916054,298,3347,353,15107,4480,2272,6751,11,0
295800927099,92,3180,100,2178,4480,2273,6752,11,0
295800938450,358,2859,133,2445,4481,2273,6753,11,0
295800949560,299,2870,136,2032,4482,2273,6754,11,0
295800960454,99,2960,95,1910,4482,2274,6755,11,0
295800971600,417,2839,299,7713,4483,2274,6756,11,0
295800982435,334,3254,112,1970,4484,2274,6757,11,0
295800993654,122,3138,167,1773,4484,2275,6758,11,0
295801004669,359,2813,330,14970,4485,2275,6759,11,0
295801015914,352,3549,206,7783,4486,2275,6760,11,0
295801027134,88,2713,114,2003,4486,2276,6761,11,0
295801038175,312,3053,300,14135,4487,2276,6762,11,0
295801049344,283,3264,101,1402,4488,2276,6763,11,0
295801060166,99,3587,78,788,4488,2277,6764,11,0
295801071753,294,2838,612,34670,4489,2277,6765,11,0
295801082749,333,2888,507,17413,4490,2277,6766,11,0
295801094032,87,3645,117,2535,4490,2278,6767,11,0
295801105223,321,2765,192,7797,4491,2278,6768,11,0
295801116487,370,3439,115,2353,4492,2278,6769,11,0
295801126961,96,3288,109,1991,4492,2279,6770,11,0
295801138367,303,3505,339,14554,4493,2279,6771,11,0
295801149097,291,3163,242,7854,4494,2279,6772,11,0
295801160590,355,2857,153,1943,4494,2280,6773,11,0
295801171584,533,3186,327,14880,4495,2280,6774,11,0
295801182939,348,3160,200,7506,4496,2280,6775,11,0
295801194238,88,3393,116,1805,4496,2281,6776,11,0
295801204767,355,3332,375,15333,4497,2281,6777,11,0
295801215919,303,3127,195,7714,4498,2281,6778,11,0
295801227334,86,3192,164,1828,4498,2282,6779,11,0
295801238330,323,2960,94,1284,4499,2282,6780,11,0
295801249433,337,3278,117,2669,4500,2282,6781,11,0
295801260495,86,3021,73,711,4500,2283,6782,11,0
295801271715,371,2777,79,679,4501,2283,6783,11,0
295801282729,397,3309,579,32813,4502,2283,6784,11,0
295801293863,85,3225,131,3574,4502,2284,6785,11,0
295801305048,351,2948,105,2258,4503,2284,6786,11,0
295801316168,296,3225,187,7157,4504,2284,6787,11,0
295801326836,88,3172,95,1928,4504,2285,6788,11,0
295801338629,523,3479,333,14340,4505,2285,6789,11,0
295801350300,396,3868,190,7238,4506,2285,6790,11,0
295801360225,182,3478,122,1790,4506,2286,6791,11,0
295801371753,366,2802,99,2122,4507,2286,6792,11,0
295801382902,378,3503,314,14260,4508,2286,6793,11,0
295801393790,98,2861,106,2210,4508,2287,6794,11,0
295801404784,371,3370,245,8119,4509,2287,6795,11,0
295801416773,473,2865,381,15207,4510,2287,6796,11,0
295801427691,87,3866,103,2014,4510,2288,6797,11,0
295801438122,306,3660,202,8159,4511,2288,6798,11,0
295801451008,403,3232,343,15318,4512,2288,6799,11,0
295801460445,89,2803,154,2205,4512,2289,6800,11,0
295801471587,385,3302,233,7918,4513,2289,6801,11,0
295801482632,320,3224,99,1406,4514,2289,6802,11,0
295801493791,91,3378,83,706,4514,2290,6803,11,0
295801504605,307,2955,155,4824,4515,2290,6804,11,0
295801516119,358,3542,764,35069,4516,2290,6805,11,0
295801527199,93,3583,159,3738,4516,2291,6806,11,0
295801538391,318,2933,318,15082,4517,2291,6807,11,0
295801549704,296,3447,115,2475,4518,2291,6808,11,0
295801560170,88,2965,95,1870,4518,2292,6809,11,0
295801571448,360,2851,272,7124,4519,2292,6810,11,0
295801582574,324,3387,312,14967,4520,2292,6811,11,0
295801593630,90,3475,99,2073,4520,2293,6812,11,0
295801604866,382,3222,199,7855,4521,2293,6813,11,0
295801615887,336,3608,108,2232,4522,2293,6814,11,0
295801627367,90,2890,105,1949,4522,2294,6815,11,0
295801638482,350,3410,307,14709,4523,2294,6816,11,0
295801649937,303,3794,127,2576,4524,2294,6817,11,0
295801660552,86,2915,100,1984,4524,2295,6818,11,0
295801671396,299,2811,100,2177,4525,2295,6819,11,0
295801682834,325,2937,248,6666,4526,2295,6820,11,0
295801693745,119,2731,86,1154,4526,2296,6821,11,0
295801704936,407,3092,296,4590,4527,2296,6822,11,0
295801715934,346,3509,79,726,4528,2296,6823,11,0
295801727038,88,2852,80,671,4528,2297,6824,11,0
295801738052,332,3272,689,34963,4529,2297,6825,11,0
295801749443,472,2990,327,15184,4530,2297,6826,11,0
295801760139,96,2830,115,2421,4530,2298,6827,11,0
295801771363,304,3397,289,8873,4531,2298,6828,11,0
295801782623,304,3934,301,14680,4532,2298,6829,11,0
295801793880,97,3000,106,2138,4532,2299,6830,11,0
295801805164,314,2809,110,2385,4533,2299,6831,11,0
295801815823,286,3329,217,7287,4534,2299,6832,11,0
295801827111,92,2858,98,1841,4534,2300,6833,11,0
295801837930,310,2872,318,15176,4535,2300,6834,11,0
295801849144,340,3272,225,7670,4536,2300,6835,11,0
295801860281,93,3381,102,1806,4536,2301,6836,11,0
295801871349,320,3238,97,2076,4537,2301,6837,11,0
295801882480,307,2889,96,1977,4538,2301,6838,11,0
295801893691,137,2937,95,1232,4538,2302,6839,11,0
295801904719,311,3533,179,6453,4539,2302,6840,11,0
295801915939,292,2993,70,860,4540,2302,6841,11,0
295801926916,97,2968,75,774,4540,2303,6842,11,0
295801938378,301,3590,680,33913,4541,2303,6843,11,0
295801949418,288,2821,138,4276,4542,2303,6844,11,0
295801960302,96,2838,93,2174,4542,2304,6845,11,0
295801971643,339,2782,195,7710,4543,2304,6846,11,0
295801982627,352,2874,100,2059,4544,2304,6847,11,0
295801993866,97,3205,99,1784,4544,2305,6848,11,0
295802004732,326,2876,313,13867,4545,2305,6849,11,0
295802017006,288,2895,114,1670,4546,2305,6850,11,0
295802026834,86,2681,72,692,4546,2306,6851,11,0
295802037992,299,3822,586,32735,4547,2306,6852,11,0
295802049299,293,3282,131,3680,4548,2306,6853,11,0
295802060406,93,2750,96,2125,4548,2307,6854,11,0
295802071509,297,3009,303,7314,4549,2307,6855,11,0
295802082637,473,3328,344,14651,4550,2307,6856,11,0
295802093764,83,2924,93,2089,4550,2308,6857,11,0
295802104844,300,2709,191,7704,4551,2308,6858,11,0
295802116029,287,3054,108,2296,4552,2308,6859,11,0
295802126995,86,3324,98,2031,4552,2309,6860,11,0
295802138692,350,3482,315,14465,4553,2309,6861,11,0
295802149842,338,2976,274,7948,4554,2309,6862,11,0
295802160479,86,3988,103,1889,4554,2310,6863,11,0
295802171898,293,2740,261,12197,4555,2310,6864,11,0
295802182365,284,3319,182,7035,4556,2310,6865,11,0
295802193790,102,3373,123,1894,4556,2311,6866,11,0
295802204755,301,3305,371,15061,4557,2311,6867,11,0
295802215798,284,3667,195,7761,4558,2311,6868,11,0
295802227066,90,2753,99,1845,4558,2312,6869,11,0
295802238800,305,4015,102,1372,4559,2312,6870,11,0
295802248890,349,3362,228,2745,4560,2312,6871,11,0
295802260433,92,2735,78,727,4560,2313,6872,11,0
295802271491,305,3314,79,695,4561,2313,6873,11,0
295802282562,293,3626,609,32881,4562,2313,6874,11,0
295802293655,87,2725,199,3542,4562,2314,6875,11,0
295802305155,366,3416,109,2199,4563,2314,6876,11,0
295802316166,311,3285,215,7163,4564,2314,6877,11,0
295802327177,84,2836,103,1948,4564,2315,6878,11,0
295802338250,300,2933,347,14375,4565,2315,6879,11,0
295802349323,344,3399,197,7374,4566,2315,6880,11,0
295802360342,88,3037,98,2015,4566,2316,6881,11,0
295802371491,322,3434,116,2428,4567,2316,6882,11,0
295802382655,318,3444,370,14426,4568,2316,6883,11,0
295802393844,97,2828,96,2078,4568,2317,6884,11,0
295802404879,325,3068,202,8015,4569,2317,6885,11,0
295802415997,306,3508,295,13142,4570,2317,6886,11,0
295802427311,94,2826,102,2207,4570,2318,6887,11,0
295802438518,690,2971,235,7450,4571,2318,6888,11,0
295802449599,325,2899,362,15322,4572,2318,6889,11,0
295802460153,87,3168,107,2085,4572,2319,6890,11,0
295802471779,302,3229,193,7952,4573,2319,6891,11,0
295802482296,280,3171,145,4703,4574,2319,6892,11,0
295802493630,85,3277,76,848,4574,2320,6893,11,0
295802504942,305,3351,82,801,4575,2320,6894,11,0
295802516259,313,3504,618,35201,4576,2320,6895,11,0
295802526657,87,2721,211,3834,4576,2321,6896,11,0
295802538329,345,3388,342,15163,4577,2321,6897,11,0
295802549375,289,3909,114,2568,4578,2321,6898,11,0
295802560609,86,2735,101,1990,4578,2322,6899,11,0
295802571463,327,3302,201,7371,4579,2322,6900,11,0
295802582521,294,3172,322,15195,4580,2322,6901,11,0
295802593670,99,2828,103,1955,4580,2323,6902,11,0
295802604708,314,2722,193,7487,4581,2323,6903,11,0
295802615872,342,5378,570,2301,4582,2323,6904,11,0
295802627069,122,3090,102,1903,4582,2324,6905,11,0
295802637955,291,2689,298,14406,4583,2324,6906,11,0
295802649548,296,3657,197,7898,4584,2324,6907,11,0
295802660827,85,3388,102,1910,4584,2325,6908,11,0
295802671398,295,3544,336,12362,4585,2325,6909,11,0
295802682476,283,3710,188,7146,4586,2325,6910,11,0
295802693531,85,2695,88,1806,4586,2326,6911,11,0
295802704638,299,3783,328,15117,4587,2326,6912,11,0
295802716489,309,3274,197,7669,4588,2326,6913,11,0
295802726895,92,2720,90,1619,4588,2327,6914,11,0
295802738132,319,3979,140,4362,4589,2327,6915,11,0
295802750601,300,2767,84,756,4590,2327,6916,11,0
295802760306,88,2724,73,698,4590,2328,6917,11,0
295802771374,354,2937,803,35201,4591,2328,6918,11,0
295802782399,293,3312,339,16706,4592,2328,6919,11,0
295802793519,96,2972,148,2526,4592,2329,6920,11,0
295802804657,312,3443,112,2450,4593,2329,6921,11,0
295802816163,286,2882,217,7274,4594,2329,6922,11,0
295802827233,108,3781,126,1839,4594,2330,6923,11,0
295802838107,341,3345,423,15021,4595,2330,6924,11,0
295802849104,393,3385,345,7576,4596,2330,6925,11,0
295802860543,103,2892,109,1830,4596,2331,6926,11,0
295802871616,349,2845,114,2152,4597,2331,6927,11,0
295802883210,346,2886,359,14465,4598,2331,6928,11,0
295802893761,89,3338,111,1933,4598,2332,6929,11,0
295802904969,296,3759,193,7729,4599,2332,6930,11,0
295802916027,283,3595,291,12902,4600,2332,6931,11,0
295802926972,106,2807,97,2141,4600,2333,6932,11,0
295802937959,303,3778,188,7352,4601,2333,6933,11,0
295802949115,326,3659,316,15484,4602,2333,6934,11,0
295802960487,92,2703,99,1964,4602,2334,6935,11,0
295802971494,303,3553,155,1162,4603,2334,6936,11,0
295802982532,318,3890,896,35243,4604,2334,6937,11,0
295802993359,89,3048,133,3769,4604,2335,6938,11,0
295803005118,398,2755,285,13682,4605,2335,6939,11,0
295803016171,319,3321,206,8394,4606,2335,6940,11,0
