Building for debugging...
[1 / 5]
[2 / 6] LightrayCoreTests-product
[6 / 10] LightrayCoreTests-product
[7 / 11] LightrayCoreTests-product
[13 / 15] LightrayCoreTests-product
Build complete! (2,87 seg)
◇ Test run started.
↳ Testing Library Version: 2084
↳ Target Platform: arm64e-apple-macos14.0
◇ Test pointerMotionSurvivesReliableBackpressure() started.
◇ Test parityLastLengthIsValidated(length:) started.
◇ Test oversizedDatagramsAreNotSealed() started.
◇ Test inputOverflowEndsTheSession(dropClose:) started.
◇ Test generatedNacksRespectDatagramLimit(size:) started.
◇ Test emptyCodecParameterSetsAreRejected(index:) started.
◇ Test case passing 1 argument length → 1 to parityLastLengthIsValidated(length:) started.
◇ Test case passing 1 argument dropClose → true to inputOverflowEndsTheSession(dropClose:) started.
◇ Test case passing 1 argument dropClose → false to inputOverflowEndsTheSession(dropClose:) started.
◇ Test case passing 1 argument length → 64 to parityLastLengthIsValidated(length:) started.
◇ Test case passing 1 argument length → 0 to parityLastLengthIsValidated(length:) started.
◇ Test case passing 1 argument length → 65 to parityLastLengthIsValidated(length:) started.
◇ Test case passing 1 argument size → 256 to generatedNacksRespectDatagramLimit(size:) started.
◇ Test case passing 1 argument length → 65535 to parityLastLengthIsValidated(length:) started.
◇ Test case passing 1 argument index → 0 to emptyCodecParameterSetsAreRejected(index:) started.
◇ Test case passing 1 argument size → 512 to generatedNacksRespectDatagramLimit(size:) started.
◇ Test case passing 1 argument size → 1200 to generatedNacksRespectDatagramLimit(size:) started.
◇ Test case passing 1 argument index → 1 to emptyCodecParameterSetsAreRejected(index:) started.
◇ Test case passing 1 argument index → 2 to emptyCodecParameterSetsAreRejected(index:) started.
◇ Test case passing 1 argument size → 9000 to generatedNacksRespectDatagramLimit(size:) started.
✘ Test generatedNacksRespectDatagramLimit(size:) recorded an issue with 1 argument size → 512 at MediaTests.swift:187:13: Expectation failed: datagram.count <= size
↳ datagram.count <= size → false
↳   datagram.count → 1060
↳   size → 512
✘ Test generatedNacksRespectDatagramLimit(size:) recorded an issue with 1 argument size → 256 at MediaTests.swift:187:13: Expectation failed: datagram.count <= size
↳ datagram.count <= size → false
↳   datagram.count → 1060
↳   size → 256
✘ Test oversizedDatagramsAreNotSealed() recorded an issue at MediaTests.swift:202:5: Expectation failed: connection.seal(Bytes(repeating: 0, count: 256), now: 1) == nil
↳ connection.seal(Bytes(repeating: 0, count: 256), now: 1) == nil → false
↳   connection.seal(Bytes(repeating: 0, count: 256), now: 1) → [0, 0, 0, 0, 0, 0, 0, 1, 0, 0, 0, 0, 0, 0, 0, 1, 97, 216, 164, 178, 251, 146, 11, 232, 225, 7, 143, 100, 196, 123, 75, 174, 189, 239, 169, 249, 115, 220, 171, 91, 22, 21, 128, 200, 79, 233, 26, 102, 237, 201, 73, 84, 131, 242, 107, 254, 196, 186, 248, 127, 152, 167, 72, 170, 70, 128, 168, 79, 137, 252, 52, 232, 201, 46, 135, 28, 6, 43, 249, 122, 211, 142, 48, 98, 173, 53, 168, 105, 74, 252, 245, 137, 227, 188, 238, 21, 120, 88, 142, 184, 35, 251, 141, 140, 10, 174, 236, 20, 231, 43, 238, 190, 200, 248, 215, 59, 236, 157, 190, 46, 251, 56, 99, 25, 115, 84, 182, 91, 145, 164, 8, 147, 230, 61, 245, 58, 150, 186, 105, 159, 128, 17, 53, 105, 81, 115, 187, 224, 41, 205, 126, 229, 141, 186, 248, 228, 5, 11, 170, 30, 60, 233, 118, 4, 66, 51, 227, 129, 78, 115, 94, 21, 50, 82, 51, 179, 206, 31, 118, 211, 187, 107, 127, 170, 223, 21, 33, 182, 205, 241, 159, 243, 194, 127, 88, 151, 234, 116, 174, 222, 124, 31, 196, 41, 230, 222, 216, 251, 88, 195, 65, 66, 50, 12, 13, 39, 163, 130, 40, 207, 87, 219, 123, 61, 33, 90, 152, 65, 86, 215, 209, 68, 167, 225, 164, 45, 43, 84, 87, 37, 7, 198, 145, 2, 254, 127, 218, 180, 228, 168, 173, 21, 5, 179, 220, 224, 66, 74, 249, 233, 180, 240, 199, 132, 215, 9, 83, 49, 144, 96, 147, 2, 32, 159, 95, 184, 224, 35, 98, 117, 137, 56, 88, 56, 233, 42, 182, 220]
↳     some → [0, 0, 0, 0, 0, 0, 0, 1, 0, 0, 0, 0, 0, 0, 0, 1, 97, 216, 164, 178, 251, 146, 11, 232, 225, 7, 143, 100, 196, 123, 75, 174, 189, 239, 169, 249, 115, 220, 171, 91, 22, 21, 128, 200, 79, 233, 26, 102, 237, 201, 73, 84, 131, 242, 107, 254, 196, 186, 248, 127, 152, 167, 72, 170, 70, 128, 168, 79, 137, 252, 52, 232, 201, 46, 135, 28, 6, 43, 249, 122, 211, 142, 48, 98, 173, 53, 168, 105, 74, 252, 245, 137, 227, 188, 238, 21, 120, 88, 142, 184, 35, 251, 141, 140, 10, 174, 236, 20, 231, 43, 238, 190, 200, 248, 215, 59, 236, 157, 190, 46, 251, 56, 99, 25, 115, 84, 182, 91, 145, 164, 8, 147, 230, 61, 245, 58, 150, 186, 105, 159, 128, 17, 53, 105, 81, 115, 187, 224, 41, 205, 126, 229, 141, 186, 248, 228, 5, 11, 170, 30, 60, 233, 118, 4, 66, 51, 227, 129, 78, 115, 94, 21, 50, 82, 51, 179, 206, 31, 118, 211, 187, 107, 127, 170, 223, 21, 33, 182, 205, 241, 159, 243, 194, 127, 88, 151, 234, 116, 174, 222, 124, 31, 196, 41, 230, 222, 216, 251, 88, 195, 65, 66, 50, 12, 13, 39, 163, 130, 40, 207, 87, 219, 123, 61, 33, 90, 152, 65, 86, 215, 209, 68, 167, 225, 164, 45, 43, 84, 87, 37, 7, 198, 145, 2, 254, 127, 218, 180, 228, 168, 173, 21, 5, 179, 220, 224, 66, 74, 249, 233, 180, 240, 199, 132, 215, 9, 83, 49, 144, 96, 147, 2, 32, 159, 95, 184, 224, 35, 98, 117, 137, 56, 88, 56, 233, 42, 182, 220]
✘ Test generatedNacksRespectDatagramLimit(size:) recorded an issue with 1 argument size → 1200 at MediaTests.swift:195:5: Expectation failed: requested.map(\.first).sorted() == stride(from: 1, through: 317, by: 2).map { UInt16($0) }
↳ requested.map(\.first).sorted() == stride(from: 1, through: 317, by: 2).map { UInt16($0) } → false
↳   requested.map(\.first).sorted() → [1, 3, 5, 7, 9, 11, 13, 15, 17, 19, 21, 23, 25, 27, 29, 31, 33, 35, 37, 39, 41, 43, 45, 47, 49, 51, 53, 55, 57, 59, 61, 63, 65, 67, 69, 71, 73, 75, 77, 79, 81, 83, 85, 87, 89, 91, 93, 95, 97, 99, 101, 103, 105, 107, 109, 111, 113, 115, 117, 119, 121, 123, 125, 127, 129, 131, 133, 135, 137, 139, 141, 143, 145, 147, 149, 151, 153, 155, 157, 159, 161, 163, 165, 167, 169, 171, 173, 175, 177, 179, 181, 183, 185, 187, 189, 191, 193, 195, 197, 199, 201, 203, 205, 207, 209, 211, 213, 215, 217, 219, 221, 223, 225, 227, 229, 231, 233, 235, 237, 239, 241, 243, 245, 247, 249, 251, 253, 255]
↳   stride(from: 1, through: 317, by: 2).map { UInt16($0) } → [1, 3, 5, 7, 9, 11, 13, 15, 17, 19, 21, 23, 25, 27, 29, 31, 33, 35, 37, 39, 41, 43, 45, 47, 49, 51, 53, 55, 57, 59, 61, 63, 65, 67, 69, 71, 73, 75, 77, 79, 81, 83, 85, 87, 89, 91, 93, 95, 97, 99, 101, 103, 105, 107, 109, 111, 113, 115, 117, 119, 121, 123, 125, 127, 129, 131, 133, 135, 137, 139, 141, 143, 145, 147, 149, 151, 153, 155, 157, 159, 161, 163, 165, 167, 169, 171, 173, 175, 177, 179, 181, 183, 185, 187, 189, 191, 193, 195, 197, 199, 201, 203, 205, 207, 209, 211, 213, 215, 217, 219, 221, 223, 225, 227, 229, 231, 233, 235, 237, 239, 241, 243, 245, 247, 249, 251, 253, 255, 257, 259, 261, 263, 265, 267, 269, 271, 273, 275, 277, 279, 281, 283, 285, 287, 289, 291, 293, 295, 297, 299, 301, 303, 305, 307, 309, 311, 313, 315, 317]
✘ Test oversizedDatagramsAreNotSealed() recorded an issue at MediaTests.swift:204:5: Expectation failed: connection.flush(now: 2).allSatisfy { $0.count <= 256 }
↳ connection.flush(now: 2).allSatisfy { $0.count <= 256 } → <not evaluated>
✘ Test emptyCodecParameterSetsAreRejected(index:) recorded an issue with 1 argument index → 2 at WireTests.swift:203:5: Expectation failed: FrameHeader.parse(header.encoded) == nil
↳ FrameHeader.parse(header.encoded) == nil → false
↳   FrameHeader.parse(header.encoded) → (header: LightrayCore.FrameHeader(frameType: LightrayCore.FrameHeader.FrameType.idr, refKind: LightrayCore.FrameHeader.RefKind.none, flags: 0, configGeneration: 0, captureTimeMicros: 0, refFrameID: nil, codecConfig: Optional(LightrayCore.CodecConfig(vps: [64, 1], sps: [66, 1], pps: []))), payloadOffset: 32)
↳     some → (header: LightrayCore.FrameHeader(frameType: LightrayCore.FrameHeader.FrameType.idr, refKind: LightrayCore.FrameHeader.RefKind.none, flags: 0, configGeneration: 0, captureTimeMicros: 0, refFrameID: nil, codecConfig: Optional(LightrayCore.CodecConfig(vps: [64, 1], sps: [66, 1], pps: []))), payloadOffset: 32)
↳       header → FrameHeader(frameType: LightrayCore.FrameHeader.FrameType.idr, refKind: LightrayCore.FrameHeader.RefKind.none, flags: 0, configGeneration: 0, captureTimeMicros: 0, refFrameID: nil, codecConfig: Optional(LightrayCore.CodecConfig(vps: [64, 1], sps: [66, 1], pps: [])))
↳         frameType → .idr
↳         refKind → .none
↳         flags → 0
↳         configGeneration → 0
↳         captureTimeMicros → 0
↳         refFrameID → nil
↳         codecConfig → CodecConfig(vps: [64, 1], sps: [66, 1], pps: [])
↳           some → CodecConfig(vps: [64, 1], sps: [66, 1], pps: [])
↳             vps → [64, 1]
↳             sps → [66, 1]
↳             pps → []
↳       payloadOffset → 32
✘ Test emptyCodecParameterSetsAreRejected(index:) recorded an issue with 1 argument index → 1 at WireTests.swift:203:5: Expectation failed: FrameHeader.parse(header.encoded) == nil
↳ FrameHeader.parse(header.encoded) == nil → false
↳   FrameHeader.parse(header.encoded) → (header: LightrayCore.FrameHeader(frameType: LightrayCore.FrameHeader.FrameType.idr, refKind: LightrayCore.FrameHeader.RefKind.none, flags: 0, configGeneration: 0, captureTimeMicros: 0, refFrameID: nil, codecConfig: Optional(LightrayCore.CodecConfig(vps: [64, 1], sps: [], pps: [68, 1]))), payloadOffset: 32)
↳     some → (header: LightrayCore.FrameHeader(frameType: LightrayCore.FrameHeader.FrameType.idr, refKind: LightrayCore.FrameHeader.RefKind.none, flags: 0, configGeneration: 0, captureTimeMicros: 0, refFrameID: nil, codecConfig: Optional(LightrayCore.CodecConfig(vps: [64, 1], sps: [], pps: [68, 1]))), payloadOffset: 32)
↳       header → FrameHeader(frameType: LightrayCore.FrameHeader.FrameType.idr, refKind: LightrayCore.FrameHeader.RefKind.none, flags: 0, configGeneration: 0, captureTimeMicros: 0, refFrameID: nil, codecConfig: Optional(LightrayCore.CodecConfig(vps: [64, 1], sps: [], pps: [68, 1])))
↳         frameType → .idr
↳         refKind → .none
↳         flags → 0
↳         configGeneration → 0
↳         captureTimeMicros → 0
↳         refFrameID → nil
↳         codecConfig → CodecConfig(vps: [64, 1], sps: [], pps: [68, 1])
↳           some → CodecConfig(vps: [64, 1], sps: [], pps: [68, 1])
↳             vps → [64, 1]
↳             sps → []
↳             pps → [68, 1]
↳       payloadOffset → 32
✘ Test generatedNacksRespectDatagramLimit(size:) recorded an issue with 1 argument size → 9000 at MediaTests.swift:195:5: Expectation failed: requested.map(\.first).sorted() == stride(from: 1, through: 317, by: 2).map { UInt16($0) }
↳ requested.map(\.first).sorted() == stride(from: 1, through: 317, by: 2).map { UInt16($0) } → false
↳   requested.map(\.first).sorted() → [1, 3, 5, 7, 9, 11, 13, 15, 17, 19, 21, 23, 25, 27, 29, 31, 33, 35, 37, 39, 41, 43, 45, 47, 49, 51, 53, 55, 57, 59, 61, 63, 65, 67, 69, 71, 73, 75, 77, 79, 81, 83, 85, 87, 89, 91, 93, 95, 97, 99, 101, 103, 105, 107, 109, 111, 113, 115, 117, 119, 121, 123, 125, 127, 129, 131, 133, 135, 137, 139, 141, 143, 145, 147, 149, 151, 153, 155, 157, 159, 161, 163, 165, 167, 169, 171, 173, 175, 177, 179, 181, 183, 185, 187, 189, 191, 193, 195, 197, 199, 201, 203, 205, 207, 209, 211, 213, 215, 217, 219, 221, 223, 225, 227, 229, 231, 233, 235, 237, 239, 241, 243, 245, 247, 249, 251, 253, 255]
↳   stride(from: 1, through: 317, by: 2).map { UInt16($0) } → [1, 3, 5, 7, 9, 11, 13, 15, 17, 19, 21, 23, 25, 27, 29, 31, 33, 35, 37, 39, 41, 43, 45, 47, 49, 51, 53, 55, 57, 59, 61, 63, 65, 67, 69, 71, 73, 75, 77, 79, 81, 83, 85, 87, 89, 91, 93, 95, 97, 99, 101, 103, 105, 107, 109, 111, 113, 115, 117, 119, 121, 123, 125, 127, 129, 131, 133, 135, 137, 139, 141, 143, 145, 147, 149, 151, 153, 155, 157, 159, 161, 163, 165, 167, 169, 171, 173, 175, 177, 179, 181, 183, 185, 187, 189, 191, 193, 195, 197, 199, 201, 203, 205, 207, 209, 211, 213, 215, 217, 219, 221, 223, 225, 227, 229, 231, 233, 235, 237, 239, 241, 243, 245, 247, 249, 251, 253, 255, 257, 259, 261, 263, 265, 267, 269, 271, 273, 275, 277, 279, 281, 283, 285, 287, 289, 291, 293, 295, 297, 299, 301, 303, 305, 307, 309, 311, 313, 315, 317]
✘ Test emptyCodecParameterSetsAreRejected(index:) recorded an issue with 1 argument index → 0 at WireTests.swift:203:5: Expectation failed: FrameHeader.parse(header.encoded) == nil
↳ FrameHeader.parse(header.encoded) == nil → false
↳   FrameHeader.parse(header.encoded) → (header: LightrayCore.FrameHeader(frameType: LightrayCore.FrameHeader.FrameType.idr, refKind: LightrayCore.FrameHeader.RefKind.none, flags: 0, configGeneration: 0, captureTimeMicros: 0, refFrameID: nil, codecConfig: Optional(LightrayCore.CodecConfig(vps: [], sps: [66, 1], pps: [68, 1]))), payloadOffset: 32)
↳     some → (header: LightrayCore.FrameHeader(frameType: LightrayCore.FrameHeader.FrameType.idr, refKind: LightrayCore.FrameHeader.RefKind.none, flags: 0, configGeneration: 0, captureTimeMicros: 0, refFrameID: nil, codecConfig: Optional(LightrayCore.CodecConfig(vps: [], sps: [66, 1], pps: [68, 1]))), payloadOffset: 32)
↳       header → FrameHeader(frameType: LightrayCore.FrameHeader.FrameType.idr, refKind: LightrayCore.FrameHeader.RefKind.none, flags: 0, configGeneration: 0, captureTimeMicros: 0, refFrameID: nil, codecConfig: Optional(LightrayCore.CodecConfig(vps: [], sps: [66, 1], pps: [68, 1])))
↳         frameType → .idr
↳         refKind → .none
↳         flags → 0
↳         configGeneration → 0
↳         captureTimeMicros → 0
↳         refFrameID → nil
↳         codecConfig → CodecConfig(vps: [], sps: [66, 1], pps: [68, 1])
↳           some → CodecConfig(vps: [], sps: [66, 1], pps: [68, 1])
↳             vps → []
↳             sps → [66, 1]
↳             pps → [68, 1]
↳       payloadOffset → 32
✘ Test oversizedDatagramsAreNotSealed() failed after 0.002 seconds with 2 issues.
✘ Test emptyCodecParameterSetsAreRejected(index:) with 3 test cases failed after 0.002 seconds with 3 issues.
✘ Test generatedNacksRespectDatagramLimit(size:) recorded an issue with 1 argument size → 512 at MediaTests.swift:195:5: Expectation failed: requested.map(\.first).sorted() == stride(from: 1, through: 317, by: 2).map { UInt16($0) }
↳ requested.map(\.first).sorted() == stride(from: 1, through: 317, by: 2).map { UInt16($0) } → false
↳   requested.map(\.first).sorted() → [1, 3, 5, 7, 9, 11, 13, 15, 17, 19, 21, 23, 25, 27, 29, 31, 33, 35, 37, 39, 41, 43, 45, 47, 49, 51, 53, 55, 57, 59, 61, 63, 65, 67, 69, 71, 73, 75, 77, 79, 81, 83, 85, 87, 89, 91, 93, 95, 97, 99, 101, 103, 105, 107, 109, 111, 113, 115, 117, 119, 121, 123, 125, 127, 129, 131, 133, 135, 137, 139, 141, 143, 145, 147, 149, 151, 153, 155, 157, 159, 161, 163, 165, 167, 169, 171, 173, 175, 177, 179, 181, 183, 185, 187, 189, 191, 193, 195, 197, 199, 201, 203, 205, 207, 209, 211, 213, 215, 217, 219, 221, 223, 225, 227, 229, 231, 233, 235, 237, 239, 241, 243, 245, 247, 249, 251, 253, 255]
↳   stride(from: 1, through: 317, by: 2).map { UInt16($0) } → [1, 3, 5, 7, 9, 11, 13, 15, 17, 19, 21, 23, 25, 27, 29, 31, 33, 35, 37, 39, 41, 43, 45, 47, 49, 51, 53, 55, 57, 59, 61, 63, 65, 67, 69, 71, 73, 75, 77, 79, 81, 83, 85, 87, 89, 91, 93, 95, 97, 99, 101, 103, 105, 107, 109, 111, 113, 115, 117, 119, 121, 123, 125, 127, 129, 131, 133, 135, 137, 139, 141, 143, 145, 147, 149, 151, 153, 155, 157, 159, 161, 163, 165, 167, 169, 171, 173, 175, 177, 179, 181, 183, 185, 187, 189, 191, 193, 195, 197, 199, 201, 203, 205, 207, 209, 211, 213, 215, 217, 219, 221, 223, 225, 227, 229, 231, 233, 235, 237, 239, 241, 243, 245, 247, 249, 251, 253, 255, 257, 259, 261, 263, 265, 267, 269, 271, 273, 275, 277, 279, 281, 283, 285, 287, 289, 291, 293, 295, 297, 299, 301, 303, 305, 307, 309, 311, 313, 315, 317]
✘ Test generatedNacksRespectDatagramLimit(size:) recorded an issue with 1 argument size → 256 at MediaTests.swift:195:5: Expectation failed: requested.map(\.first).sorted() == stride(from: 1, through: 317, by: 2).map { UInt16($0) }
↳ requested.map(\.first).sorted() == stride(from: 1, through: 317, by: 2).map { UInt16($0) } → false
↳   requested.map(\.first).sorted() → [1, 3, 5, 7, 9, 11, 13, 15, 17, 19, 21, 23, 25, 27, 29, 31, 33, 35, 37, 39, 41, 43, 45, 47, 49, 51, 53, 55, 57, 59, 61, 63, 65, 67, 69, 71, 73, 75, 77, 79, 81, 83, 85, 87, 89, 91, 93, 95, 97, 99, 101, 103, 105, 107, 109, 111, 113, 115, 117, 119, 121, 123, 125, 127, 129, 131, 133, 135, 137, 139, 141, 143, 145, 147, 149, 151, 153, 155, 157, 159, 161, 163, 165, 167, 169, 171, 173, 175, 177, 179, 181, 183, 185, 187, 189, 191, 193, 195, 197, 199, 201, 203, 205, 207, 209, 211, 213, 215, 217, 219, 221, 223, 225, 227, 229, 231, 233, 235, 237, 239, 241, 243, 245, 247, 249, 251, 253, 255]
↳   stride(from: 1, through: 317, by: 2).map { UInt16($0) } → [1, 3, 5, 7, 9, 11, 13, 15, 17, 19, 21, 23, 25, 27, 29, 31, 33, 35, 37, 39, 41, 43, 45, 47, 49, 51, 53, 55, 57, 59, 61, 63, 65, 67, 69, 71, 73, 75, 77, 79, 81, 83, 85, 87, 89, 91, 93, 95, 97, 99, 101, 103, 105, 107, 109, 111, 113, 115, 117, 119, 121, 123, 125, 127, 129, 131, 133, 135, 137, 139, 141, 143, 145, 147, 149, 151, 153, 155, 157, 159, 161, 163, 165, 167, 169, 171, 173, 175, 177, 179, 181, 183, 185, 187, 189, 191, 193, 195, 197, 199, 201, 203, 205, 207, 209, 211, 213, 215, 217, 219, 221, 223, 225, 227, 229, 231, 233, 235, 237, 239, 241, 243, 245, 247, 249, 251, 253, 255, 257, 259, 261, 263, 265, 267, 269, 271, 273, 275, 277, 279, 281, 283, 285, 287, 289, 291, 293, 295, 297, 299, 301, 303, 305, 307, 309, 311, 313, 315, 317]
✘ Test parityLastLengthIsValidated(length:) recorded an issue with 1 argument length → 0 at WireTests.swift:193:9: Expectation failed: parsed.chunks.isEmpty
↳ parsed.chunks.isEmpty → false
↳   parsed.chunks → [LightrayCore.Chunk.mediaFragment(LightrayCore.MediaFragment(stream: 1, flags: 8, frameID: 1, index: 0, count: 1, stride: 64, fec: Optional(LightrayCore.MediaFragment.FEC(maxBlockLength: 1, parityPerBlock: 1, lastLength: 0)), payload: ArraySlice([0, 0, 0, 0, 0, 0, 0, 0, 0, 0, 0, 0, 0, 0, 0, 0, 0, 0, 0, 0, 0, 0, 0, 0, 0, 0, 0, 0, 0, 0, 0, 0, 0, 0, 0, 0, 0, 0, 0, 0, 0, 0, 0, 0, 0, 0, 0, 0, 0, 0, 0, 0, 0, 0, 0, 0, 0, 0, 0, 0, 0, 0, 0, 0])))]
↳   isEmpty → false
✘ Test parityLastLengthIsValidated(length:) recorded an issue with 1 argument length → 65535 at WireTests.swift:193:9: Expectation failed: parsed.chunks.isEmpty
↳ parsed.chunks.isEmpty → false
↳   parsed.chunks → [LightrayCore.Chunk.mediaFragment(LightrayCore.MediaFragment(stream: 1, flags: 8, frameID: 1, index: 0, count: 1, stride: 64, fec: Optional(LightrayCore.MediaFragment.FEC(maxBlockLength: 1, parityPerBlock: 1, lastLength: 65535)), payload: ArraySlice([0, 0, 0, 0, 0, 0, 0, 0, 0, 0, 0, 0, 0, 0, 0, 0, 0, 0, 0, 0, 0, 0, 0, 0, 0, 0, 0, 0, 0, 0, 0, 0, 0, 0, 0, 0, 0, 0, 0, 0, 0, 0, 0, 0, 0, 0, 0, 0, 0, 0, 0, 0, 0, 0, 0, 0, 0, 0, 0, 0, 0, 0, 0, 0])))]
↳   isEmpty → false
✘ Test generatedNacksRespectDatagramLimit(size:) with 4 test cases failed after 0.002 seconds with 6 issues.
✘ Test parityLastLengthIsValidated(length:) recorded an issue with 1 argument length → 65 at WireTests.swift:193:9: Expectation failed: parsed.chunks.isEmpty
↳ parsed.chunks.isEmpty → false
↳   parsed.chunks → [LightrayCore.Chunk.mediaFragment(LightrayCore.MediaFragment(stream: 1, flags: 8, frameID: 1, index: 0, count: 1, stride: 64, fec: Optional(LightrayCore.MediaFragment.FEC(maxBlockLength: 1, parityPerBlock: 1, lastLength: 65)), payload: ArraySlice([0, 0, 0, 0, 0, 0, 0, 0, 0, 0, 0, 0, 0, 0, 0, 0, 0, 0, 0, 0, 0, 0, 0, 0, 0, 0, 0, 0, 0, 0, 0, 0, 0, 0, 0, 0, 0, 0, 0, 0, 0, 0, 0, 0, 0, 0, 0, 0, 0, 0, 0, 0, 0, 0, 0, 0, 0, 0, 0, 0, 0, 0, 0, 0])))]
↳   isEmpty → false
✘ Test parityLastLengthIsValidated(length:) recorded an issue with 1 argument length → 0 at WireTests.swift:194:9: Expectation failed: parsed.malformed == 1
↳ parsed.malformed == 1 → false
↳   parsed.malformed → 0
✘ Test parityLastLengthIsValidated(length:) recorded an issue with 1 argument length → 65535 at WireTests.swift:194:9: Expectation failed: parsed.malformed == 1
↳ parsed.malformed == 1 → false
↳   parsed.malformed → 0
✘ Test parityLastLengthIsValidated(length:) recorded an issue with 1 argument length → 65 at WireTests.swift:194:9: Expectation failed: parsed.malformed == 1
↳ parsed.malformed == 1 → false
↳   parsed.malformed → 0
✘ Test parityLastLengthIsValidated(length:) with 5 test cases failed after 0.003 seconds with 6 issues.
✘ Test pointerMotionSurvivesReliableBackpressure() recorded an issue at SessionTests.swift:197:5: Expectation failed: link.inputs.last == motion
↳ link.inputs.last == motion → false
↳   link.inputs.last → .scroll(dx: 0, dy: 1, units: LightrayCore.InputMessage.ScrollUnits.pixels)
↳     some → .scroll(dx: 0, dy: 1, units: LightrayCore.InputMessage.ScrollUnits.pixels)
↳       scroll → (dx: 0, dy: 1, units: LightrayCore.InputMessage.ScrollUnits.pixels)
↳         dx → 0
↳         dy → 1
↳         units → .pixels
↳   motion → .pointer(x: 123, y: 456, display: 0)
↳     pointer → (x: 123, y: 456, display: 0)
↳       x → 123
↳       y → 456
↳       display → 0
✘ Test pointerMotionSurvivesReliableBackpressure() failed after 0.049 seconds with 1 issue.
✘ Test inputOverflowEndsTheSession(dropClose:) recorded an issue with 1 argument dropClose → false at SessionTests.swift:174:5: Expectation failed: !link.client.isConnected
↳ !link.client.isConnected → true
↳   link.client.isConnected → false
↳     link.client → LightrayCore.ClientEndpoint
↳       config → ClientConfig(pairingID: 42, psk: [7, 7, 7, 7, 7, 7, 7, 7, 7, 7, 7, 7, 7, 7, 7, 7, 7, 7, 7, 7, 7, 7, 7, 7, 7, 7, 7, 7, 7, 7, 7, 7], host: 10.0.0.1:7373, maxDatagramSize: 1200, offerFEC: true, videoStreamCount: 4, silenceTimeout: 5000000, retryDelay: 1000000)
↳         pairingID → 42
↳         psk → [7, 7, 7, 7, 7, 7, 7, 7, 7, 7, 7, 7, 7, 7, 7, 7, 7, 7, 7, 7, 7, 7, 7, 7, 7, 7, 7, 7, 7, 7, 7, 7]
↳         host → 10.0.0.1:7373
↳           ip → [10, 0, 0, 1]
↳           port → 7373
↳         maxDatagramSize → 1200
↳         offerFEC → true
↳         videoStreamCount → 4
↳         silenceTimeout → 5000000
↳         retryDelay → 1000000
↳       session → LightrayCore.ClientSession
↳         some → LightrayCore.ClientSession
↳           connection → LightrayCore.Connection
↳             role → .client
↳             sessionID → 2418056753
↳             streams → StreamTable(entries: [LightrayCore.StreamEntry(id: 1, kind: LightrayCore.StreamEntry.Kind.video, direction: LightrayCore.StreamEntry.Direction.hostToClient, streamClass: LightrayCore.StreamEntry.Class.media), LightrayCore.StreamEntry(id: 4, kind: LightrayCore.StreamEntry.Kind.input, direction: LightrayCore.StreamEntry.Direction.clientToHost, streamClass: LightrayCore.StreamEntry.Class.reliable), LightrayCore.StreamEntry(id: 5, kind: LightrayCore.StreamEntry.Kind.input, direction: LightrayCore.StreamEntry.Direction.clientToHost, streamClass: LightrayCore.StreamEntry.Class.reliable), LightrayCore.StreamEntry(id: 16, kind: LightrayCore.StreamEntry.Kind.video, direction: LightrayCore.StreamEntry.Direction.hostToClient, streamClass: LightrayCore.StreamEntry.Class.media), LightrayCore.StreamEntry(id: 17, kind: LightrayCore.StreamEntry.Kind.video, direction: LightrayCore.StreamEntry.Direction.hostToClient, streamClass: LightrayCore.StreamEntry.Class.media), LightrayCore.StreamEntry(id: 18, kind: LightrayCore.StreamEntry.Kind.video, direction: LightrayCore.StreamEntry.Direction.hostToClient, streamClass: LightrayCore.StreamEntry.Class.media)])
↳               entries → [LightrayCore.StreamEntry(id: 1, kind: LightrayCore.StreamEntry.Kind.video, direction: LightrayCore.StreamEntry.Direction.hostToClient, streamClass: LightrayCore.StreamEntry.Class.media), LightrayCore.StreamEntry(id: 4, kind: LightrayCore.StreamEntry.Kind.input, direction: LightrayCore.StreamEntry.Direction.clientToHost, streamClass: LightrayCore.StreamEntry.Class.reliable), LightrayCore.StreamEntry(id: 5, kind: LightrayCore.StreamEntry.Kind.input, direction: LightrayCore.StreamEntry.Direction.clientToHost, streamClass: LightrayCore.StreamEntry.Class.reliable), LightrayCore.StreamEntry(id: 16, kind: LightrayCore.StreamEntry.Kind.video, direction: LightrayCore.StreamEntry.Direction.hostToClient, streamClass: LightrayCore.StreamEntry.Class.media), LightrayCore.StreamEntry(id: 17, kind: LightrayCore.StreamEntry.Kind.video, direction: LightrayCore.StreamEntry.Direction.hostToClient, streamClass: LightrayCore.StreamEntry.Class.media), LightrayCore.StreamEntry(id: 18, kind: LightrayCore.StreamEntry.Kind.video, direction: LightrayCore.StreamEntry.Direction.hostToClient, streamClass: LightrayCore.StreamEntry.Class.media)]
↳             maxDatagramSize → 1200
↳             peer → 10.0.0.1:7373
↳               ip → [10, 0, 0, 1]
↳               port → 7373
↳             rtt → RTTEstimator(smoothed: 4166, variation: 1019, latest: 4000, minimum: 4000, hasSample: true)
↳               smoothed → 4166
↳               variation → 1019
↳               latest → 4000
↳               minimum → 4000
↳               hasSample → true
↳             stats → ConnectionStats(packetsSent: 3, bytesSent: 137, packetsReceived: 2, bytesReceived: 118, authenticationFailures: 0, replays: 0, staleRebinds: 0, rebinds: 0, malformedChunks: 0, streamViolations: 0, blockedByValidation: 0, reportedReceived: 3, reportedLost: 0)
↳               packetsSent → 3
↳               bytesSent → 137
↳               packetsReceived → 2
↳               bytesReceived → 118
↳               authenticationFailures → 0
↳               replays → 0
↳               staleRebinds → 0
↳               rebinds → 0
↳               malformedChunks → 0
↳               streamViolations → 0
↳               blockedByValidation → 0
↳               reportedReceived → 3
↳               reportedLost → 0
↳             lastReceived → 10054250
↳             lastSent → 10050250
↳             sendKey → TrafficKey(key: Key representation contains 32 bytes.)
↳               key → Key representation contains 32 bytes.
↳                 sb → SecureBytes(backing: CryptoKit.SecureBytes.Backing)
↳                   backing → CryptoKit.SecureBytes.Backing
↳             receiveKey → TrafficKey(key: Key representation contains 32 bytes.)
↳               key → Key representation contains 32 bytes.
↳                 sb → SecureBytes(backing: CryptoKit.SecureBytes.Backing)
↳                   backing → CryptoKit.SecureBytes.Backing
↳             nextPacketNumber → 3
↳             replay → ReplayWindow(bits: [3, 0, 0, 0, 0, 0, 0, 0, 0, 0, 0, 0, 0, 0, 0, 0, 0, 0, 0, 0, 0, 0, 0, 0, 0, 0, 0, 0, 0, 0, 0, 0], highest: Optional(1))
↳               bits → [3, 0, 0, 0, 0, 0, 0, 0, 0, 0, 0, 0, 0, 0, 0, 0, 0, 0, 0, 0, 0, 0, 0, 0, 0, 0, 0, 0, 0, 0, 0, 0]
↳               highest → 1
↳                 some → 1
↳             sentLog → [(pn: 0, time: 10004250), (pn: 1, time: 10008250), (pn: 2, time: 10050250), (pn: 18446744073709551615, time: 0), (pn: 18446744073709551615, time: 0), (pn: 18446744073709551615, time: 0), (pn: 18446744073709551615, time: 0), (pn: 18446744073709551615, time: 0), (pn: 18446744073709551615, time: 0), (pn: 18446744073709551615, time: 0), (pn: 18446744073709551615, time: 0), (pn: 18446744073709551615, time: 0), (pn: 18446744073709551615, time: 0), (pn: 18446744073709551615, time: 0), (pn: 18446744073709551615, time: 0), (pn: 18446744073709551615, time: 0), (pn: 18446744073709551615, time: 0), (pn: 18446744073709551615, time: 0), (pn: 18446744073709551615, time: 0), (pn: 18446744073709551615, time: 0), (pn: 18446744073709551615, time: 0), (pn: 18446744073709551615, time: 0), (pn: 18446744073709551615, time: 0), (pn: 18446744073709551615, time: 0), (pn: 18446744073709551615, time: 0), (pn: 18446744073709551615, time: 0), (pn: 18446744073709551615, time: 0), (pn: 18446744073709551615, time: 0), (pn: 18446744073709551615, time: 0), (pn: 18446744073709551615, time: 0), (pn: 18446744073709551615, time: 0), (pn: 18446744073709551615, time: 0), (pn: 18446744073709551615, time: 0), (pn: 18446744073709551615, time: 0), (pn: 18446744073709551615, time: 0), (pn: 18446744073709551615, time: 0), (pn: 18446744073709551615, time: 0), (pn: 18446744073709551615, time: 0), (pn: 18446744073709551615, time: 0), (pn: 18446744073709551615, time: 0), (pn: 18446744073709551615, time: 0), (pn: 18446744073709551615, time: 0), (pn: 18446744073709551615, time: 0), (pn: 18446744073709551615, time: 0), (pn: 18446744073709551615, time: 0), (pn: 18446744073709551615, time: 0), (pn: 18446744073709551615, time: 0), (pn: 18446744073709551615, time: 0), (pn: 18446744073709551615, time: 0), (pn: 18446744073709551615, time: 0), (pn: 18446744073709551615, time: 0), (pn: 18446744073709551615, time: 0), (pn: 18446744073709551615, time: 0), (pn: 18446744073709551615, time: 0), (pn: 18446744073709551615, time: 0), (pn: 18446744073709551615, time: 0), (pn: 18446744073709551615, time: 0), (pn: 18446744073709551615, time: 0), (pn: 18446744073709551615, time: 0), (pn: 18446744073709551615, time: 0), (pn: 18446744073709551615, time: 0), (pn: 18446744073709551615, time: 0), (pn: 18446744073709551615, time: 0), (pn: 18446744073709551615, time: 0), (pn: 18446744073709551615, time: 0), (pn: 18446744073709551615, time: 0), (pn: 18446744073709551615, time: 0), (pn: 18446744073709551615, time: 0), (pn: 18446744073709551615, time: 0), (pn: 18446744073709551615, time: 0), (pn: 18446744073709551615, time: 0), (pn: 18446744073709551615, time: 0), (pn: 18446744073709551615, time: 0), (pn: 18446744073709551615, time: 0), (pn: 18446744073709551615, time: 0), (pn: 18446744073709551615, time: 0), (pn: 18446744073709551615, time: 0), (pn: 18446744073709551615, time: 0), (pn: 18446744073709551615, time: 0), (pn: 18446744073709551615, time: 0), (pn: 18446744073709551615, time: 0), (pn: 18446744073709551615, time: 0), (pn: 18446744073709551615, time: 0), (pn: 18446744073709551615, time: 0), (pn: 18446744073709551615, time: 0), (pn: 18446744073709551615, time: 0), (pn: 18446744073709551615, time: 0), (pn: 18446744073709551615, time: 0), (pn: 18446744073709551615, time: 0), (pn: 18446744073709551615, time: 0), (pn: 18446744073709551615, time: 0), (pn: 18446744073709551615, time: 0), (pn: 18446744073709551615, time: 0), (pn: 18446744073709551615, time: 0), (pn: 18446744073709551615, time: 0), (pn: 18446744073709551615, time: 0), (pn: 18446744073709551615, time: 0), (pn: 18446744073709551615, time: 0), (pn: 18446744073709551615, time: 0), (pn: 18446744073709551615, time: 0), (pn: 18446744073709551615, time: 0), (pn: 18446744073709551615, time: 0), (pn: 18446744073709551615, time: 0), (pn: 18446744073709551615, time: 0), (pn: 18446744073709551615, time: 0), (pn: 18446744073709551615, time: 0), (pn: 18446744073709551615, time: 0), (pn: 18446744073709551615, time: 0), (pn: 18446744073709551615, time: 0), (pn: 18446744073709551615, time: 0), (pn: 18446744073709551615, time: 0), (pn: 18446744073709551615, time: 0), (pn: 18446744073709551615, time: 0), (pn: 18446744073709551615, time: 0), (pn: 18446744073709551615, time: 0), (pn: 18446744073709551615, time: 0), (pn: 18446744073709551615, time: 0), (pn: 18446744073709551615, time: 0), (pn: 18446744073709551615, time: 0), (pn: 18446744073709551615, time: 0), (pn: 18446744073709551615, time: 0), (pn: 18446744073709551615, time: 0), (pn: 18446744073709551615, time: 0), (pn: 18446744073709551615, time: 0), (pn: 18446744073709551615, time: 0), (pn: 18446744073709551615, time: 0), (pn: 18446744073709551615, time: 0), (pn: 18446744073709551615, time: 0), (pn: 18446744073709551615, time: 0), (pn: 18446744073709551615, time: 0), (pn: 18446744073709551615, time: 0), (pn: 18446744073709551615, time: 0), (pn: 18446744073709551615, time: 0), (pn: 18446744073709551615, time: 0), (pn: 18446744073709551615, time: 0), (pn: 18446744073709551615, time: 0), (pn: 18446744073709551615, time: 0), (pn: 18446744073709551615, time: 0), (pn: 18446744073709551615, time: 0), (pn: 18446744073709551615, time: 0), (pn: 18446744073709551615, time: 0), (pn: 18446744073709551615, time: 0), (pn: 18446744073709551615, time: 0), (pn: 18446744073709551615, time: 0), (pn: 18446744073709551615, time: 0), (pn: 18446744073709551615, time: 0), (pn: 18446744073709551615, time: 0), (pn: 18446744073709551615, time: 0), (pn: 18446744073709551615, time: 0), (pn: 18446744073709551615, time: 0), (pn: 18446744073709551615, time: 0), (pn: 18446744073709551615, time: 0), (pn: 18446744073709551615, time: 0), (pn: 18446744073709551615, time: 0), (pn: 18446744073709551615, time: 0), (pn: 18446744073709551615, time: 0), (pn: 18446744073709551615, time: 0), (pn: 18446744073709551615, time: 0), (pn: 18446744073709551615, time: 0), (pn: 18446744073709551615, time: 0), (pn: 18446744073709551615, time: 0), (pn: 18446744073709551615, time: 0), (pn: 18446744073709551615, time: 0), (pn: 18446744073709551615, time: 0), (pn: 18446744073709551615, time: 0), (pn: 18446744073709551615, time: 0), (pn: 18446744073709551615, time: 0), (pn: 18446744073709551615, time: 0), (pn: 18446744073709551615, time: 0), (pn: 18446744073709551615, time: 0), (pn: 18446744073709551615, time: 0), (pn: 18446744073709551615, time: 0), (pn: 18446744073709551615, time: 0), (pn: 18446744073709551615, time: 0), (pn: 18446744073709551615, time: 0), (pn: 18446744073709551615, time: 0), (pn: 18446744073709551615, time: 0), (pn: 18446744073709551615, time: 0), (pn: 18446744073709551615, time: 0), (pn: 18446744073709551615, time: 0), (pn: 18446744073709551615, time: 0), (pn: 18446744073709551615, time: 0), (pn: 18446744073709551615, time: 0), (pn: 18446744073709551615, time: 0), (pn: 18446744073709551615, time: 0), (pn: 18446744073709551615, time: 0), (pn: 18446744073709551615, time: 0), (pn: 18446744073709551615, time: 0), (pn: 18446744073709551615, time: 0), (pn: 18446744073709551615, time: 0), (pn: 18446744073709551615, time: 0), (pn: 18446744073709551615, time: 0), (pn: 18446744073709551615, time: 0), (pn: 18446744073709551615, time: 0), (pn: 18446744073709551615, time: 0), (pn: 18446744073709551615, time: 0), (pn: 18446744073709551615, time: 0), (pn: 18446744073709551615, time: 0), (pn: 18446744073709551615, time: 0), (pn: 18446744073709551615, time: 0), (pn: 18446744073709551615, time: 0), (pn: 18446744073709551615, time: 0), (pn: 18446744073709551615, time: 0), (pn: 18446744073709551615, time: 0), (pn: 18446744073709551615, time: 0), (pn: 18446744073709551615, time: 0), (pn: 18446744073709551615, time: 0), (pn: 18446744073709551615, time: 0), (pn: 18446744073709551615, time: 0), (pn: 18446744073709551615, time: 0), (pn: 18446744073709551615, time: 0), (pn: 18446744073709551615, time: 0), (pn: 18446744073709551615, time: 0), (pn: 18446744073709551615, time: 0), (pn: 18446744073709551615, time: 0), (pn: 18446744073709551615, time: 0), (pn: 18446744073709551615, time: 0), (pn: 18446744073709551615, time: 0), (pn: 18446744073709551615, time: 0), (pn: 18446744073709551615, time: 0), (pn: 18446744073709551615, time: 0), (pn: 18446744073709551615, time: 0), (pn: 18446744073709551615, time: 0), (pn: 18446744073709551615, time: 0), (pn: 18446744073709551615, time: 0), (pn: 18446744073709551615, time: 0), (pn: 18446744073709551615, time: 0), (pn: 18446744073709551615, time: 0), (pn: 18446744073709551615, time: 0), (pn: 18446744073709551615, time: 0), (pn: 18446744073709551615, time: 0), (pn: 18446744073709551615, time: 0), (pn: 18446744073709551615, time: 0), (pn: 18446744073709551615, time: 0), (pn: 18446744073709551615, time: 0), (pn: 18446744073709551615, time: 0), (pn: 18446744073709551615, time: 0), (pn: 18446744073709551615, time: 0), (pn: 18446744073709551615, time: 0), (pn: 18446744073709551615, time: 0), (pn: 18446744073709551615, time: 0), (pn: 18446744073709551615, time: 0), (pn: 18446744073709551615, time: 0), (pn: 18446744073709551615, time: 0), (pn: 18446744073709551615, time: 0), (pn: 18446744073709551615, time: 0), (pn: 18446744073709551615, time: 0), (pn: 18446744073709551615, time: 0), (pn: 18446744073709551615, time: 0), (pn: 18446744073709551615, time: 0), (pn: 18446744073709551615, time: 0), (pn: 18446744073709551615, time: 0), (pn: 18446744073709551615, time: 0), (pn: 18446744073709551615, time: 0), (pn: 18446744073709551615, time: 0), (pn: 18446744073709551615, time: 0), (pn: 18446744073709551615, time: 0), (pn: 18446744073709551615, time: 0), (pn: 18446744073709551615, time: 0), (pn: 18446744073709551615, time: 0), (pn: 18446744073709551615, time: 0), (pn: 18446744073709551615, time: 0), (pn: 18446744073709551615, time: 0), (pn: 18446744073709551615, time: 0), (pn: 18446744073709551615, time: 0), (pn: 18446744073709551615, time: 0), (pn: 18446744073709551615, time: 0), (pn: 18446744073709551615, time: 0), (pn: 18446744073709551615, time: 0), (pn: 18446744073709551615, time: 0), (pn: 18446744073709551615, time: 0), (pn: 18446744073709551615, time: 0), (pn: 18446744073709551615, time: 0), (pn: 18446744073709551615, time: 0), (pn: 18446744073709551615, time: 0), (pn: 18446744073709551615, time: 0), (pn: 18446744073709551615, time: 0), (pn: 18446744073709551615, time: 0), (pn: 18446744073709551615, time: 0), (pn: 18446744073709551615, time: 0), (pn: 18446744073709551615, time: 0), (pn: 18446744073709551615, time: 0), (pn: 18446744073709551615, time: 0), (pn: 18446744073709551615, time: 0), (pn: 18446744073709551615, time: 0), (pn: 18446744073709551615, time: 0), (pn: 18446744073709551615, time: 0), (pn: 18446744073709551615, time: 0), (pn: 18446744073709551615, time: 0), (pn: 18446744073709551615, time: 0), (pn: 18446744073709551615, time: 0), (pn: 18446744073709551615, time: 0), (pn: 18446744073709551615, time: 0), (pn: 18446744073709551615, time: 0), (pn: 18446744073709551615, time: 0), (pn: 18446744073709551615, time: 0), (pn: 18446744073709551615, time: 0), (pn: 18446744073709551615, time: 0), (pn: 18446744073709551615, time: 0), (pn: 18446744073709551615, time: 0), (pn: 18446744073709551615, time: 0), (pn: 18446744073709551615, time: 0), (pn: 18446744073709551615, time: 0), (pn: 18446744073709551615, time: 0), (pn: 18446744073709551615, time: 0), (pn: 18446744073709551615, time: 0), (pn: 18446744073709551615, time: 0), (pn: 18446744073709551615, time: 0), (pn: 18446744073709551615, time: 0), (pn: 18446744073709551615, time: 0), (pn: 18446744073709551615, time: 0), (pn: 18446744073709551615, time: 0), (pn: 18446744073709551615, time: 0), (pn: 18446744073709551615, time: 0), (pn: 18446744073709551615, time: 0), (pn: 18446744073709551615, time: 0), (pn: 18446744073709551615, time: 0), (pn: 18446744073709551615, time: 0), (pn: 18446744073709551615, time: 0), (pn: 18446744073709551615, time: 0), (pn: 18446744073709551615, time: 0), (pn: 18446744073709551615, time: 0), (pn: 18446744073709551615, time: 0), (pn: 18446744073709551615, time: 0), (pn: 18446744073709551615, time: 0), (pn: 18446744073709551615, time: 0), (pn: 18446744073709551615, time: 0), (pn: 18446744073709551615, time: 0), (pn: 18446744073709551615, time: 0), (pn: 18446744073709551615, time: 0), (pn: 18446744073709551615, time: 0), (pn: 18446744073709551615, time: 0), (pn: 18446744073709551615, time: 0), (pn: 18446744073709551615, time: 0), (pn: 18446744073709551615, time: 0), (pn: 18446744073709551615, time: 0), (pn: 18446744073709551615, time: 0), (pn: 18446744073709551615, time: 0), (pn: 18446744073709551615, time: 0), (pn: 18446744073709551615, time: 0), (pn: 18446744073709551615, time: 0), (pn: 18446744073709551615, time: 0), (pn: 18446744073709551615, time: 0), (pn: 18446744073709551615, time: 0), (pn: 18446744073709551615, time: 0), (pn: 18446744073709551615, time: 0), (pn: 18446744073709551615, time: 0), (pn: 18446744073709551615, time: 0), (pn: 18446744073709551615, time: 0), (pn: 18446744073709551615, time: 0), (pn: 18446744073709551615, time: 0), (pn: 18446744073709551615, time: 0), (pn: 18446744073709551615, time: 0), (pn: 18446744073709551615, time: 0), (pn: 18446744073709551615, time: 0), (pn: 18446744073709551615, time: 0), (pn: 18446744073709551615, time: 0), (pn: 18446744073709551615, time: 0), (pn: 18446744073709551615, time: 0), (pn: 18446744073709551615, time: 0), (pn: 18446744073709551615, time: 0), (pn: 18446744073709551615, time: 0), (pn: 18446744073709551615, time: 0), (pn: 18446744073709551615, time: 0), (pn: 18446744073709551615, time: 0), (pn: 18446744073709551615, time: 0), (pn: 18446744073709551615, time: 0), (pn: 18446744073709551615, time: 0), (pn: 18446744073709551615, time: 0), (pn: 18446744073709551615, time: 0), (pn: 18446744073709551615, time: 0), (pn: 18446744073709551615, time: 0), (pn: 18446744073709551615, time: 0), (pn: 18446744073709551615, time: 0), (pn: 18446744073709551615, time: 0), (pn: 18446744073709551615, time: 0), (pn: 18446744073709551615, time: 0), (pn: 18446744073709551615, time: 0), (pn: 18446744073709551615, time: 0), (pn: 18446744073709551615, time: 0), (pn: 18446744073709551615, time: 0), (pn: 18446744073709551615, time: 0), (pn: 18446744073709551615, time: 0), (pn: 18446744073709551615, time: 0), (pn: 18446744073709551615, time: 0), (pn: 18446744073709551615, time: 0), (pn: 18446744073709551615, time: 0), (pn: 18446744073709551615, time: 0), (pn: 18446744073709551615, time: 0), (pn: 18446744073709551615, time: 0), (pn: 18446744073709551615, time: 0), (pn: 18446744073709551615, time: 0), (pn: 18446744073709551615, time: 0), (pn: 18446744073709551615, time: 0), (pn: 18446744073709551615, time: 0), (pn: 18446744073709551615, time: 0), (pn: 18446744073709551615, time: 0), (pn: 18446744073709551615, time: 0), (pn: 18446744073709551615, time: 0), (pn: 18446744073709551615, time: 0), (pn: 18446744073709551615, time: 0), (pn: 18446744073709551615, time: 0), (pn: 18446744073709551615, time: 0), (pn: 18446744073709551615, time: 0), (pn: 18446744073709551615, time: 0), (pn: 18446744073709551615, time: 0), (pn: 18446744073709551615, time: 0), (pn: 18446744073709551615, time: 0), (pn: 18446744073709551615, time: 0), (pn: 18446744073709551615, time: 0), (pn: 18446744073709551615, time: 0), (pn: 18446744073709551615, time: 0), (pn: 18446744073709551615, time: 0), (pn: 18446744073709551615, time: 0), (pn: 18446744073709551615, time: 0), (pn: 18446744073709551615, time: 0), (pn: 18446744073709551615, time: 0), (pn: 18446744073709551615, time: 0), (pn: 18446744073709551615, time: 0), (pn: 18446744073709551615, time: 0), (pn: 18446744073709551615, time: 0), (pn: 18446744073709551615, time: 0), (pn: 18446744073709551615, time: 0), (pn: 18446744073709551615, time: 0), (pn: 18446744073709551615, time: 0), (pn: 18446744073709551615, time: 0), (pn: 18446744073709551615, time: 0), (pn: 18446744073709551615, time: 0), (pn: 18446744073709551615, time: 0), (pn: 18446744073709551615, time: 0), (pn: 18446744073709551615, time: 0), (pn: 18446744073709551615, time: 0), (pn: 18446744073709551615, time: 0), (pn: 18446744073709551615, time: 0), (pn: 18446744073709551615, time: 0), (pn: 18446744073709551615, time: 0), (pn: 18446744073709551615, time: 0), (pn: 18446744073709551615, time: 0), (pn: 18446744073709551615, time: 0), (pn: 18446744073709551615, time: 0), (pn: 18446744073709551615, time: 0), (pn: 18446744073709551615, time: 0), (pn: 18446744073709551615, time: 0), (pn: 18446744073709551615, time: 0), (pn: 18446744073709551615, time: 0), (pn: 18446744073709551615, time: 0), (pn: 18446744073709551615, time: 0), (pn: 18446744073709551615, time: 0), (pn: 18446744073709551615, time: 0), (pn: 18446744073709551615, time: 0), (pn: 18446744073709551615, time: 0), (pn: 18446744073709551615, time: 0), (pn: 18446744073709551615, time: 0), (pn: 18446744073709551615, time: 0), (pn: 18446744073709551615, time: 0), (pn: 18446744073709551615, time: 0), (pn: 18446744073709551615, time: 0), (pn: 18446744073709551615, time: 0), (pn: 18446744073709551615, time: 0), (pn: 18446744073709551615, time: 0), (pn: 18446744073709551615, time: 0), (pn: 18446744073709551615, time: 0), (pn: 18446744073709551615, time: 0), (pn: 18446744073709551615, time: 0), (pn: 18446744073709551615, time: 0), (pn: 18446744073709551615, time: 0), (pn: 18446744073709551615, time: 0), (pn: 18446744073709551615, time: 0), (pn: 18446744073709551615, time: 0), (pn: 18446744073709551615, time: 0), (pn: 18446744073709551615, time: 0), (pn: 18446744073709551615, time: 0), (pn: 18446744073709551615, time: 0), (pn: 18446744073709551615, time: 0), (pn: 18446744073709551615, time: 0), (pn: 18446744073709551615, time: 0), (pn: 18446744073709551615, time: 0), (pn: 18446744073709551615, time: 0), (pn: 18446744073709551615, time: 0), (pn: 18446744073709551615, time: 0), (pn: 18446744073709551615, time: 0), (pn: 18446744073709551615, time: 0), (pn: 18446744073709551615, time: 0), (pn: 18446744073709551615, time: 0), (pn: 18446744073709551615, time: 0), (pn: 18446744073709551615, time: 0), (pn: 18446744073709551615, time: 0), (pn: 18446744073709551615, time: 0), (pn: 18446744073709551615, time: 0), (pn: 18446744073709551615, time: 0), (pn: 18446744073709551615, time: 0), (pn: 18446744073709551615, time: 0), (pn: 18446744073709551615, time: 0), (pn: 18446744073709551615, time: 0), (pn: 18446744073709551615, time: 0), (pn: 18446744073709551615, time: 0), (pn: 18446744073709551615, time: 0), (pn: 18446744073709551615, time: 0), (pn: 18446744073709551615, time: 0), (pn: 18446744073709551615, time: 0), (pn: 18446744073709551615, time: 0), (pn: 18446744073709551615, time: 0), (pn: 18446744073709551615, time: 0), (pn: 18446744073709551615, time: 0), (pn: 18446744073709551615, time: 0), (pn: 18446744073709551615, time: 0), (pn: 18446744073709551615, time: 0), (pn: 18446744073709551615, time: 0), (pn: 18446744073709551615, time: 0), (pn: 18446744073709551615, time: 0), (pn: 18446744073709551615, time: 0), (pn: 18446744073709551615, time: 0), (pn: 18446744073709551615, time: 0), (pn: 18446744073709551615, time: 0), (pn: 18446744073709551615, time: 0), (pn: 18446744073709551615, time: 0), (pn: 18446744073709551615, time: 0), (pn: 18446744073709551615, time: 0), (pn: 18446744073709551615, time: 0), (pn: 18446744073709551615, time: 0), (pn: 18446744073709551615, time: 0), (pn: 18446744073709551615, time: 0), (pn: 18446744073709551615, time: 0), (pn: 18446744073709551615, time: 0), (pn: 18446744073709551615, time: 0), (pn: 18446744073709551615, time: 0), (pn: 18446744073709551615, time: 0), (pn: 18446744073709551615, time: 0), (pn: 18446744073709551615, time: 0), (pn: 18446744073709551615, time: 0), (pn: 18446744073709551615, time: 0), (pn: 18446744073709551615, time: 0), (pn: 18446744073709551615, time: 0), (pn: 18446744073709551615, time: 0), (pn: 18446744073709551615, time: 0), (pn: 18446744073709551615, time: 0), (pn: 18446744073709551615, time: 0), (pn: 18446744073709551615, time: 0), (pn: 18446744073709551615, time: 0), (pn: 18446744073709551615, time: 0), (pn: 18446744073709551615, time: 0), (pn: 18446744073709551615, time: 0), (pn: 18446744073709551615, time: 0), (pn: 18446744073709551615, time: 0), (pn: 18446744073709551615, time: 0), (pn: 18446744073709551615, time: 0), (pn: 18446744073709551615, time: 0), (pn: 18446744073709551615, time: 0), (pn: 18446744073709551615, time: 0), (pn: 18446744073709551615, time: 0), (pn: 18446744073709551615, time: 0), (pn: 18446744073709551615, time: 0), (pn: 18446744073709551615, time: 0), (pn: 18446744073709551615, time: 0), (pn: 18446744073709551615, time: 0), (pn: 18446744073709551615, time: 0), (pn: 18446744073709551615, time: 0), (pn: 18446744073709551615, time: 0), (pn: 18446744073709551615, time: 0), (pn: 18446744073709551615, time: 0), (pn: 18446744073709551615, time: 0), (pn: 18446744073709551615, time: 0), (pn: 18446744073709551615, time: 0), (pn: 18446744073709551615, time: 0), (pn: 18446744073709551615, time: 0), (pn: 18446744073709551615, time: 0), (pn: 18446744073709551615, time: 0), (pn: 18446744073709551615, time: 0), (pn: 18446744073709551615, time: 0), (pn: 18446744073709551615, time: 0), (pn: 18446744073709551615, time: 0), (pn: 18446744073709551615, time: 0), (pn: 18446744073709551615, time: 0), (pn: 18446744073709551615, time: 0), (pn: 18446744073709551615, time: 0), (pn: 18446744073709551615, time: 0), (pn: 18446744073709551615, time: 0), (pn: 18446744073709551615, time: 0), (pn: 18446744073709551615, time: 0), (pn: 18446744073709551615, time: 0), (pn: 18446744073709551615, time: 0), (pn: 18446744073709551615, time: 0), (pn: 18446744073709551615, time: 0), (pn: 18446744073709551615, time: 0), (pn: 18446744073709551615, time: 0), (pn: 18446744073709551615, time: 0), (pn: 18446744073709551615, time: 0), (pn: 18446744073709551615, time: 0), (pn: 18446744073709551615, time: 0), (pn: 18446744073709551615, time: 0), (pn: 18446744073709551615, time: 0), (pn: 18446744073709551615, time: 0), (pn: 18446744073709551615, time: 0), (pn: 18446744073709551615, time: 0), (pn: 18446744073709551615, time: 0), (pn: 18446744073709551615, time: 0), (pn: 18446744073709551615, time: 0), (pn: 18446744073709551615, time: 0), (pn: 18446744073709551615, time: 0), (pn: 18446744073709551615, time: 0), (pn: 18446744073709551615, time: 0), (pn: 18446744073709551615, time: 0), (pn: 18446744073709551615, time: 0), (pn: 18446744073709551615, time: 0), (pn: 18446744073709551615, time: 0), (pn: 18446744073709551615, time: 0), (pn: 18446744073709551615, time: 0), (pn: 18446744073709551615, time: 0), (pn: 18446744073709551615, time: 0), (pn: 18446744073709551615, time: 0), (pn: 18446744073709551615, time: 0), (pn: 18446744073709551615, time: 0), (pn: 18446744073709551615, time: 0), (pn: 18446744073709551615, time: 0), (pn: 18446744073709551615, time: 0), (pn: 18446744073709551615, time: 0), (pn: 18446744073709551615, time: 0), (pn: 18446744073709551615, time: 0), (pn: 18446744073709551615, time: 0), (pn: 18446744073709551615, time: 0), (pn: 18446744073709551615, time: 0), (pn: 18446744073709551615, time: 0), (pn: 18446744073709551615, time: 0), (pn: 18446744073709551615, time: 0), (pn: 18446744073709551615, time: 0), (pn: 18446744073709551615, time: 0), (pn: 18446744073709551615, time: 0), (pn: 18446744073709551615, time: 0), (pn: 18446744073709551615, time: 0), (pn: 18446744073709551615, time: 0), (pn: 18446744073709551615, time: 0), (pn: 18446744073709551615, time: 0), (pn: 18446744073709551615, time: 0), (pn: 18446744073709551615, time: 0), (pn: 18446744073709551615, time: 0), (pn: 18446744073709551615, time: 0), (pn: 18446744073709551615, time: 0), (pn: 18446744073709551615, time: 0), (pn: 18446744073709551615, time: 0), (pn: 18446744073709551615, time: 0), (pn: 18446744073709551615, time: 0), (pn: 18446744073709551615, time: 0), (pn: 18446744073709551615, time: 0), (pn: 18446744073709551615, time: 0), (pn: 18446744073709551615, time: 0), (pn: 18446744073709551615, time: 0), (pn: 18446744073709551615, time: 0), (pn: 18446744073709551615, time: 0), (pn: 18446744073709551615, time: 0), (pn: 18446744073709551615, time: 0), (pn: 18446744073709551615, time: 0), (pn: 18446744073709551615, time: 0), (pn: 18446744073709551615, time: 0), (pn: 18446744073709551615, time: 0), (pn: 18446744073709551615, time: 0), (pn: 18446744073709551615, time: 0), (pn: 18446744073709551615, time: 0), (pn: 18446744073709551615, time: 0), (pn: 18446744073709551615, time: 0), (pn: 18446744073709551615, time: 0), (pn: 18446744073709551615, time: 0), (pn: 18446744073709551615, time: 0), (pn: 18446744073709551615, time: 0), (pn: 18446744073709551615, time: 0), (pn: 18446744073709551615, time: 0), (pn: 18446744073709551615, time: 0), (pn: 18446744073709551615, time: 0), (pn: 18446744073709551615, time: 0), (pn: 18446744073709551615, time: 0), (pn: 18446744073709551615, time: 0), (pn: 18446744073709551615, time: 0), (pn: 18446744073709551615, time: 0), (pn: 18446744073709551615, time: 0), (pn: 18446744073709551615, time: 0), (pn: 18446744073709551615, time: 0), (pn: 18446744073709551615, time: 0), (pn: 18446744073709551615, time: 0), (pn: 18446744073709551615, time: 0), (pn: 18446744073709551615, time: 0), (pn: 18446744073709551615, time: 0), (pn: 18446744073709551615, time: 0), (pn: 18446744073709551615, time: 0), (pn: 18446744073709551615, time: 0), (pn: 18446744073709551615, time: 0), (pn: 18446744073709551615, time: 0), (pn: 18446744073709551615, time: 0), (pn: 18446744073709551615, time: 0), (pn: 18446744073709551615, time: 0), (pn: 18446744073709551615, time: 0), (pn: 18446744073709551615, time: 0), (pn: 18446744073709551615, time: 0), (pn: 18446744073709551615, time: 0), (pn: 18446744073709551615, time: 0), (pn: 18446744073709551615, time: 0), (pn: 18446744073709551615, time: 0), (pn: 18446744073709551615, time: 0), (pn: 18446744073709551615, time: 0), (pn: 18446744073709551615, time: 0), (pn: 18446744073709551615, time: 0), (pn: 18446744073709551615, time: 0), (pn: 18446744073709551615, time: 0), (pn: 18446744073709551615, time: 0), (pn: 18446744073709551615, time: 0), (pn: 18446744073709551615, time: 0), (pn: 18446744073709551615, time: 0), (pn: 18446744073709551615, time: 0), (pn: 18446744073709551615, time: 0), (pn: 18446744073709551615, time: 0), (pn: 18446744073709551615, time: 0), (pn: 18446744073709551615, time: 0), (pn: 18446744073709551615, time: 0), (pn: 18446744073709551615, time: 0), (pn: 18446744073709551615, time: 0), (pn: 18446744073709551615, time: 0), (pn: 18446744073709551615, time: 0), (pn: 18446744073709551615, time: 0), (pn: 18446744073709551615, time: 0), (pn: 18446744073709551615, time: 0), (pn: 18446744073709551615, time: 0), (pn: 18446744073709551615, time: 0), (pn: 18446744073709551615, time: 0), (pn: 18446744073709551615, time: 0), (pn: 18446744073709551615, time: 0), (pn: 18446744073709551615, time: 0), (pn: 18446744073709551615, time: 0), (pn: 18446744073709551615, time: 0), (pn: 18446744073709551615, time: 0), (pn: 18446744073709551615, time: 0), (pn: 18446744073709551615, time: 0), (pn: 18446744073709551615, time: 0), (pn: 18446744073709551615, time: 0), (pn: 18446744073709551615, time: 0), (pn: 18446744073709551615, time: 0), (pn: 18446744073709551615, time: 0), (pn: 18446744073709551615, time: 0), (pn: 18446744073709551615, time: 0), (pn: 18446744073709551615, time: 0), (pn: 18446744073709551615, time: 0), (pn: 18446744073709551615, time: 0), (pn: 18446744073709551615, time: 0), (pn: 18446744073709551615, time: 0), (pn: 18446744073709551615, time: 0), (pn: 18446744073709551615, time: 0), (pn: 18446744073709551615, time: 0), (pn: 18446744073709551615, time: 0), (pn: 18446744073709551615, time: 0), (pn: 18446744073709551615, time: 0), (pn: 18446744073709551615, time: 0), (pn: 18446744073709551615, time: 0), (pn: 18446744073709551615, time: 0), (pn: 18446744073709551615, time: 0), (pn: 18446744073709551615, time: 0), (pn: 18446744073709551615, time: 0), (pn: 18446744073709551615, time: 0), (pn: 18446744073709551615, time: 0), (pn: 18446744073709551615, time: 0), (pn: 18446744073709551615, time: 0), (pn: 18446744073709551615, time: 0), (pn: 18446744073709551615, time: 0), (pn: 18446744073709551615, time: 0), (pn: 18446744073709551615, time: 0), (pn: 18446744073709551615, time: 0), (pn: 18446744073709551615, time: 0), (pn: 18446744073709551615, time: 0), (pn: 18446744073709551615, time: 0), (pn: 18446744073709551615, time: 0), (pn: 18446744073709551615, time: 0), (pn: 18446744073709551615, time: 0), (pn: 18446744073709551615, time: 0), (pn: 18446744073709551615, time: 0), (pn: 18446744073709551615, time: 0), (pn: 18446744073709551615, time: 0), (pn: 18446744073709551615, time: 0), (pn: 18446744073709551615, time: 0), (pn: 18446744073709551615, time: 0), (pn: 18446744073709551615, time: 0), (pn: 18446744073709551615, time: 0), (pn: 18446744073709551615, time: 0), (pn: 18446744073709551615, time: 0), (pn: 18446744073709551615, time: 0), (pn: 18446744073709551615, time: 0), (pn: 18446744073709551615, time: 0), (pn: 18446744073709551615, time: 0), (pn: 18446744073709551615, time: 0), (pn: 18446744073709551615, time: 0), (pn: 18446744073709551615, time: 0), (pn: 18446744073709551615, time: 0), (pn: 18446744073709551615, time: 0), (pn: 18446744073709551615, time: 0), (pn: 18446744073709551615, time: 0), (pn: 18446744073709551615, time: 0), (pn: 18446744073709551615, time: 0), (pn: 18446744073709551615, time: 0), (pn: 18446744073709551615, time: 0), (pn: 18446744073709551615, time: 0), (pn: 18446744073709551615, time: 0), (pn: 18446744073709551615, time: 0), (pn: 18446744073709551615, time: 0), (pn: 18446744073709551615, time: 0), (pn: 18446744073709551615, time: 0), (pn: 18446744073709551615, time: 0), (pn: 18446744073709551615, time: 0), (pn: 18446744073709551615, time: 0), (pn: 18446744073709551615, time: 0), (pn: 18446744073709551615, time: 0), (pn: 18446744073709551615, time: 0), (pn: 18446744073709551615, time: 0), (pn: 18446744073709551615, time: 0), (pn: 18446744073709551615, time: 0), (pn: 18446744073709551615, time: 0), (pn: 18446744073709551615, time: 0), (pn: 18446744073709551615, time: 0), (pn: 18446744073709551615, time: 0), (pn: 18446744073709551615, time: 0), (pn: 18446744073709551615, time: 0), (pn: 18446744073709551615, time: 0), (pn: 18446744073709551615, time: 0), (pn: 18446744073709551615, time: 0), (pn: 18446744073709551615, time: 0), (pn: 18446744073709551615, time: 0), (pn: 18446744073709551615, time: 0), (pn: 18446744073709551615, time: 0), (pn: 18446744073709551615, time: 0), (pn: 18446744073709551615, time: 0), (pn: 18446744073709551615, time: 0), (pn: 18446744073709551615, time: 0), (pn: 18446744073709551615, time: 0), (pn: 18446744073709551615, time: 0), (pn: 18446744073709551615, time: 0), (pn: 18446744073709551615, time: 0), (pn: 18446744073709551615, time: 0), (pn: 18446744073709551615, time: 0), (pn: 18446744073709551615, time: 0), (pn: 18446744073709551615, time: 0), (pn: 18446744073709551615, time: 0), (pn: 18446744073709551615, time: 0), (pn: 18446744073709551615, time: 0), (pn: 18446744073709551615, time: 0), (pn: 18446744073709551615, time: 0), (pn: 18446744073709551615, time: 0), (pn: 18446744073709551615, time: 0), (pn: 18446744073709551615, time: 0), (pn: 18446744073709551615, time: 0), (pn: 18446744073709551615, time: 0), (pn: 18446744073709551615, time: 0), (pn: 18446744073709551615, time: 0), (pn: 18446744073709551615, time: 0), (pn: 18446744073709551615, time: 0), (pn: 18446744073709551615, time: 0), (pn: 18446744073709551615, time: 0), (pn: 18446744073709551615, time: 0), (pn: 18446744073709551615, time: 0), (pn: 18446744073709551615, time: 0), (pn: 18446744073709551615, time: 0), (pn: 18446744073709551615, time: 0), (pn: 18446744073709551615, time: 0), (pn: 18446744073709551615, time: 0), (pn: 18446744073709551615, time: 0), (pn: 18446744073709551615, time: 0), (pn: 18446744073709551615, time: 0), (pn: 18446744073709551615, time: 0), (pn: 18446744073709551615, time: 0), (pn: 18446744073709551615, time: 0), (pn: 18446744073709551615, time: 0), (pn: 18446744073709551615, time: 0), (pn: 18446744073709551615, time: 0), (pn: 18446744073709551615, time: 0), (pn: 18446744073709551615, time: 0), (pn: 18446744073709551615, time: 0), (pn: 18446744073709551615, time: 0), (pn: 18446744073709551615, time: 0), (pn: 18446744073709551615, time: 0), (pn: 18446744073709551615, time: 0), (pn: 18446744073709551615, time: 0), (pn: 18446744073709551615, time: 0), (pn: 18446744073709551615, time: 0), (pn: 18446744073709551615, time: 0), (pn: 18446744073709551615, time: 0), (pn: 18446744073709551615, time: 0), (pn: 18446744073709551615, time: 0), (pn: 18446744073709551615, time: 0), (pn: 18446744073709551615, time: 0), (pn: 18446744073709551615, time: 0), (pn: 18446744073709551615, time: 0), (pn: 18446744073709551615, time: 0), (pn: 18446744073709551615, time: 0), (pn: 18446744073709551615, time: 0), (pn: 18446744073709551615, time: 0), (pn: 18446744073709551615, time: 0), (pn: 18446744073709551615, time: 0), (pn: 18446744073709551615, time: 0), (pn: 18446744073709551615, time: 0), (pn: 18446744073709551615, time: 0), (pn: 18446744073709551615, time: 0), (pn: 18446744073709551615, time: 0), (pn: 18446744073709551615, time: 0), (pn: 18446744073709551615, time: 0), (pn: 18446744073709551615, time: 0), (pn: 18446744073709551615, time: 0), (pn: 18446744073709551615, time: 0), (pn: 18446744073709551615, time: 0), (pn: 18446744073709551615, time: 0), (pn: 18446744073709551615, time: 0), (pn: 18446744073709551615, time: 0), (pn: 18446744073709551615, time: 0), (pn: 18446744073709551615, time: 0), (pn: 18446744073709551615, time: 0), (pn: 18446744073709551615, time: 0), (pn: 18446744073709551615, time: 0), (pn: 18446744073709551615, time: 0), (pn: 18446744073709551615, time: 0), (pn: 18446744073709551615, time: 0), (pn: 18446744073709551615, time: 0), (pn: 18446744073709551615, time: 0), (pn: 18446744073709551615, time: 0), (pn: 18446744073709551615, time: 0), (pn: 18446744073709551615, time: 0), (pn: 18446744073709551615, time: 0), (pn: 18446744073709551615, time: 0), (pn: 18446744073709551615, time: 0), (pn: 18446744073709551615, time: 0), (pn: 18446744073709551615, time: 0), (pn: 18446744073709551615, time: 0), (pn: 18446744073709551615, time: 0), (pn: 18446744073709551615, time: 0), (pn: 18446744073709551615, time: 0), (pn: 18446744073709551615, time: 0), (pn: 18446744073709551615, time: 0), (pn: 18446744073709551615, time: 0), (pn: 18446744073709551615, time: 0), (pn: 18446744073709551615, time: 0), (pn: 18446744073709551615, time: 0), (pn: 18446744073709551615, time: 0), (pn: 18446744073709551615, time: 0), (pn: 18446744073709551615, time: 0), (pn: 18446744073709551615, time: 0), (pn: 18446744073709551615, time: 0), (pn: 18446744073709551615, time: 0), (pn: 18446744073709551615, time: 0), (pn: 18446744073709551615, time: 0), (pn: 18446744073709551615, time: 0), (pn: 18446744073709551615, time: 0), (pn: 18446744073709551615, time: 0), (pn: 18446744073709551615, time: 0), (pn: 18446744073709551615, time: 0), (pn: 18446744073709551615, time: 0), (pn: 18446744073709551615, time: 0), (pn: 18446744073709551615, time: 0), (pn: 18446744073709551615, time: 0), (pn: 18446744073709551615, time: 0), (pn: 18446744073709551615, time: 0), (pn: 18446744073709551615, time: 0), (pn: 18446744073709551615, time: 0), (pn: 18446744073709551615, time: 0), (pn: 18446744073709551615, time: 0), (pn: 18446744073709551615, time: 0), (pn: 18446744073709551615, time: 0), (pn: 18446744073709551615, time: 0), (pn: 18446744073709551615, time: 0), (pn: 18446744073709551615, time: 0), (pn: 18446744073709551615, time: 0), (pn: 18446744073709551615, time: 0), (pn: 18446744073709551615, time: 0), (pn: 18446744073709551615, time: 0), (pn: 18446744073709551615, time: 0), (pn: 18446744073709551615, time: 0), (pn: 18446744073709551615, time: 0), (pn: 18446744073709551615, time: 0), (pn: 18446744073709551615, time: 0), (pn: 18446744073709551615, time: 0), (pn: 18446744073709551615, time: 0), (pn: 18446744073709551615, time: 0), (pn: 18446744073709551615, time: 0), (pn: 18446744073709551615, time: 0), (pn: 18446744073709551615, time: 0), (pn: 18446744073709551615, time: 0), (pn: 18446744073709551615, time: 0), (pn: 18446744073709551615, time: 0), (pn: 18446744073709551615, time: 0), (pn: 18446744073709551615, time: 0), (pn: 18446744073709551615, time: 0), (pn: 18446744073709551615, time: 0), (pn: 18446744073709551615, time: 0), (pn: 18446744073709551615, time: 0), (pn: 18446744073709551615, time: 0), (pn: 18446744073709551615, time: 0), (pn: 18446744073709551615, time: 0), (pn: 18446744073709551615, time: 0), (pn: 18446744073709551615, time: 0), (pn: 18446744073709551615, time: 0), (pn: 18446744073709551615, time: 0), (pn: 18446744073709551615, time: 0), (pn: 18446744073709551615, time: 0), (pn: 18446744073709551615, time: 0), (pn: 18446744073709551615, time: 0), (pn: 18446744073709551615, time: 0), (pn: 18446744073709551615, time: 0), (pn: 18446744073709551615, time: 0), (pn: 18446744073709551615, time: 0), (pn: 18446744073709551615, time: 0), (pn: 18446744073709551615, time: 0), (pn: 18446744073709551615, time: 0), (pn: 18446744073709551615, time: 0), (pn: 18446744073709551615, time: 0), (pn: 18446744073709551615, time: 0), (pn: 18446744073709551615, time: 0), (pn: 18446744073709551615, time: 0), (pn: 18446744073709551615, time: 0), (pn: 18446744073709551615, time: 0), (pn: 18446744073709551615, time: 0), (pn: 18446744073709551615, time: 0), (pn: 18446744073709551615, time: 0), (pn: 18446744073709551615, time: 0), (pn: 18446744073709551615, time: 0), (pn: 18446744073709551615, time: 0), (pn: 18446744073709551615, time: 0), (pn: 18446744073709551615, time: 0), (pn: 18446744073709551615, time: 0), (pn: 18446744073709551615, time: 0), (pn: 18446744073709551615, time: 0), (pn: 18446744073709551615, time: 0), (pn: 18446744073709551615, time: 0), (pn: 18446744073709551615, time: 0), (pn: 18446744073709551615, time: 0), (pn: 18446744073709551615, time: 0), (pn: 18446744073709551615, time: 0), (pn: 18446744073709551615, time: 0), (pn: 18446744073709551615, time: 0), (pn: 18446744073709551615, time: 0), (pn: 18446744073709551615, time: 0), (pn: 18446744073709551615, time: 0), (pn: 18446744073709551615, time: 0), (pn: 18446744073709551615, time: 0), (pn: 18446744073709551615, time: 0), (pn: 18446744073709551615, time: 0), (pn: 18446744073709551615, time: 0), (pn: 18446744073709551615, time: 0), (pn: 18446744073709551615, time: 0), (pn: 18446744073709551615, time: 0), (pn: 18446744073709551615, time: 0), (pn: 18446744073709551615, time: 0), (pn: 18446744073709551615, time: 0), (pn: 18446744073709551615, time: 0), (pn: 18446744073709551615, time: 0), (pn: 18446744073709551615, time: 0), (pn: 18446744073709551615, time: 0), (pn: 18446744073709551615, time: 0), (pn: 18446744073709551615, time: 0), (pn: 18446744073709551615, time: 0), (pn: 18446744073709551615, time: 0), (pn: 18446744073709551615, time: 0), (pn: 18446744073709551615, time: 0), (pn: 18446744073709551615, time: 0), (pn: 18446744073709551615, time: 0), (pn: 18446744073709551615, time: 0), (pn: 18446744073709551615, time: 0), (pn: 18446744073709551615, time: 0), (pn: 18446744073709551615, time: 0), (pn: 18446744073709551615, time: 0), (pn: 18446744073709551615, time: 0), (pn: 18446744073709551615, time: 0), (pn: 18446744073709551615, time: 0), (pn: 18446744073709551615, time: 0), (pn: 18446744073709551615, time: 0), (pn: 18446744073709551615, time: 0), (pn: 18446744073709551615, time: 0), (pn: 18446744073709551615, time: 0), (pn: 18446744073709551615, time: 0), (pn: 18446744073709551615, time: 0), (pn: 18446744073709551615, time: 0), (pn: 18446744073709551615, time: 0), (pn: 18446744073709551615, time: 0), (pn: 18446744073709551615, time: 0), (pn: 18446744073709551615, time: 0), (pn: 18446744073709551615, time: 0), (pn: 18446744073709551615, time: 0), (pn: 18446744073709551615, time: 0), (pn: 18446744073709551615, time: 0), (pn: 18446744073709551615, time: 0), (pn: 18446744073709551615, time: 0), (pn: 18446744073709551615, time: 0), (pn: 18446744073709551615, time: 0), (pn: 18446744073709551615, time: 0), (pn: 18446744073709551615, time: 0), (pn: 18446744073709551615, time: 0), (pn: 18446744073709551615, time: 0), (pn: 18446744073709551615, time: 0), (pn: 18446744073709551615, time: 0), (pn: 18446744073709551615, time: 0), (pn: 18446744073709551615, time: 0), (pn: 18446744073709551615, time: 0), (pn: 18446744073709551615, time: 0), (pn: 18446744073709551615, time: 0), (pn: 18446744073709551615, time: 0), (pn: 18446744073709551615, time: 0), (pn: 18446744073709551615, time: 0), (pn: 18446744073709551615, time: 0), (pn: 18446744073709551615, time: 0), (pn: 18446744073709551615, time: 0), (pn: 18446744073709551615, time: 0), (pn: 18446744073709551615, time: 0), (pn: 18446744073709551615, time: 0), (pn: 18446744073709551615, time: 0), (pn: 18446744073709551615, time: 0), (pn: 18446744073709551615, time: 0), (pn: 18446744073709551615, time: 0), (pn: 18446744073709551615, time: 0), (pn: 18446744073709551615, time: 0), (pn: 18446744073709551615, time: 0), (pn: 18446744073709551615, time: 0), (pn: 18446744073709551615, time: 0), (pn: 18446744073709551615, time: 0), (pn: 18446744073709551615, time: 0), (pn: 18446744073709551615, time: 0), (pn: 18446744073709551615, time: 0), (pn: 18446744073709551615, time: 0), (pn: 18446744073709551615, time: 0), (pn: 18446744073709551615, time: 0), (pn: 18446744073709551615, time: 0), (pn: 18446744073709551615, time: 0), (pn: 18446744073709551615, time: 0), (pn: 18446744073709551615, time: 0), (pn: 18446744073709551615, time: 0), (pn: 18446744073709551615, time: 0), (pn: 18446744073709551615, time: 0), (pn: 18446744073709551615, time: 0), (pn: 18446744073709551615, time: 0), (pn: 18446744073709551615, time: 0), (pn: 18446744073709551615, time: 0), (pn: 18446744073709551615, time: 0), (pn: 18446744073709551615, time: 0), (pn: 18446744073709551615, time: 0), (pn: 18446744073709551615, time: 0), (pn: 18446744073709551615, time: 0), (pn: 18446744073709551615, time: 0), (pn: 18446744073709551615, time: 0), (pn: 18446744073709551615, time: 0), (pn: 18446744073709551615, time: 0), (pn: 18446744073709551615, time: 0), (pn: 18446744073709551615, time: 0), (pn: 18446744073709551615, time: 0), (pn: 18446744073709551615, time: 0), (pn: 18446744073709551615, time: 0), (pn: 18446744073709551615, time: 0), (pn: 18446744073709551615, time: 0), (pn: 18446744073709551615, time: 0), (pn: 18446744073709551615, time: 0), (pn: 18446744073709551615, time: 0), (pn: 18446744073709551615, time: 0), (pn: 18446744073709551615, time: 0), (pn: 18446744073709551615, time: 0), (pn: 18446744073709551615, time: 0), (pn: 18446744073709551615, time: 0), (pn: 18446744073709551615, time: 0), (pn: 18446744073709551615, time: 0), (pn: 18446744073709551615, time: 0), (pn: 18446744073709551615, time: 0), (pn: 18446744073709551615, time: 0), (pn: 18446744073709551615, time: 0), (pn: 18446744073709551615, time: 0), (pn: 18446744073709551615, time: 0), (pn: 18446744073709551615, time: 0), (pn: 18446744073709551615, time: 0), (pn: 18446744073709551615, time: 0), (pn: 18446744073709551615, time: 0), (pn: 18446744073709551615, time: 0), (pn: 18446744073709551615, time: 0), (pn: 18446744073709551615, time: 0), (pn: 18446744073709551615, time: 0), (pn: 18446744073709551615, time: 0), (pn: 18446744073709551615, time: 0), (pn: 18446744073709551615, time: 0), (pn: 18446744073709551615, time: 0), (pn: 18446744073709551615, time: 0), (pn: 18446744073709551615, time: 0), (pn: 18446744073709551615, time: 0), (pn: 18446744073709551615, time: 0), (pn: 18446744073709551615, time: 0), (pn: 18446744073709551615, time: 0), (pn: 18446744073709551615, time: 0), (pn: 18446744073709551615, time: 0), (pn: 18446744073709551615, time: 0), (pn: 18446744073709551615, time: 0), (pn: 18446744073709551615, time: 0), (pn: 18446744073709551615, time: 0), (pn: 18446744073709551615, time: 0), (pn: 18446744073709551615, time: 0), (pn: 18446744073709551615, time: 0), (pn: 18446744073709551615, time: 0), (pn: 18446744073709551615, time: 0), (pn: 18446744073709551615, time: 0), (pn: 18446744073709551615, time: 0), (pn: 18446744073709551615, time: 0), (pn: 18446744073709551615, time: 0), (pn: 18446744073709551615, time: 0), (pn: 18446744073709551615, time: 0), (pn: 18446744073709551615, time: 0), (pn: 18446744073709551615, time: 0), (pn: 18446744073709551615, time: 0), (pn: 18446744073709551615, time: 0), (pn: 18446744073709551615, time: 0), (pn: 18446744073709551615, time: 0), (pn: 18446744073709551615, time: 0), (pn: 18446744073709551615, time: 0), (pn: 18446744073709551615, time: 0), (pn: 18446744073709551615, time: 0), (pn: 18446744073709551615, time: 0), (pn: 18446744073709551615, time: 0), (pn: 18446744073709551615, time: 0), (pn: 18446744073709551615, time: 0), (pn: 18446744073709551615, time: 0), (pn: 18446744073709551615, time: 0), (pn: 18446744073709551615, time: 0), (pn: 18446744073709551615, time: 0), (pn: 18446744073709551615, time: 0), (pn: 18446744073709551615, time: 0), (pn: 18446744073709551615, time: 0), (pn: 18446744073709551615, time: 0), (pn: 18446744073709551615, time: 0), (pn: 18446744073709551615, time: 0), (pn: 18446744073709551615, time: 0), (pn: 18446744073709551615, time: 0), (pn: 18446744073709551615, time: 0), (pn: 18446744073709551615, time: 0), (pn: 18446744073709551615, time: 0), (pn: 18446744073709551615, time: 0), (pn: 18446744073709551615, time: 0), (pn: 18446744073709551615, time: 0), (pn: 18446744073709551615, time: 0), (pn: 18446744073709551615, time: 0), (pn: 18446744073709551615, time: 0), (pn: 18446744073709551615, time: 0), (pn: 18446744073709551615, time: 0), (pn: 18446744073709551615, time: 0), (pn: 18446744073709551615, time: 0), (pn: 18446744073709551615, time: 0), (pn: 18446744073709551615, time: 0), (pn: 18446744073709551615, time: 0), (pn: 18446744073709551615, time: 0), (pn: 18446744073709551615, time: 0), (pn: 18446744073709551615, time: 0), (pn: 18446744073709551615, time: 0), (pn: 18446744073709551615, time: 0), (pn: 18446744073709551615, time: 0), (pn: 18446744073709551615, time: 0), (pn: 18446744073709551615, time: 0), (pn: 18446744073709551615, time: 0), (pn: 18446744073709551615, time: 0), (pn: 18446744073709551615, time: 0), (pn: 18446744073709551615, time: 0), (pn: 18446744073709551615, time: 0), (pn: 18446744073709551615, time: 0), (pn: 18446744073709551615, time: 0), (pn: 18446744073709551615, time: 0), (pn: 18446744073709551615, time: 0), (pn: 18446744073709551615, time: 0), (pn: 18446744073709551615, time: 0), (pn: 18446744073709551615, time: 0), (pn: 18446744073709551615, time: 0), (pn: 18446744073709551615, time: 0), (pn: 18446744073709551615, time: 0), (pn: 18446744073709551615, time: 0), (pn: 18446744073709551615, time: 0), (pn: 18446744073709551615, time: 0), (pn: 18446744073709551615, time: 0), (pn: 18446744073709551615, time: 0), (pn: 18446744073709551615, time: 0), (pn: 18446744073709551615, time: 0), (pn: 18446744073709551615, time: 0), (pn: 18446744073709551615, time: 0), (pn: 18446744073709551615, time: 0), (pn: 18446744073709551615, time: 0), (pn: 18446744073709551615, time: 0), (pn: 18446744073709551615, time: 0), (pn: 18446744073709551615, time: 0), (pn: 18446744073709551615, time: 0), (pn: 18446744073709551615, time: 0), (pn: 18446744073709551615, time: 0), (pn: 18446744073709551615, time: 0), (pn: 18446744073709551615, time: 0), (pn: 18446744073709551615, time: 0), (pn: 18446744073709551615, time: 0), (pn: 18446744073709551615, time: 0), (pn: 18446744073709551615, time: 0), (pn: 18446744073709551615, time: 0), (pn: 18446744073709551615, time: 0), (pn: 18446744073709551615, time: 0), (pn: 18446744073709551615, time: 0), (pn: 18446744073709551615, time: 0), (pn: 18446744073709551615, time: 0), (pn: 18446744073709551615, time: 0), (pn: 18446744073709551615, time: 0), (pn: 18446744073709551615, time: 0), (pn: 18446744073709551615, time: 0), (pn: 18446744073709551615, time: 0), (pn: 18446744073709551615, time: 0), (pn: 18446744073709551615, time: 0), (pn: 18446744073709551615, time: 0), (pn: 18446744073709551615, time: 0), (pn: 18446744073709551615, time: 0), (pn: 18446744073709551615, time: 0), (pn: 18446744073709551615, time: 0), (pn: 18446744073709551615, time: 0), (pn: 18446744073709551615, time: 0), (pn: 18446744073709551615, time: 0), (pn: 18446744073709551615, time: 0), (pn: 18446744073709551615, time: 0), (pn: 18446744073709551615, time: 0), (pn: 18446744073709551615, time: 0), (pn: 18446744073709551615, time: 0), (pn: 18446744073709551615, time: 0), (pn: 18446744073709551615, time: 0), (pn: 18446744073709551615, time: 0), (pn: 18446744073709551615, time: 0), (pn: 18446744073709551615, time: 0), (pn: 18446744073709551615, time: 0), (pn: 18446744073709551615, time: 0), (pn: 18446744073709551615, time: 0), (pn: 18446744073709551615, time: 0), (pn: 18446744073709551615, time: 0), (pn: 18446744073709551615, time: 0), (pn: 18446744073709551615, time: 0), (pn: 18446744073709551615, time: 0), (pn: 18446744073709551615, time: 0), (pn: 18446744073709551615, time: 0), (pn: 18446744073709551615, time: 0), (pn: 18446744073709551615, time: 0), (pn: 18446744073709551615, time: 0), (pn: 18446744073709551615, time: 0), (pn: 18446744073709551615, time: 0), (pn: 18446744073709551615, time: 0), (pn: 18446744073709551615, time: 0), (pn: 18446744073709551615, time: 0), (pn: 18446744073709551615, time: 0), (pn: 18446744073709551615, time: 0), (pn: 18446744073709551615, time: 0), (pn: 18446744073709551615, time: 0), (pn: 18446744073709551615, time: 0), (pn: 18446744073709551615, time: 0), (pn: 18446744073709551615, time: 0), (pn: 18446744073709551615, time: 0), (pn: 18446744073709551615, time: 0), (pn: 18446744073709551615, time: 0), (pn: 18446744073709551615, time: 0), (pn: 18446744073709551615, time: 0), (pn: 18446744073709551615, time: 0), (pn: 18446744073709551615, time: 0), (pn: 18446744073709551615, time: 0), (pn: 18446744073709551615, time: 0), (pn: 18446744073709551615, time: 0), (pn: 18446744073709551615, time: 0), (pn: 18446744073709551615, time: 0), (pn: 18446744073709551615, time: 0), (pn: 18446744073709551615, time: 0), (pn: 18446744073709551615, time: 0), (pn: 18446744073709551615, time: 0), (pn: 18446744073709551615, time: 0), (pn: 18446744073709551615, time: 0), (pn: 18446744073709551615, time: 0), (pn: 18446744073709551615, time: 0), (pn: 18446744073709551615, time: 0), (pn: 18446744073709551615, time: 0), (pn: 18446744073709551615, time: 0), (pn: 18446744073709551615, time: 0), (pn: 18446744073709551615, time: 0), (pn: 18446744073709551615, time: 0), (pn: 18446744073709551615, time: 0), (pn: 18446744073709551615, time: 0), (pn: 18446744073709551615, time: 0), (pn: 18446744073709551615, time: 0), (pn: 18446744073709551615, time: 0), (pn: 18446744073709551615, time: 0), (pn: 18446744073709551615, time: 0), (pn: 18446744073709551615, time: 0), (pn: 18446744073709551615, time: 0), (pn: 18446744073709551615, time: 0), (pn: 18446744073709551615, time: 0), (pn: 18446744073709551615, time: 0), (pn: 18446744073709551615, time: 0), (pn: 18446744073709551615, time: 0), (pn: 18446744073709551615, time: 0), (pn: 18446744073709551615, time: 0), (pn: 18446744073709551615, time: 0), (pn: 18446744073709551615, time: 0), (pn: 18446744073709551615, time: 0), (pn: 18446744073709551615, time: 0), (pn: 18446744073709551615, time: 0), (pn: 18446744073709551615, time: 0), (pn: 18446744073709551615, time: 0), (pn: 18446744073709551615, time: 0), (pn: 18446744073709551615, time: 0), (pn: 18446744073709551615, time: 0), (pn: 18446744073709551615, time: 0), (pn: 18446744073709551615, time: 0), (pn: 18446744073709551615, time: 0), (pn: 18446744073709551615, time: 0), (pn: 18446744073709551615, time: 0), (pn: 18446744073709551615, time: 0), (pn: 18446744073709551615, time: 0), (pn: 18446744073709551615, time: 0), (pn: 18446744073709551615, time: 0), (pn: 18446744073709551615, time: 0), (pn: 18446744073709551615, time: 0), (pn: 18446744073709551615, time: 0), (pn: 18446744073709551615, time: 0), (pn: 18446744073709551615, time: 0), (pn: 18446744073709551615, time: 0), (pn: 18446744073709551615, time: 0), (pn: 18446744073709551615, time: 0), (pn: 18446744073709551615, time: 0), (pn: 18446744073709551615, time: 0), (pn: 18446744073709551615, time: 0), (pn: 18446744073709551615, time: 0), (pn: 18446744073709551615, time: 0), (pn: 18446744073709551615, time: 0), (pn: 18446744073709551615, time: 0), (pn: 18446744073709551615, time: 0), (pn: 18446744073709551615, time: 0), (pn: 18446744073709551615, time: 0), (pn: 18446744073709551615, time: 0), (pn: 18446744073709551615, time: 0), (pn: 18446744073709551615, time: 0), (pn: 18446744073709551615, time: 0), (pn: 18446744073709551615, time: 0), (pn: 18446744073709551615, time: 0), (pn: 18446744073709551615, time: 0), (pn: 18446744073709551615, time: 0), (pn: 18446744073709551615, time: 0), (pn: 18446744073709551615, time: 0), (pn: 18446744073709551615, time: 0), (pn: 18446744073709551615, time: 0), (pn: 18446744073709551615, time: 0), (pn: 18446744073709551615, time: 0), (pn: 18446744073709551615, time: 0), (pn: 18446744073709551615, time: 0), (pn: 18446744073709551615, time: 0), (pn: 18446744073709551615, time: 0), (pn: 18446744073709551615, time: 0), (pn: 18446744073709551615, time: 0), (pn: 18446744073709551615, time: 0), (pn: 18446744073709551615, time: 0), (pn: 18446744073709551615, time: 0), (pn: 18446744073709551615, time: 0), (pn: 18446744073709551615, time: 0), (pn: 18446744073709551615, time: 0), (pn: 18446744073709551615, time: 0), (pn: 18446744073709551615, time: 0), (pn: 18446744073709551615, time: 0), (pn: 18446744073709551615, time: 0), (pn: 18446744073709551615, time: 0), (pn: 18446744073709551615, time: 0), (pn: 18446744073709551615, time: 0), (pn: 18446744073709551615, time: 0), (pn: 18446744073709551615, time: 0), (pn: 18446744073709551615, time: 0), (pn: 18446744073709551615, time: 0), (pn: 18446744073709551615, time: 0), (pn: 18446744073709551615, time: 0), (pn: 18446744073709551615, time: 0), (pn: 18446744073709551615, time: 0), (pn: 18446744073709551615, time: 0), (pn: 18446744073709551615, time: 0), (pn: 18446744073709551615, time: 0), (pn: 18446744073709551615, time: 0), (pn: 18446744073709551615, time: 0), (pn: 18446744073709551615, time: 0), (pn: 18446744073709551615, time: 0), (pn: 18446744073709551615, time: 0), (pn: 18446744073709551615, time: 0), (pn: 18446744073709551615, time: 0), (pn: 18446744073709551615, time: 0), (pn: 18446744073709551615, time: 0), (pn: 18446744073709551615, time: 0), (pn: 18446744073709551615, time: 0), (pn: 18446744073709551615, time: 0), (pn: 18446744073709551615, time: 0), (pn: 18446744073709551615, time: 0), (pn: 18446744073709551615, time: 0), (pn: 18446744073709551615, time: 0), (pn: 18446744073709551615, time: 0), (pn: 18446744073709551615, time: 0), (pn: 18446744073709551615, time: 0), (pn: 18446744073709551615, time: 0), (pn: 18446744073709551615, time: 0), (pn: 18446744073709551615, time: 0), (pn: 18446744073709551615, time: 0), (pn: 18446744073709551615, time: 0), (pn: 18446744073709551615, time: 0), (pn: 18446744073709551615, time: 0), (pn: 18446744073709551615, time: 0), (pn: 18446744073709551615, time: 0), (pn: 18446744073709551615, time: 0), (pn: 18446744073709551615, time: 0), (pn: 18446744073709551615, time: 0), (pn: 18446744073709551615, time: 0), (pn: 18446744073709551615, time: 0), (pn: 18446744073709551615, time: 0), (pn: 18446744073709551615, time: 0), (pn: 18446744073709551615, time: 0), (pn: 18446744073709551615, time: 0), (pn: 18446744073709551615, time: 0), (pn: 18446744073709551615, time: 0), (pn: 18446744073709551615, time: 0), (pn: 18446744073709551615, time: 0), (pn: 18446744073709551615, time: 0), (pn: 18446744073709551615, time: 0), (pn: 18446744073709551615, time: 0), (pn: 18446744073709551615, time: 0), (pn: 18446744073709551615, time: 0), (pn: 18446744073709551615, time: 0), (pn: 18446744073709551615, time: 0), (pn: 18446744073709551615, time: 0), (pn: 18446744073709551615, time: 0), (pn: 18446744073709551615, time: 0), (pn: 18446744073709551615, time: 0), (pn: 18446744073709551615, time: 0), (pn: 18446744073709551615, time: 0), (pn: 18446744073709551615, time: 0), (pn: 18446744073709551615, time: 0), (pn: 18446744073709551615, time: 0), (pn: 18446744073709551615, time: 0), (pn: 18446744073709551615, time: 0), (pn: 18446744073709551615, time: 0), (pn: 18446744073709551615, time: 0), (pn: 18446744073709551615, time: 0), (pn: 18446744073709551615, time: 0), (pn: 18446744073709551615, time: 0), (pn: 18446744073709551615, time: 0), (pn: 18446744073709551615, time: 0), (pn: 18446744073709551615, time: 0), (pn: 18446744073709551615, time: 0), (pn: 18446744073709551615, time: 0), (pn: 18446744073709551615, time: 0), (pn: 18446744073709551615, time: 0), (pn: 18446744073709551615, time: 0), (pn: 18446744073709551615, time: 0), (pn: 18446744073709551615, time: 0), (pn: 18446744073709551615, time: 0), (pn: 18446744073709551615, time: 0), (pn: 18446744073709551615, time: 0), (pn: 18446744073709551615, time: 0), (pn: 18446744073709551615, time: 0), (pn: 18446744073709551615, time: 0), (pn: 18446744073709551615, time: 0), (pn: 18446744073709551615, time: 0), (pn: 18446744073709551615, time: 0), (pn: 18446744073709551615, time: 0), (pn: 18446744073709551615, time: 0), (pn: 18446744073709551615, time: 0), (pn: 18446744073709551615, time: 0), (pn: 18446744073709551615, time: 0), (pn: 18446744073709551615, time: 0), (pn: 18446744073709551615, time: 0), (pn: 18446744073709551615, time: 0), (pn: 18446744073709551615, time: 0), (pn: 18446744073709551615, time: 0), (pn: 18446744073709551615, time: 0), (pn: 18446744073709551615, time: 0), (pn: 18446744073709551615, time: 0), (pn: 18446744073709551615, time: 0), (pn: 18446744073709551615, time: 0), (pn: 18446744073709551615, time: 0), (pn: 18446744073709551615, time: 0), (pn: 18446744073709551615, time: 0), (pn: 18446744073709551615, time: 0), (pn: 18446744073709551615, time: 0), (pn: 18446744073709551615, time: 0), (pn: 18446744073709551615, time: 0), (pn: 18446744073709551615, time: 0), (pn: 18446744073709551615, time: 0), (pn: 18446744073709551615, time: 0), (pn: 18446744073709551615, time: 0), (pn: 18446744073709551615, time: 0), (pn: 18446744073709551615, time: 0), (pn: 18446744073709551615, time: 0), (pn: 18446744073709551615, time: 0), (pn: 18446744073709551615, time: 0), (pn: 18446744073709551615, time: 0), (pn: 18446744073709551615, time: 0), (pn: 18446744073709551615, time: 0), (pn: 18446744073709551615, time: 0), (pn: 18446744073709551615, time: 0), (pn: 18446744073709551615, time: 0), (pn: 18446744073709551615, time: 0), (pn: 18446744073709551615, time: 0), (pn: 18446744073709551615, time: 0), (pn: 18446744073709551615, time: 0), (pn: 18446744073709551615, time: 0), (pn: 18446744073709551615, time: 0), (pn: 18446744073709551615, time: 0), (pn: 18446744073709551615, time: 0), (pn: 18446744073709551615, time: 0), (pn: 18446744073709551615, time: 0), (pn: 18446744073709551615, time: 0), (pn: 18446744073709551615, time: 0), (pn: 18446744073709551615, time: 0), (pn: 18446744073709551615, time: 0), (pn: 18446744073709551615, time: 0), (pn: 18446744073709551615, time: 0), (pn: 18446744073709551615, time: 0), (pn: 18446744073709551615, time: 0), (pn: 18446744073709551615, time: 0), (pn: 18446744073709551615, time: 0), (pn: 18446744073709551615, time: 0), (pn: 18446744073709551615, time: 0), (pn: 18446744073709551615, time: 0), (pn: 18446744073709551615, time: 0), (pn: 18446744073709551615, time: 0), (pn: 18446744073709551615, time: 0), (pn: 18446744073709551615, time: 0), (pn: 18446744073709551615, time: 0), (pn: 18446744073709551615, time: 0), (pn: 18446744073709551615, time: 0), (pn: 18446744073709551615, time: 0), (pn: 18446744073709551615, time: 0), (pn: 18446744073709551615, time: 0), (pn: 18446744073709551615, time: 0), (pn: 18446744073709551615, time: 0), (pn: 18446744073709551615, time: 0), (pn: 18446744073709551615, time: 0), (pn: 18446744073709551615, time: 0), (pn: 18446744073709551615, time: 0), (pn: 18446744073709551615, time: 0), (pn: 18446744073709551615, time: 0), (pn: 18446744073709551615, time: 0), (pn: 18446744073709551615, time: 0), (pn: 18446744073709551615, time: 0), (pn: 18446744073709551615, time: 0), (pn: 18446744073709551615, time: 0), (pn: 18446744073709551615, time: 0), (pn: 18446744073709551615, time: 0), (pn: 18446744073709551615, time: 0), (pn: 18446744073709551615, time: 0), (pn: 18446744073709551615, time: 0), (pn: 18446744073709551615, time: 0), (pn: 18446744073709551615, time: 0), (pn: 18446744073709551615, time: 0), (pn: 18446744073709551615, time: 0), (pn: 18446744073709551615, time: 0), (pn: 18446744073709551615, time: 0), (pn: 18446744073709551615, time: 0), (pn: 18446744073709551615, time: 0), (pn: 18446744073709551615, time: 0), (pn: 18446744073709551615, time: 0), (pn: 18446744073709551615, time: 0), (pn: 18446744073709551615, time: 0), (pn: 18446744073709551615, time: 0), (pn: 18446744073709551615, time: 0), (pn: 18446744073709551615, time: 0), (pn: 18446744073709551615, time: 0), (pn: 18446744073709551615, time: 0), (pn: 18446744073709551615, time: 0), (pn: 18446744073709551615, time: 0), (pn: 18446744073709551615, time: 0), (pn: 18446744073709551615, time: 0), (pn: 18446744073709551615, time: 0), (pn: 18446744073709551615, time: 0), (pn: 18446744073709551615, time: 0), (pn: 18446744073709551615, time: 0), (pn: 18446744073709551615, time: 0), (pn: 18446744073709551615, time: 0), (pn: 18446744073709551615, time: 0), (pn: 18446744073709551615, time: 0), (pn: 18446744073709551615, time: 0), (pn: 18446744073709551615, time: 0), (pn: 18446744073709551615, time: 0), (pn: 18446744073709551615, time: 0), (pn: 18446744073709551615, time: 0), (pn: 18446744073709551615, time: 0), (pn: 18446744073709551615, time: 0), (pn: 18446744073709551615, time: 0), (pn: 18446744073709551615, time: 0), (pn: 18446744073709551615, time: 0), (pn: 18446744073709551615, time: 0), (pn: 18446744073709551615, time: 0), (pn: 18446744073709551615, time: 0), (pn: 18446744073709551615, time: 0), (pn: 18446744073709551615, time: 0), (pn: 18446744073709551615, time: 0), (pn: 18446744073709551615, time: 0), (pn: 18446744073709551615, time: 0), (pn: 18446744073709551615, time: 0), (pn: 18446744073709551615, time: 0), (pn: 18446744073709551615, time: 0), (pn: 18446744073709551615, time: 0), (pn: 18446744073709551615, time: 0), (pn: 18446744073709551615, time: 0), (pn: 18446744073709551615, time: 0), (pn: 18446744073709551615, time: 0), (pn: 18446744073709551615, time: 0), (pn: 18446744073709551615, time: 0), (pn: 18446744073709551615, time: 0), (pn: 18446744073709551615, time: 0), (pn: 18446744073709551615, time: 0), (pn: 18446744073709551615, time: 0), (pn: 18446744073709551615, time: 0), (pn: 18446744073709551615, time: 0), (pn: 18446744073709551615, time: 0), (pn: 18446744073709551615, time: 0), (pn: 18446744073709551615, time: 0), (pn: 18446744073709551615, time: 0), (pn: 18446744073709551615, time: 0), (pn: 18446744073709551615, time: 0), (pn: 18446744073709551615, time: 0), (pn: 18446744073709551615, time: 0), (pn: 18446744073709551615, time: 0), (pn: 18446744073709551615, time: 0), (pn: 18446744073709551615, time: 0), (pn: 18446744073709551615, time: 0), (pn: 18446744073709551615, time: 0), (pn: 18446744073709551615, time: 0), (pn: 18446744073709551615, time: 0), (pn: 18446744073709551615, time: 0), (pn: 18446744073709551615, time: 0), (pn: 18446744073709551615, time: 0), (pn: 18446744073709551615, time: 0), (pn: 18446744073709551615, time: 0), (pn: 18446744073709551615, time: 0), (pn: 18446744073709551615, time: 0), (pn: 18446744073709551615, time: 0), (pn: 18446744073709551615, time: 0), (pn: 18446744073709551615, time: 0), (pn: 18446744073709551615, time: 0), (pn: 18446744073709551615, time: 0), (pn: 18446744073709551615, time: 0), (pn: 18446744073709551615, time: 0), (pn: 18446744073709551615, time: 0), (pn: 18446744073709551615, time: 0), (pn: 18446744073709551615, time: 0), (pn: 18446744073709551615, time: 0), (pn: 18446744073709551615, time: 0), (pn: 18446744073709551615, time: 0), (pn: 18446744073709551615, time: 0), (pn: 18446744073709551615, time: 0), (pn: 18446744073709551615, time: 0), (pn: 18446744073709551615, time: 0), (pn: 18446744073709551615, time: 0), (pn: 18446744073709551615, time: 0), (pn: 18446744073709551615, time: 0), (pn: 18446744073709551615, time: 0), (pn: 18446744073709551615, time: 0), (pn: 18446744073709551615, time: 0), (pn: 18446744073709551615, time: 0), (pn: 18446744073709551615, time: 0), (pn: 18446744073709551615, time: 0), (pn: 18446744073709551615, time: 0), (pn: 18446744073709551615, time: 0), (pn: 18446744073709551615, time: 0), (pn: 18446744073709551615, time: 0), (pn: 18446744073709551615, time: 0), (pn: 18446744073709551615, time: 0), (pn: 18446744073709551615, time: 0), (pn: 18446744073709551615, time: 0), (pn: 18446744073709551615, time: 0), (pn: 18446744073709551615, time: 0), (pn: 18446744073709551615, time: 0), (pn: 18446744073709551615, time: 0), (pn: 18446744073709551615, time: 0), (pn: 18446744073709551615, time: 0), (pn: 18446744073709551615, time: 0), (pn: 18446744073709551615, time: 0), (pn: 18446744073709551615, time: 0), (pn: 18446744073709551615, time: 0), (pn: 18446744073709551615, time: 0), (pn: 18446744073709551615, time: 0), (pn: 18446744073709551615, time: 0), (pn: 18446744073709551615, time: 0), (pn: 18446744073709551615, time: 0), (pn: 18446744073709551615, time: 0), (pn: 18446744073709551615, time: 0), (pn: 18446744073709551615, time: 0), (pn: 18446744073709551615, time: 0), (pn: 18446744073709551615, time: 0), (pn: 18446744073709551615, time: 0), (pn: 18446744073709551615, time: 0), (pn: 18446744073709551615, time: 0), (pn: 18446744073709551615, time: 0), (pn: 18446744073709551615, time: 0), (pn: 18446744073709551615, time: 0), (pn: 18446744073709551615, time: 0), (pn: 18446744073709551615, time: 0), (pn: 18446744073709551615, time: 0), (pn: 18446744073709551615, time: 0), (pn: 18446744073709551615, time: 0), (pn: 18446744073709551615, time: 0), (pn: 18446744073709551615, time: 0), (pn: 18446744073709551615, time: 0), (pn: 18446744073709551615, time: 0), (pn: 18446744073709551615, time: 0), (pn: 18446744073709551615, time: 0), (pn: 18446744073709551615, time: 0), (pn: 18446744073709551615, time: 0), (pn: 18446744073709551615, time: 0), (pn: 18446744073709551615, time: 0), (pn: 18446744073709551615, time: 0), (pn: 18446744073709551615, time: 0), (pn: 18446744073709551615, time: 0), (pn: 18446744073709551615, time: 0), (pn: 18446744073709551615, time: 0), (pn: 18446744073709551615, time: 0), (pn: 18446744073709551615, time: 0), (pn: 18446744073709551615, time: 0), (pn: 18446744073709551615, time: 0), (pn: 18446744073709551615, time: 0), (pn: 18446744073709551615, time: 0), (pn: 18446744073709551615, time: 0), (pn: 18446744073709551615, time: 0), (pn: 18446744073709551615, time: 0), (pn: 18446744073709551615, time: 0), (pn: 18446744073709551615, time: 0), (pn: 18446744073709551615, time: 0), (pn: 18446744073709551615, time: 0), (pn: 18446744073709551615, time: 0), (pn: 18446744073709551615, time: 0), (pn: 18446744073709551615, time: 0), (pn: 18446744073709551615, time: 0), (pn: 18446744073709551615, time: 0), (pn: 18446744073709551615, time: 0), (pn: 18446744073709551615, time: 0), (pn: 18446744073709551615, time: 0), (pn: 18446744073709551615, time: 0), (pn: 18446744073709551615, time: 0), (pn: 18446744073709551615, time: 0), (pn: 18446744073709551615, time: 0), (pn: 18446744073709551615, time: 0), (pn: 18446744073709551615, time: 0), (pn: 18446744073709551615, time: 0), (pn: 18446744073709551615, time: 0), (pn: 18446744073709551615, time: 0), (pn: 18446744073709551615, time: 0), (pn: 18446744073709551615, time: 0), (pn: 18446744073709551615, time: 0), (pn: 18446744073709551615, time: 0), (pn: 18446744073709551615, time: 0), (pn: 18446744073709551615, time: 0), (pn: 18446744073709551615, time: 0), (pn: 18446744073709551615, time: 0), (pn: 18446744073709551615, time: 0), (pn: 18446744073709551615, time: 0), (pn: 18446744073709551615, time: 0), (pn: 18446744073709551615, time: 0), (pn: 18446744073709551615, time: 0), (pn: 18446744073709551615, time: 0), (pn: 18446744073709551615, time: 0), (pn: 18446744073709551615, time: 0), (pn: 18446744073709551615, time: 0), (pn: 18446744073709551615, time: 0), (pn: 18446744073709551615, time: 0), (pn: 18446744073709551615, time: 0), (pn: 18446744073709551615, time: 0), (pn: 18446744073709551615, time: 0), (pn: 18446744073709551615, time: 0), (pn: 18446744073709551615, time: 0), (pn: 18446744073709551615, time: 0), (pn: 18446744073709551615, time: 0), (pn: 18446744073709551615, time: 0), (pn: 18446744073709551615, time: 0), (pn: 18446744073709551615, time: 0), (pn: 18446744073709551615, time: 0), (pn: 18446744073709551615, time: 0), (pn: 18446744073709551615, time: 0), (pn: 18446744073709551615, time: 0), (pn: 18446744073709551615, time: 0), (pn: 18446744073709551615, time: 0), (pn: 18446744073709551615, time: 0), (pn: 18446744073709551615, time: 0), (pn: 18446744073709551615, time: 0), (pn: 18446744073709551615, time: 0), (pn: 18446744073709551615, time: 0), (pn: 18446744073709551615, time: 0), (pn: 18446744073709551615, time: 0), (pn: 18446744073709551615, time: 0), (pn: 18446744073709551615, time: 0), (pn: 18446744073709551615, time: 0), (pn: 18446744073709551615, time: 0), (pn: 18446744073709551615, time: 0), (pn: 18446744073709551615, time: 0), (pn: 18446744073709551615, time: 0), (pn: 18446744073709551615, time: 0), (pn: 18446744073709551615, time: 0), (pn: 18446744073709551615, time: 0), (pn: 18446744073709551615, time: 0), (pn: 18446744073709551615, time: 0), (pn: 18446744073709551615, time: 0), (pn: 18446744073709551615, time: 0), (pn: 18446744073709551615, time: 0), (pn: 18446744073709551615, time: 0), (pn: 18446744073709551615, time: 0), (pn: 18446744073709551615, time: 0), (pn: 18446744073709551615, time: 0), (pn: 18446744073709551615, time: 0), (pn: 18446744073709551615, time: 0), (pn: 18446744073709551615, time: 0), (pn: 18446744073709551615, time: 0), (pn: 18446744073709551615, time: 0), (pn: 18446744073709551615, time: 0), (pn: 18446744073709551615, time: 0), (pn: 18446744073709551615, time: 0), (pn: 18446744073709551615, time: 0), (pn: 18446744073709551615, time: 0), (pn: 18446744073709551615, time: 0), (pn: 18446744073709551615, time: 0), (pn: 18446744073709551615, time: 0), (pn: 18446744073709551615, time: 0), (pn: 18446744073709551615, time: 0), (pn: 18446744073709551615, time: 0), (pn: 18446744073709551615, time: 0), (pn: 18446744073709551615, time: 0), (pn: 18446744073709551615, time: 0), (pn: 18446744073709551615, time: 0), (pn: 18446744073709551615, time: 0), (pn: 18446744073709551615, time: 0), (pn: 18446744073709551615, time: 0), (pn: 18446744073709551615, time: 0), (pn: 18446744073709551615, time: 0), (pn: 18446744073709551615, time: 0), (pn: 18446744073709551615, time: 0), (pn: 18446744073709551615, time: 0), (pn: 18446744073709551615, time: 0), (pn: 18446744073709551615, time: 0), (pn: 18446744073709551615, time: 0), (pn: 18446744073709551615, time: 0), (pn: 18446744073709551615, time: 0), (pn: 18446744073709551615, time: 0), (pn: 18446744073709551615, time: 0), (pn: 18446744073709551615, time: 0), (pn: 18446744073709551615, time: 0), (pn: 18446744073709551615, time: 0), (pn: 18446744073709551615, time: 0), (pn: 18446744073709551615, time: 0), (pn: 18446744073709551615, time: 0), (pn: 18446744073709551615, time: 0), (pn: 18446744073709551615, time: 0), (pn: 18446744073709551615, time: 0), (pn: 18446744073709551615, time: 0), (pn: 18446744073709551615, time: 0), (pn: 18446744073709551615, time: 0), (pn: 18446744073709551615, time: 0), (pn: 18446744073709551615, time: 0), (pn: 18446744073709551615, time: 0), (pn: 18446744073709551615, time: 0), (pn: 18446744073709551615, time: 0), (pn: 18446744073709551615, time: 0), (pn: 18446744073709551615, time: 0), (pn: 18446744073709551615, time: 0), (pn: 18446744073709551615, time: 0), (pn: 18446744073709551615, time: 0), (pn: 18446744073709551615, time: 0), (pn: 18446744073709551615, time: 0), (pn: 18446744073709551615, time: 0), (pn: 18446744073709551615, time: 0), (pn: 18446744073709551615, time: 0), (pn: 18446744073709551615, time: 0), (pn: 18446744073709551615, time: 0), (pn: 18446744073709551615, time: 0), (pn: 18446744073709551615, time: 0), (pn: 18446744073709551615, time: 0), (pn: 18446744073709551615, time: 0), (pn: 18446744073709551615, time: 0), (pn: 18446744073709551615, time: 0), (pn: 18446744073709551615, time: 0), (pn: 18446744073709551615, time: 0), (pn: 18446744073709551615, time: 0), (pn: 18446744073709551615, time: 0), (pn: 18446744073709551615, time: 0), (pn: 18446744073709551615, time: 0), (pn: 18446744073709551615, time: 0), (pn: 18446744073709551615, time: 0), (pn: 18446744073709551615, time: 0), (pn: 18446744073709551615, time: 0), (pn: 18446744073709551615, time: 0), (pn: 18446744073709551615, time: 0), (pn: 18446744073709551615, time: 0), (pn: 18446744073709551615, time: 0), (pn: 18446744073709551615, time: 0), (pn: 18446744073709551615, time: 0), (pn: 18446744073709551615, time: 0), (pn: 18446744073709551615, time: 0), (pn: 18446744073709551615, time: 0), (pn: 18446744073709551615, time: 0), (pn: 18446744073709551615, time: 0), (pn: 18446744073709551615, time: 0), (pn: 18446744073709551615, time: 0), (pn: 18446744073709551615, time: 0), (pn: 18446744073709551615, time: 0), (pn: 18446744073709551615, time: 0), (pn: 18446744073709551615, time: 0), (pn: 18446744073709551615, time: 0), (pn: 18446744073709551615, time: 0), (pn: 18446744073709551615, time: 0), (pn: 18446744073709551615, time: 0), (pn: 18446744073709551615, time: 0), (pn: 18446744073709551615, time: 0), (pn: 18446744073709551615, time: 0), (pn: 18446744073709551615, time: 0), (pn: 18446744073709551615, time: 0), (pn: 18446744073709551615, time: 0), (pn: 18446744073709551615, time: 0), (pn: 18446744073709551615, time: 0), (pn: 18446744073709551615, time: 0), (pn: 18446744073709551615, time: 0), (pn: 18446744073709551615, time: 0), (pn: 18446744073709551615, time: 0), (pn: 18446744073709551615, time: 0), (pn: 18446744073709551615, time: 0), (pn: 18446744073709551615, time: 0), (pn: 18446744073709551615, time: 0), (pn: 18446744073709551615, time: 0), (pn: 18446744073709551615, time: 0), (pn: 18446744073709551615, time: 0), (pn: 18446744073709551615, time: 0), (pn: 18446744073709551615, time: 0), (pn: 18446744073709551615, time: 0), (pn: 18446744073709551615, time: 0), (pn: 18446744073709551615, time: 0), (pn: 18446744073709551615, time: 0), (pn: 18446744073709551615, time: 0), (pn: 18446744073709551615, time: 0), (pn: 18446744073709551615, time: 0), (pn: 18446744073709551615, time: 0), (pn: 18446744073709551615, time: 0), (pn: 18446744073709551615, time: 0), (pn: 18446744073709551615, time: 0), (pn: 18446744073709551615, time: 0), (pn: 18446744073709551615, time: 0), (pn: 18446744073709551615, time: 0), (pn: 18446744073709551615, time: 0), (pn: 18446744073709551615, time: 0), (pn: 18446744073709551615, time: 0), (pn: 18446744073709551615, time: 0), (pn: 18446744073709551615, time: 0), (pn: 18446744073709551615, time: 0), (pn: 18446744073709551615, time: 0), (pn: 18446744073709551615, time: 0), (pn: 18446744073709551615, time: 0), (pn: 18446744073709551615, time: 0), (pn: 18446744073709551615, time: 0), (pn: 18446744073709551615, time: 0), (pn: 18446744073709551615, time: 0), (pn: 18446744073709551615, time: 0), (pn: 18446744073709551615, time: 0), (pn: 18446744073709551615, time: 0), (pn: 18446744073709551615, time: 0), (pn: 18446744073709551615, time: 0), (pn: 18446744073709551615, time: 0), (pn: 18446744073709551615, time: 0), (pn: 18446744073709551615, time: 0), (pn: 18446744073709551615, time: 0), (pn: 18446744073709551615, time: 0), (pn: 18446744073709551615, time: 0), (pn: 18446744073709551615, time: 0), (pn: 18446744073709551615, time: 0), (pn: 18446744073709551615, time: 0), (pn: 18446744073709551615, time: 0), (pn: 18446744073709551615, time: 0), (pn: 18446744073709551615, time: 0), (pn: 18446744073709551615, time: 0), (pn: 18446744073709551615, time: 0), (pn: 18446744073709551615, time: 0), (pn: 18446744073709551615, time: 0), (pn: 18446744073709551615, time: 0), (pn: 18446744073709551615, time: 0), (pn: 18446744073709551615, time: 0), (pn: 18446744073709551615, time: 0), (pn: 18446744073709551615, time: 0), (pn: 18446744073709551615, time: 0), (pn: 18446744073709551615, time: 0), (pn: 18446744073709551615, time: 0), (pn: 18446744073709551615, time: 0), (pn: 18446744073709551615, time: 0), (pn: 18446744073709551615, time: 0), (pn: 18446744073709551615, time: 0), (pn: 18446744073709551615, time: 0), (pn: 18446744073709551615, time: 0), (pn: 18446744073709551615, time: 0), (pn: 18446744073709551615, time: 0), (pn: 18446744073709551615, time: 0), (pn: 18446744073709551615, time: 0), (pn: 18446744073709551615, time: 0), (pn: 18446744073709551615, time: 0), (pn: 18446744073709551615, time: 0), (pn: 18446744073709551615, time: 0), (pn: 18446744073709551615, time: 0), (pn: 18446744073709551615, time: 0), (pn: 18446744073709551615, time: 0), (pn: 18446744073709551615, time: 0), (pn: 18446744073709551615, time: 0), (pn: 18446744073709551615, time: 0), (pn: 18446744073709551615, time: 0), (pn: 18446744073709551615, time: 0), (pn: 18446744073709551615, time: 0), (pn: 18446744073709551615, time: 0), (pn: 18446744073709551615, time: 0), (pn: 18446744073709551615, time: 0), (pn: 18446744073709551615, time: 0), (pn: 18446744073709551615, time: 0), (pn: 18446744073709551615, time: 0), (pn: 18446744073709551615, time: 0), (pn: 18446744073709551615, time: 0), (pn: 18446744073709551615, time: 0), (pn: 18446744073709551615, time: 0), (pn: 18446744073709551615, time: 0), (pn: 18446744073709551615, time: 0), (pn: 18446744073709551615, time: 0), (pn: 18446744073709551615, time: 0), (pn: 18446744073709551615, time: 0), (pn: 18446744073709551615, time: 0), (pn: 18446744073709551615, time: 0), (pn: 18446744073709551615, time: 0), (pn: 18446744073709551615, time: 0), (pn: 18446744073709551615, time: 0), (pn: 18446744073709551615, time: 0), (pn: 18446744073709551615, time: 0), (pn: 18446744073709551615, time: 0), (pn: 18446744073709551615, time: 0), (pn: 18446744073709551615, time: 0), (pn: 18446744073709551615, time: 0), (pn: 18446744073709551615, time: 0), (pn: 18446744073709551615, time: 0), (pn: 18446744073709551615, time: 0), (pn: 18446744073709551615, time: 0), (pn: 18446744073709551615, time: 0), (pn: 18446744073709551615, time: 0), (pn: 18446744073709551615, time: 0), (pn: 18446744073709551615, time: 0), (pn: 18446744073709551615, time: 0), (pn: 18446744073709551615, time: 0), (pn: 18446744073709551615, time: 0), (pn: 18446744073709551615, time: 0), (pn: 18446744073709551615, time: 0), (pn: 18446744073709551615, time: 0), (pn: 18446744073709551615, time: 0), (pn: 18446744073709551615, time: 0), (pn: 18446744073709551615, time: 0), (pn: 18446744073709551615, time: 0), (pn: 18446744073709551615, time: 0), (pn: 18446744073709551615, time: 0), (pn: 18446744073709551615, time: 0), (pn: 18446744073709551615, time: 0), (pn: 18446744073709551615, time: 0), (pn: 18446744073709551615, time: 0), (pn: 18446744073709551615, time: 0), (pn: 18446744073709551615, time: 0), (pn: 18446744073709551615, time: 0), (pn: 18446744073709551615, time: 0), (pn: 18446744073709551615, time: 0), (pn: 18446744073709551615, time: 0), (pn: 18446744073709551615, time: 0), (pn: 18446744073709551615, time: 0), (pn: 18446744073709551615, time: 0), (pn: 18446744073709551615, time: 0), (pn: 18446744073709551615, time: 0), (pn: 18446744073709551615, time: 0), (pn: 18446744073709551615, time: 0), (pn: 18446744073709551615, time: 0), (pn: 18446744073709551615, time: 0), (pn: 18446744073709551615, time: 0), (pn: 18446744073709551615, time: 0), (pn: 18446744073709551615, time: 0), (pn: 18446744073709551615, time: 0), (pn: 18446744073709551615, time: 0), (pn: 18446744073709551615, time: 0), (pn: 18446744073709551615, time: 0), (pn: 18446744073709551615, time: 0), (pn: 18446744073709551615, time: 0), (pn: 18446744073709551615, time: 0), (pn: 18446744073709551615, time: 0), (pn: 18446744073709551615, time: 0), (pn: 18446744073709551615, time: 0), (pn: 18446744073709551615, time: 0), (pn: 18446744073709551615, time: 0), (pn: 18446744073709551615, time: 0), (pn: 18446744073709551615, time: 0), (pn: 18446744073709551615, time: 0), (pn: 18446744073709551615, time: 0), (pn: 18446744073709551615, time: 0), (pn: 18446744073709551615, time: 0), (pn: 18446744073709551615, time: 0), (pn: 18446744073709551615, time: 0), (pn: 18446744073709551615, time: 0), (pn: 18446744073709551615, time: 0), (pn: 18446744073709551615, time: 0), (pn: 18446744073709551615, time: 0), (pn: 18446744073709551615, time: 0), (pn: 18446744073709551615, time: 0), (pn: 18446744073709551615, time: 0), (pn: 18446744073709551615, time: 0), (pn: 18446744073709551615, time: 0), (pn: 18446744073709551615, time: 0), (pn: 18446744073709551615, time: 0), (pn: 18446744073709551615, time: 0), (pn: 18446744073709551615, time: 0), (pn: 18446744073709551615, time: 0), (pn: 18446744073709551615, time: 0), (pn: 18446744073709551615, time: 0), (pn: 18446744073709551615, time: 0), (pn: 18446744073709551615, time: 0), (pn: 18446744073709551615, time: 0), (pn: 18446744073709551615, time: 0), (pn: 18446744073709551615, time: 0), (pn: 18446744073709551615, time: 0), (pn: 18446744073709551615, time: 0), (pn: 18446744073709551615, time: 0), (pn: 18446744073709551615, time: 0), (pn: 18446744073709551615, time: 0), (pn: 18446744073709551615, time: 0), (pn: 18446744073709551615, time: 0), (pn: 18446744073709551615, time: 0), (pn: 18446744073709551615, time: 0), (pn: 18446744073709551615, time: 0), (pn: 18446744073709551615, time: 0), (pn: 18446744073709551615, time: 0), (pn: 18446744073709551615, time: 0), (pn: 18446744073709551615, time: 0), (pn: 18446744073709551615, time: 0), (pn: 18446744073709551615, time: 0), (pn: 18446744073709551615, time: 0), (pn: 18446744073709551615, time: 0), (pn: 18446744073709551615, time: 0), (pn: 18446744073709551615, time: 0), (pn: 18446744073709551615, time: 0), (pn: 18446744073709551615, time: 0), (pn: 18446744073709551615, time: 0), (pn: 18446744073709551615, time: 0), (pn: 18446744073709551615, time: 0), (pn: 18446744073709551615, time: 0), (pn: 18446744073709551615, time: 0), (pn: 18446744073709551615, time: 0), (pn: 18446744073709551615, time: 0), (pn: 18446744073709551615, time: 0), (pn: 18446744073709551615, time: 0), (pn: 18446744073709551615, time: 0), (pn: 18446744073709551615, time: 0), (pn: 18446744073709551615, time: 0), (pn: 18446744073709551615, time: 0), (pn: 18446744073709551615, time: 0), (pn: 18446744073709551615, time: 0), (pn: 18446744073709551615, time: 0), (pn: 18446744073709551615, time: 0), (pn: 18446744073709551615, time: 0), (pn: 18446744073709551615, time: 0), (pn: 18446744073709551615, time: 0), (pn: 18446744073709551615, time: 0), (pn: 18446744073709551615, time: 0), (pn: 18446744073709551615, time: 0), (pn: 18446744073709551615, time: 0), (pn: 18446744073709551615, time: 0), (pn: 18446744073709551615, time: 0), (pn: 18446744073709551615, time: 0), (pn: 18446744073709551615, time: 0), (pn: 18446744073709551615, time: 0), (pn: 18446744073709551615, time: 0), (pn: 18446744073709551615, time: 0), (pn: 18446744073709551615, time: 0), (pn: 18446744073709551615, time: 0), (pn: 18446744073709551615, time: 0), (pn: 18446744073709551615, time: 0), (pn: 18446744073709551615, time: 0), (pn: 18446744073709551615, time: 0), (pn: 18446744073709551615, time: 0), (pn: 18446744073709551615, time: 0), (pn: 18446744073709551615, time: 0), (pn: 18446744073709551615, time: 0), (pn: 18446744073709551615, time: 0), (pn: 18446744073709551615, time: 0), (pn: 18446744073709551615, time: 0), (pn: 18446744073709551615, time: 0), (pn: 18446744073709551615, time: 0), (pn: 18446744073709551615, time: 0), (pn: 18446744073709551615, time: 0), (pn: 18446744073709551615, time: 0), (pn: 18446744073709551615, time: 0), (pn: 18446744073709551615, time: 0), (pn: 18446744073709551615, time: 0), (pn: 18446744073709551615, time: 0), (pn: 18446744073709551615, time: 0), (pn: 18446744073709551615, time: 0), (pn: 18446744073709551615, time: 0), (pn: 18446744073709551615, time: 0), (pn: 18446744073709551615, time: 0), (pn: 18446744073709551615, time: 0), (pn: 18446744073709551615, time: 0), (pn: 18446744073709551615, time: 0), (pn: 18446744073709551615, time: 0), (pn: 18446744073709551615, time: 0), (pn: 18446744073709551615, time: 0), (pn: 18446744073709551615, time: 0), (pn: 18446744073709551615, time: 0), (pn: 18446744073709551615, time: 0), (pn: 18446744073709551615, time: 0), (pn: 18446744073709551615, time: 0), (pn: 18446744073709551615, time: 0), (pn: 18446744073709551615, time: 0), (pn: 18446744073709551615, time: 0), (pn: 18446744073709551615, time: 0), (pn: 18446744073709551615, time: 0), (pn: 18446744073709551615, time: 0), (pn: 18446744073709551615, time: 0), (pn: 18446744073709551615, time: 0), (pn: 18446744073709551615, time: 0), (pn: 18446744073709551615, time: 0), (pn: 18446744073709551615, time: 0), (pn: 18446744073709551615, time: 0), (pn: 18446744073709551615, time: 0), (pn: 18446744073709551615, time: 0), (pn: 18446744073709551615, time: 0), (pn: 18446744073709551615, time: 0), (pn: 18446744073709551615, time: 0), (pn: 18446744073709551615, time: 0), (pn: 18446744073709551615, time: 0), (pn: 18446744073709551615, time: 0), (pn: 18446744073709551615, time: 0), (pn: 18446744073709551615, time: 0), (pn: 18446744073709551615, time: 0), (pn: 18446744073709551615, time: 0), (pn: 18446744073709551615, time: 0), (pn: 18446744073709551615, time: 0), (pn: 18446744073709551615, time: 0), (pn: 18446744073709551615, time: 0), (pn: 18446744073709551615, time: 0), (pn: 18446744073709551615, time: 0), (pn: 18446744073709551615, time: 0), (pn: 18446744073709551615, time: 0), (pn: 18446744073709551615, time: 0), (pn: 18446744073709551615, time: 0), (pn: 18446744073709551615, time: 0), (pn: 18446744073709551615, time: 0), (pn: 18446744073709551615, time: 0), (pn: 18446744073709551615, time: 0), (pn: 18446744073709551615, time: 0), (pn: 18446744073709551615, time: 0), (pn: 18446744073709551615, time: 0), (pn: 18446744073709551615, time: 0), (pn: 18446744073709551615, time: 0), (pn: 18446744073709551615, time: 0), (pn: 18446744073709551615, time: 0), (pn: 18446744073709551615, time: 0), (pn: 18446744073709551615, time: 0), (pn: 18446744073709551615, time: 0), (pn: 18446744073709551615, time: 0), (pn: 18446744073709551615, time: 0), (pn: 18446744073709551615, time: 0), (pn: 18446744073709551615, time: 0), (pn: 18446744073709551615, time: 0), (pn: 18446744073709551615, time: 0), (pn: 18446744073709551615, time: 0), (pn: 18446744073709551615, time: 0), (pn: 18446744073709551615, time: 0), (pn: 18446744073709551615, time: 0), (pn: 18446744073709551615, time: 0), (pn: 18446744073709551615, time: 0), (pn: 18446744073709551615, time: 0), (pn: 18446744073709551615, time: 0), (pn: 18446744073709551615, time: 0), (pn: 18446744073709551615, time: 0), (pn: 18446744073709551615, time: 0), (pn: 18446744073709551615, time: 0), (pn: 18446744073709551615, time: 0), (pn: 18446744073709551615, time: 0), (pn: 18446744073709551615, time: 0), (pn: 18446744073709551615, time: 0), (pn: 18446744073709551615, time: 0), (pn: 18446744073709551615, time: 0), (pn: 18446744073709551615, time: 0), (pn: 18446744073709551615, time: 0), (pn: 18446744073709551615, time: 0), (pn: 18446744073709551615, time: 0), (pn: 18446744073709551615, time: 0), (pn: 18446744073709551615, time: 0), (pn: 18446744073709551615, time: 0), (pn: 18446744073709551615, time: 0), (pn: 18446744073709551615, time: 0), (pn: 18446744073709551615, time: 0), (pn: 18446744073709551615, time: 0), (pn: 18446744073709551615, time: 0), (pn: 18446744073709551615, time: 0), (pn: 18446744073709551615, time: 0), (pn: 18446744073709551615, time: 0), (pn: 18446744073709551615, time: 0), (pn: 18446744073709551615, time: 0), (pn: 18446744073709551615, time: 0), (pn: 18446744073709551615, time: 0), (pn: 18446744073709551615, time: 0), (pn: 18446744073709551615, time: 0), (pn: 18446744073709551615, time: 0), (pn: 18446744073709551615, time: 0), (pn: 18446744073709551615, time: 0), (pn: 18446744073709551615, time: 0), (pn: 18446744073709551615, time: 0), (pn: 18446744073709551615, time: 0), (pn: 18446744073709551615, time: 0), (pn: 18446744073709551615, time: 0), (pn: 18446744073709551615, time: 0), (pn: 18446744073709551615, time: 0), (pn: 18446744073709551615, time: 0), (pn: 18446744073709551615, time: 0), (pn: 18446744073709551615, time: 0), (pn: 18446744073709551615, time: 0), (pn: 18446744073709551615, time: 0), (pn: 18446744073709551615, time: 0), (pn: 18446744073709551615, time: 0), (pn: 18446744073709551615, time: 0), (pn: 18446744073709551615, time: 0), (pn: 18446744073709551615, time: 0), (pn: 18446744073709551615, time: 0), (pn: 18446744073709551615, time: 0), (pn: 18446744073709551615, time: 0), (pn: 18446744073709551615, time: 0), (pn: 18446744073709551615, time: 0), (pn: 18446744073709551615, time: 0), (pn: 18446744073709551615, time: 0), (pn: 18446744073709551615, time: 0), (pn: 18446744073709551615, time: 0), (pn: 18446744073709551615, time: 0), (pn: 18446744073709551615, time: 0), (pn: 18446744073709551615, time: 0), (pn: 18446744073709551615, time: 0), (pn: 18446744073709551615, time: 0), (pn: 18446744073709551615, time: 0), (pn: 18446744073709551615, time: 0), (pn: 18446744073709551615, time: 0), (pn: 18446744073709551615, time: 0), (pn: 18446744073709551615, time: 0), (pn: 18446744073709551615, time: 0), (pn: 18446744073709551615, time: 0), (pn: 18446744073709551615, time: 0), (pn: 18446744073709551615, time: 0), (pn: 18446744073709551615, time: 0), (pn: 18446744073709551615, time: 0), (pn: 18446744073709551615, time: 0), (pn: 18446744073709551615, time: 0), (pn: 18446744073709551615, time: 0), (pn: 18446744073709551615, time: 0), (pn: 18446744073709551615, time: 0), (pn: 18446744073709551615, time: 0), (pn: 18446744073709551615, time: 0), (pn: 18446744073709551615, time: 0), (pn: 18446744073709551615, time: 0), (pn: 18446744073709551615, time: 0), (pn: 18446744073709551615, time: 0), (pn: 18446744073709551615, time: 0), (pn: 18446744073709551615, time: 0), (pn: 18446744073709551615, time: 0), (pn: 18446744073709551615, time: 0), (pn: 18446744073709551615, time: 0), (pn: 18446744073709551615, time: 0), (pn: 18446744073709551615, time: 0), (pn: 18446744073709551615, time: 0), (pn: 18446744073709551615, time: 0), (pn: 18446744073709551615, time: 0), (pn: 18446744073709551615, time: 0), (pn: 18446744073709551615, time: 0), (pn: 18446744073709551615, time: 0), (pn: 18446744073709551615, time: 0), (pn: 18446744073709551615, time: 0), (pn: 18446744073709551615, time: 0), (pn: 18446744073709551615, time: 0), (pn: 18446744073709551615, time: 0), (pn: 18446744073709551615, time: 0), (pn: 18446744073709551615, time: 0), (pn: 18446744073709551615, time: 0), (pn: 18446744073709551615, time: 0), (pn: 18446744073709551615, time: 0), (pn: 18446744073709551615, time: 0), (pn: 18446744073709551615, time: 0), (pn: 18446744073709551615, time: 0), (pn: 18446744073709551615, time: 0), (pn: 18446744073709551615, time: 0), (pn: 18446744073709551615, time: 0), (pn: 18446744073709551615, time: 0), (pn: 18446744073709551615, time: 0), (pn: 18446744073709551615, time: 0), (pn: 18446744073709551615, time: 0), (pn: 18446744073709551615, time: 0), (pn: 18446744073709551615, time: 0), (pn: 18446744073709551615, time: 0), (pn: 18446744073709551615, time: 0), (pn: 18446744073709551615, time: 0), (pn: 18446744073709551615, time: 0), (pn: 18446744073709551615, time: 0), (pn: 18446744073709551615, time: 0), (pn: 18446744073709551615, time: 0), (pn: 18446744073709551615, time: 0), (pn: 18446744073709551615, time: 0), (pn: 18446744073709551615, time: 0), (pn: 18446744073709551615, time: 0), (pn: 18446744073709551615, time: 0), (pn: 18446744073709551615, time: 0), (pn: 18446744073709551615, time: 0), (pn: 18446744073709551615, time: 0), (pn: 18446744073709551615, time: 0), (pn: 18446744073709551615, time: 0), (pn: 18446744073709551615, time: 0), (pn: 18446744073709551615, time: 0), (pn: 18446744073709551615, time: 0), (pn: 18446744073709551615, time: 0), (pn: 18446744073709551615, time: 0), (pn: 18446744073709551615, time: 0), (pn: 18446744073709551615, time: 0), (pn: 18446744073709551615, time: 0), (pn: 18446744073709551615, time: 0), (pn: 18446744073709551615, time: 0), (pn: 18446744073709551615, time: 0), (pn: 18446744073709551615, time: 0), (pn: 18446744073709551615, time: 0), (pn: 18446744073709551615, time: 0), (pn: 18446744073709551615, time: 0), (pn: 18446744073709551615, time: 0), (pn: 18446744073709551615, time: 0), (pn: 18446744073709551615, time: 0), (pn: 18446744073709551615, time: 0), (pn: 18446744073709551615, time: 0), (pn: 18446744073709551615, time: 0), (pn: 18446744073709551615, time: 0), (pn: 18446744073709551615, time: 0), (pn: 18446744073709551615, time: 0), (pn: 18446744073709551615, time: 0), (pn: 18446744073709551615, time: 0), (pn: 18446744073709551615, time: 0), (pn: 18446744073709551615, time: 0), (pn: 18446744073709551615, time: 0), (pn: 18446744073709551615, time: 0), (pn: 18446744073709551615, time: 0), (pn: 18446744073709551615, time: 0), (pn: 18446744073709551615, time: 0), (pn: 18446744073709551615, time: 0), (pn: 18446744073709551615, time: 0), (pn: 18446744073709551615, time: 0), (pn: 18446744073709551615, time: 0), (pn: 18446744073709551615, time: 0), (pn: 18446744073709551615, time: 0), (pn: 18446744073709551615, time: 0), (pn: 18446744073709551615, time: 0), (pn: 18446744073709551615, time: 0), (pn: 18446744073709551615, time: 0), (pn: 18446744073709551615, time: 0), (pn: 18446744073709551615, time: 0), (pn: 18446744073709551615, time: 0), (pn: 18446744073709551615, time: 0), (pn: 18446744073709551615, time: 0), (pn: 18446744073709551615, time: 0), (pn: 18446744073709551615, time: 0), (pn: 18446744073709551615, time: 0), (pn: 18446744073709551615, time: 0), (pn: 18446744073709551615, time: 0), (pn: 18446744073709551615, time: 0), (pn: 18446744073709551615, time: 0), (pn: 18446744073709551615, time: 0), (pn: 18446744073709551615, time: 0), (pn: 18446744073709551615, time: 0), (pn: 18446744073709551615, time: 0), (pn: 18446744073709551615, time: 0), (pn: 18446744073709551615, time: 0), (pn: 18446744073709551615, time: 0), (pn: 18446744073709551615, time: 0), (pn: 18446744073709551615, time: 0), (pn: 18446744073709551615, time: 0), (pn: 18446744073709551615, time: 0), (pn: 18446744073709551615, time: 0), (pn: 18446744073709551615, time: 0), (pn: 18446744073709551615, time: 0), (pn: 18446744073709551615, time: 0), (pn: 18446744073709551615, time: 0), (pn: 18446744073709551615, time: 0), (pn: 18446744073709551615, time: 0), (pn: 18446744073709551615, time: 0), (pn: 18446744073709551615, time: 0), (pn: 18446744073709551615, time: 0), (pn: 18446744073709551615, time: 0), (pn: 18446744073709551615, time: 0), (pn: 18446744073709551615, time: 0), (pn: 18446744073709551615, time: 0), (pn: 18446744073709551615, time: 0), (pn: 18446744073709551615, time: 0), (pn: 18446744073709551615, time: 0), (pn: 18446744073709551615, time: 0), (pn: 18446744073709551615, time: 0), (pn: 18446744073709551615, time: 0), (pn: 18446744073709551615, time: 0), (pn: 18446744073709551615, time: 0), (pn: 18446744073709551615, time: 0), (pn: 18446744073709551615, time: 0), (pn: 18446744073709551615, time: 0), (pn: 18446744073709551615, time: 0), (pn: 18446744073709551615, time: 0), (pn: 18446744073709551615, time: 0), (pn: 18446744073709551615, time: 0), (pn: 18446744073709551615, time: 0), (pn: 18446744073709551615, time: 0), (pn: 18446744073709551615, time: 0), (pn: 18446744073709551615, time: 0), (pn: 18446744073709551615, time: 0), (pn: 18446744073709551615, time: 0), (pn: 18446744073709551615, time: 0), (pn: 18446744073709551615, time: 0), (pn: 18446744073709551615, time: 0), (pn: 18446744073709551615, time: 0), (pn: 18446744073709551615, time: 0), (pn: 18446744073709551615, time: 0), (pn: 18446744073709551615, time: 0), (pn: 18446744073709551615, time: 0), (pn: 18446744073709551615, time: 0), (pn: 18446744073709551615, time: 0), (pn: 18446744073709551615, time: 0), (pn: 18446744073709551615, time: 0), (pn: 18446744073709551615, time: 0), (pn: 18446744073709551615, time: 0), (pn: 18446744073709551615, time: 0), (pn: 18446744073709551615, time: 0), (pn: 18446744073709551615, time: 0), (pn: 18446744073709551615, time: 0), (pn: 18446744073709551615, time: 0), (pn: 18446744073709551615, time: 0), (pn: 18446744073709551615, time: 0), (pn: 18446744073709551615, time: 0), (pn: 18446744073709551615, time: 0), (pn: 18446744073709551615, time: 0), (pn: 18446744073709551615, time: 0), (pn: 18446744073709551615, time: 0), (pn: 18446744073709551615, time: 0), (pn: 18446744073709551615, time: 0), (pn: 18446744073709551615, time: 0), (pn: 18446744073709551615, time: 0), (pn: 18446744073709551615, time: 0), (pn: 18446744073709551615, time: 0), (pn: 18446744073709551615, time: 0), (pn: 18446744073709551615, time: 0), (pn: 18446744073709551615, time: 0), (pn: 18446744073709551615, time: 0), (pn: 18446744073709551615, time: 0), (pn: 18446744073709551615, time: 0), (pn: 18446744073709551615, time: 0), (pn: 18446744073709551615, time: 0), (pn: 18446744073709551615, time: 0), (pn: 18446744073709551615, time: 0), (pn: 18446744073709551615, time: 0), (pn: 18446744073709551615, time: 0), (pn: 18446744073709551615, time: 0), (pn: 18446744073709551615, time: 0), (pn: 18446744073709551615, time: 0), (pn: 18446744073709551615, time: 0), (pn: 18446744073709551615, time: 0), (pn: 18446744073709551615, time: 0), (pn: 18446744073709551615, time: 0), (pn: 18446744073709551615, time: 0), (pn: 18446744073709551615, time: 0), (pn: 18446744073709551615, time: 0), (pn: 18446744073709551615, time: 0), (pn: 18446744073709551615, time: 0), (pn: 18446744073709551615, time: 0), (pn: 18446744073709551615, time: 0), (pn: 18446744073709551615, time: 0), (pn: 18446744073709551615, time: 0), (pn: 18446744073709551615, time: 0), (pn: 18446744073709551615, time: 0), (pn: 18446744073709551615, time: 0), (pn: 18446744073709551615, time: 0), (pn: 18446744073709551615, time: 0), (pn: 18446744073709551615, time: 0), (pn: 18446744073709551615, time: 0), (pn: 18446744073709551615, time: 0), (pn: 18446744073709551615, time: 0), (pn: 18446744073709551615, time: 0), (pn: 18446744073709551615, time: 0), (pn: 18446744073709551615, time: 0), (pn: 18446744073709551615, time: 0), (pn: 18446744073709551615, time: 0), (pn: 18446744073709551615, time: 0), (pn: 18446744073709551615, time: 0), (pn: 18446744073709551615, time: 0), (pn: 18446744073709551615, time: 0), (pn: 18446744073709551615, time: 0), (pn: 18446744073709551615, time: 0), (pn: 18446744073709551615, time: 0), (pn: 18446744073709551615, time: 0), (pn: 18446744073709551615, time: 0), (pn: 18446744073709551615, time: 0), (pn: 18446744073709551615, time: 0), (pn: 18446744073709551615, time: 0), (pn: 18446744073709551615, time: 0), (pn: 18446744073709551615, time: 0), (pn: 18446744073709551615, time: 0), (pn: 18446744073709551615, time: 0), (pn: 18446744073709551615, time: 0), (pn: 18446744073709551615, time: 0), (pn: 18446744073709551615, time: 0), (pn: 18446744073709551615, time: 0), (pn: 18446744073709551615, time: 0), (pn: 18446744073709551615, time: 0), (pn: 18446744073709551615, time: 0), (pn: 18446744073709551615, time: 0), (pn: 18446744073709551615, time: 0), (pn: 18446744073709551615, time: 0), (pn: 18446744073709551615, time: 0), (pn: 18446744073709551615, time: 0), (pn: 18446744073709551615, time: 0), (pn: 18446744073709551615, time: 0), (pn: 18446744073709551615, time: 0), (pn: 18446744073709551615, time: 0), (pn: 18446744073709551615, time: 0), (pn: 18446744073709551615, time: 0), (pn: 18446744073709551615, time: 0), (pn: 18446744073709551615, time: 0), (pn: 18446744073709551615, time: 0), (pn: 18446744073709551615, time: 0), (pn: 18446744073709551615, time: 0), (pn: 18446744073709551615, time: 0), (pn: 18446744073709551615, time: 0), (pn: 18446744073709551615, time: 0), (pn: 18446744073709551615, time: 0), (pn: 18446744073709551615, time: 0), (pn: 18446744073709551615, time: 0), (pn: 18446744073709551615, time: 0), (pn: 18446744073709551615, time: 0), (pn: 18446744073709551615, time: 0), (pn: 18446744073709551615, time: 0), (pn: 18446744073709551615, time: 0), (pn: 18446744073709551615, time: 0), (pn: 18446744073709551615, time: 0), (pn: 18446744073709551615, time: 0), (pn: 18446744073709551615, time: 0), (pn: 18446744073709551615, time: 0), (pn: 18446744073709551615, time: 0), (pn: 18446744073709551615, time: 0), (pn: 18446744073709551615, time: 0), (pn: 18446744073709551615, time: 0), (pn: 18446744073709551615, time: 0), (pn: 18446744073709551615, time: 0), (pn: 18446744073709551615, time: 0), (pn: 18446744073709551615, time: 0), (pn: 18446744073709551615, time: 0), (pn: 18446744073709551615, time: 0), (pn: 18446744073709551615, time: 0), (pn: 18446744073709551615, time: 0), (pn: 18446744073709551615, time: 0), (pn: 18446744073709551615, time: 0), (pn: 18446744073709551615, time: 0), (pn: 18446744073709551615, time: 0), (pn: 18446744073709551615, time: 0), (pn: 18446744073709551615, time: 0), (pn: 18446744073709551615, time: 0), (pn: 18446744073709551615, time: 0), (pn: 18446744073709551615, time: 0), (pn: 18446744073709551615, time: 0), (pn: 18446744073709551615, time: 0), (pn: 18446744073709551615, time: 0), (pn: 18446744073709551615, time: 0), (pn: 18446744073709551615, time: 0), (pn: 18446744073709551615, time: 0), (pn: 18446744073709551615, time: 0), (pn: 18446744073709551615, time: 0), (pn: 18446744073709551615, time: 0), (pn: 18446744073709551615, time: 0), (pn: 18446744073709551615, time: 0), (pn: 18446744073709551615, time: 0), (pn: 18446744073709551615, time: 0), (pn: 18446744073709551615, time: 0), (pn: 18446744073709551615, time: 0), (pn: 18446744073709551615, time: 0), (pn: 18446744073709551615, time: 0), (pn: 18446744073709551615, time: 0), (pn: 18446744073709551615, time: 0), (pn: 18446744073709551615, time: 0), (pn: 18446744073709551615, time: 0), (pn: 18446744073709551615, time: 0), (pn: 18446744073709551615, time: 0), (pn: 18446744073709551615, time: 0), (pn: 18446744073709551615, time: 0), (pn: 18446744073709551615, time: 0), (pn: 18446744073709551615, time: 0), (pn: 18446744073709551615, time: 0), (pn: 18446744073709551615, time: 0), (pn: 18446744073709551615, time: 0), (pn: 18446744073709551615, time: 0), (pn: 18446744073709551615, time: 0), (pn: 18446744073709551615, time: 0), (pn: 18446744073709551615, time: 0), (pn: 18446744073709551615, time: 0), (pn: 18446744073709551615, time: 0), (pn: 18446744073709551615, time: 0), (pn: 18446744073709551615, time: 0), (pn: 18446744073709551615, time: 0), (pn: 18446744073709551615, time: 0), (pn: 18446744073709551615, time: 0), (pn: 18446744073709551615, time: 0), (pn: 18446744073709551615, time: 0), (pn: 18446744073709551615, time: 0), (pn: 18446744073709551615, time: 0), (pn: 18446744073709551615, time: 0), (pn: 18446744073709551615, time: 0), (pn: 18446744073709551615, time: 0), (pn: 18446744073709551615, time: 0), (pn: 18446744073709551615, time: 0), (pn: 18446744073709551615, time: 0), (pn: 18446744073709551615, time: 0), (pn: 18446744073709551615, time: 0), (pn: 18446744073709551615, time: 0), (pn: 18446744073709551615, time: 0), (pn: 18446744073709551615, time: 0), (pn: 18446744073709551615, time: 0), (pn: 18446744073709551615, time: 0), (pn: 18446744073709551615, time: 0), (pn: 18446744073709551615, time: 0), (pn: 18446744073709551615, time: 0), (pn: 18446744073709551615, time: 0), (pn: 18446744073709551615, time: 0), (pn: 18446744073709551615, time: 0), (pn: 18446744073709551615, time: 0), (pn: 18446744073709551615, time: 0), (pn: 18446744073709551615, time: 0), (pn: 18446744073709551615, time: 0), (pn: 18446744073709551615, time: 0), (pn: 18446744073709551615, time: 0), (pn: 18446744073709551615, time: 0), (pn: 18446744073709551615, time: 0), (pn: 18446744073709551615, time: 0), (pn: 18446744073709551615, time: 0), (pn: 18446744073709551615, time: 0), (pn: 18446744073709551615, time: 0), (pn: 18446744073709551615, time: 0), (pn: 18446744073709551615, time: 0), (pn: 18446744073709551615, time: 0), (pn: 18446744073709551615, time: 0), (pn: 18446744073709551615, time: 0), (pn: 18446744073709551615, time: 0), (pn: 18446744073709551615, time: 0), (pn: 18446744073709551615, time: 0), (pn: 18446744073709551615, time: 0), (pn: 18446744073709551615, time: 0), (pn: 18446744073709551615, time: 0), (pn: 18446744073709551615, time: 0), (pn: 18446744073709551615, time: 0), (pn: 18446744073709551615, time: 0), (pn: 18446744073709551615, time: 0), (pn: 18446744073709551615, time: 0), (pn: 18446744073709551615, time: 0), (pn: 18446744073709551615, time: 0), (pn: 18446744073709551615, time: 0), (pn: 18446744073709551615, time: 0), (pn: 18446744073709551615, time: 0), (pn: 18446744073709551615, time: 0), (pn: 18446744073709551615, time: 0), (pn: 18446744073709551615, time: 0), (pn: 18446744073709551615, time: 0), (pn: 18446744073709551615, time: 0), (pn: 18446744073709551615, time: 0), (pn: 18446744073709551615, time: 0), (pn: 18446744073709551615, time: 0), (pn: 18446744073709551615, time: 0), (pn: 18446744073709551615, time: 0), (pn: 18446744073709551615, time: 0), (pn: 18446744073709551615, time: 0), (pn: 18446744073709551615, time: 0), (pn: 18446744073709551615, time: 0), (pn: 18446744073709551615, time: 0), (pn: 18446744073709551615, time: 0), (pn: 18446744073709551615, time: 0), (pn: 18446744073709551615, time: 0), (pn: 18446744073709551615, time: 0), (pn: 18446744073709551615, time: 0), (pn: 18446744073709551615, time: 0), (pn: 18446744073709551615, time: 0), (pn: 18446744073709551615, time: 0), (pn: 18446744073709551615, time: 0), (pn: 18446744073709551615, time: 0), (pn: 18446744073709551615, time: 0), (pn: 18446744073709551615, time: 0), (pn: 18446744073709551615, time: 0), (pn: 18446744073709551615, time: 0), (pn: 18446744073709551615, time: 0), (pn: 18446744073709551615, time: 0), (pn: 18446744073709551615, time: 0), (pn: 18446744073709551615, time: 0), (pn: 18446744073709551615, time: 0), (pn: 18446744073709551615, time: 0), (pn: 18446744073709551615, time: 0), (pn: 18446744073709551615, time: 0), (pn: 18446744073709551615, time: 0), (pn: 18446744073709551615, time: 0), (pn: 18446744073709551615, time: 0), (pn: 18446744073709551615, time: 0), (pn: 18446744073709551615, time: 0), (pn: 18446744073709551615, time: 0), (pn: 18446744073709551615, time: 0), (pn: 18446744073709551615, time: 0), (pn: 18446744073709551615, time: 0), (pn: 18446744073709551615, time: 0), (pn: 18446744073709551615, time: 0), (pn: 18446744073709551615, time: 0), (pn: 18446744073709551615, time: 0), (pn: 18446744073709551615, time: 0), (pn: 18446744073709551615, time: 0), (pn: 18446744073709551615, time: 0), (pn: 18446744073709551615, time: 0), (pn: 18446744073709551615, time: 0), (pn: 18446744073709551615, time: 0), (pn: 18446744073709551615, time: 0), (pn: 18446744073709551615, time: 0), (pn: 18446744073709551615, time: 0), (pn: 18446744073709551615, time: 0), (pn: 18446744073709551615, time: 0), (pn: 18446744073709551615, time: 0), (pn: 18446744073709551615, time: 0), (pn: 18446744073709551615, time: 0), (pn: 18446744073709551615, time: 0), (pn: 18446744073709551615, time: 0), (pn: 18446744073709551615, time: 0), (pn: 18446744073709551615, time: 0), (pn: 18446744073709551615, time: 0), (pn: 18446744073709551615, time: 0), (pn: 18446744073709551615, time: 0), (pn: 18446744073709551615, time: 0), (pn: 18446744073709551615, time: 0), (pn: 18446744073709551615, time: 0), (pn: 18446744073709551615, time: 0), (pn: 18446744073709551615, time: 0), (pn: 18446744073709551615, time: 0), (pn: 18446744073709551615, time: 0), (pn: 18446744073709551615, time: 0), (pn: 18446744073709551615, time: 0), (pn: 18446744073709551615, time: 0), (pn: 18446744073709551615, time: 0), (pn: 18446744073709551615, time: 0), (pn: 18446744073709551615, time: 0), (pn: 18446744073709551615, time: 0), (pn: 18446744073709551615, time: 0), (pn: 18446744073709551615, time: 0), (pn: 18446744073709551615, time: 0), (pn: 18446744073709551615, time: 0), (pn: 18446744073709551615, time: 0), (pn: 18446744073709551615, time: 0), (pn: 18446744073709551615, time: 0), (pn: 18446744073709551615, time: 0), (pn: 18446744073709551615, time: 0), (pn: 18446744073709551615, time: 0), (pn: 18446744073709551615, time: 0), (pn: 18446744073709551615, time: 0), (pn: 18446744073709551615, time: 0), (pn: 18446744073709551615, time: 0), (pn: 18446744073709551615, time: 0), (pn: 18446744073709551615, time: 0), (pn: 18446744073709551615, time: 0), (pn: 18446744073709551615, time: 0), (pn: 18446744073709551615, time: 0), (pn: 18446744073709551615, time: 0), (pn: 18446744073709551615, time: 0), (pn: 18446744073709551615, time: 0), (pn: 18446744073709551615, time: 0), (pn: 18446744073709551615, time: 0), (pn: 18446744073709551615, time: 0), (pn: 18446744073709551615, time: 0), (pn: 18446744073709551615, time: 0), (pn: 18446744073709551615, time: 0), (pn: 18446744073709551615, time: 0), (pn: 18446744073709551615, time: 0), (pn: 18446744073709551615, time: 0), (pn: 18446744073709551615, time: 0), (pn: 18446744073709551615, time: 0), (pn: 18446744073709551615, time: 0), (pn: 18446744073709551615, time: 0), (pn: 18446744073709551615, time: 0), (pn: 18446744073709551615, time: 0), (pn: 18446744073709551615, time: 0), (pn: 18446744073709551615, time: 0), (pn: 18446744073709551615, time: 0), (pn: 18446744073709551615, time: 0), (pn: 18446744073709551615, time: 0), (pn: 18446744073709551615, time: 0), (pn: 18446744073709551615, time: 0), (pn: 18446744073709551615, time: 0), (pn: 18446744073709551615, time: 0), (pn: 18446744073709551615, time: 0), (pn: 18446744073709551615, time: 0), (pn: 18446744073709551615, time: 0), (pn: 18446744073709551615, time: 0), (pn: 18446744073709551615, time: 0), (pn: 18446744073709551615, time: 0), (pn: 18446744073709551615, time: 0), (pn: 18446744073709551615, time: 0), (pn: 18446744073709551615, time: 0), (pn: 18446744073709551615, time: 0), (pn: 18446744073709551615, time: 0), (pn: 18446744073709551615, time: 0), (pn: 18446744073709551615, time: 0), (pn: 18446744073709551615, time: 0), (pn: 18446744073709551615, time: 0), (pn: 18446744073709551615, time: 0), (pn: 18446744073709551615, time: 0), (pn: 18446744073709551615, time: 0), (pn: 18446744073709551615, time: 0), (pn: 18446744073709551615, time: 0), (pn: 18446744073709551615, time: 0), (pn: 18446744073709551615, time: 0), (pn: 18446744073709551615, time: 0), (pn: 18446744073709551615, time: 0), (pn: 18446744073709551615, time: 0), (pn: 18446744073709551615, time: 0), (pn: 18446744073709551615, time: 0), (pn: 18446744073709551615, time: 0), (pn: 18446744073709551615, time: 0), (pn: 18446744073709551615, time: 0), (pn: 18446744073709551615, time: 0), (pn: 18446744073709551615, time: 0), (pn: 18446744073709551615, time: 0), (pn: 18446744073709551615, time: 0), (pn: 18446744073709551615, time: 0), (pn: 18446744073709551615, time: 0), (pn: 18446744073709551615, time: 0), (pn: 18446744073709551615, time: 0), (pn: 18446744073709551615, time: 0), (pn: 18446744073709551615, time: 0), (pn: 18446744073709551615, time: 0), (pn: 18446744073709551615, time: 0), (pn: 18446744073709551615, time: 0), (pn: 18446744073709551615, time: 0), (pn: 18446744073709551615, time: 0), (pn: 18446744073709551615, time: 0), (pn: 18446744073709551615, time: 0), (pn: 18446744073709551615, time: 0), (pn: 18446744073709551615, time: 0), (pn: 18446744073709551615, time: 0), (pn: 18446744073709551615, time: 0), (pn: 18446744073709551615, time: 0), (pn: 18446744073709551615, time: 0), (pn: 18446744073709551615, time: 0), (pn: 18446744073709551615, time: 0), (pn: 18446744073709551615, time: 0), (pn: 18446744073709551615, time: 0), (pn: 18446744073709551615, time: 0), (pn: 18446744073709551615, time: 0), (pn: 18446744073709551615, time: 0), (pn: 18446744073709551615, time: 0), (pn: 18446744073709551615, time: 0), (pn: 18446744073709551615, time: 0), (pn: 18446744073709551615, time: 0), (pn: 18446744073709551615, time: 0), (pn: 18446744073709551615, time: 0), (pn: 18446744073709551615, time: 0), (pn: 18446744073709551615, time: 0), (pn: 18446744073709551615, time: 0), (pn: 18446744073709551615, time: 0), (pn: 18446744073709551615, time: 0), (pn: 18446744073709551615, time: 0), (pn: 18446744073709551615, time: 0), (pn: 18446744073709551615, time: 0), (pn: 18446744073709551615, time: 0), (pn: 18446744073709551615, time: 0), (pn: 18446744073709551615, time: 0), (pn: 18446744073709551615, time: 0), (pn: 18446744073709551615, time: 0), (pn: 18446744073709551615, time: 0), (pn: 18446744073709551615, time: 0), (pn: 18446744073709551615, time: 0), (pn: 18446744073709551615, time: 0), (pn: 18446744073709551615, time: 0), (pn: 18446744073709551615, time: 0), (pn: 18446744073709551615, time: 0), (pn: 18446744073709551615, time: 0), (pn: 18446744073709551615, time: 0), (pn: 18446744073709551615, time: 0), (pn: 18446744073709551615, time: 0), (pn: 18446744073709551615, time: 0), (pn: 18446744073709551615, time: 0), (pn: 18446744073709551615, time: 0), (pn: 18446744073709551615, time: 0), (pn: 18446744073709551615, time: 0), (pn: 18446744073709551615, time: 0), (pn: 18446744073709551615, time: 0), (pn: 18446744073709551615, time: 0), (pn: 18446744073709551615, time: 0), (pn: 18446744073709551615, time: 0), (pn: 18446744073709551615, time: 0), (pn: 18446744073709551615, time: 0), (pn: 18446744073709551615, time: 0), (pn: 18446744073709551615, time: 0), (pn: 18446744073709551615, time: 0), (pn: 18446744073709551615, time: 0), (pn: 18446744073709551615, time: 0), (pn: 18446744073709551615, time: 0), (pn: 18446744073709551615, time: 0), (pn: 18446744073709551615, time: 0), (pn: 18446744073709551615, time: 0), (pn: 18446744073709551615, time: 0), (pn: 18446744073709551615, time: 0), (pn: 18446744073709551615, time: 0), (pn: 18446744073709551615, time: 0), (pn: 18446744073709551615, time: 0), (pn: 18446744073709551615, time: 0), (pn: 18446744073709551615, time: 0), (pn: 18446744073709551615, time: 0), (pn: 18446744073709551615, time: 0), (pn: 18446744073709551615, time: 0), (pn: 18446744073709551615, time: 0), (pn: 18446744073709551615, time: 0), (pn: 18446744073709551615, time: 0), (pn: 18446744073709551615, time: 0), (pn: 18446744073709551615, time: 0), (pn: 18446744073709551615, time: 0), (pn: 18446744073709551615, time: 0), (pn: 18446744073709551615, time: 0), (pn: 18446744073709551615, time: 0), (pn: 18446744073709551615, time: 0), (pn: 18446744073709551615, time: 0), (pn: 18446744073709551615, time: 0), (pn: 18446744073709551615, time: 0), (pn: 18446744073709551615, time: 0), (pn: 18446744073709551615, time: 0), (pn: 18446744073709551615, time: 0), (pn: 18446744073709551615, time: 0), (pn: 18446744073709551615, time: 0), (pn: 18446744073709551615, time: 0), (pn: 18446744073709551615, time: 0), (pn: 18446744073709551615, time: 0), (pn: 18446744073709551615, time: 0), (pn: 18446744073709551615, time: 0), (pn: 18446744073709551615, time: 0), (pn: 18446744073709551615, time: 0), (pn: 18446744073709551615, time: 0), (pn: 18446744073709551615, time: 0), (pn: 18446744073709551615, time: 0), (pn: 18446744073709551615, time: 0), (pn: 18446744073709551615, time: 0), (pn: 18446744073709551615, time: 0), (pn: 18446744073709551615, time: 0), (pn: 18446744073709551615, time: 0), (pn: 18446744073709551615, time: 0), (pn: 18446744073709551615, time: 0), (pn: 18446744073709551615, time: 0), (pn: 18446744073709551615, time: 0), (pn: 18446744073709551615, time: 0), (pn: 18446744073709551615, time: 0), (pn: 18446744073709551615, time: 0), (pn: 18446744073709551615, time: 0), (pn: 18446744073709551615, time: 0), (pn: 18446744073709551615, time: 0), (pn: 18446744073709551615, time: 0), (pn: 18446744073709551615, time: 0), (pn: 18446744073709551615, time: 0), (pn: 18446744073709551615, time: 0), (pn: 18446744073709551615, time: 0), (pn: 18446744073709551615, time: 0), (pn: 18446744073709551615, time: 0), (pn: 18446744073709551615, time: 0), (pn: 18446744073709551615, time: 0), (pn: 18446744073709551615, time: 0), (pn: 18446744073709551615, time: 0), (pn: 18446744073709551615, time: 0), (pn: 18446744073709551615, time: 0), (pn: 18446744073709551615, time: 0), (pn: 18446744073709551615, time: 0), (pn: 18446744073709551615, time: 0), (pn: 18446744073709551615, time: 0), (pn: 18446744073709551615, time: 0), (pn: 18446744073709551615, time: 0), (pn: 18446744073709551615, time: 0), (pn: 18446744073709551615, time: 0), (pn: 18446744073709551615, time: 0), (pn: 18446744073709551615, time: 0), (pn: 18446744073709551615, time: 0), (pn: 18446744073709551615, time: 0), (pn: 18446744073709551615, time: 0), (pn: 18446744073709551615, time: 0), (pn: 18446744073709551615, time: 0), (pn: 18446744073709551615, time: 0), (pn: 18446744073709551615, time: 0), (pn: 18446744073709551615, time: 0), (pn: 18446744073709551615, time: 0), (pn: 18446744073709551615, time: 0), (pn: 18446744073709551615, time: 0), (pn: 18446744073709551615, time: 0), (pn: 18446744073709551615, time: 0), (pn: 18446744073709551615, time: 0), (pn: 18446744073709551615, time: 0), (pn: 18446744073709551615, time: 0), (pn: 18446744073709551615, time: 0), (pn: 18446744073709551615, time: 0), (pn: 18446744073709551615, time: 0), (pn: 18446744073709551615, time: 0), (pn: 18446744073709551615, time: 0), (pn: 18446744073709551615, time: 0), (pn: 18446744073709551615, time: 0), (pn: 18446744073709551615, time: 0), (pn: 18446744073709551615, time: 0), (pn: 18446744073709551615, time: 0), (pn: 18446744073709551615, time: 0), (pn: 18446744073709551615, time: 0), (pn: 18446744073709551615, time: 0), (pn: 18446744073709551615, time: 0), (pn: 18446744073709551615, time: 0), (pn: 18446744073709551615, time: 0), (pn: 18446744073709551615, time: 0), (pn: 18446744073709551615, time: 0), (pn: 18446744073709551615, time: 0), (pn: 18446744073709551615, time: 0), (pn: 18446744073709551615, time: 0), (pn: 18446744073709551615, time: 0), (pn: 18446744073709551615, time: 0), (pn: 18446744073709551615, time: 0), (pn: 18446744073709551615, time: 0), (pn: 18446744073709551615, time: 0), (pn: 18446744073709551615, time: 0), (pn: 18446744073709551615, time: 0), (pn: 18446744073709551615, time: 0), (pn: 18446744073709551615, time: 0), (pn: 18446744073709551615, time: 0), (pn: 18446744073709551615, time: 0), (pn: 18446744073709551615, time: 0), (pn: 18446744073709551615, time: 0), (pn: 18446744073709551615, time: 0), (pn: 18446744073709551615, time: 0), (pn: 18446744073709551615, time: 0), (pn: 18446744073709551615, time: 0), (pn: 18446744073709551615, time: 0), (pn: 18446744073709551615, time: 0), (pn: 18446744073709551615, time: 0), (pn: 18446744073709551615, time: 0), (pn: 18446744073709551615, time: 0), (pn: 18446744073709551615, time: 0), (pn: 18446744073709551615, time: 0), (pn: 18446744073709551615, time: 0), (pn: 18446744073709551615, time: 0), (pn: 18446744073709551615, time: 0), (pn: 18446744073709551615, time: 0), (pn: 18446744073709551615, time: 0), (pn: 18446744073709551615, time: 0), (pn: 18446744073709551615, time: 0), (pn: 18446744073709551615, time: 0), (pn: 18446744073709551615, time: 0), (pn: 18446744073709551615, time: 0), (pn: 18446744073709551615, time: 0), (pn: 18446744073709551615, time: 0), (pn: 18446744073709551615, time: 0), (pn: 18446744073709551615, time: 0), (pn: 18446744073709551615, time: 0), (pn: 18446744073709551615, time: 0), (pn: 18446744073709551615, time: 0), (pn: 18446744073709551615, time: 0), (pn: 18446744073709551615, time: 0), (pn: 18446744073709551615, time: 0), (pn: 18446744073709551615, time: 0), (pn: 18446744073709551615, time: 0), (pn: 18446744073709551615, time: 0), (pn: 18446744073709551615, time: 0), (pn: 18446744073709551615, time: 0), (pn: 18446744073709551615, time: 0), (pn: 18446744073709551615, time: 0), (pn: 18446744073709551615, time: 0), (pn: 18446744073709551615, time: 0), (pn: 18446744073709551615, time: 0), (pn: 18446744073709551615, time: 0), (pn: 18446744073709551615, time: 0), (pn: 18446744073709551615, time: 0), (pn: 18446744073709551615, time: 0), (pn: 18446744073709551615, time: 0), (pn: 18446744073709551615, time: 0), (pn: 18446744073709551615, time: 0), (pn: 18446744073709551615, time: 0), (pn: 18446744073709551615, time: 0), (pn: 18446744073709551615, time: 0), (pn: 18446744073709551615, time: 0), (pn: 18446744073709551615, time: 0), (pn: 18446744073709551615, time: 0), (pn: 18446744073709551615, time: 0), (pn: 18446744073709551615, time: 0), (pn: 18446744073709551615, time: 0), (pn: 18446744073709551615, time: 0), (pn: 18446744073709551615, time: 0), (pn: 18446744073709551615, time: 0), (pn: 18446744073709551615, time: 0), (pn: 18446744073709551615, time: 0), (pn: 18446744073709551615, time: 0), (pn: 18446744073709551615, time: 0), (pn: 18446744073709551615, time: 0), (pn: 18446744073709551615, time: 0), (pn: 18446744073709551615, time: 0), (pn: 18446744073709551615, time: 0), (pn: 18446744073709551615, time: 0), (pn: 18446744073709551615, time: 0), (pn: 18446744073709551615, time: 0), (pn: 18446744073709551615, time: 0), (pn: 18446744073709551615, time: 0), (pn: 18446744073709551615, time: 0), (pn: 18446744073709551615, time: 0), (pn: 18446744073709551615, time: 0), (pn: 18446744073709551615, time: 0), (pn: 18446744073709551615, time: 0), (pn: 18446744073709551615, time: 0), (pn: 18446744073709551615, time: 0), (pn: 18446744073709551615, time: 0), (pn: 18446744073709551615, time: 0), (pn: 18446744073709551615, time: 0), (pn: 18446744073709551615, time: 0), (pn: 18446744073709551615, time: 0), (pn: 18446744073709551615, time: 0), (pn: 18446744073709551615, time: 0), (pn: 18446744073709551615, time: 0), (pn: 18446744073709551615, time: 0), (pn: 18446744073709551615, time: 0), (pn: 18446744073709551615, time: 0), (pn: 18446744073709551615, time: 0), (pn: 18446744073709551615, time: 0), (pn: 18446744073709551615, time: 0), (pn: 18446744073709551615, time: 0), (pn: 18446744073709551615, time: 0), (pn: 18446744073709551615, time: 0), (pn: 18446744073709551615, time: 0), (pn: 18446744073709551615, time: 0), (pn: 18446744073709551615, time: 0), (pn: 18446744073709551615, time: 0), (pn: 18446744073709551615, time: 0), (pn: 18446744073709551615, time: 0), (pn: 18446744073709551615, time: 0), (pn: 18446744073709551615, time: 0), (pn: 18446744073709551615, time: 0), (pn: 18446744073709551615, time: 0), (pn: 18446744073709551615, time: 0), (pn: 18446744073709551615, time: 0), (pn: 18446744073709551615, time: 0), (pn: 18446744073709551615, time: 0), (pn: 18446744073709551615, time: 0), (pn: 18446744073709551615, time: 0), (pn: 18446744073709551615, time: 0), (pn: 18446744073709551615, time: 0), (pn: 18446744073709551615, time: 0), (pn: 18446744073709551615, time: 0), (pn: 18446744073709551615, time: 0), (pn: 18446744073709551615, time: 0), (pn: 18446744073709551615, time: 0), (pn: 18446744073709551615, time: 0), (pn: 18446744073709551615, time: 0), (pn: 18446744073709551615, time: 0), (pn: 18446744073709551615, time: 0), (pn: 18446744073709551615, time: 0), (pn: 18446744073709551615, time: 0), (pn: 18446744073709551615, time: 0), (pn: 18446744073709551615, time: 0), (pn: 18446744073709551615, time: 0), (pn: 18446744073709551615, time: 0), (pn: 18446744073709551615, time: 0), (pn: 18446744073709551615, time: 0), (pn: 18446744073709551615, time: 0), (pn: 18446744073709551615, time: 0), (pn: 18446744073709551615, time: 0), (pn: 18446744073709551615, time: 0), (pn: 18446744073709551615, time: 0), (pn: 18446744073709551615, time: 0), (pn: 18446744073709551615, time: 0), (pn: 18446744073709551615, time: 0), (pn: 18446744073709551615, time: 0), (pn: 18446744073709551615, time: 0), (pn: 18446744073709551615, time: 0), (pn: 18446744073709551615, time: 0), (pn: 18446744073709551615, time: 0), (pn: 18446744073709551615, time: 0), (pn: 18446744073709551615, time: 0), (pn: 18446744073709551615, time: 0), (pn: 18446744073709551615, time: 0), (pn: 18446744073709551615, time: 0), (pn: 18446744073709551615, time: 0), (pn: 18446744073709551615, time: 0), (pn: 18446744073709551615, time: 0), (pn: 18446744073709551615, time: 0), (pn: 18446744073709551615, time: 0), (pn: 18446744073709551615, time: 0), (pn: 18446744073709551615, time: 0), (pn: 18446744073709551615, time: 0), (pn: 18446744073709551615, time: 0), (pn: 18446744073709551615, time: 0), (pn: 18446744073709551615, time: 0), (pn: 18446744073709551615, time: 0), (pn: 18446744073709551615, time: 0), (pn: 18446744073709551615, time: 0), (pn: 18446744073709551615, time: 0), (pn: 18446744073709551615, time: 0), (pn: 18446744073709551615, time: 0), (pn: 18446744073709551615, time: 0), (pn: 18446744073709551615, time: 0), (pn: 18446744073709551615, time: 0), (pn: 18446744073709551615, time: 0), (pn: 18446744073709551615, time: 0), (pn: 18446744073709551615, time: 0), (pn: 18446744073709551615, time: 0), (pn: 18446744073709551615, time: 0), (pn: 18446744073709551615, time: 0), (pn: 18446744073709551615, time: 0), (pn: 18446744073709551615, time: 0), (pn: 18446744073709551615, time: 0), (pn: 18446744073709551615, time: 0), (pn: 18446744073709551615, time: 0), (pn: 18446744073709551615, time: 0), (pn: 18446744073709551615, time: 0), (pn: 18446744073709551615, time: 0), (pn: 18446744073709551615, time: 0), (pn: 18446744073709551615, time: 0), (pn: 18446744073709551615, time: 0), (pn: 18446744073709551615, time: 0), (pn: 18446744073709551615, time: 0), (pn: 18446744073709551615, time: 0), (pn: 18446744073709551615, time: 0), (pn: 18446744073709551615, time: 0), (pn: 18446744073709551615, time: 0), (pn: 18446744073709551615, time: 0), (pn: 18446744073709551615, time: 0), (pn: 18446744073709551615, time: 0), (pn: 18446744073709551615, time: 0), (pn: 18446744073709551615, time: 0), (pn: 18446744073709551615, time: 0), (pn: 18446744073709551615, time: 0), (pn: 18446744073709551615, time: 0), (pn: 18446744073709551615, time: 0), (pn: 18446744073709551615, time: 0), (pn: 18446744073709551615, time: 0), (pn: 18446744073709551615, time: 0), (pn: 18446744073709551615, time: 0), (pn: 18446744073709551615, time: 0), (pn: 18446744073709551615, time: 0), (pn: 18446744073709551615, time: 0), (pn: 18446744073709551615, time: 0), (pn: 18446744073709551615, time: 0), (pn: 18446744073709551615, time: 0), (pn: 18446744073709551615, time: 0), (pn: 18446744073709551615, time: 0), (pn: 18446744073709551615, time: 0), (pn: 18446744073709551615, time: 0), (pn: 18446744073709551615, time: 0), (pn: 18446744073709551615, time: 0), (pn: 18446744073709551615, time: 0), (pn: 18446744073709551615, time: 0), (pn: 18446744073709551615, time: 0), (pn: 18446744073709551615, time: 0), (pn: 18446744073709551615, time: 0), (pn: 18446744073709551615, time: 0), (pn: 18446744073709551615, time: 0), (pn: 18446744073709551615, time: 0), (pn: 18446744073709551615, time: 0), (pn: 18446744073709551615, time: 0), (pn: 18446744073709551615, time: 0), (pn: 18446744073709551615, time: 0), (pn: 18446744073709551615, time: 0), (pn: 18446744073709551615, time: 0), (pn: 18446744073709551615, time: 0), (pn: 18446744073709551615, time: 0), (pn: 18446744073709551615, time: 0), (pn: 18446744073709551615, time: 0), (pn: 18446744073709551615, time: 0), (pn: 18446744073709551615, time: 0), (pn: 18446744073709551615, time: 0), (pn: 18446744073709551615, time: 0), (pn: 18446744073709551615, time: 0), (pn: 18446744073709551615, time: 0), (pn: 18446744073709551615, time: 0), (pn: 18446744073709551615, time: 0), (pn: 18446744073709551615, time: 0), (pn: 18446744073709551615, time: 0), (pn: 18446744073709551615, time: 0), (pn: 18446744073709551615, time: 0), (pn: 18446744073709551615, time: 0), (pn: 18446744073709551615, time: 0), (pn: 18446744073709551615, time: 0), (pn: 18446744073709551615, time: 0), (pn: 18446744073709551615, time: 0), (pn: 18446744073709551615, time: 0), (pn: 18446744073709551615, time: 0), (pn: 18446744073709551615, time: 0), (pn: 18446744073709551615, time: 0), (pn: 18446744073709551615, time: 0), (pn: 18446744073709551615, time: 0), (pn: 18446744073709551615, time: 0), (pn: 18446744073709551615, time: 0), (pn: 18446744073709551615, time: 0), (pn: 18446744073709551615, time: 0), (pn: 18446744073709551615, time: 0), (pn: 18446744073709551615, time: 0), (pn: 18446744073709551615, time: 0), (pn: 18446744073709551615, time: 0), (pn: 18446744073709551615, time: 0), (pn: 18446744073709551615, time: 0), (pn: 18446744073709551615, time: 0), (pn: 18446744073709551615, time: 0), (pn: 18446744073709551615, time: 0), (pn: 18446744073709551615, time: 0), (pn: 18446744073709551615, time: 0), (pn: 18446744073709551615, time: 0), (pn: 18446744073709551615, time: 0), (pn: 18446744073709551615, time: 0), (pn: 18446744073709551615, time: 0), (pn: 18446744073709551615, time: 0), (pn: 18446744073709551615, time: 0), (pn: 18446744073709551615, time: 0), (pn: 18446744073709551615, time: 0), (pn: 18446744073709551615, time: 0), (pn: 18446744073709551615, time: 0), (pn: 18446744073709551615, time: 0), (pn: 18446744073709551615, time: 0), (pn: 18446744073709551615, time: 0), (pn: 18446744073709551615, time: 0), (pn: 18446744073709551615, time: 0), (pn: 18446744073709551615, time: 0), (pn: 18446744073709551615, time: 0), (pn: 18446744073709551615, time: 0), (pn: 18446744073709551615, time: 0), (pn: 18446744073709551615, time: 0), (pn: 18446744073709551615, time: 0), (pn: 18446744073709551615, time: 0), (pn: 18446744073709551615, time: 0), (pn: 18446744073709551615, time: 0), (pn: 18446744073709551615, time: 0), (pn: 18446744073709551615, time: 0), (pn: 18446744073709551615, time: 0), (pn: 18446744073709551615, time: 0), (pn: 18446744073709551615, time: 0), (pn: 18446744073709551615, time: 0), (pn: 18446744073709551615, time: 0), (pn: 18446744073709551615, time: 0), (pn: 18446744073709551615, time: 0), (pn: 18446744073709551615, time: 0), (pn: 18446744073709551615, time: 0), (pn: 18446744073709551615, time: 0), (pn: 18446744073709551615, time: 0), (pn: 18446744073709551615, time: 0), (pn: 18446744073709551615, time: 0), (pn: 18446744073709551615, time: 0), (pn: 18446744073709551615, time: 0), (pn: 18446744073709551615, time: 0), (pn: 18446744073709551615, time: 0), (pn: 18446744073709551615, time: 0), (pn: 18446744073709551615, time: 0), (pn: 18446744073709551615, time: 0), (pn: 18446744073709551615, time: 0), (pn: 18446744073709551615, time: 0), (pn: 18446744073709551615, time: 0), (pn: 18446744073709551615, time: 0), (pn: 18446744073709551615, time: 0), (pn: 18446744073709551615, time: 0), (pn: 18446744073709551615, time: 0), (pn: 18446744073709551615, time: 0), (pn: 18446744073709551615, time: 0), (pn: 18446744073709551615, time: 0), (pn: 18446744073709551615, time: 0), (pn: 18446744073709551615, time: 0), (pn: 18446744073709551615, time: 0), (pn: 18446744073709551615, time: 0), (pn: 18446744073709551615, time: 0), (pn: 18446744073709551615, time: 0), (pn: 18446744073709551615, time: 0), (pn: 18446744073709551615, time: 0), (pn: 18446744073709551615, time: 0), (pn: 18446744073709551615, time: 0), (pn: 18446744073709551615, time: 0), (pn: 18446744073709551615, time: 0), (pn: 18446744073709551615, time: 0), (pn: 18446744073709551615, time: 0), (pn: 18446744073709551615, time: 0), (pn: 18446744073709551615, time: 0), (pn: 18446744073709551615, time: 0), (pn: 18446744073709551615, time: 0), (pn: 18446744073709551615, time: 0), (pn: 18446744073709551615, time: 0), (pn: 18446744073709551615, time: 0), (pn: 18446744073709551615, time: 0), (pn: 18446744073709551615, time: 0), (pn: 18446744073709551615, time: 0), (pn: 18446744073709551615, time: 0), (pn: 18446744073709551615, time: 0), (pn: 18446744073709551615, time: 0), (pn: 18446744073709551615, time: 0), (pn: 18446744073709551615, time: 0), (pn: 18446744073709551615, time: 0), (pn: 18446744073709551615, time: 0), (pn: 18446744073709551615, time: 0), (pn: 18446744073709551615, time: 0), (pn: 18446744073709551615, time: 0), (pn: 18446744073709551615, time: 0), (pn: 18446744073709551615, time: 0), (pn: 18446744073709551615, time: 0), (pn: 18446744073709551615, time: 0), (pn: 18446744073709551615, time: 0), (pn: 18446744073709551615, time: 0), (pn: 18446744073709551615, time: 0), (pn: 18446744073709551615, time: 0), (pn: 18446744073709551615, time: 0), (pn: 18446744073709551615, time: 0), (pn: 18446744073709551615, time: 0), (pn: 18446744073709551615, time: 0), (pn: 18446744073709551615, time: 0), (pn: 18446744073709551615, time: 0), (pn: 18446744073709551615, time: 0), (pn: 18446744073709551615, time: 0), (pn: 18446744073709551615, time: 0), (pn: 18446744073709551615, time: 0), (pn: 18446744073709551615, time: 0), (pn: 18446744073709551615, time: 0), (pn: 18446744073709551615, time: 0), (pn: 18446744073709551615, time: 0), (pn: 18446744073709551615, time: 0), (pn: 18446744073709551615, time: 0), (pn: 18446744073709551615, time: 0), (pn: 18446744073709551615, time: 0), (pn: 18446744073709551615, time: 0), (pn: 18446744073709551615, time: 0), (pn: 18446744073709551615, time: 0), (pn: 18446744073709551615, time: 0), (pn: 18446744073709551615, time: 0), (pn: 18446744073709551615, time: 0), (pn: 18446744073709551615, time: 0), (pn: 18446744073709551615, time: 0), (pn: 18446744073709551615, time: 0), (pn: 18446744073709551615, time: 0), (pn: 18446744073709551615, time: 0), (pn: 18446744073709551615, time: 0), (pn: 18446744073709551615, time: 0), (pn: 18446744073709551615, time: 0), (pn: 18446744073709551615, time: 0), (pn: 18446744073709551615, time: 0), (pn: 18446744073709551615, time: 0), (pn: 18446744073709551615, time: 0), (pn: 18446744073709551615, time: 0), (pn: 18446744073709551615, time: 0), (pn: 18446744073709551615, time: 0), (pn: 18446744073709551615, time: 0), (pn: 18446744073709551615, time: 0), (pn: 18446744073709551615, time: 0), (pn: 18446744073709551615, time: 0), (pn: 18446744073709551615, time: 0), (pn: 18446744073709551615, time: 0), (pn: 18446744073709551615, time: 0), (pn: 18446744073709551615, time: 0), (pn: 18446744073709551615, time: 0), (pn: 18446744073709551615, time: 0), (pn: 18446744073709551615, time: 0), (pn: 18446744073709551615, time: 0), (pn: 18446744073709551615, time: 0), (pn: 18446744073709551615, time: 0), (pn: 18446744073709551615, time: 0), (pn: 18446744073709551615, time: 0), (pn: 18446744073709551615, time: 0), (pn: 18446744073709551615, time: 0), (pn: 18446744073709551615, time: 0), (pn: 18446744073709551615, time: 0), (pn: 18446744073709551615, time: 0), (pn: 18446744073709551615, time: 0), (pn: 18446744073709551615, time: 0), (pn: 18446744073709551615, time: 0), (pn: 18446744073709551615, time: 0), (pn: 18446744073709551615, time: 0), (pn: 18446744073709551615, time: 0), (pn: 18446744073709551615, time: 0), (pn: 18446744073709551615, time: 0), (pn: 18446744073709551615, time: 0), (pn: 18446744073709551615, time: 0), (pn: 18446744073709551615, time: 0), (pn: 18446744073709551615, time: 0), (pn: 18446744073709551615, time: 0), (pn: 18446744073709551615, time: 0), (pn: 18446744073709551615, time: 0), (pn: 18446744073709551615, time: 0), (pn: 18446744073709551615, time: 0), (pn: 18446744073709551615, time: 0), (pn: 18446744073709551615, time: 0), (pn: 18446744073709551615, time: 0), (pn: 18446744073709551615, time: 0), (pn: 18446744073709551615, time: 0), (pn: 18446744073709551615, time: 0), (pn: 18446744073709551615, time: 0), (pn: 18446744073709551615, time: 0), (pn: 18446744073709551615, time: 0), (pn: 18446744073709551615, time: 0), (pn: 18446744073709551615, time: 0), (pn: 18446744073709551615, time: 0), (pn: 18446744073709551615, time: 0), (pn: 18446744073709551615, time: 0), (pn: 18446744073709551615, time: 0), (pn: 18446744073709551615, time: 0), (pn: 18446744073709551615, time: 0), (pn: 18446744073709551615, time: 0), (pn: 18446744073709551615, time: 0), (pn: 18446744073709551615, time: 0), (pn: 18446744073709551615, time: 0), (pn: 18446744073709551615, time: 0), (pn: 18446744073709551615, time: 0), (pn: 18446744073709551615, time: 0), (pn: 18446744073709551615, time: 0), (pn: 18446744073709551615, time: 0), (pn: 18446744073709551615, time: 0), (pn: 18446744073709551615, time: 0), (pn: 18446744073709551615, time: 0), (pn: 18446744073709551615, time: 0), (pn: 18446744073709551615, time: 0), (pn: 18446744073709551615, time: 0), (pn: 18446744073709551615, time: 0), (pn: 18446744073709551615, time: 0), (pn: 18446744073709551615, time: 0), (pn: 18446744073709551615, time: 0), (pn: 18446744073709551615, time: 0), (pn: 18446744073709551615, time: 0), (pn: 18446744073709551615, time: 0), (pn: 18446744073709551615, time: 0), (pn: 18446744073709551615, time: 0), (pn: 18446744073709551615, time: 0), (pn: 18446744073709551615, time: 0), (pn: 18446744073709551615, time: 0), (pn: 18446744073709551615, time: 0), (pn: 18446744073709551615, time: 0), (pn: 18446744073709551615, time: 0), (pn: 18446744073709551615, time: 0), (pn: 18446744073709551615, time: 0), (pn: 18446744073709551615, time: 0), (pn: 18446744073709551615, time: 0), (pn: 18446744073709551615, time: 0), (pn: 18446744073709551615, time: 0), (pn: 18446744073709551615, time: 0), (pn: 18446744073709551615, time: 0), (pn: 18446744073709551615, time: 0), (pn: 18446744073709551615, time: 0), (pn: 18446744073709551615, time: 0), (pn: 18446744073709551615, time: 0), (pn: 18446744073709551615, time: 0), (pn: 18446744073709551615, time: 0), (pn: 18446744073709551615, time: 0), (pn: 18446744073709551615, time: 0), (pn: 18446744073709551615, time: 0), (pn: 18446744073709551615, time: 0), (pn: 18446744073709551615, time: 0), (pn: 18446744073709551615, time: 0), (pn: 18446744073709551615, time: 0), (pn: 18446744073709551615, time: 0), (pn: 18446744073709551615, time: 0), (pn: 18446744073709551615, time: 0), (pn: 18446744073709551615, time: 0), (pn: 18446744073709551615, time: 0), (pn: 18446744073709551615, time: 0), (pn: 18446744073709551615, time: 0), (pn: 18446744073709551615, time: 0), (pn: 18446744073709551615, time: 0), (pn: 18446744073709551615, time: 0), (pn: 18446744073709551615, time: 0), (pn: 18446744073709551615, time: 0), (pn: 18446744073709551615, time: 0), (pn: 18446744073709551615, time: 0), (pn: 18446744073709551615, time: 0), (pn: 18446744073709551615, time: 0), (pn: 18446744073709551615, time: 0), (pn: 18446744073709551615, time: 0), (pn: 18446744073709551615, time: 0), (pn: 18446744073709551615, time: 0), (pn: 18446744073709551615, time: 0), (pn: 18446744073709551615, time: 0), (pn: 18446744073709551615, time: 0), (pn: 18446744073709551615, time: 0), (pn: 18446744073709551615, time: 0), (pn: 18446744073709551615, time: 0), (pn: 18446744073709551615, time: 0), (pn: 18446744073709551615, time: 0), (pn: 18446744073709551615, time: 0), (pn: 18446744073709551615, time: 0), (pn: 18446744073709551615, time: 0), (pn: 18446744073709551615, time: 0), (pn: 18446744073709551615, time: 0), (pn: 18446744073709551615, time: 0), (pn: 18446744073709551615, time: 0), (pn: 18446744073709551615, time: 0), (pn: 18446744073709551615, time: 0), (pn: 18446744073709551615, time: 0), (pn: 18446744073709551615, time: 0), (pn: 18446744073709551615, time: 0), (pn: 18446744073709551615, time: 0), (pn: 18446744073709551615, time: 0), (pn: 18446744073709551615, time: 0), (pn: 18446744073709551615, time: 0), (pn: 18446744073709551615, time: 0), (pn: 18446744073709551615, time: 0), (pn: 18446744073709551615, time: 0), (pn: 18446744073709551615, time: 0), (pn: 18446744073709551615, time: 0), (pn: 18446744073709551615, time: 0), (pn: 18446744073709551615, time: 0), (pn: 18446744073709551615, time: 0), (pn: 18446744073709551615, time: 0), (pn: 18446744073709551615, time: 0), (pn: 18446744073709551615, time: 0), (pn: 18446744073709551615, time: 0), (pn: 18446744073709551615, time: 0), (pn: 18446744073709551615, time: 0), (pn: 18446744073709551615, time: 0), (pn: 18446744073709551615, time: 0), (pn: 18446744073709551615, time: 0), (pn: 18446744073709551615, time: 0), (pn: 18446744073709551615, time: 0), (pn: 18446744073709551615, time: 0), (pn: 18446744073709551615, time: 0), (pn: 18446744073709551615, time: 0), (pn: 18446744073709551615, time: 0), (pn: 18446744073709551615, time: 0), (pn: 18446744073709551615, time: 0), (pn: 18446744073709551615, time: 0), (pn: 18446744073709551615, time: 0), (pn: 18446744073709551615, time: 0), (pn: 18446744073709551615, time: 0), (pn: 18446744073709551615, time: 0), (pn: 18446744073709551615, time: 0), (pn: 18446744073709551615, time: 0), (pn: 18446744073709551615, time: 0), (pn: 18446744073709551615, time: 0), (pn: 18446744073709551615, time: 0), (pn: 18446744073709551615, time: 0), (pn: 18446744073709551615, time: 0), (pn: 18446744073709551615, time: 0), (pn: 18446744073709551615, time: 0), (pn: 18446744073709551615, time: 0), (pn: 18446744073709551615, time: 0), (pn: 18446744073709551615, time: 0), (pn: 18446744073709551615, time: 0), (pn: 18446744073709551615, time: 0), (pn: 18446744073709551615, time: 0), (pn: 18446744073709551615, time: 0), (pn: 18446744073709551615, time: 0), (pn: 18446744073709551615, time: 0), (pn: 18446744073709551615, time: 0), (pn: 18446744073709551615, time: 0), (pn: 18446744073709551615, time: 0), (pn: 18446744073709551615, time: 0), (pn: 18446744073709551615, time: 0), (pn: 18446744073709551615, time: 0), (pn: 18446744073709551615, time: 0), (pn: 18446744073709551615, time: 0), (pn: 18446744073709551615, time: 0), (pn: 18446744073709551615, time: 0), (pn: 18446744073709551615, time: 0), (pn: 18446744073709551615, time: 0), (pn: 18446744073709551615, time: 0), (pn: 18446744073709551615, time: 0), (pn: 18446744073709551615, time: 0), (pn: 18446744073709551615, time: 0), (pn: 18446744073709551615, time: 0), (pn: 18446744073709551615, time: 0), (pn: 18446744073709551615, time: 0), (pn: 18446744073709551615, time: 0), (pn: 18446744073709551615, time: 0), (pn: 18446744073709551615, time: 0), (pn: 18446744073709551615, time: 0), (pn: 18446744073709551615, time: 0), (pn: 18446744073709551615, time: 0), (pn: 18446744073709551615, time: 0), (pn: 18446744073709551615, time: 0), (pn: 18446744073709551615, time: 0), (pn: 18446744073709551615, time: 0), (pn: 18446744073709551615, time: 0), (pn: 18446744073709551615, time: 0), (pn: 18446744073709551615, time: 0), (pn: 18446744073709551615, time: 0), (pn: 18446744073709551615, time: 0), (pn: 18446744073709551615, time: 0), (pn: 18446744073709551615, time: 0), (pn: 18446744073709551615, time: 0), (pn: 18446744073709551615, time: 0), (pn: 18446744073709551615, time: 0), (pn: 18446744073709551615, time: 0), (pn: 18446744073709551615, time: 0), (pn: 18446744073709551615, time: 0), (pn: 18446744073709551615, time: 0), (pn: 18446744073709551615, time: 0), (pn: 18446744073709551615, time: 0), (pn: 18446744073709551615, time: 0), (pn: 18446744073709551615, time: 0), (pn: 18446744073709551615, time: 0), (pn: 18446744073709551615, time: 0), (pn: 18446744073709551615, time: 0), (pn: 18446744073709551615, time: 0), (pn: 18446744073709551615, time: 0), (pn: 18446744073709551615, time: 0), (pn: 18446744073709551615, time: 0), (pn: 18446744073709551615, time: 0), (pn: 18446744073709551615, time: 0), (pn: 18446744073709551615, time: 0), (pn: 18446744073709551615, time: 0), (pn: 18446744073709551615, time: 0), (pn: 18446744073709551615, time: 0), (pn: 18446744073709551615, time: 0), (pn: 18446744073709551615, time: 0), (pn: 18446744073709551615, time: 0), (pn: 18446744073709551615, time: 0), (pn: 18446744073709551615, time: 0), (pn: 18446744073709551615, time: 0), (pn: 18446744073709551615, time: 0), (pn: 18446744073709551615, time: 0), (pn: 18446744073709551615, time: 0), (pn: 18446744073709551615, time: 0), (pn: 18446744073709551615, time: 0), (pn: 18446744073709551615, time: 0), (pn: 18446744073709551615, time: 0), (pn: 18446744073709551615, time: 0), (pn: 18446744073709551615, time: 0), (pn: 18446744073709551615, time: 0), (pn: 18446744073709551615, time: 0), (pn: 18446744073709551615, time: 0), (pn: 18446744073709551615, time: 0), (pn: 18446744073709551615, time: 0), (pn: 18446744073709551615, time: 0), (pn: 18446744073709551615, time: 0), (pn: 18446744073709551615, time: 0), (pn: 18446744073709551615, time: 0), (pn: 18446744073709551615, time: 0), (pn: 18446744073709551615, time: 0), (pn: 18446744073709551615, time: 0), (pn: 18446744073709551615, time: 0), (pn: 18446744073709551615, time: 0), (pn: 18446744073709551615, time: 0), (pn: 18446744073709551615, time: 0), (pn: 18446744073709551615, time: 0), (pn: 18446744073709551615, time: 0), (pn: 18446744073709551615, time: 0), (pn: 18446744073709551615, time: 0), (pn: 18446744073709551615, time: 0), (pn: 18446744073709551615, time: 0), (pn: 18446744073709551615, time: 0), (pn: 18446744073709551615, time: 0), (pn: 18446744073709551615, time: 0), (pn: 18446744073709551615, time: 0), (pn: 18446744073709551615, time: 0), (pn: 18446744073709551615, time: 0), (pn: 18446744073709551615, time: 0), (pn: 18446744073709551615, time: 0), (pn: 18446744073709551615, time: 0), (pn: 18446744073709551615, time: 0), (pn: 18446744073709551615, time: 0), (pn: 18446744073709551615, time: 0), (pn: 18446744073709551615, time: 0), (pn: 18446744073709551615, time: 0), (pn: 18446744073709551615, time: 0), (pn: 18446744073709551615, time: 0), (pn: 18446744073709551615, time: 0), (pn: 18446744073709551615, time: 0), (pn: 18446744073709551615, time: 0), (pn: 18446744073709551615, time: 0), (pn: 18446744073709551615, time: 0), (pn: 18446744073709551615, time: 0), (pn: 18446744073709551615, time: 0), (pn: 18446744073709551615, time: 0), (pn: 18446744073709551615, time: 0), (pn: 18446744073709551615, time: 0), (pn: 18446744073709551615, time: 0), (pn: 18446744073709551615, time: 0), (pn: 18446744073709551615, time: 0), (pn: 18446744073709551615, time: 0), (pn: 18446744073709551615, time: 0), (pn: 18446744073709551615, time: 0), (pn: 18446744073709551615, time: 0), (pn: 18446744073709551615, time: 0), (pn: 18446744073709551615, time: 0), (pn: 18446744073709551615, time: 0), (pn: 18446744073709551615, time: 0), (pn: 18446744073709551615, time: 0), (pn: 18446744073709551615, time: 0), (pn: 18446744073709551615, time: 0), (pn: 18446744073709551615, time: 0), (pn: 18446744073709551615, time: 0), (pn: 18446744073709551615, time: 0), (pn: 18446744073709551615, time: 0), (pn: 18446744073709551615, time: 0), (pn: 18446744073709551615, time: 0), (pn: 18446744073709551615, time: 0), (pn: 18446744073709551615, time: 0), (pn: 18446744073709551615, time: 0), (pn: 18446744073709551615, time: 0), (pn: 18446744073709551615, time: 0), (pn: 18446744073709551615, time: 0), (pn: 18446744073709551615, time: 0), (pn: 18446744073709551615, time: 0), (pn: 18446744073709551615, time: 0), (pn: 18446744073709551615, time: 0), (pn: 18446744073709551615, time: 0), (pn: 18446744073709551615, time: 0), (pn: 18446744073709551615, time: 0), (pn: 18446744073709551615, time: 0), (pn: 18446744073709551615, time: 0), (pn: 18446744073709551615, time: 0), (pn: 18446744073709551615, time: 0), (pn: 18446744073709551615, time: 0), (pn: 18446744073709551615, time: 0), (pn: 18446744073709551615, time: 0), (pn: 18446744073709551615, time: 0), (pn: 18446744073709551615, time: 0), (pn: 18446744073709551615, time: 0), (pn: 18446744073709551615, time: 0), (pn: 18446744073709551615, time: 0), (pn: 18446744073709551615, time: 0), (pn: 18446744073709551615, time: 0), (pn: 18446744073709551615, time: 0), (pn: 18446744073709551615, time: 0), (pn: 18446744073709551615, time: 0), (pn: 18446744073709551615, time: 0), (pn: 18446744073709551615, time: 0), (pn: 18446744073709551615, time: 0), (pn: 18446744073709551615, time: 0), (pn: 18446744073709551615, time: 0), (pn: 18446744073709551615, time: 0), (pn: 18446744073709551615, time: 0), (pn: 18446744073709551615, time: 0), (pn: 18446744073709551615, time: 0), (pn: 18446744073709551615, time: 0), (pn: 18446744073709551615, time: 0), (pn: 18446744073709551615, time: 0), (pn: 18446744073709551615, time: 0), (pn: 18446744073709551615, time: 0), (pn: 18446744073709551615, time: 0), (pn: 18446744073709551615, time: 0), (pn: 18446744073709551615, time: 0), (pn: 18446744073709551615, time: 0), (pn: 18446744073709551615, time: 0), (pn: 18446744073709551615, time: 0), (pn: 18446744073709551615, time: 0), (pn: 18446744073709551615, time: 0), (pn: 18446744073709551615, time: 0), (pn: 18446744073709551615, time: 0), (pn: 18446744073709551615, time: 0), (pn: 18446744073709551615, time: 0), (pn: 18446744073709551615, time: 0), (pn: 18446744073709551615, time: 0), (pn: 18446744073709551615, time: 0), (pn: 18446744073709551615, time: 0), (pn: 18446744073709551615, time: 0), (pn: 18446744073709551615, time: 0), (pn: 18446744073709551615, time: 0), (pn: 18446744073709551615, time: 0), (pn: 18446744073709551615, time: 0), (pn: 18446744073709551615, time: 0), (pn: 18446744073709551615, time: 0), (pn: 18446744073709551615, time: 0), (pn: 18446744073709551615, time: 0), (pn: 18446744073709551615, time: 0), (pn: 18446744073709551615, time: 0), (pn: 18446744073709551615, time: 0), (pn: 18446744073709551615, time: 0), (pn: 18446744073709551615, time: 0), (pn: 18446744073709551615, time: 0), (pn: 18446744073709551615, time: 0), (pn: 18446744073709551615, time: 0), (pn: 18446744073709551615, time: 0), (pn: 18446744073709551615, time: 0), (pn: 18446744073709551615, time: 0), (pn: 18446744073709551615, time: 0), (pn: 18446744073709551615, time: 0), (pn: 18446744073709551615, time: 0), (pn: 18446744073709551615, time: 0), (pn: 18446744073709551615, time: 0), (pn: 18446744073709551615, time: 0), (pn: 18446744073709551615, time: 0), (pn: 18446744073709551615, time: 0), (pn: 18446744073709551615, time: 0), (pn: 18446744073709551615, time: 0), (pn: 18446744073709551615, time: 0), (pn: 18446744073709551615, time: 0), (pn: 18446744073709551615, time: 0), (pn: 18446744073709551615, time: 0), (pn: 18446744073709551615, time: 0), (pn: 18446744073709551615, time: 0), (pn: 18446744073709551615, time: 0), (pn: 18446744073709551615, time: 0), (pn: 18446744073709551615, time: 0), (pn: 18446744073709551615, time: 0), (pn: 18446744073709551615, time: 0), (pn: 18446744073709551615, time: 0), (pn: 18446744073709551615, time: 0), (pn: 18446744073709551615, time: 0), (pn: 18446744073709551615, time: 0), (pn: 18446744073709551615, time: 0), (pn: 18446744073709551615, time: 0), (pn: 18446744073709551615, time: 0), (pn: 18446744073709551615, time: 0), (pn: 18446744073709551615, time: 0), (pn: 18446744073709551615, time: 0), (pn: 18446744073709551615, time: 0), (pn: 18446744073709551615, time: 0), (pn: 18446744073709551615, time: 0), (pn: 18446744073709551615, time: 0), (pn: 18446744073709551615, time: 0), (pn: 18446744073709551615, time: 0), (pn: 18446744073709551615, time: 0), (pn: 18446744073709551615, time: 0), (pn: 18446744073709551615, time: 0), (pn: 18446744073709551615, time: 0), (pn: 18446744073709551615, time: 0), (pn: 18446744073709551615, time: 0), (pn: 18446744073709551615, time: 0), (pn: 18446744073709551615, time: 0), (pn: 18446744073709551615, time: 0), (pn: 18446744073709551615, time: 0), (pn: 18446744073709551615, time: 0), (pn: 18446744073709551615, time: 0), (pn: 18446744073709551615, time: 0), (pn: 18446744073709551615, time: 0), (pn: 18446744073709551615, time: 0), (pn: 18446744073709551615, time: 0), (pn: 18446744073709551615, time: 0), (pn: 18446744073709551615, time: 0), (pn: 18446744073709551615, time: 0), (pn: 18446744073709551615, time: 0), (pn: 18446744073709551615, time: 0), (pn: 18446744073709551615, time: 0), (pn: 18446744073709551615, time: 0), (pn: 18446744073709551615, time: 0), (pn: 18446744073709551615, time: 0), (pn: 18446744073709551615, time: 0), (pn: 18446744073709551615, time: 0), (pn: 18446744073709551615, time: 0), (pn: 18446744073709551615, time: 0), (pn: 18446744073709551615, time: 0), (pn: 18446744073709551615, time: 0), (pn: 18446744073709551615, time: 0), (pn: 18446744073709551615, time: 0), (pn: 18446744073709551615, time: 0), (pn: 18446744073709551615, time: 0), (pn: 18446744073709551615, time: 0), (pn: 18446744073709551615, time: 0), (pn: 18446744073709551615, time: 0), (pn: 18446744073709551615, time: 0), (pn: 18446744073709551615, time: 0), (pn: 18446744073709551615, time: 0), (pn: 18446744073709551615, time: 0), (pn: 18446744073709551615, time: 0), (pn: 18446744073709551615, time: 0), (pn: 18446744073709551615, time: 0), (pn: 18446744073709551615, time: 0), (pn: 18446744073709551615, time: 0), (pn: 18446744073709551615, time: 0), (pn: 18446744073709551615, time: 0), (pn: 18446744073709551615, time: 0), (pn: 18446744073709551615, time: 0), (pn: 18446744073709551615, time: 0), (pn: 18446744073709551615, time: 0), (pn: 18446744073709551615, time: 0), (pn: 18446744073709551615, time: 0), (pn: 18446744073709551615, time: 0), (pn: 18446744073709551615, time: 0), (pn: 18446744073709551615, time: 0), (pn: 18446744073709551615, time: 0), (pn: 18446744073709551615, time: 0), (pn: 18446744073709551615, time: 0), (pn: 18446744073709551615, time: 0), (pn: 18446744073709551615, time: 0), (pn: 18446744073709551615, time: 0), (pn: 18446744073709551615, time: 0), (pn: 18446744073709551615, time: 0), (pn: 18446744073709551615, time: 0), (pn: 18446744073709551615, time: 0), (pn: 18446744073709551615, time: 0), (pn: 18446744073709551615, time: 0), (pn: 18446744073709551615, time: 0), (pn: 18446744073709551615, time: 0), (pn: 18446744073709551615, time: 0), (pn: 18446744073709551615, time: 0), (pn: 18446744073709551615, time: 0), (pn: 18446744073709551615, time: 0), (pn: 18446744073709551615, time: 0), (pn: 18446744073709551615, time: 0), (pn: 18446744073709551615, time: 0), (pn: 18446744073709551615, time: 0), (pn: 18446744073709551615, time: 0), (pn: 18446744073709551615, time: 0), (pn: 18446744073709551615, time: 0), (pn: 18446744073709551615, time: 0), (pn: 18446744073709551615, time: 0), (pn: 18446744073709551615, time: 0), (pn: 18446744073709551615, time: 0), (pn: 18446744073709551615, time: 0), (pn: 18446744073709551615, time: 0), (pn: 18446744073709551615, time: 0), (pn: 18446744073709551615, time: 0), (pn: 18446744073709551615, time: 0), (pn: 18446744073709551615, time: 0), (pn: 18446744073709551615, time: 0), (pn: 18446744073709551615, time: 0), (pn: 18446744073709551615, time: 0), (pn: 18446744073709551615, time: 0), (pn: 18446744073709551615, time: 0), (pn: 18446744073709551615, time: 0), (pn: 18446744073709551615, time: 0), (pn: 18446744073709551615, time: 0), (pn: 18446744073709551615, time: 0), (pn: 18446744073709551615, time: 0), (pn: 18446744073709551615, time: 0), (pn: 18446744073709551615, time: 0), (pn: 18446744073709551615, time: 0), (pn: 18446744073709551615, time: 0), (pn: 18446744073709551615, time: 0), (pn: 18446744073709551615, time: 0), (pn: 18446744073709551615, time: 0), (pn: 18446744073709551615, time: 0), (pn: 18446744073709551615, time: 0), (pn: 18446744073709551615, time: 0), (pn: 18446744073709551615, time: 0), (pn: 18446744073709551615, time: 0), (pn: 18446744073709551615, time: 0), (pn: 18446744073709551615, time: 0), (pn: 18446744073709551615, time: 0), (pn: 18446744073709551615, time: 0), (pn: 18446744073709551615, time: 0), (pn: 18446744073709551615, time: 0), (pn: 18446744073709551615, time: 0), (pn: 18446744073709551615, time: 0), (pn: 18446744073709551615, time: 0), (pn: 18446744073709551615, time: 0), (pn: 18446744073709551615, time: 0), (pn: 18446744073709551615, time: 0), (pn: 18446744073709551615, time: 0), (pn: 18446744073709551615, time: 0), (pn: 18446744073709551615, time: 0), (pn: 18446744073709551615, time: 0), (pn: 18446744073709551615, time: 0), (pn: 18446744073709551615, time: 0), (pn: 18446744073709551615, time: 0), (pn: 18446744073709551615, time: 0), (pn: 18446744073709551615, time: 0), (pn: 18446744073709551615, time: 0), (pn: 18446744073709551615, time: 0), (pn: 18446744073709551615, time: 0), (pn: 18446744073709551615, time: 0), (pn: 18446744073709551615, time: 0), (pn: 18446744073709551615, time: 0), (pn: 18446744073709551615, time: 0), (pn: 18446744073709551615, time: 0), (pn: 18446744073709551615, time: 0), (pn: 18446744073709551615, time: 0), (pn: 18446744073709551615, time: 0), (pn: 18446744073709551615, time: 0), (pn: 18446744073709551615, time: 0), (pn: 18446744073709551615, time: 0), (pn: 18446744073709551615, time: 0), (pn: 18446744073709551615, time: 0), (pn: 18446744073709551615, time: 0), (pn: 18446744073709551615, time: 0), (pn: 18446744073709551615, time: 0), (pn: 18446744073709551615, time: 0), (pn: 18446744073709551615, time: 0), (pn: 18446744073709551615, time: 0), (pn: 18446744073709551615, time: 0), (pn: 18446744073709551615, time: 0), (pn: 18446744073709551615, time: 0), (pn: 18446744073709551615, time: 0), (pn: 18446744073709551615, time: 0), (pn: 18446744073709551615, time: 0), (pn: 18446744073709551615, time: 0), (pn: 18446744073709551615, time: 0), (pn: 18446744073709551615, time: 0), (pn: 18446744073709551615, time: 0), (pn: 18446744073709551615, time: 0), (pn: 18446744073709551615, time: 0), (pn: 18446744073709551615, time: 0), (pn: 18446744073709551615, time: 0), (pn: 18446744073709551615, time: 0), (pn: 18446744073709551615, time: 0), (pn: 18446744073709551615, time: 0), (pn: 18446744073709551615, time: 0), (pn: 18446744073709551615, time: 0), (pn: 18446744073709551615, time: 0), (pn: 18446744073709551615, time: 0), (pn: 18446744073709551615, time: 0), (pn: 18446744073709551615, time: 0), (pn: 18446744073709551615, time: 0), (pn: 18446744073709551615, time: 0), (pn: 18446744073709551615, time: 0), (pn: 18446744073709551615, time: 0), (pn: 18446744073709551615, time: 0), (pn: 18446744073709551615, time: 0), (pn: 18446744073709551615, time: 0), (pn: 18446744073709551615, time: 0), (pn: 18446744073709551615, time: 0), (pn: 18446744073709551615, time: 0), (pn: 18446744073709551615, time: 0), (pn: 18446744073709551615, time: 0), (pn: 18446744073709551615, time: 0), (pn: 18446744073709551615, time: 0), (pn: 18446744073709551615, time: 0), (pn: 18446744073709551615, time: 0), (pn: 18446744073709551615, time: 0), (pn: 18446744073709551615, time: 0), (pn: 18446744073709551615, time: 0), (pn: 18446744073709551615, time: 0), (pn: 18446744073709551615, time: 0), (pn: 18446744073709551615, time: 0), (pn: 18446744073709551615, time: 0), (pn: 18446744073709551615, time: 0), (pn: 18446744073709551615, time: 0), (pn: 18446744073709551615, time: 0), (pn: 18446744073709551615, time: 0), (pn: 18446744073709551615, time: 0), (pn: 18446744073709551615, time: 0), (pn: 18446744073709551615, time: 0), (pn: 18446744073709551615, time: 0), (pn: 18446744073709551615, time: 0), (pn: 18446744073709551615, time: 0), (pn: 18446744073709551615, time: 0), (pn: 18446744073709551615, time: 0), (pn: 18446744073709551615, time: 0), (pn: 18446744073709551615, time: 0), (pn: 18446744073709551615, time: 0), (pn: 18446744073709551615, time: 0), (pn: 18446744073709551615, time: 0), (pn: 18446744073709551615, time: 0), (pn: 18446744073709551615, time: 0), (pn: 18446744073709551615, time: 0), (pn: 18446744073709551615, time: 0), (pn: 18446744073709551615, time: 0), (pn: 18446744073709551615, time: 0), (pn: 18446744073709551615, time: 0), (pn: 18446744073709551615, time: 0), (pn: 18446744073709551615, time: 0), (pn: 18446744073709551615, time: 0), (pn: 18446744073709551615, time: 0), (pn: 18446744073709551615, time: 0), (pn: 18446744073709551615, time: 0), (pn: 18446744073709551615, time: 0), (pn: 18446744073709551615, time: 0), (pn: 18446744073709551615, time: 0), (pn: 18446744073709551615, time: 0), (pn: 18446744073709551615, time: 0), (pn: 18446744073709551615, time: 0), (pn: 18446744073709551615, time: 0), (pn: 18446744073709551615, time: 0), (pn: 18446744073709551615, time: 0), (pn: 18446744073709551615, time: 0), (pn: 18446744073709551615, time: 0), (pn: 18446744073709551615, time: 0), (pn: 18446744073709551615, time: 0), (pn: 18446744073709551615, time: 0), (pn: 18446744073709551615, time: 0), (pn: 18446744073709551615, time: 0), (pn: 18446744073709551615, time: 0), (pn: 18446744073709551615, time: 0), (pn: 18446744073709551615, time: 0), (pn: 18446744073709551615, time: 0), (pn: 18446744073709551615, time: 0), (pn: 18446744073709551615, time: 0), (pn: 18446744073709551615, time: 0), (pn: 18446744073709551615, time: 0), (pn: 18446744073709551615, time: 0), (pn: 18446744073709551615, time: 0), (pn: 18446744073709551615, time: 0), (pn: 18446744073709551615, time: 0), (pn: 18446744073709551615, time: 0), (pn: 18446744073709551615, time: 0), (pn: 18446744073709551615, time: 0), (pn: 18446744073709551615, time: 0), (pn: 18446744073709551615, time: 0), (pn: 18446744073709551615, time: 0), (pn: 18446744073709551615, time: 0), (pn: 18446744073709551615, time: 0), (pn: 18446744073709551615, time: 0), (pn: 18446744073709551615, time: 0), (pn: 18446744073709551615, time: 0), (pn: 18446744073709551615, time: 0), (pn: 18446744073709551615, time: 0), (pn: 18446744073709551615, time: 0), (pn: 18446744073709551615, time: 0), (pn: 18446744073709551615, time: 0), (pn: 18446744073709551615, time: 0), (pn: 18446744073709551615, time: 0), (pn: 18446744073709551615, time: 0), (pn: 18446744073709551615, time: 0), (pn: 18446744073709551615, time: 0), (pn: 18446744073709551615, time: 0), (pn: 18446744073709551615, time: 0), (pn: 18446744073709551615, time: 0), (pn: 18446744073709551615, time: 0), (pn: 18446744073709551615, time: 0), (pn: 18446744073709551615, time: 0), (pn: 18446744073709551615, time: 0), (pn: 18446744073709551615, time: 0), (pn: 18446744073709551615, time: 0), (pn: 18446744073709551615, time: 0), (pn: 18446744073709551615, time: 0), (pn: 18446744073709551615, time: 0), (pn: 18446744073709551615, time: 0), (pn: 18446744073709551615, time: 0), (pn: 18446744073709551615, time: 0), (pn: 18446744073709551615, time: 0), (pn: 18446744073709551615, time: 0), (pn: 18446744073709551615, time: 0), (pn: 18446744073709551615, time: 0), (pn: 18446744073709551615, time: 0), (pn: 18446744073709551615, time: 0), (pn: 18446744073709551615, time: 0), (pn: 18446744073709551615, time: 0), (pn: 18446744073709551615, time: 0), (pn: 18446744073709551615, time: 0), (pn: 18446744073709551615, time: 0), (pn: 18446744073709551615, time: 0), (pn: 18446744073709551615, time: 0), (pn: 18446744073709551615, time: 0), (pn: 18446744073709551615, time: 0), (pn: 18446744073709551615, time: 0), (pn: 18446744073709551615, time: 0), (pn: 18446744073709551615, time: 0), (pn: 18446744073709551615, time: 0), (pn: 18446744073709551615, time: 0), (pn: 18446744073709551615, time: 0), (pn: 18446744073709551615, time: 0), (pn: 18446744073709551615, time: 0), (pn: 18446744073709551615, time: 0), (pn: 18446744073709551615, time: 0), (pn: 18446744073709551615, time: 0), (pn: 18446744073709551615, time: 0), (pn: 18446744073709551615, time: 0), (pn: 18446744073709551615, time: 0), (pn: 18446744073709551615, time: 0), (pn: 18446744073709551615, time: 0), (pn: 18446744073709551615, time: 0), (pn: 18446744073709551615, time: 0), (pn: 18446744073709551615, time: 0), (pn: 18446744073709551615, time: 0), (pn: 18446744073709551615, time: 0), (pn: 18446744073709551615, time: 0), (pn: 18446744073709551615, time: 0), (pn: 18446744073709551615, time: 0), (pn: 18446744073709551615, time: 0), (pn: 18446744073709551615, time: 0), (pn: 18446744073709551615, time: 0), (pn: 18446744073709551615, time: 0), (pn: 18446744073709551615, time: 0), (pn: 18446744073709551615, time: 0), (pn: 18446744073709551615, time: 0), (pn: 18446744073709551615, time: 0), (pn: 18446744073709551615, time: 0), (pn: 18446744073709551615, time: 0), (pn: 18446744073709551615, time: 0), (pn: 18446744073709551615, time: 0), (pn: 18446744073709551615, time: 0), (pn: 18446744073709551615, time: 0), (pn: 18446744073709551615, time: 0), (pn: 18446744073709551615, time: 0), (pn: 18446744073709551615, time: 0), (pn: 18446744073709551615, time: 0), (pn: 18446744073709551615, time: 0), (pn: 18446744073709551615, time: 0), (pn: 18446744073709551615, time: 0), (pn: 18446744073709551615, time: 0), (pn: 18446744073709551615, time: 0), (pn: 18446744073709551615, time: 0), (pn: 18446744073709551615, time: 0), (pn: 18446744073709551615, time: 0), (pn: 18446744073709551615, time: 0), (pn: 18446744073709551615, time: 0), (pn: 18446744073709551615, time: 0), (pn: 18446744073709551615, time: 0), (pn: 18446744073709551615, time: 0), (pn: 18446744073709551615, time: 0), (pn: 18446744073709551615, time: 0), (pn: 18446744073709551615, time: 0), (pn: 18446744073709551615, time: 0), (pn: 18446744073709551615, time: 0), (pn: 18446744073709551615, time: 0), (pn: 18446744073709551615, time: 0), (pn: 18446744073709551615, time: 0), (pn: 18446744073709551615, time: 0), (pn: 18446744073709551615, time: 0), (pn: 18446744073709551615, time: 0), (pn: 18446744073709551615, time: 0), (pn: 18446744073709551615, time: 0), (pn: 18446744073709551615, time: 0), (pn: 18446744073709551615, time: 0), (pn: 18446744073709551615, time: 0), (pn: 18446744073709551615, time: 0), (pn: 18446744073709551615, time: 0), (pn: 18446744073709551615, time: 0), (pn: 18446744073709551615, time: 0), (pn: 18446744073709551615, time: 0), (pn: 18446744073709551615, time: 0), (pn: 18446744073709551615, time: 0), (pn: 18446744073709551615, time: 0), (pn: 18446744073709551615, time: 0), (pn: 18446744073709551615, time: 0), (pn: 18446744073709551615, time: 0), (pn: 18446744073709551615, time: 0), (pn: 18446744073709551615, time: 0), (pn: 18446744073709551615, time: 0), (pn: 18446744073709551615, time: 0), (pn: 18446744073709551615, time: 0), (pn: 18446744073709551615, time: 0), (pn: 18446744073709551615, time: 0), (pn: 18446744073709551615, time: 0), (pn: 18446744073709551615, time: 0), (pn: 18446744073709551615, time: 0), (pn: 18446744073709551615, time: 0), (pn: 18446744073709551615, time: 0), (pn: 18446744073709551615, time: 0), (pn: 18446744073709551615, time: 0), (pn: 18446744073709551615, time: 0), (pn: 18446744073709551615, time: 0), (pn: 18446744073709551615, time: 0), (pn: 18446744073709551615, time: 0), (pn: 18446744073709551615, time: 0), (pn: 18446744073709551615, time: 0), (pn: 18446744073709551615, time: 0), (pn: 18446744073709551615, time: 0), (pn: 18446744073709551615, time: 0), (pn: 18446744073709551615, time: 0), (pn: 18446744073709551615, time: 0), (pn: 18446744073709551615, time: 0), (pn: 18446744073709551615, time: 0), (pn: 18446744073709551615, time: 0), (pn: 18446744073709551615, time: 0), (pn: 18446744073709551615, time: 0), (pn: 18446744073709551615, time: 0), (pn: 18446744073709551615, time: 0), (pn: 18446744073709551615, time: 0), (pn: 18446744073709551615, time: 0), (pn: 18446744073709551615, time: 0), (pn: 18446744073709551615, time: 0), (pn: 18446744073709551615, time: 0), (pn: 18446744073709551615, time: 0), (pn: 18446744073709551615, time: 0), (pn: 18446744073709551615, time: 0), (pn: 18446744073709551615, time: 0), (pn: 18446744073709551615, time: 0), (pn: 18446744073709551615, time: 0), (pn: 18446744073709551615, time: 0), (pn: 18446744073709551615, time: 0), (pn: 18446744073709551615, time: 0), (pn: 18446744073709551615, time: 0), (pn: 18446744073709551615, time: 0), (pn: 18446744073709551615, time: 0), (pn: 18446744073709551615, time: 0), (pn: 18446744073709551615, time: 0), (pn: 18446744073709551615, time: 0), (pn: 18446744073709551615, time: 0), (pn: 18446744073709551615, time: 0), (pn: 18446744073709551615, time: 0), (pn: 18446744073709551615, time: 0), (pn: 18446744073709551615, time: 0), (pn: 18446744073709551615, time: 0), (pn: 18446744073709551615, time: 0), (pn: 18446744073709551615, time: 0), (pn: 18446744073709551615, time: 0), (pn: 18446744073709551615, time: 0), (pn: 18446744073709551615, time: 0), (pn: 18446744073709551615, time: 0), (pn: 18446744073709551615, time: 0), (pn: 18446744073709551615, time: 0), (pn: 18446744073709551615, time: 0), (pn: 18446744073709551615, time: 0), (pn: 18446744073709551615, time: 0), (pn: 18446744073709551615, time: 0), (pn: 18446744073709551615, time: 0), (pn: 18446744073709551615, time: 0), (pn: 18446744073709551615, time: 0), (pn: 18446744073709551615, time: 0), (pn: 18446744073709551615, time: 0), (pn: 18446744073709551615, time: 0), (pn: 18446744073709551615, time: 0), (pn: 18446744073709551615, time: 0), (pn: 18446744073709551615, time: 0), (pn: 18446744073709551615, time: 0), (pn: 18446744073709551615, time: 0), (pn: 18446744073709551615, time: 0), (pn: 18446744073709551615, time: 0), (pn: 18446744073709551615, time: 0), (pn: 18446744073709551615, time: 0), (pn: 18446744073709551615, time: 0), (pn: 18446744073709551615, time: 0), (pn: 18446744073709551615, time: 0), (pn: 18446744073709551615, time: 0), (pn: 18446744073709551615, time: 0), (pn: 18446744073709551615, time: 0), (pn: 18446744073709551615, time: 0), (pn: 18446744073709551615, time: 0), (pn: 18446744073709551615, time: 0), (pn: 18446744073709551615, time: 0), (pn: 18446744073709551615, time: 0), (pn: 18446744073709551615, time: 0), (pn: 18446744073709551615, time: 0), (pn: 18446744073709551615, time: 0), (pn: 18446744073709551615, time: 0), (pn: 18446744073709551615, time: 0), (pn: 18446744073709551615, time: 0), (pn: 18446744073709551615, time: 0), (pn: 18446744073709551615, time: 0), (pn: 18446744073709551615, time: 0), (pn: 18446744073709551615, time: 0), (pn: 18446744073709551615, time: 0), (pn: 18446744073709551615, time: 0), (pn: 18446744073709551615, time: 0), (pn: 18446744073709551615, time: 0), (pn: 18446744073709551615, time: 0), (pn: 18446744073709551615, time: 0), (pn: 18446744073709551615, time: 0), (pn: 18446744073709551615, time: 0), (pn: 18446744073709551615, time: 0), (pn: 18446744073709551615, time: 0), (pn: 18446744073709551615, time: 0), (pn: 18446744073709551615, time: 0), (pn: 18446744073709551615, time: 0), (pn: 18446744073709551615, time: 0), (pn: 18446744073709551615, time: 0), (pn: 18446744073709551615, time: 0), (pn: 18446744073709551615, time: 0), (pn: 18446744073709551615, time: 0), (pn: 18446744073709551615, time: 0), (pn: 18446744073709551615, time: 0), (pn: 18446744073709551615, time: 0), (pn: 18446744073709551615, time: 0), (pn: 18446744073709551615, time: 0), (pn: 18446744073709551615, time: 0), (pn: 18446744073709551615, time: 0), (pn: 18446744073709551615, time: 0), (pn: 18446744073709551615, time: 0), (pn: 18446744073709551615, time: 0), (pn: 18446744073709551615, time: 0), (pn: 18446744073709551615, time: 0), (pn: 18446744073709551615, time: 0), (pn: 18446744073709551615, time: 0), (pn: 18446744073709551615, time: 0), (pn: 18446744073709551615, time: 0), (pn: 18446744073709551615, time: 0), (pn: 18446744073709551615, time: 0), (pn: 18446744073709551615, time: 0), (pn: 18446744073709551615, time: 0), (pn: 18446744073709551615, time: 0), (pn: 18446744073709551615, time: 0), (pn: 18446744073709551615, time: 0), (pn: 18446744073709551615, time: 0), (pn: 18446744073709551615, time: 0), (pn: 18446744073709551615, time: 0), (pn: 18446744073709551615, time: 0), (pn: 18446744073709551615, time: 0), (pn: 18446744073709551615, time: 0), (pn: 18446744073709551615, time: 0), (pn: 18446744073709551615, time: 0), (pn: 18446744073709551615, time: 0), (pn: 18446744073709551615, time: 0), (pn: 18446744073709551615, time: 0), (pn: 18446744073709551615, time: 0), (pn: 18446744073709551615, time: 0), (pn: 18446744073709551615, time: 0), (pn: 18446744073709551615, time: 0), (pn: 18446744073709551615, time: 0), (pn: 18446744073709551615, time: 0), (pn: 18446744073709551615, time: 0), (pn: 18446744073709551615, time: 0), (pn: 18446744073709551615, time: 0), (pn: 18446744073709551615, time: 0), (pn: 18446744073709551615, time: 0), (pn: 18446744073709551615, time: 0), (pn: 18446744073709551615, time: 0), (pn: 18446744073709551615, time: 0), (pn: 18446744073709551615, time: 0), (pn: 18446744073709551615, time: 0), (pn: 18446744073709551615, time: 0), (pn: 18446744073709551615, time: 0), (pn: 18446744073709551615, time: 0), (pn: 18446744073709551615, time: 0), (pn: 18446744073709551615, time: 0), (pn: 18446744073709551615, time: 0), (pn: 18446744073709551615, time: 0), (pn: 18446744073709551615, time: 0), (pn: 18446744073709551615, time: 0), (pn: 18446744073709551615, time: 0), (pn: 18446744073709551615, time: 0), (pn: 18446744073709551615, time: 0), (pn: 18446744073709551615, time: 0), (pn: 18446744073709551615, time: 0), (pn: 18446744073709551615, time: 0), (pn: 18446744073709551615, time: 0), (pn: 18446744073709551615, time: 0), (pn: 18446744073709551615, time: 0), (pn: 18446744073709551615, time: 0), (pn: 18446744073709551615, time: 0), (pn: 18446744073709551615, time: 0), (pn: 18446744073709551615, time: 0), (pn: 18446744073709551615, time: 0), (pn: 18446744073709551615, time: 0), (pn: 18446744073709551615, time: 0), (pn: 18446744073709551615, time: 0), (pn: 18446744073709551615, time: 0), (pn: 18446744073709551615, time: 0), (pn: 18446744073709551615, time: 0), (pn: 18446744073709551615, time: 0), (pn: 18446744073709551615, time: 0), (pn: 18446744073709551615, time: 0), (pn: 18446744073709551615, time: 0), (pn: 18446744073709551615, time: 0), (pn: 18446744073709551615, time: 0), (pn: 18446744073709551615, time: 0), (pn: 18446744073709551615, time: 0), (pn: 18446744073709551615, time: 0), (pn: 18446744073709551615, time: 0), (pn: 18446744073709551615, time: 0), (pn: 18446744073709551615, time: 0), (pn: 18446744073709551615, time: 0), (pn: 18446744073709551615, time: 0), (pn: 18446744073709551615, time: 0), (pn: 18446744073709551615, time: 0), (pn: 18446744073709551615, time: 0), (pn: 18446744073709551615, time: 0), (pn: 18446744073709551615, time: 0), (pn: 18446744073709551615, time: 0), (pn: 18446744073709551615, time: 0), (pn: 18446744073709551615, time: 0), (pn: 18446744073709551615, time: 0), (pn: 18446744073709551615, time: 0), (pn: 18446744073709551615, time: 0), (pn: 18446744073709551615, time: 0), (pn: 18446744073709551615, time: 0), (pn: 18446744073709551615, time: 0), (pn: 18446744073709551615, time: 0), (pn: 18446744073709551615, time: 0), (pn: 18446744073709551615, time: 0), (pn: 18446744073709551615, time: 0), (pn: 18446744073709551615, time: 0), (pn: 18446744073709551615, time: 0), (pn: 18446744073709551615, time: 0), (pn: 18446744073709551615, time: 0), (pn: 18446744073709551615, time: 0), (pn: 18446744073709551615, time: 0), (pn: 18446744073709551615, time: 0), (pn: 18446744073709551615, time: 0), (pn: 18446744073709551615, time: 0), (pn: 18446744073709551615, time: 0), (pn: 18446744073709551615, time: 0), (pn: 18446744073709551615, time: 0), (pn: 18446744073709551615, time: 0), (pn: 18446744073709551615, time: 0), (pn: 18446744073709551615, time: 0), (pn: 18446744073709551615, time: 0), (pn: 18446744073709551615, time: 0), (pn: 18446744073709551615, time: 0), (pn: 18446744073709551615, time: 0), (pn: 18446744073709551615, time: 0), (pn: 18446744073709551615, time: 0), (pn: 18446744073709551615, time: 0), (pn: 18446744073709551615, time: 0), (pn: 18446744073709551615, time: 0), (pn: 18446744073709551615, time: 0), (pn: 18446744073709551615, time: 0), (pn: 18446744073709551615, time: 0), (pn: 18446744073709551615, time: 0), (pn: 18446744073709551615, time: 0), (pn: 18446744073709551615, time: 0), (pn: 18446744073709551615, time: 0), (pn: 18446744073709551615, time: 0), (pn: 18446744073709551615, time: 0), (pn: 18446744073709551615, time: 0), (pn: 18446744073709551615, time: 0), (pn: 18446744073709551615, time: 0), (pn: 18446744073709551615, time: 0), (pn: 18446744073709551615, time: 0), (pn: 18446744073709551615, time: 0), (pn: 18446744073709551615, time: 0), (pn: 18446744073709551615, time: 0), (pn: 18446744073709551615, time: 0), (pn: 18446744073709551615, time: 0), (pn: 18446744073709551615, time: 0), (pn: 18446744073709551615, time: 0), (pn: 18446744073709551615, time: 0), (pn: 18446744073709551615, time: 0), (pn: 18446744073709551615, time: 0), (pn: 18446744073709551615, time: 0), (pn: 18446744073709551615, time: 0), (pn: 18446744073709551615, time: 0), (pn: 18446744073709551615, time: 0), (pn: 18446744073709551615, time: 0), (pn: 18446744073709551615, time: 0), (pn: 18446744073709551615, time: 0), (pn: 18446744073709551615, time: 0), (pn: 18446744073709551615, time: 0), (pn: 18446744073709551615, time: 0), (pn: 18446744073709551615, time: 0), (pn: 18446744073709551615, time: 0), (pn: 18446744073709551615, time: 0), (pn: 18446744073709551615, time: 0), (pn: 18446744073709551615, time: 0), (pn: 18446744073709551615, time: 0), (pn: 18446744073709551615, time: 0), (pn: 18446744073709551615, time: 0), (pn: 18446744073709551615, time: 0), (pn: 18446744073709551615, time: 0), (pn: 18446744073709551615, time: 0), (pn: 18446744073709551615, time: 0), (pn: 18446744073709551615, time: 0), (pn: 18446744073709551615, time: 0), (pn: 18446744073709551615, time: 0), (pn: 18446744073709551615, time: 0), (pn: 18446744073709551615, time: 0), (pn: 18446744073709551615, time: 0), (pn: 18446744073709551615, time: 0), (pn: 18446744073709551615, time: 0), (pn: 18446744073709551615, time: 0), (pn: 18446744073709551615, time: 0), (pn: 18446744073709551615, time: 0), (pn: 18446744073709551615, time: 0), (pn: 18446744073709551615, time: 0), (pn: 18446744073709551615, time: 0), (pn: 18446744073709551615, time: 0), (pn: 18446744073709551615, time: 0), (pn: 18446744073709551615, time: 0), (pn: 18446744073709551615, time: 0), (pn: 18446744073709551615, time: 0), (pn: 18446744073709551615, time: 0), (pn: 18446744073709551615, time: 0), (pn: 18446744073709551615, time: 0), (pn: 18446744073709551615, time: 0), (pn: 18446744073709551615, time: 0), (pn: 18446744073709551615, time: 0), (pn: 18446744073709551615, time: 0), (pn: 18446744073709551615, time: 0), (pn: 18446744073709551615, time: 0), (pn: 18446744073709551615, time: 0), (pn: 18446744073709551615, time: 0), (pn: 18446744073709551615, time: 0), (pn: 18446744073709551615, time: 0), (pn: 18446744073709551615, time: 0), (pn: 18446744073709551615, time: 0), (pn: 18446744073709551615, time: 0), (pn: 18446744073709551615, time: 0), (pn: 18446744073709551615, time: 0), (pn: 18446744073709551615, time: 0), (pn: 18446744073709551615, time: 0), (pn: 18446744073709551615, time: 0), (pn: 18446744073709551615, time: 0), (pn: 18446744073709551615, time: 0), (pn: 18446744073709551615, time: 0), (pn: 18446744073709551615, time: 0), (pn: 18446744073709551615, time: 0), (pn: 18446744073709551615, time: 0), (pn: 18446744073709551615, time: 0), (pn: 18446744073709551615, time: 0), (pn: 18446744073709551615, time: 0), (pn: 18446744073709551615, time: 0), (pn: 18446744073709551615, time: 0), (pn: 18446744073709551615, time: 0), (pn: 18446744073709551615, time: 0), (pn: 18446744073709551615, time: 0), (pn: 18446744073709551615, time: 0), (pn: 18446744073709551615, time: 0), (pn: 18446744073709551615, time: 0), (pn: 18446744073709551615, time: 0), (pn: 18446744073709551615, time: 0), (pn: 18446744073709551615, time: 0), (pn: 18446744073709551615, time: 0), (pn: 18446744073709551615, time: 0), (pn: 18446744073709551615, time: 0), (pn: 18446744073709551615, time: 0), (pn: 18446744073709551615, time: 0), (pn: 18446744073709551615, time: 0), (pn: 18446744073709551615, time: 0), (pn: 18446744073709551615, time: 0), (pn: 18446744073709551615, time: 0), (pn: 18446744073709551615, time: 0), (pn: 18446744073709551615, time: 0), (pn: 18446744073709551615, time: 0), (pn: 18446744073709551615, time: 0), (pn: 18446744073709551615, time: 0), (pn: 18446744073709551615, time: 0), (pn: 18446744073709551615, time: 0), (pn: 18446744073709551615, time: 0), (pn: 18446744073709551615, time: 0), (pn: 18446744073709551615, time: 0), (pn: 18446744073709551615, time: 0), (pn: 18446744073709551615, time: 0), (pn: 18446744073709551615, time: 0), (pn: 18446744073709551615, time: 0), (pn: 18446744073709551615, time: 0), (pn: 18446744073709551615, time: 0), (pn: 18446744073709551615, time: 0), (pn: 18446744073709551615, time: 0), (pn: 18446744073709551615, time: 0), (pn: 18446744073709551615, time: 0), (pn: 18446744073709551615, time: 0), (pn: 18446744073709551615, time: 0), (pn: 18446744073709551615, time: 0), (pn: 18446744073709551615, time: 0), (pn: 18446744073709551615, time: 0), (pn: 18446744073709551615, time: 0), (pn: 18446744073709551615, time: 0), (pn: 18446744073709551615, time: 0), (pn: 18446744073709551615, time: 0), (pn: 18446744073709551615, time: 0), (pn: 18446744073709551615, time: 0), (pn: 18446744073709551615, time: 0), (pn: 18446744073709551615, time: 0), (pn: 18446744073709551615, time: 0), (pn: 18446744073709551615, time: 0), (pn: 18446744073709551615, time: 0), (pn: 18446744073709551615, time: 0), (pn: 18446744073709551615, time: 0), (pn: 18446744073709551615, time: 0), (pn: 18446744073709551615, time: 0), (pn: 18446744073709551615, time: 0), (pn: 18446744073709551615, time: 0), (pn: 18446744073709551615, time: 0), (pn: 18446744073709551615, time: 0), (pn: 18446744073709551615, time: 0), (pn: 18446744073709551615, time: 0), (pn: 18446744073709551615, time: 0), (pn: 18446744073709551615, time: 0), (pn: 18446744073709551615, time: 0), (pn: 18446744073709551615, time: 0), (pn: 18446744073709551615, time: 0), (pn: 18446744073709551615, time: 0), (pn: 18446744073709551615, time: 0), (pn: 18446744073709551615, time: 0), (pn: 18446744073709551615, time: 0), (pn: 18446744073709551615, time: 0), (pn: 18446744073709551615, time: 0), (pn: 18446744073709551615, time: 0), (pn: 18446744073709551615, time: 0), (pn: 18446744073709551615, time: 0), (pn: 18446744073709551615, time: 0), (pn: 18446744073709551615, time: 0), (pn: 18446744073709551615, time: 0), (pn: 18446744073709551615, time: 0), (pn: 18446744073709551615, time: 0), (pn: 18446744073709551615, time: 0), (pn: 18446744073709551615, time: 0), (pn: 18446744073709551615, time: 0), (pn: 18446744073709551615, time: 0), (pn: 18446744073709551615, time: 0), (pn: 18446744073709551615, time: 0), (pn: 18446744073709551615, time: 0), (pn: 18446744073709551615, time: 0), (pn: 18446744073709551615, time: 0), (pn: 18446744073709551615, time: 0), (pn: 18446744073709551615, time: 0), (pn: 18446744073709551615, time: 0), (pn: 18446744073709551615, time: 0), (pn: 18446744073709551615, time: 0), (pn: 18446744073709551615, time: 0), (pn: 18446744073709551615, time: 0), (pn: 18446744073709551615, time: 0), (pn: 18446744073709551615, time: 0), (pn: 18446744073709551615, time: 0), (pn: 18446744073709551615, time: 0), (pn: 18446744073709551615, time: 0), (pn: 18446744073709551615, time: 0), (pn: 18446744073709551615, time: 0), (pn: 18446744073709551615, time: 0), (pn: 18446744073709551615, time: 0), (pn: 18446744073709551615, time: 0), (pn: 18446744073709551615, time: 0), (pn: 18446744073709551615, time: 0), (pn: 18446744073709551615, time: 0), (pn: 18446744073709551615, time: 0), (pn: 18446744073709551615, time: 0), (pn: 18446744073709551615, time: 0), (pn: 18446744073709551615, time: 0), (pn: 18446744073709551615, time: 0), (pn: 18446744073709551615, time: 0), (pn: 18446744073709551615, time: 0), (pn: 18446744073709551615, time: 0), (pn: 18446744073709551615, time: 0), (pn: 18446744073709551615, time: 0), (pn: 18446744073709551615, time: 0), (pn: 18446744073709551615, time: 0), (pn: 18446744073709551615, time: 0), (pn: 18446744073709551615, time: 0), (pn: 18446744073709551615, time: 0), (pn: 18446744073709551615, time: 0), (pn: 18446744073709551615, time: 0), (pn: 18446744073709551615, time: 0), (pn: 18446744073709551615, time: 0), (pn: 18446744073709551615, time: 0), (pn: 18446744073709551615, time: 0), (pn: 18446744073709551615, time: 0), (pn: 18446744073709551615, time: 0), (pn: 18446744073709551615, time: 0), (pn: 18446744073709551615, time: 0), (pn: 18446744073709551615, time: 0), (pn: 18446744073709551615, time: 0), (pn: 18446744073709551615, time: 0), (pn: 18446744073709551615, time: 0), (pn: 18446744073709551615, time: 0), (pn: 18446744073709551615, time: 0), (pn: 18446744073709551615, time: 0), (pn: 18446744073709551615, time: 0), (pn: 18446744073709551615, time: 0), (pn: 18446744073709551615, time: 0), (pn: 18446744073709551615, time: 0), (pn: 18446744073709551615, time: 0), (pn: 18446744073709551615, time: 0), (pn: 18446744073709551615, time: 0), (pn: 18446744073709551615, time: 0), (pn: 18446744073709551615, time: 0), (pn: 18446744073709551615, time: 0), (pn: 18446744073709551615, time: 0), (pn: 18446744073709551615, time: 0), (pn: 18446744073709551615, time: 0), (pn: 18446744073709551615, time: 0), (pn: 18446744073709551615, time: 0), (pn: 18446744073709551615, time: 0), (pn: 18446744073709551615, time: 0), (pn: 18446744073709551615, time: 0), (pn: 18446744073709551615, time: 0), (pn: 18446744073709551615, time: 0), (pn: 18446744073709551615, time: 0), (pn: 18446744073709551615, time: 0), (pn: 18446744073709551615, time: 0), (pn: 18446744073709551615, time: 0), (pn: 18446744073709551615, time: 0), (pn: 18446744073709551615, time: 0), (pn: 18446744073709551615, time: 0), (pn: 18446744073709551615, time: 0), (pn: 18446744073709551615, time: 0), (pn: 18446744073709551615, time: 0), (pn: 18446744073709551615, time: 0), (pn: 18446744073709551615, time: 0), (pn: 18446744073709551615, time: 0), (pn: 18446744073709551615, time: 0), (pn: 18446744073709551615, time: 0), (pn: 18446744073709551615, time: 0), (pn: 18446744073709551615, time: 0), (pn: 18446744073709551615, time: 0), (pn: 18446744073709551615, time: 0), (pn: 18446744073709551615, time: 0), (pn: 18446744073709551615, time: 0), (pn: 18446744073709551615, time: 0), (pn: 18446744073709551615, time: 0), (pn: 18446744073709551615, time: 0), (pn: 18446744073709551615, time: 0), (pn: 18446744073709551615, time: 0), (pn: 18446744073709551615, time: 0), (pn: 18446744073709551615, time: 0), (pn: 18446744073709551615, time: 0), (pn: 18446744073709551615, time: 0), (pn: 18446744073709551615, time: 0), (pn: 18446744073709551615, time: 0), (pn: 18446744073709551615, time: 0), (pn: 18446744073709551615, time: 0), (pn: 18446744073709551615, time: 0), (pn: 18446744073709551615, time: 0), (pn: 18446744073709551615, time: 0), (pn: 18446744073709551615, time: 0), (pn: 18446744073709551615, time: 0), (pn: 18446744073709551615, time: 0), (pn: 18446744073709551615, time: 0), (pn: 18446744073709551615, time: 0), (pn: 18446744073709551615, time: 0), (pn: 18446744073709551615, time: 0), (pn: 18446744073709551615, time: 0), (pn: 18446744073709551615, time: 0), (pn: 18446744073709551615, time: 0), (pn: 18446744073709551615, time: 0), (pn: 18446744073709551615, time: 0), (pn: 18446744073709551615, time: 0), (pn: 18446744073709551615, time: 0), (pn: 18446744073709551615, time: 0), (pn: 18446744073709551615, time: 0), (pn: 18446744073709551615, time: 0), (pn: 18446744073709551615, time: 0), (pn: 18446744073709551615, time: 0), (pn: 18446744073709551615, time: 0), (pn: 18446744073709551615, time: 0), (pn: 18446744073709551615, time: 0), (pn: 18446744073709551615, time: 0), (pn: 18446744073709551615, time: 0), (pn: 18446744073709551615, time: 0), (pn: 18446744073709551615, time: 0), (pn: 18446744073709551615, time: 0), (pn: 18446744073709551615, time: 0), (pn: 18446744073709551615, time: 0), (pn: 18446744073709551615, time: 0), (pn: 18446744073709551615, time: 0), (pn: 18446744073709551615, time: 0), (pn: 18446744073709551615, time: 0), (pn: 18446744073709551615, time: 0), (pn: 18446744073709551615, time: 0), (pn: 18446744073709551615, time: 0), (pn: 18446744073709551615, time: 0), (pn: 18446744073709551615, time: 0), (pn: 18446744073709551615, time: 0), (pn: 18446744073709551615, time: 0), (pn: 18446744073709551615, time: 0), (pn: 18446744073709551615, time: 0), (pn: 18446744073709551615, time: 0), (pn: 18446744073709551615, time: 0), (pn: 18446744073709551615, time: 0), (pn: 18446744073709551615, time: 0), (pn: 18446744073709551615, time: 0), (pn: 18446744073709551615, time: 0), (pn: 18446744073709551615, time: 0), (pn: 18446744073709551615, time: 0), (pn: 18446744073709551615, time: 0), (pn: 18446744073709551615, time: 0), (pn: 18446744073709551615, time: 0), (pn: 18446744073709551615, time: 0), (pn: 18446744073709551615, time: 0), (pn: 18446744073709551615, time: 0), (pn: 18446744073709551615, time: 0), (pn: 18446744073709551615, time: 0), (pn: 18446744073709551615, time: 0), (pn: 18446744073709551615, time: 0), (pn: 18446744073709551615, time: 0), (pn: 18446744073709551615, time: 0), (pn: 18446744073709551615, time: 0), (pn: 18446744073709551615, time: 0), (pn: 18446744073709551615, time: 0), (pn: 18446744073709551615, time: 0), (pn: 18446744073709551615, time: 0), (pn: 18446744073709551615, time: 0), (pn: 18446744073709551615, time: 0), (pn: 18446744073709551615, time: 0), (pn: 18446744073709551615, time: 0), (pn: 18446744073709551615, time: 0), (pn: 18446744073709551615, time: 0), (pn: 18446744073709551615, time: 0), (pn: 18446744073709551615, time: 0), (pn: 18446744073709551615, time: 0), (pn: 18446744073709551615, time: 0), (pn: 18446744073709551615, time: 0), (pn: 18446744073709551615, time: 0), (pn: 18446744073709551615, time: 0), (pn: 18446744073709551615, time: 0), (pn: 18446744073709551615, time: 0), (pn: 18446744073709551615, time: 0), (pn: 18446744073709551615, time: 0), (pn: 18446744073709551615, time: 0), (pn: 18446744073709551615, time: 0), (pn: 18446744073709551615, time: 0), (pn: 18446744073709551615, time: 0), (pn: 18446744073709551615, time: 0), (pn: 18446744073709551615, time: 0), (pn: 18446744073709551615, time: 0), (pn: 18446744073709551615, time: 0), (pn: 18446744073709551615, time: 0), (pn: 18446744073709551615, time: 0), (pn: 18446744073709551615, time: 0), (pn: 18446744073709551615, time: 0), (pn: 18446744073709551615, time: 0), (pn: 18446744073709551615, time: 0), (pn: 18446744073709551615, time: 0), (pn: 18446744073709551615, time: 0), (pn: 18446744073709551615, time: 0), (pn: 18446744073709551615, time: 0), (pn: 18446744073709551615, time: 0), (pn: 18446744073709551615, time: 0), (pn: 18446744073709551615, time: 0), (pn: 18446744073709551615, time: 0), (pn: 18446744073709551615, time: 0), (pn: 18446744073709551615, time: 0), (pn: 18446744073709551615, time: 0), (pn: 18446744073709551615, time: 0), (pn: 18446744073709551615, time: 0), (pn: 18446744073709551615, time: 0), (pn: 18446744073709551615, time: 0), (pn: 18446744073709551615, time: 0), (pn: 18446744073709551615, time: 0), (pn: 18446744073709551615, time: 0), (pn: 18446744073709551615, time: 0), (pn: 18446744073709551615, time: 0), (pn: 18446744073709551615, time: 0), (pn: 18446744073709551615, time: 0), (pn: 18446744073709551615, time: 0), (pn: 18446744073709551615, time: 0), (pn: 18446744073709551615, time: 0), (pn: 18446744073709551615, time: 0), (pn: 18446744073709551615, time: 0), (pn: 18446744073709551615, time: 0), (pn: 18446744073709551615, time: 0), (pn: 18446744073709551615, time: 0), (pn: 18446744073709551615, time: 0), (pn: 18446744073709551615, time: 0), (pn: 18446744073709551615, time: 0), (pn: 18446744073709551615, time: 0), (pn: 18446744073709551615, time: 0), (pn: 18446744073709551615, time: 0), (pn: 18446744073709551615, time: 0), (pn: 18446744073709551615, time: 0), (pn: 18446744073709551615, time: 0), (pn: 18446744073709551615, time: 0), (pn: 18446744073709551615, time: 0), (pn: 18446744073709551615, time: 0), (pn: 18446744073709551615, time: 0), (pn: 18446744073709551615, time: 0), (pn: 18446744073709551615, time: 0), (pn: 18446744073709551615, time: 0), (pn: 18446744073709551615, time: 0), (pn: 18446744073709551615, time: 0), (pn: 18446744073709551615, time: 0), (pn: 18446744073709551615, time: 0), (pn: 18446744073709551615, time: 0), (pn: 18446744073709551615, time: 0), (pn: 18446744073709551615, time: 0), (pn: 18446744073709551615, time: 0), (pn: 18446744073709551615, time: 0), (pn: 18446744073709551615, time: 0), (pn: 18446744073709551615, time: 0), (pn: 18446744073709551615, time: 0), (pn: 18446744073709551615, time: 0), (pn: 18446744073709551615, time: 0), (pn: 18446744073709551615, time: 0), (pn: 18446744073709551615, time: 0), (pn: 18446744073709551615, time: 0), (pn: 18446744073709551615, time: 0), (pn: 18446744073709551615, time: 0), (pn: 18446744073709551615, time: 0), (pn: 18446744073709551615, time: 0), (pn: 18446744073709551615, time: 0), (pn: 18446744073709551615, time: 0), (pn: 18446744073709551615, time: 0), (pn: 18446744073709551615, time: 0), (pn: 18446744073709551615, time: 0), (pn: 18446744073709551615, time: 0), (pn: 18446744073709551615, time: 0), (pn: 18446744073709551615, time: 0), (pn: 18446744073709551615, time: 0), (pn: 18446744073709551615, time: 0), (pn: 18446744073709551615, time: 0), (pn: 18446744073709551615, time: 0), (pn: 18446744073709551615, time: 0), (pn: 18446744073709551615, time: 0), (pn: 18446744073709551615, time: 0), (pn: 18446744073709551615, time: 0), (pn: 18446744073709551615, time: 0), (pn: 18446744073709551615, time: 0), (pn: 18446744073709551615, time: 0), (pn: 18446744073709551615, time: 0), (pn: 18446744073709551615, time: 0), (pn: 18446744073709551615, time: 0), (pn: 18446744073709551615, time: 0), (pn: 18446744073709551615, time: 0), (pn: 18446744073709551615, time: 0), (pn: 18446744073709551615, time: 0), (pn: 18446744073709551615, time: 0), (pn: 18446744073709551615, time: 0), (pn: 18446744073709551615, time: 0), (pn: 18446744073709551615, time: 0), (pn: 18446744073709551615, time: 0), (pn: 18446744073709551615, time: 0), (pn: 18446744073709551615, time: 0), (pn: 18446744073709551615, time: 0), (pn: 18446744073709551615, time: 0), (pn: 18446744073709551615, time: 0), (pn: 18446744073709551615, time: 0), (pn: 18446744073709551615, time: 0), (pn: 18446744073709551615, time: 0), (pn: 18446744073709551615, time: 0), (pn: 18446744073709551615, time: 0), (pn: 18446744073709551615, time: 0), (pn: 18446744073709551615, time: 0), (pn: 18446744073709551615, time: 0), (pn: 18446744073709551615, time: 0), (pn: 18446744073709551615, time: 0), (pn: 18446744073709551615, time: 0), (pn: 18446744073709551615, time: 0), (pn: 18446744073709551615, time: 0), (pn: 18446744073709551615, time: 0), (pn: 18446744073709551615, time: 0), (pn: 18446744073709551615, time: 0), (pn: 18446744073709551615, time: 0), (pn: 18446744073709551615, time: 0), (pn: 18446744073709551615, time: 0), (pn: 18446744073709551615, time: 0), (pn: 18446744073709551615, time: 0), (pn: 18446744073709551615, time: 0), (pn: 18446744073709551615, time: 0), (pn: 18446744073709551615, time: 0), (pn: 18446744073709551615, time: 0), (pn: 18446744073709551615, time: 0), (pn: 18446744073709551615, time: 0), (pn: 18446744073709551615, time: 0), (pn: 18446744073709551615, time: 0), (pn: 18446744073709551615, time: 0), (pn: 18446744073709551615, time: 0), (pn: 18446744073709551615, time: 0), (pn: 18446744073709551615, time: 0), (pn: 18446744073709551615, time: 0), (pn: 18446744073709551615, time: 0), (pn: 18446744073709551615, time: 0), (pn: 18446744073709551615, time: 0), (pn: 18446744073709551615, time: 0), (pn: 18446744073709551615, time: 0), (pn: 18446744073709551615, time: 0), (pn: 18446744073709551615, time: 0), (pn: 18446744073709551615, time: 0), (pn: 18446744073709551615, time: 0), (pn: 18446744073709551615, time: 0), (pn: 18446744073709551615, time: 0), (pn: 18446744073709551615, time: 0), (pn: 18446744073709551615, time: 0), (pn: 18446744073709551615, time: 0), (pn: 18446744073709551615, time: 0), (pn: 18446744073709551615, time: 0), (pn: 18446744073709551615, time: 0), (pn: 18446744073709551615, time: 0), (pn: 18446744073709551615, time: 0), (pn: 18446744073709551615, time: 0), (pn: 18446744073709551615, time: 0), (pn: 18446744073709551615, time: 0), (pn: 18446744073709551615, time: 0), (pn: 18446744073709551615, time: 0), (pn: 18446744073709551615, time: 0), (pn: 18446744073709551615, time: 0), (pn: 18446744073709551615, time: 0), (pn: 18446744073709551615, time: 0), (pn: 18446744073709551615, time: 0), (pn: 18446744073709551615, time: 0), (pn: 18446744073709551615, time: 0), (pn: 18446744073709551615, time: 0), (pn: 18446744073709551615, time: 0), (pn: 18446744073709551615, time: 0), (pn: 18446744073709551615, time: 0), (pn: 18446744073709551615, time: 0), (pn: 18446744073709551615, time: 0), (pn: 18446744073709551615, time: 0), (pn: 18446744073709551615, time: 0), (pn: 18446744073709551615, time: 0), (pn: 18446744073709551615, time: 0), (pn: 18446744073709551615, time: 0), (pn: 18446744073709551615, time: 0), (pn: 18446744073709551615, time: 0), (pn: 18446744073709551615, time: 0), (pn: 18446744073709551615, time: 0), (pn: 18446744073709551615, time: 0), (pn: 18446744073709551615, time: 0), (pn: 18446744073709551615, time: 0), (pn: 18446744073709551615, time: 0), (pn: 18446744073709551615, time: 0), (pn: 18446744073709551615, time: 0), (pn: 18446744073709551615, time: 0), (pn: 18446744073709551615, time: 0), (pn: 18446744073709551615, time: 0), (pn: 18446744073709551615, time: 0), (pn: 18446744073709551615, time: 0), (pn: 18446744073709551615, time: 0), (pn: 18446744073709551615, time: 0), (pn: 18446744073709551615, time: 0), (pn: 18446744073709551615, time: 0), (pn: 18446744073709551615, time: 0), (pn: 18446744073709551615, time: 0), (pn: 18446744073709551615, time: 0), (pn: 18446744073709551615, time: 0), (pn: 18446744073709551615, time: 0), (pn: 18446744073709551615, time: 0), (pn: 18446744073709551615, time: 0), (pn: 18446744073709551615, time: 0), (pn: 18446744073709551615, time: 0), (pn: 18446744073709551615, time: 0), (pn: 18446744073709551615, time: 0), (pn: 18446744073709551615, time: 0), (pn: 18446744073709551615, time: 0), (pn: 18446744073709551615, time: 0), (pn: 18446744073709551615, time: 0), (pn: 18446744073709551615, time: 0), (pn: 18446744073709551615, time: 0), (pn: 18446744073709551615, time: 0), (pn: 18446744073709551615, time: 0), (pn: 18446744073709551615, time: 0), (pn: 18446744073709551615, time: 0), (pn: 18446744073709551615, time: 0), (pn: 18446744073709551615, time: 0), (pn: 18446744073709551615, time: 0), (pn: 18446744073709551615, time: 0), (pn: 18446744073709551615, time: 0), (pn: 18446744073709551615, time: 0), (pn: 18446744073709551615, time: 0), (pn: 18446744073709551615, time: 0), (pn: 18446744073709551615, time: 0), (pn: 18446744073709551615, time: 0), (pn: 18446744073709551615, time: 0), (pn: 18446744073709551615, time: 0), (pn: 18446744073709551615, time: 0), (pn: 18446744073709551615, time: 0), (pn: 18446744073709551615, time: 0), (pn: 18446744073709551615, time: 0), (pn: 18446744073709551615, time: 0), (pn: 18446744073709551615, time: 0), (pn: 18446744073709551615, time: 0), (pn: 18446744073709551615, time: 0), (pn: 18446744073709551615, time: 0), (pn: 18446744073709551615, time: 0), (pn: 18446744073709551615, time: 0), (pn: 18446744073709551615, time: 0), (pn: 18446744073709551615, time: 0), (pn: 18446744073709551615, time: 0), (pn: 18446744073709551615, time: 0), (pn: 18446744073709551615, time: 0), (pn: 18446744073709551615, time: 0), (pn: 18446744073709551615, time: 0), (pn: 18446744073709551615, time: 0), (pn: 18446744073709551615, time: 0), (pn: 18446744073709551615, time: 0), (pn: 18446744073709551615, time: 0), (pn: 18446744073709551615, time: 0), (pn: 18446744073709551615, time: 0), (pn: 18446744073709551615, time: 0), (pn: 18446744073709551615, time: 0), (pn: 18446744073709551615, time: 0), (pn: 18446744073709551615, time: 0), (pn: 18446744073709551615, time: 0), (pn: 18446744073709551615, time: 0), (pn: 18446744073709551615, time: 0), (pn: 18446744073709551615, time: 0), (pn: 18446744073709551615, time: 0), (pn: 18446744073709551615, time: 0), (pn: 18446744073709551615, time: 0), (pn: 18446744073709551615, time: 0), (pn: 18446744073709551615, time: 0), (pn: 18446744073709551615, time: 0), (pn: 18446744073709551615, time: 0), (pn: 18446744073709551615, time: 0), (pn: 18446744073709551615, time: 0), (pn: 18446744073709551615, time: 0), (pn: 18446744073709551615, time: 0), (pn: 18446744073709551615, time: 0), (pn: 18446744073709551615, time: 0), (pn: 18446744073709551615, time: 0), (pn: 18446744073709551615, time: 0), (pn: 18446744073709551615, time: 0), (pn: 18446744073709551615, time: 0), (pn: 18446744073709551615, time: 0), (pn: 18446744073709551615, time: 0), (pn: 18446744073709551615, time: 0), (pn: 18446744073709551615, time: 0), (pn: 18446744073709551615, time: 0), (pn: 18446744073709551615, time: 0), (pn: 18446744073709551615, time: 0), (pn: 18446744073709551615, time: 0), (pn: 18446744073709551615, time: 0), (pn: 18446744073709551615, time: 0), (pn: 18446744073709551615, time: 0), (pn: 18446744073709551615, time: 0), (pn: 18446744073709551615, time: 0), (pn: 18446744073709551615, time: 0), (pn: 18446744073709551615, time: 0), (pn: 18446744073709551615, time: 0), (pn: 18446744073709551615, time: 0), (pn: 18446744073709551615, time: 0), (pn: 18446744073709551615, time: 0), (pn: 18446744073709551615, time: 0), (pn: 18446744073709551615, time: 0), (pn: 18446744073709551615, time: 0), (pn: 18446744073709551615, time: 0), (pn: 18446744073709551615, time: 0), (pn: 18446744073709551615, time: 0), (pn: 18446744073709551615, time: 0), (pn: 18446744073709551615, time: 0), (pn: 18446744073709551615, time: 0), (pn: 18446744073709551615, time: 0), (pn: 18446744073709551615, time: 0), (pn: 18446744073709551615, time: 0), (pn: 18446744073709551615, time: 0), (pn: 18446744073709551615, time: 0), (pn: 18446744073709551615, time: 0), (pn: 18446744073709551615, time: 0), (pn: 18446744073709551615, time: 0), (pn: 18446744073709551615, time: 0), (pn: 18446744073709551615, time: 0), (pn: 18446744073709551615, time: 0), (pn: 18446744073709551615, time: 0), (pn: 18446744073709551615, time: 0), (pn: 18446744073709551615, time: 0), (pn: 18446744073709551615, time: 0), (pn: 18446744073709551615, time: 0), (pn: 18446744073709551615, time: 0), (pn: 18446744073709551615, time: 0), (pn: 18446744073709551615, time: 0), (pn: 18446744073709551615, time: 0), (pn: 18446744073709551615, time: 0), (pn: 18446744073709551615, time: 0), (pn: 18446744073709551615, time: 0), (pn: 18446744073709551615, time: 0), (pn: 18446744073709551615, time: 0), (pn: 18446744073709551615, time: 0), (pn: 18446744073709551615, time: 0), (pn: 18446744073709551615, time: 0), (pn: 18446744073709551615, time: 0), (pn: 18446744073709551615, time: 0), (pn: 18446744073709551615, time: 0), (pn: 18446744073709551615, time: 0), (pn: 18446744073709551615, time: 0), (pn: 18446744073709551615, time: 0), (pn: 18446744073709551615, time: 0), (pn: 18446744073709551615, time: 0), (pn: 18446744073709551615, time: 0), (pn: 18446744073709551615, time: 0), (pn: 18446744073709551615, time: 0), (pn: 18446744073709551615, time: 0), (pn: 18446744073709551615, time: 0), (pn: 18446744073709551615, time: 0), (pn: 18446744073709551615, time: 0), (pn: 18446744073709551615, time: 0), (pn: 18446744073709551615, time: 0), (pn: 18446744073709551615, time: 0), (pn: 18446744073709551615, time: 0), (pn: 18446744073709551615, time: 0), (pn: 18446744073709551615, time: 0), (pn: 18446744073709551615, time: 0), (pn: 18446744073709551615, time: 0), (pn: 18446744073709551615, time: 0), (pn: 18446744073709551615, time: 0), (pn: 18446744073709551615, time: 0), (pn: 18446744073709551615, time: 0), (pn: 18446744073709551615, time: 0), (pn: 18446744073709551615, time: 0), (pn: 18446744073709551615, time: 0), (pn: 18446744073709551615, time: 0), (pn: 18446744073709551615, time: 0), (pn: 18446744073709551615, time: 0), (pn: 18446744073709551615, time: 0), (pn: 18446744073709551615, time: 0), (pn: 18446744073709551615, time: 0), (pn: 18446744073709551615, time: 0), (pn: 18446744073709551615, time: 0), (pn: 18446744073709551615, time: 0), (pn: 18446744073709551615, time: 0), (pn: 18446744073709551615, time: 0), (pn: 18446744073709551615, time: 0), (pn: 18446744073709551615, time: 0), (pn: 18446744073709551615, time: 0), (pn: 18446744073709551615, time: 0), (pn: 18446744073709551615, time: 0), (pn: 18446744073709551615, time: 0), (pn: 18446744073709551615, time: 0), (pn: 18446744073709551615, time: 0), (pn: 18446744073709551615, time: 0), (pn: 18446744073709551615, time: 0), (pn: 18446744073709551615, time: 0), (pn: 18446744073709551615, time: 0), (pn: 18446744073709551615, time: 0), (pn: 18446744073709551615, time: 0), (pn: 18446744073709551615, time: 0), (pn: 18446744073709551615, time: 0), (pn: 18446744073709551615, time: 0), (pn: 18446744073709551615, time: 0), (pn: 18446744073709551615, time: 0), (pn: 18446744073709551615, time: 0), (pn: 18446744073709551615, time: 0), (pn: 18446744073709551615, time: 0), (pn: 18446744073709551615, time: 0), (pn: 18446744073709551615, time: 0), (pn: 18446744073709551615, time: 0), (pn: 18446744073709551615, time: 0), (pn: 18446744073709551615, time: 0), (pn: 18446744073709551615, time: 0), (pn: 18446744073709551615, time: 0), (pn: 18446744073709551615, time: 0), (pn: 18446744073709551615, time: 0), (pn: 18446744073709551615, time: 0), (pn: 18446744073709551615, time: 0), (pn: 18446744073709551615, time: 0), (pn: 18446744073709551615, time: 0), (pn: 18446744073709551615, time: 0), (pn: 18446744073709551615, time: 0), (pn: 18446744073709551615, time: 0), (pn: 18446744073709551615, time: 0), (pn: 18446744073709551615, time: 0), (pn: 18446744073709551615, time: 0), (pn: 18446744073709551615, time: 0), (pn: 18446744073709551615, time: 0), (pn: 18446744073709551615, time: 0), (pn: 18446744073709551615, time: 0), (pn: 18446744073709551615, time: 0), (pn: 18446744073709551615, time: 0), (pn: 18446744073709551615, time: 0), (pn: 18446744073709551615, time: 0), (pn: 18446744073709551615, time: 0), (pn: 18446744073709551615, time: 0), (pn: 18446744073709551615, time: 0), (pn: 18446744073709551615, time: 0), (pn: 18446744073709551615, time: 0), (pn: 18446744073709551615, time: 0), (pn: 18446744073709551615, time: 0), (pn: 18446744073709551615, time: 0), (pn: 18446744073709551615, time: 0), (pn: 18446744073709551615, time: 0), (pn: 18446744073709551615, time: 0), (pn: 18446744073709551615, time: 0), (pn: 18446744073709551615, time: 0), (pn: 18446744073709551615, time: 0), (pn: 18446744073709551615, time: 0), (pn: 18446744073709551615, time: 0), (pn: 18446744073709551615, time: 0), (pn: 18446744073709551615, time: 0), (pn: 18446744073709551615, time: 0), (pn: 18446744073709551615, time: 0), (pn: 18446744073709551615, time: 0), (pn: 18446744073709551615, time: 0), (pn: 18446744073709551615, time: 0), (pn: 18446744073709551615, time: 0), (pn: 18446744073709551615, time: 0), (pn: 18446744073709551615, time: 0), (pn: 18446744073709551615, time: 0), (pn: 18446744073709551615, time: 0), (pn: 18446744073709551615, time: 0), (pn: 18446744073709551615, time: 0), (pn: 18446744073709551615, time: 0), (pn: 18446744073709551615, time: 0), (pn: 18446744073709551615, time: 0), (pn: 18446744073709551615, time: 0), (pn: 18446744073709551615, time: 0), (pn: 18446744073709551615, time: 0), (pn: 18446744073709551615, time: 0), (pn: 18446744073709551615, time: 0), (pn: 18446744073709551615, time: 0), (pn: 18446744073709551615, time: 0), (pn: 18446744073709551615, time: 0), (pn: 18446744073709551615, time: 0), (pn: 18446744073709551615, time: 0), (pn: 18446744073709551615, time: 0), (pn: 18446744073709551615, time: 0), (pn: 18446744073709551615, time: 0), (pn: 18446744073709551615, time: 0), (pn: 18446744073709551615, time: 0), (pn: 18446744073709551615, time: 0), (pn: 18446744073709551615, time: 0), (pn: 18446744073709551615, time: 0), (pn: 18446744073709551615, time: 0), (pn: 18446744073709551615, time: 0), (pn: 18446744073709551615, time: 0), (pn: 18446744073709551615, time: 0), (pn: 18446744073709551615, time: 0), (pn: 18446744073709551615, time: 0), (pn: 18446744073709551615, time: 0), (pn: 18446744073709551615, time: 0), (pn: 18446744073709551615, time: 0), (pn: 18446744073709551615, time: 0), (pn: 18446744073709551615, time: 0), (pn: 18446744073709551615, time: 0), (pn: 18446744073709551615, time: 0), (pn: 18446744073709551615, time: 0), (pn: 18446744073709551615, time: 0), (pn: 18446744073709551615, time: 0), (pn: 18446744073709551615, time: 0), (pn: 18446744073709551615, time: 0), (pn: 18446744073709551615, time: 0), (pn: 18446744073709551615, time: 0), (pn: 18446744073709551615, time: 0), (pn: 18446744073709551615, time: 0), (pn: 18446744073709551615, time: 0), (pn: 18446744073709551615, time: 0), (pn: 18446744073709551615, time: 0), (pn: 18446744073709551615, time: 0), (pn: 18446744073709551615, time: 0), (pn: 18446744073709551615, time: 0), (pn: 18446744073709551615, time: 0), (pn: 18446744073709551615, time: 0), (pn: 18446744073709551615, time: 0), (pn: 18446744073709551615, time: 0), (pn: 18446744073709551615, time: 0), (pn: 18446744073709551615, time: 0), (pn: 18446744073709551615, time: 0), (pn: 18446744073709551615, time: 0), (pn: 18446744073709551615, time: 0), (pn: 18446744073709551615, time: 0), (pn: 18446744073709551615, time: 0), (pn: 18446744073709551615, time: 0), (pn: 18446744073709551615, time: 0), (pn: 18446744073709551615, time: 0), (pn: 18446744073709551615, time: 0), (pn: 18446744073709551615, time: 0), (pn: 18446744073709551615, time: 0), (pn: 18446744073709551615, time: 0), (pn: 18446744073709551615, time: 0), (pn: 18446744073709551615, time: 0), (pn: 18446744073709551615, time: 0), (pn: 18446744073709551615, time: 0), (pn: 18446744073709551615, time: 0), (pn: 18446744073709551615, time: 0), (pn: 18446744073709551615, time: 0), (pn: 18446744073709551615, time: 0), (pn: 18446744073709551615, time: 0), (pn: 18446744073709551615, time: 0), (pn: 18446744073709551615, time: 0), (pn: 18446744073709551615, time: 0), (pn: 18446744073709551615, time: 0), (pn: 18446744073709551615, time: 0), (pn: 18446744073709551615, time: 0), (pn: 18446744073709551615, time: 0), (pn: 18446744073709551615, time: 0), (pn: 18446744073709551615, time: 0), (pn: 18446744073709551615, time: 0), (pn: 18446744073709551615, time: 0), (pn: 18446744073709551615, time: 0), (pn: 18446744073709551615, time: 0), (pn: 18446744073709551615, time: 0), (pn: 18446744073709551615, time: 0), (pn: 18446744073709551615, time: 0), (pn: 18446744073709551615, time: 0), (pn: 18446744073709551615, time: 0), (pn: 18446744073709551615, time: 0), (pn: 18446744073709551615, time: 0), (pn: 18446744073709551615, time: 0), (pn: 18446744073709551615, time: 0), (pn: 18446744073709551615, time: 0), (pn: 18446744073709551615, time: 0), (pn: 18446744073709551615, time: 0), (pn: 18446744073709551615, time: 0), (pn: 18446744073709551615, time: 0), (pn: 18446744073709551615, time: 0), (pn: 18446744073709551615, time: 0), (pn: 18446744073709551615, time: 0), (pn: 18446744073709551615, time: 0), (pn: 18446744073709551615, time: 0), (pn: 18446744073709551615, time: 0), (pn: 18446744073709551615, time: 0), (pn: 18446744073709551615, time: 0), (pn: 18446744073709551615, time: 0), (pn: 18446744073709551615, time: 0), (pn: 18446744073709551615, time: 0), (pn: 18446744073709551615, time: 0), (pn: 18446744073709551615, time: 0), (pn: 18446744073709551615, time: 0), (pn: 18446744073709551615, time: 0), (pn: 18446744073709551615, time: 0), (pn: 18446744073709551615, time: 0), (pn: 18446744073709551615, time: 0), (pn: 18446744073709551615, time: 0), (pn: 18446744073709551615, time: 0), (pn: 18446744073709551615, time: 0), (pn: 18446744073709551615, time: 0), (pn: 18446744073709551615, time: 0), (pn: 18446744073709551615, time: 0), (pn: 18446744073709551615, time: 0), (pn: 18446744073709551615, time: 0), (pn: 18446744073709551615, time: 0), (pn: 18446744073709551615, time: 0), (pn: 18446744073709551615, time: 0), (pn: 18446744073709551615, time: 0), (pn: 18446744073709551615, time: 0), (pn: 18446744073709551615, time: 0), (pn: 18446744073709551615, time: 0), (pn: 18446744073709551615, time: 0), (pn: 18446744073709551615, time: 0), (pn: 18446744073709551615, time: 0), (pn: 18446744073709551615, time: 0), (pn: 18446744073709551615, time: 0), (pn: 18446744073709551615, time: 0), (pn: 18446744073709551615, time: 0), (pn: 18446744073709551615, time: 0), (pn: 18446744073709551615, time: 0), (pn: 18446744073709551615, time: 0), (pn: 18446744073709551615, time: 0), (pn: 18446744073709551615, time: 0), (pn: 18446744073709551615, time: 0), (pn: 18446744073709551615, time: 0), (pn: 18446744073709551615, time: 0), (pn: 18446744073709551615, time: 0), (pn: 18446744073709551615, time: 0), (pn: 18446744073709551615, time: 0), (pn: 18446744073709551615, time: 0), (pn: 18446744073709551615, time: 0), (pn: 18446744073709551615, time: 0), (pn: 18446744073709551615, time: 0), (pn: 18446744073709551615, time: 0), (pn: 18446744073709551615, time: 0), (pn: 18446744073709551615, time: 0), (pn: 18446744073709551615, time: 0), (pn: 18446744073709551615, time: 0), (pn: 18446744073709551615, time: 0), (pn: 18446744073709551615, time: 0), (pn: 18446744073709551615, time: 0), (pn: 18446744073709551615, time: 0), (pn: 18446744073709551615, time: 0), (pn: 18446744073709551615, time: 0), (pn: 18446744073709551615, time: 0), (pn: 18446744073709551615, time: 0), (pn: 18446744073709551615, time: 0), (pn: 18446744073709551615, time: 0), (pn: 18446744073709551615, time: 0), (pn: 18446744073709551615, time: 0), (pn: 18446744073709551615, time: 0), (pn: 18446744073709551615, time: 0), (pn: 18446744073709551615, time: 0), (pn: 18446744073709551615, time: 0), (pn: 18446744073709551615, time: 0), (pn: 18446744073709551615, time: 0), (pn: 18446744073709551615, time: 0), (pn: 18446744073709551615, time: 0), (pn: 18446744073709551615, time: 0), (pn: 18446744073709551615, time: 0), (pn: 18446744073709551615, time: 0), (pn: 18446744073709551615, time: 0), (pn: 18446744073709551615, time: 0), (pn: 18446744073709551615, time: 0), (pn: 18446744073709551615, time: 0), (pn: 18446744073709551615, time: 0), (pn: 18446744073709551615, time: 0), (pn: 18446744073709551615, time: 0), (pn: 18446744073709551615, time: 0), (pn: 18446744073709551615, time: 0), (pn: 18446744073709551615, time: 0), (pn: 18446744073709551615, time: 0), (pn: 18446744073709551615, time: 0), (pn: 18446744073709551615, time: 0), (pn: 18446744073709551615, time: 0), (pn: 18446744073709551615, time: 0), (pn: 18446744073709551615, time: 0), (pn: 18446744073709551615, time: 0), (pn: 18446744073709551615, time: 0), (pn: 18446744073709551615, time: 0), (pn: 18446744073709551615, time: 0), (pn: 18446744073709551615, time: 0), (pn: 18446744073709551615, time: 0), (pn: 18446744073709551615, time: 0), (pn: 18446744073709551615, time: 0), (pn: 18446744073709551615, time: 0), (pn: 18446744073709551615, time: 0), (pn: 18446744073709551615, time: 0), (pn: 18446744073709551615, time: 0), (pn: 18446744073709551615, time: 0), (pn: 18446744073709551615, time: 0), (pn: 18446744073709551615, time: 0), (pn: 18446744073709551615, time: 0), (pn: 18446744073709551615, time: 0), (pn: 18446744073709551615, time: 0), (pn: 18446744073709551615, time: 0), (pn: 18446744073709551615, time: 0), (pn: 18446744073709551615, time: 0), (pn: 18446744073709551615, time: 0), (pn: 18446744073709551615, time: 0), (pn: 18446744073709551615, time: 0), (pn: 18446744073709551615, time: 0), (pn: 18446744073709551615, time: 0), (pn: 18446744073709551615, time: 0), (pn: 18446744073709551615, time: 0), (pn: 18446744073709551615, time: 0), (pn: 18446744073709551615, time: 0), (pn: 18446744073709551615, time: 0), (pn: 18446744073709551615, time: 0), (pn: 18446744073709551615, time: 0), (pn: 18446744073709551615, time: 0), (pn: 18446744073709551615, time: 0), (pn: 18446744073709551615, time: 0), (pn: 18446744073709551615, time: 0), (pn: 18446744073709551615, time: 0), (pn: 18446744073709551615, time: 0), (pn: 18446744073709551615, time: 0), (pn: 18446744073709551615, time: 0), (pn: 18446744073709551615, time: 0), (pn: 18446744073709551615, time: 0), (pn: 18446744073709551615, time: 0), (pn: 18446744073709551615, time: 0), (pn: 18446744073709551615, time: 0), (pn: 18446744073709551615, time: 0), (pn: 18446744073709551615, time: 0), (pn: 18446744073709551615, time: 0), (pn: 18446744073709551615, time: 0), (pn: 18446744073709551615, time: 0), (pn: 18446744073709551615, time: 0), (pn: 18446744073709551615, time: 0), (pn: 18446744073709551615, time: 0), (pn: 18446744073709551615, time: 0), (pn: 18446744073709551615, time: 0), (pn: 18446744073709551615, time: 0), (pn: 18446744073709551615, time: 0), (pn: 18446744073709551615, time: 0), (pn: 18446744073709551615, time: 0), (pn: 18446744073709551615, time: 0), (pn: 18446744073709551615, time: 0), (pn: 18446744073709551615, time: 0), (pn: 18446744073709551615, time: 0), (pn: 18446744073709551615, time: 0), (pn: 18446744073709551615, time: 0), (pn: 18446744073709551615, time: 0), (pn: 18446744073709551615, time: 0), (pn: 18446744073709551615, time: 0), (pn: 18446744073709551615, time: 0), (pn: 18446744073709551615, time: 0), (pn: 18446744073709551615, time: 0), (pn: 18446744073709551615, time: 0), (pn: 18446744073709551615, time: 0), (pn: 18446744073709551615, time: 0), (pn: 18446744073709551615, time: 0), (pn: 18446744073709551615, time: 0), (pn: 18446744073709551615, time: 0), (pn: 18446744073709551615, time: 0), (pn: 18446744073709551615, time: 0), (pn: 18446744073709551615, time: 0), (pn: 18446744073709551615, time: 0), (pn: 18446744073709551615, time: 0), (pn: 18446744073709551615, time: 0), (pn: 18446744073709551615, time: 0), (pn: 18446744073709551615, time: 0), (pn: 18446744073709551615, time: 0), (pn: 18446744073709551615, time: 0), (pn: 18446744073709551615, time: 0), (pn: 18446744073709551615, time: 0), (pn: 18446744073709551615, time: 0), (pn: 18446744073709551615, time: 0), (pn: 18446744073709551615, time: 0), (pn: 18446744073709551615, time: 0), (pn: 18446744073709551615, time: 0), (pn: 18446744073709551615, time: 0), (pn: 18446744073709551615, time: 0), (pn: 18446744073709551615, time: 0), (pn: 18446744073709551615, time: 0), (pn: 18446744073709551615, time: 0), (pn: 18446744073709551615, time: 0), (pn: 18446744073709551615, time: 0), (pn: 18446744073709551615, time: 0), (pn: 18446744073709551615, time: 0), (pn: 18446744073709551615, time: 0), (pn: 18446744073709551615, time: 0), (pn: 18446744073709551615, time: 0), (pn: 18446744073709551615, time: 0), (pn: 18446744073709551615, time: 0), (pn: 18446744073709551615, time: 0), (pn: 18446744073709551615, time: 0), (pn: 18446744073709551615, time: 0), (pn: 18446744073709551615, time: 0), (pn: 18446744073709551615, time: 0), (pn: 18446744073709551615, time: 0), (pn: 18446744073709551615, time: 0), (pn: 18446744073709551615, time: 0), (pn: 18446744073709551615, time: 0), (pn: 18446744073709551615, time: 0), (pn: 18446744073709551615, time: 0), (pn: 18446744073709551615, time: 0), (pn: 18446744073709551615, time: 0), (pn: 18446744073709551615, time: 0), (pn: 18446744073709551615, time: 0), (pn: 18446744073709551615, time: 0), (pn: 18446744073709551615, time: 0), (pn: 18446744073709551615, time: 0), (pn: 18446744073709551615, time: 0), (pn: 18446744073709551615, time: 0), (pn: 18446744073709551615, time: 0), (pn: 18446744073709551615, time: 0), (pn: 18446744073709551615, time: 0), (pn: 18446744073709551615, time: 0), (pn: 18446744073709551615, time: 0), (pn: 18446744073709551615, time: 0), (pn: 18446744073709551615, time: 0), (pn: 18446744073709551615, time: 0), (pn: 18446744073709551615, time: 0), (pn: 18446744073709551615, time: 0), (pn: 18446744073709551615, time: 0), (pn: 18446744073709551615, time: 0), (pn: 18446744073709551615, time: 0), (pn: 18446744073709551615, time: 0), (pn: 18446744073709551615, time: 0), (pn: 18446744073709551615, time: 0), (pn: 18446744073709551615, time: 0), (pn: 18446744073709551615, time: 0), (pn: 18446744073709551615, time: 0), (pn: 18446744073709551615, time: 0), (pn: 18446744073709551615, time: 0), (pn: 18446744073709551615, time: 0), (pn: 18446744073709551615, time: 0), (pn: 18446744073709551615, time: 0), (pn: 18446744073709551615, time: 0), (pn: 18446744073709551615, time: 0), (pn: 18446744073709551615, time: 0), (pn: 18446744073709551615, time: 0), (pn: 18446744073709551615, time: 0), (pn: 18446744073709551615, time: 0), (pn: 18446744073709551615, time: 0), (pn: 18446744073709551615, time: 0), (pn: 18446744073709551615, time: 0), (pn: 18446744073709551615, time: 0), (pn: 18446744073709551615, time: 0), (pn: 18446744073709551615, time: 0), (pn: 18446744073709551615, time: 0), (pn: 18446744073709551615, time: 0), (pn: 18446744073709551615, time: 0), (pn: 18446744073709551615, time: 0), (pn: 18446744073709551615, time: 0), (pn: 18446744073709551615, time: 0), (pn: 18446744073709551615, time: 0), (pn: 18446744073709551615, time: 0), (pn: 18446744073709551615, time: 0), (pn: 18446744073709551615, time: 0), (pn: 18446744073709551615, time: 0), (pn: 18446744073709551615, time: 0), (pn: 18446744073709551615, time: 0), (pn: 18446744073709551615, time: 0), (pn: 18446744073709551615, time: 0), (pn: 18446744073709551615, time: 0), (pn: 18446744073709551615, time: 0), (pn: 18446744073709551615, time: 0), (pn: 18446744073709551615, time: 0), (pn: 18446744073709551615, time: 0), (pn: 18446744073709551615, time: 0), (pn: 18446744073709551615, time: 0), (pn: 18446744073709551615, time: 0), (pn: 18446744073709551615, time: 0), (pn: 18446744073709551615, time: 0), (pn: 18446744073709551615, time: 0), (pn: 18446744073709551615, time: 0), (pn: 18446744073709551615, time: 0), (pn: 18446744073709551615, time: 0), (pn: 18446744073709551615, time: 0), (pn: 18446744073709551615, time: 0), (pn: 18446744073709551615, time: 0), (pn: 18446744073709551615, time: 0), (pn: 18446744073709551615, time: 0), (pn: 18446744073709551615, time: 0), (pn: 18446744073709551615, time: 0), (pn: 18446744073709551615, time: 0), (pn: 18446744073709551615, time: 0), (pn: 18446744073709551615, time: 0), (pn: 18446744073709551615, time: 0), (pn: 18446744073709551615, time: 0), (pn: 18446744073709551615, time: 0), (pn: 18446744073709551615, time: 0), (pn: 18446744073709551615, time: 0), (pn: 18446744073709551615, time: 0), (pn: 18446744073709551615, time: 0), (pn: 18446744073709551615, time: 0), (pn: 18446744073709551615, time: 0), (pn: 18446744073709551615, time: 0), (pn: 18446744073709551615, time: 0), (pn: 18446744073709551615, time: 0), (pn: 18446744073709551615, time: 0), (pn: 18446744073709551615, time: 0), (pn: 18446744073709551615, time: 0), (pn: 18446744073709551615, time: 0), (pn: 18446744073709551615, time: 0), (pn: 18446744073709551615, time: 0), (pn: 18446744073709551615, time: 0), (pn: 18446744073709551615, time: 0), (pn: 18446744073709551615, time: 0), (pn: 18446744073709551615, time: 0), (pn: 18446744073709551615, time: 0), (pn: 18446744073709551615, time: 0), (pn: 18446744073709551615, time: 0), (pn: 18446744073709551615, time: 0), (pn: 18446744073709551615, time: 0), (pn: 18446744073709551615, time: 0), (pn: 18446744073709551615, time: 0), (pn: 18446744073709551615, time: 0), (pn: 18446744073709551615, time: 0), (pn: 18446744073709551615, time: 0), (pn: 18446744073709551615, time: 0), (pn: 18446744073709551615, time: 0), (pn: 18446744073709551615, time: 0), (pn: 18446744073709551615, time: 0), (pn: 18446744073709551615, time: 0), (pn: 18446744073709551615, time: 0), (pn: 18446744073709551615, time: 0), (pn: 18446744073709551615, time: 0), (pn: 18446744073709551615, time: 0), (pn: 18446744073709551615, time: 0), (pn: 18446744073709551615, time: 0), (pn: 18446744073709551615, time: 0), (pn: 18446744073709551615, time: 0), (pn: 18446744073709551615, time: 0), (pn: 18446744073709551615, time: 0), (pn: 18446744073709551615, time: 0), (pn: 18446744073709551615, time: 0), (pn: 18446744073709551615, time: 0), (pn: 18446744073709551615, time: 0), (pn: 18446744073709551615, time: 0), (pn: 18446744073709551615, time: 0), (pn: 18446744073709551615, time: 0), (pn: 18446744073709551615, time: 0), (pn: 18446744073709551615, time: 0), (pn: 18446744073709551615, time: 0), (pn: 18446744073709551615, time: 0), (pn: 18446744073709551615, time: 0), (pn: 18446744073709551615, time: 0), (pn: 18446744073709551615, time: 0), (pn: 18446744073709551615, time: 0), (pn: 18446744073709551615, time: 0), (pn: 18446744073709551615, time: 0), (pn: 18446744073709551615, time: 0), (pn: 18446744073709551615, time: 0), (pn: 18446744073709551615, time: 0), (pn: 18446744073709551615, time: 0), (pn: 18446744073709551615, time: 0), (pn: 18446744073709551615, time: 0), (pn: 18446744073709551615, time: 0), (pn: 18446744073709551615, time: 0), (pn: 18446744073709551615, time: 0), (pn: 18446744073709551615, time: 0), (pn: 18446744073709551615, time: 0), (pn: 18446744073709551615, time: 0), (pn: 18446744073709551615, time: 0), (pn: 18446744073709551615, time: 0), (pn: 18446744073709551615, time: 0), (pn: 18446744073709551615, time: 0), (pn: 18446744073709551615, time: 0), (pn: 18446744073709551615, time: 0), (pn: 18446744073709551615, time: 0), (pn: 18446744073709551615, time: 0), (pn: 18446744073709551615, time: 0), (pn: 18446744073709551615, time: 0), (pn: 18446744073709551615, time: 0), (pn: 18446744073709551615, time: 0), (pn: 18446744073709551615, time: 0), (pn: 18446744073709551615, time: 0), (pn: 18446744073709551615, time: 0), (pn: 18446744073709551615, time: 0), (pn: 18446744073709551615, time: 0), (pn: 18446744073709551615, time: 0), (pn: 18446744073709551615, time: 0), (pn: 18446744073709551615, time: 0), (pn: 18446744073709551615, time: 0), (pn: 18446744073709551615, time: 0), (pn: 18446744073709551615, time: 0), (pn: 18446744073709551615, time: 0), (pn: 18446744073709551615, time: 0), (pn: 18446744073709551615, time: 0), (pn: 18446744073709551615, time: 0), (pn: 18446744073709551615, time: 0), (pn: 18446744073709551615, time: 0), (pn: 18446744073709551615, time: 0), (pn: 18446744073709551615, time: 0), (pn: 18446744073709551615, time: 0), (pn: 18446744073709551615, time: 0), (pn: 18446744073709551615, time: 0), (pn: 18446744073709551615, time: 0), (pn: 18446744073709551615, time: 0), (pn: 18446744073709551615, time: 0), (pn: 18446744073709551615, time: 0), (pn: 18446744073709551615, time: 0), (pn: 18446744073709551615, time: 0), (pn: 18446744073709551615, time: 0), (pn: 18446744073709551615, time: 0), (pn: 18446744073709551615, time: 0), (pn: 18446744073709551615, time: 0), (pn: 18446744073709551615, time: 0), (pn: 18446744073709551615, time: 0), (pn: 18446744073709551615, time: 0), (pn: 18446744073709551615, time: 0), (pn: 18446744073709551615, time: 0), (pn: 18446744073709551615, time: 0), (pn: 18446744073709551615, time: 0), (pn: 18446744073709551615, time: 0), (pn: 18446744073709551615, time: 0), (pn: 18446744073709551615, time: 0), (pn: 18446744073709551615, time: 0), (pn: 18446744073709551615, time: 0), (pn: 18446744073709551615, time: 0), (pn: 18446744073709551615, time: 0), (pn: 18446744073709551615, time: 0), (pn: 18446744073709551615, time: 0), (pn: 18446744073709551615, time: 0), (pn: 18446744073709551615, time: 0), (pn: 18446744073709551615, time: 0), (pn: 18446744073709551615, time: 0), (pn: 18446744073709551615, time: 0), (pn: 18446744073709551615, time: 0), (pn: 18446744073709551615, time: 0), (pn: 18446744073709551615, time: 0), (pn: 18446744073709551615, time: 0), (pn: 18446744073709551615, time: 0), (pn: 18446744073709551615, time: 0), (pn: 18446744073709551615, time: 0), (pn: 18446744073709551615, time: 0), (pn: 18446744073709551615, time: 0), (pn: 18446744073709551615, time: 0), (pn: 18446744073709551615, time: 0), (pn: 18446744073709551615, time: 0), (pn: 18446744073709551615, time: 0), (pn: 18446744073709551615, time: 0), (pn: 18446744073709551615, time: 0), (pn: 18446744073709551615, time: 0), (pn: 18446744073709551615, time: 0), (pn: 18446744073709551615, time: 0), (pn: 18446744073709551615, time: 0), (pn: 18446744073709551615, time: 0), (pn: 18446744073709551615, time: 0), (pn: 18446744073709551615, time: 0), (pn: 18446744073709551615, time: 0), (pn: 18446744073709551615, time: 0), (pn: 18446744073709551615, time: 0), (pn: 18446744073709551615, time: 0), (pn: 18446744073709551615, time: 0), (pn: 18446744073709551615, time: 0), (pn: 18446744073709551615, time: 0), (pn: 18446744073709551615, time: 0), (pn: 18446744073709551615, time: 0), (pn: 18446744073709551615, time: 0), (pn: 18446744073709551615, time: 0), (pn: 18446744073709551615, time: 0), (pn: 18446744073709551615, time: 0), (pn: 18446744073709551615, time: 0), (pn: 18446744073709551615, time: 0), (pn: 18446744073709551615, time: 0), (pn: 18446744073709551615, time: 0), (pn: 18446744073709551615, time: 0), (pn: 18446744073709551615, time: 0), (pn: 18446744073709551615, time: 0), (pn: 18446744073709551615, time: 0), (pn: 18446744073709551615, time: 0), (pn: 18446744073709551615, time: 0), (pn: 18446744073709551615, time: 0), (pn: 18446744073709551615, time: 0), (pn: 18446744073709551615, time: 0), (pn: 18446744073709551615, time: 0), (pn: 18446744073709551615, time: 0), (pn: 18446744073709551615, time: 0), (pn: 18446744073709551615, time: 0), (pn: 18446744073709551615, time: 0), (pn: 18446744073709551615, time: 0), (pn: 18446744073709551615, time: 0), (pn: 18446744073709551615, time: 0), (pn: 18446744073709551615, time: 0), (pn: 18446744073709551615, time: 0), (pn: 18446744073709551615, time: 0), (pn: 18446744073709551615, time: 0), (pn: 18446744073709551615, time: 0), (pn: 18446744073709551615, time: 0), (pn: 18446744073709551615, time: 0), (pn: 18446744073709551615, time: 0), (pn: 18446744073709551615, time: 0), (pn: 18446744073709551615, time: 0), (pn: 18446744073709551615, time: 0), (pn: 18446744073709551615, time: 0), (pn: 18446744073709551615, time: 0), (pn: 18446744073709551615, time: 0), (pn: 18446744073709551615, time: 0), (pn: 18446744073709551615, time: 0), (pn: 18446744073709551615, time: 0), (pn: 18446744073709551615, time: 0), (pn: 18446744073709551615, time: 0), (pn: 18446744073709551615, time: 0), (pn: 18446744073709551615, time: 0), (pn: 18446744073709551615, time: 0), (pn: 18446744073709551615, time: 0), (pn: 18446744073709551615, time: 0), (pn: 18446744073709551615, time: 0), (pn: 18446744073709551615, time: 0), (pn: 18446744073709551615, time: 0), (pn: 18446744073709551615, time: 0), (pn: 18446744073709551615, time: 0), (pn: 18446744073709551615, time: 0), (pn: 18446744073709551615, time: 0), (pn: 18446744073709551615, time: 0), (pn: 18446744073709551615, time: 0), (pn: 18446744073709551615, time: 0), (pn: 18446744073709551615, time: 0), (pn: 18446744073709551615, time: 0), (pn: 18446744073709551615, time: 0), (pn: 18446744073709551615, time: 0), (pn: 18446744073709551615, time: 0), (pn: 18446744073709551615, time: 0), (pn: 18446744073709551615, time: 0), (pn: 18446744073709551615, time: 0), (pn: 18446744073709551615, time: 0), (pn: 18446744073709551615, time: 0), (pn: 18446744073709551615, time: 0), (pn: 18446744073709551615, time: 0), (pn: 18446744073709551615, time: 0), (pn: 18446744073709551615, time: 0), (pn: 18446744073709551615, time: 0), (pn: 18446744073709551615, time: 0), (pn: 18446744073709551615, time: 0), (pn: 18446744073709551615, time: 0), (pn: 18446744073709551615, time: 0), (pn: 18446744073709551615, time: 0), (pn: 18446744073709551615, time: 0), (pn: 18446744073709551615, time: 0), (pn: 18446744073709551615, time: 0), (pn: 18446744073709551615, time: 0), (pn: 18446744073709551615, time: 0), (pn: 18446744073709551615, time: 0), (pn: 18446744073709551615, time: 0), (pn: 18446744073709551615, time: 0), (pn: 18446744073709551615, time: 0), (pn: 18446744073709551615, time: 0), (pn: 18446744073709551615, time: 0), (pn: 18446744073709551615, time: 0), (pn: 18446744073709551615, time: 0), (pn: 18446744073709551615, time: 0), (pn: 18446744073709551615, time: 0), (pn: 18446744073709551615, time: 0), (pn: 18446744073709551615, time: 0), (pn: 18446744073709551615, time: 0), (pn: 18446744073709551615, time: 0), (pn: 18446744073709551615, time: 0), (pn: 18446744073709551615, time: 0), (pn: 18446744073709551615, time: 0), (pn: 18446744073709551615, time: 0), (pn: 18446744073709551615, time: 0), (pn: 18446744073709551615, time: 0), (pn: 18446744073709551615, time: 0), (pn: 18446744073709551615, time: 0), (pn: 18446744073709551615, time: 0), (pn: 18446744073709551615, time: 0), (pn: 18446744073709551615, time: 0), (pn: 18446744073709551615, time: 0), (pn: 18446744073709551615, time: 0), (pn: 18446744073709551615, time: 0), (pn: 18446744073709551615, time: 0), (pn: 18446744073709551615, time: 0), (pn: 18446744073709551615, time: 0), (pn: 18446744073709551615, time: 0), (pn: 18446744073709551615, time: 0), (pn: 18446744073709551615, time: 0), (pn: 18446744073709551615, time: 0), (pn: 18446744073709551615, time: 0), (pn: 18446744073709551615, time: 0), (pn: 18446744073709551615, time: 0), (pn: 18446744073709551615, time: 0), (pn: 18446744073709551615, time: 0), (pn: 18446744073709551615, time: 0), (pn: 18446744073709551615, time: 0), (pn: 18446744073709551615, time: 0), (pn: 18446744073709551615, time: 0), (pn: 18446744073709551615, time: 0), (pn: 18446744073709551615, time: 0), (pn: 18446744073709551615, time: 0), (pn: 18446744073709551615, time: 0), (pn: 18446744073709551615, time: 0), (pn: 18446744073709551615, time: 0), (pn: 18446744073709551615, time: 0), (pn: 18446744073709551615, time: 0), (pn: 18446744073709551615, time: 0), (pn: 18446744073709551615, time: 0), (pn: 18446744073709551615, time: 0), (pn: 18446744073709551615, time: 0), (pn: 18446744073709551615, time: 0), (pn: 18446744073709551615, time: 0), (pn: 18446744073709551615, time: 0), (pn: 18446744073709551615, time: 0), (pn: 18446744073709551615, time: 0), (pn: 18446744073709551615, time: 0), (pn: 18446744073709551615, time: 0), (pn: 18446744073709551615, time: 0), (pn: 18446744073709551615, time: 0), (pn: 18446744073709551615, time: 0), (pn: 18446744073709551615, time: 0), (pn: 18446744073709551615, time: 0), (pn: 18446744073709551615, time: 0), (pn: 18446744073709551615, time: 0), (pn: 18446744073709551615, time: 0), (pn: 18446744073709551615, time: 0), (pn: 18446744073709551615, time: 0), (pn: 18446744073709551615, time: 0), (pn: 18446744073709551615, time: 0), (pn: 18446744073709551615, time: 0), (pn: 18446744073709551615, time: 0), (pn: 18446744073709551615, time: 0), (pn: 18446744073709551615, time: 0), (pn: 18446744073709551615, time: 0), (pn: 18446744073709551615, time: 0), (pn: 18446744073709551615, time: 0), (pn: 18446744073709551615, time: 0), (pn: 18446744073709551615, time: 0), (pn: 18446744073709551615, time: 0), (pn: 18446744073709551615, time: 0), (pn: 18446744073709551615, time: 0), (pn: 18446744073709551615, time: 0), (pn: 18446744073709551615, time: 0), (pn: 18446744073709551615, time: 0), (pn: 18446744073709551615, time: 0), (pn: 18446744073709551615, time: 0), (pn: 18446744073709551615, time: 0), (pn: 18446744073709551615, time: 0), (pn: 18446744073709551615, time: 0), (pn: 18446744073709551615, time: 0), (pn: 18446744073709551615, time: 0), (pn: 18446744073709551615, time: 0), (pn: 18446744073709551615, time: 0), (pn: 18446744073709551615, time: 0), (pn: 18446744073709551615, time: 0), (pn: 18446744073709551615, time: 0), (pn: 18446744073709551615, time: 0), (pn: 18446744073709551615, time: 0), (pn: 18446744073709551615, time: 0), (pn: 18446744073709551615, time: 0), (pn: 18446744073709551615, time: 0), (pn: 18446744073709551615, time: 0), (pn: 18446744073709551615, time: 0), (pn: 18446744073709551615, time: 0), (pn: 18446744073709551615, time: 0), (pn: 18446744073709551615, time: 0), (pn: 18446744073709551615, time: 0), (pn: 18446744073709551615, time: 0), (pn: 18446744073709551615, time: 0), (pn: 18446744073709551615, time: 0), (pn: 18446744073709551615, time: 0), (pn: 18446744073709551615, time: 0), (pn: 18446744073709551615, time: 0), (pn: 18446744073709551615, time: 0), (pn: 18446744073709551615, time: 0), (pn: 18446744073709551615, time: 0), (pn: 18446744073709551615, time: 0), (pn: 18446744073709551615, time: 0), (pn: 18446744073709551615, time: 0), (pn: 18446744073709551615, time: 0), (pn: 18446744073709551615, time: 0), (pn: 18446744073709551615, time: 0), (pn: 18446744073709551615, time: 0), (pn: 18446744073709551615, time: 0), (pn: 18446744073709551615, time: 0), (pn: 18446744073709551615, time: 0), (pn: 18446744073709551615, time: 0), (pn: 18446744073709551615, time: 0), (pn: 18446744073709551615, time: 0), (pn: 18446744073709551615, time: 0), (pn: 18446744073709551615, time: 0), (pn: 18446744073709551615, time: 0), (pn: 18446744073709551615, time: 0), (pn: 18446744073709551615, time: 0), (pn: 18446744073709551615, time: 0), (pn: 18446744073709551615, time: 0), (pn: 18446744073709551615, time: 0), (pn: 18446744073709551615, time: 0), (pn: 18446744073709551615, time: 0), (pn: 18446744073709551615, time: 0), (pn: 18446744073709551615, time: 0), (pn: 18446744073709551615, time: 0), (pn: 18446744073709551615, time: 0), (pn: 18446744073709551615, time: 0), (pn: 18446744073709551615, time: 0), (pn: 18446744073709551615, time: 0), (pn: 18446744073709551615, time: 0), (pn: 18446744073709551615, time: 0), (pn: 18446744073709551615, time: 0), (pn: 18446744073709551615, time: 0), (pn: 18446744073709551615, time: 0), (pn: 18446744073709551615, time: 0), (pn: 18446744073709551615, time: 0), (pn: 18446744073709551615, time: 0), (pn: 18446744073709551615, time: 0), (pn: 18446744073709551615, time: 0), (pn: 18446744073709551615, time: 0), (pn: 18446744073709551615, time: 0), (pn: 18446744073709551615, time: 0), (pn: 18446744073709551615, time: 0), (pn: 18446744073709551615, time: 0), (pn: 18446744073709551615, time: 0), (pn: 18446744073709551615, time: 0), (pn: 18446744073709551615, time: 0), (pn: 18446744073709551615, time: 0), (pn: 18446744073709551615, time: 0), (pn: 18446744073709551615, time: 0), (pn: 18446744073709551615, time: 0), (pn: 18446744073709551615, time: 0), (pn: 18446744073709551615, time: 0), (pn: 18446744073709551615, time: 0), (pn: 18446744073709551615, time: 0), (pn: 18446744073709551615, time: 0), (pn: 18446744073709551615, time: 0), (pn: 18446744073709551615, time: 0), (pn: 18446744073709551615, time: 0), (pn: 18446744073709551615, time: 0), (pn: 18446744073709551615, time: 0), (pn: 18446744073709551615, time: 0), (pn: 18446744073709551615, time: 0), (pn: 18446744073709551615, time: 0), (pn: 18446744073709551615, time: 0), (pn: 18446744073709551615, time: 0), (pn: 18446744073709551615, time: 0), (pn: 18446744073709551615, time: 0), (pn: 18446744073709551615, time: 0), (pn: 18446744073709551615, time: 0), (pn: 18446744073709551615, time: 0), (pn: 18446744073709551615, time: 0), (pn: 18446744073709551615, time: 0), (pn: 18446744073709551615, time: 0), (pn: 18446744073709551615, time: 0), (pn: 18446744073709551615, time: 0), (pn: 18446744073709551615, time: 0), (pn: 18446744073709551615, time: 0), (pn: 18446744073709551615, time: 0), (pn: 18446744073709551615, time: 0), (pn: 18446744073709551615, time: 0), (pn: 18446744073709551615, time: 0), (pn: 18446744073709551615, time: 0), (pn: 18446744073709551615, time: 0), (pn: 18446744073709551615, time: 0), (pn: 18446744073709551615, time: 0), (pn: 18446744073709551615, time: 0), (pn: 18446744073709551615, time: 0), (pn: 18446744073709551615, time: 0), (pn: 18446744073709551615, time: 0), (pn: 18446744073709551615, time: 0), (pn: 18446744073709551615, time: 0), (pn: 18446744073709551615, time: 0), (pn: 18446744073709551615, time: 0), (pn: 18446744073709551615, time: 0), (pn: 18446744073709551615, time: 0), (pn: 18446744073709551615, time: 0), (pn: 18446744073709551615, time: 0), (pn: 18446744073709551615, time: 0), (pn: 18446744073709551615, time: 0), (pn: 18446744073709551615, time: 0), (pn: 18446744073709551615, time: 0), (pn: 18446744073709551615, time: 0), (pn: 18446744073709551615, time: 0), (pn: 18446744073709551615, time: 0), (pn: 18446744073709551615, time: 0), (pn: 18446744073709551615, time: 0), (pn: 18446744073709551615, time: 0), (pn: 18446744073709551615, time: 0), (pn: 18446744073709551615, time: 0), (pn: 18446744073709551615, time: 0), (pn: 18446744073709551615, time: 0), (pn: 18446744073709551615, time: 0), (pn: 18446744073709551615, time: 0), (pn: 18446744073709551615, time: 0), (pn: 18446744073709551615, time: 0), (pn: 18446744073709551615, time: 0), (pn: 18446744073709551615, time: 0), (pn: 18446744073709551615, time: 0), (pn: 18446744073709551615, time: 0), (pn: 18446744073709551615, time: 0), (pn: 18446744073709551615, time: 0), (pn: 18446744073709551615, time: 0), (pn: 18446744073709551615, time: 0), (pn: 18446744073709551615, time: 0), (pn: 18446744073709551615, time: 0), (pn: 18446744073709551615, time: 0), (pn: 18446744073709551615, time: 0), (pn: 18446744073709551615, time: 0), (pn: 18446744073709551615, time: 0), (pn: 18446744073709551615, time: 0), (pn: 18446744073709551615, time: 0), (pn: 18446744073709551615, time: 0), (pn: 18446744073709551615, time: 0), (pn: 18446744073709551615, time: 0), (pn: 18446744073709551615, time: 0), (pn: 18446744073709551615, time: 0), (pn: 18446744073709551615, time: 0), (pn: 18446744073709551615, time: 0), (pn: 18446744073709551615, time: 0), (pn: 18446744073709551615, time: 0), (pn: 18446744073709551615, time: 0), (pn: 18446744073709551615, time: 0), (pn: 18446744073709551615, time: 0), (pn: 18446744073709551615, time: 0), (pn: 18446744073709551615, time: 0), (pn: 18446744073709551615, time: 0), (pn: 18446744073709551615, time: 0), (pn: 18446744073709551615, time: 0), (pn: 18446744073709551615, time: 0), (pn: 18446744073709551615, time: 0), (pn: 18446744073709551615, time: 0), (pn: 18446744073709551615, time: 0), (pn: 18446744073709551615, time: 0), (pn: 18446744073709551615, time: 0), (pn: 18446744073709551615, time: 0), (pn: 18446744073709551615, time: 0), (pn: 18446744073709551615, time: 0), (pn: 18446744073709551615, time: 0), (pn: 18446744073709551615, time: 0), (pn: 18446744073709551615, time: 0), (pn: 18446744073709551615, time: 0), (pn: 18446744073709551615, time: 0), (pn: 18446744073709551615, time: 0), (pn: 18446744073709551615, time: 0), (pn: 18446744073709551615, time: 0), (pn: 18446744073709551615, time: 0), (pn: 18446744073709551615, time: 0), (pn: 18446744073709551615, time: 0), (pn: 18446744073709551615, time: 0), (pn: 18446744073709551615, time: 0), (pn: 18446744073709551615, time: 0), (pn: 18446744073709551615, time: 0), (pn: 18446744073709551615, time: 0), (pn: 18446744073709551615, time: 0), (pn: 18446744073709551615, time: 0), (pn: 18446744073709551615, time: 0), (pn: 18446744073709551615, time: 0), (pn: 18446744073709551615, time: 0), (pn: 18446744073709551615, time: 0), (pn: 18446744073709551615, time: 0), (pn: 18446744073709551615, time: 0), (pn: 18446744073709551615, time: 0), (pn: 18446744073709551615, time: 0), (pn: 18446744073709551615, time: 0), (pn: 18446744073709551615, time: 0), (pn: 18446744073709551615, time: 0), (pn: 18446744073709551615, time: 0), (pn: 18446744073709551615, time: 0), (pn: 18446744073709551615, time: 0), (pn: 18446744073709551615, time: 0), (pn: 18446744073709551615, time: 0), (pn: 18446744073709551615, time: 0), (pn: 18446744073709551615, time: 0), (pn: 18446744073709551615, time: 0), (pn: 18446744073709551615, time: 0), (pn: 18446744073709551615, time: 0), (pn: 18446744073709551615, time: 0), (pn: 18446744073709551615, time: 0), (pn: 18446744073709551615, time: 0), (pn: 18446744073709551615, time: 0), (pn: 18446744073709551615, time: 0), (pn: 18446744073709551615, time: 0), (pn: 18446744073709551615, time: 0), (pn: 18446744073709551615, time: 0), (pn: 18446744073709551615, time: 0), (pn: 18446744073709551615, time: 0), (pn: 18446744073709551615, time: 0), (pn: 18446744073709551615, time: 0), (pn: 18446744073709551615, time: 0), (pn: 18446744073709551615, time: 0), (pn: 18446744073709551615, time: 0), (pn: 18446744073709551615, time: 0), (pn: 18446744073709551615, time: 0), (pn: 18446744073709551615, time: 0), (pn: 18446744073709551615, time: 0), (pn: 18446744073709551615, time: 0), (pn: 18446744073709551615, time: 0), (pn: 18446744073709551615, time: 0), (pn: 18446744073709551615, time: 0), (pn: 18446744073709551615, time: 0), (pn: 18446744073709551615, time: 0), (pn: 18446744073709551615, time: 0), (pn: 18446744073709551615, time: 0), (pn: 18446744073709551615, time: 0), (pn: 18446744073709551615, time: 0), (pn: 18446744073709551615, time: 0), (pn: 18446744073709551615, time: 0), (pn: 18446744073709551615, time: 0), (pn: 18446744073709551615, time: 0), (pn: 18446744073709551615, time: 0), (pn: 18446744073709551615, time: 0), (pn: 18446744073709551615, time: 0), (pn: 18446744073709551615, time: 0), (pn: 18446744073709551615, time: 0), (pn: 18446744073709551615, time: 0), (pn: 18446744073709551615, time: 0), (pn: 18446744073709551615, time: 0), (pn: 18446744073709551615, time: 0), (pn: 18446744073709551615, time: 0), (pn: 18446744073709551615, time: 0), (pn: 18446744073709551615, time: 0), (pn: 18446744073709551615, time: 0), (pn: 18446744073709551615, time: 0), (pn: 18446744073709551615, time: 0), (pn: 18446744073709551615, time: 0), (pn: 18446744073709551615, time: 0), (pn: 18446744073709551615, time: 0), (pn: 18446744073709551615, time: 0), (pn: 18446744073709551615, time: 0), (pn: 18446744073709551615, time: 0), (pn: 18446744073709551615, time: 0), (pn: 18446744073709551615, time: 0), (pn: 18446744073709551615, time: 0), (pn: 18446744073709551615, time: 0), (pn: 18446744073709551615, time: 0), (pn: 18446744073709551615, time: 0), (pn: 18446744073709551615, time: 0), (pn: 18446744073709551615, time: 0), (pn: 18446744073709551615, time: 0), (pn: 18446744073709551615, time: 0), (pn: 18446744073709551615, time: 0), (pn: 18446744073709551615, time: 0), (pn: 18446744073709551615, time: 0), (pn: 18446744073709551615, time: 0), (pn: 18446744073709551615, time: 0), (pn: 18446744073709551615, time: 0), (pn: 18446744073709551615, time: 0), (pn: 18446744073709551615, time: 0), (pn: 18446744073709551615, time: 0), (pn: 18446744073709551615, time: 0), (pn: 18446744073709551615, time: 0), (pn: 18446744073709551615, time: 0), (pn: 18446744073709551615, time: 0), (pn: 18446744073709551615, time: 0), (pn: 18446744073709551615, time: 0), (pn: 18446744073709551615, time: 0), (pn: 18446744073709551615, time: 0), (pn: 18446744073709551615, time: 0), (pn: 18446744073709551615, time: 0), (pn: 18446744073709551615, time: 0), (pn: 18446744073709551615, time: 0), (pn: 18446744073709551615, time: 0), (pn: 18446744073709551615, time: 0), (pn: 18446744073709551615, time: 0), (pn: 18446744073709551615, time: 0), (pn: 18446744073709551615, time: 0), (pn: 18446744073709551615, time: 0), (pn: 18446744073709551615, time: 0), (pn: 18446744073709551615, time: 0), (pn: 18446744073709551615, time: 0), (pn: 18446744073709551615, time: 0), (pn: 18446744073709551615, time: 0), (pn: 18446744073709551615, time: 0), (pn: 18446744073709551615, time: 0), (pn: 18446744073709551615, time: 0), (pn: 18446744073709551615, time: 0), (pn: 18446744073709551615, time: 0), (pn: 18446744073709551615, time: 0), (pn: 18446744073709551615, time: 0), (pn: 18446744073709551615, time: 0), (pn: 18446744073709551615, time: 0), (pn: 18446744073709551615, time: 0), (pn: 18446744073709551615, time: 0), (pn: 18446744073709551615, time: 0), (pn: 18446744073709551615, time: 0), (pn: 18446744073709551615, time: 0), (pn: 18446744073709551615, time: 0), (pn: 18446744073709551615, time: 0), (pn: 18446744073709551615, time: 0), (pn: 18446744073709551615, time: 0), (pn: 18446744073709551615, time: 0), (pn: 18446744073709551615, time: 0), (pn: 18446744073709551615, time: 0), (pn: 18446744073709551615, time: 0), (pn: 18446744073709551615, time: 0), (pn: 18446744073709551615, time: 0), (pn: 18446744073709551615, time: 0), (pn: 18446744073709551615, time: 0), (pn: 18446744073709551615, time: 0), (pn: 18446744073709551615, time: 0), (pn: 18446744073709551615, time: 0), (pn: 18446744073709551615, time: 0), (pn: 18446744073709551615, time: 0), (pn: 18446744073709551615, time: 0), (pn: 18446744073709551615, time: 0), (pn: 18446744073709551615, time: 0), (pn: 18446744073709551615, time: 0), (pn: 18446744073709551615, time: 0), (pn: 18446744073709551615, time: 0), (pn: 18446744073709551615, time: 0), (pn: 18446744073709551615, time: 0), (pn: 18446744073709551615, time: 0), (pn: 18446744073709551615, time: 0), (pn: 18446744073709551615, time: 0), (pn: 18446744073709551615, time: 0), (pn: 18446744073709551615, time: 0), (pn: 18446744073709551615, time: 0), (pn: 18446744073709551615, time: 0), (pn: 18446744073709551615, time: 0), (pn: 18446744073709551615, time: 0), (pn: 18446744073709551615, time: 0), (pn: 18446744073709551615, time: 0), (pn: 18446744073709551615, time: 0), (pn: 18446744073709551615, time: 0), (pn: 18446744073709551615, time: 0), (pn: 18446744073709551615, time: 0), (pn: 18446744073709551615, time: 0), (pn: 18446744073709551615, time: 0), (pn: 18446744073709551615, time: 0), (pn: 18446744073709551615, time: 0), (pn: 18446744073709551615, time: 0), (pn: 18446744073709551615, time: 0), (pn: 18446744073709551615, time: 0), (pn: 18446744073709551615, time: 0), (pn: 18446744073709551615, time: 0), (pn: 18446744073709551615, time: 0), (pn: 18446744073709551615, time: 0), (pn: 18446744073709551615, time: 0), (pn: 18446744073709551615, time: 0), (pn: 18446744073709551615, time: 0), (pn: 18446744073709551615, time: 0), (pn: 18446744073709551615, time: 0), (pn: 18446744073709551615, time: 0), (pn: 18446744073709551615, time: 0), (pn: 18446744073709551615, time: 0), (pn: 18446744073709551615, time: 0), (pn: 18446744073709551615, time: 0), (pn: 18446744073709551615, time: 0), (pn: 18446744073709551615, time: 0), (pn: 18446744073709551615, time: 0), (pn: 18446744073709551615, time: 0), (pn: 18446744073709551615, time: 0), (pn: 18446744073709551615, time: 0), (pn: 18446744073709551615, time: 0), (pn: 18446744073709551615, time: 0), (pn: 18446744073709551615, time: 0), (pn: 18446744073709551615, time: 0), (pn: 18446744073709551615, time: 0), (pn: 18446744073709551615, time: 0), (pn: 18446744073709551615, time: 0), (pn: 18446744073709551615, time: 0), (pn: 18446744073709551615, time: 0), (pn: 18446744073709551615, time: 0), (pn: 18446744073709551615, time: 0), (pn: 18446744073709551615, time: 0), (pn: 18446744073709551615, time: 0), (pn: 18446744073709551615, time: 0), (pn: 18446744073709551615, time: 0), (pn: 18446744073709551615, time: 0), (pn: 18446744073709551615, time: 0), (pn: 18446744073709551615, time: 0), (pn: 18446744073709551615, time: 0), (pn: 18446744073709551615, time: 0), (pn: 18446744073709551615, time: 0), (pn: 18446744073709551615, time: 0), (pn: 18446744073709551615, time: 0), (pn: 18446744073709551615, time: 0), (pn: 18446744073709551615, time: 0), (pn: 18446744073709551615, time: 0), (pn: 18446744073709551615, time: 0), (pn: 18446744073709551615, time: 0), (pn: 18446744073709551615, time: 0), (pn: 18446744073709551615, time: 0), (pn: 18446744073709551615, time: 0), (pn: 18446744073709551615, time: 0), (pn: 18446744073709551615, time: 0), (pn: 18446744073709551615, time: 0), (pn: 18446744073709551615, time: 0), (pn: 18446744073709551615, time: 0), (pn: 18446744073709551615, time: 0), (pn: 18446744073709551615, time: 0), (pn: 18446744073709551615, time: 0), (pn: 18446744073709551615, time: 0), (pn: 18446744073709551615, time: 0), (pn: 18446744073709551615, time: 0), (pn: 18446744073709551615, time: 0), (pn: 18446744073709551615, time: 0), (pn: 18446744073709551615, time: 0), (pn: 18446744073709551615, time: 0), (pn: 18446744073709551615, time: 0), (pn: 18446744073709551615, time: 0), (pn: 18446744073709551615, time: 0), (pn: 18446744073709551615, time: 0), (pn: 18446744073709551615, time: 0), (pn: 18446744073709551615, time: 0), (pn: 18446744073709551615, time: 0), (pn: 18446744073709551615, time: 0), (pn: 18446744073709551615, time: 0), (pn: 18446744073709551615, time: 0), (pn: 18446744073709551615, time: 0), (pn: 18446744073709551615, time: 0), (pn: 18446744073709551615, time: 0), (pn: 18446744073709551615, time: 0), (pn: 18446744073709551615, time: 0), (pn: 18446744073709551615, time: 0), (pn: 18446744073709551615, time: 0), (pn: 18446744073709551615, time: 0), (pn: 18446744073709551615, time: 0), (pn: 18446744073709551615, time: 0), (pn: 18446744073709551615, time: 0), (pn: 18446744073709551615, time: 0), (pn: 18446744073709551615, time: 0), (pn: 18446744073709551615, time: 0), (pn: 18446744073709551615, time: 0), (pn: 18446744073709551615, time: 0), (pn: 18446744073709551615, time: 0), (pn: 18446744073709551615, time: 0), (pn: 18446744073709551615, time: 0), (pn: 18446744073709551615, time: 0), (pn: 18446744073709551615, time: 0), (pn: 18446744073709551615, time: 0), (pn: 18446744073709551615, time: 0), (pn: 18446744073709551615, time: 0), (pn: 18446744073709551615, time: 0), (pn: 18446744073709551615, time: 0), (pn: 18446744073709551615, time: 0), (pn: 18446744073709551615, time: 0), (pn: 18446744073709551615, time: 0), (pn: 18446744073709551615, time: 0), (pn: 18446744073709551615, time: 0), (pn: 18446744073709551615, time: 0), (pn: 18446744073709551615, time: 0), (pn: 18446744073709551615, time: 0), (pn: 18446744073709551615, time: 0), (pn: 18446744073709551615, time: 0), (pn: 18446744073709551615, time: 0), (pn: 18446744073709551615, time: 0), (pn: 18446744073709551615, time: 0), (pn: 18446744073709551615, time: 0), (pn: 18446744073709551615, time: 0), (pn: 18446744073709551615, time: 0), (pn: 18446744073709551615, time: 0), (pn: 18446744073709551615, time: 0), (pn: 18446744073709551615, time: 0), (pn: 18446744073709551615, time: 0), (pn: 18446744073709551615, time: 0), (pn: 18446744073709551615, time: 0), (pn: 18446744073709551615, time: 0), (pn: 18446744073709551615, time: 0), (pn: 18446744073709551615, time: 0), (pn: 18446744073709551615, time: 0), (pn: 18446744073709551615, time: 0), (pn: 18446744073709551615, time: 0), (pn: 18446744073709551615, time: 0), (pn: 18446744073709551615, time: 0), (pn: 18446744073709551615, time: 0), (pn: 18446744073709551615, time: 0), (pn: 18446744073709551615, time: 0), (pn: 18446744073709551615, time: 0), (pn: 18446744073709551615, time: 0), (pn: 18446744073709551615, time: 0), (pn: 18446744073709551615, time: 0), (pn: 18446744073709551615, time: 0), (pn: 18446744073709551615, time: 0), (pn: 18446744073709551615, time: 0), (pn: 18446744073709551615, time: 0), (pn: 18446744073709551615, time: 0), (pn: 18446744073709551615, time: 0), (pn: 18446744073709551615, time: 0), (pn: 18446744073709551615, time: 0), (pn: 18446744073709551615, time: 0), (pn: 18446744073709551615, time: 0), (pn: 18446744073709551615, time: 0), (pn: 18446744073709551615, time: 0), (pn: 18446744073709551615, time: 0), (pn: 18446744073709551615, time: 0), (pn: 18446744073709551615, time: 0), (pn: 18446744073709551615, time: 0), (pn: 18446744073709551615, time: 0), (pn: 18446744073709551615, time: 0), (pn: 18446744073709551615, time: 0), (pn: 18446744073709551615, time: 0), (pn: 18446744073709551615, time: 0), (pn: 18446744073709551615, time: 0), (pn: 18446744073709551615, time: 0), (pn: 18446744073709551615, time: 0), (pn: 18446744073709551615, time: 0), (pn: 18446744073709551615, time: 0), (pn: 18446744073709551615, time: 0), (pn: 18446744073709551615, time: 0), (pn: 18446744073709551615, time: 0), (pn: 18446744073709551615, time: 0), (pn: 18446744073709551615, time: 0), (pn: 18446744073709551615, time: 0), (pn: 18446744073709551615, time: 0), (pn: 18446744073709551615, time: 0), (pn: 18446744073709551615, time: 0), (pn: 18446744073709551615, time: 0), (pn: 18446744073709551615, time: 0), (pn: 18446744073709551615, time: 0), (pn: 18446744073709551615, time: 0), (pn: 18446744073709551615, time: 0), (pn: 18446744073709551615, time: 0), (pn: 18446744073709551615, time: 0), (pn: 18446744073709551615, time: 0), (pn: 18446744073709551615, time: 0), (pn: 18446744073709551615, time: 0), (pn: 18446744073709551615, time: 0), (pn: 18446744073709551615, time: 0), (pn: 18446744073709551615, time: 0), (pn: 18446744073709551615, time: 0), (pn: 18446744073709551615, time: 0), (pn: 18446744073709551615, time: 0), (pn: 18446744073709551615, time: 0), (pn: 18446744073709551615, time: 0), (pn: 18446744073709551615, time: 0), (pn: 18446744073709551615, time: 0), (pn: 18446744073709551615, time: 0), (pn: 18446744073709551615, time: 0), (pn: 18446744073709551615, time: 0), (pn: 18446744073709551615, time: 0), (pn: 18446744073709551615, time: 0), (pn: 18446744073709551615, time: 0), (pn: 18446744073709551615, time: 0), (pn: 18446744073709551615, time: 0), (pn: 18446744073709551615, time: 0), (pn: 18446744073709551615, time: 0), (pn: 18446744073709551615, time: 0), (pn: 18446744073709551615, time: 0), (pn: 18446744073709551615, time: 0), (pn: 18446744073709551615, time: 0), (pn: 18446744073709551615, time: 0), (pn: 18446744073709551615, time: 0), (pn: 18446744073709551615, time: 0), (pn: 18446744073709551615, time: 0), (pn: 18446744073709551615, time: 0), (pn: 18446744073709551615, time: 0), (pn: 18446744073709551615, time: 0), (pn: 18446744073709551615, time: 0), (pn: 18446744073709551615, time: 0), (pn: 18446744073709551615, time: 0), (pn: 18446744073709551615, time: 0), (pn: 18446744073709551615, time: 0), (pn: 18446744073709551615, time: 0), (pn: 18446744073709551615, time: 0), (pn: 18446744073709551615, time: 0), (pn: 18446744073709551615, time: 0), (pn: 18446744073709551615, time: 0), (pn: 18446744073709551615, time: 0), (pn: 18446744073709551615, time: 0), (pn: 18446744073709551615, time: 0), (pn: 18446744073709551615, time: 0), (pn: 18446744073709551615, time: 0), (pn: 18446744073709551615, time: 0), (pn: 18446744073709551615, time: 0), (pn: 18446744073709551615, time: 0), (pn: 18446744073709551615, time: 0), (pn: 18446744073709551615, time: 0), (pn: 18446744073709551615, time: 0), (pn: 18446744073709551615, time: 0), (pn: 18446744073709551615, time: 0), (pn: 18446744073709551615, time: 0), (pn: 18446744073709551615, time: 0), (pn: 18446744073709551615, time: 0), (pn: 18446744073709551615, time: 0), (pn: 18446744073709551615, time: 0), (pn: 18446744073709551615, time: 0), (pn: 18446744073709551615, time: 0), (pn: 18446744073709551615, time: 0), (pn: 18446744073709551615, time: 0), (pn: 18446744073709551615, time: 0), (pn: 18446744073709551615, time: 0), (pn: 18446744073709551615, time: 0), (pn: 18446744073709551615, time: 0), (pn: 18446744073709551615, time: 0), (pn: 18446744073709551615, time: 0), (pn: 18446744073709551615, time: 0), (pn: 18446744073709551615, time: 0), (pn: 18446744073709551615, time: 0), (pn: 18446744073709551615, time: 0), (pn: 18446744073709551615, time: 0), (pn: 18446744073709551615, time: 0), (pn: 18446744073709551615, time: 0), (pn: 18446744073709551615, time: 0), (pn: 18446744073709551615, time: 0), (pn: 18446744073709551615, time: 0), (pn: 18446744073709551615, time: 0), (pn: 18446744073709551615, time: 0), (pn: 18446744073709551615, time: 0), (pn: 18446744073709551615, time: 0), (pn: 18446744073709551615, time: 0), (pn: 18446744073709551615, time: 0), (pn: 18446744073709551615, time: 0), (pn: 18446744073709551615, time: 0), (pn: 18446744073709551615, time: 0), (pn: 18446744073709551615, time: 0), (pn: 18446744073709551615, time: 0), (pn: 18446744073709551615, time: 0), (pn: 18446744073709551615, time: 0), (pn: 18446744073709551615, time: 0), (pn: 18446744073709551615, time: 0), (pn: 18446744073709551615, time: 0), (pn: 18446744073709551615, time: 0), (pn: 18446744073709551615, time: 0), (pn: 18446744073709551615, time: 0), (pn: 18446744073709551615, time: 0), (pn: 18446744073709551615, time: 0), (pn: 18446744073709551615, time: 0), (pn: 18446744073709551615, time: 0), (pn: 18446744073709551615, time: 0), (pn: 18446744073709551615, time: 0), (pn: 18446744073709551615, time: 0), (pn: 18446744073709551615, time: 0), (pn: 18446744073709551615, time: 0), (pn: 18446744073709551615, time: 0), (pn: 18446744073709551615, time: 0), (pn: 18446744073709551615, time: 0), (pn: 18446744073709551615, time: 0), (pn: 18446744073709551615, time: 0), (pn: 18446744073709551615, time: 0), (pn: 18446744073709551615, time: 0), (pn: 18446744073709551615, time: 0), (pn: 18446744073709551615, time: 0), (pn: 18446744073709551615, time: 0), (pn: 18446744073709551615, time: 0), (pn: 18446744073709551615, time: 0), (pn: 18446744073709551615, time: 0), (pn: 18446744073709551615, time: 0), (pn: 18446744073709551615, time: 0), (pn: 18446744073709551615, time: 0), (pn: 18446744073709551615, time: 0), (pn: 18446744073709551615, time: 0), (pn: 18446744073709551615, time: 0), (pn: 18446744073709551615, time: 0), (pn: 18446744073709551615, time: 0), (pn: 18446744073709551615, time: 0), (pn: 18446744073709551615, time: 0), (pn: 18446744073709551615, time: 0), (pn: 18446744073709551615, time: 0), (pn: 18446744073709551615, time: 0), (pn: 18446744073709551615, time: 0), (pn: 18446744073709551615, time: 0), (pn: 18446744073709551615, time: 0), (pn: 18446744073709551615, time: 0), (pn: 18446744073709551615, time: 0), (pn: 18446744073709551615, time: 0), (pn: 18446744073709551615, time: 0), (pn: 18446744073709551615, time: 0), (pn: 18446744073709551615, time: 0), (pn: 18446744073709551615, time: 0), (pn: 18446744073709551615, time: 0), (pn: 18446744073709551615, time: 0), (pn: 18446744073709551615, time: 0), (pn: 18446744073709551615, time: 0), (pn: 18446744073709551615, time: 0), (pn: 18446744073709551615, time: 0), (pn: 18446744073709551615, time: 0), (pn: 18446744073709551615, time: 0), (pn: 18446744073709551615, time: 0), (pn: 18446744073709551615, time: 0), (pn: 18446744073709551615, time: 0), (pn: 18446744073709551615, time: 0), (pn: 18446744073709551615, time: 0), (pn: 18446744073709551615, time: 0), (pn: 18446744073709551615, time: 0), (pn: 18446744073709551615, time: 0), (pn: 18446744073709551615, time: 0), (pn: 18446744073709551615, time: 0), (pn: 18446744073709551615, time: 0), (pn: 18446744073709551615, time: 0), (pn: 18446744073709551615, time: 0), (pn: 18446744073709551615, time: 0), (pn: 18446744073709551615, time: 0), (pn: 18446744073709551615, time: 0), (pn: 18446744073709551615, time: 0), (pn: 18446744073709551615, time: 0), (pn: 18446744073709551615, time: 0), (pn: 18446744073709551615, time: 0), (pn: 18446744073709551615, time: 0), (pn: 18446744073709551615, time: 0), (pn: 18446744073709551615, time: 0), (pn: 18446744073709551615, time: 0), (pn: 18446744073709551615, time: 0), (pn: 18446744073709551615, time: 0), (pn: 18446744073709551615, time: 0), (pn: 18446744073709551615, time: 0), (pn: 18446744073709551615, time: 0), (pn: 18446744073709551615, time: 0), (pn: 18446744073709551615, time: 0), (pn: 18446744073709551615, time: 0), (pn: 18446744073709551615, time: 0), (pn: 18446744073709551615, time: 0), (pn: 18446744073709551615, time: 0), (pn: 18446744073709551615, time: 0), (pn: 18446744073709551615, time: 0), (pn: 18446744073709551615, time: 0), (pn: 18446744073709551615, time: 0), (pn: 18446744073709551615, time: 0), (pn: 18446744073709551615, time: 0), (pn: 18446744073709551615, time: 0), (pn: 18446744073709551615, time: 0), (pn: 18446744073709551615, time: 0), (pn: 18446744073709551615, time: 0), (pn: 18446744073709551615, time: 0), (pn: 18446744073709551615, time: 0), (pn: 18446744073709551615, time: 0), (pn: 18446744073709551615, time: 0), (pn: 18446744073709551615, time: 0), (pn: 18446744073709551615, time: 0), (pn: 18446744073709551615, time: 0), (pn: 18446744073709551615, time: 0), (pn: 18446744073709551615, time: 0), (pn: 18446744073709551615, time: 0), (pn: 18446744073709551615, time: 0), (pn: 18446744073709551615, time: 0), (pn: 18446744073709551615, time: 0), (pn: 18446744073709551615, time: 0), (pn: 18446744073709551615, time: 0), (pn: 18446744073709551615, time: 0), (pn: 18446744073709551615, time: 0), (pn: 18446744073709551615, time: 0), (pn: 18446744073709551615, time: 0), (pn: 18446744073709551615, time: 0), (pn: 18446744073709551615, time: 0), (pn: 18446744073709551615, time: 0), (pn: 18446744073709551615, time: 0), (pn: 18446744073709551615, time: 0), (pn: 18446744073709551615, time: 0), (pn: 18446744073709551615, time: 0), (pn: 18446744073709551615, time: 0), (pn: 18446744073709551615, time: 0), (pn: 18446744073709551615, time: 0), (pn: 18446744073709551615, time: 0), (pn: 18446744073709551615, time: 0), (pn: 18446744073709551615, time: 0), (pn: 18446744073709551615, time: 0), (pn: 18446744073709551615, time: 0), (pn: 18446744073709551615, time: 0), (pn: 18446744073709551615, time: 0), (pn: 18446744073709551615, time: 0), (pn: 18446744073709551615, time: 0), (pn: 18446744073709551615, time: 0), (pn: 18446744073709551615, time: 0), (pn: 18446744073709551615, time: 0), (pn: 18446744073709551615, time: 0), (pn: 18446744073709551615, time: 0), (pn: 18446744073709551615, time: 0), (pn: 18446744073709551615, time: 0), (pn: 18446744073709551615, time: 0), (pn: 18446744073709551615, time: 0), (pn: 18446744073709551615, time: 0), (pn: 18446744073709551615, time: 0), (pn: 18446744073709551615, time: 0), (pn: 18446744073709551615, time: 0), (pn: 18446744073709551615, time: 0), (pn: 18446744073709551615, time: 0), (pn: 18446744073709551615, time: 0), (pn: 18446744073709551615, time: 0), (pn: 18446744073709551615, time: 0), (pn: 18446744073709551615, time: 0), (pn: 18446744073709551615, time: 0), (pn: 18446744073709551615, time: 0), (pn: 18446744073709551615, time: 0), (pn: 18446744073709551615, time: 0), (pn: 18446744073709551615, time: 0), (pn: 18446744073709551615, time: 0), (pn: 18446744073709551615, time: 0), (pn: 18446744073709551615, time: 0), (pn: 18446744073709551615, time: 0), (pn: 18446744073709551615, time: 0), (pn: 18446744073709551615, time: 0), (pn: 18446744073709551615, time: 0), (pn: 18446744073709551615, time: 0), (pn: 18446744073709551615, time: 0), (pn: 18446744073709551615, time: 0), (pn: 18446744073709551615, time: 0), (pn: 18446744073709551615, time: 0), (pn: 18446744073709551615, time: 0), (pn: 18446744073709551615, time: 0), (pn: 18446744073709551615, time: 0), (pn: 18446744073709551615, time: 0), (pn: 18446744073709551615, time: 0), (pn: 18446744073709551615, time: 0), (pn: 18446744073709551615, time: 0), (pn: 18446744073709551615, time: 0), (pn: 18446744073709551615, time: 0), (pn: 18446744073709551615, time: 0), (pn: 18446744073709551615, time: 0), (pn: 18446744073709551615, time: 0), (pn: 18446744073709551615, time: 0), (pn: 18446744073709551615, time: 0), (pn: 18446744073709551615, time: 0), (pn: 18446744073709551615, time: 0), (pn: 18446744073709551615, time: 0), (pn: 18446744073709551615, time: 0), (pn: 18446744073709551615, time: 0), (pn: 18446744073709551615, time: 0), (pn: 18446744073709551615, time: 0), (pn: 18446744073709551615, time: 0), (pn: 18446744073709551615, time: 0), (pn: 18446744073709551615, time: 0), (pn: 18446744073709551615, time: 0), (pn: 18446744073709551615, time: 0), (pn: 18446744073709551615, time: 0), (pn: 18446744073709551615, time: 0), (pn: 18446744073709551615, time: 0), (pn: 18446744073709551615, time: 0), (pn: 18446744073709551615, time: 0), (pn: 18446744073709551615, time: 0), (pn: 18446744073709551615, time: 0), (pn: 18446744073709551615, time: 0), (pn: 18446744073709551615, time: 0), (pn: 18446744073709551615, time: 0), (pn: 18446744073709551615, time: 0), (pn: 18446744073709551615, time: 0), (pn: 18446744073709551615, time: 0), (pn: 18446744073709551615, time: 0), (pn: 18446744073709551615, time: 0), (pn: 18446744073709551615, time: 0), (pn: 18446744073709551615, time: 0), (pn: 18446744073709551615, time: 0), (pn: 18446744073709551615, time: 0), (pn: 18446744073709551615, time: 0), (pn: 18446744073709551615, time: 0), (pn: 18446744073709551615, time: 0), (pn: 18446744073709551615, time: 0), (pn: 18446744073709551615, time: 0), (pn: 18446744073709551615, time: 0), (pn: 18446744073709551615, time: 0), (pn: 18446744073709551615, time: 0), (pn: 18446744073709551615, time: 0), (pn: 18446744073709551615, time: 0), (pn: 18446744073709551615, time: 0), (pn: 18446744073709551615, time: 0), (pn: 18446744073709551615, time: 0), (pn: 18446744073709551615, time: 0), (pn: 18446744073709551615, time: 0), (pn: 18446744073709551615, time: 0), (pn: 18446744073709551615, time: 0), (pn: 18446744073709551615, time: 0), (pn: 18446744073709551615, time: 0), (pn: 18446744073709551615, time: 0), (pn: 18446744073709551615, time: 0), (pn: 18446744073709551615, time: 0), (pn: 18446744073709551615, time: 0), (pn: 18446744073709551615, time: 0), (pn: 18446744073709551615, time: 0), (pn: 18446744073709551615, time: 0), (pn: 18446744073709551615, time: 0), (pn: 18446744073709551615, time: 0), (pn: 18446744073709551615, time: 0), (pn: 18446744073709551615, time: 0), (pn: 18446744073709551615, time: 0), (pn: 18446744073709551615, time: 0), (pn: 18446744073709551615, time: 0), (pn: 18446744073709551615, time: 0), (pn: 18446744073709551615, time: 0), (pn: 18446744073709551615, time: 0), (pn: 18446744073709551615, time: 0), (pn: 18446744073709551615, time: 0), (pn: 18446744073709551615, time: 0), (pn: 18446744073709551615, time: 0), (pn: 18446744073709551615, time: 0), (pn: 18446744073709551615, time: 0), (pn: 18446744073709551615, time: 0), (pn: 18446744073709551615, time: 0), (pn: 18446744073709551615, time: 0), (pn: 18446744073709551615, time: 0), (pn: 18446744073709551615, time: 0), (pn: 18446744073709551615, time: 0), (pn: 18446744073709551615, time: 0), (pn: 18446744073709551615, time: 0), (pn: 18446744073709551615, time: 0), (pn: 18446744073709551615, time: 0), (pn: 18446744073709551615, time: 0), (pn: 18446744073709551615, time: 0), (pn: 18446744073709551615, time: 0), (pn: 18446744073709551615, time: 0), (pn: 18446744073709551615, time: 0), (pn: 18446744073709551615, time: 0), (pn: 18446744073709551615, time: 0), (pn: 18446744073709551615, time: 0), (pn: 18446744073709551615, time: 0), (pn: 18446744073709551615, time: 0), (pn: 18446744073709551615, time: 0), (pn: 18446744073709551615, time: 0), (pn: 18446744073709551615, time: 0), (pn: 18446744073709551615, time: 0), (pn: 18446744073709551615, time: 0), (pn: 18446744073709551615, time: 0), (pn: 18446744073709551615, time: 0), (pn: 18446744073709551615, time: 0), (pn: 18446744073709551615, time: 0), (pn: 18446744073709551615, time: 0), (pn: 18446744073709551615, time: 0), (pn: 18446744073709551615, time: 0), (pn: 18446744073709551615, time: 0), (pn: 18446744073709551615, time: 0), (pn: 18446744073709551615, time: 0), (pn: 18446744073709551615, time: 0), (pn: 18446744073709551615, time: 0), (pn: 18446744073709551615, time: 0), (pn: 18446744073709551615, time: 0), (pn: 18446744073709551615, time: 0), (pn: 18446744073709551615, time: 0), (pn: 18446744073709551615, time: 0), (pn: 18446744073709551615, time: 0), (pn: 18446744073709551615, time: 0), (pn: 18446744073709551615, time: 0), (pn: 18446744073709551615, time: 0), (pn: 18446744073709551615, time: 0), (pn: 18446744073709551615, time: 0), (pn: 18446744073709551615, time: 0), (pn: 18446744073709551615, time: 0), (pn: 18446744073709551615, time: 0), (pn: 18446744073709551615, time: 0), (pn: 18446744073709551615, time: 0), (pn: 18446744073709551615, time: 0), (pn: 18446744073709551615, time: 0), (pn: 18446744073709551615, time: 0), (pn: 18446744073709551615, time: 0), (pn: 18446744073709551615, time: 0), (pn: 18446744073709551615, time: 0), (pn: 18446744073709551615, time: 0), (pn: 18446744073709551615, time: 0), (pn: 18446744073709551615, time: 0), (pn: 18446744073709551615, time: 0), (pn: 18446744073709551615, time: 0), (pn: 18446744073709551615, time: 0), (pn: 18446744073709551615, time: 0), (pn: 18446744073709551615, time: 0), (pn: 18446744073709551615, time: 0), (pn: 18446744073709551615, time: 0), (pn: 18446744073709551615, time: 0), (pn: 18446744073709551615, time: 0), (pn: 18446744073709551615, time: 0), (pn: 18446744073709551615, time: 0), (pn: 18446744073709551615, time: 0), (pn: 18446744073709551615, time: 0), (pn: 18446744073709551615, time: 0), (pn: 18446744073709551615, time: 0), (pn: 18446744073709551615, time: 0), (pn: 18446744073709551615, time: 0), (pn: 18446744073709551615, time: 0), (pn: 18446744073709551615, time: 0), (pn: 18446744073709551615, time: 0), (pn: 18446744073709551615, time: 0), (pn: 18446744073709551615, time: 0), (pn: 18446744073709551615, time: 0), (pn: 18446744073709551615, time: 0), (pn: 18446744073709551615, time: 0), (pn: 18446744073709551615, time: 0), (pn: 18446744073709551615, time: 0), (pn: 18446744073709551615, time: 0), (pn: 18446744073709551615, time: 0), (pn: 18446744073709551615, time: 0), (pn: 18446744073709551615, time: 0), (pn: 18446744073709551615, time: 0), (pn: 18446744073709551615, time: 0), (pn: 18446744073709551615, time: 0), (pn: 18446744073709551615, time: 0), (pn: 18446744073709551615, time: 0), (pn: 18446744073709551615, time: 0), (pn: 18446744073709551615, time: 0), (pn: 18446744073709551615, time: 0), (pn: 18446744073709551615, time: 0), (pn: 18446744073709551615, time: 0), (pn: 18446744073709551615, time: 0), (pn: 18446744073709551615, time: 0), (pn: 18446744073709551615, time: 0), (pn: 18446744073709551615, time: 0), (pn: 18446744073709551615, time: 0), (pn: 18446744073709551615, time: 0), (pn: 18446744073709551615, time: 0), (pn: 18446744073709551615, time: 0), (pn: 18446744073709551615, time: 0), (pn: 18446744073709551615, time: 0), (pn: 18446744073709551615, time: 0), (pn: 18446744073709551615, time: 0), (pn: 18446744073709551615, time: 0), (pn: 18446744073709551615, time: 0), (pn: 18446744073709551615, time: 0), (pn: 18446744073709551615, time: 0), (pn: 18446744073709551615, time: 0), (pn: 18446744073709551615, time: 0), (pn: 18446744073709551615, time: 0), (pn: 18446744073709551615, time: 0), (pn: 18446744073709551615, time: 0), (pn: 18446744073709551615, time: 0), (pn: 18446744073709551615, time: 0), (pn: 18446744073709551615, time: 0), (pn: 18446744073709551615, time: 0), (pn: 18446744073709551615, time: 0), (pn: 18446744073709551615, time: 0), (pn: 18446744073709551615, time: 0), (pn: 18446744073709551615, time: 0), (pn: 18446744073709551615, time: 0), (pn: 18446744073709551615, time: 0), (pn: 18446744073709551615, time: 0), (pn: 18446744073709551615, time: 0), (pn: 18446744073709551615, time: 0), (pn: 18446744073709551615, time: 0), (pn: 18446744073709551615, time: 0), (pn: 18446744073709551615, time: 0), (pn: 18446744073709551615, time: 0), (pn: 18446744073709551615, time: 0), (pn: 18446744073709551615, time: 0), (pn: 18446744073709551615, time: 0), (pn: 18446744073709551615, time: 0), (pn: 18446744073709551615, time: 0), (pn: 18446744073709551615, time: 0), (pn: 18446744073709551615, time: 0), (pn: 18446744073709551615, time: 0), (pn: 18446744073709551615, time: 0), (pn: 18446744073709551615, time: 0), (pn: 18446744073709551615, time: 0), (pn: 18446744073709551615, time: 0), (pn: 18446744073709551615, time: 0), (pn: 18446744073709551615, time: 0), (pn: 18446744073709551615, time: 0), (pn: 18446744073709551615, time: 0), (pn: 18446744073709551615, time: 0), (pn: 18446744073709551615, time: 0), (pn: 18446744073709551615, time: 0), (pn: 18446744073709551615, time: 0), (pn: 18446744073709551615, time: 0), (pn: 18446744073709551615, time: 0), (pn: 18446744073709551615, time: 0), (pn: 18446744073709551615, time: 0), (pn: 18446744073709551615, time: 0), (pn: 18446744073709551615, time: 0), (pn: 18446744073709551615, time: 0), (pn: 18446744073709551615, time: 0), (pn: 18446744073709551615, time: 0), (pn: 18446744073709551615, time: 0), (pn: 18446744073709551615, time: 0), (pn: 18446744073709551615, time: 0), (pn: 18446744073709551615, time: 0), (pn: 18446744073709551615, time: 0), (pn: 18446744073709551615, time: 0), (pn: 18446744073709551615, time: 0), (pn: 18446744073709551615, time: 0), (pn: 18446744073709551615, time: 0), (pn: 18446744073709551615, time: 0), (pn: 18446744073709551615, time: 0), (pn: 18446744073709551615, time: 0), (pn: 18446744073709551615, time: 0), (pn: 18446744073709551615, time: 0), (pn: 18446744073709551615, time: 0), (pn: 18446744073709551615, time: 0), (pn: 18446744073709551615, time: 0), (pn: 18446744073709551615, time: 0), (pn: 18446744073709551615, time: 0), (pn: 18446744073709551615, time: 0), (pn: 18446744073709551615, time: 0), (pn: 18446744073709551615, time: 0), (pn: 18446744073709551615, time: 0), (pn: 18446744073709551615, time: 0), (pn: 18446744073709551615, time: 0), (pn: 18446744073709551615, time: 0), (pn: 18446744073709551615, time: 0), (pn: 18446744073709551615, time: 0), (pn: 18446744073709551615, time: 0), (pn: 18446744073709551615, time: 0), (pn: 18446744073709551615, time: 0), (pn: 18446744073709551615, time: 0), (pn: 18446744073709551615, time: 0), (pn: 18446744073709551615, time: 0), (pn: 18446744073709551615, time: 0), (pn: 18446744073709551615, time: 0), (pn: 18446744073709551615, time: 0), (pn: 18446744073709551615, time: 0), (pn: 18446744073709551615, time: 0), (pn: 18446744073709551615, time: 0), (pn: 18446744073709551615, time: 0), (pn: 18446744073709551615, time: 0), (pn: 18446744073709551615, time: 0), (pn: 18446744073709551615, time: 0), (pn: 18446744073709551615, time: 0), (pn: 18446744073709551615, time: 0), (pn: 18446744073709551615, time: 0), (pn: 18446744073709551615, time: 0), (pn: 18446744073709551615, time: 0), (pn: 18446744073709551615, time: 0), (pn: 18446744073709551615, time: 0), (pn: 18446744073709551615, time: 0), (pn: 18446744073709551615, time: 0), (pn: 18446744073709551615, time: 0), (pn: 18446744073709551615, time: 0), (pn: 18446744073709551615, time: 0), (pn: 18446744073709551615, time: 0), (pn: 18446744073709551615, time: 0), (pn: 18446744073709551615, time: 0), (pn: 18446744073709551615, time: 0), (pn: 18446744073709551615, time: 0), (pn: 18446744073709551615, time: 0), (pn: 18446744073709551615, time: 0), (pn: 18446744073709551615, time: 0), (pn: 18446744073709551615, time: 0), (pn: 18446744073709551615, time: 0), (pn: 18446744073709551615, time: 0), (pn: 18446744073709551615, time: 0), (pn: 18446744073709551615, time: 0), (pn: 18446744073709551615, time: 0), (pn: 18446744073709551615, time: 0), (pn: 18446744073709551615, time: 0), (pn: 18446744073709551615, time: 0), (pn: 18446744073709551615, time: 0), (pn: 18446744073709551615, time: 0), (pn: 18446744073709551615, time: 0), (pn: 18446744073709551615, time: 0), (pn: 18446744073709551615, time: 0), (pn: 18446744073709551615, time: 0), (pn: 18446744073709551615, time: 0), (pn: 18446744073709551615, time: 0), (pn: 18446744073709551615, time: 0), (pn: 18446744073709551615, time: 0), (pn: 18446744073709551615, time: 0), (pn: 18446744073709551615, time: 0), (pn: 18446744073709551615, time: 0), (pn: 18446744073709551615, time: 0), (pn: 18446744073709551615, time: 0), (pn: 18446744073709551615, time: 0), (pn: 18446744073709551615, time: 0), (pn: 18446744073709551615, time: 0), (pn: 18446744073709551615, time: 0), (pn: 18446744073709551615, time: 0), (pn: 18446744073709551615, time: 0), (pn: 18446744073709551615, time: 0), (pn: 18446744073709551615, time: 0), (pn: 18446744073709551615, time: 0), (pn: 18446744073709551615, time: 0), (pn: 18446744073709551615, time: 0), (pn: 18446744073709551615, time: 0), (pn: 18446744073709551615, time: 0), (pn: 18446744073709551615, time: 0), (pn: 18446744073709551615, time: 0), (pn: 18446744073709551615, time: 0), (pn: 18446744073709551615, time: 0), (pn: 18446744073709551615, time: 0), (pn: 18446744073709551615, time: 0), (pn: 18446744073709551615, time: 0), (pn: 18446744073709551615, time: 0), (pn: 18446744073709551615, time: 0), (pn: 18446744073709551615, time: 0), (pn: 18446744073709551615, time: 0), (pn: 18446744073709551615, time: 0), (pn: 18446744073709551615, time: 0), (pn: 18446744073709551615, time: 0), (pn: 18446744073709551615, time: 0), (pn: 18446744073709551615, time: 0), (pn: 18446744073709551615, time: 0), (pn: 18446744073709551615, time: 0), (pn: 18446744073709551615, time: 0), (pn: 18446744073709551615, time: 0), (pn: 18446744073709551615, time: 0), (pn: 18446744073709551615, time: 0), (pn: 18446744073709551615, time: 0), (pn: 18446744073709551615, time: 0), (pn: 18446744073709551615, time: 0), (pn: 18446744073709551615, time: 0), (pn: 18446744073709551615, time: 0), (pn: 18446744073709551615, time: 0), (pn: 18446744073709551615, time: 0), (pn: 18446744073709551615, time: 0), (pn: 18446744073709551615, time: 0), (pn: 18446744073709551615, time: 0), (pn: 18446744073709551615, time: 0), (pn: 18446744073709551615, time: 0), (pn: 18446744073709551615, time: 0), (pn: 18446744073709551615, time: 0), (pn: 18446744073709551615, time: 0), (pn: 18446744073709551615, time: 0), (pn: 18446744073709551615, time: 0), (pn: 18446744073709551615, time: 0), (pn: 18446744073709551615, time: 0), (pn: 18446744073709551615, time: 0), (pn: 18446744073709551615, time: 0), (pn: 18446744073709551615, time: 0), (pn: 18446744073709551615, time: 0), (pn: 18446744073709551615, time: 0), (pn: 18446744073709551615, time: 0), (pn: 18446744073709551615, time: 0), (pn: 18446744073709551615, time: 0), (pn: 18446744073709551615, time: 0), (pn: 18446744073709551615, time: 0), (pn: 18446744073709551615, time: 0), (pn: 18446744073709551615, time: 0), (pn: 18446744073709551615, time: 0), (pn: 18446744073709551615, time: 0), (pn: 18446744073709551615, time: 0), (pn: 18446744073709551615, time: 0), (pn: 18446744073709551615, time: 0), (pn: 18446744073709551615, time: 0), (pn: 18446744073709551615, time: 0), (pn: 18446744073709551615, time: 0), (pn: 18446744073709551615, time: 0), (pn: 18446744073709551615, time: 0), (pn: 18446744073709551615, time: 0), (pn: 18446744073709551615, time: 0), (pn: 18446744073709551615, time: 0), (pn: 18446744073709551615, time: 0), (pn: 18446744073709551615, time: 0), (pn: 18446744073709551615, time: 0), (pn: 18446744073709551615, time: 0), (pn: 18446744073709551615, time: 0), (pn: 18446744073709551615, time: 0), (pn: 18446744073709551615, time: 0), (pn: 18446744073709551615, time: 0), (pn: 18446744073709551615, time: 0), (pn: 18446744073709551615, time: 0), (pn: 18446744073709551615, time: 0), (pn: 18446744073709551615, time: 0), (pn: 18446744073709551615, time: 0), (pn: 18446744073709551615, time: 0), (pn: 18446744073709551615, time: 0), (pn: 18446744073709551615, time: 0), (pn: 18446744073709551615, time: 0), (pn: 18446744073709551615, time: 0), (pn: 18446744073709551615, time: 0), (pn: 18446744073709551615, time: 0), (pn: 18446744073709551615, time: 0), (pn: 18446744073709551615, time: 0), (pn: 18446744073709551615, time: 0), (pn: 18446744073709551615, time: 0), (pn: 18446744073709551615, time: 0), (pn: 18446744073709551615, time: 0), (pn: 18446744073709551615, time: 0), (pn: 18446744073709551615, time: 0), (pn: 18446744073709551615, time: 0), (pn: 18446744073709551615, time: 0), (pn: 18446744073709551615, time: 0), (pn: 18446744073709551615, time: 0), (pn: 18446744073709551615, time: 0), (pn: 18446744073709551615, time: 0), (pn: 18446744073709551615, time: 0), (pn: 18446744073709551615, time: 0), (pn: 18446744073709551615, time: 0), (pn: 18446744073709551615, time: 0), (pn: 18446744073709551615, time: 0), (pn: 18446744073709551615, time: 0), (pn: 18446744073709551615, time: 0), (pn: 18446744073709551615, time: 0), (pn: 18446744073709551615, time: 0), (pn: 18446744073709551615, time: 0), (pn: 18446744073709551615, time: 0), (pn: 18446744073709551615, time: 0), (pn: 18446744073709551615, time: 0), (pn: 18446744073709551615, time: 0), (pn: 18446744073709551615, time: 0), (pn: 18446744073709551615, time: 0), (pn: 18446744073709551615, time: 0), (pn: 18446744073709551615, time: 0), (pn: 18446744073709551615, time: 0), (pn: 18446744073709551615, time: 0), (pn: 18446744073709551615, time: 0), (pn: 18446744073709551615, time: 0), (pn: 18446744073709551615, time: 0), (pn: 18446744073709551615, time: 0), (pn: 18446744073709551615, time: 0), (pn: 18446744073709551615, time: 0), (pn: 18446744073709551615, time: 0), (pn: 18446744073709551615, time: 0), (pn: 18446744073709551615, time: 0), (pn: 18446744073709551615, time: 0), (pn: 18446744073709551615, time: 0), (pn: 18446744073709551615, time: 0), (pn: 18446744073709551615, time: 0), (pn: 18446744073709551615, time: 0), (pn: 18446744073709551615, time: 0), (pn: 18446744073709551615, time: 0), (pn: 18446744073709551615, time: 0), (pn: 18446744073709551615, time: 0), (pn: 18446744073709551615, time: 0), (pn: 18446744073709551615, time: 0), (pn: 18446744073709551615, time: 0), (pn: 18446744073709551615, time: 0), (pn: 18446744073709551615, time: 0), (pn: 18446744073709551615, time: 0), (pn: 18446744073709551615, time: 0), (pn: 18446744073709551615, time: 0), (pn: 18446744073709551615, time: 0), (pn: 18446744073709551615, time: 0), (pn: 18446744073709551615, time: 0), (pn: 18446744073709551615, time: 0), (pn: 18446744073709551615, time: 0), (pn: 18446744073709551615, time: 0), (pn: 18446744073709551615, time: 0), (pn: 18446744073709551615, time: 0), (pn: 18446744073709551615, time: 0), (pn: 18446744073709551615, time: 0), (pn: 18446744073709551615, time: 0), (pn: 18446744073709551615, time: 0), (pn: 18446744073709551615, time: 0), (pn: 18446744073709551615, time: 0), (pn: 18446744073709551615, time: 0), (pn: 18446744073709551615, time: 0), (pn: 18446744073709551615, time: 0), (pn: 18446744073709551615, time: 0), (pn: 18446744073709551615, time: 0), (pn: 18446744073709551615, time: 0), (pn: 18446744073709551615, time: 0), (pn: 18446744073709551615, time: 0), (pn: 18446744073709551615, time: 0), (pn: 18446744073709551615, time: 0), (pn: 18446744073709551615, time: 0), (pn: 18446744073709551615, time: 0), (pn: 18446744073709551615, time: 0), (pn: 18446744073709551615, time: 0), (pn: 18446744073709551615, time: 0), (pn: 18446744073709551615, time: 0), (pn: 18446744073709551615, time: 0), (pn: 18446744073709551615, time: 0), (pn: 18446744073709551615, time: 0), (pn: 18446744073709551615, time: 0), (pn: 18446744073709551615, time: 0), (pn: 18446744073709551615, time: 0), (pn: 18446744073709551615, time: 0), (pn: 18446744073709551615, time: 0), (pn: 18446744073709551615, time: 0), (pn: 18446744073709551615, time: 0), (pn: 18446744073709551615, time: 0), (pn: 18446744073709551615, time: 0), (pn: 18446744073709551615, time: 0), (pn: 18446744073709551615, time: 0), (pn: 18446744073709551615, time: 0), (pn: 18446744073709551615, time: 0), (pn: 18446744073709551615, time: 0), (pn: 18446744073709551615, time: 0), (pn: 18446744073709551615, time: 0), (pn: 18446744073709551615, time: 0), (pn: 18446744073709551615, time: 0), (pn: 18446744073709551615, time: 0), (pn: 18446744073709551615, time: 0), (pn: 18446744073709551615, time: 0), (pn: 18446744073709551615, time: 0), (pn: 18446744073709551615, time: 0), (pn: 18446744073709551615, time: 0), (pn: 18446744073709551615, time: 0), (pn: 18446744073709551615, time: 0), (pn: 18446744073709551615, time: 0), (pn: 18446744073709551615, time: 0), (pn: 18446744073709551615, time: 0), (pn: 18446744073709551615, time: 0), (pn: 18446744073709551615, time: 0), (pn: 18446744073709551615, time: 0), (pn: 18446744073709551615, time: 0), (pn: 18446744073709551615, time: 0), (pn: 18446744073709551615, time: 0), (pn: 18446744073709551615, time: 0), (pn: 18446744073709551615, time: 0), (pn: 18446744073709551615, time: 0), (pn: 18446744073709551615, time: 0), (pn: 18446744073709551615, time: 0), (pn: 18446744073709551615, time: 0), (pn: 18446744073709551615, time: 0), (pn: 18446744073709551615, time: 0), (pn: 18446744073709551615, time: 0), (pn: 18446744073709551615, time: 0), (pn: 18446744073709551615, time: 0), (pn: 18446744073709551615, time: 0), (pn: 18446744073709551615, time: 0), (pn: 18446744073709551615, time: 0), (pn: 18446744073709551615, time: 0), (pn: 18446744073709551615, time: 0), (pn: 18446744073709551615, time: 0), (pn: 18446744073709551615, time: 0), (pn: 18446744073709551615, time: 0), (pn: 18446744073709551615, time: 0), (pn: 18446744073709551615, time: 0), (pn: 18446744073709551615, time: 0), (pn: 18446744073709551615, time: 0), (pn: 18446744073709551615, time: 0), (pn: 18446744073709551615, time: 0), (pn: 18446744073709551615, time: 0), (pn: 18446744073709551615, time: 0), (pn: 18446744073709551615, time: 0), (pn: 18446744073709551615, time: 0), (pn: 18446744073709551615, time: 0), (pn: 18446744073709551615, time: 0), (pn: 18446744073709551615, time: 0), (pn: 18446744073709551615, time: 0), (pn: 18446744073709551615, time: 0), (pn: 18446744073709551615, time: 0), (pn: 18446744073709551615, time: 0), (pn: 18446744073709551615, time: 0), (pn: 18446744073709551615, time: 0), (pn: 18446744073709551615, time: 0), (pn: 18446744073709551615, time: 0), (pn: 18446744073709551615, time: 0), (pn: 18446744073709551615, time: 0), (pn: 18446744073709551615, time: 0), (pn: 18446744073709551615, time: 0), (pn: 18446744073709551615, time: 0), (pn: 18446744073709551615, time: 0), (pn: 18446744073709551615, time: 0), (pn: 18446744073709551615, time: 0), (pn: 18446744073709551615, time: 0), (pn: 18446744073709551615, time: 0), (pn: 18446744073709551615, time: 0), (pn: 18446744073709551615, time: 0), (pn: 18446744073709551615, time: 0), (pn: 18446744073709551615, time: 0), (pn: 18446744073709551615, time: 0), (pn: 18446744073709551615, time: 0), (pn: 18446744073709551615, time: 0), (pn: 18446744073709551615, time: 0), (pn: 18446744073709551615, time: 0), (pn: 18446744073709551615, time: 0), (pn: 18446744073709551615, time: 0), (pn: 18446744073709551615, time: 0), (pn: 18446744073709551615, time: 0), (pn: 18446744073709551615, time: 0), (pn: 18446744073709551615, time: 0), (pn: 18446744073709551615, time: 0), (pn: 18446744073709551615, time: 0), (pn: 18446744073709551615, time: 0), (pn: 18446744073709551615, time: 0), (pn: 18446744073709551615, time: 0), (pn: 18446744073709551615, time: 0), (pn: 18446744073709551615, time: 0), (pn: 18446744073709551615, time: 0), (pn: 18446744073709551615, time: 0), (pn: 18446744073709551615, time: 0), (pn: 18446744073709551615, time: 0), (pn: 18446744073709551615, time: 0), (pn: 18446744073709551615, time: 0), (pn: 18446744073709551615, time: 0), (pn: 18446744073709551615, time: 0), (pn: 18446744073709551615, time: 0), (pn: 18446744073709551615, time: 0), (pn: 18446744073709551615, time: 0), (pn: 18446744073709551615, time: 0), (pn: 18446744073709551615, time: 0), (pn: 18446744073709551615, time: 0), (pn: 18446744073709551615, time: 0), (pn: 18446744073709551615, time: 0), (pn: 18446744073709551615, time: 0), (pn: 18446744073709551615, time: 0), (pn: 18446744073709551615, time: 0), (pn: 18446744073709551615, time: 0), (pn: 18446744073709551615, time: 0), (pn: 18446744073709551615, time: 0), (pn: 18446744073709551615, time: 0), (pn: 18446744073709551615, time: 0), (pn: 18446744073709551615, time: 0), (pn: 18446744073709551615, time: 0), (pn: 18446744073709551615, time: 0), (pn: 18446744073709551615, time: 0), (pn: 18446744073709551615, time: 0), (pn: 18446744073709551615, time: 0), (pn: 18446744073709551615, time: 0), (pn: 18446744073709551615, time: 0), (pn: 18446744073709551615, time: 0), (pn: 18446744073709551615, time: 0), (pn: 18446744073709551615, time: 0), (pn: 18446744073709551615, time: 0), (pn: 18446744073709551615, time: 0), (pn: 18446744073709551615, time: 0), (pn: 18446744073709551615, time: 0), (pn: 18446744073709551615, time: 0), (pn: 18446744073709551615, time: 0), (pn: 18446744073709551615, time: 0), (pn: 18446744073709551615, time: 0), (pn: 18446744073709551615, time: 0), (pn: 18446744073709551615, time: 0), (pn: 18446744073709551615, time: 0), (pn: 18446744073709551615, time: 0), (pn: 18446744073709551615, time: 0), (pn: 18446744073709551615, time: 0), (pn: 18446744073709551615, time: 0), (pn: 18446744073709551615, time: 0), (pn: 18446744073709551615, time: 0), (pn: 18446744073709551615, time: 0), (pn: 18446744073709551615, time: 0), (pn: 18446744073709551615, time: 0), (pn: 18446744073709551615, time: 0), (pn: 18446744073709551615, time: 0), (pn: 18446744073709551615, time: 0), (pn: 18446744073709551615, time: 0), (pn: 18446744073709551615, time: 0), (pn: 18446744073709551615, time: 0), (pn: 18446744073709551615, time: 0), (pn: 18446744073709551615, time: 0), (pn: 18446744073709551615, time: 0), (pn: 18446744073709551615, time: 0), (pn: 18446744073709551615, time: 0), (pn: 18446744073709551615, time: 0), (pn: 18446744073709551615, time: 0), (pn: 18446744073709551615, time: 0), (pn: 18446744073709551615, time: 0), (pn: 18446744073709551615, time: 0), (pn: 18446744073709551615, time: 0), (pn: 18446744073709551615, time: 0), (pn: 18446744073709551615, time: 0), (pn: 18446744073709551615, time: 0), (pn: 18446744073709551615, time: 0), (pn: 18446744073709551615, time: 0), (pn: 18446744073709551615, time: 0), (pn: 18446744073709551615, time: 0), (pn: 18446744073709551615, time: 0), (pn: 18446744073709551615, time: 0), (pn: 18446744073709551615, time: 0), (pn: 18446744073709551615, time: 0), (pn: 18446744073709551615, time: 0), (pn: 18446744073709551615, time: 0), (pn: 18446744073709551615, time: 0), (pn: 18446744073709551615, time: 0), (pn: 18446744073709551615, time: 0), (pn: 18446744073709551615, time: 0), (pn: 18446744073709551615, time: 0), (pn: 18446744073709551615, time: 0), (pn: 18446744073709551615, time: 0), (pn: 18446744073709551615, time: 0), (pn: 18446744073709551615, time: 0), (pn: 18446744073709551615, time: 0), (pn: 18446744073709551615, time: 0), (pn: 18446744073709551615, time: 0), (pn: 18446744073709551615, time: 0), (pn: 18446744073709551615, time: 0), (pn: 18446744073709551615, time: 0), (pn: 18446744073709551615, time: 0), (pn: 18446744073709551615, time: 0), (pn: 18446744073709551615, time: 0), (pn: 18446744073709551615, time: 0), (pn: 18446744073709551615, time: 0), (pn: 18446744073709551615, time: 0), (pn: 18446744073709551615, time: 0), (pn: 18446744073709551615, time: 0), (pn: 18446744073709551615, time: 0), (pn: 18446744073709551615, time: 0), (pn: 18446744073709551615, time: 0), (pn: 18446744073709551615, time: 0), (pn: 18446744073709551615, time: 0), (pn: 18446744073709551615, time: 0), (pn: 18446744073709551615, time: 0), (pn: 18446744073709551615, time: 0), (pn: 18446744073709551615, time: 0), (pn: 18446744073709551615, time: 0), (pn: 18446744073709551615, time: 0), (pn: 18446744073709551615, time: 0), (pn: 18446744073709551615, time: 0), (pn: 18446744073709551615, time: 0), (pn: 18446744073709551615, time: 0), (pn: 18446744073709551615, time: 0), (pn: 18446744073709551615, time: 0), (pn: 18446744073709551615, time: 0), (pn: 18446744073709551615, time: 0), (pn: 18446744073709551615, time: 0), (pn: 18446744073709551615, time: 0), (pn: 18446744073709551615, time: 0), (pn: 18446744073709551615, time: 0), (pn: 18446744073709551615, time: 0), (pn: 18446744073709551615, time: 0), (pn: 18446744073709551615, time: 0), (pn: 18446744073709551615, time: 0), (pn: 18446744073709551615, time: 0), (pn: 18446744073709551615, time: 0), (pn: 18446744073709551615, time: 0), (pn: 18446744073709551615, time: 0), (pn: 18446744073709551615, time: 0), (pn: 18446744073709551615, time: 0), (pn: 18446744073709551615, time: 0), (pn: 18446744073709551615, time: 0), (pn: 18446744073709551615, time: 0), (pn: 18446744073709551615, time: 0), (pn: 18446744073709551615, time: 0), (pn: 18446744073709551615, time: 0), (pn: 18446744073709551615, time: 0), (pn: 18446744073709551615, time: 0), (pn: 18446744073709551615, time: 0), (pn: 18446744073709551615, time: 0), (pn: 18446744073709551615, time: 0), (pn: 18446744073709551615, time: 0), (pn: 18446744073709551615, time: 0), (pn: 18446744073709551615, time: 0), (pn: 18446744073709551615, time: 0), (pn: 18446744073709551615, time: 0), (pn: 18446744073709551615, time: 0), (pn: 18446744073709551615, time: 0), (pn: 18446744073709551615, time: 0), (pn: 18446744073709551615, time: 0), (pn: 18446744073709551615, time: 0), (pn: 18446744073709551615, time: 0), (pn: 18446744073709551615, time: 0), (pn: 18446744073709551615, time: 0), (pn: 18446744073709551615, time: 0), (pn: 18446744073709551615, time: 0), (pn: 18446744073709551615, time: 0), (pn: 18446744073709551615, time: 0), (pn: 18446744073709551615, time: 0), (pn: 18446744073709551615, time: 0), (pn: 18446744073709551615, time: 0), (pn: 18446744073709551615, time: 0), (pn: 18446744073709551615, time: 0), (pn: 18446744073709551615, time: 0), (pn: 18446744073709551615, time: 0), (pn: 18446744073709551615, time: 0), (pn: 18446744073709551615, time: 0), (pn: 18446744073709551615, time: 0), (pn: 18446744073709551615, time: 0), (pn: 18446744073709551615, time: 0), (pn: 18446744073709551615, time: 0), (pn: 18446744073709551615, time: 0), (pn: 18446744073709551615, time: 0), (pn: 18446744073709551615, time: 0), (pn: 18446744073709551615, time: 0), (pn: 18446744073709551615, time: 0), (pn: 18446744073709551615, time: 0), (pn: 18446744073709551615, time: 0), (pn: 18446744073709551615, time: 0), (pn: 18446744073709551615, time: 0), (pn: 18446744073709551615, time: 0), (pn: 18446744073709551615, time: 0), (pn: 18446744073709551615, time: 0), (pn: 18446744073709551615, time: 0), (pn: 18446744073709551615, time: 0), (pn: 18446744073709551615, time: 0), (pn: 18446744073709551615, time: 0), (pn: 18446744073709551615, time: 0), (pn: 18446744073709551615, time: 0), (pn: 18446744073709551615, time: 0), (pn: 18446744073709551615, time: 0), (pn: 18446744073709551615, time: 0), (pn: 18446744073709551615, time: 0), (pn: 18446744073709551615, time: 0), (pn: 18446744073709551615, time: 0), (pn: 18446744073709551615, time: 0), (pn: 18446744073709551615, time: 0), (pn: 18446744073709551615, time: 0), (pn: 18446744073709551615, time: 0), (pn: 18446744073709551615, time: 0), (pn: 18446744073709551615, time: 0), (pn: 18446744073709551615, time: 0), (pn: 18446744073709551615, time: 0), (pn: 18446744073709551615, time: 0), (pn: 18446744073709551615, time: 0), (pn: 18446744073709551615, time: 0), (pn: 18446744073709551615, time: 0), (pn: 18446744073709551615, time: 0), (pn: 18446744073709551615, time: 0), (pn: 18446744073709551615, time: 0), (pn: 18446744073709551615, time: 0), (pn: 18446744073709551615, time: 0), (pn: 18446744073709551615, time: 0), (pn: 18446744073709551615, time: 0), (pn: 18446744073709551615, time: 0), (pn: 18446744073709551615, time: 0), (pn: 18446744073709551615, time: 0), (pn: 18446744073709551615, time: 0), (pn: 18446744073709551615, time: 0), (pn: 18446744073709551615, time: 0), (pn: 18446744073709551615, time: 0), (pn: 18446744073709551615, time: 0), (pn: 18446744073709551615, time: 0), (pn: 18446744073709551615, time: 0), (pn: 18446744073709551615, time: 0), (pn: 18446744073709551615, time: 0), (pn: 18446744073709551615, time: 0), (pn: 18446744073709551615, time: 0), (pn: 18446744073709551615, time: 0), (pn: 18446744073709551615, time: 0), (pn: 18446744073709551615, time: 0), (pn: 18446744073709551615, time: 0), (pn: 18446744073709551615, time: 0), (pn: 18446744073709551615, time: 0), (pn: 18446744073709551615, time: 0), (pn: 18446744073709551615, time: 0), (pn: 18446744073709551615, time: 0), (pn: 18446744073709551615, time: 0), (pn: 18446744073709551615, time: 0), (pn: 18446744073709551615, time: 0), (pn: 18446744073709551615, time: 0), (pn: 18446744073709551615, time: 0), (pn: 18446744073709551615, time: 0), (pn: 18446744073709551615, time: 0), (pn: 18446744073709551615, time: 0), (pn: 18446744073709551615, time: 0), (pn: 18446744073709551615, time: 0), (pn: 18446744073709551615, time: 0), (pn: 18446744073709551615, time: 0), (pn: 18446744073709551615, time: 0), (pn: 18446744073709551615, time: 0), (pn: 18446744073709551615, time: 0), (pn: 18446744073709551615, time: 0), (pn: 18446744073709551615, time: 0), (pn: 18446744073709551615, time: 0), (pn: 18446744073709551615, time: 0), (pn: 18446744073709551615, time: 0), (pn: 18446744073709551615, time: 0), (pn: 18446744073709551615, time: 0), (pn: 18446744073709551615, time: 0), (pn: 18446744073709551615, time: 0), (pn: 18446744073709551615, time: 0), (pn: 18446744073709551615, time: 0), (pn: 18446744073709551615, time: 0), (pn: 18446744073709551615, time: 0), (pn: 18446744073709551615, time: 0), (pn: 18446744073709551615, time: 0), (pn: 18446744073709551615, time: 0), (pn: 18446744073709551615, time: 0), (pn: 18446744073709551615, time: 0), (pn: 18446744073709551615, time: 0), (pn: 18446744073709551615, time: 0), (pn: 18446744073709551615, time: 0), (pn: 18446744073709551615, time: 0), (pn: 18446744073709551615, time: 0), (pn: 18446744073709551615, time: 0), (pn: 18446744073709551615, time: 0), (pn: 18446744073709551615, time: 0), (pn: 18446744073709551615, time: 0), (pn: 18446744073709551615, time: 0), (pn: 18446744073709551615, time: 0), (pn: 18446744073709551615, time: 0), (pn: 18446744073709551615, time: 0), (pn: 18446744073709551615, time: 0), (pn: 18446744073709551615, time: 0), (pn: 18446744073709551615, time: 0), (pn: 18446744073709551615, time: 0), (pn: 18446744073709551615, time: 0), (pn: 18446744073709551615, time: 0), (pn: 18446744073709551615, time: 0), (pn: 18446744073709551615, time: 0), (pn: 18446744073709551615, time: 0), (pn: 18446744073709551615, time: 0), (pn: 18446744073709551615, time: 0), (pn: 18446744073709551615, time: 0), (pn: 18446744073709551615, time: 0), (pn: 18446744073709551615, time: 0), (pn: 18446744073709551615, time: 0), (pn: 18446744073709551615, time: 0), (pn: 18446744073709551615, time: 0), (pn: 18446744073709551615, time: 0), (pn: 18446744073709551615, time: 0), (pn: 18446744073709551615, time: 0), (pn: 18446744073709551615, time: 0), (pn: 18446744073709551615, time: 0), (pn: 18446744073709551615, time: 0), (pn: 18446744073709551615, time: 0), (pn: 18446744073709551615, time: 0), (pn: 18446744073709551615, time: 0), (pn: 18446744073709551615, time: 0), (pn: 18446744073709551615, time: 0), (pn: 18446744073709551615, time: 0), (pn: 18446744073709551615, time: 0), (pn: 18446744073709551615, time: 0), (pn: 18446744073709551615, time: 0), (pn: 18446744073709551615, time: 0), (pn: 18446744073709551615, time: 0), (pn: 18446744073709551615, time: 0), (pn: 18446744073709551615, time: 0), (pn: 18446744073709551615, time: 0), (pn: 18446744073709551615, time: 0), (pn: 18446744073709551615, time: 0), (pn: 18446744073709551615, time: 0), (pn: 18446744073709551615, time: 0), (pn: 18446744073709551615, time: 0), (pn: 18446744073709551615, time: 0), (pn: 18446744073709551615, time: 0), (pn: 18446744073709551615, time: 0), (pn: 18446744073709551615, time: 0), (pn: 18446744073709551615, time: 0), (pn: 18446744073709551615, time: 0), (pn: 18446744073709551615, time: 0), (pn: 18446744073709551615, time: 0), (pn: 18446744073709551615, time: 0), (pn: 18446744073709551615, time: 0), (pn: 18446744073709551615, time: 0), (pn: 18446744073709551615, time: 0), (pn: 18446744073709551615, time: 0), (pn: 18446744073709551615, time: 0), (pn: 18446744073709551615, time: 0), (pn: 18446744073709551615, time: 0), (pn: 18446744073709551615, time: 0), (pn: 18446744073709551615, time: 0), (pn: 18446744073709551615, time: 0), (pn: 18446744073709551615, time: 0), (pn: 18446744073709551615, time: 0), (pn: 18446744073709551615, time: 0), (pn: 18446744073709551615, time: 0), (pn: 18446744073709551615, time: 0), (pn: 18446744073709551615, time: 0), (pn: 18446744073709551615, time: 0), (pn: 18446744073709551615, time: 0), (pn: 18446744073709551615, time: 0), (pn: 18446744073709551615, time: 0), (pn: 18446744073709551615, time: 0), (pn: 18446744073709551615, time: 0), (pn: 18446744073709551615, time: 0), (pn: 18446744073709551615, time: 0), (pn: 18446744073709551615, time: 0), (pn: 18446744073709551615, time: 0), (pn: 18446744073709551615, time: 0)]
↳             arrivals → [(pn: 1, time: 10054250)]
↳             reportedBelow → 1
↳             lastFeedback → 10008250
↳             elicited → false
↳             pendingAcks → []
↳             ackDue → nil
↳             senders → [4: LightrayCore.ReliableSender, 5: LightrayCore.ReliableSender, 0: LightrayCore.ReliableSender]
↳             receivers → [0: LightrayCore.ReliableReceiver]
↳             control → []
↳             pongs → []
↳             pings → [:]
↳             nextPingID → 1
↳             pingWanted → false
↳             validation → nil
↳           videoStreams → [1, 16, 17, 18]
↳           videos → [1: LightrayCore.VideoReceiver, 16: LightrayCore.VideoReceiver, 17: LightrayCore.VideoReceiver, 18: LightrayCore.VideoReceiver]
↳           fec → true
↳           resetToken → [47, 163, 29, 25, 11, 26, 249, 139, 22, 110, 237, 215, 182, 216, 171, 5]
↳           nextRequest → 1
↳           keyboardStream → 4
↳             some → 4
↳           pointerStream → 5
↳             some → 5
↳           pendingMotion → nil
↳           lastMotion → 0
↳       state → .connected
↳       outbox → []
↳       events → []
↳     isConnected → true
✘ Test inputOverflowEndsTheSession(dropClose:) recorded an issue with 1 argument dropClose → true at SessionTests.swift:174:5: Expectation failed: !link.client.isConnected
↳ !link.client.isConnected → true
↳   link.client.isConnected → false
↳     link.client → LightrayCore.ClientEndpoint
↳       config → ClientConfig(pairingID: 42, psk: [7, 7, 7, 7, 7, 7, 7, 7, 7, 7, 7, 7, 7, 7, 7, 7, 7, 7, 7, 7, 7, 7, 7, 7, 7, 7, 7, 7, 7, 7, 7, 7], host: 10.0.0.1:7373, maxDatagramSize: 1200, offerFEC: true, videoStreamCount: 4, silenceTimeout: 5000000, retryDelay: 1000000)
↳         pairingID → 42
↳         psk → [7, 7, 7, 7, 7, 7, 7, 7, 7, 7, 7, 7, 7, 7, 7, 7, 7, 7, 7, 7, 7, 7, 7, 7, 7, 7, 7, 7, 7, 7, 7, 7]
↳         host → 10.0.0.1:7373
↳           ip → [10, 0, 0, 1]
↳           port → 7373
↳         maxDatagramSize → 1200
↳         offerFEC → true
↳         videoStreamCount → 4
↳         silenceTimeout → 5000000
↳         retryDelay → 1000000
↳       session → LightrayCore.ClientSession
↳         some → LightrayCore.ClientSession
↳           connection → LightrayCore.Connection
↳             role → .client
↳             sessionID → 826878106
↳             streams → StreamTable(entries: [LightrayCore.StreamEntry(id: 1, kind: LightrayCore.StreamEntry.Kind.video, direction: LightrayCore.StreamEntry.Direction.hostToClient, streamClass: LightrayCore.StreamEntry.Class.media), LightrayCore.StreamEntry(id: 4, kind: LightrayCore.StreamEntry.Kind.input, direction: LightrayCore.StreamEntry.Direction.clientToHost, streamClass: LightrayCore.StreamEntry.Class.reliable), LightrayCore.StreamEntry(id: 5, kind: LightrayCore.StreamEntry.Kind.input, direction: LightrayCore.StreamEntry.Direction.clientToHost, streamClass: LightrayCore.StreamEntry.Class.reliable), LightrayCore.StreamEntry(id: 16, kind: LightrayCore.StreamEntry.Kind.video, direction: LightrayCore.StreamEntry.Direction.hostToClient, streamClass: LightrayCore.StreamEntry.Class.media), LightrayCore.StreamEntry(id: 17, kind: LightrayCore.StreamEntry.Kind.video, direction: LightrayCore.StreamEntry.Direction.hostToClient, streamClass: LightrayCore.StreamEntry.Class.media), LightrayCore.StreamEntry(id: 18, kind: LightrayCore.StreamEntry.Kind.video, direction: LightrayCore.StreamEntry.Direction.hostToClient, streamClass: LightrayCore.StreamEntry.Class.media)])
↳               entries → [LightrayCore.StreamEntry(id: 1, kind: LightrayCore.StreamEntry.Kind.video, direction: LightrayCore.StreamEntry.Direction.hostToClient, streamClass: LightrayCore.StreamEntry.Class.media), LightrayCore.StreamEntry(id: 4, kind: LightrayCore.StreamEntry.Kind.input, direction: LightrayCore.StreamEntry.Direction.clientToHost, streamClass: LightrayCore.StreamEntry.Class.reliable), LightrayCore.StreamEntry(id: 5, kind: LightrayCore.StreamEntry.Kind.input, direction: LightrayCore.StreamEntry.Direction.clientToHost, streamClass: LightrayCore.StreamEntry.Class.reliable), LightrayCore.StreamEntry(id: 16, kind: LightrayCore.StreamEntry.Kind.video, direction: LightrayCore.StreamEntry.Direction.hostToClient, streamClass: LightrayCore.StreamEntry.Class.media), LightrayCore.StreamEntry(id: 17, kind: LightrayCore.StreamEntry.Kind.video, direction: LightrayCore.StreamEntry.Direction.hostToClient, streamClass: LightrayCore.StreamEntry.Class.media), LightrayCore.StreamEntry(id: 18, kind: LightrayCore.StreamEntry.Kind.video, direction: LightrayCore.StreamEntry.Direction.hostToClient, streamClass: LightrayCore.StreamEntry.Class.media)]
↳             maxDatagramSize → 1200
↳             peer → 10.0.0.1:7373
↳               ip → [10, 0, 0, 1]
↳               port → 7373
↳             rtt → RTTEstimator(smoothed: 4166, variation: 1019, latest: 4000, minimum: 4000, hasSample: true)
↳               smoothed → 4166
↳               variation → 1019
↳               latest → 4000
↳               minimum → 4000
↳               hasSample → true
↳             stats → ConnectionStats(packetsSent: 3, bytesSent: 137, packetsReceived: 2, bytesReceived: 118, authenticationFailures: 0, replays: 0, staleRebinds: 0, rebinds: 0, malformedChunks: 0, streamViolations: 0, blockedByValidation: 0, reportedReceived: 3, reportedLost: 0)
↳               packetsSent → 3
↳               bytesSent → 137
↳               packetsReceived → 2
↳               bytesReceived → 118
↳               authenticationFailures → 0
↳               replays → 0
↳               staleRebinds → 0
↳               rebinds → 0
↳               malformedChunks → 0
↳               streamViolations → 0
↳               blockedByValidation → 0
↳               reportedReceived → 3
↳               reportedLost → 0
↳             lastReceived → 10054250
↳             lastSent → 10050250
↳             sendKey → TrafficKey(key: Key representation contains 32 bytes.)
↳               key → Key representation contains 32 bytes.
↳                 sb → SecureBytes(backing: CryptoKit.SecureBytes.Backing)
↳                   backing → CryptoKit.SecureBytes.Backing
↳             receiveKey → TrafficKey(key: Key representation contains 32 bytes.)
↳               key → Key representation contains 32 bytes.
↳                 sb → SecureBytes(backing: CryptoKit.SecureBytes.Backing)
↳                   backing → CryptoKit.SecureBytes.Backing
↳             nextPacketNumber → 3
↳             replay → ReplayWindow(bits: [3, 0, 0, 0, 0, 0, 0, 0, 0, 0, 0, 0, 0, 0, 0, 0, 0, 0, 0, 0, 0, 0, 0, 0, 0, 0, 0, 0, 0, 0, 0, 0], highest: Optional(1))
↳               bits → [3, 0, 0, 0, 0, 0, 0, 0, 0, 0, 0, 0, 0, 0, 0, 0, 0, 0, 0, 0, 0, 0, 0, 0, 0, 0, 0, 0, 0, 0, 0, 0]
↳               highest → 1
↳                 some → 1
↳             sentLog → [(pn: 0, time: 10004250), (pn: 1, time: 10008250), (pn: 2, time: 10050250), (pn: 18446744073709551615, time: 0), (pn: 18446744073709551615, time: 0), (pn: 18446744073709551615, time: 0), (pn: 18446744073709551615, time: 0), (pn: 18446744073709551615, time: 0), (pn: 18446744073709551615, time: 0), (pn: 18446744073709551615, time: 0), (pn: 18446744073709551615, time: 0), (pn: 18446744073709551615, time: 0), (pn: 18446744073709551615, time: 0), (pn: 18446744073709551615, time: 0), (pn: 18446744073709551615, time: 0), (pn: 18446744073709551615, time: 0), (pn: 18446744073709551615, time: 0), (pn: 18446744073709551615, time: 0), (pn: 18446744073709551615, time: 0), (pn: 18446744073709551615, time: 0), (pn: 18446744073709551615, time: 0), (pn: 18446744073709551615, time: 0), (pn: 18446744073709551615, time: 0), (pn: 18446744073709551615, time: 0), (pn: 18446744073709551615, time: 0), (pn: 18446744073709551615, time: 0), (pn: 18446744073709551615, time: 0), (pn: 18446744073709551615, time: 0), (pn: 18446744073709551615, time: 0), (pn: 18446744073709551615, time: 0), (pn: 18446744073709551615, time: 0), (pn: 18446744073709551615, time: 0), (pn: 18446744073709551615, time: 0), (pn: 18446744073709551615, time: 0), (pn: 18446744073709551615, time: 0), (pn: 18446744073709551615, time: 0), (pn: 18446744073709551615, time: 0), (pn: 18446744073709551615, time: 0), (pn: 18446744073709551615, time: 0), (pn: 18446744073709551615, time: 0), (pn: 18446744073709551615, time: 0), (pn: 18446744073709551615, time: 0), (pn: 18446744073709551615, time: 0), (pn: 18446744073709551615, time: 0), (pn: 18446744073709551615, time: 0), (pn: 18446744073709551615, time: 0), (pn: 18446744073709551615, time: 0), (pn: 18446744073709551615, time: 0), (pn: 18446744073709551615, time: 0), (pn: 18446744073709551615, time: 0), (pn: 18446744073709551615, time: 0), (pn: 18446744073709551615, time: 0), (pn: 18446744073709551615, time: 0), (pn: 18446744073709551615, time: 0), (pn: 18446744073709551615, time: 0), (pn: 18446744073709551615, time: 0), (pn: 18446744073709551615, time: 0), (pn: 18446744073709551615, time: 0), (pn: 18446744073709551615, time: 0), (pn: 18446744073709551615, time: 0), (pn: 18446744073709551615, time: 0), (pn: 18446744073709551615, time: 0), (pn: 18446744073709551615, time: 0), (pn: 18446744073709551615, time: 0), (pn: 18446744073709551615, time: 0), (pn: 18446744073709551615, time: 0), (pn: 18446744073709551615, time: 0), (pn: 18446744073709551615, time: 0), (pn: 18446744073709551615, time: 0), (pn: 18446744073709551615, time: 0), (pn: 18446744073709551615, time: 0), (pn: 18446744073709551615, time: 0), (pn: 18446744073709551615, time: 0), (pn: 18446744073709551615, time: 0), (pn: 18446744073709551615, time: 0), (pn: 18446744073709551615, time: 0), (pn: 18446744073709551615, time: 0), (pn: 18446744073709551615, time: 0), (pn: 18446744073709551615, time: 0), (pn: 18446744073709551615, time: 0), (pn: 18446744073709551615, time: 0), (pn: 18446744073709551615, time: 0), (pn: 18446744073709551615, time: 0), (pn: 18446744073709551615, time: 0), (pn: 18446744073709551615, time: 0), (pn: 18446744073709551615, time: 0), (pn: 18446744073709551615, time: 0), (pn: 18446744073709551615, time: 0), (pn: 18446744073709551615, time: 0), (pn: 18446744073709551615, time: 0), (pn: 18446744073709551615, time: 0), (pn: 18446744073709551615, time: 0), (pn: 18446744073709551615, time: 0), (pn: 18446744073709551615, time: 0), (pn: 18446744073709551615, time: 0), (pn: 18446744073709551615, time: 0), (pn: 18446744073709551615, time: 0), (pn: 18446744073709551615, time: 0), (pn: 18446744073709551615, time: 0), (pn: 18446744073709551615, time: 0), (pn: 18446744073709551615, time: 0), (pn: 18446744073709551615, time: 0), (pn: 18446744073709551615, time: 0), (pn: 18446744073709551615, time: 0), (pn: 18446744073709551615, time: 0), (pn: 18446744073709551615, time: 0), (pn: 18446744073709551615, time: 0), (pn: 18446744073709551615, time: 0), (pn: 18446744073709551615, time: 0), (pn: 18446744073709551615, time: 0), (pn: 18446744073709551615, time: 0), (pn: 18446744073709551615, time: 0), (pn: 18446744073709551615, time: 0), (pn: 18446744073709551615, time: 0), (pn: 18446744073709551615, time: 0), (pn: 18446744073709551615, time: 0), (pn: 18446744073709551615, time: 0), (pn: 18446744073709551615, time: 0), (pn: 18446744073709551615, time: 0), (pn: 18446744073709551615, time: 0), (pn: 18446744073709551615, time: 0), (pn: 18446744073709551615, time: 0), (pn: 18446744073709551615, time: 0), (pn: 18446744073709551615, time: 0), (pn: 18446744073709551615, time: 0), (pn: 18446744073709551615, time: 0), (pn: 18446744073709551615, time: 0), (pn: 18446744073709551615, time: 0), (pn: 18446744073709551615, time: 0), (pn: 18446744073709551615, time: 0), (pn: 18446744073709551615, time: 0), (pn: 18446744073709551615, time: 0), (pn: 18446744073709551615, time: 0), (pn: 18446744073709551615, time: 0), (pn: 18446744073709551615, time: 0), (pn: 18446744073709551615, time: 0), (pn: 18446744073709551615, time: 0), (pn: 18446744073709551615, time: 0), (pn: 18446744073709551615, time: 0), (pn: 18446744073709551615, time: 0), (pn: 18446744073709551615, time: 0), (pn: 18446744073709551615, time: 0), (pn: 18446744073709551615, time: 0), (pn: 18446744073709551615, time: 0), (pn: 18446744073709551615, time: 0), (pn: 18446744073709551615, time: 0), (pn: 18446744073709551615, time: 0), (pn: 18446744073709551615, time: 0), (pn: 18446744073709551615, time: 0), (pn: 18446744073709551615, time: 0), (pn: 18446744073709551615, time: 0), (pn: 18446744073709551615, time: 0), (pn: 18446744073709551615, time: 0), (pn: 18446744073709551615, time: 0), (pn: 18446744073709551615, time: 0), (pn: 18446744073709551615, time: 0), (pn: 18446744073709551615, time: 0), (pn: 18446744073709551615, time: 0), (pn: 18446744073709551615, time: 0), (pn: 18446744073709551615, time: 0), (pn: 18446744073709551615, time: 0), (pn: 18446744073709551615, time: 0), (pn: 18446744073709551615, time: 0), (pn: 18446744073709551615, time: 0), (pn: 18446744073709551615, time: 0), (pn: 18446744073709551615, time: 0), (pn: 18446744073709551615, time: 0), (pn: 18446744073709551615, time: 0), (pn: 18446744073709551615, time: 0), (pn: 18446744073709551615, time: 0), (pn: 18446744073709551615, time: 0), (pn: 18446744073709551615, time: 0), (pn: 18446744073709551615, time: 0), (pn: 18446744073709551615, time: 0), (pn: 18446744073709551615, time: 0), (pn: 18446744073709551615, time: 0), (pn: 18446744073709551615, time: 0), (pn: 18446744073709551615, time: 0), (pn: 18446744073709551615, time: 0), (pn: 18446744073709551615, time: 0), (pn: 18446744073709551615, time: 0), (pn: 18446744073709551615, time: 0), (pn: 18446744073709551615, time: 0), (pn: 18446744073709551615, time: 0), (pn: 18446744073709551615, time: 0), (pn: 18446744073709551615, time: 0), (pn: 18446744073709551615, time: 0), (pn: 18446744073709551615, time: 0), (pn: 18446744073709551615, time: 0), (pn: 18446744073709551615, time: 0), (pn: 18446744073709551615, time: 0), (pn: 18446744073709551615, time: 0), (pn: 18446744073709551615, time: 0), (pn: 18446744073709551615, time: 0), (pn: 18446744073709551615, time: 0), (pn: 18446744073709551615, time: 0), (pn: 18446744073709551615, time: 0), (pn: 18446744073709551615, time: 0), (pn: 18446744073709551615, time: 0), (pn: 18446744073709551615, time: 0), (pn: 18446744073709551615, time: 0), (pn: 18446744073709551615, time: 0), (pn: 18446744073709551615, time: 0), (pn: 18446744073709551615, time: 0), (pn: 18446744073709551615, time: 0), (pn: 18446744073709551615, time: 0), (pn: 18446744073709551615, time: 0), (pn: 18446744073709551615, time: 0), (pn: 18446744073709551615, time: 0), (pn: 18446744073709551615, time: 0), (pn: 18446744073709551615, time: 0), (pn: 18446744073709551615, time: 0), (pn: 18446744073709551615, time: 0), (pn: 18446744073709551615, time: 0), (pn: 18446744073709551615, time: 0), (pn: 18446744073709551615, time: 0), (pn: 18446744073709551615, time: 0), (pn: 18446744073709551615, time: 0), (pn: 18446744073709551615, time: 0), (pn: 18446744073709551615, time: 0), (pn: 18446744073709551615, time: 0), (pn: 18446744073709551615, time: 0), (pn: 18446744073709551615, time: 0), (pn: 18446744073709551615, time: 0), (pn: 18446744073709551615, time: 0), (pn: 18446744073709551615, time: 0), (pn: 18446744073709551615, time: 0), (pn: 18446744073709551615, time: 0), (pn: 18446744073709551615, time: 0), (pn: 18446744073709551615, time: 0), (pn: 18446744073709551615, time: 0), (pn: 18446744073709551615, time: 0), (pn: 18446744073709551615, time: 0), (pn: 18446744073709551615, time: 0), (pn: 18446744073709551615, time: 0), (pn: 18446744073709551615, time: 0), (pn: 18446744073709551615, time: 0), (pn: 18446744073709551615, time: 0), (pn: 18446744073709551615, time: 0), (pn: 18446744073709551615, time: 0), (pn: 18446744073709551615, time: 0), (pn: 18446744073709551615, time: 0), (pn: 18446744073709551615, time: 0), (pn: 18446744073709551615, time: 0), (pn: 18446744073709551615, time: 0), (pn: 18446744073709551615, time: 0), (pn: 18446744073709551615, time: 0), (pn: 18446744073709551615, time: 0), (pn: 18446744073709551615, time: 0), (pn: 18446744073709551615, time: 0), (pn: 18446744073709551615, time: 0), (pn: 18446744073709551615, time: 0), (pn: 18446744073709551615, time: 0), (pn: 18446744073709551615, time: 0), (pn: 18446744073709551615, time: 0), (pn: 18446744073709551615, time: 0), (pn: 18446744073709551615, time: 0), (pn: 18446744073709551615, time: 0), (pn: 18446744073709551615, time: 0), (pn: 18446744073709551615, time: 0), (pn: 18446744073709551615, time: 0), (pn: 18446744073709551615, time: 0), (pn: 18446744073709551615, time: 0), (pn: 18446744073709551615, time: 0), (pn: 18446744073709551615, time: 0), (pn: 18446744073709551615, time: 0), (pn: 18446744073709551615, time: 0), (pn: 18446744073709551615, time: 0), (pn: 18446744073709551615, time: 0), (pn: 18446744073709551615, time: 0), (pn: 18446744073709551615, time: 0), (pn: 18446744073709551615, time: 0), (pn: 18446744073709551615, time: 0), (pn: 18446744073709551615, time: 0), (pn: 18446744073709551615, time: 0), (pn: 18446744073709551615, time: 0), (pn: 18446744073709551615, time: 0), (pn: 18446744073709551615, time: 0), (pn: 18446744073709551615, time: 0), (pn: 18446744073709551615, time: 0), (pn: 18446744073709551615, time: 0), (pn: 18446744073709551615, time: 0), (pn: 18446744073709551615, time: 0), (pn: 18446744073709551615, time: 0), (pn: 18446744073709551615, time: 0), (pn: 18446744073709551615, time: 0), (pn: 18446744073709551615, time: 0), (pn: 18446744073709551615, time: 0), (pn: 18446744073709551615, time: 0), (pn: 18446744073709551615, time: 0), (pn: 18446744073709551615, time: 0), (pn: 18446744073709551615, time: 0), (pn: 18446744073709551615, time: 0), (pn: 18446744073709551615, time: 0), (pn: 18446744073709551615, time: 0), (pn: 18446744073709551615, time: 0), (pn: 18446744073709551615, time: 0), (pn: 18446744073709551615, time: 0), (pn: 18446744073709551615, time: 0), (pn: 18446744073709551615, time: 0), (pn: 18446744073709551615, time: 0), (pn: 18446744073709551615, time: 0), (pn: 18446744073709551615, time: 0), (pn: 18446744073709551615, time: 0), (pn: 18446744073709551615, time: 0), (pn: 18446744073709551615, time: 0), (pn: 18446744073709551615, time: 0), (pn: 18446744073709551615, time: 0), (pn: 18446744073709551615, time: 0), (pn: 18446744073709551615, time: 0), (pn: 18446744073709551615, time: 0), (pn: 18446744073709551615, time: 0), (pn: 18446744073709551615, time: 0), (pn: 18446744073709551615, time: 0), (pn: 18446744073709551615, time: 0), (pn: 18446744073709551615, time: 0), (pn: 18446744073709551615, time: 0), (pn: 18446744073709551615, time: 0), (pn: 18446744073709551615, time: 0), (pn: 18446744073709551615, time: 0), (pn: 18446744073709551615, time: 0), (pn: 18446744073709551615, time: 0), (pn: 18446744073709551615, time: 0), (pn: 18446744073709551615, time: 0), (pn: 18446744073709551615, time: 0), (pn: 18446744073709551615, time: 0), (pn: 18446744073709551615, time: 0), (pn: 18446744073709551615, time: 0), (pn: 18446744073709551615, time: 0), (pn: 18446744073709551615, time: 0), (pn: 18446744073709551615, time: 0), (pn: 18446744073709551615, time: 0), (pn: 18446744073709551615, time: 0), (pn: 18446744073709551615, time: 0), (pn: 18446744073709551615, time: 0), (pn: 18446744073709551615, time: 0), (pn: 18446744073709551615, time: 0), (pn: 18446744073709551615, time: 0), (pn: 18446744073709551615, time: 0), (pn: 18446744073709551615, time: 0), (pn: 18446744073709551615, time: 0), (pn: 18446744073709551615, time: 0), (pn: 18446744073709551615, time: 0), (pn: 18446744073709551615, time: 0), (pn: 18446744073709551615, time: 0), (pn: 18446744073709551615, time: 0), (pn: 18446744073709551615, time: 0), (pn: 18446744073709551615, time: 0), (pn: 18446744073709551615, time: 0), (pn: 18446744073709551615, time: 0), (pn: 18446744073709551615, time: 0), (pn: 18446744073709551615, time: 0), (pn: 18446744073709551615, time: 0), (pn: 18446744073709551615, time: 0), (pn: 18446744073709551615, time: 0), (pn: 18446744073709551615, time: 0), (pn: 18446744073709551615, time: 0), (pn: 18446744073709551615, time: 0), (pn: 18446744073709551615, time: 0), (pn: 18446744073709551615, time: 0), (pn: 18446744073709551615, time: 0), (pn: 18446744073709551615, time: 0), (pn: 18446744073709551615, time: 0), (pn: 18446744073709551615, time: 0), (pn: 18446744073709551615, time: 0), (pn: 18446744073709551615, time: 0), (pn: 18446744073709551615, time: 0), (pn: 18446744073709551615, time: 0), (pn: 18446744073709551615, time: 0), (pn: 18446744073709551615, time: 0), (pn: 18446744073709551615, time: 0), (pn: 18446744073709551615, time: 0), (pn: 18446744073709551615, time: 0), (pn: 18446744073709551615, time: 0), (pn: 18446744073709551615, time: 0), (pn: 18446744073709551615, time: 0), (pn: 18446744073709551615, time: 0), (pn: 18446744073709551615, time: 0), (pn: 18446744073709551615, time: 0), (pn: 18446744073709551615, time: 0), (pn: 18446744073709551615, time: 0), (pn: 18446744073709551615, time: 0), (pn: 18446744073709551615, time: 0), (pn: 18446744073709551615, time: 0), (pn: 18446744073709551615, time: 0), (pn: 18446744073709551615, time: 0), (pn: 18446744073709551615, time: 0), (pn: 18446744073709551615, time: 0), (pn: 18446744073709551615, time: 0), (pn: 18446744073709551615, time: 0), (pn: 18446744073709551615, time: 0), (pn: 18446744073709551615, time: 0), (pn: 18446744073709551615, time: 0), (pn: 18446744073709551615, time: 0), (pn: 18446744073709551615, time: 0), (pn: 18446744073709551615, time: 0), (pn: 18446744073709551615, time: 0), (pn: 18446744073709551615, time: 0), (pn: 18446744073709551615, time: 0), (pn: 18446744073709551615, time: 0), (pn: 18446744073709551615, time: 0), (pn: 18446744073709551615, time: 0), (pn: 18446744073709551615, time: 0), (pn: 18446744073709551615, time: 0), (pn: 18446744073709551615, time: 0), (pn: 18446744073709551615, time: 0), (pn: 18446744073709551615, time: 0), (pn: 18446744073709551615, time: 0), (pn: 18446744073709551615, time: 0), (pn: 18446744073709551615, time: 0), (pn: 18446744073709551615, time: 0), (pn: 18446744073709551615, time: 0), (pn: 18446744073709551615, time: 0), (pn: 18446744073709551615, time: 0), (pn: 18446744073709551615, time: 0), (pn: 18446744073709551615, time: 0), (pn: 18446744073709551615, time: 0), (pn: 18446744073709551615, time: 0), (pn: 18446744073709551615, time: 0), (pn: 18446744073709551615, time: 0), (pn: 18446744073709551615, time: 0), (pn: 18446744073709551615, time: 0), (pn: 18446744073709551615, time: 0), (pn: 18446744073709551615, time: 0), (pn: 18446744073709551615, time: 0), (pn: 18446744073709551615, time: 0), (pn: 18446744073709551615, time: 0), (pn: 18446744073709551615, time: 0), (pn: 18446744073709551615, time: 0), (pn: 18446744073709551615, time: 0), (pn: 18446744073709551615, time: 0), (pn: 18446744073709551615, time: 0), (pn: 18446744073709551615, time: 0), (pn: 18446744073709551615, time: 0), (pn: 18446744073709551615, time: 0), (pn: 18446744073709551615, time: 0), (pn: 18446744073709551615, time: 0), (pn: 18446744073709551615, time: 0), (pn: 18446744073709551615, time: 0), (pn: 18446744073709551615, time: 0), (pn: 18446744073709551615, time: 0), (pn: 18446744073709551615, time: 0), (pn: 18446744073709551615, time: 0), (pn: 18446744073709551615, time: 0), (pn: 18446744073709551615, time: 0), (pn: 18446744073709551615, time: 0), (pn: 18446744073709551615, time: 0), (pn: 18446744073709551615, time: 0), (pn: 18446744073709551615, time: 0), (pn: 18446744073709551615, time: 0), (pn: 18446744073709551615, time: 0), (pn: 18446744073709551615, time: 0), (pn: 18446744073709551615, time: 0), (pn: 18446744073709551615, time: 0), (pn: 18446744073709551615, time: 0), (pn: 18446744073709551615, time: 0), (pn: 18446744073709551615, time: 0), (pn: 18446744073709551615, time: 0), (pn: 18446744073709551615, time: 0), (pn: 18446744073709551615, time: 0), (pn: 18446744073709551615, time: 0), (pn: 18446744073709551615, time: 0), (pn: 18446744073709551615, time: 0), (pn: 18446744073709551615, time: 0), (pn: 18446744073709551615, time: 0), (pn: 18446744073709551615, time: 0), (pn: 18446744073709551615, time: 0), (pn: 18446744073709551615, time: 0), (pn: 18446744073709551615, time: 0), (pn: 18446744073709551615, time: 0), (pn: 18446744073709551615, time: 0), (pn: 18446744073709551615, time: 0), (pn: 18446744073709551615, time: 0), (pn: 18446744073709551615, time: 0), (pn: 18446744073709551615, time: 0), (pn: 18446744073709551615, time: 0), (pn: 18446744073709551615, time: 0), (pn: 18446744073709551615, time: 0), (pn: 18446744073709551615, time: 0), (pn: 18446744073709551615, time: 0), (pn: 18446744073709551615, time: 0), (pn: 18446744073709551615, time: 0), (pn: 18446744073709551615, time: 0), (pn: 18446744073709551615, time: 0), (pn: 18446744073709551615, time: 0), (pn: 18446744073709551615, time: 0), (pn: 18446744073709551615, time: 0), (pn: 18446744073709551615, time: 0), (pn: 18446744073709551615, time: 0), (pn: 18446744073709551615, time: 0), (pn: 18446744073709551615, time: 0), (pn: 18446744073709551615, time: 0), (pn: 18446744073709551615, time: 0), (pn: 18446744073709551615, time: 0), (pn: 18446744073709551615, time: 0), (pn: 18446744073709551615, time: 0), (pn: 18446744073709551615, time: 0), (pn: 18446744073709551615, time: 0), (pn: 18446744073709551615, time: 0), (pn: 18446744073709551615, time: 0), (pn: 18446744073709551615, time: 0), (pn: 18446744073709551615, time: 0), (pn: 18446744073709551615, time: 0), (pn: 18446744073709551615, time: 0), (pn: 18446744073709551615, time: 0), (pn: 18446744073709551615, time: 0), (pn: 18446744073709551615, time: 0), (pn: 18446744073709551615, time: 0), (pn: 18446744073709551615, time: 0), (pn: 18446744073709551615, time: 0), (pn: 18446744073709551615, time: 0), (pn: 18446744073709551615, time: 0), (pn: 18446744073709551615, time: 0), (pn: 18446744073709551615, time: 0), (pn: 18446744073709551615, time: 0), (pn: 18446744073709551615, time: 0), (pn: 18446744073709551615, time: 0), (pn: 18446744073709551615, time: 0), (pn: 18446744073709551615, time: 0), (pn: 18446744073709551615, time: 0), (pn: 18446744073709551615, time: 0), (pn: 18446744073709551615, time: 0), (pn: 18446744073709551615, time: 0), (pn: 18446744073709551615, time: 0), (pn: 18446744073709551615, time: 0), (pn: 18446744073709551615, time: 0), (pn: 18446744073709551615, time: 0), (pn: 18446744073709551615, time: 0), (pn: 18446744073709551615, time: 0), (pn: 18446744073709551615, time: 0), (pn: 18446744073709551615, time: 0), (pn: 18446744073709551615, time: 0), (pn: 18446744073709551615, time: 0), (pn: 18446744073709551615, time: 0), (pn: 18446744073709551615, time: 0), (pn: 18446744073709551615, time: 0), (pn: 18446744073709551615, time: 0), (pn: 18446744073709551615, time: 0), (pn: 18446744073709551615, time: 0), (pn: 18446744073709551615, time: 0), (pn: 18446744073709551615, time: 0), (pn: 18446744073709551615, time: 0), (pn: 18446744073709551615, time: 0), (pn: 18446744073709551615, time: 0), (pn: 18446744073709551615, time: 0), (pn: 18446744073709551615, time: 0), (pn: 18446744073709551615, time: 0), (pn: 18446744073709551615, time: 0), (pn: 18446744073709551615, time: 0), (pn: 18446744073709551615, time: 0), (pn: 18446744073709551615, time: 0), (pn: 18446744073709551615, time: 0), (pn: 18446744073709551615, time: 0), (pn: 18446744073709551615, time: 0), (pn: 18446744073709551615, time: 0), (pn: 18446744073709551615, time: 0), (pn: 18446744073709551615, time: 0), (pn: 18446744073709551615, time: 0), (pn: 18446744073709551615, time: 0), (pn: 18446744073709551615, time: 0), (pn: 18446744073709551615, time: 0), (pn: 18446744073709551615, time: 0), (pn: 18446744073709551615, time: 0), (pn: 18446744073709551615, time: 0), (pn: 18446744073709551615, time: 0), (pn: 18446744073709551615, time: 0), (pn: 18446744073709551615, time: 0), (pn: 18446744073709551615, time: 0), (pn: 18446744073709551615, time: 0), (pn: 18446744073709551615, time: 0), (pn: 18446744073709551615, time: 0), (pn: 18446744073709551615, time: 0), (pn: 18446744073709551615, time: 0), (pn: 18446744073709551615, time: 0), (pn: 18446744073709551615, time: 0), (pn: 18446744073709551615, time: 0), (pn: 18446744073709551615, time: 0), (pn: 18446744073709551615, time: 0), (pn: 18446744073709551615, time: 0), (pn: 18446744073709551615, time: 0), (pn: 18446744073709551615, time: 0), (pn: 18446744073709551615, time: 0), (pn: 18446744073709551615, time: 0), (pn: 18446744073709551615, time: 0), (pn: 18446744073709551615, time: 0), (pn: 18446744073709551615, time: 0), (pn: 18446744073709551615, time: 0), (pn: 18446744073709551615, time: 0), (pn: 18446744073709551615, time: 0), (pn: 18446744073709551615, time: 0), (pn: 18446744073709551615, time: 0), (pn: 18446744073709551615, time: 0), (pn: 18446744073709551615, time: 0), (pn: 18446744073709551615, time: 0), (pn: 18446744073709551615, time: 0), (pn: 18446744073709551615, time: 0), (pn: 18446744073709551615, time: 0), (pn: 18446744073709551615, time: 0), (pn: 18446744073709551615, time: 0), (pn: 18446744073709551615, time: 0), (pn: 18446744073709551615, time: 0), (pn: 18446744073709551615, time: 0), (pn: 18446744073709551615, time: 0), (pn: 18446744073709551615, time: 0), (pn: 18446744073709551615, time: 0), (pn: 18446744073709551615, time: 0), (pn: 18446744073709551615, time: 0), (pn: 18446744073709551615, time: 0), (pn: 18446744073709551615, time: 0), (pn: 18446744073709551615, time: 0), (pn: 18446744073709551615, time: 0), (pn: 18446744073709551615, time: 0), (pn: 18446744073709551615, time: 0), (pn: 18446744073709551615, time: 0), (pn: 18446744073709551615, time: 0), (pn: 18446744073709551615, time: 0), (pn: 18446744073709551615, time: 0), (pn: 18446744073709551615, time: 0), (pn: 18446744073709551615, time: 0), (pn: 18446744073709551615, time: 0), (pn: 18446744073709551615, time: 0), (pn: 18446744073709551615, time: 0), (pn: 18446744073709551615, time: 0), (pn: 18446744073709551615, time: 0), (pn: 18446744073709551615, time: 0), (pn: 18446744073709551615, time: 0), (pn: 18446744073709551615, time: 0), (pn: 18446744073709551615, time: 0), (pn: 18446744073709551615, time: 0), (pn: 18446744073709551615, time: 0), (pn: 18446744073709551615, time: 0), (pn: 18446744073709551615, time: 0), (pn: 18446744073709551615, time: 0), (pn: 18446744073709551615, time: 0), (pn: 18446744073709551615, time: 0), (pn: 18446744073709551615, time: 0), (pn: 18446744073709551615, time: 0), (pn: 18446744073709551615, time: 0), (pn: 18446744073709551615, time: 0), (pn: 18446744073709551615, time: 0), (pn: 18446744073709551615, time: 0), (pn: 18446744073709551615, time: 0), (pn: 18446744073709551615, time: 0), (pn: 18446744073709551615, time: 0), (pn: 18446744073709551615, time: 0), (pn: 18446744073709551615, time: 0), (pn: 18446744073709551615, time: 0), (pn: 18446744073709551615, time: 0), (pn: 18446744073709551615, time: 0), (pn: 18446744073709551615, time: 0), (pn: 18446744073709551615, time: 0), (pn: 18446744073709551615, time: 0), (pn: 18446744073709551615, time: 0), (pn: 18446744073709551615, time: 0), (pn: 18446744073709551615, time: 0), (pn: 18446744073709551615, time: 0), (pn: 18446744073709551615, time: 0), (pn: 18446744073709551615, time: 0), (pn: 18446744073709551615, time: 0), (pn: 18446744073709551615, time: 0), (pn: 18446744073709551615, time: 0), (pn: 18446744073709551615, time: 0), (pn: 18446744073709551615, time: 0), (pn: 18446744073709551615, time: 0), (pn: 18446744073709551615, time: 0), (pn: 18446744073709551615, time: 0), (pn: 18446744073709551615, time: 0), (pn: 18446744073709551615, time: 0), (pn: 18446744073709551615, time: 0), (pn: 18446744073709551615, time: 0), (pn: 18446744073709551615, time: 0), (pn: 18446744073709551615, time: 0), (pn: 18446744073709551615, time: 0), (pn: 18446744073709551615, time: 0), (pn: 18446744073709551615, time: 0), (pn: 18446744073709551615, time: 0), (pn: 18446744073709551615, time: 0), (pn: 18446744073709551615, time: 0), (pn: 18446744073709551615, time: 0), (pn: 18446744073709551615, time: 0), (pn: 18446744073709551615, time: 0), (pn: 18446744073709551615, time: 0), (pn: 18446744073709551615, time: 0), (pn: 18446744073709551615, time: 0), (pn: 18446744073709551615, time: 0), (pn: 18446744073709551615, time: 0), (pn: 18446744073709551615, time: 0), (pn: 18446744073709551615, time: 0), (pn: 18446744073709551615, time: 0), (pn: 18446744073709551615, time: 0), (pn: 18446744073709551615, time: 0), (pn: 18446744073709551615, time: 0), (pn: 18446744073709551615, time: 0), (pn: 18446744073709551615, time: 0), (pn: 18446744073709551615, time: 0), (pn: 18446744073709551615, time: 0), (pn: 18446744073709551615, time: 0), (pn: 18446744073709551615, time: 0), (pn: 18446744073709551615, time: 0), (pn: 18446744073709551615, time: 0), (pn: 18446744073709551615, time: 0), (pn: 18446744073709551615, time: 0), (pn: 18446744073709551615, time: 0), (pn: 18446744073709551615, time: 0), (pn: 18446744073709551615, time: 0), (pn: 18446744073709551615, time: 0), (pn: 18446744073709551615, time: 0), (pn: 18446744073709551615, time: 0), (pn: 18446744073709551615, time: 0), (pn: 18446744073709551615, time: 0), (pn: 18446744073709551615, time: 0), (pn: 18446744073709551615, time: 0), (pn: 18446744073709551615, time: 0), (pn: 18446744073709551615, time: 0), (pn: 18446744073709551615, time: 0), (pn: 18446744073709551615, time: 0), (pn: 18446744073709551615, time: 0), (pn: 18446744073709551615, time: 0), (pn: 18446744073709551615, time: 0), (pn: 18446744073709551615, time: 0), (pn: 18446744073709551615, time: 0), (pn: 18446744073709551615, time: 0), (pn: 18446744073709551615, time: 0), (pn: 18446744073709551615, time: 0), (pn: 18446744073709551615, time: 0), (pn: 18446744073709551615, time: 0), (pn: 18446744073709551615, time: 0), (pn: 18446744073709551615, time: 0), (pn: 18446744073709551615, time: 0), (pn: 18446744073709551615, time: 0), (pn: 18446744073709551615, time: 0), (pn: 18446744073709551615, time: 0), (pn: 18446744073709551615, time: 0), (pn: 18446744073709551615, time: 0), (pn: 18446744073709551615, time: 0), (pn: 18446744073709551615, time: 0), (pn: 18446744073709551615, time: 0), (pn: 18446744073709551615, time: 0), (pn: 18446744073709551615, time: 0), (pn: 18446744073709551615, time: 0), (pn: 18446744073709551615, time: 0), (pn: 18446744073709551615, time: 0), (pn: 18446744073709551615, time: 0), (pn: 18446744073709551615, time: 0), (pn: 18446744073709551615, time: 0), (pn: 18446744073709551615, time: 0), (pn: 18446744073709551615, time: 0), (pn: 18446744073709551615, time: 0), (pn: 18446744073709551615, time: 0), (pn: 18446744073709551615, time: 0), (pn: 18446744073709551615, time: 0), (pn: 18446744073709551615, time: 0), (pn: 18446744073709551615, time: 0), (pn: 18446744073709551615, time: 0), (pn: 18446744073709551615, time: 0), (pn: 18446744073709551615, time: 0), (pn: 18446744073709551615, time: 0), (pn: 18446744073709551615, time: 0), (pn: 18446744073709551615, time: 0), (pn: 18446744073709551615, time: 0), (pn: 18446744073709551615, time: 0), (pn: 18446744073709551615, time: 0), (pn: 18446744073709551615, time: 0), (pn: 18446744073709551615, time: 0), (pn: 18446744073709551615, time: 0), (pn: 18446744073709551615, time: 0), (pn: 18446744073709551615, time: 0), (pn: 18446744073709551615, time: 0), (pn: 18446744073709551615, time: 0), (pn: 18446744073709551615, time: 0), (pn: 18446744073709551615, time: 0), (pn: 18446744073709551615, time: 0), (pn: 18446744073709551615, time: 0), (pn: 18446744073709551615, time: 0), (pn: 18446744073709551615, time: 0), (pn: 18446744073709551615, time: 0), (pn: 18446744073709551615, time: 0), (pn: 18446744073709551615, time: 0), (pn: 18446744073709551615, time: 0), (pn: 18446744073709551615, time: 0), (pn: 18446744073709551615, time: 0), (pn: 18446744073709551615, time: 0), (pn: 18446744073709551615, time: 0), (pn: 18446744073709551615, time: 0), (pn: 18446744073709551615, time: 0), (pn: 18446744073709551615, time: 0), (pn: 18446744073709551615, time: 0), (pn: 18446744073709551615, time: 0), (pn: 18446744073709551615, time: 0), (pn: 18446744073709551615, time: 0), (pn: 18446744073709551615, time: 0), (pn: 18446744073709551615, time: 0), (pn: 18446744073709551615, time: 0), (pn: 18446744073709551615, time: 0), (pn: 18446744073709551615, time: 0), (pn: 18446744073709551615, time: 0), (pn: 18446744073709551615, time: 0), (pn: 18446744073709551615, time: 0), (pn: 18446744073709551615, time: 0), (pn: 18446744073709551615, time: 0), (pn: 18446744073709551615, time: 0), (pn: 18446744073709551615, time: 0), (pn: 18446744073709551615, time: 0), (pn: 18446744073709551615, time: 0), (pn: 18446744073709551615, time: 0), (pn: 18446744073709551615, time: 0), (pn: 18446744073709551615, time: 0), (pn: 18446744073709551615, time: 0), (pn: 18446744073709551615, time: 0), (pn: 18446744073709551615, time: 0), (pn: 18446744073709551615, time: 0), (pn: 18446744073709551615, time: 0), (pn: 18446744073709551615, time: 0), (pn: 18446744073709551615, time: 0), (pn: 18446744073709551615, time: 0), (pn: 18446744073709551615, time: 0), (pn: 18446744073709551615, time: 0), (pn: 18446744073709551615, time: 0), (pn: 18446744073709551615, time: 0), (pn: 18446744073709551615, time: 0), (pn: 18446744073709551615, time: 0), (pn: 18446744073709551615, time: 0), (pn: 18446744073709551615, time: 0), (pn: 18446744073709551615, time: 0), (pn: 18446744073709551615, time: 0), (pn: 18446744073709551615, time: 0), (pn: 18446744073709551615, time: 0), (pn: 18446744073709551615, time: 0), (pn: 18446744073709551615, time: 0), (pn: 18446744073709551615, time: 0), (pn: 18446744073709551615, time: 0), (pn: 18446744073709551615, time: 0), (pn: 18446744073709551615, time: 0), (pn: 18446744073709551615, time: 0), (pn: 18446744073709551615, time: 0), (pn: 18446744073709551615, time: 0), (pn: 18446744073709551615, time: 0), (pn: 18446744073709551615, time: 0), (pn: 18446744073709551615, time: 0), (pn: 18446744073709551615, time: 0), (pn: 18446744073709551615, time: 0), (pn: 18446744073709551615, time: 0), (pn: 18446744073709551615, time: 0), (pn: 18446744073709551615, time: 0), (pn: 18446744073709551615, time: 0), (pn: 18446744073709551615, time: 0), (pn: 18446744073709551615, time: 0), (pn: 18446744073709551615, time: 0), (pn: 18446744073709551615, time: 0), (pn: 18446744073709551615, time: 0), (pn: 18446744073709551615, time: 0), (pn: 18446744073709551615, time: 0), (pn: 18446744073709551615, time: 0), (pn: 18446744073709551615, time: 0), (pn: 18446744073709551615, time: 0), (pn: 18446744073709551615, time: 0), (pn: 18446744073709551615, time: 0), (pn: 18446744073709551615, time: 0), (pn: 18446744073709551615, time: 0), (pn: 18446744073709551615, time: 0), (pn: 18446744073709551615, time: 0), (pn: 18446744073709551615, time: 0), (pn: 18446744073709551615, time: 0), (pn: 18446744073709551615, time: 0), (pn: 18446744073709551615, time: 0), (pn: 18446744073709551615, time: 0), (pn: 18446744073709551615, time: 0), (pn: 18446744073709551615, time: 0), (pn: 18446744073709551615, time: 0), (pn: 18446744073709551615, time: 0), (pn: 18446744073709551615, time: 0), (pn: 18446744073709551615, time: 0), (pn: 18446744073709551615, time: 0), (pn: 18446744073709551615, time: 0), (pn: 18446744073709551615, time: 0), (pn: 18446744073709551615, time: 0), (pn: 18446744073709551615, time: 0), (pn: 18446744073709551615, time: 0), (pn: 18446744073709551615, time: 0), (pn: 18446744073709551615, time: 0), (pn: 18446744073709551615, time: 0), (pn: 18446744073709551615, time: 0), (pn: 18446744073709551615, time: 0), (pn: 18446744073709551615, time: 0), (pn: 18446744073709551615, time: 0), (pn: 18446744073709551615, time: 0), (pn: 18446744073709551615, time: 0), (pn: 18446744073709551615, time: 0), (pn: 18446744073709551615, time: 0), (pn: 18446744073709551615, time: 0), (pn: 18446744073709551615, time: 0), (pn: 18446744073709551615, time: 0), (pn: 18446744073709551615, time: 0), (pn: 18446744073709551615, time: 0), (pn: 18446744073709551615, time: 0), (pn: 18446744073709551615, time: 0), (pn: 18446744073709551615, time: 0), (pn: 18446744073709551615, time: 0), (pn: 18446744073709551615, time: 0), (pn: 18446744073709551615, time: 0), (pn: 18446744073709551615, time: 0), (pn: 18446744073709551615, time: 0), (pn: 18446744073709551615, time: 0), (pn: 18446744073709551615, time: 0), (pn: 18446744073709551615, time: 0), (pn: 18446744073709551615, time: 0), (pn: 18446744073709551615, time: 0), (pn: 18446744073709551615, time: 0), (pn: 18446744073709551615, time: 0), (pn: 18446744073709551615, time: 0), (pn: 18446744073709551615, time: 0), (pn: 18446744073709551615, time: 0), (pn: 18446744073709551615, time: 0), (pn: 18446744073709551615, time: 0), (pn: 18446744073709551615, time: 0), (pn: 18446744073709551615, time: 0), (pn: 18446744073709551615, time: 0), (pn: 18446744073709551615, time: 0), (pn: 18446744073709551615, time: 0), (pn: 18446744073709551615, time: 0), (pn: 18446744073709551615, time: 0), (pn: 18446744073709551615, time: 0), (pn: 18446744073709551615, time: 0), (pn: 18446744073709551615, time: 0), (pn: 18446744073709551615, time: 0), (pn: 18446744073709551615, time: 0), (pn: 18446744073709551615, time: 0), (pn: 18446744073709551615, time: 0), (pn: 18446744073709551615, time: 0), (pn: 18446744073709551615, time: 0), (pn: 18446744073709551615, time: 0), (pn: 18446744073709551615, time: 0), (pn: 18446744073709551615, time: 0), (pn: 18446744073709551615, time: 0), (pn: 18446744073709551615, time: 0), (pn: 18446744073709551615, time: 0), (pn: 18446744073709551615, time: 0), (pn: 18446744073709551615, time: 0), (pn: 18446744073709551615, time: 0), (pn: 18446744073709551615, time: 0), (pn: 18446744073709551615, time: 0), (pn: 18446744073709551615, time: 0), (pn: 18446744073709551615, time: 0), (pn: 18446744073709551615, time: 0), (pn: 18446744073709551615, time: 0), (pn: 18446744073709551615, time: 0), (pn: 18446744073709551615, time: 0), (pn: 18446744073709551615, time: 0), (pn: 18446744073709551615, time: 0), (pn: 18446744073709551615, time: 0), (pn: 18446744073709551615, time: 0), (pn: 18446744073709551615, time: 0), (pn: 18446744073709551615, time: 0), (pn: 18446744073709551615, time: 0), (pn: 18446744073709551615, time: 0), (pn: 18446744073709551615, time: 0), (pn: 18446744073709551615, time: 0), (pn: 18446744073709551615, time: 0), (pn: 18446744073709551615, time: 0), (pn: 18446744073709551615, time: 0), (pn: 18446744073709551615, time: 0), (pn: 18446744073709551615, time: 0), (pn: 18446744073709551615, time: 0), (pn: 18446744073709551615, time: 0), (pn: 18446744073709551615, time: 0), (pn: 18446744073709551615, time: 0), (pn: 18446744073709551615, time: 0), (pn: 18446744073709551615, time: 0), (pn: 18446744073709551615, time: 0), (pn: 18446744073709551615, time: 0), (pn: 18446744073709551615, time: 0), (pn: 18446744073709551615, time: 0), (pn: 18446744073709551615, time: 0), (pn: 18446744073709551615, time: 0), (pn: 18446744073709551615, time: 0), (pn: 18446744073709551615, time: 0), (pn: 18446744073709551615, time: 0), (pn: 18446744073709551615, time: 0), (pn: 18446744073709551615, time: 0), (pn: 18446744073709551615, time: 0), (pn: 18446744073709551615, time: 0), (pn: 18446744073709551615, time: 0), (pn: 18446744073709551615, time: 0), (pn: 18446744073709551615, time: 0), (pn: 18446744073709551615, time: 0), (pn: 18446744073709551615, time: 0), (pn: 18446744073709551615, time: 0), (pn: 18446744073709551615, time: 0), (pn: 18446744073709551615, time: 0), (pn: 18446744073709551615, time: 0), (pn: 18446744073709551615, time: 0), (pn: 18446744073709551615, time: 0), (pn: 18446744073709551615, time: 0), (pn: 18446744073709551615, time: 0), (pn: 18446744073709551615, time: 0), (pn: 18446744073709551615, time: 0), (pn: 18446744073709551615, time: 0), (pn: 18446744073709551615, time: 0), (pn: 18446744073709551615, time: 0), (pn: 18446744073709551615, time: 0), (pn: 18446744073709551615, time: 0), (pn: 18446744073709551615, time: 0), (pn: 18446744073709551615, time: 0), (pn: 18446744073709551615, time: 0), (pn: 18446744073709551615, time: 0), (pn: 18446744073709551615, time: 0), (pn: 18446744073709551615, time: 0), (pn: 18446744073709551615, time: 0), (pn: 18446744073709551615, time: 0), (pn: 18446744073709551615, time: 0), (pn: 18446744073709551615, time: 0), (pn: 18446744073709551615, time: 0), (pn: 18446744073709551615, time: 0), (pn: 18446744073709551615, time: 0), (pn: 18446744073709551615, time: 0), (pn: 18446744073709551615, time: 0), (pn: 18446744073709551615, time: 0), (pn: 18446744073709551615, time: 0), (pn: 18446744073709551615, time: 0), (pn: 18446744073709551615, time: 0), (pn: 18446744073709551615, time: 0), (pn: 18446744073709551615, time: 0), (pn: 18446744073709551615, time: 0), (pn: 18446744073709551615, time: 0), (pn: 18446744073709551615, time: 0), (pn: 18446744073709551615, time: 0), (pn: 18446744073709551615, time: 0), (pn: 18446744073709551615, time: 0), (pn: 18446744073709551615, time: 0), (pn: 18446744073709551615, time: 0), (pn: 18446744073709551615, time: 0), (pn: 18446744073709551615, time: 0), (pn: 18446744073709551615, time: 0), (pn: 18446744073709551615, time: 0), (pn: 18446744073709551615, time: 0), (pn: 18446744073709551615, time: 0), (pn: 18446744073709551615, time: 0), (pn: 18446744073709551615, time: 0), (pn: 18446744073709551615, time: 0), (pn: 18446744073709551615, time: 0), (pn: 18446744073709551615, time: 0), (pn: 18446744073709551615, time: 0), (pn: 18446744073709551615, time: 0), (pn: 18446744073709551615, time: 0), (pn: 18446744073709551615, time: 0), (pn: 18446744073709551615, time: 0), (pn: 18446744073709551615, time: 0), (pn: 18446744073709551615, time: 0), (pn: 18446744073709551615, time: 0), (pn: 18446744073709551615, time: 0), (pn: 18446744073709551615, time: 0), (pn: 18446744073709551615, time: 0), (pn: 18446744073709551615, time: 0), (pn: 18446744073709551615, time: 0), (pn: 18446744073709551615, time: 0), (pn: 18446744073709551615, time: 0), (pn: 18446744073709551615, time: 0), (pn: 18446744073709551615, time: 0), (pn: 18446744073709551615, time: 0), (pn: 18446744073709551615, time: 0), (pn: 18446744073709551615, time: 0), (pn: 18446744073709551615, time: 0), (pn: 18446744073709551615, time: 0), (pn: 18446744073709551615, time: 0), (pn: 18446744073709551615, time: 0), (pn: 18446744073709551615, time: 0), (pn: 18446744073709551615, time: 0), (pn: 18446744073709551615, time: 0), (pn: 18446744073709551615, time: 0), (pn: 18446744073709551615, time: 0), (pn: 18446744073709551615, time: 0), (pn: 18446744073709551615, time: 0), (pn: 18446744073709551615, time: 0), (pn: 18446744073709551615, time: 0), (pn: 18446744073709551615, time: 0), (pn: 18446744073709551615, time: 0), (pn: 18446744073709551615, time: 0), (pn: 18446744073709551615, time: 0), (pn: 18446744073709551615, time: 0), (pn: 18446744073709551615, time: 0), (pn: 18446744073709551615, time: 0), (pn: 18446744073709551615, time: 0), (pn: 18446744073709551615, time: 0), (pn: 18446744073709551615, time: 0), (pn: 18446744073709551615, time: 0), (pn: 18446744073709551615, time: 0), (pn: 18446744073709551615, time: 0), (pn: 18446744073709551615, time: 0), (pn: 18446744073709551615, time: 0), (pn: 18446744073709551615, time: 0), (pn: 18446744073709551615, time: 0), (pn: 18446744073709551615, time: 0), (pn: 18446744073709551615, time: 0), (pn: 18446744073709551615, time: 0), (pn: 18446744073709551615, time: 0), (pn: 18446744073709551615, time: 0), (pn: 18446744073709551615, time: 0), (pn: 18446744073709551615, time: 0), (pn: 18446744073709551615, time: 0), (pn: 18446744073709551615, time: 0), (pn: 18446744073709551615, time: 0), (pn: 18446744073709551615, time: 0), (pn: 18446744073709551615, time: 0), (pn: 18446744073709551615, time: 0), (pn: 18446744073709551615, time: 0), (pn: 18446744073709551615, time: 0), (pn: 18446744073709551615, time: 0), (pn: 18446744073709551615, time: 0), (pn: 18446744073709551615, time: 0), (pn: 18446744073709551615, time: 0), (pn: 18446744073709551615, time: 0), (pn: 18446744073709551615, time: 0), (pn: 18446744073709551615, time: 0), (pn: 18446744073709551615, time: 0), (pn: 18446744073709551615, time: 0), (pn: 18446744073709551615, time: 0), (pn: 18446744073709551615, time: 0), (pn: 18446744073709551615, time: 0), (pn: 18446744073709551615, time: 0), (pn: 18446744073709551615, time: 0), (pn: 18446744073709551615, time: 0), (pn: 18446744073709551615, time: 0), (pn: 18446744073709551615, time: 0), (pn: 18446744073709551615, time: 0), (pn: 18446744073709551615, time: 0), (pn: 18446744073709551615, time: 0), (pn: 18446744073709551615, time: 0), (pn: 18446744073709551615, time: 0), (pn: 18446744073709551615, time: 0), (pn: 18446744073709551615, time: 0), (pn: 18446744073709551615, time: 0), (pn: 18446744073709551615, time: 0), (pn: 18446744073709551615, time: 0), (pn: 18446744073709551615, time: 0), (pn: 18446744073709551615, time: 0), (pn: 18446744073709551615, time: 0), (pn: 18446744073709551615, time: 0), (pn: 18446744073709551615, time: 0), (pn: 18446744073709551615, time: 0), (pn: 18446744073709551615, time: 0), (pn: 18446744073709551615, time: 0), (pn: 18446744073709551615, time: 0), (pn: 18446744073709551615, time: 0), (pn: 18446744073709551615, time: 0), (pn: 18446744073709551615, time: 0), (pn: 18446744073709551615, time: 0), (pn: 18446744073709551615, time: 0), (pn: 18446744073709551615, time: 0), (pn: 18446744073709551615, time: 0), (pn: 18446744073709551615, time: 0), (pn: 18446744073709551615, time: 0), (pn: 18446744073709551615, time: 0), (pn: 18446744073709551615, time: 0), (pn: 18446744073709551615, time: 0), (pn: 18446744073709551615, time: 0), (pn: 18446744073709551615, time: 0), (pn: 18446744073709551615, time: 0), (pn: 18446744073709551615, time: 0), (pn: 18446744073709551615, time: 0), (pn: 18446744073709551615, time: 0), (pn: 18446744073709551615, time: 0), (pn: 18446744073709551615, time: 0), (pn: 18446744073709551615, time: 0), (pn: 18446744073709551615, time: 0), (pn: 18446744073709551615, time: 0), (pn: 18446744073709551615, time: 0), (pn: 18446744073709551615, time: 0), (pn: 18446744073709551615, time: 0), (pn: 18446744073709551615, time: 0), (pn: 18446744073709551615, time: 0), (pn: 18446744073709551615, time: 0), (pn: 18446744073709551615, time: 0), (pn: 18446744073709551615, time: 0), (pn: 18446744073709551615, time: 0), (pn: 18446744073709551615, time: 0), (pn: 18446744073709551615, time: 0), (pn: 18446744073709551615, time: 0), (pn: 18446744073709551615, time: 0), (pn: 18446744073709551615, time: 0), (pn: 18446744073709551615, time: 0), (pn: 18446744073709551615, time: 0), (pn: 18446744073709551615, time: 0), (pn: 18446744073709551615, time: 0), (pn: 18446744073709551615, time: 0), (pn: 18446744073709551615, time: 0), (pn: 18446744073709551615, time: 0), (pn: 18446744073709551615, time: 0), (pn: 18446744073709551615, time: 0), (pn: 18446744073709551615, time: 0), (pn: 18446744073709551615, time: 0), (pn: 18446744073709551615, time: 0), (pn: 18446744073709551615, time: 0), (pn: 18446744073709551615, time: 0), (pn: 18446744073709551615, time: 0), (pn: 18446744073709551615, time: 0), (pn: 18446744073709551615, time: 0), (pn: 18446744073709551615, time: 0), (pn: 18446744073709551615, time: 0), (pn: 18446744073709551615, time: 0), (pn: 18446744073709551615, time: 0), (pn: 18446744073709551615, time: 0), (pn: 18446744073709551615, time: 0), (pn: 18446744073709551615, time: 0), (pn: 18446744073709551615, time: 0), (pn: 18446744073709551615, time: 0), (pn: 18446744073709551615, time: 0), (pn: 18446744073709551615, time: 0), (pn: 18446744073709551615, time: 0), (pn: 18446744073709551615, time: 0), (pn: 18446744073709551615, time: 0), (pn: 18446744073709551615, time: 0), (pn: 18446744073709551615, time: 0), (pn: 18446744073709551615, time: 0), (pn: 18446744073709551615, time: 0), (pn: 18446744073709551615, time: 0), (pn: 18446744073709551615, time: 0), (pn: 18446744073709551615, time: 0), (pn: 18446744073709551615, time: 0), (pn: 18446744073709551615, time: 0), (pn: 18446744073709551615, time: 0), (pn: 18446744073709551615, time: 0), (pn: 18446744073709551615, time: 0), (pn: 18446744073709551615, time: 0), (pn: 18446744073709551615, time: 0), (pn: 18446744073709551615, time: 0), (pn: 18446744073709551615, time: 0), (pn: 18446744073709551615, time: 0), (pn: 18446744073709551615, time: 0), (pn: 18446744073709551615, time: 0), (pn: 18446744073709551615, time: 0), (pn: 18446744073709551615, time: 0), (pn: 18446744073709551615, time: 0), (pn: 18446744073709551615, time: 0), (pn: 18446744073709551615, time: 0), (pn: 18446744073709551615, time: 0), (pn: 18446744073709551615, time: 0), (pn: 18446744073709551615, time: 0), (pn: 18446744073709551615, time: 0), (pn: 18446744073709551615, time: 0), (pn: 18446744073709551615, time: 0), (pn: 18446744073709551615, time: 0), (pn: 18446744073709551615, time: 0), (pn: 18446744073709551615, time: 0), (pn: 18446744073709551615, time: 0), (pn: 18446744073709551615, time: 0), (pn: 18446744073709551615, time: 0), (pn: 18446744073709551615, time: 0), (pn: 18446744073709551615, time: 0), (pn: 18446744073709551615, time: 0), (pn: 18446744073709551615, time: 0), (pn: 18446744073709551615, time: 0), (pn: 18446744073709551615, time: 0), (pn: 18446744073709551615, time: 0), (pn: 18446744073709551615, time: 0), (pn: 18446744073709551615, time: 0), (pn: 18446744073709551615, time: 0), (pn: 18446744073709551615, time: 0), (pn: 18446744073709551615, time: 0), (pn: 18446744073709551615, time: 0), (pn: 18446744073709551615, time: 0), (pn: 18446744073709551615, time: 0), (pn: 18446744073709551615, time: 0), (pn: 18446744073709551615, time: 0), (pn: 18446744073709551615, time: 0), (pn: 18446744073709551615, time: 0), (pn: 18446744073709551615, time: 0), (pn: 18446744073709551615, time: 0), (pn: 18446744073709551615, time: 0), (pn: 18446744073709551615, time: 0), (pn: 18446744073709551615, time: 0), (pn: 18446744073709551615, time: 0), (pn: 18446744073709551615, time: 0), (pn: 18446744073709551615, time: 0), (pn: 18446744073709551615, time: 0), (pn: 18446744073709551615, time: 0), (pn: 18446744073709551615, time: 0), (pn: 18446744073709551615, time: 0), (pn: 18446744073709551615, time: 0), (pn: 18446744073709551615, time: 0), (pn: 18446744073709551615, time: 0), (pn: 18446744073709551615, time: 0), (pn: 18446744073709551615, time: 0), (pn: 18446744073709551615, time: 0), (pn: 18446744073709551615, time: 0), (pn: 18446744073709551615, time: 0), (pn: 18446744073709551615, time: 0), (pn: 18446744073709551615, time: 0), (pn: 18446744073709551615, time: 0), (pn: 18446744073709551615, time: 0), (pn: 18446744073709551615, time: 0), (pn: 18446744073709551615, time: 0), (pn: 18446744073709551615, time: 0), (pn: 18446744073709551615, time: 0), (pn: 18446744073709551615, time: 0), (pn: 18446744073709551615, time: 0), (pn: 18446744073709551615, time: 0), (pn: 18446744073709551615, time: 0), (pn: 18446744073709551615, time: 0), (pn: 18446744073709551615, time: 0), (pn: 18446744073709551615, time: 0), (pn: 18446744073709551615, time: 0), (pn: 18446744073709551615, time: 0), (pn: 18446744073709551615, time: 0), (pn: 18446744073709551615, time: 0), (pn: 18446744073709551615, time: 0), (pn: 18446744073709551615, time: 0), (pn: 18446744073709551615, time: 0), (pn: 18446744073709551615, time: 0), (pn: 18446744073709551615, time: 0), (pn: 18446744073709551615, time: 0), (pn: 18446744073709551615, time: 0), (pn: 18446744073709551615, time: 0), (pn: 18446744073709551615, time: 0), (pn: 18446744073709551615, time: 0), (pn: 18446744073709551615, time: 0), (pn: 18446744073709551615, time: 0), (pn: 18446744073709551615, time: 0), (pn: 18446744073709551615, time: 0), (pn: 18446744073709551615, time: 0), (pn: 18446744073709551615, time: 0), (pn: 18446744073709551615, time: 0), (pn: 18446744073709551615, time: 0), (pn: 18446744073709551615, time: 0), (pn: 18446744073709551615, time: 0), (pn: 18446744073709551615, time: 0), (pn: 18446744073709551615, time: 0), (pn: 18446744073709551615, time: 0), (pn: 18446744073709551615, time: 0), (pn: 18446744073709551615, time: 0), (pn: 18446744073709551615, time: 0), (pn: 18446744073709551615, time: 0), (pn: 18446744073709551615, time: 0), (pn: 18446744073709551615, time: 0), (pn: 18446744073709551615, time: 0), (pn: 18446744073709551615, time: 0), (pn: 18446744073709551615, time: 0), (pn: 18446744073709551615, time: 0), (pn: 18446744073709551615, time: 0), (pn: 18446744073709551615, time: 0), (pn: 18446744073709551615, time: 0), (pn: 18446744073709551615, time: 0), (pn: 18446744073709551615, time: 0), (pn: 18446744073709551615, time: 0), (pn: 18446744073709551615, time: 0), (pn: 18446744073709551615, time: 0), (pn: 18446744073709551615, time: 0), (pn: 18446744073709551615, time: 0), (pn: 18446744073709551615, time: 0), (pn: 18446744073709551615, time: 0), (pn: 18446744073709551615, time: 0), (pn: 18446744073709551615, time: 0), (pn: 18446744073709551615, time: 0), (pn: 18446744073709551615, time: 0), (pn: 18446744073709551615, time: 0), (pn: 18446744073709551615, time: 0), (pn: 18446744073709551615, time: 0), (pn: 18446744073709551615, time: 0), (pn: 18446744073709551615, time: 0), (pn: 18446744073709551615, time: 0), (pn: 18446744073709551615, time: 0), (pn: 18446744073709551615, time: 0), (pn: 18446744073709551615, time: 0), (pn: 18446744073709551615, time: 0), (pn: 18446744073709551615, time: 0), (pn: 18446744073709551615, time: 0), (pn: 18446744073709551615, time: 0), (pn: 18446744073709551615, time: 0), (pn: 18446744073709551615, time: 0), (pn: 18446744073709551615, time: 0), (pn: 18446744073709551615, time: 0), (pn: 18446744073709551615, time: 0), (pn: 18446744073709551615, time: 0), (pn: 18446744073709551615, time: 0), (pn: 18446744073709551615, time: 0), (pn: 18446744073709551615, time: 0), (pn: 18446744073709551615, time: 0), (pn: 18446744073709551615, time: 0), (pn: 18446744073709551615, time: 0), (pn: 18446744073709551615, time: 0), (pn: 18446744073709551615, time: 0), (pn: 18446744073709551615, time: 0), (pn: 18446744073709551615, time: 0), (pn: 18446744073709551615, time: 0), (pn: 18446744073709551615, time: 0), (pn: 18446744073709551615, time: 0), (pn: 18446744073709551615, time: 0), (pn: 18446744073709551615, time: 0), (pn: 18446744073709551615, time: 0), (pn: 18446744073709551615, time: 0), (pn: 18446744073709551615, time: 0), (pn: 18446744073709551615, time: 0), (pn: 18446744073709551615, time: 0), (pn: 18446744073709551615, time: 0), (pn: 18446744073709551615, time: 0), (pn: 18446744073709551615, time: 0), (pn: 18446744073709551615, time: 0), (pn: 18446744073709551615, time: 0), (pn: 18446744073709551615, time: 0), (pn: 18446744073709551615, time: 0), (pn: 18446744073709551615, time: 0), (pn: 18446744073709551615, time: 0), (pn: 18446744073709551615, time: 0), (pn: 18446744073709551615, time: 0), (pn: 18446744073709551615, time: 0), (pn: 18446744073709551615, time: 0), (pn: 18446744073709551615, time: 0), (pn: 18446744073709551615, time: 0), (pn: 18446744073709551615, time: 0), (pn: 18446744073709551615, time: 0), (pn: 18446744073709551615, time: 0), (pn: 18446744073709551615, time: 0), (pn: 18446744073709551615, time: 0), (pn: 18446744073709551615, time: 0), (pn: 18446744073709551615, time: 0), (pn: 18446744073709551615, time: 0), (pn: 18446744073709551615, time: 0), (pn: 18446744073709551615, time: 0), (pn: 18446744073709551615, time: 0), (pn: 18446744073709551615, time: 0), (pn: 18446744073709551615, time: 0), (pn: 18446744073709551615, time: 0), (pn: 18446744073709551615, time: 0), (pn: 18446744073709551615, time: 0), (pn: 18446744073709551615, time: 0), (pn: 18446744073709551615, time: 0), (pn: 18446744073709551615, time: 0), (pn: 18446744073709551615, time: 0), (pn: 18446744073709551615, time: 0), (pn: 18446744073709551615, time: 0), (pn: 18446744073709551615, time: 0), (pn: 18446744073709551615, time: 0), (pn: 18446744073709551615, time: 0), (pn: 18446744073709551615, time: 0), (pn: 18446744073709551615, time: 0), (pn: 18446744073709551615, time: 0), (pn: 18446744073709551615, time: 0), (pn: 18446744073709551615, time: 0), (pn: 18446744073709551615, time: 0), (pn: 18446744073709551615, time: 0), (pn: 18446744073709551615, time: 0), (pn: 18446744073709551615, time: 0), (pn: 18446744073709551615, time: 0), (pn: 18446744073709551615, time: 0), (pn: 18446744073709551615, time: 0), (pn: 18446744073709551615, time: 0), (pn: 18446744073709551615, time: 0), (pn: 18446744073709551615, time: 0), (pn: 18446744073709551615, time: 0), (pn: 18446744073709551615, time: 0), (pn: 18446744073709551615, time: 0), (pn: 18446744073709551615, time: 0), (pn: 18446744073709551615, time: 0), (pn: 18446744073709551615, time: 0), (pn: 18446744073709551615, time: 0), (pn: 18446744073709551615, time: 0), (pn: 18446744073709551615, time: 0), (pn: 18446744073709551615, time: 0), (pn: 18446744073709551615, time: 0), (pn: 18446744073709551615, time: 0), (pn: 18446744073709551615, time: 0), (pn: 18446744073709551615, time: 0), (pn: 18446744073709551615, time: 0), (pn: 18446744073709551615, time: 0), (pn: 18446744073709551615, time: 0), (pn: 18446744073709551615, time: 0), (pn: 18446744073709551615, time: 0), (pn: 18446744073709551615, time: 0), (pn: 18446744073709551615, time: 0), (pn: 18446744073709551615, time: 0), (pn: 18446744073709551615, time: 0), (pn: 18446744073709551615, time: 0), (pn: 18446744073709551615, time: 0), (pn: 18446744073709551615, time: 0), (pn: 18446744073709551615, time: 0), (pn: 18446744073709551615, time: 0), (pn: 18446744073709551615, time: 0), (pn: 18446744073709551615, time: 0), (pn: 18446744073709551615, time: 0), (pn: 18446744073709551615, time: 0), (pn: 18446744073709551615, time: 0), (pn: 18446744073709551615, time: 0), (pn: 18446744073709551615, time: 0), (pn: 18446744073709551615, time: 0), (pn: 18446744073709551615, time: 0), (pn: 18446744073709551615, time: 0), (pn: 18446744073709551615, time: 0), (pn: 18446744073709551615, time: 0), (pn: 18446744073709551615, time: 0), (pn: 18446744073709551615, time: 0), (pn: 18446744073709551615, time: 0), (pn: 18446744073709551615, time: 0), (pn: 18446744073709551615, time: 0), (pn: 18446744073709551615, time: 0), (pn: 18446744073709551615, time: 0), (pn: 18446744073709551615, time: 0), (pn: 18446744073709551615, time: 0), (pn: 18446744073709551615, time: 0), (pn: 18446744073709551615, time: 0), (pn: 18446744073709551615, time: 0), (pn: 18446744073709551615, time: 0), (pn: 18446744073709551615, time: 0), (pn: 18446744073709551615, time: 0), (pn: 18446744073709551615, time: 0), (pn: 18446744073709551615, time: 0), (pn: 18446744073709551615, time: 0), (pn: 18446744073709551615, time: 0), (pn: 18446744073709551615, time: 0), (pn: 18446744073709551615, time: 0), (pn: 18446744073709551615, time: 0), (pn: 18446744073709551615, time: 0), (pn: 18446744073709551615, time: 0), (pn: 18446744073709551615, time: 0), (pn: 18446744073709551615, time: 0), (pn: 18446744073709551615, time: 0), (pn: 18446744073709551615, time: 0), (pn: 18446744073709551615, time: 0), (pn: 18446744073709551615, time: 0), (pn: 18446744073709551615, time: 0), (pn: 18446744073709551615, time: 0), (pn: 18446744073709551615, time: 0), (pn: 18446744073709551615, time: 0), (pn: 18446744073709551615, time: 0), (pn: 18446744073709551615, time: 0), (pn: 18446744073709551615, time: 0), (pn: 18446744073709551615, time: 0), (pn: 18446744073709551615, time: 0), (pn: 18446744073709551615, time: 0), (pn: 18446744073709551615, time: 0), (pn: 18446744073709551615, time: 0), (pn: 18446744073709551615, time: 0), (pn: 18446744073709551615, time: 0), (pn: 18446744073709551615, time: 0), (pn: 18446744073709551615, time: 0), (pn: 18446744073709551615, time: 0), (pn: 18446744073709551615, time: 0), (pn: 18446744073709551615, time: 0), (pn: 18446744073709551615, time: 0), (pn: 18446744073709551615, time: 0), (pn: 18446744073709551615, time: 0), (pn: 18446744073709551615, time: 0), (pn: 18446744073709551615, time: 0), (pn: 18446744073709551615, time: 0), (pn: 18446744073709551615, time: 0), (pn: 18446744073709551615, time: 0), (pn: 18446744073709551615, time: 0), (pn: 18446744073709551615, time: 0), (pn: 18446744073709551615, time: 0), (pn: 18446744073709551615, time: 0), (pn: 18446744073709551615, time: 0), (pn: 18446744073709551615, time: 0), (pn: 18446744073709551615, time: 0), (pn: 18446744073709551615, time: 0), (pn: 18446744073709551615, time: 0), (pn: 18446744073709551615, time: 0), (pn: 18446744073709551615, time: 0), (pn: 18446744073709551615, time: 0), (pn: 18446744073709551615, time: 0), (pn: 18446744073709551615, time: 0), (pn: 18446744073709551615, time: 0), (pn: 18446744073709551615, time: 0), (pn: 18446744073709551615, time: 0), (pn: 18446744073709551615, time: 0), (pn: 18446744073709551615, time: 0), (pn: 18446744073709551615, time: 0), (pn: 18446744073709551615, time: 0), (pn: 18446744073709551615, time: 0), (pn: 18446744073709551615, time: 0), (pn: 18446744073709551615, time: 0), (pn: 18446744073709551615, time: 0), (pn: 18446744073709551615, time: 0), (pn: 18446744073709551615, time: 0), (pn: 18446744073709551615, time: 0), (pn: 18446744073709551615, time: 0), (pn: 18446744073709551615, time: 0), (pn: 18446744073709551615, time: 0), (pn: 18446744073709551615, time: 0), (pn: 18446744073709551615, time: 0), (pn: 18446744073709551615, time: 0), (pn: 18446744073709551615, time: 0), (pn: 18446744073709551615, time: 0), (pn: 18446744073709551615, time: 0), (pn: 18446744073709551615, time: 0), (pn: 18446744073709551615, time: 0), (pn: 18446744073709551615, time: 0), (pn: 18446744073709551615, time: 0), (pn: 18446744073709551615, time: 0), (pn: 18446744073709551615, time: 0), (pn: 18446744073709551615, time: 0), (pn: 18446744073709551615, time: 0), (pn: 18446744073709551615, time: 0), (pn: 18446744073709551615, time: 0), (pn: 18446744073709551615, time: 0), (pn: 18446744073709551615, time: 0), (pn: 18446744073709551615, time: 0), (pn: 18446744073709551615, time: 0), (pn: 18446744073709551615, time: 0), (pn: 18446744073709551615, time: 0), (pn: 18446744073709551615, time: 0), (pn: 18446744073709551615, time: 0), (pn: 18446744073709551615, time: 0), (pn: 18446744073709551615, time: 0), (pn: 18446744073709551615, time: 0), (pn: 18446744073709551615, time: 0), (pn: 18446744073709551615, time: 0), (pn: 18446744073709551615, time: 0), (pn: 18446744073709551615, time: 0), (pn: 18446744073709551615, time: 0), (pn: 18446744073709551615, time: 0), (pn: 18446744073709551615, time: 0), (pn: 18446744073709551615, time: 0), (pn: 18446744073709551615, time: 0), (pn: 18446744073709551615, time: 0), (pn: 18446744073709551615, time: 0), (pn: 18446744073709551615, time: 0), (pn: 18446744073709551615, time: 0), (pn: 18446744073709551615, time: 0), (pn: 18446744073709551615, time: 0), (pn: 18446744073709551615, time: 0), (pn: 18446744073709551615, time: 0), (pn: 18446744073709551615, time: 0), (pn: 18446744073709551615, time: 0), (pn: 18446744073709551615, time: 0), (pn: 18446744073709551615, time: 0), (pn: 18446744073709551615, time: 0), (pn: 18446744073709551615, time: 0), (pn: 18446744073709551615, time: 0), (pn: 18446744073709551615, time: 0), (pn: 18446744073709551615, time: 0), (pn: 18446744073709551615, time: 0), (pn: 18446744073709551615, time: 0), (pn: 18446744073709551615, time: 0), (pn: 18446744073709551615, time: 0), (pn: 18446744073709551615, time: 0), (pn: 18446744073709551615, time: 0), (pn: 18446744073709551615, time: 0), (pn: 18446744073709551615, time: 0), (pn: 18446744073709551615, time: 0), (pn: 18446744073709551615, time: 0), (pn: 18446744073709551615, time: 0), (pn: 18446744073709551615, time: 0), (pn: 18446744073709551615, time: 0), (pn: 18446744073709551615, time: 0), (pn: 18446744073709551615, time: 0), (pn: 18446744073709551615, time: 0), (pn: 18446744073709551615, time: 0), (pn: 18446744073709551615, time: 0), (pn: 18446744073709551615, time: 0), (pn: 18446744073709551615, time: 0), (pn: 18446744073709551615, time: 0), (pn: 18446744073709551615, time: 0), (pn: 18446744073709551615, time: 0), (pn: 18446744073709551615, time: 0), (pn: 18446744073709551615, time: 0), (pn: 18446744073709551615, time: 0), (pn: 18446744073709551615, time: 0), (pn: 18446744073709551615, time: 0), (pn: 18446744073709551615, time: 0), (pn: 18446744073709551615, time: 0), (pn: 18446744073709551615, time: 0), (pn: 18446744073709551615, time: 0), (pn: 18446744073709551615, time: 0), (pn: 18446744073709551615, time: 0), (pn: 18446744073709551615, time: 0), (pn: 18446744073709551615, time: 0), (pn: 18446744073709551615, time: 0), (pn: 18446744073709551615, time: 0), (pn: 18446744073709551615, time: 0), (pn: 18446744073709551615, time: 0), (pn: 18446744073709551615, time: 0), (pn: 18446744073709551615, time: 0), (pn: 18446744073709551615, time: 0), (pn: 18446744073709551615, time: 0), (pn: 18446744073709551615, time: 0), (pn: 18446744073709551615, time: 0), (pn: 18446744073709551615, time: 0), (pn: 18446744073709551615, time: 0), (pn: 18446744073709551615, time: 0), (pn: 18446744073709551615, time: 0), (pn: 18446744073709551615, time: 0), (pn: 18446744073709551615, time: 0), (pn: 18446744073709551615, time: 0), (pn: 18446744073709551615, time: 0), (pn: 18446744073709551615, time: 0), (pn: 18446744073709551615, time: 0), (pn: 18446744073709551615, time: 0), (pn: 18446744073709551615, time: 0), (pn: 18446744073709551615, time: 0), (pn: 18446744073709551615, time: 0), (pn: 18446744073709551615, time: 0), (pn: 18446744073709551615, time: 0), (pn: 18446744073709551615, time: 0), (pn: 18446744073709551615, time: 0), (pn: 18446744073709551615, time: 0), (pn: 18446744073709551615, time: 0), (pn: 18446744073709551615, time: 0), (pn: 18446744073709551615, time: 0), (pn: 18446744073709551615, time: 0), (pn: 18446744073709551615, time: 0), (pn: 18446744073709551615, time: 0), (pn: 18446744073709551615, time: 0), (pn: 18446744073709551615, time: 0), (pn: 18446744073709551615, time: 0), (pn: 18446744073709551615, time: 0), (pn: 18446744073709551615, time: 0), (pn: 18446744073709551615, time: 0), (pn: 18446744073709551615, time: 0), (pn: 18446744073709551615, time: 0), (pn: 18446744073709551615, time: 0), (pn: 18446744073709551615, time: 0), (pn: 18446744073709551615, time: 0), (pn: 18446744073709551615, time: 0), (pn: 18446744073709551615, time: 0), (pn: 18446744073709551615, time: 0), (pn: 18446744073709551615, time: 0), (pn: 18446744073709551615, time: 0), (pn: 18446744073709551615, time: 0), (pn: 18446744073709551615, time: 0), (pn: 18446744073709551615, time: 0), (pn: 18446744073709551615, time: 0), (pn: 18446744073709551615, time: 0), (pn: 18446744073709551615, time: 0), (pn: 18446744073709551615, time: 0), (pn: 18446744073709551615, time: 0), (pn: 18446744073709551615, time: 0), (pn: 18446744073709551615, time: 0), (pn: 18446744073709551615, time: 0), (pn: 18446744073709551615, time: 0), (pn: 18446744073709551615, time: 0), (pn: 18446744073709551615, time: 0), (pn: 18446744073709551615, time: 0), (pn: 18446744073709551615, time: 0), (pn: 18446744073709551615, time: 0), (pn: 18446744073709551615, time: 0), (pn: 18446744073709551615, time: 0), (pn: 18446744073709551615, time: 0), (pn: 18446744073709551615, time: 0), (pn: 18446744073709551615, time: 0), (pn: 18446744073709551615, time: 0), (pn: 18446744073709551615, time: 0), (pn: 18446744073709551615, time: 0), (pn: 18446744073709551615, time: 0), (pn: 18446744073709551615, time: 0), (pn: 18446744073709551615, time: 0), (pn: 18446744073709551615, time: 0), (pn: 18446744073709551615, time: 0), (pn: 18446744073709551615, time: 0), (pn: 18446744073709551615, time: 0), (pn: 18446744073709551615, time: 0), (pn: 18446744073709551615, time: 0), (pn: 18446744073709551615, time: 0), (pn: 18446744073709551615, time: 0), (pn: 18446744073709551615, time: 0), (pn: 18446744073709551615, time: 0), (pn: 18446744073709551615, time: 0), (pn: 18446744073709551615, time: 0), (pn: 18446744073709551615, time: 0), (pn: 18446744073709551615, time: 0), (pn: 18446744073709551615, time: 0), (pn: 18446744073709551615, time: 0), (pn: 18446744073709551615, time: 0), (pn: 18446744073709551615, time: 0), (pn: 18446744073709551615, time: 0), (pn: 18446744073709551615, time: 0), (pn: 18446744073709551615, time: 0), (pn: 18446744073709551615, time: 0), (pn: 18446744073709551615, time: 0), (pn: 18446744073709551615, time: 0), (pn: 18446744073709551615, time: 0), (pn: 18446744073709551615, time: 0), (pn: 18446744073709551615, time: 0), (pn: 18446744073709551615, time: 0), (pn: 18446744073709551615, time: 0), (pn: 18446744073709551615, time: 0), (pn: 18446744073709551615, time: 0), (pn: 18446744073709551615, time: 0), (pn: 18446744073709551615, time: 0), (pn: 18446744073709551615, time: 0), (pn: 18446744073709551615, time: 0), (pn: 18446744073709551615, time: 0), (pn: 18446744073709551615, time: 0), (pn: 18446744073709551615, time: 0), (pn: 18446744073709551615, time: 0), (pn: 18446744073709551615, time: 0), (pn: 18446744073709551615, time: 0), (pn: 18446744073709551615, time: 0), (pn: 18446744073709551615, time: 0), (pn: 18446744073709551615, time: 0), (pn: 18446744073709551615, time: 0), (pn: 18446744073709551615, time: 0), (pn: 18446744073709551615, time: 0), (pn: 18446744073709551615, time: 0), (pn: 18446744073709551615, time: 0), (pn: 18446744073709551615, time: 0), (pn: 18446744073709551615, time: 0), (pn: 18446744073709551615, time: 0), (pn: 18446744073709551615, time: 0), (pn: 18446744073709551615, time: 0), (pn: 18446744073709551615, time: 0), (pn: 18446744073709551615, time: 0), (pn: 18446744073709551615, time: 0), (pn: 18446744073709551615, time: 0), (pn: 18446744073709551615, time: 0), (pn: 18446744073709551615, time: 0), (pn: 18446744073709551615, time: 0), (pn: 18446744073709551615, time: 0), (pn: 18446744073709551615, time: 0), (pn: 18446744073709551615, time: 0), (pn: 18446744073709551615, time: 0), (pn: 18446744073709551615, time: 0), (pn: 18446744073709551615, time: 0), (pn: 18446744073709551615, time: 0), (pn: 18446744073709551615, time: 0), (pn: 18446744073709551615, time: 0), (pn: 18446744073709551615, time: 0), (pn: 18446744073709551615, time: 0), (pn: 18446744073709551615, time: 0), (pn: 18446744073709551615, time: 0), (pn: 18446744073709551615, time: 0), (pn: 18446744073709551615, time: 0), (pn: 18446744073709551615, time: 0), (pn: 18446744073709551615, time: 0), (pn: 18446744073709551615, time: 0), (pn: 18446744073709551615, time: 0), (pn: 18446744073709551615, time: 0), (pn: 18446744073709551615, time: 0), (pn: 18446744073709551615, time: 0), (pn: 18446744073709551615, time: 0), (pn: 18446744073709551615, time: 0), (pn: 18446744073709551615, time: 0), (pn: 18446744073709551615, time: 0), (pn: 18446744073709551615, time: 0), (pn: 18446744073709551615, time: 0), (pn: 18446744073709551615, time: 0), (pn: 18446744073709551615, time: 0), (pn: 18446744073709551615, time: 0), (pn: 18446744073709551615, time: 0), (pn: 18446744073709551615, time: 0), (pn: 18446744073709551615, time: 0), (pn: 18446744073709551615, time: 0), (pn: 18446744073709551615, time: 0), (pn: 18446744073709551615, time: 0), (pn: 18446744073709551615, time: 0), (pn: 18446744073709551615, time: 0), (pn: 18446744073709551615, time: 0), (pn: 18446744073709551615, time: 0), (pn: 18446744073709551615, time: 0), (pn: 18446744073709551615, time: 0), (pn: 18446744073709551615, time: 0), (pn: 18446744073709551615, time: 0), (pn: 18446744073709551615, time: 0), (pn: 18446744073709551615, time: 0), (pn: 18446744073709551615, time: 0), (pn: 18446744073709551615, time: 0), (pn: 18446744073709551615, time: 0), (pn: 18446744073709551615, time: 0), (pn: 18446744073709551615, time: 0), (pn: 18446744073709551615, time: 0), (pn: 18446744073709551615, time: 0), (pn: 18446744073709551615, time: 0), (pn: 18446744073709551615, time: 0), (pn: 18446744073709551615, time: 0), (pn: 18446744073709551615, time: 0), (pn: 18446744073709551615, time: 0), (pn: 18446744073709551615, time: 0), (pn: 18446744073709551615, time: 0), (pn: 18446744073709551615, time: 0), (pn: 18446744073709551615, time: 0), (pn: 18446744073709551615, time: 0), (pn: 18446744073709551615, time: 0), (pn: 18446744073709551615, time: 0), (pn: 18446744073709551615, time: 0), (pn: 18446744073709551615, time: 0), (pn: 18446744073709551615, time: 0), (pn: 18446744073709551615, time: 0), (pn: 18446744073709551615, time: 0), (pn: 18446744073709551615, time: 0), (pn: 18446744073709551615, time: 0), (pn: 18446744073709551615, time: 0), (pn: 18446744073709551615, time: 0), (pn: 18446744073709551615, time: 0), (pn: 18446744073709551615, time: 0), (pn: 18446744073709551615, time: 0), (pn: 18446744073709551615, time: 0), (pn: 18446744073709551615, time: 0), (pn: 18446744073709551615, time: 0), (pn: 18446744073709551615, time: 0), (pn: 18446744073709551615, time: 0), (pn: 18446744073709551615, time: 0), (pn: 18446744073709551615, time: 0), (pn: 18446744073709551615, time: 0), (pn: 18446744073709551615, time: 0), (pn: 18446744073709551615, time: 0), (pn: 18446744073709551615, time: 0), (pn: 18446744073709551615, time: 0), (pn: 18446744073709551615, time: 0), (pn: 18446744073709551615, time: 0), (pn: 18446744073709551615, time: 0), (pn: 18446744073709551615, time: 0), (pn: 18446744073709551615, time: 0), (pn: 18446744073709551615, time: 0), (pn: 18446744073709551615, time: 0), (pn: 18446744073709551615, time: 0), (pn: 18446744073709551615, time: 0), (pn: 18446744073709551615, time: 0), (pn: 18446744073709551615, time: 0), (pn: 18446744073709551615, time: 0), (pn: 18446744073709551615, time: 0), (pn: 18446744073709551615, time: 0), (pn: 18446744073709551615, time: 0), (pn: 18446744073709551615, time: 0), (pn: 18446744073709551615, time: 0), (pn: 18446744073709551615, time: 0), (pn: 18446744073709551615, time: 0), (pn: 18446744073709551615, time: 0), (pn: 18446744073709551615, time: 0), (pn: 18446744073709551615, time: 0), (pn: 18446744073709551615, time: 0), (pn: 18446744073709551615, time: 0), (pn: 18446744073709551615, time: 0), (pn: 18446744073709551615, time: 0), (pn: 18446744073709551615, time: 0), (pn: 18446744073709551615, time: 0), (pn: 18446744073709551615, time: 0), (pn: 18446744073709551615, time: 0), (pn: 18446744073709551615, time: 0), (pn: 18446744073709551615, time: 0), (pn: 18446744073709551615, time: 0), (pn: 18446744073709551615, time: 0), (pn: 18446744073709551615, time: 0), (pn: 18446744073709551615, time: 0), (pn: 18446744073709551615, time: 0), (pn: 18446744073709551615, time: 0), (pn: 18446744073709551615, time: 0), (pn: 18446744073709551615, time: 0), (pn: 18446744073709551615, time: 0), (pn: 18446744073709551615, time: 0), (pn: 18446744073709551615, time: 0), (pn: 18446744073709551615, time: 0), (pn: 18446744073709551615, time: 0), (pn: 18446744073709551615, time: 0), (pn: 18446744073709551615, time: 0), (pn: 18446744073709551615, time: 0), (pn: 18446744073709551615, time: 0), (pn: 18446744073709551615, time: 0), (pn: 18446744073709551615, time: 0), (pn: 18446744073709551615, time: 0), (pn: 18446744073709551615, time: 0), (pn: 18446744073709551615, time: 0), (pn: 18446744073709551615, time: 0), (pn: 18446744073709551615, time: 0), (pn: 18446744073709551615, time: 0), (pn: 18446744073709551615, time: 0), (pn: 18446744073709551615, time: 0), (pn: 18446744073709551615, time: 0), (pn: 18446744073709551615, time: 0), (pn: 18446744073709551615, time: 0), (pn: 18446744073709551615, time: 0), (pn: 18446744073709551615, time: 0), (pn: 18446744073709551615, time: 0), (pn: 18446744073709551615, time: 0), (pn: 18446744073709551615, time: 0), (pn: 18446744073709551615, time: 0), (pn: 18446744073709551615, time: 0), (pn: 18446744073709551615, time: 0), (pn: 18446744073709551615, time: 0), (pn: 18446744073709551615, time: 0), (pn: 18446744073709551615, time: 0), (pn: 18446744073709551615, time: 0), (pn: 18446744073709551615, time: 0), (pn: 18446744073709551615, time: 0), (pn: 18446744073709551615, time: 0), (pn: 18446744073709551615, time: 0), (pn: 18446744073709551615, time: 0), (pn: 18446744073709551615, time: 0), (pn: 18446744073709551615, time: 0), (pn: 18446744073709551615, time: 0), (pn: 18446744073709551615, time: 0), (pn: 18446744073709551615, time: 0), (pn: 18446744073709551615, time: 0), (pn: 18446744073709551615, time: 0), (pn: 18446744073709551615, time: 0), (pn: 18446744073709551615, time: 0), (pn: 18446744073709551615, time: 0), (pn: 18446744073709551615, time: 0), (pn: 18446744073709551615, time: 0), (pn: 18446744073709551615, time: 0), (pn: 18446744073709551615, time: 0), (pn: 18446744073709551615, time: 0), (pn: 18446744073709551615, time: 0), (pn: 18446744073709551615, time: 0), (pn: 18446744073709551615, time: 0), (pn: 18446744073709551615, time: 0), (pn: 18446744073709551615, time: 0), (pn: 18446744073709551615, time: 0), (pn: 18446744073709551615, time: 0), (pn: 18446744073709551615, time: 0), (pn: 18446744073709551615, time: 0), (pn: 18446744073709551615, time: 0), (pn: 18446744073709551615, time: 0), (pn: 18446744073709551615, time: 0), (pn: 18446744073709551615, time: 0), (pn: 18446744073709551615, time: 0), (pn: 18446744073709551615, time: 0), (pn: 18446744073709551615, time: 0), (pn: 18446744073709551615, time: 0), (pn: 18446744073709551615, time: 0), (pn: 18446744073709551615, time: 0), (pn: 18446744073709551615, time: 0), (pn: 18446744073709551615, time: 0), (pn: 18446744073709551615, time: 0), (pn: 18446744073709551615, time: 0), (pn: 18446744073709551615, time: 0), (pn: 18446744073709551615, time: 0), (pn: 18446744073709551615, time: 0), (pn: 18446744073709551615, time: 0), (pn: 18446744073709551615, time: 0), (pn: 18446744073709551615, time: 0), (pn: 18446744073709551615, time: 0), (pn: 18446744073709551615, time: 0), (pn: 18446744073709551615, time: 0), (pn: 18446744073709551615, time: 0), (pn: 18446744073709551615, time: 0), (pn: 18446744073709551615, time: 0), (pn: 18446744073709551615, time: 0), (pn: 18446744073709551615, time: 0), (pn: 18446744073709551615, time: 0), (pn: 18446744073709551615, time: 0), (pn: 18446744073709551615, time: 0), (pn: 18446744073709551615, time: 0), (pn: 18446744073709551615, time: 0), (pn: 18446744073709551615, time: 0), (pn: 18446744073709551615, time: 0), (pn: 18446744073709551615, time: 0), (pn: 18446744073709551615, time: 0), (pn: 18446744073709551615, time: 0), (pn: 18446744073709551615, time: 0), (pn: 18446744073709551615, time: 0), (pn: 18446744073709551615, time: 0), (pn: 18446744073709551615, time: 0), (pn: 18446744073709551615, time: 0), (pn: 18446744073709551615, time: 0), (pn: 18446744073709551615, time: 0), (pn: 18446744073709551615, time: 0), (pn: 18446744073709551615, time: 0), (pn: 18446744073709551615, time: 0), (pn: 18446744073709551615, time: 0), (pn: 18446744073709551615, time: 0), (pn: 18446744073709551615, time: 0), (pn: 18446744073709551615, time: 0), (pn: 18446744073709551615, time: 0), (pn: 18446744073709551615, time: 0), (pn: 18446744073709551615, time: 0), (pn: 18446744073709551615, time: 0), (pn: 18446744073709551615, time: 0), (pn: 18446744073709551615, time: 0), (pn: 18446744073709551615, time: 0), (pn: 18446744073709551615, time: 0), (pn: 18446744073709551615, time: 0), (pn: 18446744073709551615, time: 0), (pn: 18446744073709551615, time: 0), (pn: 18446744073709551615, time: 0), (pn: 18446744073709551615, time: 0), (pn: 18446744073709551615, time: 0), (pn: 18446744073709551615, time: 0), (pn: 18446744073709551615, time: 0), (pn: 18446744073709551615, time: 0), (pn: 18446744073709551615, time: 0), (pn: 18446744073709551615, time: 0), (pn: 18446744073709551615, time: 0), (pn: 18446744073709551615, time: 0), (pn: 18446744073709551615, time: 0), (pn: 18446744073709551615, time: 0), (pn: 18446744073709551615, time: 0), (pn: 18446744073709551615, time: 0), (pn: 18446744073709551615, time: 0), (pn: 18446744073709551615, time: 0), (pn: 18446744073709551615, time: 0), (pn: 18446744073709551615, time: 0), (pn: 18446744073709551615, time: 0), (pn: 18446744073709551615, time: 0), (pn: 18446744073709551615, time: 0), (pn: 18446744073709551615, time: 0), (pn: 18446744073709551615, time: 0), (pn: 18446744073709551615, time: 0), (pn: 18446744073709551615, time: 0), (pn: 18446744073709551615, time: 0), (pn: 18446744073709551615, time: 0), (pn: 18446744073709551615, time: 0), (pn: 18446744073709551615, time: 0), (pn: 18446744073709551615, time: 0), (pn: 18446744073709551615, time: 0), (pn: 18446744073709551615, time: 0), (pn: 18446744073709551615, time: 0), (pn: 18446744073709551615, time: 0), (pn: 18446744073709551615, time: 0), (pn: 18446744073709551615, time: 0), (pn: 18446744073709551615, time: 0), (pn: 18446744073709551615, time: 0), (pn: 18446744073709551615, time: 0), (pn: 18446744073709551615, time: 0), (pn: 18446744073709551615, time: 0), (pn: 18446744073709551615, time: 0), (pn: 18446744073709551615, time: 0), (pn: 18446744073709551615, time: 0), (pn: 18446744073709551615, time: 0), (pn: 18446744073709551615, time: 0), (pn: 18446744073709551615, time: 0), (pn: 18446744073709551615, time: 0), (pn: 18446744073709551615, time: 0), (pn: 18446744073709551615, time: 0), (pn: 18446744073709551615, time: 0), (pn: 18446744073709551615, time: 0), (pn: 18446744073709551615, time: 0), (pn: 18446744073709551615, time: 0), (pn: 18446744073709551615, time: 0), (pn: 18446744073709551615, time: 0), (pn: 18446744073709551615, time: 0), (pn: 18446744073709551615, time: 0), (pn: 18446744073709551615, time: 0), (pn: 18446744073709551615, time: 0), (pn: 18446744073709551615, time: 0), (pn: 18446744073709551615, time: 0), (pn: 18446744073709551615, time: 0), (pn: 18446744073709551615, time: 0), (pn: 18446744073709551615, time: 0), (pn: 18446744073709551615, time: 0), (pn: 18446744073709551615, time: 0), (pn: 18446744073709551615, time: 0), (pn: 18446744073709551615, time: 0), (pn: 18446744073709551615, time: 0), (pn: 18446744073709551615, time: 0), (pn: 18446744073709551615, time: 0), (pn: 18446744073709551615, time: 0), (pn: 18446744073709551615, time: 0), (pn: 18446744073709551615, time: 0), (pn: 18446744073709551615, time: 0), (pn: 18446744073709551615, time: 0), (pn: 18446744073709551615, time: 0), (pn: 18446744073709551615, time: 0), (pn: 18446744073709551615, time: 0), (pn: 18446744073709551615, time: 0), (pn: 18446744073709551615, time: 0), (pn: 18446744073709551615, time: 0), (pn: 18446744073709551615, time: 0), (pn: 18446744073709551615, time: 0), (pn: 18446744073709551615, time: 0), (pn: 18446744073709551615, time: 0), (pn: 18446744073709551615, time: 0), (pn: 18446744073709551615, time: 0), (pn: 18446744073709551615, time: 0), (pn: 18446744073709551615, time: 0), (pn: 18446744073709551615, time: 0), (pn: 18446744073709551615, time: 0), (pn: 18446744073709551615, time: 0), (pn: 18446744073709551615, time: 0), (pn: 18446744073709551615, time: 0), (pn: 18446744073709551615, time: 0), (pn: 18446744073709551615, time: 0), (pn: 18446744073709551615, time: 0), (pn: 18446744073709551615, time: 0), (pn: 18446744073709551615, time: 0), (pn: 18446744073709551615, time: 0), (pn: 18446744073709551615, time: 0), (pn: 18446744073709551615, time: 0), (pn: 18446744073709551615, time: 0), (pn: 18446744073709551615, time: 0), (pn: 18446744073709551615, time: 0), (pn: 18446744073709551615, time: 0), (pn: 18446744073709551615, time: 0), (pn: 18446744073709551615, time: 0), (pn: 18446744073709551615, time: 0), (pn: 18446744073709551615, time: 0), (pn: 18446744073709551615, time: 0), (pn: 18446744073709551615, time: 0), (pn: 18446744073709551615, time: 0), (pn: 18446744073709551615, time: 0), (pn: 18446744073709551615, time: 0), (pn: 18446744073709551615, time: 0), (pn: 18446744073709551615, time: 0), (pn: 18446744073709551615, time: 0), (pn: 18446744073709551615, time: 0), (pn: 18446744073709551615, time: 0), (pn: 18446744073709551615, time: 0), (pn: 18446744073709551615, time: 0), (pn: 18446744073709551615, time: 0), (pn: 18446744073709551615, time: 0), (pn: 18446744073709551615, time: 0), (pn: 18446744073709551615, time: 0), (pn: 18446744073709551615, time: 0), (pn: 18446744073709551615, time: 0), (pn: 18446744073709551615, time: 0), (pn: 18446744073709551615, time: 0), (pn: 18446744073709551615, time: 0), (pn: 18446744073709551615, time: 0), (pn: 18446744073709551615, time: 0), (pn: 18446744073709551615, time: 0), (pn: 18446744073709551615, time: 0), (pn: 18446744073709551615, time: 0), (pn: 18446744073709551615, time: 0), (pn: 18446744073709551615, time: 0), (pn: 18446744073709551615, time: 0), (pn: 18446744073709551615, time: 0), (pn: 18446744073709551615, time: 0), (pn: 18446744073709551615, time: 0), (pn: 18446744073709551615, time: 0), (pn: 18446744073709551615, time: 0), (pn: 18446744073709551615, time: 0), (pn: 18446744073709551615, time: 0), (pn: 18446744073709551615, time: 0), (pn: 18446744073709551615, time: 0), (pn: 18446744073709551615, time: 0), (pn: 18446744073709551615, time: 0), (pn: 18446744073709551615, time: 0), (pn: 18446744073709551615, time: 0), (pn: 18446744073709551615, time: 0), (pn: 18446744073709551615, time: 0), (pn: 18446744073709551615, time: 0), (pn: 18446744073709551615, time: 0), (pn: 18446744073709551615, time: 0), (pn: 18446744073709551615, time: 0), (pn: 18446744073709551615, time: 0), (pn: 18446744073709551615, time: 0), (pn: 18446744073709551615, time: 0), (pn: 18446744073709551615, time: 0), (pn: 18446744073709551615, time: 0), (pn: 18446744073709551615, time: 0), (pn: 18446744073709551615, time: 0), (pn: 18446744073709551615, time: 0), (pn: 18446744073709551615, time: 0), (pn: 18446744073709551615, time: 0), (pn: 18446744073709551615, time: 0), (pn: 18446744073709551615, time: 0), (pn: 18446744073709551615, time: 0), (pn: 18446744073709551615, time: 0), (pn: 18446744073709551615, time: 0), (pn: 18446744073709551615, time: 0), (pn: 18446744073709551615, time: 0), (pn: 18446744073709551615, time: 0), (pn: 18446744073709551615, time: 0), (pn: 18446744073709551615, time: 0), (pn: 18446744073709551615, time: 0), (pn: 18446744073709551615, time: 0), (pn: 18446744073709551615, time: 0), (pn: 18446744073709551615, time: 0), (pn: 18446744073709551615, time: 0), (pn: 18446744073709551615, time: 0), (pn: 18446744073709551615, time: 0), (pn: 18446744073709551615, time: 0), (pn: 18446744073709551615, time: 0), (pn: 18446744073709551615, time: 0), (pn: 18446744073709551615, time: 0), (pn: 18446744073709551615, time: 0), (pn: 18446744073709551615, time: 0), (pn: 18446744073709551615, time: 0), (pn: 18446744073709551615, time: 0), (pn: 18446744073709551615, time: 0), (pn: 18446744073709551615, time: 0), (pn: 18446744073709551615, time: 0), (pn: 18446744073709551615, time: 0), (pn: 18446744073709551615, time: 0), (pn: 18446744073709551615, time: 0), (pn: 18446744073709551615, time: 0), (pn: 18446744073709551615, time: 0), (pn: 18446744073709551615, time: 0), (pn: 18446744073709551615, time: 0), (pn: 18446744073709551615, time: 0), (pn: 18446744073709551615, time: 0), (pn: 18446744073709551615, time: 0), (pn: 18446744073709551615, time: 0), (pn: 18446744073709551615, time: 0), (pn: 18446744073709551615, time: 0), (pn: 18446744073709551615, time: 0), (pn: 18446744073709551615, time: 0), (pn: 18446744073709551615, time: 0), (pn: 18446744073709551615, time: 0), (pn: 18446744073709551615, time: 0), (pn: 18446744073709551615, time: 0), (pn: 18446744073709551615, time: 0), (pn: 18446744073709551615, time: 0), (pn: 18446744073709551615, time: 0), (pn: 18446744073709551615, time: 0), (pn: 18446744073709551615, time: 0), (pn: 18446744073709551615, time: 0), (pn: 18446744073709551615, time: 0), (pn: 18446744073709551615, time: 0), (pn: 18446744073709551615, time: 0), (pn: 18446744073709551615, time: 0), (pn: 18446744073709551615, time: 0), (pn: 18446744073709551615, time: 0), (pn: 18446744073709551615, time: 0), (pn: 18446744073709551615, time: 0), (pn: 18446744073709551615, time: 0), (pn: 18446744073709551615, time: 0), (pn: 18446744073709551615, time: 0), (pn: 18446744073709551615, time: 0), (pn: 18446744073709551615, time: 0), (pn: 18446744073709551615, time: 0), (pn: 18446744073709551615, time: 0), (pn: 18446744073709551615, time: 0), (pn: 18446744073709551615, time: 0), (pn: 18446744073709551615, time: 0), (pn: 18446744073709551615, time: 0), (pn: 18446744073709551615, time: 0), (pn: 18446744073709551615, time: 0), (pn: 18446744073709551615, time: 0), (pn: 18446744073709551615, time: 0), (pn: 18446744073709551615, time: 0), (pn: 18446744073709551615, time: 0), (pn: 18446744073709551615, time: 0), (pn: 18446744073709551615, time: 0), (pn: 18446744073709551615, time: 0), (pn: 18446744073709551615, time: 0), (pn: 18446744073709551615, time: 0), (pn: 18446744073709551615, time: 0), (pn: 18446744073709551615, time: 0), (pn: 18446744073709551615, time: 0), (pn: 18446744073709551615, time: 0), (pn: 18446744073709551615, time: 0), (pn: 18446744073709551615, time: 0), (pn: 18446744073709551615, time: 0), (pn: 18446744073709551615, time: 0), (pn: 18446744073709551615, time: 0), (pn: 18446744073709551615, time: 0), (pn: 18446744073709551615, time: 0), (pn: 18446744073709551615, time: 0), (pn: 18446744073709551615, time: 0), (pn: 18446744073709551615, time: 0), (pn: 18446744073709551615, time: 0), (pn: 18446744073709551615, time: 0), (pn: 18446744073709551615, time: 0), (pn: 18446744073709551615, time: 0), (pn: 18446744073709551615, time: 0), (pn: 18446744073709551615, time: 0), (pn: 18446744073709551615, time: 0), (pn: 18446744073709551615, time: 0), (pn: 18446744073709551615, time: 0), (pn: 18446744073709551615, time: 0), (pn: 18446744073709551615, time: 0), (pn: 18446744073709551615, time: 0), (pn: 18446744073709551615, time: 0), (pn: 18446744073709551615, time: 0), (pn: 18446744073709551615, time: 0), (pn: 18446744073709551615, time: 0), (pn: 18446744073709551615, time: 0), (pn: 18446744073709551615, time: 0), (pn: 18446744073709551615, time: 0), (pn: 18446744073709551615, time: 0), (pn: 18446744073709551615, time: 0), (pn: 18446744073709551615, time: 0), (pn: 18446744073709551615, time: 0), (pn: 18446744073709551615, time: 0), (pn: 18446744073709551615, time: 0), (pn: 18446744073709551615, time: 0), (pn: 18446744073709551615, time: 0), (pn: 18446744073709551615, time: 0), (pn: 18446744073709551615, time: 0), (pn: 18446744073709551615, time: 0), (pn: 18446744073709551615, time: 0), (pn: 18446744073709551615, time: 0), (pn: 18446744073709551615, time: 0), (pn: 18446744073709551615, time: 0), (pn: 18446744073709551615, time: 0), (pn: 18446744073709551615, time: 0), (pn: 18446744073709551615, time: 0), (pn: 18446744073709551615, time: 0), (pn: 18446744073709551615, time: 0), (pn: 18446744073709551615, time: 0), (pn: 18446744073709551615, time: 0), (pn: 18446744073709551615, time: 0), (pn: 18446744073709551615, time: 0), (pn: 18446744073709551615, time: 0), (pn: 18446744073709551615, time: 0), (pn: 18446744073709551615, time: 0), (pn: 18446744073709551615, time: 0), (pn: 18446744073709551615, time: 0), (pn: 18446744073709551615, time: 0), (pn: 18446744073709551615, time: 0), (pn: 18446744073709551615, time: 0), (pn: 18446744073709551615, time: 0), (pn: 18446744073709551615, time: 0), (pn: 18446744073709551615, time: 0), (pn: 18446744073709551615, time: 0), (pn: 18446744073709551615, time: 0), (pn: 18446744073709551615, time: 0), (pn: 18446744073709551615, time: 0), (pn: 18446744073709551615, time: 0), (pn: 18446744073709551615, time: 0), (pn: 18446744073709551615, time: 0), (pn: 18446744073709551615, time: 0), (pn: 18446744073709551615, time: 0), (pn: 18446744073709551615, time: 0), (pn: 18446744073709551615, time: 0), (pn: 18446744073709551615, time: 0), (pn: 18446744073709551615, time: 0), (pn: 18446744073709551615, time: 0), (pn: 18446744073709551615, time: 0), (pn: 18446744073709551615, time: 0), (pn: 18446744073709551615, time: 0), (pn: 18446744073709551615, time: 0), (pn: 18446744073709551615, time: 0), (pn: 18446744073709551615, time: 0), (pn: 18446744073709551615, time: 0), (pn: 18446744073709551615, time: 0), (pn: 18446744073709551615, time: 0), (pn: 18446744073709551615, time: 0), (pn: 18446744073709551615, time: 0), (pn: 18446744073709551615, time: 0), (pn: 18446744073709551615, time: 0), (pn: 18446744073709551615, time: 0), (pn: 18446744073709551615, time: 0), (pn: 18446744073709551615, time: 0), (pn: 18446744073709551615, time: 0), (pn: 18446744073709551615, time: 0), (pn: 18446744073709551615, time: 0), (pn: 18446744073709551615, time: 0), (pn: 18446744073709551615, time: 0), (pn: 18446744073709551615, time: 0), (pn: 18446744073709551615, time: 0), (pn: 18446744073709551615, time: 0), (pn: 18446744073709551615, time: 0), (pn: 18446744073709551615, time: 0), (pn: 18446744073709551615, time: 0), (pn: 18446744073709551615, time: 0), (pn: 18446744073709551615, time: 0), (pn: 18446744073709551615, time: 0), (pn: 18446744073709551615, time: 0), (pn: 18446744073709551615, time: 0), (pn: 18446744073709551615, time: 0), (pn: 18446744073709551615, time: 0), (pn: 18446744073709551615, time: 0), (pn: 18446744073709551615, time: 0), (pn: 18446744073709551615, time: 0), (pn: 18446744073709551615, time: 0), (pn: 18446744073709551615, time: 0), (pn: 18446744073709551615, time: 0), (pn: 18446744073709551615, time: 0), (pn: 18446744073709551615, time: 0), (pn: 18446744073709551615, time: 0), (pn: 18446744073709551615, time: 0), (pn: 18446744073709551615, time: 0), (pn: 18446744073709551615, time: 0), (pn: 18446744073709551615, time: 0), (pn: 18446744073709551615, time: 0), (pn: 18446744073709551615, time: 0), (pn: 18446744073709551615, time: 0), (pn: 18446744073709551615, time: 0), (pn: 18446744073709551615, time: 0), (pn: 18446744073709551615, time: 0), (pn: 18446744073709551615, time: 0), (pn: 18446744073709551615, time: 0), (pn: 18446744073709551615, time: 0), (pn: 18446744073709551615, time: 0), (pn: 18446744073709551615, time: 0), (pn: 18446744073709551615, time: 0), (pn: 18446744073709551615, time: 0), (pn: 18446744073709551615, time: 0), (pn: 18446744073709551615, time: 0), (pn: 18446744073709551615, time: 0), (pn: 18446744073709551615, time: 0), (pn: 18446744073709551615, time: 0), (pn: 18446744073709551615, time: 0), (pn: 18446744073709551615, time: 0), (pn: 18446744073709551615, time: 0), (pn: 18446744073709551615, time: 0), (pn: 18446744073709551615, time: 0), (pn: 18446744073709551615, time: 0), (pn: 18446744073709551615, time: 0), (pn: 18446744073709551615, time: 0), (pn: 18446744073709551615, time: 0), (pn: 18446744073709551615, time: 0), (pn: 18446744073709551615, time: 0), (pn: 18446744073709551615, time: 0), (pn: 18446744073709551615, time: 0), (pn: 18446744073709551615, time: 0), (pn: 18446744073709551615, time: 0), (pn: 18446744073709551615, time: 0), (pn: 18446744073709551615, time: 0), (pn: 18446744073709551615, time: 0), (pn: 18446744073709551615, time: 0), (pn: 18446744073709551615, time: 0), (pn: 18446744073709551615, time: 0), (pn: 18446744073709551615, time: 0), (pn: 18446744073709551615, time: 0), (pn: 18446744073709551615, time: 0), (pn: 18446744073709551615, time: 0), (pn: 18446744073709551615, time: 0), (pn: 18446744073709551615, time: 0), (pn: 18446744073709551615, time: 0), (pn: 18446744073709551615, time: 0), (pn: 18446744073709551615, time: 0), (pn: 18446744073709551615, time: 0), (pn: 18446744073709551615, time: 0), (pn: 18446744073709551615, time: 0), (pn: 18446744073709551615, time: 0), (pn: 18446744073709551615, time: 0), (pn: 18446744073709551615, time: 0), (pn: 18446744073709551615, time: 0), (pn: 18446744073709551615, time: 0), (pn: 18446744073709551615, time: 0), (pn: 18446744073709551615, time: 0), (pn: 18446744073709551615, time: 0), (pn: 18446744073709551615, time: 0), (pn: 18446744073709551615, time: 0), (pn: 18446744073709551615, time: 0), (pn: 18446744073709551615, time: 0), (pn: 18446744073709551615, time: 0), (pn: 18446744073709551615, time: 0), (pn: 18446744073709551615, time: 0), (pn: 18446744073709551615, time: 0), (pn: 18446744073709551615, time: 0), (pn: 18446744073709551615, time: 0), (pn: 18446744073709551615, time: 0), (pn: 18446744073709551615, time: 0), (pn: 18446744073709551615, time: 0), (pn: 18446744073709551615, time: 0), (pn: 18446744073709551615, time: 0), (pn: 18446744073709551615, time: 0), (pn: 18446744073709551615, time: 0), (pn: 18446744073709551615, time: 0), (pn: 18446744073709551615, time: 0), (pn: 18446744073709551615, time: 0), (pn: 18446744073709551615, time: 0), (pn: 18446744073709551615, time: 0), (pn: 18446744073709551615, time: 0), (pn: 18446744073709551615, time: 0), (pn: 18446744073709551615, time: 0), (pn: 18446744073709551615, time: 0), (pn: 18446744073709551615, time: 0), (pn: 18446744073709551615, time: 0), (pn: 18446744073709551615, time: 0), (pn: 18446744073709551615, time: 0), (pn: 18446744073709551615, time: 0), (pn: 18446744073709551615, time: 0), (pn: 18446744073709551615, time: 0), (pn: 18446744073709551615, time: 0), (pn: 18446744073709551615, time: 0), (pn: 18446744073709551615, time: 0), (pn: 18446744073709551615, time: 0), (pn: 18446744073709551615, time: 0), (pn: 18446744073709551615, time: 0), (pn: 18446744073709551615, time: 0), (pn: 18446744073709551615, time: 0), (pn: 18446744073709551615, time: 0), (pn: 18446744073709551615, time: 0), (pn: 18446744073709551615, time: 0), (pn: 18446744073709551615, time: 0), (pn: 18446744073709551615, time: 0), (pn: 18446744073709551615, time: 0), (pn: 18446744073709551615, time: 0), (pn: 18446744073709551615, time: 0), (pn: 18446744073709551615, time: 0), (pn: 18446744073709551615, time: 0), (pn: 18446744073709551615, time: 0), (pn: 18446744073709551615, time: 0), (pn: 18446744073709551615, time: 0), (pn: 18446744073709551615, time: 0), (pn: 18446744073709551615, time: 0), (pn: 18446744073709551615, time: 0), (pn: 18446744073709551615, time: 0), (pn: 18446744073709551615, time: 0), (pn: 18446744073709551615, time: 0), (pn: 18446744073709551615, time: 0), (pn: 18446744073709551615, time: 0), (pn: 18446744073709551615, time: 0), (pn: 18446744073709551615, time: 0), (pn: 18446744073709551615, time: 0), (pn: 18446744073709551615, time: 0), (pn: 18446744073709551615, time: 0), (pn: 18446744073709551615, time: 0), (pn: 18446744073709551615, time: 0), (pn: 18446744073709551615, time: 0), (pn: 18446744073709551615, time: 0), (pn: 18446744073709551615, time: 0), (pn: 18446744073709551615, time: 0), (pn: 18446744073709551615, time: 0), (pn: 18446744073709551615, time: 0), (pn: 18446744073709551615, time: 0), (pn: 18446744073709551615, time: 0), (pn: 18446744073709551615, time: 0), (pn: 18446744073709551615, time: 0), (pn: 18446744073709551615, time: 0), (pn: 18446744073709551615, time: 0), (pn: 18446744073709551615, time: 0), (pn: 18446744073709551615, time: 0), (pn: 18446744073709551615, time: 0), (pn: 18446744073709551615, time: 0), (pn: 18446744073709551615, time: 0), (pn: 18446744073709551615, time: 0), (pn: 18446744073709551615, time: 0), (pn: 18446744073709551615, time: 0), (pn: 18446744073709551615, time: 0), (pn: 18446744073709551615, time: 0), (pn: 18446744073709551615, time: 0), (pn: 18446744073709551615, time: 0), (pn: 18446744073709551615, time: 0), (pn: 18446744073709551615, time: 0), (pn: 18446744073709551615, time: 0), (pn: 18446744073709551615, time: 0), (pn: 18446744073709551615, time: 0), (pn: 18446744073709551615, time: 0), (pn: 18446744073709551615, time: 0), (pn: 18446744073709551615, time: 0), (pn: 18446744073709551615, time: 0), (pn: 18446744073709551615, time: 0), (pn: 18446744073709551615, time: 0), (pn: 18446744073709551615, time: 0), (pn: 18446744073709551615, time: 0), (pn: 18446744073709551615, time: 0), (pn: 18446744073709551615, time: 0), (pn: 18446744073709551615, time: 0), (pn: 18446744073709551615, time: 0), (pn: 18446744073709551615, time: 0), (pn: 18446744073709551615, time: 0), (pn: 18446744073709551615, time: 0), (pn: 18446744073709551615, time: 0), (pn: 18446744073709551615, time: 0), (pn: 18446744073709551615, time: 0), (pn: 18446744073709551615, time: 0), (pn: 18446744073709551615, time: 0), (pn: 18446744073709551615, time: 0), (pn: 18446744073709551615, time: 0), (pn: 18446744073709551615, time: 0), (pn: 18446744073709551615, time: 0), (pn: 18446744073709551615, time: 0), (pn: 18446744073709551615, time: 0), (pn: 18446744073709551615, time: 0), (pn: 18446744073709551615, time: 0), (pn: 18446744073709551615, time: 0), (pn: 18446744073709551615, time: 0), (pn: 18446744073709551615, time: 0), (pn: 18446744073709551615, time: 0), (pn: 18446744073709551615, time: 0), (pn: 18446744073709551615, time: 0), (pn: 18446744073709551615, time: 0), (pn: 18446744073709551615, time: 0), (pn: 18446744073709551615, time: 0), (pn: 18446744073709551615, time: 0), (pn: 18446744073709551615, time: 0), (pn: 18446744073709551615, time: 0), (pn: 18446744073709551615, time: 0), (pn: 18446744073709551615, time: 0), (pn: 18446744073709551615, time: 0), (pn: 18446744073709551615, time: 0), (pn: 18446744073709551615, time: 0), (pn: 18446744073709551615, time: 0), (pn: 18446744073709551615, time: 0), (pn: 18446744073709551615, time: 0), (pn: 18446744073709551615, time: 0), (pn: 18446744073709551615, time: 0), (pn: 18446744073709551615, time: 0), (pn: 18446744073709551615, time: 0), (pn: 18446744073709551615, time: 0), (pn: 18446744073709551615, time: 0), (pn: 18446744073709551615, time: 0), (pn: 18446744073709551615, time: 0), (pn: 18446744073709551615, time: 0), (pn: 18446744073709551615, time: 0), (pn: 18446744073709551615, time: 0), (pn: 18446744073709551615, time: 0), (pn: 18446744073709551615, time: 0), (pn: 18446744073709551615, time: 0), (pn: 18446744073709551615, time: 0), (pn: 18446744073709551615, time: 0), (pn: 18446744073709551615, time: 0), (pn: 18446744073709551615, time: 0), (pn: 18446744073709551615, time: 0), (pn: 18446744073709551615, time: 0), (pn: 18446744073709551615, time: 0), (pn: 18446744073709551615, time: 0), (pn: 18446744073709551615, time: 0), (pn: 18446744073709551615, time: 0), (pn: 18446744073709551615, time: 0), (pn: 18446744073709551615, time: 0), (pn: 18446744073709551615, time: 0), (pn: 18446744073709551615, time: 0), (pn: 18446744073709551615, time: 0), (pn: 18446744073709551615, time: 0), (pn: 18446744073709551615, time: 0), (pn: 18446744073709551615, time: 0), (pn: 18446744073709551615, time: 0), (pn: 18446744073709551615, time: 0), (pn: 18446744073709551615, time: 0), (pn: 18446744073709551615, time: 0), (pn: 18446744073709551615, time: 0), (pn: 18446744073709551615, time: 0), (pn: 18446744073709551615, time: 0), (pn: 18446744073709551615, time: 0), (pn: 18446744073709551615, time: 0), (pn: 18446744073709551615, time: 0), (pn: 18446744073709551615, time: 0), (pn: 18446744073709551615, time: 0), (pn: 18446744073709551615, time: 0), (pn: 18446744073709551615, time: 0), (pn: 18446744073709551615, time: 0), (pn: 18446744073709551615, time: 0), (pn: 18446744073709551615, time: 0), (pn: 18446744073709551615, time: 0), (pn: 18446744073709551615, time: 0), (pn: 18446744073709551615, time: 0), (pn: 18446744073709551615, time: 0), (pn: 18446744073709551615, time: 0), (pn: 18446744073709551615, time: 0), (pn: 18446744073709551615, time: 0), (pn: 18446744073709551615, time: 0), (pn: 18446744073709551615, time: 0), (pn: 18446744073709551615, time: 0), (pn: 18446744073709551615, time: 0), (pn: 18446744073709551615, time: 0), (pn: 18446744073709551615, time: 0), (pn: 18446744073709551615, time: 0), (pn: 18446744073709551615, time: 0), (pn: 18446744073709551615, time: 0), (pn: 18446744073709551615, time: 0), (pn: 18446744073709551615, time: 0), (pn: 18446744073709551615, time: 0), (pn: 18446744073709551615, time: 0), (pn: 18446744073709551615, time: 0), (pn: 18446744073709551615, time: 0), (pn: 18446744073709551615, time: 0), (pn: 18446744073709551615, time: 0), (pn: 18446744073709551615, time: 0), (pn: 18446744073709551615, time: 0), (pn: 18446744073709551615, time: 0), (pn: 18446744073709551615, time: 0), (pn: 18446744073709551615, time: 0), (pn: 18446744073709551615, time: 0), (pn: 18446744073709551615, time: 0), (pn: 18446744073709551615, time: 0), (pn: 18446744073709551615, time: 0), (pn: 18446744073709551615, time: 0), (pn: 18446744073709551615, time: 0), (pn: 18446744073709551615, time: 0), (pn: 18446744073709551615, time: 0), (pn: 18446744073709551615, time: 0), (pn: 18446744073709551615, time: 0), (pn: 18446744073709551615, time: 0), (pn: 18446744073709551615, time: 0), (pn: 18446744073709551615, time: 0), (pn: 18446744073709551615, time: 0), (pn: 18446744073709551615, time: 0), (pn: 18446744073709551615, time: 0), (pn: 18446744073709551615, time: 0), (pn: 18446744073709551615, time: 0), (pn: 18446744073709551615, time: 0), (pn: 18446744073709551615, time: 0), (pn: 18446744073709551615, time: 0), (pn: 18446744073709551615, time: 0), (pn: 18446744073709551615, time: 0), (pn: 18446744073709551615, time: 0), (pn: 18446744073709551615, time: 0), (pn: 18446744073709551615, time: 0), (pn: 18446744073709551615, time: 0), (pn: 18446744073709551615, time: 0), (pn: 18446744073709551615, time: 0), (pn: 18446744073709551615, time: 0), (pn: 18446744073709551615, time: 0), (pn: 18446744073709551615, time: 0), (pn: 18446744073709551615, time: 0), (pn: 18446744073709551615, time: 0), (pn: 18446744073709551615, time: 0), (pn: 18446744073709551615, time: 0), (pn: 18446744073709551615, time: 0), (pn: 18446744073709551615, time: 0), (pn: 18446744073709551615, time: 0), (pn: 18446744073709551615, time: 0), (pn: 18446744073709551615, time: 0), (pn: 18446744073709551615, time: 0), (pn: 18446744073709551615, time: 0), (pn: 18446744073709551615, time: 0), (pn: 18446744073709551615, time: 0), (pn: 18446744073709551615, time: 0), (pn: 18446744073709551615, time: 0), (pn: 18446744073709551615, time: 0), (pn: 18446744073709551615, time: 0), (pn: 18446744073709551615, time: 0), (pn: 18446744073709551615, time: 0), (pn: 18446744073709551615, time: 0), (pn: 18446744073709551615, time: 0), (pn: 18446744073709551615, time: 0), (pn: 18446744073709551615, time: 0), (pn: 18446744073709551615, time: 0), (pn: 18446744073709551615, time: 0), (pn: 18446744073709551615, time: 0), (pn: 18446744073709551615, time: 0), (pn: 18446744073709551615, time: 0), (pn: 18446744073709551615, time: 0), (pn: 18446744073709551615, time: 0), (pn: 18446744073709551615, time: 0), (pn: 18446744073709551615, time: 0), (pn: 18446744073709551615, time: 0), (pn: 18446744073709551615, time: 0), (pn: 18446744073709551615, time: 0), (pn: 18446744073709551615, time: 0), (pn: 18446744073709551615, time: 0), (pn: 18446744073709551615, time: 0), (pn: 18446744073709551615, time: 0), (pn: 18446744073709551615, time: 0), (pn: 18446744073709551615, time: 0), (pn: 18446744073709551615, time: 0), (pn: 18446744073709551615, time: 0), (pn: 18446744073709551615, time: 0), (pn: 18446744073709551615, time: 0), (pn: 18446744073709551615, time: 0), (pn: 18446744073709551615, time: 0), (pn: 18446744073709551615, time: 0), (pn: 18446744073709551615, time: 0), (pn: 18446744073709551615, time: 0), (pn: 18446744073709551615, time: 0), (pn: 18446744073709551615, time: 0), (pn: 18446744073709551615, time: 0), (pn: 18446744073709551615, time: 0), (pn: 18446744073709551615, time: 0), (pn: 18446744073709551615, time: 0), (pn: 18446744073709551615, time: 0), (pn: 18446744073709551615, time: 0), (pn: 18446744073709551615, time: 0), (pn: 18446744073709551615, time: 0), (pn: 18446744073709551615, time: 0), (pn: 18446744073709551615, time: 0), (pn: 18446744073709551615, time: 0), (pn: 18446744073709551615, time: 0), (pn: 18446744073709551615, time: 0), (pn: 18446744073709551615, time: 0), (pn: 18446744073709551615, time: 0), (pn: 18446744073709551615, time: 0), (pn: 18446744073709551615, time: 0), (pn: 18446744073709551615, time: 0), (pn: 18446744073709551615, time: 0), (pn: 18446744073709551615, time: 0), (pn: 18446744073709551615, time: 0), (pn: 18446744073709551615, time: 0), (pn: 18446744073709551615, time: 0), (pn: 18446744073709551615, time: 0), (pn: 18446744073709551615, time: 0), (pn: 18446744073709551615, time: 0), (pn: 18446744073709551615, time: 0), (pn: 18446744073709551615, time: 0), (pn: 18446744073709551615, time: 0), (pn: 18446744073709551615, time: 0), (pn: 18446744073709551615, time: 0), (pn: 18446744073709551615, time: 0), (pn: 18446744073709551615, time: 0), (pn: 18446744073709551615, time: 0), (pn: 18446744073709551615, time: 0), (pn: 18446744073709551615, time: 0), (pn: 18446744073709551615, time: 0), (pn: 18446744073709551615, time: 0), (pn: 18446744073709551615, time: 0), (pn: 18446744073709551615, time: 0), (pn: 18446744073709551615, time: 0), (pn: 18446744073709551615, time: 0), (pn: 18446744073709551615, time: 0), (pn: 18446744073709551615, time: 0), (pn: 18446744073709551615, time: 0), (pn: 18446744073709551615, time: 0), (pn: 18446744073709551615, time: 0), (pn: 18446744073709551615, time: 0), (pn: 18446744073709551615, time: 0), (pn: 18446744073709551615, time: 0), (pn: 18446744073709551615, time: 0), (pn: 18446744073709551615, time: 0), (pn: 18446744073709551615, time: 0), (pn: 18446744073709551615, time: 0), (pn: 18446744073709551615, time: 0), (pn: 18446744073709551615, time: 0), (pn: 18446744073709551615, time: 0), (pn: 18446744073709551615, time: 0), (pn: 18446744073709551615, time: 0), (pn: 18446744073709551615, time: 0), (pn: 18446744073709551615, time: 0), (pn: 18446744073709551615, time: 0), (pn: 18446744073709551615, time: 0), (pn: 18446744073709551615, time: 0), (pn: 18446744073709551615, time: 0), (pn: 18446744073709551615, time: 0), (pn: 18446744073709551615, time: 0), (pn: 18446744073709551615, time: 0), (pn: 18446744073709551615, time: 0), (pn: 18446744073709551615, time: 0), (pn: 18446744073709551615, time: 0), (pn: 18446744073709551615, time: 0), (pn: 18446744073709551615, time: 0), (pn: 18446744073709551615, time: 0), (pn: 18446744073709551615, time: 0), (pn: 18446744073709551615, time: 0), (pn: 18446744073709551615, time: 0), (pn: 18446744073709551615, time: 0), (pn: 18446744073709551615, time: 0), (pn: 18446744073709551615, time: 0), (pn: 18446744073709551615, time: 0), (pn: 18446744073709551615, time: 0), (pn: 18446744073709551615, time: 0), (pn: 18446744073709551615, time: 0), (pn: 18446744073709551615, time: 0), (pn: 18446744073709551615, time: 0), (pn: 18446744073709551615, time: 0), (pn: 18446744073709551615, time: 0), (pn: 18446744073709551615, time: 0), (pn: 18446744073709551615, time: 0), (pn: 18446744073709551615, time: 0), (pn: 18446744073709551615, time: 0), (pn: 18446744073709551615, time: 0), (pn: 18446744073709551615, time: 0), (pn: 18446744073709551615, time: 0), (pn: 18446744073709551615, time: 0), (pn: 18446744073709551615, time: 0), (pn: 18446744073709551615, time: 0), (pn: 18446744073709551615, time: 0), (pn: 18446744073709551615, time: 0), (pn: 18446744073709551615, time: 0), (pn: 18446744073709551615, time: 0), (pn: 18446744073709551615, time: 0), (pn: 18446744073709551615, time: 0), (pn: 18446744073709551615, time: 0), (pn: 18446744073709551615, time: 0), (pn: 18446744073709551615, time: 0), (pn: 18446744073709551615, time: 0), (pn: 18446744073709551615, time: 0), (pn: 18446744073709551615, time: 0), (pn: 18446744073709551615, time: 0), (pn: 18446744073709551615, time: 0), (pn: 18446744073709551615, time: 0), (pn: 18446744073709551615, time: 0), (pn: 18446744073709551615, time: 0), (pn: 18446744073709551615, time: 0), (pn: 18446744073709551615, time: 0), (pn: 18446744073709551615, time: 0), (pn: 18446744073709551615, time: 0), (pn: 18446744073709551615, time: 0), (pn: 18446744073709551615, time: 0), (pn: 18446744073709551615, time: 0), (pn: 18446744073709551615, time: 0), (pn: 18446744073709551615, time: 0), (pn: 18446744073709551615, time: 0), (pn: 18446744073709551615, time: 0), (pn: 18446744073709551615, time: 0), (pn: 18446744073709551615, time: 0), (pn: 18446744073709551615, time: 0), (pn: 18446744073709551615, time: 0), (pn: 18446744073709551615, time: 0), (pn: 18446744073709551615, time: 0), (pn: 18446744073709551615, time: 0), (pn: 18446744073709551615, time: 0), (pn: 18446744073709551615, time: 0), (pn: 18446744073709551615, time: 0), (pn: 18446744073709551615, time: 0), (pn: 18446744073709551615, time: 0), (pn: 18446744073709551615, time: 0), (pn: 18446744073709551615, time: 0), (pn: 18446744073709551615, time: 0), (pn: 18446744073709551615, time: 0), (pn: 18446744073709551615, time: 0), (pn: 18446744073709551615, time: 0), (pn: 18446744073709551615, time: 0), (pn: 18446744073709551615, time: 0), (pn: 18446744073709551615, time: 0), (pn: 18446744073709551615, time: 0), (pn: 18446744073709551615, time: 0), (pn: 18446744073709551615, time: 0), (pn: 18446744073709551615, time: 0), (pn: 18446744073709551615, time: 0), (pn: 18446744073709551615, time: 0), (pn: 18446744073709551615, time: 0), (pn: 18446744073709551615, time: 0), (pn: 18446744073709551615, time: 0), (pn: 18446744073709551615, time: 0), (pn: 18446744073709551615, time: 0), (pn: 18446744073709551615, time: 0), (pn: 18446744073709551615, time: 0), (pn: 18446744073709551615, time: 0), (pn: 18446744073709551615, time: 0), (pn: 18446744073709551615, time: 0), (pn: 18446744073709551615, time: 0), (pn: 18446744073709551615, time: 0), (pn: 18446744073709551615, time: 0), (pn: 18446744073709551615, time: 0), (pn: 18446744073709551615, time: 0), (pn: 18446744073709551615, time: 0), (pn: 18446744073709551615, time: 0), (pn: 18446744073709551615, time: 0), (pn: 18446744073709551615, time: 0), (pn: 18446744073709551615, time: 0), (pn: 18446744073709551615, time: 0), (pn: 18446744073709551615, time: 0), (pn: 18446744073709551615, time: 0), (pn: 18446744073709551615, time: 0), (pn: 18446744073709551615, time: 0), (pn: 18446744073709551615, time: 0), (pn: 18446744073709551615, time: 0), (pn: 18446744073709551615, time: 0), (pn: 18446744073709551615, time: 0), (pn: 18446744073709551615, time: 0), (pn: 18446744073709551615, time: 0), (pn: 18446744073709551615, time: 0), (pn: 18446744073709551615, time: 0), (pn: 18446744073709551615, time: 0), (pn: 18446744073709551615, time: 0), (pn: 18446744073709551615, time: 0), (pn: 18446744073709551615, time: 0), (pn: 18446744073709551615, time: 0), (pn: 18446744073709551615, time: 0), (pn: 18446744073709551615, time: 0), (pn: 18446744073709551615, time: 0), (pn: 18446744073709551615, time: 0), (pn: 18446744073709551615, time: 0), (pn: 18446744073709551615, time: 0), (pn: 18446744073709551615, time: 0), (pn: 18446744073709551615, time: 0), (pn: 18446744073709551615, time: 0), (pn: 18446744073709551615, time: 0), (pn: 18446744073709551615, time: 0), (pn: 18446744073709551615, time: 0), (pn: 18446744073709551615, time: 0), (pn: 18446744073709551615, time: 0), (pn: 18446744073709551615, time: 0), (pn: 18446744073709551615, time: 0), (pn: 18446744073709551615, time: 0), (pn: 18446744073709551615, time: 0), (pn: 18446744073709551615, time: 0), (pn: 18446744073709551615, time: 0), (pn: 18446744073709551615, time: 0), (pn: 18446744073709551615, time: 0), (pn: 18446744073709551615, time: 0), (pn: 18446744073709551615, time: 0), (pn: 18446744073709551615, time: 0), (pn: 18446744073709551615, time: 0), (pn: 18446744073709551615, time: 0), (pn: 18446744073709551615, time: 0), (pn: 18446744073709551615, time: 0), (pn: 18446744073709551615, time: 0), (pn: 18446744073709551615, time: 0), (pn: 18446744073709551615, time: 0), (pn: 18446744073709551615, time: 0), (pn: 18446744073709551615, time: 0), (pn: 18446744073709551615, time: 0), (pn: 18446744073709551615, time: 0), (pn: 18446744073709551615, time: 0), (pn: 18446744073709551615, time: 0), (pn: 18446744073709551615, time: 0), (pn: 18446744073709551615, time: 0), (pn: 18446744073709551615, time: 0), (pn: 18446744073709551615, time: 0), (pn: 18446744073709551615, time: 0), (pn: 18446744073709551615, time: 0), (pn: 18446744073709551615, time: 0), (pn: 18446744073709551615, time: 0), (pn: 18446744073709551615, time: 0), (pn: 18446744073709551615, time: 0), (pn: 18446744073709551615, time: 0), (pn: 18446744073709551615, time: 0), (pn: 18446744073709551615, time: 0), (pn: 18446744073709551615, time: 0), (pn: 18446744073709551615, time: 0), (pn: 18446744073709551615, time: 0), (pn: 18446744073709551615, time: 0), (pn: 18446744073709551615, time: 0), (pn: 18446744073709551615, time: 0), (pn: 18446744073709551615, time: 0), (pn: 18446744073709551615, time: 0), (pn: 18446744073709551615, time: 0), (pn: 18446744073709551615, time: 0), (pn: 18446744073709551615, time: 0), (pn: 18446744073709551615, time: 0), (pn: 18446744073709551615, time: 0), (pn: 18446744073709551615, time: 0), (pn: 18446744073709551615, time: 0), (pn: 18446744073709551615, time: 0), (pn: 18446744073709551615, time: 0), (pn: 18446744073709551615, time: 0), (pn: 18446744073709551615, time: 0), (pn: 18446744073709551615, time: 0), (pn: 18446744073709551615, time: 0), (pn: 18446744073709551615, time: 0), (pn: 18446744073709551615, time: 0), (pn: 18446744073709551615, time: 0), (pn: 18446744073709551615, time: 0), (pn: 18446744073709551615, time: 0), (pn: 18446744073709551615, time: 0), (pn: 18446744073709551615, time: 0), (pn: 18446744073709551615, time: 0), (pn: 18446744073709551615, time: 0), (pn: 18446744073709551615, time: 0), (pn: 18446744073709551615, time: 0), (pn: 18446744073709551615, time: 0), (pn: 18446744073709551615, time: 0), (pn: 18446744073709551615, time: 0), (pn: 18446744073709551615, time: 0), (pn: 18446744073709551615, time: 0), (pn: 18446744073709551615, time: 0), (pn: 18446744073709551615, time: 0), (pn: 18446744073709551615, time: 0), (pn: 18446744073709551615, time: 0), (pn: 18446744073709551615, time: 0), (pn: 18446744073709551615, time: 0), (pn: 18446744073709551615, time: 0), (pn: 18446744073709551615, time: 0), (pn: 18446744073709551615, time: 0), (pn: 18446744073709551615, time: 0), (pn: 18446744073709551615, time: 0), (pn: 18446744073709551615, time: 0), (pn: 18446744073709551615, time: 0), (pn: 18446744073709551615, time: 0), (pn: 18446744073709551615, time: 0), (pn: 18446744073709551615, time: 0), (pn: 18446744073709551615, time: 0), (pn: 18446744073709551615, time: 0), (pn: 18446744073709551615, time: 0), (pn: 18446744073709551615, time: 0), (pn: 18446744073709551615, time: 0), (pn: 18446744073709551615, time: 0), (pn: 18446744073709551615, time: 0), (pn: 18446744073709551615, time: 0), (pn: 18446744073709551615, time: 0), (pn: 18446744073709551615, time: 0), (pn: 18446744073709551615, time: 0), (pn: 18446744073709551615, time: 0), (pn: 18446744073709551615, time: 0), (pn: 18446744073709551615, time: 0), (pn: 18446744073709551615, time: 0), (pn: 18446744073709551615, time: 0), (pn: 18446744073709551615, time: 0), (pn: 18446744073709551615, time: 0), (pn: 18446744073709551615, time: 0), (pn: 18446744073709551615, time: 0), (pn: 18446744073709551615, time: 0), (pn: 18446744073709551615, time: 0), (pn: 18446744073709551615, time: 0), (pn: 18446744073709551615, time: 0), (pn: 18446744073709551615, time: 0), (pn: 18446744073709551615, time: 0), (pn: 18446744073709551615, time: 0), (pn: 18446744073709551615, time: 0), (pn: 18446744073709551615, time: 0), (pn: 18446744073709551615, time: 0), (pn: 18446744073709551615, time: 0), (pn: 18446744073709551615, time: 0), (pn: 18446744073709551615, time: 0), (pn: 18446744073709551615, time: 0), (pn: 18446744073709551615, time: 0), (pn: 18446744073709551615, time: 0), (pn: 18446744073709551615, time: 0), (pn: 18446744073709551615, time: 0), (pn: 18446744073709551615, time: 0), (pn: 18446744073709551615, time: 0), (pn: 18446744073709551615, time: 0), (pn: 18446744073709551615, time: 0), (pn: 18446744073709551615, time: 0), (pn: 18446744073709551615, time: 0), (pn: 18446744073709551615, time: 0), (pn: 18446744073709551615, time: 0), (pn: 18446744073709551615, time: 0), (pn: 18446744073709551615, time: 0), (pn: 18446744073709551615, time: 0), (pn: 18446744073709551615, time: 0), (pn: 18446744073709551615, time: 0), (pn: 18446744073709551615, time: 0), (pn: 18446744073709551615, time: 0), (pn: 18446744073709551615, time: 0), (pn: 18446744073709551615, time: 0), (pn: 18446744073709551615, time: 0), (pn: 18446744073709551615, time: 0), (pn: 18446744073709551615, time: 0), (pn: 18446744073709551615, time: 0), (pn: 18446744073709551615, time: 0), (pn: 18446744073709551615, time: 0), (pn: 18446744073709551615, time: 0), (pn: 18446744073709551615, time: 0), (pn: 18446744073709551615, time: 0), (pn: 18446744073709551615, time: 0), (pn: 18446744073709551615, time: 0), (pn: 18446744073709551615, time: 0), (pn: 18446744073709551615, time: 0), (pn: 18446744073709551615, time: 0), (pn: 18446744073709551615, time: 0), (pn: 18446744073709551615, time: 0), (pn: 18446744073709551615, time: 0), (pn: 18446744073709551615, time: 0), (pn: 18446744073709551615, time: 0), (pn: 18446744073709551615, time: 0), (pn: 18446744073709551615, time: 0), (pn: 18446744073709551615, time: 0), (pn: 18446744073709551615, time: 0), (pn: 18446744073709551615, time: 0), (pn: 18446744073709551615, time: 0), (pn: 18446744073709551615, time: 0), (pn: 18446744073709551615, time: 0), (pn: 18446744073709551615, time: 0), (pn: 18446744073709551615, time: 0), (pn: 18446744073709551615, time: 0), (pn: 18446744073709551615, time: 0), (pn: 18446744073709551615, time: 0), (pn: 18446744073709551615, time: 0), (pn: 18446744073709551615, time: 0), (pn: 18446744073709551615, time: 0), (pn: 18446744073709551615, time: 0), (pn: 18446744073709551615, time: 0), (pn: 18446744073709551615, time: 0), (pn: 18446744073709551615, time: 0), (pn: 18446744073709551615, time: 0), (pn: 18446744073709551615, time: 0), (pn: 18446744073709551615, time: 0), (pn: 18446744073709551615, time: 0), (pn: 18446744073709551615, time: 0), (pn: 18446744073709551615, time: 0), (pn: 18446744073709551615, time: 0), (pn: 18446744073709551615, time: 0), (pn: 18446744073709551615, time: 0), (pn: 18446744073709551615, time: 0), (pn: 18446744073709551615, time: 0), (pn: 18446744073709551615, time: 0), (pn: 18446744073709551615, time: 0), (pn: 18446744073709551615, time: 0), (pn: 18446744073709551615, time: 0), (pn: 18446744073709551615, time: 0), (pn: 18446744073709551615, time: 0), (pn: 18446744073709551615, time: 0), (pn: 18446744073709551615, time: 0), (pn: 18446744073709551615, time: 0), (pn: 18446744073709551615, time: 0), (pn: 18446744073709551615, time: 0), (pn: 18446744073709551615, time: 0), (pn: 18446744073709551615, time: 0), (pn: 18446744073709551615, time: 0), (pn: 18446744073709551615, time: 0), (pn: 18446744073709551615, time: 0), (pn: 18446744073709551615, time: 0), (pn: 18446744073709551615, time: 0), (pn: 18446744073709551615, time: 0), (pn: 18446744073709551615, time: 0), (pn: 18446744073709551615, time: 0), (pn: 18446744073709551615, time: 0), (pn: 18446744073709551615, time: 0), (pn: 18446744073709551615, time: 0), (pn: 18446744073709551615, time: 0), (pn: 18446744073709551615, time: 0), (pn: 18446744073709551615, time: 0), (pn: 18446744073709551615, time: 0), (pn: 18446744073709551615, time: 0), (pn: 18446744073709551615, time: 0), (pn: 18446744073709551615, time: 0), (pn: 18446744073709551615, time: 0), (pn: 18446744073709551615, time: 0), (pn: 18446744073709551615, time: 0), (pn: 18446744073709551615, time: 0), (pn: 18446744073709551615, time: 0), (pn: 18446744073709551615, time: 0), (pn: 18446744073709551615, time: 0), (pn: 18446744073709551615, time: 0), (pn: 18446744073709551615, time: 0), (pn: 18446744073709551615, time: 0), (pn: 18446744073709551615, time: 0), (pn: 18446744073709551615, time: 0), (pn: 18446744073709551615, time: 0), (pn: 18446744073709551615, time: 0), (pn: 18446744073709551615, time: 0), (pn: 18446744073709551615, time: 0), (pn: 18446744073709551615, time: 0), (pn: 18446744073709551615, time: 0), (pn: 18446744073709551615, time: 0), (pn: 18446744073709551615, time: 0), (pn: 18446744073709551615, time: 0), (pn: 18446744073709551615, time: 0), (pn: 18446744073709551615, time: 0), (pn: 18446744073709551615, time: 0), (pn: 18446744073709551615, time: 0), (pn: 18446744073709551615, time: 0), (pn: 18446744073709551615, time: 0), (pn: 18446744073709551615, time: 0), (pn: 18446744073709551615, time: 0), (pn: 18446744073709551615, time: 0), (pn: 18446744073709551615, time: 0), (pn: 18446744073709551615, time: 0), (pn: 18446744073709551615, time: 0), (pn: 18446744073709551615, time: 0), (pn: 18446744073709551615, time: 0), (pn: 18446744073709551615, time: 0), (pn: 18446744073709551615, time: 0), (pn: 18446744073709551615, time: 0), (pn: 18446744073709551615, time: 0), (pn: 18446744073709551615, time: 0), (pn: 18446744073709551615, time: 0), (pn: 18446744073709551615, time: 0), (pn: 18446744073709551615, time: 0), (pn: 18446744073709551615, time: 0), (pn: 18446744073709551615, time: 0), (pn: 18446744073709551615, time: 0), (pn: 18446744073709551615, time: 0), (pn: 18446744073709551615, time: 0), (pn: 18446744073709551615, time: 0), (pn: 18446744073709551615, time: 0), (pn: 18446744073709551615, time: 0), (pn: 18446744073709551615, time: 0), (pn: 18446744073709551615, time: 0), (pn: 18446744073709551615, time: 0), (pn: 18446744073709551615, time: 0), (pn: 18446744073709551615, time: 0), (pn: 18446744073709551615, time: 0), (pn: 18446744073709551615, time: 0), (pn: 18446744073709551615, time: 0), (pn: 18446744073709551615, time: 0), (pn: 18446744073709551615, time: 0), (pn: 18446744073709551615, time: 0), (pn: 18446744073709551615, time: 0), (pn: 18446744073709551615, time: 0), (pn: 18446744073709551615, time: 0), (pn: 18446744073709551615, time: 0), (pn: 18446744073709551615, time: 0), (pn: 18446744073709551615, time: 0), (pn: 18446744073709551615, time: 0), (pn: 18446744073709551615, time: 0), (pn: 18446744073709551615, time: 0), (pn: 18446744073709551615, time: 0), (pn: 18446744073709551615, time: 0), (pn: 18446744073709551615, time: 0), (pn: 18446744073709551615, time: 0), (pn: 18446744073709551615, time: 0), (pn: 18446744073709551615, time: 0), (pn: 18446744073709551615, time: 0), (pn: 18446744073709551615, time: 0), (pn: 18446744073709551615, time: 0), (pn: 18446744073709551615, time: 0), (pn: 18446744073709551615, time: 0), (pn: 18446744073709551615, time: 0), (pn: 18446744073709551615, time: 0), (pn: 18446744073709551615, time: 0), (pn: 18446744073709551615, time: 0), (pn: 18446744073709551615, time: 0), (pn: 18446744073709551615, time: 0), (pn: 18446744073709551615, time: 0), (pn: 18446744073709551615, time: 0), (pn: 18446744073709551615, time: 0), (pn: 18446744073709551615, time: 0), (pn: 18446744073709551615, time: 0), (pn: 18446744073709551615, time: 0), (pn: 18446744073709551615, time: 0), (pn: 18446744073709551615, time: 0), (pn: 18446744073709551615, time: 0), (pn: 18446744073709551615, time: 0), (pn: 18446744073709551615, time: 0), (pn: 18446744073709551615, time: 0), (pn: 18446744073709551615, time: 0), (pn: 18446744073709551615, time: 0), (pn: 18446744073709551615, time: 0), (pn: 18446744073709551615, time: 0), (pn: 18446744073709551615, time: 0), (pn: 18446744073709551615, time: 0), (pn: 18446744073709551615, time: 0), (pn: 18446744073709551615, time: 0), (pn: 18446744073709551615, time: 0), (pn: 18446744073709551615, time: 0), (pn: 18446744073709551615, time: 0), (pn: 18446744073709551615, time: 0), (pn: 18446744073709551615, time: 0), (pn: 18446744073709551615, time: 0), (pn: 18446744073709551615, time: 0), (pn: 18446744073709551615, time: 0), (pn: 18446744073709551615, time: 0), (pn: 18446744073709551615, time: 0), (pn: 18446744073709551615, time: 0), (pn: 18446744073709551615, time: 0), (pn: 18446744073709551615, time: 0), (pn: 18446744073709551615, time: 0), (pn: 18446744073709551615, time: 0), (pn: 18446744073709551615, time: 0), (pn: 18446744073709551615, time: 0), (pn: 18446744073709551615, time: 0), (pn: 18446744073709551615, time: 0), (pn: 18446744073709551615, time: 0), (pn: 18446744073709551615, time: 0), (pn: 18446744073709551615, time: 0), (pn: 18446744073709551615, time: 0), (pn: 18446744073709551615, time: 0), (pn: 18446744073709551615, time: 0), (pn: 18446744073709551615, time: 0), (pn: 18446744073709551615, time: 0), (pn: 18446744073709551615, time: 0), (pn: 18446744073709551615, time: 0), (pn: 18446744073709551615, time: 0), (pn: 18446744073709551615, time: 0), (pn: 18446744073709551615, time: 0), (pn: 18446744073709551615, time: 0), (pn: 18446744073709551615, time: 0), (pn: 18446744073709551615, time: 0), (pn: 18446744073709551615, time: 0), (pn: 18446744073709551615, time: 0), (pn: 18446744073709551615, time: 0), (pn: 18446744073709551615, time: 0), (pn: 18446744073709551615, time: 0), (pn: 18446744073709551615, time: 0), (pn: 18446744073709551615, time: 0), (pn: 18446744073709551615, time: 0), (pn: 18446744073709551615, time: 0), (pn: 18446744073709551615, time: 0), (pn: 18446744073709551615, time: 0), (pn: 18446744073709551615, time: 0), (pn: 18446744073709551615, time: 0), (pn: 18446744073709551615, time: 0), (pn: 18446744073709551615, time: 0), (pn: 18446744073709551615, time: 0), (pn: 18446744073709551615, time: 0), (pn: 18446744073709551615, time: 0), (pn: 18446744073709551615, time: 0), (pn: 18446744073709551615, time: 0), (pn: 18446744073709551615, time: 0), (pn: 18446744073709551615, time: 0), (pn: 18446744073709551615, time: 0), (pn: 18446744073709551615, time: 0), (pn: 18446744073709551615, time: 0), (pn: 18446744073709551615, time: 0), (pn: 18446744073709551615, time: 0), (pn: 18446744073709551615, time: 0), (pn: 18446744073709551615, time: 0), (pn: 18446744073709551615, time: 0), (pn: 18446744073709551615, time: 0), (pn: 18446744073709551615, time: 0), (pn: 18446744073709551615, time: 0), (pn: 18446744073709551615, time: 0), (pn: 18446744073709551615, time: 0), (pn: 18446744073709551615, time: 0), (pn: 18446744073709551615, time: 0), (pn: 18446744073709551615, time: 0), (pn: 18446744073709551615, time: 0), (pn: 18446744073709551615, time: 0), (pn: 18446744073709551615, time: 0), (pn: 18446744073709551615, time: 0), (pn: 18446744073709551615, time: 0), (pn: 18446744073709551615, time: 0), (pn: 18446744073709551615, time: 0), (pn: 18446744073709551615, time: 0), (pn: 18446744073709551615, time: 0), (pn: 18446744073709551615, time: 0), (pn: 18446744073709551615, time: 0), (pn: 18446744073709551615, time: 0), (pn: 18446744073709551615, time: 0), (pn: 18446744073709551615, time: 0), (pn: 18446744073709551615, time: 0), (pn: 18446744073709551615, time: 0), (pn: 18446744073709551615, time: 0), (pn: 18446744073709551615, time: 0), (pn: 18446744073709551615, time: 0), (pn: 18446744073709551615, time: 0), (pn: 18446744073709551615, time: 0), (pn: 18446744073709551615, time: 0), (pn: 18446744073709551615, time: 0), (pn: 18446744073709551615, time: 0), (pn: 18446744073709551615, time: 0), (pn: 18446744073709551615, time: 0), (pn: 18446744073709551615, time: 0), (pn: 18446744073709551615, time: 0), (pn: 18446744073709551615, time: 0), (pn: 18446744073709551615, time: 0), (pn: 18446744073709551615, time: 0), (pn: 18446744073709551615, time: 0), (pn: 18446744073709551615, time: 0), (pn: 18446744073709551615, time: 0), (pn: 18446744073709551615, time: 0), (pn: 18446744073709551615, time: 0), (pn: 18446744073709551615, time: 0), (pn: 18446744073709551615, time: 0), (pn: 18446744073709551615, time: 0), (pn: 18446744073709551615, time: 0), (pn: 18446744073709551615, time: 0), (pn: 18446744073709551615, time: 0), (pn: 18446744073709551615, time: 0), (pn: 18446744073709551615, time: 0), (pn: 18446744073709551615, time: 0), (pn: 18446744073709551615, time: 0), (pn: 18446744073709551615, time: 0), (pn: 18446744073709551615, time: 0), (pn: 18446744073709551615, time: 0), (pn: 18446744073709551615, time: 0), (pn: 18446744073709551615, time: 0), (pn: 18446744073709551615, time: 0), (pn: 18446744073709551615, time: 0), (pn: 18446744073709551615, time: 0), (pn: 18446744073709551615, time: 0), (pn: 18446744073709551615, time: 0), (pn: 18446744073709551615, time: 0), (pn: 18446744073709551615, time: 0), (pn: 18446744073709551615, time: 0), (pn: 18446744073709551615, time: 0), (pn: 18446744073709551615, time: 0), (pn: 18446744073709551615, time: 0), (pn: 18446744073709551615, time: 0), (pn: 18446744073709551615, time: 0), (pn: 18446744073709551615, time: 0), (pn: 18446744073709551615, time: 0), (pn: 18446744073709551615, time: 0), (pn: 18446744073709551615, time: 0), (pn: 18446744073709551615, time: 0), (pn: 18446744073709551615, time: 0), (pn: 18446744073709551615, time: 0), (pn: 18446744073709551615, time: 0), (pn: 18446744073709551615, time: 0), (pn: 18446744073709551615, time: 0), (pn: 18446744073709551615, time: 0), (pn: 18446744073709551615, time: 0), (pn: 18446744073709551615, time: 0), (pn: 18446744073709551615, time: 0), (pn: 18446744073709551615, time: 0), (pn: 18446744073709551615, time: 0), (pn: 18446744073709551615, time: 0), (pn: 18446744073709551615, time: 0), (pn: 18446744073709551615, time: 0), (pn: 18446744073709551615, time: 0), (pn: 18446744073709551615, time: 0), (pn: 18446744073709551615, time: 0), (pn: 18446744073709551615, time: 0), (pn: 18446744073709551615, time: 0), (pn: 18446744073709551615, time: 0), (pn: 18446744073709551615, time: 0), (pn: 18446744073709551615, time: 0), (pn: 18446744073709551615, time: 0), (pn: 18446744073709551615, time: 0), (pn: 18446744073709551615, time: 0), (pn: 18446744073709551615, time: 0), (pn: 18446744073709551615, time: 0), (pn: 18446744073709551615, time: 0), (pn: 18446744073709551615, time: 0), (pn: 18446744073709551615, time: 0), (pn: 18446744073709551615, time: 0), (pn: 18446744073709551615, time: 0), (pn: 18446744073709551615, time: 0), (pn: 18446744073709551615, time: 0), (pn: 18446744073709551615, time: 0), (pn: 18446744073709551615, time: 0), (pn: 18446744073709551615, time: 0), (pn: 18446744073709551615, time: 0), (pn: 18446744073709551615, time: 0), (pn: 18446744073709551615, time: 0), (pn: 18446744073709551615, time: 0), (pn: 18446744073709551615, time: 0), (pn: 18446744073709551615, time: 0), (pn: 18446744073709551615, time: 0), (pn: 18446744073709551615, time: 0), (pn: 18446744073709551615, time: 0), (pn: 18446744073709551615, time: 0), (pn: 18446744073709551615, time: 0), (pn: 18446744073709551615, time: 0), (pn: 18446744073709551615, time: 0), (pn: 18446744073709551615, time: 0), (pn: 18446744073709551615, time: 0), (pn: 18446744073709551615, time: 0), (pn: 18446744073709551615, time: 0), (pn: 18446744073709551615, time: 0), (pn: 18446744073709551615, time: 0), (pn: 18446744073709551615, time: 0), (pn: 18446744073709551615, time: 0), (pn: 18446744073709551615, time: 0), (pn: 18446744073709551615, time: 0), (pn: 18446744073709551615, time: 0), (pn: 18446744073709551615, time: 0), (pn: 18446744073709551615, time: 0), (pn: 18446744073709551615, time: 0), (pn: 18446744073709551615, time: 0), (pn: 18446744073709551615, time: 0), (pn: 18446744073709551615, time: 0), (pn: 18446744073709551615, time: 0), (pn: 18446744073709551615, time: 0), (pn: 18446744073709551615, time: 0), (pn: 18446744073709551615, time: 0), (pn: 18446744073709551615, time: 0), (pn: 18446744073709551615, time: 0), (pn: 18446744073709551615, time: 0), (pn: 18446744073709551615, time: 0), (pn: 18446744073709551615, time: 0), (pn: 18446744073709551615, time: 0), (pn: 18446744073709551615, time: 0), (pn: 18446744073709551615, time: 0), (pn: 18446744073709551615, time: 0), (pn: 18446744073709551615, time: 0), (pn: 18446744073709551615, time: 0), (pn: 18446744073709551615, time: 0), (pn: 18446744073709551615, time: 0), (pn: 18446744073709551615, time: 0), (pn: 18446744073709551615, time: 0), (pn: 18446744073709551615, time: 0), (pn: 18446744073709551615, time: 0), (pn: 18446744073709551615, time: 0), (pn: 18446744073709551615, time: 0), (pn: 18446744073709551615, time: 0), (pn: 18446744073709551615, time: 0), (pn: 18446744073709551615, time: 0), (pn: 18446744073709551615, time: 0), (pn: 18446744073709551615, time: 0), (pn: 18446744073709551615, time: 0), (pn: 18446744073709551615, time: 0), (pn: 18446744073709551615, time: 0), (pn: 18446744073709551615, time: 0), (pn: 18446744073709551615, time: 0), (pn: 18446744073709551615, time: 0), (pn: 18446744073709551615, time: 0), (pn: 18446744073709551615, time: 0), (pn: 18446744073709551615, time: 0), (pn: 18446744073709551615, time: 0), (pn: 18446744073709551615, time: 0), (pn: 18446744073709551615, time: 0), (pn: 18446744073709551615, time: 0), (pn: 18446744073709551615, time: 0), (pn: 18446744073709551615, time: 0), (pn: 18446744073709551615, time: 0), (pn: 18446744073709551615, time: 0), (pn: 18446744073709551615, time: 0), (pn: 18446744073709551615, time: 0), (pn: 18446744073709551615, time: 0), (pn: 18446744073709551615, time: 0), (pn: 18446744073709551615, time: 0), (pn: 18446744073709551615, time: 0), (pn: 18446744073709551615, time: 0), (pn: 18446744073709551615, time: 0), (pn: 18446744073709551615, time: 0), (pn: 18446744073709551615, time: 0), (pn: 18446744073709551615, time: 0), (pn: 18446744073709551615, time: 0), (pn: 18446744073709551615, time: 0), (pn: 18446744073709551615, time: 0), (pn: 18446744073709551615, time: 0), (pn: 18446744073709551615, time: 0), (pn: 18446744073709551615, time: 0), (pn: 18446744073709551615, time: 0), (pn: 18446744073709551615, time: 0), (pn: 18446744073709551615, time: 0), (pn: 18446744073709551615, time: 0), (pn: 18446744073709551615, time: 0), (pn: 18446744073709551615, time: 0), (pn: 18446744073709551615, time: 0), (pn: 18446744073709551615, time: 0), (pn: 18446744073709551615, time: 0), (pn: 18446744073709551615, time: 0), (pn: 18446744073709551615, time: 0), (pn: 18446744073709551615, time: 0), (pn: 18446744073709551615, time: 0), (pn: 18446744073709551615, time: 0), (pn: 18446744073709551615, time: 0), (pn: 18446744073709551615, time: 0), (pn: 18446744073709551615, time: 0), (pn: 18446744073709551615, time: 0), (pn: 18446744073709551615, time: 0), (pn: 18446744073709551615, time: 0), (pn: 18446744073709551615, time: 0), (pn: 18446744073709551615, time: 0), (pn: 18446744073709551615, time: 0), (pn: 18446744073709551615, time: 0), (pn: 18446744073709551615, time: 0), (pn: 18446744073709551615, time: 0), (pn: 18446744073709551615, time: 0), (pn: 18446744073709551615, time: 0), (pn: 18446744073709551615, time: 0), (pn: 18446744073709551615, time: 0), (pn: 18446744073709551615, time: 0), (pn: 18446744073709551615, time: 0), (pn: 18446744073709551615, time: 0), (pn: 18446744073709551615, time: 0), (pn: 18446744073709551615, time: 0), (pn: 18446744073709551615, time: 0), (pn: 18446744073709551615, time: 0), (pn: 18446744073709551615, time: 0), (pn: 18446744073709551615, time: 0), (pn: 18446744073709551615, time: 0), (pn: 18446744073709551615, time: 0), (pn: 18446744073709551615, time: 0), (pn: 18446744073709551615, time: 0), (pn: 18446744073709551615, time: 0), (pn: 18446744073709551615, time: 0), (pn: 18446744073709551615, time: 0), (pn: 18446744073709551615, time: 0), (pn: 18446744073709551615, time: 0), (pn: 18446744073709551615, time: 0), (pn: 18446744073709551615, time: 0), (pn: 18446744073709551615, time: 0), (pn: 18446744073709551615, time: 0), (pn: 18446744073709551615, time: 0), (pn: 18446744073709551615, time: 0), (pn: 18446744073709551615, time: 0), (pn: 18446744073709551615, time: 0), (pn: 18446744073709551615, time: 0), (pn: 18446744073709551615, time: 0), (pn: 18446744073709551615, time: 0), (pn: 18446744073709551615, time: 0), (pn: 18446744073709551615, time: 0), (pn: 18446744073709551615, time: 0), (pn: 18446744073709551615, time: 0), (pn: 18446744073709551615, time: 0), (pn: 18446744073709551615, time: 0), (pn: 18446744073709551615, time: 0), (pn: 18446744073709551615, time: 0), (pn: 18446744073709551615, time: 0), (pn: 18446744073709551615, time: 0), (pn: 18446744073709551615, time: 0), (pn: 18446744073709551615, time: 0), (pn: 18446744073709551615, time: 0), (pn: 18446744073709551615, time: 0), (pn: 18446744073709551615, time: 0), (pn: 18446744073709551615, time: 0), (pn: 18446744073709551615, time: 0), (pn: 18446744073709551615, time: 0), (pn: 18446744073709551615, time: 0), (pn: 18446744073709551615, time: 0), (pn: 18446744073709551615, time: 0), (pn: 18446744073709551615, time: 0), (pn: 18446744073709551615, time: 0), (pn: 18446744073709551615, time: 0), (pn: 18446744073709551615, time: 0), (pn: 18446744073709551615, time: 0), (pn: 18446744073709551615, time: 0), (pn: 18446744073709551615, time: 0), (pn: 18446744073709551615, time: 0), (pn: 18446744073709551615, time: 0), (pn: 18446744073709551615, time: 0), (pn: 18446744073709551615, time: 0), (pn: 18446744073709551615, time: 0), (pn: 18446744073709551615, time: 0), (pn: 18446744073709551615, time: 0), (pn: 18446744073709551615, time: 0), (pn: 18446744073709551615, time: 0), (pn: 18446744073709551615, time: 0), (pn: 18446744073709551615, time: 0), (pn: 18446744073709551615, time: 0), (pn: 18446744073709551615, time: 0), (pn: 18446744073709551615, time: 0), (pn: 18446744073709551615, time: 0), (pn: 18446744073709551615, time: 0), (pn: 18446744073709551615, time: 0), (pn: 18446744073709551615, time: 0), (pn: 18446744073709551615, time: 0), (pn: 18446744073709551615, time: 0), (pn: 18446744073709551615, time: 0), (pn: 18446744073709551615, time: 0), (pn: 18446744073709551615, time: 0), (pn: 18446744073709551615, time: 0), (pn: 18446744073709551615, time: 0), (pn: 18446744073709551615, time: 0), (pn: 18446744073709551615, time: 0), (pn: 18446744073709551615, time: 0), (pn: 18446744073709551615, time: 0), (pn: 18446744073709551615, time: 0), (pn: 18446744073709551615, time: 0), (pn: 18446744073709551615, time: 0), (pn: 18446744073709551615, time: 0), (pn: 18446744073709551615, time: 0), (pn: 18446744073709551615, time: 0), (pn: 18446744073709551615, time: 0), (pn: 18446744073709551615, time: 0), (pn: 18446744073709551615, time: 0), (pn: 18446744073709551615, time: 0), (pn: 18446744073709551615, time: 0), (pn: 18446744073709551615, time: 0), (pn: 18446744073709551615, time: 0), (pn: 18446744073709551615, time: 0), (pn: 18446744073709551615, time: 0), (pn: 18446744073709551615, time: 0), (pn: 18446744073709551615, time: 0), (pn: 18446744073709551615, time: 0), (pn: 18446744073709551615, time: 0), (pn: 18446744073709551615, time: 0), (pn: 18446744073709551615, time: 0), (pn: 18446744073709551615, time: 0), (pn: 18446744073709551615, time: 0), (pn: 18446744073709551615, time: 0), (pn: 18446744073709551615, time: 0), (pn: 18446744073709551615, time: 0), (pn: 18446744073709551615, time: 0), (pn: 18446744073709551615, time: 0), (pn: 18446744073709551615, time: 0), (pn: 18446744073709551615, time: 0), (pn: 18446744073709551615, time: 0), (pn: 18446744073709551615, time: 0), (pn: 18446744073709551615, time: 0), (pn: 18446744073709551615, time: 0), (pn: 18446744073709551615, time: 0), (pn: 18446744073709551615, time: 0), (pn: 18446744073709551615, time: 0), (pn: 18446744073709551615, time: 0), (pn: 18446744073709551615, time: 0), (pn: 18446744073709551615, time: 0), (pn: 18446744073709551615, time: 0), (pn: 18446744073709551615, time: 0), (pn: 18446744073709551615, time: 0), (pn: 18446744073709551615, time: 0), (pn: 18446744073709551615, time: 0), (pn: 18446744073709551615, time: 0), (pn: 18446744073709551615, time: 0), (pn: 18446744073709551615, time: 0), (pn: 18446744073709551615, time: 0), (pn: 18446744073709551615, time: 0), (pn: 18446744073709551615, time: 0), (pn: 18446744073709551615, time: 0), (pn: 18446744073709551615, time: 0), (pn: 18446744073709551615, time: 0), (pn: 18446744073709551615, time: 0), (pn: 18446744073709551615, time: 0), (pn: 18446744073709551615, time: 0), (pn: 18446744073709551615, time: 0), (pn: 18446744073709551615, time: 0), (pn: 18446744073709551615, time: 0), (pn: 18446744073709551615, time: 0), (pn: 18446744073709551615, time: 0), (pn: 18446744073709551615, time: 0), (pn: 18446744073709551615, time: 0), (pn: 18446744073709551615, time: 0), (pn: 18446744073709551615, time: 0), (pn: 18446744073709551615, time: 0), (pn: 18446744073709551615, time: 0), (pn: 18446744073709551615, time: 0), (pn: 18446744073709551615, time: 0), (pn: 18446744073709551615, time: 0), (pn: 18446744073709551615, time: 0), (pn: 18446744073709551615, time: 0), (pn: 18446744073709551615, time: 0), (pn: 18446744073709551615, time: 0), (pn: 18446744073709551615, time: 0), (pn: 18446744073709551615, time: 0), (pn: 18446744073709551615, time: 0), (pn: 18446744073709551615, time: 0), (pn: 18446744073709551615, time: 0), (pn: 18446744073709551615, time: 0), (pn: 18446744073709551615, time: 0), (pn: 18446744073709551615, time: 0), (pn: 18446744073709551615, time: 0), (pn: 18446744073709551615, time: 0), (pn: 18446744073709551615, time: 0), (pn: 18446744073709551615, time: 0), (pn: 18446744073709551615, time: 0), (pn: 18446744073709551615, time: 0), (pn: 18446744073709551615, time: 0), (pn: 18446744073709551615, time: 0), (pn: 18446744073709551615, time: 0), (pn: 18446744073709551615, time: 0), (pn: 18446744073709551615, time: 0), (pn: 18446744073709551615, time: 0), (pn: 18446744073709551615, time: 0), (pn: 18446744073709551615, time: 0), (pn: 18446744073709551615, time: 0), (pn: 18446744073709551615, time: 0), (pn: 18446744073709551615, time: 0), (pn: 18446744073709551615, time: 0), (pn: 18446744073709551615, time: 0), (pn: 18446744073709551615, time: 0), (pn: 18446744073709551615, time: 0), (pn: 18446744073709551615, time: 0), (pn: 18446744073709551615, time: 0), (pn: 18446744073709551615, time: 0), (pn: 18446744073709551615, time: 0), (pn: 18446744073709551615, time: 0), (pn: 18446744073709551615, time: 0), (pn: 18446744073709551615, time: 0), (pn: 18446744073709551615, time: 0), (pn: 18446744073709551615, time: 0), (pn: 18446744073709551615, time: 0), (pn: 18446744073709551615, time: 0), (pn: 18446744073709551615, time: 0), (pn: 18446744073709551615, time: 0), (pn: 18446744073709551615, time: 0), (pn: 18446744073709551615, time: 0), (pn: 18446744073709551615, time: 0), (pn: 18446744073709551615, time: 0), (pn: 18446744073709551615, time: 0), (pn: 18446744073709551615, time: 0), (pn: 18446744073709551615, time: 0), (pn: 18446744073709551615, time: 0), (pn: 18446744073709551615, time: 0), (pn: 18446744073709551615, time: 0), (pn: 18446744073709551615, time: 0), (pn: 18446744073709551615, time: 0), (pn: 18446744073709551615, time: 0), (pn: 18446744073709551615, time: 0), (pn: 18446744073709551615, time: 0), (pn: 18446744073709551615, time: 0), (pn: 18446744073709551615, time: 0), (pn: 18446744073709551615, time: 0), (pn: 18446744073709551615, time: 0), (pn: 18446744073709551615, time: 0), (pn: 18446744073709551615, time: 0), (pn: 18446744073709551615, time: 0), (pn: 18446744073709551615, time: 0), (pn: 18446744073709551615, time: 0), (pn: 18446744073709551615, time: 0), (pn: 18446744073709551615, time: 0), (pn: 18446744073709551615, time: 0), (pn: 18446744073709551615, time: 0), (pn: 18446744073709551615, time: 0), (pn: 18446744073709551615, time: 0), (pn: 18446744073709551615, time: 0), (pn: 18446744073709551615, time: 0), (pn: 18446744073709551615, time: 0), (pn: 18446744073709551615, time: 0), (pn: 18446744073709551615, time: 0), (pn: 18446744073709551615, time: 0), (pn: 18446744073709551615, time: 0), (pn: 18446744073709551615, time: 0), (pn: 18446744073709551615, time: 0), (pn: 18446744073709551615, time: 0), (pn: 18446744073709551615, time: 0), (pn: 18446744073709551615, time: 0), (pn: 18446744073709551615, time: 0), (pn: 18446744073709551615, time: 0), (pn: 18446744073709551615, time: 0), (pn: 18446744073709551615, time: 0), (pn: 18446744073709551615, time: 0), (pn: 18446744073709551615, time: 0), (pn: 18446744073709551615, time: 0), (pn: 18446744073709551615, time: 0), (pn: 18446744073709551615, time: 0), (pn: 18446744073709551615, time: 0), (pn: 18446744073709551615, time: 0), (pn: 18446744073709551615, time: 0), (pn: 18446744073709551615, time: 0), (pn: 18446744073709551615, time: 0), (pn: 18446744073709551615, time: 0), (pn: 18446744073709551615, time: 0), (pn: 18446744073709551615, time: 0), (pn: 18446744073709551615, time: 0), (pn: 18446744073709551615, time: 0), (pn: 18446744073709551615, time: 0), (pn: 18446744073709551615, time: 0), (pn: 18446744073709551615, time: 0), (pn: 18446744073709551615, time: 0), (pn: 18446744073709551615, time: 0), (pn: 18446744073709551615, time: 0), (pn: 18446744073709551615, time: 0), (pn: 18446744073709551615, time: 0), (pn: 18446744073709551615, time: 0), (pn: 18446744073709551615, time: 0), (pn: 18446744073709551615, time: 0), (pn: 18446744073709551615, time: 0), (pn: 18446744073709551615, time: 0), (pn: 18446744073709551615, time: 0), (pn: 18446744073709551615, time: 0), (pn: 18446744073709551615, time: 0), (pn: 18446744073709551615, time: 0), (pn: 18446744073709551615, time: 0), (pn: 18446744073709551615, time: 0), (pn: 18446744073709551615, time: 0), (pn: 18446744073709551615, time: 0), (pn: 18446744073709551615, time: 0), (pn: 18446744073709551615, time: 0), (pn: 18446744073709551615, time: 0), (pn: 18446744073709551615, time: 0), (pn: 18446744073709551615, time: 0), (pn: 18446744073709551615, time: 0), (pn: 18446744073709551615, time: 0), (pn: 18446744073709551615, time: 0), (pn: 18446744073709551615, time: 0), (pn: 18446744073709551615, time: 0), (pn: 18446744073709551615, time: 0), (pn: 18446744073709551615, time: 0), (pn: 18446744073709551615, time: 0), (pn: 18446744073709551615, time: 0), (pn: 18446744073709551615, time: 0), (pn: 18446744073709551615, time: 0), (pn: 18446744073709551615, time: 0), (pn: 18446744073709551615, time: 0), (pn: 18446744073709551615, time: 0), (pn: 18446744073709551615, time: 0), (pn: 18446744073709551615, time: 0), (pn: 18446744073709551615, time: 0), (pn: 18446744073709551615, time: 0), (pn: 18446744073709551615, time: 0), (pn: 18446744073709551615, time: 0), (pn: 18446744073709551615, time: 0), (pn: 18446744073709551615, time: 0), (pn: 18446744073709551615, time: 0), (pn: 18446744073709551615, time: 0), (pn: 18446744073709551615, time: 0), (pn: 18446744073709551615, time: 0), (pn: 18446744073709551615, time: 0), (pn: 18446744073709551615, time: 0), (pn: 18446744073709551615, time: 0), (pn: 18446744073709551615, time: 0), (pn: 18446744073709551615, time: 0), (pn: 18446744073709551615, time: 0), (pn: 18446744073709551615, time: 0), (pn: 18446744073709551615, time: 0), (pn: 18446744073709551615, time: 0), (pn: 18446744073709551615, time: 0), (pn: 18446744073709551615, time: 0), (pn: 18446744073709551615, time: 0), (pn: 18446744073709551615, time: 0), (pn: 18446744073709551615, time: 0), (pn: 18446744073709551615, time: 0), (pn: 18446744073709551615, time: 0), (pn: 18446744073709551615, time: 0), (pn: 18446744073709551615, time: 0), (pn: 18446744073709551615, time: 0), (pn: 18446744073709551615, time: 0), (pn: 18446744073709551615, time: 0), (pn: 18446744073709551615, time: 0), (pn: 18446744073709551615, time: 0), (pn: 18446744073709551615, time: 0), (pn: 18446744073709551615, time: 0), (pn: 18446744073709551615, time: 0), (pn: 18446744073709551615, time: 0), (pn: 18446744073709551615, time: 0), (pn: 18446744073709551615, time: 0), (pn: 18446744073709551615, time: 0), (pn: 18446744073709551615, time: 0), (pn: 18446744073709551615, time: 0), (pn: 18446744073709551615, time: 0), (pn: 18446744073709551615, time: 0), (pn: 18446744073709551615, time: 0), (pn: 18446744073709551615, time: 0), (pn: 18446744073709551615, time: 0), (pn: 18446744073709551615, time: 0), (pn: 18446744073709551615, time: 0), (pn: 18446744073709551615, time: 0), (pn: 18446744073709551615, time: 0), (pn: 18446744073709551615, time: 0), (pn: 18446744073709551615, time: 0), (pn: 18446744073709551615, time: 0), (pn: 18446744073709551615, time: 0), (pn: 18446744073709551615, time: 0), (pn: 18446744073709551615, time: 0), (pn: 18446744073709551615, time: 0), (pn: 18446744073709551615, time: 0), (pn: 18446744073709551615, time: 0), (pn: 18446744073709551615, time: 0), (pn: 18446744073709551615, time: 0), (pn: 18446744073709551615, time: 0), (pn: 18446744073709551615, time: 0), (pn: 18446744073709551615, time: 0), (pn: 18446744073709551615, time: 0), (pn: 18446744073709551615, time: 0), (pn: 18446744073709551615, time: 0), (pn: 18446744073709551615, time: 0), (pn: 18446744073709551615, time: 0), (pn: 18446744073709551615, time: 0), (pn: 18446744073709551615, time: 0), (pn: 18446744073709551615, time: 0), (pn: 18446744073709551615, time: 0), (pn: 18446744073709551615, time: 0), (pn: 18446744073709551615, time: 0), (pn: 18446744073709551615, time: 0), (pn: 18446744073709551615, time: 0), (pn: 18446744073709551615, time: 0), (pn: 18446744073709551615, time: 0), (pn: 18446744073709551615, time: 0), (pn: 18446744073709551615, time: 0), (pn: 18446744073709551615, time: 0), (pn: 18446744073709551615, time: 0), (pn: 18446744073709551615, time: 0), (pn: 18446744073709551615, time: 0), (pn: 18446744073709551615, time: 0), (pn: 18446744073709551615, time: 0), (pn: 18446744073709551615, time: 0), (pn: 18446744073709551615, time: 0), (pn: 18446744073709551615, time: 0), (pn: 18446744073709551615, time: 0), (pn: 18446744073709551615, time: 0), (pn: 18446744073709551615, time: 0), (pn: 18446744073709551615, time: 0), (pn: 18446744073709551615, time: 0), (pn: 18446744073709551615, time: 0), (pn: 18446744073709551615, time: 0), (pn: 18446744073709551615, time: 0), (pn: 18446744073709551615, time: 0), (pn: 18446744073709551615, time: 0), (pn: 18446744073709551615, time: 0), (pn: 18446744073709551615, time: 0), (pn: 18446744073709551615, time: 0), (pn: 18446744073709551615, time: 0), (pn: 18446744073709551615, time: 0), (pn: 18446744073709551615, time: 0), (pn: 18446744073709551615, time: 0), (pn: 18446744073709551615, time: 0), (pn: 18446744073709551615, time: 0), (pn: 18446744073709551615, time: 0), (pn: 18446744073709551615, time: 0), (pn: 18446744073709551615, time: 0), (pn: 18446744073709551615, time: 0), (pn: 18446744073709551615, time: 0), (pn: 18446744073709551615, time: 0), (pn: 18446744073709551615, time: 0), (pn: 18446744073709551615, time: 0), (pn: 18446744073709551615, time: 0), (pn: 18446744073709551615, time: 0), (pn: 18446744073709551615, time: 0), (pn: 18446744073709551615, time: 0), (pn: 18446744073709551615, time: 0), (pn: 18446744073709551615, time: 0), (pn: 18446744073709551615, time: 0), (pn: 18446744073709551615, time: 0), (pn: 18446744073709551615, time: 0), (pn: 18446744073709551615, time: 0), (pn: 18446744073709551615, time: 0), (pn: 18446744073709551615, time: 0), (pn: 18446744073709551615, time: 0), (pn: 18446744073709551615, time: 0), (pn: 18446744073709551615, time: 0), (pn: 18446744073709551615, time: 0), (pn: 18446744073709551615, time: 0), (pn: 18446744073709551615, time: 0), (pn: 18446744073709551615, time: 0), (pn: 18446744073709551615, time: 0), (pn: 18446744073709551615, time: 0), (pn: 18446744073709551615, time: 0), (pn: 18446744073709551615, time: 0), (pn: 18446744073709551615, time: 0), (pn: 18446744073709551615, time: 0), (pn: 18446744073709551615, time: 0), (pn: 18446744073709551615, time: 0), (pn: 18446744073709551615, time: 0), (pn: 18446744073709551615, time: 0), (pn: 18446744073709551615, time: 0), (pn: 18446744073709551615, time: 0), (pn: 18446744073709551615, time: 0), (pn: 18446744073709551615, time: 0), (pn: 18446744073709551615, time: 0), (pn: 18446744073709551615, time: 0), (pn: 18446744073709551615, time: 0), (pn: 18446744073709551615, time: 0), (pn: 18446744073709551615, time: 0), (pn: 18446744073709551615, time: 0), (pn: 18446744073709551615, time: 0), (pn: 18446744073709551615, time: 0), (pn: 18446744073709551615, time: 0), (pn: 18446744073709551615, time: 0), (pn: 18446744073709551615, time: 0), (pn: 18446744073709551615, time: 0), (pn: 18446744073709551615, time: 0), (pn: 18446744073709551615, time: 0), (pn: 18446744073709551615, time: 0), (pn: 18446744073709551615, time: 0), (pn: 18446744073709551615, time: 0), (pn: 18446744073709551615, time: 0), (pn: 18446744073709551615, time: 0), (pn: 18446744073709551615, time: 0), (pn: 18446744073709551615, time: 0), (pn: 18446744073709551615, time: 0), (pn: 18446744073709551615, time: 0), (pn: 18446744073709551615, time: 0), (pn: 18446744073709551615, time: 0), (pn: 18446744073709551615, time: 0), (pn: 18446744073709551615, time: 0), (pn: 18446744073709551615, time: 0), (pn: 18446744073709551615, time: 0), (pn: 18446744073709551615, time: 0), (pn: 18446744073709551615, time: 0), (pn: 18446744073709551615, time: 0), (pn: 18446744073709551615, time: 0), (pn: 18446744073709551615, time: 0), (pn: 18446744073709551615, time: 0), (pn: 18446744073709551615, time: 0), (pn: 18446744073709551615, time: 0), (pn: 18446744073709551615, time: 0), (pn: 18446744073709551615, time: 0), (pn: 18446744073709551615, time: 0), (pn: 18446744073709551615, time: 0), (pn: 18446744073709551615, time: 0), (pn: 18446744073709551615, time: 0), (pn: 18446744073709551615, time: 0), (pn: 18446744073709551615, time: 0), (pn: 18446744073709551615, time: 0), (pn: 18446744073709551615, time: 0), (pn: 18446744073709551615, time: 0), (pn: 18446744073709551615, time: 0), (pn: 18446744073709551615, time: 0), (pn: 18446744073709551615, time: 0), (pn: 18446744073709551615, time: 0), (pn: 18446744073709551615, time: 0), (pn: 18446744073709551615, time: 0), (pn: 18446744073709551615, time: 0), (pn: 18446744073709551615, time: 0), (pn: 18446744073709551615, time: 0), (pn: 18446744073709551615, time: 0), (pn: 18446744073709551615, time: 0), (pn: 18446744073709551615, time: 0), (pn: 18446744073709551615, time: 0), (pn: 18446744073709551615, time: 0), (pn: 18446744073709551615, time: 0), (pn: 18446744073709551615, time: 0), (pn: 18446744073709551615, time: 0), (pn: 18446744073709551615, time: 0), (pn: 18446744073709551615, time: 0), (pn: 18446744073709551615, time: 0), (pn: 18446744073709551615, time: 0), (pn: 18446744073709551615, time: 0), (pn: 18446744073709551615, time: 0), (pn: 18446744073709551615, time: 0), (pn: 18446744073709551615, time: 0), (pn: 18446744073709551615, time: 0), (pn: 18446744073709551615, time: 0), (pn: 18446744073709551615, time: 0), (pn: 18446744073709551615, time: 0), (pn: 18446744073709551615, time: 0), (pn: 18446744073709551615, time: 0), (pn: 18446744073709551615, time: 0), (pn: 18446744073709551615, time: 0), (pn: 18446744073709551615, time: 0), (pn: 18446744073709551615, time: 0), (pn: 18446744073709551615, time: 0), (pn: 18446744073709551615, time: 0), (pn: 18446744073709551615, time: 0), (pn: 18446744073709551615, time: 0), (pn: 18446744073709551615, time: 0), (pn: 18446744073709551615, time: 0), (pn: 18446744073709551615, time: 0), (pn: 18446744073709551615, time: 0), (pn: 18446744073709551615, time: 0), (pn: 18446744073709551615, time: 0), (pn: 18446744073709551615, time: 0), (pn: 18446744073709551615, time: 0), (pn: 18446744073709551615, time: 0), (pn: 18446744073709551615, time: 0), (pn: 18446744073709551615, time: 0), (pn: 18446744073709551615, time: 0), (pn: 18446744073709551615, time: 0), (pn: 18446744073709551615, time: 0), (pn: 18446744073709551615, time: 0), (pn: 18446744073709551615, time: 0), (pn: 18446744073709551615, time: 0), (pn: 18446744073709551615, time: 0), (pn: 18446744073709551615, time: 0), (pn: 18446744073709551615, time: 0), (pn: 18446744073709551615, time: 0), (pn: 18446744073709551615, time: 0), (pn: 18446744073709551615, time: 0), (pn: 18446744073709551615, time: 0), (pn: 18446744073709551615, time: 0), (pn: 18446744073709551615, time: 0), (pn: 18446744073709551615, time: 0), (pn: 18446744073709551615, time: 0), (pn: 18446744073709551615, time: 0), (pn: 18446744073709551615, time: 0), (pn: 18446744073709551615, time: 0), (pn: 18446744073709551615, time: 0), (pn: 18446744073709551615, time: 0), (pn: 18446744073709551615, time: 0), (pn: 18446744073709551615, time: 0), (pn: 18446744073709551615, time: 0), (pn: 18446744073709551615, time: 0), (pn: 18446744073709551615, time: 0), (pn: 18446744073709551615, time: 0), (pn: 18446744073709551615, time: 0), (pn: 18446744073709551615, time: 0), (pn: 18446744073709551615, time: 0), (pn: 18446744073709551615, time: 0), (pn: 18446744073709551615, time: 0), (pn: 18446744073709551615, time: 0), (pn: 18446744073709551615, time: 0), (pn: 18446744073709551615, time: 0), (pn: 18446744073709551615, time: 0), (pn: 18446744073709551615, time: 0), (pn: 18446744073709551615, time: 0), (pn: 18446744073709551615, time: 0), (pn: 18446744073709551615, time: 0), (pn: 18446744073709551615, time: 0), (pn: 18446744073709551615, time: 0), (pn: 18446744073709551615, time: 0), (pn: 18446744073709551615, time: 0), (pn: 18446744073709551615, time: 0), (pn: 18446744073709551615, time: 0), (pn: 18446744073709551615, time: 0), (pn: 18446744073709551615, time: 0), (pn: 18446744073709551615, time: 0), (pn: 18446744073709551615, time: 0), (pn: 18446744073709551615, time: 0), (pn: 18446744073709551615, time: 0), (pn: 18446744073709551615, time: 0), (pn: 18446744073709551615, time: 0), (pn: 18446744073709551615, time: 0), (pn: 18446744073709551615, time: 0), (pn: 18446744073709551615, time: 0), (pn: 18446744073709551615, time: 0), (pn: 18446744073709551615, time: 0), (pn: 18446744073709551615, time: 0), (pn: 18446744073709551615, time: 0), (pn: 18446744073709551615, time: 0), (pn: 18446744073709551615, time: 0), (pn: 18446744073709551615, time: 0), (pn: 18446744073709551615, time: 0), (pn: 18446744073709551615, time: 0), (pn: 18446744073709551615, time: 0), (pn: 18446744073709551615, time: 0), (pn: 18446744073709551615, time: 0), (pn: 18446744073709551615, time: 0), (pn: 18446744073709551615, time: 0), (pn: 18446744073709551615, time: 0), (pn: 18446744073709551615, time: 0), (pn: 18446744073709551615, time: 0), (pn: 18446744073709551615, time: 0), (pn: 18446744073709551615, time: 0), (pn: 18446744073709551615, time: 0), (pn: 18446744073709551615, time: 0), (pn: 18446744073709551615, time: 0), (pn: 18446744073709551615, time: 0), (pn: 18446744073709551615, time: 0), (pn: 18446744073709551615, time: 0), (pn: 18446744073709551615, time: 0), (pn: 18446744073709551615, time: 0), (pn: 18446744073709551615, time: 0), (pn: 18446744073709551615, time: 0), (pn: 18446744073709551615, time: 0), (pn: 18446744073709551615, time: 0), (pn: 18446744073709551615, time: 0), (pn: 18446744073709551615, time: 0), (pn: 18446744073709551615, time: 0), (pn: 18446744073709551615, time: 0), (pn: 18446744073709551615, time: 0), (pn: 18446744073709551615, time: 0), (pn: 18446744073709551615, time: 0), (pn: 18446744073709551615, time: 0), (pn: 18446744073709551615, time: 0), (pn: 18446744073709551615, time: 0), (pn: 18446744073709551615, time: 0), (pn: 18446744073709551615, time: 0), (pn: 18446744073709551615, time: 0), (pn: 18446744073709551615, time: 0), (pn: 18446744073709551615, time: 0), (pn: 18446744073709551615, time: 0), (pn: 18446744073709551615, time: 0), (pn: 18446744073709551615, time: 0), (pn: 18446744073709551615, time: 0), (pn: 18446744073709551615, time: 0), (pn: 18446744073709551615, time: 0), (pn: 18446744073709551615, time: 0), (pn: 18446744073709551615, time: 0), (pn: 18446744073709551615, time: 0), (pn: 18446744073709551615, time: 0), (pn: 18446744073709551615, time: 0), (pn: 18446744073709551615, time: 0), (pn: 18446744073709551615, time: 0), (pn: 18446744073709551615, time: 0), (pn: 18446744073709551615, time: 0), (pn: 18446744073709551615, time: 0), (pn: 18446744073709551615, time: 0), (pn: 18446744073709551615, time: 0), (pn: 18446744073709551615, time: 0), (pn: 18446744073709551615, time: 0), (pn: 18446744073709551615, time: 0), (pn: 18446744073709551615, time: 0), (pn: 18446744073709551615, time: 0), (pn: 18446744073709551615, time: 0), (pn: 18446744073709551615, time: 0), (pn: 18446744073709551615, time: 0), (pn: 18446744073709551615, time: 0), (pn: 18446744073709551615, time: 0), (pn: 18446744073709551615, time: 0), (pn: 18446744073709551615, time: 0), (pn: 18446744073709551615, time: 0), (pn: 18446744073709551615, time: 0), (pn: 18446744073709551615, time: 0), (pn: 18446744073709551615, time: 0), (pn: 18446744073709551615, time: 0), (pn: 18446744073709551615, time: 0), (pn: 18446744073709551615, time: 0), (pn: 18446744073709551615, time: 0), (pn: 18446744073709551615, time: 0), (pn: 18446744073709551615, time: 0), (pn: 18446744073709551615, time: 0), (pn: 18446744073709551615, time: 0), (pn: 18446744073709551615, time: 0), (pn: 18446744073709551615, time: 0), (pn: 18446744073709551615, time: 0), (pn: 18446744073709551615, time: 0), (pn: 18446744073709551615, time: 0), (pn: 18446744073709551615, time: 0), (pn: 18446744073709551615, time: 0), (pn: 18446744073709551615, time: 0), (pn: 18446744073709551615, time: 0), (pn: 18446744073709551615, time: 0), (pn: 18446744073709551615, time: 0), (pn: 18446744073709551615, time: 0), (pn: 18446744073709551615, time: 0), (pn: 18446744073709551615, time: 0), (pn: 18446744073709551615, time: 0), (pn: 18446744073709551615, time: 0), (pn: 18446744073709551615, time: 0), (pn: 18446744073709551615, time: 0), (pn: 18446744073709551615, time: 0), (pn: 18446744073709551615, time: 0), (pn: 18446744073709551615, time: 0), (pn: 18446744073709551615, time: 0), (pn: 18446744073709551615, time: 0), (pn: 18446744073709551615, time: 0), (pn: 18446744073709551615, time: 0), (pn: 18446744073709551615, time: 0), (pn: 18446744073709551615, time: 0), (pn: 18446744073709551615, time: 0), (pn: 18446744073709551615, time: 0), (pn: 18446744073709551615, time: 0), (pn: 18446744073709551615, time: 0), (pn: 18446744073709551615, time: 0), (pn: 18446744073709551615, time: 0), (pn: 18446744073709551615, time: 0), (pn: 18446744073709551615, time: 0), (pn: 18446744073709551615, time: 0), (pn: 18446744073709551615, time: 0), (pn: 18446744073709551615, time: 0), (pn: 18446744073709551615, time: 0), (pn: 18446744073709551615, time: 0), (pn: 18446744073709551615, time: 0), (pn: 18446744073709551615, time: 0), (pn: 18446744073709551615, time: 0), (pn: 18446744073709551615, time: 0), (pn: 18446744073709551615, time: 0), (pn: 18446744073709551615, time: 0), (pn: 18446744073709551615, time: 0), (pn: 18446744073709551615, time: 0), (pn: 18446744073709551615, time: 0), (pn: 18446744073709551615, time: 0), (pn: 18446744073709551615, time: 0), (pn: 18446744073709551615, time: 0), (pn: 18446744073709551615, time: 0), (pn: 18446744073709551615, time: 0), (pn: 18446744073709551615, time: 0), (pn: 18446744073709551615, time: 0), (pn: 18446744073709551615, time: 0), (pn: 18446744073709551615, time: 0), (pn: 18446744073709551615, time: 0), (pn: 18446744073709551615, time: 0), (pn: 18446744073709551615, time: 0), (pn: 18446744073709551615, time: 0), (pn: 18446744073709551615, time: 0), (pn: 18446744073709551615, time: 0), (pn: 18446744073709551615, time: 0), (pn: 18446744073709551615, time: 0), (pn: 18446744073709551615, time: 0), (pn: 18446744073709551615, time: 0), (pn: 18446744073709551615, time: 0), (pn: 18446744073709551615, time: 0), (pn: 18446744073709551615, time: 0), (pn: 18446744073709551615, time: 0), (pn: 18446744073709551615, time: 0), (pn: 18446744073709551615, time: 0), (pn: 18446744073709551615, time: 0), (pn: 18446744073709551615, time: 0), (pn: 18446744073709551615, time: 0), (pn: 18446744073709551615, time: 0), (pn: 18446744073709551615, time: 0), (pn: 18446744073709551615, time: 0), (pn: 18446744073709551615, time: 0), (pn: 18446744073709551615, time: 0), (pn: 18446744073709551615, time: 0), (pn: 18446744073709551615, time: 0), (pn: 18446744073709551615, time: 0), (pn: 18446744073709551615, time: 0), (pn: 18446744073709551615, time: 0), (pn: 18446744073709551615, time: 0), (pn: 18446744073709551615, time: 0), (pn: 18446744073709551615, time: 0), (pn: 18446744073709551615, time: 0), (pn: 18446744073709551615, time: 0), (pn: 18446744073709551615, time: 0), (pn: 18446744073709551615, time: 0), (pn: 18446744073709551615, time: 0), (pn: 18446744073709551615, time: 0), (pn: 18446744073709551615, time: 0), (pn: 18446744073709551615, time: 0), (pn: 18446744073709551615, time: 0), (pn: 18446744073709551615, time: 0), (pn: 18446744073709551615, time: 0), (pn: 18446744073709551615, time: 0), (pn: 18446744073709551615, time: 0), (pn: 18446744073709551615, time: 0), (pn: 18446744073709551615, time: 0), (pn: 18446744073709551615, time: 0), (pn: 18446744073709551615, time: 0), (pn: 18446744073709551615, time: 0), (pn: 18446744073709551615, time: 0), (pn: 18446744073709551615, time: 0), (pn: 18446744073709551615, time: 0), (pn: 18446744073709551615, time: 0), (pn: 18446744073709551615, time: 0), (pn: 18446744073709551615, time: 0), (pn: 18446744073709551615, time: 0), (pn: 18446744073709551615, time: 0), (pn: 18446744073709551615, time: 0), (pn: 18446744073709551615, time: 0), (pn: 18446744073709551615, time: 0), (pn: 18446744073709551615, time: 0), (pn: 18446744073709551615, time: 0), (pn: 18446744073709551615, time: 0), (pn: 18446744073709551615, time: 0), (pn: 18446744073709551615, time: 0), (pn: 18446744073709551615, time: 0), (pn: 18446744073709551615, time: 0), (pn: 18446744073709551615, time: 0), (pn: 18446744073709551615, time: 0), (pn: 18446744073709551615, time: 0), (pn: 18446744073709551615, time: 0), (pn: 18446744073709551615, time: 0), (pn: 18446744073709551615, time: 0), (pn: 18446744073709551615, time: 0), (pn: 18446744073709551615, time: 0), (pn: 18446744073709551615, time: 0), (pn: 18446744073709551615, time: 0), (pn: 18446744073709551615, time: 0), (pn: 18446744073709551615, time: 0), (pn: 18446744073709551615, time: 0), (pn: 18446744073709551615, time: 0), (pn: 18446744073709551615, time: 0), (pn: 18446744073709551615, time: 0), (pn: 18446744073709551615, time: 0), (pn: 18446744073709551615, time: 0), (pn: 18446744073709551615, time: 0), (pn: 18446744073709551615, time: 0), (pn: 18446744073709551615, time: 0), (pn: 18446744073709551615, time: 0), (pn: 18446744073709551615, time: 0), (pn: 18446744073709551615, time: 0), (pn: 18446744073709551615, time: 0), (pn: 18446744073709551615, time: 0), (pn: 18446744073709551615, time: 0), (pn: 18446744073709551615, time: 0), (pn: 18446744073709551615, time: 0), (pn: 18446744073709551615, time: 0), (pn: 18446744073709551615, time: 0), (pn: 18446744073709551615, time: 0), (pn: 18446744073709551615, time: 0), (pn: 18446744073709551615, time: 0), (pn: 18446744073709551615, time: 0), (pn: 18446744073709551615, time: 0), (pn: 18446744073709551615, time: 0), (pn: 18446744073709551615, time: 0), (pn: 18446744073709551615, time: 0), (pn: 18446744073709551615, time: 0), (pn: 18446744073709551615, time: 0), (pn: 18446744073709551615, time: 0), (pn: 18446744073709551615, time: 0), (pn: 18446744073709551615, time: 0), (pn: 18446744073709551615, time: 0), (pn: 18446744073709551615, time: 0), (pn: 18446744073709551615, time: 0), (pn: 18446744073709551615, time: 0), (pn: 18446744073709551615, time: 0), (pn: 18446744073709551615, time: 0), (pn: 18446744073709551615, time: 0), (pn: 18446744073709551615, time: 0), (pn: 18446744073709551615, time: 0), (pn: 18446744073709551615, time: 0), (pn: 18446744073709551615, time: 0), (pn: 18446744073709551615, time: 0), (pn: 18446744073709551615, time: 0), (pn: 18446744073709551615, time: 0), (pn: 18446744073709551615, time: 0), (pn: 18446744073709551615, time: 0), (pn: 18446744073709551615, time: 0), (pn: 18446744073709551615, time: 0), (pn: 18446744073709551615, time: 0), (pn: 18446744073709551615, time: 0), (pn: 18446744073709551615, time: 0), (pn: 18446744073709551615, time: 0), (pn: 18446744073709551615, time: 0), (pn: 18446744073709551615, time: 0), (pn: 18446744073709551615, time: 0), (pn: 18446744073709551615, time: 0), (pn: 18446744073709551615, time: 0), (pn: 18446744073709551615, time: 0), (pn: 18446744073709551615, time: 0), (pn: 18446744073709551615, time: 0), (pn: 18446744073709551615, time: 0), (pn: 18446744073709551615, time: 0), (pn: 18446744073709551615, time: 0), (pn: 18446744073709551615, time: 0), (pn: 18446744073709551615, time: 0), (pn: 18446744073709551615, time: 0), (pn: 18446744073709551615, time: 0), (pn: 18446744073709551615, time: 0), (pn: 18446744073709551615, time: 0), (pn: 18446744073709551615, time: 0), (pn: 18446744073709551615, time: 0), (pn: 18446744073709551615, time: 0), (pn: 18446744073709551615, time: 0), (pn: 18446744073709551615, time: 0), (pn: 18446744073709551615, time: 0), (pn: 18446744073709551615, time: 0), (pn: 18446744073709551615, time: 0), (pn: 18446744073709551615, time: 0), (pn: 18446744073709551615, time: 0), (pn: 18446744073709551615, time: 0), (pn: 18446744073709551615, time: 0), (pn: 18446744073709551615, time: 0), (pn: 18446744073709551615, time: 0), (pn: 18446744073709551615, time: 0), (pn: 18446744073709551615, time: 0), (pn: 18446744073709551615, time: 0), (pn: 18446744073709551615, time: 0), (pn: 18446744073709551615, time: 0), (pn: 18446744073709551615, time: 0), (pn: 18446744073709551615, time: 0), (pn: 18446744073709551615, time: 0), (pn: 18446744073709551615, time: 0), (pn: 18446744073709551615, time: 0), (pn: 18446744073709551615, time: 0), (pn: 18446744073709551615, time: 0), (pn: 18446744073709551615, time: 0), (pn: 18446744073709551615, time: 0), (pn: 18446744073709551615, time: 0), (pn: 18446744073709551615, time: 0), (pn: 18446744073709551615, time: 0), (pn: 18446744073709551615, time: 0), (pn: 18446744073709551615, time: 0), (pn: 18446744073709551615, time: 0), (pn: 18446744073709551615, time: 0), (pn: 18446744073709551615, time: 0), (pn: 18446744073709551615, time: 0), (pn: 18446744073709551615, time: 0), (pn: 18446744073709551615, time: 0), (pn: 18446744073709551615, time: 0), (pn: 18446744073709551615, time: 0), (pn: 18446744073709551615, time: 0), (pn: 18446744073709551615, time: 0), (pn: 18446744073709551615, time: 0), (pn: 18446744073709551615, time: 0), (pn: 18446744073709551615, time: 0), (pn: 18446744073709551615, time: 0), (pn: 18446744073709551615, time: 0), (pn: 18446744073709551615, time: 0), (pn: 18446744073709551615, time: 0), (pn: 18446744073709551615, time: 0), (pn: 18446744073709551615, time: 0), (pn: 18446744073709551615, time: 0), (pn: 18446744073709551615, time: 0), (pn: 18446744073709551615, time: 0), (pn: 18446744073709551615, time: 0), (pn: 18446744073709551615, time: 0), (pn: 18446744073709551615, time: 0), (pn: 18446744073709551615, time: 0), (pn: 18446744073709551615, time: 0), (pn: 18446744073709551615, time: 0), (pn: 18446744073709551615, time: 0), (pn: 18446744073709551615, time: 0), (pn: 18446744073709551615, time: 0), (pn: 18446744073709551615, time: 0), (pn: 18446744073709551615, time: 0), (pn: 18446744073709551615, time: 0), (pn: 18446744073709551615, time: 0), (pn: 18446744073709551615, time: 0), (pn: 18446744073709551615, time: 0), (pn: 18446744073709551615, time: 0), (pn: 18446744073709551615, time: 0), (pn: 18446744073709551615, time: 0), (pn: 18446744073709551615, time: 0), (pn: 18446744073709551615, time: 0), (pn: 18446744073709551615, time: 0), (pn: 18446744073709551615, time: 0), (pn: 18446744073709551615, time: 0), (pn: 18446744073709551615, time: 0), (pn: 18446744073709551615, time: 0), (pn: 18446744073709551615, time: 0), (pn: 18446744073709551615, time: 0), (pn: 18446744073709551615, time: 0), (pn: 18446744073709551615, time: 0), (pn: 18446744073709551615, time: 0), (pn: 18446744073709551615, time: 0), (pn: 18446744073709551615, time: 0), (pn: 18446744073709551615, time: 0), (pn: 18446744073709551615, time: 0), (pn: 18446744073709551615, time: 0), (pn: 18446744073709551615, time: 0), (pn: 18446744073709551615, time: 0), (pn: 18446744073709551615, time: 0), (pn: 18446744073709551615, time: 0), (pn: 18446744073709551615, time: 0), (pn: 18446744073709551615, time: 0), (pn: 18446744073709551615, time: 0), (pn: 18446744073709551615, time: 0), (pn: 18446744073709551615, time: 0), (pn: 18446744073709551615, time: 0), (pn: 18446744073709551615, time: 0), (pn: 18446744073709551615, time: 0), (pn: 18446744073709551615, time: 0), (pn: 18446744073709551615, time: 0), (pn: 18446744073709551615, time: 0), (pn: 18446744073709551615, time: 0), (pn: 18446744073709551615, time: 0), (pn: 18446744073709551615, time: 0), (pn: 18446744073709551615, time: 0), (pn: 18446744073709551615, time: 0), (pn: 18446744073709551615, time: 0), (pn: 18446744073709551615, time: 0), (pn: 18446744073709551615, time: 0), (pn: 18446744073709551615, time: 0), (pn: 18446744073709551615, time: 0), (pn: 18446744073709551615, time: 0), (pn: 18446744073709551615, time: 0), (pn: 18446744073709551615, time: 0), (pn: 18446744073709551615, time: 0), (pn: 18446744073709551615, time: 0), (pn: 18446744073709551615, time: 0), (pn: 18446744073709551615, time: 0), (pn: 18446744073709551615, time: 0), (pn: 18446744073709551615, time: 0), (pn: 18446744073709551615, time: 0), (pn: 18446744073709551615, time: 0), (pn: 18446744073709551615, time: 0), (pn: 18446744073709551615, time: 0), (pn: 18446744073709551615, time: 0), (pn: 18446744073709551615, time: 0), (pn: 18446744073709551615, time: 0), (pn: 18446744073709551615, time: 0), (pn: 18446744073709551615, time: 0), (pn: 18446744073709551615, time: 0), (pn: 18446744073709551615, time: 0), (pn: 18446744073709551615, time: 0), (pn: 18446744073709551615, time: 0), (pn: 18446744073709551615, time: 0), (pn: 18446744073709551615, time: 0), (pn: 18446744073709551615, time: 0), (pn: 18446744073709551615, time: 0), (pn: 18446744073709551615, time: 0), (pn: 18446744073709551615, time: 0), (pn: 18446744073709551615, time: 0), (pn: 18446744073709551615, time: 0), (pn: 18446744073709551615, time: 0), (pn: 18446744073709551615, time: 0), (pn: 18446744073709551615, time: 0), (pn: 18446744073709551615, time: 0), (pn: 18446744073709551615, time: 0), (pn: 18446744073709551615, time: 0), (pn: 18446744073709551615, time: 0), (pn: 18446744073709551615, time: 0), (pn: 18446744073709551615, time: 0), (pn: 18446744073709551615, time: 0), (pn: 18446744073709551615, time: 0), (pn: 18446744073709551615, time: 0), (pn: 18446744073709551615, time: 0), (pn: 18446744073709551615, time: 0), (pn: 18446744073709551615, time: 0), (pn: 18446744073709551615, time: 0), (pn: 18446744073709551615, time: 0), (pn: 18446744073709551615, time: 0), (pn: 18446744073709551615, time: 0), (pn: 18446744073709551615, time: 0), (pn: 18446744073709551615, time: 0), (pn: 18446744073709551615, time: 0), (pn: 18446744073709551615, time: 0), (pn: 18446744073709551615, time: 0), (pn: 18446744073709551615, time: 0), (pn: 18446744073709551615, time: 0), (pn: 18446744073709551615, time: 0), (pn: 18446744073709551615, time: 0), (pn: 18446744073709551615, time: 0), (pn: 18446744073709551615, time: 0), (pn: 18446744073709551615, time: 0), (pn: 18446744073709551615, time: 0), (pn: 18446744073709551615, time: 0), (pn: 18446744073709551615, time: 0), (pn: 18446744073709551615, time: 0), (pn: 18446744073709551615, time: 0), (pn: 18446744073709551615, time: 0), (pn: 18446744073709551615, time: 0), (pn: 18446744073709551615, time: 0), (pn: 18446744073709551615, time: 0), (pn: 18446744073709551615, time: 0), (pn: 18446744073709551615, time: 0), (pn: 18446744073709551615, time: 0), (pn: 18446744073709551615, time: 0), (pn: 18446744073709551615, time: 0), (pn: 18446744073709551615, time: 0), (pn: 18446744073709551615, time: 0), (pn: 18446744073709551615, time: 0), (pn: 18446744073709551615, time: 0), (pn: 18446744073709551615, time: 0), (pn: 18446744073709551615, time: 0), (pn: 18446744073709551615, time: 0), (pn: 18446744073709551615, time: 0), (pn: 18446744073709551615, time: 0), (pn: 18446744073709551615, time: 0), (pn: 18446744073709551615, time: 0), (pn: 18446744073709551615, time: 0), (pn: 18446744073709551615, time: 0), (pn: 18446744073709551615, time: 0), (pn: 18446744073709551615, time: 0), (pn: 18446744073709551615, time: 0), (pn: 18446744073709551615, time: 0), (pn: 18446744073709551615, time: 0), (pn: 18446744073709551615, time: 0), (pn: 18446744073709551615, time: 0), (pn: 18446744073709551615, time: 0), (pn: 18446744073709551615, time: 0), (pn: 18446744073709551615, time: 0), (pn: 18446744073709551615, time: 0), (pn: 18446744073709551615, time: 0), (pn: 18446744073709551615, time: 0), (pn: 18446744073709551615, time: 0), (pn: 18446744073709551615, time: 0), (pn: 18446744073709551615, time: 0), (pn: 18446744073709551615, time: 0), (pn: 18446744073709551615, time: 0), (pn: 18446744073709551615, time: 0), (pn: 18446744073709551615, time: 0), (pn: 18446744073709551615, time: 0), (pn: 18446744073709551615, time: 0), (pn: 18446744073709551615, time: 0), (pn: 18446744073709551615, time: 0), (pn: 18446744073709551615, time: 0), (pn: 18446744073709551615, time: 0), (pn: 18446744073709551615, time: 0), (pn: 18446744073709551615, time: 0), (pn: 18446744073709551615, time: 0), (pn: 18446744073709551615, time: 0), (pn: 18446744073709551615, time: 0), (pn: 18446744073709551615, time: 0), (pn: 18446744073709551615, time: 0), (pn: 18446744073709551615, time: 0), (pn: 18446744073709551615, time: 0), (pn: 18446744073709551615, time: 0), (pn: 18446744073709551615, time: 0), (pn: 18446744073709551615, time: 0), (pn: 18446744073709551615, time: 0), (pn: 18446744073709551615, time: 0), (pn: 18446744073709551615, time: 0), (pn: 18446744073709551615, time: 0), (pn: 18446744073709551615, time: 0), (pn: 18446744073709551615, time: 0), (pn: 18446744073709551615, time: 0), (pn: 18446744073709551615, time: 0), (pn: 18446744073709551615, time: 0), (pn: 18446744073709551615, time: 0), (pn: 18446744073709551615, time: 0), (pn: 18446744073709551615, time: 0), (pn: 18446744073709551615, time: 0), (pn: 18446744073709551615, time: 0), (pn: 18446744073709551615, time: 0), (pn: 18446744073709551615, time: 0), (pn: 18446744073709551615, time: 0), (pn: 18446744073709551615, time: 0), (pn: 18446744073709551615, time: 0), (pn: 18446744073709551615, time: 0), (pn: 18446744073709551615, time: 0), (pn: 18446744073709551615, time: 0), (pn: 18446744073709551615, time: 0), (pn: 18446744073709551615, time: 0), (pn: 18446744073709551615, time: 0), (pn: 18446744073709551615, time: 0), (pn: 18446744073709551615, time: 0), (pn: 18446744073709551615, time: 0), (pn: 18446744073709551615, time: 0), (pn: 18446744073709551615, time: 0), (pn: 18446744073709551615, time: 0), (pn: 18446744073709551615, time: 0), (pn: 18446744073709551615, time: 0), (pn: 18446744073709551615, time: 0), (pn: 18446744073709551615, time: 0), (pn: 18446744073709551615, time: 0), (pn: 18446744073709551615, time: 0), (pn: 18446744073709551615, time: 0), (pn: 18446744073709551615, time: 0), (pn: 18446744073709551615, time: 0), (pn: 18446744073709551615, time: 0), (pn: 18446744073709551615, time: 0), (pn: 18446744073709551615, time: 0), (pn: 18446744073709551615, time: 0), (pn: 18446744073709551615, time: 0), (pn: 18446744073709551615, time: 0), (pn: 18446744073709551615, time: 0), (pn: 18446744073709551615, time: 0), (pn: 18446744073709551615, time: 0), (pn: 18446744073709551615, time: 0), (pn: 18446744073709551615, time: 0), (pn: 18446744073709551615, time: 0), (pn: 18446744073709551615, time: 0), (pn: 18446744073709551615, time: 0), (pn: 18446744073709551615, time: 0), (pn: 18446744073709551615, time: 0), (pn: 18446744073709551615, time: 0), (pn: 18446744073709551615, time: 0), (pn: 18446744073709551615, time: 0), (pn: 18446744073709551615, time: 0), (pn: 18446744073709551615, time: 0), (pn: 18446744073709551615, time: 0), (pn: 18446744073709551615, time: 0), (pn: 18446744073709551615, time: 0), (pn: 18446744073709551615, time: 0), (pn: 18446744073709551615, time: 0), (pn: 18446744073709551615, time: 0), (pn: 18446744073709551615, time: 0), (pn: 18446744073709551615, time: 0), (pn: 18446744073709551615, time: 0), (pn: 18446744073709551615, time: 0), (pn: 18446744073709551615, time: 0), (pn: 18446744073709551615, time: 0), (pn: 18446744073709551615, time: 0), (pn: 18446744073709551615, time: 0), (pn: 18446744073709551615, time: 0), (pn: 18446744073709551615, time: 0), (pn: 18446744073709551615, time: 0), (pn: 18446744073709551615, time: 0), (pn: 18446744073709551615, time: 0), (pn: 18446744073709551615, time: 0), (pn: 18446744073709551615, time: 0), (pn: 18446744073709551615, time: 0), (pn: 18446744073709551615, time: 0), (pn: 18446744073709551615, time: 0), (pn: 18446744073709551615, time: 0), (pn: 18446744073709551615, time: 0), (pn: 18446744073709551615, time: 0), (pn: 18446744073709551615, time: 0), (pn: 18446744073709551615, time: 0), (pn: 18446744073709551615, time: 0), (pn: 18446744073709551615, time: 0), (pn: 18446744073709551615, time: 0), (pn: 18446744073709551615, time: 0), (pn: 18446744073709551615, time: 0), (pn: 18446744073709551615, time: 0), (pn: 18446744073709551615, time: 0), (pn: 18446744073709551615, time: 0), (pn: 18446744073709551615, time: 0), (pn: 18446744073709551615, time: 0), (pn: 18446744073709551615, time: 0), (pn: 18446744073709551615, time: 0), (pn: 18446744073709551615, time: 0), (pn: 18446744073709551615, time: 0), (pn: 18446744073709551615, time: 0), (pn: 18446744073709551615, time: 0), (pn: 18446744073709551615, time: 0), (pn: 18446744073709551615, time: 0), (pn: 18446744073709551615, time: 0), (pn: 18446744073709551615, time: 0), (pn: 18446744073709551615, time: 0), (pn: 18446744073709551615, time: 0), (pn: 18446744073709551615, time: 0), (pn: 18446744073709551615, time: 0), (pn: 18446744073709551615, time: 0), (pn: 18446744073709551615, time: 0), (pn: 18446744073709551615, time: 0), (pn: 18446744073709551615, time: 0), (pn: 18446744073709551615, time: 0), (pn: 18446744073709551615, time: 0), (pn: 18446744073709551615, time: 0), (pn: 18446744073709551615, time: 0), (pn: 18446744073709551615, time: 0), (pn: 18446744073709551615, time: 0), (pn: 18446744073709551615, time: 0), (pn: 18446744073709551615, time: 0), (pn: 18446744073709551615, time: 0), (pn: 18446744073709551615, time: 0), (pn: 18446744073709551615, time: 0), (pn: 18446744073709551615, time: 0), (pn: 18446744073709551615, time: 0), (pn: 18446744073709551615, time: 0), (pn: 18446744073709551615, time: 0), (pn: 18446744073709551615, time: 0), (pn: 18446744073709551615, time: 0), (pn: 18446744073709551615, time: 0), (pn: 18446744073709551615, time: 0), (pn: 18446744073709551615, time: 0), (pn: 18446744073709551615, time: 0), (pn: 18446744073709551615, time: 0), (pn: 18446744073709551615, time: 0), (pn: 18446744073709551615, time: 0), (pn: 18446744073709551615, time: 0), (pn: 18446744073709551615, time: 0), (pn: 18446744073709551615, time: 0), (pn: 18446744073709551615, time: 0), (pn: 18446744073709551615, time: 0), (pn: 18446744073709551615, time: 0), (pn: 18446744073709551615, time: 0), (pn: 18446744073709551615, time: 0), (pn: 18446744073709551615, time: 0), (pn: 18446744073709551615, time: 0), (pn: 18446744073709551615, time: 0), (pn: 18446744073709551615, time: 0), (pn: 18446744073709551615, time: 0), (pn: 18446744073709551615, time: 0), (pn: 18446744073709551615, time: 0), (pn: 18446744073709551615, time: 0), (pn: 18446744073709551615, time: 0), (pn: 18446744073709551615, time: 0), (pn: 18446744073709551615, time: 0), (pn: 18446744073709551615, time: 0), (pn: 18446744073709551615, time: 0), (pn: 18446744073709551615, time: 0), (pn: 18446744073709551615, time: 0), (pn: 18446744073709551615, time: 0), (pn: 18446744073709551615, time: 0), (pn: 18446744073709551615, time: 0), (pn: 18446744073709551615, time: 0), (pn: 18446744073709551615, time: 0), (pn: 18446744073709551615, time: 0), (pn: 18446744073709551615, time: 0), (pn: 18446744073709551615, time: 0), (pn: 18446744073709551615, time: 0), (pn: 18446744073709551615, time: 0), (pn: 18446744073709551615, time: 0), (pn: 18446744073709551615, time: 0), (pn: 18446744073709551615, time: 0), (pn: 18446744073709551615, time: 0), (pn: 18446744073709551615, time: 0), (pn: 18446744073709551615, time: 0), (pn: 18446744073709551615, time: 0), (pn: 18446744073709551615, time: 0), (pn: 18446744073709551615, time: 0), (pn: 18446744073709551615, time: 0), (pn: 18446744073709551615, time: 0), (pn: 18446744073709551615, time: 0), (pn: 18446744073709551615, time: 0), (pn: 18446744073709551615, time: 0), (pn: 18446744073709551615, time: 0), (pn: 18446744073709551615, time: 0), (pn: 18446744073709551615, time: 0), (pn: 18446744073709551615, time: 0), (pn: 18446744073709551615, time: 0), (pn: 18446744073709551615, time: 0), (pn: 18446744073709551615, time: 0), (pn: 18446744073709551615, time: 0), (pn: 18446744073709551615, time: 0), (pn: 18446744073709551615, time: 0), (pn: 18446744073709551615, time: 0), (pn: 18446744073709551615, time: 0), (pn: 18446744073709551615, time: 0), (pn: 18446744073709551615, time: 0), (pn: 18446744073709551615, time: 0), (pn: 18446744073709551615, time: 0), (pn: 18446744073709551615, time: 0), (pn: 18446744073709551615, time: 0), (pn: 18446744073709551615, time: 0), (pn: 18446744073709551615, time: 0), (pn: 18446744073709551615, time: 0), (pn: 18446744073709551615, time: 0), (pn: 18446744073709551615, time: 0), (pn: 18446744073709551615, time: 0), (pn: 18446744073709551615, time: 0), (pn: 18446744073709551615, time: 0), (pn: 18446744073709551615, time: 0), (pn: 18446744073709551615, time: 0), (pn: 18446744073709551615, time: 0), (pn: 18446744073709551615, time: 0), (pn: 18446744073709551615, time: 0), (pn: 18446744073709551615, time: 0), (pn: 18446744073709551615, time: 0), (pn: 18446744073709551615, time: 0), (pn: 18446744073709551615, time: 0), (pn: 18446744073709551615, time: 0), (pn: 18446744073709551615, time: 0), (pn: 18446744073709551615, time: 0), (pn: 18446744073709551615, time: 0), (pn: 18446744073709551615, time: 0), (pn: 18446744073709551615, time: 0), (pn: 18446744073709551615, time: 0), (pn: 18446744073709551615, time: 0), (pn: 18446744073709551615, time: 0), (pn: 18446744073709551615, time: 0), (pn: 18446744073709551615, time: 0), (pn: 18446744073709551615, time: 0), (pn: 18446744073709551615, time: 0), (pn: 18446744073709551615, time: 0), (pn: 18446744073709551615, time: 0), (pn: 18446744073709551615, time: 0), (pn: 18446744073709551615, time: 0), (pn: 18446744073709551615, time: 0), (pn: 18446744073709551615, time: 0), (pn: 18446744073709551615, time: 0), (pn: 18446744073709551615, time: 0), (pn: 18446744073709551615, time: 0), (pn: 18446744073709551615, time: 0), (pn: 18446744073709551615, time: 0), (pn: 18446744073709551615, time: 0), (pn: 18446744073709551615, time: 0), (pn: 18446744073709551615, time: 0), (pn: 18446744073709551615, time: 0), (pn: 18446744073709551615, time: 0), (pn: 18446744073709551615, time: 0), (pn: 18446744073709551615, time: 0), (pn: 18446744073709551615, time: 0), (pn: 18446744073709551615, time: 0), (pn: 18446744073709551615, time: 0), (pn: 18446744073709551615, time: 0), (pn: 18446744073709551615, time: 0), (pn: 18446744073709551615, time: 0), (pn: 18446744073709551615, time: 0), (pn: 18446744073709551615, time: 0), (pn: 18446744073709551615, time: 0), (pn: 18446744073709551615, time: 0), (pn: 18446744073709551615, time: 0), (pn: 18446744073709551615, time: 0), (pn: 18446744073709551615, time: 0), (pn: 18446744073709551615, time: 0), (pn: 18446744073709551615, time: 0), (pn: 18446744073709551615, time: 0), (pn: 18446744073709551615, time: 0), (pn: 18446744073709551615, time: 0), (pn: 18446744073709551615, time: 0), (pn: 18446744073709551615, time: 0), (pn: 18446744073709551615, time: 0), (pn: 18446744073709551615, time: 0), (pn: 18446744073709551615, time: 0), (pn: 18446744073709551615, time: 0), (pn: 18446744073709551615, time: 0), (pn: 18446744073709551615, time: 0), (pn: 18446744073709551615, time: 0), (pn: 18446744073709551615, time: 0), (pn: 18446744073709551615, time: 0), (pn: 18446744073709551615, time: 0), (pn: 18446744073709551615, time: 0), (pn: 18446744073709551615, time: 0), (pn: 18446744073709551615, time: 0), (pn: 18446744073709551615, time: 0), (pn: 18446744073709551615, time: 0), (pn: 18446744073709551615, time: 0), (pn: 18446744073709551615, time: 0), (pn: 18446744073709551615, time: 0), (pn: 18446744073709551615, time: 0), (pn: 18446744073709551615, time: 0), (pn: 18446744073709551615, time: 0), (pn: 18446744073709551615, time: 0), (pn: 18446744073709551615, time: 0), (pn: 18446744073709551615, time: 0), (pn: 18446744073709551615, time: 0), (pn: 18446744073709551615, time: 0), (pn: 18446744073709551615, time: 0), (pn: 18446744073709551615, time: 0), (pn: 18446744073709551615, time: 0), (pn: 18446744073709551615, time: 0), (pn: 18446744073709551615, time: 0), (pn: 18446744073709551615, time: 0), (pn: 18446744073709551615, time: 0), (pn: 18446744073709551615, time: 0), (pn: 18446744073709551615, time: 0), (pn: 18446744073709551615, time: 0), (pn: 18446744073709551615, time: 0), (pn: 18446744073709551615, time: 0), (pn: 18446744073709551615, time: 0), (pn: 18446744073709551615, time: 0), (pn: 18446744073709551615, time: 0), (pn: 18446744073709551615, time: 0), (pn: 18446744073709551615, time: 0), (pn: 18446744073709551615, time: 0), (pn: 18446744073709551615, time: 0), (pn: 18446744073709551615, time: 0), (pn: 18446744073709551615, time: 0), (pn: 18446744073709551615, time: 0), (pn: 18446744073709551615, time: 0), (pn: 18446744073709551615, time: 0), (pn: 18446744073709551615, time: 0), (pn: 18446744073709551615, time: 0), (pn: 18446744073709551615, time: 0), (pn: 18446744073709551615, time: 0), (pn: 18446744073709551615, time: 0), (pn: 18446744073709551615, time: 0), (pn: 18446744073709551615, time: 0), (pn: 18446744073709551615, time: 0), (pn: 18446744073709551615, time: 0), (pn: 18446744073709551615, time: 0), (pn: 18446744073709551615, time: 0), (pn: 18446744073709551615, time: 0), (pn: 18446744073709551615, time: 0), (pn: 18446744073709551615, time: 0), (pn: 18446744073709551615, time: 0), (pn: 18446744073709551615, time: 0), (pn: 18446744073709551615, time: 0), (pn: 18446744073709551615, time: 0), (pn: 18446744073709551615, time: 0), (pn: 18446744073709551615, time: 0), (pn: 18446744073709551615, time: 0), (pn: 18446744073709551615, time: 0), (pn: 18446744073709551615, time: 0), (pn: 18446744073709551615, time: 0), (pn: 18446744073709551615, time: 0), (pn: 18446744073709551615, time: 0), (pn: 18446744073709551615, time: 0), (pn: 18446744073709551615, time: 0), (pn: 18446744073709551615, time: 0), (pn: 18446744073709551615, time: 0), (pn: 18446744073709551615, time: 0), (pn: 18446744073709551615, time: 0), (pn: 18446744073709551615, time: 0), (pn: 18446744073709551615, time: 0), (pn: 18446744073709551615, time: 0), (pn: 18446744073709551615, time: 0), (pn: 18446744073709551615, time: 0), (pn: 18446744073709551615, time: 0), (pn: 18446744073709551615, time: 0), (pn: 18446744073709551615, time: 0), (pn: 18446744073709551615, time: 0), (pn: 18446744073709551615, time: 0), (pn: 18446744073709551615, time: 0), (pn: 18446744073709551615, time: 0), (pn: 18446744073709551615, time: 0), (pn: 18446744073709551615, time: 0), (pn: 18446744073709551615, time: 0), (pn: 18446744073709551615, time: 0), (pn: 18446744073709551615, time: 0), (pn: 18446744073709551615, time: 0), (pn: 18446744073709551615, time: 0), (pn: 18446744073709551615, time: 0), (pn: 18446744073709551615, time: 0), (pn: 18446744073709551615, time: 0), (pn: 18446744073709551615, time: 0), (pn: 18446744073709551615, time: 0), (pn: 18446744073709551615, time: 0), (pn: 18446744073709551615, time: 0), (pn: 18446744073709551615, time: 0), (pn: 18446744073709551615, time: 0), (pn: 18446744073709551615, time: 0), (pn: 18446744073709551615, time: 0), (pn: 18446744073709551615, time: 0), (pn: 18446744073709551615, time: 0), (pn: 18446744073709551615, time: 0), (pn: 18446744073709551615, time: 0), (pn: 18446744073709551615, time: 0), (pn: 18446744073709551615, time: 0), (pn: 18446744073709551615, time: 0), (pn: 18446744073709551615, time: 0), (pn: 18446744073709551615, time: 0), (pn: 18446744073709551615, time: 0), (pn: 18446744073709551615, time: 0), (pn: 18446744073709551615, time: 0), (pn: 18446744073709551615, time: 0), (pn: 18446744073709551615, time: 0), (pn: 18446744073709551615, time: 0), (pn: 18446744073709551615, time: 0), (pn: 18446744073709551615, time: 0), (pn: 18446744073709551615, time: 0), (pn: 18446744073709551615, time: 0), (pn: 18446744073709551615, time: 0), (pn: 18446744073709551615, time: 0), (pn: 18446744073709551615, time: 0), (pn: 18446744073709551615, time: 0), (pn: 18446744073709551615, time: 0), (pn: 18446744073709551615, time: 0), (pn: 18446744073709551615, time: 0), (pn: 18446744073709551615, time: 0), (pn: 18446744073709551615, time: 0), (pn: 18446744073709551615, time: 0), (pn: 18446744073709551615, time: 0), (pn: 18446744073709551615, time: 0), (pn: 18446744073709551615, time: 0), (pn: 18446744073709551615, time: 0), (pn: 18446744073709551615, time: 0), (pn: 18446744073709551615, time: 0), (pn: 18446744073709551615, time: 0), (pn: 18446744073709551615, time: 0), (pn: 18446744073709551615, time: 0), (pn: 18446744073709551615, time: 0), (pn: 18446744073709551615, time: 0), (pn: 18446744073709551615, time: 0), (pn: 18446744073709551615, time: 0), (pn: 18446744073709551615, time: 0), (pn: 18446744073709551615, time: 0), (pn: 18446744073709551615, time: 0), (pn: 18446744073709551615, time: 0), (pn: 18446744073709551615, time: 0), (pn: 18446744073709551615, time: 0), (pn: 18446744073709551615, time: 0), (pn: 18446744073709551615, time: 0), (pn: 18446744073709551615, time: 0), (pn: 18446744073709551615, time: 0), (pn: 18446744073709551615, time: 0), (pn: 18446744073709551615, time: 0), (pn: 18446744073709551615, time: 0), (pn: 18446744073709551615, time: 0), (pn: 18446744073709551615, time: 0), (pn: 18446744073709551615, time: 0), (pn: 18446744073709551615, time: 0), (pn: 18446744073709551615, time: 0), (pn: 18446744073709551615, time: 0), (pn: 18446744073709551615, time: 0), (pn: 18446744073709551615, time: 0), (pn: 18446744073709551615, time: 0), (pn: 18446744073709551615, time: 0), (pn: 18446744073709551615, time: 0), (pn: 18446744073709551615, time: 0), (pn: 18446744073709551615, time: 0), (pn: 18446744073709551615, time: 0), (pn: 18446744073709551615, time: 0), (pn: 18446744073709551615, time: 0), (pn: 18446744073709551615, time: 0), (pn: 18446744073709551615, time: 0), (pn: 18446744073709551615, time: 0), (pn: 18446744073709551615, time: 0), (pn: 18446744073709551615, time: 0), (pn: 18446744073709551615, time: 0), (pn: 18446744073709551615, time: 0), (pn: 18446744073709551615, time: 0), (pn: 18446744073709551615, time: 0), (pn: 18446744073709551615, time: 0), (pn: 18446744073709551615, time: 0), (pn: 18446744073709551615, time: 0), (pn: 18446744073709551615, time: 0), (pn: 18446744073709551615, time: 0), (pn: 18446744073709551615, time: 0), (pn: 18446744073709551615, time: 0), (pn: 18446744073709551615, time: 0), (pn: 18446744073709551615, time: 0), (pn: 18446744073709551615, time: 0), (pn: 18446744073709551615, time: 0), (pn: 18446744073709551615, time: 0), (pn: 18446744073709551615, time: 0), (pn: 18446744073709551615, time: 0), (pn: 18446744073709551615, time: 0), (pn: 18446744073709551615, time: 0), (pn: 18446744073709551615, time: 0), (pn: 18446744073709551615, time: 0), (pn: 18446744073709551615, time: 0), (pn: 18446744073709551615, time: 0), (pn: 18446744073709551615, time: 0), (pn: 18446744073709551615, time: 0), (pn: 18446744073709551615, time: 0), (pn: 18446744073709551615, time: 0), (pn: 18446744073709551615, time: 0), (pn: 18446744073709551615, time: 0), (pn: 18446744073709551615, time: 0), (pn: 18446744073709551615, time: 0), (pn: 18446744073709551615, time: 0), (pn: 18446744073709551615, time: 0), (pn: 18446744073709551615, time: 0), (pn: 18446744073709551615, time: 0), (pn: 18446744073709551615, time: 0), (pn: 18446744073709551615, time: 0), (pn: 18446744073709551615, time: 0), (pn: 18446744073709551615, time: 0), (pn: 18446744073709551615, time: 0), (pn: 18446744073709551615, time: 0), (pn: 18446744073709551615, time: 0), (pn: 18446744073709551615, time: 0), (pn: 18446744073709551615, time: 0), (pn: 18446744073709551615, time: 0), (pn: 18446744073709551615, time: 0), (pn: 18446744073709551615, time: 0), (pn: 18446744073709551615, time: 0), (pn: 18446744073709551615, time: 0), (pn: 18446744073709551615, time: 0), (pn: 18446744073709551615, time: 0), (pn: 18446744073709551615, time: 0), (pn: 18446744073709551615, time: 0), (pn: 18446744073709551615, time: 0), (pn: 18446744073709551615, time: 0), (pn: 18446744073709551615, time: 0), (pn: 18446744073709551615, time: 0), (pn: 18446744073709551615, time: 0), (pn: 18446744073709551615, time: 0), (pn: 18446744073709551615, time: 0), (pn: 18446744073709551615, time: 0), (pn: 18446744073709551615, time: 0), (pn: 18446744073709551615, time: 0), (pn: 18446744073709551615, time: 0), (pn: 18446744073709551615, time: 0), (pn: 18446744073709551615, time: 0), (pn: 18446744073709551615, time: 0), (pn: 18446744073709551615, time: 0), (pn: 18446744073709551615, time: 0), (pn: 18446744073709551615, time: 0), (pn: 18446744073709551615, time: 0), (pn: 18446744073709551615, time: 0), (pn: 18446744073709551615, time: 0), (pn: 18446744073709551615, time: 0), (pn: 18446744073709551615, time: 0), (pn: 18446744073709551615, time: 0), (pn: 18446744073709551615, time: 0), (pn: 18446744073709551615, time: 0), (pn: 18446744073709551615, time: 0), (pn: 18446744073709551615, time: 0), (pn: 18446744073709551615, time: 0), (pn: 18446744073709551615, time: 0), (pn: 18446744073709551615, time: 0), (pn: 18446744073709551615, time: 0), (pn: 18446744073709551615, time: 0), (pn: 18446744073709551615, time: 0), (pn: 18446744073709551615, time: 0), (pn: 18446744073709551615, time: 0), (pn: 18446744073709551615, time: 0), (pn: 18446744073709551615, time: 0), (pn: 18446744073709551615, time: 0), (pn: 18446744073709551615, time: 0), (pn: 18446744073709551615, time: 0), (pn: 18446744073709551615, time: 0), (pn: 18446744073709551615, time: 0), (pn: 18446744073709551615, time: 0), (pn: 18446744073709551615, time: 0), (pn: 18446744073709551615, time: 0), (pn: 18446744073709551615, time: 0), (pn: 18446744073709551615, time: 0), (pn: 18446744073709551615, time: 0), (pn: 18446744073709551615, time: 0), (pn: 18446744073709551615, time: 0), (pn: 18446744073709551615, time: 0), (pn: 18446744073709551615, time: 0), (pn: 18446744073709551615, time: 0), (pn: 18446744073709551615, time: 0), (pn: 18446744073709551615, time: 0), (pn: 18446744073709551615, time: 0), (pn: 18446744073709551615, time: 0), (pn: 18446744073709551615, time: 0), (pn: 18446744073709551615, time: 0), (pn: 18446744073709551615, time: 0), (pn: 18446744073709551615, time: 0), (pn: 18446744073709551615, time: 0), (pn: 18446744073709551615, time: 0), (pn: 18446744073709551615, time: 0), (pn: 18446744073709551615, time: 0), (pn: 18446744073709551615, time: 0), (pn: 18446744073709551615, time: 0), (pn: 18446744073709551615, time: 0), (pn: 18446744073709551615, time: 0), (pn: 18446744073709551615, time: 0), (pn: 18446744073709551615, time: 0), (pn: 18446744073709551615, time: 0), (pn: 18446744073709551615, time: 0), (pn: 18446744073709551615, time: 0), (pn: 18446744073709551615, time: 0), (pn: 18446744073709551615, time: 0), (pn: 18446744073709551615, time: 0), (pn: 18446744073709551615, time: 0), (pn: 18446744073709551615, time: 0), (pn: 18446744073709551615, time: 0), (pn: 18446744073709551615, time: 0), (pn: 18446744073709551615, time: 0), (pn: 18446744073709551615, time: 0), (pn: 18446744073709551615, time: 0), (pn: 18446744073709551615, time: 0), (pn: 18446744073709551615, time: 0), (pn: 18446744073709551615, time: 0), (pn: 18446744073709551615, time: 0), (pn: 18446744073709551615, time: 0), (pn: 18446744073709551615, time: 0), (pn: 18446744073709551615, time: 0), (pn: 18446744073709551615, time: 0), (pn: 18446744073709551615, time: 0), (pn: 18446744073709551615, time: 0), (pn: 18446744073709551615, time: 0), (pn: 18446744073709551615, time: 0), (pn: 18446744073709551615, time: 0), (pn: 18446744073709551615, time: 0), (pn: 18446744073709551615, time: 0), (pn: 18446744073709551615, time: 0), (pn: 18446744073709551615, time: 0), (pn: 18446744073709551615, time: 0), (pn: 18446744073709551615, time: 0), (pn: 18446744073709551615, time: 0), (pn: 18446744073709551615, time: 0), (pn: 18446744073709551615, time: 0), (pn: 18446744073709551615, time: 0), (pn: 18446744073709551615, time: 0), (pn: 18446744073709551615, time: 0), (pn: 18446744073709551615, time: 0), (pn: 18446744073709551615, time: 0), (pn: 18446744073709551615, time: 0), (pn: 18446744073709551615, time: 0), (pn: 18446744073709551615, time: 0), (pn: 18446744073709551615, time: 0), (pn: 18446744073709551615, time: 0), (pn: 18446744073709551615, time: 0), (pn: 18446744073709551615, time: 0), (pn: 18446744073709551615, time: 0), (pn: 18446744073709551615, time: 0), (pn: 18446744073709551615, time: 0), (pn: 18446744073709551615, time: 0), (pn: 18446744073709551615, time: 0), (pn: 18446744073709551615, time: 0), (pn: 18446744073709551615, time: 0), (pn: 18446744073709551615, time: 0), (pn: 18446744073709551615, time: 0), (pn: 18446744073709551615, time: 0), (pn: 18446744073709551615, time: 0), (pn: 18446744073709551615, time: 0), (pn: 18446744073709551615, time: 0), (pn: 18446744073709551615, time: 0), (pn: 18446744073709551615, time: 0), (pn: 18446744073709551615, time: 0), (pn: 18446744073709551615, time: 0), (pn: 18446744073709551615, time: 0), (pn: 18446744073709551615, time: 0), (pn: 18446744073709551615, time: 0), (pn: 18446744073709551615, time: 0), (pn: 18446744073709551615, time: 0), (pn: 18446744073709551615, time: 0), (pn: 18446744073709551615, time: 0), (pn: 18446744073709551615, time: 0), (pn: 18446744073709551615, time: 0), (pn: 18446744073709551615, time: 0), (pn: 18446744073709551615, time: 0), (pn: 18446744073709551615, time: 0), (pn: 18446744073709551615, time: 0), (pn: 18446744073709551615, time: 0), (pn: 18446744073709551615, time: 0), (pn: 18446744073709551615, time: 0), (pn: 18446744073709551615, time: 0), (pn: 18446744073709551615, time: 0), (pn: 18446744073709551615, time: 0), (pn: 18446744073709551615, time: 0), (pn: 18446744073709551615, time: 0), (pn: 18446744073709551615, time: 0), (pn: 18446744073709551615, time: 0), (pn: 18446744073709551615, time: 0), (pn: 18446744073709551615, time: 0), (pn: 18446744073709551615, time: 0), (pn: 18446744073709551615, time: 0), (pn: 18446744073709551615, time: 0), (pn: 18446744073709551615, time: 0), (pn: 18446744073709551615, time: 0), (pn: 18446744073709551615, time: 0), (pn: 18446744073709551615, time: 0), (pn: 18446744073709551615, time: 0), (pn: 18446744073709551615, time: 0), (pn: 18446744073709551615, time: 0), (pn: 18446744073709551615, time: 0), (pn: 18446744073709551615, time: 0), (pn: 18446744073709551615, time: 0), (pn: 18446744073709551615, time: 0), (pn: 18446744073709551615, time: 0), (pn: 18446744073709551615, time: 0), (pn: 18446744073709551615, time: 0), (pn: 18446744073709551615, time: 0), (pn: 18446744073709551615, time: 0), (pn: 18446744073709551615, time: 0), (pn: 18446744073709551615, time: 0), (pn: 18446744073709551615, time: 0), (pn: 18446744073709551615, time: 0), (pn: 18446744073709551615, time: 0), (pn: 18446744073709551615, time: 0), (pn: 18446744073709551615, time: 0), (pn: 18446744073709551615, time: 0), (pn: 18446744073709551615, time: 0), (pn: 18446744073709551615, time: 0), (pn: 18446744073709551615, time: 0), (pn: 18446744073709551615, time: 0), (pn: 18446744073709551615, time: 0), (pn: 18446744073709551615, time: 0), (pn: 18446744073709551615, time: 0), (pn: 18446744073709551615, time: 0), (pn: 18446744073709551615, time: 0), (pn: 18446744073709551615, time: 0), (pn: 18446744073709551615, time: 0), (pn: 18446744073709551615, time: 0), (pn: 18446744073709551615, time: 0), (pn: 18446744073709551615, time: 0), (pn: 18446744073709551615, time: 0), (pn: 18446744073709551615, time: 0), (pn: 18446744073709551615, time: 0), (pn: 18446744073709551615, time: 0), (pn: 18446744073709551615, time: 0), (pn: 18446744073709551615, time: 0), (pn: 18446744073709551615, time: 0), (pn: 18446744073709551615, time: 0), (pn: 18446744073709551615, time: 0), (pn: 18446744073709551615, time: 0), (pn: 18446744073709551615, time: 0), (pn: 18446744073709551615, time: 0), (pn: 18446744073709551615, time: 0), (pn: 18446744073709551615, time: 0), (pn: 18446744073709551615, time: 0), (pn: 18446744073709551615, time: 0), (pn: 18446744073709551615, time: 0), (pn: 18446744073709551615, time: 0), (pn: 18446744073709551615, time: 0), (pn: 18446744073709551615, time: 0), (pn: 18446744073709551615, time: 0), (pn: 18446744073709551615, time: 0), (pn: 18446744073709551615, time: 0), (pn: 18446744073709551615, time: 0), (pn: 18446744073709551615, time: 0), (pn: 18446744073709551615, time: 0), (pn: 18446744073709551615, time: 0), (pn: 18446744073709551615, time: 0), (pn: 18446744073709551615, time: 0), (pn: 18446744073709551615, time: 0), (pn: 18446744073709551615, time: 0), (pn: 18446744073709551615, time: 0), (pn: 18446744073709551615, time: 0), (pn: 18446744073709551615, time: 0), (pn: 18446744073709551615, time: 0), (pn: 18446744073709551615, time: 0), (pn: 18446744073709551615, time: 0), (pn: 18446744073709551615, time: 0), (pn: 18446744073709551615, time: 0), (pn: 18446744073709551615, time: 0), (pn: 18446744073709551615, time: 0), (pn: 18446744073709551615, time: 0), (pn: 18446744073709551615, time: 0), (pn: 18446744073709551615, time: 0), (pn: 18446744073709551615, time: 0), (pn: 18446744073709551615, time: 0), (pn: 18446744073709551615, time: 0), (pn: 18446744073709551615, time: 0), (pn: 18446744073709551615, time: 0), (pn: 18446744073709551615, time: 0), (pn: 18446744073709551615, time: 0), (pn: 18446744073709551615, time: 0), (pn: 18446744073709551615, time: 0), (pn: 18446744073709551615, time: 0), (pn: 18446744073709551615, time: 0), (pn: 18446744073709551615, time: 0), (pn: 18446744073709551615, time: 0), (pn: 18446744073709551615, time: 0), (pn: 18446744073709551615, time: 0), (pn: 18446744073709551615, time: 0), (pn: 18446744073709551615, time: 0), (pn: 18446744073709551615, time: 0), (pn: 18446744073709551615, time: 0), (pn: 18446744073709551615, time: 0), (pn: 18446744073709551615, time: 0), (pn: 18446744073709551615, time: 0), (pn: 18446744073709551615, time: 0), (pn: 18446744073709551615, time: 0), (pn: 18446744073709551615, time: 0), (pn: 18446744073709551615, time: 0), (pn: 18446744073709551615, time: 0), (pn: 18446744073709551615, time: 0), (pn: 18446744073709551615, time: 0), (pn: 18446744073709551615, time: 0), (pn: 18446744073709551615, time: 0), (pn: 18446744073709551615, time: 0), (pn: 18446744073709551615, time: 0), (pn: 18446744073709551615, time: 0), (pn: 18446744073709551615, time: 0), (pn: 18446744073709551615, time: 0), (pn: 18446744073709551615, time: 0), (pn: 18446744073709551615, time: 0), (pn: 18446744073709551615, time: 0), (pn: 18446744073709551615, time: 0), (pn: 18446744073709551615, time: 0), (pn: 18446744073709551615, time: 0), (pn: 18446744073709551615, time: 0), (pn: 18446744073709551615, time: 0), (pn: 18446744073709551615, time: 0), (pn: 18446744073709551615, time: 0), (pn: 18446744073709551615, time: 0), (pn: 18446744073709551615, time: 0), (pn: 18446744073709551615, time: 0), (pn: 18446744073709551615, time: 0), (pn: 18446744073709551615, time: 0), (pn: 18446744073709551615, time: 0), (pn: 18446744073709551615, time: 0), (pn: 18446744073709551615, time: 0), (pn: 18446744073709551615, time: 0), (pn: 18446744073709551615, time: 0), (pn: 18446744073709551615, time: 0), (pn: 18446744073709551615, time: 0), (pn: 18446744073709551615, time: 0), (pn: 18446744073709551615, time: 0), (pn: 18446744073709551615, time: 0), (pn: 18446744073709551615, time: 0), (pn: 18446744073709551615, time: 0), (pn: 18446744073709551615, time: 0), (pn: 18446744073709551615, time: 0), (pn: 18446744073709551615, time: 0), (pn: 18446744073709551615, time: 0), (pn: 18446744073709551615, time: 0), (pn: 18446744073709551615, time: 0), (pn: 18446744073709551615, time: 0), (pn: 18446744073709551615, time: 0), (pn: 18446744073709551615, time: 0), (pn: 18446744073709551615, time: 0), (pn: 18446744073709551615, time: 0), (pn: 18446744073709551615, time: 0), (pn: 18446744073709551615, time: 0), (pn: 18446744073709551615, time: 0), (pn: 18446744073709551615, time: 0), (pn: 18446744073709551615, time: 0), (pn: 18446744073709551615, time: 0), (pn: 18446744073709551615, time: 0), (pn: 18446744073709551615, time: 0), (pn: 18446744073709551615, time: 0), (pn: 18446744073709551615, time: 0), (pn: 18446744073709551615, time: 0), (pn: 18446744073709551615, time: 0), (pn: 18446744073709551615, time: 0), (pn: 18446744073709551615, time: 0), (pn: 18446744073709551615, time: 0), (pn: 18446744073709551615, time: 0), (pn: 18446744073709551615, time: 0), (pn: 18446744073709551615, time: 0), (pn: 18446744073709551615, time: 0), (pn: 18446744073709551615, time: 0), (pn: 18446744073709551615, time: 0), (pn: 18446744073709551615, time: 0), (pn: 18446744073709551615, time: 0), (pn: 18446744073709551615, time: 0), (pn: 18446744073709551615, time: 0), (pn: 18446744073709551615, time: 0), (pn: 18446744073709551615, time: 0), (pn: 18446744073709551615, time: 0), (pn: 18446744073709551615, time: 0), (pn: 18446744073709551615, time: 0), (pn: 18446744073709551615, time: 0), (pn: 18446744073709551615, time: 0), (pn: 18446744073709551615, time: 0), (pn: 18446744073709551615, time: 0), (pn: 18446744073709551615, time: 0), (pn: 18446744073709551615, time: 0), (pn: 18446744073709551615, time: 0), (pn: 18446744073709551615, time: 0), (pn: 18446744073709551615, time: 0), (pn: 18446744073709551615, time: 0), (pn: 18446744073709551615, time: 0), (pn: 18446744073709551615, time: 0), (pn: 18446744073709551615, time: 0), (pn: 18446744073709551615, time: 0), (pn: 18446744073709551615, time: 0), (pn: 18446744073709551615, time: 0), (pn: 18446744073709551615, time: 0), (pn: 18446744073709551615, time: 0), (pn: 18446744073709551615, time: 0), (pn: 18446744073709551615, time: 0), (pn: 18446744073709551615, time: 0), (pn: 18446744073709551615, time: 0), (pn: 18446744073709551615, time: 0), (pn: 18446744073709551615, time: 0), (pn: 18446744073709551615, time: 0), (pn: 18446744073709551615, time: 0), (pn: 18446744073709551615, time: 0), (pn: 18446744073709551615, time: 0), (pn: 18446744073709551615, time: 0), (pn: 18446744073709551615, time: 0), (pn: 18446744073709551615, time: 0), (pn: 18446744073709551615, time: 0), (pn: 18446744073709551615, time: 0), (pn: 18446744073709551615, time: 0), (pn: 18446744073709551615, time: 0), (pn: 18446744073709551615, time: 0), (pn: 18446744073709551615, time: 0), (pn: 18446744073709551615, time: 0), (pn: 18446744073709551615, time: 0), (pn: 18446744073709551615, time: 0), (pn: 18446744073709551615, time: 0), (pn: 18446744073709551615, time: 0), (pn: 18446744073709551615, time: 0), (pn: 18446744073709551615, time: 0), (pn: 18446744073709551615, time: 0), (pn: 18446744073709551615, time: 0), (pn: 18446744073709551615, time: 0), (pn: 18446744073709551615, time: 0), (pn: 18446744073709551615, time: 0), (pn: 18446744073709551615, time: 0), (pn: 18446744073709551615, time: 0), (pn: 18446744073709551615, time: 0), (pn: 18446744073709551615, time: 0), (pn: 18446744073709551615, time: 0), (pn: 18446744073709551615, time: 0), (pn: 18446744073709551615, time: 0), (pn: 18446744073709551615, time: 0), (pn: 18446744073709551615, time: 0), (pn: 18446744073709551615, time: 0), (pn: 18446744073709551615, time: 0), (pn: 18446744073709551615, time: 0), (pn: 18446744073709551615, time: 0), (pn: 18446744073709551615, time: 0), (pn: 18446744073709551615, time: 0), (pn: 18446744073709551615, time: 0), (pn: 18446744073709551615, time: 0), (pn: 18446744073709551615, time: 0), (pn: 18446744073709551615, time: 0), (pn: 18446744073709551615, time: 0), (pn: 18446744073709551615, time: 0), (pn: 18446744073709551615, time: 0), (pn: 18446744073709551615, time: 0), (pn: 18446744073709551615, time: 0), (pn: 18446744073709551615, time: 0), (pn: 18446744073709551615, time: 0), (pn: 18446744073709551615, time: 0), (pn: 18446744073709551615, time: 0), (pn: 18446744073709551615, time: 0), (pn: 18446744073709551615, time: 0), (pn: 18446744073709551615, time: 0), (pn: 18446744073709551615, time: 0), (pn: 18446744073709551615, time: 0), (pn: 18446744073709551615, time: 0), (pn: 18446744073709551615, time: 0), (pn: 18446744073709551615, time: 0), (pn: 18446744073709551615, time: 0), (pn: 18446744073709551615, time: 0), (pn: 18446744073709551615, time: 0), (pn: 18446744073709551615, time: 0), (pn: 18446744073709551615, time: 0), (pn: 18446744073709551615, time: 0), (pn: 18446744073709551615, time: 0), (pn: 18446744073709551615, time: 0), (pn: 18446744073709551615, time: 0), (pn: 18446744073709551615, time: 0), (pn: 18446744073709551615, time: 0), (pn: 18446744073709551615, time: 0), (pn: 18446744073709551615, time: 0), (pn: 18446744073709551615, time: 0), (pn: 18446744073709551615, time: 0), (pn: 18446744073709551615, time: 0), (pn: 18446744073709551615, time: 0), (pn: 18446744073709551615, time: 0), (pn: 18446744073709551615, time: 0), (pn: 18446744073709551615, time: 0), (pn: 18446744073709551615, time: 0), (pn: 18446744073709551615, time: 0), (pn: 18446744073709551615, time: 0), (pn: 18446744073709551615, time: 0), (pn: 18446744073709551615, time: 0), (pn: 18446744073709551615, time: 0), (pn: 18446744073709551615, time: 0), (pn: 18446744073709551615, time: 0), (pn: 18446744073709551615, time: 0), (pn: 18446744073709551615, time: 0), (pn: 18446744073709551615, time: 0), (pn: 18446744073709551615, time: 0), (pn: 18446744073709551615, time: 0), (pn: 18446744073709551615, time: 0), (pn: 18446744073709551615, time: 0), (pn: 18446744073709551615, time: 0), (pn: 18446744073709551615, time: 0), (pn: 18446744073709551615, time: 0), (pn: 18446744073709551615, time: 0), (pn: 18446744073709551615, time: 0), (pn: 18446744073709551615, time: 0), (pn: 18446744073709551615, time: 0), (pn: 18446744073709551615, time: 0), (pn: 18446744073709551615, time: 0), (pn: 18446744073709551615, time: 0), (pn: 18446744073709551615, time: 0), (pn: 18446744073709551615, time: 0), (pn: 18446744073709551615, time: 0), (pn: 18446744073709551615, time: 0), (pn: 18446744073709551615, time: 0), (pn: 18446744073709551615, time: 0), (pn: 18446744073709551615, time: 0), (pn: 18446744073709551615, time: 0), (pn: 18446744073709551615, time: 0), (pn: 18446744073709551615, time: 0), (pn: 18446744073709551615, time: 0), (pn: 18446744073709551615, time: 0), (pn: 18446744073709551615, time: 0), (pn: 18446744073709551615, time: 0), (pn: 18446744073709551615, time: 0), (pn: 18446744073709551615, time: 0), (pn: 18446744073709551615, time: 0), (pn: 18446744073709551615, time: 0), (pn: 18446744073709551615, time: 0), (pn: 18446744073709551615, time: 0), (pn: 18446744073709551615, time: 0), (pn: 18446744073709551615, time: 0), (pn: 18446744073709551615, time: 0), (pn: 18446744073709551615, time: 0), (pn: 18446744073709551615, time: 0), (pn: 18446744073709551615, time: 0), (pn: 18446744073709551615, time: 0), (pn: 18446744073709551615, time: 0), (pn: 18446744073709551615, time: 0), (pn: 18446744073709551615, time: 0), (pn: 18446744073709551615, time: 0), (pn: 18446744073709551615, time: 0), (pn: 18446744073709551615, time: 0), (pn: 18446744073709551615, time: 0), (pn: 18446744073709551615, time: 0), (pn: 18446744073709551615, time: 0), (pn: 18446744073709551615, time: 0), (pn: 18446744073709551615, time: 0), (pn: 18446744073709551615, time: 0), (pn: 18446744073709551615, time: 0), (pn: 18446744073709551615, time: 0), (pn: 18446744073709551615, time: 0), (pn: 18446744073709551615, time: 0), (pn: 18446744073709551615, time: 0), (pn: 18446744073709551615, time: 0), (pn: 18446744073709551615, time: 0), (pn: 18446744073709551615, time: 0), (pn: 18446744073709551615, time: 0), (pn: 18446744073709551615, time: 0), (pn: 18446744073709551615, time: 0), (pn: 18446744073709551615, time: 0), (pn: 18446744073709551615, time: 0), (pn: 18446744073709551615, time: 0), (pn: 18446744073709551615, time: 0), (pn: 18446744073709551615, time: 0), (pn: 18446744073709551615, time: 0), (pn: 18446744073709551615, time: 0), (pn: 18446744073709551615, time: 0), (pn: 18446744073709551615, time: 0), (pn: 18446744073709551615, time: 0), (pn: 18446744073709551615, time: 0), (pn: 18446744073709551615, time: 0), (pn: 18446744073709551615, time: 0), (pn: 18446744073709551615, time: 0), (pn: 18446744073709551615, time: 0), (pn: 18446744073709551615, time: 0), (pn: 18446744073709551615, time: 0), (pn: 18446744073709551615, time: 0), (pn: 18446744073709551615, time: 0), (pn: 18446744073709551615, time: 0), (pn: 18446744073709551615, time: 0), (pn: 18446744073709551615, time: 0), (pn: 18446744073709551615, time: 0), (pn: 18446744073709551615, time: 0), (pn: 18446744073709551615, time: 0), (pn: 18446744073709551615, time: 0), (pn: 18446744073709551615, time: 0), (pn: 18446744073709551615, time: 0), (pn: 18446744073709551615, time: 0), (pn: 18446744073709551615, time: 0), (pn: 18446744073709551615, time: 0), (pn: 18446744073709551615, time: 0), (pn: 18446744073709551615, time: 0), (pn: 18446744073709551615, time: 0), (pn: 18446744073709551615, time: 0), (pn: 18446744073709551615, time: 0), (pn: 18446744073709551615, time: 0), (pn: 18446744073709551615, time: 0), (pn: 18446744073709551615, time: 0), (pn: 18446744073709551615, time: 0), (pn: 18446744073709551615, time: 0), (pn: 18446744073709551615, time: 0), (pn: 18446744073709551615, time: 0), (pn: 18446744073709551615, time: 0), (pn: 18446744073709551615, time: 0), (pn: 18446744073709551615, time: 0), (pn: 18446744073709551615, time: 0), (pn: 18446744073709551615, time: 0), (pn: 18446744073709551615, time: 0), (pn: 18446744073709551615, time: 0), (pn: 18446744073709551615, time: 0), (pn: 18446744073709551615, time: 0), (pn: 18446744073709551615, time: 0), (pn: 18446744073709551615, time: 0), (pn: 18446744073709551615, time: 0), (pn: 18446744073709551615, time: 0), (pn: 18446744073709551615, time: 0), (pn: 18446744073709551615, time: 0), (pn: 18446744073709551615, time: 0), (pn: 18446744073709551615, time: 0), (pn: 18446744073709551615, time: 0), (pn: 18446744073709551615, time: 0), (pn: 18446744073709551615, time: 0), (pn: 18446744073709551615, time: 0), (pn: 18446744073709551615, time: 0), (pn: 18446744073709551615, time: 0), (pn: 18446744073709551615, time: 0), (pn: 18446744073709551615, time: 0), (pn: 18446744073709551615, time: 0), (pn: 18446744073709551615, time: 0), (pn: 18446744073709551615, time: 0), (pn: 18446744073709551615, time: 0), (pn: 18446744073709551615, time: 0), (pn: 18446744073709551615, time: 0), (pn: 18446744073709551615, time: 0), (pn: 18446744073709551615, time: 0), (pn: 18446744073709551615, time: 0), (pn: 18446744073709551615, time: 0), (pn: 18446744073709551615, time: 0), (pn: 18446744073709551615, time: 0), (pn: 18446744073709551615, time: 0), (pn: 18446744073709551615, time: 0), (pn: 18446744073709551615, time: 0), (pn: 18446744073709551615, time: 0), (pn: 18446744073709551615, time: 0), (pn: 18446744073709551615, time: 0), (pn: 18446744073709551615, time: 0), (pn: 18446744073709551615, time: 0), (pn: 18446744073709551615, time: 0), (pn: 18446744073709551615, time: 0), (pn: 18446744073709551615, time: 0), (pn: 18446744073709551615, time: 0), (pn: 18446744073709551615, time: 0), (pn: 18446744073709551615, time: 0), (pn: 18446744073709551615, time: 0), (pn: 18446744073709551615, time: 0), (pn: 18446744073709551615, time: 0), (pn: 18446744073709551615, time: 0), (pn: 18446744073709551615, time: 0), (pn: 18446744073709551615, time: 0), (pn: 18446744073709551615, time: 0), (pn: 18446744073709551615, time: 0), (pn: 18446744073709551615, time: 0), (pn: 18446744073709551615, time: 0), (pn: 18446744073709551615, time: 0), (pn: 18446744073709551615, time: 0), (pn: 18446744073709551615, time: 0), (pn: 18446744073709551615, time: 0), (pn: 18446744073709551615, time: 0), (pn: 18446744073709551615, time: 0), (pn: 18446744073709551615, time: 0), (pn: 18446744073709551615, time: 0), (pn: 18446744073709551615, time: 0), (pn: 18446744073709551615, time: 0), (pn: 18446744073709551615, time: 0), (pn: 18446744073709551615, time: 0), (pn: 18446744073709551615, time: 0), (pn: 18446744073709551615, time: 0), (pn: 18446744073709551615, time: 0), (pn: 18446744073709551615, time: 0), (pn: 18446744073709551615, time: 0), (pn: 18446744073709551615, time: 0), (pn: 18446744073709551615, time: 0), (pn: 18446744073709551615, time: 0), (pn: 18446744073709551615, time: 0), (pn: 18446744073709551615, time: 0), (pn: 18446744073709551615, time: 0), (pn: 18446744073709551615, time: 0), (pn: 18446744073709551615, time: 0), (pn: 18446744073709551615, time: 0), (pn: 18446744073709551615, time: 0), (pn: 18446744073709551615, time: 0), (pn: 18446744073709551615, time: 0), (pn: 18446744073709551615, time: 0), (pn: 18446744073709551615, time: 0), (pn: 18446744073709551615, time: 0), (pn: 18446744073709551615, time: 0), (pn: 18446744073709551615, time: 0), (pn: 18446744073709551615, time: 0), (pn: 18446744073709551615, time: 0), (pn: 18446744073709551615, time: 0), (pn: 18446744073709551615, time: 0), (pn: 18446744073709551615, time: 0), (pn: 18446744073709551615, time: 0), (pn: 18446744073709551615, time: 0), (pn: 18446744073709551615, time: 0), (pn: 18446744073709551615, time: 0), (pn: 18446744073709551615, time: 0), (pn: 18446744073709551615, time: 0), (pn: 18446744073709551615, time: 0), (pn: 18446744073709551615, time: 0), (pn: 18446744073709551615, time: 0), (pn: 18446744073709551615, time: 0), (pn: 18446744073709551615, time: 0), (pn: 18446744073709551615, time: 0), (pn: 18446744073709551615, time: 0), (pn: 18446744073709551615, time: 0), (pn: 18446744073709551615, time: 0), (pn: 18446744073709551615, time: 0), (pn: 18446744073709551615, time: 0), (pn: 18446744073709551615, time: 0), (pn: 18446744073709551615, time: 0), (pn: 18446744073709551615, time: 0), (pn: 18446744073709551615, time: 0), (pn: 18446744073709551615, time: 0), (pn: 18446744073709551615, time: 0), (pn: 18446744073709551615, time: 0), (pn: 18446744073709551615, time: 0), (pn: 18446744073709551615, time: 0), (pn: 18446744073709551615, time: 0), (pn: 18446744073709551615, time: 0), (pn: 18446744073709551615, time: 0), (pn: 18446744073709551615, time: 0), (pn: 18446744073709551615, time: 0), (pn: 18446744073709551615, time: 0), (pn: 18446744073709551615, time: 0), (pn: 18446744073709551615, time: 0), (pn: 18446744073709551615, time: 0), (pn: 18446744073709551615, time: 0), (pn: 18446744073709551615, time: 0), (pn: 18446744073709551615, time: 0), (pn: 18446744073709551615, time: 0), (pn: 18446744073709551615, time: 0), (pn: 18446744073709551615, time: 0), (pn: 18446744073709551615, time: 0), (pn: 18446744073709551615, time: 0), (pn: 18446744073709551615, time: 0), (pn: 18446744073709551615, time: 0), (pn: 18446744073709551615, time: 0), (pn: 18446744073709551615, time: 0), (pn: 18446744073709551615, time: 0), (pn: 18446744073709551615, time: 0), (pn: 18446744073709551615, time: 0), (pn: 18446744073709551615, time: 0), (pn: 18446744073709551615, time: 0), (pn: 18446744073709551615, time: 0), (pn: 18446744073709551615, time: 0), (pn: 18446744073709551615, time: 0), (pn: 18446744073709551615, time: 0), (pn: 18446744073709551615, time: 0), (pn: 18446744073709551615, time: 0), (pn: 18446744073709551615, time: 0), (pn: 18446744073709551615, time: 0), (pn: 18446744073709551615, time: 0), (pn: 18446744073709551615, time: 0), (pn: 18446744073709551615, time: 0), (pn: 18446744073709551615, time: 0), (pn: 18446744073709551615, time: 0), (pn: 18446744073709551615, time: 0), (pn: 18446744073709551615, time: 0), (pn: 18446744073709551615, time: 0), (pn: 18446744073709551615, time: 0), (pn: 18446744073709551615, time: 0), (pn: 18446744073709551615, time: 0), (pn: 18446744073709551615, time: 0), (pn: 18446744073709551615, time: 0), (pn: 18446744073709551615, time: 0), (pn: 18446744073709551615, time: 0), (pn: 18446744073709551615, time: 0), (pn: 18446744073709551615, time: 0), (pn: 18446744073709551615, time: 0), (pn: 18446744073709551615, time: 0), (pn: 18446744073709551615, time: 0), (pn: 18446744073709551615, time: 0), (pn: 18446744073709551615, time: 0), (pn: 18446744073709551615, time: 0), (pn: 18446744073709551615, time: 0), (pn: 18446744073709551615, time: 0), (pn: 18446744073709551615, time: 0), (pn: 18446744073709551615, time: 0), (pn: 18446744073709551615, time: 0), (pn: 18446744073709551615, time: 0), (pn: 18446744073709551615, time: 0), (pn: 18446744073709551615, time: 0), (pn: 18446744073709551615, time: 0), (pn: 18446744073709551615, time: 0), (pn: 18446744073709551615, time: 0), (pn: 18446744073709551615, time: 0), (pn: 18446744073709551615, time: 0), (pn: 18446744073709551615, time: 0), (pn: 18446744073709551615, time: 0), (pn: 18446744073709551615, time: 0), (pn: 18446744073709551615, time: 0), (pn: 18446744073709551615, time: 0), (pn: 18446744073709551615, time: 0), (pn: 18446744073709551615, time: 0), (pn: 18446744073709551615, time: 0), (pn: 18446744073709551615, time: 0), (pn: 18446744073709551615, time: 0), (pn: 18446744073709551615, time: 0), (pn: 18446744073709551615, time: 0), (pn: 18446744073709551615, time: 0), (pn: 18446744073709551615, time: 0), (pn: 18446744073709551615, time: 0), (pn: 18446744073709551615, time: 0), (pn: 18446744073709551615, time: 0), (pn: 18446744073709551615, time: 0), (pn: 18446744073709551615, time: 0), (pn: 18446744073709551615, time: 0), (pn: 18446744073709551615, time: 0), (pn: 18446744073709551615, time: 0), (pn: 18446744073709551615, time: 0), (pn: 18446744073709551615, time: 0), (pn: 18446744073709551615, time: 0), (pn: 18446744073709551615, time: 0), (pn: 18446744073709551615, time: 0), (pn: 18446744073709551615, time: 0), (pn: 18446744073709551615, time: 0), (pn: 18446744073709551615, time: 0), (pn: 18446744073709551615, time: 0), (pn: 18446744073709551615, time: 0), (pn: 18446744073709551615, time: 0), (pn: 18446744073709551615, time: 0), (pn: 18446744073709551615, time: 0), (pn: 18446744073709551615, time: 0), (pn: 18446744073709551615, time: 0), (pn: 18446744073709551615, time: 0), (pn: 18446744073709551615, time: 0), (pn: 18446744073709551615, time: 0), (pn: 18446744073709551615, time: 0), (pn: 18446744073709551615, time: 0), (pn: 18446744073709551615, time: 0), (pn: 18446744073709551615, time: 0), (pn: 18446744073709551615, time: 0), (pn: 18446744073709551615, time: 0), (pn: 18446744073709551615, time: 0), (pn: 18446744073709551615, time: 0), (pn: 18446744073709551615, time: 0), (pn: 18446744073709551615, time: 0), (pn: 18446744073709551615, time: 0), (pn: 18446744073709551615, time: 0), (pn: 18446744073709551615, time: 0), (pn: 18446744073709551615, time: 0), (pn: 18446744073709551615, time: 0), (pn: 18446744073709551615, time: 0), (pn: 18446744073709551615, time: 0), (pn: 18446744073709551615, time: 0), (pn: 18446744073709551615, time: 0), (pn: 18446744073709551615, time: 0), (pn: 18446744073709551615, time: 0), (pn: 18446744073709551615, time: 0), (pn: 18446744073709551615, time: 0), (pn: 18446744073709551615, time: 0), (pn: 18446744073709551615, time: 0), (pn: 18446744073709551615, time: 0), (pn: 18446744073709551615, time: 0), (pn: 18446744073709551615, time: 0), (pn: 18446744073709551615, time: 0), (pn: 18446744073709551615, time: 0), (pn: 18446744073709551615, time: 0), (pn: 18446744073709551615, time: 0), (pn: 18446744073709551615, time: 0), (pn: 18446744073709551615, time: 0), (pn: 18446744073709551615, time: 0), (pn: 18446744073709551615, time: 0), (pn: 18446744073709551615, time: 0), (pn: 18446744073709551615, time: 0), (pn: 18446744073709551615, time: 0), (pn: 18446744073709551615, time: 0), (pn: 18446744073709551615, time: 0), (pn: 18446744073709551615, time: 0), (pn: 18446744073709551615, time: 0), (pn: 18446744073709551615, time: 0), (pn: 18446744073709551615, time: 0), (pn: 18446744073709551615, time: 0), (pn: 18446744073709551615, time: 0), (pn: 18446744073709551615, time: 0), (pn: 18446744073709551615, time: 0), (pn: 18446744073709551615, time: 0), (pn: 18446744073709551615, time: 0), (pn: 18446744073709551615, time: 0), (pn: 18446744073709551615, time: 0), (pn: 18446744073709551615, time: 0), (pn: 18446744073709551615, time: 0), (pn: 18446744073709551615, time: 0), (pn: 18446744073709551615, time: 0), (pn: 18446744073709551615, time: 0), (pn: 18446744073709551615, time: 0), (pn: 18446744073709551615, time: 0), (pn: 18446744073709551615, time: 0), (pn: 18446744073709551615, time: 0), (pn: 18446744073709551615, time: 0), (pn: 18446744073709551615, time: 0), (pn: 18446744073709551615, time: 0), (pn: 18446744073709551615, time: 0), (pn: 18446744073709551615, time: 0), (pn: 18446744073709551615, time: 0), (pn: 18446744073709551615, time: 0), (pn: 18446744073709551615, time: 0), (pn: 18446744073709551615, time: 0), (pn: 18446744073709551615, time: 0), (pn: 18446744073709551615, time: 0), (pn: 18446744073709551615, time: 0), (pn: 18446744073709551615, time: 0), (pn: 18446744073709551615, time: 0), (pn: 18446744073709551615, time: 0), (pn: 18446744073709551615, time: 0), (pn: 18446744073709551615, time: 0), (pn: 18446744073709551615, time: 0), (pn: 18446744073709551615, time: 0), (pn: 18446744073709551615, time: 0), (pn: 18446744073709551615, time: 0), (pn: 18446744073709551615, time: 0), (pn: 18446744073709551615, time: 0), (pn: 18446744073709551615, time: 0), (pn: 18446744073709551615, time: 0), (pn: 18446744073709551615, time: 0), (pn: 18446744073709551615, time: 0), (pn: 18446744073709551615, time: 0), (pn: 18446744073709551615, time: 0), (pn: 18446744073709551615, time: 0), (pn: 18446744073709551615, time: 0), (pn: 18446744073709551615, time: 0), (pn: 18446744073709551615, time: 0), (pn: 18446744073709551615, time: 0), (pn: 18446744073709551615, time: 0), (pn: 18446744073709551615, time: 0), (pn: 18446744073709551615, time: 0), (pn: 18446744073709551615, time: 0), (pn: 18446744073709551615, time: 0), (pn: 18446744073709551615, time: 0), (pn: 18446744073709551615, time: 0), (pn: 18446744073709551615, time: 0), (pn: 18446744073709551615, time: 0), (pn: 18446744073709551615, time: 0), (pn: 18446744073709551615, time: 0), (pn: 18446744073709551615, time: 0), (pn: 18446744073709551615, time: 0), (pn: 18446744073709551615, time: 0), (pn: 18446744073709551615, time: 0), (pn: 18446744073709551615, time: 0), (pn: 18446744073709551615, time: 0), (pn: 18446744073709551615, time: 0), (pn: 18446744073709551615, time: 0), (pn: 18446744073709551615, time: 0), (pn: 18446744073709551615, time: 0), (pn: 18446744073709551615, time: 0), (pn: 18446744073709551615, time: 0), (pn: 18446744073709551615, time: 0), (pn: 18446744073709551615, time: 0), (pn: 18446744073709551615, time: 0), (pn: 18446744073709551615, time: 0), (pn: 18446744073709551615, time: 0), (pn: 18446744073709551615, time: 0), (pn: 18446744073709551615, time: 0), (pn: 18446744073709551615, time: 0), (pn: 18446744073709551615, time: 0), (pn: 18446744073709551615, time: 0), (pn: 18446744073709551615, time: 0), (pn: 18446744073709551615, time: 0), (pn: 18446744073709551615, time: 0), (pn: 18446744073709551615, time: 0), (pn: 18446744073709551615, time: 0), (pn: 18446744073709551615, time: 0), (pn: 18446744073709551615, time: 0), (pn: 18446744073709551615, time: 0), (pn: 18446744073709551615, time: 0), (pn: 18446744073709551615, time: 0), (pn: 18446744073709551615, time: 0), (pn: 18446744073709551615, time: 0), (pn: 18446744073709551615, time: 0), (pn: 18446744073709551615, time: 0), (pn: 18446744073709551615, time: 0), (pn: 18446744073709551615, time: 0), (pn: 18446744073709551615, time: 0), (pn: 18446744073709551615, time: 0), (pn: 18446744073709551615, time: 0), (pn: 18446744073709551615, time: 0), (pn: 18446744073709551615, time: 0), (pn: 18446744073709551615, time: 0), (pn: 18446744073709551615, time: 0), (pn: 18446744073709551615, time: 0), (pn: 18446744073709551615, time: 0), (pn: 18446744073709551615, time: 0), (pn: 18446744073709551615, time: 0), (pn: 18446744073709551615, time: 0), (pn: 18446744073709551615, time: 0), (pn: 18446744073709551615, time: 0), (pn: 18446744073709551615, time: 0), (pn: 18446744073709551615, time: 0), (pn: 18446744073709551615, time: 0), (pn: 18446744073709551615, time: 0), (pn: 18446744073709551615, time: 0), (pn: 18446744073709551615, time: 0), (pn: 18446744073709551615, time: 0), (pn: 18446744073709551615, time: 0), (pn: 18446744073709551615, time: 0), (pn: 18446744073709551615, time: 0), (pn: 18446744073709551615, time: 0), (pn: 18446744073709551615, time: 0), (pn: 18446744073709551615, time: 0), (pn: 18446744073709551615, time: 0), (pn: 18446744073709551615, time: 0), (pn: 18446744073709551615, time: 0), (pn: 18446744073709551615, time: 0), (pn: 18446744073709551615, time: 0), (pn: 18446744073709551615, time: 0), (pn: 18446744073709551615, time: 0), (pn: 18446744073709551615, time: 0), (pn: 18446744073709551615, time: 0), (pn: 18446744073709551615, time: 0), (pn: 18446744073709551615, time: 0), (pn: 18446744073709551615, time: 0), (pn: 18446744073709551615, time: 0), (pn: 18446744073709551615, time: 0), (pn: 18446744073709551615, time: 0), (pn: 18446744073709551615, time: 0), (pn: 18446744073709551615, time: 0), (pn: 18446744073709551615, time: 0), (pn: 18446744073709551615, time: 0), (pn: 18446744073709551615, time: 0), (pn: 18446744073709551615, time: 0), (pn: 18446744073709551615, time: 0), (pn: 18446744073709551615, time: 0), (pn: 18446744073709551615, time: 0), (pn: 18446744073709551615, time: 0), (pn: 18446744073709551615, time: 0), (pn: 18446744073709551615, time: 0), (pn: 18446744073709551615, time: 0), (pn: 18446744073709551615, time: 0), (pn: 18446744073709551615, time: 0), (pn: 18446744073709551615, time: 0), (pn: 18446744073709551615, time: 0), (pn: 18446744073709551615, time: 0), (pn: 18446744073709551615, time: 0), (pn: 18446744073709551615, time: 0), (pn: 18446744073709551615, time: 0), (pn: 18446744073709551615, time: 0), (pn: 18446744073709551615, time: 0), (pn: 18446744073709551615, time: 0), (pn: 18446744073709551615, time: 0), (pn: 18446744073709551615, time: 0), (pn: 18446744073709551615, time: 0), (pn: 18446744073709551615, time: 0), (pn: 18446744073709551615, time: 0), (pn: 18446744073709551615, time: 0), (pn: 18446744073709551615, time: 0), (pn: 18446744073709551615, time: 0), (pn: 18446744073709551615, time: 0), (pn: 18446744073709551615, time: 0), (pn: 18446744073709551615, time: 0), (pn: 18446744073709551615, time: 0), (pn: 18446744073709551615, time: 0), (pn: 18446744073709551615, time: 0), (pn: 18446744073709551615, time: 0), (pn: 18446744073709551615, time: 0), (pn: 18446744073709551615, time: 0), (pn: 18446744073709551615, time: 0), (pn: 18446744073709551615, time: 0), (pn: 18446744073709551615, time: 0), (pn: 18446744073709551615, time: 0), (pn: 18446744073709551615, time: 0), (pn: 18446744073709551615, time: 0), (pn: 18446744073709551615, time: 0), (pn: 18446744073709551615, time: 0), (pn: 18446744073709551615, time: 0), (pn: 18446744073709551615, time: 0), (pn: 18446744073709551615, time: 0), (pn: 18446744073709551615, time: 0), (pn: 18446744073709551615, time: 0), (pn: 18446744073709551615, time: 0), (pn: 18446744073709551615, time: 0), (pn: 18446744073709551615, time: 0), (pn: 18446744073709551615, time: 0), (pn: 18446744073709551615, time: 0), (pn: 18446744073709551615, time: 0), (pn: 18446744073709551615, time: 0), (pn: 18446744073709551615, time: 0), (pn: 18446744073709551615, time: 0), (pn: 18446744073709551615, time: 0), (pn: 18446744073709551615, time: 0), (pn: 18446744073709551615, time: 0), (pn: 18446744073709551615, time: 0), (pn: 18446744073709551615, time: 0), (pn: 18446744073709551615, time: 0), (pn: 18446744073709551615, time: 0), (pn: 18446744073709551615, time: 0), (pn: 18446744073709551615, time: 0), (pn: 18446744073709551615, time: 0), (pn: 18446744073709551615, time: 0), (pn: 18446744073709551615, time: 0), (pn: 18446744073709551615, time: 0), (pn: 18446744073709551615, time: 0), (pn: 18446744073709551615, time: 0), (pn: 18446744073709551615, time: 0), (pn: 18446744073709551615, time: 0), (pn: 18446744073709551615, time: 0), (pn: 18446744073709551615, time: 0), (pn: 18446744073709551615, time: 0), (pn: 18446744073709551615, time: 0), (pn: 18446744073709551615, time: 0), (pn: 18446744073709551615, time: 0), (pn: 18446744073709551615, time: 0), (pn: 18446744073709551615, time: 0), (pn: 18446744073709551615, time: 0), (pn: 18446744073709551615, time: 0), (pn: 18446744073709551615, time: 0), (pn: 18446744073709551615, time: 0), (pn: 18446744073709551615, time: 0), (pn: 18446744073709551615, time: 0), (pn: 18446744073709551615, time: 0), (pn: 18446744073709551615, time: 0), (pn: 18446744073709551615, time: 0), (pn: 18446744073709551615, time: 0), (pn: 18446744073709551615, time: 0), (pn: 18446744073709551615, time: 0), (pn: 18446744073709551615, time: 0), (pn: 18446744073709551615, time: 0), (pn: 18446744073709551615, time: 0), (pn: 18446744073709551615, time: 0), (pn: 18446744073709551615, time: 0), (pn: 18446744073709551615, time: 0), (pn: 18446744073709551615, time: 0), (pn: 18446744073709551615, time: 0), (pn: 18446744073709551615, time: 0), (pn: 18446744073709551615, time: 0), (pn: 18446744073709551615, time: 0), (pn: 18446744073709551615, time: 0), (pn: 18446744073709551615, time: 0), (pn: 18446744073709551615, time: 0), (pn: 18446744073709551615, time: 0), (pn: 18446744073709551615, time: 0), (pn: 18446744073709551615, time: 0), (pn: 18446744073709551615, time: 0), (pn: 18446744073709551615, time: 0), (pn: 18446744073709551615, time: 0), (pn: 18446744073709551615, time: 0), (pn: 18446744073709551615, time: 0), (pn: 18446744073709551615, time: 0), (pn: 18446744073709551615, time: 0), (pn: 18446744073709551615, time: 0), (pn: 18446744073709551615, time: 0), (pn: 18446744073709551615, time: 0), (pn: 18446744073709551615, time: 0), (pn: 18446744073709551615, time: 0), (pn: 18446744073709551615, time: 0), (pn: 18446744073709551615, time: 0), (pn: 18446744073709551615, time: 0), (pn: 18446744073709551615, time: 0), (pn: 18446744073709551615, time: 0), (pn: 18446744073709551615, time: 0), (pn: 18446744073709551615, time: 0), (pn: 18446744073709551615, time: 0), (pn: 18446744073709551615, time: 0), (pn: 18446744073709551615, time: 0), (pn: 18446744073709551615, time: 0), (pn: 18446744073709551615, time: 0), (pn: 18446744073709551615, time: 0), (pn: 18446744073709551615, time: 0), (pn: 18446744073709551615, time: 0), (pn: 18446744073709551615, time: 0), (pn: 18446744073709551615, time: 0), (pn: 18446744073709551615, time: 0), (pn: 18446744073709551615, time: 0), (pn: 18446744073709551615, time: 0), (pn: 18446744073709551615, time: 0), (pn: 18446744073709551615, time: 0), (pn: 18446744073709551615, time: 0), (pn: 18446744073709551615, time: 0), (pn: 18446744073709551615, time: 0), (pn: 18446744073709551615, time: 0), (pn: 18446744073709551615, time: 0), (pn: 18446744073709551615, time: 0), (pn: 18446744073709551615, time: 0), (pn: 18446744073709551615, time: 0), (pn: 18446744073709551615, time: 0), (pn: 18446744073709551615, time: 0), (pn: 18446744073709551615, time: 0), (pn: 18446744073709551615, time: 0), (pn: 18446744073709551615, time: 0), (pn: 18446744073709551615, time: 0), (pn: 18446744073709551615, time: 0), (pn: 18446744073709551615, time: 0), (pn: 18446744073709551615, time: 0), (pn: 18446744073709551615, time: 0), (pn: 18446744073709551615, time: 0), (pn: 18446744073709551615, time: 0), (pn: 18446744073709551615, time: 0), (pn: 18446744073709551615, time: 0), (pn: 18446744073709551615, time: 0), (pn: 18446744073709551615, time: 0), (pn: 18446744073709551615, time: 0), (pn: 18446744073709551615, time: 0), (pn: 18446744073709551615, time: 0), (pn: 18446744073709551615, time: 0), (pn: 18446744073709551615, time: 0), (pn: 18446744073709551615, time: 0), (pn: 18446744073709551615, time: 0), (pn: 18446744073709551615, time: 0), (pn: 18446744073709551615, time: 0), (pn: 18446744073709551615, time: 0), (pn: 18446744073709551615, time: 0), (pn: 18446744073709551615, time: 0), (pn: 18446744073709551615, time: 0), (pn: 18446744073709551615, time: 0), (pn: 18446744073709551615, time: 0), (pn: 18446744073709551615, time: 0), (pn: 18446744073709551615, time: 0), (pn: 18446744073709551615, time: 0), (pn: 18446744073709551615, time: 0), (pn: 18446744073709551615, time: 0), (pn: 18446744073709551615, time: 0), (pn: 18446744073709551615, time: 0), (pn: 18446744073709551615, time: 0), (pn: 18446744073709551615, time: 0), (pn: 18446744073709551615, time: 0), (pn: 18446744073709551615, time: 0), (pn: 18446744073709551615, time: 0), (pn: 18446744073709551615, time: 0), (pn: 18446744073709551615, time: 0), (pn: 18446744073709551615, time: 0), (pn: 18446744073709551615, time: 0), (pn: 18446744073709551615, time: 0), (pn: 18446744073709551615, time: 0), (pn: 18446744073709551615, time: 0), (pn: 18446744073709551615, time: 0), (pn: 18446744073709551615, time: 0), (pn: 18446744073709551615, time: 0), (pn: 18446744073709551615, time: 0), (pn: 18446744073709551615, time: 0), (pn: 18446744073709551615, time: 0), (pn: 18446744073709551615, time: 0), (pn: 18446744073709551615, time: 0), (pn: 18446744073709551615, time: 0), (pn: 18446744073709551615, time: 0), (pn: 18446744073709551615, time: 0), (pn: 18446744073709551615, time: 0), (pn: 18446744073709551615, time: 0), (pn: 18446744073709551615, time: 0), (pn: 18446744073709551615, time: 0), (pn: 18446744073709551615, time: 0), (pn: 18446744073709551615, time: 0), (pn: 18446744073709551615, time: 0), (pn: 18446744073709551615, time: 0), (pn: 18446744073709551615, time: 0), (pn: 18446744073709551615, time: 0), (pn: 18446744073709551615, time: 0), (pn: 18446744073709551615, time: 0), (pn: 18446744073709551615, time: 0), (pn: 18446744073709551615, time: 0), (pn: 18446744073709551615, time: 0), (pn: 18446744073709551615, time: 0), (pn: 18446744073709551615, time: 0), (pn: 18446744073709551615, time: 0), (pn: 18446744073709551615, time: 0), (pn: 18446744073709551615, time: 0), (pn: 18446744073709551615, time: 0), (pn: 18446744073709551615, time: 0), (pn: 18446744073709551615, time: 0), (pn: 18446744073709551615, time: 0), (pn: 18446744073709551615, time: 0), (pn: 18446744073709551615, time: 0), (pn: 18446744073709551615, time: 0), (pn: 18446744073709551615, time: 0), (pn: 18446744073709551615, time: 0), (pn: 18446744073709551615, time: 0), (pn: 18446744073709551615, time: 0), (pn: 18446744073709551615, time: 0), (pn: 18446744073709551615, time: 0), (pn: 18446744073709551615, time: 0), (pn: 18446744073709551615, time: 0), (pn: 18446744073709551615, time: 0), (pn: 18446744073709551615, time: 0), (pn: 18446744073709551615, time: 0), (pn: 18446744073709551615, time: 0), (pn: 18446744073709551615, time: 0), (pn: 18446744073709551615, time: 0), (pn: 18446744073709551615, time: 0), (pn: 18446744073709551615, time: 0), (pn: 18446744073709551615, time: 0), (pn: 18446744073709551615, time: 0), (pn: 18446744073709551615, time: 0), (pn: 18446744073709551615, time: 0), (pn: 18446744073709551615, time: 0), (pn: 18446744073709551615, time: 0), (pn: 18446744073709551615, time: 0), (pn: 18446744073709551615, time: 0), (pn: 18446744073709551615, time: 0), (pn: 18446744073709551615, time: 0), (pn: 18446744073709551615, time: 0), (pn: 18446744073709551615, time: 0), (pn: 18446744073709551615, time: 0), (pn: 18446744073709551615, time: 0), (pn: 18446744073709551615, time: 0), (pn: 18446744073709551615, time: 0), (pn: 18446744073709551615, time: 0), (pn: 18446744073709551615, time: 0), (pn: 18446744073709551615, time: 0), (pn: 18446744073709551615, time: 0), (pn: 18446744073709551615, time: 0), (pn: 18446744073709551615, time: 0), (pn: 18446744073709551615, time: 0), (pn: 18446744073709551615, time: 0), (pn: 18446744073709551615, time: 0), (pn: 18446744073709551615, time: 0), (pn: 18446744073709551615, time: 0), (pn: 18446744073709551615, time: 0), (pn: 18446744073709551615, time: 0), (pn: 18446744073709551615, time: 0), (pn: 18446744073709551615, time: 0), (pn: 18446744073709551615, time: 0), (pn: 18446744073709551615, time: 0), (pn: 18446744073709551615, time: 0), (pn: 18446744073709551615, time: 0), (pn: 18446744073709551615, time: 0), (pn: 18446744073709551615, time: 0), (pn: 18446744073709551615, time: 0), (pn: 18446744073709551615, time: 0), (pn: 18446744073709551615, time: 0), (pn: 18446744073709551615, time: 0), (pn: 18446744073709551615, time: 0), (pn: 18446744073709551615, time: 0), (pn: 18446744073709551615, time: 0), (pn: 18446744073709551615, time: 0), (pn: 18446744073709551615, time: 0), (pn: 18446744073709551615, time: 0), (pn: 18446744073709551615, time: 0), (pn: 18446744073709551615, time: 0), (pn: 18446744073709551615, time: 0), (pn: 18446744073709551615, time: 0), (pn: 18446744073709551615, time: 0), (pn: 18446744073709551615, time: 0), (pn: 18446744073709551615, time: 0), (pn: 18446744073709551615, time: 0), (pn: 18446744073709551615, time: 0), (pn: 18446744073709551615, time: 0), (pn: 18446744073709551615, time: 0), (pn: 18446744073709551615, time: 0), (pn: 18446744073709551615, time: 0), (pn: 18446744073709551615, time: 0), (pn: 18446744073709551615, time: 0), (pn: 18446744073709551615, time: 0), (pn: 18446744073709551615, time: 0), (pn: 18446744073709551615, time: 0), (pn: 18446744073709551615, time: 0), (pn: 18446744073709551615, time: 0), (pn: 18446744073709551615, time: 0), (pn: 18446744073709551615, time: 0), (pn: 18446744073709551615, time: 0), (pn: 18446744073709551615, time: 0), (pn: 18446744073709551615, time: 0), (pn: 18446744073709551615, time: 0), (pn: 18446744073709551615, time: 0), (pn: 18446744073709551615, time: 0), (pn: 18446744073709551615, time: 0), (pn: 18446744073709551615, time: 0), (pn: 18446744073709551615, time: 0), (pn: 18446744073709551615, time: 0), (pn: 18446744073709551615, time: 0), (pn: 18446744073709551615, time: 0), (pn: 18446744073709551615, time: 0), (pn: 18446744073709551615, time: 0), (pn: 18446744073709551615, time: 0), (pn: 18446744073709551615, time: 0), (pn: 18446744073709551615, time: 0), (pn: 18446744073709551615, time: 0), (pn: 18446744073709551615, time: 0), (pn: 18446744073709551615, time: 0), (pn: 18446744073709551615, time: 0), (pn: 18446744073709551615, time: 0), (pn: 18446744073709551615, time: 0), (pn: 18446744073709551615, time: 0), (pn: 18446744073709551615, time: 0), (pn: 18446744073709551615, time: 0), (pn: 18446744073709551615, time: 0), (pn: 18446744073709551615, time: 0), (pn: 18446744073709551615, time: 0), (pn: 18446744073709551615, time: 0), (pn: 18446744073709551615, time: 0), (pn: 18446744073709551615, time: 0), (pn: 18446744073709551615, time: 0), (pn: 18446744073709551615, time: 0), (pn: 18446744073709551615, time: 0), (pn: 18446744073709551615, time: 0), (pn: 18446744073709551615, time: 0), (pn: 18446744073709551615, time: 0), (pn: 18446744073709551615, time: 0), (pn: 18446744073709551615, time: 0), (pn: 18446744073709551615, time: 0), (pn: 18446744073709551615, time: 0), (pn: 18446744073709551615, time: 0), (pn: 18446744073709551615, time: 0), (pn: 18446744073709551615, time: 0), (pn: 18446744073709551615, time: 0), (pn: 18446744073709551615, time: 0), (pn: 18446744073709551615, time: 0), (pn: 18446744073709551615, time: 0), (pn: 18446744073709551615, time: 0), (pn: 18446744073709551615, time: 0), (pn: 18446744073709551615, time: 0), (pn: 18446744073709551615, time: 0), (pn: 18446744073709551615, time: 0), (pn: 18446744073709551615, time: 0), (pn: 18446744073709551615, time: 0), (pn: 18446744073709551615, time: 0), (pn: 18446744073709551615, time: 0), (pn: 18446744073709551615, time: 0), (pn: 18446744073709551615, time: 0), (pn: 18446744073709551615, time: 0), (pn: 18446744073709551615, time: 0), (pn: 18446744073709551615, time: 0), (pn: 18446744073709551615, time: 0), (pn: 18446744073709551615, time: 0), (pn: 18446744073709551615, time: 0), (pn: 18446744073709551615, time: 0), (pn: 18446744073709551615, time: 0), (pn: 18446744073709551615, time: 0), (pn: 18446744073709551615, time: 0), (pn: 18446744073709551615, time: 0), (pn: 18446744073709551615, time: 0), (pn: 18446744073709551615, time: 0), (pn: 18446744073709551615, time: 0), (pn: 18446744073709551615, time: 0), (pn: 18446744073709551615, time: 0), (pn: 18446744073709551615, time: 0), (pn: 18446744073709551615, time: 0), (pn: 18446744073709551615, time: 0), (pn: 18446744073709551615, time: 0), (pn: 18446744073709551615, time: 0), (pn: 18446744073709551615, time: 0), (pn: 18446744073709551615, time: 0), (pn: 18446744073709551615, time: 0), (pn: 18446744073709551615, time: 0), (pn: 18446744073709551615, time: 0), (pn: 18446744073709551615, time: 0), (pn: 18446744073709551615, time: 0), (pn: 18446744073709551615, time: 0), (pn: 18446744073709551615, time: 0), (pn: 18446744073709551615, time: 0), (pn: 18446744073709551615, time: 0), (pn: 18446744073709551615, time: 0), (pn: 18446744073709551615, time: 0), (pn: 18446744073709551615, time: 0), (pn: 18446744073709551615, time: 0), (pn: 18446744073709551615, time: 0), (pn: 18446744073709551615, time: 0), (pn: 18446744073709551615, time: 0), (pn: 18446744073709551615, time: 0), (pn: 18446744073709551615, time: 0), (pn: 18446744073709551615, time: 0), (pn: 18446744073709551615, time: 0), (pn: 18446744073709551615, time: 0), (pn: 18446744073709551615, time: 0), (pn: 18446744073709551615, time: 0), (pn: 18446744073709551615, time: 0), (pn: 18446744073709551615, time: 0), (pn: 18446744073709551615, time: 0), (pn: 18446744073709551615, time: 0), (pn: 18446744073709551615, time: 0), (pn: 18446744073709551615, time: 0), (pn: 18446744073709551615, time: 0), (pn: 18446744073709551615, time: 0), (pn: 18446744073709551615, time: 0), (pn: 18446744073709551615, time: 0), (pn: 18446744073709551615, time: 0), (pn: 18446744073709551615, time: 0), (pn: 18446744073709551615, time: 0), (pn: 18446744073709551615, time: 0), (pn: 18446744073709551615, time: 0), (pn: 18446744073709551615, time: 0), (pn: 18446744073709551615, time: 0), (pn: 18446744073709551615, time: 0), (pn: 18446744073709551615, time: 0), (pn: 18446744073709551615, time: 0), (pn: 18446744073709551615, time: 0), (pn: 18446744073709551615, time: 0), (pn: 18446744073709551615, time: 0), (pn: 18446744073709551615, time: 0), (pn: 18446744073709551615, time: 0), (pn: 18446744073709551615, time: 0), (pn: 18446744073709551615, time: 0), (pn: 18446744073709551615, time: 0), (pn: 18446744073709551615, time: 0), (pn: 18446744073709551615, time: 0), (pn: 18446744073709551615, time: 0), (pn: 18446744073709551615, time: 0), (pn: 18446744073709551615, time: 0), (pn: 18446744073709551615, time: 0), (pn: 18446744073709551615, time: 0), (pn: 18446744073709551615, time: 0), (pn: 18446744073709551615, time: 0), (pn: 18446744073709551615, time: 0), (pn: 18446744073709551615, time: 0), (pn: 18446744073709551615, time: 0), (pn: 18446744073709551615, time: 0), (pn: 18446744073709551615, time: 0), (pn: 18446744073709551615, time: 0), (pn: 18446744073709551615, time: 0), (pn: 18446744073709551615, time: 0), (pn: 18446744073709551615, time: 0), (pn: 18446744073709551615, time: 0), (pn: 18446744073709551615, time: 0), (pn: 18446744073709551615, time: 0), (pn: 18446744073709551615, time: 0), (pn: 18446744073709551615, time: 0), (pn: 18446744073709551615, time: 0), (pn: 18446744073709551615, time: 0), (pn: 18446744073709551615, time: 0), (pn: 18446744073709551615, time: 0), (pn: 18446744073709551615, time: 0), (pn: 18446744073709551615, time: 0), (pn: 18446744073709551615, time: 0), (pn: 18446744073709551615, time: 0), (pn: 18446744073709551615, time: 0), (pn: 18446744073709551615, time: 0), (pn: 18446744073709551615, time: 0), (pn: 18446744073709551615, time: 0), (pn: 18446744073709551615, time: 0), (pn: 18446744073709551615, time: 0), (pn: 18446744073709551615, time: 0), (pn: 18446744073709551615, time: 0), (pn: 18446744073709551615, time: 0), (pn: 18446744073709551615, time: 0), (pn: 18446744073709551615, time: 0), (pn: 18446744073709551615, time: 0), (pn: 18446744073709551615, time: 0), (pn: 18446744073709551615, time: 0), (pn: 18446744073709551615, time: 0), (pn: 18446744073709551615, time: 0), (pn: 18446744073709551615, time: 0), (pn: 18446744073709551615, time: 0), (pn: 18446744073709551615, time: 0), (pn: 18446744073709551615, time: 0), (pn: 18446744073709551615, time: 0), (pn: 18446744073709551615, time: 0), (pn: 18446744073709551615, time: 0), (pn: 18446744073709551615, time: 0), (pn: 18446744073709551615, time: 0), (pn: 18446744073709551615, time: 0), (pn: 18446744073709551615, time: 0), (pn: 18446744073709551615, time: 0), (pn: 18446744073709551615, time: 0), (pn: 18446744073709551615, time: 0), (pn: 18446744073709551615, time: 0), (pn: 18446744073709551615, time: 0), (pn: 18446744073709551615, time: 0), (pn: 18446744073709551615, time: 0), (pn: 18446744073709551615, time: 0), (pn: 18446744073709551615, time: 0), (pn: 18446744073709551615, time: 0), (pn: 18446744073709551615, time: 0), (pn: 18446744073709551615, time: 0), (pn: 18446744073709551615, time: 0), (pn: 18446744073709551615, time: 0), (pn: 18446744073709551615, time: 0), (pn: 18446744073709551615, time: 0), (pn: 18446744073709551615, time: 0), (pn: 18446744073709551615, time: 0), (pn: 18446744073709551615, time: 0), (pn: 18446744073709551615, time: 0), (pn: 18446744073709551615, time: 0), (pn: 18446744073709551615, time: 0), (pn: 18446744073709551615, time: 0), (pn: 18446744073709551615, time: 0), (pn: 18446744073709551615, time: 0), (pn: 18446744073709551615, time: 0), (pn: 18446744073709551615, time: 0), (pn: 18446744073709551615, time: 0), (pn: 18446744073709551615, time: 0), (pn: 18446744073709551615, time: 0), (pn: 18446744073709551615, time: 0), (pn: 18446744073709551615, time: 0), (pn: 18446744073709551615, time: 0), (pn: 18446744073709551615, time: 0), (pn: 18446744073709551615, time: 0), (pn: 18446744073709551615, time: 0), (pn: 18446744073709551615, time: 0), (pn: 18446744073709551615, time: 0), (pn: 18446744073709551615, time: 0), (pn: 18446744073709551615, time: 0), (pn: 18446744073709551615, time: 0), (pn: 18446744073709551615, time: 0), (pn: 18446744073709551615, time: 0), (pn: 18446744073709551615, time: 0), (pn: 18446744073709551615, time: 0), (pn: 18446744073709551615, time: 0), (pn: 18446744073709551615, time: 0), (pn: 18446744073709551615, time: 0), (pn: 18446744073709551615, time: 0), (pn: 18446744073709551615, time: 0), (pn: 18446744073709551615, time: 0), (pn: 18446744073709551615, time: 0), (pn: 18446744073709551615, time: 0), (pn: 18446744073709551615, time: 0), (pn: 18446744073709551615, time: 0), (pn: 18446744073709551615, time: 0), (pn: 18446744073709551615, time: 0), (pn: 18446744073709551615, time: 0), (pn: 18446744073709551615, time: 0), (pn: 18446744073709551615, time: 0), (pn: 18446744073709551615, time: 0), (pn: 18446744073709551615, time: 0), (pn: 18446744073709551615, time: 0), (pn: 18446744073709551615, time: 0), (pn: 18446744073709551615, time: 0), (pn: 18446744073709551615, time: 0), (pn: 18446744073709551615, time: 0), (pn: 18446744073709551615, time: 0), (pn: 18446744073709551615, time: 0), (pn: 18446744073709551615, time: 0), (pn: 18446744073709551615, time: 0), (pn: 18446744073709551615, time: 0), (pn: 18446744073709551615, time: 0), (pn: 18446744073709551615, time: 0), (pn: 18446744073709551615, time: 0), (pn: 18446744073709551615, time: 0), (pn: 18446744073709551615, time: 0), (pn: 18446744073709551615, time: 0), (pn: 18446744073709551615, time: 0), (pn: 18446744073709551615, time: 0), (pn: 18446744073709551615, time: 0), (pn: 18446744073709551615, time: 0), (pn: 18446744073709551615, time: 0), (pn: 18446744073709551615, time: 0), (pn: 18446744073709551615, time: 0), (pn: 18446744073709551615, time: 0), (pn: 18446744073709551615, time: 0), (pn: 18446744073709551615, time: 0), (pn: 18446744073709551615, time: 0), (pn: 18446744073709551615, time: 0), (pn: 18446744073709551615, time: 0), (pn: 18446744073709551615, time: 0), (pn: 18446744073709551615, time: 0), (pn: 18446744073709551615, time: 0), (pn: 18446744073709551615, time: 0), (pn: 18446744073709551615, time: 0), (pn: 18446744073709551615, time: 0), (pn: 18446744073709551615, time: 0), (pn: 18446744073709551615, time: 0), (pn: 18446744073709551615, time: 0), (pn: 18446744073709551615, time: 0), (pn: 18446744073709551615, time: 0), (pn: 18446744073709551615, time: 0), (pn: 18446744073709551615, time: 0), (pn: 18446744073709551615, time: 0), (pn: 18446744073709551615, time: 0), (pn: 18446744073709551615, time: 0), (pn: 18446744073709551615, time: 0), (pn: 18446744073709551615, time: 0), (pn: 18446744073709551615, time: 0), (pn: 18446744073709551615, time: 0), (pn: 18446744073709551615, time: 0), (pn: 18446744073709551615, time: 0), (pn: 18446744073709551615, time: 0), (pn: 18446744073709551615, time: 0), (pn: 18446744073709551615, time: 0), (pn: 18446744073709551615, time: 0), (pn: 18446744073709551615, time: 0), (pn: 18446744073709551615, time: 0), (pn: 18446744073709551615, time: 0), (pn: 18446744073709551615, time: 0), (pn: 18446744073709551615, time: 0), (pn: 18446744073709551615, time: 0), (pn: 18446744073709551615, time: 0), (pn: 18446744073709551615, time: 0), (pn: 18446744073709551615, time: 0), (pn: 18446744073709551615, time: 0), (pn: 18446744073709551615, time: 0), (pn: 18446744073709551615, time: 0), (pn: 18446744073709551615, time: 0), (pn: 18446744073709551615, time: 0), (pn: 18446744073709551615, time: 0), (pn: 18446744073709551615, time: 0), (pn: 18446744073709551615, time: 0), (pn: 18446744073709551615, time: 0), (pn: 18446744073709551615, time: 0), (pn: 18446744073709551615, time: 0), (pn: 18446744073709551615, time: 0), (pn: 18446744073709551615, time: 0), (pn: 18446744073709551615, time: 0), (pn: 18446744073709551615, time: 0), (pn: 18446744073709551615, time: 0), (pn: 18446744073709551615, time: 0), (pn: 18446744073709551615, time: 0), (pn: 18446744073709551615, time: 0), (pn: 18446744073709551615, time: 0), (pn: 18446744073709551615, time: 0), (pn: 18446744073709551615, time: 0), (pn: 18446744073709551615, time: 0), (pn: 18446744073709551615, time: 0), (pn: 18446744073709551615, time: 0), (pn: 18446744073709551615, time: 0), (pn: 18446744073709551615, time: 0), (pn: 18446744073709551615, time: 0), (pn: 18446744073709551615, time: 0), (pn: 18446744073709551615, time: 0), (pn: 18446744073709551615, time: 0), (pn: 18446744073709551615, time: 0), (pn: 18446744073709551615, time: 0), (pn: 18446744073709551615, time: 0), (pn: 18446744073709551615, time: 0), (pn: 18446744073709551615, time: 0), (pn: 18446744073709551615, time: 0), (pn: 18446744073709551615, time: 0), (pn: 18446744073709551615, time: 0), (pn: 18446744073709551615, time: 0), (pn: 18446744073709551615, time: 0), (pn: 18446744073709551615, time: 0), (pn: 18446744073709551615, time: 0), (pn: 18446744073709551615, time: 0), (pn: 18446744073709551615, time: 0), (pn: 18446744073709551615, time: 0), (pn: 18446744073709551615, time: 0), (pn: 18446744073709551615, time: 0), (pn: 18446744073709551615, time: 0), (pn: 18446744073709551615, time: 0), (pn: 18446744073709551615, time: 0), (pn: 18446744073709551615, time: 0), (pn: 18446744073709551615, time: 0), (pn: 18446744073709551615, time: 0), (pn: 18446744073709551615, time: 0), (pn: 18446744073709551615, time: 0), (pn: 18446744073709551615, time: 0), (pn: 18446744073709551615, time: 0), (pn: 18446744073709551615, time: 0), (pn: 18446744073709551615, time: 0), (pn: 18446744073709551615, time: 0), (pn: 18446744073709551615, time: 0), (pn: 18446744073709551615, time: 0), (pn: 18446744073709551615, time: 0), (pn: 18446744073709551615, time: 0), (pn: 18446744073709551615, time: 0), (pn: 18446744073709551615, time: 0), (pn: 18446744073709551615, time: 0), (pn: 18446744073709551615, time: 0), (pn: 18446744073709551615, time: 0), (pn: 18446744073709551615, time: 0), (pn: 18446744073709551615, time: 0), (pn: 18446744073709551615, time: 0), (pn: 18446744073709551615, time: 0), (pn: 18446744073709551615, time: 0), (pn: 18446744073709551615, time: 0), (pn: 18446744073709551615, time: 0), (pn: 18446744073709551615, time: 0), (pn: 18446744073709551615, time: 0), (pn: 18446744073709551615, time: 0), (pn: 18446744073709551615, time: 0), (pn: 18446744073709551615, time: 0), (pn: 18446744073709551615, time: 0), (pn: 18446744073709551615, time: 0), (pn: 18446744073709551615, time: 0), (pn: 18446744073709551615, time: 0), (pn: 18446744073709551615, time: 0), (pn: 18446744073709551615, time: 0), (pn: 18446744073709551615, time: 0), (pn: 18446744073709551615, time: 0), (pn: 18446744073709551615, time: 0), (pn: 18446744073709551615, time: 0), (pn: 18446744073709551615, time: 0), (pn: 18446744073709551615, time: 0), (pn: 18446744073709551615, time: 0), (pn: 18446744073709551615, time: 0), (pn: 18446744073709551615, time: 0), (pn: 18446744073709551615, time: 0), (pn: 18446744073709551615, time: 0), (pn: 18446744073709551615, time: 0), (pn: 18446744073709551615, time: 0), (pn: 18446744073709551615, time: 0), (pn: 18446744073709551615, time: 0), (pn: 18446744073709551615, time: 0), (pn: 18446744073709551615, time: 0), (pn: 18446744073709551615, time: 0), (pn: 18446744073709551615, time: 0), (pn: 18446744073709551615, time: 0), (pn: 18446744073709551615, time: 0), (pn: 18446744073709551615, time: 0), (pn: 18446744073709551615, time: 0), (pn: 18446744073709551615, time: 0), (pn: 18446744073709551615, time: 0), (pn: 18446744073709551615, time: 0), (pn: 18446744073709551615, time: 0), (pn: 18446744073709551615, time: 0), (pn: 18446744073709551615, time: 0), (pn: 18446744073709551615, time: 0), (pn: 18446744073709551615, time: 0), (pn: 18446744073709551615, time: 0), (pn: 18446744073709551615, time: 0), (pn: 18446744073709551615, time: 0), (pn: 18446744073709551615, time: 0), (pn: 18446744073709551615, time: 0), (pn: 18446744073709551615, time: 0), (pn: 18446744073709551615, time: 0), (pn: 18446744073709551615, time: 0), (pn: 18446744073709551615, time: 0), (pn: 18446744073709551615, time: 0), (pn: 18446744073709551615, time: 0), (pn: 18446744073709551615, time: 0), (pn: 18446744073709551615, time: 0), (pn: 18446744073709551615, time: 0), (pn: 18446744073709551615, time: 0), (pn: 18446744073709551615, time: 0), (pn: 18446744073709551615, time: 0), (pn: 18446744073709551615, time: 0), (pn: 18446744073709551615, time: 0), (pn: 18446744073709551615, time: 0), (pn: 18446744073709551615, time: 0), (pn: 18446744073709551615, time: 0), (pn: 18446744073709551615, time: 0), (pn: 18446744073709551615, time: 0), (pn: 18446744073709551615, time: 0), (pn: 18446744073709551615, time: 0), (pn: 18446744073709551615, time: 0), (pn: 18446744073709551615, time: 0), (pn: 18446744073709551615, time: 0), (pn: 18446744073709551615, time: 0), (pn: 18446744073709551615, time: 0), (pn: 18446744073709551615, time: 0), (pn: 18446744073709551615, time: 0), (pn: 18446744073709551615, time: 0), (pn: 18446744073709551615, time: 0), (pn: 18446744073709551615, time: 0), (pn: 18446744073709551615, time: 0), (pn: 18446744073709551615, time: 0), (pn: 18446744073709551615, time: 0), (pn: 18446744073709551615, time: 0), (pn: 18446744073709551615, time: 0), (pn: 18446744073709551615, time: 0), (pn: 18446744073709551615, time: 0), (pn: 18446744073709551615, time: 0), (pn: 18446744073709551615, time: 0), (pn: 18446744073709551615, time: 0), (pn: 18446744073709551615, time: 0), (pn: 18446744073709551615, time: 0), (pn: 18446744073709551615, time: 0), (pn: 18446744073709551615, time: 0), (pn: 18446744073709551615, time: 0), (pn: 18446744073709551615, time: 0), (pn: 18446744073709551615, time: 0), (pn: 18446744073709551615, time: 0), (pn: 18446744073709551615, time: 0), (pn: 18446744073709551615, time: 0), (pn: 18446744073709551615, time: 0), (pn: 18446744073709551615, time: 0), (pn: 18446744073709551615, time: 0), (pn: 18446744073709551615, time: 0), (pn: 18446744073709551615, time: 0), (pn: 18446744073709551615, time: 0), (pn: 18446744073709551615, time: 0), (pn: 18446744073709551615, time: 0), (pn: 18446744073709551615, time: 0), (pn: 18446744073709551615, time: 0), (pn: 18446744073709551615, time: 0), (pn: 18446744073709551615, time: 0), (pn: 18446744073709551615, time: 0), (pn: 18446744073709551615, time: 0), (pn: 18446744073709551615, time: 0), (pn: 18446744073709551615, time: 0), (pn: 18446744073709551615, time: 0), (pn: 18446744073709551615, time: 0), (pn: 18446744073709551615, time: 0), (pn: 18446744073709551615, time: 0), (pn: 18446744073709551615, time: 0), (pn: 18446744073709551615, time: 0), (pn: 18446744073709551615, time: 0), (pn: 18446744073709551615, time: 0), (pn: 18446744073709551615, time: 0), (pn: 18446744073709551615, time: 0), (pn: 18446744073709551615, time: 0), (pn: 18446744073709551615, time: 0), (pn: 18446744073709551615, time: 0), (pn: 18446744073709551615, time: 0), (pn: 18446744073709551615, time: 0), (pn: 18446744073709551615, time: 0), (pn: 18446744073709551615, time: 0), (pn: 18446744073709551615, time: 0), (pn: 18446744073709551615, time: 0), (pn: 18446744073709551615, time: 0), (pn: 18446744073709551615, time: 0), (pn: 18446744073709551615, time: 0), (pn: 18446744073709551615, time: 0), (pn: 18446744073709551615, time: 0), (pn: 18446744073709551615, time: 0), (pn: 18446744073709551615, time: 0), (pn: 18446744073709551615, time: 0), (pn: 18446744073709551615, time: 0), (pn: 18446744073709551615, time: 0), (pn: 18446744073709551615, time: 0), (pn: 18446744073709551615, time: 0), (pn: 18446744073709551615, time: 0), (pn: 18446744073709551615, time: 0), (pn: 18446744073709551615, time: 0), (pn: 18446744073709551615, time: 0), (pn: 18446744073709551615, time: 0), (pn: 18446744073709551615, time: 0), (pn: 18446744073709551615, time: 0), (pn: 18446744073709551615, time: 0), (pn: 18446744073709551615, time: 0), (pn: 18446744073709551615, time: 0), (pn: 18446744073709551615, time: 0), (pn: 18446744073709551615, time: 0), (pn: 18446744073709551615, time: 0), (pn: 18446744073709551615, time: 0), (pn: 18446744073709551615, time: 0), (pn: 18446744073709551615, time: 0), (pn: 18446744073709551615, time: 0), (pn: 18446744073709551615, time: 0), (pn: 18446744073709551615, time: 0), (pn: 18446744073709551615, time: 0), (pn: 18446744073709551615, time: 0), (pn: 18446744073709551615, time: 0), (pn: 18446744073709551615, time: 0), (pn: 18446744073709551615, time: 0), (pn: 18446744073709551615, time: 0), (pn: 18446744073709551615, time: 0), (pn: 18446744073709551615, time: 0), (pn: 18446744073709551615, time: 0), (pn: 18446744073709551615, time: 0), (pn: 18446744073709551615, time: 0), (pn: 18446744073709551615, time: 0), (pn: 18446744073709551615, time: 0), (pn: 18446744073709551615, time: 0), (pn: 18446744073709551615, time: 0), (pn: 18446744073709551615, time: 0), (pn: 18446744073709551615, time: 0), (pn: 18446744073709551615, time: 0), (pn: 18446744073709551615, time: 0), (pn: 18446744073709551615, time: 0), (pn: 18446744073709551615, time: 0), (pn: 18446744073709551615, time: 0), (pn: 18446744073709551615, time: 0), (pn: 18446744073709551615, time: 0), (pn: 18446744073709551615, time: 0), (pn: 18446744073709551615, time: 0), (pn: 18446744073709551615, time: 0), (pn: 18446744073709551615, time: 0), (pn: 18446744073709551615, time: 0), (pn: 18446744073709551615, time: 0), (pn: 18446744073709551615, time: 0), (pn: 18446744073709551615, time: 0), (pn: 18446744073709551615, time: 0), (pn: 18446744073709551615, time: 0), (pn: 18446744073709551615, time: 0), (pn: 18446744073709551615, time: 0), (pn: 18446744073709551615, time: 0), (pn: 18446744073709551615, time: 0), (pn: 18446744073709551615, time: 0), (pn: 18446744073709551615, time: 0), (pn: 18446744073709551615, time: 0), (pn: 18446744073709551615, time: 0), (pn: 18446744073709551615, time: 0), (pn: 18446744073709551615, time: 0), (pn: 18446744073709551615, time: 0), (pn: 18446744073709551615, time: 0), (pn: 18446744073709551615, time: 0), (pn: 18446744073709551615, time: 0), (pn: 18446744073709551615, time: 0), (pn: 18446744073709551615, time: 0), (pn: 18446744073709551615, time: 0), (pn: 18446744073709551615, time: 0), (pn: 18446744073709551615, time: 0), (pn: 18446744073709551615, time: 0), (pn: 18446744073709551615, time: 0), (pn: 18446744073709551615, time: 0), (pn: 18446744073709551615, time: 0), (pn: 18446744073709551615, time: 0), (pn: 18446744073709551615, time: 0), (pn: 18446744073709551615, time: 0), (pn: 18446744073709551615, time: 0), (pn: 18446744073709551615, time: 0), (pn: 18446744073709551615, time: 0), (pn: 18446744073709551615, time: 0), (pn: 18446744073709551615, time: 0), (pn: 18446744073709551615, time: 0), (pn: 18446744073709551615, time: 0), (pn: 18446744073709551615, time: 0), (pn: 18446744073709551615, time: 0), (pn: 18446744073709551615, time: 0), (pn: 18446744073709551615, time: 0), (pn: 18446744073709551615, time: 0), (pn: 18446744073709551615, time: 0), (pn: 18446744073709551615, time: 0), (pn: 18446744073709551615, time: 0), (pn: 18446744073709551615, time: 0), (pn: 18446744073709551615, time: 0), (pn: 18446744073709551615, time: 0), (pn: 18446744073709551615, time: 0), (pn: 18446744073709551615, time: 0), (pn: 18446744073709551615, time: 0), (pn: 18446744073709551615, time: 0), (pn: 18446744073709551615, time: 0), (pn: 18446744073709551615, time: 0), (pn: 18446744073709551615, time: 0), (pn: 18446744073709551615, time: 0), (pn: 18446744073709551615, time: 0), (pn: 18446744073709551615, time: 0), (pn: 18446744073709551615, time: 0), (pn: 18446744073709551615, time: 0), (pn: 18446744073709551615, time: 0), (pn: 18446744073709551615, time: 0), (pn: 18446744073709551615, time: 0), (pn: 18446744073709551615, time: 0), (pn: 18446744073709551615, time: 0), (pn: 18446744073709551615, time: 0), (pn: 18446744073709551615, time: 0), (pn: 18446744073709551615, time: 0), (pn: 18446744073709551615, time: 0), (pn: 18446744073709551615, time: 0), (pn: 18446744073709551615, time: 0), (pn: 18446744073709551615, time: 0), (pn: 18446744073709551615, time: 0), (pn: 18446744073709551615, time: 0), (pn: 18446744073709551615, time: 0), (pn: 18446744073709551615, time: 0), (pn: 18446744073709551615, time: 0), (pn: 18446744073709551615, time: 0), (pn: 18446744073709551615, time: 0), (pn: 18446744073709551615, time: 0), (pn: 18446744073709551615, time: 0), (pn: 18446744073709551615, time: 0), (pn: 18446744073709551615, time: 0), (pn: 18446744073709551615, time: 0), (pn: 18446744073709551615, time: 0), (pn: 18446744073709551615, time: 0), (pn: 18446744073709551615, time: 0), (pn: 18446744073709551615, time: 0), (pn: 18446744073709551615, time: 0), (pn: 18446744073709551615, time: 0), (pn: 18446744073709551615, time: 0), (pn: 18446744073709551615, time: 0), (pn: 18446744073709551615, time: 0), (pn: 18446744073709551615, time: 0), (pn: 18446744073709551615, time: 0), (pn: 18446744073709551615, time: 0), (pn: 18446744073709551615, time: 0), (pn: 18446744073709551615, time: 0), (pn: 18446744073709551615, time: 0), (pn: 18446744073709551615, time: 0), (pn: 18446744073709551615, time: 0), (pn: 18446744073709551615, time: 0), (pn: 18446744073709551615, time: 0), (pn: 18446744073709551615, time: 0), (pn: 18446744073709551615, time: 0), (pn: 18446744073709551615, time: 0), (pn: 18446744073709551615, time: 0), (pn: 18446744073709551615, time: 0), (pn: 18446744073709551615, time: 0), (pn: 18446744073709551615, time: 0), (pn: 18446744073709551615, time: 0), (pn: 18446744073709551615, time: 0), (pn: 18446744073709551615, time: 0), (pn: 18446744073709551615, time: 0), (pn: 18446744073709551615, time: 0), (pn: 18446744073709551615, time: 0), (pn: 18446744073709551615, time: 0), (pn: 18446744073709551615, time: 0), (pn: 18446744073709551615, time: 0), (pn: 18446744073709551615, time: 0), (pn: 18446744073709551615, time: 0), (pn: 18446744073709551615, time: 0), (pn: 18446744073709551615, time: 0), (pn: 18446744073709551615, time: 0), (pn: 18446744073709551615, time: 0), (pn: 18446744073709551615, time: 0), (pn: 18446744073709551615, time: 0), (pn: 18446744073709551615, time: 0), (pn: 18446744073709551615, time: 0), (pn: 18446744073709551615, time: 0), (pn: 18446744073709551615, time: 0), (pn: 18446744073709551615, time: 0), (pn: 18446744073709551615, time: 0), (pn: 18446744073709551615, time: 0), (pn: 18446744073709551615, time: 0), (pn: 18446744073709551615, time: 0), (pn: 18446744073709551615, time: 0), (pn: 18446744073709551615, time: 0), (pn: 18446744073709551615, time: 0), (pn: 18446744073709551615, time: 0), (pn: 18446744073709551615, time: 0), (pn: 18446744073709551615, time: 0), (pn: 18446744073709551615, time: 0), (pn: 18446744073709551615, time: 0), (pn: 18446744073709551615, time: 0), (pn: 18446744073709551615, time: 0), (pn: 18446744073709551615, time: 0), (pn: 18446744073709551615, time: 0), (pn: 18446744073709551615, time: 0), (pn: 18446744073709551615, time: 0), (pn: 18446744073709551615, time: 0), (pn: 18446744073709551615, time: 0), (pn: 18446744073709551615, time: 0), (pn: 18446744073709551615, time: 0), (pn: 18446744073709551615, time: 0), (pn: 18446744073709551615, time: 0), (pn: 18446744073709551615, time: 0), (pn: 18446744073709551615, time: 0), (pn: 18446744073709551615, time: 0), (pn: 18446744073709551615, time: 0), (pn: 18446744073709551615, time: 0), (pn: 18446744073709551615, time: 0), (pn: 18446744073709551615, time: 0), (pn: 18446744073709551615, time: 0), (pn: 18446744073709551615, time: 0), (pn: 18446744073709551615, time: 0), (pn: 18446744073709551615, time: 0), (pn: 18446744073709551615, time: 0), (pn: 18446744073709551615, time: 0), (pn: 18446744073709551615, time: 0), (pn: 18446744073709551615, time: 0), (pn: 18446744073709551615, time: 0), (pn: 18446744073709551615, time: 0), (pn: 18446744073709551615, time: 0), (pn: 18446744073709551615, time: 0), (pn: 18446744073709551615, time: 0), (pn: 18446744073709551615, time: 0), (pn: 18446744073709551615, time: 0), (pn: 18446744073709551615, time: 0), (pn: 18446744073709551615, time: 0), (pn: 18446744073709551615, time: 0), (pn: 18446744073709551615, time: 0), (pn: 18446744073709551615, time: 0), (pn: 18446744073709551615, time: 0), (pn: 18446744073709551615, time: 0), (pn: 18446744073709551615, time: 0), (pn: 18446744073709551615, time: 0), (pn: 18446744073709551615, time: 0), (pn: 18446744073709551615, time: 0), (pn: 18446744073709551615, time: 0), (pn: 18446744073709551615, time: 0), (pn: 18446744073709551615, time: 0), (pn: 18446744073709551615, time: 0), (pn: 18446744073709551615, time: 0), (pn: 18446744073709551615, time: 0), (pn: 18446744073709551615, time: 0), (pn: 18446744073709551615, time: 0), (pn: 18446744073709551615, time: 0), (pn: 18446744073709551615, time: 0), (pn: 18446744073709551615, time: 0), (pn: 18446744073709551615, time: 0), (pn: 18446744073709551615, time: 0), (pn: 18446744073709551615, time: 0), (pn: 18446744073709551615, time: 0), (pn: 18446744073709551615, time: 0), (pn: 18446744073709551615, time: 0), (pn: 18446744073709551615, time: 0), (pn: 18446744073709551615, time: 0), (pn: 18446744073709551615, time: 0), (pn: 18446744073709551615, time: 0), (pn: 18446744073709551615, time: 0), (pn: 18446744073709551615, time: 0), (pn: 18446744073709551615, time: 0), (pn: 18446744073709551615, time: 0), (pn: 18446744073709551615, time: 0), (pn: 18446744073709551615, time: 0), (pn: 18446744073709551615, time: 0), (pn: 18446744073709551615, time: 0), (pn: 18446744073709551615, time: 0), (pn: 18446744073709551615, time: 0), (pn: 18446744073709551615, time: 0), (pn: 18446744073709551615, time: 0), (pn: 18446744073709551615, time: 0), (pn: 18446744073709551615, time: 0), (pn: 18446744073709551615, time: 0), (pn: 18446744073709551615, time: 0), (pn: 18446744073709551615, time: 0), (pn: 18446744073709551615, time: 0), (pn: 18446744073709551615, time: 0), (pn: 18446744073709551615, time: 0), (pn: 18446744073709551615, time: 0), (pn: 18446744073709551615, time: 0), (pn: 18446744073709551615, time: 0), (pn: 18446744073709551615, time: 0), (pn: 18446744073709551615, time: 0), (pn: 18446744073709551615, time: 0), (pn: 18446744073709551615, time: 0), (pn: 18446744073709551615, time: 0), (pn: 18446744073709551615, time: 0), (pn: 18446744073709551615, time: 0), (pn: 18446744073709551615, time: 0), (pn: 18446744073709551615, time: 0), (pn: 18446744073709551615, time: 0), (pn: 18446744073709551615, time: 0), (pn: 18446744073709551615, time: 0), (pn: 18446744073709551615, time: 0), (pn: 18446744073709551615, time: 0), (pn: 18446744073709551615, time: 0), (pn: 18446744073709551615, time: 0), (pn: 18446744073709551615, time: 0), (pn: 18446744073709551615, time: 0), (pn: 18446744073709551615, time: 0), (pn: 18446744073709551615, time: 0), (pn: 18446744073709551615, time: 0), (pn: 18446744073709551615, time: 0), (pn: 18446744073709551615, time: 0), (pn: 18446744073709551615, time: 0), (pn: 18446744073709551615, time: 0), (pn: 18446744073709551615, time: 0), (pn: 18446744073709551615, time: 0), (pn: 18446744073709551615, time: 0), (pn: 18446744073709551615, time: 0), (pn: 18446744073709551615, time: 0), (pn: 18446744073709551615, time: 0), (pn: 18446744073709551615, time: 0), (pn: 18446744073709551615, time: 0), (pn: 18446744073709551615, time: 0), (pn: 18446744073709551615, time: 0), (pn: 18446744073709551615, time: 0), (pn: 18446744073709551615, time: 0), (pn: 18446744073709551615, time: 0), (pn: 18446744073709551615, time: 0), (pn: 18446744073709551615, time: 0), (pn: 18446744073709551615, time: 0), (pn: 18446744073709551615, time: 0), (pn: 18446744073709551615, time: 0), (pn: 18446744073709551615, time: 0), (pn: 18446744073709551615, time: 0), (pn: 18446744073709551615, time: 0), (pn: 18446744073709551615, time: 0), (pn: 18446744073709551615, time: 0), (pn: 18446744073709551615, time: 0), (pn: 18446744073709551615, time: 0), (pn: 18446744073709551615, time: 0), (pn: 18446744073709551615, time: 0), (pn: 18446744073709551615, time: 0), (pn: 18446744073709551615, time: 0), (pn: 18446744073709551615, time: 0), (pn: 18446744073709551615, time: 0), (pn: 18446744073709551615, time: 0), (pn: 18446744073709551615, time: 0), (pn: 18446744073709551615, time: 0), (pn: 18446744073709551615, time: 0), (pn: 18446744073709551615, time: 0), (pn: 18446744073709551615, time: 0), (pn: 18446744073709551615, time: 0), (pn: 18446744073709551615, time: 0), (pn: 18446744073709551615, time: 0), (pn: 18446744073709551615, time: 0), (pn: 18446744073709551615, time: 0), (pn: 18446744073709551615, time: 0), (pn: 18446744073709551615, time: 0), (pn: 18446744073709551615, time: 0), (pn: 18446744073709551615, time: 0), (pn: 18446744073709551615, time: 0), (pn: 18446744073709551615, time: 0), (pn: 18446744073709551615, time: 0), (pn: 18446744073709551615, time: 0), (pn: 18446744073709551615, time: 0), (pn: 18446744073709551615, time: 0), (pn: 18446744073709551615, time: 0), (pn: 18446744073709551615, time: 0), (pn: 18446744073709551615, time: 0), (pn: 18446744073709551615, time: 0), (pn: 18446744073709551615, time: 0), (pn: 18446744073709551615, time: 0), (pn: 18446744073709551615, time: 0), (pn: 18446744073709551615, time: 0), (pn: 18446744073709551615, time: 0), (pn: 18446744073709551615, time: 0), (pn: 18446744073709551615, time: 0), (pn: 18446744073709551615, time: 0), (pn: 18446744073709551615, time: 0), (pn: 18446744073709551615, time: 0), (pn: 18446744073709551615, time: 0), (pn: 18446744073709551615, time: 0), (pn: 18446744073709551615, time: 0), (pn: 18446744073709551615, time: 0), (pn: 18446744073709551615, time: 0), (pn: 18446744073709551615, time: 0), (pn: 18446744073709551615, time: 0), (pn: 18446744073709551615, time: 0), (pn: 18446744073709551615, time: 0), (pn: 18446744073709551615, time: 0), (pn: 18446744073709551615, time: 0), (pn: 18446744073709551615, time: 0), (pn: 18446744073709551615, time: 0), (pn: 18446744073709551615, time: 0), (pn: 18446744073709551615, time: 0), (pn: 18446744073709551615, time: 0), (pn: 18446744073709551615, time: 0), (pn: 18446744073709551615, time: 0), (pn: 18446744073709551615, time: 0), (pn: 18446744073709551615, time: 0), (pn: 18446744073709551615, time: 0), (pn: 18446744073709551615, time: 0), (pn: 18446744073709551615, time: 0), (pn: 18446744073709551615, time: 0), (pn: 18446744073709551615, time: 0), (pn: 18446744073709551615, time: 0), (pn: 18446744073709551615, time: 0), (pn: 18446744073709551615, time: 0), (pn: 18446744073709551615, time: 0), (pn: 18446744073709551615, time: 0), (pn: 18446744073709551615, time: 0), (pn: 18446744073709551615, time: 0), (pn: 18446744073709551615, time: 0), (pn: 18446744073709551615, time: 0), (pn: 18446744073709551615, time: 0), (pn: 18446744073709551615, time: 0), (pn: 18446744073709551615, time: 0), (pn: 18446744073709551615, time: 0), (pn: 18446744073709551615, time: 0), (pn: 18446744073709551615, time: 0), (pn: 18446744073709551615, time: 0), (pn: 18446744073709551615, time: 0), (pn: 18446744073709551615, time: 0), (pn: 18446744073709551615, time: 0), (pn: 18446744073709551615, time: 0), (pn: 18446744073709551615, time: 0), (pn: 18446744073709551615, time: 0), (pn: 18446744073709551615, time: 0), (pn: 18446744073709551615, time: 0), (pn: 18446744073709551615, time: 0), (pn: 18446744073709551615, time: 0), (pn: 18446744073709551615, time: 0), (pn: 18446744073709551615, time: 0), (pn: 18446744073709551615, time: 0), (pn: 18446744073709551615, time: 0), (pn: 18446744073709551615, time: 0), (pn: 18446744073709551615, time: 0), (pn: 18446744073709551615, time: 0), (pn: 18446744073709551615, time: 0), (pn: 18446744073709551615, time: 0), (pn: 18446744073709551615, time: 0), (pn: 18446744073709551615, time: 0), (pn: 18446744073709551615, time: 0), (pn: 18446744073709551615, time: 0), (pn: 18446744073709551615, time: 0), (pn: 18446744073709551615, time: 0), (pn: 18446744073709551615, time: 0), (pn: 18446744073709551615, time: 0), (pn: 18446744073709551615, time: 0), (pn: 18446744073709551615, time: 0), (pn: 18446744073709551615, time: 0), (pn: 18446744073709551615, time: 0), (pn: 18446744073709551615, time: 0), (pn: 18446744073709551615, time: 0), (pn: 18446744073709551615, time: 0), (pn: 18446744073709551615, time: 0), (pn: 18446744073709551615, time: 0), (pn: 18446744073709551615, time: 0), (pn: 18446744073709551615, time: 0), (pn: 18446744073709551615, time: 0), (pn: 18446744073709551615, time: 0), (pn: 18446744073709551615, time: 0), (pn: 18446744073709551615, time: 0), (pn: 18446744073709551615, time: 0), (pn: 18446744073709551615, time: 0), (pn: 18446744073709551615, time: 0), (pn: 18446744073709551615, time: 0), (pn: 18446744073709551615, time: 0), (pn: 18446744073709551615, time: 0), (pn: 18446744073709551615, time: 0), (pn: 18446744073709551615, time: 0), (pn: 18446744073709551615, time: 0), (pn: 18446744073709551615, time: 0), (pn: 18446744073709551615, time: 0), (pn: 18446744073709551615, time: 0), (pn: 18446744073709551615, time: 0), (pn: 18446744073709551615, time: 0), (pn: 18446744073709551615, time: 0), (pn: 18446744073709551615, time: 0), (pn: 18446744073709551615, time: 0), (pn: 18446744073709551615, time: 0), (pn: 18446744073709551615, time: 0), (pn: 18446744073709551615, time: 0), (pn: 18446744073709551615, time: 0), (pn: 18446744073709551615, time: 0), (pn: 18446744073709551615, time: 0), (pn: 18446744073709551615, time: 0), (pn: 18446744073709551615, time: 0), (pn: 18446744073709551615, time: 0), (pn: 18446744073709551615, time: 0), (pn: 18446744073709551615, time: 0), (pn: 18446744073709551615, time: 0), (pn: 18446744073709551615, time: 0), (pn: 18446744073709551615, time: 0), (pn: 18446744073709551615, time: 0), (pn: 18446744073709551615, time: 0), (pn: 18446744073709551615, time: 0), (pn: 18446744073709551615, time: 0), (pn: 18446744073709551615, time: 0), (pn: 18446744073709551615, time: 0), (pn: 18446744073709551615, time: 0), (pn: 18446744073709551615, time: 0), (pn: 18446744073709551615, time: 0), (pn: 18446744073709551615, time: 0), (pn: 18446744073709551615, time: 0), (pn: 18446744073709551615, time: 0), (pn: 18446744073709551615, time: 0), (pn: 18446744073709551615, time: 0), (pn: 18446744073709551615, time: 0), (pn: 18446744073709551615, time: 0), (pn: 18446744073709551615, time: 0), (pn: 18446744073709551615, time: 0), (pn: 18446744073709551615, time: 0), (pn: 18446744073709551615, time: 0), (pn: 18446744073709551615, time: 0), (pn: 18446744073709551615, time: 0), (pn: 18446744073709551615, time: 0), (pn: 18446744073709551615, time: 0), (pn: 18446744073709551615, time: 0), (pn: 18446744073709551615, time: 0), (pn: 18446744073709551615, time: 0), (pn: 18446744073709551615, time: 0), (pn: 18446744073709551615, time: 0), (pn: 18446744073709551615, time: 0), (pn: 18446744073709551615, time: 0), (pn: 18446744073709551615, time: 0), (pn: 18446744073709551615, time: 0), (pn: 18446744073709551615, time: 0), (pn: 18446744073709551615, time: 0), (pn: 18446744073709551615, time: 0), (pn: 18446744073709551615, time: 0), (pn: 18446744073709551615, time: 0), (pn: 18446744073709551615, time: 0), (pn: 18446744073709551615, time: 0), (pn: 18446744073709551615, time: 0), (pn: 18446744073709551615, time: 0), (pn: 18446744073709551615, time: 0), (pn: 18446744073709551615, time: 0), (pn: 18446744073709551615, time: 0), (pn: 18446744073709551615, time: 0), (pn: 18446744073709551615, time: 0), (pn: 18446744073709551615, time: 0), (pn: 18446744073709551615, time: 0), (pn: 18446744073709551615, time: 0), (pn: 18446744073709551615, time: 0), (pn: 18446744073709551615, time: 0), (pn: 18446744073709551615, time: 0), (pn: 18446744073709551615, time: 0), (pn: 18446744073709551615, time: 0), (pn: 18446744073709551615, time: 0), (pn: 18446744073709551615, time: 0), (pn: 18446744073709551615, time: 0), (pn: 18446744073709551615, time: 0), (pn: 18446744073709551615, time: 0), (pn: 18446744073709551615, time: 0), (pn: 18446744073709551615, time: 0), (pn: 18446744073709551615, time: 0), (pn: 18446744073709551615, time: 0), (pn: 18446744073709551615, time: 0), (pn: 18446744073709551615, time: 0), (pn: 18446744073709551615, time: 0), (pn: 18446744073709551615, time: 0), (pn: 18446744073709551615, time: 0), (pn: 18446744073709551615, time: 0), (pn: 18446744073709551615, time: 0), (pn: 18446744073709551615, time: 0), (pn: 18446744073709551615, time: 0), (pn: 18446744073709551615, time: 0), (pn: 18446744073709551615, time: 0), (pn: 18446744073709551615, time: 0), (pn: 18446744073709551615, time: 0), (pn: 18446744073709551615, time: 0), (pn: 18446744073709551615, time: 0), (pn: 18446744073709551615, time: 0), (pn: 18446744073709551615, time: 0), (pn: 18446744073709551615, time: 0), (pn: 18446744073709551615, time: 0), (pn: 18446744073709551615, time: 0), (pn: 18446744073709551615, time: 0), (pn: 18446744073709551615, time: 0), (pn: 18446744073709551615, time: 0), (pn: 18446744073709551615, time: 0), (pn: 18446744073709551615, time: 0), (pn: 18446744073709551615, time: 0), (pn: 18446744073709551615, time: 0), (pn: 18446744073709551615, time: 0), (pn: 18446744073709551615, time: 0), (pn: 18446744073709551615, time: 0), (pn: 18446744073709551615, time: 0), (pn: 18446744073709551615, time: 0), (pn: 18446744073709551615, time: 0), (pn: 18446744073709551615, time: 0), (pn: 18446744073709551615, time: 0), (pn: 18446744073709551615, time: 0), (pn: 18446744073709551615, time: 0), (pn: 18446744073709551615, time: 0), (pn: 18446744073709551615, time: 0), (pn: 18446744073709551615, time: 0), (pn: 18446744073709551615, time: 0), (pn: 18446744073709551615, time: 0), (pn: 18446744073709551615, time: 0), (pn: 18446744073709551615, time: 0), (pn: 18446744073709551615, time: 0), (pn: 18446744073709551615, time: 0), (pn: 18446744073709551615, time: 0), (pn: 18446744073709551615, time: 0), (pn: 18446744073709551615, time: 0), (pn: 18446744073709551615, time: 0), (pn: 18446744073709551615, time: 0), (pn: 18446744073709551615, time: 0), (pn: 18446744073709551615, time: 0), (pn: 18446744073709551615, time: 0), (pn: 18446744073709551615, time: 0), (pn: 18446744073709551615, time: 0), (pn: 18446744073709551615, time: 0), (pn: 18446744073709551615, time: 0), (pn: 18446744073709551615, time: 0), (pn: 18446744073709551615, time: 0), (pn: 18446744073709551615, time: 0), (pn: 18446744073709551615, time: 0), (pn: 18446744073709551615, time: 0), (pn: 18446744073709551615, time: 0), (pn: 18446744073709551615, time: 0), (pn: 18446744073709551615, time: 0), (pn: 18446744073709551615, time: 0), (pn: 18446744073709551615, time: 0), (pn: 18446744073709551615, time: 0), (pn: 18446744073709551615, time: 0), (pn: 18446744073709551615, time: 0), (pn: 18446744073709551615, time: 0), (pn: 18446744073709551615, time: 0), (pn: 18446744073709551615, time: 0), (pn: 18446744073709551615, time: 0), (pn: 18446744073709551615, time: 0), (pn: 18446744073709551615, time: 0), (pn: 18446744073709551615, time: 0), (pn: 18446744073709551615, time: 0), (pn: 18446744073709551615, time: 0), (pn: 18446744073709551615, time: 0), (pn: 18446744073709551615, time: 0), (pn: 18446744073709551615, time: 0), (pn: 18446744073709551615, time: 0), (pn: 18446744073709551615, time: 0), (pn: 18446744073709551615, time: 0), (pn: 18446744073709551615, time: 0), (pn: 18446744073709551615, time: 0), (pn: 18446744073709551615, time: 0), (pn: 18446744073709551615, time: 0), (pn: 18446744073709551615, time: 0), (pn: 18446744073709551615, time: 0), (pn: 18446744073709551615, time: 0), (pn: 18446744073709551615, time: 0), (pn: 18446744073709551615, time: 0), (pn: 18446744073709551615, time: 0), (pn: 18446744073709551615, time: 0), (pn: 18446744073709551615, time: 0), (pn: 18446744073709551615, time: 0), (pn: 18446744073709551615, time: 0), (pn: 18446744073709551615, time: 0), (pn: 18446744073709551615, time: 0), (pn: 18446744073709551615, time: 0), (pn: 18446744073709551615, time: 0), (pn: 18446744073709551615, time: 0), (pn: 18446744073709551615, time: 0), (pn: 18446744073709551615, time: 0), (pn: 18446744073709551615, time: 0), (pn: 18446744073709551615, time: 0), (pn: 18446744073709551615, time: 0), (pn: 18446744073709551615, time: 0), (pn: 18446744073709551615, time: 0), (pn: 18446744073709551615, time: 0), (pn: 18446744073709551615, time: 0), (pn: 18446744073709551615, time: 0), (pn: 18446744073709551615, time: 0), (pn: 18446744073709551615, time: 0), (pn: 18446744073709551615, time: 0), (pn: 18446744073709551615, time: 0), (pn: 18446744073709551615, time: 0), (pn: 18446744073709551615, time: 0), (pn: 18446744073709551615, time: 0), (pn: 18446744073709551615, time: 0), (pn: 18446744073709551615, time: 0), (pn: 18446744073709551615, time: 0), (pn: 18446744073709551615, time: 0), (pn: 18446744073709551615, time: 0), (pn: 18446744073709551615, time: 0), (pn: 18446744073709551615, time: 0), (pn: 18446744073709551615, time: 0), (pn: 18446744073709551615, time: 0), (pn: 18446744073709551615, time: 0), (pn: 18446744073709551615, time: 0), (pn: 18446744073709551615, time: 0), (pn: 18446744073709551615, time: 0), (pn: 18446744073709551615, time: 0), (pn: 18446744073709551615, time: 0), (pn: 18446744073709551615, time: 0), (pn: 18446744073709551615, time: 0), (pn: 18446744073709551615, time: 0), (pn: 18446744073709551615, time: 0), (pn: 18446744073709551615, time: 0), (pn: 18446744073709551615, time: 0), (pn: 18446744073709551615, time: 0), (pn: 18446744073709551615, time: 0), (pn: 18446744073709551615, time: 0), (pn: 18446744073709551615, time: 0), (pn: 18446744073709551615, time: 0), (pn: 18446744073709551615, time: 0), (pn: 18446744073709551615, time: 0), (pn: 18446744073709551615, time: 0), (pn: 18446744073709551615, time: 0), (pn: 18446744073709551615, time: 0), (pn: 18446744073709551615, time: 0), (pn: 18446744073709551615, time: 0), (pn: 18446744073709551615, time: 0), (pn: 18446744073709551615, time: 0), (pn: 18446744073709551615, time: 0), (pn: 18446744073709551615, time: 0), (pn: 18446744073709551615, time: 0), (pn: 18446744073709551615, time: 0), (pn: 18446744073709551615, time: 0), (pn: 18446744073709551615, time: 0), (pn: 18446744073709551615, time: 0), (pn: 18446744073709551615, time: 0), (pn: 18446744073709551615, time: 0), (pn: 18446744073709551615, time: 0), (pn: 18446744073709551615, time: 0), (pn: 18446744073709551615, time: 0), (pn: 18446744073709551615, time: 0), (pn: 18446744073709551615, time: 0), (pn: 18446744073709551615, time: 0), (pn: 18446744073709551615, time: 0), (pn: 18446744073709551615, time: 0), (pn: 18446744073709551615, time: 0), (pn: 18446744073709551615, time: 0), (pn: 18446744073709551615, time: 0), (pn: 18446744073709551615, time: 0), (pn: 18446744073709551615, time: 0), (pn: 18446744073709551615, time: 0), (pn: 18446744073709551615, time: 0), (pn: 18446744073709551615, time: 0), (pn: 18446744073709551615, time: 0), (pn: 18446744073709551615, time: 0), (pn: 18446744073709551615, time: 0), (pn: 18446744073709551615, time: 0), (pn: 18446744073709551615, time: 0), (pn: 18446744073709551615, time: 0), (pn: 18446744073709551615, time: 0), (pn: 18446744073709551615, time: 0), (pn: 18446744073709551615, time: 0), (pn: 18446744073709551615, time: 0), (pn: 18446744073709551615, time: 0), (pn: 18446744073709551615, time: 0), (pn: 18446744073709551615, time: 0), (pn: 18446744073709551615, time: 0), (pn: 18446744073709551615, time: 0), (pn: 18446744073709551615, time: 0), (pn: 18446744073709551615, time: 0), (pn: 18446744073709551615, time: 0), (pn: 18446744073709551615, time: 0), (pn: 18446744073709551615, time: 0), (pn: 18446744073709551615, time: 0), (pn: 18446744073709551615, time: 0), (pn: 18446744073709551615, time: 0), (pn: 18446744073709551615, time: 0), (pn: 18446744073709551615, time: 0), (pn: 18446744073709551615, time: 0), (pn: 18446744073709551615, time: 0), (pn: 18446744073709551615, time: 0), (pn: 18446744073709551615, time: 0), (pn: 18446744073709551615, time: 0), (pn: 18446744073709551615, time: 0), (pn: 18446744073709551615, time: 0), (pn: 18446744073709551615, time: 0), (pn: 18446744073709551615, time: 0), (pn: 18446744073709551615, time: 0), (pn: 18446744073709551615, time: 0), (pn: 18446744073709551615, time: 0), (pn: 18446744073709551615, time: 0), (pn: 18446744073709551615, time: 0), (pn: 18446744073709551615, time: 0), (pn: 18446744073709551615, time: 0), (pn: 18446744073709551615, time: 0), (pn: 18446744073709551615, time: 0), (pn: 18446744073709551615, time: 0), (pn: 18446744073709551615, time: 0), (pn: 18446744073709551615, time: 0), (pn: 18446744073709551615, time: 0), (pn: 18446744073709551615, time: 0), (pn: 18446744073709551615, time: 0), (pn: 18446744073709551615, time: 0), (pn: 18446744073709551615, time: 0), (pn: 18446744073709551615, time: 0), (pn: 18446744073709551615, time: 0), (pn: 18446744073709551615, time: 0), (pn: 18446744073709551615, time: 0), (pn: 18446744073709551615, time: 0), (pn: 18446744073709551615, time: 0), (pn: 18446744073709551615, time: 0), (pn: 18446744073709551615, time: 0), (pn: 18446744073709551615, time: 0), (pn: 18446744073709551615, time: 0), (pn: 18446744073709551615, time: 0), (pn: 18446744073709551615, time: 0), (pn: 18446744073709551615, time: 0), (pn: 18446744073709551615, time: 0), (pn: 18446744073709551615, time: 0), (pn: 18446744073709551615, time: 0), (pn: 18446744073709551615, time: 0), (pn: 18446744073709551615, time: 0), (pn: 18446744073709551615, time: 0), (pn: 18446744073709551615, time: 0), (pn: 18446744073709551615, time: 0), (pn: 18446744073709551615, time: 0), (pn: 18446744073709551615, time: 0), (pn: 18446744073709551615, time: 0), (pn: 18446744073709551615, time: 0), (pn: 18446744073709551615, time: 0), (pn: 18446744073709551615, time: 0), (pn: 18446744073709551615, time: 0), (pn: 18446744073709551615, time: 0), (pn: 18446744073709551615, time: 0), (pn: 18446744073709551615, time: 0), (pn: 18446744073709551615, time: 0), (pn: 18446744073709551615, time: 0), (pn: 18446744073709551615, time: 0), (pn: 18446744073709551615, time: 0), (pn: 18446744073709551615, time: 0), (pn: 18446744073709551615, time: 0), (pn: 18446744073709551615, time: 0), (pn: 18446744073709551615, time: 0), (pn: 18446744073709551615, time: 0), (pn: 18446744073709551615, time: 0), (pn: 18446744073709551615, time: 0), (pn: 18446744073709551615, time: 0), (pn: 18446744073709551615, time: 0), (pn: 18446744073709551615, time: 0), (pn: 18446744073709551615, time: 0), (pn: 18446744073709551615, time: 0), (pn: 18446744073709551615, time: 0), (pn: 18446744073709551615, time: 0), (pn: 18446744073709551615, time: 0), (pn: 18446744073709551615, time: 0), (pn: 18446744073709551615, time: 0), (pn: 18446744073709551615, time: 0), (pn: 18446744073709551615, time: 0), (pn: 18446744073709551615, time: 0), (pn: 18446744073709551615, time: 0), (pn: 18446744073709551615, time: 0), (pn: 18446744073709551615, time: 0), (pn: 18446744073709551615, time: 0), (pn: 18446744073709551615, time: 0), (pn: 18446744073709551615, time: 0), (pn: 18446744073709551615, time: 0), (pn: 18446744073709551615, time: 0), (pn: 18446744073709551615, time: 0), (pn: 18446744073709551615, time: 0), (pn: 18446744073709551615, time: 0), (pn: 18446744073709551615, time: 0), (pn: 18446744073709551615, time: 0), (pn: 18446744073709551615, time: 0), (pn: 18446744073709551615, time: 0), (pn: 18446744073709551615, time: 0), (pn: 18446744073709551615, time: 0), (pn: 18446744073709551615, time: 0), (pn: 18446744073709551615, time: 0), (pn: 18446744073709551615, time: 0), (pn: 18446744073709551615, time: 0), (pn: 18446744073709551615, time: 0), (pn: 18446744073709551615, time: 0), (pn: 18446744073709551615, time: 0), (pn: 18446744073709551615, time: 0), (pn: 18446744073709551615, time: 0), (pn: 18446744073709551615, time: 0), (pn: 18446744073709551615, time: 0), (pn: 18446744073709551615, time: 0), (pn: 18446744073709551615, time: 0), (pn: 18446744073709551615, time: 0), (pn: 18446744073709551615, time: 0), (pn: 18446744073709551615, time: 0), (pn: 18446744073709551615, time: 0), (pn: 18446744073709551615, time: 0), (pn: 18446744073709551615, time: 0), (pn: 18446744073709551615, time: 0), (pn: 18446744073709551615, time: 0), (pn: 18446744073709551615, time: 0), (pn: 18446744073709551615, time: 0), (pn: 18446744073709551615, time: 0), (pn: 18446744073709551615, time: 0), (pn: 18446744073709551615, time: 0), (pn: 18446744073709551615, time: 0), (pn: 18446744073709551615, time: 0), (pn: 18446744073709551615, time: 0), (pn: 18446744073709551615, time: 0), (pn: 18446744073709551615, time: 0), (pn: 18446744073709551615, time: 0), (pn: 18446744073709551615, time: 0), (pn: 18446744073709551615, time: 0), (pn: 18446744073709551615, time: 0), (pn: 18446744073709551615, time: 0), (pn: 18446744073709551615, time: 0), (pn: 18446744073709551615, time: 0), (pn: 18446744073709551615, time: 0), (pn: 18446744073709551615, time: 0), (pn: 18446744073709551615, time: 0), (pn: 18446744073709551615, time: 0), (pn: 18446744073709551615, time: 0), (pn: 18446744073709551615, time: 0), (pn: 18446744073709551615, time: 0), (pn: 18446744073709551615, time: 0), (pn: 18446744073709551615, time: 0), (pn: 18446744073709551615, time: 0), (pn: 18446744073709551615, time: 0), (pn: 18446744073709551615, time: 0), (pn: 18446744073709551615, time: 0), (pn: 18446744073709551615, time: 0), (pn: 18446744073709551615, time: 0), (pn: 18446744073709551615, time: 0), (pn: 18446744073709551615, time: 0), (pn: 18446744073709551615, time: 0), (pn: 18446744073709551615, time: 0), (pn: 18446744073709551615, time: 0), (pn: 18446744073709551615, time: 0), (pn: 18446744073709551615, time: 0), (pn: 18446744073709551615, time: 0), (pn: 18446744073709551615, time: 0), (pn: 18446744073709551615, time: 0), (pn: 18446744073709551615, time: 0), (pn: 18446744073709551615, time: 0), (pn: 18446744073709551615, time: 0), (pn: 18446744073709551615, time: 0), (pn: 18446744073709551615, time: 0), (pn: 18446744073709551615, time: 0), (pn: 18446744073709551615, time: 0), (pn: 18446744073709551615, time: 0), (pn: 18446744073709551615, time: 0), (pn: 18446744073709551615, time: 0), (pn: 18446744073709551615, time: 0), (pn: 18446744073709551615, time: 0), (pn: 18446744073709551615, time: 0), (pn: 18446744073709551615, time: 0), (pn: 18446744073709551615, time: 0), (pn: 18446744073709551615, time: 0), (pn: 18446744073709551615, time: 0), (pn: 18446744073709551615, time: 0), (pn: 18446744073709551615, time: 0), (pn: 18446744073709551615, time: 0), (pn: 18446744073709551615, time: 0), (pn: 18446744073709551615, time: 0), (pn: 18446744073709551615, time: 0), (pn: 18446744073709551615, time: 0), (pn: 18446744073709551615, time: 0), (pn: 18446744073709551615, time: 0), (pn: 18446744073709551615, time: 0), (pn: 18446744073709551615, time: 0), (pn: 18446744073709551615, time: 0), (pn: 18446744073709551615, time: 0), (pn: 18446744073709551615, time: 0), (pn: 18446744073709551615, time: 0), (pn: 18446744073709551615, time: 0), (pn: 18446744073709551615, time: 0), (pn: 18446744073709551615, time: 0), (pn: 18446744073709551615, time: 0), (pn: 18446744073709551615, time: 0), (pn: 18446744073709551615, time: 0), (pn: 18446744073709551615, time: 0), (pn: 18446744073709551615, time: 0), (pn: 18446744073709551615, time: 0), (pn: 18446744073709551615, time: 0), (pn: 18446744073709551615, time: 0), (pn: 18446744073709551615, time: 0), (pn: 18446744073709551615, time: 0), (pn: 18446744073709551615, time: 0), (pn: 18446744073709551615, time: 0), (pn: 18446744073709551615, time: 0), (pn: 18446744073709551615, time: 0), (pn: 18446744073709551615, time: 0), (pn: 18446744073709551615, time: 0), (pn: 18446744073709551615, time: 0), (pn: 18446744073709551615, time: 0), (pn: 18446744073709551615, time: 0), (pn: 18446744073709551615, time: 0), (pn: 18446744073709551615, time: 0), (pn: 18446744073709551615, time: 0), (pn: 18446744073709551615, time: 0), (pn: 18446744073709551615, time: 0), (pn: 18446744073709551615, time: 0), (pn: 18446744073709551615, time: 0), (pn: 18446744073709551615, time: 0), (pn: 18446744073709551615, time: 0), (pn: 18446744073709551615, time: 0), (pn: 18446744073709551615, time: 0), (pn: 18446744073709551615, time: 0), (pn: 18446744073709551615, time: 0), (pn: 18446744073709551615, time: 0), (pn: 18446744073709551615, time: 0), (pn: 18446744073709551615, time: 0), (pn: 18446744073709551615, time: 0), (pn: 18446744073709551615, time: 0), (pn: 18446744073709551615, time: 0), (pn: 18446744073709551615, time: 0), (pn: 18446744073709551615, time: 0), (pn: 18446744073709551615, time: 0), (pn: 18446744073709551615, time: 0), (pn: 18446744073709551615, time: 0), (pn: 18446744073709551615, time: 0), (pn: 18446744073709551615, time: 0), (pn: 18446744073709551615, time: 0), (pn: 18446744073709551615, time: 0), (pn: 18446744073709551615, time: 0), (pn: 18446744073709551615, time: 0), (pn: 18446744073709551615, time: 0), (pn: 18446744073709551615, time: 0), (pn: 18446744073709551615, time: 0), (pn: 18446744073709551615, time: 0), (pn: 18446744073709551615, time: 0)]
↳             arrivals → [(pn: 1, time: 10054250)]
↳             reportedBelow → 1
↳             lastFeedback → 10008250
↳             elicited → false
↳             pendingAcks → []
↳             ackDue → nil
↳             senders → [5: LightrayCore.ReliableSender, 4: LightrayCore.ReliableSender, 0: LightrayCore.ReliableSender]
↳             receivers → [0: LightrayCore.ReliableReceiver]
↳             control → []
↳             pongs → []
↳             pings → [:]
↳             nextPingID → 1
↳             pingWanted → false
↳             validation → nil
↳           videoStreams → [1, 16, 17, 18]
↳           videos → [16: LightrayCore.VideoReceiver, 1: LightrayCore.VideoReceiver, 18: LightrayCore.VideoReceiver, 17: LightrayCore.VideoReceiver]
↳           fec → true
↳           resetToken → [210, 149, 147, 193, 104, 80, 105, 56, 13, 225, 85, 179, 180, 170, 58, 154]
↳           nextRequest → 1
↳           keyboardStream → 4
↳             some → 4
↳           pointerStream → 5
↳             some → 5
↳           pendingMotion → nil
↳           lastMotion → 0
↳       state → .connected
↳       outbox → []
↳       events → []
↳     isConnected → true
✘ Test inputOverflowEndsTheSession(dropClose:) recorded an issue with 1 argument dropClose → false at SessionTests.swift:176:5: Expectation failed: link.hostEvents.contains { event in
        switch event {
        case .sessionEnded, .paused: true
        default: false
        }
    }
↳ link.hostEvents.contains { event in
          switch event {
          case .sessionEnded, .paused: true
          default: false
          }
      } → <not evaluated>
✘ Test inputOverflowEndsTheSession(dropClose:) recorded an issue with 1 argument dropClose → false at SessionTests.swift:182:5: Expectation failed: link.clientEvents.contains { event in
        if case .disconnected(let reason) = event { return reason.contains("input") }
        return false
    }
↳ link.clientEvents.contains { event in
          if case .disconnected(let reason) = event { return reason.contains("input") }
          return false
      } → <not evaluated>
✘ Test inputOverflowEndsTheSession(dropClose:) recorded an issue with 1 argument dropClose → true at SessionTests.swift:182:5: Expectation failed: link.clientEvents.contains { event in
        if case .disconnected(let reason) = event { return reason.contains("input") }
        return false
    }
↳ link.clientEvents.contains { event in
          if case .disconnected(let reason) = event { return reason.contains("input") }
          return false
      } → <not evaluated>
✘ Test inputOverflowEndsTheSession(dropClose:) with 2 test cases failed after 1.001 seconds with 5 issues.
✘ Test run with 6 tests in 0 suites failed after 1.002 seconds with 23 issues.
Note: Some test targets reported failures:
  - LightrayCoreTests (Swift Testing)
