start_us,capture_us,encode_us,submit_us,payload_bytes,desktop_updates,cached_frames,sample_id,capture_epoch,is_idr
342397153853,1413,3633,140,4010,1,0,0,1,1
342397187725,176,2312,228,19001,2,0,1,1,0
342397220744,193,1854,53,1323,3,0,2,1,0
342397254234,211,1848,69,3957,4,0,3,1,0
342397287372,232,1932,38,513,5,0,4,1,0
342397320564,211,1717,146,13453,6,0,5,1,0
342397354033,173,1964,38,777,7,0,6,1,0
342397387706,154,2271,148,12965,8,0,7,1,0
342397420977,272,1993,74,3308,9,0,8,1,0
342397453969,196,1825,71,3604,10,0,9,1,0
342397487575,205,1939,39,717,11,0,10,1,0
342397520860,181,1941,71,3778,12,0,11,1,0
342397553940,185,2139,121,9265,13,0,12,1,0
342397587507,234,1869,52,373,14,0,13,1,0
342397620750,183,1868,206,18596,15,0,14,1,0
342397654195,176,2055,154,13519,16,0,15,1,0
342397687669,264,2322,74,3645,17,0,16,1,0
342397720862,238,2489,41,415,18,0,17,1,0
342397754433,224,2378,72,3942,19,0,18,1,0
342397787424,203,1960,33,437,20,0,19,1,0
342397821051,179,2492,146,13236,21,0,20,1,0
342397853915,181,1823,161,14735,22,0,21,1,0
342397887486,193,1900,79,4635,23,0,22,1,0
342397921088,195,2502,113,9231,24,0,23,1,0
342397954304,186,2344,73,4048,25,0,24,1,0
342397987567,264,2026,36,401,26,0,25,1,0
342398020580,290,2125,172,15677,27,0,26,1,0
342398053997,179,1779,111,9431,28,0,27,1,0
342398087425,204,2054,192,11055,29,0,28,1,0
342398120649,213,1877,144,13696,30,0,29,1,0
342398154097,273,1888,49,771,31,0,30,1,0
342398187636,163,1927,67,3788,32,0,31,1,0
342398220655,203,1918,40,440,33,0,32,1,0
342398254018,215,1827,69,3910,34,0,33,1,0
342398287365,240,2318,67,3152,35,0,34,1,0
342398320958,213,6405,105,7444,36,0,35,1,0
342398354381,183,5413,34,462,37,0,36,1,0
342398387735,164,5214,76,4148,38,0,37,1,0
342398420818,177,5487,108,9004,39,0,38,1,0
342398454151,157,5517,66,3776,40,0,39,1,0
342398487568,208,5482,37,760,41,0,40,1,0
342398520965,170,5822,41,390,42,0,41,1,0
342398554239,163,5882,199,16636,43,0,42,1,0
342398587171,152,5609,65,3630,44,0,43,1,0
342398621185,169,5234,156,13420,45,0,44,1,0
342398654239,211,5497,40,794,46,0,45,1,0
342398687300,199,5628,71,3831,47,0,46,1,0
342398720581,207,5780,41,416,48,0,47,1,0
342398754199,182,5998,70,4018,49,0,48,1,0
342398787598,171,5801,33,462,50,0,49,1,0
342398820631,176,5692,64,3584,51,0,50,1,0
342398854096,154,5409,64,3935,52,0,51,1,0
342398887179,178,5683,70,3689,53,0,52,1,0
342398920545,184,5696,126,9359,54,0,53,1,0
342398954073,150,6086,64,3873,55,0,54,1,0
342398987615,180,5954,35,916,56,0,55,1,0
342399020521,177,6279,67,3801,57,0,56,1,0
342399054287,175,5400,134,9524,58,0,57,1,0
342399087155,171,5773,87,1218,59,0,58,1,0
342399120788,212,5637,70,3893,60,0,59,1,0
342399153905,157,5806,53,481,61,0,60,1,0
342399187371,230,5707,68,3695,62,0,61,1,0
342399220956,198,6085,40,392,63,0,62,1,0
342399254362,169,6119,210,19425,64,0,63,1,0
342399287369,232,5930,60,687,65,0,64,1,0
342399320712,192,5665,73,3536,66,0,65,1,0
342399354379,200,5346,76,3879,67,0,66,1,0
342399387381,191,5633,70,3616,68,0,67,1,0
342399420843,192,5612,113,9351,69,0,68,1,0
342399453928,188,6008,74,3756,70,0,69,1,0
342399487677,217,6090,151,11790,71,0,70,1,0
342399520811,224,5902,76,3889,72,0,71,1,0
342399554052,274,5491,120,9388,73,0,72,1,0
342399587636,206,5334,73,4029,74,0,73,1,0
342399620695,215,5564,151,13928,75,0,74,1,0
342399654070,189,5870,46,845,76,0,75,1,0
342399687503,179,6147,99,3664,77,0,76,1,0
342399720841,308,5996,143,11743,78,0,77,1,0
342399754071,187,5632,75,4194,79,0,78,1,0
342399787621,182,5265,36,506,80,0,79,1,0
342399820454,217,5377,148,13409,81,0,80,1,0
342399854280,185,5451,36,768,82,0,81,1,0
342399887546,303,5902,108,3761,83,0,82,1,0
342399920551,217,6306,44,366,84,0,83,1,0
342399954161,351,5826,220,19253,85,0,84,1,0
342399987632,209,5353,37,934,86,0,85,1,0
342400021053,155,5570,64,3681,87,0,86,1,0
342400054362,157,5418,110,9299,88,0,87,1,0
342400087522,155,5540,37,1080,89,0,88,1,0
342400120942,162,5752,169,3857,90,0,89,1,0
342400153967,172,6248,34,459,91,0,90,1,0
342400187216,204,5858,66,3697,92,0,91,1,0
342400220691,254,5998,39,409,93,0,92,1,0
342400254002,165,5630,115,3974,94,0,93,1,0
342400287654,180,5478,32,433,95,0,94,1,0
342400320541,179,6003,146,13483,96,0,95,1,0
342400353902,155,6295,91,386,97,0,96,1,0
342400387280,149,6138,198,19569,98,0,97,1,0
342400421115,259,5569,191,9460,99,0,98,1,0
342400454116,161,5509,67,3975,100,0,99,1,0
342400487148,203,5764,36,729,101,0,100,1,0
342400520550,154,5801,63,3724,102,0,101,1,0
342400554358,173,5873,110,9313,103,0,102,1,0
342400587636,150,5841,125,11128,104,0,103,1,0
342400621024,163,5755,147,13713,105,0,104,1,0
342400654364,167,10293,37,789,106,0,105,1,0
342400687668,161,9628,67,3888,107,0,106,1,0
342400720906,250,8561,38,441,108,0,107,1,0
342400754544,700,9940,80,3920,109,0,108,1,0
342400787313,185,9798,34,370,110,0,109,1,0
342400820628,158,9845,235,19524,111,0,110,1,0
342400854364,182,9261,81,676,112,0,111,1,0
342400888252,158,9510,67,3960,113,0,112,1,0
342400920917,183,8596,113,8874,114,0,113,1,0
342400954177,165,11795,79,4000,115,0,114,1,0
342400987292,188,9368,36,432,116,0,115,1,0
342401021056,392,9460,222,19771,117,0,116,1,0
342401054323,195,9232,119,9478,118,0,117,1,0
342401087719,279,9777,72,4005,119,0,118,1,0
342401120993,171,10557,150,13854,120,0,119,1,0
342401154314,161,8807,36,970,121,0,120,1,0
342401187484,159,10028,65,3896,122,0,121,1,0
342401221136,353,9953,42,419,123,0,122,1,0
342401254322,209,6721,202,19549,124,0,123,1,0
342401287795,360,5676,37,717,125,0,124,1,0
342401320849,175,5534,66,3530,126,0,125,1,0
342401354309,160,5473,62,3883,127,0,126,1,0
342401387391,1051,4806,117,3624,128,0,127,1,0
342401420684,227,5693,1281,9332,129,0,128,1,0
342401454159,177,5982,74,3860,130,0,129,1,0
342401487446,193,6035,35,424,131,0,130,1,0
342401520823,166,5993,200,19741,132,0,131,1,0
342401554221,155,5671,126,9466,133,0,132,1,0
342401587581,149,5268,71,4027,134,0,133,1,0
342401620943,190,5352,154,13780,135,0,134,1,0
342401654020,197,5722,40,942,136,0,135,1,0
342401687697,340,5523,66,3796,137,0,136,1,0
342401721007,165,6487,104,7256,138,0,137,1,0
342401754507,521,5543,67,3929,139,0,138,1,0
342401787411,353,5379,36,450,140,0,139,1,0
342401820663,179,5608,66,3620,141,0,140,1,0
342401854088,245,5527,72,4005,142,0,141,1,0
342401888178,174,5306,64,3684,143,0,142,1,0
342401920802,151,6089,102,8145,144,0,143,1,0
342401953928,166,6123,162,15590,145,0,144,1,0
342401987361,192,7621,42,619,146,0,145,1,0
342402020841,182,5746,70,4117,147,0,146,1,0
342402054038,157,5648,672,9453,148,0,147,1,0
342402087463,150,5732,36,1071,149,0,148,1,0
342402120805,234,5801,69,3802,150,0,149,1,0
342402154149,162,5972,33,371,151,0,150,1,0
342402187599,164,5979,228,19548,152,0,151,1,0
342402220955,198,5865,38,674,153,0,152,1,0
342402254107,200,5507,66,3822,154,0,153,1,0
342402287211,154,5619,32,450,155,0,154,1,0
342402320611,208,5560,146,13413,156,0,155,1,0
342402353996,161,6017,32,707,157,0,156,1,0
342402387805,445,6030,33,418,158,0,157,1,0
342402420721,162,6243,177,16635,159,0,158,1,0
342402453977,301,5823,63,3648,160,0,159,1,0
342402487373,193,5504,40,436,161,0,160,1,0
342402520775,174,5641,69,3864,162,0,161,1,0
342402554009,332,5398,110,9234,163,0,162,1,0
342402587232,154,6050,36,1026,164,0,163,1,0
342402620824,173,5999,39,379,165,0,164,1,0
342402653928,162,6074,204,18822,166,0,165,1,0
342402687309,148,8012,63,3649,167,0,166,1,0
342402720835,171,6111,44,423,168,0,167,1,0
342402754057,343,5375,70,3856,169,0,168,1,0
342402787487,202,5288,33,429,170,0,169,1,0
342402820972,175,5782,142,13389,171,0,170,1,0
342402853950,159,6049,112,10236,172,0,171,1,0
342402887650,188,6954,67,4514,173,0,172,1,0
342402920920,148,5569,103,9154,174,0,173,1,0
342402954166,163,5505,70,4060,175,0,174,1,0
342402987613,196,5255,33,497,176,0,175,1,0
342403020444,192,6100,70,4066,177,0,176,1,0
342403054176,157,9107,32,412,178,0,177,1,0
342403087522,162,8919,198,19328,179,0,178,1,0
342403120698,170,9476,37,693,180,0,179,1,0
342403154482,426,9643,217,13554,181,0,180,1,0
342403187085,186,10006,62,3678,182,0,181,1,0
342403220878,161,11447,46,421,183,0,182,1,0
342403254486,442,9903,68,3970,184,0,183,1,0
342403287079,171,9781,35,420,185,0,184,1,0
342403321368,161,9524,64,3671,186,0,185,1,0
342403354292,176,10037,31,412,187,0,186,1,0
342403387349,149,9553,113,4046,188,0,187,1,0
342403421331,413,8725,123,9168,189,0,188,1,0
342403454122,178,8275,70,4062,190,0,189,1,0
342403487581,288,10491,38,530,191,0,190,1,0
342403520729,182,9391,81,4184,192,0,191,1,0
342403554418,200,9723,117,9488,193,0,192,1,0
342403588168,1046,8418,128,3862,194,0,193,1,0
342403620725,212,10823,155,13896,195,0,194,1,0
342403653912,200,8472,44,789,196,0,195,1,0
342403687683,320,10069,72,3740,197,0,196,1,0
342403720867,161,12876,51,431,198,0,197,1,0
342403754467,267,8564,40,389,199,0,198,1,0
342403787286,163,9815,193,18785,200,0,199,1,0
342403820780,200,9706,67,3635,201,0,200,1,0
342403854651,168,9779,66,3913,202,0,201,1,0
342403887745,477,9465,65,3635,203,0,202,1,0
342403920877,179,8803,116,9286,204,0,203,1,0
342403954209,204,9275,69,3863,205,0,204,1,0
342403987734,383,8588,35,414,206,0,205,1,0
342404020570,172,9468,220,19750,207,0,206,1,0
342404054048,175,9485,122,9482,208,0,207,1,0
342404087617,262,9865,71,3998,209,0,208,1,0
342404120439,163,9113,147,13798,210,0,209,1,0
342404154262,201,8668,48,935,211,0,210,1,0
342404187598,468,11091,73,3834,212,0,211,1,0
342404220965,475,11836,44,296,213,0,212,1,0
342404254231,348,8681,33,348,214,0,213,1,0
342404287489,233,10530,211,18675,215,0,214,1,0
342404320383,183,9652,65,3641,216,0,215,1,0
342404354371,467,9790,95,3910,217,0,216,1,0
342404387280,214,8807,65,3651,218,0,217,1,0
342404420633,200,9753,203,9290,219,0,218,1,0
342404454759,368,9105,34,560,220,0,219,1,0
342404487176,209,9772,211,18875,221,0,220,1,0
342404520871,190,9797,66,3780,222,0,221,1,0
342404555961,190,7820,152,9385,223,0,222,1,0
342404587551,132,9819,61,3940,224,0,223,1,0
342404620573,170,8471,151,13861,225,0,224,1,0
342404654233,157,6905,34,769,226,0,225,1,0
342404687650,155,5628,65,3755,227,0,226,1,0
342404720748,262,5713,103,7208,228,0,227,1,0
342404754283,285,5734,74,4026,229,0,228,1,0
342404787527,175,5318,32,454,230,0,229,1,0
342404820464,167,5731,65,3608,231,0,230,1,0
342404853956,166,5603,64,3979,232,0,231,1,0
342404887459,148,5693,68,3528,233,0,232,1,0
342404920873,415,5822,304,20801,234,0,233,1,0
342404954068,207,6042,80,4063,235,0,234,1,0
342404987198,441,7497,43,757,236,0,235,1,0
342405020729,186,5412,72,3800,237,0,236,1,0
342405054262,248,5408,112,9512,238,0,237,1,0
342405087855,173,4922,43,1162,239,0,238,1,0
342405120387,158,6130,63,3962,240,0,239,1,0
342405153953,216,5986,52,369,241,0,240,1,0
342405187279,198,7059,207,19552,242,0,241,1,0
342405220669,220,5615,37,672,243,0,242,1,0
342405253800,189,5601,71,3800,244,0,243,1,0
342405287512,216,5420,35,432,245,0,244,1,0
342405320619,167,5616,219,13381,246,0,245,1,0
342405355324,195,4460,40,627,247,0,246,1,0
342405387616,240,5942,200,19601,248,0,247,1,0
342405420704,326,5635,60,3299,249,0,248,1,0
342405454061,172,5534,66,3620,250,0,249,1,0
342405487276,182,5536,35,674,251,0,250,1,0
342405521001,266,5340,66,3722,252,0,251,1,0
342405554172,148,5727,149,9292,253,0,252,1,0
342405587622,269,6003,31,380,254,0,253,1,0
342405620946,573,5659,196,18671,255,0,254,1,0
342405653788,240,5520,144,13509,256,0,255,1,0
342405687623,386,5343,62,3672,257,0,256,1,0
342405720846,453,5316,42,427,258,0,257,1,0
342405754043,242,5881,66,3923,259,0,258,1,0
342405787671,368,5797,30,375,260,0,259,1,0
342405820650,145,6173,273,19517,261,0,260,1,0
342405854242,180,5661,38,665,262,0,261,1,0
342405887412,156,5316,65,3925,263,0,262,1,0
342405920675,157,5337,104,8782,264,0,263,1,0
342405953869,236,5877,65,3933,265,0,264,1,0
342405987601,458,5774,31,458,266,0,265,1,0
342406020845,349,6194,194,19214,267,0,266,1,0
342406054039,150,5840,111,9593,268,0,267,1,0
342406087804,167,5428,64,3804,269,0,268,1,0
342406121222,160,5274,738,13650,270,0,269,1,0
342406154010,156,5573,37,733,271,0,270,1,0
342406187585,265,5565,62,3711,272,0,271,1,0
342406221517,576,4751,39,406,273,0,272,1,0
342406253749,157,6294,421,19529,274,0,273,1,0
342406287232,164,7341,37,714,275,0,274,1,0
342406320590,216,5382,66,3537,276,0,275,1,0
342406353972,171,5535,80,3878,277,0,276,1,0
342406387343,160,5282,59,3621,278,0,277,1,0
342406420587,180,5467,110,9355,279,0,278,1,0
342406453812,152,9717,106,3898,280,0,279,1,0
342406487488,264,8872,42,418,281,0,280,1,0
342406521028,294,10257,207,19727,282,0,281,1,0
342406553967,163,9644,112,9525,283,0,282,1,0
342406588023,157,9456,63,3973,284,0,283,1,0
342406620959,316,10020,158,13777,285,0,284,1,0
342406653669,180,9747,42,960,286,0,285,1,0
342406687537,287,8803,50,423,287,0,286,1,0
342406720554,199,9675,182,16171,288,0,287,1,0
342406753982,166,9824,70,3909,289,0,288,1,0
342406787955,162,9567,31,434,290,0,289,1,0
342406822250,386,8242,76,3481,291,0,290,1,0
342406854715,460,9284,73,3852,292,0,291,1,0
342406887119,192,11373,70,3616,293,0,292,1,0
342406920404,187,9555,35,411,294,0,293,1,0
342406953836,154,10134,200,19190,295,0,294,1,0
342406987423,186,9339,41,967,296,0,295,1,0
342407020378,183,10349,72,3669,297,0,296,1,0
342407054041,210,9071,155,9316,298,0,297,1,0
342407087132,195,9536,37,1072,299,0,298,1,0
342407121141,186,9358,37,359,300,0,299,1,0
342407154301,455,9919,195,18768,301,0,300,1,0
342407187558,263,10660,62,3643,302,0,301,1,0
342407220430,189,9360,42,434,303,0,302,1,0
342407254045,161,9510,69,3839,304,0,303,1,0
342407287335,152,9215,39,423,305,0,304,1,0
342407320811,394,9463,145,13450,306,0,305,1,0
342407355158,195,8420,33,572,307,0,306,1,0
342407387202,139,9791,245,24155,308,0,307,1,0
342407420805,357,9822,60,3406,309,0,308,1,0
342407454275,252,25866,135,3634,310,0,309,1,0
342407496501,466,7323,55,644,311,0,310,1,0
342407520650,175,9420,74,3730,312,0,311,1,0
342407554275,327,9357,118,9327,313,0,312,1,0
342407587564,1012,8746,37,1038,314,0,313,1,0
342407621149,166,9909,66,4051,315,0,314,1,0
342407653999,173,10114,141,13323,316,0,315,1,0
342407687089,154,9669,61,3662,317,0,316,1,0
342407720824,326,10278,41,417,318,0,317,1,0
342407754032,160,8497,65,3926,319,0,318,1,0
342407787217,166,9951,40,447,320,0,319,1,0
342407820511,165,9417,33,415,321,0,320,1,0
342407853897,236,6267,168,16063,322,0,321,1,0
342407887262,165,6004,65,4193,323,0,322,1,0
342407920915,256,7473,104,8915,324,0,323,1,0
342407954196,462,5143,63,3943,325,0,324,1,0
342407987430,266,5416,43,749,326,0,325,1,0
342408020560,168,5434,66,3812,327,0,326,1,0
342408055095,189,4558,108,9212,328,0,327,1,0
342408087224,133,6117,164,15533,329,0,328,1,0
342408120819,243,5834,35,691,330,0,329,1,0
342408154053,152,5539,149,13820,331,0,330,1,0
342408187481,246,5358,62,3750,332,0,331,1,0
342408220344,187,5607,331,446,333,0,332,1,0
342408254139,345,5516,67,3918,334,0,333,1,0
342408287224,151,6059,32,382,335,0,334,1,0
342408320616,151,6168,291,19519,336,0,335,1,0
342408354015,349,5749,32,673,337,0,336,1,0
342408387483,273,5753,79,3941,338,0,337,1,0
342408420590,173,5676,147,8826,339,0,338,1,0
342408453933,155,5974,63,4027,340,0,339,1,0
342408487351,183,6093,34,428,341,0,340,1,0
342408520597,160,5916,225,19758,342,0,341,1,0
342408553907,163,5748,113,9470,343,0,342,1,0
342408587490,257,5462,69,3973,344,0,343,1,0
342408620886,267,5400,145,13801,345,0,344,1,0
342408653965,498,5038,52,918,346,0,345,1,0
342408687530,179,5608,71,3888,347,0,346,1,0
342408720831,522,5693,37,412,348,0,347,1,0
342408754033,159,6151,68,4024,349,0,348,1,0
342408787378,150,7379,33,449,350,0,349,1,0
342408821227,181,5076,62,3636,351,0,350,1,0
342408854047,286,5483,65,3981,352,0,351,1,0
342408887488,367,4903,65,3682,353,0,352,1,0
342408920481,148,5913,109,9414,354,0,353,1,0
342408954146,425,5758,68,3895,355,0,354,1,0
342408987200,194,6907,41,879,356,0,355,1,0
342409021051,158,7465,65,3808,357,0,356,1,0
342409054514,168,5160,112,9473,358,0,357,1,0
342409087903,159,5115,40,1165,359,0,358,1,0
342409120647,174,5155,61,3881,360,0,359,1,0
342409153685,150,6067,33,506,361,0,360,1,0
342409187075,170,6066,36,393,362,0,361,1,0
342409220715,388,5654,179,16154,363,0,362,1,0
342409253986,169,5817,66,3909,364,0,363,1,0
342409287358,158,5578,34,432,365,0,364,1,0
342409321118,147,5274,61,3475,366,0,365,1,0
342409353800,204,5456,62,3834,367,0,366,1,0
342409387501,374,4973,68,3588,368,0,367,1,0
342409420631,171,5867,32,412,369,0,368,1,0
342409453940,162,6100,192,19192,370,0,369,1,0
342409487412,318,7409,38,992,371,0,370,1,0
342409521057,188,5280,72,3657,372,0,371,1,0
342409554423,175,5744,133,9287,373,0,372,1,0
342409587219,172,5450,45,1074,374,0,373,1,0
342409620684,601,4725,70,3763,375,0,374,1,0
342409654168,489,10121,36,449,376,0,375,1,0
342409687415,226,8756,37,400,377,0,376,1,0
342409720749,340,10434,767,16109,378,0,377,1,0
342409754091,316,9749,67,4033,379,0,378,1,0
342409787440,271,9760,35,435,380,0,379,1,0
342409821094,218,9341,74,3465,381,0,380,1,0
342409853773,163,8980,65,3842,382,0,381,1,0
342409887283,230,11293,66,3594,383,0,382,1,0
342409921011,176,10342,32,417,384,0,383,1,0
342409955857,342,9628,226,19255,385,0,384,1,0
342409987299,215,10719,49,934,386,0,385,1,0
342410021022,207,11012,65,3655,387,0,386,1,0
342410054406,191,5318,109,9278,388,0,387,1,0
342410087784,154,5742,42,1075,389,0,388,1,0
342410120720,275,4983,63,3755,390,0,389,1,0
342410153710,418,5657,34,444,391,0,390,1,0
342410187360,240,5759,32,411,392,0,391,1,0
342410220615,354,7098,315,16089,393,0,392,1,0
342410253996,251,5550,65,4014,394,0,393,1,0
342410287276,159,5271,33,437,395,0,394,1,0
342410320676,159,5431,63,3468,396,0,395,1,0
342410354000,360,5013,62,3845,397,0,396,1,0
342410387348,687,5316,67,3597,398,0,397,1,0
342410421192,1048,4334,36,408,399,0,398,1,0
342410453917,179,5937,208,19252,400,0,399,1,0
342410487332,394,7063,40,957,401,0,400,1,0
342410520774,286,5351,78,3670,402,0,401,1,0
342410553770,169,5344,108,9292,403,0,402,1,0
342410587440,360,4926,45,1084,404,0,403,1,0
342410620805,826,5117,76,3769,405,0,404,1,0
342410654083,421,5460,76,3947,406,0,405,1,0
342410687695,191,6236,117,9181,407,0,406,1,0
342410720666,383,7763,53,1134,408,0,407,1,0
342410753729,197,5386,68,4277,409,0,408,1,0
342410786984,217,5557,40,525,410,0,409,1,0
342410820542,187,5699,233,13770,411,0,410,1,0
342410854094,664,5444,36,707,412,0,411,1,0
342410887251,176,5940,240,24156,413,0,412,1,0
342410920646,246,6043,73,3633,414,0,413,1,0
342410953977,237,5826,64,3684,415,0,414,1,0
342410986992,200,5498,35,744,416,0,415,1,0
342411020546,191,5360,66,3749,417,0,416,1,0
342411053999,304,5079,112,9368,418,0,417,1,0
342411087662,208,5235,41,1039,419,0,418,1,0
342411120640,338,5713,63,3839,420,0,419,1,0
342411153922,160,6004,93,7362,421,0,420,1,0
342411187755,154,6740,64,3788,422,0,421,1,0
342411220671,342,5509,36,450,423,0,422,1,0
342411254168,295,5797,91,3972,424,0,423,1,0
342411287149,162,5582,34,458,425,0,424,1,0
342411320999,165,5462,146,13529,426,0,425,1,0
342411354068,448,5623,32,365,427,0,426,1,0
342411387312,159,6404,195,19551,428,0,427,1,0
342411420718,395,6819,67,3523,429,0,428,1,0
342411453996,515,5188,67,3522,430,0,429,1,0
342411487275,280,6050,39,853,431,0,430,1,0
342411520614,168,5152,65,3679,432,0,431,1,0
342411554570,297,4819,104,9156,433,0,432,1,0
342411587223,129,5820,67,4008,434,0,433,1,0
342411620928,162,6147,29,465,435,0,434,1,0
342411654432,154,5244,144,13722,436,0,435,1,0
342411687397,447,5171,62,3816,437,0,436,1,0
342411720635,361,5049,43,433,438,0,437,1,0
342411753999,579,5090,70,3914,439,0,438,1,0
342411787850,1011,4579,60,2921,440,0,439,1,0
342411821002,170,5939,138,12442,441,0,440,1,0
342411854391,156,9692,68,560,442,0,441,1,0
342411887013,156,9778,65,4112,443,0,442,1,0
342411921432,162,8453,131,9071,444,0,443,1,0
342411954260,182,8717,76,3953,445,0,444,1,0
342411987436,347,10556,41,751,446,0,445,1,0
342412020521,166,10509,37,391,447,0,446,1,0
342412054977,185,7886,178,16636,448,0,447,1,0
342412087045,161,9750,69,3628,449,0,448,1,0
342412120687,376,9916,148,13396,450,0,449,1,0
342412154443,180,9597,38,778,451,0,450,1,0
342412187551,156,10069,80,3792,452,0,451,1,0
342412220674,325,10159,35,402,453,0,452,1,0
342412253957,296,8432,34,407,454,0,453,1,0
342412287731,152,9725,209,18743,455,0,454,1,0
342412320341,417,10333,75,3622,456,0,455,1,0
342412354455,188,9880,42,427,457,0,456,1,0
342412387723,173,9587,137,3955,458,0,457,1,0
342412421110,298,8645,106,8797,459,0,458,1,0
342412453856,176,8967,76,3961,460,0,459,1,0
342412487106,303,10622,39,424,461,0,460,1,0
342412520671,555,9605,38,197,462,0,461,1,0
342412554250,287,9545,188,16641,463,0,462,1,0
342412587122,171,10657,62,3646,464,0,463,1,0
342412621173,177,9690,142,13453,465,0,464,1,0
342412654874,368,7795,36,809,466,0,465,1,0
342412687211,157,8878,68,3849,467,0,466,1,0
342412720928,209,10342,41,419,468,0,467,1,0
342412754032,352,8558,37,395,469,0,468,1,0
342412787110,153,9898,191,18717,470,0,469,1,0
342412820902,185,11004,63,3630,471,0,470,1,0
342412854253,269,9796,69,3914,472,0,471,1,0
342412887511,282,9851,64,3659,473,0,472,1,0
342412921029,183,9165,113,9334,474,0,473,1,0
342412954889,204,9669,74,3861,475,0,474,1,0
342412986996,162,8707,34,429,476,0,475,1,0
342413020868,249,10516,202,19707,477,0,476,1,0
342413053801,178,9484,111,9473,478,0,477,1,0
342413087350,235,9624,64,4033,479,0,478,1,0
342413120977,177,11033,215,13764,480,0,479,1,0
342413154028,285,9761,37,919,481,0,480,1,0
342413187586,153,9388,68,3837,482,0,481,1,0
342413220543,288,9832,33,395,483,0,482,1,0
342413253738,156,8957,202,19455,484,0,483,1,0
342413287625,229,9492,35,702,485,0,484,1,0
342413320876,156,9853,62,3534,486,0,485,1,0
342413354377,221,9756,62,3875,487,0,486,1,0
342413387560,150,9566,59,3615,488,0,487,1,0
342413420475,167,9704,117,9319,489,0,488,1,0
342413454048,393,8645,50,554,490,0,489,1,0
342413487379,302,9815,195,18824,491,0,490,1,0
342413520753,264,10179,64,3785,492,0,491,1,0
342413553915,235,9924,112,9337,493,0,492,1,0
342413587695,168,9647,63,3897,494,0,493,1,0
342413620596,2290,7949,163,13815,495,0,494,1,0
342413654964,471,8122,40,784,496,0,495,1,0
342413687795,228,9027,38,407,497,0,496,1,0
342413721081,191,9405,39,199,498,0,497,1,0
342413753789,158,10725,304,19561,499,0,498,1,0
342413787347,462,9630,36,705,500,0,499,1,0
342413820528,161,10216,89,3536,501,0,500,1,0
342413854581,327,9232,62,3886,502,0,501,1,0
342413887310,226,8571,61,3632,503,0,502,1,0
342413920530,344,10526,113,9355,504,0,503,1,0
342413953703,202,8853,45,565,505,0,504,1,0
342413987194,282,8930,230,18915,506,0,505,1,0
342414020826,172,10300,66,3787,507,0,506,1,0
342414053667,191,9531,108,9359,508,0,507,1,0
342414087644,161,9844,35,997,509,0,508,1,0
342414120558,343,8183,105,3879,510,0,509,1,0
342414154199,384,9974,37,464,511,0,510,1,0
342414187443,302,9788,35,409,512,0,511,1,0
342414221020,192,9759,172,16177,513,0,512,1,0
342414254236,262,9353,68,3900,514,0,513,1,0
342414287719,165,9621,33,441,515,0,514,1,0
342414320868,153,10726,95,3476,516,0,515,1,0
342414354137,177,9716,61,3847,517,0,516,1,0
342414388081,171,7996,64,3599,518,0,517,1,0
342414420911,146,9551,109,9351,519,0,518,1,0
342414453815,310,10724,78,3866,520,0,519,1,0
342414487268,695,9553,39,750,521,0,520,1,0
342414520419,173,9110,75,3756,522,0,521,1,0
342414554185,184,9564,111,9338,523,0,522,1,0
342414587050,158,9521,41,1036,524,0,523,1,0
342414621246,1001,7494,36,376,525,0,524,1,0
342414653908,215,9953,192,18922,526,0,525,1,0
342414687563,178,9730,64,3658,527,0,526,1,0
342414720928,194,9619,39,420,528,0,527,1,0
342414753809,247,9337,69,3835,529,0,528,1,0
342414787474,214,8443,34,420,530,0,529,1,0
342414820665,278,11040,145,13448,531,0,530,1,0
342414854371,550,8514,31,390,532,0,531,1,0
342414887718,164,9523,585,19560,533,0,532,1,0
342414920798,215,9884,64,3522,534,0,533,1,0
342414954124,257,10242,73,3477,535,0,534,1,0
342414987234,820,9742,51,635,536,0,535,1,0
342415020909,200,11267,64,3670,537,0,536,1,0
342415053854,167,6050,104,9133,538,0,537,1,0
342415087086,172,6098,32,379,539,0,538,1,0
342415120697,312,6001,271,18674,540,0,539,1,0
342415153917,482,5378,145,13516,541,0,540,1,0
342415186928,171,5454,118,3642,542,0,541,1,0
342415221547,203,4132,30,415,543,0,542,1,0
342415253965,238,5455,66,3933,544,0,543,1,0
342415286955,155,6063,31,371,545,0,544,1,0
342415320568,263,6393,194,19560,546,0,545,1,0
342415355167,220,3798,39,679,547,0,546,1,0
342415387052,149,6113,69,3922,548,0,547,1,0
342415420916,173,5087,103,8784,549,0,548,1,0
342415453652,148,5812,70,3953,550,0,549,1,0
342415487603,204,5444,37,388,551,0,550,1,0
342415520499,298,6373,162,15190,552,0,551,1,0
342415553851,248,5701,113,9536,553,0,552,1,0
342415587148,249,5422,73,3839,554,0,553,1,0
342415620736,217,5183,145,13789,555,0,554,1,0
342415653802,238,5599,43,792,556,0,555,1,0
342415687605,194,5334,58,1931,557,0,556,1,0
342415720979,177,6043,229,14290,558,0,557,1,0
342415754306,184,5472,67,3992,559,0,558,1,0
342415787218,1448,3810,42,458,560,0,559,1,0
342415820503,312,5822,67,3541,561,0,560,1,0
342415853794,289,5353,70,3875,562,0,561,1,0
342415887816,245,4459,76,3617,563,0,562,1,0
342415920874,150,5550,122,9223,564,0,563,1,0
342415953776,356,5880,182,15010,565,0,564,1,0
342415987584,298,5272,43,605,566,0,565,1,0
342416020744,195,5170,93,4097,567,0,566,1,0
342416054232,215,5016,222,9460,568,0,567,1,0
342416087074,276,5428,45,1083,569,0,568,1,0
342416120454,313,5511,72,3975,570,0,569,1,0
342416154244,169,5481,33,433,571,0,570,1,0
342416187396,262,5627,187,10614,572,0,571,1,0
342416221056,292,6981,41,489,573,0,572,1,0
342416253711,335,5417,71,4006,574,0,573,1,0
342416287569,278,4821,46,445,575,0,574,1,0
342416320527,269,4913,153,13445,576,0,575,1,0
342416353987,402,5464,36,816,577,0,576,1,0
342416387506,206,5694,150,13028,578,0,577,1,0
342416420992,297,6256,83,3377,579,0,578,1,0
342416454055,299,5131,78,3575,580,0,579,1,0
342416487322,491,4863,52,862,581,0,580,1,0
342416520482,295,5153,82,3713,582,0,581,1,0
342416553690,307,5303,122,9364,583,0,582,1,0
342416587986,477,3960,49,969,584,0,583,1,0
342416620709,1320,4379,84,3810,585,0,584,1,0
342416653807,529,5280,42,356,586,0,585,1,0
342416687024,391,5823,214,19636,587,0,586,1,0
342416720507,382,6502,51,675,588,0,587,1,0
342416921472,4956,5885,95,4211,589,0,588,2,1
342416954586,174,8334,225,19400,590,0,589,2,0
342416987113,343,9605,88,920,591,0,590,2,0
342417021457,183,8263,77,3619,592,0,591,2,0
342417054108,167,10158,112,9245,593,0,592,2,0
342417087550,199,8119,48,1041,594,0,593,2,0
342417120738,179,10828,71,3782,595,0,594,2,0
342417154247,244,9405,32,304,596,0,595,2,0
342417188000,162,8219,287,19794,597,0,596,2,0
342417220386,181,9386,48,602,598,0,597,2,0
342417253998,218,9523,65,3757,599,0,598,2,0
342417287522,159,9600,32,408,600,0,599,2,0
342417321232,150,7984,149,13294,601,0,600,2,0
342417354760,160,9616,35,646,602,0,601,2,0
342417387962,631,7662,32,346,603,0,602,2,0
342417420450,298,10058,188,16885,604,0,603,2,0
342417453597,166,9810,101,3581,605,0,604,2,0
342417487507,188,9534,40,603,606,0,605,2,0
342417520391,328,9756,135,3580,607,0,606,2,0
342417553584,823,8653,149,9201,608,0,607,2,0
342417587354,175,8422,38,991,609,0,608,2,0
342417620728,195,11006,75,3783,610,0,609,2,0
342417654149,174,10203,31,313,611,0,610,2,0
342417687533,205,9568,1087,19782,612,0,611,2,0
342417720436,371,9723,53,611,613,0,612,2,0
342417754037,189,9657,74,3735,614,0,613,2,0
342417787506,170,9811,32,389,615,0,614,2,0
342417820803,166,8318,66,3458,616,0,615,2,0
342417853725,292,5159,63,3849,617,0,616,2,0
342417887055,282,5621,39,319,618,0,617,2,0
342417920600,344,5728,231,16790,619,0,618,2,0
342417954272,213,5092,72,3575,620,0,619,2,0
342417988072,182,4697,39,641,621,0,620,2,0
342418020229,135,5418,65,3578,622,0,621,2,0
342418054256,158,5006,107,9199,623,0,622,2,0
342418087064,820,5510,45,931,624,0,623,2,0
342418120739,193,6034,290,11030,625,0,624,2,0
342418154150,204,5284,140,13335,626,0,625,2,0
342418187893,162,4222,64,3704,627,0,626,2,0
342418221457,158,4414,36,377,628,0,627,2,0
342418253945,156,4916,64,3957,629,0,628,2,0
342418287518,224,5441,33,416,630,0,629,2,0
342418320373,284,5560,31,347,631,0,630,2,0
342418354124,157,5643,168,16322,632,0,631,2,0
342418387883,170,4324,65,4133,633,0,632,2,0
342418421278,141,4632,104,8907,634,0,633,2,0
342418454185,266,4890,72,3946,635,0,634,2,0
342418487443,233,4770,39,734,636,0,635,2,0
342418521267,167,4590,65,3691,637,0,636,2,0
342418554630,175,5003,169,16492,638,0,637,2,0
342418587560,155,5653,63,3972,639,0,638,2,0
342418620753,165,7540,146,13763,640,0,639,2,0
342418654130,173,5038,33,721,641,0,640,2,0
342418687158,402,5166,79,3755,642,0,641,2,0
342418721185,218,4784,40,390,643,0,642,2,0
342418754730,155,4909,66,3531,644,0,643,2,0
342418788338,640,3855,170,12036,645,0,644,2,0
342418821480,174,5569,74,3726,646,0,645,2,0
342418854096,153,5166,30,402,647,0,646,2,0
342418887413,164,5058,65,4062,648,0,647,2,0
342418920650,171,5226,104,9085,649,0,648,2,0
342418954564,235,4145,73,3784,650,0,649,2,0
342418987965,378,4628,87,312,651,0,650,2,0
342419020777,173,5556,164,15452,652,0,651,2,0
342419054631,175,4868,108,9592,653,0,652,2,0
342419087329,139,5136,66,3837,654,0,653,2,0
342419120361,253,5401,145,13799,655,0,654,2,0
342419154061,152,5090,35,753,656,0,655,2,0
342419187491,254,5003,71,3735,657,0,656,2,0
342419221280,168,5684,42,333,658,0,657,2,0
342419253908,901,4957,42,325,659,0,658,2,0
342419287078,595,5616,231,18984,660,0,659,2,0
342419320306,282,7128,77,3616,661,0,660,2,0
342419354075,174,5091,34,407,662,0,661,2,0
342419387032,412,5526,65,3915,663,0,662,2,0
342419420609,171,5156,104,8799,664,0,663,2,0
342419453959,234,5406,66,3901,665,0,664,2,0
342419487427,192,5714,36,375,666,0,665,2,0
342419520574,186,5976,212,20001,667,0,666,2,0
342419553652,283,6036,116,9451,668,0,667,2,0
342419587405,204,5027,64,3977,669,0,668,2,0
342419620739,163,5024,297,13740,670,0,669,2,0
342419653763,246,8467,37,877,671,0,670,2,0
342419687318,166,10416,72,3871,672,0,671,2,0
342419721473,404,7450,61,364,673,0,672,2,0
342419754764,163,9344,31,140,674,0,673,2,0
342419787575,302,8376,194,19049,675,0,674,2,0
342419820702,141,9522,62,3619,676,0,675,2,0
342419853753,250,9584,65,3875,677,0,676,2,0
342419887422,153,10137,63,3615,678,0,677,2,0
342419920699,150,9702,110,9255,679,0,678,2,0
342419955727,258,6774,139,487,680,0,679,2,0
342419987297,204,9608,44,171,681,0,680,2,0
342420020614,213,10405,213,20051,682,0,681,2,0
342420054037,172,9690,109,9528,683,0,682,2,0
342420087844,150,8999,66,3963,684,0,683,2,0
342420120570,284,10201,149,13800,685,0,684,2,0
342420154419,165,8504,38,922,686,0,685,2,0
342420187518,828,8320,41,387,687,0,686,2,0
342420220754,252,10068,182,16471,688,0,687,2,0
342420254021,177,9519,64,4014,689,0,688,2,0
342420287194,257,9737,32,418,690,0,689,2,0
342420321052,160,8665,61,3444,691,0,690,2,0
342420353666,305,8403,62,3819,692,0,691,2,0
342420387717,149,8894,67,3580,693,0,692,2,0
342420420969,546,8420,32,357,694,0,693,2,0
342420453877,241,9695,342,19571,695,0,694,2,0
342420487907,184,7992,34,911,696,0,695,2,0
342420520433,128,10369,69,3638,697,0,696,2,0
342420554457,272,9145,110,9264,698,0,697,2,0
342420587254,147,9697,42,1047,699,0,698,2,0
342420620359,294,8575,67,3727,700,0,699,2,0
342420654064,225,9500,30,368,701,0,700,2,0
342420687443,152,9662,91,7264,702,0,701,2,0
342420720666,262,10482,39,415,703,0,702,2,0
342420753836,359,9520,72,3915,704,0,703,2,0
342420787890,271,9048,33,404,705,0,704,2,0
342420821080,156,8825,64,3574,706,0,705,2,0
342420854307,181,8683,62,3937,707,0,706,2,0
342420888155,139,8346,31,298,708,0,707,2,0
342420920416,245,9928,171,16860,709,0,708,2,0
342420954374,158,8335,59,3609,710,0,709,2,0
342420987587,698,8836,46,694,711,0,710,2,0
342421020594,237,9315,65,3601,712,0,711,2,0
342421053859,158,8352,106,9223,713,0,712,2,0
342421087346,216,10050,39,1010,714,0,713,2,0
342421120556,176,10026,46,318,715,0,714,2,0
342421153779,799,9269,222,19183,716,0,715,2,0
342421187936,226,8264,82,3642,717,0,716,2,0
342421220829,190,11204,45,395,718,0,717,2,0
342421254469,184,8962,72,3829,719,0,718,2,0
342421287843,146,8656,36,389,720,0,719,2,0
342421320795,244,9536,175,13280,721,0,720,2,0
342421353596,403,8600,34,249,722,0,721,2,0
342421387183,325,9587,205,19871,723,0,722,2,0
342421421068,202,9892,65,3492,724,0,723,2,0
342421454553,158,9026,73,3443,725,0,724,2,0
342421487955,290,8399,37,828,726,0,725,2,0
342421520743,165,8190,106,3632,727,0,726,2,0
342421554503,316,8020,113,9092,728,0,727,2,0
342421588223,161,8229,43,336,729,0,728,2,0
342421620702,344,9473,36,145,730,0,729,2,0
342421653957,207,9569,192,18981,731,0,730,2,0
342421687757,178,8145,62,3618,732,0,731,2,0
342421720379,852,9602,42,400,733,0,732,2,0
342421754314,161,8658,64,3791,734,0,733,2,0
342421787237,127,9547,32,389,735,0,734,2,0
342421820637,217,9281,147,13407,736,0,735,2,0
342421854529,179,4409,31,629,737,0,736,2,0
342421887220,242,7489,252,19828,738,0,737,2,0
342421920708,188,5470,61,3295,739,0,738,2,0
342421953976,156,5343,62,3549,740,0,739,2,0
342421987346,197,5032,36,637,741,0,740,2,0
342422020498,183,5163,66,3690,742,0,741,2,0
342422054451,646,3663,245,9314,743,0,742,2,0
342422086968,150,5514,39,1076,744,0,743,2,0
342422120302,571,5536,36,315,745,0,744,2,0
342422153804,264,5758,202,19022,746,0,745,2,0
342422187114,236,5531,61,3622,747,0,746,2,0
342422220213,329,5181,40,409,748,0,747,2,0
342422254215,163,4547,61,3795,749,0,748,2,0
342422287240,148,5270,30,394,750,0,749,2,0
342422320934,289,4497,143,13427,751,0,750,2,0
342422355003,146,4442,30,318,752,0,751,2,0
342422386977,297,5916,195,19767,753,0,752,2,0
342422420900,157,6025,61,3497,754,0,753,2,0
342422453941,127,5178,60,3437,755,0,754,2,0
342422487721,179,4816,34,641,756,0,755,2,0
342422520555,152,5203,71,3636,757,0,756,2,0
342422553972,174,5104,110,9295,758,0,757,2,0
342422587743,200,4553,37,1014,759,0,758,2,0
342422620324,310,5501,127,10961,760,0,759,2,0
342422654005,192,5570,139,13263,761,0,760,2,0
342422687584,170,4554,70,3659,762,0,761,2,0
342422720299,304,5380,38,391,763,0,762,2,0
342422754341,176,4325,68,4031,764,0,763,2,0
342422787605,139,4794,31,428,765,0,764,2,0
342422820729,216,5198,143,13393,766,0,765,2,0
342422854341,195,4646,59,3503,767,0,766,2,0
342422887396,129,5527,67,4428,768,0,767,2,0
342422921072,184,6527,114,9073,769,0,768,2,0
342422954398,151,4635,70,4121,770,0,769,2,0
342422987013,306,5137,36,742,771,0,770,2,0
342423021034,191,4320,70,3821,772,0,771,2,0
342423054111,164,5351,38,363,773,0,772,2,0
342423087871,459,4266,208,19542,774,0,773,2,0
342423120636,249,5888,50,677,775,0,774,2,0
342423156580,466,3804,277,13530,776,0,775,2,0
342423186964,377,5147,75,3632,777,0,776,2,0
342423220242,461,4848,44,377,778,0,777,2,0
342423254268,250,4215,332,4013,779,0,778,2,0
342423287746,242,4535,41,384,780,0,779,2,0
342423321395,366,3984,43,347,781,0,780,2,0
342423354535,169,5528,228,16292,782,0,781,2,0
342423387280,467,5325,71,4150,783,0,782,2,0
342423462846,24592,11959,209,8902,784,0,783,2,0
342423533155,355,3799,118,4514,785,0,784,2,0
342423566448,252,3906,66,3374,786,0,785,2,0
342423599555,209,4120,94,4025,787,0,786,2,0
342423633484,191,3468,109,3560,788,0,787,2,0
342423666781,307,5581,47,309,789,0,788,2,0
342423700053,400,4377,393,19529,790,0,789,2,0
342423733254,197,3884,40,931,791,0,790,2,0
342423766245,168,4906,68,3637,792,0,791,2,0
342423799930,170,12250,112,9303,793,0,792,2,0
342423833330,154,8156,37,1008,794,0,793,2,0
342423866491,149,8457,62,3773,795,0,794,2,0
342423899704,179,4786,153,332,796,0,795,2,0
342423933255,177,4197,297,19813,797,0,796,2,0
342423966338,225,6435,41,641,798,0,797,2,0
342424000091,179,9309,71,4000,799,0,798,2,0
342424032954,173,4291,35,310,800,0,799,2,0
342424066564,179,4331,31,147,801,0,800,2,0
342424100127,164,4197,171,16353,802,0,801,2,0
342424133051,303,4607,139,4177,803,0,802,2,0
342424166287,201,8791,731,8906,804,0,803,2,0
342424199723,519,9522,72,3894,805,0,804,2,0
342424233018,210,5244,48,720,806,0,805,2,0
342424266598,196,4643,91,337,807,0,806,2,0
342424299730,416,4081,244,16849,808,0,807,2,0
342424333191,170,3727,73,3652,809,0,808,2,0
342424366496,159,8149,152,13372,810,0,809,2,0
342424400039,166,12078,40,797,811,0,810,2,0
342424433320,149,12137,85,3792,812,0,811,2,0
342424466546,243,6740,44,383,813,0,812,2,0
342424499833,192,6521,73,3541,814,0,813,2,0
342424533208,229,3628,109,8453,815,0,814,2,0
342424566583,215,3746,105,7202,816,0,815,2,0
342424600848,452,1888,42,409,817,0,816,2,0
342424633010,252,1806,72,4046,818,0,817,2,0
342424666674,177,1844,104,9103,819,0,818,2,0
342424699806,219,1636,94,3952,820,0,819,2,0
342424733142,204,1611,39,497,821,0,820,2,0
342424766382,187,1624,68,3728,822,0,821,2,0
342424799661,202,1734,186,335,823,0,822,2,0
342424833111,178,1799,199,19636,824,0,823,2,0
342424866506,221,1668,32,681,825,0,824,2,0
342424899458,244,1820,148,13549,826,0,825,2,0
342424933379,204,1642,64,3617,827,0,826,2,0
342424966578,189,1764,36,376,828,0,827,2,0
342424999616,216,1627,49,366,829,0,828,2,0
342425033113,241,1811,190,15404,830,0,829,2,0
342425066428,210,1612,81,339,831,0,830,2,0
342425099904,196,1654,174,16361,832,0,831,2,0
342425133303,182,1729,124,4167,833,0,832,2,0
342425166552,209,1657,154,8864,834,0,833,2,0
342425199554,180,1666,66,3902,835,0,834,2,0
342425232952,220,1620,43,470,836,0,835,2,0
342425266449,249,1752,86,4067,837,0,836,2,0
342425299716,251,1651,45,357,838,0,837,2,0
342425332817,217,1630,42,140,839,0,838,2,0
342425366248,240,1686,225,18973,840,0,839,2,0
342425399504,212,1680,196,13459,841,0,840,2,0
342425433229,262,1626,72,3613,842,0,841,2,0
342425466262,696,2164,55,383,843,0,842,2,0
342425499634,249,1707,112,3890,844,0,843,2,0
342425532900,254,1720,40,389,845,0,844,2,0
342425566551,216,1627,214,13356,846,0,845,2,0
342425599844,224,1650,37,313,847,0,846,2,0
342425633186,203,1770,205,19861,848,0,847,2,0
342425666420,200,1639,67,3506,849,0,848,2,0
342425699934,323,1676,75,3468,850,0,849,2,0
342425732904,228,1688,39,389,851,0,850,2,0
342425766213,207,1671,75,3925,852,0,851,2,0
342425799482,232,1660,200,9305,853,0,852,2,0
342425832883,266,1757,139,1082,854,0,853,2,0
342425866568,215,1636,77,3869,855,0,854,2,0
342425899893,221,1645,87,451,856,0,855,2,0
342425932991,200,1795,71,3642,857,0,856,2,0
342425966377,343,1766,34,378,858,0,857,2,0
342425999924,193,1668,73,3949,859,0,858,2,0
342426033172,173,1649,31,399,860,0,859,2,0
342426066695,206,1731,156,13555,861,0,860,2,0
342426099923,163,1841,30,313,862,0,861,2,0
342426132840,152,1689,200,19817,863,0,862,2,0
342426166169,571,1704,65,3498,864,0,863,2,0
342426199738,190,1943,67,3440,865,0,864,2,0
342426233157,191,1659,32,347,866,0,865,2,0
342426266604,160,1840,197,19948,867,0,866,2,0
342426299375,173,1717,67,326,868,0,867,2,0
342426333357,167,1690,195,19549,869,0,868,2,0
342426366228,162,1729,31,667,870,0,869,2,0
342426399495,186,1634,197,13510,871,0,870,2,0
342426433332,168,1834,63,3632,872,0,871,2,0
342426466313,150,2164,32,375,873,0,872,2,0
342426499839,184,1670,70,4159,874,0,873,2,0
342426532991,158,1735,28,312,875,0,874,2,0
342426566467,195,1829,204,19889,876,0,875,2,0
342426599902,199,1613,45,664,877,0,876,2,0
342426632944,195,1743,81,3937,878,0,877,2,0
342426666675,185,1994,127,8783,879,0,878,2,0
342426699567,188,1884,72,3993,880,0,879,2,0
342426733401,241,1681,38,742,881,0,880,2,0
342426766465,487,1640,37,316,882,0,881,2,0
342426799583,181,1810,176,16847,883,0,882,2,0
342426832992,189,1641,67,3633,884,0,883,2,0
342426866623,229,1624,292,13339,885,0,884,2,0
342426899852,192,1650,37,775,886,0,885,2,0
342426933263,199,1625,69,3791,887,0,886,2,0
342426966946,368,1683,38,283,888,0,887,2,0
342427000271,211,1851,190,17541,889,0,888,2,0
342427033289,213,1650,38,575,890,0,889,2,0
342427066874,211,1727,71,3539,891,0,890,2,0
342427099820,173,1957,66,3877,892,0,891,2,0
342427133035,168,1623,65,3631,893,0,892,2,0
342427166671,160,1735,106,9342,894,0,893,2,0
342427199841,203,1803,69,3680,895,0,894,2,0
342427232996,199,1818,136,12082,896,0,895,2,0
342427266564,158,1783,62,3907,897,0,896,2,0
342427299970,165,1622,109,9484,898,0,897,2,0
342427333371,152,1660,65,4081,899,0,898,2,0
342427366330,181,1685,324,13875,900,0,899,2,0
342427399661,185,1788,41,790,901,0,900,2,0
342427433210,179,1618,34,368,902,0,901,2,0
342427466418,162,1709,265,16366,903,0,902,2,0
342427499995,194,1650,65,4013,904,0,903,2,0
342427533001,156,1733,31,411,905,0,904,2,0
342427566582,159,1731,61,3438,906,0,905,2,0
342427601286,500,1833,148,3813,907,0,906,2,0
342427633288,186,1738,68,3572,908,0,907,2,0
342427666487,181,1754,115,9238,909,0,908,2,0
342427699855,279,1708,130,10931,910,0,909,2,0
342427733134,209,1615,36,742,911,0,910,2,0
342427766635,211,1796,66,3718,912,0,911,2,0
342427800059,219,1779,109,9298,913,0,912,2,0
342427833330,150,1644,35,1104,914,0,913,2,0
342427866489,155,1655,65,3903,915,0,914,2,0
342427899864,186,1734,66,319,916,0,915,2,0
342427932738,161,1797,259,19858,917,0,916,2,0
342427966312,217,1625,38,645,918,0,917,2,0
342427999945,192,1773,69,3774,919,0,918,2,0
342428033249,154,1798,28,312,920,0,919,2,0
342428066150,210,1766,206,19794,921,0,920,2,0
342428099575,231,1636,42,643,922,0,921,2,0
342428132914,224,1631,73,3900,923,0,922,2,0
342428166758,202,1636,156,8708,924,0,923,2,0
342428199750,222,1652,86,3946,925,0,924,2,0
342428233295,185,1618,72,767,926,0,925,2,0
342428266523,184,1784,35,314,927,0,926,2,0
342428300155,168,1817,219,16896,928,0,927,2,0
342428333227,170,1793,65,3634,929,0,928,2,0
342428366429,200,1799,153,13365,930,0,929,2,0
342428399834,239,1738,39,765,931,0,930,2,0
342428433048,160,1684,162,3789,932,0,931,2,0
342428466148,193,1629,37,339,933,0,932,2,0
342428499543,168,1695,267,19806,934,0,933,2,0
342428534138,240,1807,38,676,935,0,934,2,0
342428566537,213,1653,72,3495,936,0,935,2,0
342428599984,179,1665,66,3841,937,0,936,2,0
342428633153,330,1902,67,3585,938,0,937,2,0
342428666449,165,1737,195,9168,939,0,938,2,0
342428699767,172,1734,219,15462,940,0,939,2,0
342428733216,192,1623,39,844,941,0,940,2,0
342428766373,254,1788,68,3746,942,0,941,2,0
342428800038,221,1943,110,9329,943,0,942,2,0
342428832890,153,1729,35,1083,944,0,943,2,0
342428866322,171,1611,63,3859,945,0,944,2,0
342428899990,157,1641,135,7516,946,0,945,2,0
342428933303,163,1777,112,9342,947,0,946,2,0
342428966551,190,1761,42,983,948,0,947,2,0
342428999995,156,1852,69,4530,949,0,948,2,0
342429033237,151,2009,31,515,950,0,949,2,0
342429066874,401,1613,109,8661,951,0,950,2,0
342429099681,183,1738,188,15761,952,0,951,2,0
342429133200,166,1716,64,4425,953,0,952,2,0
342429166431,147,1697,103,9119,954,0,953,2,0
342429200058,159,1734,64,4027,955,0,954,2,0
342429233144,200,1810,34,488,956,0,955,2,0
342429266438,169,1766,67,4108,957,0,956,2,0
342429300066,171,2003,108,9409,958,0,957,2,0
342429333232,150,1730,34,1012,959,0,958,2,0
342429366448,149,1743,64,3690,960,0,959,2,0
342429399598,159,1761,137,10995,961,0,960,2,0
342429433069,187,1756,118,9305,962,0,961,2,0
342429466174,169,1774,35,901,963,0,962,2,0
342429499902,193,1657,73,4231,964,0,963,2,0
342429532954,206,1631,40,465,965,0,964,2,0
342429567045,1655,2973,131,3747,966,0,965,2,0
342429599711,206,1604,32,414,967,0,966,2,0
342429632971,158,1826,65,4162,968,0,967,2,0
342429666354,177,1615,249,9224,969,0,968,2,0
342429699579,186,1827,67,4093,970,0,969,2,0
342429733065,226,1748,44,360,971,0,970,2,0
342429766324,189,1852,281,19981,972,0,971,2,0
342429800246,301,1622,113,9464,973,0,972,2,0
342429833224,161,1620,64,3866,974,0,973,2,0
342429866225,198,1631,166,13665,975,0,974,2,0
342429899874,158,1734,38,954,976,0,975,2,0
342429933088,170,1734,64,3551,977,0,976,2,0
342429966400,149,1769,128,12013,978,0,977,2,0
342429999936,178,1619,125,4091,979,0,978,2,0
342430033281,215,1657,38,444,980,0,979,2,0
342430066315,225,1708,68,3591,981,0,980,2,0
342430099526,838,1708,71,3909,982,0,981,2,0
342430132975,168,1782,32,294,983,0,982,2,0
342430166471,158,1860,173,16870,984,0,983,2,0
342430199748,151,1784,62,3631,985,0,984,2,0
342430233119,197,1728,76,415,986,0,985,2,0
342430266188,155,1943,65,3879,987,0,986,2,0
342430299645,151,1799,105,9216,988,0,987,2,0
342430333268,152,1746,35,1017,989,0,988,2,0
342430366237,157,1614,30,319,990,0,989,2,0
342430399622,164,1828,191,19131,991,0,990,2,0
342430433429,161,1783,62,3630,992,0,991,2,0
342430466514,150,1735,31,407,993,0,992,2,0
342430500163,183,1957,65,3818,994,0,993,2,0
342430532915,149,1734,629,403,995,0,994,2,0
342430566499,206,1807,146,13443,996,0,995,2,0
342430599712,156,1734,28,318,997,0,996,2,0
342430632965,169,1711,199,19852,998,0,997,2,0
342430666658,154,1681,119,3498,999,0,998,2,0
342430699852,167,1723,59,3437,1000,0,999,2,0
342430733073,213,1800,33,368,1001,0,1000,2,0
342430766311,155,1745,64,3895,1002,0,1001,2,0
342430800114,176,1763,29,349,1003,0,1002,2,0
342430833101,205,1822,207,19510,1004,0,1003,2,0
342430866250,168,1608,32,669,1005,0,1004,2,0
342430899960,149,1782,141,13517,1006,0,1005,2,0
342430933224,185,1787,60,3629,1007,0,1006,2,0
342430966182,156,1616,33,377,1008,0,1007,2,0
342430999796,174,1735,66,3996,1009,0,1008,2,0
342431033060,162,1780,30,243,1010,0,1009,2,0
342431066349,151,1825,160,15293,1011,0,1010,2,0
342431099712,184,1671,30,525,1012,0,1011,2,0
342431132845,186,1731,79,4025,1013,0,1012,2,0
342431166445,169,1851,104,9123,1014,0,1013,2,0
342431199541,178,1646,72,4000,1015,0,1014,2,0
342431233357,213,1723,41,484,1016,0,1015,2,0
342431266432,210,1638,36,323,1017,0,1016,2,0
342431300195,174,2599,177,16959,1018,0,1017,2,0
342431333015,148,2508,61,3610,1019,0,1018,2,0
342431366805,160,2502,32,423,1020,0,1019,2,0
342431399662,169,2793,144,13336,1021,0,1020,2,0
342431432885,164,2593,61,3652,1022,0,1021,2,0
342431466457,188,2424,36,387,1023,0,1022,2,0
342431499699,191,2429,64,3522,1024,0,1023,2,0
342431533152,169,2445,130,12024,1025,0,1024,2,0
342431566182,322,2311,70,3744,1026,0,1025,2,0
342431599687,183,2519,33,402,1027,0,1026,2,0
342431633664,161,2412,66,4016,1028,0,1027,2,0
342431666253,156,2467,103,8987,1029,0,1028,2,0
342431699778,150,2442,61,4009,1030,0,1029,2,0
342431732844,188,2551,33,480,1031,0,1030,2,0
342431766473,165,2555,35,320,1032,0,1031,2,0
342431799872,154,2615,203,16837,1033,0,1032,2,0
342431833268,189,2558,62,3612,1034,0,1033,2,0
342431866770,176,2982,290,13351,1035,0,1034,2,0
342431899672,152,3591,34,750,1036,0,1035,2,0
342431933291,155,3054,172,3797,1037,0,1036,2,0
342431966647,154,3377,45,252,1038,0,1037,2,0
342431999912,206,3261,175,16415,1039,0,1038,2,0
342432033422,190,3149,49,585,1040,0,1039,2,0
342432066181,187,3432,68,3553,1041,0,1040,2,0
342432099742,156,4163,272,3893,1042,0,1041,2,0
342432133147,222,3473,71,3642,1043,0,1042,2,0
342432166467,158,5018,153,9325,1044,0,1043,2,0
342432199518,175,3301,36,546,1045,0,1044,2,0
342432233049,201,2974,42,175,1046,0,1045,2,0
342432266578,214,3348,289,19995,1047,0,1046,2,0
342432299741,181,3743,126,9510,1048,0,1047,2,0
342432333393,173,3879,43,1028,1049,0,1048,2,0
342432366730,160,3438,77,3741,1050,0,1049,2,0
342432399531,182,3231,33,340,1051,0,1050,2,0
342432432997,170,2997,125,10747,1052,0,1051,2,0
342432466221,162,3095,32,418,1053,0,1052,2,0
342432499910,193,2874,66,3925,1054,0,1053,2,0
342432532954,176,4076,35,391,1055,0,1054,2,0
342432566093,158,3514,63,3536,1056,0,1055,2,0
342432599809,363,3263,66,3927,1057,0,1056,2,0
342432632937,199,3020,69,3519,1058,0,1057,2,0
342432666510,166,3436,206,20978,1059,0,1058,2,0
342432699688,165,3298,160,3967,1060,0,1059,2,0
342432732850,195,3071,33,369,1061,0,1060,2,0
342432766255,161,4054,388,19984,1062,0,1061,2,0
342432799559,170,4123,181,9412,1063,0,1062,2,0
342432833472,196,3703,64,1112,1064,0,1063,2,0
342432866079,172,3194,70,3993,1065,0,1064,2,0
342432899662,189,3040,138,13254,1066,0,1065,2,0
342432933221,223,5886,68,3669,1067,0,1066,2,0
342432966641,154,4204,42,389,1068,0,1067,2,0
342432999796,172,3521,103,4028,1069,0,1068,2,0
342433033159,161,3021,29,325,1070,0,1069,2,0
342433066362,153,3552,322,10734,1071,0,1070,2,0
342433099707,243,2939,29,407,1072,0,1071,2,0
342433132971,250,7420,114,3987,1073,0,1072,2,0
342433166258,307,4119,104,9011,1074,0,1073,2,0
342433199817,156,3817,63,3911,1075,0,1074,2,0
342433233577,1205,2778,40,705,1076,0,1075,2,0
342433266531,201,3216,69,3810,1077,0,1076,2,0
342433299712,159,3106,109,9411,1078,0,1077,2,0
342433333205,149,4092,63,3762,1079,0,1078,2,0
342433366546,158,3925,145,13881,1080,0,1079,2,0
342433399838,160,3462,35,695,1081,0,1080,2,0
342433433260,160,3199,32,347,1082,0,1081,2,0
342433467071,286,3528,177,16333,1083,0,1082,2,0
342433499611,198,3238,61,4006,1084,0,1083,2,0
342433532846,155,4837,34,429,1085,0,1084,2,0
342433566582,182,4149,70,3450,1086,0,1085,2,0
342433599837,172,3439,64,3823,1087,0,1086,2,0
342433633036,187,3121,62,3579,1088,0,1087,2,0
342433666345,165,3263,29,351,1089,0,1088,2,0
342433699536,177,3704,257,19563,1090,0,1089,2,0
342433737749,632,13089,421,931,1091,0,1090,2,0
342433766890,312,3237,111,3627,1092,0,1091,2,0
342433799437,233,4148,125,9259,1093,0,1092,2,0
342433832878,220,3074,34,1041,1094,0,1093,2,0
342433866603,225,3436,70,3730,1095,0,1094,2,0
342433899477,167,3227,28,317,1096,0,1095,2,0
342433932942,188,3097,429,19873,1097,0,1096,2,0
342433966549,350,3871,46,651,1098,0,1097,2,0
342433999880,274,3147,73,3989,1099,0,1098,2,0
342434032837,192,3081,30,411,1100,0,1099,2,0
342434066545,168,3458,143,13317,1101,0,1100,2,0
342434099607,189,3228,34,586,1102,0,1101,2,0
342434133119,170,3109,500,19985,1103,0,1102,2,0
342434166701,522,3028,64,3256,1104,0,1103,2,0
342434199561,179,3582,68,3607,1105,0,1104,2,0
342434233042,181,3705,36,659,1106,0,1105,2,0
342434266495,172,8226,95,3691,1107,0,1106,2,0
342434299915,206,8900,115,9340,1108,0,1107,2,0
342434333133,156,12358,33,486,1109,0,1108,2,0
342434366455,187,6117,542,19053,1110,0,1109,2,0
342434399645,270,4221,152,13536,1111,0,1110,2,0
342434433116,199,3937,70,3661,1112,0,1111,2,0
342434466468,241,5343,43,382,1113,0,1112,2,0
342434499568,171,12189,66,3928,1114,0,1113,2,0
342434532984,161,10921,32,386,1115,0,1114,2,0
342434566491,158,4508,42,356,1116,0,1115,2,0
342434599727,202,4231,180,16386,1117,0,1116,2,0
342434632992,173,3886,107,4154,1118,0,1117,2,0
342434666961,155,11454,107,8882,1119,0,1118,2,0
342434699850,153,12619,63,3910,1120,0,1119,2,0
342434733285,196,12912,39,695,1121,0,1120,2,0
342434766399,152,4226,32,315,1122,0,1121,2,0
342434799727,151,4238,173,16937,1123,0,1122,2,0
342434833199,158,3987,62,3633,1124,0,1123,2,0
342434866174,169,5633,33,409,1125,0,1124,2,0
342434899925,278,11610,142,13347,1126,0,1125,2,0
342434932841,153,13160,64,3658,1127,0,1126,2,0
342434966392,149,10611,47,385,1128,0,1127,2,0
342434999419,210,4122,68,343,1129,0,1128,2,0
342435033158,152,3993,191,19042,1130,0,1129,2,0
342435067804,1381,9391,77,3625,1131,0,1130,2,0
342435099680,192,6853,34,409,1132,0,1131,2,0
342435133256,166,12440,65,3946,1133,0,1132,2,0
342435166505,168,10015,111,8836,1134,0,1133,2,0
342435199403,161,4401,33,543,1135,0,1134,2,0
342435233439,196,3996,347,19117,1136,0,1135,2,0
342435266384,210,3625,110,3771,1137,0,1136,2,0
342435299822,223,3868,117,9358,1138,0,1137,2,0
342435332874,152,12180,65,3843,1139,0,1138,2,0
342435366231,150,12277,147,13705,1140,0,1139,2,0
342435399951,172,12707,83,785,1141,0,1140,2,0
342435433280,187,8339,71,3796,1142,0,1141,2,0
342435466720,155,13105,47,347,1143,0,1142,2,0
342435499813,338,4072,30,140,1144,0,1143,2,0
342435533022,159,4282,193,19084,1145,0,1144,2,0
342435566136,186,4304,62,3616,1146,0,1145,2,0
342435599634,160,8706,39,404,1147,0,1146,2,0
342435633027,154,8923,66,3894,1148,0,1147,2,0
342435666581,151,8979,105,8811,1149,0,1148,2,0
342435699816,152,4174,31,523,1150,0,1149,2,0
342435733147,208,4020,198,19088,1151,0,1150,2,0
342435766271,152,3940,99,3792,1152,0,1151,2,0
342435799656,164,4160,112,9333,1153,0,1152,2,0
342435833702,167,9636,72,3927,1154,0,1153,2,0
342435865953,152,9012,34,371,1155,0,1154,2,0
342435899716,150,9489,195,19130,1156,0,1155,2,0
342435933362,207,12488,34,355,1157,0,1156,2,0
342435966165,171,4547,178,16320,1158,0,1157,2,0
342435999885,164,4124,63,3978,1159,0,1158,2,0
342436033335,154,4011,35,402,1160,0,1159,2,0
342436066761,155,11709,93,3433,1161,0,1160,2,0
342436099904,156,12609,62,3811,1162,0,1161,2,0
342436133122,155,13419,34,300,1163,0,1162,2,0
342436166575,148,4105,29,140,1164,0,1163,2,0
342436199627,173,4668,213,19578,1165,0,1164,2,0
342436233224,180,12355,41,945,1166,0,1165,2,0
342436266382,161,7478,65,3627,1167,0,1166,2,0
342436299647,230,11991,113,9246,1168,0,1167,2,0
342436332981,216,12968,41,1047,1169,0,1168,2,0
342436366289,158,9255,66,3787,1170,0,1169,2,0
342436399798,165,4296,29,308,1171,0,1170,2,0
342436433209,170,3962,201,19896,1172,0,1171,2,0
342436466537,145,8090,47,649,1173,0,1172,2,0
342436499657,177,8220,87,4006,1174,0,1173,2,0
342436533042,158,12086,33,415,1175,0,1174,2,0
342436566440,157,9468,62,3482,1176,0,1175,2,0
342436599802,310,8756,31,351,1177,0,1176,2,0
342436633122,172,11927,30,145,1178,0,1177,2,0
342436666570,146,4036,170,16872,1179,0,1178,2,0
342436699454,151,4106,63,3637,1180,0,1179,2,0
342436732997,192,5739,42,636,1181,0,1180,2,0
342436766405,149,11654,71,3571,1182,0,1181,2,0
342436799613,180,12096,112,9206,1183,0,1182,2,0
342436833031,159,8620,37,989,1184,0,1183,2,0
342436866342,150,9662,70,3646,1185,0,1184,2,0
342436899948,171,4466,32,243,1186,0,1185,2,0
342436933011,166,3994,198,19749,1187,0,1186,2,0
342436966919,418,11849,68,631,1188,0,1187,2,0
342436999444,188,4703,120,3806,1189,0,1188,2,0
342437033129,163,7560,33,406,1190,0,1189,2,0
342437066605,162,11787,37,342,1191,0,1190,2,0
342437099655,159,8815,190,18892,1192,0,1191,2,0
342437133040,145,13315,35,347,1193,0,1192,2,0
342437166399,148,4017,296,16823,1194,0,1193,2,0
342437199602,173,4163,70,3595,1195,0,1194,2,0
342437233825,213,5944,44,631,1196,0,1195,2,0
342437266175,179,3469,78,3598,1197,0,1196,2,0
342437299849,170,3298,107,9213,1198,0,1197,2,0
342437332755,182,7159,39,867,1199,0,1198,2,0
342437366555,176,3267,180,15529,1200,0,1199,2,0
342437399727,180,3353,1019,13472,1201,0,1200,2,0
342437432942,219,2932,66,3737,1202,0,1201,2,0
342437466492,162,5515,134,406,1203,0,1202,2,0
342437499451,198,3895,74,4043,1204,0,1203,2,0
342437533235,232,3279,35,439,1205,0,1204,2,0
342437566016,209,3312,358,13167,1206,0,1205,2,0
342437599830,191,3243,209,15116,1207,0,1206,2,0
342437633035,638,3535,86,3907,1208,0,1207,2,0
342437666829,211,3312,63,3367,1209,0,1208,2,0
342437699592,192,4145,162,3563,1210,0,1209,2,0
342437733144,203,3292,39,693,1211,0,1210,2,0
342437766183,219,4035,73,3663,1212,0,1211,2,0
342437799766,305,4101,272,9031,1213,0,1212,2,0
342437832990,179,3042,311,15886,1214,0,1213,2,0
342437866655,161,3212,33,676,1215,0,1214,2,0
342437899843,194,3833,156,13841,1216,0,1215,2,0
342437933074,205,3885,74,3774,1217,0,1216,2,0
342437966434,189,3418,40,396,1218,0,1217,2,0
342437999538,209,3343,36,355,1219,0,1218,2,0
342438032792,181,3196,297,19049,1220,0,1219,2,0
342438065975,167,3341,60,3614,1221,0,1220,2,0
342438100166,151,3934,32,406,1222,0,1221,2,0
342438133284,172,4324,67,3969,1223,0,1222,2,0
342438166202,178,3341,174,8920,1224,0,1223,2,0
342438199873,167,3240,35,512,1225,0,1224,2,0
342438233012,206,3032,315,19003,1226,0,1225,2,0
342438266391,162,3240,62,3769,1227,0,1226,2,0
342438299597,155,3118,217,9357,1228,0,1227,2,0
342438332634,168,4993,68,3834,1229,0,1228,2,0
342438366290,162,3500,147,13715,1230,0,1229,2,0
342438399382,333,3419,35,743,1231,0,1230,2,0
342438433047,161,8272,32,353,1232,0,1231,2,0
342438466345,199,4099,179,16333,1233,0,1232,2,0
342438499840,179,3234,63,4050,1234,0,1233,2,0
342438533108,228,2864,42,405,1235,0,1234,2,0
342438567290,210,3328,75,3443,1236,0,1235,2,0
342438599339,189,4026,71,3821,1237,0,1236,2,0
342438632946,221,3922,78,3580,1238,0,1237,2,0
342438666241,241,3226,220,358,1239,0,1238,2,0
342438699689,220,3337,328,19551,1240,0,1239,2,0
342438732680,215,3194,46,957,1241,0,1240,2,0
342438766074,264,2877,76,3631,1242,0,1241,2,0
342438799776,210,3327,131,9260,1243,0,1242,2,0
342438832827,253,3720,167,3859,1244,0,1243,2,0
342438866205,302,3423,37,358,1245,0,1244,2,0
342438899497,167,3148,267,19148,1246,0,1245,2,0
342438933015,178,3157,60,3610,1247,0,1246,2,0
342438966248,170,2978,37,403,1248,0,1247,2,0
342438999367,177,2916,71,4080,1249,0,1248,2,0
342439033069,233,7199,34,396,1250,0,1249,2,0
342439066395,224,12609,77,3429,1251,0,1250,2,0
342439099490,191,5905,82,3842,1252,0,1251,2,0
342439132664,183,13138,41,307,1253,0,1252,2,0
342439166160,261,4405,179,16908,1254,0,1253,2,0
342439199574,189,3887,65,3611,1255,0,1254,2,0
342439232786,227,4404,45,671,1256,0,1255,2,0
342439266575,197,12661,80,3591,1257,0,1256,2,0
342439299605,229,9819,131,9211,1258,0,1257,2,0
342439332972,180,13263,41,1009,1259,0,1258,2,0
342439366348,165,3979,48,317,1260,0,1259,2,0
342439400349,228,8594,255,19904,1261,0,1260,2,0
342439433067,166,4040,112,9533,1262,0,1261,2,0
342439466029,302,8509,143,1041,1263,0,1262,2,0
342439499483,193,12082,129,4308,1264,0,1263,2,0
342439532988,170,13143,40,477,1265,0,1264,2,0
342439566434,162,5380,38,346,1266,0,1265,2,0
342439599670,172,4202,45,147,1267,0,1266,2,0
342439632998,217,3978,206,20027,1268,0,1267,2,0
342439666237,202,3871,108,3492,1269,0,1268,2,0
342439699831,159,4278,60,3454,1270,0,1269,2,0
342439732853,182,10326,37,625,1271,0,1270,2,0
342439766368,184,8907,67,3641,1272,0,1271,2,0
342439799436,156,5249,109,9310,1273,0,1272,2,0
342439833201,193,11799,40,498,1274,0,1273,2,0
342439866686,180,4957,384,19166,1275,0,1274,2,0
342439899474,160,3704,150,13542,1276,0,1275,2,0
342439932849,207,5597,74,3660,1277,0,1276,2,0
342439966008,200,12060,47,393,1278,0,1277,2,0
342439999801,159,12539,67,3913,1279,0,1278,2,0
342440033077,256,13298,43,399,1280,0,1279,2,0
342440066295,205,4281,50,346,1281,0,1280,2,0
342440099722,209,4271,181,16433,1282,0,1281,2,0
342440133164,250,3847,72,3753,1283,0,1282,2,0
342440166753,413,3638,76,3141,1284,0,1283,2,0
342440199463,219,11021,100,3477,1285,0,1284,2,0
342440233159,176,11697,41,654,1286,0,1285,2,0
342440266479,175,9668,64,3619,1287,0,1286,2,0
342440299829,214,8738,125,9208,1288,0,1287,2,0
342440332875,202,4098,37,528,1289,0,1288,2,0
342440368103,179,10960,201,19189,1290,0,1289,2,0
342440399567,185,3983,146,13515,1291,0,1290,2,0
342440432765,160,4951,60,3655,1292,0,1291,2,0
342440466080,188,10522,47,393,1293,0,1292,2,0
342440500089,191,9611,75,3902,1294,0,1293,2,0
342440533397,179,6893,40,379,1295,0,1294,2,0
342440566071,181,4437,106,3627,1296,0,1295,2,0
342440599755,364,3843,36,371,1297,0,1296,2,0
342440632954,568,11377,74,3944,1298,0,1297,2,0
342440666292,192,12290,232,9014,1299,0,1298,2,0
342440699394,152,9962,62,3905,1300,0,1299,2,0
342440733545,443,23258,41,380,1301,0,1300,2,0
342440766418,265,24291,107,274,1302,0,1301,2,0
342440799673,221,22695,33,145,1303,0,1302,2,0
342440832670,251,21175,205,19678,1304,0,1303,2,0
342440866434,174,2800,575,13386,1305,0,1304,2,0
342440899504,149,4060,33,909,1306,0,1305,2,0
342440933003,146,3247,60,3781,1307,0,1306,2,0
342440966360,195,2873,290,390,1308,0,1307,2,0
342440999846,163,2744,628,3857,1309,0,1308,2,0
342441033000,152,3970,29,433,1310,0,1309,2,0
342441066131,181,3468,61,3595,1311,0,1310,2,0
342441099740,151,3658,62,3898,1312,0,1311,2,0
342441132730,150,3124,141,13401,1313,0,1312,2,0
342441166628,151,3287,93,3316,1314,0,1313,2,0
342441199560,211,2815,58,3578,1315,0,1314,2,0
342441232777,192,3939,37,637,1316,0,1315,2,0
342441266408,161,3737,64,3678,1317,0,1316,2,0
342441299878,156,3388,107,9365,1318,0,1317,2,0
342441333382,159,6215,57,512,1319,0,1318,2,0
342441366531,174,3213,221,19148,1320,0,1319,2,0
342441399790,343,2978,150,13506,1321,0,1320,2,0
342441433248,191,2886,65,3674,1322,0,1321,2,0
342441466230,191,3919,39,405,1323,0,1322,2,0
342441499638,159,3328,86,4134,1324,0,1323,2,0
342441532792,161,3144,28,393,1325,0,1324,2,0
342441566231,148,3637,62,3622,1326,0,1325,2,0
342441600313,168,3161,157,382,1327,0,1326,2,0
342441632905,187,3227,65,3944,1328,0,1327,2,0
342441666380,150,3297,103,9034,1329,0,1328,2,0
342441699726,154,3943,65,3948,1330,0,1329,2,0
342441732790,204,3400,34,737,1331,0,1330,2,0
342441766491,153,2962,65,3830,1332,0,1331,2,0
342441799375,174,3125,29,349,1333,0,1332,2,0
342441832995,155,3178,216,19535,1334,0,1333,2,0
342441866405,166,3761,35,670,1335,0,1334,2,0
342441899329,196,2976,146,13545,1336,0,1335,2,0
342441933120,184,3756,114,3629,1337,0,1336,2,0
342441966080,160,3844,126,379,1338,0,1337,2,0
342441999416,215,4171,67,3605,1339,0,1338,2,0
342442033300,202,3131,99,7515,1340,0,1339,2,0
342442066380,199,3439,65,3643,1341,0,1340,2,0
342442099823,152,3302,29,381,1342,0,1341,2,0
342442132872,147,3765,66,3990,1343,0,1342,2,0
342442166190,151,4093,105,9131,1344,0,1343,2,0
342442200023,159,3147,173,4016,1345,0,1344,2,0
342442232883,209,3103,108,489,1346,0,1345,2,0
342442266448,173,2967,70,4103,1347,0,1346,2,0
342442299905,155,3623,110,9401,1348,0,1347,2,0
342442332975,154,3827,65,3820,1349,0,1348,2,0
342442366388,314,3439,233,13872,1350,0,1349,2,0
342442399788,205,5113,79,4078,1351,0,1350,2,0
342442432630,341,2873,107,9157,1352,0,1351,2,0
342442466148,261,3877,55,711,1353,0,1352,2,0
342442500376,260,3305,83,4152,1354,0,1353,2,0
342442533099,276,4022,50,419,1355,0,1354,2,0
342442566083,188,3327,68,3628,1356,0,1355,2,0
342442599568,156,3834,64,3967,1357,0,1356,2,0
342442632953,162,3823,145,13347,1358,0,1357,2,0
342442666468,157,3972,57,3282,1359,0,1358,2,0
342442699768,154,3820,63,3536,1360,0,1359,2,0
342442732863,197,7947,40,657,1361,0,1360,2,0
342442766277,157,12437,68,3704,1362,0,1361,2,0
342442799720,170,9220,119,9312,1363,0,1362,2,0
342442833175,173,5381,35,478,1364,0,1363,2,0
342442866516,226,4687,201,19101,1365,0,1364,2,0
342442899660,232,3869,203,13507,1366,0,1365,2,0
342442932988,215,10023,80,3634,1367,0,1366,2,0
342442966533,309,12256,91,385,1368,0,1367,2,0
342442999493,220,9120,74,3895,1369,0,1368,2,0
342443032675,178,5032,41,305,1370,0,1369,2,0
342443066609,235,4273,39,144,1371,0,1370,2,0
342443099408,166,4238,190,16371,1372,0,1371,2,0
342443133419,194,4092,95,4155,1373,0,1372,2,0
342443166054,184,12133,159,8908,1374,0,1373,2,0
342443199800,191,12621,73,3930,1375,0,1374,2,0
342443232882,205,7194,45,745,1376,0,1375,2,0
342443266535,185,4314,39,312,1377,0,1376,2,0
342443299752,333,4253,177,16918,1378,0,1377,2,0
342443332848,199,4181,64,3646,1379,0,1378,2,0
342443366047,161,4772,50,416,1380,0,1379,2,0
342443399720,171,12514,154,13371,1381,0,1380,2,0
342443433147,175,8386,69,3644,1382,0,1381,2,0
342443466490,373,9993,45,344,1383,0,1382,2,0
342443499789,187,4943,215,19828,1384,0,1383,2,0
342443533143,181,4710,35,675,1385,0,1384,2,0
342443566444,152,3850,60,3479,1386,0,1385,2,0
342443599619,155,11544,33,376,1387,0,1386,2,0
342443632837,172,11922,72,3965,1388,0,1387,2,0
342443666164,178,9015,155,8870,1389,0,1388,2,0
342443699608,231,8554,119,548,1390,0,1389,2,0
342443732931,192,4489,34,189,1391,0,1390,2,0
342443766724,371,4485,794,20066,1392,0,1391,2,0
342443801307,326,10834,132,9485,1393,0,1392,2,0
342443832645,193,5042,74,3863,1394,0,1393,2,0
342443866425,202,12482,152,13772,1395,0,1394,2,0
342443899486,174,9025,38,945,1396,0,1395,2,0
342443932934,155,6581,57,369,1397,0,1396,2,0
342443966321,188,4003,42,165,1398,0,1397,2,0
342443999843,165,5349,201,20003,1399,0,1398,2,0
342444032908,152,4201,32,670,1400,0,1399,2,0
342444066315,145,6919,62,3514,1401,0,1400,2,0
342444099424,217,11863,73,3863,1402,0,1401,2,0
342444132725,165,9160,63,3616,1403,0,1402,2,0
342444166266,201,5393,33,349,1404,0,1403,2,0
342444199436,170,4313,31,140,1405,0,1404,2,0
342444233224,200,3962,202,18914,1406,0,1405,2,0
342444266367,203,4140,67,3707,1407,0,1406,2,0
342444299875,188,11580,160,9325,1408,0,1407,2,0
342444333254,195,12743,66,3911,1409,0,1408,2,0
342444366455,198,11042,151,13738,1410,0,1409,2,0
342444399549,167,4550,32,325,1411,0,1410,2,0
342444433190,204,4049,202,19881,1412,0,1411,2,0
342444465937,191,4573,45,644,1413,0,1412,2,0
342444500066,182,4676,65,3776,1414,0,1413,2,0
342444532874,163,11854,34,396,1415,0,1414,2,0
342444566059,153,11806,63,3459,1416,0,1415,2,0
342444599522,169,8914,67,3845,1417,0,1416,2,0
342444633068,209,3906,44,304,1418,0,1417,2,0
342444666527,171,4060,179,16926,1419,0,1418,2,0
342444699741,199,4356,66,3610,1420,0,1419,2,0
342444732901,211,4588,38,353,1421,0,1420,2,0
342444766552,157,11502,204,20000,1422,0,1421,2,0
342444799631,150,12601,114,9354,1423,0,1422,2,0
342444833059,175,8628,44,1097,1424,0,1423,2,0
342444866330,176,8872,41,330,1425,0,1424,2,0
342444899549,168,4086,33,162,1426,0,1425,2,0
342444932789,177,4051,342,19996,1427,0,1426,2,0
342444966128,204,12137,44,667,1428,0,1427,2,0
342444999502,197,8746,71,3839,1429,0,1428,2,0
342445033069,195,12264,42,392,1430,0,1429,2,0
342445066359,191,12545,72,3484,1431,0,1430,2,0
342445099447,199,6979,67,3878,1432,0,1431,2,0
342445132969,245,4211,38,312,1433,0,1432,2,0
342445166149,241,4157,902,16952,1434,0,1433,2,0
342445199517,227,4600,72,3614,1435,0,1434,2,0
342445232861,204,4091,40,681,1436,0,1435,2,0
342445266330,168,11442,66,3602,1437,0,1436,2,0
342445299593,149,12528,114,9212,1438,0,1437,2,0
342445332750,167,8811,43,1011,1439,0,1438,2,0
342445366127,158,4230,30,322,1440,0,1439,2,0
342445399627,235,5038,757,20011,1441,0,1440,2,0
342445432644,151,3991,108,9533,1442,0,1441,2,0
342445466392,1572,11767,51,1031,1443,0,1442,2,0
342445499418,187,11906,70,4285,1444,0,1443,2,0
342445533244,160,12832,33,489,1445,0,1444,2,0
342445566101,144,9257,173,13726,1446,0,1445,2,0
342445599691,157,4308,30,340,1447,0,1446,2,0
342445632808,156,4050,198,19904,1448,0,1447,2,0
342445666401,153,3923,58,3520,1449,0,1448,2,0
342445700041,155,4745,61,3433,1450,0,1449,2,0
342445732977,199,12310,40,655,1451,0,1450,2,0
342445766308,167,12493,70,3639,1452,0,1451,2,0
342445799478,153,8836,112,9277,1453,0,1452,2,0
342445833202,159,3885,31,531,1454,0,1453,2,0
342445866164,166,4356,192,19072,1455,0,1454,2,0
342445900183,152,4526,143,13521,1456,0,1455,2,0
342445933037,188,11529,68,3666,1457,0,1456,2,0
342445966201,190,11849,37,395,1458,0,1457,2,0
342445999729,158,9503,63,3937,1459,0,1458,2,0
342446032774,157,4054,27,308,1460,0,1459,2,0
342446066520,152,4977,196,19923,1461,0,1460,2,0
342446099788,197,4850,34,649,1462,0,1461,2,0
342446132542,148,12017,66,3882,1463,0,1462,2,0
342446166266,148,9387,101,8753,1464,0,1463,2,0
342446199696,162,9492,34,479,1465,0,1464,2,0
342446232928,190,3898,36,176,1466,0,1465,2,0
342446266342,152,4456,199,20070,1467,0,1466,2,0
342446299795,166,4035,110,9447,1468,0,1467,2,0
342446333003,230,12149,67,3904,1469,0,1468,2,0
342446366144,151,9936,143,13739,1470,0,1469,2,0
342446399801,246,4912,79,4119,1471,0,1470,2,0
342446432641,186,3989,114,9264,1472,0,1471,2,0
342446466978,305,8542,44,959,1473,0,1472,2,0
342446499522,162,9180,112,4468,1474,0,1473,2,0
342446532877,157,4342,29,315,1475,0,1474,2,0
342446566108,144,4166,305,19885,1476,0,1475,2,0
342446599873,153,3922,33,656,1477,0,1476,2,0
342446633283,368,11167,144,3923,1478,0,1477,2,0
342446666162,215,12692,108,8770,1479,0,1478,2,0
342446699713,150,4300,31,523,1480,0,1479,2,0
342446733172,358,4964,195,19043,1481,0,1480,2,0
342446766278,153,4312,62,3787,1482,0,1481,2,0
342446800018,216,11493,111,9344,1483,0,1482,2,0
342446832675,150,9000,67,3926,1484,0,1483,2,0
342446866254,163,10126,148,13778,1485,0,1484,2,0
342446899501,157,4257,30,325,1486,0,1485,2,0
342446932727,156,4428,196,19781,1487,0,1486,2,0
342446966068,341,3917,41,644,1488,0,1487,2,0
342446999528,169,11564,65,3792,1489,0,1488,2,0
342447032755,182,11835,34,381,1490,0,1489,2,0
342447066152,159,9045,64,3451,1491,0,1490,2,0
342447099808,189,9315,34,352,1492,0,1491,2,0
342447132767,160,4332,29,140,1493,0,1492,2,0
342447166361,173,3948,176,16829,1494,0,1493,2,0
342447199585,187,4110,63,3614,1495,0,1494,2,0
342447232600,650,11505,84,647,1496,0,1495,2,0
342447266256,169,9318,74,3591,1497,0,1496,2,0
342447299630,164,4118,29,353,1498,0,1497,2,0
342447332849,144,4222,237,19522,1499,0,1498,2,0
342447366510,166,3826,31,669,1500,0,1499,2,0
342447399458,196,8036,144,13517,1501,0,1500,2,0
342447433311,236,11195,71,3639,1502,0,1501,2,0
342447466270,261,10562,601,390,1503,0,1502,2,0
342447499947,201,9238,35,348,1504,0,1503,2,0
342447533111,152,6991,59,140,1505,0,1504,2,0
342447566078,189,4089,199,19861,1506,0,1505,2,0
342447599775,161,4875,32,650,1507,0,1506,2,0
342447632645,158,4881,66,3924,1508,0,1507,2,0
342447667155,1936,8563,125,8756,1509,0,1508,2,0
342447699616,382,12997,78,3934,1510,0,1509,2,0
342447733719,1255,10532,57,795,1511,0,1510,2,0
342447766268,184,11697,40,341,1512,0,1511,2,0
342447799470,161,4268,363,16954,1513,0,1512,2,0
342447833077,160,3933,60,3647,1514,0,1513,2,0
342447866535,173,11982,37,426,1515,0,1514,2,0
342447899397,167,6599,153,13351,1516,0,1515,2,0
342447932563,177,12027,66,3666,1517,0,1516,2,0
342447965967,204,12542,44,393,1518,0,1517,2,0
342447999496,152,6035,64,3966,1519,0,1518,2,0
342448032760,177,3923,29,315,1520,0,1519,2,0
342448066495,154,4906,199,19844,1521,0,1520,2,0
342448099535,149,3978,32,652,1522,0,1521,2,0
342448132650,225,7737,625,3919,1523,0,1522,2,0
342448166080,216,12444,114,8740,1524,0,1523,2,0
342448199751,185,12785,79,3949,1525,0,1524,2,0
342448232832,184,9200,47,756,1526,0,1525,2,0
342448266354,252,4019,34,320,1527,0,1526,2,0
342448299895,170,3967,37,140,1528,0,1527,2,0
342448333132,193,5054,198,19592,1529,0,1528,2,0
342448366411,214,4563,46,675,1530,0,1529,2,0
342448399430,186,12495,155,13543,1531,0,1530,2,0
342448433092,174,8395,76,3640,1532,0,1531,2,0
342448466374,207,12013,43,344,1533,0,1532,2,0
342448499645,194,4321,36,140,1534,0,1533,2,0
342448532839,185,4495,193,19071,1535,0,1534,2,0
342448566275,176,3928,61,3618,1536,0,1535,2,0
342448599921,189,3689,40,390,1537,0,1536,2,0
342448632850,169,10100,73,3927,1538,0,1537,2,0
342448666347,195,12550,111,8921,1539,0,1538,2,0
342448699818,164,9812,65,3898,1540,0,1539,2,0
342448733087,186,4566,36,363,1541,0,1540,2,0
342448766005,169,4029,197,19981,1542,0,1541,2,0
342448799339,198,4176,117,9463,1543,0,1542,2,0
342448832850,177,3799,64,3971,1544,0,1543,2,0
342448866557,183,11740,153,13847,1545,0,1544,2,0
342448899388,169,12706,42,957,1546,0,1545,2,0
342448932921,182,8487,141,3751,1547,0,1546,2,0
342448966386,152,11996,43,301,1548,0,1547,2,0
342448999739,200,3906,30,140,1549,0,1548,2,0
342449032853,164,3991,193,19113,1550,0,1549,2,0
342449066678,184,12226,68,3604,1551,0,1550,2,0
342449099700,169,12317,71,3876,1552,0,1551,2,0
342449132481,185,8788,59,3603,1553,0,1552,2,0
342449166463,188,12783,33,372,1554,0,1553,2,0
342449199387,183,4496,202,19591,1555,0,1554,2,0
342449232638,198,3931,36,287,1556,0,1555,2,0
342449266477,175,4268,202,19820,1557,0,1556,2,0
342449299614,222,4874,146,9368,1558,0,1557,2,0
342449333294,217,11565,71,3958,1559,0,1558,2,0
342449366317,170,12634,142,13636,1560,0,1559,2,0
342449399391,195,8640,50,941,1561,0,1560,2,0
342449433117,164,9068,39,378,1562,0,1561,2,0
342449466378,161,12626,183,16398,1563,0,1562,2,0
342449499347,172,4090,118,3985,1564,0,1563,2,0
342449532807,197,3998,37,421,1565,0,1564,2,0
342449566022,158,12815,64,3456,1566,0,1565,2,0
342449599821,173,11696,73,3832,1567,0,1566,2,0
342449632781,166,9047,66,3589,1568,0,1567,2,0
342449666257,187,5314,33,353,1569,0,1568,2,0
342449699828,155,7999,33,140,1570,0,1569,2,0
342449732986,194,4880,205,18925,1571,0,1570,2,0
342449765955,216,3837,63,3953,1572,0,1571,2,0
342449799371,173,8394,114,9323,1573,0,1572,2,0
342449832734,184,11639,69,3901,1574,0,1573,2,0
342449866076,165,13341,153,13782,1575,0,1574,2,0
342449899500,158,8576,36,741,1576,0,1575,2,0
342449932692,149,4186,28,344,1577,0,1576,2,0
342449966321,143,12778,184,16429,1578,0,1577,2,0
342450000085,192,6647,74,4013,1579,0,1578,2,0
342450033164,184,3953,36,406,1580,0,1579,2,0
342450066179,165,13554,66,3443,1581,0,1580,2,0
342450099588,160,8595,70,3817,1582,0,1581,2,0
342450132873,450,8805,85,3407,1583,0,1582,2,0
342450166010,224,12532,39,291,1584,0,1583,2,0
342450199935,220,8056,41,140,1585,0,1584,2,0
342450232943,208,3953,200,18957,1586,0,1585,2,0
342450266516,165,11541,67,3976,1587,0,1586,2,0
342450300156,198,11155,177,9306,1588,0,1587,2,0
342450332809,197,12685,82,3889,1589,0,1588,2,0
342450366187,168,10008,145,13750,1590,0,1589,2,0
342450399591,166,5087,31,329,1591,0,1590,2,0
342450433090,173,4081,372,19912,1592,0,1591,2,0
342450466502,173,3845,36,646,1593,0,1592,2,0
342450499618,205,7959,77,3773,1594,0,1593,2,0
342450532570,224,8063,37,407,1595,0,1594,2,0
342450565970,170,13397,64,3471,1596,0,1595,2,0
342450599377,158,9323,66,3861,1597,0,1596,2,0
342450632944,158,8812,62,3589,1598,0,1597,2,0
342450666336,158,11867,29,351,1599,0,1598,2,0
342450699526,186,4340,37,142,1600,0,1599,2,0
342450733528,217,9332,44,142,1601,0,1600,2,0
342450766387,174,11667,202,19859,1602,0,1601,2,0
342450799534,158,11416,113,9383,1603,0,1602,2,0
342450832685,151,11708,65,3966,1604,0,1603,2,0
342450866074,160,12913,144,13692,1605,0,1604,2,0
342450899462,322,7618,58,941,1606,0,1605,2,0
342450933142,151,4706,64,3831,1607,0,1606,2,0
342450966473,447,11625,44,389,1608,0,1607,2,0
342450999511,185,3998,65,3975,1609,0,1608,2,0
342451033071,158,4699,30,413,1610,0,1609,2,0
342451066663,151,11428,63,3589,1611,0,1610,2,0
342451099815,157,12234,64,3839,1612,0,1611,2,0
342451132886,152,25026,245,10821,1613,0,1612,2,0
342451166053,208,12734,31,370,1614,0,1613,2,0
342451199547,151,7204,275,19625,1615,0,1614,2,0
342451232694,243,3848,38,951,1616,0,1615,2,0
342451266011,162,11414,66,3637,1617,0,1616,2,0
342451299582,158,12556,108,9268,1618,0,1617,2,0
342451333013,159,12766,49,1058,1619,0,1618,2,0
342451366112,189,13369,68,3784,1620,0,1619,2,0
342451399691,167,4912,38,318,1621,0,1620,2,0
342451433283,200,4928,199,19908,1622,0,1621,2,0
342451466612,363,13212,50,648,1623,0,1622,2,0
342451499836,178,3829,64,3964,1624,0,1623,2,0
342451533149,197,11091,37,443,1625,0,1624,2,0
342451566312,182,12801,63,3477,1626,0,1625,2,0
342451599315,147,8911,62,3804,1627,0,1626,2,0
342451632596,167,3861,29,291,1628,0,1627,2,0
342451666206,155,12176,174,16920,1629,0,1628,2,0
342451699364,151,4413,60,3603,1630,0,1629,2,0
342451732698,190,5224,36,657,1631,0,1630,2,0
342451766971,278,11293,63,3580,1632,0,1631,2,0
342451799365,149,8939,32,367,1633,0,1632,2,0
342451832766,145,4142,26,142,1634,0,1633,2,0
342451866453,147,11619,192,18872,1635,0,1634,2,0
342451899825,164,7256,145,13451,1636,0,1635,2,0
342451932560,188,7728,232,3614,1637,0,1636,2,0
342451966056,315,12165,43,371,1638,0,1637,2,0
342451999806,329,12708,73,3895,1639,0,1638,2,0
342452033041,156,9168,32,379,1640,0,1639,2,0
342452066365,145,11978,44,354,1641,0,1640,2,0
342452099316,180,4012,173,16422,1642,0,1641,2,0
342452132630,174,8073,66,4157,1643,0,1642,2,0
342452166171,154,12514,105,8900,1644,0,1643,2,0
342452199559,216,10008,65,3921,1645,0,1644,2,0
342452232814,282,4165,43,379,1646,0,1645,2,0
342452266071,209,11864,224,20002,1647,0,1646,2,0
342452299339,197,4098,117,9460,1648,0,1647,2,0
342452332653,204,4180,71,3982,1649,0,1648,2,0
342452366190,236,11935,166,13777,1650,0,1649,2,0
342452400028,260,11481,54,939,1651,0,1650,2,0
342452433011,410,8674,50,361,1652,0,1651,2,0
342452466308,258,10838,48,148,1653,0,1652,2,0
342452499419,282,4431,222,19959,1654,0,1653,2,0
342452532752,232,4825,44,672,1655,0,1654,2,0
342452566219,1192,11494,83,3521,1656,0,1655,2,0
342452599469,212,9828,53,393,1657,0,1656,2,0
342452632692,234,12295,82,3941,1658,0,1657,2,0
342452666443,235,11539,127,8912,1659,0,1658,2,0
342452899821,1942,8954,248,25349,1660,0,1659,3,1
342452932950,198,11336,65,3756,1661,0,1660,3,0
342452966280,198,12043,43,321,1662,0,1661,3,0
342452999613,162,4694,197,19819,1663,0,1662,3,0
342453032975,222,4650,42,663,1664,0,1663,3,0
342453066120,174,12444,77,3509,1665,0,1664,3,0
342453099985,193,12090,42,391,1666,0,1665,3,0
342453132761,197,12273,74,3914,1667,0,1666,3,0
342453166208,264,12769,107,8884,1668,0,1667,3,0
342453199577,168,9092,64,3887,1669,0,1668,3,0
342453232944,222,3963,31,314,1670,0,1669,3,0
342453266482,160,9589,224,19997,1671,0,1670,3,0
342453299574,162,5052,110,9437,1672,0,1671,3,0
342453333247,1030,10866,120,3976,1673,0,1672,3,0
342453366632,2189,9398,158,13805,1674,0,1673,3,0
342453399770,183,11653,40,927,1675,0,1674,3,0
342453432685,161,9378,68,3856,1676,0,1675,3,0
342453466208,195,12118,35,365,1677,0,1676,3,0
342453499621,202,4865,224,19857,1678,0,1677,3,0
342453532868,171,4546,37,662,1679,0,1678,3,0
342453566078,165,12512,66,3493,1680,0,1679,3,0
342453600352,176,11157,33,367,1681,0,1680,3,0
342453632794,513,7056,72,3927,1682,0,1681,3,0
342453666062,448,4060,125,8829,1683,0,1682,3,0
342453699677,186,3262,73,3943,1684,0,1683,3,0
342453733165,200,3284,38,754,1685,0,1684,3,0
342453766249,174,3344,68,3778,1686,0,1685,3,0
342453799392,180,3404,115,9363,1687,0,1686,3,0
342453833357,467,4943,78,3780,1688,0,1687,3,0
342453865873,468,9707,712,13735,1689,0,1688,3,0
342453899153,201,3442,35,700,1690,0,1689,3,0
342453932882,217,3647,71,3543,1691,0,1690,3,0
342453966096,208,3646,132,12052,1692,0,1691,3,0
342453999800,183,3300,73,4277,1693,0,1692,3,0
342454032719,168,2957,93,428,1694,0,1693,3,0
342454066850,281,3363,72,3628,1695,0,1694,3,0
342454099478,187,5020,69,3897,1696,0,1695,3,0
342454132453,193,3283,67,3633,1697,0,1696,3,0
342454166412,159,5118,31,364,1698,0,1697,3,0
342454199280,167,3299,275,19602,1699,0,1698,3,0
342454233035,235,3253,38,922,1700,0,1699,3,0
342454266224,190,3007,69,3634,1701,0,1700,3,0
342454299429,204,3410,123,9278,1702,0,1701,3,0
342454332883,154,5147,124,3865,1703,0,1702,3,0
342454367799,1448,5001,183,13740,1704,0,1703,3,0
342454399271,218,3203,46,585,1705,0,1704,3,0
342454432966,179,3283,162,15465,1706,0,1705,3,0
342454465956,197,7880,42,535,1707,0,1706,3,0
342454499603,193,3243,75,4023,1708,0,1707,3,0
342454532873,238,3464,32,403,1709,0,1708,3,0
342454566403,159,4976,62,3532,1710,0,1709,3,0
342454599567,182,3655,63,3906,1711,0,1710,3,0
342454632764,155,3340,35,307,1712,0,1711,3,0
342454666093,182,3110,206,16908,1713,0,1712,3,0
342454699400,185,3314,66,3605,1714,0,1713,3,0
342454732881,250,2846,37,648,1715,0,1714,3,0
342454932792,1157,4122,258,25770,1716,0,1715,4,1
342454966096,178,3864,33,456,1717,0,1716,4,0
342454999752,208,5461,73,3822,1718,0,1717,4,0
342455032914,173,4942,34,393,1719,0,1718,4,0
342455065759,165,5754,218,13258,1720,0,1719,4,0
342455099742,152,3365,28,292,1721,0,1720,4,0
342455133155,156,3503,251,19838,1722,0,1721,4,0
342455166270,314,3002,41,325,1723,0,1722,4,0
342455199564,203,3293,203,19589,1724,0,1723,4,0
342455232732,205,3970,41,939,1725,0,1724,4,0
342455266432,245,3854,73,3635,1726,0,1725,4,0
342455299516,157,4810,108,9276,1727,0,1726,4,0
342455332521,157,3243,32,501,1728,0,1727,4,0
342455366358,175,3367,195,19163,1729,0,1728,4,0
342455399529,206,3341,152,13485,1730,0,1729,4,0
342455433068,169,4771,68,3640,1731,0,1730,4,0
342455465963,214,12777,54,383,1732,0,1731,4,0
342455499253,321,12784,80,3497,1733,0,1732,4,0
342455532762,280,9112,48,243,1734,0,1733,4,0
342455566004,200,4075,303,19898,1735,0,1734,4,0
342455599654,235,4846,47,642,1736,0,1735,4,0
342455633224,202,7654,76,3542,1737,0,1736,4,0
342455666190,341,11075,81,3148,1738,0,1737,4,0
342455699289,236,13068,82,3482,1739,0,1738,4,0
342455732923,236,12395,50,632,1740,0,1739,4,0
342455765981,227,5734,43,322,1741,0,1740,4,0
342455799473,218,4079,337,16876,1742,0,1741,4,0
342455832668,224,4318,117,3608,1743,0,1742,4,0
342455866408,353,11286,39,410,1744,0,1743,4,0
342455899573,190,11267,185,13379,1745,0,1744,4,0
342455932753,190,12560,72,3636,1746,0,1745,4,0
342455966177,198,12926,51,381,1747,0,1746,4,0
342455999566,175,10384,241,3528,1748,0,1747,4,0
342456032954,458,7614,78,243,1749,0,1748,4,0
342456065954,169,4245,213,19930,1750,0,1749,4,0
342456099670,264,6819,124,638,1751,0,1750,4,0
342456133122,221,4086,70,3929,1752,0,1751,4,0
342456166092,200,11613,112,8744,1753,0,1752,4,0
342456199451,171,12598,86,3955,1754,0,1753,4,0
342456232813,187,8009,36,744,1755,0,1754,4,0
342456266430,163,4825,45,332,1756,0,1755,4,0
342456299849,228,11454,180,17009,1757,0,1756,4,0
342456332995,157,5303,67,3626,1758,0,1757,4,0
342456366104,192,5090,35,408,1759,0,1758,4,0
342456399790,330,10871,153,13347,1760,0,1759,4,0
342456433091,183,12241,66,3650,1761,0,1760,4,0
342456465981,235,9874,41,382,1762,0,1761,4,0
342456499498,154,5583,33,349,1763,0,1762,4,0
342456532525,165,4459,193,19066,1764,0,1763,4,0
342456566109,153,4920,62,3610,1765,0,1764,4,0
342456599544,166,3999,43,411,1766,0,1765,4,0
342456632428,220,7186,70,3943,1767,0,1766,4,0
342456666315,180,11366,105,8838,1768,0,1767,4,0
342456699656,157,12481,67,3944,1769,0,1768,4,0
342456733053,853,11316,50,485,1770,0,1769,4,0
342456776333,500,20148,78,313,1771,0,1770,4,0
342456799661,251,7187,181,16893,1772,0,1771,4,0
342456833098,187,7972,69,3628,1773,0,1772,4,0
342456866139,158,4001,31,420,1774,0,1773,4,0
342456899503,154,4806,139,13340,1775,0,1774,4,0
342456932413,160,12598,60,3655,1776,0,1775,4,0
342456966219,165,12822,46,387,1777,0,1776,4,0
342456999659,184,12534,63,3971,1778,0,1777,4,0
342457032892,168,3920,37,390,1779,0,1778,4,0
342457066390,165,4399,65,3616,1780,0,1779,4,0
342457099668,186,4699,40,374,1781,0,1780,4,0
342457132715,172,11357,68,4015,1782,0,1781,4,0
342457165949,168,12619,107,8990,1783,0,1782,4,0
342457199682,159,11608,63,3986,1784,0,1783,4,0
342457232835,185,8587,35,474,1785,0,1784,4,0
342457266018,176,4569,33,334,1786,0,1785,4,0
342457299742,172,9374,174,16943,1787,0,1786,4,0
342457332642,194,4577,60,3615,1788,0,1787,4,0
342457366087,149,4897,31,417,1789,0,1788,4,0
342457400246,161,11079,155,13320,1790,0,1789,4,0
342457432958,199,12230,70,3651,1791,0,1790,4,0
342457465974,158,11332,46,385,1792,0,1791,4,0
342457499203,198,4003,38,345,1793,0,1792,4,0
342457532827,162,11561,210,19062,1794,0,1793,4,0
342457565993,194,3937,64,3610,1795,0,1794,4,0
342457599057,182,3847,29,406,1796,0,1795,4,0
342457632795,176,11435,70,3950,1797,0,1796,4,0
342457666417,175,11614,106,8842,1798,0,1797,4,0
342457699653,157,12505,80,3947,1799,0,1798,4,0
342457733660,517,12411,61,359,1800,0,1799,4,0
342457766240,188,11168,213,20042,1801,0,1800,4,0
342457799457,180,8126,162,9467,1802,0,1801,4,0
342457832511,158,4388,64,3937,1803,0,1802,4,0
342457865946,169,3957,35,466,1804,0,1803,4,0
342457900144,201,10948,153,13545,1805,0,1804,4,0
342457932773,199,12377,69,3727,1806,0,1805,4,0
342457966026,173,10133,43,356,1807,0,1806,4,0
342457999410,204,4679,209,19860,1808,0,1807,4,0
342458032436,171,3980,37,675,1809,0,1808,4,0
342458066563,174,4806,64,3496,1810,0,1809,4,0
342458099293,175,7252,41,373,1811,0,1810,4,0
342458132759,281,11868,100,3977,1812,0,1811,4,0
342458166286,170,12952,106,8838,1813,0,1812,4,0
342458199532,169,9112,66,496,1814,0,1813,4,0
342458233127,181,9309,35,183,1815,0,1814,4,0
342458267168,233,10277,206,19987,1816,0,1815,4,0
342458299612,181,6222,146,9495,1817,0,1816,4,0
342458333021,195,5850,63,3960,1818,0,1817,4,0
342458366458,153,10784,31,446,1819,0,1818,4,0
342458399371,150,12499,161,13551,1820,0,1819,4,0
342458432629,173,8547,69,3705,1821,0,1820,4,0
342458466133,156,10315,44,281,1822,0,1821,4,0
342458499462,183,4586,35,292,1823,0,1822,4,0
342458532699,178,4779,201,19133,1824,0,1823,4,0
342458565747,188,3904,64,3605,1825,0,1824,4,0
342458599988,165,5526,33,409,1826,0,1825,4,0
342458632709,170,11429,68,3957,1827,0,1826,4,0
342458665812,173,12539,103,8877,1828,0,1827,4,0
342458699739,159,12450,69,3933,1829,0,1828,4,0
342458733831,265,11255,40,381,1830,0,1829,4,0
342458766432,170,11124,206,20034,1831,0,1830,4,0
342458799464,174,4183,111,9417,1832,0,1831,4,0
342458832749,213,4083,68,3986,1833,0,1832,4,0
342458866401,166,9301,94,471,1834,0,1833,4,0
342458899911,226,11423,150,13543,1835,0,1834,4,0
342458932796,177,12651,69,3724,1836,0,1835,4,0
342458966101,166,4641,34,337,1837,0,1836,4,0
342458999765,181,5659,201,19869,1838,0,1837,4,0
342459033157,187,7427,44,681,1839,0,1838,4,0
342459065987,206,3194,66,3484,1840,0,1839,4,0
342459099426,186,4900,70,3835,1841,0,1840,4,0
342459133262,194,5027,80,3485,1842,0,1841,4,0
342459166144,659,8237,141,12436,1843,0,1842,4,0
342459199467,179,3180,148,13240,1844,0,1843,4,0
342459232473,275,3359,39,702,1845,0,1844,4,0
342459266102,183,5387,73,4206,1846,0,1845,4,0
342459299187,201,4281,267,9436,1847,0,1846,4,0
342459332874,205,3780,45,977,1848,0,1847,4,0
342459366286,219,8017,73,4082,1849,0,1848,4,0
342459399178,192,3235,142,3870,1850,0,1849,4,0
342459432600,199,3290,117,9439,1851,0,1850,4,0
342459466376,181,5318,50,800,1852,0,1851,4,0
342459499789,259,4633,74,4206,1853,0,1852,4,0
342459532653,182,4939,35,480,1854,0,1853,4,0
342459566162,364,2779,107,3679,1855,0,1854,4,0
342459599633,173,3297,585,421,1856,0,1855,4,0
342459632689,190,3256,67,3670,1857,0,1856,4,0
342459666024,216,2992,59,3287,1858,0,1857,4,0
342459699251,382,3193,71,3494,1859,0,1858,4,0
342459732894,201,5077,41,606,1860,0,1859,4,0
342459766246,190,3381,1613,3647,1861,0,1860,4,0
342459799541,230,4953,117,9284,1862,0,1861,4,0
342459832724,172,3248,103,3777,1863,0,1862,4,0
342459866057,171,3207,32,435,1864,0,1863,4,0
342459899544,193,3385,150,13519,1865,0,1864,4,0
342459933190,193,4246,75,3735,1866,0,1865,4,0
342459965793,441,5329,49,402,1867,0,1866,4,0
342459999550,373,4421,74,3967,1868,0,1867,4,0
342460032891,177,3305,31,311,1869,0,1868,4,0
342460066340,167,3146,221,19911,1870,0,1869,4,0
342460099634,304,3117,36,649,1871,0,1870,4,0
342460133000,173,3324,69,3548,1872,0,1871,4,0
342460166033,148,3702,56,3162,1873,0,1872,4,0
342460199478,222,3316,73,3313,1874,0,1873,4,0
342460232876,240,3311,133,12059,1875,0,1874,4,0
342460266243,177,3059,64,3728,1876,0,1875,4,0
342460299112,150,3244,187,9278,1877,0,1876,4,0
342460332736,226,4229,95,3887,1878,0,1877,4,0
342460366119,151,4190,147,13765,1879,0,1878,4,0
342460399911,250,4969,41,760,1880,0,1879,4,0
342460432726,185,3262,48,349,1881,0,1880,4,0
342460465870,192,8547,179,16496,1882,0,1881,4,0
342460499493,158,3284,63,3989,1883,0,1882,4,0
342460532811,301,3083,31,415,1884,0,1883,4,0
342460565867,200,3487,62,3440,1885,0,1884,4,0
342460599794,349,4635,41,375,1886,0,1885,4,0
342460633017,206,5126,71,3898,1887,0,1886,4,0
342460666016,183,8453,79,5469,1888,0,1887,4,0
342460699776,153,3473,353,13196,1889,0,1888,4,0
342460733156,187,3898,37,1093,1890,0,1889,4,0
342460766005,158,3453,62,3912,1891,0,1890,4,0
342460799616,148,5448,117,9470,1892,0,1891,4,0
342460832779,166,4572,51,1144,1893,0,1892,4,0
342460865928,171,4512,66,3946,1894,0,1893,4,0
342460899429,151,4499,63,3803,1895,0,1894,4,0
342460932905,160,7139,112,9361,1896,0,1895,4,0
342460966185,199,11482,47,941,1897,0,1896,4,0
342460999218,244,8921,34,367,1898,0,1897,4,0
342461032748,177,3941,194,19163,1899,0,1898,4,0
342461066019,186,4535,72,3626,1900,0,1899,4,0
342461099513,222,4722,36,411,1901,0,1900,4,0
342461132869,175,11008,70,3944,1902,0,1901,4,0
342461166120,149,11750,104,8916,1903,0,1902,4,0
342461199658,144,13197,71,3811,1904,0,1903,4,0
342461232993,190,4521,1160,363,1905,0,1904,4,0
342461266162,191,5071,39,140,1906,0,1905,4,0
342461299066,203,4768,205,16998,1907,0,1906,4,0
342461332722,182,11089,65,3649,1908,0,1907,4,0
342461365719,159,12454,152,13382,1909,0,1908,4,0
342461400437,228,10625,35,769,1910,0,1909,4,0
342461433126,151,11051,41,356,1911,0,1910,4,0
342461466794,283,10813,186,16516,1912,0,1911,4,0
342461499306,173,4806,73,4211,1913,0,1912,4,0
342461532749,203,8128,46,435,1914,0,1913,4,0
342461566213,168,4601,130,3458,1915,0,1914,4,0
342461599804,166,11421,34,382,1916,0,1915,4,0
342461633245,171,7210,69,3891,1917,0,1916,4,0
342461666237,187,4970,137,8899,1918,0,1917,4,0
342461699338,174,3041,106,540,1919,0,1918,4,0
342461732928,193,3402,200,19038,1920,0,1919,4,0
342461765888,158,3067,64,3773,1921,0,1920,4,0
342461799400,157,3438,111,9355,1922,0,1921,4,0
342461832638,225,5012,62,3870,1923,0,1922,4,0
342461866419,156,4813,148,13767,1924,0,1923,4,0
342461899315,176,4470,34,743,1925,0,1924,4,0
342461932552,153,3267,32,374,1926,0,1925,4,0
342461965967,193,8387,176,16399,1927,0,1926,4,0
342461999263,166,3066,63,4007,1928,0,1927,4,0
342462032666,166,3249,34,420,1929,0,1928,4,0
342462066350,191,2921,61,3445,1930,0,1929,4,0
342462099277,162,5344,31,371,1931,0,1930,4,0
342462133261,156,5344,64,3900,1932,0,1931,4,0
342462165794,152,3668,102,8795,1933,0,1932,4,0
342462199618,154,3396,122,11046,1934,0,1933,4,0
342462232932,195,3494,34,748,1935,0,1934,4,0
342462266294,152,3023,64,3797,1936,0,1935,4,0
342462299146,166,3422,107,9359,1937,0,1936,4,0
342462332529,153,5442,64,3747,1938,0,1937,4,0
342462366097,160,5226,143,13687,1939,0,1938,4,0
342462399197,152,3570,33,830,1940,0,1939,4,0
342462432747,237,3365,34,343,1941,0,1940,4,0
342462466145,184,3134,184,16429,1942,0,1941,4,0
342462499172,184,3204,66,4018,1943,0,1942,4,0
342462532686,216,2888,38,413,1944,0,1943,4,0
342462566031,174,5400,64,3443,1945,0,1944,4,0
342462599013,166,3486,64,3814,1946,0,1945,4,0
342462632724,167,3300,60,3420,1947,0,1946,4,0
342462665996,154,3073,185,16908,1948,0,1947,4,0
342462699708,182,3313,144,13259,1949,0,1948,4,0
342462732855,327,3122,36,696,1950,0,1949,4,0
342462766445,159,2899,67,4226,1951,0,1950,4,0
342462799726,164,4888,111,9348,1952,0,1951,4,0
342462832550,208,4816,64,3978,1953,0,1952,4,0
342462866070,155,5039,238,13744,1954,0,1953,4,0
342462899441,158,3304,197,4185,1955,0,1954,4,0
342462932427,155,3344,139,9332,1956,0,1955,4,0
342462966101,163,3125,45,1023,1957,0,1956,4,0
342462999618,190,3250,70,4267,1958,0,1957,4,0
342463033094,155,4949,37,479,1959,0,1958,4,0
342463065908,155,3294,63,3713,1960,0,1959,4,0
342463099672,156,4085,64,3917,1961,0,1960,4,0
342463132876,151,3422,172,16948,1962,0,1961,4,0
342463165982,162,3095,55,3348,1963,0,1962,4,0
342463199318,152,3184,62,3542,1964,0,1963,4,0
342463232885,255,2881,34,358,1965,0,1964,4,0
342463266084,171,5307,210,19947,1966,0,1965,4,0
342463299436,155,5536,110,9387,1967,0,1966,4,0
342463332788,164,3947,38,1111,1968,0,1967,4,0
342463365880,160,8122,78,3938,1969,0,1968,4,0
342463399227,150,3053,58,3779,1970,0,1969,4,0
342463432692,220,3936,116,9431,1971,0,1970,4,0
342463465810,204,12545,49,732,1972,0,1971,4,0
342463499722,187,11274,75,4197,1973,0,1972,4,0
342463532773,173,12775,43,440,1974,0,1973,4,0
342463566337,193,12179,70,3585,1975,0,1974,4,0
342463599692,173,9298,73,4016,1976,0,1975,4,0
342463632688,174,5651,65,3669,1977,0,1976,4,0
342463665791,164,3256,58,3201,1978,0,1977,4,0
342463699389,165,4834,116,3554,1979,0,1978,4,0
342463732981,218,4937,44,655,1980,0,1979,4,0
342463766055,158,3308,63,3654,1981,0,1980,4,0
342463799427,156,3306,110,9182,1982,0,1981,4,0
342463832778,196,3293,128,10993,1983,0,1982,4,0
342463866211,177,3050,34,489,1984,0,1983,4,0
342463899443,223,3112,164,13550,1985,0,1984,4,0
342463932662,207,2954,69,3757,1986,0,1985,4,0
342463966466,228,6797,48,410,1987,0,1986,4,0
342463999289,196,4440,75,4174,1988,0,1987,4,0
342464032927,202,4501,32,398,1989,0,1988,4,0
342464066219,233,8027,93,3562,1990,0,1989,4,0
342464099600,160,3045,45,369,1991,0,1990,4,0
342464132562,157,3287,107,3567,1992,0,1991,4,0
342464166490,234,3856,70,3146,1993,0,1992,4,0
342464199910,196,6462,70,3462,1994,0,1993,4,0
342464232723,209,5012,32,643,1995,0,1994,4,0
342464266297,205,7615,42,316,1996,0,1995,4,0
342464299673,176,3564,174,16864,1997,0,1996,4,0
342464332739,192,3308,64,3601,1998,0,1997,4,0
342464366049,170,3052,38,431,1999,0,1998,4,0
342464399541,159,5380,146,13347,2000,0,1999,4,0
342464432892,162,5787,61,3652,2001,0,2000,4,0
342464466794,534,6660,47,316,2002,0,2001,4,0
342464499414,216,3366,101,7327,2003,0,2002,4,0
342464532643,213,3229,36,408,2004,0,2003,4,0
342464566328,204,3153,73,3617,2005,0,2004,4,0
342464599486,261,4910,107,371,2006,0,2005,4,0
342464632688,379,5414,73,3981,2007,0,2006,4,0
342464666000,173,5614,36,325,2008,0,2007,4,0
342464699401,207,3083,235,19604,2009,0,2008,4,0
342464732734,337,3248,44,906,2010,0,2009,4,0
342464765854,186,3297,72,3632,2011,0,2010,4,0
342464799426,221,3438,118,9261,2012,0,2011,4,0
342464832788,1260,4610,73,3864,2013,0,2012,4,0
342464866411,178,4792,147,13750,2014,0,2013,4,0
342464898985,160,3330,33,323,2015,0,2014,4,0
342464933077,188,4183,249,17038,2016,0,2015,4,0
342464966012,197,2998,43,839,2017,0,2016,4,0
342464999426,166,3066,64,3699,2018,0,2017,4,0
342465032498,155,3536,30,377,2019,0,2018,4,0
342465065938,170,4942,58,3408,2020,0,2019,4,0
342465099227,160,5132,64,3839,2021,0,2020,4,0
342465132699,189,4971,62,3475,2022,0,2021,4,0
342465166051,191,7911,35,305,2023,0,2022,4,0
342465199719,173,4831,203,19634,2024,0,2023,4,0
342465232593,296,3266,87,944,2025,0,2024,4,0
342465265996,220,3038,73,3634,2026,0,2025,4,0
342465299262,165,5106,110,9235,2027,0,2026,4,0
342465332343,171,4537,64,3859,2028,0,2027,4,0
342465366578,178,4715,144,13725,2029,0,2028,4,0
342465399698,203,3299,36,340,2030,0,2029,4,0
342465432712,159,4749,198,19926,2031,0,2030,4,0
342465466595,268,11036,45,625,2032,0,2031,4,0
342465499301,207,5874,69,3776,2033,0,2032,4,0
342465532425,155,12614,97,397,2034,0,2033,4,0
342465566208,176,11728,69,3467,2035,0,2034,4,0
342465599568,178,11998,36,332,2036,0,2035,4,0
342465632886,172,5292,198,19858,2037,0,2036,4,0
342465666111,191,3374,61,3468,2038,0,2037,4,0
342465699496,157,3327,60,3427,2039,0,2038,4,0
342465732889,208,3457,39,644,2040,0,2039,4,0
342465766046,176,5377,64,3603,2041,0,2040,4,0
342465799223,171,4465,116,9269,2042,0,2041,4,0
342465832475,192,3252,64,3861,2043,0,2042,4,0
342465865834,170,3049,32,428,2044,0,2043,4,0
342465899290,163,3097,145,13507,2045,0,2044,4,0
342465932534,174,2842,61,3772,2046,0,2045,4,0
342465966062,211,3958,42,412,2047,0,2046,4,0
342465999841,159,6498,69,4018,2048,0,2047,4,0
342466032799,190,4979,33,401,2049,0,2048,4,0
342466066318,168,7174,37,344,2050,0,2049,4,0
342466099545,165,3215,171,16461,2051,0,2050,4,0
342466132550,159,3295,63,3737,2052,0,2051,4,0
342466166316,161,4364,60,3156,2053,0,2052,4,0
342466199295,166,4916,72,3476,2054,0,2053,4,0
342466233035,207,6580,43,638,2055,0,2054,4,0
342466266058,180,6075,67,3509,2056,0,2055,4,0
342466299668,175,7919,170,16489,2057,0,2056,4,0
342466332675,159,3293,70,3949,2058,0,2057,4,0
342466365933,153,3313,34,451,2059,0,2058,4,0
342466399481,162,2893,144,13514,2060,0,2059,4,0
342466432404,291,4761,66,3792,2061,0,2060,4,0
342466466306,205,5426,44,420,2062,0,2061,4,0
342466499468,219,3326,38,344,2063,0,2062,4,0
342466532957,172,3954,201,19129,2064,0,2063,4,0
342466566391,162,4109,61,3604,2065,0,2064,4,0
342466599185,203,3118,34,405,2066,0,2065,4,0
342466632618,187,3704,79,3927,2067,0,2066,4,0
342466666025,154,5466,106,8842,2068,0,2067,4,0
342466699444,181,4959,77,3950,2069,0,2068,4,0
342466732567,385,3136,63,364,2070,0,2069,4,0
342466766197,188,8517,206,19987,2071,0,2070,4,0
342466799415,175,3106,112,9465,2072,0,2071,4,0
342466833027,167,4226,63,3954,2073,0,2072,4,0
342466866348,233,5524,144,13736,2074,0,2073,4,0
342466899507,167,4045,40,932,2075,0,2074,4,0
342466932781,161,3255,71,3851,2076,0,2075,4,0
342466966161,216,3332,45,374,2077,0,2076,4,0
342466999546,174,4656,72,3943,2078,0,2077,4,0
342467032769,214,5798,42,401,2079,0,2078,4,0
342467066141,158,5112,65,3490,2080,0,2079,4,0
342467099263,154,8034,65,3999,2081,0,2080,4,0
342467132700,152,3447,64,3638,2082,0,2081,4,0
342467165937,156,3302,55,3202,2083,0,2082,4,0
342467199580,164,2867,64,3502,2084,0,2083,4,0
342467233057,189,4762,38,372,2085,0,2084,4,0
342467265906,174,5340,76,3916,2086,0,2085,4,0
342467299326,156,3433,110,9217,2087,0,2086,4,0
342467332743,169,3580,33,440,2088,0,2087,4,0
342467366398,155,4129,265,19193,2089,0,2088,4,0
342467399524,179,3063,141,13502,2090,0,2089,4,0
342467432520,279,9160,71,3664,2091,0,2090,4,0
342467465892,162,12935,44,384,2092,0,2091,4,0
342467499620,219,11495,67,3907,2093,0,2092,4,0
342467532705,173,9571,32,322,2094,0,2093,4,0
342467565792,158,5292,199,19893,2095,0,2094,4,0
342467599195,154,4533,31,636,2096,0,2095,4,0
342467633002,169,11721,78,3534,2097,0,2096,4,0
342467666108,160,10778,62,3152,2098,0,2097,4,0
342467699732,150,12979,65,3483,2099,0,2098,4,0
342467732858,184,12503,40,379,2100,0,2099,4,0
342467766174,178,11980,48,308,2101,0,2100,4,0
342467801857,375,8115,42,140,2102,0,2101,4,0
342467832682,166,3084,195,19588,2103,0,2102,4,0
342467866350,158,4423,33,673,2104,0,2103,4,0
342467899519,153,2955,143,13510,2105,0,2104,4,0
342467932816,198,3986,69,3613,2106,0,2105,4,0
342467965785,179,5256,45,378,2107,0,2106,4,0
342467999549,188,3968,67,3537,2108,0,2107,4,0
342468032526,168,3434,132,12096,2109,0,2108,4,0
342468065837,158,3032,74,3795,2110,0,2109,4,0
342468099286,168,3210,29,400,2111,0,2110,4,0
342468133022,159,3080,69,4016,2112,0,2111,4,0
342468166316,236,5478,108,9135,2113,0,2112,4,0
342468199363,170,4978,68,4021,2114,0,2113,4,0
342468232568,187,3519,64,360,2115,0,2114,4,0
342468266125,179,7779,220,20014,2116,0,2115,4,0
342468299148,168,3014,118,9430,2117,0,2116,4,0
342468332595,152,3032,63,3976,2118,0,2117,4,0
342468366366,152,4471,35,488,2119,0,2118,4,0
342468399349,264,4947,147,13551,2120,0,2119,4,0
342468432682,186,3464,66,3706,2121,0,2120,4,0
342468466071,168,7854,45,328,2122,0,2121,4,0
342468499282,189,8108,201,19582,2123,0,2122,4,0
342468532762,216,3377,36,573,2124,0,2123,4,0
342468566174,157,4435,64,3495,2125,0,2124,4,0
342468599403,234,2886,30,375,2126,0,2125,4,0
342468632559,180,4914,71,3932,2127,0,2126,4,0
342468666113,165,5753,106,8950,2128,0,2127,4,0
342468699592,172,4966,79,3935,2129,0,2128,4,0
342468732773,197,3163,38,732,2130,0,2129,4,0
342468766253,194,4303,71,3797,2131,0,2130,4,0
342468798950,160,2986,127,9361,2132,0,2131,4,0
342468832408,153,3700,62,3783,2133,0,2132,4,0
342468866120,188,5205,198,13688,2134,0,2133,4,0
342468899219,191,5006,36,806,2135,0,2134,4,0
342468932770,170,5055,67,3564,2136,0,2135,4,0
342468965674,337,3220,144,12104,2137,0,2136,4,0
342468999251,188,3100,71,4447,2138,0,2137,4,0
342469032478,152,2999,30,435,2139,0,2138,4,0
342469066329,161,4250,132,3614,2140,0,2139,4,0
342469099173,191,5124,31,373,2141,0,2140,4,0
342469132385,149,4622,92,4021,2142,0,2141,4,0
342469165961,157,5515,104,9003,2143,0,2142,4,0
342469199479,158,7662,63,3815,2144,0,2143,4,0
342469232606,200,3209,36,692,2145,0,2144,4,0
342469265745,172,3264,65,3772,2146,0,2145,4,0
342469299533,155,3251,113,9402,2147,0,2146,4,0
342469332818,148,6665,68,3776,2148,0,2147,4,0
342469365873,189,4814,213,13699,2149,0,2148,4,0
342469399332,197,4880,45,677,2150,0,2149,4,0
342469432725,165,4026,155,14185,2151,0,2150,4,0
342469465757,202,3266,44,759,2152,0,2151,4,0
342469499250,172,3059,68,3842,2153,0,2152,4,0
342469532811,253,2915,33,451,2154,0,2153,4,0
342469566084,162,6698,65,3497,2155,0,2154,4,0
342469599236,184,4887,70,3870,2156,0,2155,4,0
342469632681,166,9756,71,3543,2157,0,2156,4,0
342469666295,183,11921,137,12427,2158,0,2157,4,0
342469699060,169,11739,212,13282,2159,0,2158,4,0
342469732420,282,4397,45,877,2160,0,2159,4,0
342469766027,227,6370,67,3892,2161,0,2160,4,0
342469799287,178,11868,117,9468,2162,0,2161,4,0
342469832626,161,11413,68,4022,2163,0,2162,4,0
342469866177,160,11977,41,362,2164,0,2163,4,0
342469899644,154,11008,29,146,2165,0,2164,4,0
342469932559,156,7106,211,19955,2166,0,2165,4,0
342469966137,368,10819,73,629,2167,0,2166,4,0
342469999049,182,4536,74,3835,2168,0,2167,4,0
342470032612,193,11340,42,404,2169,0,2168,4,0
342470065930,191,11633,74,3500,2170,0,2169,4,0
342470099548,195,11817,36,340,2171,0,2170,4,0
342470132703,157,11199,40,140,2172,0,2171,4,0
342470166083,196,9159,323,19073,2173,0,2172,4,0
342470199662,196,11477,160,13559,2174,0,2173,4,0
342470232641,413,9176,47,909,2175,0,2174,4,0
342470265955,947,11011,81,3944,2176,0,2175,4,0
342470299235,227,12651,138,9351,2177,0,2176,4,0
342470332615,183,9648,35,532,2178,0,2177,4,0
342470366120,193,11115,199,19163,2179,0,2178,4,0
342470399181,177,4589,62,3764,2180,0,2179,4,0
342470432861,159,11198,165,9218,2181,0,2180,4,0
342470466034,307,6688,41,1031,2182,0,2181,4,0
342470499199,151,12634,69,4247,2183,0,2182,4,0
342470532757,312,11386,34,480,2184,0,2183,4,0
342470566180,195,11915,34,345,2185,0,2184,4,0
342470599372,153,11215,29,140,2186,0,2185,4,0
342470632415,160,3242,199,20006,2187,0,2186,4,0
342470666266,178,4502,62,3527,2188,0,2187,4,0
342470699322,164,7001,64,3457,2189,0,2188,4,0
342470732578,191,3230,35,393,2190,0,2189,4,0
342470765991,158,4553,65,3943,2191,0,2190,4,0
342470799616,163,6506,114,9320,2192,0,2191,4,0
342470833024,197,5113,40,1037,2193,0,2192,4,0
342470866155,159,4552,30,319,2194,0,2193,4,0
342470899571,155,8479,203,20000,2195,0,2194,4,0
342470932876,172,4185,179,9554,2196,0,2195,4,0
342470966387,193,4401,44,1026,2197,0,2196,4,0
342470999222,172,3323,76,4307,2198,0,2197,4,0
342471032557,173,5686,36,510,2199,0,2198,4,0
342471066413,163,6441,66,3764,2200,0,2199,4,0
342471099565,242,7002,66,3325,2201,0,2200,4,0
342471132791,155,4496,273,24262,2202,0,2201,4,0
342471166243,159,4801,60,3471,2203,0,2202,4,0
342471198992,203,3181,113,3471,2204,0,2203,4,0
342471232620,193,3010,38,661,2205,0,2204,4,0
342471266683,192,5014,131,3640,2206,0,2205,4,0
342471299435,196,5404,113,9347,2207,0,2206,4,0
342471333339,200,5122,51,492,2208,0,2207,4,0
342471376700,513,3957,204,19185,2209,0,2208,4,0
342471399548,158,3252,66,3772,2210,0,2209,4,0
342471432762,155,4261,108,9256,2211,0,2210,4,0
342471465957,287,2857,57,876,2212,0,2211,4,0
342471499595,369,4318,83,4448,2213,0,2212,4,0
342471532721,178,5177,37,482,2214,0,2213,4,0
342471566344,356,4630,72,3687,2215,0,2214,4,0
342471599147,224,8593,99,7520,2216,0,2215,4,0
342471632724,156,4531,66,3705,2217,0,2216,4,0
342471666014,215,2916,59,3231,2218,0,2217,4,0
342471699265,189,5184,70,3477,2219,0,2218,4,0
342471732580,191,5050,33,379,2220,0,2219,4,0
342471765965,207,4475,160,3543,2221,0,2220,4,0
342471801323,436,5882,184,16289,2222,0,2221,4,0
342471832785,167,4484,65,3908,2223,0,2222,4,0
342471865699,199,3310,33,480,2224,0,2223,4,0
342471899182,180,4490,221,13562,2225,0,2224,4,0
342471932849,195,6550,71,3734,2226,0,2225,4,0
342471965803,168,4468,62,408,2227,0,2226,4,0
342471999630,197,7823,75,3970,2228,0,2227,4,0
342472032895,161,4282,32,399,2229,0,2228,4,0
342472065816,182,3255,61,3570,2230,0,2229,4,0
342472099333,205,2962,31,370,2231,0,2230,4,0
342472133139,183,4448,75,3947,2232,0,2231,4,0
342472166138,179,5099,133,9043,2233,0,2232,4,0
342472199668,161,6914,47,540,2234,0,2233,4,0
342472232799,196,4543,42,163,2235,0,2234,4,0
342472266194,181,4015,198,19976,2236,0,2235,4,0
342472299327,153,3058,107,9498,2237,0,2236,4,0
342472332920,161,5453,69,3870,2238,0,2237,4,0
342472365818,180,4962,144,13740,2239,0,2238,4,0
342472399205,168,5286,44,788,2240,0,2239,4,0
342472432766,192,11168,163,14272,2241,0,2240,4,0
342472465973,189,12258,51,750,2242,0,2241,4,0
342472499495,212,8903,116,3871,2243,0,2242,4,0
342472532792,180,10475,37,467,2244,0,2243,4,0
342472566122,188,10632,106,3503,2245,0,2244,4,0
342472600002,223,10759,34,371,2246,0,2245,4,0
342472632434,188,12653,79,3999,2247,0,2246,4,0
342472665895,193,9507,45,301,2248,0,2247,4,0
342472699377,165,11978,201,19521,2249,0,2248,4,0
342472732852,215,11088,46,961,2250,0,2249,4,0
342472765912,170,11201,64,3635,2251,0,2250,4,0
342472799409,169,11731,108,9259,2252,0,2251,4,0
342472832614,142,2984,62,3863,2253,0,2252,4,0
342472866203,268,6321,145,13744,2254,0,2253,4,0
342472899274,185,5249,35,702,2255,0,2254,4,0
342472932924,171,4679,32,344,2256,0,2255,4,0
342472965801,147,5793,182,16372,2257,0,2256,4,0
342472999000,207,3077,68,4008,2258,0,2257,4,0
342473032732,154,2941,34,413,2259,0,2258,4,0
342473065838,153,5666,60,3437,2260,0,2259,4,0
342473099274,159,4839,62,3813,2261,0,2260,4,0
342473132385,156,4976,61,3467,2262,0,2261,4,0
342473166094,150,4188,144,12359,2263,0,2262,4,0
342473199449,184,3287,154,13146,2264,0,2263,4,0
342473232769,184,4302,37,916,2265,0,2264,4,0
342473265951,152,2887,62,3923,2266,0,2265,4,0
342473299770,179,5201,111,9332,2267,0,2266,4,0
342473332917,146,6576,66,3997,2268,0,2267,4,0
342473366198,161,4745,143,13524,2269,0,2268,4,0
342473399088,150,8086,165,15703,2270,0,2269,4,0
342473432615,162,3989,110,9462,2271,0,2270,4,0
342473465944,210,3093,44,1016,2272,0,2271,4,0
342473499291,243,2938,72,4259,2273,0,2272,4,0
342473532998,245,6296,33,478,2274,0,2273,4,0
342473566198,148,6508,66,3718,2275,0,2274,4,0
342473599422,170,5044,67,3946,2276,0,2275,4,0
342473632566,201,4520,34,293,2277,0,2276,4,0
342473665920,177,3492,206,19038,2278,0,2277,4,0
342473699343,168,3535,145,13544,2279,0,2278,4,0
342473732693,195,4193,45,920,2280,0,2279,4,0
342473765808,154,5051,69,3930,2281,0,2280,4,0
342473799294,158,5537,108,9324,2282,0,2281,4,0
342473832429,159,3940,36,935,2283,0,2282,4,0
342473865840,224,3320,135,11133,2284,0,2283,4,0
342473899200,230,8172,94,3848,2285,0,2284,4,0
342473932386,237,3243,123,9458,2286,0,2285,4,0
342473965971,216,3950,46,767,2287,0,2286,4,0
342473999739,167,4144,71,4285,2288,0,2287,4,0
342474033029,154,6354,31,420,2289,0,2288,4,0
342474066134,155,6536,66,3637,2290,0,2289,4,0
342474099502,152,4881,73,3971,2291,0,2290,4,0
342474132695,200,4405,147,13296,2292,0,2291,4,0
342474166016,180,4269,40,658,2293,0,2292,4,0
342474199719,194,4168,147,13010,2294,0,2293,4,0
342474232426,188,3270,39,892,2295,0,2294,4,0
342474266273,153,6419,64,3885,2296,0,2295,4,0
342474299321,158,5340,111,9457,2297,0,2296,4,0
342474332545,158,3500,36,1073,2298,0,2297,4,0
342474365940,230,4219,219,7502,2299,0,2298,4,0
342474399454,278,8070,82,3856,2300,0,2299,4,0
342474432702,199,4221,124,9475,2301,0,2300,4,0
342474465987,299,4077,47,884,2302,0,2301,4,0
342474499172,208,5159,78,4197,2303,0,2302,4,0
342474532593,312,6620,38,437,2304,0,2303,4,0
342474566124,165,5075,63,3608,2305,0,2304,4,0
342474599195,152,7607,39,337,2306,0,2305,4,0
342474632665,368,10934,266,19779,2307,0,2306,4,0
342474666093,187,11097,64,3487,2308,0,2307,4,0
342474699313,170,11736,75,3452,2309,0,2308,4,0
342474732289,202,11084,43,635,2310,0,2309,4,0
342474765846,160,11618,77,3637,2311,0,2310,4,0
342474799108,161,12284,110,9329,2312,0,2311,4,0
342474832896,172,4865,45,988,2313,0,2312,4,0
342474866084,176,4118,96,7564,2314,0,2313,4,0
342474899476,174,4626,64,3840,2315,0,2314,4,0
342474932647,155,4294,186,9511,2316,0,2315,4,0
342474966368,423,6168,42,776,2317,0,2316,4,0
342474999087,153,5306,68,4115,2318,0,2317,4,0
342475032398,204,3782,79,305,2319,0,2318,4,0
342475065819,170,3410,198,19849,2320,0,2319,4,0
342475099554,175,4363,33,654,2321,0,2320,4,0
342475132516,148,3398,63,3552,2322,0,2321,4,0
342475166041,152,4802,128,3157,2323,0,2322,4,0
342475199253,172,5002,67,3492,2324,0,2323,4,0
342475232557,217,5009,34,232,2325,0,2324,4,0
342475265980,181,3855,161,15236,2326,0,2325,4,0
342475299025,172,3149,112,9429,2327,0,2326,4,0
342475332614,258,4137,75,3900,2328,0,2327,4,0
342475365717,208,3370,41,438,2329,0,2328,4,0
342475399304,201,3942,153,13508,2330,0,2329,4,0
342475432940,199,6468,79,3773,2331,0,2330,4,0
342475465994,180,5564,41,424,2332,0,2331,4,0
342475499296,193,7468,45,351,2333,0,2332,4,0
342475532599,181,4175,886,19096,2334,0,2333,4,0
342475566399,176,4640,65,3633,2335,0,2334,4,0
342475599322,202,3148,43,406,2336,0,2335,4,0
342475632783,241,4429,78,3950,2337,0,2336,4,0
342475665979,204,6592,106,8863,2338,0,2337,4,0
342475699178,190,5484,75,3841,2339,0,2338,4,0
342475732527,200,3923,38,319,2340,0,2339,4,0
342475766086,169,4237,238,19996,2341,0,2340,4,0
342475799690,167,4477,110,9459,2342,0,2341,4,0
342475832464,172,3390,69,3978,2343,0,2342,4,0
342475866348,160,4491,166,13731,2344,0,2343,4,0
342475898992,171,5372,46,896,2345,0,2344,4,0
342475932815,212,5227,136,3713,2346,0,2345,4,0
342475965826,163,4301,333,12000,2347,0,2346,4,0
342475999378,172,8526,68,4122,2348,0,2347,4,0
342476032783,314,4313,32,447,2349,0,2348,4,0
342476066719,170,5911,62,3570,2350,0,2349,4,0
342476099106,165,4430,32,382,2351,0,2350,4,0
342476133054,174,6371,72,4085,2352,0,2351,4,0
342476166035,194,5173,106,9057,2353,0,2352,4,0
342476199395,176,7257,36,506,2354,0,2353,4,0
342476232884,190,4678,43,180,2355,0,2354,4,0
342476265621,189,3349,200,20067,2356,0,2355,4,0
342476299094,165,3197,111,9523,2357,0,2356,4,0
342476332775,200,4605,76,3846,2358,0,2357,4,0
342476366022,177,6616,146,13723,2359,0,2358,4,0
342476399545,160,5425,37,902,2360,0,2359,4,0
342476432759,167,4570,34,308,2361,0,2360,4,0
342476465928,191,3140,454,16478,2362,0,2361,4,0
342476499031,207,3334,69,4178,2363,0,2362,4,0
342476533244,171,4808,34,416,2364,0,2363,4,0
342476565885,147,6608,64,3453,2365,0,2364,4,0
342476599249,175,5195,63,3819,2366,0,2365,4,0
342476632409,198,11197,41,305,2367,0,2366,4,0
342476666013,362,10876,195,19057,2368,0,2367,4,0
342476699512,386,10564,273,13561,2369,0,2368,4,0
342476732443,209,4782,40,320,2370,0,2369,4,0
342476766021,172,10757,216,19832,2371,0,2370,4,0
342476799769,157,9656,172,9409,2372,0,2371,4,0
342476832613,180,11641,65,3972,2373,0,2372,4,0
342476865808,152,11536,40,392,2374,0,2373,4,0
342476899385,265,10754,42,140,2375,0,2374,4,0
342476932205,217,4469,291,19823,2376,0,2375,4,0
342476966986,401,10860,46,642,2377,0,2376,4,0
342476999050,201,6765,68,3819,2378,0,2377,4,0
342477032405,153,11250,31,394,2379,0,2378,4,0
342477065918,158,11556,78,3477,2380,0,2379,4,0
342477099153,182,12238,39,355,2381,0,2380,4,0
342477132794,167,11062,30,140,2382,0,2381,4,0
342477166032,148,10798,206,19012,2383,0,2382,4,0
342477199125,156,8032,147,13568,2384,0,2383,4,0
342477232242,269,11402,40,883,2385,0,2384,4,0
342477265618,205,12454,79,3945,2386,0,2385,4,0
342477299080,180,11551,40,342,2387,0,2386,4,0
342477332475,165,11236,200,19557,2388,0,2387,4,0
342477365974,250,10936,38,674,2389,0,2388,4,0
342477399299,161,5778,147,13547,2390,0,2389,4,0
342477432620,240,9914,118,3614,2391,0,2390,4,0
342477466389,208,11948,54,388,2392,0,2391,4,0
342477499063,180,11996,39,349,2393,0,2392,4,0
342477532656,149,11076,30,140,2394,0,2393,4,0
342477565860,148,11172,243,19895,2395,0,2394,4,0
342477599239,168,11034,37,648,2396,0,2395,4,0
342477632716,192,10506,70,3524,2397,0,2396,4,0
342477666084,224,10512,60,3146,2398,0,2397,4,0
342477699402,172,11842,67,3474,2399,0,2398,4,0
342477732818,196,12060,36,639,2400,0,2399,4,0
342477766022,192,9027,40,330,2401,0,2400,4,0
342477798998,162,10963,214,16893,2402,0,2401,4,0
342477832881,225,10801,71,3607,2403,0,2402,4,0
342477866125,192,11023,42,419,2404,0,2403,4,0
342477899592,222,10268,144,13369,2405,0,2404,4,0
342477932642,216,9949,136,3644,2406,0,2405,4,0
342477965955,263,11352,45,384,2407,0,2406,4,0
342477999163,190,11323,46,341,2408,0,2407,4,0
342478032653,171,4501,205,19056,2409,0,2408,4,0
342478066179,163,4439,63,3629,2410,0,2409,4,0
342478099488,156,4495,34,395,2411,0,2410,4,0
342478132394,203,2917,68,3947,2412,0,2411,4,0
342478166554,375,5650,108,8826,2413,0,2412,4,0
342478199407,277,5440,162,3934,2414,0,2413,4,0
342478289505,2146,42059,60,344,2415,0,2414,4,0
342478367385,217,5885,146,12409,2416,0,2415,4,0
342478401147,544,4979,154,13323,2417,0,2416,4,0
342478434200,207,5300,76,3922,2418,0,2417,4,0
342478467677,710,5103,54,401,2419,0,2418,4,0
342478501520,232,5301,64,4020,2420,0,2419,4,0
342478534006,170,6151,33,312,2421,0,2420,4,0
342478567311,158,6130,197,19947,2422,0,2421,4,0
342478600903,199,7437,46,648,2423,0,2422,4,0
342478634325,347,5233,72,3525,2424,0,2423,4,0
342478667462,191,5465,110,3142,2425,0,2424,4,0
342478701004,243,5505,61,3462,2426,0,2425,4,0
342478733962,200,5652,37,629,2427,0,2426,4,0
342478767729,542,5504,66,3587,2428,0,2427,4,0
342478800812,165,5790,30,347,2429,0,2428,4,0
342478834222,149,6275,200,19578,2430,0,2429,4,0
342478867449,149,5985,64,670,2431,0,2430,4,0
342478900656,203,5487,132,3639,2432,0,2431,4,0
342478935194,216,4288,105,9135,2433,0,2432,4,0
342478967652,387,5044,45,1028,2434,0,2433,4,0
342479000772,252,5721,68,4494,2435,0,2434,4,0
342479034197,149,5907,32,335,2436,0,2435,4,0
342479067336,151,6205,224,15421,2437,0,2436,4,0
342479100986,321,7221,32,575,2438,0,2437,4,0
342479133953,155,5642,65,3712,2439,0,2438,4,0
342479167702,372,5524,56,3272,2440,0,2439,4,0
342479201075,549,5150,60,3490,2441,0,2440,4,0
342479234783,264,5300,39,626,2442,0,2441,4,0
342479267411,155,6101,32,322,2443,0,2442,4,0
342479300997,318,6184,172,16828,2444,0,2443,4,0
342479334210,156,5925,60,3611,2445,0,2444,4,0
342479367641,325,5207,32,410,2446,0,2445,4,0
342479400952,368,5132,1219,13349,2447,0,2446,4,0
342479434021,423,5300,71,3652,2448,0,2447,4,0
342479467135,265,5960,45,319,2449,0,2448,4,0
342479500841,176,6028,95,7271,2450,0,2449,4,0
342479534202,155,5982,30,413,2451,0,2450,4,0
342479567740,392,5159,73,3620,2452,0,2451,4,0
342479600821,179,5423,35,379,2453,0,2452,4,0
342479633714,172,5647,67,4010,2454,0,2453,4,0
342479667454,298,5279,140,8999,2455,0,2454,4,0
342479700591,162,6025,64,4003,2456,0,2455,4,0
342479733978,204,5949,42,349,2457,0,2456,4,0
342479767310,169,6037,199,19985,2458,0,2457,4,0
342479800770,176,7824,133,9450,2459,0,2458,4,0
342479834283,252,9519,66,3964,2460,0,2459,4,0
342479867320,157,9377,32,452,2461,0,2460,4,0
342479900557,184,9128,146,13537,2462,0,2461,4,0
342479934329,605,10128,116,3610,2463,0,2462,4,0
342479967373,209,8718,41,293,2464,0,2463,4,0
342480000957,328,10004,206,19848,2465,0,2464,4,0
342480034138,183,9463,38,676,2466,0,2465,4,0
342480067739,255,9733,62,3505,2467,0,2466,4,0
342480100752,155,9258,32,378,2468,0,2467,4,0
342480134230,156,9116,66,3975,2469,0,2468,4,0
342480167364,162,9108,108,8847,2470,0,2469,4,0
342480200636,155,10441,41,502,2471,0,2470,4,0
342480234094,184,9833,219,19081,2472,0,2471,4,0
342480267693,330,9747,64,3774,2473,0,2472,4,0
342480300911,440,10305,109,9342,2474,0,2473,4,0
342480334241,307,8503,62,3920,2475,0,2474,4,0
342480367652,882,10482,165,13757,2476,0,2475,4,0
342480400675,297,8735,36,315,2477,0,2476,4,0
342480434054,201,10642,247,17037,2478,0,2477,4,0
342480467475,215,10263,43,842,2479,0,2478,4,0
342480500410,171,9559,77,3683,2480,0,2479,4,0
342480533885,150,9137,32,379,2481,0,2480,4,0
342480567461,154,8752,139,3414,2482,0,2481,4,0
342480601016,344,10659,66,3842,2483,0,2482,4,0
342480634124,597,8604,42,312,2484,0,2483,4,0
342480667482,247,9532,200,19072,2485,0,2484,4,0
342480700481,166,11352,156,13562,2486,0,2485,4,0
342480734097,185,9480,39,902,2487,0,2486,4,0
342480767487,1065,9058,76,3944,2488,0,2487,4,0
342480801598,209,9110,121,9336,2489,0,2488,4,0
342480834300,359,9418,74,4009,2490,0,2489,4,0
342480867608,1273,8871,175,13571,2491,0,2490,4,0
342480900710,186,8700,163,15862,2492,0,2491,4,0
342480934277,380,9773,111,9527,2493,0,2492,4,0
342480967636,380,11065,53,1010,2494,0,2493,4,0
342481000959,602,9121,107,4383,2495,0,2494,4,0
342481033757,188,8699,40,482,2496,0,2495,4,0
342481067184,176,10175,66,3793,2497,0,2496,4,0
342481101858,187,8006,29,351,2498,0,2497,4,0
342481133853,138,9734,33,140,2499,0,2498,4,0
342481167420,153,9745,212,19206,2500,0,2499,4,0
342481200656,218,9560,159,13568,2501,0,2500,4,0
342481312719,372,11143,68,654,2502,0,2501,4,0
342481358002,184,7940,41,520,2503,0,2502,4,0
342481391251,180,4592,103,7613,2504,0,2503,4,0
342481424866,165,4267,110,9382,2505,0,2504,4,0
342481457905,184,4198,36,1042,2506,0,2505,4,0
342481491582,177,4132,79,4566,2507,0,2506,4,0
342481524610,229,3887,34,491,2508,0,2507,4,0
342481558684,152,4364,63,3751,2509,0,2508,4,0
342481591125,154,4707,28,355,2510,0,2509,4,0
342481624876,177,4008,31,140,2511,0,2510,4,0
342481658042,173,4600,198,19121,2512,0,2511,4,0
342481690974,206,4349,143,13618,2513,0,2512,4,0
342481724266,193,3984,40,319,2514,0,2513,4,0
342481757929,167,4249,200,19821,2515,0,2514,4,0
342481791302,163,4601,165,9430,2516,0,2515,4,0
342481824378,166,4842,64,3975,2517,0,2516,4,0
342481857985,183,4544,34,469,2518,0,2517,4,0
342481891523,150,4279,65,3702,2519,0,2518,4,0
342481924328,522,6664,650,9365,2520,0,2519,4,0
342481957851,160,29325,128,944,2521,0,2520,4,0
342481991520,261,30759,71,4250,2522,0,2521,4,0
342482024552,288,8566,94,431,2523,0,2522,4,0
342482058113,308,3325,35,345,2524,0,2523,4,0
342482091316,184,2994,211,16369,2525,0,2524,4,0
342482124714,168,3171,61,3743,2526,0,2525,4,0
342482158138,188,3187,55,3145,2527,0,2526,4,0
342482191035,155,2945,59,3475,2528,0,2527,4,0
342482224802,192,3674,41,377,2529,0,2528,4,0
342482257862,154,3201,68,3517,2530,0,2529,4,0
342482291480,233,3310,176,16416,2531,0,2530,4,0
342482324586,162,3263,66,3932,2532,0,2531,4,0
342482358022,170,3164,34,466,2533,0,2532,4,0
342482391785,174,3057,146,13532,2534,0,2533,4,0
342482424432,159,2975,60,3795,2535,0,2534,4,0
342482458758,209,2847,34,426,2536,0,2535,4,0
342482491417,187,3551,42,347,2537,0,2536,4,0
342482524858,162,3018,188,19080,2538,0,2537,4,0
342482558004,149,2951,62,3628,2539,0,2538,4,0
342482591507,163,3175,42,409,2540,0,2539,4,0
342482624825,304,2993,69,3928,2541,0,2540,4,0
342482657947,170,3426,130,8848,2542,0,2541,4,0
342482691510,222,3696,88,3846,2543,0,2542,4,0
342482724819,199,3081,95,7643,2544,0,2543,4,0
342482758046,159,3043,65,4100,2545,0,2544,4,0
342482790990,176,3221,113,9383,2546,0,2545,4,0
342482824582,176,3152,69,3821,2547,0,2546,4,0
342482857865,162,3005,514,13714,2548,0,2547,4,0
342482891476,189,3673,44,829,2549,0,2548,4,0
342482924396,184,3408,34,349,2550,0,2549,4,0
342482958114,166,2976,171,16384,2551,0,2550,4,0
342482991101,196,3146,73,3960,2552,0,2551,4,0
342483024570,192,3119,34,428,2553,0,2552,4,0
342483058019,184,2896,67,3443,2554,0,2553,4,0
342483091602,161,2967,29,378,2555,0,2554,4,0
342483124857,178,3577,68,3901,2556,0,2555,4,0
342483158266,178,3331,79,5450,2557,0,2556,4,0
342483191010,174,3140,140,13181,2558,0,2557,4,0
342483224439,185,3143,40,1066,2559,0,2558,4,0
342483258083,152,3088,66,3918,2560,0,2559,4,0
342483291655,194,2944,111,9477,2561,0,2560,4,0
342483325123,188,3031,72,4016,2562,0,2561,4,0
342483358074,168,3407,145,13742,2563,0,2562,4,0
342483391119,158,3354,93,7594,2564,0,2563,4,0
342483424535,173,3256,107,9281,2565,0,2564,4,0
342483457919,146,3090,34,881,2566,0,2565,4,0
342483491264,183,3035,75,4236,2567,0,2566,4,0
342483524399,181,3246,33,443,2568,0,2567,4,0
342483557885,151,3544,62,3673,2569,0,2568,4,0
342483591450,157,3629,65,3926,2570,0,2569,4,0
342483624582,174,3306,228,16989,2571,0,2570,4,0
342483657986,251,3180,34,771,2572,0,2571,4,0
342483691186,147,3157,139,12971,2573,0,2572,4,0
342483724669,246,3246,37,954,2574,0,2573,4,0
342483757755,151,2902,63,3912,2575,0,2574,4,0
342483792080,292,2826,110,9434,2576,0,2575,4,0
342483824528,167,4239,42,1042,2577,0,2576,4,0
342483858136,159,6395,66,4033,2578,0,2577,4,0
342483891514,347,3897,153,13249,2579,0,2578,4,0
342483924329,171,4159,62,3682,2580,0,2579,4,0
342483958022,167,5491,38,404,2581,0,2580,4,0
342484008075,2490,4438,276,4196,2582,0,2581,4,0
342484025829,318,8282,55,350,2583,0,2582,4,0
342484057861,209,4803,219,19883,2584,0,2583,4,0
342484091619,172,4003,34,643,2585,0,2584,4,0
342484124545,166,3999,60,3534,2586,0,2585,4,0
342484157697,152,4222,56,3164,2587,0,2586,4,0
342484191167,162,4355,63,3484,2588,0,2587,4,0
342484225006,194,5035,35,640,2589,0,2588,4,0
342484257968,154,4963,37,314,2590,0,2589,4,0
342484290902,174,4469,180,16842,2591,0,2590,4,0
342484324246,190,4264,61,3617,2592,0,2591,4,0
342484358095,156,4182,31,417,2593,0,2592,4,0
342484391065,160,4173,143,13380,2594,0,2593,4,0
342484424555,198,4488,65,3645,2595,0,2594,4,0
342484457786,151,5023,32,343,2596,0,2595,4,0
342484491306,189,4593,38,140,2597,0,2596,4,0
342484524557,318,4589,203,19048,2598,0,2597,4,0
342484557987,158,4251,59,3632,2599,0,2598,4,0
342484591559,154,3967,41,395,2600,0,2599,4,0
342484624605,323,4067,67,3896,2601,0,2600,4,0
342484658456,159,4120,126,8834,2602,0,2601,4,0
342484691550,152,4984,34,493,2603,0,2602,4,0
342484724890,234,4625,193,19091,2604,0,2603,4,0
342484757976,174,6511,66,4039,2605,0,2604,4,0
342484791356,184,3923,110,9370,2606,0,2605,4,0
342484824299,161,4248,63,3915,2607,0,2606,4,0
342484857779,178,5241,225,13787,2608,0,2607,4,0
342484891174,155,4678,32,319,2609,0,2608,4,0
342484924505,163,4303,176,17066,2610,0,2609,4,0
342484958020,176,4492,34,845,2611,0,2610,4,0
342484991172,173,4039,66,3713,2612,0,2611,4,0
342485024644,160,3869,65,403,2613,0,2612,4,0
342485057781,149,5357,60,3418,2614,0,2613,4,0
342485091059,153,4331,27,355,2615,0,2614,4,0
342485124916,149,4285,211,19856,2616,0,2615,4,0
342485158327,153,4067,66,3484,2617,0,2616,4,0
342485191871,241,4509,64,3438,2618,0,2617,4,0
342485225171,328,5329,43,372,2619,0,2618,4,0
342485257845,169,4242,64,3869,2620,0,2619,4,0
342485291195,169,3950,109,9286,2621,0,2620,4,0
342485324382,151,4094,59,3867,2622,0,2621,4,0
342485358576,582,6697,41,439,2623,0,2622,4,0
342485391385,191,3969,72,3736,2624,0,2623,4,0
342485424846,170,3916,109,9346,2625,0,2624,4,0
342485458498,371,5162,49,993,2626,0,2625,4,0
342485491534,176,4679,71,4200,2627,0,2626,4,0
342485524468,192,4990,31,315,2628,0,2627,4,0
342485558050,165,5506,200,19915,2629,0,2628,4,0
342485590968,158,4076,32,655,2630,0,2629,4,0
342485624509,154,3922,72,3542,2631,0,2630,4,0
342485658304,152,4224,56,3163,2632,0,2631,4,0
342485691553,200,3973,74,3495,2633,0,2632,4,0
342485724822,406,5102,44,379,2634,0,2633,4,0
342485757666,255,5008,66,327,2635,0,2634,4,0
342485791255,201,4508,186,16884,2636,0,2635,4,0
342485824492,219,4167,72,3614,2637,0,2636,4,0
342485857872,211,4108,40,405,2638,0,2637,4,0
342485891167,193,3933,173,13357,2639,0,2638,4,0
342485924317,293,4203,38,314,2640,0,2639,4,0
342485958874,825,5233,192,16393,2641,0,2640,4,0
342485991224,225,4920,35,314,2642,0,2641,4,0
342486024588,217,4544,40,140,2643,0,2642,4,0
342486057820,185,4659,242,19853,2644,0,2643,4,0
342486091378,182,3854,37,636,2645,0,2644,4,0
342486124774,190,4348,62,3509,2646,0,2645,4,0
342486158213,192,3952,60,3137,2647,0,2646,4,0
342486191467,207,4618,69,3458,2648,0,2647,4,0
342486224734,227,4975,41,352,2649,0,2648,4,0
342486258153,180,4778,205,20004,2650,0,2649,4,0
342486291022,201,4001,114,9394,2651,0,2650,4,0
342486325999,190,3980,65,4032,2652,0,2651,4,0
342486357792,159,4259,30,444,2653,0,2652,4,0
342486391058,191,3909,151,13515,2654,0,2653,4,0
342486424294,179,4930,69,3726,2655,0,2654,4,0
342486458380,174,5141,31,344,2656,0,2655,4,0
342486491415,4393,4284,226,19806,2657,0,2656,4,0
342486524201,224,4154,33,678,2658,0,2657,4,0
342486558182,189,4263,64,3473,2659,0,2658,4,0
342486591277,186,4091,33,368,2660,0,2659,4,0
342486624540,184,4497,68,3951,2661,0,2660,4,0
342486657949,155,5172,104,8705,2662,0,2661,4,0
342486690910,171,4238,37,414,2663,0,2662,4,0
342486724822,202,5509,193,18981,2664,0,2663,4,0
342486757892,221,7099,67,3777,2665,0,2664,4,0
342486791303,190,4122,114,9366,2666,0,2665,4,0
342486824596,154,3999,61,3911,2667,0,2666,4,0
342486857835,156,3935,32,439,2668,0,2667,4,0
342486890959,174,4757,163,13542,2669,0,2668,4,0
342486924589,192,4971,42,317,2670,0,2669,4,0
342486958109,168,5604,198,16315,2671,0,2670,4,0
342486990987,184,3974,68,4004,2672,0,2671,4,0
342487024750,302,4441,31,407,2673,0,2672,4,0
342487058036,158,4190,60,3435,2674,0,2673,4,0
342487091173,152,3964,29,371,2675,0,2674,4,0
342487124872,158,4367,65,3882,2676,0,2675,4,0
342487157937,163,4945,27,313,2677,0,2676,4,0
342487191367,197,4503,205,19527,2678,0,2677,4,0
342487224450,184,4061,39,683,2679,0,2678,4,0
342487257911,196,4254,69,3873,2680,0,2679,4,0
342487290999,177,3937,108,9259,2681,0,2680,4,0
342487324685,157,4467,66,3865,2682,0,2681,4,0
342487357934,153,4695,29,360,2683,0,2682,4,0
342487391329,154,4301,30,140,2684,0,2683,4,0
342487424681,173,4673,201,19903,2685,0,2684,4,0
342487458015,193,4133,36,643,2686,0,2685,4,0
342487491346,209,4098,74,3828,2687,0,2686,4,0
342487524336,166,4512,31,405,2688,0,2687,4,0
342487557720,155,4974,58,3320,2689,0,2688,4,0
342487591360,155,4120,30,290,2690,0,2689,4,0
342487624933,154,4387,200,19786,2691,0,2690,4,0
342487658176,162,4266,132,3474,2692,0,2691,4,0
342487691182,175,4017,65,3426,2693,0,2692,4,0
342487724496,210,3765,41,658,2694,0,2693,4,0
342487758455,209,4321,80,3606,2695,0,2694,4,0
342487791280,156,4824,31,361,2696,0,2695,4,0
342487824375,162,5141,218,19544,2697,0,2696,4,0
342487858621,590,9676,75,663,2698,0,2697,4,0
342487892647,640,7064,77,3632,2699,0,2698,4,0
342487924307,205,3908,106,9133,2700,0,2699,4,0
342487957836,171,3953,34,1028,2701,0,2700,4,0
342487991236,174,4228,72,4297,2702,0,2701,4,0
342488024995,157,5062,30,476,2703,0,2702,4,0
342488059755,167,4916,34,369,2704,0,2703,4,0
342488091089,184,4010,174,16435,2705,0,2704,4,0
342488124560,189,6035,69,3753,2706,0,2705,4,0
342488157824,194,4119,59,3140,2707,0,2706,4,0
342488191389,187,3954,65,3496,2708,0,2707,4,0
342488224421,184,3987,44,642,2709,0,2708,4,0
342488258165,162,5190,88,3623,2710,0,2709,4,0
342488291379,168,4186,33,372,2711,0,2710,4,0
342488324776,172,5032,199,19539,2712,0,2711,4,0
342488357930,157,4195,32,680,2713,0,2712,4,0
342488391504,168,3921,144,13521,2714,0,2713,4,0
342488424674,178,3794,79,3628,2715,0,2714,4,0
342488457959,170,5793,50,385,2716,0,2715,4,0
342488491346,191,5128,39,350,2717,0,2716,4,0
342488524259,171,4728,201,19090,2718,0,2717,4,0
342488557934,165,4221,61,3618,2719,0,2718,4,0
342488591347,161,3896,43,412,2720,0,2719,4,0
342488624907,163,4202,65,3541,2721,0,2720,4,0
342488657542,157,4327,69,3158,2722,0,2721,4,0
342488691377,168,4534,102,3462,2723,0,2722,4,0
342488724440,208,5064,38,354,2724,0,2723,4,0
342488757584,166,4530,35,145,2725,0,2724,4,0
342488791454,204,4621,175,16895,2726,0,2725,4,0
342488824371,152,4268,60,3611,2727,0,2726,4,0
342488857843,176,4175,30,396,2728,0,2727,4,0
342488891701,165,3853,149,13326,2729,0,2728,4,0
342488925185,186,4303,64,3642,2730,0,2729,4,0
342488957878,166,4751,31,346,2731,0,2730,4,0
342488991210,195,4801,229,19860,2732,0,2731,4,0
342489024185,150,3890,32,688,2733,0,2732,4,0
342489058218,154,4239,627,3495,2734,0,2733,4,0
342489091317,152,3968,29,388,2735,0,2734,4,0
342489124403,186,3976,64,3966,2736,0,2735,4,0
342489158527,167,4170,103,8864,2737,0,2736,4,0
342489190872,149,4159,32,537,2738,0,2737,4,0
342489224449,180,4269,200,19105,2739,0,2738,4,0
342489258108,150,4204,64,3793,2740,0,2739,4,0
342489291145,159,4073,108,9383,2741,0,2740,4,0
342489324885,143,4105,60,3891,2742,0,2741,4,0
342489357860,150,4450,145,13778,2743,0,2742,4,0
342489390957,163,4587,31,335,2744,0,2743,4,0
342489424565,151,4399,29,150,2745,0,2744,4,0
342489457985,155,4285,466,16431,2746,0,2745,4,0
342489491320,196,3983,65,4021,2747,0,2746,4,0
342489524913,168,3898,33,411,2748,0,2747,4,0
342489557867,161,4209,63,3444,2749,0,2748,4,0
342489591238,162,4860,31,348,2750,0,2749,4,0
342489624820,156,4817,34,144,2751,0,2750,4,0
342489657622,165,4289,34,144,2752,0,2751,4,0
342489691152,159,3945,221,19633,2753,0,2752,4,0
342489724747,183,3963,39,926,2754,0,2753,4,0
342489758337,177,4138,70,3616,2755,0,2754,4,0
342489791178,178,4813,113,9260,2756,0,2755,4,0
342489824629,243,5168,36,522,2757,0,2756,4,0
342489857541,159,4514,31,177,2758,0,2757,4,0
342489891595,176,5108,204,20086,2759,0,2758,4,0
342489924772,168,4072,119,9608,2760,0,2759,4,0
342489957701,172,4655,72,1034,2761,0,2760,4,0
342489992021,241,6459,81,4338,2762,0,2761,4,0
342490024840,189,3875,36,494,2763,0,2762,4,0
342490058134,185,4925,66,3635,2764,0,2763,4,0
342490091105,199,4782,40,289,2765,0,2764,4,0
342490124663,169,4637,254,19855,2766,0,2765,4,0
342490157715,171,4039,28,329,2767,0,2766,4,0
342490191628,193,7114,204,19602,2768,0,2767,4,0
342490224844,196,3953,39,939,2769,0,2768,4,0
342490258152,164,4660,65,3642,2770,0,2769,4,0
342490291010,154,4138,29,351,2771,0,2770,4,0
342490324633,157,4637,213,19598,2772,0,2771,4,0
342490357951,159,4042,138,13058,2773,0,2772,4,0
342490391734,223,3939,177,15749,2774,0,2773,4,0
342490424291,210,3958,114,9523,2775,0,2774,4,0
342490458406,397,5324,47,867,2776,0,2775,4,0
342490491255,177,4976,77,4243,2777,0,2776,4,0
342490524671,153,4736,30,312,2778,0,2777,4,0
342490558020,153,7389,199,19927,2779,0,2778,4,0
342490591078,169,4327,33,666,2780,0,2779,4,0
342490624976,163,3963,63,3520,2781,0,2780,4,0
342490658081,157,4022,56,3154,2782,0,2781,4,0
342490691547,266,7135,63,3466,2783,0,2782,4,0
342490724861,196,4857,31,364,2784,0,2783,4,0
342490757868,143,4042,27,140,2785,0,2784,4,0
342490791445,166,4018,177,16894,2786,0,2785,4,0
342490824612,150,4061,61,3611,2787,0,2786,4,0
342490858368,254,4685,142,13379,2788,0,2787,4,0
342490891283,230,4798,34,309,2789,0,2788,4,0
342490924724,205,4440,189,17012,2790,0,2789,4,0
342490958261,167,4218,34,851,2791,0,2790,4,0
342490991634,180,6545,68,3740,2792,0,2791,4,0
342491024422,160,3838,31,401,2793,0,2792,4,0
342491058158,326,4594,59,3420,2794,0,2793,4,0
342491091761,150,4663,29,355,2795,0,2794,4,0
342491124430,158,4312,295,19866,2796,0,2795,4,0
342491157851,156,4321,59,3474,2797,0,2796,4,0
342491191107,151,3884,59,3436,2798,0,2797,4,0
342491224669,174,4715,36,633,2799,0,2798,4,0
342491257666,159,5167,33,324,2800,0,2799,4,0
342491291042,153,4511,172,16965,2801,0,2800,4,0
342491324662,159,4334,60,3607,2802,0,2801,4,0
342491357685,149,3902,27,409,2803,0,2802,4,0
342491391042,145,3955,140,13326,2804,0,2803,4,0
342491424682,153,4022,59,3643,2805,0,2804,4,0
342491458114,158,4979,40,230,2806,0,2805,4,0
342491491308,224,8031,170,15385,2807,0,2806,4,0
342491524611,178,4300,34,536,2808,0,2807,4,0
342491557869,163,4284,63,3627,2809,0,2808,4,0
342491591238,158,4098,39,378,2810,0,2809,4,0
342491624422,164,5035,68,3986,2811,0,2810,4,0
342491657736,184,7406,83,5357,2812,0,2811,4,0
342491691090,265,4112,40,334,2813,0,2812,4,0
342491724284,199,3951,268,18995,2814,0,2813,4,0
342491757898,179,4251,88,3990,2815,0,2814,4,0
342491791388,268,4735,118,9321,2816,0,2815,4,0
342491824644,170,5051,64,3890,2817,0,2816,4,0
342491857476,236,4438,50,438,2818,0,2817,4,0
342491891501,221,6710,152,13534,2819,0,2818,4,0
342491924729,169,4933,66,3761,2820,0,2819,4,0
342491958592,175,4423,29,428,2821,0,2820,4,0
342491991090,186,5174,40,349,2822,0,2821,4,0
342492024445,167,4523,192,19087,2823,0,2822,4,0
