start_us,capture_us,encode_us,submit_us,payload_bytes,desktop_updates,cached_frames,sample_id
294645905911,1154,10595,471,35429,1,0,0
294645928992,169,5176,187,17474,2,0,1
294645940291,19,7282,136,11945,2,1,2
294645951571,114,5472,121,10419,3,1,3
294645962642,111,7271,395,43297,4,1,4
294645973644,19,7524,73,4899,4,2,5
294645984461,153,5817,144,13002,5,2,6
294645995711,108,5295,87,4722,6,2,7
294646006917,22,8787,61,3261,6,3,8
294646018007,110,5353,165,14772,7,3,9
294646028917,113,5913,54,3334,8,3,10
294646040133,19,7174,63,2869,8,4,11
294646051623,109,5940,53,3048,9,4,12
294646062283,100,7182,379,44387,10,4,13
294646073804,18,8511,76,5676,10,5,14
294646084748,104,8086,233,19382,11,5,15
294646095676,156,5499,122,10139,12,5,16
294646107016,25,7404,69,3054,12,6,17
294646118359,134,5549,51,3125,13,6,18
294646128906,117,5493,179,16106,14,6,19
294646140137,19,7260,56,2842,14,7,20
294646151658,118,5513,92,7577,15,7,21
294646162258,108,4968,61,3790,16,7,22
294646173478,18,7766,37,762,16,8,23
294646184521,198,5758,345,33546,17,8,24
294646195957,108,5227,101,8900,18,8,25
294646207041,23,9406,49,2224,18,9,26
294646218256,100,5643,147,14648,19,9,27
294646229250,116,5711,98,7582,20,9,28
294646240455,27,8479,50,1884,20,10,29
294646251470,112,5414,43,2215,21,10,30
294646262399,109,5509,151,14345,22,10,31
294646273431,17,13200,50,2180,22,11,32
294646298066,129,8410,64,3797,23,11,33
294646309015,262,14886,98,6892,24,11,34
294646336102,122,16722,163,14648,25,11,35
294646364310,176,9899,108,7128,26,11,36
294646375675,180,14760,173,14881,27,11,37
294646402181,178,14741,63,1673,28,11,38
294646428671,182,16892,55,732,29,11,39
294646457369,154,16095,373,34330,30,11,40
294646485288,321,5165,84,5452,31,11,41
294646496416,149,5028,80,2353,32,11,42
294646506976,37,7292,98,1878,32,12,43
294646518441,148,4985,173,14355,33,12,44
294646529263,139,4930,95,7651,34,12,45
294646541101,19,7820,55,2015,34,13,46
294646551558,120,5238,135,12321,35,13,47
294646562757,163,5513,100,7071,36,13,48
294646573840,25,7221,57,1933,36,14,49
294646584959,260,6748,178,14988,37,14,50
294646596446,165,5641,103,7754,38,14,51
294646607471,31,7214,68,1819,38,15,52
294646618483,143,4838,71,4559,39,15,53
294646629568,138,8087,372,35078,40,15,54
294646640637,23,7153,83,3780,40,16,55
294646651555,154,5167,109,8008,41,16,56
294646662794,151,5075,73,4114,42,16,57
294646673936,24,7488,46,823,42,17,58
294646685092,129,6816,396,33469,43,17,59
294646696207,143,5108,105,9117,44,17,60
294646707494,19,28574,89,2266,44,18,61
294646747400,3314,5501,161,13581,45,18,62
294646758882,1205,6540,58,1873,46,18,63
294646769848,21,4862,131,1831,46,19,64
294646781068,136,4933,49,2186,47,19,65
294646791675,22,7767,60,1904,47,20,66
294646802864,155,5324,61,2060,48,20,67
294646814223,149,5767,106,6969,49,20,68
294646825425,26,7004,55,1836,49,21,69
294646836657,139,5620,180,14974,50,21,70
294646847814,185,5441,104,7766,51,21,71
294646859255,140,6720,64,2008,52,21,72
294646869994,26,4807,48,1729,52,22,73
294646880990,123,5497,84,5087,53,22,74
294646892161,121,7873,373,34883,54,22,75
294646903254,22,4514,63,3731,54,23,76
294646914133,193,5465,176,15167,55,23,77
294646925249,24,8143,61,2315,55,24,78
294646936426,157,5078,67,1793,56,24,79
294646947285,169,5141,372,34626,57,24,80
294646958408,35,8283,82,3687,57,25,81
294646969774,170,6718,189,15704,58,25,82
294646980933,167,4878,108,7536,59,25,83
294646991771,21,7565,64,2001,59,26,84
294647003053,166,5466,59,2351,60,26,85
294647014192,126,5209,163,14415,61,26,86
294647025189,24,7544,54,2106,61,27,87
294647036388,129,5277,54,2487,62,27,88
294647047488,133,4812,52,2242,63,27,89
294647058465,31,7415,56,1958,63,28,90
294647069771,118,5521,96,7211,64,28,91
294647081062,158,5698,181,15129,65,28,92
294647092162,26,7826,60,2069,65,29,93
294647102812,142,5526,122,7759,66,29,94
294647113892,172,5423,62,1953,67,29,95
294647125219,32,8053,63,1596,67,30,96
294647136222,167,5114,163,13577,68,30,97
294647147516,189,5490,64,1520,69,30,98
294647158684,37,7788,53,753,69,31,99
294647169742,170,5146,357,32715,70,31,100
294647180824,175,4822,84,3682,71,31,101
294647192193,28,7404,56,2158,71,32,102
294647203249,166,4742,105,7276,72,32,103
294647214313,139,5063,167,14685,73,32,104
294647225434,26,8170,66,2099,73,33,105
294647236615,153,7259,117,7738,74,33,106
294647247780,162,5142,61,2101,75,33,107
294647258308,32,7643,66,1774,75,34,108
294647270455,188,7796,201,14343,76,34,109
294647281375,187,5269,92,2473,77,34,110
294647292816,174,6907,81,2221,78,34,111
294647303661,178,7837,81,1839,78,35,112
294647314831,167,4922,117,7013,79,35,113
294647325706,164,7290,184,15055,80,35,114
294647336654,30,4890,67,2181,80,36,115
294647347287,143,5803,156,7984,81,36,116
294647358881,30,7185,84,1888,81,37,117
294647369823,162,5322,75,2765,82,37,118
294647380926,166,5178,187,14587,83,37,119
294647391932,26,7168,67,1995,83,38,120
294647403259,173,5124,125,7771,84,38,121
294647414141,153,5591,89,4142,85,38,122
294647425255,32,8035,63,844,85,39,123
294647436877,143,5212,69,798,86,39,124
294647447694,153,5551,354,34653,87,39,125
294647458910,25,7663,84,3755,87,40,126
294647469827,142,5123,209,15753,88,40,127
294647480682,129,4787,104,7646,89,40,128
294647491988,32,7967,93,2057,89,41,129
294647503275,136,4881,59,2437,90,41,130
294647514105,172,5121,186,14437,91,41,131
294647525175,26,7876,58,2221,91,42,132
294647536560,128,5938,108,8057,92,42,133
294647547535,131,5112,147,13011,93,42,134
294647558744,25,6853,96,2103,93,43,135
294647569968,124,7882,124,7290,94,43,136
294647580981,183,5107,176,15318,95,43,137
294647592049,31,7076,59,2210,95,44,138
294647603201,119,7573,120,7857,96,44,139
294647614704,175,4848,65,2791,97,44,140
294647625823,131,6937,189,14677,98,44,141
294647637307,98,7351,59,2168,98,45,142
294647648016,105,5734,100,7995,99,45,143
294647659026,121,6699,188,15090,100,45,144
294647670494,101,7422,65,2313,100,46,145
294647681524,103,5240,50,1817,101,46,146
294647692077,262,7066,42,1099,101,47,147
294647703499,17,4523,37,1052,101,48,148
294647714003,114,5695,327,31728,102,48,149
294647725868,108,7432,142,9436,103,48,150
294647737198,117,6336,57,2279,103,49,151
294647747924,127,5588,55,2315,104,49,152
294647758564,20,7543,53,1925,104,50,153
294647769568,204,5128,192,14441,105,50,154
294647780617,138,5066,110,8304,106,50,155
294647792253,340,6917,145,13323,107,50,156
294647802825,21,5192,58,2230,107,51,157
294647814349,193,5504,98,7458,108,51,158
294647825822,146,6921,250,15596,109,51,159
294647836716,23,4761,95,2149,109,52,160
294647847712,132,5349,102,8064,110,52,161
294647859663,551,16008,114,4631,111,52,162
294647887979,158,2908,418,35051,112,52,163
294647898920,134,2821,122,9586,113,52,164
294647909974,155,2821,161,14181,114,52,165
294647921261,22,2786,51,2242,114,53,166
294647932226,191,2846,47,1722,115,53,167
294647943565,129,2768,34,766,116,53,168
294647954670,115,2740,31,753,116,54,169
294647965398,135,2880,333,32064,117,54,170
294647976820,123,2799,110,9644,118,54,171
294647987758,113,2787,57,2313,118,55,172
294647998444,131,2740,51,2411,119,55,173
294648010189,146,3110,206,14018,120,55,174
294648021060,107,2829,48,1938,120,56,175
294648031819,125,2743,109,7707,121,56,176
294648043170,115,2752,137,12875,122,56,177
294648054155,100,2865,41,2056,122,57,178
294648065138,185,2789,91,7217,123,57,179
294648076380,104,2847,212,15457,124,57,180
294648088401,141,2890,43,2078,124,58,181
294648098814,149,2786,116,7818,125,58,182
294648109897,134,2744,69,2714,126,58,183
294648121031,27,2670,43,1789,126,59,184
294648132256,123,2774,153,14542,127,59,185
294648143161,107,2748,127,7992,128,59,186
294648154311,41,2884,44,1959,128,60,187
294648165520,206,2743,164,15149,129,60,188
294648176385,107,2857,56,2528,130,60,189
294648187817,20,2622,46,2031,130,61,190
294648198784,118,2848,43,1315,131,61,191
294648209660,106,2870,36,684,132,61,192
294648220860,19,2751,41,683,132,62,193
294648232019,121,2891,374,34962,133,62,194
294648243113,264,2798,74,3915,134,62,195
294648254202,24,2639,43,2148,134,63,196
294648265314,128,2749,163,14360,135,63,197
294648276364,240,2738,163,7664,136,63,198
294648287605,100,2849,41,1888,136,64,199
294648298770,137,2889,134,12152,137,64,200
294648309972,113,2771,114,7163,138,64,201
294648321173,106,2739,89,1851,138,65,202
294648332132,121,2795,179,15036,139,65,203
294648343123,104,3004,96,7666,140,65,204
294648354297,22,2741,62,1836,140,66,205
294648365558,171,2885,164,2774,141,66,206
294648376766,121,2889,169,14455,142,66,207
294648387838,29,2653,51,2283,142,67,208
294648398879,119,2874,97,7933,143,67,209
294648410061,112,2764,169,14970,144,67,210
294648421091,22,2718,47,2083,144,68,211
294648431906,128,2747,79,2385,145,68,212
294648443010,168,2876,89,6606,146,68,213
294648454265,22,2658,40,1442,146,69,214
294648465559,119,2786,73,4606,147,69,215
294648476726,115,2928,351,34956,148,69,216
294648487699,24,2837,65,3693,148,70,217
294648498661,129,2740,96,2413,149,70,218
294648510044,119,2955,158,14427,150,70,219
294648521083,108,2957,44,2113,150,71,220
294648532178,129,2733,102,7618,151,71,221
294648543427,128,2759,151,12911,152,71,222
294648554178,21,2638,52,2041,152,72,223
294648565620,170,2799,114,7153,153,72,224
294648576680,187,2905,210,15402,154,72,225
294648587724,31,2769,59,2157,154,73,226
294648598958,137,2764,100,7939,155,73,227
294648609931,129,2842,56,1281,156,73,228
294648620714,25,2724,36,817,156,74,229
294648632295,127,2899,381,42607,157,74,230
294648643150,112,2909,138,10619,158,74,231
294648654379,47,2654,57,2659,158,75,232
294648665352,126,2799,230,14305,159,75,233
294648676456,117,2740,42,1339,160,75,234
294648687663,20,2720,30,749,160,76,235
294648698714,124,2866,35,749,161,76,236
294648709707,125,2948,315,32242,162,76,237
294648721019,21,2717,71,3545,162,77,238
294648732404,161,2794,196,8142,163,77,239
294648743473,188,2864,58,1985,164,77,240
294648754512,28,2946,56,1711,164,78,241
294648765272,130,2973,198,13943,165,78,242
294648776592,128,2881,110,7694,166,78,243
294648787920,21,2733,46,1815,166,79,244
294648799080,128,2842,136,12240,167,79,245
294648809994,115,2751,102,7100,168,79,246
294648821076,20,2800,42,1887,168,80,247
294648832164,115,2773,199,15060,169,80,248
294648843000,227,2979,123,7724,170,80,249
294648854497,20,2687,48,2026,170,81,250
294648865579,151,2715,57,2732,171,81,251
294648876629,195,2949,154,14734,172,81,252
294648887705,44,2652,45,1889,172,82,253
294648898724,126,2730,97,7764,173,82,254
294648909840,207,2755,172,15046,174,82,255
294648921145,23,2627,60,2296,174,83,256
294648932384,214,2817,65,2569,175,83,257
294648943267,252,2787,102,7229,176,83,258
294648954557,25,2709,53,2022,176,84,259
294648965457,129,2822,47,1586,177,84,260
294648976600,226,2784,82,4992,178,84,261
294648987745,21,2611,32,844,178,85,262
294648998870,132,2852,351,34540,179,85,263
294649010099,114,2765,201,16279,180,85,264
294649020771,21,2616,48,2357,180,86,265
294649032396,155,2758,109,7755,181,86,266
294649043513,151,2883,163,14730,182,86,267
294649054326,21,2617,50,2208,182,87,268
294649065496,131,2856,102,8169,183,87,269
294649076495,115,2748,169,15323,184,87,270
294649087687,25,2673,51,1998,184,88,271
294649099005,134,2881,122,7670,185,88,272
294649109727,248,3010,73,2842,186,88,273
294649120772,49,2882,54,1931,186,89,274
294649131967,149,2915,163,14381,187,89,275
294649143115,121,2936,111,7889,188,89,276
294649154136,25,2750,53,1970,188,90,277
294649165306,147,2883,233,14887,189,90,278
294649176356,153,2743,72,2578,190,90,279
294649187849,24,2650,46,2115,190,91,280
294649198934,156,2727,102,7377,191,91,281
294649209985,157,2746,177,15407,192,91,282
294649220934,29,2633,53,2279,192,92,283
294649232135,133,2857,166,7740,193,92,284
294649243445,110,2818,69,4199,194,92,285
294649254238,20,2620,33,809,194,93,286
294649265406,120,2830,350,34917,195,93,287
294649276658,110,2826,183,9462,196,93,288
294649287782,19,2727,47,2378,196,94,289
294649299062,113,3002,170,13626,197,94,290
294649309719,103,2971,117,7310,198,94,291
294649321106,17,2756,38,1832,198,95,292
294649332323,119,2860,151,14431,199,95,293
294649342979,161,2759,96,7645,200,95,294
294649354736,29,3031,67,1915,200,96,295
294649365148,127,2951,67,2860,201,96,296
294649377026,110,2942,166,14535,202,96,297
294649387797,21,2911,45,2176,202,97,298
294649398831,103,2748,140,8061,203,97,299
294649410064,105,2961,157,14984,204,97,300
294649421328,17,2735,101,2114,204,98,301
294649432046,107,2882,53,2389,205,98,302
294649443400,102,2869,41,1385,206,98,303
294649454268,17,2602,28,716,206,99,304
294649465242,139,2981,314,32117,207,99,305
294649476462,194,3160,120,9420,208,99,306
294649487942,24,2735,46,2185,208,100,307
294649498917,127,2750,91,2204,209,100,308
294649510087,114,2825,150,13943,210,100,309
294649520838,22,2770,42,2048,210,101,310
294649531996,118,2908,101,7803,211,101,311
294649543340,103,2744,138,12980,212,101,312
294649554639,19,2833,43,2010,212,102,313
294649565309,110,2770,121,7064,213,102,314
294649576568,102,2883,181,15411,214,102,315
294649587647,17,2681,41,2074,214,103,316
294649598707,105,2775,97,7773,215,103,317
294649609960,136,2963,57,2567,216,103,318
294649621275,21,2735,45,1767,216,104,319
294649632133,103,2850,150,14354,217,104,320
294649643472,99,2787,93,7967,218,104,321
294649654537,50,2707,42,1774,218,105,322
294649665684,224,2989,184,14965,219,105,323
294649676710,101,2844,50,2431,220,105,324
294649688027,95,2944,40,1767,220,106,325
294649698709,105,2771,37,1240,221,106,326
294649709756,95,2950,302,31970,222,106,327
294649720882,90,2745,67,3520,222,107,328
294649732310,129,2761,110,7919,223,107,329
294649743418,116,2896,98,2288,224,107,330
294649755071,106,2745,48,1924,224,108,331
294649765731,105,2742,171,13657,225,108,332
294649776758,112,2740,50,2306,226,108,333
294649787830,116,2849,41,1842,226,109,334
294649798573,102,2730,47,2057,227,109,335
294649809628,98,2880,91,6733,228,109,336
294649820744,20,2623,41,1842,228,110,337
294649832143,105,2738,148,14864,229,110,338
294649843259,100,2867,92,7718,230,110,339
294649854344,22,2639,52,1797,230,111,340
294649865682,148,2789,102,2615,231,111,341
294649876414,103,2905,146,13696,232,111,342
294649887864,92,2867,43,1049,232,112,343
294649899159,108,2994,39,1243,233,112,344
294649909901,173,2805,301,32495,234,112,345
294649920990,106,2900,65,3465,234,113,346
294649932142,128,2780,47,2224,235,113,347
294649943234,262,2768,98,7034,236,113,348
294649954336,167,2811,62,1953,236,114,349
294649965853,127,2746,160,14421,237,114,350
294649976506,117,2762,102,7486,238,114,351
294649987386,98,2849,49,1937,238,115,352
294649998800,116,2772,54,2267,239,115,353
294650009733,112,2840,56,2490,240,115,354
294650020751,91,2778,45,1726,240,116,355
294650032223,117,2819,152,14662,241,116,356
294650043553,104,2878,51,2433,242,116,357
294650054289,101,3012,48,1938,242,117,358
294650065395,111,2786,88,7257,243,117,359
294650077075,106,2779,71,5267,244,117,360
294650087945,95,2857,31,849,244,118,361
294650098758,109,2936,346,35024,245,118,362
294650109913,153,2940,69,4528,246,118,363
294650120963,20,2835,43,2181,246,119,364
294650132253,117,2841,147,14588,247,119,365
294650143248,93,2746,93,7579,248,119,366
294650154288,94,2810,45,1789,248,120,367
294650165473,119,2754,153,14603,249,120,368
294650176679,99,2761,50,2546,250,120,369
294650187451,91,2792,39,1969,250,121,370
294650198612,101,2741,87,7106,251,121,371
294650209562,101,2776,189,15364,252,121,372
294650221495,94,2884,52,2390,252,122,373
294650232476,112,2863,98,8037,253,122,374
294650243400,110,2802,147,14230,254,122,375
294650254142,18,2605,45,2314,254,123,376
294650265408,131,2754,185,8074,255,123,377
294650276520,113,2938,69,4034,256,123,378
294650287707,18,2729,29,732,256,124,379
294650298721,101,2959,332,32752,257,124,380
294650309711,113,2953,79,3649,258,124,381
294650320785,18,2600,41,2119,258,125,382
294650332212,107,2729,41,1961,259,125,383
294650343376,101,2853,92,7383,260,125,384
294650354435,321,2723,55,1733,260,126,385
294650365342,128,2771,60,2502,261,126,386
294650376662,105,2978,150,13818,262,126,387
294650387690,123,2855,43,1976,262,127,388
294650398992,104,2763,180,7780,263,127,389
294650409741,153,2874,170,14916,264,127,390
294650421027,95,2775,59,2185,264,128,391
294650432010,121,2726,56,2482,265,128,392
294650443057,134,2737,96,7134,266,128,393
294650454445,116,2829,46,1840,266,129,394
294650465644,119,3005,186,15076,267,129,395
294650476427,110,2904,121,6288,268,129,396
294650487712,93,2861,40,794,268,130,397
294650498556,124,2904,70,4926,269,130,398
294650509685,184,2815,318,34933,270,130,399
294650521337,92,2851,66,3714,270,131,400
294650532456,106,2773,97,8082,271,131,401
294650543242,120,2892,149,13869,272,131,402
294650554853,114,3044,79,2239,272,132,403
294650565685,118,2854,104,8189,273,132,404
294650576652,103,2873,165,14571,274,132,405
294650588382,109,2739,49,2099,274,133,406
294650598690,98,2995,119,7792,275,133,407
294650610020,343,2749,56,2890,276,133,408
294650620867,114,3077,48,1875,276,134,409
294650632024,102,2842,147,14559,277,134,410
294650643232,101,2761,93,7790,278,134,411
294650654279,23,2638,43,1854,278,135,412
294650665490,138,2881,154,14852,279,135,413
294650676529,641,2896,64,2615,280,135,414
294650687989,303,2782,45,2064,280,136,415
294650699140,124,2994,108,7463,281,136,416
294650709927,107,2746,100,2841,282,136,417
294650720942,20,2792,30,827,282,137,418
294650732287,112,2838,51,2885,283,137,419
294650743110,102,2839,405,35116,284,137,420
294650754156,28,2626,73,3785,284,138,421
294650765651,134,2856,183,14842,285,138,422
294650776496,125,2788,101,7794,286,138,423
294650787784,19,2722,44,2029,286,139,424
294650799062,116,2871,190,15055,287,139,425
294650809935,102,2751,95,7263,288,139,426
294650821101,117,2843,95,1892,288,140,427
294650832019,118,2739,157,15195,289,140,428
294650843304,109,2783,107,7397,290,140,429
294650854184,33,2698,51,1918,290,141,430
294650865385,147,2955,75,2847,291,141,431
294650876465,107,2885,181,14454,292,141,432
294650887718,19,2668,40,2262,292,142,433
294650898581,106,2760,93,7906,293,142,434
294650909623,117,2809,191,14985,294,142,435
294650920789,23,2840,70,2311,294,143,436
294650932523,112,3018,52,2602,295,143,437
294650943233,360,2817,101,7025,296,143,438
294650954541,120,2853,49,1725,296,144,439
294650965316,132,2933,50,1436,297,144,440
294650976417,103,2930,97,4852,298,144,441
294650987526,19,2825,31,785,298,145,442
294650998819,108,2855,340,34922,299,145,443
294651009977,107,2855,221,16354,300,145,444
294651021168,27,2761,53,2509,300,146,445
294651032208,131,2732,95,7925,301,146,446
294651043319,143,2860,222,15037,302,146,447
294651054305,22,2808,59,2185,302,147,448
294651065349,115,2917,139,8151,303,147,449
294651076707,212,2975,165,15264,304,147,450
294651088049,20,2904,51,1892,304,148,451
294651098727,110,2963,92,7639,305,148,452
294651109635,131,2750,70,3217,306,148,453
294651121294,22,2661,44,1884,306,149,454
294651131940,110,2771,234,14392,307,149,455
294651143091,108,2803,99,8093,308,149,456
294651154204,19,2663,40,1823,308,150,457
294651165294,103,2942,155,14930,309,150,458
294651177231,102,2809,57,2601,310,150,459
294651187811,27,2727,54,2117,310,151,460
294651198583,121,2901,93,7293,311,151,461
294651209633,140,2805,44,1378,312,151,462
294651221153,27,2830,31,834,312,152,463
294651232075,109,2848,304,31328,313,152,464
294651243388,99,2958,91,3932,314,152,465
294651254349,19,2678,45,2317,314,153,466
294651265239,112,2962,157,14919,315,153,467
294651276352,104,2750,103,8388,316,153,468
294651287897,18,2777,40,1917,316,154,469
294651298546,107,2746,129,12431,317,154,470
294651310043,103,2857,97,7311,318,154,471
294651321166,20,2865,42,1830,318,155,472
294651332336,106,2738,162,15304,319,155,473
294651343324,111,2763,98,7921,320,155,474
294651354141,25,2683,50,1916,320,156,475
294651365730,196,2767,70,2490,321,156,476
294651376628,159,2738,264,14762,322,156,477
294651387790,34,2686,65,2232,322,157,478
294651398870,179,2846,155,7865,323,157,479
294651410101,124,2887,165,14805,324,157,480
294651421125,23,2687,48,1794,324,158,481
294651432100,132,2774,57,2242,325,158,482
294651443542,123,2830,41,776,326,158,483
294651454219,20,2724,46,763,326,159,484
294651465340,114,2939,338,32006,327,159,485
294651476325,147,2918,119,9757,328,159,486
294651487919,31,2820,47,2306,328,160,487
294651498457,102,2844,47,2343,329,160,488
294651510008,96,2970,202,14032,330,160,489
294651521105,21,2865,41,1981,330,161,490
294651532147,114,2763,98,7929,331,161,491
294651543098,99,2824,149,13025,332,161,492
294651554443,22,2745,45,2023,332,162,493
294651565428,114,2946,101,7189,333,162,494
294651576542,101,2891,175,15322,334,162,495
294651587648,17,2856,42,2111,334,163,496
294651599053,102,2865,112,7929,335,163,497
294651609767,129,2847,66,2708,336,163,498
294651621260,20,2698,44,1850,336,164,499
294651632256,108,2925,152,14561,337,164,500
294651643517,96,2752,96,7953,338,164,501
294651654242,18,2638,43,1991,338,165,502
294651665454,101,2922,104,6049,339,165,503
294651677163,100,2875,31,911,340,165,504
294651687410,17,2827,29,846,340,166,505
294651699057,106,2977,332,34658,341,166,506
294651709752,115,2839,189,17324,342,166,507
294651720985,16,2823,65,2449,342,167,508
294651732039,106,2763,95,7773,343,167,509
294651743224,96,2854,44,2264,344,167,510
294651754137,25,2632,39,1920,344,168,511
294651765628,104,2982,157,14509,345,168,512
294651776640,95,2730,121,2526,346,168,513
294651787805,16,2954,41,2048,346,169,514
294651798780,106,2782,48,2269,347,169,515
294651809840,97,2735,88,7230,348,169,516
294651820895,16,2816,40,1894,348,170,517
294651832042,101,2757,211,15088,349,170,518
294651843145,95,2821,91,7866,350,170,519
294651854338,39,2949,70,1818,350,171,520
294651865294,195,2923,53,2667,351,171,521
294651877270,105,2872,156,14686,352,171,522
294651887716,17,2710,42,2220,352,172,523
294651898931,97,2885,97,8162,353,172,524
294651909940,100,2892,188,15258,354,172,525
294651920749,18,2817,42,2196,354,173,526
294651932299,147,2812,51,1716,355,173,527
294651943088,101,2913,321,34711,356,173,528
294651954403,19,2707,59,3721,356,174,529
294651965481,159,2786,162,15790,357,174,530
294651976677,119,2920,101,7797,358,174,531
294651987820,18,2670,41,2034,358,175,532
294651998476,104,2941,59,2397,359,175,533
294652010106,101,2793,153,14742,360,175,534
294652020853,17,2838,39,2073,360,176,535
294652031950,99,2738,96,2362,361,176,536
294652043401,115,2776,58,2244,362,176,537
294652054180,17,2638,42,1991,362,177,538
294652065627,110,2903,91,7241,363,177,539
294652076351,102,2808,183,15285,364,177,540
294652087741,19,2802,45,2359,364,178,541
294652099145,102,2749,96,8035,365,178,542
294652109660,282,2733,66,2620,366,178,543
294652121281,28,2756,45,1821,366,179,544
294652131999,110,2743,154,14700,367,179,545
294652143401,103,2745,47,1746,368,179,546
294652154073,28,2615,33,802,368,180,547
294652165210,112,2862,305,32804,369,180,548
294652176456,100,2912,128,3689,370,180,549
294652187588,17,2780,41,2161,370,181,550
294652198502,107,2939,114,7218,371,181,551
294652210208,100,3066,179,14791,372,181,552
294652221138,20,2828,43,2169,372,182,553
294652232346,126,2748,102,7829,373,182,554
294652243003,102,2758,49,1980,374,182,555
294652254213,18,2635,42,1726,374,183,556
294652265265,115,2968,185,14409,375,183,557
294652276533,102,2741,51,2383,376,183,558
294652287631,25,2634,40,1820,376,184,559
294652298919,101,2844,45,2012,377,184,560
294652309848,104,2866,86,6780,378,184,561
294652321033,44,2647,40,1860,378,185,562
294652332492,110,2848,152,14873,379,185,563
294652342897,100,2855,93,7821,380,185,564
294652354211,22,2630,51,1879,380,186,565
294652365207,119,2745,61,2796,381,186,566
294652376613,108,2871,67,3108,382,186,567
294652387790,21,2636,32,814,382,187,568
294652398847,197,3035,46,805,383,187,569
294652409867,105,3022,334,32758,384,187,570
294652421059,25,2983,70,3614,384,188,571
294652432179,144,2774,76,2320,385,188,572
294652443234,124,2807,91,7028,386,188,573
294652454655,23,2703,47,1855,386,189,574
294652465397,120,2743,161,14519,387,189,575
294652476903,113,2759,102,7500,388,189,576
294652487521,19,2831,96,1760,388,190,577
294652498721,108,2818,49,2073,389,190,578
294652509847,110,2746,153,14306,390,190,579
294652521148,21,2654,48,1962,390,191,580
294652532203,132,2841,51,2276,391,191,581
294652543214,114,2897,47,2135,392,191,582
294652554670,20,2645,44,1928,392,192,583
294652565638,105,2871,87,6998,393,192,584
294652576831,104,2881,171,15117,394,192,585
294652587462,18,2712,43,2071,394,193,586
294652598713,181,2849,178,7664,395,193,587
294652609964,145,2812,63,2679,396,193,588
294652620880,21,2737,46,1816,396,194,589
294652632105,244,2755,158,14289,397,194,590
294652643190,159,2737,45,1721,398,194,591
294652654444,18,2698,31,716,398,195,592
294652665749,135,2940,321,32977,399,195,593
294652677015,123,2883,67,3641,400,195,594
294652687825,18,2639,54,2122,400,196,595
294652698752,114,2862,105,7269,401,196,596
294652709695,172,2697,154,14710,402,196,597
294652721078,20,2705,82,2134,402,197,598
294652732191,281,2817,96,7767,403,197,599
294652742906,115,2810,52,2241,404,197,600
294652754185,24,2766,44,1992,404,198,601
294652765597,111,2759,60,2649,405,198,602
294652776310,115,2758,179,14925,406,198,603
294652787556,18,2672,41,2050,406,199,604
294652798593,114,2940,53,2395,407,199,605
294652810160,99,2845,90,7055,408,199,606
294652821016,18,2721,41,1786,408,200,607
294652832078,102,2774,160,14456,409,200,608
294652843422,96,2816,339,37335,410,200,609
294652854673,23,2976,65,3665,410,201,610
294652865583,139,2773,58,3083,411,201,611
294652876638,111,2964,158,14807,412,201,612
294652887644,18,2791,49,2390,412,202,613
294652898783,112,2843,100,8274,413,202,614
294652909949,97,2933,158,15330,414,202,615
294652921160,20,2840,43,2087,414,203,616
294652932355,166,2779,52,2442,415,203,617
294652943225,100,2868,97,7203,416,203,618
294652954679,23,2739,44,1944,416,204,619
294652965358,107,2861,178,15262,417,204,620
294652976366,147,2888,95,7618,418,204,621
294652987670,17,2758,42,2005,418,205,622
294652998794,101,2859,52,2353,419,205,623
294653010036,101,2738,85,2533,420,205,624
294653021171,16,2719,41,2008,420,206,625
294653032138,104,2848,151,14788,421,206,626
294653043322,93,2757,56,2688,422,206,627
294653054119,24,2663,42,2140,422,207,628
294653065406,109,2930,85,6638,423,207,629
294653076302,105,3028,292,31066,424,207,630
294653087717,18,2710,57,3580,424,208,631
294653098598,104,2816,81,2687,425,208,632
294653109708,125,2759,58,2834,426,208,633
294653121123,18,2823,40,1815,426,209,634
294653132303,106,2840,182,14544,427,209,635
294653143268,99,2744,99,7935,428,209,636
294653154189,23,2684,67,1903,428,210,637
294653165624,129,2752,159,15024,429,210,638
294653176782,104,2770,55,2711,430,210,639
294653187830,20,2971,56,2137,430,211,640
294653198526,128,2862,100,7400,431,211,641
294653209961,109,2976,175,15427,432,211,642
294653220996,18,2726,46,2347,432,212,643
294653231969,108,2796,166,8146,433,212,644
294653243185,101,2746,150,14295,434,212,645
294653254461,25,2793,62,2348,434,213,646
294653265211,102,2834,99,8044,435,213,647
294653276587,110,2979,81,4057,436,213,648
294653287595,17,2696,31,819,436,214,649
294653298625,107,2860,31,782,437,214,650
294653309870,124,2924,328,33741,438,214,651
294653321220,17,2722,82,3706,438,215,652
294653331964,102,2855,51,2651,439,215,653
294653343240,97,2767,98,7624,440,215,654
294653354222,28,2625,50,1790,440,216,655
294653365296,149,2921,95,2677,441,216,656
294653376489,111,2903,225,13866,442,216,657
294653387590,21,2725,43,2032,442,217,658
294653398595,133,2763,100,7841,443,217,659
294653409633,139,2873,175,15014,444,217,660
294653421119,23,2645,50,2221,444,218,661
294653432266,110,2730,52,2540,445,218,662
294653443200,99,2770,97,7385,446,218,663
294653454382,18,2637,41,1841,446,219,664
294653465429,106,2880,159,15200,447,219,665
294653476863,104,2913,92,7089,448,219,666
294653487540,24,2732,42,1858,448,220,667
294653498859,126,2992,139,13623,449,220,668
294653509878,98,2954,322,31785,450,220,669
294653521202,15,2845,98,3918,450,221,670
294653532262,103,2785,100,8647,451,221,671
294653543297,124,2933,180,15319,452,221,672
294653554263,18,2604,71,2143,452,222,673
294653565640,103,2873,94,8119,453,222,674
294653576766,95,2786,156,15386,454,222,675
294653587456,25,2690,94,2318,454,223,676
294653598560,150,2733,43,1321,455,223,677
294653610711,168,2833,331,34790,456,223,678
294653620964,27,2975,68,3671,456,224,679
294653632335,118,2774,155,14722,457,224,680
294653643346,106,2787,101,7825,458,224,681
294653654524,52,2902,46,1916,458,225,682
294653665318,116,2901,158,14968,459,225,683
294653676477,111,3268,50,2329,460,225,684
294653687775,97,2774,48,1992,460,226,685
294653698752,117,2845,97,7304,461,226,686
294653709959,98,2766,173,15160,462,226,687
294653721509,171,2743,54,2106,462,227,688
294653732161,174,2792,51,1218,463,227,689
294653742869,142,2844,350,34817,464,227,690
294653753980,130,2761,62,3716,464,228,691
294653765669,166,2784,169,14811,465,228,692
294653776380,168,2769,101,7798,466,228,693
294653787411,124,2777,54,1883,466,229,694
294653798882,164,2767,187,14940,467,229,695
294653809869,115,2760,94,7532,468,229,696
294653821022,120,2748,49,1975,468,230,697
294653831787,126,3051,169,15507,469,230,698
294653843371,111,2862,101,7506,470,230,699
294653854332,181,2734,59,1838,470,231,700
294653865240,139,2757,53,2496,471,231,701
294653876677,121,2751,162,14400,472,231,702
294653887389,26,2680,55,2357,472,232,703
294653898554,133,2763,116,8240,473,232,704
294653909624,120,2760,186,15225,474,232,705
294653920830,29,2695,57,2270,474,233,706
294653931867,225,2722,149,2554,475,233,707
294653942963,229,2793,108,7320,476,233,708
294653954395,37,2795,60,1908,476,234,709
294653965391,348,2798,180,15345,477,234,710
294653976806,193,2804,109,7162,478,234,711
294653987781,32,2665,61,1854,478,235,712
294653998711,148,2750,153,14241,479,235,713
294654009960,109,2887,46,1464,480,235,714
294654020865,18,2868,28,716,480,236,715
294654032200,132,2982,385,34552,481,236,716
294654043135,105,2770,170,16621,482,236,717
294654054398,19,3647,50,2570,482,237,718
294654065231,105,3923,58,2466,483,237,719
294654076733,103,3936,61,2101,484,237,720
294654087680,91,3815,48,1923,484,238,721
294654099028,99,4013,97,7654,485,238,722
294654109694,131,4016,100,2565,486,238,723
294654122086,134,3957,46,1800,486,239,724
294654131904,96,3895,155,14399,487,239,725
294654143516,102,3935,92,7850,488,239,726
294654154764,165,4110,58,1826,488,240,727
294654165759,120,3863,158,14893,489,240,728
294654176171,137,3887,60,2535,490,240,729
294654188021,101,3980,50,2082,490,241,730
294654198988,99,3964,46,1291,491,241,731
294654210166,111,3900,42,703,492,241,732
294654221422,18,3550,31,703,492,242,733
294654232038,156,3981,435,34773,493,242,734
294654243067,277,3870,82,3880,494,242,735
294654254339,30,3927,84,2130,494,243,736
294654265485,148,3934,168,14407,495,243,737
294654276941,109,3962,106,7729,496,243,738
294654287584,18,3633,41,1936,496,244,739
294654298937,102,4016,126,12203,497,244,740
294654309788,104,4051,94,6985,498,244,741
294654321241,32,3608,44,1803,498,245,742
294654332191,103,3920,156,14994,499,245,743
294654343376,92,3978,93,7648,500,245,744
294654354659,23,3749,65,1876,500,246,745
294654365291,118,4113,52,2742,501,246,746
294654376898,106,3936,150,14676,502,246,747
294654387981,102,3927,52,2150,502,247,748
294654399398,233,4079,72,1457,503,247,749
294654409838,107,3962,40,681,504,247,750
294654421145,118,3933,40,682,504,248,751
294654432384,108,4038,340,33281,505,248,752
294654443024,97,3981,111,8936,506,248,753
294654454213,95,3847,55,2333,506,249,754
294654465819,117,4090,147,14616,507,249,755
294654476681,102,4082,100,7531,508,249,756
294654487735,87,3966,65,2057,508,250,757
294654498846,102,3901,55,2473,509,250,758
294654509627,99,3868,158,14453,510,250,759
294654521146,94,4003,52,2067,510,251,760
294654531881,102,3936,55,2345,511,251,761
294654542903,101,3850,54,2163,512,251,762
294654554314,88,3903,51,1916,512,252,763
294654565860,102,3941,109,7186,513,252,764
294654576344,125,3973,184,15128,514,252,765
294654587902,102,3892,63,2270,514,253,766
294654599088,110,4010,108,8011,515,253,767
294654609966,130,4002,61,2765,516,253,768
294654621316,100,4363,92,1797,516,254,769
294654632480,229,4101,156,14485,517,254,770
294654643299,115,3883,111,7036,518,254,771
294654654120,106,4601,44,935,518,255,772
294654665763,111,4051,88,5932,519,255,773
294654676302,112,4037,42,986,520,255,774
294654687640,91,3986,39,898,520,256,775
294654698658,101,4202,361,34505,521,256,776
294654710635,160,3923,274,17330,522,256,777
294654721237,91,4035,60,2556,522,257,778
294654732206,108,3991,101,7837,523,257,779
294654743021,102,3956,59,2389,524,257,780
294654755118,100,3981,58,2032,524,258,781
294654765567,105,3964,155,14734,525,258,782
294654776291,102,4000,58,2675,526,258,783
294654787815,118,4300,57,2040,526,259,784
294654799013,144,3855,51,2190,527,259,785
294654809549,107,4122,99,7270,528,259,786
294654821192,101,3967,52,1814,528,260,787
294654832311,105,3882,185,15178,529,260,788
294654842886,105,4032,100,7642,530,260,789
294654854105,119,3913,72,1867,530,261,790
294654866239,125,4318,74,4583,531,261,791
294654876700,107,4154,41,853,532,261,792
294654887634,88,4149,51,801,532,262,793
294654898887,111,4222,348,34775,533,262,794
294654909617,102,4297,191,16747,534,262,795
294654921026,91,4240,59,2594,534,263,796
294654932217,109,4099,60,2500,535,263,797
294654943136,172,4086,103,6934,536,263,798
294654954395,101,4204,56,1822,536,264,799
294654966182,158,4013,227,15062,537,264,800
294654976937,187,4086,101,7451,538,264,801
294654987980,99,4384,54,2029,538,265,802
294654999058,115,4122,56,2465,539,265,803
294655010051,114,4115,57,2516,540,265,804
294655020955,98,4222,52,1949,540,266,805
294655032265,102,4028,157,14813,541,266,806
294655042892,116,3934,57,2484,542,266,807
294655055057,111,4094,54,2016,542,267,808
294655065519,99,4208,42,1298,543,267,809
294655076702,114,4198,349,34458,544,267,810
294655087687,91,4192,64,3685,544,268,811
294655098844,103,4204,59,2601,545,268,812
294655110034,136,4235,59,2634,546,268,813
294655120597,94,4050,87,1765,546,269,814
294655132000,96,4164,164,14205,547,269,815
294655143563,98,4151,100,7572,548,269,816
294655153933,105,3881,58,1850,548,270,817
294655165368,131,4163,156,14851,549,270,818
294655176390,109,4223,69,2578,550,270,819
294655187672,22,4239,46,2163,550,271,820
294655198623,127,4037,96,7380,551,271,821
294655210069,100,4044,167,15386,552,271,822
294655220795,102,4270,56,2365,552,272,823
294655231883,105,4041,100,8006,553,272,824
294655243346,125,4138,174,14250,554,272,825
294655254495,18,3844,44,2056,554,273,826
294655265619,105,4512,88,6689,555,273,827
294655277054,111,4149,71,3738,556,273,828
294655287782,98,4333,39,813,556,274,829
294655298961,99,4356,46,759,557,274,830
294655309997,98,4351,303,33525,558,274,831
294655321144,94,4195,213,3703,558,275,832
294655332364,97,4260,55,2642,559,275,833
294655342878,106,4389,97,7653,560,275,834
294655354274,115,3970,64,1782,560,276,835
294655365784,121,4162,59,2515,561,276,836
294655376728,118,4201,188,13878,562,276,837
294655387635,93,4278,50,2028,562,277,838
294655399193,97,4157,97,7816,563,277,839
294655409658,105,4170,160,14950,564,277,840
294655421344,20,4183,53,2157,564,278,841
294655432009,105,4181,55,2534,565,278,842
294655443316,96,4178,89,6973,566,278,843
294655454403,18,3881,73,1903,566,279,844
294655465500,120,4140,186,15087,567,279,845
294655476699,121,4213,94,6922,568,279,846
294655487712,99,4248,52,1925,568,280,847
294655498611,93,4538,151,13930,569,280,848
294655509749,105,4234,45,1526,570,280,849
294655520916,88,4190,41,754,570,281,850
294655531967,96,4336,343,34685,571,281,851
294655543171,113,4412,182,16677,572,281,852
294655554394,89,4325,55,2451,572,282,853
294655565691,92,4129,89,7981,573,282,854
294655576357,97,4274,168,15269,574,282,855
294655587608,86,4290,53,2234,574,283,856
294655598772,99,4410,97,7922,575,283,857
294655609629,131,4160,63,2849,576,283,858
294655621422,106,4541,44,1852,576,284,859
294655632336,95,4364,165,14626,577,284,860
294655643419,106,4145,136,8116,578,284,861
294655654219,89,4199,56,1978,578,285,862
294655665529,104,4473,148,14858,579,285,863
294655676367,96,5952,56,1601,580,285,864
294655688290,94,7639,53,806,580,286,865
294655699096,290,5240,355,34781,581,286,866
294655709966,134,6174,184,17317,582,286,867
294655721171,95,9256,64,2524,582,287,868
294655732541,107,5275,99,7793,583,287,869
294655743415,94,7355,54,2313,584,287,870
294655754447,87,7100,51,1989,584,288,871
294655765776,95,5641,154,14508,585,288,872
294655776788,99,5829,104,8115,586,288,873
294655788090,87,7035,55,1909,586,289,874
294655798790,96,5088,135,12405,587,289,875
294655810011,104,5777,97,7195,588,289,876
294655821577,94,9038,52,1912,588,290,877
294655832184,91,5249,173,15075,589,290,878
294655843344,102,5632,101,7878,590,290,879
294655854890,99,7934,73,1908,590,291,880
294655865687,149,5071,62,2797,591,291,881
294655876967,123,5845,184,14697,592,291,882
294655888212,124,7772,67,2093,592,292,883
294655899186,119,5871,50,1476,593,292,884
294655910030,139,6631,431,32630,594,292,885
294655921349,97,9030,73,3539,594,293,886
294655932668,110,5517,52,2231,595,293,887
294655943464,101,7427,47,1362,596,293,888
294655954416,90,7619,42,684,596,294,889
294655965693,158,5502,312,32119,597,294,890
294655976769,117,6258,117,9393,598,294,891
294655987777,148,7341,58,2208,598,295,892
294655998696,113,5080,84,2333,599,295,893
294656009581,103,6905,154,13814,600,295,894
294656020874,23,9036,50,1933,600,296,895
294656032071,107,5347,46,2293,601,296,896
294656043047,102,8709,52,2220,602,296,897
294656054281,18,6543,77,1878,602,297,898
294656065547,163,5124,126,7115,603,297,899
294656076978,107,5478,157,15144,604,297,900
294656087855,19,7176,52,2188,604,298,901
294656098630,100,4972,96,7968,605,298,902
294656109833,128,6043,58,3284,606,298,903
294656120709,19,6964,67,1796,606,299,904
294656131912,104,5851,70,5216,607,299,905
294656143232,101,7216,37,809,608,299,906
294656154339,17,6415,36,772,608,300,907
294656165710,103,5559,343,32882,609,300,908
294656176871,137,6122,63,3661,610,300,909
294656187844,20,7403,53,2096,610,301,910
294656198986,115,5001,94,7042,611,301,911
294656209572,100,6836,191,14525,612,301,912
294656220714,20,6390,50,2189,612,302,913
294656232366,124,5185,89,7696,613,302,914
294656243481,97,8038,48,2037,614,302,915
294656254376,25,7181,45,1725,614,303,916
294656265345,119,4880,48,2402,615,303,917
294656276639,111,6066,161,14861,616,303,918
294656287607,17,7290,77,2232,616,304,919
294656299054,103,4997,55,2431,617,304,920
294656309583,98,6571,97,7280,618,304,921
294656320928,16,8866,55,1776,618,305,922
294656331960,123,5961,166,15067,619,305,923
294656343123,103,7766,47,1297,620,305,924
294656354489,24,7334,45,672,620,306,925
294656365121,128,5459,319,34683,621,306,926
294656376856,177,6231,169,16234,622,306,927
294656387318,19,6720,53,2519,622,307,928
294656399035,124,5470,92,7959,623,307,929
294656410057,100,6766,189,15087,624,307,930
294656421210,19,9029,99,2090,624,308,931
294656432242,131,4962,46,2376,625,308,932
294656443201,105,8161,94,7254,626,308,933
294656454468,18,7198,46,1813,626,309,934
294656465589,104,5097,162,15246,627,309,935
294656476313,99,6516,101,7542,628,309,936
294656487910,16,7294,47,2022,628,310,937
294656498647,99,5254,136,13475,629,310,938
294656509919,100,5753,97,7621,630,310,939
294656521146,16,8643,46,1925,630,311,940
294656532134,98,5906,83,5991,631,311,941
294656543762,133,6089,381,32795,632,311,942
294656554271,19,6481,68,3554,632,312,943
294656565570,111,5502,44,2264,633,312,944
294656576655,164,6478,46,1921,634,312,945
294656587611,19,6784,50,1716,634,313,946
294656598554,108,5006,100,7716,635,313,947
294656609873,121,6311,61,2560,636,313,948
294656620959,21,6265,47,1717,636,314,949
294656632093,140,5394,147,13958,637,314,950
294656643318,94,8079,93,7700,638,314,951
294656654416,22,7260,48,1799,638,315,952
294656665490,108,5230,151,14755,639,315,953
294656676602,108,6708,50,2395,640,315,954
294656687713,18,7045,52,1945,640,316,955
294656698796,113,4913,102,7101,641,316,956
294656709845,104,6118,169,15437,642,316,957
294656721008,18,8467,52,1999,642,317,958
294656732040,116,5637,113,8409,643,317,959
294656743012,98,8009,144,13846,644,317,960
294656754510,29,7134,48,1227,644,318,961
294656765671,117,5539,341,31543,645,318,962
294656776990,123,6054,118,9803,646,318,963
294656788169,92,7979,64,2402,646,319,964
294656798920,103,5310,162,15233,647,319,965
294656809888,104,6561,128,7468,648,319,966
294656820663,19,6223,50,1971,648,320,967
294656832679,118,5465,164,15363,649,320,968
294656843433,104,8050,100,7520,650,320,969
294656854446,23,6119,52,1964,650,321,970
294656865974,143,5647,59,2883,651,321,971
294656876550,96,6265,169,14432,652,321,972
294656887804,18,7375,53,2327,652,322,973
294656898827,99,5109,96,8283,653,322,974
294656909908,95,6182,164,15340,654,322,975
294656921270,92,9222,59,2233,654,323,976
294656932235,112,5374,50,2483,655,323,977
294656943300,98,7589,93,7397,656,323,978
294656954541,101,7706,57,1901,656,324,979
294656965668,92,5713,168,15465,657,324,980
294656976738,96,5924,103,6296,658,324,981
294656988042,132,8035,46,884,658,325,982
294656998813,96,5477,303,31325,659,325,983
294657010036,104,6609,175,16549,660,325,984
294657021352,92,8754,63,2824,660,326,985
294657032082,93,5398,104,8561,661,326,986
294657043211,105,7729,166,15481,662,326,987
294657054239,94,7614,55,2079,662,327,988
294657065573,110,5407,112,8144,663,327,989
294657076646,103,6479,157,15391,664,327,990
294657087834,91,7237,202,2436,664,328,991
294657099163,119,6445,146,8136,665,328,992
294657109847,134,6438,59,2826,666,328,993
294657121196,130,8799,60,1970,666,329,994
294657132410,110,5307,157,14859,667,329,995
294657143002,110,7449,106,8468,668,329,996
294657154598,98,7888,58,2103,668,330,997
294657165958,114,5390,176,15270,669,330,998
294657176515,100,5911,69,2617,670,330,999
294657187923,91,7818,57,2104,670,331,1000
294657198702,97,5376,96,7478,671,331,1001
294657209894,100,6423,161,15168,672,331,1002
294657221063,18,8516,53,1603,672,332,1003
294657232266,111,5798,263,26999,673,332,1004
294657243451,102,6273,48,1945,674,332,1005
294657254168,18,6457,47,1620,674,333,1006
294657265507,108,5458,164,14375,675,333,1007
294657276404,114,6864,97,7904,676,333,1008
294657287875,89,7905,56,1712,676,334,1009
294657299015,101,5330,155,14887,677,334,1010
294657310235,102,6073,98,7460,678,334,1011
294657321634,92,8368,55,1641,678,335,1012
294657332559,112,5398,163,15342,679,335,1013
294657343471,97,7072,111,7665,680,335,1014
294657355151,179,8229,76,1636,680,336,1015
294657366221,194,5324,91,1909,681,336,1016
294657376985,160,5689,180,15183,682,336,1017
294657388534,120,7316,65,2049,682,337,1018
294657399019,114,5125,101,7914,683,337,1019
294657410040,108,6204,168,15023,684,337,1020
294657421486,97,8609,61,2001,684,338,1021
294657432695,104,5274,55,2319,685,338,1022
294657443909,131,6468,101,7116,686,338,1023
294657454813,137,7544,59,1746,686,339,1024
294657465568,144,5853,164,15242,687,339,1025
294657476775,106,6007,94,5846,688,339,1026
294657488531,92,7725,43,869,688,340,1027
294657499097,91,5807,300,32019,689,340,1028
294657510410,112,6121,174,16448,690,340,1029
294657521731,90,8014,61,2682,690,341,1030
294657532425,95,5394,106,8291,691,341,1031
294657543528,118,6731,166,15231,692,341,1032
294657554977,108,7625,69,2193,692,342,1033
294657565368,98,5392,102,8246,693,342,1034
294657576890,108,6141,166,15538,694,342,1035
294657587637,17,6448,42,2224,694,343,1036
294657598957,119,5018,103,7877,695,343,1037
294657609925,126,6101,68,2310,696,343,1038
294657620671,29,8772,51,1983,696,344,1039
294657632288,116,5293,164,15291,697,344,1040
294657643157,232,6988,103,8116,698,344,1041
294657654231,20,7059,57,1999,698,345,1042
294657665472,118,5032,166,15134,699,345,1043
294657676155,94,5742,53,2730,700,345,1044
294657687339,17,7173,47,2173,700,346,1045
294657698589,119,5672,97,7554,701,346,1046
294657709937,112,5876,40,1431,702,346,1047
294657721199,87,11298,52,842,702,347,1048
294657744262,128,5815,297,31551,703,347,1049
294657755402,98,7836,73,3668,703,348,1050
294657766869,100,5522,158,15161,704,348,1051
294657777752,99,5582,105,8463,705,348,1052
294657788794,88,7731,65,1993,705,349,1053
294657799631,122,6062,168,12647,706,349,1054
294657811143,111,5725,100,7345,707,349,1055
294657821812,114,7797,53,1943,707,350,1056
294657833380,98,5277,195,15248,708,350,1057
294657845106,174,5729,109,7925,709,350,1058
294657855172,106,8375,69,2009,709,351,1059
294657866577,157,5141,59,2266,710,351,1060
294657877607,126,5047,171,15322,711,351,1061
294657888390,99,7587,65,2374,711,352,1062
294657899871,107,5045,104,8076,712,352,1063
294657910915,101,4921,162,15010,713,352,1064
294657921572,97,8581,66,2175,713,353,1065
294657933361,119,5042,62,1813,714,353,1066
294657944379,111,5082,41,1076,715,353,1067
294657955235,20,7329,46,657,715,354,1068
294657966555,108,6041,365,32109,716,354,1069
294657977505,112,5529,114,9354,717,354,1070
294657988992,19,7368,64,2210,717,355,1071
294657999465,174,8470,59,2308,718,355,1072
294658010609,142,5611,153,13836,719,355,1073
294658021825,24,7320,68,1990,719,356,1074
294658033222,129,5458,100,7800,720,356,1075
294658043930,107,6810,144,12951,721,356,1076
294658055285,21,6874,54,2110,721,357,1077
294658066735,155,5524,100,7223,722,357,1078
294658077597,116,5501,168,15448,723,357,1079
294658088958,20,6899,58,2146,723,358,1080
294658099789,122,5073,102,7901,724,358,1081
294658110586,116,5721,62,2161,725,358,1082
294658122121,29,7347,80,1867,725,359,1083
294658133151,116,5283,190,15235,726,359,1084
294658144108,132,6524,104,7936,727,359,1085
294658155280,104,7641,59,1809,727,360,1086
294658166502,153,5141,160,15041,728,360,1087
294658177593,113,5155,68,1548,729,360,1088
294658188710,94,7945,55,722,729,361,1089
294658199996,96,8071,353,34911,730,361,1090
294658210782,103,5685,170,17198,731,361,1091
294658221938,19,7437,53,2338,731,362,1092
294658233122,116,5680,91,7620,732,362,1093
294658243969,104,6383,63,2296,733,362,1094
294658255439,106,7947,50,1938,733,363,1095
294658266685,100,5416,155,14284,734,363,1096
294658277522,113,5648,96,7860,735,363,1097
294658288470,18,7258,53,1905,735,364,1098
294658299665,102,5316,130,12325,736,364,1099
294658310670,100,5641,96,7123,737,364,1100
294658321754,17,7520,46,1952,737,365,1101
294658332729,221,5219,154,15058,738,365,1102
294658344095,103,6698,98,7807,739,365,1103
294658355148,17,7972,58,1913,739,366,1104
294658366362,131,5298,46,2216,740,366,1105
294658377453,106,5385,159,15306,741,366,1106
294658388546,18,7428,45,2057,741,367,1107
294658399564,100,5135,91,7980,742,367,1108
294658410537,114,5352,172,15091,743,367,1109
294658421622,26,7568,62,2413,743,368,1110
294658433122,118,5193,51,2585,744,368,1111
294658443952,102,6345,46,1359,745,368,1112
294658455462,18,7139,43,716,745,369,1113
294658466273,118,6078,29,715,746,369,1114
294658477389,101,5765,342,35090,747,369,1115
294658488551,17,7450,70,3706,747,370,1116
294658499557,100,5940,63,2432,748,370,1117
294658510558,100,5839,166,14452,749,370,1118
294658521861,16,7262,50,2106,749,371,1119
294658533155,100,5622,92,7710,750,371,1120
294658543933,101,6733,149,13051,751,371,1121
294658555363,23,7318,48,2246,751,372,1122
294658566107,104,5555,92,7418,752,372,1123
294658577294,106,5503,175,15535,753,372,1124
294658588343,18,6432,53,2192,753,373,1125
294658599442,107,4999,113,7883,754,373,1126
294658610807,161,5533,74,3373,755,373,1127
294658621937,28,7358,64,1981,755,374,1128
294658632955,161,5303,199,14542,756,374,1129
294658643910,180,5211,119,7938,757,374,1130
294658655030,22,7300,52,1835,757,375,1131
294658666355,125,5055,158,15026,758,375,1132
294658677418,113,4996,44,1807,759,375,1133
294658688218,17,7333,42,1017,759,376,1134
294658699886,120,7715,45,1061,760,376,1135
294658710547,130,5783,318,32338,761,376,1136
294658721562,22,7458,69,3546,761,377,1137
294658732825,125,5327,96,7948,762,377,1138
294658743917,154,6170,56,2288,763,377,1139
294658754943,21,7384,45,1943,763,378,1140
294658766338,109,5550,148,13727,764,378,1141
294658777400,159,5611,92,7741,765,378,1142
294658788490,18,7380,49,1752,765,379,1143
294658799641,115,5295,128,12163,766,379,1144
294658810367,105,6322,87,6922,767,379,1145
294658821997,19,7153,52,1789,767,380,1146
294658832992,103,5640,170,15118,768,380,1147
294658843877,111,6343,98,7687,769,380,1148
294658855274,24,7692,60,1806,769,381,1149
294658866517,154,5376,90,4519,770,381,1150
294658877603,109,4957,345,34794,771,381,1151
294658888422,20,7322,69,3729,771,382,1152
294658899674,124,5192,98,7993,772,382,1153
294658910379,114,5211,150,13586,773,382,1154
294658922120,20,7161,51,2011,773,383,1155
294658932881,127,5668,78,1417,774,383,1156
294658943905,162,5922,40,1189,775,383,1157
294658955081,17,7377,35,642,775,384,1158
294658966427,103,6194,338,31879,776,384,1159
294658977433,102,5927,109,9382,777,384,1160
294658988727,17,7382,52,2248,777,385,1161
294658999586,164,8006,48,2366,778,385,1162
294659010525,96,5900,149,13774,779,385,1163
294659021809,17,7231,49,1918,779,386,1164
294659032982,104,5475,89,7706,780,386,1165
294659043833,106,6931,157,12878,781,386,1166
294659055016,17,7146,44,1927,781,387,1167
294659066033,106,5578,86,7023,782,387,1168
294659077095,122,5553,159,15298,783,387,1169
294659088796,17,6870,49,2241,783,388,1170
294659099543,103,5072,91,7958,784,388,1171
294659110484,269,5746,60,2086,785,388,1172
294659121806,22,7275,49,1839,785,389,1173
294659132954,112,5436,153,15119,786,389,1174
294659143983,111,6313,111,8046,787,389,1175
294659154990,21,7231,49,1809,787,390,1176
294659166211,114,4937,184,14843,788,390,1177
294659177383,105,5070,52,1989,789,390,1178
294659188202,18,7292,45,1421,789,391,1179
294659199510,101,6168,40,1606,790,391,1180
294659210522,96,5850,317,32196,791,391,1181
294659222130,18,7332,63,3532,791,392,1182
294659232907,102,5555,103,7982,792,392,1183
294659244142,97,6028,47,2331,793,392,1184
294659255166,19,7496,67,1950,793,393,1185
294659266508,148,5475,139,13727,794,393,1186
294659277541,101,5287,92,7780,795,393,1187
294659288650,18,7245,48,1745,795,394,1188
294659299746,101,7510,148,14677,796,394,1189
294659310426,97,6071,94,7095,797,394,1190
294659321945,18,7052,47,1893,797,395,1191
294659332868,106,5517,153,15220,798,395,1192
294659343791,94,5532,122,7599,799,395,1193
294659354981,18,7854,57,1785,799,396,1194
294659366790,136,5266,50,2067,800,396,1195
294659377907,120,4941,164,15134,801,396,1196
294659388925,132,7914,60,2264,801,397,1197
294659399989,108,7661,105,8254,802,397,1198
294659410742,106,5449,167,15048,803,397,1199
294659422136,103,7724,66,2369,803,398,1200
294659433013,135,5184,98,2469,804,398,1201
294659443947,117,5894,46,1274,805,398,1202
294659455128,93,7922,56,641,805,399,1203
294659466104,107,5882,302,32186,806,399,1204
294659477455,113,5428,116,9320,807,399,1205
294659488805,23,7234,48,2222,807,400,1206
294659499857,98,7675,71,2372,808,400,1207
294659510686,97,5357,143,13767,809,400,1208
294659521938,17,7304,85,1948,809,401,1209
294659533101,102,5451,91,7772,810,401,1210
294659543984,100,5600,140,12825,811,401,1211
294659555188,90,7212,53,1891,811,402,1212
294659566696,100,5286,92,6931,812,402,1213
294659577618,95,5363,200,15345,813,402,1214
294659588859,92,7706,63,2311,813,403,1215
294659599640,95,7719,111,8064,814,403,1216
294659610962,280,5174,96,1991,815,403,1217
294659622371,123,7456,54,1767,815,404,1218
294659632993,105,5002,159,15124,816,404,1219
294659644014,107,5785,54,1720,817,404,1220
294659655422,103,7691,43,724,817,405,1221
294659667600,143,5517,331,32786,818,405,1222
294659677597,101,5300,68,3667,819,405,1223
294659689182,92,7534,55,2115,819,406,1224
294659700171,94,7343,143,7206,820,406,1225
294659710754,134,5539,155,14671,821,406,1226
294659722285,97,7303,53,2119,821,407,1227
294659732933,88,5522,91,7757,822,407,1228
294659744114,106,6321,78,2196,823,407,1229
294659758440,140,7127,169,14467,824,407,1230
294659766615,17,4357,40,2122,824,408,1231
294659777495,103,5137,53,2481,825,408,1232
294659788355,17,6956,44,2114,825,409,1233
294659799623,102,8061,53,2350,826,409,1234
294659810523,111,5254,99,7167,827,409,1235
294659821495,18,7115,47,1874,827,410,1236
294659833386,103,5141,159,15087,828,410,1237
294659843970,106,6214,95,7733,829,410,1238
294659854986,19,7829,59,1842,829,411,1239
294659866017,145,5380,45,2129,830,411,1240
294659877386,104,5262,151,14128,831,411,1241
294659888179,18,7414,51,1637,831,412,1242
294659899780,114,5629,40,1894,832,412,1243
294659910572,105,5959,303,32685,833,412,1244
294659921983,17,7374,79,3535,833,413,1245
294659932963,101,5599,43,2245,834,413,1246
294659944243,110,5907,96,7078,835,413,1247
294659955405,99,7765,55,1904,835,414,1248
294659966886,104,5449,165,14459,836,414,1249
294659978212,146,4831,100,7514,837,414,1250
294659989133,94,7848,58,2056,837,415,1251
294660000223,152,6262,104,2420,838,415,1252
294660011200,132,5296,163,14494,839,415,1253
294660022782,114,8033,60,2191,839,416,1254
294660033707,104,5321,102,8010,840,416,1255
294660044724,112,5452,159,13070,841,416,1256
294660055709,94,7522,60,1992,841,417,1257
294660066565,113,5526,95,7034,842,417,1258
294660078168,107,5403,170,15316,843,417,1259
294660089432,89,7341,64,2083,843,418,1260
294660099998,113,7414,161,7884,844,418,1261
294660111637,133,5261,61,2196,845,418,1262
294660122451,104,9165,61,1896,845,419,1263
294660133485,105,5187,182,15073,846,419,1264
294660144898,109,5542,128,7998,847,419,1265
294660156079,90,7493,57,1876,847,420,1266
294660166911,140,4833,150,12473,848,420,1267
294660177958,113,4989,98,1205,849,420,1268
294660189186,101,8025,46,737,849,421,1269
294660199972,126,7218,459,34904,850,421,1270
294660211000,103,5358,182,17431,851,421,1271
294660222166,94,8080,64,2402,851,422,1272
294660233051,102,5787,101,7721,852,422,1273
294660243997,96,6009,43,2125,853,422,1274
294660255305,90,8068,77,1836,853,423,1275
294660266480,115,5277,195,14286,854,423,1276
294660277567,209,5278,111,7896,855,423,1277
294660288676,145,7622,84,1929,855,424,1278
294660299880,140,6831,138,12337,856,424,1279
294660310952,109,5565,124,7148,857,424,1280
294660322209,98,7647,75,1865,857,425,1281
294660333217,97,5698,162,15179,858,425,1282
294660344403,112,5314,114,7770,859,425,1283
294660355685,95,7958,126,1878,859,426,1284
294660366879,132,5551,48,2135,860,426,1285
294660377517,127,5234,169,15226,861,426,1286
294660388852,122,8220,64,2161,861,427,1287
294660399609,107,7649,358,8060,862,427,1288
294660410839,111,5303,168,15068,863,427,1289
294660422521,99,7478,63,2267,863,428,1290
294660433243,143,4944,55,2316,864,428,1291
294660443787,128,5940,47,1287,865,428,1292
294660455298,93,7942,93,688,865,429,1293
294660466767,114,5985,318,32085,866,429,1294
294660477754,117,5435,116,9375,867,429,1295
294660488713,106,7640,63,2267,867,430,1296
294660500003,102,7159,56,2413,868,430,1297
294660510789,100,5541,150,13803,869,430,1298
294660522033,86,7530,76,1974,869,431,1299
294660533150,110,5317,98,7851,870,431,1300
294660544337,132,5689,147,13025,871,431,1301
294660555105,99,7952,75,1953,871,432,1302
294660566635,101,5602,94,7055,872,432,1303
294660577461,91,5590,167,15320,873,432,1304
294660588681,36,6915,54,2098,873,433,1305
294660600102,119,5506,141,7836,874,433,1306
294660610482,153,5911,63,2148,875,433,1307
294660621648,25,7526,54,1889,875,434,1308
294660633252,128,5036,163,15273,876,434,1309
294660643951,122,6028,108,8124,877,434,1310
294660655342,18,7240,47,1822,877,435,1311
294660666023,111,5196,163,14987,878,435,1312
294660677080,98,5566,51,2429,879,435,1313
294660688435,92,7799,75,1944,879,436,1314
294660699760,96,7031,60,1313,880,436,1315
294660711034,176,4824,59,664,881,436,1316
294660721609,18,7263,59,664,881,437,1317
294660733169,106,5633,349,35089,882,437,1318
294660743880,109,5743,102,4084,883,437,1319
294660755670,96,7705,75,2165,883,438,1320
294660766251,101,5469,153,14352,884,438,1321
294660777359,157,5533,99,7612,885,438,1322
294660788947,89,7963,60,2024,885,439,1323
294660799589,107,6968,154,14923,886,439,1324
294660810975,155,5433,104,7293,887,439,1325
294660822000,98,7606,56,1912,887,440,1326
294660832995,108,5493,159,15167,888,440,1327
294660844206,106,5507,100,7693,889,440,1328
294660855096,18,7453,59,1890,889,441,1329
294660866633,145,5303,50,2206,890,441,1330
294660877218,103,5451,160,15152,891,441,1331
294660888553,89,7856,150,2018,891,442,1332
294660899860,177,6963,106,7842,892,442,1333
294660910822,111,5238,166,15090,893,442,1334
294660922090,105,7763,79,2248,893,443,1335
294660932776,98,5158,50,2537,894,443,1336
294660944168,103,5407,45,1367,895,443,1337
294660955143,106,7972,66,695,895,444,1338
294660966624,101,6119,323,32332,896,444,1339
294660977378,102,5606,115,9407,897,444,1340
294660988783,18,7560,68,2187,897,445,1341
294660999775,101,6794,41,2255,898,445,1342
294661010719,142,5667,178,13851,899,445,1343
294661021943,18,7663,48,1940,899,446,1344
294661033110,104,5373,90,7676,900,446,1345
294661043828,127,6156,140,12826,901,446,1346
294661055236,23,6976,47,1951,901,447,1347
294661066777,113,12179,128,6982,902,447,1348
294661090471,167,17120,362,15440,903,447,1349
294661119568,164,17435,115,7365,904,447,1350
294661149081,129,9125,88,4576,905,447,1351
294661159800,134,14415,53,854,906,447,1352
294661186132,134,14832,327,33656,907,447,1353
294661212809,127,10459,65,4198,908,447,1354
294661234523,122,16029,137,7809,909,447,1355
294661262294,121,10781,264,13374,910,447,1356
294661284710,148,5793,47,2236,911,447,1357
294661295623,113,5482,46,2265,912,447,1358
294661306596,19,6732,54,1989,912,448,1359
294661318695,376,9623,117,7440,913,448,1360
294661329464,115,5596,159,15076,914,448,1361
294661340055,18,9072,50,2085,914,449,1362
294661351162,106,5153,93,7638,915,449,1363
294661362361,151,5410,56,2324,916,449,1364
294661373814,29,7985,48,1917,916,450,1365
294661384898,144,5245,150,13803,917,450,1366
294661395873,133,5672,71,1535,918,450,1367
294661406772,22,7275,42,721,918,451,1368
294661417756,134,5097,334,32745,919,451,1369
294661429124,132,5162,56,1644,920,451,1370
294661440147,21,7516,45,711,920,452,1371
294661451381,108,6059,355,34534,921,452,1372
294661462371,112,4994,172,17211,922,452,1373
294661473596,17,8047,111,2532,922,453,1374
294661484771,137,5635,122,7704,923,453,1375
294661496085,115,5845,51,2231,924,453,1376
294661507178,21,8097,54,1937,924,454,1377
294661518110,108,5531,48,2586,925,454,1378
294661529384,107,5803,155,14895,926,454,1379
294661540573,17,7653,50,2280,926,455,1380
294661551244,103,5454,68,2468,927,455,1381
294661562449,101,5267,88,7250,928,455,1382
294661573518,85,8571,58,1945,928,456,1383
294661584757,110,5209,81,4203,929,456,1384
294661595416,101,4997,404,34715,930,456,1385
294661606694,21,8730,146,3702,930,457,1386
294661618182,142,5077,65,3028,931,457,1387
294661628993,118,5645,193,14481,932,457,1388
294661640119,19,9562,51,2105,932,458,1389
294661651499,111,5950,93,7676,933,458,1390
294661662538,103,5217,163,14998,934,458,1391
294661673688,20,7878,61,2178,934,459,1392
294661684799,104,5492,46,2399,935,459,1393
294661695634,98,5089,90,7226,936,459,1394
294661706887,20,7373,64,1797,936,460,1395
294661718084,104,5381,160,14994,937,460,1396
294661729423,117,5613,110,7473,938,460,1397
294661740075,18,6738,44,1929,938,461,1398
294661751392,105,5574,72,2271,939,461,1399
294661762332,98,5284,49,2462,940,461,1400
294661773602,125,7744,58,1947,940,462,1401
294661784718,193,5240,149,14493,941,462,1402
294661795878,101,5778,71,2625,942,462,1403
294661807381,186,7929,63,2053,942,463,1404
294661818176,22,4909,49,2052,942,464,1405
294661829169,112,5509,108,7457,943,464,1406
294661840343,93,8494,71,1861,943,465,1407
294661851356,92,5215,69,2343,944,465,1408
294661862445,138,7811,51,1964,945,465,1409
294661873757,26,8907,55,1777,945,466,1410
294661885077,137,5860,268,15079,946,466,1411
294661895851,103,5045,95,8008,947,466,1412
294661907121,24,8028,49,2036,947,467,1413
294661917977,99,5129,156,15097,948,467,1414
294661929203,118,5185,101,2917,949,467,1415
294661940294,17,8744,60,2200,949,468,1416
294661951366,108,5317,91,7417,950,468,1417
294661962220,97,5562,158,15498,951,468,1418
294661973573,17,7769,56,2426,951,469,1419
294661984946,162,5772,127,8303,952,469,1420
294661995639,134,5707,151,14189,953,469,1421
294662007261,18,7615,59,2249,953,470,1422
294662018194,161,5417,107,7830,954,470,1423
294662029348,111,5686,157,14826,955,470,1424
294662040416,89,8470,58,2223,955,471,1425
294662051230,23,4855,50,2041,955,472,1426
294662062340,191,5523,47,1714,956,472,1427
294662073420,30,7509,48,742,956,473,1428
294662084699,129,4987,364,34848,957,473,1429
294662095936,130,5054,110,5635,958,473,1430
294662106854,115,8845,90,2159,958,474,1431
294662118388,153,10241,65,2831,959,474,1432
294662140503,131,8890,154,14330,960,474,1433
294662151698,18,4975,58,2075,960,475,1434
294662162390,111,5346,85,2383,961,475,1435
294662173393,91,8692,57,1947,961,476,1436
294662184922,99,5303,59,2201,962,476,1437
294662196027,102,4966,94,7158,963,476,1438
294662206871,18,7332,46,1869,963,477,1439
294662218072,109,5260,171,15013,964,477,1440
294662229217,117,5728,94,7814,965,477,1441
294662240637,18,8102,48,2005,965,478,1442
294662251307,123,5187,47,2317,966,478,1443
294662262250,101,5558,71,2415,967,478,1444
294662273649,20,8317,56,1892,967,479,1445
294662284711,114,5397,150,14816,968,479,1446
294662295730,114,5201,55,2327,969,479,1447
294662307330,367,8419,65,1865,969,480,1448
294662318017,27,4789,48,1853,969,481,1449
294662329444,126,5478,185,17020,970,481,1450
294662340137,24,7479,51,2158,970,482,1451
294662351749,123,5271,66,2457,971,482,1452
294662362560,126,5252,80,2595,972,482,1453
294662373708,21,9043,54,1794,972,483,1454
294662385605,128,5354,160,14445,973,483,1455
294662395980,103,5167,103,7971,974,483,1456
294662407095,95,8813,58,1978,974,484,1457
294662418104,107,6057,165,14999,975,484,1458
294662429252,108,5156,66,2385,976,484,1459
294662440376,93,9284,104,2031,976,485,1460
294662451658,18,4761,63,2014,976,486,1461
294662463063,133,5755,47,2173,977,486,1462
294662473636,17,7819,49,1958,977,487,1463
294662484853,116,5682,171,7756,978,487,1464
294662495923,101,5478,151,14058,979,487,1465
294662506985,17,8073,56,2107,979,488,1466
294662517893,116,4750,95,7899,980,488,1467
294662529200,121,5739,152,14795,981,488,1468
294662541168,162,7695,57,1382,981,489,1469
294662551772,17,4788,51,1368,981,490,1470
294662562530,115,5041,264,21593,982,490,1471
294662573420,18,7491,48,1890,982,491,1472
294662584866,149,5941,50,1884,983,491,1473
294662596516,101,5133,92,7264,984,491,1474
294662607194,129,8629,61,1624,984,492,1475
294662618124,21,9091,58,1608,984,493,1476
294662629539,132,5305,156,13874,985,493,1477
294662640732,139,10342,77,1845,985,494,1478
294662662905,112,5054,44,2119,986,494,1479
294662673657,20,7882,54,1766,986,495,1480
294662685111,119,5663,49,1938,987,495,1481
294662696588,114,5614,121,7007,988,495,1482
294662707038,23,7702,54,1749,988,496,1483
294662718233,118,5186,151,14697,989,496,1484
294662729573,114,5901,92,6977,990,496,1485
294662740596,19,7850,50,1346,990,497,1486
294662751774,112,4967,74,5518,991,497,1487
294662762552,108,5669,356,35497,992,497,1488
294662773743,18,8717,66,3740,992,498,1489
294662784926,110,4850,92,8043,993,498,1490
294662796201,103,4993,149,13846,994,498,1491
294662807286,16,8852,52,2233,994,499,1492
294662818288,116,10333,57,2339,995,499,1493
294662829538,101,5095,46,2288,996,499,1494
294662840644,19,7999,55,1809,996,500,1495
294662851947,107,5737,118,7845,997,500,1496
294662862586,128,5216,53,2786,998,500,1497
294662873866,19,8176,49,1923,998,501,1498
294662884997,137,5694,147,14340,999,501,1499
294662896620,119,5470,95,7768,1000,501,1500
294662907050,17,8096,47,2021,1000,502,1501
294662918251,117,9385,200,14911,1001,502,1502
294662929186,124,5592,53,2626,1002,502,1503
294662940461,106,8071,81,2042,1002,503,1504
294662951679,103,5179,121,7488,1003,503,1505
294662962548,107,5151,166,15310,1004,503,1506
294662973445,93,9104,125,1998,1004,504,1507
294662985037,109,5207,61,1184,1005,504,1508
294662996020,106,5230,349,34935,1006,504,1509
294663008028,105,8025,73,3713,1006,505,1510
294663018391,18,4423,61,2175,1006,506,1511
294663029893,161,5132,64,2513,1007,506,1512
294663040405,20,9324,56,1768,1007,507,1513
294663051566,121,5921,151,14688,1008,507,1514
294663062812,112,5096,120,7168,1009,507,1515
294663073809,19,8299,57,1847,1009,508,1516
294663084884,144,5625,194,15130,1010,508,1517
294663096041,104,5027,93,7772,1011,508,1518
294663107342,21,7938,55,1895,1011,509,1519
294663118105,117,5611,70,3014,1012,509,1520
294663129145,127,5775,225,14580,1013,509,1521
294663140367,23,8396,50,2190,1013,510,1522
294663151936,112,5519,164,8090,1014,510,1523
294663162531,109,5815,159,15033,1015,510,1524
294663174069,51,7577,76,2337,1015,511,1525
294663184754,150,5192,48,2580,1016,511,1526
294663196117,109,5853,84,6708,1017,511,1527
294663207455,18,8593,57,1384,1017,512,1528
294663218548,123,9079,102,4581,1018,512,1529
294663229622,111,5560,344,35148,1019,512,1530
294663240881,104,8235,79,3707,1019,513,1531
294663251953,148,5170,93,2407,1020,513,1532
294663262505,114,5016,290,14457,1021,513,1533
294663274038,22,8943,64,2112,1021,514,1534
294663285025,211,5641,97,7664,1022,514,1535
294663296585,110,5265,178,15044,1023,514,1536
294663307008,19,8083,57,2188,1023,515,1537
294663318192,154,10108,111,8183,1024,515,1538
294663329311,110,5224,154,15329,1025,515,1539
294663340276,23,8662,59,2150,1025,516,1540
294663351517,119,5884,229,7803,1026,516,1541
294663362634,134,5220,60,2900,1027,516,1542
294663373971,19,8319,62,1942,1027,517,1543
294663385053,118,5517,227,14551,1028,517,1544
294663396071,104,5894,96,7917,1029,517,1545
294663407207,20,8382,50,1991,1029,518,1546
294663418428,110,8761,237,15065,1030,518,1547
294663429502,288,5753,107,2509,1031,518,1548
294663440238,20,8210,57,2081,1031,519,1549
294663451764,121,5231,92,7635,1032,519,1550
294663462474,106,5709,168,15328,1033,519,1551
294663473903,20,8126,58,2227,1033,520,1552
294663484828,257,5266,38,1156,1034,520,1553
294663495936,116,5002,364,35132,1035,520,1554
294663507149,19,8557,70,3748,1035,521,1555
294663518091,294,9878,180,14708,1036,521,1556
294663529643,125,5139,96,7871,1037,521,1557
294663540471,19,8091,58,1919,1037,522,1558
294663551754,99,5304,152,15035,1038,522,1559
294663562577,107,5263,105,7559,1039,522,1560
294663573792,22,7824,72,2026,1039,523,1561
294663584977,122,5716,162,15467,1040,523,1562
294663596051,101,5842,95,7733,1041,523,1563
294663607326,326,7605,71,1882,1041,524,1564
294663618479,135,5416,104,2546,1042,524,1565
294663629400,141,5458,167,14508,1043,524,1566
294663640288,19,8275,71,2442,1043,525,1567
294663651507,391,4824,182,8158,1044,525,1568
294663662467,682,5110,173,15030,1045,525,1569
294663674038,25,8126,56,2105,1045,526,1570
294663685132,131,5271,64,1741,1046,526,1571
294663696549,107,5730,55,769,1047,526,1572
294663707047,19,8299,39,755,1047,527,1573
294663718067,114,5320,354,32183,1048,527,1574
294663729301,162,5311,145,9702,1049,527,1575
294663740665,18,8366,48,2107,1049,528,1576
294663751741,100,5742,43,2116,1050,528,1577
294663762540,105,5253,148,14093,1051,528,1578
294663773969,22,8489,51,1999,1051,529,1579
294663785016,176,5609,96,7797,1052,529,1580
294663796244,107,4935,137,13043,1053,529,1581
294663806949,17,8084,52,2022,1053,530,1582
294663818343,106,5389,90,7331,1054,530,1583
294663829196,100,5993,161,15336,1055,530,1584
294663840284,18,8111,68,2279,1055,531,1585
294663851441,95,5173,129,8040,1056,531,1586
294663862596,148,5839,92,4611,1057,531,1587
294663873696,21,8403,38,786,1057,532,1588
294663884893,124,5413,423,34781,1058,532,1589
294663895896,106,5238,60,1339,1059,532,1590
294663907151,18,8852,38,663,1059,533,1591
294663918282,134,4978,320,32158,1060,533,1592
294663929487,101,5376,64,3612,1061,533,1593
294663940833,18,8173,47,2050,1061,534,1594
294663951786,99,5614,88,7181,1062,534,1595
294663962635,103,5156,163,14391,1063,534,1596
294663974010,22,8093,54,2113,1063,535,1597
294663985040,113,5521,168,7575,1064,535,1598
294663996178,107,5156,64,2011,1065,535,1599
294664006807,18,8172,46,1695,1065,536,1600
294664018169,102,8716,294,14196,1066,536,1601
294664029592,101,6022,49,2414,1067,536,1602
294664040233,17,8096,46,1860,1067,537,1603
294664051383,148,4980,62,2085,1068,537,1604
294664062960,102,6971,95,6870,1069,537,1605
294664073773,17,16400,69,1872,1069,538,1606
294664101775,152,17082,96,4260,1070,538,1607
294664130133,129,9401,328,35031,1071,538,1608
294664141738,124,15124,119,9614,1072,538,1609
294664168439,116,15713,184,14250,1073,538,1610
294664195487,118,10981,98,7461,1074,538,1611
294664217875,118,18217,165,14637,1075,538,1612
294664247391,115,9160,94,7322,1076,538,1613
294664258868,104,13388,167,14480,1077,538,1614
294664283578,168,5218,115,2633,1078,538,1615
294664294839,320,5252,60,2240,1079,538,1616
294664305767,23,7341,58,1949,1079,539,1617
294664317465,132,5224,93,7342,1080,539,1618
294664328157,117,5594,162,15178,1081,539,1619
294664339333,20,7890,56,2293,1081,540,1620
294664350496,104,5202,45,1243,1082,540,1621
294664361342,120,4813,338,34714,1083,540,1622
294664373171,21,7402,64,3779,1083,541,1623
294664384066,121,5772,162,14827,1084,541,1624
294664395171,105,5219,101,7849,1085,541,1625
294664405868,27,7421,60,1918,1085,542,1626
294664417249,122,5467,154,15043,1086,542,1627
294664428674,110,5413,69,2387,1087,542,1628
294664439653,17,7472,48,1935,1087,543,1629
294664450717,119,5618,87,7225,1088,543,1630
294664461662,120,5500,161,15329,1089,543,1631
294664472831,19,7091,49,2244,1089,544,1632
294664483964,105,5672,99,8020,1090,544,1633
294664494956,113,5915,50,2312,1091,544,1634
294664506713,49,7036,49,1931,1091,545,1635
294664517301,116,5242,48,2620,1092,545,1636
294664528525,112,5605,156,15052,1093,545,1637
294664539702,17,8586,73,2022,1093,546,1638
294664550448,106,5238,69,2424,1094,546,1639
294664561781,120,5756,83,1316,1095,546,1640
294664572808,18,7144,42,683,1095,547,1641
294664584009,115,4930,31,683,1096,547,1642
294664595144,107,4855,419,34746,1097,547,1643
294664605931,25,7289,75,3900,1097,548,1644
294664617218,128,5971,56,3035,1098,548,1645
294664628314,99,5019,162,14418,1099,548,1646
294664639148,22,9944,50,2075,1099,549,1647
294664650329,100,5586,90,7637,1100,549,1648
294664661534,108,4999,159,15037,1101,549,1649
294664672703,18,7440,51,2040,1101,550,1650
294664684168,108,5773,49,2362,1102,550,1651
294664694938,182,5585,139,7469,1103,550,1652
294664705958,18,7123,49,1800,1103,551,1653
294664717150,114,5223,155,15309,1104,551,1654
294664728337,109,5465,96,7337,1105,551,1655
294664739396,23,7511,47,1994,1105,552,1656
294664750480,104,5343,135,13337,1106,552,1657
294664761641,120,5571,73,1759,1107,552,1658
294664772761,24,7589,60,741,1107,553,1659
294664783973,171,5677,34,741,1108,553,1660
294664794716,321,4777,299,32632,1109,553,1661
294664805731,17,7608,74,3585,1109,554,1662
294664817489,132,10565,52,1681,1110,554,1663
294664839836,137,8550,313,32086,1111,554,1664
294664850715,106,5794,118,9460,1112,554,1665
294664862268,153,5990,66,3051,1113,554,1666
294664873404,23,7085,48,1967,1113,555,1667
294664884575,180,5453,145,13860,1114,555,1668
294664895547,104,5321,94,7739,1115,555,1669
294664906584,17,8170,47,1741,1115,556,1670
294664917494,109,4987,144,14746,1116,556,1671
294664928548,102,5746,69,2011,1117,556,1672
294664939946,28,7424,53,1376,1117,557,1673
294664950986,255,4899,249,26035,1118,557,1674
294664962011,113,7720,166,15286,1119,557,1675
294664973460,20,7289,66,1808,1119,558,1676
294664984267,225,5377,59,1268,1120,558,1677
294664995325,123,5306,322,34723,1121,558,1678
294665006449,20,7488,71,3702,1121,559,1679
294665017599,107,5699,204,14678,1122,559,1680
294665028486,99,5570,66,2579,1123,559,1681
294665039856,26,7015,54,1980,1123,560,1682
294665050759,122,5367,67,2221,1124,560,1683
294665061813,164,5068,92,7115,1125,560,1684
294665072965,19,6780,52,1947,1125,561,1685
294665084160,111,5253,226,15067,1126,561,1686
294665094990,105,5409,94,7759,1127,561,1687
294665106455,23,7449,74,1814,1127,562,1688
294665117864,144,6525,454,4475,1128,562,1689
294665128764,96,5618,352,34954,1129,562,1690
294665139655,19,7572,74,3719,1129,563,1691
294665150746,175,5861,99,7937,1130,563,1692
294665162090,106,5793,63,4090,1131,563,1693
294665173141,19,7567,39,792,1131,564,1694
294665184370,108,5652,314,33498,1132,564,1695
294665195883,116,5176,123,9313,1133,564,1696
294665206967,90,8695,65,2278,1133,565,1697
294665217964,100,5071,155,14772,1134,565,1698
294665228877,100,5383,100,7462,1135,565,1699
294665240235,88,8521,61,1901,1135,566,1700
294665251036,114,5057,50,2194,1136,566,1701
294665262119,99,5460,57,2418,1137,566,1702
294665273811,93,8263,64,1796,1137,567,1703
294665284625,21,4931,50,1786,1137,568,1704
294665295657,190,5304,140,12234,1138,568,1705
294665307410,92,8466,57,1901,1138,569,1706
294665318424,19,5468,132,1894,1138,570,1707
294665329118,107,5514,46,1255,1139,570,1708
294665340229,112,8926,47,698,1139,571,1709
294665351449,202,5746,360,34926,1140,571,1710
294665362044,114,4951,69,4557,1141,571,1711
294665373187,91,9366,59,2146,1141,572,1712
294665384717,122,6007,156,14397,1142,572,1713
294665395858,98,5248,101,7695,1143,572,1714
294665406684,96,8893,83,1930,1143,573,1715
294665417907,103,8459,209,14840,1144,573,1716
294665428978,176,5106,54,2459,1145,573,1717
294665440108,104,8274,74,2039,1145,574,1718
294665451027,103,5170,98,7529,1146,574,1719
294665462014,107,5428,163,15236,1147,574,1720
294665473632,97,8501,57,2115,1147,575,1721
294665484384,101,5194,104,7752,1148,575,1722
294665495422,105,5738,154,14058,1149,575,1723
294665506835,95,8056,56,2071,1149,576,1724
294665517881,18,6540,50,1867,1149,577,1725
294665528986,122,5787,48,1529,1150,577,1726
294665540820,258,11277,83,692,1150,578,1727
294665563695,185,5421,324,34433,1151,578,1728
294665575545,112,6520,185,17251,1152,578,1729
294665586567,92,6899,60,2513,1152,579,1730
294665597736,92,7842,144,7659,1153,579,1731
294665608975,132,6721,142,3146,1154,579,1732
294665619898,170,7143,111,2006,1154,580,1733
294665630503,97,5174,281,14550,1155,580,1734
294665642098,102,6609,98,7835,1156,580,1735
294665653390,88,7647,73,1948,1156,581,1736
294665664344,97,5283,159,14814,1157,581,1737
294665675364,106,6651,79,2545,1158,581,1738
294665686448,89,7248,90,1956,1158,582,1739
294665697797,104,7361,97,7386,1159,582,1740
294665708539,98,6329,293,15306,1160,582,1741
294665719613,101,6937,81,2253,1160,583,1742
294665730722,97,6040,77,5159,1161,583,1743
294665741997,97,6695,58,2700,1162,583,1744
294665753456,89,7551,42,792,1162,584,1745
294665763929,95,5605,334,35069,1163,584,1746
294665775439,106,6722,129,9531,1164,584,1747
294665786762,93,7131,78,2328,1164,585,1748
294665797832,95,7606,147,13615,1165,585,1749
294665808604,93,7116,81,2404,1166,585,1750
294665819670,111,4887,86,1892,1166,586,1751
294665830454,116,5220,54,2180,1167,586,1752
294665841536,266,6897,52,1862,1167,587,1753
294665853260,19,7077,69,1837,1167,588,1754
294665864258,135,5388,48,1181,1168,588,1755
294665875073,115,7212,377,35048,1169,588,1756
294665886142,95,7317,72,3725,1169,589,1757
294665897042,98,4860,102,7924,1170,589,1758
294665908110,136,7499,143,13752,1171,589,1759
294665919604,91,5188,52,2183,1171,590,1760
294665930309,95,5600,69,2299,1172,590,1761
294665941673,126,7140,120,7291,1173,590,1762
294665952412,19,5008,102,1771,1173,591,1763
294665964016,107,5754,157,14410,1174,591,1764
294665975256,168,6623,115,6251,1175,591,1765
294665986209,93,5319,45,696,1175,592,1766
294665997435,100,7874,78,4890,1176,592,1767
294666008757,120,7304,354,35073,1177,592,1768
294666019922,138,6835,101,3748,1177,593,1769
294666030737,114,5569,105,8052,1178,593,1770
294666041988,250,7114,159,13844,1179,593,1771
294666052983,20,4653,50,2249,1179,594,1772
294666063863,163,5214,57,2400,1180,594,1773
294666074918,144,7538,59,2296,1181,594,1774
294666086176,20,4602,38,1882,1181,595,1775
294666097260,107,8074,95,7903,1182,595,1776
294666108254,113,7678,65,3072,1183,595,1777
294666119279,40,5211,138,1820,1183,596,1778
294666130399,113,5314,150,14360,1184,596,1779
294666141399,20,7321,49,2115,1184,597,1780
294666152734,104,8143,129,7889,1185,597,1781
294666164011,104,5533,154,14994,1186,597,1782
294666175098,151,7368,58,2685,1187,597,1783
294666186083,19,4938,41,1993,1187,598,1784
294666197186,129,5711,111,7436,1188,598,1785
294666208268,103,7629,202,15408,1189,598,1786
294666219527,17,4785,40,2139,1189,599,1787
294666230499,102,5824,112,7927,1190,599,1788
294666241656,117,7157,150,14077,1191,599,1789
294666252864,21,4898,44,2218,1191,600,1790
294666264182,104,5434,68,1504,1192,600,1791
294666275132,117,7396,41,699,1193,600,1792
294666286047,19,4804,34,698,1193,601,1793
294666297276,137,8179,310,32758,1194,601,1794
294666308286,96,7799,63,3708,1195,601,1795
294666319632,18,4617,45,2124,1195,602,1796
294666330563,214,5496,65,1929,1196,602,1797
294666341683,185,7443,97,7455,1197,602,1798
294666352556,18,5937,64,1878,1197,603,1799
294666364156,144,5251,78,2668,1198,603,1800
294666374983,350,7110,156,13772,1199,603,1801
294666385862,21,4909,144,1962,1199,604,1802
294666397016,104,5336,119,7911,1200,604,1803
294666408117,223,7502,154,14883,1201,604,1804
294666419316,18,4833,78,2234,1201,605,1805
294666430406,107,5187,51,2469,1202,605,1806
294666441810,102,7112,92,7456,1203,605,1807
294666452918,17,5003,44,1919,1203,606,1808
294666463663,99,5908,157,15308,1204,606,1809
294666475025,199,7257,99,7524,1205,606,1810
294666486689,18,7184,51,1987,1205,607,1811
294666497237,102,8045,139,13172,1206,607,1812
294666508294,102,7638,63,1826,1207,607,1813
294666519481,15,4629,29,805,1207,608,1814
294666530706,104,5905,328,34893,1208,608,1815
294666541322,22,7821,76,3714,1208,609,1816
294666552538,118,6025,216,15212,1209,609,1817
294666564046,113,5640,53,2488,1210,609,1818
294666575147,168,7609,52,1990,1211,609,1819
294666586204,21,4887,171,1871,1211,610,1820
294666596883,106,5572,100,7622,1212,610,1821
294666607963,58,7344,46,1846,1212,611,1822
294666619259,123,7509,78,2764,1213,611,1823
294666630564,100,5478,147,14354,1214,611,1824
294666641633,135,7438,102,8027,1215,611,1825
294666652585,17,5079,39,1859,1215,612,1826
294666663819,258,5495,162,14908,1216,612,1827
294666675092,359,6881,78,2671,1217,612,1828
294666686326,21,4755,42,2170,1217,613,1829
294666697327,125,8165,104,7598,1218,613,1830
294666708842,388,6870,168,15625,1219,613,1831
294666719125,21,4917,60,2283,1219,614,1832
294666730710,126,5475,99,8012,1220,614,1833
294666741664,207,7703,54,2040,1221,614,1834
294666753093,18,4918,48,1811,1221,615,1835
294666763740,116,5077,148,14626,1222,615,1836
294666775108,150,7591,105,8177,1223,615,1837
294666786234,19,5139,55,1948,1223,616,1838
294666796827,108,5484,131,12569,1224,616,1839
294666808425,111,7664,120,7431,1225,616,1840
294666820124,116,7466,93,2001,1225,617,1841
294666830562,123,5150,163,15235,1226,617,1842
294666841980,151,7023,108,7981,1227,617,1843
294666853137,127,7725,82,1966,1227,618,1844
294666864406,253,5420,69,2812,1228,618,1845
294666875950,163,6410,165,14707,1229,618,1846
294666886724,120,8015,66,2073,1229,619,1847
294666897754,242,5626,128,7691,1230,619,1848
294666908821,339,6786,96,4050,1231,619,1849
294666920368,142,7737,86,857,1231,620,1850
294666931366,119,5601,330,33619,1232,620,1851
294666942763,113,6781,209,9243,1233,620,1852
294666953306,120,7208,65,2280,1233,621,1853
294666964414,107,5707,155,14756,1234,621,1854
294666976038,130,6530,107,7636,1235,621,1855
294666986822,99,7237,55,1953,1235,622,1856
294666997515,102,7485,52,2301,1236,622,1857
294667009207,108,7321,173,14457,1237,622,1858
294667020102,86,7794,74,2343,1237,623,1859
294667031108,123,5144,140,8329,1238,623,1860
294667042591,194,6238,150,13386,1239,623,1861
294667053665,90,7407,63,2002,1239,624,1862
294667064275,160,5313,95,7171,1240,624,1863
294667075634,112,6674,169,15350,1241,624,1864
294667086567,93,7600,63,2348,1241,625,1865
294667097555,150,7123,129,8129,1242,625,1866
294667108989,298,6684,71,2803,1243,625,1867
294667120160,100,7687,62,1836,1243,626,1868
294667130949,112,5784,159,14323,1244,626,1869
294667142243,120,6908,57,1573,1245,626,1870
294667153347,101,5076,56,796,1245,627,1871
294667164081,104,5624,61,797,1246,627,1872
294667175721,129,7086,315,33597,1247,627,1873
294667186523,99,7294,116,3782,1247,628,1874
294667197521,101,7876,114,7755,1248,628,1875
294667208464,98,7685,166,14962,1249,628,1876
294667219902,91,7105,56,2058,1249,629,1877
294667230586,131,5524,101,7792,1250,629,1878
294667241994,142,7276,55,2181,1251,629,1879
294667253036,92,7048,76,1941,1251,630,1880
294667263981,105,6665,150,14375,1252,630,1881
294667275301,205,14702,136,8157,1253,630,1882
294667301972,135,16178,155,13134,1254,630,1883
294667329884,131,8995,76,2221,1255,630,1884
294667341358,144,15540,125,7883,1256,630,1885
294667368706,151,15485,94,2882,1257,630,1886
294667395685,221,10008,80,2534,1258,630,1887
294667407728,156,15334,75,1977,1258,631,1888
294667434469,183,14453,98,6007,1259,631,1889
294667460767,142,11322,345,32560,1260,631,1890
294667483692,154,5556,136,9663,1261,631,1891
294667494723,145,5178,53,2604,1262,631,1892
294667505606,21,7343,67,1916,1262,632,1893
294667517178,107,7060,212,13960,1263,632,1894
294667528200,102,5779,93,7917,1264,632,1895
294667539258,22,6907,53,1854,1264,633,1896
294667550186,102,5382,145,12299,1265,633,1897
294667561568,113,5577,91,7207,1266,633,1898
294667572673,21,6863,161,1857,1266,634,1899
294667583738,137,5446,209,15114,1267,634,1900
294667595577,162,5553,100,7778,1268,634,1901
294667606362,205,6985,114,1896,1268,635,1902
294667617659,122,6019,143,2818,1269,635,1903
294667628666,116,5654,323,14708,1270,635,1904
294667639917,212,8234,65,2053,1270,636,1905
294667650385,23,4651,51,1984,1270,637,1906
294667661496,114,5411,49,1515,1271,637,1907
294667672991,104,7597,56,923,1271,638,1908
294667684142,138,5218,47,1494,1272,638,1909
294667694915,135,5509,43,725,1273,638,1910
294667706021,107,8200,53,719,1273,639,1911
294667717030,124,6517,317,32391,1274,639,1912
294667728418,111,5343,138,9623,1275,639,1913
294667739425,20,7770,56,2193,1275,640,1914
294667750539,123,5769,67,4528,1276,640,1915
294667761525,187,5430,350,35272,1277,640,1916
294667772959,91,8593,77,3771,1277,641,1917
294667784127,112,5260,104,8024,1278,641,1918
294667795212,150,4900,140,12696,1279,641,1919
294667806299,135,8369,94,1993,1279,642,1920
294667817418,111,6254,184,7207,1280,642,1921
294667828060,99,5968,146,13979,1281,642,1922
294667839758,92,8713,63,2011,1281,643,1923
294667851309,162,5617,120,7933,1282,643,1924
294667861477,148,5313,65,2532,1283,643,1925
294667872314,31,7520,53,1791,1283,644,1926
294667883629,121,5122,152,14330,1284,644,1927
294667894960,164,5501,108,8027,1285,644,1928
294667905932,102,8668,86,1993,1285,645,1929
294667917596,136,5765,192,14899,1286,645,1930
294667928232,133,5433,69,1525,1287,645,1931
294667939891,113,8945,49,805,1287,646,1932
294667950911,104,5287,336,34764,1288,646,1933
294667961749,111,4835,191,17483,1289,646,1934
294667972750,107,7857,71,2448,1289,647,1935
294667984047,122,5725,133,7754,1290,647,1936
294667995042,120,4933,57,2417,1291,647,1937
294668005979,89,7962,54,2057,1291,648,1938
294668017635,100,5346,152,14486,1292,648,1939
294668028758,104,5354,108,8269,1293,648,1940
294668039629,89,8608,66,1953,1293,649,1941
294668050708,102,5011,137,12509,1294,649,1942
294668061303,99,5291,115,7365,1295,649,1943
294668072264,22,6837,75,1966,1295,650,1944
294668084116,170,5613,177,15241,1296,650,1945
294668094831,125,5455,101,8013,1297,650,1946
294668105866,192,7025,56,1942,1297,651,1947
294668116972,119,6497,54,3017,1298,651,1948
294668128001,103,5247,164,14810,1299,651,1949
294668139385,21,7409,54,2296,1299,652,1950
294668150495,115,5003,104,6628,1300,652,1951
294668161602,105,8017,61,3642,1301,652,1952
294668172871,17,7353,36,850,1301,653,1953
294668183740,109,5986,310,33794,1302,653,1954
294668194659,104,4762,110,9265,1303,653,1955
294668206221,22,7353,53,2282,1303,654,1956
294668216965,265,5298,152,14805,1304,654,1957
294668227942,135,5050,99,7623,1305,654,1958
294668239124,101,7417,60,2124,1305,655,1959
294668250579,291,4987,60,2484,1306,655,1960
294668261430,129,6594,157,14564,1307,655,1961
294668272788,22,6865,53,2070,1307,656,1962
294668283837,148,5145,52,2367,1308,656,1963
294668294876,115,5594,49,2239,1309,656,1964
294668305964,19,7616,46,1831,1309,657,1965
294668317128,111,6080,97,7060,1310,657,1966
294668328042,124,5584,164,14957,1311,657,1967
294668339146,22,6824,77,2329,1311,658,1968
294668350241,115,5622,108,7952,1312,658,1969
294668361294,137,6189,76,4626,1313,658,1970
294668372301,24,7312,46,837,1313,659,1971
294668383452,118,5327,40,803,1314,659,1972
294668394476,140,4848,376,35145,1315,659,1973
294668405798,21,7352,86,3815,1315,660,1974
294668417068,105,6887,155,15210,1316,660,1975
294668427986,181,5801,66,2573,1317,660,1976
294668439922,116,9752,105,1966,1317,661,1977
294668451045,26,4872,51,1920,1317,662,1978
294668461559,163,5886,93,2055,1318,662,1979
294668472643,97,7901,62,1913,1318,663,1980
294668483729,120,5503,99,7619,1319,663,1981
294668495032,120,5531,53,2107,1320,663,1982
294668505929,20,7109,55,1772,1320,664,1983
294668516930,103,6563,194,14286,1321,664,1984
294668527937,371,5558,64,2533,1322,664,1985
294668539532,68,7207,54,1969,1322,665,1986
294668550095,125,4868,45,2158,1323,665,1987
294668561699,127,7892,99,7087,1324,665,1988
294668572620,21,7091,53,2058,1324,666,1989
294668583726,113,5290,154,14996,1325,666,1990
294668594804,110,5205,45,1340,1326,666,1991
294668605605,21,7438,62,778,1326,667,1992
294668617062,131,6716,599,35205,1327,667,1993
294668628216,133,5297,217,16496,1328,667,1994
294668639350,21,7596,77,2472,1328,668,1995
294668650583,106,5139,105,8004,1329,668,1996
294668661349,239,6432,180,14784,1330,668,1997
294668672412,27,7310,73,2281,1330,669,1998
294668683828,161,5370,64,2510,1331,669,1999
294668695418,363,4968,72,1478,1332,669,2000
294668706003,41,7402,48,735,1332,670,2001
294668717227,140,5423,382,32351,1333,670,2002
294668728284,169,5773,129,9510,1334,670,2003
294668739303,28,6730,56,2197,1334,671,2004
294668750459,132,5200,57,2273,1335,671,2005
294668761449,127,5443,54,2361,1336,671,2006
294668772735,21,6574,54,1822,1336,672,2007
294668783839,119,5307,162,14195,1337,672,2008
294668794936,152,5492,58,2362,1338,672,2009
294668805984,37,7600,69,1881,1338,673,2010
294668817186,123,5164,91,7243,1339,673,2011
294668828282,102,5766,158,15007,1340,673,2012
294668839161,20,7102,62,2044,1340,674,2013
294668850564,277,5293,106,7251,1341,674,2014
294668861588,125,6035,74,4472,1342,674,2015
294668872580,26,7034,48,843,1342,675,2016
294668883789,166,5138,347,35041,1343,675,2017
294668894571,115,4921,122,9773,1344,675,2018
294668905687,19,7345,281,2324,1344,676,2019
294668917245,178,6243,242,13781,1345,676,2020
294668928304,119,5172,54,2429,1346,676,2021
294668939420,21,9853,64,1890,1346,677,2022
294668950638,160,5930,95,7395,1347,677,2023
294668961232,118,5313,156,14477,1348,677,2024
294668972343,21,7247,54,2170,1348,678,2025
294668983783,110,5619,147,8034,1349,678,2026
294668994742,157,5555,79,2069,1350,678,2027
294669006554,25,7571,56,1815,1350,679,2028
294669017148,125,6234,173,14558,1351,679,2029
294669028122,106,5859,53,2435,1352,679,2030
294669039329,24,7102,52,2023,1352,680,2031
294669050478,112,4910,66,2232,1353,680,2032
294669061576,153,5588,93,7186,1354,680,2033
294669072706,19,7002,49,1939,1354,681,2034
294669083997,110,5319,202,15348,1355,681,2035
294669095022,157,5439,103,8062,1356,681,2036
294669105946,28,7354,59,1905,1356,682,2037
294669117298,121,6106,56,1350,1357,682,2038
294669128313,116,5764,55,2739,1358,682,2039
294669139311,21,7130,58,775,1358,683,2040
294669150337,104,4955,315,35041,1359,683,2041
294669161394,157,4977,83,6003,1360,683,2042
294669172244,17,7485,36,725,1360,684,2043
294669184020,106,5928,321,33520,1361,684,2044
294669194532,108,4928,107,9085,1362,684,2045
294669206197,18,7545,46,2245,1362,685,2046
294669217329,97,6204,171,14648,1363,685,2047
294669228462,114,5431,91,7503,1364,685,2048
294669239326,18,7423,68,2075,1364,686,2049
294669250435,108,5159,46,2443,1365,686,2050
294669261445,120,5443,154,14430,1366,686,2051
294669272737,17,7207,49,2136,1366,687,2052
294669283756,104,5537,116,8042,1367,687,2053
294669294820,100,5685,228,13050,1368,687,2054
294669306082,25,7064,63,2205,1368,688,2055
294669316943,121,6372,168,7409,1369,688,2056
294669328337,103,5701,158,15562,1370,688,2057
294669339211,18,7200,48,1979,1370,689,2058
294669350479,117,6022,101,7704,1371,689,2059
294669361428,118,5591,51,1878,1372,689,2060
294669372477,19,6969,63,1234,1372,690,2061
294669383442,123,4932,76,5506,1373,690,2062
294669394789,108,5088,385,35028,1374,690,2063
294669405785,19,7549,64,3749,1374,691,2064
294669417143,100,6249,182,15136,1375,691,2065
294669428382,98,5244,53,2556,1376,691,2066
294669439421,19,10774,50,1901,1376,692,2067
294669461498,144,5473,53,2024,1377,692,2068
294669472802,19,7208,60,1813,1377,693,2069
294669483787,132,5484,99,7412,1378,693,2070
294669495023,122,5905,51,2051,1379,693,2071
294669507630,25,7140,108,1836,1379,694,2072
294669517504,113,5472,69,2453,1380,694,2073
294669528442,107,5891,152,14695,1381,694,2074
294669539484,18,7171,49,2129,1381,695,2075
294669550780,100,5452,47,2350,1382,695,2076
294669561546,98,5668,103,7318,1383,695,2077
294669572596,22,6994,49,1836,1383,696,2078
294669584196,132,5255,200,14279,1384,696,2079
294669594920,132,5475,53,1048,1385,696,2080
294669606789,26,8326,45,685,1385,697,2081
294669617268,270,5931,435,35022,1386,697,2082
294669628483,117,5467,165,16269,1387,697,2083
294669639457,19,9531,63,2489,1387,698,2084
294669650815,114,5699,108,7843,1388,698,2085
294669661901,108,5412,158,15075,1389,698,2086
294669673074,18,7005,46,2203,1389,699,2087
294669683843,102,5525,70,2363,1390,699,2088
294669695249,117,5645,92,7490,1391,699,2089
294669705963,18,6916,42,1815,1391,700,2090
294669717125,98,6152,153,15276,1392,700,2091
294669728651,120,5968,96,7634,1393,700,2092
294669739914,18,6669,46,2059,1393,701,2093
294669750459,97,5172,49,2365,1394,701,2094
294669761908,109,5741,57,2577,1395,701,2095
294669772938,18,8076,46,1817,1395,702,2096
294669783764,107,5346,152,14325,1396,702,2097
294669794851,197,5506,75,1339,1397,702,2098
294669805911,24,7390,37,732,1397,703,2099
294669817106,107,6194,359,33569,1398,703,2100
294669828469,102,5489,106,9309,1399,703,2101
294669839500,20,7403,59,2292,1399,704,2102
294669850674,121,6554,64,2411,1400,704,2103
294669861532,122,4919,59,2607,1401,704,2104
294669873218,28,16976,79,1761,1401,705,2105
294669901827,134,16222,97,2368,1402,705,2106
294669929511,128,9443,142,12852,1403,705,2107
294669940957,21,13609,52,1969,1403,706,2108
294669966046,124,13203,57,2081,1404,706,2109
294669990758,341,16323,63,1305,1405,706,2110
294670018835,133,14599,41,718,1406,706,2111
294670045383,152,10744,315,32979,1407,706,2112
294670068129,328,8667,92,3676,1408,706,2113
294670079014,113,5003,64,2184,1409,706,2114
294670089864,19,7105,48,1842,1409,707,2115
294670101358,185,8104,193,7741,1410,707,2116
294670112475,107,5071,56,2846,1411,707,2117
294670123582,20,7941,50,1829,1411,708,2118
294670134291,105,5489,143,13948,1412,708,2119
294670145326,118,5692,109,7832,1413,708,2120
294670156929,17,9032,46,1780,1413,709,2121
294670167747,98,5441,175,14769,1414,709,2122
294670178785,100,5530,70,2351,1415,709,2123
294670190078,17,7693,49,1969,1415,710,2124
294670201191,110,5649,89,7307,1416,710,2125
294670211949,112,5590,157,15400,1417,710,2126
294670223163,18,8316,53,2201,1417,711,2127
294670234327,102,5242,91,7861,1418,711,2128
294670245387,113,5777,118,10284,1419,711,2129
294670256775,18,7236,36,1080,1419,712,2130
294670267594,121,4885,66,1153,1420,712,2131
294670278644,102,5304,330,35129,1421,712,2132
294670289963,17,8922,81,3735,1421,713,2133
294670301184,123,5620,237,15169,1422,713,2134
294670312322,104,4880,49,2518,1423,713,2135
294670323474,18,8048,47,1918,1423,714,2136
294670334938,136,5727,50,2009,1424,714,2137
294670345846,101,5470,152,7330,1425,714,2138
294670356699,25,10275,62,1812,1425,715,2139
294670367826,121,5537,58,2659,1426,715,2140
294670379134,107,5021,156,14237,1427,715,2141
294670390659,88,8189,81,2167,1427,716,2142
294670401917,31,5006,65,2115,1427,717,2143
294670412837,151,5773,61,2543,1428,717,2144
294670423683,97,9116,55,2135,1428,718,2145
294670435266,19,9155,63,2110,1428,719,2146
294670446394,119,5600,106,8200,1429,719,2147
294670457022,137,7763,76,1825,1429,720,2148
294670468209,18,4731,48,1830,1429,721,2149
294670479120,111,6950,79,4566,1430,721,2150
294670490995,209,7804,79,1769,1430,722,2151
294670501976,19,4891,46,1769,1430,723,2152
294670512951,111,4975,196,14361,1431,723,2153
294670524557,388,7801,61,1983,1431,724,2154
294670535360,21,4656,71,1946,1431,725,2155
294670546275,125,5001,57,2280,1432,725,2156
294670557215,169,8960,60,1908,1432,726,2157
294670568498,32,4864,50,1906,1432,727,2158
294670579389,111,6149,126,2551,1433,727,2159
294670590319,269,8665,60,1807,1433,728,2160
294670601270,24,5055,52,1807,1433,729,2161
294670611990,117,5386,115,8780,1434,729,2162
294670623132,24,7376,49,1907,1434,730,2163
294670634746,136,5326,153,14332,1435,730,2164
294670645729,125,5792,110,7931,1436,730,2165
294670656906,22,9120,55,1959,1436,731,2166
294670667575,124,4928,156,15067,1437,731,2167
294670679037,112,5588,53,2658,1438,731,2168
294670690096,18,7708,56,1924,1438,732,2169
294670701572,119,5446,206,7369,1439,732,2170
294670712368,108,4980,79,5195,1440,732,2171
294670723017,88,9258,48,878,1440,733,2172
294670734729,230,5017,780,35253,1441,733,2173
294670745765,156,5082,76,4094,1442,733,2174
294670756941,199,9569,62,2200,1442,734,2175
294670774751,377,7260,67,2549,1443,734,2176
294670794028,129,5447,151,14849,1444,734,2177
294670805129,20,7299,73,2170,1444,735,2178
294670816407,105,5442,94,7964,1445,735,2179
294670827316,107,5108,161,15181,1446,735,2180
294670838243,17,6564,44,2241,1446,736,2181
294670849340,99,5552,111,7880,1447,736,2182
294670860792,142,5747,68,2662,1448,736,2183
294670871479,22,7418,56,1830,1448,737,2184
294670882893,125,5401,203,14478,1449,737,2185
294670893882,104,4764,186,8105,1450,737,2186
294670905016,20,7691,53,1867,1450,738,2187
294670916575,123,5794,251,14886,1451,738,2188
294670927745,110,5509,60,2642,1452,738,2189
294670939201,136,9163,65,1970,1452,739,2190
294670949392,117,5258,124,7450,1453,739,2191
294670960496,103,4984,170,14917,1454,739,2192
294670971788,93,7829,58,1682,1454,740,2193
294670983346,139,5035,51,1675,1455,740,2194
294670994016,104,4996,381,35027,1456,740,2195
294671005627,96,8159,76,3754,1456,741,2196
294671016695,105,6267,155,14768,1457,741,2197
294671027616,127,4970,100,7847,1458,741,2198
294671039019,94,7669,59,2017,1458,742,2199
294671049806,100,5119,163,15097,1459,742,2200
294671060561,101,6082,100,7409,1460,742,2201
294671074376,906,7148,65,2121,1460,743,2202
294671093649,153,5145,54,2504,1461,743,2203
294671104786,361,7772,69,1955,1461,744,2204
294671116304,121,6286,60,3215,1462,744,2205
294671126987,116,5345,152,14603,1463,744,2206
294671138232,24,7440,48,1999,1463,745,2207
294671149734,102,5109,102,7715,1464,745,2208
294671160263,164,5239,231,14959,1465,745,2209
294671171475,18,7491,58,2136,1465,746,2210
294671183012,106,5352,49,2410,1466,746,2211
294671193989,105,4807,95,7284,1467,746,2212
294671204821,213,7772,79,1998,1467,747,2213
294671216575,104,6023,165,15324,1468,747,2214
294671227525,104,5183,71,3775,1469,747,2215
294671238917,114,8165,53,738,1469,748,2216
294671249846,192,5540,339,33533,1470,748,2217
294671261264,178,5103,78,4935,1471,748,2218
294671272172,94,7643,46,783,1471,749,2219
294671283407,127,6180,367,35061,1472,749,2220
294671294300,179,4904,173,16647,1473,749,2221
294671305288,419,7734,65,2578,1473,750,2222
294671316633,117,6034,57,2491,1474,750,2223
294671327265,108,5461,50,2110,1475,750,2224
294671338627,91,7765,80,1909,1475,751,2225
294671349653,124,5142,92,7663,1476,751,2226
294671360700,370,5528,59,2361,1477,751,2227
294671371691,19,7109,76,1790,1477,752,2228
294671383148,116,5669,151,14332,1478,752,2229
294671393726,100,5580,98,7814,1479,752,2230
294671405351,166,7503,73,1951,1479,753,2231
294671416737,138,5676,169,14909,1480,753,2232
294671427678,106,5851,81,2442,1481,753,2233
294671439021,97,7772,69,2102,1481,754,2234
294671449800,124,5247,294,26498,1482,754,2235
294671460725,101,5059,161,15952,1483,754,2236
294671471350,17,7316,77,2420,1483,755,2237
294671482557,108,5353,97,8171,1484,755,2238
294671493911,92,5359,152,14291,1485,755,2239
294671504893,18,7335,69,2340,1485,756,2240
294671516037,99,4931,79,6701,1486,756,2241
294671527424,112,5631,75,3586,1487,756,2242
294671538471,22,8182,36,795,1487,757,2243
294671549623,109,5899,359,41450,1488,757,2244
294671560922,115,5289,62,4326,1489,757,2245
294671571605,88,7490,77,2439,1489,758,2246
294671583083,95,5624,41,2175,1490,758,2247
294671593708,115,5559,118,7600,1491,758,2248
294671605049,23,7651,54,1938,1491,759,2249
294671615896,128,6346,54,2896,1492,759,2250
294671627090,218,5716,154,14080,1493,759,2251
294671638786,114,7287,79,2165,1493,760,2252
294671649669,96,5194,95,7900,1494,760,2253
294671660241,119,7403,171,15135,1495,760,2254
294671671975,25,6772,75,2384,1495,761,2255
294671682782,109,5518,51,2752,1496,761,2256
294671693639,97,5720,97,7557,1497,761,2257
294671705132,19,7407,48,2029,1497,762,2258
294671716193,109,4919,157,15272,1498,762,2259
294671727245,101,5043,92,7775,1499,762,2260
294671738178,38,7149,75,2153,1499,763,2261
294671749851,111,5196,207,21460,1500,763,2262
294671760491,146,4926,92,7736,1501,763,2263
294671771642,17,7261,39,853,1501,764,2264
294671782870,114,5725,301,31015,1502,764,2265
294671793634,100,4942,160,15347,1503,764,2266
294671805118,18,7468,75,2670,1503,765,2267
294671816391,104,6093,68,2511,1504,765,2268
294671827017,127,4911,60,2240,1505,765,2269
294671838530,22,7716,70,1882,1505,766,2270
294671849843,136,5804,187,17757,1506,766,2271
294671860417,127,5408,65,3384,1507,766,2272
294671871884,36,7174,104,1879,1507,767,2273
294671882848,117,5577,248,23893,1508,767,2274
294671893760,144,5326,109,8792,1509,767,2275
294671905053,57,7040,51,1942,1509,768,2276
294671917169,121,5373,158,14998,1510,768,2277
294671927095,100,5427,71,2564,1511,768,2278
294671938382,19,7539,50,2093,1511,769,2279
294671949385,105,5223,92,7539,1512,769,2280
294671960337,118,6346,183,15534,1513,769,2281
294671971662,33,7108,59,2384,1513,770,2282
294671982798,117,5217,121,11025,1514,770,2283
294671993792,101,5174,42,1337,1515,770,2284
294672004878,18,7542,60,738,1515,771,2285
294672016254,103,6541,329,35124,1516,771,2286
294672027391,101,5333,109,9511,1517,771,2287
294672038414,16,10953,56,2355,1517,772,2288
294672060927,192,4868,136,11958,1518,772,2289
294672071619,20,7111,74,1958,1518,773,2290
294672083325,120,5611,47,2257,1519,773,2291
294672094474,542,5032,101,7630,1520,773,2292
294672105349,23,6676,62,1902,1520,774,2293
294672116585,252,5610,70,2890,1521,774,2294
294672127294,149,5231,152,14213,1522,774,2295
294672138298,19,7483,73,2064,1522,775,2296
294672150033,103,5413,98,7922,1523,775,2297
294672160779,111,5849,157,14893,1524,775,2298
294672172034,39,7416,93,2141,1524,776,2299
294672183179,117,5354,64,2470,1525,776,2300
294672193855,108,5043,88,6693,1526,776,2301
294672205766,25,7548,62,1246,1526,777,2302
294672216369,108,5260,89,4714,1527,777,2303
294672227254,96,5373,330,34968,1528,777,2304
294672238490,19,7591,70,3855,1528,778,2305
294672249925,111,6115,69,2373,1529,778,2306
294672260739,100,5161,169,14488,1530,778,2307
294672271793,1009,7951,67,2019,1530,779,2308
294672283141,118,5495,98,7566,1531,779,2309
294672294383,104,5065,156,14967,1532,779,2310
294672305784,23,7399,59,2134,1532,780,2311
294672316668,113,5388,181,16906,1533,780,2312
294672327287,168,5559,84,6460,1534,780,2313
294672338456,20,7123,53,2171,1534,781,2314
294672349936,119,5772,103,8147,1535,781,2315
294672360665,130,6069,67,2712,1536,781,2316
294672372085,113,7278,61,1835,1536,782,2317
294672383211,187,5196,162,14376,1537,782,2318
294672394007,119,5487,103,7630,1538,782,2319
294672405593,120,9764,72,1878,1538,783,2320
294672416404,135,5235,293,25090,1539,783,2321
294672427322,151,5665,71,3105,1540,783,2322
294672439075,100,8088,59,2027,1540,784,2323
294672450380,106,5413,66,1183,1541,784,2324
294672460896,109,5395,64,619,1542,784,2325
294672472304,90,7681,46,614,1542,785,2326
294672483403,125,6026,338,34849,1543,785,2327
294672494386,165,4851,69,3912,1544,785,2328
294672505696,95,8051,65,2131,1544,786,2329
294672517213,113,5751,155,14350,1545,786,2330
294672528375,110,5189,101,7582,1546,786,2331
294672539421,101,10544,56,1974,1546,787,2332
294672561514,165,5387,77,4732,1547,787,2333
294672573539,159,8353,65,1810,1547,788,2334
294672584534,19,4838,71,1809,1547,789,2335
294672595091,111,5794,60,2249,1548,789,2336
294672608144,260,7255,76,2503,1549,789,2337
294672618095,122,5230,50,1713,1549,790,2338
294672628741,105,5611,184,14249,1550,790,2339
294672640289,125,9085,60,2068,1550,791,2340
294672651072,18,4445,53,2054,1550,792,2341
294672661500,126,6518,62,2419,1551,792,2342
294672672943,101,15927,64,1972,1551,793,2343
294672700437,133,14412,54,1640,1552,793,2344
294672726455,132,12696,320,35089,1553,793,2345
294672750799,116,15844,83,3980,1554,793,2346
294672778193,153,11033,55,2677,1555,793,2347
294672801128,111,15942,176,15002,1556,793,2348
294672828742,175,10123,74,2482,1557,793,2349
294672840690,96,15548,71,1823,1557,794,2350
294672867795,159,8603,257,8521,1558,794,2351
294672879516,118,5864,281,14174,1559,794,2352
294672890787,106,7520,61,2089,1559,795,2353
294672901727,21,4897,51,2001,1559,796,2354
294672912084,109,5346,51,1955,1560,796,2355
294672923071,96,8709,53,1406,1560,797,2356
294672935067,122,9718,82,2101,1561,797,2357
294672946372,100,5555,348,34540,1562,797,2358
294672957379,96,8389,74,3687,1562,798,2359
294672968445,20,4406,50,2154,1562,799,2360
294672979119,142,5088,160,2387,1563,799,2361
294672990828,124,8250,64,1747,1563,800,2362
294673001632,30,5361,51,1714,1563,801,2363
294673012727,178,4956,148,13183,1564,801,2364
294673023745,287,8501,65,1901,1564,802,2365
294673034769,21,9204,58,1893,1564,803,2366
294673045466,116,5158,63,3655,1565,803,2367
294673056623,22,9260,51,1884,1565,804,2368
294673068234,109,5545,95,7145,1566,804,2369
294673078941,108,5823,152,14833,1567,804,2370
294673090097,18,8147,48,1971,1567,805,2371
294673101524,104,5706,153,7568,1568,805,2372
294673112260,132,5693,54,3047,1569,805,2373
294673123204,19,8030,68,1910,1569,806,2374
294673134461,179,10141,272,14302,1570,806,2375
294673145891,107,5647,91,7827,1571,806,2376
294673157241,19,7719,46,1998,1571,807,2377
294673167963,105,5191,142,13884,1572,807,2378
294673179085,101,6772,61,1207,1573,807,2379
294673190310,19,8516,74,695,1573,808,2380
294673201421,105,5411,336,34888,1574,808,2381
294673212726,117,4985,176,17355,1575,808,2382
294673223545,18,8889,56,2577,1575,809,2383
294673234648,186,10274,103,7788,1576,809,2384
294673245903,107,5248,47,2388,1577,809,2385
294673257245,18,8808,49,2028,1577,810,2386
294673268076,103,5804,178,14620,1578,810,2387
294673279034,107,5340,93,7808,1579,810,2388
294673290157,17,8155,52,1902,1579,811,2389
294673301238,106,5532,213,12281,1580,811,2390
294673312265,242,5199,90,7323,1581,811,2391
294673323393,17,8150,55,1859,1581,812,2392
294673334459,223,5376,157,15299,1582,812,2393
294673345312,170,5175,97,7717,1583,812,2394
294673357323,34,8069,80,1885,1583,813,2395
294673367652,139,5381,76,4456,1584,813,2396
294673378959,113,6953,171,16851,1585,813,2397
294673389964,19,8082,55,2325,1585,814,2398
294673401305,115,5188,44,1931,1586,814,2399
294673412504,102,5543,326,32727,1587,814,2400
294673423534,18,8622,95,3546,1587,815,2401
294673434571,196,4929,44,2208,1588,815,2402
294673445863,104,5433,128,7184,1589,815,2403
294673456812,24,9414,57,1838,1589,816,2404
294673467996,179,5632,147,14432,1590,816,2405
294673479483,196,5093,140,7394,1591,816,2406
294673490131,20,8223,50,1860,1591,817,2407
294673501455,109,5603,53,2198,1592,817,2408
294673512708,124,5175,158,14255,1593,817,2409
294673523665,19,7959,47,2060,1593,818,2410
294673534962,104,9663,110,7893,1594,818,2411
294673545435,95,5367,141,12979,1595,818,2412
294673556572,88,8052,55,2149,1595,819,2413
294673567922,92,5470,94,7283,1596,819,2414
294673579202,103,5813,164,15372,1597,819,2415
294673589945,95,8032,74,2281,1597,820,2416
294673601515,17,5194,56,2127,1597,821,2417
294673612290,131,5556,120,9611,1598,821,2418
294673623416,112,7819,125,1745,1598,822,2419
294673634692,141,4969,152,14407,1599,822,2420
294673645380,92,5647,97,7587,1600,822,2421
294673656517,90,8175,49,1339,1600,823,2422
294673667713,20,4420,43,1316,1600,824,2423
294673679158,114,5525,403,31747,1601,824,2424
294673690127,96,8505,70,1960,1601,825,2425
294673701550,588,5406,169,7211,1602,825,2426
294673712639,129,5211,189,15017,1603,825,2427
294673723520,155,8890,60,1994,1603,826,2428
294673734636,23,8887,69,1843,1603,827,2429
294673745689,112,4774,104,8321,1604,827,2430
294673756673,96,8028,53,1563,1604,828,2431
294673768330,103,5441,151,14425,1605,828,2432
294673779019,108,5906,77,2393,1606,828,2433
294673790102,101,8577,54,1821,1606,829,2434
294673801529,20,4665,48,1815,1606,830,2435
294673812480,106,5602,99,7990,1607,830,2436
294673823408,108,7696,51,1607,1607,831,2437
294673834541,17,4647,45,1608,1607,832,2438
294673845847,109,5985,49,1855,1608,832,2439
294673856595,133,8144,126,1209,1608,833,2440
294673867783,127,5227,151,4840,1609,833,2441
294673878850,116,7746,355,34791,1610,833,2442
294673889906,23,8889,89,3660,1610,834,2443
294673901156,110,5228,106,7905,1611,834,2444
294673912218,105,5135,212,13822,1612,834,2445
294673923349,19,8829,48,2218,1612,835,2446
294673934518,146,10032,61,2436,1613,835,2447
294673945947,99,5464,90,7538,1614,835,2448
294673956768,93,9634,64,2010,1614,836,2449
294673967654,21,5010,42,1968,1614,837,2450
294673978979,124,5173,69,2346,1615,837,2451
294673990058,23,7993,50,1892,1615,838,2452
294674001037,105,5559,62,2139,1616,838,2453
294674012394,130,5430,152,14580,1617,838,2454
294674023551,18,8116,48,2039,1617,839,2455
294674034588,103,5374,48,2333,1618,839,2456
294674045467,101,5626,45,2129,1619,839,2457
294674056747,22,7792,87,1918,1619,840,2458
294674068053,113,5659,87,7131,1620,840,2459
294674079074,109,5551,162,15103,1621,840,2460
294674090176,28,7691,56,2255,1621,841,2461
294674101336,125,6549,248,7985,1622,841,2462
294674112332,126,5383,72,4572,1623,841,2463
294674123164,19,8681,47,842,1623,842,2464
294674134836,244,4989,355,35226,1624,842,2465
294674145732,109,5171,115,9723,1625,842,2466
294674156611,20,9224,55,2267,1625,843,2467
294674167979,129,5808,145,13920,1626,843,2468
294674179128,105,5205,51,2409,1627,843,2469
294674190137,18,8335,51,1893,1627,844,2470
294674201295,106,5803,91,7459,1628,844,2471
294674212668,99,5176,151,14543,1629,844,2472
294674223114,26,8196,54,2205,1629,845,2473
294674234795,168,9627,125,7976,1630,845,2474
294674245729,109,4824,45,2009,1631,845,2475
294674256580,22,8606,57,1791,1631,846,2476
294674267814,119,5465,155,14584,1632,846,2477
294674278798,115,5694,59,2422,1633,846,2478
294674290380,25,7732,57,1984,1633,847,2479
294674301262,121,4913,45,2203,1634,847,2480
294674312198,109,5578,96,7127,1635,847,2481
294674323383,23,8049,79,1932,1635,848,2482
294674334418,262,9702,174,14363,1636,848,2483
294674345973,156,5504,41,1165,1637,848,2484
294674356391,27,7415,56,768,1637,849,2485
294674368274,140,5036,53,768,1638,849,2486
294674378794,114,5273,429,35081,1639,849,2487
294674390173,20,8719,72,3767,1639,850,2488
294674401103,128,5346,113,8063,1640,850,2489
294674412262,107,5326,201,13924,1641,850,2490
294674423823,17,8502,51,2133,1641,851,2491
294674434481,127,9574,103,2315,1642,851,2492
294674445862,99,5161,122,7360,1643,851,2493
294674457066,24,8004,55,1859,1643,852,2494
294674467526,123,5437,172,14402,1644,852,2495
294674478790,113,5438,102,7650,1645,852,2496
294674489702,20,8058,48,1917,1645,853,2497
294674501024,113,5669,144,2202,1646,853,2498
294674512359,112,5464,51,2443,1647,853,2499
294674524066,98,7328,55,1891,1647,854,2500
294674534301,18,9737,77,1878,1647,855,2501
294674546121,110,5524,137,12212,1648,855,2502
294674557684,22,7130,64,1727,1648,856,2503
294674568142,116,5069,118,6752,1649,856,2504
294674578956,122,7014,84,5066,1650,856,2505
294674590883,371,8130,51,922,1650,857,2506
294674601483,24,4931,51,888,1650,858,2507
294674612125,134,5410,330,35006,1651,858,2508
294674624174,171,7956,74,3776,1651,859,2509
294674635078,22,5257,57,2236,1651,860,2510
294674646019,119,5209,59,2645,1652,860,2511
294674657259,114,8218,60,1797,1652,861,2512
294674669195,26,5432,143,1764,1652,862,2513
294674678890,128,5357,138,12331,1653,862,2514
294674690493,120,8697,60,2016,1653,863,2515
294674700996,19,4864,69,1981,1653,864,2516
294674712407,120,5178,49,2106,1654,864,2517
294674723179,125,8641,69,1909,1654,865,2518
294674734790,296,5383,102,7713,1655,865,2519
294674745545,104,5062,43,2088,1656,865,2520
294674757327,96,7847,57,1855,1656,866,2521
294674768197,20,4706,46,1855,1656,867,2522
294674778784,107,5853,195,13059,1657,867,2523
294674790722,94,7921,68,2096,1657,868,2524
294674801406,26,4598,56,2018,1657,869,2525
294674812311,122,5578,115,8181,1658,869,2526
294674823983,135,7583,95,1831,1658,870,2527
294674834547,19,8767,110,1813,1658,871,2528
294674846336,133,5922,126,4232,1659,871,2529
294674857352,326,7337,48,799,1659,872,2530
294674868255,19,4463,60,751,1659,873,2531
294674878580,111,5598,61,746,1660,873,2532
294674890760,132,8377,45,746,1660,874,2533
294674901428,18,4324,37,746,1660,875,2534
294674912084,109,5223,413,32808,1661,875,2535
294674923467,120,9410,80,3617,1661,876,2536
294674935103,23,8006,57,2170,1661,877,2537
294674946273,119,5141,144,8162,1662,877,2538
294674957390,101,8296,68,1772,1662,878,2539
294674968203,20,4700,48,1740,1662,879,2540
294674978563,114,5402,70,2170,1663,879,2541
294674989666,94,8641,55,1702,1663,880,2542
294675001224,108,5488,139,1961,1664,880,2543
294675012607,150,5206,162,14207,1665,880,2544
294675023528,29,8105,52,1972,1665,881,2545
294675034692,127,8929,126,2358,1666,881,2546
294675045544,102,5692,60,2192,1667,881,2547
294675056581,19,7818,46,1982,1667,882,2548
294675067993,99,5302,95,7172,1668,882,2549
294675078890,111,5738,159,14812,1669,882,2550
294675090049,19,8392,47,1519,1669,883,2551
294675101260,99,5875,103,7269,1670,883,2552
294675112307,124,5421,72,4918,1671,883,2553
294675123298,19,8862,38,862,1671,884,2554
294675134785,143,4945,411,35445,1672,884,2555
294675145845,171,5408,112,9681,1673,884,2556
294675157523,197,8013,76,2282,1673,885,2557
294675168330,28,4583,49,2012,1673,886,2558
294675179159,116,5141,87,5870,1674,886,2559
294675190925,19,7711,53,877,1674,887,2560
294675201283,116,5718,354,34846,1675,887,2561
294675212785,105,5293,187,17474,1676,887,2562
294675224415,111,7719,106,7789,1677,887,2563
294675234590,112,9323,76,2188,1677,888,2564
294675245888,105,4903,55,2484,1678,888,2565
294675256630,90,8400,53,2070,1678,889,2566
294675268281,97,15244,166,14461,1679,889,2567
294675295287,122,10275,88,3969,1680,889,2568
294675307479,101,14902,61,1902,1680,890,2569
294675334069,118,14982,63,2310,1681,890,2570
294675360842,140,13024,55,1397,1682,890,2571
294675385744,118,15902,61,787,1683,890,2572
294675413238,145,9128,322,32716,1684,890,2573
294675425124,133,14509,76,3740,1685,890,2574
294675451755,185,15449,112,7588,1686,890,2575
294675479263,166,5367,53,2182,1687,890,2576
294675490875,378,6836,52,1806,1687,891,2577
294675501595,27,4884,67,1769,1687,892,2578
294675512101,108,5706,150,13013,1688,892,2579
294675524189,267,7171,51,1734,1688,893,2580
294675534954,17,8073,75,1732,1688,894,2581
294675545714,106,5960,63,3439,1689,894,2582
294675557033,198,8222,48,1771,1689,895,2583
294675568188,16,5210,67,1771,1689,896,2584
294675578995,105,5871,67,1439,1690,896,2585
294675591722,132,6890,354,31047,1691,896,2586
294675601444,124,5964,82,3562,1691,897,2587
294675612459,127,5650,114,9131,1692,897,2588
294675624043,146,7795,53,2016,1692,898,2589
294675634618,31,6064,66,1912,1692,899,2590
294675645751,112,5649,75,3799,1693,899,2591
294675657212,110,7802,50,1873,1693,900,2592
294675668143,18,5092,44,1865,1693,901,2593
294675678706,139,4968,132,12109,1694,901,2594
294675690133,177,7964,53,1872,1694,902,2595
294675701586,23,4949,45,1861,1694,903,2596
294675712264,105,5100,49,2007,1695,903,2597
294675723242,91,8198,50,1883,1695,904,2598
294675734595,16,4720,45,1883,1695,905,2599
294675745445,104,6157,101,8019,1696,905,2600
294675756736,202,7721,50,1929,1696,906,2601
294675768052,16,4535,68,1926,1696,907,2602
294675779024,104,5739,168,13006,1697,907,2603
294675789975,93,7824,62,2180,1697,908,2604
294675801183,25,4756,55,2015,1697,909,2605
294675812045,121,5790,104,8216,1698,909,2606
294675823470,20,7765,42,1283,1698,910,2607
294675834758,107,8212,99,4667,1699,910,2608
294675845595,114,5751,328,32694,1700,910,2609
294675856672,25,8410,71,3649,1700,911,2610
294675867997,120,4997,66,1183,1701,911,2611
294675878866,107,5406,33,627,1702,911,2612
294675889930,19,8643,50,627,1702,912,2613
294675901141,113,5947,421,34949,1703,912,2614
294675912082,107,5130,168,16518,1704,912,2615
294675922968,19,8259,51,2465,1704,913,2616
294675934405,103,9403,82,2357,1705,913,2617
294675945505,102,5084,86,7141,1706,913,2618
294675956341,19,7356,67,1811,1706,914,2619
294675967774,104,5365,152,14948,1707,914,2620
294675979252,100,5486,92,7604,1708,914,2621
294675989792,17,7909,118,1921,1708,915,2622
294676000917,121,5559,48,2315,1709,915,2623
294676012268,105,5679,63,2427,1710,915,2624
294676023348,18,8107,66,1797,1710,916,2625
294676034513,113,5301,170,14612,1711,916,2626
294676045379,105,5877,41,1625,1712,916,2627
294676056740,17,8211,53,854,1712,917,2628
294676067819,100,4947,52,978,1713,917,2629
294676078995,103,7401,326,34715,1714,917,2630
294676090080,19,8586,78,3862,1714,918,2631
294676101390,102,5245,54,2582,1715,918,2632
294676112141,129,5127,64,3131,1716,918,2633
294676123188,33,8863,49,1763,1716,919,2634
294676134987,224,5273,177,14196,1717,919,2635
294676145274,99,5346,89,7522,1718,919,2636
294676156495,17,7869,44,1965,1718,920,2637
294676167661,151,5217,146,14899,1719,920,2638
294676178971,103,5163,53,2624,1720,920,2639
294676189700,17,8102,51,2157,1720,921,2640
294676201633,104,5447,99,7713,1721,921,2641
294676212097,109,5469,164,15314,1722,921,2642
294676224138,156,7641,56,2105,1722,922,2643
294676234711,18,8944,62,2029,1722,923,2644
294676245752,108,5611,76,4794,1723,923,2645
294676256858,166,8354,58,1881,1723,924,2646
294676267924,20,4713,46,1880,1723,925,2647
294676278509,112,7361,51,1522,1724,925,2648
294676290026,192,8645,52,670,1724,926,2649
294676301079,109,5422,301,32797,1725,926,2650
294676312158,100,4919,64,3668,1726,926,2651
294676323598,35,8136,48,2106,1726,927,2652
294676334390,116,9035,99,7244,1727,927,2653
294676345481,106,5194,42,2043,1728,927,2654
294676356536,24,8130,55,1729,1728,928,2655
294676367862,116,5584,49,2429,1729,928,2656
294676379148,153,4734,145,13897,1730,928,2657
294676389842,95,8321,55,1950,1730,929,2658
294676401380,119,5397,100,7873,1731,929,2659
294676412197,96,5282,151,14872,1732,929,2660
294676423368,19,8126,51,2220,1732,930,2661
294676434155,103,8737,54,2511,1733,930,2662
294676446050,111,5767,106,7341,1734,930,2663
294676456579,18,8020,50,1766,1734,931,2664
294676467764,105,5454,234,15274,1735,931,2665
294676478709,123,5277,102,7621,1736,931,2666
294676489853,35,8131,53,1864,1736,932,2667
294676501346,115,5424,177,13109,1737,932,2668
294676512126,105,5575,46,1756,1738,932,2669
294676523355,18,8654,38,716,1738,933,2670
294676534758,103,8794,370,34934,1739,933,2671
294676545793,98,5584,164,16697,1740,933,2672
294676556741,186,9140,63,2558,1740,934,2673
294676568218,17,4661,60,2077,1740,935,2674
294676578775,109,4977,55,2755,1741,935,2675
294676590057,18,8591,55,1853,1741,936,2676
294676601163,114,8920,125,7765,1742,936,2677
294676612244,129,5210,61,2694,1743,936,2678
294676623310,24,7977,51,1837,1743,937,2679
294676634850,121,5922,151,14181,1744,937,2680
294676645471,106,5717,161,8002,1745,937,2681
294676656518,19,8576,59,1856,1745,938,2682
294676667669,153,5145,159,14953,1746,938,2683
294676678526,136,5354,65,2567,1747,938,2684
294676689887,24,7763,52,1997,1747,939,2685
294676700844,115,5738,215,7304,1748,939,2686
294676712026,105,5294,177,15416,1749,939,2687
294676723132,18,8069,48,2181,1749,940,2688
294676734892,113,8341,248,7677,1750,940,2689
294676746030,108,5563,95,4507,1751,940,2690
294676757331,259,7617,65,805,1751,941,2691
294676768360,22,4783,46,721,1751,942,2692
294676779188,107,5252,78,721,1752,942,2693
294676790855,197,7507,365,32818,1753,942,2694
294676801713,119,4943,113,3585,1753,943,2695
294676812757,121,4985,59,2260,1754,943,2696
294676824841,202,6984,59,1947,1755,943,2697
294676835456,96,6186,58,1721,1755,944,2698
294676846187,153,5439,148,7522,1756,944,2699
294676857364,200,7822,64,1819,1756,945,2700
294676868575,26,4822,146,1816,1756,946,2701
294676879686,115,5191,151,13489,1757,946,2702
294676891173,103,7161,109,7692,1758,946,2703
294676901164,19,4910,61,1969,1758,947,2704
294676912569,175,5571,156,14544,1759,947,2705
294676924078,175,7577,83,2008,1759,948,2706
294676934909,17,4561,46,1866,1759,949,2707
294676945654,110,5826,100,7957,1760,949,2708
294676957340,92,7549,58,1816,1760,950,2709
294676968210,19,4859,75,1816,1760,951,2710
294676979262,113,6598,51,1818,1761,951,2711
294676990825,352,7811,338,21197,1762,951,2712
294677001697,105,5288,49,1647,1762,952,2713
294677012738,105,5319,156,14023,1763,952,2714
294677023562,145,8501,56,1750,1763,953,2715
294677034483,18,5859,47,1730,1763,954,2716
294677046128,109,5221,49,2107,1764,954,2717
294677057307,112,7960,54,1696,1764,955,2718
294677068420,24,5104,60,1683,1764,956,2719
294677079277,113,4753,55,2338,1765,956,2720
294677089922,87,8587,58,1590,1765,957,2721
294677101766,138,8017,156,7426,1766,957,2722
294677112432,128,5116,69,2483,1767,957,2723
294677123350,21,8156,52,1516,1767,958,2724
294677134918,117,5249,154,13840,1768,958,2725
294677146138,110,5223,102,7532,1769,958,2726
294677156977,187,7900,57,1504,1769,959,2727
294677168015,18,4882,63,1497,1769,960,2728
294677178563,158,5827,152,11922,1770,960,2729
294677190569,146,7783,56,1785,1770,961,2730
294677201354,18,4740,48,1748,1770,962,2731
294677212517,104,5177,73,2011,1771,962,2732
294677223558,236,7971,69,1697,1771,963,2733
294677234435,18,6004,42,1682,1771,964,2734
294677245557,116,5742,60,1256,1772,964,2735
294677256921,63,8277,59,676,1772,965,2736
294677267662,101,5083,328,35185,1773,965,2737
294677279051,107,5240,47,1327,1774,965,2738
294677290058,18,8520,36,695,1774,966,2739
294677301198,266,5561,317,32925,1775,966,2740
294677312297,104,5104,258,3658,1776,966,2741
294677323348,25,8026,54,2087,1776,967,2742
294677334519,138,8436,64,1928,1777,967,2743
294677345457,111,5408,103,7387,1778,967,2744
294677356442,25,8132,56,1728,1778,968,2745
294677367614,119,5548,49,2724,1779,968,2746
294677378674,130,4943,170,13834,1780,968,2747
294677390206,20,8041,63,2035,1780,969,2748
294677401123,121,5547,167,7831,1781,969,2749
294677412589,102,5966,181,14945,1782,969,2750
294677423300,18,8458,100,2050,1782,970,2751
294677434411,106,8477,73,2398,1783,970,2752
294677445518,106,5833,92,7488,1784,970,2753
294677456687,19,7410,58,1919,1784,971,2754
294677467954,161,5244,622,15125,1785,971,2755
294677478798,178,5184,107,7141,1786,971,2756
294677489593,23,6981,56,1412,1786,972,2757
294677501253,150,5317,158,4824,1787,972,2758
294677512321,115,5643,53,786,1788,972,2759
294677523618,93,8459,45,746,1788,973,2760
294677534811,124,5324,438,35003,1789,973,2761
294677545730,107,5494,168,16642,1790,973,2762
294677556877,21,8272,64,2522,1790,974,2763
294677567901,99,5082,48,2467,1791,974,2764
294677578502,123,5280,48,1566,1792,974,2765
294677589936,20,7816,35,643,1792,975,2766
294677601060,106,8523,356,35001,1793,975,2767
294677612388,126,5206,73,4727,1794,975,2768
294677623632,32,7547,49,2157,1794,976,2769
294677634750,109,5411,148,14388,1795,976,2770
294677645595,103,5321,97,7343,1796,976,2771
294677656763,18,16222,60,1947,1796,977,2772
294677684842,292,15284,170,12052,1797,977,2773
294677712004,119,10208,44,2077,1798,977,2774
294677722753,41,16281,71,2020,1798,978,2775
294677750778,137,13993,62,1198,1799,978,2776
294677776224,168,13577,45,682,1800,978,2777
294677801083,142,15404,326,32929,1801,978,2778
294677828065,195,10521,72,4204,1802,978,2779
294677839463,20,16447,68,2093,1802,979,2780
294677867297,161,5676,114,8652,1803,979,2781
294677878387,139,5508,165,14090,1804,979,2782
294677889529,26,7348,56,2089,1804,980,2783
294677901024,121,5655,111,7656,1805,980,2784
294677911941,104,5755,176,14966,1806,980,2785
294677923096,18,8065,53,2058,1806,981,2786
294677934132,116,6731,61,2380,1807,981,2787
294677945193,138,5473,94,7455,1808,981,2788
294677956819,20,7629,48,1801,1808,982,2789
294677967138,105,5193,250,15208,1809,982,2790
294677978826,124,6984,112,6533,1810,982,2791
294677989827,22,8061,51,879,1810,983,2792
294678000860,371,4822,70,3963,1811,983,2793
294678011926,144,5056,369,35104,1812,983,2794
294678022967,27,8802,86,3720,1812,984,2795
294678033893,303,6369,153,7956,1813,984,2796
294678045231,164,5053,168,13822,1814,984,2797
294678056909,29,8581,140,2176,1814,985,2798
294678067309,198,5650,67,2373,1815,985,2799
294678078300,159,4768,81,2265,1816,985,2800
294678089491,30,7393,65,1767,1816,986,2801
294678100649,175,5281,150,7682,1817,986,2802
294678111681,149,4957,65,2016,1818,986,2803
294678122819,27,7473,81,1813,1818,987,2804
294678133905,147,6253,178,15047,1819,987,2805
294678145410,341,5310,126,7800,1820,987,2806
294678156491,28,8026,85,1934,1820,988,2807
294678167514,146,5297,180,14848,1821,988,2808
294678178721,184,5108,63,2493,1822,988,2809
294678189607,38,6994,68,2032,1822,989,2810
294678200849,201,5162,200,7530,1823,989,2811
294678211807,152,5250,174,15392,1824,989,2812
294678223121,52,8119,63,2059,1824,990,2813
294678233768,147,4958,144,7040,1825,990,2814
294678244935,171,5491,71,4328,1826,990,2815
294678256078,28,7056,51,830,1826,991,2816
294678267164,150,4909,355,35533,1827,991,2817
294678278358,146,4971,49,1428,1828,991,2818
294678289358,139,8971,64,707,1828,992,2819
294678301181,202,4874,354,32952,1829,992,2820
294678312289,147,4847,82,3663,1830,992,2821
294678322971,140,8778,102,2086,1830,993,2822
294678334881,249,7234,98,1929,1831,993,2823
294678345100,128,4904,104,7379,1832,993,2824
294678356390,121,9133,83,1800,1832,994,2825
294678367819,153,5017,67,2163,1833,994,2826
294678378661,170,5473,168,14510,1834,994,2827
294678390081,211,8084,79,1981,1834,995,2828
294678400806,28,4915,54,1949,1834,996,2829
294678411569,128,5385,60,2350,1835,996,2830
294678422986,118,8486,73,2003,1835,997,2831
294678434801,257,5632,99,2277,1836,997,2832
294678445098,161,5441,98,7050,1837,997,2833
294678456648,48,7810,72,1822,1837,998,2834
294678467469,132,5278,176,14981,1838,998,2835
294678478538,117,5547,102,7782,1839,998,2836
294678489800,104,8264,56,1816,1839,999,2837
294678500902,101,5111,75,4490,1840,999,2838
294678511486,108,5087,347,35328,1841,999,2839
294678522877,22,8770,74,3747,1841,1000,2840
294678534259,192,5881,165,8015,1842,1000,2841
294678545385,123,5198,173,13783,1843,1000,2842
294678556388,144,8790,72,2149,1843,1001,2843
294678567898,388,5511,67,2276,1844,1001,2844
294678578856,140,4969,83,2206,1845,1001,2845
294678590240,172,8320,69,1817,1845,1002,2846
294678600590,28,4851,55,1816,1845,1003,2847
294678611984,317,4832,126,8316,1846,1003,2848
294678622996,31,8054,75,1783,1846,1004,2849
294678634310,227,5669,196,15338,1847,1004,2850
294678644962,157,5671,107,7728,1848,1004,2851
294678656495,29,8662,67,1926,1848,1005,2852
294678667380,151,4922,155,14797,1849,1005,2853
294678678390,121,5354,86,2424,1850,1005,2854
294678689639,26,7857,61,1998,1850,1006,2855
294678700822,164,5127,130,7470,1851,1006,2856
294678711742,142,5268,194,15347,1852,1006,2857
294678722911,189,8212,82,2338,1852,1007,2858
294678734185,181,4809,113,7159,1853,1007,2859
294678745117,868,5435,87,4405,1854,1007,2860
294678756728,169,8170,62,836,1854,1008,2861
294678767997,30,4816,54,782,1854,1009,2862
294678778601,136,5344,43,782,1855,1009,2863
294678789808,100,8567,46,782,1855,1010,2864
294678800886,116,5868,349,32721,1856,1010,2865
294678811992,103,5110,67,3753,1857,1010,2866
294678823142,88,8874,60,2115,1857,1011,2867
294678833878,20,5330,67,1842,1857,1012,2868
294678845058,112,5196,100,7921,1858,1012,2869
294678856040,98,9486,124,1815,1858,1013,2870
294678867755,138,5557,49,2151,1859,1013,2871
294678878685,117,5871,157,14346,1860,1013,2872
294678890094,88,8219,61,1997,1860,1014,2873
294678900587,19,4705,53,1962,1860,1015,2874
294678911847,116,5419,71,2365,1861,1015,2875
294678923204,96,9369,59,1869,1861,1016,2876
294678934250,17,4632,46,1868,1861,1017,2877
294678944832,208,5705,104,8052,1862,1017,2878
294678957271,310,7536,51,1268,1862,1018,2879
294678967683,16,4742,43,1233,1862,1019,2880
294678978488,108,5608,97,4677,1863,1019,2881
294678990488,101,8071,46,822,1863,1020,2882
294679001296,18,4453,41,753,1863,1021,2883
294679011639,113,5223,335,35067,1864,1021,2884
294679023697,92,8432,74,3724,1864,1022,2885
294679034396,27,5029,59,2246,1864,1023,2886
294679045278,110,5278,54,2356,1865,1023,2887
294679057530,209,7460,102,7106,1866,1023,2888
294679067947,111,5372,49,1899,1866,1024,2889
294679078741,105,5375,201,14108,1867,1024,2890
294679089957,183,8327,79,2145,1867,1025,2891
294679101413,23,4834,69,2020,1867,1026,2892
294679112144,140,6074,114,8445,1868,1026,2893
294679123093,100,8611,59,1849,1868,1027,2894
294679134402,20,8873,82,1849,1868,1028,2895
294679145261,116,5458,78,3185,1869,1028,2896
294679157876,123,7270,85,5560,1870,1028,2897
294679167641,92,5177,59,735,1870,1029,2898
294679178836,149,5770,41,674,1871,1029,2899
294679189706,98,8666,48,670,1871,1030,2900
294679200853,100,5172,353,34598,1872,1030,2901
294679211909,108,4940,180,17337,1873,1030,2902
294679222645,88,9313,70,2580,1873,1031,2903
294679234248,97,6271,131,7808,1874,1031,2904
294679245373,109,5474,50,2149,1875,1031,2905
294679256278,17,8010,49,1843,1875,1032,2906
294679267636,104,5871,157,14434,1876,1032,2907
294679278660,109,5196,112,8034,1877,1032,2908
294679289817,89,8317,65,1864,1877,1033,2909
294679300934,143,5464,142,12321,1878,1033,2910
294679312095,136,5217,110,7204,1879,1033,2911
294679324134,97,7476,62,1991,1879,1034,2912
294679334711,20,5168,51,1953,1879,1035,2913
294679345472,237,5620,61,2319,1880,1035,2914
294679356822,106,8675,66,1786,1880,1036,2915
294679367758,25,4638,49,1781,1880,1037,2916
294679378676,136,5689,152,13864,1881,1037,2917
294679389902,253,8553,63,1937,1881,1038,2918
294679401343,22,4942,51,1923,1881,1039,2919
294679412303,125,5576,54,1592,1882,1039,2920
294679423506,88,8133,43,731,1882,1040,2921
294679434697,19,4756,56,730,1882,1041,2922
294679445214,116,5603,335,34695,1883,1041,2923
294679457271,99,7998,70,3911,1883,1042,2924
294679467844,26,4641,53,2162,1883,1043,2925
294679478232,122,4796,55,2325,1884,1043,2926
294679489735,104,8151,57,1771,1884,1044,2927
294679501145,248,6046,79,2006,1885,1044,2928
294679512055,115,5182,161,14251,1886,1044,2929
294679523339,404,7764,78,2072,1886,1045,2930
294679534104,17,4726,67,2025,1886,1046,2931
294679544899,138,5253,68,3785,1887,1046,2932
294679556028,89,8581,144,1897,1887,1047,2933
294679567561,113,5532,93,7191,1888,1047,2934
294679578651,115,5926,192,14881,1889,1047,2935
294679589732,90,8024,53,2185,1889,1048,2936
294679600726,19,4664,59,2017,1889,1049,2937
294679611635,136,5250,108,8428,1890,1049,2938
294679623017,98,8115,54,1869,1890,1050,2939
294679634021,134,5009,273,15290,1891,1050,2940
294679645090,104,5807,111,8094,1892,1050,2941
294679657133,19,7496,52,1924,1892,1051,2942
294679667268,117,5395,79,6080,1893,1051,2943
294679678160,100,5717,50,948,1894,1051,2944
294679689411,18,7309,46,834,1894,1052,2945
294679700663,131,5716,483,34781,1895,1052,2946
294679711885,116,5233,310,17589,1896,1052,2947
294679722980,22,8808,60,2441,1896,1053,2948
294679734247,124,5731,94,7738,1897,1053,2949
294679745575,109,5065,58,2267,1898,1053,2950
294679756849,26,10045,53,1930,1898,1054,2951
294679767697,117,5381,147,14392,1899,1054,2952
294679778774,109,5271,99,8064,1900,1054,2953
294679789570,18,7951,46,1831,1900,1055,2954
294679800679,107,5410,128,12379,1901,1055,2955
294679811588,100,5785,97,7318,1902,1055,2956
294679822830,19,8064,48,1934,1902,1056,2957
294679834209,100,6121,167,15215,1903,1056,2958
294679845347,101,5777,92,7744,1904,1056,2959
294679856148,18,17326,64,1904,1904,1057,2960
294679884904,135,15656,183,14301,1905,1057,2961
294679912319,137,10584,60,1816,1906,1057,2962
294679934172,125,16913,366,33506,1907,1057,2963
294679962964,144,9349,73,4171,1908,1057,2964
294679973663,21,16285,97,2156,1908,1058,2965
294680001159,128,16595,116,8195,1909,1058,2966
294680029424,133,9381,75,2215,1910,1058,2967
294680040727,40,14103,55,1788,1910,1059,2968
294680066481,131,5553,88,4542,1911,1059,2969
294680077635,104,5447,168,15090,1912,1059,2970
294680088574,20,7166,53,2046,1912,1060,2971
294680099578,127,5360,96,7526,1913,1060,2972
294680110704,149,5218,72,2338,1914,1060,2973
294680121581,22,7189,70,2000,1914,1061,2974
294680133287,122,6483,291,13980,1915,1061,2975
294680144292,116,5593,64,1602,1916,1061,2976
294680155127,18,7295,56,763,1916,1062,2977
294680166759,105,5763,308,32945,1917,1062,2978
294680177628,162,4843,56,1692,1918,1062,2979
294680188909,17,7331,34,733,1918,1063,2980
294680199505,156,5480,322,34700,1919,1063,2981
294680210845,108,5193,174,17204,1920,1063,2982
294680221979,18,7315,53,2511,1920,1064,2983
294680233204,103,5676,146,7703,1921,1064,2984
294680244039,101,5811,42,2232,1922,1064,2985
294680255023,21,6831,47,1910,1922,1065,2986
294680266683,105,5653,149,14448,1923,1065,2987
294680277590,122,5289,54,2522,1924,1065,2988
294680288262,17,6962,66,1946,1924,1066,2989
294680300021,127,5306,67,2137,1925,1066,2990
294680310918,103,5531,93,7351,1926,1066,2991
294680321694,19,7298,44,1868,1926,1067,2992
294680333077,101,5324,172,14992,1927,1067,2993
294680344293,105,5607,95,7517,1928,1067,2994
294680355207,28,7555,62,1177,1928,1068,2995
294680367073,144,5721,227,21195,1929,1068,2996
294680377480,104,5494,171,14961,1930,1068,2997
294680388790,20,7219,77,1905,1930,1069,2998
294680399660,109,5263,95,7699,1931,1069,2999
294680412067,282,4751,168,14767,1932,1069,3000
294680422049,26,7113,56,2034,1932,1070,3001
294680432915,118,6359,59,2328,1933,1070,3002
294680443974,114,5763,128,7149,1934,1070,3003
294680455078,19,6866,46,1732,1934,1071,3004
294680466598,110,5699,152,14910,1935,1071,3005
294680477320,179,5865,94,7528,1936,1071,3006
294680488416,17,7013,67,1664,1936,1072,3007
294680499588,100,5437,44,2050,1937,1072,3008
294680510799,100,5808,43,2236,1938,1072,3009
294680521790,18,7408,50,1681,1938,1073,3010
294680533102,102,5287,149,14477,1939,1073,3011
294680544227,112,5612,45,1871,1940,1073,3012
294680554990,34,7162,54,1019,1940,1074,3013
294680566876,137,5307,56,997,1941,1074,3014
294680577413,118,4808,55,637,1942,1074,3015
294680588567,18,7051,59,637,1942,1075,3016
294680599888,110,5978,354,34720,1943,1075,3017
294680610958,131,4955,77,4104,1944,1075,3018
294680621640,20,7348,52,2105,1944,1076,3019
294680633222,111,5775,155,15114,1945,1076,3020
294680643955,104,4820,92,7671,1946,1076,3021
294680655753,17,10757,73,2053,1946,1077,3022
294680678023,130,4989,135,12270,1947,1077,3023
294680688769,17,6960,46,1833,1947,1078,3024
294680700138,104,5820,177,7247,1948,1078,3025
294680711662,126,5809,160,15096,1949,1078,3026
294680722324,20,7313,57,2353,1949,1079,3027
294680733787,108,5983,210,8027,1950,1079,3028
294680744959,126,5533,72,2343,1951,1079,3029
294680755897,90,8271,54,1924,1951,1080,3030
294680766887,100,5330,67,2665,1952,1080,3031
294680777851,116,5332,164,15129,1953,1080,3032
294680789193,19,7373,48,2228,1953,1081,3033
294680800491,103,5249,62,1704,1954,1081,3034
294680811197,110,4990,45,1159,1955,1081,3035
294680822120,20,7337,37,731,1955,1082,3036
294680833852,109,5799,454,34841,1956,1082,3037
294680844882,115,5289,96,5640,1957,1082,3038
294680856062,19,10466,64,2138,1957,1083,3039
294680878300,137,5434,153,14014,1958,1083,3040
294680889688,96,8452,58,1987,1958,1084,3041
294680900347,19,4898,43,1943,1958,1085,3042
294680911368,104,5495,45,2200,1959,1085,3043
294680922710,17,7353,53,1778,1959,1086,3044
294680933554,113,6119,82,1880,1960,1086,3045
294680944611,110,5653,93,6886,1961,1086,3046
294680955704,18,6603,46,1910,1961,1087,3047
294680966951,106,5333,147,14627,1962,1087,3048
294680978031,100,5613,96,7560,1963,1087,3049
294680989377,23,7936,126,1788,1963,1088,3050
294681000390,240,5256,50,2110,1964,1088,3051
294681011229,114,5472,54,2333,1965,1088,3052
294681022344,19,7267,50,1742,1965,1089,3053
294681033800,109,5279,79,5970,1966,1089,3054
294681045186,116,4931,408,32980,1967,1089,3055
294681056064,111,8996,76,3561,1967,1090,3056
294681067163,101,5319,48,2214,1968,1090,3057
294681078334,98,5344,137,7272,1969,1090,3058
294681089637,92,8712,56,1838,1969,1091,3059
294681100633,100,6077,52,2215,1970,1091,3060
294681111720,138,4997,59,1909,1971,1091,3061
294681122707,102,8951,57,1725,1971,1092,3062
294681133872,101,5299,163,15266,1972,1092,3063
294681145228,116,4882,101,7712,1973,1092,3064
294681155821,19,7489,54,2015,1973,1093,3065
294681167204,106,5501,153,14874,1974,1093,3066
294681178708,106,5942,62,2721,1975,1093,3067
294681189605,126,8495,75,2037,1975,1094,3068
294681200697,170,5213,101,7213,1976,1094,3069
294681211991,103,5250,173,15109,1977,1094,3070
294681223101,238,8013,66,2194,1977,1095,3071
294681233853,119,5024,98,7999,1978,1095,3072
294681245227,115,5540,156,13846,1979,1095,3073
294681256038,96,8506,56,1453,1979,1096,3074
294681266950,102,5175,68,1810,1980,1096,3075
294681278256,104,5812,59,640,1981,1096,3076
294681289390,94,9103,44,636,1981,1097,3077
294681300466,103,5413,304,32892,1982,1097,3078
294681311657,104,5040,68,3695,1983,1097,3079
294681322309,20,7557,56,2117,1983,1098,3080
294681333576,104,5550,47,1954,1984,1098,3081
294681345145,107,5096,99,7452,1985,1098,3082
294681356000,19,7758,67,1864,1985,1099,3083
294681367252,137,5489,54,2268,1986,1099,3084
294681378324,112,5030,156,14186,1987,1099,3085
294681389321,19,7202,49,1941,1987,1100,3086
294681400305,101,5627,119,7772,1988,1100,3087
294681411452,128,5739,162,14973,1989,1100,3088
294681422772,19,7942,63,2207,1989,1101,3089
294681433332,105,6306,47,2490,1990,1101,3090
294681444994,104,5565,96,7644,1991,1101,3091
294681456183,104,10791,158,1799,1991,1102,3092
294681478796,135,5586,84,2204,1992,1102,3093
294681491377,118,6624,79,5076,1993,1102,3094
294681501081,26,4753,39,751,1993,1103,3095
294681511580,114,5386,451,35171,1994,1103,3096
294681523544,17,7692,84,3720,1994,1104,3097
294681534540,267,4845,103,8078,1995,1104,3098
294681545271,105,5074,152,13931,1996,1104,3099
294681556524,239,8728,56,2075,1996,1105,3100
294681567924,42,4928,48,1946,1996,1106,3101
294681579009,123,5411,89,2814,1997,1106,3102
294681590945,96,6965,100,7667,1998,1106,3103
294681601167,88,5519,48,1725,1998,1107,3104
294681612556,263,4906,59,2017,1999,1107,3105
294681623851,273,7223,53,1731,1999,1108,3106
294681634535,25,4888,47,1731,1999,1109,3107
294681645624,108,5800,62,3070,2000,1109,3108
294681657353,295,7131,160,14541,2001,1109,3109
294681667996,96,4830,203,2034,2001,1110,3110
294681678830,95,5525,55,2330,2002,1110,3111
294681690455,19,6836,43,1819,2002,1111,3112
294681701100,137,5277,226,7268,2003,1111,3113
294681712187,103,6669,173,15088,2004,1111,3114
294681722850,24,8262,63,2208,2004,1112,3115
294681734200,106,5160,152,7911,2005,1112,3116
294681745210,108,5122,85,2046,2006,1112,3117
294681756379,19,8279,45,1779,2006,1113,3118
294681767573,99,5342,147,14510,2007,1113,3119
294681778872,95,5641,92,7816,2008,1113,3120
294681789616,17,7892,47,1770,2008,1114,3121
294681800575,101,5966,153,14962,2009,1114,3122
294681811778,94,5323,94,7459,2010,1114,3123
294681822849,17,7974,44,1791,2010,1115,3124
294681834129,100,5124,154,15445,2011,1115,3125
294681845200,93,5009,98,7548,2012,1115,3126
294681856483,21,7684,59,1892,2012,1116,3127
294681867650,124,5418,152,2834,2013,1116,3128
294681878421,105,5899,207,14696,2014,1116,3129
294681889849,17,8051,51,2247,2014,1117,3130
294681900879,110,5255,203,8107,2015,1117,3131
294681912072,102,5433,158,15200,2016,1117,3132
294681923704,21,8062,48,2157,2016,1118,3133
294681934252,98,5210,40,1707,2017,1118,3134
294681945463,110,5699,351,34883,2018,1118,3135
294681956547,18,8210,64,3739,2018,1119,3136
294681967681,105,5227,66,4523,2019,1119,3137
294681978434,108,5662,32,778,2020,1119,3138
294681989324,18,7324,38,746,2020,1120,3139
294682000930,128,5591,343,35084,2021,1120,3140
294682011990,101,5114,172,16301,2022,1120,3141
294682022852,20,9074,62,2502,2022,1121,3142
294682033973,127,5142,96,7864,2023,1121,3143
294682045198,119,5082,159,15101,2024,1121,3144
294682056044,18,7300,47,2141,2024,1122,3145
294682067581,115,5651,99,8148,2025,1122,3146
294682078704,106,5384,170,15265,2026,1122,3147
294682089858,125,7906,53,2165,2026,1123,3148
294682100688,114,5391,95,7808,2027,1123,3149
294682112185,135,6820,56,2155,2028,1123,3150
294682124209,167,7904,172,15264,2029,1123,3151
294682134449,100,4805,71,2083,2029,1124,3152
294682145251,116,5891,103,7912,2030,1124,3153
294682157339,127,7317,189,15116,2031,1124,3154
294682167817,88,5202,53,2340,2031,1125,3155
294682179051,103,5750,85,1932,2032,1125,3156
294682189893,137,8674,48,1004,2032,1126,3157
294682201313,18,4776,39,1004,2032,1127,3158
294682211767,159,5344,325,31961,2033,1127,3159
294682223530,92,8467,86,3762,2033,1128,3160
294682234247,24,4840,77,2347,2033,1129,3161
294682245627,116,5130,101,8469,2034,1129,3162
294682256665,20,7806,77,1964,2034,1130,3163
294682267575,114,5862,149,14498,2035,1130,3164
294682278435,105,5563,95,7840,2036,1130,3165
294682289418,18,8240,58,1865,2036,1131,3166
294682300790,123,5523,246,12449,2037,1131,3167
294682312281,124,5250,119,7488,2038,1131,3168
294682323137,366,8357,55,1960,2038,1132,3169
294682333908,19,4959,41,1912,2038,1133,3170
294682345391,116,5841,51,2374,2039,1133,3171
294682357750,491,7373,68,2009,2040,1133,3172
294682367795,118,4814,70,1764,2040,1134,3173
294682378816,112,5768,163,15000,2041,1134,3174
294682389752,92,8338,88,2060,2041,1135,3175
294682400923,20,4832,40,2033,2041,1136,3176
294682412204,114,6413,58,2413,2042,1136,3177
294682423468,18,7779,47,2013,2042,1137,3178
294682434328,106,5098,52,1707,2043,1137,3179
294682445615,120,5386,357,34846,2044,1137,3180
294682456831,20,8440,70,3687,2044,1138,3181
294682467441,109,5172,158,15615,2045,1138,3182
294682478655,103,5260,126,7672,2046,1138,3183
294682489588,16,8930,59,1949,2046,1139,3184
294682500811,120,6006,49,2316,2047,1139,3185
294682511927,103,6260,154,14548,2048,1139,3186
294682523237,18,8087,48,2043,2048,1140,3187
294682534105,105,5524,94,7813,2049,1140,3188
294682545231,172,5057,146,13048,2050,1140,3189
294682556040,19,8227,59,2060,2050,1141,3190
294682567592,125,5150,127,7397,2051,1141,3191
294682578719,121,5921,166,15369,2052,1141,3192
294682590283,137,7795,63,2264,2052,1142,3193
294682601509,21,4953,134,2129,2052,1143,3194
294682612443,142,6384,115,8569,2053,1143,3195
294682623697,113,7507,58,1861,2053,1144,3196
294682634331,18,4405,46,1837,2053,1145,3197
294682645290,112,5956,52,2123,2054,1145,3198
294682656700,118,8021,52,1253,2054,1146,3199
294682667846,21,4520,45,1244,2054,1147,3200
294682678335,106,5697,90,6459,2055,1147,3201
294682690745,193,7848,420,35062,2056,1147,3202
294682701684,121,5068,123,4008,2056,1148,3203
294682712621,118,5699,174,15778,2057,1148,3204
294682723522,90,8645,70,2226,2057,1149,3205
294682735071,24,4861,60,1875,2057,1150,3206
294682745532,128,4899,109,8218,2058,1150,3207
294682757366,108,8106,74,1999,2058,1151,3208
294682767925,24,5045,47,1960,2058,1152,3209
294682779178,145,5343,60,2662,2059,1152,3210
294682790513,191,7745,175,15047,2060,1152,3211
294682801481,113,5347,53,2225,2060,1153,3212
294682812568,104,5596,113,8235,2061,1153,3213
294682824038,22,7523,60,1904,2061,1154,3214
294682834470,154,5371,179,15358,2062,1154,3215
294682845966,116,6039,102,7938,2063,1154,3216
294682857073,250,7498,65,1951,2063,1155,3217
294682868041,26,4690,50,1928,2063,1156,3218
294682878443,122,5652,158,14288,2064,1156,3219
294682889923,95,8043,142,1946,2064,1157,3220
294682901144,24,4721,51,1930,2064,1158,3221
294682912199,123,6082,69,1567,2065,1158,3222
294682923877,97,7727,44,725,2065,1159,3223
294682934998,20,4956,39,725,2065,1160,3224
294682945660,111,5827,361,34816,2066,1160,3225
294682957194,115,8358,79,3927,2066,1161,3226
294682967778,19,4497,50,2173,2066,1162,3227
294682978445,136,5336,83,2323,2067,1162,3228
294682989993,109,8393,60,1782,2067,1163,3229
294683001084,21,5563,48,1757,2067,1164,3230
294683012942,124,5202,154,13249,2068,1164,3231
294683024036,226,7745,113,7575,2069,1164,3232
294683034786,117,8109,57,1785,2069,1165,3233
294683045793,108,5499,156,14424,2070,1165,3234
294683057235,112,10655,125,7349,2071,1165,3235
294683079558,131,9168,166,15232,2072,1165,3236
294683091209,149,14191,105,7905,2073,1165,3237
294683117310,145,15683,63,1285,2074,1165,3238
294683145049,130,9872,367,31980,2075,1165,3239
294683157005,196,16554,86,3568,2075,1166,3240
294683185563,160,16260,158,12123,2076,1166,3241
294683213415,174,8908,233,21541,2077,1166,3242
294683225317,142,14162,130,7450,2078,1166,3243
294683250955,163,14616,79,2012,2079,1166,3244
294683277079,120,4990,47,2135,2080,1166,3245
294683288355,23,7325,75,1601,2080,1167,3246
294683299711,110,5316,153,14267,2081,1167,3247
294683311042,107,5189,52,2131,2082,1167,3248
294683321921,100,7797,67,1675,2082,1168,3249
294683333498,233,5131,65,1869,2083,1168,3250
294683344092,119,5833,141,7351,2084,1168,3251
294683355274,107,8631,70,1533,2084,1169,3252
294683366326,138,5508,73,4476,2085,1169,3253
294683377653,116,5957,358,35404,2086,1169,3254
294683388628,102,7464,75,3745,2086,1170,3255
294683399854,106,5531,107,8025,2087,1170,3256
294683411216,109,5511,172,13882,2088,1170,3257
294683421730,95,9638,64,2154,2088,1171,3258
294683432874,96,4780,53,2315,2089,1171,3259
294683443961,101,5838,149,7300,2090,1171,3260
294683455415,107,7981,64,1969,2090,1172,3261
294683466443,116,5223,142,4547,2091,1172,3262
294683477176,113,4856,347,35210,2092,1172,3263
294683488421,105,7601,72,3908,2092,1173,3264
294683500000,109,5343,55,2431,2093,1173,3265
294683510606,104,4722,157,14502,2094,1173,3266
294683521944,91,7781,50,2141,2094,1174,3267
294683532610,94,5534,90,7704,2095,1174,3268
294683543909,101,4773,177,15108,2096,1174,3269
294683555050,133,7623,74,2000,2096,1175,3270
294683566516,293,5049,116,8005,2097,1175,3271
294683577252,116,5527,162,15256,2098,1175,3272
294683588474,96,7339,53,2075,2098,1176,3273
294683599847,96,5619,105,7713,2099,1176,3274
294683610959,141,5144,59,2199,2100,1176,3275
294683621428,22,6965,76,1908,2100,1177,3276
294683632747,108,5657,162,15638,2101,1177,3277
294683644186,94,5509,98,7901,2102,1177,3278
294683655037,23,7480,62,1935,2102,1178,3279
294683666766,140,5492,198,15036,2103,1178,3280
294683677589,109,5514,58,2710,2104,1178,3281
294683688721,95,8585,54,2189,2104,1179,3282
294683699418,127,5077,96,7116,2105,1179,3283
294683710246,94,5177,70,4984,2106,1179,3284
294683721806,100,7717,49,873,2106,1180,3285
294683733138,329,5649,332,35377,2107,1180,3286
294683744412,108,5178,72,4205,2108,1180,3287
294683755177,49,7514,94,2159,2108,1181,3288
294683766270,135,5675,155,14544,2109,1181,3289
294683777198,163,5232,101,7615,2110,1181,3290
294683788311,22,7354,94,1990,2110,1182,3291
294683799288,114,5369,162,14620,2111,1182,3292
294683810378,97,5424,99,7485,2112,1182,3293
294683821659,98,7899,61,1948,2112,1183,3294
294683832701,113,5353,159,15460,2113,1183,3295
294683843724,106,5755,96,7695,2114,1183,3296
294683855187,22,7312,60,1975,2114,1184,3297
294683866607,139,5377,53,2309,2115,1184,3298
294683877092,107,5312,155,15097,2116,1184,3299
294683888211,34,7483,48,2253,2116,1185,3300
294683899282,100,5208,97,8220,2117,1185,3301
294683910283,102,5583,168,15071,2118,1185,3302
294683921949,31,7482,70,2439,2118,1186,3303
294683932884,166,4896,69,2621,2119,1186,3304
294683943993,132,5608,104,7679,2120,1186,3305
294683954974,21,7459,52,1915,2120,1187,3306
294683966105,116,5059,61,4175,2121,1187,3307
294683977221,111,4817,339,34786,2122,1187,3308
294683988229,18,7445,90,3834,2122,1188,3309
294683999427,105,5537,47,2356,2123,1188,3310
294684010498,108,4777,173,14403,2124,1188,3311
294684021295,17,7495,45,2084,2124,1189,3312
294684032457,104,5880,92,7637,2125,1189,3313
294684043692,161,4880,164,15051,2126,1189,3314
294684054971,19,7290,60,2186,2126,1190,3315
294684066239,167,5461,62,2413,2127,1190,3316
294684077336,111,5830,49,1983,2128,1190,3317
294684088467,19,6790,51,1876,2128,1191,3318
294684099687,109,5629,99,7643,2129,1191,3319
294684110597,151,5166,59,1961,2130,1191,3320
294684121399,21,7140,51,1754,2130,1192,3321
294684132696,115,5272,247,15057,2131,1192,3322
294684143907,100,5677,110,7833,2132,1192,3323
294684154948,19,7482,47,1985,2132,1193,3324
294684165964,103,5371,148,14725,2133,1193,3325
294684177198,101,5136,64,2212,2134,1193,3326
294684188291,17,7041,64,1415,2134,1194,3327
294684199505,104,5097,40,1618,2135,1194,3328
294684210202,97,5064,325,32278,2136,1194,3329
294684221471,19,7589,83,3514,2136,1195,3330
294684232924,156,5734,109,7920,2137,1195,3331
294684243981,99,4767,45,2273,2138,1195,3332
294684254866,18,7351,66,1885,2138,1196,3333
294684265928,102,5513,139,13649,2139,1196,3334
294684277021,104,4880,107,7698,2140,1196,3335
294684288370,17,7212,69,1745,2140,1197,3336
294684299354,107,5622,148,14687,2141,1197,3337
294684310387,104,5597,99,7159,2142,1197,3338
294684321563,19,7190,78,1861,2142,1198,3339
294684332774,103,7239,166,15091,2143,1198,3340
294684344176,100,5606,92,7760,2144,1198,3341
294684355134,19,7204,59,1841,2144,1199,3342
294684366224,131,5308,168,4445,2145,1199,3343
294684377292,130,5489,369,35249,2146,1199,3344
294684388432,31,6879,83,3773,2146,1200,3345
294684399549,157,5137,167,7937,2147,1200,3346
294684410645,121,5796,154,13811,2148,1200,3347
294684421718,21,7548,45,2151,2148,1201,3348
294684432847,118,5325,41,2246,2149,1201,3349
294684443790,101,5402,88,7226,2150,1201,3350
294684454613,17,7528,74,1830,2150,1202,3351
294684467156,105,5134,138,13441,2151,1202,3352
294684477221,98,5208,38,1119,2152,1202,3353
294684488582,26,7271,40,646,2152,1203,3354
294684499752,100,5794,373,35068,2153,1203,3355
294684510469,97,5003,189,16174,2154,1203,3356
294684521462,16,7516,59,2348,2154,1204,3357
294684533203,105,5849,95,7620,2155,1204,3358
294684544232,113,5209,172,14820,2156,1204,3359
294684555203,18,7194,58,2167,2156,1205,3360
294684566421,109,5533,104,8182,2157,1205,3361
294684577374,110,5838,165,15408,2158,1205,3362
294684588621,16,6692,54,2111,2158,1206,3363
294684599593,113,5505,104,7745,2159,1206,3364
294684610739,131,5533,130,2742,2160,1206,3365
294684621828,100,7510,53,1806,2160,1207,3366
294684632970,97,5465,154,14392,2161,1207,3367
294684644141,111,5632,99,7886,2162,1207,3368
294684655152,19,7536,54,1917,2162,1208,3369
294684666467,120,5266,164,15085,2163,1208,3370
294684677593,102,5655,69,1741,2164,1208,3371
294684688713,89,7696,95,1003,2164,1209,3372
294684699846,107,5175,83,996,2165,1209,3373
294684710862,105,4934,326,32333,2166,1209,3374
294684721823,19,7590,64,3519,2166,1210,3375
294684732576,107,6068,93,7932,2167,1210,3376
294684743978,245,5146,51,2119,2168,1210,3377
294684755010,19,10379,63,1784,2168,1211,3378
294684766366,127,6030,143,13798,2169,1211,3379
294684777261,110,4766,101,7597,2170,1211,3380
294684788612,87,8029,52,1757,2170,1212,3381
294684799728,106,5487,157,14648,2171,1212,3382
294684810447,111,4820,97,7135,2172,1212,3383
294684821658,18,7340,75,1906,2172,1213,3384
294684832710,100,5737,164,15174,2173,1213,3385
294684843987,132,5666,102,7683,2174,1213,3386
294684854888,26,6856,79,1775,2174,1214,3387
294684866028,125,5378,52,2724,2175,1214,3388
294684877382,103,5919,153,14692,2176,1214,3389
294684888535,19,6521,68,2145,2176,1215,3390
294684899811,110,5285,129,7970,2177,1215,3391
294684910342,101,5297,167,15018,2178,1215,3392
294684921304,23,7304,55,2153,2178,1216,3393
294684933067,121,5366,50,2151,2179,1216,3394
294684943702,115,4948,37,1069,2180,1216,3395
294684954790,46,7685,74,634,2180,1217,3396
294684965981,161,5726,323,32322,2181,1217,3397
294684977401,110,5004,116,9355,2182,1217,3398
294684988034,18,7296,69,2186,2182,1218,3399
294684999721,110,5985,48,2386,2183,1218,3400
294685010679,107,5041,147,13741,2184,1218,3401
294685021282,18,7536,102,1941,2184,1219,3402
294685033080,114,5609,92,7754,2185,1219,3403
294685043811,294,5120,170,14826,2186,1219,3404
294685054930,32,7398,78,2212,2186,1220,3405
294685066052,120,5567,95,8023,2187,1220,3406
294685077513,101,6107,159,15220,2188,1220,3407
294685088268,19,6902,51,2183,2188,1221,3408
294685099460,109,5922,125,7812,2189,1221,3409
294685110369,137,5416,59,2736,2190,1221,3410
294685121507,22,7166,56,1839,2190,1222,3411
294685132822,121,4950,225,14464,2191,1222,3412
294685143720,124,5600,97,7731,2192,1222,3413
294685154839,21,7558,54,1837,2192,1223,3414
294685165921,127,5263,155,14985,2193,1223,3415
294685177090,116,5611,59,2644,2194,1223,3416
294685188216,20,7071,67,2073,2194,1224,3417
294685199191,115,5070,38,1258,2195,1224,3418
294685210501,109,5540,54,629,2196,1224,3419
294685221297,18,7625,56,629,2196,1225,3420
294685232809,108,5593,342,35061,2197,1225,3421
294685243607,177,4895,63,3883,2198,1225,3422
294685255002,19,7046,49,2122,2198,1226,3423
294685266392,115,6154,146,14342,2199,1226,3424
294685277277,111,4958,97,7657,2200,1226,3425
294685287973,18,7559,48,1994,2200,1227,3426
294685299767,199,5671,180,14897,2201,1227,3427
294685310377,163,4824,55,2658,2202,1227,3428
294685321825,91,7938,62,2147,2202,1228,3429
294685333112,129,5510,54,2259,2203,1228,3430
294685343711,122,5827,100,7897,2204,1228,3431
294685354963,35,6709,63,1798,2204,1229,3432
294685366584,136,5683,87,2700,2205,1229,3433
294685377092,107,5425,154,14517,2206,1229,3434
294685388053,20,6827,47,2155,2206,1230,3435
294685399728,102,5287,100,8245,2207,1230,3436
294685410745,106,5720,159,15150,2208,1230,3437
294685421568,19,7501,57,2333,2208,1231,3438
294685432812,106,5158,52,2615,2209,1231,3439
294685443683,99,4904,89,7063,2210,1231,3440
294685455131,18,7019,66,1336,2210,1232,3441
294685466219,105,5505,367,33533,2211,1232,3442
294685477218,106,4829,101,8273,2212,1232,3443
294685488289,17,7194,66,1913,2212,1233,3444
294685499293,98,5830,63,2144,2213,1233,3445
294685510667,97,5363,148,14509,2214,1233,3446
294685521756,23,7464,71,2182,2214,1234,3447
294685532705,129,5534,96,7934,2215,1234,3448
294685543660,109,5717,220,14993,2216,1234,3449
294685555108,19,7704,69,2076,2216,1235,3450
294685566684,135,5292,100,8111,2217,1235,3451
294685577420,101,5914,160,15343,2218,1235,3452
294685588603,18,6982,50,2026,2218,1236,3453
294685599279,103,5735,93,7679,2219,1236,3454
294685610575,137,5733,110,2807,2220,1236,3455
294685621705,20,7076,48,1773,2220,1237,3456
294685632908,146,4865,157,14386,2221,1237,3457
294685643774,99,5578,98,8096,2222,1237,3458
294685655026,17,6890,44,1913,2222,1238,3459
294685666730,103,5402,149,14636,2223,1238,3460
294685677267,100,5813,45,1510,2224,1238,3461
294685688210,22,6941,53,703,2224,1239,3462
294685699142,93,5400,28,683,2225,1239,3463
294685710231,98,5027,308,32522,2226,1239,3464
294685721516,20,7392,85,3591,2226,1240,3465
294685732788,103,5818,99,8206,2227,1240,3466
294685743982,100,5126,54,2208,2228,1240,3467
294685754682,20,7510,55,1904,2228,1241,3468
294685766208,105,5536,142,13880,2229,1241,3469
294685776951,265,5470,105,7737,2230,1241,3470
294685788075,22,6990,67,1787,2230,1242,3471
294685799378,125,5467,153,14739,2231,1242,3472
294685810634,112,5671,95,7304,2232,1242,3473
294685821690,19,6902,47,1841,2232,1243,3474
294685832978,106,5699,154,15250,2233,1243,3475
294685843650,103,5907,122,7759,2234,1243,3476
294685854757,19,7116,60,1798,2234,1244,3477
294685865872,136,5526,64,1458,2235,1244,3478
294685876839,107,5239,372,42876,2236,1244,3479
294685888541,19,7197,119,5247,2236,1245,3480
294685899477,106,5400,101,8961,2237,1245,3481
294685910496,202,5128,165,15660,2238,1245,3482
294685921625,20,7590,63,2698,2238,1246,3483
294685932826,107,5582,45,2227,2239,1246,3484
294685943562,101,5110,35,1111,2240,1246,3485
294685955337,18,7745,36,666,2240,1247,3486
294685966164,174,5719,314,32394,2241,1247,3487
294685976975,118,5033,123,9419,2242,1247,3488
294685988414,20,7252,53,2211,2242,1248,3489
294685999505,124,5758,80,2386,2243,1248,3490
294686010698,120,4859,144,13790,2244,1248,3491
294686021838,17,7456,55,1960,2244,1249,3492
294686032951,114,5376,95,7815,2245,1249,3493
294686044015,175,5640,162,14905,2246,1249,3494
294686054954,18,8727,76,2008,2246,1250,3495
294686065932,221,14284,103,7933,2247,1250,3496
294686091741,120,13633,52,1882,2248,1250,3497
294686116868,149,15543,124,3764,2249,1250,3498
294686143726,117,11100,56,2384,2250,1250,3499
294686166082,128,13801,185,14857,2251,1250,3500
294686191613,128,20582,60,1650,2252,1250,3501
294686223525,126,15897,419,32667,2253,1250,3502
294686250884,176,15162,150,9965,2254,1250,3503
294686277629,119,5263,58,2602,2255,1250,3504
294686289111,19,7145,48,1923,2255,1251,3505
294686300067,104,5602,150,14385,2256,1251,3506
294686311108,101,5751,92,7067,2257,1251,3507
294686322301,19,7424,48,1903,2257,1252,3508
294686333542,106,5523,153,15076,2258,1252,3509
294686344677,174,5582,93,7578,2259,1252,3510
294686355788,18,8728,91,1804,2259,1253,3511
294686367068,127,5215,44,1962,2260,1253,3512
294686377570,104,5678,230,23610,2261,1253,3513
294686388809,18,6503,74,2527,2261,1254,3514
294686400216,100,5322,119,8214,2262,1254,3515
294686411219,161,5612,168,15234,2263,1254,3516
294686422256,22,8613,63,2449,2263,1255,3517
294686433367,120,5166,52,2764,2264,1255,3518
294686444191,109,5554,85,6525,2265,1255,3519
294686455215,20,7581,43,782,2265,1256,3520
294686466872,119,5490,362,43275,2266,1256,3521
294686477683,108,5323,119,10562,2267,1256,3522
294686488956,18,7408,58,2802,2267,1257,3523
294686500422,109,5514,70,2789,2268,1257,3524
294686510968,100,4881,153,14872,2269,1257,3525
294686522382,94,9410,59,2593,2269,1258,3526
294686533302,110,5464,105,8318,2270,1258,3527
294686544151,102,5391,170,15328,2271,1258,3528
294686555248,18,7696,57,2539,2271,1259,3529
294686566686,105,5601,99,8651,2272,1259,3530
294686577884,127,5971,242,15697,2273,1259,3531
294686588804,16,6954,53,2444,2273,1260,3532
294686600210,114,5701,160,8230,2274,1260,3533
294686611012,176,5218,68,1923,2275,1260,3534
294686621929,26,6880,47,776,2275,1261,3535
294686633425,123,5312,407,42163,2276,1261,3536
294686644481,141,5852,117,10546,2277,1261,3537
294686655655,20,8249,60,2676,2277,1262,3538
294686667052,115,5306,153,14933,2278,1262,3539
294686677780,120,5851,53,1414,2279,1262,3540
294686689283,99,8907,40,694,2279,1263,3541
294686700000,98,5342,325,35030,2280,1263,3542
294686711096,100,4812,177,17381,2281,1263,3543
294686722418,89,9048,68,2479,2281,1264,3544
294686733380,106,6072,187,7730,2282,1264,3545
294686744409,103,5204,49,2179,2283,1264,3546
294686755578,91,8857,90,1917,2283,1265,3547
294686766741,162,5402,156,14351,2284,1265,3548
294686777894,110,5133,101,7804,2285,1265,3549
294686788909,87,8679,58,1821,2285,1266,3550
294686800216,103,5481,154,14894,2286,1266,3551
294686811490,104,5645,98,7461,2287,1266,3552
294686822460,104,8880,64,1886,2287,1267,3553
294686833333,115,5324,165,15330,2288,1267,3554
294686844623,129,5625,102,7589,2289,1267,3555
294686855503,134,7249,61,1857,2289,1268,3556
294686866876,116,5243,78,2802,2290,1268,3557
294686878137,104,5747,158,14684,2291,1268,3558
294686889166,95,10589,63,2275,2291,1269,3559
294686911441,118,5782,51,1573,2292,1269,3560
294686922481,94,8949,46,720,2292,1270,3561
294686934182,104,5301,444,33835,2293,1270,3562
294686945253,116,5164,115,9258,2294,1270,3563
294686956131,90,9549,62,2410,2294,1271,3564
294686967150,19,4906,47,2130,2294,1272,3565
294686978289,140,5354,56,2344,2295,1272,3566
294686989644,167,10211,59,1862,2295,1273,3567
294687011538,124,5143,202,13327,2296,1273,3568
294687022539,95,8868,58,1941,2296,1274,3569
294687033792,107,5416,90,7666,2297,1274,3570
294687045153,110,5440,144,12737,2298,1274,3571
294687056066,97,8448,74,2061,2298,1275,3572
294687067378,17,4609,40,1984,2298,1276,3573
294687078239,114,6010,45,2215,2299,1276,3574
294687090054,105,9942,49,2024,2299,1277,3575
294687111294,142,5547,110,8998,2300,1277,3576
294687122750,21,7898,54,1895,2300,1278,3577
294687134135,106,5512,152,14624,2301,1278,3578
294687144959,107,5725,62,1660,2302,1278,3579
294687155908,22,8139,36,736,2302,1279,3580
294687167441,114,4994,53,736,2303,1279,3581
294687177971,102,5479,343,33933,2304,1279,3582
294687189322,18,9117,65,3767,2304,1280,3583
294687200420,106,5177,120,7802,2305,1280,3584
294687211534,105,4861,160,14830,2306,1280,3585
294687222777,91,9365,58,2199,2306,1281,3586
294687234136,20,5274,48,2001,2306,1282,3587
294687245181,113,5642,120,8508,2307,1282,3588
294687255879,29,8066,62,2011,2307,1283,3589
294687267253,190,5430,259,14715,2308,1283,3590
294687278257,119,5184,103,7882,2309,1283,3591
294687289688,93,10457,57,1920,2309,1284,3592
294687311885,111,5698,70,4713,2310,1284,3593
294687323501,97,7924,57,1817,2310,1285,3594
294687334020,19,4414,42,1817,2310,1286,3595
294687345389,114,5861,62,2313,2311,1286,3596
294687356402,212,7681,94,1762,2311,1287,3597
294687367567,20,4775,41,1762,2311,1288,3598
294687378731,112,5291,155,13975,2312,1288,3599
294687389599,124,9882,57,2022,2312,1289,3600
294687400606,112,5268,79,6164,2313,1289,3601
294687411992,102,5473,372,41921,2314,1289,3602
294687423245,19,8378,74,4525,2314,1290,3603
294687433883,106,5157,51,2946,2315,1290,3604
294687444824,129,5208,104,7752,2316,1290,3605
294687455970,23,8811,51,2110,2316,1291,3606
294687467146,125,5818,158,15314,2317,1291,3607
294687478339,110,5417,93,7869,2318,1291,3608
294687489296,19,10199,57,2073,2318,1292,3609
294687500833,129,5528,77,2384,2319,1292,3610
294687511805,159,4788,196,14827,2320,1292,3611
294687522510,32,8022,72,2417,2320,1293,3612
294687533791,179,5345,125,8406,2321,1293,3613
294687544951,219,5808,178,13499,2322,1293,3614
294687556299,33,7872,72,2365,2322,1294,3615
294687567633,170,5318,102,7641,2323,1294,3616
294687578600,133,5380,165,15760,2324,1294,3617
294687589541,210,7382,75,2594,2324,1295,3618
294687600617,98,5809,118,8460,2325,1295,3619
294687611695,126,5420,55,1949,2326,1295,3620
294687622645,21,7916,36,849,2326,1296,3621
294687633779,110,5189,68,4565,2327,1296,3622
294687644742,136,5316,562,35443,2328,1296,3623
294687656600,20,7992,68,3775,2328,1297,3624
294687667358,130,5747,157,15153,2329,1297,3625
294687678333,109,5235,52,2516,2330,1297,3626
294687689743,18,9321,57,1873,2330,1298,3627
294687701010,306,5125,98,7200,2331,1298,3628
294687711709,177,5702,189,15124,2332,1298,3629
294687722847,21,8433,55,2079,2332,1299,3630
294687733739,138,5298,108,7923,2333,1299,3631
294687744857,133,5890,51,2194,2334,1299,3632
294687757430,187,7277,140,2397,2335,1299,3633
294687767458,20,4471,39,1857,2335,1300,3634
294687778342,127,5631,153,14748,2336,1300,3635
294687789510,19,7560,52,2189,2336,1301,3636
294687800561,108,5300,48,2481,2337,1301,3637
294687811833,101,5445,42,1399,2338,1301,3638
294687822909,18,8812,38,690,2338,1302,3639
294687834264,104,5422,321,35208,2339,1302,3640
294687844960,124,5721,181,17275,2340,1302,3641
294687856080,24,8779,64,2463,2340,1303,3642
294687867257,153,5002,105,8926,2341,1303,3643
294687878643,112,5299,234,14457,2342,1303,3644
294687889784,19,8075,54,2228,2342,1304,3645
294687900608,151,6022,147,7933,2343,1304,3646
294687911641,127,5233,159,15065,2344,1304,3647
294687922756,94,9376,64,2295,2344,1305,3648
294687934193,20,4838,48,2135,2344,1306,3649
294687944904,258,5328,118,8219,2345,1306,3650
294687956915,113,7629,71,1849,2345,1307,3651
294687967630,20,4188,45,1850,2345,1308,3652
294687978063,117,5909,88,2375,2346,1308,3653
294687989964,104,7753,55,1811,2346,1309,3654
294688000738,18,4581,46,1810,2346,1310,3655
294688011714,112,5347,71,4148,2347,1310,3656
294688023470,100,7343,83,1729,2347,1311,3657
294688034225,21,4761,49,1729,2347,1312,3658
294688045070,136,5719,149,11815,2348,1312,3659
294688056747,203,12317,104,1351,2348,1313,3660
294688081360,137,11464,349,26380,2349,1313,3661
294688104619,181,17376,105,5166,2350,1313,3662
294688133585,146,16394,362,35519,2351,1313,3663
294688161656,137,10503,87,4804,2352,1313,3664
294688173489,116,16107,63,2166,2352,1314,3665
294688201159,121,16302,121,8259,2353,1314,3666
294688228997,126,9477,75,1852,2354,1314,3667
294688240710,129,15100,84,2033,2355,1314,3668
294688267397,179,5556,158,14154,2356,1314,3669
294688278859,112,5834,61,2365,2357,1314,3670
294688290177,99,7623,55,1821,2357,1315,3671
294688300972,18,4737,102,1821,2357,1316,3672
294688311711,106,5573,107,8129,2358,1316,3673
294688323626,190,7665,53,1705,2358,1317,3674
294688334611,21,5058,45,1668,2358,1318,3675
294688345767,113,5302,240,24317,2359,1318,3676
294688357060,201,7836,71,2916,2359,1319,3677
294688368090,20,4709,59,2246,2359,1320,3678
294688378702,109,5170,156,5742,2360,1320,3679
294688390290,176,7910,55,1974,2360,1321,3680
294688400784,19,5111,49,1939,2360,1322,3681
294688411543,106,5083,51,2160,2361,1322,3682
294688423253,87,8190,57,1900,2361,1323,3683
294688434545,45,4842,57,1895,2361,1324,3684
294688445455,144,5242,109,8044,2362,1324,3685
294688457013,102,7686,58,1894,2362,1325,3686
294688467273,19,4464,39,1894,2362,1326,3687
294688478547,158,5390,52,2293,2363,1326,3688
294688489425,17,9770,49,1815,2363,1327,3689
294688500983,106,5513,44,2069,2364,1327,3690
294688512089,102,5728,155,14330,2365,1327,3691
294688523321,22,7074,73,2107,2365,1328,3692
294688533933,104,5156,48,2466,2366,1328,3693
294688545633,102,5327,83,2303,2367,1328,3694
294688556630,23,7867,74,2073,2367,1329,3695
294688567583,115,4988,39,1258,2368,1329,3696
294688578220,213,5160,327,35046,2369,1329,3697
294688589485,20,8563,100,3682,2369,1330,3698
294688600840,106,5464,266,15473,2370,1330,3699
294688611885,121,7385,93,8003,2371,1330,3700
294688622994,19,8525,50,2027,2371,1331,3701
294688634387,108,7739,215,14455,2372,1331,3702
294688645258,118,5387,94,7774,2373,1331,3703
294688656951,243,7657,61,1950,2373,1332,3704
294688667405,18,4348,91,1942,2373,1333,3705
294688678439,117,5215,139,12248,2374,1333,3706
294688689696,20,9527,55,1943,2374,1334,3707
294688701292,123,5249,96,7320,2375,1334,3708
294688712370,102,5178,167,15003,2376,1334,3709
294688722935,19,7941,56,2341,2376,1335,3710
294688734074,107,5575,95,7948,2377,1335,3711
294688745172,99,5702,49,2184,2378,1335,3712
294688756283,69,7821,72,1860,2378,1336,3713
294688767557,120,5020,50,2541,2379,1336,3714
294688778311,149,5369,241,14059,2380,1336,3715
294688789563,25,8099,47,1107,2380,1337,3716
294688800571,155,5167,58,1587,2381,1337,3717
294688811555,120,5179,321,33533,2382,1337,3718
294688822758,17,8834,83,3779,2382,1338,3719
294688834551,152,5219,122,7805,2383,1338,3720
294688845086,102,5146,60,2319,2384,1338,3721
294688855940,158,8560,69,1785,2384,1339,3722
294688867408,131,5466,59,2376,2385,1339,3723
294688878629,137,5081,154,14038,2386,1339,3724
294688889656,98,9694,60,2006,2386,1340,3725
294688901147,21,5277,59,1960,2386,1341,3726
294688911706,128,5065,54,2346,2387,1341,3727
294688922995,21,7830,53,1926,2387,1342,3728
294688934182,118,5352,53,2203,2388,1342,3729
294688945377,111,5093,105,7063,2389,1342,3730
294688956858,156,7519,87,1908,2389,1343,3731
294688967372,17,4587,41,1891,2389,1344,3732
294688978739,106,5905,48,2309,2390,1344,3733
294688989480,18,7930,51,1821,2390,1345,3734
294689000484,103,5097,60,2083,2391,1345,3735
294689012164,104,5358,48,2334,2392,1345,3736
294689022739,17,7877,51,1822,2392,1346,3737
294689034064,110,5223,148,14712,2393,1346,3738
294689045267,106,5740,67,1656,2394,1346,3739
294689056693,18,8103,45,749,2394,1347,3740
294689067568,239,5222,337,33179,2395,1347,3741
294689078373,129,4838,112,9343,2396,1347,3742
294689089326,26,8746,62,2295,2396,1348,3743
294689100563,190,5580,68,2419,2397,1348,3744
294689111679,131,4988,57,2627,2398,1348,3745
294689122896,21,7885,50,1818,2398,1349,3746
294689134140,114,5692,228,14140,2399,1349,3747
294689145143,110,5254,97,7861,2400,1349,3748
294689156479,19,7754,69,1786,2400,1350,3749
294689167546,110,5119,148,14763,2401,1350,3750
294689178284,96,5334,50,2589,2402,1350,3751
294689189780,22,9300,49,2063,2402,1351,3752
294689200814,101,5439,111,7416,2403,1351,3753
294689211999,99,5579,159,15615,2404,1351,3754
294689223147,18,7317,50,1996,2404,1352,3755
294689234185,105,5594,94,7775,2405,1352,3756
294689245422,105,5414,83,2235,2406,1352,3757
294689256818,29,7199,54,1946,2406,1353,3758
294689267597,180,5384,48,2194,2407,1353,3759
294689278543,182,5513,79,5520,2408,1353,3760
294689289690,21,7732,43,928,2408,1354,3761
294689300710,109,5124,54,874,2409,1354,3762
294689311669,103,5442,362,33753,2410,1354,3763
294689322877,18,8657,69,3781,2410,1355,3764
294689334186,119,4967,124,7834,2411,1355,3765
294689345122,106,5066,74,2132,2412,1355,3766
294689356498,29,8341,53,1769,2412,1356,3767
294689367515,182,5411,53,2593,2413,1356,3768
294689378551,105,5425,146,14172,2414,1356,3769
294689389717,18,9052,64,2148,2414,1357,3770
294689400579,149,5686,137,7983,2415,1357,3771
294689411655,161,5136,179,15085,2416,1357,3772
294689422706,33,7858,70,2088,2416,1358,3773
294689433821,183,5295,68,2424,2417,1358,3774
294689445284,173,4953,110,7128,2418,1358,3775
294689456476,35,7768,70,1970,2418,1359,3776
294689467678,138,5203,164,15195,2419,1359,3777
294689478525,102,5985,95,7487,2420,1359,3778
294689489785,19,7590,68,1905,2420,1360,3779
294689500954,112,5549,51,2174,2421,1360,3780
294689511826,98,5841,49,2454,2422,1360,3781
294689522865,105,7526,42,1850,2422,1361,3782
294689534166,99,5268,267,14829,2423,1361,3783
294689545236,109,5624,62,1580,2424,1361,3784
294689556265,21,7922,41,792,2424,1362,3785
294689567649,119,5285,41,782,2425,1362,3786
294689578831,103,5720,330,34875,2426,1362,3787
294689589969,19,7669,65,3935,2426,1363,3788
294689600892,97,5430,77,2780,2427,1363,3789
294689611920,133,7466,62,2724,2428,1363,3790
294689623098,21,7699,44,1776,2428,1364,3791
294689634162,103,6264,192,14351,2429,1364,3792
294689645231,98,5508,101,7552,2430,1364,3793
294689656483,17,7519,41,1787,2430,1365,3794
294689667327,103,5187,149,14650,2431,1365,3795
294689678483,93,4838,89,2450,2432,1365,3796
294689689662,17,8705,46,2018,2432,1366,3797
294689700676,100,5304,191,7453,2433,1366,3798
294689712003,100,5837,157,15398,2434,1366,3799
294689722803,17,7519,44,2066,2434,1367,3800
294689733935,105,5602,92,7906,2435,1367,3801
294689745111,113,5614,53,2270,2436,1367,3802
294689756722,108,7157,47,1871,2436,1368,3803
294689767432,15,4706,66,1871,2436,1369,3804
294689778543,101,5625,144,12688,2437,1369,3805
294689789836,20,8185,56,1562,2437,1370,3806
294689801247,124,5415,215,21243,2438,1370,3807
294689812195,104,7023,50,2256,2439,1370,3808
294689823296,111,7997,49,1722,2439,1371,3809
294689834538,17,4534,46,1678,2439,1372,3810
294689845493,110,5078,116,8021,2440,1372,3811
294689856539,243,8160,61,1525,2440,1373,3812
294689867632,18,5043,46,1517,2440,1374,3813
294689878357,121,5511,166,13703,2441,1374,3814
294689889983,96,9545,55,1668,2441,1375,3815
294689901106,19,4713,61,1620,2441,1376,3816
294689912049,106,5228,68,1914,2442,1376,3817
294689922696,17,8134,47,1618,2442,1377,3818
294689934812,113,5518,50,1770,2443,1377,3819
294689945776,101,5260,96,6959,2444,1377,3820
294689956964,92,7470,62,1578,2444,1378,3821
294689967727,18,4547,47,1545,2444,1379,3822
294689978763,120,5872,54,2011,2445,1379,3823
294689989637,94,7658,55,1462,2445,1380,3824
294690000833,104,5231,211,1717,2446,1380,3825
294690011703,105,5634,90,1819,2447,1380,3826
294690023276,328,7587,56,1279,2447,1381,3827
294690034590,23,4939,128,1271,2447,1382,3828
294690045197,114,5519,261,23053,2448,1382,3829
294690056921,297,7790,107,2630,2449,1382,3830
294690067902,141,5225,49,1861,2449,1383,3831
294690078643,109,5195,123,7160,2450,1383,3832
294690089716,91,9351,56,1701,2450,1384,3833
294690101035,19,5914,98,1672,2450,1385,3834
294690111855,127,5138,81,4992,2451,1385,3835
294690122828,213,8689,58,1621,2451,1386,3836
294690133985,23,4946,49,1599,2451,1387,3837
294690144887,175,4870,51,2243,2452,1387,3838
294690156372,94,8421,58,1605,2452,1388,3839
294690167902,19,10133,77,1597,2452,1389,3840
294690178645,170,5796,194,12026,2453,1389,3841
294690189834,18,7999,68,1623,2453,1390,3842
294690201066,106,5442,131,6776,2454,1390,3843
294690212066,108,5647,186,14859,2455,1390,3844
294690223354,94,7617,57,2130,2455,1391,3845
294690234233,23,4777,72,1969,2455,1392,3846
294690245134,124,5516,119,8465,2456,1392,3847
294690256712,18,8374,60,1684,2456,1393,3848
294690267684,150,5281,154,14551,2457,1393,3849
294690278530,116,5595,101,7917,2458,1393,3850
294690289775,21,8833,73,1764,2458,1394,3851
294690300823,113,4991,160,15059,2459,1394,3852
294690311827,102,5476,56,2482,2460,1394,3853
294690323053,69,8343,56,1918,2460,1395,3854
294690334123,127,6260,53,2082,2461,1395,3855
294690345200,111,5293,117,7582,2462,1395,3856
294690356303,172,9965,102,1716,2462,1396,3857
294690367698,28,10037,55,1698,2462,1397,3858
294690378710,128,4990,152,13888,2463,1397,3859
294690389635,63,9191,50,1809,2463,1398,3860
294690400621,112,5051,110,7560,2464,1398,3861
294690411555,122,5550,157,14713,2465,1398,3862
294690423018,20,7415,49,1838,2465,1399,3863
294690434224,111,5458,70,2092,2466,1399,3864
294690445171,104,5540,109,6856,2467,1399,3865
294690456641,95,7790,104,1748,2467,1400,3866
294690467434,19,4685,45,1738,2467,1401,3867
294690478509,109,5759,70,4236,2468,1401,3868
294690490125,248,8223,60,733,2468,1402,3869
294690500877,16,4786,30,701,2468,1403,3870
294690511848,107,5260,355,35060,2469,1403,3871
294690522958,86,9293,104,3704,2469,1404,3872
294690534793,31,4947,96,2175,2469,1405,3873
294690545193,135,5232,57,2272,2470,1405,3874
294690556063,21,8366,51,1773,2470,1406,3875
294690567706,132,10577,188,8022,2471,1406,3876
294690590001,181,8560,184,14431,2472,1406,3877
294690601405,26,4814,56,2143,2472,1407,3878
294690611780,118,5630,144,9085,2473,1407,3879
294690623669,170,7055,58,1922,2473,1408,3880
294690634475,20,5160,69,1891,2473,1409,3881
294690645274,115,5499,64,2550,2474,1409,3882
294690656516,102,7659,74,1822,2474,1410,3883
294690667631,19,4764,70,1802,2474,1411,3884
294690678926,125,5732,139,12057,2475,1411,3885
294690690196,105,7673,108,1858,2475,1412,3886
294690701331,19,4590,44,1823,2475,1413,3887
294690712189,116,5639,51,1976,2476,1413,3888
294690724290,134,7455,106,7419,2477,1413,3889
294690734330,97,5215,53,1912,2477,1414,3890
294690746371,121,5667,55,2285,2478,1414,3891
294690756748,128,8425,63,1921,2478,1415,3892
294690767609,21,4433,60,1918,2478,1416,3893
294690778633,119,5183,57,2569,2479,1416,3894
294690789907,22,8334,58,1921,2479,1417,3895
294690801211,244,5147,165,14377,2480,1417,3896
294690812153,104,5399,49,2294,2481,1417,3897
294690823088,19,8105,50,1929,2481,1418,3898
294690834246,107,6052,54,2126,2482,1418,3899
294690845714,102,5056,90,7354,2483,1418,3900
294690856801,142,7460,53,1878,2483,1419,3901
294690867690,23,10083,50,1861,2483,1420,3902
294690878938,110,5364,144,13859,2484,1420,3903
294690890101,17,7499,50,1880,2484,1421,3904
294690900890,110,5445,95,7670,2485,1421,3905
294693328673,216,10593,314,32580,2486,1421,3906
294693340795,148,15460,326,30875,2487,1421,3907
294693368000,132,14591,156,13511,2488,1421,3908
294693394210,125,11161,84,5771,2489,1421,3909
294693417347,140,15926,195,15620,2490,1421,3910
294693444952,122,10067,104,8060,2491,1421,3911
294693455985,20,11757,82,2812,2491,1422,3912
294693479021,126,4845,68,3219,2492,1422,3913
294693490541,100,7165,58,2828,2493,1422,3914
294693501617,17,4853,76,2643,2493,1423,3915
294693512734,98,4987,159,15086,2494,1423,3916
294693523465,193,7123,53,3290,2495,1423,3917
294693535006,17,6758,61,2782,2495,1424,3918
294693545844,100,5813,67,2994,2496,1424,3919
294693556886,103,7303,94,7925,2497,1424,3920
294693568082,17,9608,57,2744,2497,1425,3921
294693579506,103,5569,156,16023,2498,1425,3922
294693590648,94,6839,42,1823,2499,1425,3923
294693601281,16,4903,49,1244,2499,1426,3924
294693612300,127,5655,361,35910,2500,1426,3925
294693623904,332,7474,173,16838,2501,1426,3926
294693635169,18,4988,55,3009,2501,1427,3927
294693646099,103,5649,98,8443,2502,1427,3928
294693657121,104,7560,323,15350,2503,1427,3929
294693668366,19,8166,58,2669,2503,1428,3930
294693679394,106,5612,50,2943,2504,1428,3931
294693690460,96,7594,100,7937,2505,1428,3932
294693701311,17,4809,48,2551,2505,1429,3933
294693712586,108,5205,199,15753,2506,1429,3934
294693723699,101,7528,129,8397,2507,1429,3935
294693735126,40,7189,61,2564,2507,1430,3936
294693745705,105,5120,71,2867,2508,1430,3937
294693757396,109,7386,158,15254,2509,1430,3938
294693767951,16,4836,48,2568,2509,1431,3939
294693779120,104,5130,97,8234,2510,1431,3940
294693790332,108,7022,164,13654,2511,1431,3941
294693801474,17,4720,138,2563,2511,1432,3942
294693812699,367,5261,191,7607,2512,1432,3943
294693824022,140,6337,172,15895,2513,1432,3944
294693834786,25,5404,95,2854,2513,1433,3945
294693846013,120,5763,216,8639,2514,1433,3946
294693856958,139,7022,70,3087,2515,1433,3947
294693868266,29,9349,90,2479,2515,1434,3948
294693879482,118,5576,150,14305,2516,1434,3949
294693890428,170,7848,390,37900,2517,1434,3950
294693901709,18,4783,128,4257,2517,1435,3951
294693912934,124,5643,168,15995,2518,1435,3952
294693923687,97,7854,58,3326,2519,1435,3953
294693934905,19,4986,145,2707,2519,1436,3954
294693946581,104,5585,96,8226,2520,1436,3955
294693957111,104,7702,173,16112,2521,1436,3956
294693968204,18,8579,57,2883,2521,1437,3957
294693979467,110,5192,101,8645,2522,1437,3958
294693990387,94,7788,58,2891,2523,1437,3959
294694001695,18,5330,71,2565,2523,1438,3960
294694012568,103,5474,158,15287,2524,1438,3961
294694023638,98,7484,104,8709,2525,1438,3962
294694034952,19,4950,73,2624,2525,1439,3963
294694045602,110,4996,157,12999,2526,1439,3964
294694057323,109,7222,98,7962,2527,1439,3965
294694068229,18,7448,66,2565,2527,1440,3966
294694079270,116,5414,164,15969,2528,1440,3967
294694090432,117,7132,108,8602,2529,1440,3968
294694101541,19,4947,99,2517,2529,1441,3969
294694112974,134,6016,82,5062,2530,1441,3970
294694125241,179,6220,67,1354,2531,1441,3971
294694134834,20,4953,63,1305,2531,1442,3972
294694145850,103,5712,388,35715,2532,1442,3973
294694156769,18,7885,67,4305,2532,1443,3974
294694168430,117,9270,167,15711,2533,1443,3975
294694179636,101,5485,54,3111,2534,1443,3976
294694190432,137,7673,94,7884,2535,1443,3977
294694201696,16,4448,49,2436,2535,1444,3978
294694212816,105,5394,165,15699,2536,1444,3979
294694223709,98,7615,100,8192,2537,1444,3980
294694234845,18,6819,52,2435,2537,1445,3981
294694245981,103,5168,51,2785,2538,1445,3982
294694256756,20,7393,65,2453,2538,1446,3983
294694268040,136,8946,235,15007,2539,1446,3984
294694279630,122,5157,128,8452,2540,1446,3985
294694290597,149,7008,152,13677,2541,1446,3986
294694302003,93,7573,68,2644,2541,1447,3987
294694312955,108,5613,101,7818,2542,1447,3988
294694324244,147,6635,194,16066,2543,1447,3989
294694335302,144,7858,66,2781,2543,1448,3990
294694346727,100,5772,106,8630,2544,1448,3991
294694358140,184,6212,104,3098,2545,1448,3992
294694368532,104,9804,83,1400,2545,1449,3993
294694379900,121,5610,78,4631,2546,1449,3994
294694390666,182,7373,356,35822,2547,1449,3995
294694401909,91,7154,105,4330,2547,1450,3996
294694413060,107,5616,214,15810,2548,1450,3997
294694424337,848,6339,82,3092,2549,1450,3998
294694435310,177,7224,114,2498,2549,1451,3999
294694446510,147,5207,103,7920,2550,1451,4000
294694457662,139,7028,182,15710,2551,1451,4001
294694468255,104,4947,58,2776,2551,1452,4002
294694479267,157,5151,138,8538,2552,1452,4003
294694490432,130,7403,69,2688,2553,1452,4004
294694501448,103,8137,68,2337,2553,1453,4005
294694512447,115,5141,161,15071,2554,1453,4006
294694523591,164,7479,105,8364,2555,1453,4007
294694534796,20,4946,54,2505,2555,1454,4008
294694545910,116,4941,163,12954,2556,1454,4009
294694556971,123,7645,99,7600,2557,1454,4010
294694568406,100,7858,61,2482,2557,1455,4011
294694579539,254,4938,169,15626,2558,1455,4012
294694590553,279,7047,115,8345,2559,1455,4013
294694601868,109,7970,76,2545,2559,1456,4014
294694612932,126,5801,72,3552,2560,1456,4015
294694624242,141,6850,180,14352,2561,1456,4016
294694634745,19,4891,46,1785,2561,1457,4017
294694646072,109,5638,345,38094,2562,1457,4018
294694656867,109,7894,181,17429,2563,1457,4019
294694667911,18,4503,50,3271,2563,1458,4020
294694679249,121,5211,91,3287,2564,1458,4021
294694690301,102,7709,113,8107,2565,1458,4022
294694701178,23,4844,50,2647,2565,1459,4023
294694712970,105,5398,159,15888,2566,1459,4024
294694723901,101,7289,139,8252,2567,1459,4025
294694734988,21,6847,53,2560,2567,1460,4026
294694745741,107,5200,50,2946,2568,1460,4027
294694756936,25,7175,72,2572,2568,1461,4028
294694767974,145,8311,169,15074,2569,1461,4029
294694779027,122,5069,107,8906,2570,1461,4030
294694791761,173,5814,157,13972,2571,1461,4031
294694801704,27,4934,64,2765,2571,1462,4032
294694812522,154,5165,101,8140,2572,1462,4033
294694823342,19,7328,56,2478,2572,1463,4034
294694834870,177,7883,181,16139,2573,1463,4035
294694846121,123,5802,99,8389,2574,1463,4036
294694856926,303,7043,71,3438,2575,1463,4037
294694868291,20,9033,59,2544,2575,1464,4038
294694879010,110,5261,157,15337,2576,1464,4039
294694890239,100,7521,50,2287,2577,1464,4040
294694901255,19,4809,39,1294,2577,1465,4041
294694912505,108,5279,306,33658,2578,1465,4042
294694923401,35,7813,67,4145,2578,1466,4043
294694934832,125,6366,55,2830,2579,1466,4044
294694945687,102,5410,95,7947,2580,1466,4045
294694956711,55,7686,53,2459,2580,1467,4046
294694968292,325,8471,178,15174,2581,1467,4047
294694979413,207,5311,152,8170,2582,1467,4048
294694990647,134,7243,83,2794,2583,1467,4049
294695001222,27,5344,128,2516,2583,1468,4050
294695012383,131,4984,159,15051,2584,1468,4051
294695023839,102,7290,137,8928,2585,1468,4052
294695034934,22,5010,71,2512,2585,1469,4053
294695045601,113,4846,183,13074,2586,1469,4054
294695056828,16,7297,51,2415,2586,1470,4055
294695067998,99,8158,120,7731,2587,1470,4056
294695079226,149,5494,170,15708,2588,1470,4057
294695090234,104,7289,104,8342,2589,1470,4058
294695101459,19,5062,60,2477,2589,1471,4059
294695112912,126,5742,98,3377,2590,1471,4060
294695123404,25,7380,52,2415,2590,1472,4061
294695134628,118,5266,199,12506,2591,1472,4062
294695145696,101,5374,55,1952,2592,1472,4063
294695156896,731,7159,482,33741,2593,1472,4064
294695167927,23,4679,110,4173,2593,1473,4065
294695179046,119,5149,104,2853,2594,1473,4066
294695190418,184,7158,101,7922,2595,1473,4067
294695201455,27,4471,51,2376,2595,1474,4068
294695212567,116,5061,184,15185,2596,1474,4069
294695223640,117,7629,134,8168,2597,1474,4070
294695234588,17,5334,99,2564,2597,1475,4071
294695245683,107,5078,81,2936,2598,1475,4072
294695256972,117,13577,162,15047,2599,1475,4073
294695282329,160,15674,114,8828,2600,1475,4074
294695309551,151,11597,58,3326,2601,1475,4075
294695333034,124,15538,172,15843,2602,1475,4076
294695359933,230,12254,63,2088,2603,1475,4077
294695383903,119,14599,54,1283,2604,1475,4078
294695410420,127,10895,313,33577,2605,1475,4079
294695432869,114,15724,72,4246,2606,1475,4080
294695460532,135,7937,60,2746,2607,1475,4081
294695471584,20,7050,54,2398,2607,1476,4082
294695482639,99,5488,99,8216,2608,1476,4083
294695493311,95,5612,52,2613,2609,1476,4084
294695504436,17,6707,54,2346,2609,1477,4085
294695515815,109,5569,147,14473,2610,1477,4086
294695526763,106,5355,133,8423,2611,1477,4087
294695537625,22,6820,49,2330,2611,1478,4088
294695549328,99,5270,153,12812,2612,1478,4089
294695559998,102,5682,117,7817,2613,1478,4090
294695571267,17,7460,54,2413,2613,1479,4091
294695582402,97,5228,155,15622,2614,1479,4092
294695593209,96,5624,43,2015,2615,1479,4093
294695604566,109,7887,56,1305,2615,1480,4094
294695616029,144,4969,368,35964,2616,1480,4095
294695627084,105,5464,180,16929,2617,1480,4096
294695638237,24,7679,62,3075,2617,1481,4097
294695648988,117,6140,109,8482,2618,1481,4098
294695659958,96,5372,158,15582,2619,1481,4099
294695671020,17,10088,60,2836,2619,1482,4100
294695682563,112,5959,53,3054,2620,1482,4101
294695693602,94,5281,93,7776,2621,1482,4102
294695704385,18,7203,55,2464,2621,1483,4103
294695715711,110,5403,158,15675,2622,1483,4104
294695726631,99,5203,99,8094,2623,1483,4105
294695737773,17,7263,59,2664,2623,1484,4106
294695749349,119,5503,101,3027,2624,1484,4107
294695760185,96,5834,153,15084,2625,1484,4108
294695771166,17,6891,54,2590,2625,1485,4109
294695782469,107,5345,104,8392,2626,1485,4110
294695793468,127,5607,189,13689,2627,1485,4111
294695804541,23,6704,58,2724,2627,1486,4112
294695815591,121,5108,94,7840,2628,1486,4113
294695826563,110,5495,186,16087,2629,1486,4114
294695838293,30,8479,65,3026,2629,1487,4115
294695849403,165,4641,107,8818,2630,1487,4116
294695859834,147,5126,58,2634,2631,1487,4117
294695871140,97,7702,51,2206,2631,1488,4118
294695882427,97,5041,80,5587,2632,1488,4119
294695893712,102,5010,410,35853,2633,1488,4120
294695904910,19,7406,98,4302,2633,1489,4121
294695916115,104,5643,187,15692,2634,1489,4122
294695926900,103,4808,76,3107,2635,1489,4123
294695938232,18,7497,54,2471,2635,1490,4124
294695949168,108,5423,92,7816,2636,1490,4125
294695960150,125,4722,167,15773,2637,1490,4126
294695971186,20,7299,82,2762,2637,1491,4127
294695982339,112,5428,99,8546,2638,1491,4128
294695993244,128,4857,81,2653,2639,1491,4129
294696004914,67,7279,69,2424,2639,1492,4130
294696016048,134,5447,274,15193,2640,1492,4131
294696026999,129,5659,154,8739,2641,1492,4132
294696038282,29,7363,62,2487,2641,1493,4133
294696049045,116,6316,160,15479,2642,1493,4134
294696060392,119,5507,147,8006,2643,1493,4135
294696071418,20,7164,124,2539,2643,1494,4136
294696082603,109,4961,157,15869,2644,1494,4137
294696093556,102,5863,102,8164,2645,1494,4138
294696104445,19,6995,63,2422,2645,1495,4139
294696115464,127,5367,61,3891,2646,1495,4140
294696126720,108,7839,161,15144,2647,1495,4141
294696138110,18,7138,62,2666,2647,1496,4142
294696149576,130,5164,253,18479,2648,1496,4143
294696160125,117,4862,171,16098,2649,1496,4144
294696171038,123,7716,75,2999,2649,1497,4145
294696182896,282,5475,66,3311,2650,1497,4146
294696193621,113,4910,128,8192,2651,1497,4147
294696204513,97,7759,69,2660,2651,1498,4148
294696215969,150,5535,180,15951,2652,1498,4149
294696227124,132,4993,106,8350,2653,1498,4150
294696237747,23,7025,60,2608,2653,1499,4151
294696249029,110,6061,53,2931,2654,1499,4152
294696260539,105,5315,156,15164,2655,1499,4153
294696271208,22,6830,61,2953,2655,1500,4154
294696282435,109,5181,82,3074,2656,1500,4155
294696293398,102,5700,57,2842,2657,1500,4156
294696304790,18,7465,66,2622,2657,1501,4157
294696315738,102,4973,162,7920,2658,1501,4158
294696327054,105,7922,171,11527,2659,1501,4159
294696338216,19,7417,70,1666,2659,1502,4160
294696349034,106,6119,424,32803,2660,1502,4161
294696360112,248,4753,130,11230,2661,1502,4162
294696371340,24,7243,62,2827,2661,1503,4163
294696382229,116,6074,161,15324,2662,1503,4164
294696393303,105,4857,106,8716,2663,1503,4165
294696404680,26,7733,76,2488,2663,1504,4166
294696415714,130,5433,164,15667,2664,1504,4167
294696426789,102,5025,72,3144,2665,1504,4168
294696438246,20,7595,91,2607,2665,1505,4169
294696449203,106,5738,97,8109,2666,1505,4170
294696460351,101,5338,161,15953,2667,1505,4171
294696471354,21,7368,59,2901,2667,1506,4172
294696482678,102,4932,98,8743,2668,1506,4173
294696493486,100,5539,75,2666,2669,1506,4174
294696504801,110,7286,95,2435,2669,1507,4175
294696516067,118,5514,162,15444,2670,1507,4176
294696526651,103,5570,53,3205,2671,1507,4177
294696537867,17,7742,56,2640,2671,1508,4178
294696548932,105,5535,68,2830,2672,1508,4179
294696559980,109,5729,106,7753,2673,1508,4180
294696571504,22,7260,62,2601,2673,1509,4181
294696582614,124,4848,49,2581,2674,1509,4182
294696593533,102,4914,163,15826,2675,1509,4183
294696604563,37,7291,65,2904,2675,1510,4184
294696615645,266,5464,119,9905,2676,1510,4185
294696626875,121,5016,190,15423,2677,1510,4186
294696637654,20,7374,61,2926,2677,1511,4187
294696649126,117,5725,104,8795,2678,1511,4188
294696660041,116,4767,161,15786,2679,1511,4189
294696671261,19,7291,62,2927,2679,1512,4190
294696682357,119,5297,54,3202,2680,1512,4191
294696693628,116,5522,103,8124,2681,1512,4192
294696704738,18,7032,55,2585,2681,1513,4193
294696715718,104,5486,163,16159,2682,1513,4194
294696726798,108,5695,107,8294,2683,1513,4195
294696737909,18,7777,67,2585,2683,1514,4196
294696749041,121,5821,54,2963,2684,1514,4197
294696760269,112,5342,168,15181,2685,1514,4198
294696771129,31,7444,60,2958,2685,1515,4199
294696782264,154,5166,51,3098,2686,1515,4200
294696793570,101,5620,78,2898,2687,1515,4201
294696804786,17,7191,54,2655,2687,1516,4202
294696815737,109,5130,102,7803,2688,1516,4203
294696826839,102,7060,81,5582,2689,1516,4204
294696837717,22,7145,52,1369,2689,1517,4205
294696849106,121,6560,484,33067,2690,1517,4206
294696860256,135,4877,125,11040,2691,1517,4207
294696871134,24,7294,69,2744,2691,1518,4208
294696882357,124,5800,156,14654,2692,1518,4209
294696893522,109,5034,136,8268,2693,1518,4210
294696904504,19,7246,63,2543,2693,1519,4211
294696915700,114,5421,162,15476,2694,1519,4212
294696927079,112,7633,106,2791,2695,1519,4213
294696937806,19,7369,60,2431,2695,1520,4214
294696948899,114,5738,108,7885,2696,1520,4215
294696960080,102,5638,224,15771,2697,1520,4216
294696971571,18,7279,57,2830,2697,1521,4217
294696982411,103,5241,99,8424,2698,1521,4218
294696993297,105,5576,55,2583,2699,1521,4219
294697004727,19,6822,57,2353,2699,1522,4220
294697016001,235,5532,166,15176,2700,1522,4221
294697026568,109,5432,56,3031,2701,1522,4222
294697037945,19,7097,56,2526,2701,1523,4223
294697048944,103,5572,55,2747,2702,1523,4224
294697059967,105,5572,97,7703,2703,1523,4225
294697071585,19,7361,67,2448,2703,1524,4226
294697082430,144,5000,92,4811,2704,1524,4227
294697093138,124,4967,341,33076,2705,1524,4228
294697104280,29,7314,78,4115,2705,1525,4229
294697115999,160,5541,121,9591,2706,1525,4230
294697127026,119,4772,157,14745,2707,1525,4231
294697137956,21,7239,62,2569,2707,1526,4232
294697149096,116,5301,101,8218,2708,1526,4233
294697160661,112,5166,168,15499,2709,1526,4234
294697171453,112,7922,85,2650,2709,1527,4235
294697182470,104,5141,58,3037,2710,1527,4236
294697193308,107,5960,107,8057,2711,1527,4237
294697205053,100,8583,85,2360,2711,1528,4238
294697216540,108,5247,162,15658,2712,1528,4239
294697227194,102,10707,154,8158,2713,1528,4240
294697249547,148,5346,61,2798,2714,1528,4241
294697260674,108,5870,164,14941,2715,1528,4242
294697272185,99,8339,77,2785,2715,1529,4243
294697282732,125,5022,61,2933,2716,1529,4244
294697293846,111,5704,58,2731,2717,1529,4245
294697305166,27,7230,93,2529,2717,1530,4246
294697317177,136,5190,72,2529,2718,1530,4247
294697327495,111,4977,52,1857,2719,1530,4248
294697338114,22,7702,52,1191,2719,1531,4249
294697349507,127,6872,312,32964,2720,1531,4250
294697360503,172,5385,128,10892,2721,1531,4251
294697371696,20,7619,75,2799,2721,1532,4252
294697382863,110,5649,156,14551,2722,1532,4253
294697394135,118,5299,118,8247,2723,1532,4254
294697405268,35,7277,125,2596,2723,1533,4255
294697416210,124,5368,163,15476,2724,1533,4256
294697427202,103,4950,57,2812,2725,1533,4257
294697438522,18,7478,81,2471,2725,1534,4258
294697449582,130,5292,103,7935,2726,1534,4259
294697460845,113,5799,168,15723,2727,1534,4260
294697472179,92,8634,73,2760,2727,1535,4261
294697483080,121,4786,178,8436,2728,1535,4262
294697493987,140,5949,100,5151,2729,1535,4263
294697505617,115,8158,52,1320,2729,1536,4264
294697516648,97,5568,356,36079,2730,1536,4265
294697527742,105,5526,100,5259,2731,1536,4266
294697538704,98,8029,64,2770,2731,1537,4267
294697550004,99,5111,76,2622,2732,1537,4268
294697560993,98,5720,99,7890,2733,1537,4269
294697572328,85,8165,104,2487,2733,1538,4270
294697583309,20,4586,71,2436,2733,1539,4271
294697594176,158,5653,77,2370,2734,1539,4272
294697605646,172,9337,78,1695,2734,1540,4273
294697616347,31,4451,50,1690,2734,1541,4274
294697627152,139,4894,325,33126,2735,1541,4275
294697638062,118,7705,67,2436,2735,1542,4276
294697649678,120,5627,94,7904,2736,1542,4277
294697660747,98,5345,159,15059,2737,1542,4278
294697671907,18,8587,51,2376,2737,1543,4279
294697683510,99,5796,59,2584,2738,1543,4280
294697694587,108,5316,116,7542,2739,1543,4281
294697705519,172,9938,56,2154,2739,1544,4282
294697716655,18,4991,45,2120,2739,1545,4283
294697727107,240,7407,168,2652,2740,1545,4284
294697739184,167,7922,82,2010,2740,1546,4285
294697749905,19,4729,87,2005,2740,1547,4286
294697760838,105,5930,155,13485,2741,1547,4287
294697772382,128,8899,77,2191,2741,1548,4288
294697783676,17,4279,48,2192,2741,1549,4289
294697793990,104,5805,64,3876,2742,1549,4290
294697805535,114,7846,90,2166,2742,1550,4291
294697816321,125,5103,143,7247,2743,1550,4292
294697827287,110,8347,169,15164,2744,1550,4293
294697838705,20,7886,60,2512,2744,1551,4294
294697849799,110,4988,103,8026,2745,1551,4295
294697860769,145,5456,116,2360,2746,1551,4296
294697871673,23,7249,56,1825,2746,1552,4297
294697882822,112,5301,86,6031,2747,1552,4298
294697893997,108,5787,49,1349,2748,1552,4299
294697904932,18,7259,48,1310,2748,1553,4300
294697915861,102,5499,303,33566,2749,1553,4301
294697927556,104,4927,87,4255,2750,1553,4302
294697938284,18,7478,79,2698,2750,1554,4303
294697949469,101,6211,91,7882,2751,1554,4304
294697960557,100,5269,158,15079,2752,1554,4305
294697971760,33,7392,59,2746,2752,1555,4306
294697982927,102,5443,119,8262,2753,1555,4307
294697994114,118,5179,72,2683,2754,1555,4308
294698004934,21,7051,54,2351,2754,1556,4309
294698017127,147,5457,234,14867,2755,1556,4310
294698027644,137,5378,106,8378,2756,1556,4311
294698038732,20,8002,96,2408,2756,1557,4312
294698049524,110,5288,167,12759,2757,1557,4313
294698060647,100,5706,100,7804,2758,1557,4314
294698072164,23,7625,71,2459,2758,1558,4315
294698083125,128,5250,178,15707,2759,1558,4316
294698093948,113,5657,107,8305,2760,1558,4317
294698104990,42,7573,132,2506,2760,1559,4318
294698116485,151,5379,57,2477,2761,1559,4319
294698127445,121,4861,164,14940,2762,1559,4320
294698138128,25,7695,68,2565,2762,1560,4321
294698149431,125,6200,106,8194,2763,1560,4322
294698160591,106,5178,157,15187,2764,1560,4323
294698171807,20,7407,64,2837,2764,1561,4324
294698182609,117,5290,56,3100,2765,1561,4325
294698193839,106,5123,95,7841,2766,1561,4326
294698205012,20,7449,79,2394,2766,1562,4327
294698216681,107,5561,158,15731,2767,1562,4328
294698227200,101,5484,127,8247,2768,1562,4329
294698238259,23,7200,55,2531,2768,1563,4330
294698249556,105,5489,51,2867,2769,1563,4331
294698260644,98,5669,183,15311,2770,1563,4332
294698271673,20,7117,55,2729,2770,1564,4333
294698282762,107,5253,97,3046,2771,1564,4334
294698293874,121,5817,100,2701,2772,1564,4335
294698304904,21,7192,56,2489,2772,1565,4336
294698316385,118,5420,93,7467,2773,1565,4337
294698327181,103,5149,156,14841,2774,1565,4338
294698338446,23,7478,61,1679,2774,1566,4339
294698349444,137,5310,318,32426,2775,1566,4340
294698360674,181,4930,151,10842,2776,1566,4341
294698372034,20,9154,74,2782,2776,1567,4342
294698383000,140,5794,173,16130,2777,1567,4343
294698394249,160,5328,128,8358,2778,1567,4344
294698404869,19,7242,62,2601,2778,1568,4345
294698416532,117,5674,166,15498,2779,1568,4346
294698427475,107,5086,63,3264,2780,1568,4347
294698438061,22,7428,63,2762,2780,1569,4348
294698449917,126,5237,100,8243,2781,1569,4349
294698460818,300,10841,169,16225,2782,1569,4350
294698483416,130,15594,115,8372,2783,1569,4351
294698510863,174,11149,192,14913,2784,1569,4352
294698533539,434,15672,75,3052,2785,1569,4353
294698560885,213,9434,112,8041,2786,1569,4354
294698572046,20,15593,70,2557,2786,1570,4355
294698599023,159,10314,92,4824,2787,1570,4356
294698610354,135,17902,62,1338,2788,1570,4357
294698639659,136,15438,349,36068,2789,1570,4358
294698667356,146,7070,81,5297,2790,1570,4359
294698677903,113,5302,53,2890,2791,1570,4360
294698688829,24,8030,64,2494,2791,1571,4361
294698700347,119,5519,140,7908,2792,1571,4362
294698711354,108,5499,159,14716,2793,1571,4363
294698722151,17,7955,167,2645,2793,1572,4364
294698733505,244,5357,164,8289,2794,1572,4365
294698744539,121,5722,80,2893,2795,1572,4366
294698755573,21,8082,72,2505,2795,1573,4367
294698767273,1370,7346,190,15077,2796,1573,4368
294698777879,131,5547,53,2257,2797,1573,4369
294698789022,140,8020,78,1353,2797,1574,4370
294698799973,140,5266,375,34416,2798,1574,4371
294698811180,130,5584,115,9251,2799,1574,4372
294698822532,20,7901,80,2795,2799,1575,4373
294698833422,222,5160,83,4921,2800,1575,4374
294698844807,194,5370,329,33231,2801,1575,4375
294698855624,30,9290,86,4267,2801,1576,4376
294698867671,142,5508,113,9082,2802,1576,4377
294698877793,144,4843,198,15232,2803,1576,4378
294698888595,25,7370,66,2708,2803,1577,4379
294698900524,124,5663,113,8359,2804,1577,4380
294698911110,312,5033,208,15641,2805,1577,4381
294698922223,33,8093,70,2773,2805,1578,4382
294698933758,131,5532,62,3166,2806,1578,4383
294698944908,1062,5108,118,8230,2807,1578,4384
294698955779,29,7978,69,2438,2807,1579,4385
294698966567,297,6524,173,15859,2808,1579,4386
294698977999,137,5798,109,8033,2809,1579,4387
294698988737,23,6773,63,2516,2809,1580,4388
294699000125,127,5152,61,2848,2810,1580,4389
294699011301,114,5673,59,3086,2811,1580,4390
294699022307,51,8249,57,2560,2811,1581,4391
294699033302,111,5104,159,14938,2812,1581,4392
294699044128,113,5311,47,2022,2813,1581,4393
294699055404,19,8851,47,1394,2813,1582,4394
294699067018,114,5790,380,34243,2814,1582,4395
294699078097,140,5643,127,9907,2815,1582,4396
294699088784,25,9047,93,3107,2815,1583,4397
294699100089,157,5806,188,3187,2816,1583,4398
294699110920,196,4712,62,2696,2817,1583,4399
294699122377,22,7966,60,2471,2817,1584,4400
294699133451,117,5247,161,15633,2818,1584,4401
294699144312,1179,4953,107,8595,2819,1584,4402
294699156097,25,7961,65,2657,2819,1585,4403
294699166480,120,6679,160,15677,2820,1585,4404
294699178043,116,5878,68,3326,2821,1585,4405
294699189104,26,8515,69,2806,2821,1586,4406
294699199901,122,5350,49,2034,2822,1586,4407
294699211127,115,5953,304,33189,2823,1586,4408
294699222214,21,7744,113,4261,2823,1587,4409
294699233309,111,5239,104,8786,2824,1587,4410
294699244148,103,5368,55,3038,2825,1587,4411
294699255604,18,8211,57,2661,2825,1588,4412
294699266748,98,5811,77,5922,2826,1588,4413
294699277877,97,5572,331,35874,2827,1588,4414
294699289403,24,8094,68,4434,2827,1589,4415
294699299884,99,4961,209,15802,2828,1589,4416
294699311249,184,5098,62,3240,2829,1589,4417
294699322032,21,7231,62,2550,2829,1590,4418
294699333349,114,5837,98,7776,2830,1590,4419
294699344462,149,5061,55,2720,2831,1590,4420
294699355502,19,9433,71,2430,2831,1591,4421
294699366795,190,5077,69,2787,2832,1591,4422
294699377448,119,5542,166,15503,2833,1591,4423
294699388608,21,7192,76,2790,2833,1592,4424
294699400047,119,5535,103,8780,2834,1592,4425
294699411198,112,5887,163,15570,2835,1592,4426
294699422105,18,8075,88,2730,2835,1593,4427
294699433415,123,5280,107,2980,2836,1593,4428
294699444445,112,5357,96,7726,2837,1593,4429
294699455423,20,7842,67,2651,2837,1594,4430
294699466703,287,6333,167,15887,2838,1594,4431
294699477678,115,5659,104,8373,2839,1594,4432
294699488917,23,7823,77,2659,2839,1595,4433
294699500101,129,5315,75,5097,2840,1595,4434
294699511432,134,5737,356,35998,2841,1595,4435
294699522400,43,8555,74,4428,2841,1596,4436
294699533530,109,4928,102,8702,2842,1596,4437
294699544713,147,5191,207,14534,2843,1596,4438
294699555770,18,8775,58,2887,2843,1597,4439
294699566488,105,6252,64,3067,2844,1597,4440
294699578169,149,5385,62,2961,2845,1597,4441
294699589069,22,7768,55,2472,2845,1598,4442
294699600205,112,5814,299,8421,2846,1598,4443
294699611197,163,5229,86,2492,2847,1598,4444
294699622327,20,7955,58,2229,2847,1599,4445
294699633606,117,5549,262,24002,2848,1599,4446
294699644515,200,5621,107,9053,2849,1599,4447
294699655612,24,8153,62,2950,2849,1600,4448
294699666583,116,5595,159,15746,2850,1600,4449
294699677810,127,5713,64,3264,2851,1600,4450
294699689046,22,7534,107,2858,2851,1601,4451
294699699869,111,5335,100,8297,2852,1601,4452
294699711025,118,5702,156,15253,2853,1601,4453
294699722148,26,7691,48,1705,2853,1602,4454
294699733235,109,5137,191,19544,2854,1602,4455
294699744280,104,5392,79,5680,2855,1602,4456
294699755283,19,8316,44,1502,2855,1603,4457
294699766695,106,5949,392,36284,2856,1603,4458
294699777679,97,5257,118,10305,2857,1603,4459
294699789086,22,8062,65,2874,2857,1604,4460
294699800138,150,5260,212,14481,2858,1604,4461
294699811167,116,5174,54,3081,2859,1604,4462
294699821908,20,8311,94,2553,2859,1605,4463
294699833379,125,5866,98,8024,2860,1605,4464
294699844669,124,5109,57,2763,2861,1605,4465
294699855443,27,7944,79,2461,2861,1606,4466
294699866464,132,5170,55,3393,2862,1606,4467
294699877959,110,4888,163,15003,2863,1606,4468
294699888629,19,7191,86,2700,2863,1607,4469
294699899951,118,5493,101,8495,2864,1607,4470
294699911294,116,5816,159,15070,2865,1607,4471
294699922342,23,7730,122,2775,2865,1608,4472
294699933657,115,5493,58,3108,2866,1608,4473
294699944543,114,5496,161,7815,2867,1608,4474
294699955712,25,7512,53,2503,2867,1609,4475
294699966666,126,5084,159,15815,2868,1609,4476
294699977611,116,5657,101,7952,2869,1609,4477
294699989066,91,8290,73,2033,2869,1610,4478
294700000443,49,4763,54,2025,2869,1611,4479
294700011186,124,5503,84,5542,2870,1611,4480
294700023085,212,7925,345,35909,2871,1611,4481
294700033891,104,5123,81,4496,2871,1612,4482
294700045296,113,5395,191,15817,2872,1612,4483
294700056290,115,8061,72,3007,2872,1613,4484
294700067006,22,5126,59,2688,2872,1614,4485
294700078104,147,5317,111,8738,2873,1614,4486
294700089959,240,7331,78,2567,2873,1615,4487
294700101014,29,4834,65,2494,2873,1616,4488
294700112134,256,4958,98,5064,2874,1616,4489
294700123536,108,7224,381,36193,2875,1616,4490
294700134023,134,5303,80,4401,2875,1617,4491
294700145298,122,5240,115,8710,2876,1617,4492
294700156836,136,7203,191,14475,2877,1617,4493
294700167360,94,5209,58,2879,2877,1618,4494
294700178344,104,5846,65,3009,2878,1618,4495
294700189857,303,7197,109,8083,2879,1618,4496
294700200804,91,5167,84,2434,2879,1619,4497
294700211805,103,5753,170,14235,2880,1619,4498
294700222324,96,8373,56,1684,2880,1620,4499
294700233509,19,4739,63,1504,2880,1621,4500
294700244524,118,5555,340,38512,2881,1621,4501
294700256065,19,8015,68,4367,2881,1622,4502
294700266666,108,5911,160,15629,2882,1622,4503
294700277665,100,5342,102,8940,2883,1622,4504
294700288669,18,8019,56,2570,2883,1623,4505
294700299867,102,5869,157,15751,2884,1623,4506
294700311346,106,5349,72,3323,2885,1623,4507
294700322296,17,7864,60,2767,2885,1624,4508
294700333624,104,5217,50,2957,2886,1624,4509
294700344673,176,4906,123,8340,2887,1624,4510
294700355455,97,8979,78,2571,2887,1625,4511
294700367209,28,4733,63,2556,2887,1626,4512
294700377792,177,5783,187,14628,2888,1626,4513
294700390029,248,7594,149,8487,2889,1626,4514
294700400656,102,5239,57,2489,2889,1627,4515
294700412062,112,5424,168,15413,2890,1627,4516
294700423585,195,6846,112,3254,2891,1627,4517
294700433955,93,5234,149,2552,2891,1628,4518
294700445211,103,5478,53,2015,2892,1628,4519
294700457396,123,14423,80,1358,2893,1628,4520
294700483630,115,14506,339,35643,2894,1628,4521
294700510058,121,11489,167,15726,2895,1628,4522
294700533076,129,16079,110,8582,2896,1628,4523
294700560745,117,10584,59,3391,2897,1628,4524
294700572218,17,16512,64,2542,2897,1629,4525
294700600025,129,16954,74,2937,2898,1629,4526
294700628779,134,9643,166,15168,2899,1629,4527
294700640389,133,13676,112,8303,2900,1629,4528
294700665964,116,5301,165,15542,2901,1629,4529
294700676981,102,5536,51,2215,2902,1629,4530
294700688107,95,7844,74,1433,2902,1630,4531
294700699241,96,5304,331,35795,2903,1630,4532
294700710317,105,4862,185,18053,2904,1630,4533
294700721468,18,7391,83,3285,2904,1631,4534
294700732715,115,6048,105,8545,2905,1631,4535
294700743170,103,4716,57,2710,2906,1631,4536
294700754509,129,8163,68,2470,2906,1632,4537
294700765930,120,5033,163,15181,2907,1632,4538
294700777098,188,5161,108,8371,2908,1632,4539
294700788143,97,8572,70,2547,2908,1633,4540
294700799398,113,5376,184,15514,2909,1633,4541
294700810566,112,5754,111,8163,2910,1633,4542
294700821857,106,8305,85,2559,2910,1634,4543
294700832759,106,5245,171,16231,2911,1634,4544
294700843941,108,5275,107,8283,2912,1634,4545
294700855428,95,8970,76,2646,2912,1635,4546
294700866319,130,5678,81,2939,2913,1635,4547
294700877480,107,5696,168,15903,2914,1635,4548
294700888986,91,8171,67,2897,2914,1636,4549
294700899779,21,9668,84,2777,2914,1637,4550
294700910831,145,13702,96,2225,2915,1637,4551
294700936233,147,23860,137,1384,2916,1637,4552
294700972021,149,23424,426,33367,2917,1637,4553
294701006929,172,21084,109,6925,2918,1637,4554
294701039614,145,20125,123,8622,2919,1637,4555
294701071290,137,2891,67,3492,2920,1637,4556
294701082672,142,2992,181,15324,2921,1637,4557
294701093633,119,2889,48,2131,2922,1637,4558
294701104996,20,3118,57,1406,2922,1638,4559
294701115932,160,2926,255,26212,2923,1638,4560
294701126979,116,2967,293,25937,2924,1638,4561
294701138165,100,2975,64,3687,2924,1639,4562
294701149073,124,2966,132,8856,2925,1639,4563
294701160269,142,2933,169,15935,2926,1639,4564
294701171338,105,2844,79,2926,2926,1640,4565
294701182475,123,2780,80,3158,2927,1640,4566
294701193416,111,2839,98,8194,2928,1640,4567
294701204715,115,2861,63,2656,2928,1641,4568
294701215646,133,2875,191,15904,2929,1641,4569
294701227024,109,2893,275,8473,2930,1641,4570
294701238408,109,2821,84,2873,2930,1642,4571
294701249445,127,2805,52,3232,2931,1642,4572
294701260025,112,2995,55,3357,2932,1642,4573
294701271691,97,2876,61,2711,2932,1643,4574
294701282378,102,2808,151,14666,2933,1643,4575
294701293422,137,2771,43,1946,2934,1643,4576
294701304808,97,2843,47,1390,2934,1644,4577
294701315830,107,2910,315,34585,2935,1644,4578
294701326898,107,3003,201,9911,2936,1644,4579
294701337877,19,2755,56,2949,2936,1645,4580
294701349294,103,2870,52,3059,2937,1645,4581
294701359984,217,2814,71,3010,2938,1645,4582
294701371461,20,2815,62,2391,2938,1646,4583
294701382620,232,2796,157,14844,2939,1646,4584
294701393713,128,2864,106,8391,2940,1646,4585
294701404808,23,2845,59,2483,2940,1647,4586
294701415678,129,2769,160,15447,2941,1647,4587
294701426794,113,2868,59,3322,2942,1647,4588
294701438082,19,2865,123,2640,2942,1648,4589
294701449263,119,2767,94,7803,2943,1648,4590
294701460231,101,2984,219,15941,2944,1648,4591
294701471519,19,2744,55,2607,2944,1649,4592
294701482742,103,2959,127,8125,2945,1649,4593
294701493741,97,2884,72,5209,2946,1649,4594
294701504803,17,2873,43,1553,2946,1650,4595
294701515546,137,3098,347,36066,2947,1650,4596
294701526883,107,2844,118,10401,2948,1650,4597
294701538164,19,2736,59,2858,2948,1651,4598
294701549342,127,3124,174,14540,2949,1651,4599
294701560059,114,2927,52,3073,2950,1651,4600
294701571346,17,2900,103,2507,2950,1652,4601
294701582374,108,2876,50,2802,2951,1652,4602
294701593748,123,2835,102,8163,2952,1652,4603
294701605018,23,2991,66,2512,2952,1653,4604
294701615946,148,2889,103,3540,2953,1653,4605
294701627145,112,2821,155,14917,2954,1653,4606
294701638124,18,2772,52,2642,2954,1654,4607
294701649205,102,2834,115,8541,2955,1654,4608
294701660425,110,2888,183,15692,2956,1654,4609
294701671281,20,2715,58,2979,2956,1655,4610
294701682510,120,2959,54,3303,2957,1655,4611
294701693876,99,2905,112,8231,2958,1655,4612
294701704680,19,2880,53,2591,2958,1656,4613
294701715850,109,2863,89,4905,2959,1656,4614
294701727052,95,2758,54,1465,2960,1656,4615
294701737893,24,2814,45,1420,2960,1657,4616
294701749368,125,2833,358,35924,2961,1657,4617
294701760324,163,2904,189,16889,2962,1657,4618
294701771049,21,2864,58,3154,2962,1658,4619
294701782222,133,2930,100,8511,2963,1658,4620
294701793403,109,2990,166,15672,2964,1658,4621
294701804932,29,2892,55,2896,2964,1659,4622
294701815738,101,2923,52,3160,2965,1659,4623
294701826984,145,2826,108,2779,2966,1659,4624
294701838068,20,2791,54,2495,2966,1660,4625
294701849021,118,2936,117,8362,2967,1660,4626
294701860447,171,2803,63,3432,2968,1660,4627
294701871131,19,2864,59,2523,2968,1661,4628
294701882291,120,2962,158,15085,2969,1661,4629
294701893494,119,2765,119,8724,2970,1661,4630
294701904774,35,2844,66,2498,2970,1662,4631
294701915912,135,2742,163,15566,2971,1662,4632
294701927193,104,2889,56,3256,2972,1662,4633
294701937854,19,2688,52,2753,2972,1663,4634
294701949264,107,2890,80,1902,2973,1663,4635
294701960482,101,2870,41,1318,2974,1663,4636
294701971476,19,2847,50,1315,2974,1664,4637
294701982319,124,3146,326,35890,2975,1664,4638
294701993417,103,2889,71,4615,2976,1664,4639
294702004863,18,2823,54,2806,2976,1665,4640
294702015832,104,2941,156,15057,2977,1665,4641
294702026806,102,2913,112,8353,2978,1665,4642
294702038016,18,2861,74,2698,2978,1666,4643
294702049191,153,2782,165,15608,2979,1666,4644
294702060175,197,3005,101,8066,2980,1666,4645
294702071268,20,2680,56,2526,2980,1667,4646
294702082496,117,2902,166,15944,2981,1667,4647
294702093466,230,2859,109,8314,2982,1667,4648
294702104535,25,2843,76,2505,2982,1668,4649
294702115799,122,2860,68,3506,2983,1668,4650
294702126939,116,2935,172,15314,2984,1668,4651
294702138144,107,2967,69,2893,2984,1669,4652
294702149295,99,3043,98,8486,2985,1669,4653
294702160454,108,3001,80,4591,2986,1669,4654
294702171168,92,3059,43,1412,2986,1670,4655
294702182746,101,2869,341,34647,2987,1670,4656
294702193630,99,2909,175,9828,2988,1670,4657
294702204506,98,2951,83,2963,2988,1671,4658
294702215851,131,3199,192,15394,2989,1671,4659
294702226673,113,2773,100,8318,2990,1671,4660
294702238424,103,2970,62,2711,2990,1672,4661
294702249359,105,2919,53,3064,2991,1672,4662
294702260278,114,2954,160,15208,2992,1672,4663
294702271386,20,2782,64,3007,2992,1673,4664
294702282549,132,2898,106,8975,2993,1673,4665
294702293742,130,2833,262,15898,2994,1673,4666
294702304804,20,2934,62,2872,2994,1674,4667
294702315980,164,2783,105,8778,2995,1674,4668
294702326949,117,2788,266,15899,2996,1674,4669
294702338366,112,2839,58,2826,2996,1675,4670
294702349131,118,2819,106,8481,2997,1675,4671
294702360152,141,2867,69,3487,2998,1675,4672
294702371353,99,3032,80,2520,2998,1676,4673
294702382641,187,2784,95,5758,2999,1676,4674
294702393641,115,2853,327,36022,3000,1676,4675
294702404721,284,2935,79,4446,3000,1677,4676
294702415606,155,3068,163,15754,3001,1677,4677
294702427002,119,2891,79,3198,3002,1677,4678
294702437760,109,2845,87,2560,3002,1678,4679
294702449391,116,2916,92,7907,3003,1678,4680
294702460000,102,2993,196,15700,3004,1678,4681
294702471498,95,2942,53,2870,3004,1679,4682
294702482745,107,2792,108,8622,3005,1679,4683
294702493300,109,3660,102,2858,3006,1679,4684
294702504973,150,2812,146,2566,3006,1680,4685
294702515650,133,2838,158,15315,3007,1680,4686
294702527074,117,3002,105,8730,3008,1680,4687
294702537670,112,2840,59,2674,3008,1681,4688
294702548836,131,2759,137,13231,3009,1681,4689
294702560461,123,2805,94,7841,3010,1681,4690
294702571213,93,3071,53,2564,3010,1682,4691
294702582262,189,2940,172,15793,3011,1682,4692
294702593479,113,3026,64,1971,3012,1682,4693
294702604497,127,3016,53,1350,3012,1683,4694
294702615726,196,2826,341,36171,3013,1683,4695
294702627111,105,2924,170,16994,3014,1683,4696
294702638197,100,2792,56,3206,3014,1684,4697
294702649473,99,2910,98,8608,3015,1684,4698
294702660465,120,2917,163,15619,3016,1684,4699
294702671270,96,3068,53,2777,3016,1685,4700
294702682464,102,2907,51,3043,3017,1685,4701
294702693449,112,3004,97,8045,3018,1685,4702
294702704869,184,2778,57,2573,3018,1686,4703
294702716165,128,2805,182,15852,3019,1686,4704
294702726653,125,2981,101,8246,3020,1686,4705
294702738055,108,2817,54,2763,3020,1687,4706
294702749385,164,2905,65,3154,3021,1687,4707
294702760515,114,2781,166,15249,3022,1687,4708
294702771405,99,3015,58,2810,3022,1688,4709
294702782401,114,2749,53,3142,3023,1688,4710
294702793502,104,2794,44,2023,3024,1688,4711
294702804788,107,2921,52,1412,3024,1689,4712
294702816019,101,2883,54,1412,3025,1689,4713
294702827024,104,2940,354,35870,3026,1689,4714
294702837874,94,2896,77,4432,3026,1690,4715
294702849129,146,3583,249,16348,3027,1690,4716
294702860134,190,3926,132,8236,3028,1690,4717
294702871274,112,3911,68,2568,3028,1691,4718
294702882817,111,3900,243,15077,3029,1691,4719
294702893330,107,3813,111,8684,3030,1691,4720
294702904748,99,4057,56,2543,3030,1692,4721
294702916146,114,4039,171,15596,3031,1692,4722
294702926596,162,4124,69,3254,3032,1692,4723
294702937851,110,4022,100,2710,3032,1693,4724
294702949172,128,3924,135,8294,3033,1693,4725
294702960435,256,3944,236,15988,3034,1693,4726
294702971428,23,3694,57,2743,3034,1694,4727
294702982718,119,3879,102,8476,3035,1694,4728
294702993693,104,3950,53,2897,3036,1694,4729
294703004900,104,4332,76,2608,3036,1695,4730
294703016090,98,3916,49,2868,3037,1695,4731
294703027018,177,3986,88,5920,3038,1695,4732
294703038134,121,3933,51,1495,3038,1696,4733
294703049429,106,3860,43,1453,3039,1696,4734
294703060224,108,4042,336,34632,3040,1696,4735
294703071765,25,3726,72,4383,3040,1697,4736
294703082697,123,4293,103,8351,3041,1697,4737
294703093726,116,3952,72,2841,3042,1697,4738
294703104746,30,3930,61,2436,3042,1698,4739
294703116033,123,4019,61,3466,3043,1698,4740
294703126998,112,4192,174,14806,3044,1698,4741
294703137920,20,3658,58,2748,3044,1699,4742
294703149272,104,3979,100,8568,3045,1699,4743
294703160062,99,3872,166,15678,3046,1699,4744
294703171155,18,3773,65,2889,3046,1700,4745
294703182379,137,4059,61,3227,3047,1700,4746
294703193675,97,3917,97,7712,3048,1700,4747
294703204803,19,3655,60,2495,3048,1701,4748
294703215969,108,4025,168,15806,3049,1701,4749
294703227160,104,3993,44,1931,3050,1701,4750
294703238294,18,3726,80,1395,3050,1702,4751
294703248811,145,4010,44,1395,3051,1702,4752
294703260345,114,4227,380,36215,3052,1702,4753
294703271626,26,3657,74,4381,3052,1703,4754
294703282746,137,4132,101,8667,3053,1703,4755
294703293814,100,4088,146,14512,3054,1703,4756
294703304752,19,3778,57,2856,3054,1704,4757
294703315747,102,3972,53,3016,3055,1704,4758
294703326688,124,3945,54,2884,3056,1704,4759
294703337979,18,3673,54,2550,3056,1705,4760
294703349047,100,3971,109,8597,3057,1705,4761
294703360272,138,4222,71,3346,3058,1705,4762
294703371518,23,3770,59,2460,3058,1706,4763
294703382261,113,3901,163,15004,3059,1706,4764
294703393494,158,3874,160,8534,3060,1706,4765
294703404635,22,3691,60,2546,3060,1707,4766
294703415579,133,4012,160,15434,3061,1707,4767
294703426934,107,3974,55,3340,3062,1707,4768
294703438066,20,3641,71,2770,3062,1708,4769
294703449182,104,3966,42,1967,3063,1708,4770
294703460479,103,4011,41,1367,3064,1708,4771
294703471645,18,3802,43,1367,3064,1709,4772
294703482291,125,4328,344,35985,3065,1709,4773
294703493830,117,4064,85,4632,3066,1709,4774
294703504809,17,3707,94,2830,3066,1710,4775
294703515866,103,4027,172,15078,3067,1710,4776
294703527379,96,3965,99,8342,3068,1710,4777
294703538145,17,3745,56,2598,3068,1711,4778
294703549197,100,4161,193,15637,3069,1711,4779
294703560121,98,4180,99,8217,3070,1711,4780
294703571305,16,3675,49,2496,3070,1712,4781
294703582468,111,3899,159,15969,3071,1712,4782
294703593634,94,4057,105,8137,3072,1712,4783
294703604515,29,3715,61,2545,3072,1713,4784
294703615706,130,4114,62,3905,3073,1713,4785
294703627060,107,3967,159,15094,3074,1713,4786
294703637987,19,3786,53,2888,3074,1714,4787
294703648897,107,4015,100,8673,3075,1714,4788
294703659993,95,4029,184,15104,3076,1714,4789
294703671589,18,3673,45,1929,3076,1715,4790
294703682706,102,4011,57,2298,3077,1715,4791
294703693914,98,4185,374,35618,3078,1715,4792
294703704976,22,3692,67,4478,3078,1716,4793
294703715873,119,4220,194,16558,3079,1716,4794
294703726954,108,4048,102,8356,3080,1716,4795
294703738312,18,3838,97,2543,3080,1717,4796
294703749599,140,4095,101,2810,3081,1717,4797
294703760225,113,4143,168,15095,3082,1717,4798
294703771785,19,3687,54,2753,3082,1718,4799
294703782473,113,4051,103,8495,3083,1718,4800
294703793568,113,4157,202,15836,3084,1718,4801
294703804979,25,3824,77,3051,3084,1719,4802
294703815958,159,4026,124,8983,3085,1719,4803
294703827355,101,4037,168,16086,3086,1719,4804
294703837889,24,3685,54,2692,3086,1720,4805
294703849130,118,4109,109,8349,3087,1720,4806
294703860309,170,4292,82,2711,3088,1720,4807
294703871121,25,3871,57,1984,3088,1721,4808
294703882243,158,4135,88,6201,3089,1721,4809
294703893616,107,4217,83,1553,3090,1721,4810
294703904548,19,4009,61,1472,3090,1722,4811
294703915645,121,4083,330,33390,3091,1722,4812
294703927117,122,4230,74,4390,3092,1722,4813
294703937850,19,3789,55,2802,3092,1723,4814
294703949061,123,4513,104,8027,3093,1723,4815
294703960347,107,4178,176,15275,3094,1723,4816
294703971177,18,3804,57,2855,3094,1724,4817
294703982167,134,4390,108,8457,3095,1724,4818
294703993801,124,4162,56,2864,3096,1724,4819
294704004739,19,3888,58,2477,3096,1725,4820
294704015837,110,4202,162,15085,3097,1725,4821
294704026685,110,4087,110,8715,3098,1725,4822
294704038230,20,3822,52,2528,3098,1726,4823
294704049060,103,4182,137,12928,3099,1726,4824
294704060247,123,4256,138,7943,3100,1726,4825
294704071302,18,4262,55,2521,3100,1727,4826
294704082148,109,4354,177,15872,3101,1727,4827
294704093611,101,4179,42,2071,3102,1727,4828
294704104713,25,4058,58,1395,3102,1728,4829
294704115720,161,4219,353,35867,3103,1728,4830
294704126849,102,4228,177,16981,3104,1728,4831
294704138280,18,3832,84,3216,3104,1729,4832
294704149565,109,4472,129,8681,3105,1729,4833
294704159957,105,4220,160,15645,3106,1729,4834
294704171666,17,4031,59,2899,3106,1730,4835
294704182819,104,4234,52,3156,3107,1730,4836
294704193306,105,4504,122,8030,3108,1730,4837
294704204914,17,3854,93,2494,3108,1731,4838
294704216126,120,4182,179,15855,3109,1731,4839
294704226611,100,4310,101,8335,3110,1731,4840
294704238106,18,3903,56,2726,3110,1732,4841
294704249301,106,4192,54,3066,3111,1732,4842
294704260329,104,4325,157,15319,3112,1732,4843
294704271371,18,4332,94,2639,3112,1733,4844
294704282459,102,4298,54,2948,3113,1733,4845
294704293444,105,4231,47,2459,3114,1733,4846
294704304712,18,3942,49,2012,3114,1734,4847
294704316128,161,4246,69,2363,3115,1734,4848
294704327198,108,4317,40,1360,3116,1734,4849
294704337878,92,4339,50,1359,3116,1735,4850
294704348988,133,4652,345,33024,3117,1735,4851
294704360182,149,4165,98,7793,3118,1735,4852
294704371480,19,3956,52,1441,3118,1736,4853
294704382363,112,4362,331,42923,3119,1736,4854
294704393434,107,4161,140,11068,3120,1736,4855
294704405026,18,4163,77,3386,3120,1737,4856
294704415753,160,4397,159,15995,3121,1737,4857
294704426877,106,4497,83,3267,3122,1737,4858
294704438067,18,4017,73,2878,3122,1738,4859
294704448874,100,4328,185,8223,3123,1738,4860
294704460694,103,4206,210,16149,3124,1738,4861
294704471155,17,4015,71,3099,3124,1739,4862
294704482500,244,4240,121,8836,3125,1739,4863
294704493984,160,4098,71,2950,3126,1739,4864
294704504751,168,5276,73,2688,3126,1740,4865
294704516179,126,4180,59,2708,3127,1740,4866
294704526853,107,4147,127,5957,3128,1740,4867
294704538033,91,4586,51,1473,3128,1741,4868
294704548807,100,4713,357,33783,3129,1741,4869
294704560285,107,4184,74,4383,3130,1741,4870
294704571304,90,4236,94,2776,3130,1742,4871
294704582241,102,4316,100,7970,3131,1742,4872
294704593542,99,4241,89,2753,3132,1742,4873
294704604609,111,4428,96,2445,3132,1743,4874
294704615610,148,4333,58,2725,3133,1743,4875
294704626750,104,4146,165,15296,3134,1743,4876
294704637878,100,4224,96,2641,3134,1744,4877
294704649084,103,4242,128,8389,3135,1744,4878
294704660412,99,4457,157,15452,3136,1744,4879
294704671565,19,3869,106,2626,3136,1745,4880
294704682820,137,4201,55,2895,3137,1745,4881
294704693718,111,4323,99,7648,3138,1745,4882
294704704882,20,3939,56,2549,3138,1746,4883
294704715995,115,4095,159,15653,3139,1746,4884
294704727007,116,4193,99,7438,3140,1746,4885
294704738222,33,4082,54,1667,3140,1747,4886
294704749189,126,4227,71,5007,3141,1747,4887
294704760239,121,4255,374,35985,3142,1747,4888
294704771262,19,3915,83,4430,3142,1748,4889
294704782466,151,4537,107,8718,3143,1748,4890
294704793589,115,4365,191,14526,3144,1748,4891
294704804953,22,3956,56,2871,3144,1749,4892
294704815812,110,4249,52,3012,3145,1749,4893
294704826844,112,4173,52,2879,3146,1749,4894
294704838130,20,3970,52,2480,3146,1750,4895
294704849095,138,4323,122,8449,3147,1750,4896
294704860268,130,4308,58,3177,3148,1750,4897
294704871482,19,3963,58,2431,3148,1751,4898
294704882444,107,4290,165,14937,3149,1751,4899
294704893403,103,4159,106,8476,3150,1751,4900
294704904813,18,4004,56,2665,3150,1752,4901
294704916156,106,4420,220,15548,3151,1752,4902
294704926586,149,4134,82,3144,3152,1752,4903
294704938142,18,4548,121,2679,3152,1753,4904
294704948734,105,4259,97,8177,3153,1753,4905
294704959995,181,4071,166,15940,3154,1753,4906
294704971393,19,3945,57,2486,3154,1754,4907
294704982381,108,4182,179,18083,3155,1754,4908
294704993676,107,4215,59,3064,3156,1754,4909
294705004465,26,3866,66,2645,3156,1755,4910
294705015847,157,4473,162,15332,3157,1755,4911
294705026773,125,4241,104,8788,3158,1755,4912
294705037952,19,3852,69,2658,3158,1756,4913
294705049245,108,4135,185,15847,3159,1756,4914
294705060280,109,4296,135,3159,3160,1756,4915
294705071312,34,3894,63,2757,3160,1757,4916
294705082460,118,4311,56,3000,3161,1757,4917
294705093375,110,4530,130,8352,3162,1757,4918
294705104473,26,3913,60,2645,3162,1758,4919
294705115801,127,4215,73,3611,3163,1758,4920
294705126686,118,4227,159,15232,3164,1758,4921
294705138218,19,3857,66,2882,3164,1759,4922
294705149411,125,4217,156,8803,3165,1759,4923
294705160454,116,4243,170,15908,3166,1759,4924
294705171146,18,4325,62,3124,3166,1760,4925
294705182832,113,4204,52,3406,3167,1760,4926
294705193608,151,4233,129,8198,3168,1760,4927
294705204808,22,4084,61,2691,3168,1761,4928
294705216112,115,4340,72,4923,3169,1761,4929
294705227254,112,4525,382,35841,3170,1761,4930
294705237876,26,3973,70,4366,3170,1762,4931
294705249332,114,4279,54,3059,3171,1762,4932
294705260438,144,4174,160,15156,3172,1762,4933
294705271637,21,3863,61,2788,3172,1763,4934
294705282214,127,4271,101,8327,3173,1763,4935
294705293225,106,4227,162,15692,3174,1763,4936
294705304591,48,3886,56,2772,3174,1764,4937
294705315878,106,4324,54,3069,3175,1764,4938
294705326954,168,4412,50,2678,3176,1764,4939
294705338238,18,3883,63,2571,3176,1765,4940
294705349386,182,4146,110,8347,3177,1765,4941
294705360215,133,4173,92,3366,3178,1765,4942
294705371504,22,4022,60,2612,3178,1766,4943
294705382787,111,4176,185,15074,3179,1766,4944
294705393679,135,4294,150,8645,3180,1766,4945
294705404594,108,4242,61,2707,3180,1767,4946
294705415977,163,4315,85,6686,3181,1767,4947
294705427290,106,4380,331,34374,3182,1767,4948
294705437636,18,3985,70,4468,3182,1768,4949
294705449056,128,4358,100,8538,3183,1768,4950
294705460071,109,4249,168,15523,3184,1768,4951
294705471527,23,3904,75,2924,3184,1769,4952
294705482424,112,4277,124,8502,3185,1769,4953
294705493399,105,4142,57,2817,3186,1769,4954
294705504887,90,5238,70,2471,3186,1770,4955
294705515506,124,4397,170,15119,3187,1770,4956
294705527172,114,4407,102,8803,3188,1770,4957
294705538313,122,5311,60,2550,3188,1771,4958
294705549053,113,4225,241,15588,3189,1771,4959
294705560260,100,4234,156,8243,3190,1771,4960
294705571019,90,4095,60,2559,3190,1772,4961
294705582623,102,4313,170,16021,3191,1772,4962
294705593624,122,4316,106,8466,3192,1772,4963
294705605054,131,5375,81,2526,3192,1773,4964
294705616231,265,4165,77,5132,3193,1773,4965
294705626696,126,4446,432,36127,3194,1773,4966
294705637983,97,4447,102,4489,3194,1774,4967
294705649269,116,3992,98,8740,3195,1774,4968
294705660504,105,4264,154,14473,3196,1774,4969
294705671450,96,5367,71,2887,3196,1775,4970
294705682505,100,4587,53,2966,3197,1775,4971
294705693792,111,4350,92,7930,3198,1775,4972
294705704743,89,5316,79,2534,3198,1776,4973
294705715864,94,4373,153,15043,3199,1776,4974
294705726910,108,4092,98,8275,3200,1776,4975
294705738194,19,3894,55,2609,3200,1777,4976
294705749144,107,4236,75,2931,3201,1777,4977
294705760403,119,4202,199,15252,3202,1777,4978
294705771599,18,3954,54,2747,3202,1778,4979
294705782728,108,4466,194,8661,3203,1778,4980
294705793969,107,4346,146,13793,3204,1778,4981
294705804412,18,4317,53,2795,3204,1779,4982
294705815906,274,4261,102,7989,3205,1779,4983
294705826985,120,4219,162,15395,3206,1779,4984
294705838059,29,3978,48,1921,3206,1780,4985
294705849051,140,4453,329,32419,3207,1780,4986
294705860717,120,4504,51,2028,3208,1780,4987
294705871234,21,3860,45,1378,3208,1781,4988
294705882200,129,4540,329,36060,3209,1781,4989
294705893336,112,4262,131,10140,3210,1781,4990
294705904573,24,3897,97,3020,3210,1782,4991
294705915876,109,4555,147,14351,3211,1782,4992
294705926834,112,4149,54,3121,3212,1782,4993
294705937760,17,4030,76,2601,3212,1783,4994
294705949235,108,4253,115,8189,3213,1783,4995
294705960206,107,4305,184,15104,3214,1783,4996
294705971268,19,3931,62,2811,3214,1784,4997
294705982462,130,4315,127,8550,3215,1784,4998
294705993541,106,4290,51,2824,3216,1784,4999
294706005000,19,4133,52,2524,3216,1785,5000
294706016230,104,4402,196,15212,3217,1785,5001
294706026636,103,4130,53,3238,3218,1785,5002
294706038163,20,4450,59,2704,3218,1786,5003
294706049115,104,4175,62,2896,3219,1786,5004
294706060149,113,4199,58,2130,3220,1786,5005
294706071666,18,4023,71,1396,3220,1787,5006
294706082399,129,4137,365,35644,3221,1787,5007
294706093645,106,4255,175,17789,3222,1787,5008
294706104618,25,4158,92,3223,3222,1788,5009
294706115843,120,4571,135,10445,3223,1788,5010
294706126729,108,4100,164,15360,3224,1788,5011
294706138288,19,3978,54,2686,3224,1789,5012
294706149406,107,4340,112,8423,3225,1789,5013
294706160107,103,4126,166,15706,3226,1789,5014
294706171511,18,4041,58,3139,3226,1790,5015
294706182676,141,4256,78,3155,3227,1790,5016
294706193532,101,4205,99,8282,3228,1790,5017
294706204939,18,3957,56,2565,3228,1791,5018
294706216099,114,4288,212,16062,3229,1791,5019
294706227122,103,4285,127,8478,3230,1791,5020
294706238043,19,4329,85,2685,3230,1792,5021
294706249018,101,4088,49,3047,3231,1792,5022
294706260463,112,4291,97,3645,3232,1792,5023
294706271507,18,4029,44,1447,3232,1793,5024
294706282453,99,4352,352,36192,3233,1793,5025
294706293753,104,4218,172,17324,3234,1793,5026
294706304556,27,3923,69,3239,3234,1794,5027
294706316035,247,4479,55,3097,3235,1794,5028
294706326973,108,4199,112,7893,3236,1794,5029
294706338424,20,4148,53,2540,3236,1795,5030
294706349222,246,4458,62,2950,3237,1795,5031
294706360289,121,4313,62,3026,3238,1795,5032
294706371634,20,3936,52,2424,3238,1796,5033
294706382560,105,4406,155,14950,3239,1796,5034
294706393643,106,4302,124,8319,3240,1796,5035
294706404597,64,3952,54,2736,3240,1797,5036
294706415659,121,4198,172,15699,3241,1797,5037
294706426780,155,4313,60,3378,3242,1797,5038
294706437725,17,3906,68,2758,3242,1798,5039
294706449038,106,4241,97,8104,3243,1798,5040
294706460252,104,4392,216,16158,3244,1798,5041
294706471423,22,3963,71,2786,3244,1799,5042
294706482456,108,4163,101,8546,3245,1799,5043
294706493773,104,4249,53,2717,3246,1799,5044
294706504726,18,3875,54,2483,3246,1800,5045
294706515963,135,4657,155,15231,3247,1800,5046
294706526737,97,4144,105,8699,3248,1800,5047
294706537931,17,3992,58,2546,3248,1801,5048
294706549150,102,4203,160,15735,3249,1801,5049
294706560223,118,4414,61,3403,3250,1801,5050
294706571482,18,4154,51,2628,3250,1802,5051
294706582779,104,4280,52,2832,3251,1802,5052
294706593216,186,4437,121,8119,3252,1802,5053
294706604918,29,4023,68,2507,3252,1803,5054
294706616004,152,4267,59,2836,3253,1803,5055
294706626687,114,4249,191,15711,3254,1803,5056
294706638119,20,3875,59,2972,3254,1804,5057
294706649193,130,4675,102,8871,3255,1804,5058
294706660328,103,5289,186,15874,3256,1804,5059
294706671224,18,7350,71,2780,3256,1805,5060
294706682474,101,10401,76,2306,3257,1805,5061
294706693675,147,5385,340,35716,3258,1805,5062
294706705008,29,8878,80,4378,3258,1806,5063
294706715831,117,5348,184,16406,3259,1806,5064
294706726812,126,5895,56,2079,3260,1806,5065
294706737843,22,7640,43,1417,3260,1807,5066
294706749388,105,6296,330,36108,3261,1807,5067
294706760522,109,5323,169,17061,3262,1807,5068
294706771503,19,7357,67,3135,3262,1808,5069
294706782386,124,5489,55,2278,3263,1808,5070
294706793341,126,5367,342,33714,3264,1808,5071
294706804502,18,7171,83,4260,3264,1809,5072
294706817044,240,5436,94,2204,3265,1809,5073
294706827209,265,5575,344,33232,3266,1809,5074
294706838004,22,7215,71,4213,3266,1810,5075
294706849056,121,5469,121,8604,3267,1810,5076
294706860027,154,5287,64,2926,3268,1810,5077
294706871101,22,6607,57,2587,3268,1811,5078
294706882333,117,10454,165,14991,3269,1811,5079
294706893823,100,5496,99,8347,3270,1811,5080
294706904825,19,8050,56,2425,3270,1812,5081
294706915792,107,5496,155,15347,3271,1812,5082
294706926928,108,5617,58,2892,3272,1812,5083
294706937853,18,7290,51,2109,3272,1813,5084
294706949076,113,5140,48,2294,3273,1813,5085
294706960454,108,5212,353,33308,3274,1813,5086
294706971529,21,7413,83,4264,3274,1814,5087
294706982475,123,9149,120,8656,3275,1814,5088
294706993605,119,5320,53,2983,3276,1814,5089
294707004371,21,7168,64,2430,3276,1815,5090
294707015971,118,6218,217,14501,3277,1815,5091
294707026893,111,5739,47,2251,3278,1815,5092
294707038039,20,7511,47,1310,3278,1816,5093
294707049350,105,5388,383,33903,3279,1816,5094
294707060501,105,5052,107,4346,3280,1816,5095
294707071093,18,7726,57,2757,3280,1817,5096
294707082396,168,10008,70,2590,3281,1817,5097
294707093460,99,5533,101,8171,3282,1817,5098
294707104525,19,7636,72,2503,3282,1818,5099
294707115810,154,5647,84,2798,3283,1818,5100
294707126880,112,5843,161,15272,3284,1818,5101
294707138064,26,6916,63,2687,3284,1819,5102
294707149119,108,5324,145,8523,3285,1819,5103
294707160472,112,5480,162,15818,3286,1819,5104
294707171436,19,8218,57,2950,3286,1820,5105
294707182631,110,9439,70,3277,3287,1820,5106
294707193421,124,5680,92,7177,3288,1820,5107
294707204540,22,7031,50,1371,3288,1821,5108
294707215819,117,5044,348,44102,3289,1821,5109
294707227063,127,5279,51,2092,3290,1821,5110
294707238284,25,8845,48,1409,3290,1822,5111
294707249351,128,5655,327,36145,3291,1822,5112
294707260493,102,5128,184,16956,3292,1822,5113
294707271482,17,7318,61,3148,3292,1823,5114
294707282150,103,10184,169,8478,3293,1823,5115
294707293225,107,5352,179,15574,3294,1823,5116
294707304589,21,7012,56,2881,3294,1824,5117
294707316209,122,5133,51,3076,3295,1824,5118
294707326584,96,6316,56,2792,3296,1824,5119
294707338129,21,7385,59,2563,3296,1825,5120
294707349276,120,5551,101,8327,3297,1825,5121
294707360233,146,5959,61,2777,3298,1825,5122
294707371492,105,8471,58,2531,3298,1826,5123
294707382565,100,9309,164,15516,3299,1826,5124
294707393616,102,5617,101,8700,3300,1826,5125
294707404858,27,6724,63,2504,3300,1827,5126
294707415949,162,5342,167,15693,3301,1827,5127
294707426609,120,5544,67,3376,3302,1827,5128
294707438029,226,8578,62,2674,3302,1828,5129
294707449221,105,4892,94,7882,3303,1828,5130
294707460325,109,5606,238,25118,3304,1828,5131
294707471705,102,8977,80,3769,3304,1829,5132
294707482349,113,5179,104,9108,3305,1829,5133
294707493353,102,4940,58,2988,3306,1829,5134
294707504671,18,7188,75,2746,3306,1830,5135
294707515872,97,5994,154,15581,3307,1830,5136
294707526830,156,5909,106,8849,3308,1830,5137
294707538148,17,8274,54,2764,3308,1831,5138
294707548850,99,5529,159,15986,3309,1831,5139
294707560244,116,4865,59,3537,3310,1831,5140
294707571573,18,7184,56,2975,3310,1832,5141
294707582948,106,6531,85,3273,3311,1832,5142
294707593795,100,5809,107,8482,3312,1832,5143
294707604920,111,8784,76,2776,3312,1833,5144
294707615772,147,5416,60,3044,3313,1833,5145
294707626968,114,6088,184,16073,3314,1833,5146
294707638379,92,7944,117,3189,3314,1834,5147
294707649575,232,5430,127,9155,3315,1834,5148
294707660347,175,5440,184,16135,3316,1834,5149
294707671686,146,7886,77,3288,3316,1835,5150
294707682648,121,5037,91,3228,3317,1835,5151
294707693450,101,5805,48,1895,3318,1835,5152
294707704830,168,8907,54,1330,3318,1836,5153
294707715619,98,5771,318,33409,3319,1836,5154
294707727195,131,4890,55,1902,3320,1836,5155
294707737914,21,7270,46,1304,3320,1837,5156
294707748895,107,5673,364,36056,3321,1837,5157
294707760225,125,4967,172,16822,3322,1837,5158
294707770995,20,7489,68,3133,3322,1838,5159
294707782456,112,6940,163,8438,3323,1838,5160
294707793529,99,6173,157,15665,3324,1838,5161
294707804833,17,6706,100,2810,3324,1839,5162
294707815592,102,5270,100,8790,3325,1839,5163
294707826883,96,5314,193,15977,3326,1839,5164
294707837990,17,7055,53,2650,3326,1840,5165
294707849045,110,5268,137,8260,3327,1840,5166
294707860177,136,5051,62,2865,3328,1840,5167
294707871147,24,7224,58,2569,3328,1841,5168
294707882207,107,9560,187,15640,3329,1841,5169
294707893743,129,5595,44,2213,3330,1841,5170
294707904864,18,7378,74,1326,3330,1842,5171
294707915906,115,4973,373,33750,3331,1842,5172
294707926595,111,5482,42,2252,3332,1842,5173
294707938238,93,8873,53,1350,3332,1843,5174
294707949205,97,5955,409,35609,3333,1843,5175
294707960836,113,5000,184,17673,3334,1843,5176
294707971614,97,8651,86,3141,3334,1844,5177
294707982758,104,8075,147,8350,3335,1844,5178
294707993846,153,5480,77,3010,3336,1844,5179
294708004814,22,8384,54,2641,3336,1845,5180
294708015732,106,5535,163,15111,3337,1845,5181
294708026696,102,6474,101,8558,3338,1845,5182
294708037730,19,6835,82,2523,3338,1846,5183
294708049597,110,5444,145,12985,3339,1846,5184
294708060471,107,5514,101,7302,3340,1846,5185
294708071574,93,9010,60,2060,3340,1847,5186
294708082952,164,9023,392,22098,3341,1847,5187
294708093579,112,4936,163,15645,3342,1847,5188
294708104738,19,9692,72,2661,3342,1848,5189
294708115970,145,5323,105,9004,3343,1848,5190
294708127247,111,5188,182,15979,3344,1848,5191
294708138145,98,8805,67,2444,3344,1849,5192
294708149216,99,5576,125,8143,3345,1849,5193
294708160322,110,5919,167,15494,3346,1849,5194
294708171590,89,8588,68,2699,3346,1850,5195
294708182817,103,5101,58,2963,3347,1850,5196
294708193704,102,5673,103,7921,3348,1850,5197
294708204770,106,8420,92,2338,3348,1851,5198
294708216452,122,5580,211,15599,3349,1851,5199
294708227347,120,5893,126,8183,3350,1851,5200
294708238397,241,9140,78,2401,3350,1852,5201
294708250049,21,4789,57,2390,3350,1853,5202
294708260695,108,5656,79,5182,3351,1853,5203
294708271617,89,9016,56,1475,3351,1854,5204
294708282600,100,8907,351,36148,3352,1854,5205
294708294331,107,5168,179,17305,3353,1854,5206
294708305819,130,8348,75,3251,3353,1855,5207
294708316458,22,4916,60,2751,3353,1856,5208
294708327719,121,5184,110,8740,3354,1856,5209
294708338570,92,8620,71,2500,3354,1857,5210
294708349425,136,5426,71,2944,3355,1857,5211
294708360662,177,5115,66,2614,3356,1857,5212
294708371846,107,9764,67,2431,3356,1858,5213
294708382921,19,6021,55,2431,3356,1859,5214
294708393976,116,5769,69,3795,3357,1859,5215
294708405045,100,8540,68,2472,3357,1860,5216
294708416138,110,4909,164,15443,3358,1860,5217
294708427500,105,5367,83,2906,3359,1860,5218
294708438007,97,8576,107,2512,3359,1861,5219
294708449663,149,5114,148,7897,3360,1861,5220
294708460582,102,5779,190,15400,3361,1861,5221
294708471914,95,8290,70,2374,3361,1862,5222
294708482716,116,4889,56,2444,3362,1862,5223
294708493241,104,5083,342,36173,3363,1862,5224
294708504972,112,8818,99,4410,3363,1863,5225
294708516072,101,5154,163,15552,3364,1863,5226
294708527270,101,5364,56,2628,3365,1863,5227
294708538292,88,8952,53,1429,3365,1864,5228
294708549375,105,6133,354,34000,3366,1864,5229
294708560283,107,4914,70,4445,3367,1864,5230
294708571001,89,7774,65,2840,3367,1865,5231
294708582225,107,9176,58,2657,3368,1865,5232
294708593627,109,5211,116,8243,3369,1865,5233
294708604685,18,8586,74,2401,3369,1866,5234
294708615672,142,5553,68,3762,3370,1866,5235
294708626820,103,5753,349,41395,3371,1866,5236
294708638132,19,6850,71,4456,3371,1867,5237
294708649221,101,5627,101,8839,3372,1867,5238
294708660012,95,5427,159,15128,3373,1867,5239
294708671056,17,7406,58,2890,3373,1868,5240
294708682589,113,8570,60,3042,3374,1868,5241
294708693655,98,5656,68,2179,3375,1868,5242
294708704423,18,7521,44,1374,3375,1869,5243
294708715987,106,5455,359,33354,3376,1869,5244
294708726582,135,5479,63,1949,3377,1869,5245
294708737652,18,7427,48,1345,3377,1870,5246
294708748961,102,5970,667,35978,3378,1870,5247
294708760171,105,5016,171,16862,3379,1870,5248
294708771187,18,7286,56,3143,3379,1871,5249
294708782536,108,8836,108,8467,3380,1871,5250
294708793918,102,5416,158,15664,3381,1871,5251
294708804832,20,8139,59,2642,3381,1872,5252
294708816004,111,5182,58,3002,3382,1872,5253
294708827090,103,5615,50,2700,3383,1872,5254
294708838165,17,6719,74,2600,3383,1873,5255
294708849346,100,5713,117,8434,3384,1873,5256
294708859979,135,5581,96,2155,3385,1873,5257
294708871508,19,8240,45,1398,3385,1874,5258
294708882288,325,9544,428,43169,3386,1874,5259
294708893544,178,5508,99,8049,3387,1874,5260
294708906474,525,7058,333,35529,3388,1874,5261
294708915763,21,4661,66,4315,3388,1875,5262
294708926706,113,5327,142,13135,3389,1875,5263
294708938028,19,6868,60,2909,3389,1876,5264
294708949380,108,5402,88,7129,3390,1876,5265
294708960205,109,4986,364,44146,3391,1876,5266
294708971472,18,9003,84,5857,3391,1877,5267
294708982465,121,7127,192,9611,3392,1877,5268
294708993556,106,5108,53,3334,3393,1877,5269
294709004393,18,7186,67,2921,3393,1878,5270
294709016105,124,6002,236,15596,3394,1878,5271
294709027282,147,5419,102,9156,3395,1878,5272
294709037865,18,7184,61,2863,3395,1879,5273
294709049139,106,5434,207,16169,3396,1879,5274
294709060154,118,5576,104,8619,3397,1879,5275
294709071421,17,8292,57,2894,3397,1880,5276
294709082443,107,6967,213,16377,3398,1880,5277
294709093496,100,5764,103,8972,3399,1880,5278
294709104694,18,7269,71,2942,3399,1881,5279
294709115881,139,5168,56,3182,3400,1881,5280
294709126947,108,5685,169,16349,3401,1881,5281
294709138163,19,7900,59,3012,3401,1882,5282
294709149306,106,5317,107,8802,3402,1882,5283
294709160462,98,5439,174,15336,3403,1882,5284
294709171482,16,8168,55,2391,3403,1883,5285
294709182667,101,6712,116,2848,3404,1883,5286
294709193652,100,5514,346,35713,3405,1883,5287
294709204570,18,7465,90,4384,3405,1884,5288
294709215603,122,5204,169,16473,3406,1884,5289
294709226783,113,4857,45,2165,3407,1884,5290
294709237888,20,7464,47,1471,3407,1885,5291
294709249160,112,6258,451,36064,3408,1885,5292
294709260303,123,5267,192,17090,3409,1885,5293
294709271141,19,7484,60,3286,3409,1886,5294
294709282453,115,6740,104,8540,3410,1886,5295
294709293729,106,5427,160,15693,3411,1886,5296
294709304960,20,8402,67,2699,3411,1887,5297
294709315891,116,5401,122,8766,3412,1887,5298
294709327075,111,5867,165,15979,3413,1887,5299
294709337868,17,6876,58,2704,3413,1888,5300
294709349633,115,5790,105,8299,3414,1888,5301
294709360259,150,5419,88,2998,3415,1888,5302
294709371858,101,9129,79,2614,3415,1889,5303
294709382270,17,6207,50,2614,3415,1890,5304
294709394021,114,5439,68,3889,3416,1890,5305
294709404749,107,8779,103,2632,3416,1891,5306
294709415915,100,5267,162,15307,3417,1891,5307
294709426970,96,5096,62,2073,3418,1891,5308
294709438233,124,8712,62,1370,3418,1892,5309
294709449570,124,5194,344,35747,3419,1892,5310
294709460457,158,4999,213,17868,3420,1892,5311
294709471834,89,9517,75,3193,3420,1893,5312
294709483113,22,5758,58,2741,3420,1894,5313
294709494297,115,5150,151,8985,3421,1894,5314
294709505869,98,8184,106,2656,3421,1895,5315
294709516082,17,5095,54,2637,3421,1896,5316
294709526985,105,5063,57,3323,3422,1896,5317
294709538208,92,8184,61,2626,3422,1897,5318
294709549239,99,5476,185,15699,3423,1897,5319
294709560267,86,5453,107,7965,3424,1897,5320
294709571289,17,7262,50,2518,3424,1898,5321
294709582584,103,4945,158,15775,3425,1898,5322
294709593411,104,5652,99,8507,3426,1898,5323
294709604744,114,8615,70,2502,3426,1899,5324
294709616100,142,5331,62,2805,3427,1899,5325
294709626867,101,5549,161,14947,3428,1899,5326
294709637772,19,6881,47,2159,3428,1900,5327
294709649055,112,5344,53,2556,3429,1900,5328
294709660427,100,5624,318,33808,3430,1900,5329
294709671854,85,8518,78,4263,3430,1901,5330
294709682906,18,5545,57,2801,3430,1902,5331
294709693984,107,5709,118,8709,3431,1902,5332
294709705010,108,8850,63,2484,3431,1903,5333
294709716036,18,5276,57,2446,3431,1904,5334
294709726860,110,5409,55,2832,3432,1904,5335
294709738033,94,8134,58,2384,3432,1905,5336
294709749504,97,5319,80,2641,3433,1905,5337
294709760756,102,5255,161,14949,3434,1905,5338
294709771574,88,8455,66,2675,3434,1906,5339
294709782832,107,5944,106,8393,3435,1906,5340
294709793930,93,5843,182,15644,3436,1906,5341
294709804565,26,6703,82,2926,3436,1907,5342
294709816144,107,5582,109,8817,3437,1907,5343
294709826947,133,5137,187,15955,3438,1907,5344
294709838661,144,7900,59,2480,3438,1908,5345
294709849531,17,4589,73,2430,3438,1909,5346
294709860059,135,5281,118,8824,3439,1909,5347
294709871861,111,8112,65,2424,3439,1910,5348
294709882936,21,5607,58,2424,3439,1911,5349
294709893815,110,5588,81,5159,3440,1911,5350
294709905822,342,7694,53,1423,3440,1912,5351
294709916707,24,4865,47,1396,3440,1913,5352
294709926974,108,4957,62,3099,3441,1913,5353
294709938119,102,9092,60,1369,3441,1914,5354
294709949622,121,5191,346,35687,3442,1914,5355
294709960565,107,5036,186,17693,3443,1914,5356
294709971911,91,9616,71,3116,3443,1915,5357
294709983208,19,5545,59,2648,3443,1916,5358
294709994366,109,5186,111,8916,3444,1916,5359
294710005057,100,8758,65,2485,3444,1917,5360
294710016352,110,5725,160,15205,3445,1917,5361
294710027471,105,5157,110,8612,3446,1917,5362
294710038727,125,8090,73,2577,3446,1918,5363
294710049958,22,5019,59,2560,3446,1919,5364
294710060662,106,5583,81,5315,3447,1919,5365
294710071805,90,8313,65,2439,3447,1920,5366
294710083148,105,6061,168,15963,3448,1920,5367
294710094035,101,5683,105,8186,3449,1920,5368
294710104979,97,8971,78,2567,3449,1921,5369
294710116108,134,5111,60,2878,3450,1921,5370
294710127041,110,5283,187,15890,3451,1921,5371
294710138431,157,9184,82,3020,3451,1922,5372
294710149471,21,4728,56,2894,3451,1923,5373
294710160160,111,5541,84,3298,3452,1923,5374
294710171749,87,8850,84,2690,3452,1924,5375
294710182474,18,5721,59,2687,3452,1925,5376
294710193723,105,5361,154,8855,3453,1925,5377
294710205251,94,9454,84,2479,3453,1926,5378
294710215893,17,5009,53,2479,3453,1927,5379
294710226987,111,4968,65,2967,3454,1927,5380
294710237690,93,8694,63,2418,3454,1928,5381
294710249326,104,5288,77,2678,3455,1928,5382
294710260380,106,5202,189,15012,3456,1928,5383
294710271584,89,8587,65,2753,3456,1929,5384
294710282923,99,5267,112,8487,3457,1929,5385
294710294016,275,5569,172,15793,3458,1929,5386
294710305284,326,9061,150,3067,3458,1930,5387
294710316107,19,4448,57,2934,3458,1931,5388
294710326724,116,5436,68,3552,3459,1931,5389
294710337789,154,8382,105,2516,3459,1932,5390
294710349489,106,5155,108,8483,3460,1932,5391
294710360409,133,5310,64,2421,3461,1932,5392
294710371578,98,8407,62,1887,3461,1933,5393
294710382672,108,5991,86,6160,3462,1933,5394
294710393376,108,5248,359,35907,3463,1933,5395
294710404520,19,7232,74,4379,3463,1934,5396
294710415678,111,5129,157,15748,3464,1934,5397
294710426868,109,5230,56,3135,3465,1934,5398
294710437626,20,7335,82,2545,3465,1935,5399
294710449285,109,6075,96,7808,3466,1935,5400
294710460286,130,5030,180,15687,3467,1935,5401
294710471051,19,7557,64,2946,3467,1936,5402
294710482525,199,5919,153,8772,3468,1936,5403
294710493492,103,5351,64,2809,3469,1936,5404
294710504699,19,8354,56,2520,3469,1937,5405
294710515848,113,5516,180,15279,3470,1937,5406
294710526894,137,5894,103,8914,3471,1937,5407
294710537998,23,7011,55,2539,3471,1938,5408
294710549367,114,5567,145,13060,3472,1938,5409
294710560469,115,5377,96,7743,3473,1938,5410
294710571300,19,8038,121,2577,3473,1939,5411
294710582495,105,6571,170,15794,3474,1939,5412
294710593820,125,5784,108,8306,3475,1939,5413
294710604849,20,9467,91,2464,3475,1940,5414
294710615913,299,5285,81,5098,3476,1940,5415
294710626782,126,5482,44,1487,3477,1940,5416
294710637792,19,7075,46,1440,3477,1941,5417
294710649246,111,5223,410,36178,3478,1941,5418
294710660435,104,5154,202,17408,3479,1941,5419
294710671417,23,8982,70,3205,3479,1942,5420
294710682474,124,6271,57,3173,3480,1942,5421
294710693758,113,5087,122,8034,3481,1942,5422
294710704570,18,7427,59,2526,3481,1943,5423
294710715785,116,5550,162,15713,3482,1943,5424
294710726977,149,4885,122,8162,3483,1943,5425
294710737702,19,7080,74,2517,3483,1944,5426
294710748960,104,5666,70,2889,3484,1944,5427
294710760469,103,5810,161,15263,3485,1944,5428
294710771443,19,6812,59,2643,3485,1945,5429
294710782350,109,6471,100,8517,3486,1945,5430
294710793774,105,5723,141,13720,3487,1945,5431
294710804427,38,8361,82,2818,3487,1946,5432
294710815970,112,5347,114,7979,3488,1946,5433
294710826934,104,5464,178,16170,3489,1946,5434
294710837929,25,7248,63,2688,3489,1947,5435
294710849007,128,5461,95,7844,3490,1947,5436
294710860385,137,5156,115,5094,3491,1947,5437
294710871416,26,7356,56,1518,3491,1948,5438
294710882502,109,6016,367,36417,3492,1948,5439
294710893491,118,5154,123,10428,3493,1948,5440
294710904297,17,7146,87,2933,3493,1949,5441
294710916028,162,5732,200,14567,3494,1949,5442
294710927008,100,4861,77,3111,3495,1949,5443
294710937607,18,7253,134,2542,3495,1950,5444
294710949064,127,5816,91,7990,3496,1950,5445
294710960325,151,5273,182,15194,3497,1950,5446
294710971470,24,8239,58,2713,3497,1951,5447
294710982586,106,5195,98,8527,3498,1951,5448
294710993466,127,6088,51,2719,3499,1951,5449
294711004670,16,8108,60,2458,3499,1952,5450
294711015958,119,5679,163,15142,3500,1952,5451
294711026750,107,5741,102,8642,3501,1952,5452
294711037937,42,6688,121,2643,3501,1953,5453
294711049348,137,5597,145,13081,3502,1953,5454
294711059985,102,5481,102,7908,3503,1953,5455
294711071104,19,8296,56,2592,3503,1954,5456
294711082567,121,5028,160,15851,3504,1954,5457
294711093624,103,5781,48,2048,3505,1954,5458
294711104517,17,7648,60,1378,3505,1955,5459
294711115526,143,5037,354,35994,3506,1955,5460
294711126822,113,5209,178,17431,3507,1955,5461
294711137899,19,7211,59,3146,3507,1956,5462
294711148975,103,6063,100,8459,3508,1956,5463
294711160061,100,5119,183,15527,3509,1956,5464
294711171193,17,7343,78,2937,3509,1957,5465
294711182133,100,6467,175,3097,3510,1957,5466
294711193864,104,5227,101,8039,3511,1957,5467
294711204642,42,8206,57,2512,3511,1958,5468
294711215734,104,5613,172,15782,3512,1958,5469
294711226950,101,5590,102,8087,3513,1958,5470
294711237795,23,7258,66,2494,3513,1959,5471
294711249233,118,5624,53,2795,3514,1959,5472
294711260296,109,5878,159,15092,3515,1959,5473
294711271423,18,8202,62,2685,3515,1960,5474
294711282569,122,6105,101,8415,3516,1960,5475
294711293792,98,5446,170,13712,3517,1960,5476
294711304797,145,8730,73,2835,3517,1961,5477
294711315721,18,4744,56,2770,3517,1962,5478
294711326761,108,5778,44,1910,3518,1962,5479
294711338495,268,8703,55,1331,3518,1963,5480
294711349648,19,4821,42,1332,3518,1964,5481
294711360106,268,4829,341,35916,3519,1964,5482
294711371399,98,9073,80,4372,3519,1965,5483
294711382397,100,6289,179,14749,3520,1965,5484
294711393687,109,5391,108,8371,3521,1965,5485
294711404847,23,8047,61,2570,3521,1966,5486
294711415852,115,5560,157,15098,3522,1966,5487
294711426862,178,5418,56,3050,3523,1966,5488
294711437962,18,7240,64,2544,3523,1967,5489
294711449154,114,5556,179,7860,3524,1967,5490
294711460244,97,5664,174,15791,3525,1967,5491
294711471488,23,6956,62,2648,3525,1968,5492
294711482482,122,6223,109,8474,3526,1968,5493
294711493728,161,5575,52,2686,3527,1968,5494
294711504450,19,8175,54,2406,3527,1969,5495
294711515600,146,5300,160,15192,3528,1969,5496
294711526593,104,5898,55,3040,3529,1969,5497
294711538191,21,8076,56,2359,3529,1970,5498
294711548850,109,5036,43,2201,3530,1970,5499
294711560132,99,5478,347,34181,3531,1970,5500
294711571195,17,7533,78,4309,3531,1971,5501
294711582207,120,6396,156,8261,3532,1971,5502
294711593423,102,5365,213,15381,3533,1971,5503
294711604786,17,9058,67,2867,3533,1972,5504
294711615917,157,6077,106,9096,3534,1972,5505
294711626926,105,4762,160,15861,3535,1972,5506
294711637796,18,7360,56,2772,3535,1973,5507
294711649005,101,5112,98,8424,3536,1973,5508
294711660224,111,4799,164,15812,3537,1973,5509
294711670943,17,7162,55,2945,3537,1974,5510
294711682616,94,5256,53,3293,3538,1974,5511
294711693340,94,5900,93,7952,3539,1974,5512
294711704781,17,8080,51,2548,3539,1975,5513
294711715828,96,5230,159,15851,3540,1975,5514
294711726468,104,5538,100,8142,3541,1975,5515
294711737661,24,7183,73,2704,3541,1976,5516
294711748943,100,5978,96,3027,3542,1976,5517
294711760027,125,5169,153,3578,3543,1976,5518
294711771110,21,7206,42,1421,3543,1977,5519
294711782651,111,5629,346,36049,3544,1977,5520
294711793783,100,5132,172,17356,3545,1977,5521
294711804798,17,8977,59,3079,3545,1978,5522
294711815872,108,5779,53,2994,3546,1978,5523
294711827207,98,5441,93,7824,3547,1978,5524
294711837899,17,7147,57,2603,3547,1979,5525
294711849189,106,5567,52,2931,3548,1979,5526
294711860408,159,5410,65,2635,3549,1979,5527
294711871532,18,8036,57,2441,3549,1980,5528
294711882572,109,5959,187,15627,3550,1980,5529
294711893616,98,5364,120,8498,3551,1980,5530
294711904610,45,6602,55,2497,3551,1981,5531
294711915600,101,5532,157,15610,3552,1981,5532
294711926672,111,5235,59,3213,3553,1981,5533
294711937869,17,7164,55,2755,3553,1982,5534
294711949231,104,5273,87,7100,3554,1982,5535
294711960262,102,5585,79,5722,3555,1982,5536
294711971373,18,8924,51,1578,3555,1983,5537
294711982441,103,5968,327,36166,3556,1983,5538
294711993679,102,4935,68,4710,3557,1983,5539
294712004798,18,8920,66,2894,3557,1984,5540
294712015672,226,6129,167,15161,3558,1984,5541
294712026668,125,4869,110,8498,3559,1984,5542
294712037978,21,7256,60,2537,3559,1985,5543
294712049078,122,14115,179,15427,3560,1985,5544
294712074943,133,12581,63,3160,3561,1985,5545
294712099008,119,16340,184,8034,3562,1985,5546
294712126796,130,12169,90,2770,3563,1985,5547
294712150554,115,15114,67,3596,3564,1985,5548
294712177006,192,10514,326,34571,3565,1985,5549
294712189141,20,15329,80,4469,3565,1986,5550
294712216232,141,16126,73,3370,3566,1986,5551
294712244002,288,10065,60,1963,3567,1986,5552
294712255122,22,7783,50,1345,3567,1987,5553
294712266863,261,5606,334,36109,3568,1987,5554
294712277306,113,5587,114,10109,3569,1987,5555
294712288458,18,7881,64,2969,3569,1988,5556
294712299454,123,6854,139,12549,3570,1988,5557
294712310569,118,5588,59,2680,3571,1988,5558
294712321821,22,8632,47,1349,3571,1989,5559
294712333032,158,5580,321,35279,3572,1989,5560
294712344137,119,5325,178,17680,3573,1989,5561
294712355137,21,9497,131,3159,3573,1990,5562
294712366771,137,5984,105,9044,3574,1990,5563
294712377229,112,5011,225,15916,3575,1990,5564
294712388079,19,8071,62,2685,3575,1991,5565
294712399771,116,5300,186,8360,3576,1991,5566
294712410696,109,5980,169,15626,3577,1991,5567
294712422019,20,8666,63,2881,3577,1992,5568
294712432654,123,5185,333,3192,3578,1992,5569
294712443906,114,5066,101,8247,3579,1992,5570
294712456333,200,7231,317,15714,3580,1992,5571
294712465965,19,4939,47,2420,3580,1993,5572
294712477638,110,5037,263,28142,3581,1993,5573
294712488556,19,8602,64,2646,3581,1994,5574
294712499660,175,5256,52,2786,3582,1994,5575
294712510480,333,5098,167,14931,3583,1994,5576
294712522251,21,8102,58,2447,3583,1995,5577
294712533189,480,5218,107,8038,3584,1995,5578
294712544265,107,5074,171,15226,3585,1995,5579
294712555170,297,7739,60,2647,3585,1996,5580
294712566709,125,5872,53,2808,3586,1996,5581
294712577139,103,5135,49,2581,3587,1996,5582
294712588485,18,8189,54,2355,3587,1997,5583
294712599687,106,5346,167,8032,3588,1997,5584
294712610622,215,5924,65,2506,3589,1997,5585
294712622335,23,7859,50,2251,3589,1998,5586
294712632794,106,5110,157,15472,3590,1998,5587
294712644084,149,5355,104,8257,3591,1998,5588
294712655164,26,7904,61,2109,3591,1999,5589
294712666250,151,5115,103,6977,3592,1999,5590
294712676954,164,4917,54,1575,3593,1999,5591
294712688249,26,8710,61,1490,3593,2000,5592
294712699751,145,5058,371,35878,3594,2000,5593
294712710768,127,5053,198,17974,3595,2000,5594
294712721984,23,8548,69,3226,3595,2001,5595
294712733016,130,5550,109,8565,3596,2001,5596
294712744097,118,5025,61,3145,3597,2001,5597
294712755191,25,7944,68,2762,3597,2002,5598
294712766545,143,5785,174,15413,3598,2002,5599
294712777426,175,4771,108,8503,3599,2002,5600
294712788514,25,7960,70,2537,3599,2003,5601
294712799574,136,5802,171,15487,3600,2003,5602
294712810477,129,5659,108,8052,3601,2003,5603
294712821643,20,7840,61,2477,3601,2004,5604
294712832823,123,5327,163,15891,3602,2004,5605
294712843982,111,6337,112,8222,3603,2004,5606
294712855043,22,8930,69,2608,3603,2005,5607
294712866267,134,5226,61,2984,3604,2005,5608
294712877375,104,5532,152,14450,3605,2005,5609
294712888512,17,8364,47,1674,3605,2006,5610
294712899639,104,4992,75,1965,3606,2006,5611
294712910317,102,5379,309,33632,3607,2006,5612
294712921690,17,8781,228,4256,3607,2007,5613
294712932848,187,5625,64,2916,3608,2007,5614
294712943984,124,7254,103,7940,3609,2007,5615
294712954920,20,8069,60,2646,3609,2008,5616
294712966118,108,5420,157,15119,3610,2008,5617
294712977068,109,4983,102,8170,3611,2008,5618
294712988438,25,8265,56,2756,3611,2009,5619
294712999443,105,5072,50,3140,3612,2009,5620
294713010396,101,5697,158,15142,3613,2009,5621
294713021574,19,7987,57,2874,3613,2010,5622
294713032756,114,5405,127,8725,3614,2010,5623
294713043801,100,5025,145,13777,3615,2010,5624
294713055410,19,7743,56,2566,3615,2011,5625
294713065954,113,5281,107,7653,3616,2011,5626
294713077226,138,5466,163,15925,3617,2011,5627
294713088673,23,7907,75,3037,3617,2012,5628
294713099773,102,5030,115,8326,3618,2012,5629
294713110757,137,5747,86,5268,3619,2012,5630
294713121997,19,7944,58,1566,3619,2013,5631
294713133116,141,5464,49,1534,3620,2013,5632
294713144110,115,5595,424,36145,3621,2013,5633
294713155317,43,8426,102,4441,3621,2014,5634
294713166470,111,5088,158,15912,3622,2014,5635
294713177246,118,5498,64,3148,3623,2014,5636
294713188192,18,8787,73,2589,3623,2015,5637
294713199476,102,10750,143,8002,3624,2015,5638
294713221633,111,8704,165,15781,3625,2015,5639
294713232918,18,4951,51,2636,3625,2016,5640
294713244208,107,5180,103,8942,3626,2016,5641
294713254984,18,7906,82,2629,3626,2017,5642
294713266025,103,5580,152,15194,3627,2017,5643
294713277163,98,5891,106,8578,3628,2017,5644
294713288289,18,8014,81,2491,3628,2018,5645
294713299501,104,10027,155,13136,3629,2018,5646
294713310802,97,5643,92,7778,3630,2018,5647
294713321913,34,7951,63,2590,3630,2019,5648
294713332785,126,5319,160,15804,3631,2019,5649
294713343963,102,5585,80,2186,3632,2019,5650
294713355044,40,9345,59,1465,3632,2020,5651
294713366617,136,5317,43,1448,3633,2020,5652
294713377546,104,5230,359,36198,3634,2020,5653
294713388417,17,8669,71,4399,3634,2021,5654
294713399401,101,5327,106,8700,3635,2021,5655
294713410521,148,5116,164,14583,3636,2021,5656
294713421615,25,8646,68,2879,3636,2022,5657
294713432792,131,5881,58,3103,3637,2022,5658
294713443873,108,5419,119,8110,3638,2022,5659
294713455172,19,8080,56,2488,3638,2023,5660
294713466129,108,5424,156,15108,3639,2023,5661
294713477221,125,4903,103,8156,3640,2023,5662
294713488647,108,8049,78,2519,3640,2024,5663
294713499285,117,5180,53,2823,3641,2024,5664
294713510748,175,5963,157,15096,3642,2024,5665
294713521734,18,8337,70,2723,3642,2025,5666
294713532857,144,5360,107,8519,3643,2025,5667
294713543743,113,5584,229,13794,3644,2025,5668
294713554838,20,6744,69,2839,3644,2026,5669
294713566914,107,7052,92,7991,3645,2026,5670
294713577421,96,5616,163,16201,3646,2026,5671
294713588515,18,7943,53,3047,3646,2027,5672
294713599506,97,5229,41,2006,3647,2027,5673
294713610725,138,5386,50,1431,3648,2027,5674
294713621943,20,7874,48,1430,3648,2028,5675
294713633286,119,5357,327,35848,3649,2028,5676
294713644301,101,7292,115,10226,3650,2028,5677
294713654988,19,8311,54,3033,3650,2029,5678
294713666302,117,5685,146,14280,3651,2029,5679
294713677263,104,4906,55,3088,3652,2029,5680
294713688449,19,8298,53,2496,3652,2030,5681
294713699391,121,10445,144,7953,3653,2030,5682
294713710867,117,5318,150,15001,3654,2030,5683
294713721830,19,10059,58,2760,3654,2031,5684
294713733207,106,5049,120,8403,3655,2031,5685
294713743881,110,5619,60,2797,3656,2031,5686
294713754994,19,7833,52,2527,3656,2032,5687
294713766100,110,5563,203,15179,3657,2032,5688
294713777242,101,5583,104,8613,3658,2032,5689
294713788480,18,7853,51,2586,3658,2033,5690
294713799520,100,4917,194,13038,3659,2033,5691
294713810378,105,5680,102,7956,3660,2033,5692
294713821852,25,7931,86,2596,3660,2034,5693
294713833189,107,5088,336,15840,3661,2034,5694
294713843961,92,5752,99,7687,3662,2034,5695
294713855339,57,9044,58,1639,3662,2035,5696
294713866479,135,5328,302,32090,3663,2035,5697
294713877559,105,4903,181,16600,3664,2035,5698
294713888207,17,8777,60,3250,3664,2036,5699
294713899322,102,5296,109,8476,3665,2036,5700
294713910436,203,5060,105,4741,3666,2036,5701
294713921569,29,9463,67,1497,3666,2037,5702
294713932984,182,5698,381,33929,3667,2037,5703
294713944231,117,5202,114,9793,3668,2037,5704
294713955271,18,7784,58,2880,3668,2038,5705
294713966714,112,6553,200,15405,3669,2038,5706
294713977520,107,5121,98,8241,3670,2038,5707
294713988355,17,8131,51,2582,3670,2039,5708
294713999782,98,7383,65,2939,3671,2039,5709
294714010404,118,5874,162,15087,3672,2039,5710
294714022084,18,8120,75,2788,3672,2040,5711
294714032796,107,4843,100,8779,3673,2040,5712
294714044460,110,5661,208,13883,3674,2040,5713
294714054986,18,7714,54,2661,3674,2041,5714
294714066570,100,5459,114,7847,3675,2041,5715
294714077488,108,5403,165,15200,3676,2041,5716
294714088741,18,8600,49,1948,3676,2042,5717
294714099756,100,9839,429,32005,3677,2042,5718
294714110838,133,5608,122,10664,3678,2042,5719
294714122026,20,8328,57,2959,3678,2043,5720
294714133142,104,5494,154,14998,3679,2043,5721
294714144308,100,5303,101,8572,3680,2043,5722
294714155023,19,9106,54,2544,3680,2044,5723
294714166097,100,5803,245,15426,3681,2044,5724
294714177293,100,5209,51,3296,3682,2044,5725
294714188604,18,7986,67,2659,3682,2045,5726
294714199730,148,5383,100,8099,3683,2045,5727
294714210729,105,5751,171,16094,3684,2045,5728
294714221868,106,8154,57,2905,3684,2046,5729
294714232968,112,5200,99,8743,3685,2046,5730
294714243789,95,5635,56,2993,3686,2046,5731
294714254994,23,8322,53,2579,3686,2047,5732
294714265991,100,5448,182,15418,3687,2047,5733
294714277199,100,5724,80,3357,3688,2047,5734
294714288834,19,7666,56,2777,3688,2048,5735
294714299652,106,9455,59,2999,3689,2048,5736
294714311027,97,5773,92,2082,3690,2048,5737
294714321988,58,8351,45,1362,3690,2049,5738
294714332645,97,5255,335,35354,3691,2049,5739
294714343909,103,5520,180,17683,3692,2049,5740
294714355047,24,9388,69,3139,3692,2050,5741
294714366369,130,5444,49,1934,3693,2050,5742
294714377641,103,5277,355,35815,3694,2050,5743
294714388708,19,8305,67,4397,3694,2051,5744
294714399671,100,10129,113,8616,3695,2051,5745
294714410687,106,4963,158,14497,3696,2051,5746
294714421656,20,9832,59,2894,3696,2052,5747
294714432877,106,5203,75,3131,3697,2052,5748
294714444275,104,5040,101,8163,3698,2052,5749
294714454890,18,16527,61,2475,3698,2053,5750
294714483039,127,15439,63,2882,3699,2053,5751
294714509778,125,10641,155,14650,3700,2053,5752
294714521424,19,16415,114,2787,3700,2054,5753
294714549498,261,15100,125,4085,3701,2054,5754
294714576474,136,11442,81,1925,3702,2054,5755
294714599574,138,15590,325,33088,3703,2054,5756
294714626796,176,10481,107,7527,3704,2054,5757
294714638314,21,16019,71,2832,3704,2055,5758
294714665530,142,5739,55,2773,3705,2055,5759
294714677197,119,5328,59,2541,3706,2055,5760
294714688178,20,8138,55,2389,3706,2056,5761
294714699324,111,10149,105,7883,3707,2056,5762
294714710275,113,4916,158,15270,3708,2056,5763
294714721522,18,9128,60,2761,3708,2057,5764
294714732500,109,5251,102,8350,3709,2057,5765
294714743923,119,5693,52,2801,3710,2057,5766
294714754915,40,8118,79,2457,3710,2058,5767
294714765960,106,5562,177,15028,3711,2058,5768
294714777141,104,5773,105,8567,3712,2058,5769
294714788316,19,7953,58,2566,3712,2059,5770
294714799280,114,9683,156,12950,3713,2059,5771
294714810367,103,5600,220,7727,3714,2059,5772
294714821381,18,7833,56,2483,3714,2060,5773
294714832566,109,5055,161,15786,3715,2060,5774
294714843501,114,5543,52,2100,3716,2060,5775
294714855017,22,9063,63,1402,3716,2061,5776
294714866004,167,5124,345,35624,3717,2061,5777
294714877078,117,4980,178,16372,3718,2061,5778
294714888040,24,8693,95,3083,3718,2062,5779
294714899316,155,5778,122,8499,3719,2062,5780
294714910375,116,5312,205,15511,3720,2062,5781
294714921546,20,8112,63,2783,3720,2063,5782
294714932432,110,5544,54,2965,3721,2063,5783
294714943543,106,5212,94,7961,3722,2063,5784
294714954793,18,8122,56,2566,3722,2064,5785
294714965806,104,5607,159,15798,3723,2064,5786
294714976840,102,5710,100,8091,3724,2064,5787
294714987935,18,8211,80,2504,3724,2065,5788
294714999186,144,9335,57,2785,3725,2065,5789
294715010372,100,5563,154,15060,3726,2065,5790
294715021453,20,7631,77,2743,3726,2066,5791
294715032400,107,5204,51,3057,3727,2066,5792
294715043452,106,7062,58,2883,3728,2066,5793
294715054538,21,7978,57,2630,3728,2067,5794
294715066141,109,5272,77,5757,3729,2067,5795
294715077044,114,4943,78,4602,3730,2067,5796
294715088175,20,8767,55,1505,3730,2068,5797
294715099201,120,5004,327,33015,3731,2068,5798
294715109971,134,4896,121,10129,3732,2068,5799
294715121401,25,9301,60,2933,3732,2069,5800
294715132550,112,5946,154,14375,3733,2069,5801
294715143563,172,5260,109,8294,3734,2069,5802
294715154585,23,8114,74,2687,3734,2070,5803
294715165828,107,5467,155,15090,3735,2070,5804
294715177068,100,5231,56,3036,3736,2070,5805
294715187776,17,7384,54,2527,3736,2071,5806
294715199460,100,9188,100,7871,3737,2071,5807
294715210638,96,5755,183,15722,3738,2071,5808
294715221221,18,8089,54,2836,3738,2072,5809
294715232384,110,5064,101,8541,3739,2072,5810
294715243249,106,5238,54,2662,3740,2072,5811
294715254965,20,7819,57,2416,3740,2073,5812
294715265748,106,5365,153,15198,3741,2073,5813
294715276793,99,5109,55,2427,3742,2073,5814
294715288041,19,8779,48,1678,3742,2074,5815
294715299473,108,8906,315,32226,3743,2074,5816
294715310452,105,5458,65,4744,3744,2074,5817
294715321604,17,8939,62,3112,3744,2075,5818
294715332702,108,5323,98,8335,3745,2075,5819
294715343827,106,5272,199,16033,3746,2075,5820
294715354579,19,9539,71,2958,3746,2076,5821
294715365826,138,5983,114,9221,3747,2076,5822
294715376816,107,5190,185,15876,3748,2076,5823
294715387994,19,8054,55,2851,3748,2077,5824
294715399369,101,9797,317,8642,3749,2077,5825
294715410512,108,5418,157,15686,3750,2077,5826
294715421284,29,8653,55,2833,3750,2078,5827
294715432484,101,5133,54,3119,3751,2078,5828
294715443456,113,5830,114,7851,3752,2078,5829
294715454533,19,7896,57,2654,3752,2079,5830
294715465728,106,5579,161,16137,3753,2079,5831
294715476856,97,5501,127,8506,3754,2079,5832
294715488094,17,6727,55,2696,3754,2080,5833
294715499308,106,9200,60,3078,3755,2080,5834
294715510473,99,5547,159,15212,3756,2080,5835
294715521554,24,7613,56,3035,3756,2081,5836
294715532630,97,4908,46,2405,3757,2081,5837
294715543333,98,5529,48,1795,3758,2081,5838
294715554418,16,7211,43,1374,3758,2082,5839
294715566122,154,5314,313,33995,3759,2082,5840
294715577246,101,4931,116,9699,3760,2082,5841
294715587907,16,8466,55,3044,3760,2083,5842
294715599168,122,5845,157,15338,3761,2083,5843
294715610347,135,5326,99,7786,3762,2083,5844
294715621468,20,8689,79,2877,3762,2084,5845
294715632319,104,5678,178,16058,3763,2084,5846
294715643741,105,5231,100,8493,3764,2084,5847
294715654534,17,7913,54,2700,3764,2085,5848
294715666560,101,5569,160,15437,3765,2085,5849
294715676728,94,5884,54,3121,3766,2085,5850
294715688315,16,8023,58,2659,3766,2086,5851
294715699001,99,9179,97,7925,3767,2086,5852
294715710154,94,5807,155,15845,3768,2086,5853
294715721210,17,6720,58,2975,3768,2087,5854
294715732636,103,4941,121,8748,3769,2087,5855
294715743322,120,6842,55,3070,3770,2087,5856
294715754926,21,8159,59,2711,3770,2088,5857
294715765610,101,5234,50,2985,3771,2088,5858
294715777005,125,5782,96,6188,3772,2088,5859
294715788228,20,8206,46,1448,3772,2089,5860
294715799328,144,4971,317,33795,3773,2089,5861
294715810003,104,5363,98,4419,3774,2089,5862
294715821619,18,8976,57,2769,3774,2090,5863
294715832662,105,5801,94,7989,3775,2090,5864
294715843874,118,5228,55,2743,3776,2090,5865
294715855164,253,8214,65,2438,3776,2091,5866
294715865973,124,5125,79,5174,3777,2091,5867
294715876727,260,5690,355,35945,3778,2091,5868
294715888234,21,8304,74,4370,3778,2092,5869
294715899376,120,8718,147,8653,3779,2092,5870
294715910140,105,5759,150,14553,3780,2092,5871
294715921657,19,7760,56,2851,3780,2093,5872
294715932355,104,5008,49,2997,3781,2093,5873
294715943817,106,5617,102,8086,3782,2093,5874
294715954800,18,8194,55,2523,3782,2094,5875
294715965833,109,5266,151,14619,3783,2094,5876
294715976677,98,5101,43,1817,3784,2094,5877
294715988210,17,8486,70,1353,3784,2095,5878
294715999513,104,8550,45,1354,3785,2095,5879
294716010454,98,5433,331,35816,3786,2095,5880
294716021532,21,8559,80,4342,3786,2096,5881
294716032678,146,5196,102,8602,3787,2096,5882
294716043867,113,5127,162,14536,3788,2096,5883
294716054605,21,8460,66,2826,3788,2097,5884
294716065736,133,5685,59,2980,3789,2097,5885
294716077152,161,5271,100,7925,3790,2097,5886
294716088404,43,7859,66,2598,3790,2098,5887
294716099366,116,9630,72,2980,3791,2098,5888
294716110269,127,5283,90,3762,3792,2098,5889
294716121270,20,8170,59,2530,3792,2099,5890
294716132492,112,5036,155,15059,3793,2099,5891
294716143812,102,5840,104,8454,3794,2099,5892
294716154480,18,7905,62,2651,3794,2100,5893
294716165668,103,5528,155,15358,3795,2100,5894
294716176886,94,5420,71,3335,3796,2100,5895
294716187834,18,7972,56,2713,3796,2101,5896
294716199268,104,9011,106,8108,3797,2101,5897
294716210305,99,5638,173,15675,3798,2101,5898
294716221010,21,7049,80,2398,3798,2102,5899
294716233375,111,5163,270,28229,3799,2102,5900
294716243926,110,5318,60,2803,3800,2102,5901
294716254756,116,9348,98,2303,3800,2103,5902
294716266168,31,4720,51,2268,3800,2104,5903
294716276815,125,4943,59,2918,3801,2104,5904
294716288282,101,8621,62,2264,3801,2105,5905
294716299380,114,5793,165,15436,3802,2105,5906
294716310478,105,5347,54,2989,3803,2105,5907
294716321907,101,8363,65,2400,3803,2106,5908
294716332725,19,4726,66,2350,3803,2107,5909
294716343310,250,4989,107,8694,3804,2107,5910
294716354930,23,7832,63,2266,3804,2108,5911
294716365990,123,5455,58,2871,3805,2108,5912
294716377532,104,5160,162,14960,3806,2108,5913
294716389030,98,7658,65,2582,3806,2109,5914
294716399773,18,5577,60,2491,3806,2110,5915
294716410661,109,5828,70,2898,3807,2110,5916
294716422130,100,7704,69,2403,3807,2111,5917
294716433180,17,4312,55,2400,3807,2112,5918
294716443461,124,5294,111,8533,3808,2112,5919
294716454509,23,8454,50,2161,3808,2113,5920
294716465703,116,5228,162,15699,3809,2113,5921
294716476872,111,5133,47,2018,3810,2113,5922
294716488200,20,8148,52,1350,3810,2114,5923
294716499459,111,8018,43,1350,3811,2114,5924
294716510337,115,5494,330,35683,3812,2114,5925
294716521345,19,7195,73,4314,3812,2115,5926
294716532352,109,5272,109,8599,3813,2115,5927
294716543355,99,5171,152,14432,3814,2115,5928
294716554593,18,8933,59,2817,3814,2116,5929
294716565995,107,5958,77,3007,3815,2116,5930
294716577207,210,5229,102,7917,3816,2116,5931
294716588219,90,9398,75,2526,3816,2117,5932
294716599881,17,8031,75,2492,3816,2118,5933
294716610362,135,5397,98,5863,3817,2118,5934
294716622193,106,7735,62,2422,3817,2119,5935
294716632846,18,4837,57,2402,3817,2120,5936
294716643311,104,5645,86,3058,3818,2120,5937
294716655515,109,8018,70,2422,3818,2121,5938
294716666116,71,5037,82,2414,3818,2122,5939
294716677510,126,5705,145,12855,3819,2122,5940
294716688602,102,8211,65,2653,3819,2123,5941
294716699755,19,8706,68,2586,3819,2124,5942
294716711039,128,5410,87,2746,3820,2124,5943
294716722241,104,7626,74,2592,3820,2125,5944
294716732813,20,4675,55,2594,3820,2126,5945
294716743527,122,5403,52,1952,3821,2126,5946
294716755559,282,8115,57,1401,3821,2127,5947
294716766141,20,4603,46,1399,3821,2128,5948
294716776692,114,5078,366,35818,3822,2128,5949
294716788869,114,8243,87,4388,3822,2129,5950
294716799894,18,5622,60,2884,3822,2130,5951
294716810895,107,5262,147,13085,3823,2130,5952
294716822671,200,7483,106,7778,3824,2130,5953
294716833370,89,5238,59,2628,3824,2131,5954
294716844010,101,5130,96,3894,3825,2131,5955
294716856260,345,7155,80,3261,3826,2131,5956
294716866790,114,7700,91,2520,3826,2132,5957
294716877901,112,5244,161,14878,3827,2132,5958
294716888554,93,8347,63,2627,3827,2133,5959
294716899310,21,6324,75,2619,3827,2134,5960
294716910780,107,5905,60,2978,3828,2134,5961
294716922952,142,6840,66,2831,3829,2134,5962
294716933207,113,5247,170,2618,3829,2135,5963
294716944128,97,5747,110,6817,3830,2135,5964
294716955987,113,7374,289,26884,3831,2135,5965
294716966202,313,5094,85,3199,3831,2136,5966
294716977433,98,5589,61,2340,3832,2136,5967
294716988381,87,8324,54,1420,3832,2137,5968
294716999523,23,4463,67,1414,3832,2138,5969
294717010136,113,5553,337,36023,3833,2138,5970
294717021836,88,8723,75,4380,3833,2139,5971
294717032675,24,4530,88,2906,3833,2140,5972
294717043221,162,5048,59,2982,3834,2140,5973
294717054788,103,9706,66,2486,3834,2141,5974
294717066283,64,5096,53,2467,3834,2142,5975
294717077257,111,5071,107,8790,3835,2142,5976
294717088183,23,9294,57,2429,3835,2143,5977
294717099293,97,9612,71,2863,3836,2143,5978
294717110307,135,5311,97,3355,3837,2143,5979
294717121012,20,7164,51,2425,3837,2144,5980
294717132672,108,5514,232,14940,3838,2144,5981
294717143959,101,5706,99,8383,3839,2144,5982
294717154488,19,8211,61,2697,3839,2145,5983
294717165691,113,5650,159,15644,3840,2145,5984
294717176864,104,5652,76,3374,3841,2145,5985
294717188073,18,7703,117,2856,3841,2146,5986
294717199252,106,8595,104,8406,3842,2146,5987
294717210466,100,5656,163,16165,3843,2146,5988
294717221564,17,8359,56,2926,3843,2147,5989
294717232773,102,4979,95,7756,3844,2147,5990
294717243396,95,4891,70,5013,3845,2147,5991
294717254993,18,8699,45,1510,3845,2148,5992
294717266074,102,5488,397,36219,3846,2148,5993
294717276738,109,5143,165,10309,3847,2148,5994
294717287885,17,9044,79,2933,3847,2149,5995
294717299119,178,8905,154,14514,3848,2149,5996
294717310344,105,5259,74,3085,3849,2149,5997
294717321813,88,8521,65,2509,3849,2150,5998
294717332706,19,4628,54,2478,3849,2151,5999
294717343610,111,4784,108,8827,3850,2151,6000
294717355389,263,7506,73,2417,3850,2152,6001
294717366549,24,4996,71,2417,3850,2153,6002
294717377198,119,5455,158,14541,3851,2153,6003
294717389102,156,7629,65,2670,3851,2154,6004
294717399830,19,5234,58,2617,3851,2155,6005
294717410769,110,5953,61,3045,3852,2155,6006
294717422172,115,7499,90,2568,3852,2156,6007
294717433063,20,4402,55,2564,3852,2157,6008
294717443527,108,5476,113,8780,3853,2157,6009
294717455509,192,7767,134,2452,3853,2158,6010
294717466684,25,4959,114,2449,3853,2159,6011
294717477301,121,5641,103,4896,3854,2159,6012
294717488610,96,8083,62,1428,3854,2160,6013
294717499723,20,4513,46,1397,3854,2161,6014
294717510312,115,5629,363,36150,3855,2161,6015
294717521536,94,8360,73,4425,3855,2162,6016
294717532981,100,5042,107,8744,3856,2162,6017
294717544076,96,5338,94,4638,3857,2162,6018
294717555282,94,8058,50,1486,3857,2163,6019
294717566057,16,5425,45,1431,3857,2164,6020
294717577342,150,5218,364,35656,3858,2164,6021
294717588564,91,7737,72,4418,3858,2165,6022
294717599467,17,5921,138,2931,3858,2166,6023
294717610789,134,5134,95,5945,3859,2166,6024
294717621962,105,7650,84,2463,3859,2167,6025
294717633168,23,5205,95,2424,3859,2168,6026
294717644128,118,6203,116,3055,3860,2168,6027
294717655975,213,13747,187,15522,3861,2168,6028
294717681874,136,13679,132,3035,3862,2168,6029
294717707204,173,13740,72,2154,3863,2168,6030
294717732517,203,13923,67,1393,3864,2168,6031
294717758234,148,11621,337,36120,3865,2168,6032
294717781435,120,16588,143,10229,3866,2168,6033
294717809659,135,10284,162,13535,3867,2168,6034
294717821619,172,16194,68,2811,3867,2169,6035
294717849472,116,9465,131,8911,3868,2169,6036
294717861094,136,5222,64,3211,3869,2169,6037
294717873065,143,6900,188,15087,3870,2169,6038
294717883679,138,7398,83,2826,3870,2170,6039
294717894178,115,5248,116,8528,3871,2170,6040
294717906132,101,7214,172,15005,3872,2170,6041
294717916539,99,4837,84,2784,3872,2171,6042
294717927283,97,5783,69,3067,3873,2171,6043
294717938978,130,7471,95,2679,3873,2172,6044
294717950336,26,5107,78,2647,3873,2173,6045
294717961126,117,5998,62,2929,3874,2173,6046
294717972447,99,7320,118,8164,3875,2173,6047
294717983377,110,5027,55,2367,3875,2174,6048
294717994098,119,5583,79,5104,3876,2174,6049
294718005612,263,7553,51,1496,3876,2175,6050
294718016398,17,4470,53,1448,3876,2176,6051
294718027307,108,5796,373,35725,3877,2176,6052
294718038871,101,8289,72,4404,3877,2177,6053
294718049636,17,4409,50,2901,3877,2178,6054
294718060762,118,6931,186,13147,3878,2178,6055
294718071536,24,8602,67,2645,3878,2179,6056
294718082626,119,6067,98,7934,3879,2179,6057
294718094143,111,5345,52,2833,3880,2179,6058
294718105317,31,7482,86,2500,3880,2180,6059
294718116843,315,7654,70,3566,3881,2180,6060
294718127558,100,5305,157,14909,3882,2180,6061
294718138546,23,7870,57,2801,3882,2181,6062
294718149724,101,5284,102,8749,3883,2181,6063
294718160835,146,4780,201,15774,3884,2181,6064
294718171684,19,8029,54,2735,3884,2182,6065
294718182646,104,5467,51,2978,3885,2182,6066
294718193564,98,5582,111,7894,3886,2182,6067
294718204852,17,7729,83,2671,3886,2183,6068
294718215962,116,5057,162,16018,3887,2183,6069
294718227130,104,5661,99,8239,3888,2183,6070
294718238815,191,7801,74,2737,3888,2184,6071
294718249481,18,4628,52,2726,3888,2185,6072
294718260262,112,5694,103,5213,3889,2185,6073
294718272376,426,7686,55,1560,3889,2186,6074
294718283400,18,4696,46,1493,3889,2187,6075
294718294145,105,5472,324,33996,3890,2187,6076
294718306297,201,7175,99,4468,3891,2187,6077
294718317023,91,5131,103,2805,3891,2188,6078
294718327659,104,5147,110,7973,3892,2188,6079
294718339199,210,9084,173,15218,3893,2188,6080
294718350041,21,5179,70,2844,3893,2189,6081
294718361139,140,5413,161,9788,3894,2189,6082
294718372061,20,7459,64,2473,3894,2190,6083
294718383555,118,8234,169,15062,3895,2190,6084
294718394456,103,5204,143,8353,3896,2190,6085
294718405287,22,7688,60,2622,3896,2191,6086
294718417143,108,6951,169,15531,3897,2191,6087
294718427768,102,5354,86,3035,3898,2191,6088
294718439288,134,7270,106,7901,3899,2191,6089
294718450040,90,5375,260,2675,3899,2192,6090
294718461163,101,5922,166,15953,3900,2192,6091
294718472522,95,7091,125,8583,3901,2192,6092
294718483380,119,7475,66,2652,3901,2193,6093
294718494453,100,5283,84,2918,3902,2193,6094
294718505761,112,7476,65,3048,3903,2193,6095
294718516606,90,5099,55,2389,3903,2194,6096
294718527613,107,5609,100,6725,3904,2194,6097
294718539162,243,7860,425,34053,3905,2194,6098
294718550090,113,5218,70,4291,3905,2195,6099
294718561109,123,5672,84,2924,3906,2195,6100
294718572691,137,7756,210,8057,3907,2195,6101
294718583337,154,4770,105,2513,3907,2196,6102
294718594591,116,4981,163,15180,3908,2196,6103
294718606154,254,7393,125,8843,3909,2196,6104
294718616516,105,5365,131,2649,3909,2197,6105
294718627699,103,5478,162,15062,3910,2197,6106
294718638988,126,7858,133,8681,3911,2197,6107
294718649597,20,4864,54,2544,3911,2198,6108
294718660746,112,5390,167,15353,3912,2198,6109
294718671870,18,7934,90,2795,3912,2199,6110
294718682845,106,5518,110,3116,3913,2199,6111
294718694320,100,5478,148,7963,3914,2199,6112
294718705624,185,7720,174,15999,3915,2199,6113
294718716510,98,5093,61,2980,3915,2200,6114
294718727833,114,5723,112,8785,3916,2200,6115
294718739108,107,7367,66,2692,3917,2200,6116
294718749957,94,5270,82,2475,3917,2201,6117
294718761013,114,5519,179,15327,3918,2201,6118
294718771787,90,8433,65,2888,3918,2202,6119
294718783559,19,4992,56,2602,3918,2203,6120
294718794094,104,5689,69,3953,3919,2203,6121
294718805593,341,7584,55,1937,3919,2204,6122
294718816395,17,4563,66,1931,3919,2205,6123
294718827594,107,5516,272,27120,3920,2205,6124
294718839022,109,8165,64,2611,3920,2206,6125
294718850018,18,4970,65,2452,3920,2207,6126
294718860363,130,7102,84,5373,3921,2207,6127
294718872058,21,8170,57,2244,3921,2208,6128
294718883129,140,5357,159,14710,3922,2208,6129
294718894059,102,5341,139,8295,3923,2208,6130
294718905611,139,7953,61,2315,3923,2209,6131
294718916863,47,4915,53,2289,3923,2210,6132
294718928000,124,4973,286,12961,3924,2210,6133
294718941076,473,5377,133,7818,3925,2210,6134
294718949820,137,5276,61,2330,3925,2211,6135
294718961260,187,4983,179,15585,3926,2211,6136
294718972351,114,7550,70,2749,3926,2212,6137
294718983399,19,4790,59,2577,3926,2213,6138
294718993877,110,5927,114,9063,3927,2213,6139
294719005829,19,7159,62,2299,3927,2214,6140
294719016974,113,7742,170,15149,3928,2214,6141
294719027497,104,5707,82,2903,3929,2214,6142
294719038965,181,7461,62,2499,3930,2214,6143
294719050000,106,5216,125,2144,3930,2215,6144
294719060944,110,6648,57,2287,3931,2215,6145
294719072598,232,7876,404,35262,3932,2215,6146
294719083338,97,5485,80,4262,3932,2216,6147
294719094458,121,5628,264,16135,3933,2216,6148
294719105586,139,7860,74,2869,3933,2217,6149
294719116330,22,4272,55,2536,3933,2218,6150
294719127276,115,5357,83,6046,3934,2218,6151
294719138860,104,9706,65,2505,3934,2219,6152
294719149899,19,4698,63,2464,3934,2220,6153
294719160517,109,5163,94,2719,3935,2220,6154
294719172190,95,7860,73,2487,3935,2221,6155
294719183453,23,5159,132,2486,3935,2222,6156
294719194669,139,5162,109,8507,3936,2222,6157
294719205776,30,7291,85,2438,3936,2223,6158
294719216198,106,4841,161,15558,3937,2223,6159
294719227272,255,5227,107,8206,3938,2223,6160
294719238693,151,7655,68,2538,3938,2224,6161
294719249848,19,4944,93,2538,3938,2225,6162
294719260516,169,7309,164,14087,3939,2225,6163
294719272102,121,7442,65,2611,3939,2226,6164
294719283098,20,4876,64,2593,3939,2227,6165
294719293625,126,5525,73,4271,3940,2227,6166
294719304681,101,8072,68,2476,3940,2228,6167
294719316669,111,4995,114,7935,3941,2228,6168
294719327513,118,5568,161,15271,3942,2228,6169
294719338529,23,9483,55,2494,3942,2229,6170
294719349817,102,5494,91,1794,3943,2229,6171
294719360640,129,5412,337,35809,3944,2229,6172
294719371508,19,8761,73,4352,3944,2230,6173
294719382790,119,5569,156,15368,3945,2230,6174
294719393910,97,5213,113,8418,3946,2230,6175
294719405016,30,8429,64,2636,3946,2231,6176
294719416079,124,5544,160,15693,3947,2231,6177
294719427154,101,5168,57,3256,3948,2231,6178
294719438472,19,9876,57,2640,3948,2232,6179
294719449553,102,5802,111,8148,3949,2232,6180
294719461052,104,5292,158,15993,3950,2232,6181
294719471398,20,8160,84,3047,3950,2233,6182
294719483052,114,5453,102,8670,3951,2233,6183
294719493974,120,5081,60,2983,3952,2233,6184
294719504780,19,8055,61,2535,3952,2234,6185
294719516722,103,5194,329,15275,3953,2234,6186
294719527182,100,6107,146,8584,3954,2234,6187
294719538384,19,7843,53,2648,3954,2235,6188
294719549288,101,5486,215,13115,3955,2235,6189
294719560612,107,5480,92,7762,3956,2235,6190
294719571664,18,7684,55,2613,3956,2236,6191
294719582858,97,5239,278,15766,3957,2236,6192
294719594025,139,5738,43,2055,3958,2236,6193
294719605024,22,8273,50,1427,3958,2237,6194
294719616161,127,4966,67,1427,3959,2237,6195
294719627418,95,5768,353,35962,3960,2237,6196
294719638203,17,7949,63,4390,3960,2238,6197
294719649317,102,5286,145,8644,3961,2238,6198
294719660494,101,5061,175,14477,3962,2238,6199
294719671731,60,8302,101,2879,3962,2239,6200
294719682654,100,5967,51,3077,3963,2239,6201
294719693949,96,5158,103,7911,3964,2239,6202
294719704853,284,7641,76,2534,3964,2240,6203
294719716078,99,5285,253,15118,3965,2240,6204
294719727007,105,5380,99,8102,3966,2240,6205
294719738203,18,7625,51,2570,3966,2241,6206
294719749392,99,5560,72,2841,3967,2241,6207
294719760245,101,5601,157,15248,3968,2241,6208
294719771551,18,7957,68,2614,3968,2242,6209
294719783114,99,5595,102,8370,3969,2242,6210
294719794145,102,5522,173,13700,3970,2242,6211
294719805201,19,7426,50,2795,3970,2243,6212
294719816155,98,5124,88,7506,3971,2243,6213
294719827187,100,5810,76,5727,3972,2243,6214
294719838332,30,7695,43,1591,3972,2244,6215
294719849719,118,5879,55,1540,3973,2244,6216
294719860539,129,7241,338,35892,3974,2244,6217
294719871520,20,8800,70,4396,3974,2245,6218
294719882732,107,5444,157,15595,3975,2245,6219
294719893872,95,5105,102,8248,3976,2245,6220
294719905179,17,8138,126,2605,3976,2246,6221
294719916220,111,5830,190,15595,3977,2246,6222
294719927404,102,5315,53,3004,3978,2246,6223
294719938378,55,9200,56,2580,3978,2247,6224
294719949460,105,5509,146,7926,3979,2247,6225
294719960460,108,5093,161,15892,3980,2247,6226
294719971774,23,8128,68,2849,3980,2248,6227
294719982956,103,5500,101,8575,3981,2248,6228
294719994068,115,5379,79,2961,3982,2248,6229
294720004820,17,8047,61,2565,3982,2249,6230
294720016164,140,5594,164,15162,3983,2249,6231
294720027355,111,5890,118,8834,3984,2249,6232
294720038804,20,7232,59,2497,3984,2250,6233
294720049422,147,15362,181,13083,3985,2250,6234
294720076537,243,11043,57,2024,3986,2250,6235
294720099859,392,16801,387,33215,3987,2250,6236
294720128386,131,8888,102,7440,3988,2250,6237
294720139781,100,15294,131,8561,3989,2250,6238
294720166748,153,15881,167,15069,3990,2250,6239
294720194373,126,9616,104,7827,3991,2250,6240
294720206011,112,14791,168,15696,3992,2250,6241
294720232089,121,15422,140,8285,3993,2250,6242
294720258956,135,5704,161,14517,3994,2250,6243
294720270467,24,6726,59,2730,3994,2251,6244
294720281469,134,5332,107,8649,3995,2251,6245
294720292471,115,5546,148,13706,3996,2251,6246
294720303654,26,7622,63,2735,3996,2252,6247
294720314918,148,5096,106,8111,3997,2252,6248
294720326038,101,5834,191,15976,3998,2252,6249
294720336777,18,7157,55,2963,3998,2253,6250
294720348220,109,5636,107,8451,3999,2253,6251
294720359009,119,4831,261,12363,4000,2253,6252
294720370133,20,7441,69,2705,4000,2254,6253
294720381356,110,5463,164,15305,4001,2254,6254
294720392528,106,4911,103,8668,4002,2254,6255
294720403722,23,7422,89,2630,4002,2255,6256
294720415135,119,5487,197,15625,4003,2255,6257
294720426005,95,5341,53,3076,4004,2255,6258
294720437086,17,7104,58,2626,4004,2256,6259
294720448078,117,5368,98,8069,4005,2256,6260
294720459318,103,4918,163,15833,4006,2256,6261
294720469928,18,7132,62,2963,4006,2257,6262
294720481310,110,5889,102,8865,4007,2257,6263
294720492734,105,5485,51,2751,4008,2257,6264
294720503385,17,7114,73,2482,4008,2258,6265
294720514612,122,5368,155,15270,4009,2258,6266
294720525993,118,5770,60,3310,4010,2258,6267
294720536860,17,7337,52,2589,4010,2259,6268
294720547937,103,5515,50,2733,4011,2259,6269
294720559157,108,5142,91,7447,4012,2259,6270
294720569974,18,7225,62,2445,4012,2260,6271
294720581354,122,4931,73,4889,4013,2260,6272
294720592619,107,5265,314,33064,4014,2260,6273
294720603558,23,7294,79,4235,4014,2261,6274
294720614708,594,5399,113,9801,4015,2261,6275
294720625777,109,5042,297,14837,4016,2261,6276
294720636562,18,4687,104,2656,4016,2262,6277
294720648603,107,5578,43,2208,4017,2262,6278
294720659129,101,5035,374,33670,4018,2262,6279
294720670245,19,7694,71,4223,4018,2263,6280
294720681416,104,5515,52,2884,4019,2263,6281
294720692579,100,6037,97,7953,4020,2263,6282
294720703698,19,7014,58,2673,4020,2264,6283
294720714922,113,5127,185,15121,4021,2264,6284
294720725648,101,5669,102,8183,4022,2264,6285
294720736953,18,7356,54,2496,4022,2265,6286
294720747946,102,5470,48,2820,4023,2265,6287
294720759179,100,5423,155,14946,4024,2265,6288
294720770483,18,7322,106,3026,4024,2266,6289
294720781499,108,5470,103,8896,4025,2266,6290
294720792509,111,5199,162,15781,4026,2266,6291
294720803815,18,7419,56,2788,4026,2267,6292
294720814904,125,5781,52,3112,4027,2267,6293
294720825715,100,5005,101,8099,4028,2267,6294
294720837094,16,7277,54,2521,4028,2268,6295
294720847860,103,5536,170,15854,4029,2268,6296
294720859317,129,5302,108,8401,4030,2268,6297
294720870430,20,7593,62,2608,4030,2269,6298
294720881530,111,5388,156,15219,4031,2269,6299
294720892195,110,6132,111,9050,4032,2269,6300
294720903861,19,7287,56,2716,4032,2270,6301
294720914570,135,5361,158,15935,4033,2270,6302
294720926028,102,5770,59,3032,4034,2270,6303
294720936816,18,7150,52,2592,4034,2271,6304
294720948013,106,5292,91,7745,4035,2271,6305
294720959074,106,5205,161,15832,4036,2271,6306
294720969924,18,7338,62,2907,4036,2272,6307
294720981219,111,5419,44,2073,4037,2272,6308
294720992265,101,4922,348,35886,4038,2272,6309
294721003345,17,7657,68,4368,4038,2273,6310
294721014556,106,5951,158,15440,4039,2273,6311
294721025641,103,4875,164,8487,4040,2273,6312
294721036840,22,7174,52,2632,4040,2274,6313
294721047998,99,5580,159,15633,4041,2274,6314
294721059211,101,4951,50,3011,4042,2274,6315
294721070244,16,7494,55,2629,4042,2275,6316
294721081397,102,5359,98,8115,4043,2275,6317
294721092179,104,5383,58,2865,4044,2275,6318
294721103209,24,7139,60,2567,4044,2276,6319
294721115224,131,5663,78,4042,4045,2276,6320
294721125916,126,6025,160,15223,4046,2276,6321
294721137056,25,6858,56,3001,4046,2277,6322
294721148125,103,5643,101,8906,4047,2277,6323
294721159389,101,5372,164,15790,4048,2277,6324
294721170460,19,6504,61,3080,4048,2278,6325
294721181116,112,5312,102,3313,4049,2278,6326
294721192348,101,5653,150,8083,4050,2278,6327
294721203364,17,7139,58,2676,4050,2279,6328
294721214856,115,5097,160,15880,4051,2279,6329
294721225935,122,5735,154,8476,4052,2279,6330
294721237248,25,6905,60,2670,4052,2280,6331
294721248190,121,5337,71,5279,4053,2280,6332
294721258978,131,4948,466,36068,4054,2280,6333
294721269978,19,7429,73,4477,4054,2281,6334
294721281304,122,6164,131,8744,4055,2281,6335
294721292249,113,4736,159,14533,4056,2281,6336
294721303244,25,7437,63,2873,4056,2282,6337
294721314586,115,5486,56,2997,4057,2282,6338
294721326004,111,5467,97,7953,4058,2282,6339
294721337205,20,7517,58,2553,4058,2283,6340
294721348342,108,6037,65,2996,4059,2283,6341
294721359459,121,5412,60,3088,4060,2283,6342
294721370541,21,7469,56,2509,4060,2284,6343
294721381562,119,5672,157,15065,4061,2284,6344
294721392281,102,5719,108,8540,4062,2284,6345
294721403549,19,6962,55,2639,4062,2285,6346
294721414608,116,5154,160,15417,4063,2285,6347
294721426002,102,5882,71,3306,4064,2285,6348
294721437106,18,7266,87,2677,4064,2286,6349
294721448111,136,5303,94,7814,4065,2286,6350
294721459094,125,5044,107,5865,4066,2286,6351
294721470056,20,7330,50,1591,4066,2287,6352
294721481413,109,5277,407,35765,4067,2287,6353
294721492452,109,4796,90,4688,4068,2287,6354
294721503745,23,7260,105,2874,4068,2288,6355
294721514874,148,5611,285,15254,4069,2288,6356
294721526311,121,5168,107,8523,4070,2288,6357
294721536914,20,6951,58,2643,4070,2289,6358
294721548296,118,5395,160,15597,4071,2289,6359
294721559288,116,4874,52,3129,4072,2289,6360
294721569942,20,7202,59,2624,4072,2290,6361
294721581238,106,5631,55,2817,4073,2290,6362
294721592515,103,6011,124,8231,4074,2290,6363
294721603607,24,6617,57,2536,4074,2291,6364
294721614970,181,5423,60,3452,4075,2291,6365
294721626003,102,5953,155,15086,4076,2291,6366
294721636962,19,6644,60,2865,4076,2292,6367
294721648277,116,5279,99,8727,4077,2292,6368
294721659049,121,5103,163,15819,4078,2292,6369
294721669969,19,6947,59,3072,4078,2293,6370
294721681143,113,5206,51,3156,4079,2293,6371
294721692338,94,5409,44,1915,4080,2293,6372
294721703432,17,7394,76,1349,4080,2294,6373
294721714879,421,5457,330,33094,4081,2294,6374
294721725795,100,5535,112,10110,4082,2294,6375
294721737055,16,10708,60,2966,4082,2295,6376
294721759087,130,5423,184,13733,4083,2295,6377
294721770613,19,7537,98,2600,4083,2296,6378
294721781384,114,5174,98,8453,4084,2296,6379
294721792551,100,5491,161,15312,4085,2296,6380
294721803612,19,7577,57,2843,4085,2297,6381
294721814851,109,5309,61,3015,4086,2297,6382
294721825867,114,5804,53,2683,4087,2297,6383
294721837187,20,7074,55,2487,4087,2298,6384
294721848344,103,5667,107,8340,4088,2298,6385
294721859398,149,5173,70,3243,4089,2298,6386
294721870549,20,7434,57,2434,4089,2299,6387
294721881599,115,5251,154,14976,4090,2299,6388
294721892527,99,5485,95,2380,4091,2299,6389
294721903864,19,7579,46,1391,4091,2300,6390
294721914660,133,5206,342,33742,4092,2300,6391
294721926611,135,5452,70,4388,4093,2300,6392
294721937254,21,9621,65,2808,4093,2301,6393
294721948245,112,6015,63,2001,4094,2301,6394
294721959275,112,5000,386,33120,4095,2301,6395
294721970076,21,7317,81,4168,4095,2302,6396
294721981255,110,5534,102,8618,4096,2302,6397
294721992265,108,4838,57,2977,4097,2302,6398
294722003989,29,7504,56,2586,4097,2303,6399
294722014961,108,5141,185,14372,4098,2303,6400
294722026033,100,5940,98,8390,4099,2303,6401
294722037122,17,6866,55,2404,4099,2304,6402
294722048008,99,5199,180,15340,4100,2304,6403
294722059095,102,5380,104,7773,4101,2304,6404
294722070031,22,7495,59,2528,4101,2305,6405
294722081651,111,5344,159,15851,4102,2305,6406
294722092835,131,5531,105,7525,4103,2305,6407
294722103869,21,7473,61,1532,4103,2306,6408
294722114650,151,5190,319,32176,4104,2306,6409
294722125888,118,5214,277,16688,4105,2306,6410
294722137240,20,9758,62,2981,4105,2307,6411
294722148251,113,6123,42,2199,4106,2307,6412
294722159555,105,5279,353,33580,4107,2307,6413
294722170356,24,7313,73,4220,4107,2308,6414
294722181410,120,5500,55,2899,4108,2308,6415
294722192743,101,5522,94,7877,4109,2308,6416
294722204015,18,7070,58,2553,4109,2309,6417
294722214805,126,5046,155,15084,4110,2309,6418
294722226070,108,5728,97,8064,4111,2309,6419
294722237285,19,6790,99,2610,4111,2310,6420
294722248385,106,5146,49,2799,4112,2310,6421
294722259223,119,5248,160,14914,4113,2310,6422
294722270598,23,7435,56,2687,4113,2311,6423
294722281805,105,5452,46,2229,4114,2311,6424
294722292712,101,5259,47,1353,4115,2311,6425
294722303703,24,7523,53,1344,4115,2312,6426
294722315050,120,5705,370,34402,4116,2312,6427
294722325890,142,5178,117,9737,4117,2312,6428
294722336781,22,11354,70,2994,4117,2313,6429
294722359279,150,5196,144,6015,4118,2313,6430
294722370579,21,7202,66,2496,4118,2314,6431
294722381711,128,5726,156,14804,4119,2314,6432
294722393046,104,5756,105,8411,4120,2314,6433
294722404202,20,8265,58,2482,4120,2315,6434
294722415206,114,4852,170,15528,4121,2315,6435
294722426397,101,5786,55,3240,4122,2315,6436
294722437530,19,6885,100,2669,4122,2316,6437
294722448406,104,5216,90,7967,4123,2316,6438
294722459439,99,5399,249,15800,4124,2316,6439
294722470524,17,7537,57,2745,4124,2317,6440
294722481691,109,5453,43,1914,4125,2317,6441
294722492601,103,5396,42,1428,4126,2317,6442
294722503713,19,7517,48,1415,4126,2318,6443
294722515099,109,5402,343,36100,4127,2318,6444
294722526671,111,5439,116,10222,4128,2318,6445
294722537528,18,10120,64,2889,4128,2319,6446
294722548476,105,6330,282,14397,4129,2319,6447
294722559695,117,5271,59,3103,4130,2319,6448
294722570756,19,7203,92,2520,4130,2320,6449
294722581851,112,5565,94,7902,4131,2320,6450
294722593037,110,5246,50,2892,4132,2320,6451
294722603969,25,7301,63,2538,4132,2321,6452
294722615127,175,5458,66,3444,4133,2321,6453
294722626378,98,5825,158,14986,4134,2321,6454
294722637380,18,7429,59,2768,4134,2322,6455
294722648600,104,5348,144,8761,4135,2322,6456
294722659838,102,5666,162,15070,4136,2322,6457
294722671013,19,7728,106,2741,4136,2323,6458
294722682176,112,5636,54,3069,4137,2323,6459
294722692950,101,5524,95,7990,4138,2323,6460
294722704295,21,8585,74,2500,4138,2324,6461
294722715303,141,5090,165,16031,4139,2324,6462
294722726299,124,5678,48,2149,4140,2324,6463
294722737459,31,7144,55,1506,4140,2325,6464
294722748594,107,5000,420,36092,4141,2325,6465
294722759694,120,5377,182,17153,4142,2325,6466
294722770693,18,7387,62,3138,4142,2326,6467
294722781871,106,5965,103,8452,4143,2326,6468
294722792979,108,5073,175,15676,4144,2326,6469
294722803975,20,7599,70,2797,4144,2327,6470
294722815043,132,5651,55,3085,4145,2327,6471
294722826278,107,5324,102,8061,4146,2327,6472
294722837090,18,7211,51,2552,4146,2328,6473
294722848388,99,5554,65,3009,4147,2328,6474
294722859806,127,5908,67,3152,4148,2328,6475
294722871084,21,7866,63,2413,4148,2329,6476
294722881947,136,5527,163,14988,4149,2329,6477
294722893341,117,5375,105,8535,4150,2329,6478
294722904356,19,6854,59,2537,4150,2330,6479
294722915062,110,5274,290,15464,4151,2330,6480
294722926317,136,5608,57,3323,4152,2330,6481
294722937281,21,9499,62,2765,4152,2331,6482
294722948859,118,5356,92,7970,4153,2331,6483
294722959858,116,5730,243,25086,4154,2331,6484
294722970685,18,7147,126,3529,4154,2332,6485
294722982036,116,5492,99,9147,4155,2332,6486
294722993217,106,5147,52,3021,4156,2332,6487
294723003973,20,7473,63,2688,4156,2333,6488
294723015471,107,6083,262,15600,4157,2333,6489
294723026491,102,5384,107,8858,4158,2333,6490
294723037602,18,10485,59,2717,4158,2334,6491
294723048792,104,5605,158,15880,4159,2334,6492
294723059380,103,4984,63,3450,4160,2334,6493
294723071034,17,8179,59,2891,4160,2335,6494
294723081667,105,5532,62,3122,4161,2335,6495
294723092845,120,5636,361,8345,4162,2335,6496
294723103848,38,7182,86,2722,4162,2336,6497
294723115158,137,5493,80,3843,4163,2336,6498
294723126692,111,5967,169,15274,4164,2336,6499
294723137310,22,9384,64,3076,4164,2337,6500
294723148676,127,5496,109,9024,4165,2337,6501
294723159694,105,5659,203,16141,4166,2337,6502
294723170712,19,7413,58,3105,4166,2338,6503
294723181793,117,5362,50,2419,4167,2338,6504
294723192869,107,5081,331,35764,4168,2338,6505
294723203725,20,7578,81,4392,4168,2339,6506
294723215223,136,5761,168,16400,4169,2339,6507
294723226691,117,4970,106,8160,4170,2339,6508
294723237415,20,7200,59,2725,4170,2340,6509
294723248665,105,15003,71,3120,4171,2340,6510
294723274894,200,12085,62,3232,4172,2340,6511
294723298566,117,15309,244,15638,4173,2340,6512
294723325223,145,11253,145,3136,4174,2340,6513
294723347836,120,17830,123,8057,4175,2340,6514
294723377377,222,9980,78,5458,4176,2340,6515
294723388364,20,15485,57,1504,4176,2341,6516
294723414987,156,16337,357,33814,4177,2341,6517
294723443011,188,9417,129,10504,4178,2341,6518
294723454040,18,7272,64,3035,4178,2342,6519
294723465158,124,5508,162,15603,4179,2342,6520
294723476122,105,4998,106,8170,4180,2342,6521
294723487067,17,7302,54,2517,4180,2343,6522
294723498743,101,5433,114,2860,4181,2343,6523
294723509401,122,5907,168,15064,4182,2343,6524
294723521262,22,8187,57,2808,4182,2344,6525
294723531613,116,5231,109,8579,4183,2344,6526
294723542780,97,6012,140,13724,4184,2344,6527
294723553875,26,6902,124,2602,4184,2345,6528
294723565157,107,5402,210,8002,4185,2345,6529
294723576741,93,5702,297,15967,4186,2345,6530
294723587379,18,7099,50,3008,4186,2346,6531
294723598784,147,5610,54,2043,4187,2346,6532
294723609701,133,5784,455,35856,4188,2346,6533
294723620632,21,7018,64,4383,4188,2347,6534
294723632084,151,5255,156,15487,4189,2347,6535
294723642830,93,5278,103,8523,4190,2347,6536
294723654219,23,8340,57,2670,4190,2348,6537
294723665182,106,5876,222,15853,4191,2348,6538
294723677083,94,5243,52,3302,4192,2348,6539
294723687724,16,8072,52,2778,4192,2349,6540
294723698676,101,5212,97,8382,4193,2349,6541
294723709657,107,5176,173,16075,4194,2349,6542
294723720900,18,8095,56,3007,4194,2350,6543
294723731834,103,5482,106,8696,4195,2350,6544
294723742827,128,5971,57,2920,4196,2350,6545
294723754056,21,6867,73,2573,4196,2351,6546
294723765357,130,4989,160,15365,4197,2351,6547
294723776190,100,5548,107,3115,4198,2351,6548
294723787221,19,8038,58,2650,4198,2352,6549
294723798841,109,5715,188,2854,4199,2352,6550
294723809611,169,5972,56,2114,4200,2352,6551
294723820740,25,7454,44,1373,4200,2353,6552
294723832052,104,5432,44,1371,4201,2353,6553
294723843083,97,5847,74,5504,4202,2353,6554
294723853814,17,7644,57,1326,4202,2354,6555
294723865138,135,5401,322,32028,4203,2354,6556
294723876158,118,5072,168,16030,4204,2354,6557
294723887438,19,7387,60,3003,4204,2355,6558
294723898651,105,6092,99,8473,4205,2355,6559
294723909833,105,5113,159,15392,4206,2355,6560
294723920656,18,10182,57,3121,4206,2356,6561
294723932145,101,5509,59,3183,4207,2356,6562
294723943156,108,5359,101,8022,4208,2356,6563
294723954253,16,7696,90,2584,4208,2357,6564
294723965334,166,4972,169,15717,4209,2357,6565
294723975929,128,5630,110,8020,4210,2357,6566
294723987381,35,6829,63,2471,4210,2358,6567
294723998792,126,4998,53,2752,4211,2358,6568
294724009312,128,5769,167,15105,4212,2358,6569
294724020795,22,7328,60,2811,4212,2359,6570
294724032069,112,5285,46,2205,4213,2359,6571
294724042884,110,5048,40,1342,4214,2359,6572
294724054478,18,8616,54,1342,4214,2360,6573
294724065221,151,5399,335,34139,4215,2360,6574
294724076417,104,4787,115,9735,4216,2360,6575
294724087383,18,7386,59,3049,4216,2361,6576
294724098632,103,6119,157,15366,4217,2361,6577
294724109675,142,5086,107,7761,4218,2361,6578
294724120375,22,7264,60,2774,4218,2362,6579
294724132029,109,5531,159,15667,4219,2362,6580
294724143039,106,4799,155,8922,4220,2362,6581
294724153880,16,7538,59,2543,4220,2363,6582
294724165467,115,5371,158,15552,4221,2363,6583
294724176680,105,5591,56,3012,4222,2363,6584
294724187621,23,6860,61,2655,4222,2364,6585
294724198783,114,5260,96,7948,4223,2364,6586
294724209694,98,5822,167,15843,4224,2364,6587
294724220639,19,8103,60,2805,4224,2365,6588
294724232005,106,5374,95,7815,4225,2365,6589
294724242685,99,5146,69,5072,4226,2365,6590
294724254244,21,7123,56,1371,4226,2366,6591
294724265288,123,5043,330,36046,4227,2366,6592
294724276591,103,4912,116,10184,4228,2366,6593
294724287067,18,7683,58,2866,4228,2367,6594
294724298602,114,6204,316,14365,4229,2367,6595
294724309932,104,5269,54,3042,4230,2367,6596
294724321011,18,10749,56,2508,4230,2368,6597
294724343237,118,5607,102,8801,4231,2368,6598
294724354460,16,8919,70,2407,4231,2369,6599
294724365809,135,5301,56,2689,4232,2369,6600
294724376621,109,5453,166,15536,4233,2369,6601
294724387790,19,7615,62,2718,4233,2370,6602
294724399045,179,4921,102,8376,4234,2370,6603
294724409689,165,5432,167,14823,4235,2370,6604
294724421259,32,8261,92,2807,4235,2371,6605
294724432405,113,4958,52,2725,4236,2371,6606
294724442947,107,5633,54,1749,4237,2371,6607
294724454011,18,7206,46,1314,4237,2372,6608
294724465538,178,5016,342,33078,4238,2372,6609
294724476428,106,5260,137,10101,4239,2372,6610
294724487566,18,8933,92,2916,4239,2373,6611
294724498716,101,6063,51,3014,4240,2373,6612
294724509833,113,5290,150,14426,4241,2373,6613
294724520710,18,7255,55,2591,4241,2374,6614
294724532456,101,5164,99,8435,4242,2374,6615
294724543209,99,5340,204,15617,4243,2374,6616
294724554609,17,7775,55,2901,4243,2375,6617
294724565455,179,4980,90,3280,4244,2375,6618
294724576264,164,5500,77,2737,4245,2375,6619
294724587882,29,8057,104,2591,4245,2376,6620
294724598987,141,5069,107,8330,4246,2376,6621
294724609829,139,5353,89,2773,4247,2376,6622
294724621192,29,7453,99,2492,4247,2377,6623
294724632004,126,5350,156,15776,4248,2377,6624
294724643194,156,5463,109,8619,4249,2377,6625
294724654397,18,8245,87,2699,4249,2378,6626
294724665235,106,5222,153,15368,4250,2378,6627
294724676476,108,8465,51,2405,4251,2378,6628
294724687587,17,8945,49,1472,4251,2379,6629
294724698551,111,5174,327,36271,4252,2379,6630
294724709759,104,5412,176,17938,4253,2379,6631
294724720853,21,8932,60,3241,4253,2380,6632
294724732476,104,5071,99,8504,4254,2380,6633
294724743197,105,5341,49,2779,4255,2380,6634
294724754023,17,7511,55,2457,4255,2381,6635
294724765568,102,5819,158,15032,4256,2381,6636
294724776572,105,8103,104,8504,4257,2381,6637
294724787735,18,8014,55,2469,4257,2382,6638
294724798727,107,5482,155,15619,4258,2382,6639
294724810549,122,5411,58,3062,4259,2382,6640
294724821102,23,8056,58,2597,4259,2383,6641
294724832095,104,5349,49,2763,4260,2383,6642
294724842903,98,5713,105,8112,4261,2383,6643
294724854541,19,8907,116,2556,4261,2384,6644
294724865667,151,5256,50,2851,4262,2384,6645
294724876443,108,8232,208,15739,4263,2384,6646
294724887443,18,7850,177,3048,4263,2385,6647
294724898755,105,5171,102,8885,4264,2385,6648
294724909850,109,5422,163,15756,4265,2385,6649
294724920828,18,8016,58,2925,4265,2386,6650
294724932394,108,4932,47,2376,4266,2386,6651
294724943465,105,5634,42,1426,4267,2386,6652
294724954793,18,8232,47,1427,4267,2387,6653
294724965448,100,5228,318,33252,4268,2387,6654
294724976844,109,5064,127,10377,4269,2387,6655
294724987551,18,8931,57,2949,4269,2388,6656
294724998815,98,5945,51,3000,4270,2388,6657
294725009850,105,4952,150,14710,4271,2388,6658
294725020681,18,7590,66,2693,4271,2389,6659
294725032414,106,5243,139,8677,4272,2389,6660
294725043538,103,5348,163,15677,4273,2389,6661
294725054126,18,7190,56,2767,4273,2390,6662
294725065785,104,5564,52,3094,4274,2390,6663
294725076858,99,7849,51,2814,4275,2390,6664
294725087947,17,8093,56,2606,4275,2391,6665
294725098528,102,4965,100,8412,4276,2391,6666
294725109840,130,5290,58,2724,4277,2391,6667
294725121063,27,8147,56,2449,4277,2392,6668
294725132352,105,5147,148,14609,4278,2392,6669
294725143457,98,5707,48,2160,4279,2392,6670
294725154306,17,8632,59,1370,4279,2393,6671
294725165240,151,4959,332,33861,4280,2393,6672
294725176796,114,6980,68,4373,4281,2393,6673
294725187856,18,8514,64,2749,4281,2394,6674
294725198690,117,6084,102,8099,4282,2394,6675
294725209760,102,4964,195,15363,4283,2394,6676
294725220796,17,8175,57,2815,4283,2395,6677
294725232083,100,5075,97,8502,4284,2395,6678
294725243399,104,5088,54,2783,4285,2395,6679
294725254518,18,8356,54,2444,4285,2396,6680
294725265821,97,5560,154,15197,4286,2396,6681
294725276887,108,7961,103,8782,4287,2396,6682
294725287830,19,8251,56,2455,4287,2397,6683
294725299100,102,5208,139,12998,4288,2397,6684
294725309879,98,5254,93,7880,4289,2397,6685
294725320749,18,8413,55,2656,4289,2398,6686
294725332287,98,5220,266,15758,4290,2398,6687
294725343295,100,5647,95,7759,4291,2398,6688
294725354321,19,9222,67,1539,4291,2399,6689
294725365413,160,5255,79,4913,4292,2399,6690
294725376559,114,7591,404,35893,4293,2399,6691
294725387666,18,7969,77,4395,4293,2400,6692
294725398661,124,5284,103,8662,4294,2400,6693
294725410031,150,4905,241,14509,4295,2400,6694
294725420688,19,8187,80,2764,4295,2401,6695
294725432221,106,5205,50,2924,4296,2401,6696
294725443404,107,5372,175,7871,4297,2401,6697
294725454649,22,7714,111,2520,4297,2402,6698
294725465652,120,6148,211,15093,4298,2402,6699
294725476540,110,7730,44,2085,4299,2402,6700
294725487648,20,9024,92,1429,4299,2403,6701
294725498913,117,5284,333,35791,4300,2403,6702
294725509785,104,5249,173,17049,4301,2403,6703
294725520713,19,8679,55,3233,4301,2404,6704
294725532431,99,5807,101,8554,4302,2404,6705
294725543624,99,5349,164,15792,4303,2404,6706
294725554328,16,7861,52,2678,4303,2405,6707
294725565414,102,5625,50,3042,4304,2405,6708
294725576720,309,7482,66,2696,4305,2405,6709
294725587564,24,8170,62,2601,4305,2406,6710
294725598871,130,5322,101,8452,4306,2406,6711
294725609805,234,5607,72,2853,4307,2406,6712
294725621105,29,7933,59,2614,4307,2407,6713
294725632088,122,4965,162,15901,4308,2407,6714
294725643445,157,5232,179,8777,4309,2407,6715
294725654735,22,7403,57,2584,4309,2408,6716
294725665275,114,5303,163,15722,4310,2408,6717
294725676326,136,8356,47,2224,4311,2408,6718
294725688063,18,7911,41,1429,4311,2409,6719
294725699067,106,5602,54,1429,4312,2409,6720
294725710260,99,5656,309,33356,4313,2409,6721
294725720917,17,8483,64,4340,4313,2410,6722
294725732087,115,5430,120,8998,4314,2410,6723
294725743294,103,5357,107,2900,4315,2410,6724
294725754093,21,8451,51,2496,4315,2411,6725
294725765708,104,6102,212,14624,4316,2411,6726
294725776509,123,7639,100,8356,4317,2411,6727
294725787544,18,8199,55,2544,4317,2412,6728
294725798798,104,5165,227,15532,4318,2412,6729
294725809962,96,5075,57,3026,4319,2412,6730
294725821030,17,8024,50,2545,4319,2413,6731
294725832133,98,5434,51,2698,4320,2413,6732
294725843239,91,5586,96,8184,4321,2413,6733
294725854890,24,8395,106,2426,4321,2414,6734
294725865790,154,5458,51,2773,4322,2414,6735
294725876757,103,7636,160,15639,4323,2414,6736
294725887702,17,7652,59,2924,4323,2415,6737
294725898981,101,5521,175,8777,4324,2415,6738
294725909960,100,5740,237,15825,4325,2415,6739
294725921188,17,8415,57,2854,4325,2416,6740
294725932254,108,5230,53,2458,4326,2416,6741
294725943432,105,5680,45,1792,4327,2416,6742
294725954070,17,7235,44,1359,4327,2417,6743
294725965352,106,5061,300,33221,4328,2417,6744
294725976639,104,7609,115,10117,4329,2417,6745
294725987692,18,8712,58,2954,4329,2418,6746
294725999214,101,5696,54,3093,4330,2418,6747
294726010115,101,5536,227,14469,4331,2418,6748
294726021023,17,7950,53,2639,4331,2419,6749
294726032436,102,5655,102,8484,4332,2419,6750
294726043384,103,5255,160,15606,4333,2419,6751
294726054407,18,8008,61,2706,4333,2420,6752
294726065395,115,5632,51,3094,4334,2420,6753
294726076783,168,7425,52,2691,4335,2420,6754
294726087708,17,8012,55,2477,4335,2421,6755
294726098900,101,5367,97,8180,4336,2421,6756
294726109714,139,5203,66,2853,4337,2421,6757
294726121099,17,7624,56,2615,4337,2422,6758
294726132204,103,5187,158,15996,4338,2422,6759
294726143324,102,5645,100,8618,4339,2422,6760
294726154471,18,8655,65,2712,4339,2423,6761
294726165569,118,5292,149,14848,4340,2423,6762
294726176739,104,6739,43,1987,4341,2423,6763
294726187626,19,8948,49,1390,4341,2424,6764
294726199088,118,5610,582,35806,4342,2424,6765
294726209639,107,5220,367,17906,4343,2424,6766
294726220807,17,8936,75,3221,4343,2425,6767
294726232227,100,5275,158,8429,4344,2425,6768
294726243405,105,5499,57,2995,4345,2425,6769
294726254553,17,8590,60,2631,4345,2426,6770
294726265567,108,6102,265,15277,4346,2426,6771
294726276531,104,7250,100,8492,4347,2426,6772
294726287683,18,8281,59,2622,4347,2427,6773
294726298970,111,5445,331,15660,4348,2427,6774
294726310156,102,5054,60,3251,4349,2427,6775
294726320909,19,8123,58,2578,4349,2428,6776
294726332143,105,5486,51,2719,4350,2428,6777
294726342931,106,5990,99,8117,4351,2428,6778
294726354726,18,8957,70,2471,4351,2429,6779
294726365759,142,5638,57,2765,4352,2429,6780
294726376524,108,8078,165,15597,4353,2429,6781
294726387983,20,7883,58,2834,4353,2430,6782
294726399213,102,5858,208,8655,4354,2430,6783
294726410262,108,5735,72,4775,4355,2430,6784
294726420974,18,8897,48,1511,4355,2431,6785
294726432091,105,5188,311,34416,4356,2431,6786
294726443495,104,7879,114,9810,4357,2431,6787
294726454277,18,16161,63,2930,4357,2432,6788
294726481873,132,16631,65,3058,4358,2432,6789
294726509818,120,9619,158,14449,4359,2432,6790
294726521668,21,15079,62,2635,4359,2433,6791
294726548395,122,15640,67,3029,4360,2433,6792
294726575779,125,11029,62,2859,4361,2433,6793
294726598662,124,16499,126,8248,4362,2433,6794
294726626421,139,11509,83,5299,4363,2433,6795
294726649705,275,7777,53,1473,4364,2433,6796
294726660926,121,5294,318,33824,4365,2433,6797
294726671596,19,8258,74,4319,4365,2434,6798
294726682827,113,5173,55,2967,4366,2434,6799
294726693951,100,5461,100,7924,4367,2434,6800
294726705123,25,7742,58,2629,4367,2435,6801
294726715968,112,9458,160,15164,4368,2435,6802
294726727527,102,5203,182,8183,4369,2435,6803
294726738501,18,7773,62,2434,4369,2436,6804
294726749525,106,5581,50,2763,4370,2436,6805
294726760892,100,5173,158,15021,4371,2436,6806
294726771927,17,7479,122,2818,4371,2437,6807
294726783188,98,7520,106,8696,4372,2437,6808
294726794399,99,4957,169,15705,4373,2437,6809
294726805091,17,7482,57,2947,4373,2438,6810
294726816434,105,8283,136,8919,4374,2438,6811
294726827199,103,5704,200,15979,4375,2438,6812
294726838587,96,7603,103,8290,4376,2438,6813
294726849670,18,5074,46,2516,4376,2439,6814
294726860391,147,5483,66,2831,4377,2439,6815
294726871922,23,6980,59,2530,4377,2440,6816
294726883008,118,6628,230,15714,4378,2440,6817
294726894381,105,5200,104,8394,4379,2440,6818
294726905360,24,7354,76,2007,4379,2441,6819
294726916481,112,5000,95,7072,4380,2441,6820
294726926974,121,5446,347,34713,4381,2441,6821
294726938558,20,7642,69,4354,4381,2442,6822
294726949502,110,5165,103,8484,4382,2442,6823
294726960464,101,5191,164,15548,4383,2442,6824
294726971565,19,7657,56,2906,4383,2443,6825
294726982765,104,5846,106,8477,4384,2443,6826
294726994406,98,5058,52,2895,4385,2443,6827
294727005126,17,7627,56,2562,4385,2444,6828
294727016129,106,8110,158,15240,4386,2444,6829
294727027533,110,5487,146,8668,4387,2444,6830
294727038253,19,7877,54,2583,4387,2445,6831
294727049537,101,5553,138,13139,4388,2445,6832
294727060676,99,5701,99,7783,4389,2445,6833
294727071850,20,7144,57,2642,4389,2446,6834
294727082856,153,5211,204,15811,4390,2446,6835
294727094004,121,5434,46,2044,4391,2446,6836
294727105086,21,8117,58,1423,4391,2447,6837
294727116634,152,4767,48,1419,4392,2447,6838
294727127066,127,5699,394,36184,4393,2447,6839
294727138569,22,7620,72,4429,4393,2448,6840
294727149513,115,5161,61,3524,4394,2448,6841
294727160712,111,4950,97,6380,4395,2448,6842
294727171484,21,8489,96,1599,4395,2449,6843
294727183213,117,5514,360,34751,4396,2449,6844
294727193905,97,5198,111,9963,4397,2449,6845
294727205007,33,7638,57,2914,4397,2450,6846
294727216831,169,8273,163,15438,4398,2450,6847
294727227426,96,5341,98,8276,4399,2450,6848
294727238300,19,7752,61,2487,4399,2451,6849
294727249577,123,5449,64,2797,4400,2451,6850
294727260755,151,5502,157,15026,4401,2451,6851
294727271739,20,7324,59,2784,4401,2452,6852
294727282847,116,5656,106,8687,4402,2452,6853
294727294135,109,5491,148,13782,4403,2452,6854
294727305585,253,7402,227,7877,4404,2452,6855
294727316809,80,9165,67,2648,4404,2453,6856
294727327887,134,5946,165,15770,4405,2453,6857
294727338366,20,7505,52,2179,4405,2454,6858
294727349344,114,5501,106,8175,4406,2454,6859
294727360488,132,5682,327,32488,4407,2454,6860
294727371606,22,8224,107,4319,4407,2455,6861
294727383016,112,5491,160,15622,4408,2455,6862
294727393921,101,5064,102,9008,4409,2455,6863
294727405070,21,7973,60,2717,4409,2456,6864
294727416370,112,8051,212,15886,4410,2456,6865
294727427601,104,5205,114,3083,4411,2456,6866
294727438616,109,8168,100,8145,4412,2456,6867
294727449677,19,5274,49,2644,4412,2457,6868
294727460748,160,4897,173,16071,4413,2457,6869
294727471770,23,7321,64,3063,4413,2458,6870
294727482934,118,5545,107,8878,4414,2458,6871
294727494649,109,5142,104,2805,4415,2458,6872
294727505396,27,6762,88,2579,4415,2459,6873
294727516262,133,7934,162,15480,4416,2459,6874
294727527252,107,5863,117,8795,4417,2459,6875
294727538392,31,6713,54,2603,4417,2460,6876
294727549653,120,5490,167,13253,4418,2460,6877
294727560574,110,5698,90,7823,4419,2460,6878
294727571634,18,7187,54,2688,4419,2461,6879
294727582970,102,5459,130,4908,4420,2461,6880
294727593958,100,5642,39,1436,4421,2461,6881
294727605513,126,7058,434,36004,4422,2461,6882
294727616091,25,5952,65,4327,4422,2462,6883
294727627635,112,5525,156,15365,4423,2462,6884
294727638618,99,8182,104,8473,4424,2462,6885
294727649374,18,4659,48,2609,4424,2463,6886
294727660670,164,5429,161,15519,4425,2463,6887
294727671567,19,7631,80,2765,4425,2464,6888
294727683201,113,7994,60,3131,4426,2464,6889
294727694104,96,5217,98,8175,4427,2464,6890
294727705305,367,7233,205,15951,4428,2464,6891
294727716792,32,4646,49,2870,4428,2465,6892
294727727493,120,5160,116,8456,4429,2465,6893
294727738251,20,7648,63,2652,4429,2466,6894
294727749412,164,5437,69,2931,4430,2466,6895
294727760578,171,5736,184,15208,4431,2466,6896
294727771728,31,7370,77,2829,4431,2467,6897
294727782866,165,5367,110,8802,4432,2467,6898
294727793863,121,5575,152,13977,4433,2467,6899
294727804979,22,7309,57,2855,4433,2468,6900
294727816156,109,4988,88,7124,4434,2468,6901
294727827435,127,5466,310,32464,4435,2468,6902
294727838564,21,7430,67,4435,4435,2469,6903
294727849554,109,5400,173,16522,4436,2469,6904
294727860683,131,5626,51,2151,4437,2469,6905
294727871879,19,7649,46,1372,4437,2470,6906
294727882767,100,5804,335,35975,4438,2470,6907
294727894252,106,5261,114,10137,4439,2470,6908
294727905456,99,7614,151,14851,4440,2470,6909
294727916165,18,4654,47,2773,4440,2471,6910
294727927144,122,5235,59,2994,4441,2471,6911
294727938150,19,7692,84,2540,4441,2472,6912
294727949337,107,5604,100,8058,4442,2472,6913
294727960380,100,5325,233,15141,4443,2472,6914
294727971468,18,7925,64,2704,4443,2473,6915
294727982619,104,5465,102,8393,4444,2473,6916
294727993766,98,5741,53,2878,4445,2473,6917
294728004942,17,7442,57,2470,4445,2474,6918
294728016682,150,8192,198,15140,4446,2474,6919
294728027183,127,5669,142,8675,4447,2474,6920
294728038443,22,7279,58,2531,4447,2475,6921
294728049509,111,5732,146,12980,4448,2475,6922
294728060548,121,5529,90,6986,4449,2475,6923
294728072095,128,7582,84,5583,4450,2475,6924
294728083112,19,4826,39,1501,4450,2476,6925
294728094532,148,7646,339,33212,4451,2476,6926
294728105416,316,8083,127,10231,4452,2476,6927
294728116220,24,5645,55,2947,4452,2477,6928
294728127656,113,5321,153,14614,4453,2477,6929
294728138415,16,7922,54,2687,4453,2478,6930
294728149735,94,5278,103,8510,4454,2478,6931
294728160812,105,5123,156,15375,4455,2478,6932
294728171517,18,7608,58,2612,4455,2479,6933
294728182746,100,5846,52,2885,4456,2479,6934
294728194539,100,5263,131,7845,4457,2479,6935
294728205126,18,7545,48,2488,4457,2480,6936
294728217107,126,7256,212,15764,4458,2480,6937
294728227266,106,5575,170,8206,4459,2480,6938
294728238176,64,7698,58,2473,4459,2481,6939
294728249396,119,5567,56,2748,4460,2481,6940
294728260502,117,5815,155,15213,4461,2481,6941
294728271911,23,7348,59,2864,4461,2482,6942
294728283182,105,7151,62,2269,4462,2482,6943
294728294018,129,5243,343,33879,4463,2482,6944
294728305810,789,6680,75,4402,4464,2482,6945
294728316266,22,5505,59,2777,4464,2483,6946
294728327083,130,5158,182,8017,4465,2483,6947
294728338189,21,7537,173,2603,4465,2484,6948
294728349413,144,8222,323,15292,4466,2484,6949
294728360644,177,5267,94,7702,4467,2484,6950
294728371622,22,7514,60,2820,4467,2485,6951
294728383157,125,6018,198,15892,4468,2485,6952
294728394142,106,5151,120,8752,4469,2485,6953
294728405343,21,7294,61,2655,4469,2486,6954
294728415995,123,8437,281,15365,4470,2486,6955
294728427558,108,5660,52,3267,4471,2486,6956
294728438714,101,7744,96,7823,4472,2486,6957
294728449882,20,5077,50,2516,4472,2487,6958
294728460515,105,5826,159,15854,4473,2487,6959
294728472269,102,7078,107,8455,4474,2487,6960
294728482939,19,4869,95,2372,4474,2488,6961
294728493855,122,5470,142,5206,4475,2488,6962
294728505264,24,7887,46,1481,4475,2489,6963
294728516279,136,7838,375,36234,4476,2489,6964
294728527401,129,5548,121,10234,4477,2489,6965
294728538431,23,8053,69,2930,4477,2490,6966
294728549482,117,5110,153,14360,4478,2490,6967
294728560683,333,4984,55,2335,4479,2490,6968
294728571423,22,8506,54,1515,4479,2491,6969
294728582745,122,7902,357,35857,4480,2491,6970
294728593905,116,5187,81,6278,4481,2491,6971
294728604952,28,8568,68,2856,4481,2492,6972
294728616138,140,5152,58,2831,4482,2492,6973
294728627056,112,5401,168,16330,4483,2492,6974
294728638183,19,8171,57,2770,4483,2493,6975
294728649276,117,5624,130,8445,4484,2493,6976
294728660654,120,5965,165,15664,4485,2493,6977
294728671960,152,7568,61,2918,4486,2493,6978
294728682794,19,4955,47,2522,4486,2494,6979
294728694343,152,7705,174,7885,4487,2494,6980
294728705135,22,7416,52,2494,4487,2495,6981
294728717096,120,7203,170,15868,4488,2495,6982
294728727517,110,5430,46,1876,4489,2495,6983
294728738388,28,8195,59,1350,4489,2496,6984
294728749388,139,5455,360,35876,4490,2496,6985
294728760889,124,4929,172,16936,4491,2496,6986
294728771440,25,8403,69,3198,4491,2497,6987
294728783176,123,5646,109,8640,4492,2497,6988
294728793737,119,5141,164,15684,4493,2497,6989
294728804959,31,7698,65,2950,4493,2498,6990
294728816415,125,7600,64,3212,4494,2498,6991
294728827644,109,5092,101,8228,4495,2498,6992
294728838652,114,7492,62,2765,4496,2498,6993
294728849660,20,5347,62,2473,4496,2499,6994
294728860543,358,4957,88,5167,4497,2499,6995
294728871744,22,7327,50,1444,4497,2500,6996
294728883076,269,7209,381,35620,4498,2500,6997
294728893887,130,5676,226,10217,4499,2500,6998
294728905102,33,7343,70,2850,4499,2501,6999
294728916263,165,7735,177,14370,4500,2501,7000
294728927480,150,5476,58,3043,4501,2501,7001
294728938653,199,7119,108,7894,4502,2501,7002
294728949780,23,4809,86,2507,4502,2502,7003
294728960939,117,5347,155,14682,4503,2502,7004
294728971750,18,7720,58,2186,4503,2503,7005
294728982737,150,5971,139,2453,4504,2503,7006
294728994208,230,7157,376,35483,4505,2503,7007
294729005009,27,8193,91,4388,4505,2504,7008
294729016402,197,7384,294,15527,4506,2504,7009
294729027406,162,4918,110,8367,4507,2504,7010
294729038249,28,8446,77,2666,4507,2505,7011
294729049335,167,16538,189,15491,4508,2505,7012
294729077530,167,9134,126,8212,4509,2505,7013
294729088923,206,14483,78,2564,4510,2505,7014
294729115104,187,17842,81,3399,4511,2505,7015
294729144257,150,8576,127,3006,4512,2505,7016
294729155893,449,14058,268,15653,4513,2505,7017
294729181818,436,16049,88,3058,4514,2505,7018
294729209744,162,10758,151,2572,4515,2505,7019
294729231950,192,14412,69,1905,4516,2505,7020
294729258208,160,4776,60,1333,4517,2505,7021
294729268799,31,7275,54,1332,4517,2506,7022
294729280275,142,5951,346,35670,4518,2506,7023
294729291410,129,5057,188,17250,4519,2506,7024
294729302364,21,7438,937,3191,4519,2507,7025
294729314887,484,5587,73,3059,4520,2507,7026
294729324832,181,4762,113,7771,4521,2507,7027
294729335461,34,8897,70,2603,4521,2508,7028
294729346970,161,5268,176,15491,4522,2508,7029
294729358108,228,6045,190,7898,4523,2508,7030
294729369055,34,7266,81,2579,4523,2509,7031
294729380168,192,5368,196,15801,4524,2509,7032
294729391513,142,5247,144,8709,4525,2509,7033
294729403047,31,6896,73,2497,4525,2510,7034
294729413691,157,5281,174,15551,4526,2510,7035
294729424863,169,5186,74,3287,4527,2510,7036
294729435790,36,6852,73,2633,4527,2511,7037
294729447162,181,5155,115,7909,4528,2511,7038
294729458260,153,5115,179,15900,4529,2511,7039
294729469346,26,7328,176,3020,4529,2512,7040
294729480435,170,5161,120,8674,4530,2512,7041
294729491426,132,5390,64,2697,4531,2512,7042
294729502197,27,7102,65,2468,4531,2513,7043
294729513862,189,4905,163,14391,4532,2513,7044
294729524892,195,4966,61,2125,4533,2513,7045
294729535596,27,8762,62,1390,4533,2514,7046
294729546840,175,5682,422,33664,4534,2514,7047
294729558270,151,5373,52,2322,4535,2514,7048
294729569176,19,7368,53,1363,4535,2515,7049
294729580460,110,5536,321,35463,4536,2515,7050
294729591500,101,4905,185,17644,4537,2515,7051
294729602568,18,7653,73,3149,4537,2516,7052
294729613630,137,8859,113,9041,4538,2516,7053
294729624775,114,5576,163,16015,4539,2516,7054
294729636068,20,6713,57,2691,4539,2517,7055
294729647055,115,5600,124,8412,4540,2517,7056
294729658284,111,5547,161,15709,4541,2517,7057
294729669166,21,7385,124,2845,4541,2518,7058
294729680551,151,5323,51,3067,4542,2518,7059
294729691567,96,5576,92,7987,4543,2518,7060
294729702310,18,7131,91,2577,4543,2519,7061
294729713440,135,5172,200,15945,4544,2519,7062
294729724590,111,5284,96,7546,4545,2519,7063
294729735500,19,7383,69,1475,4545,2520,7064
294729747118,120,5773,334,32454,4546,2520,7065
294729758226,103,5438,60,3560,4547,2520,7066
294729768929,18,7445,44,1404,4547,2521,7067
294729780197,106,5554,343,35861,4548,2521,7068
294729791475,100,5052,417,17238,4549,2521,7069
294729802529,18,7413,69,3166,4549,2522,7070
294729813597,128,5623,56,3032,4550,2522,7071
294729824579,189,5703,100,7973,4551,2522,7072
294729835887,21,7001,58,2488,4551,2523,7073
294729847163,133,5477,59,2942,4552,2523,7074
294729858254,145,6637,65,3170,4553,2523,7075
294729869371,22,7069,61,2420,4553,2524,7076
294729880221,113,5668,160,14944,4554,2524,7077
294729891387,112,5345,169,8367,4555,2524,7078
294729902680,18,7599,57,2745,4555,2525,7079
294729913490,104,5197,160,15689,4556,2525,7080
294729924629,114,5370,57,3239,4557,2525,7081
294729935984,18,7428,56,2795,4557,2526,7082
294729947002,101,5278,42,1914,4558,2526,7083
294729958213,125,5632,39,1319,4559,2526,7084
294729969210,18,7526,47,1320,4559,2527,7085
294729980462,115,5902,396,35658,4560,2527,7086
294729991328,100,5178,78,4597,4561,2527,7087
294730002711,26,7695,90,2809,4561,2528,7088
294730013770,133,5520,157,15046,4562,2528,7089
294730024942,285,5567,144,8322,4563,2528,7090
294730035770,25,6757,64,2728,4563,2529,7091
294730047100,134,5651,239,15643,4564,2529,7092
294730058199,180,5730,57,3247,4565,2529,7093
294730069150,19,6962,61,2752,4565,2530,7094
294730080300,119,5568,51,2888,4566,2530,7095
294730091384,104,5286,133,8298,4567,2530,7096
294730102456,17,7802,68,2579,4567,2531,7097
294730113877,135,5256,86,2873,4568,2531,7098
294730125051,115,5051,157,14146,4569,2531,7099
294730136002,20,7728,47,1642,4569,2532,7100
294730146753,101,6118,344,38210,4570,2532,7101
294730158231,101,5167,178,17522,4571,2532,7102
294730169338,28,7436,71,3412,4571,2533,7103
294730180104,116,5562,62,3432,4572,2533,7104
294730191234,103,4782,101,8310,4573,2533,7105
294730202628,29,7577,57,2590,4573,2534,7106
294730213731,105,5333,162,15970,4574,2534,7107
294730224502,102,5559,107,8386,4575,2534,7108
294730235669,23,6852,55,2614,4575,2535,7109
294730247227,113,5627,50,3001,4576,2535,7110
294730258013,98,6733,177,15204,4577,2535,7111
294730269361,24,6846,59,2984,4577,2536,7112
294730280193,112,5452,110,8726,4578,2536,7113
294730291378,104,5173,358,13682,4579,2536,7114
294730302567,25,7294,112,2903,4579,2537,7115
294730313644,126,8107,130,7981,4580,2537,7116
294730324910,113,5663,166,16084,4581,2537,7117
294730336057,19,7268,59,2998,4581,2538,7118
294730346935,112,5910,45,2003,4582,2538,7119
294730357893,130,4972,336,35574,4583,2538,7120
294730368765,19,7483,75,4357,4583,2539,7121
294730380097,114,5426,187,15445,4584,2539,7122
294730391331,101,5135,102,8569,4585,2539,7123
294730402605,27,7442,69,2759,4585,2540,7124
294730413772,129,5435,163,15860,4586,2540,7125
294730424433,168,5437,54,3062,4587,2540,7126
294730435553,19,6917,55,2646,4587,2541,7127
294730446927,104,5514,97,8183,4588,2541,7128
294730457775,107,7054,162,15928,4589,2541,7129
294730468922,16,7155,58,3047,4589,2542,7130
294730480586,116,5406,100,8690,4590,2542,7131
294730491128,96,5185,56,2884,4591,2542,7132
294730502304,18,7386,188,2538,4591,2543,7133
294730513549,104,5240,155,15302,4592,2543,7134
294730524548,150,5693,105,8790,4593,2543,7135
294730535949,19,6993,59,2551,4593,2544,7136
294730547184,109,5309,149,13182,4594,2544,7137
294730558021,104,5872,92,7580,4595,2544,7138
294730568966,18,7717,49,2003,4595,2545,7139
294730580474,106,5825,208,21735,4596,2545,7140
294730591091,99,5511,175,15751,4597,2545,7141
294730602360,17,8021,71,2769,4597,2546,7142
294730613887,127,7847,222,9908,4598,2546,7143
294730624775,108,4867,159,15193,4599,2546,7144
294730636024,25,7264,57,2569,4599,2547,7145
294730646813,102,5565,97,8289,4600,2547,7146
294730658277,162,5679,157,15664,4601,2547,7147
294730669255,19,7446,99,2755,4601,2548,7148
294730680350,105,5609,53,3058,4602,2548,7149
294730691375,155,5608,101,8065,4603,2548,7150
294730702593,18,7091,53,2415,4603,2549,7151
294730713753,111,5089,161,15851,4604,2549,7152
294730724889,115,5725,100,8249,4605,2549,7153
294730736067,17,7455,58,2451,4605,2550,7154
294730747200,115,5279,51,2822,4606,2550,7155
294730758215,99,5230,154,14959,4607,2550,7156
294730769234,18,7540,57,2702,4607,2551,7157
294730780043,225,4897,61,2407,4608,2551,7158
294730791196,95,4954,45,1814,4609,2551,7159
294730802264,63,7669,49,1379,4609,2552,7160
294730813584,102,6093,362,34424,4610,2552,7161
294730824536,172,5168,156,9791,4611,2552,7162
294730835656,18,7320,58,3081,4611,2553,7163
294730846962,102,5558,153,15336,4612,2553,7164
294730857859,130,5669,109,7798,4613,2553,7165
294730869337,21,7753,61,2795,4613,2554,7166
294730880149,193,5529,280,15813,4614,2554,7167
294730891683,99,5785,132,8502,4615,2554,7168
294730902197,19,7208,54,2612,4615,2555,7169
294730913856,100,7227,158,15371,4616,2555,7170
294730924524,127,5130,54,3119,4617,2555,7171
294730935700,20,7215,57,2685,4617,2556,7172
294730946930,103,5202,254,7946,4618,2556,7173
294730957847,131,5388,173,15951,4619,2556,7174
294730969022,21,7361,63,2962,4619,2557,7175
294730980055,112,5260,103,8705,4620,2557,7176
294730991509,111,5278,62,2919,4621,2557,7177
294731002745,24,7512,60,2588,4621,2558,7178
294731013759,113,4999,156,15010,4622,2558,7179
294731024436,125,4989,51,2207,4623,2558,7180
294731036331,22,7126,57,1424,4623,2559,7181
294731046969,124,5851,310,33743,4624,2559,7182
294731057925,159,5573,53,2315,4625,2559,7183
294731068892,18,7580,50,1351,4625,2560,7184
294731080159,114,5720,329,35561,4626,2560,7185
294731091321,102,5486,179,17644,4627,2560,7186
294731102606,18,7777,73,3142,4627,2561,7187
294731113589,140,7737,140,8894,4628,2561,7188
294731124613,106,5511,234,24545,4629,2561,7189
294731135697,20,6946,63,3527,4629,2562,7190
294731146987,103,5694,103,8994,4630,2562,7191
294731158193,102,7233,1423,16088,4631,2562,7192
294731169280,29,6965,68,2949,4631,2563,7193
294731180565,257,5615,57,3239,4632,2563,7194
294731191319,122,5065,97,7980,4633,2563,7195
294731202223,19,7674,63,2645,4633,2564,7196
294731213376,117,5248,163,15936,4634,2564,7197
294731224588,141,5303,111,8371,4635,2564,7198
294731235795,20,6928,60,2789,4635,2565,7199
294731246945,133,5002,54,2666,4636,2565,7200
294731258196,97,5293,58,3384,4637,2565,7201
294731268903,17,7635,48,1436,4637,2566,7202
294731280214,114,6264,365,36151,4638,2566,7203
294731291390,122,5070,216,17274,4639,2566,7204
294731302241,35,7691,66,3202,4639,2567,7205
294731313637,119,7942,63,3060,4640,2567,7206
294731325173,128,5036,103,7972,4641,2567,7207
294731335898,20,7440,64,2570,4641,2568,7208
294731347148,125,5595,52,2989,4642,2568,7209
294731358180,154,6621,98,5962,4643,2568,7210
294731369433,23,7045,49,1622,4643,2569,7211
294731380309,109,5615,347,36152,4644,2569,7212
294731391253,106,5529,116,10411,4645,2569,7213
294731402430,20,7443,63,2976,4645,2570,7214
294731413622,104,5242,146,14470,4646,2570,7215
294731424536,134,5480,53,3110,4647,2570,7216
294731435427,22,7028,54,2587,4647,2571,7217
294731447333,104,5188,98,8201,4648,2571,7218
294731457926,97,5987,153,14425,4649,2571,7219
294731469019,18,7647,47,1603,4649,2572,7220
294731480329,101,5855,378,37973,4650,2572,7221
294731492455,358,5102,159,4763,4651,2572,7222
294731502377,20,7276,61,3027,4651,2573,7223
294731513683,117,7381,247,15323,4652,2573,7224
294731524975,105,5535,100,8919,4653,2573,7225
294731535717,23,7292,54,2564,4653,2574,7226
294731547000,103,5662,156,15616,4654,2574,7227
294731557948,102,5641,59,3319,4655,2574,7228
294731569249,19,6731,53,2667,4655,2575,7229
294731580317,99,5757,61,2879,4656,2575,7230
294731591439,97,5452,97,8161,4657,2575,7231
294731602392,16,7646,67,2552,4657,2576,7232
294731613568,132,5256,62,3563,4658,2576,7233
294731624383,103,5506,156,15007,4659,2576,7234
294731635607,19,6809,57,2830,4659,2577,7235
294731646926,108,5531,100,8731,4660,2577,7236
294731657831,116,5807,163,15786,4661,2577,7237
294731669207,19,7330,61,3058,4661,2578,7238
294731680358,141,5326,54,2501,4662,2578,7239
294731691486,152,5298,398,35785,4663,2578,7240
294731702799,18,7490,70,4412,4663,2579,7241
294731713517,107,5807,166,16463,4664,2579,7242
294731724995,98,5313,99,8265,4665,2579,7243
294731735750,17,7400,57,2627,4665,2580,7244
294731746776,106,5455,50,2997,4666,2580,7245
294731757794,96,5861,198,15210,4667,2580,7246
294731769250,16,7352,59,2766,4667,2581,7247
294731780351,111,5639,100,8523,4668,2581,7248
294731791527,98,5760,163,15784,4669,2581,7249
294731802299,18,6549,57,2799,4669,2582,7250
294731813899,104,9311,60,3056,4670,2582,7251
294731825183,106,5827,52,2758,4671,2582,7252
294731835884,22,14772,58,2585,4671,2583,7253
294731861895,143,10008,123,9547,4672,2583,7254
294731873635,109,14243,233,14354,4673,2583,7255
294731899277,116,14916,54,2196,4674,2583,7256
294731925601,114,11103,350,34608,4675,2583,7257
294731948510,120,14711,119,9876,4676,2583,7258
294731974527,306,11741,67,3283,4677,2583,7259
294731997965,114,15606,66,2929,4678,2583,7260
294732024849,119,12213,61,3136,4679,2583,7261
294732048487,245,6015,272,15056,4680,2583,7262
294732060057,119,5835,211,7900,4681,2583,7263
294732071161,22,7681,60,2501,4681,2584,7264
294732082086,208,5332,164,15718,4682,2584,7265
294732093087,109,5518,104,8483,4683,2584,7266
294732104076,27,7652,68,2635,4683,2585,7267
294732115308,124,5086,65,3700,4684,2585,7268
294732126631,108,5512,68,3672,4685,2585,7269
294732137518,18,8139,70,1516,4685,2586,7270
294732148400,105,5286,42,1486,4686,2586,7271
294732160237,103,5714,43,1477,4687,2586,7272
294732170953,17,8448,45,1477,4687,2587,7273
294732182061,100,5377,454,34682,4688,2587,7274
294732193318,105,6819,112,9952,4689,2587,7275
294732204224,17,8274,63,2965,4689,2588,7276
294732215667,114,5725,331,15548,4690,2588,7277
294732226254,107,5002,113,8271,4691,2588,7278
294732237367,22,8013,63,2681,4691,2589,7279
294732248717,124,5417,57,3027,4692,2589,7280
294732260072,222,5661,176,15003,4693,2589,7281
294732271170,23,7544,119,2881,4693,2590,7282
294732281957,177,5646,106,8808,4694,2590,7283
294732293218,120,5286,148,13872,4695,2590,7284
294732304206,19,8200,61,2889,4695,2591,7285
294732315054,115,5113,107,7752,4696,2591,7286
294732326245,106,5463,222,22266,4697,2591,7287
294732337362,20,8848,67,2573,4697,2592,7288
294732348503,107,5636,226,15977,4698,2592,7289
294732359641,121,5360,286,8024,4699,2592,7290
294732370728,18,8663,47,2260,4699,2593,7291
294732381935,119,5912,157,14789,4700,2593,7292
294732393252,103,5192,102,8730,4701,2593,7293
294732404621,18,7816,49,2264,4701,2594,7294
294732415356,105,5303,209,15519,4702,2594,7295
294732426528,101,4894,114,2917,4703,2594,7296
294732437213,18,7965,61,2410,4703,2595,7297
294732448638,118,5436,93,7951,4704,2595,7298
294732459999,105,5869,159,15673,4705,2595,7299
294732470863,18,8068,58,2610,4705,2596,7300
294732482060,104,5486,154,8222,4706,2596,7301
294732493135,123,5220,69,2499,4707,2596,7302
294732503866,20,7743,51,2242,4707,2597,7303
294732515682,118,5109,270,15050,4708,2597,7304
294732526749,102,5590,54,2352,4709,2597,7305
294732538879,198,6974,45,1384,4710,2597,7306
294732548832,18,4920,91,1384,4710,2598,7307
294732559509,104,5680,40,1384,4711,2598,7308
294732571108,17,8300,43,1384,4711,2599,7309
294732581762,297,5438,391,35738,4712,2599,7310
294732593226,120,5010,178,17778,4713,2599,7311
294732604312,27,7791,73,3216,4713,2600,7312
294732615570,545,5779,145,9726,4714,2600,7313
294732626740,114,5083,163,15447,4715,2600,7314
294732637800,19,7825,57,2806,4715,2601,7315
294732648818,110,5317,101,8491,4716,2601,7316
294732659757,95,5504,162,15788,4717,2601,7317
294732671259,19,7763,58,2923,4717,2602,7318
294732682227,105,5494,54,3266,4718,2602,7319
294732693144,149,5542,106,8166,4719,2602,7320
294732704194,25,8103,58,2503,4719,2603,7321
294732715209,113,5591,258,16119,4720,2603,7322
294732726676,129,5532,136,8376,4721,2603,7323
294732737814,47,7803,107,2627,4721,2604,7324
294732748579,128,5062,52,2556,4722,2604,7325
294732759513,117,5789,60,3443,4723,2604,7326
294732770712,17,8582,49,1452,4723,2605,7327
294732782042,113,6151,456,36217,4724,2605,7328
294732792973,123,5002,253,17345,4725,2605,7329
294732804037,20,8792,66,3249,4725,2606,7330
294732815542,133,5263,56,3100,4726,2606,7331
294732826708,119,5086,110,7872,4727,2606,7332
294732838259,25,7605,64,2503,4727,2607,7333
294732848833,129,5215,299,15623,4728,2607,7334
294732859504,126,5343,104,8407,4729,2607,7335
294732870771,21,7775,60,2740,4729,2608,7336
294732882123,110,5540,157,15294,4730,2608,7337
294732893227,101,5427,156,8634,4731,2608,7338
294732904690,19,7595,50,2631,4731,2609,7339
294732915441,99,5293,157,15610,4732,2609,7340
294732926673,98,5555,62,3382,4733,2609,7341
294732938011,22,7478,59,2670,4733,2610,7342
294732948792,112,5365,204,7986,4734,2610,7343
294732960269,109,5768,162,15969,4735,2610,7344
294732971195,19,7766,59,3103,4735,2611,7345
294732982204,100,5235,40,1951,4736,2611,7346
294732993246,110,5470,330,35892,4737,2611,7347
294733004574,17,8199,70,4381,4737,2612,7348
294733015198,100,5581,693,15510,4738,2612,7349
294733026770,143,5243,109,8563,4739,2612,7350
294733037505,23,8805,59,2617,4739,2613,7351
294733048704,113,6045,165,15697,4740,2613,7352
294733059845,110,5015,51,3091,4741,2613,7353
294733070721,20,8051,58,2701,4741,2614,7354
294733082268,101,5547,111,8141,4742,2614,7355
294733092877,120,5030,60,2819,4743,2614,7356
294733104702,48,7643,64,2508,4743,2615,7357
294733115207,123,5461,63,3611,4744,2615,7358
294733126341,106,5582,161,15201,4745,2615,7359
294733137363,25,8224,86,2940,4745,2616,7360
294733148649,123,5523,104,8778,4746,2616,7361
294733159901,101,5691,173,15742,4747,2616,7362
294733170684,18,7741,55,2931,4747,2617,7363
294733181898,101,5427,51,3227,4748,2617,7364
294733192912,101,5287,92,7711,4749,2617,7365
294733205086,294,8126,340,34474,4750,2617,7366
294733215071,18,5554,63,3933,4750,2618,7367
294733226359,110,5172,133,8907,4751,2618,7368
294733237477,22,8738,70,2712,4751,2619,7369
294733248404,145,5395,54,2837,4752,2619,7370
294733259465,142,5149,504,15349,4753,2619,7371
294733270565,25,8685,62,2815,4753,2620,7372
294733281751,117,5910,99,8437,4754,2620,7373
294733293385,120,6064,171,15609,4755,2620,7374
294733304596,20,7688,60,2739,4755,2621,7375
294733315437,117,5362,52,3005,4756,2621,7376
294733326763,104,5142,54,2866,4757,2621,7377
294733337543,21,8223,55,2589,4757,2622,7378
294733348561,100,5553,106,8525,4758,2622,7379
294733359987,124,5663,63,3571,4759,2622,7380
294733370948,18,8060,59,2536,4759,2623,7381
294733382166,103,5492,155,15210,4760,2623,7382
294733392937,101,5525,98,8505,4761,2623,7383
294733403974,19,7836,53,2648,4761,2624,7384
294733415501,110,4963,230,15599,4762,2624,7385
294733426486,98,5617,53,2915,4763,2624,7386
294733437967,22,7875,46,2236,4763,2625,7387
294733448849,102,5082,46,2320,4764,2625,7388
294733459577,143,5383,47,1321,4765,2625,7389
294733470797,21,8669,51,1318,4765,2626,7390
294733481936,113,5975,367,36037,4766,2626,7391
294733492988,113,5147,66,4556,4767,2626,7392
294733503870,18,7976,53,2833,4767,2627,7393
294733515147,106,5249,209,15066,4768,2627,7394
294733526207,105,4958,150,8340,4769,2627,7395
294733537682,17,8025,53,2637,4769,2628,7396
294733548785,101,5564,155,15601,4770,2628,7397
294733560051,96,5674,52,3075,4771,2628,7398
294733571231,17,7551,52,2571,4771,2629,7399
294733582177,94,5519,53,2731,4772,2629,7400
294733593235,108,7103,96,8138,4773,2629,7401
294733604371,21,7131,59,2636,4773,2630,7402
294733615277,132,5040,66,4143,4774,2630,7403
294733626578,109,5991,150,14127,4775,2630,7404
294733637717,20,7606,49,1797,4775,2631,7405
294733648821,103,5233,41,1992,4776,2631,7406
294733659430,109,5614,447,33776,4777,2631,7407
294733671037,19,7857,67,4277,4777,2632,7408
294733682020,105,5201,58,2940,4778,2632,7409
294733692840,102,4898,102,8026,4779,2632,7410
294733704574,18,7837,53,2572,4779,2633,7411
294733715215,159,5759,265,15214,4780,2633,7412
294733726340,108,5072,98,8209,4781,2633,7413
294733737499,23,7924,68,2656,4781,2634,7414
294733748639,312,5202,90,3016,4782,2634,7415
294733759575,129,5097,169,15129,4783,2634,7416
294733771134,18,7644,62,2961,4783,2635,7417
294733782093,119,5263,139,8922,4784,2635,7418
294733793195,109,5820,194,15838,4785,2635,7419
294733804311,19,8054,61,2764,4785,2636,7420
294733815259,110,5385,143,8820,4786,2636,7421
294733827470,103,5972,159,15853,4787,2636,7422
294733837488,17,7587,57,2942,4787,2637,7423
294733848636,99,5548,253,8591,4788,2637,7424
294733859543,144,5820,88,5518,4789,2637,7425
294733870749,20,8807,48,1606,4789,2638,7426
294733882154,110,5455,336,35807,4790,2638,7427
294733893248,101,6515,73,5056,4791,2638,7428
294733904083,17,8873,58,2853,4791,2639,7429
294733915206,103,5638,361,15522,4792,2639,7430
294733926483,104,5650,53,3099,4793,2639,7431
294733937749,18,8278,66,2591,4793,2640,7432
294733948681,131,5757,195,7925,4794,2640,7433
294733959661,118,5276,199,15844,4795,2640,7434
294733971118,18,8112,60,2832,4795,2641,7435
294733981747,111,5611,100,8716,4796,2641,7436
294733993653,138,6289,53,2611,4797,2641,7437
294734004221,18,8540,55,2404,4797,2642,7438
294734015676,104,5855,1131,15150,4798,2642,7439
294734026635,170,5321,107,8489,4799,2642,7440
294734038314,26,7072,71,2627,4799,2643,7441
294734048778,134,5264,137,12932,4800,2643,7442
294734059858,118,5541,102,7970,4801,2643,7443
294734070790,20,8349,61,2559,4801,2644,7444
294734082067,124,5252,158,15110,4802,2644,7445
294734093294,106,6558,320,32454,4803,2644,7446
294734104041,26,8623,87,4585,4803,2645,7447
294734115141,170,5378,130,10461,4804,2645,7448
294734126194,119,5118,163,15556,4805,2645,7449
294734137433,19,9033,70,2891,4805,2646,7450
294734148632,127,5737,132,8680,4806,2646,7451
294734160030,109,5267,209,15790,4807,2646,7452
294734170863,19,8053,56,3027,4807,2647,7453
294734182071,104,5686,56,3312,4808,2647,7454
294734192873,100,5249,99,8472,4809,2647,7455
294734204053,17,8218,58,2699,4809,2648,7456
294734215100,108,5547,255,16275,4810,2648,7457
294734226281,254,5762,104,8659,4811,2648,7458
294734237427,21,8058,63,2647,4811,2649,7459
294734248856,112,5272,125,2968,4812,2649,7460
294734259860,104,6101,161,15242,4813,2649,7461
294734271281,22,7310,65,3048,4813,2650,7462
294734282276,117,5820,107,8847,4814,2650,7463
294734293163,101,6569,145,13957,4815,2650,7464
294734304436,97,8004,58,3082,4815,2651,7465
294734315302,118,5059,94,7579,4816,2651,7466
294734326080,107,5616,75,5647,4817,2651,7467
294734337349,20,9098,53,1535,4817,2652,7468
294734349090,169,7848,373,33340,4818,2652,7469
294734360096,120,5320,130,11141,4819,2652,7470
294734371003,20,8516,54,2822,4819,2653,7471
294734381944,109,5801,151,14828,4820,2653,7472
294734392795,109,5020,98,8351,4821,2653,7473
294734404697,19,7653,53,2461,4821,2654,7474
294734415171,105,5625,205,15393,4822,2654,7475
294734426438,102,5340,48,2947,4823,2654,7476
294734437426,18,7870,58,2572,4823,2655,7477
294734448972,105,5437,97,8081,4824,2655,7478
294734459957,110,5689,166,15913,4825,2655,7479
294734470802,17,8465,58,2844,4825,2656,7480
294734482083,108,5602,102,8632,4826,2656,7481
294734493241,99,6470,84,2649,4827,2656,7482
294734504523,17,7421,51,2422,4827,2657,7483
294734515066,112,4974,162,15228,4828,2657,7484
294734526295,111,5564,50,2356,4829,2657,7485
294734537393,17,8128,49,1546,4829,2658,7486
294734548932,102,5158,43,2102,4830,2658,7487
294734559641,100,5674,344,34478,4831,2658,7488
294734571209,20,8029,67,4320,4831,2659,7489
294734582015,97,5714,102,8314,4832,2659,7490
294734593343,101,5941,157,15338,4833,2659,7491
294734604749,58,8002,71,2973,4833,2660,7492
294734615395,141,5463,231,9954,4834,2660,7493
294734626680,158,5154,213,15124,4835,2660,7494
294734637322,32,12826,73,2845,4835,2661,7495
294734661505,132,9481,73,3736,4836,2661,7496
294734672842,115,13596,60,2933,4837,2661,7497
294734698293,126,15635,104,8007,4838,2661,7498
294734725525,182,11414,91,6004,4839,2661,7499
294734748616,114,14932,339,36050,4840,2661,7500
294734775258,118,11593,78,5114,4841,2661,7501
294734798538,120,16732,231,16032,4842,2661,7502
294734826924,123,9424,104,8018,4843,2661,7503
294734837866,25,13595,106,2649,4843,2662,7504
294734862679,139,5415,89,5985,4844,2662,7505
294734873837,98,5588,157,15189,4845,2662,7506
294734885499,18,7199,57,2701,4845,2663,7507
294734896577,103,5398,99,8471,4846,2663,7508
294734907577,105,5395,167,15614,4847,2663,7509
294734918582,18,7338,58,2907,4847,2664,7510
294734929621,104,5369,51,2850,4848,2664,7511
294734940479,97,5601,46,1837,4849,2664,7512
294734951753,16,10818,47,1375,4849,2665,7513
294734963390,103,5812,41,1375,4850,2665,7514
294734974216,93,5295,358,35941,4851,2665,7515
294734984957,16,7592,73,4384,4851,2666,7516
294734996472,110,5387,51,3090,4852,2666,7517
294735007606,101,5559,183,15161,4853,2666,7518
294735018639,17,7247,61,2861,4853,2667,7519
294735029560,107,5170,98,8486,4854,2667,7520
294735040670,158,6330,173,15751,4855,2667,7521
294735052071,27,6623,68,2888,4855,2668,7522
294735063153,135,5245,62,3174,4856,2668,7523
294735073773,104,5315,50,2876,4857,2668,7524
294735085667,18,7386,57,2647,4857,2669,7525
294735096218,103,5062,141,8512,4858,2669,7526
294735107165,127,5275,64,3395,4859,2669,7527
294735118476,23,7193,62,2529,4859,2670,7528
294735129530,122,5103,164,15128,4860,2670,7529
294735140650,113,5313,108,8571,4861,2670,7530
294735151826,20,10892,59,2458,4861,2671,7531
294735173889,129,5513,364,23052,4862,2671,7532
294735185647,26,7379,67,2945,4862,2672,7533
294735196273,128,5038,106,8260,4863,2672,7534
294735207751,153,5135,200,16043,4864,2672,7535
294735218990,24,7342,62,2968,4864,2673,7536
294735229963,121,5256,104,8615,4865,2673,7537
294735240717,124,6155,98,2989,4866,2673,7538
294735252281,22,7215,55,2679,4866,2674,7539
294735262875,121,5074,169,15335,4867,2674,7540
294735273949,144,5591,103,8663,4868,2674,7541
294735285088,19,7197,63,2566,4868,2675,7542
294735296757,113,5169,155,15717,4869,2675,7543
294735307678,100,5237,114,8311,4870,2675,7544
294735318730,31,7515,64,2585,4870,2676,7545
294735329709,148,5105,207,16170,4871,2676,7546
294735340679,197,4978,111,8668,4872,2676,7547
294735352263,24,10178,70,2631,4872,2677,7548
294735363301,127,5212,56,2806,4873,2677,7549
294735373888,119,5339,59,3530,4874,2677,7550
294735385105,20,7481,57,1403,4874,2678,7551
294735396907,349,5633,487,35989,4875,2678,7552
294735407253,111,5807,183,17289,4876,2678,7553
294735419064,18,7356,63,3235,4876,2679,7554
294735429539,123,5028,55,3100,4877,2679,7555
294735441405,245,4718,100,7918,4878,2679,7556
294735451751,22,7424,62,2474,4878,2680,7557
294735463238,150,5247,160,15667,4879,2680,7558
294735474408,122,5168,155,8225,4880,2680,7559
294735485330,18,7192,60,2581,4880,2681,7560
294735496758,115,5568,52,2982,4881,2681,7561
294735507773,93,5988,158,15210,4882,2681,7562
294735518892,18,7111,52,2628,4882,2682,7563
294735529914,103,5650,99,8544,4883,2682,7564
294735540890,110,5702,160,15706,4884,2682,7565
294735552280,18,6556,59,2945,4884,2683,7566
294735562999,114,5328,51,3240,4885,2683,7567
294735573990,93,5306,119,2896,4886,2683,7568
294735585013,25,6786,63,2668,4886,2684,7569
294735596805,136,5360,113,8586,4887,2684,7570
294735607843,131,5733,66,3539,4888,2684,7571
294735618493,22,7053,53,2550,4888,2685,7572
294735630043,111,5048,160,15298,4889,2685,7573
294735640997,99,6232,390,2334,4890,2685,7574
294735652162,27,9993,48,1391,4890,2686,7575
294735664021,123,5971,318,33955,4891,2686,7576
294735674015,96,5177,66,4416,4892,2686,7577
294735685933,20,7194,56,2809,4892,2687,7578
294735696414,133,5506,97,8078,4893,2687,7579
294735707449,91,5373,162,15354,4894,2687,7580
294735718613,17,7213,53,2670,4894,2688,7581
294735729661,151,5151,100,8329,4895,2688,7582
294735740724,105,5705,54,2977,4896,2688,7583
294735752103,18,6837,53,2628,4896,2689,7584
294735763055,100,5695,155,15133,4897,2689,7585
294735774222,108,5127,101,8512,4898,2689,7586
294735785024,16,7040,50,2595,4898,2690,7587
294735796380,119,5241,324,15689,4899,2690,7588
294735807387,99,5703,103,8474,4900,2690,7589
294735818736,18,7279,50,2467,4900,2691,7590
294735829491,102,5017,174,15996,4901,2691,7591
294735841106,102,5982,112,8145,4902,2691,7592
294735851821,22,7099,69,2610,4902,2692,7593
294735862991,119,5279,55,2902,4903,2692,7594
294735874322,100,5322,65,3612,4904,2692,7595
294735885607,19,7661,43,1433,4904,2693,7596
294735896819,117,6067,396,36162,4905,2693,7597
294735907627,135,5260,178,17301,4906,2693,7598
294735918781,17,7619,57,3253,4906,2694,7599
294735929995,105,5171,53,3125,4907,2694,7600
294735940623,100,5770,142,7851,4908,2694,7601
294735951990,23,11039,91,2494,4908,2695,7602
294735974321,118,5306,56,2899,4909,2695,7603
294735985423,19,7487,60,2414,4909,2696,7604
294735996895,117,5622,60,2677,4910,2696,7605
294736007825,103,5698,171,14958,4911,2696,7606
294736019148,17,7061,57,2747,4911,2697,7607
294736030213,103,5586,101,8433,4912,2697,7608
294736041479,105,5706,161,15695,4913,2697,7609
294736052443,24,9708,61,2918,4913,2698,7610
294736063259,100,5220,101,8817,4914,2698,7611
294736074492,98,5190,167,15836,4915,2698,7612
294736085747,18,7082,54,2585,4915,2699,7613
294736096796,98,5527,112,8234,4916,2699,7614
294736108139,124,4944,73,4691,4917,2699,7615
294736118716,21,7251,56,2627,4917,2700,7616
294736130106,109,5564,82,5882,4918,2700,7617
294736141074,99,5136,329,36025,4919,2700,7618
294736152340,20,10380,73,4418,4919,2701,7619
294736163487,109,5744,158,15785,4920,2701,7620
294736174954,104,4714,86,3161,4921,2701,7621
294736185287,15,7517,53,2616,4921,2702,7622
294736197027,104,5456,91,8006,4922,2702,7623
294736208090,122,5089,166,15890,4923,2702,7624
294736218738,18,7543,55,2683,4923,2703,7625
294736230258,102,4914,107,8438,4924,2703,7626
294736241078,126,5708,95,2754,4925,2703,7627
294736252330,20,7193,65,2472,4925,2704,7628
294736263435,120,5499,209,15303,4926,2704,7629
294736274267,98,5501,189,8870,4927,2704,7630
294736285671,19,7421,81,2678,4927,2705,7631
294736296672,107,5272,163,15787,4928,2705,7632
294736307630,111,5321,105,8176,4929,2705,7633
294736318795,22,7247,61,2587,4929,2706,7634
294736330190,112,5426,165,16156,4930,2706,7635
294736341136,105,5005,99,8235,4931,2706,7636
294736352372,21,7951,120,1890,4931,2707,7637
294736363596,136,5338,72,5533,4932,2707,7638
294736374751,110,5082,354,35761,4933,2707,7639
294736385802,17,7313,68,4340,4933,2708,7640
294736396957,109,5745,58,3469,4934,2708,7641
294736408254,102,4705,193,15704,4935,2708,7642
294736418934,28,7559,71,2837,4935,2709,7643
294736430047,124,5486,54,2954,4936,2709,7644
294736441381,129,5304,101,7752,4937,2709,7645
294736452380,21,6911,62,2547,4937,2710,7646
294736463633,115,5594,160,15540,4938,2710,7647
294736474395,113,5173,107,8297,4939,2710,7648
294736485687,21,6962,60,2770,4939,2711,7649
294736496667,111,5264,53,3218,4940,2711,7650
294736507865,107,5368,158,15308,4941,2711,7651
294736519009,19,7623,58,2695,4941,2712,7652
294736529828,103,5215,51,3018,4942,2712,7653
294736541415,102,5464,47,2363,4943,2712,7654
294736552544,17,9467,48,1973,4943,2713,7655
294736563593,99,5383,48,2351,4944,2713,7656
294736574559,116,4953,322,35387,4945,2713,7657
294736585705,18,7586,68,4303,4945,2714,7658
294736596905,161,5815,179,16161,4946,2714,7659
294736607656,153,5742,165,8195,4947,2714,7660
294736619256,21,7401,64,2581,4947,2715,7661
294736630103,117,5038,151,14668,4948,2715,7662
294736641324,165,4947,109,8221,4949,2715,7663
294736651991,19,10081,56,2510,4949,2716,7664
294736663928,108,5644,158,15085,4950,2716,7665
294736674521,128,5446,70,3126,4951,2716,7666
294736685745,19,6832,56,2571,4951,2717,7667
294736697020,104,5565,99,7863,4952,2717,7668
294736707983,105,5537,214,15906,4953,2717,7669
294736718746,17,7116,68,2898,4953,2718,7670
294736730372,183,5228,110,8603,4954,2718,7671
294736741096,118,5607,58,2750,4955,2718,7672
294736752386,19,9351,59,2507,4955,2719,7673
294736763490,110,4967,155,15187,4956,2719,7674
294736774454,96,5004,47,2217,4957,2719,7675
294736785773,24,7299,42,1334,4957,2720,7676
294736796867,103,5885,312,33695,4958,2720,7677
294736807926,102,4925,65,4350,4959,2720,7678
294736819036,19,7584,62,2795,4959,2721,7679
294736830585,109,5727,96,7981,4960,2721,7680
294736841567,100,4789,161,15257,4961,2721,7681
294736852223,16,11327,84,2722,4961,2722,7682
294736875231,133,5352,89,6105,4962,2722,7683
294736886599,25,7435,58,2523,4962,2723,7684
294736897340,105,5624,100,8347,4963,2723,7685
294736908443,101,5972,160,15256,4964,2723,7686
294736919409,15,7081,58,2783,4964,2724,7687
294736930785,105,5638,53,2999,4965,2724,7688
294736941847,102,5302,99,7737,4966,2724,7689
294736953374,17,9496,58,2466,4966,2725,7690
294736963867,108,5188,241,15759,4967,2725,7691
294736974938,120,5472,101,8302,4968,2725,7692
294736986135,18,7451,86,2519,4968,2726,7693
294736997116,105,5559,52,2877,4969,2726,7694
294737008378,104,5744,157,15066,4970,2726,7695
294737019324,17,7445,60,2763,4970,2727,7696
294737030398,101,5493,185,18634,4971,2727,7697
294737041386,108,4794,166,15966,4972,2727,7698
294737053218,18,7633,58,3057,4972,2728,7699
294737063950,119,6247,54,3217,4973,2728,7700
294737075139,104,6060,45,2106,4974,2728,7701
294737086162,18,7499,46,1350,4974,2729,7702
294737097300,118,5566,325,33221,4975,2729,7703
294737108325,139,5267,127,10484,4976,2729,7704
294737119229,19,7311,61,2798,4976,2730,7705
294737130649,104,5403,155,15485,4977,2730,7706
294737141719,104,5815,106,8383,4978,2730,7707
294737153158,18,7097,55,2597,4978,2731,7708
294737164157,103,5513,158,15660,4979,2731,7709
294737175103,101,5549,52,2918,4980,2731,7710
294737186154,18,7023,55,2559,4980,2732,7711
294737197296,106,5474,94,8001,4981,2732,7712
294737208431,100,5420,158,15956,4982,2732,7713
294737219536,18,7562,58,2895,4982,2733,7714
294737230680,106,5162,98,8645,4983,2733,7715
294737241345,102,4877,63,3430,4984,2733,7716
294737253248,18,7766,46,1429,4984,2734,7717
294737263793,105,6111,340,41740,4985,2734,7718
294737275125,110,5294,114,10220,4986,2734,7719
294737286592,17,7441,57,2874,4986,2735,7720
294737297382,109,5885,156,15028,4987,2735,7721
294737308343,117,5106,229,3116,4988,2735,7722
294737319318,20,7414,63,2616,4988,2736,7723
294737330726,107,5210,108,8129,4989,2736,7724
294737341476,100,5977,58,2844,4990,2736,7725
294737353048,18,7521,68,2440,4990,2737,7726
294737363882,172,5602,62,2709,4991,2737,7727
294737375328,115,5962,163,15806,4992,2737,7728
294737386026,18,6536,57,2891,4992,2738,7729
294737397291,104,5417,101,8792,4993,2738,7730
294737408717,159,5527,163,15837,4994,2738,7731
294737419612,20,7477,60,2892,4994,2739,7732
294737430543,108,4945,51,3091,4995,2739,7733
294737441894,104,9695,122,8006,4996,2739,7734
294737452861,23,16922,67,2535,4996,2740,7735
294737481597,132,14327,86,4876,4997,2740,7736
294737507574,120,12431,337,36215,4998,2740,7737
294737531691,111,21359,170,10206,4999,2740,7738
294737564522,125,15367,150,13515,5000,2740,7739
294737591261,181,11411,106,8183,5001,2740,7740
294737614272,153,15037,68,2831,5002,2740,7741
294737640832,161,9112,65,3692,5003,2740,7742
294737651983,22,10241,64,2521,5003,2741,7743
294737663042,120,5146,161,14525,5004,2741,7744
294737674306,107,5282,59,3084,5005,2741,7745
294737685418,20,6969,49,2582,5005,2742,7746
294737696472,104,5037,105,8166,5006,2742,7747
294737707867,134,5080,154,14442,5007,2742,7748
294737718374,20,7761,48,1567,5007,2743,7749
294737729608,114,5745,443,38034,5008,2743,7750
294737740679,172,5034,71,4599,5009,2743,7751
294737752676,21,7517,64,2895,5009,2744,7752
294737763311,111,5328,155,15264,5010,2744,7753
294737774383,116,4815,102,8670,5011,2744,7754
294737785092,18,7156,55,2483,5011,2745,7755
294737796819,107,5687,156,15573,5012,2745,7756
294737807964,100,6116,54,3270,5013,2745,7757
294737818656,22,6816,72,2679,5013,2746,7758
294737830158,160,5543,166,8278,5014,2746,7759
294737840962,151,5520,189,2859,5015,2746,7760
294737852238,28,7256,71,2507,5015,2747,7761
294737863365,137,5639,52,2793,5016,2747,7762
294737874560,136,5193,166,15832,5017,2747,7763
294737885173,18,7041,55,2891,5017,2748,7764
294737896652,128,5037,108,8702,5018,2748,7765
294737907278,174,5197,189,15852,5019,2748,7766
294737918433,18,7191,54,3004,5019,2749,7767
294737929904,105,5130,51,3244,5020,2749,7768
294737940605,111,5020,152,8139,5021,2749,7769
294737952230,25,8333,109,2590,5021,2750,7770
294737963452,109,6038,159,15959,5022,2750,7771
294737973973,101,6946,46,1962,5023,2750,7772
294737985849,21,7391,41,1323,5023,2751,7773
294737996757,100,5600,351,35825,5024,2751,7774
294738007423,103,5599,203,16848,5025,2751,7775
294738018959,17,7416,68,3033,5025,2752,7776
294738030022,125,5423,128,8345,5026,2752,7777
294738040783,190,5750,163,15547,5027,2752,7778
294738051935,19,9690,71,2673,5027,2753,7779
294738063464,118,5409,51,2958,5028,2753,7780
294738074371,107,5180,60,2676,5029,2753,7781
294738085086,21,7063,52,2483,5029,2754,7782
294738096726,110,5592,101,8146,5030,2754,7783
294738107640,167,5149,61,2784,5031,2754,7784
294738118926,21,7454,59,2524,5031,2755,7785
294738129732,113,5210,160,15634,5032,2755,7786
294738141230,106,5725,104,8773,5033,2755,7787
294738151946,18,7960,57,2547,5033,2756,7788
294738163468,111,5114,84,6609,5034,2756,7789
294738174552,141,6518,46,1535,5035,2756,7790
294738185272,18,7413,45,1440,5035,2757,7791
294738196635,104,5571,358,35764,5036,2757,7792
294738207650,146,5291,178,17938,5037,2757,7793
294738219010,17,7651,59,3076,5037,2758,7794
294738230030,100,5260,104,8426,5038,2758,7795
294738240710,241,5712,60,3090,5039,2758,7796
294738252295,20,9355,66,2688,5039,2759,7797
294738263639,122,5193,158,15181,5040,2759,7798
294738274421,104,5346,107,8357,5041,2759,7799
294738285173,20,7101,54,2424,5041,2760,7800
294738296728,130,5222,164,15309,5042,2760,7801
294738307627,184,5164,102,8067,5043,2760,7802
294738318728,19,7175,60,2447,5043,2761,7803
294740724833,216,10881,310,32580,5044,2761,7804
294740747421,131,15427,337,33381,5045,2761,7805
294740774746,184,11701,171,7573,5046,2761,7806
294740798194,138,16532,183,15804,5047,2761,7807
294740826279,139,9978,116,8491,5048,2761,7808
294740837699,23,13113,65,2822,5048,2762,7809
294740862147,148,5258,90,5951,5049,2762,7810
294740873195,110,7101,371,15116,5050,2762,7811
294740884550,19,7604,60,2907,5050,2763,7812
294740895762,117,5344,115,8761,5051,2763,7813
294740906923,105,5282,159,15292,5052,2763,7814
294740917670,19,7428,57,3013,5052,2764,7815
294740929032,112,5075,55,3352,5053,2764,7816
294740939774,100,6148,145,7354,5054,2764,7817
294740951423,18,8030,51,1827,5054,2765,7818
294740962339,105,6081,72,5072,5055,2765,7819
294740973516,108,6318,46,1339,5056,2765,7820
294740984460,21,7436,48,1285,5056,2766,7821
294740995611,112,5762,333,35535,5057,2766,7822
294741006711,107,6150,171,16745,5058,2766,7823
294741018062,18,7696,59,3092,5058,2767,7824
294741028721,108,5244,100,8386,5059,2767,7825
294741039755,204,6289,162,15459,5060,2767,7826
294741051434,19,8074,62,2706,5060,2768,7827
294741062370,112,5337,55,3055,5061,2768,7828
294741073254,99,5907,103,8106,5062,2768,7829
294741084420,19,6618,54,2396,5062,2769,7830
294741095572,106,5295,50,2844,5063,2769,7831
294741106839,170,5485,57,2482,5064,2769,7832
294741118096,22,7688,58,2296,5064,2770,7833
294741129034,110,5411,169,16012,5065,2770,7834
294741140194,103,5951,107,8357,5066,2770,7835
294741151152,17,7254,54,2533,5066,2771,7836
294741162339,101,5295,193,15360,5067,2771,7837
294741173366,155,5861,54,2884,5068,2771,7838
294741184901,17,7521,50,2138,5068,2772,7839
294741195924,104,6238,282,27444,5069,2772,7840
294741206915,124,5814,183,15825,5070,2772,7841
294741218100,18,7302,56,2516,5070,2773,7842
294741228868,100,5425,98,8243,5071,2773,7843
294741240215,107,6176,49,2362,5072,2773,7844
294741251298,17,5056,49,2036,5072,2774,7845
294741261961,105,5730,151,14829,5073,2774,7846
294741273746,115,6662,102,8230,5074,2774,7847
294741284889,17,7102,48,2160,5074,2775,7848
294741295923,99,5823,160,15456,5075,2775,7849
294741306841,123,5619,53,2933,5076,2775,7850
294741318082,17,6783,53,2322,5076,2776,7851
294741328859,102,5241,92,7919,5077,2776,7852
294741339967,101,5965,49,2434,5078,2776,7853
294741351268,20,7923,58,2043,5078,2777,7854
294741362347,140,5135,53,2330,5079,2777,7855
294741373263,100,5902,162,15283,5080,2777,7856
294741384650,19,7285,56,2685,5080,2778,7857
294741395608,106,5317,152,8722,5081,2778,7858
294741406684,109,5809,158,15066,5082,2778,7859
294741417917,17,7381,51,1634,5082,2779,7860
294741429161,113,5863,43,2045,5083,2779,7861
294741440182,113,5845,344,35181,5084,2779,7862
294741451380,22,9153,71,4203,5084,2780,7863
294741462583,106,5707,161,16259,5085,2780,7864
294741473232,100,6984,104,8097,5086,2780,7865
294741484451,18,7366,56,2475,5086,2781,7866
294741495627,105,5730,51,2788,5087,2781,7867
294741506900,138,6090,157,15034,5088,2781,7868
294741518090,17,6900,55,2700,5088,2782,7869
294741529228,94,5592,100,8531,5089,2782,7870
294741540192,97,5920,162,15565,5090,2782,7871
294741551193,18,7943,52,2642,5090,2783,7872
294741562434,101,5385,49,2957,5091,2783,7873
294741573357,99,6695,69,2683,5092,2783,7874
294741584726,18,7546,51,2510,5092,2784,7875
294741595860,100,5529,96,8253,5093,2784,7876
294741606960,120,5423,62,2720,5094,2784,7877
294741617977,24,7137,55,2443,5094,2785,7878
294741628872,157,5000,157,15670,5095,2785,7879
294741640140,171,5574,103,8000,5096,2785,7880
294741651360,20,8147,53,1986,5096,2786,7881
294741662368,119,6158,89,7040,5097,2786,7882
294741673446,108,6003,43,1568,5098,2786,7883
294741684815,18,7505,49,1460,5098,2787,7884
294741695699,114,5546,363,35475,5099,2787,7885
294741706772,108,5502,179,17988,5100,2787,7886
294741717687,18,7381,95,2962,5100,2788,7887
294741728959,154,5336,98,8307,5101,2788,7888
294741739839,116,5934,52,2988,5102,2788,7889
294741751453,17,7840,108,2579,5102,2789,7890
294741762649,144,5597,160,15129,5103,2789,7891
294741773110,140,5600,104,8634,5104,2789,7892
294741784351,21,7320,56,2400,5104,2790,7893
294741795845,121,5198,393,15459,5105,2790,7894
294741806952,106,5250,119,8057,5106,2790,7895
294741818058,19,7586,63,2469,5106,2791,7896
294741828961,117,5258,164,16075,5107,2791,7897
294741839730,95,5313,412,7893,5108,2791,7898
294741850837,22,8753,72,2636,5108,2792,7899
294741862397,137,5309,92,3004,5109,2792,7900
294741873677,117,6174,64,3601,5110,2792,7901
294741884888,19,7143,72,1385,5110,2793,7902
294741895893,106,6273,40,1334,5111,2793,7903
294741906917,108,5969,335,33525,5112,2793,7904
294741918206,18,7505,72,4178,5112,2794,7905
294741928770,110,5335,50,2840,5113,2794,7906
294741940028,101,6102,98,7761,5114,2794,7907
294741951198,18,7549,53,2523,5114,2795,7908
294741962399,100,5521,157,14993,5115,2795,7909
294741973480,101,6777,94,7971,5116,2795,7910
294741984367,23,7217,54,2479,5116,2796,7911
294741995538,106,5625,51,2861,5117,2796,7912
294742006641,100,5780,150,14726,5118,2796,7913
294742017892,18,6581,53,2626,5118,2797,7914
294742029070,109,5221,97,8506,5119,2797,7915
294742040019,128,5656,162,15591,5120,2797,7916
294742051366,18,7485,74,2644,5120,2798,7917
294742062415,297,5303,59,2946,5121,2798,7918
294742073442,112,6765,53,2562,5122,2798,7919
294742084766,24,7200,93,2420,5122,2799,7920
294742095384,132,4916,106,8167,5123,2799,7921
294742107391,126,5257,65,2567,5124,2799,7922
294742118149,25,7678,122,2343,5124,2800,7923
294742128980,124,5719,147,14148,5125,2800,7924
294742140011,102,5751,58,2003,5126,2800,7925
294742151374,19,9276,48,1261,5126,2801,7926
294742162474,108,5501,307,33540,5127,2801,7927
294742173533,135,6305,66,4256,5128,2801,7928
294742184854,23,7351,59,2648,5128,2802,7929
294742195751,106,5458,92,7920,5129,2802,7930
294742206736,100,5986,158,15213,5130,2802,7931
294742217808,18,7369,56,2563,5130,2803,7932
294742229287,107,5529,187,8234,5131,2803,7933
294742240290,152,6056,60,2841,5132,2803,7934
294742251437,20,7815,56,2478,5132,2804,7935
294742262328,112,5245,216,15003,5133,2804,7936
294742273560,103,6466,99,8632,5134,2804,7937
294742284679,17,7331,56,2455,5134,2805,7938
294742295809,106,5423,162,15590,5135,2805,7939
294742306693,141,5527,108,8214,5136,2805,7940
294742317837,29,7237,72,2476,5136,2806,7941
294742328928,138,5289,160,15976,5137,2806,7942
294742339871,101,5908,117,8117,5138,2806,7943
294742351428,19,7908,66,2467,5138,2807,7944
294742362287,200,5759,57,2375,5139,2807,7945
294742373323,115,6086,62,3247,5140,2807,7946
294742384899,20,7427,47,1308,5140,2808,7947
294742395665,107,5955,351,35801,5141,2808,7948
294742407020,120,5503,85,5218,5142,2808,7949
294742418019,27,7672,64,2713,5142,2809,7950
294742429038,117,5530,48,2559,5143,2809,7951
294742440223,185,5611,104,7777,5144,2809,7952
294742451365,18,8002,58,2490,5144,2810,7953
294742462516,103,5666,151,14531,5145,2810,7954
294742473597,99,7399,124,8091,5146,2810,7955
294742484201,18,6623,54,2387,5146,2811,7956
294742495958,110,5451,51,2732,5147,2811,7957
294742506597,216,5471,152,14811,5148,2811,7958
294742517785,19,7619,55,2775,5148,2812,7959
294742528808,102,5114,103,8627,5149,2812,7960
294742539950,142,6072,167,15585,5150,2812,7961
294742551485,20,6952,56,2639,5150,2813,7962
294742562126,118,5466,99,8644,5151,2813,7963
294742573470,117,6456,227,15366,5152,2813,7964
294742584890,17,7873,58,2170,5152,2814,7965
294742596006,295,5640,44,2243,5153,2814,7966
294742606831,213,6056,55,1292,5154,2814,7967
294742617807,23,7404,46,1286,5154,2815,7968
294742629065,112,5749,423,35788,5155,2815,7969
294742640292,101,12786,76,4875,5156,2815,7970
294742664829,118,15769,199,15848,5157,2815,7971
294742692088,195,10591,151,7847,5158,2815,7972
294742703718,26,15760,64,2449,5158,2816,7973
294742731207,184,17441,67,2910,5159,2816,7974
294742760325,125,9114,161,14518,5160,2816,7975
294742771466,104,14544,110,8338,5161,2816,7976
294742797502,128,15216,271,13545,5162,2816,7977
294742824136,120,13334,58,1863,5163,2816,7978
294742849176,158,5035,419,33158,5164,2816,7979
294742860363,168,5354,128,10018,5165,2816,7980
294742871217,26,7948,60,2836,5165,2817,7981
294742882889,112,7246,68,3476,5166,2817,7982
294742893803,105,5119,52,2987,5167,2817,7983
294742904716,124,7776,158,14836,5168,2817,7984
294742915873,20,5480,62,2571,5168,2818,7985
294742926895,125,5234,58,2865,5169,2818,7986
294742937884,19,7334,56,2352,5169,2819,7987
294742948964,108,10912,122,7868,5170,2819,7988
294742971553,120,7157,67,2590,5171,2819,7989
294742982688,21,4701,46,2269,5171,2820,7990
294742994223,108,5909,50,2566,5172,2820,7991
294743004979,180,6860,174,14799,5173,2820,7992
294743016023,16,4940,81,2629,5173,2821,7993
294743026760,104,5410,45,2146,5174,2821,7994
294743038004,286,7724,333,33323,5175,2821,7995
294743049097,16,4885,79,4114,5175,2822,7996
294743060098,176,5223,179,2800,5176,2822,7997
294743071262,21,7851,80,2405,5176,2823,7998
294743082937,114,7334,98,7843,5177,2823,7999
294743093764,105,4977,158,15167,5178,2823,8000
294743104472,20,8395,69,2751,5178,2824,8001
294743115772,144,7465,117,9018,5179,2824,8002
294743127350,120,5417,161,15756,5180,2824,8003
294743138417,192,7286,153,8215,5181,2824,8004
294743149112,21,9231,59,2517,5181,2825,8005
294743160296,110,5039,155,15466,5182,2825,8006
294743171544,118,7303,57,3259,5183,2825,8007
294743182547,18,4804,50,2654,5183,2826,8008
294743193464,109,6030,99,8128,5184,2826,8009
294743204729,249,6997,164,15948,5185,2826,8010
294743215842,18,4947,112,2832,5185,2827,8011
294743227313,100,5553,123,8543,5186,2827,8012
294743238405,111,7195,77,5173,5187,2827,8013
294743249240,20,4722,41,1411,5187,2828,8014
294743260405,115,5451,385,36215,5188,2828,8015
294743271158,18,7698,125,4324,5188,2829,8016
294743282445,112,5434,104,8777,5189,2829,8017
294743293554,163,6507,257,14657,5190,2829,8018
294743305175,336,7075,57,3041,5191,2829,8019
294743316187,20,5633,110,2440,5191,2830,8020
294743327263,113,4942,93,7831,5192,2830,8021
294743338148,180,7300,101,2767,5193,2830,8022
294743349286,21,4938,50,2454,5193,2831,8023
294743360499,145,5397,54,2726,5194,2831,8024
294743371820,102,7167,165,15404,5195,2831,8025
294743382702,19,5000,52,2737,5195,2832,8026
294743393485,111,5550,104,8695,5196,2832,8027
294743404579,307,7171,160,15005,5197,2832,8028
294743416609,17,6378,58,2794,5197,2833,8029
294743427130,102,5251,46,2354,5198,2833,8030
294743438243,367,7230,358,35590,5199,2833,8031
294743449395,21,4803,75,4341,5199,2834,8032
294743460383,121,5367,221,16464,5200,2834,8033
294743471611,98,7412,107,8261,5201,2834,8034
294743482941,20,4662,60,2568,5201,2835,8035
294743493669,153,7032,67,2908,5202,2835,8036
294743504912,114,7381,281,15056,5203,2835,8037
294743516127,19,4826,66,2831,5203,2836,8038
294743526960,105,5247,133,8822,5204,2836,8039
294743538214,225,6981,165,15719,5205,2836,8040
294743549182,17,9286,58,2693,5205,2837,8041
294743560406,110,5519,59,2994,5206,2837,8042
294743571437,95,7401,51,2760,5207,2837,8043
294743582783,16,5127,49,2545,5207,2838,8044
294743593720,100,5554,101,8314,5208,2838,8045
294743605144,248,6626,60,2619,5209,2838,8046
294743615834,23,5107,72,2416,5209,2839,8047
294743627106,111,5792,212,16335,5210,2839,8048
294743638129,114,6724,220,8646,5211,2839,8049
294743649273,21,9383,60,2545,5211,2840,8050
294743660436,108,5518,85,6624,5212,2840,8051
294743671596,105,6979,75,4246,5213,2840,8052
294743682768,21,4683,43,1260,5213,2841,8053
294743693749,115,6531,393,37312,5214,2841,8054
294743705120,137,7522,175,17043,5215,2841,8055
294743716174,20,4839,55,2966,5215,2842,8056
294743726677,116,5319,102,8426,5216,2842,8057
294743738336,198,7595,65,2743,5217,2842,8058
294743749545,44,8937,73,2399,5217,2843,8059
294743760448,118,5175,156,14975,5218,2843,8060
294743771507,111,7711,120,8556,5219,2843,8061
294743782858,23,5007,57,2570,5219,2844,8062
294743793363,114,5149,161,15618,5220,2844,8063
294743805388,125,6485,59,3117,5221,2844,8064
294743815947,20,5228,52,2553,5221,2845,8065
294743826781,106,5923,52,2732,5222,2845,8066
294743838262,127,7004,109,8081,5223,2845,8067
294743849250,19,9274,69,2475,5223,2846,8068
294743860168,147,5256,57,2774,5224,2846,8069
294743871610,107,6991,161,14263,5225,2846,8070
294743882750,19,4713,38,1484,5225,2847,8071
294743893741,103,5417,51,1856,5226,2847,8072
294743904942,103,7744,352,33180,5227,2847,8073
294743916068,22,4686,67,4103,5227,2848,8074
294743926963,126,5207,59,2813,5228,2848,8075
294743938164,115,7539,102,7894,5229,2848,8076
294743949382,18,9270,70,2584,5229,2849,8077
294743960509,190,5225,180,15038,5230,2849,8078
294743971353,106,7925,115,8137,5231,2849,8079
294743982476,24,5127,58,2640,5231,2850,8080
294743993459,120,5265,54,3033,5232,2850,8081
294744004952,113,7341,162,15101,5233,2850,8082
294744016046,16,5315,57,2801,5233,2851,8083
294744026785,115,5100,100,8479,5234,2851,8084
294744038066,97,7746,167,15395,5235,2851,8085
294744049421,18,8411,57,2690,5235,2852,8086
294744060489,106,5514,103,8698,5236,2852,8087
294744074160,185,5154,169,15778,5237,2852,8088
294744082427,21,4511,58,2803,5237,2853,8089
294744093733,160,5432,135,7539,5238,2853,8090
294744105286,140,6753,82,5038,5239,2853,8091
294744115862,20,4820,42,1488,5239,2854,8092
294744126985,110,5136,359,35887,5240,2854,8093
294744138224,104,7326,144,5039,5241,2854,8094
294744149435,19,4469,47,2785,5241,2855,8095
294744160281,113,4965,221,15420,5242,2855,8096
294744171239,103,8286,170,3006,5243,2855,8097
294744182717,21,5262,53,2525,5243,2856,8098
294744193576,105,5443,93,7885,5244,2856,8099
294744204959,102,7268,160,15656,5245,2856,8100
294744215913,18,4804,47,2719,5245,2857,8101
294744227218,105,5110,100,8530,5246,2857,8102
294744238189,95,7507,56,2529,5247,2857,8103
294744249213,18,8243,56,2328,5247,2858,8104
294744260269,108,5393,157,15006,5248,2858,8105
294744271240,97,8687,49,2227,5249,2858,8106
294744282844,18,4237,39,1255,5249,2859,8107
294744293874,108,5831,313,34221,5250,2859,8108
294744305009,166,7362,115,9700,5251,2859,8109
294744315878,17,5060,109,2934,5251,2860,8110
294744327184,106,5591,69,4802,5252,2860,8111
294744338370,262,7277,328,33070,5253,2860,8112
294744349297,19,9629,84,4191,5253,2861,8113
294744360314,129,5015,116,9638,5254,2861,8114
294744371448,99,7685,156,14771,5255,2861,8115
294744382745,18,4453,52,2660,5255,2862,8116
294744393825,102,5535,104,8252,5256,2862,8117
294744405039,120,7410,208,15566,5257,2862,8118
294744415691,19,4874,46,2699,5257,2863,8119
294744426805,106,5149,52,3007,5258,2863,8120
294744438059,93,7976,99,7980,5259,2863,8121
294744449014,17,8573,54,2367,5259,2864,8122
294744460285,101,5366,176,15814,5260,2864,8123
294744471167,105,8031,100,8089,5261,2864,8124
294744482394,23,4995,47,2444,5261,2865,8125
294744494008,104,5809,51,2751,5262,2865,8126
294744504776,441,7133,156,14659,5263,2865,8127
294744515880,18,4745,41,2001,5263,2866,8128
294744527119,103,5512,49,2382,5264,2866,8129
294744538306,190,7638,333,33463,5265,2866,8130
294744549161,22,4778,65,4134,5265,2867,8131
294744560307,121,5218,61,2834,5266,2867,8132
294744571527,102,7675,102,7884,5267,2867,8133
294744582659,23,4649,64,2569,5267,2868,8134
294744593871,111,5344,158,15024,5268,2868,8135
294744604927,215,7400,117,8341,5269,2868,8136
294744616480,25,7381,76,2560,5269,2869,8137
294744627278,115,4967,158,14983,5270,2869,8138
294744637807,111,8220,111,8730,5271,2869,8139
294744649420,20,8620,53,2405,5271,2870,8140
294744660531,107,4971,269,15498,5272,2870,8141
294744671438,520,7433,77,3076,5273,2870,8142
294744682612,31,4710,67,2583,5273,2871,8143
294744693967,282,5401,113,7986,5274,2871,8144
294744704849,254,7658,202,15806,5275,2871,8145
294744716018,20,5245,48,2651,5275,2872,8146
294744726657,104,5611,103,8386,5276,2872,8147
294744737771,150,7736,58,1976,5277,2872,8148
294744749385,24,4771,41,1468,5277,2873,8149
294744760670,173,5639,112,5434,5278,2873,8150
294744771382,145,8032,404,35749,5279,2873,8151
294744782383,18,4859,71,4278,5279,2874,8152
294744793758,119,6494,162,15626,5280,2874,8153
294744804908,106,7739,59,3143,5281,2874,8154
294744815961,17,4702,46,2502,5281,2875,8155
294744827255,102,5434,96,7841,5282,2875,8156
294744838320,113,7750,163,15748,5283,2875,8157
294744849217,19,5139,67,2653,5283,2876,8158
294744860342,133,5326,165,9660,5284,2876,8159
294744871433,99,7842,163,15275,5285,2876,8160
294744882748,19,4729,52,2662,5285,2877,8161
294744893708,105,5334,100,8513,5286,2877,8162
294744904841,113,7406,167,15921,5287,2877,8163
294744915872,18,5034,49,2614,5287,2878,8164
294744926802,97,5550,57,2884,5288,2878,8165
294744937854,112,7509,98,7763,5289,2878,8166
294744949344,17,8641,56,2547,5289,2879,8167
294744960374,107,5745,159,15793,5290,2879,8168
294744971825,160,7072,96,7739,5291,2879,8169
294744982639,20,5426,53,1915,5291,2880,8170
294744993733,112,6619,73,5432,5292,2880,8171
294745005069,144,7510,362,35858,5293,2880,8172
294745015864,19,4888,61,4255,5293,2881,8173
294745027151,105,5294,130,8617,5294,2881,8174
294745038359,97,7376,170,14424,5295,2881,8175
294745049364,17,8774,60,2748,5295,2882,8176
294745060498,106,5298,49,2934,5296,2882,8177
294745071667,99,7808,150,7941,5297,2882,8178
294745082869,17,6741,51,2374,5297,2883,8179
294745093807,99,5300,48,2803,5298,2883,8180
294745104513,17,8219,69,2327,5298,2884,8181
294745115754,137,5546,53,2581,5299,2884,8182
294745126825,101,5742,164,15594,5300,2884,8183
294745138302,97,7188,104,8412,5301,2884,8184
294745149467,18,8540,54,2446,5301,2885,8185
294745160624,109,5673,157,15504,5302,2885,8186
294745171817,104,7079,52,2807,5303,2885,8187
294745182442,16,4834,210,1992,5303,2886,8188
294745193669,119,5686,53,2314,5304,2886,8189
294745205342,153,7266,328,33138,5305,2886,8190
294745216177,24,4803,121,4179,5305,2887,8191
294745227334,115,5505,102,8526,5306,2887,8192
294745238302,109,7667,54,2691,5307,2887,8193
294745249317,17,8832,56,2368,5307,2888,8194
294745260221,103,4986,148,14397,5308,2888,8195
294745271531,161,7811,185,8175,5309,2888,8196
294745282704,17,4918,46,2329,5309,2889,8197
294745293895,100,5481,153,15222,5310,2889,8198
294745305007,183,7330,59,2965,5311,2889,8199
294745316102,23,5221,51,2459,5311,2890,8200
294745327121,96,5610,51,2543,5312,2890,8201
294745338087,97,7548,93,7969,5313,2890,8202
294745349363,19,9292,67,2461,5313,2891,8203
294745360412,135,6035,55,2776,5314,2891,8204
294745371608,114,7238,163,15399,5315,2891,8205
294745382415,18,4810,48,2706,5315,2892,8206
294745393560,104,5524,44,2068,5316,2892,8207
294745404622,651,7441,327,33343,5317,2892,8208
294745415827,21,4850,63,4074,5317,2893,8209
294745426979,117,5291,55,2798,5318,2893,8210
294745438098,97,7756,96,7878,5319,2893,8211
294745449291,17,4628,48,2527,5319,2894,8212
294745460608,122,5788,156,15019,5320,2894,8213
294745471485,223,7866,108,8144,5321,2894,8214
294745482501,18,4760,50,2654,5321,2895,8215
294745493721,106,5589,51,3031,5322,2895,8216
294745504901,374,7641,164,15138,5323,2895,8217
294745515934,18,6534,52,2770,5323,2896,8218
294745527014,102,5269,99,8572,5324,2896,8219
294745538148,95,7551,162,15603,5325,2896,8220
294745549195,17,4982,61,2588,5325,2897,8221
294745560280,99,5329,48,2876,5326,2897,8222
294745571823,96,7087,54,2464,5327,2897,8223
294745582864,17,5159,47,2386,5327,2898,8224
294745593643,94,5800,133,8130,5328,2898,8225
294745605205,227,7569,66,2715,5329,2898,8226
294745615705,24,4860,48,2477,5329,2899,8227
294745627247,122,5610,160,15571,5330,2899,8228
294745638312,153,15520,52,2305,5331,2899,8229
294745666196,118,14384,318,33684,5332,2899,8230
294745692215,112,10284,122,10347,5333,2899,8231
294745703385,19,16081,63,2694,5333,2900,8232
294745731015,125,17062,58,2895,5334,2900,8233
294745759889,152,9432,154,14469,5335,2900,8234
294745770516,44,15410,67,2545,5335,2901,8235
294745797355,177,15195,62,2840,5336,2901,8236
294745824237,131,11827,62,2695,5337,2901,8237
294745847587,120,5418,97,7967,5338,2901,8238
294745858541,180,5404,64,2736,5339,2901,8239
294745870127,47,8575,57,2474,5339,2902,8240
294745881316,108,4921,157,15708,5340,2902,8241
294745891817,104,5400,105,8510,5341,2902,8242
294745903989,38,7778,55,2478,5341,2903,8243
294745914282,107,5402,157,14738,5342,2903,8244
294745925234,108,5217,43,1895,5343,2903,8245
294745936286,19,7487,47,1358,5343,2904,8246
294745947851,123,4967,353,35650,5344,2904,8247
294745958618,118,5333,269,17791,5345,2904,8248
294745969868,24,8934,92,3204,5345,2905,8249
294745981162,139,6020,109,8416,5346,2905,8250
294745992141,128,5254,62,2691,5347,2905,8251
294746002945,21,7407,118,2414,5347,2906,8252
294746014472,122,5506,160,15081,5348,2906,8253
294746025553,119,5027,103,8378,5349,2906,8254
294746036207,23,7359,113,2478,5349,2907,8255
294746047799,122,10907,196,15437,5350,2907,8256
294746070071,132,8444,63,3252,5351,2907,8257
294746081513,107,4999,93,2702,5352,2907,8258
294746092341,107,6986,105,8185,5353,2907,8259
294746103592,20,8722,100,2497,5353,2908,8260
294746115187,170,5258,56,2453,5354,2908,8261
294746126076,105,5201,254,21837,5355,2908,8262
294746137427,19,8038,78,2341,5355,2909,8263
294746148201,107,5170,48,2852,5356,2909,8264
294746159041,109,5241,160,15253,5357,2909,8265
294746170114,18,8667,68,2550,5357,2910,8266
294746181629,175,5643,77,2805,5358,2910,8267
294746192588,129,5309,194,7742,5359,2910,8268
294746204134,24,7777,81,2141,5359,2911,8269
294746214931,164,5780,251,15528,5360,2911,8270
294746225935,136,5084,103,8165,5361,2911,8271
294746236762,20,8077,56,2223,5361,2912,8272
294746248225,120,5281,48,2492,5362,2912,8273
294746259128,247,5632,235,15137,5363,2912,8274
294746270720,30,7484,58,2545,5363,2913,8275
294746281556,113,5549,122,8301,5364,2913,8276
294746292308,107,5429,201,13416,5365,2913,8277
294746303616,25,8337,58,2457,5365,2914,8278
294746314802,116,5091,93,7518,5366,2914,8279
294746325675,117,5075,74,5578,5367,2914,8280
294746337373,18,7861,45,1413,5367,2915,8281
294746348071,112,5037,377,33164,5368,2915,8282
294746359276,147,5652,138,10100,5369,2915,8283
294746370521,21,8218,58,2782,5369,2916,8284
294746381591,108,5541,143,14054,5370,2916,8285
294746392998,120,5210,109,8214,5371,2916,8286
294746403507,20,8150,71,2414,5371,2917,8287
294746414979,130,5843,175,15098,5372,2917,8288
294746426030,109,5226,54,2791,5373,2917,8289
294746437136,19,7990,61,2393,5373,2918,8290
294746448028,107,9656,102,7778,5374,2918,8291
294746459633,123,5420,163,15658,5375,2918,8292
294746470259,19,7789,66,2849,5375,2919,8293
294746481444,126,5257,100,8374,5376,2919,8294
294746492534,111,5272,53,2523,5377,2919,8295
294746503925,20,7568,54,2298,5377,2920,8296
294746514916,104,5462,157,14972,5378,2920,8297
294746526161,101,5683,110,8355,5379,2920,8298
294746536829,18,8758,55,2334,5379,2921,8299
294746547982,104,5202,231,24446,5380,2921,8300
294746559287,101,5182,110,3755,5381,2921,8301
294746570341,21,8702,61,2789,5381,2922,8302
294746581509,114,5928,102,8148,5382,2922,8303
294746592667,104,5188,159,15885,5383,2922,8304
294746603540,17,9681,70,3014,5383,2923,8305
294746615164,146,5266,114,9238,5384,2923,8306
294746625962,201,5372,211,15888,5385,2923,8307
294746637340,20,7635,59,2891,5385,2924,8308
294746648283,99,9446,137,8691,5386,2924,8309
294746658987,102,5643,157,15937,5387,2924,8310
294746670314,18,7667,57,3016,5387,2925,8311
294746681751,109,5055,52,3263,5388,2925,8312
294746692276,110,5657,94,7721,5389,2925,8313
294746704149,18,7623,47,1894,5389,2926,8314
294746714900,138,5241,70,5149,5390,2926,8315
294746725966,100,5179,356,35643,5391,2926,8316
294746737363,18,7999,72,4247,5391,2927,8317
294746747865,102,10138,59,2988,5392,2927,8318
294746758903,101,5084,176,15043,5393,2927,8319
294746770312,20,8482,57,2661,5393,2928,8320
294746781244,113,5903,99,8221,5394,2928,8321
294746792321,104,5306,158,15549,5395,2928,8322
294746803555,17,8095,59,2723,5395,2929,8323
294746814805,163,5526,52,2981,5396,2929,8324
294746825706,104,5031,92,7795,5397,2929,8325
294746836943,18,8028,55,2389,5397,2930,8326
294746848289,101,9863,70,2772,5398,2930,8327
294746859373,144,5644,57,2489,5399,2930,8328
294746870393,20,7756,55,2304,5399,2931,8329
294746881548,119,5559,248,15549,5400,2931,8330
294746892344,100,5748,99,8391,5401,2931,8331
294746903495,18,7940,134,2397,5401,2932,8332
294746914546,108,5345,437,15361,5402,2932,8333
294746925651,108,5753,45,2248,5403,2932,8334
294746936918,17,8119,46,1508,5403,2933,8335
294746948058,105,4913,39,1560,5404,2933,8336
294746959208,101,5537,334,32946,5405,2933,8337
294746970612,19,8116,103,4104,5405,2934,8338
294746981475,101,4940,97,8516,5406,2934,8339
294746992750,115,5458,59,2862,5407,2934,8340
294747004025,18,8064,57,2483,5407,2935,8341
294747014666,104,5759,150,14249,5408,2935,8342
294747026224,106,5128,99,8274,5409,2935,8343
294747036984,281,7831,52,2318,5409,2936,8344
294747048192,101,9378,162,15230,5410,2936,8345
294747059187,108,5580,54,2917,5411,2936,8346
294747070549,19,7697,52,2519,5411,2937,8347
294747081425,103,5739,50,2619,5412,2937,8348
294747092712,103,5880,94,7765,5413,2937,8349
294747103969,19,8455,67,2380,5413,2938,8350
294747114958,138,5342,50,2759,5414,2938,8351
294747125907,108,5141,145,13748,5415,2938,8352
294747137062,18,8094,50,1632,5415,2939,8353
294747148095,109,9698,50,1803,5416,2939,8354
294747159202,102,5390,414,33447,5417,2939,8355
294747170865,19,8006,63,4138,5417,2940,8356
294747181390,92,5040,59,2789,5418,2940,8357
294747192763,107,5361,101,7867,5419,2940,8358
294747203994,18,8054,56,2551,5419,2941,8359
294747214886,108,5921,161,14996,5420,2941,8360
294747226037,103,5034,99,8065,5421,2941,8361
294747236741,18,7927,64,2491,5421,2942,8362
294747248065,124,9753,61,2864,5422,2942,8363
294747259252,112,5014,158,14952,5423,2942,8364
294747270040,20,7996,60,2671,5423,2943,8365
294747281512,117,5645,104,8426,5424,2943,8366
294747292737,108,5881,164,15716,5425,2943,8367
294747303727,20,8125,60,2561,5425,2944,8368
294747314729,108,5390,98,8531,5426,2944,8369
294747325732,98,5553,163,15701,5427,2944,8370
294747337168,19,7685,53,2823,5427,2945,8371
294747348346,104,10075,117,8213,5428,2945,8372
294747359335,168,5415,77,5256,5429,2945,8373
294747370380,18,8143,48,1472,5429,2946,8374
294747381563,112,5103,50,1440,5430,2946,8375
294747392384,102,7711,354,36106,5431,2946,8376
294747404088,36,8318,75,4344,5431,2947,8377
294747414720,107,5372,63,3790,5432,2947,8378
294747425990,108,4882,54,2644,5433,2947,8379
294747437279,16,8142,53,2371,5433,2948,8380
294747448186,98,9590,112,7892,5434,2948,8381
294747459331,128,5372,150,14777,5435,2948,8382
294747470624,22,7656,57,2680,5435,2949,8383
294747481389,114,5421,101,8376,5436,2949,8384
294747492438,109,5036,51,2786,5437,2949,8385
294747503935,21,7601,54,2442,5437,2950,8386
294747514850,137,5598,153,14984,5438,2950,8387
294747526022,97,5603,101,8483,5439,2950,8388
294747537302,17,7287,49,2546,5439,2951,8389
294747548019,94,9374,251,15567,5440,2951,8390
294747559413,96,5629,91,7908,5441,2951,8391
294747570571,17,7229,48,2476,5441,2952,8392
294747581610,100,5057,157,15823,5442,2952,8393
294747592605,94,7668,93,7957,5443,2952,8394
294747604070,16,7958,60,1933,5443,2953,8395
294747614589,223,5099,74,5461,5444,2953,8396
294747625694,110,5427,357,35823,5445,2953,8397
294747636881,18,8334,69,4204,5445,2954,8398
294747647940,93,5559,53,3385,5446,2954,8399
294747658984,100,5493,177,15540,5447,2954,8400
294747670454,21,7600,55,2749,5447,2955,8401
294747681384,104,5873,54,2858,5448,2955,8402
294747692319,98,5167,90,7710,5449,2955,8403
294747703465,19,8149,51,2366,5449,2956,8404
294747714522,148,5579,157,15519,5450,2956,8405
294747725853,102,5638,130,8125,5451,2956,8406
294747736891,17,8005,79,2599,5451,2957,8407
294747748076,100,8758,54,3043,5452,2957,8408
294747759371,97,5734,154,15164,5453,2957,8409
294747770257,16,7359,52,2584,5453,2958,8410
294747781478,98,5218,99,8529,5454,2958,8411
294747792685,96,5452,142,13576,5455,2958,8412
294747803914,17,7501,50,2477,5455,2959,8413
294747814831,178,5463,81,6849,5456,2959,8414
294747826025,102,5644,74,5499,5457,2959,8415
294747836945,118,8133,41,1391,5457,2960,8416
294747848039,98,5180,348,33208,5458,2960,8417
294747859124,173,5380,125,9296,5459,2960,8418
294747870245,32,8715,71,2057,5459,2961,8419
294747881397,178,5045,232,21716,5460,2961,8420
294747892434,156,4812,85,5654,5461,2961,8421
294747903634,22,8842,57,1417,5461,2962,8422
294747914819,132,7713,338,33406,5462,2962,8423
294747925933,109,5132,68,4275,5463,2962,8424
294747937187,17,7929,56,2637,5463,2963,8425
294747947976,106,9594,104,7743,5464,2963,8426
294747959037,104,5230,157,15085,5465,2963,8427
294747970201,17,7731,57,2605,5465,2964,8428
294747981262,112,5527,98,8175,5466,2964,8429
294747993071,120,5438,52,2604,5467,2964,8430
294748003876,19,7740,54,2284,5467,2965,8431
294748014844,118,5611,148,14875,5468,2965,8432
294748026286,107,5742,104,8496,5469,2965,8433
294748037225,18,16078,55,2432,5469,2966,8434
294748064663,145,14719,93,6574,5470,2966,8435
294748090865,115,14444,62,1501,5471,2966,8436
294748116927,136,14915,440,35891,5472,2966,8437
294748143767,130,8991,75,5064,5473,2966,8438
294748154663,256,14640,217,15918,5474,2966,8439
294748180785,120,15192,73,3030,5475,2966,8440
294748207524,123,11552,59,2647,5476,2966,8441
294748230582,112,14976,112,8044,5477,2966,8442
294748257162,119,5191,154,14406,5478,2966,8443
294748268368,19,9168,81,2718,5478,2967,8444
294748279622,105,4980,104,8531,5479,2967,8445
294748290683,149,6632,76,4569,5480,2967,8446
294748301605,20,7419,46,1393,5480,2968,8447
294748312858,114,5781,316,34461,5481,2968,8448
294748323909,103,5078,111,9732,5482,2968,8449
294748334885,21,7614,60,2839,5482,2969,8450
294748346007,108,5700,155,15248,5483,2969,8451
294748357418,136,5409,113,8109,5484,2969,8452
294748368130,21,10552,56,2514,5484,2970,8453
294748379512,106,5190,186,14651,5485,2970,8454
294748390452,110,7114,114,8196,5486,2970,8455
294748401748,19,7469,67,2340,5486,2971,8456
294748412775,156,5781,166,15085,5487,2971,8457
294748423574,194,5330,56,3023,5488,2971,8458
294748434576,20,6960,56,2401,5488,2972,8459
294748446349,104,5574,91,7487,5489,2972,8460
294748457315,98,5332,230,15565,5490,2972,8461
294748468340,20,9411,59,2388,5490,2973,8462
294748479535,119,5203,96,8147,5491,2973,8463
294748490600,134,5513,62,2775,5492,2973,8464
294748501670,20,7409,55,2404,5492,2974,8465
294748512568,139,4838,159,14911,5493,2974,8466
294748523633,103,5217,47,2215,5494,2974,8467
294748534888,19,7488,50,1249,5494,2975,8468
294748546333,116,5841,312,33610,5495,2975,8469
294748556924,98,5520,66,4261,5496,2975,8470
294748568070,23,10405,126,2677,5496,2976,8471
294748579680,134,5499,40,1798,5497,2976,8472
294748590382,98,6704,329,33057,5498,2976,8473
294748601497,17,7720,81,4104,5498,2977,8474
294748612703,138,5463,109,8841,5499,2977,8475
294748623605,157,5712,290,15774,5500,2977,8476
294748635010,17,7116,58,2619,5500,2978,8477
294748645934,101,5762,97,8338,5501,2978,8478
294748657203,98,5368,159,15478,5502,2978,8479
294748668365,22,9534,57,2691,5502,2979,8480
294748679211,101,5275,51,2956,5503,2979,8481
294748690338,136,6481,100,8060,5504,2979,8482
294748701615,24,7294,57,2338,5504,2980,8483
294748713068,119,5407,163,15709,5505,2980,8484
294748723628,107,5006,92,7343,5506,2980,8485
294748734867,19,7669,74,1485,5506,2981,8486
294748746290,116,5608,309,32492,5507,2981,8487
294748757108,98,5243,174,16683,5508,2981,8488
294748768380,23,7346,57,3204,5508,2982,8489
294748779307,104,5401,101,8643,5509,2982,8490
294748790294,104,6660,159,15585,5510,2982,8491
294748801636,17,7333,59,2724,5510,2983,8492
294748812523,111,5529,53,2977,5511,2983,8493
294748823549,239,5470,94,7837,5512,2983,8494
294748834717,18,7579,56,2447,5512,2984,8495
294748846185,104,5445,159,15787,5513,2984,8496
294748856971,130,5485,105,7650,5514,2984,8497
294748868126,20,9685,56,2461,5514,2985,8498
294748879634,109,5193,247,15510,5515,2985,8499
294748890591,110,6124,98,8597,5516,2985,8500
294748901737,22,7416,63,2467,5516,2986,8501
294748912715,115,5178,160,15602,5517,2986,8502
294748923597,208,4796,63,3080,5518,2986,8503
294748935230,23,7256,60,2509,5518,2987,8504
294748945845,120,5142,82,6849,5519,2987,8505
294748956934,109,5273,394,5368,5520,2987,8506
294748968127,21,8744,49,1367,5520,2988,8507
294748979578,121,6064,330,35560,5521,2988,8508
294748990278,107,6466,68,4093,5522,2988,8509
294749001557,20,7524,44,1235,5522,2989,8510
294749012518,109,5609,336,35490,5523,2989,8511
294749023606,123,5156,118,9905,5524,2989,8512
294749034796,24,7283,59,2731,5524,2990,8513
294749046129,110,5511,144,14099,5525,2990,8514
294749057302,94,5136,58,2937,5526,2990,8515
294749068533,18,8312,52,2383,5526,2991,8516
294749079345,100,5501,91,7725,5527,2991,8517
294749090333,144,6566,64,2736,5528,2991,8518
294749101581,43,6849,68,2393,5528,2992,8519
294749112642,293,5182,86,4989,5529,2992,8520
294749123567,159,5212,378,35841,5530,2992,8521
294749134918,23,7430,75,4318,5530,2993,8522
294749145936,120,5251,99,8593,5531,2993,8523
294749157155,109,5571,157,14373,5532,2993,8524
294749168190,18,7214,69,2723,5532,2994,8525
294749180028,129,5111,56,2918,5533,2994,8526
294749190323,110,4949,48,2026,5534,2994,8527
294749201666,20,7453,50,1252,5534,2995,8528
294749212737,109,5942,310,32966,5535,2995,8529
294749223700,106,5179,117,10053,5536,2995,8530
294749234554,20,7796,55,2769,5536,2996,8531
294749246662,105,10502,59,2836,5537,2996,8532
294749268438,112,9558,158,14464,5538,2996,8533
294749280061,100,5155,123,8334,5539,2996,8534
294749291113,168,5836,161,15666,5540,2996,8535
294749302020,18,7369,61,2673,5540,2997,8536
294749313444,114,5629,66,3030,5541,2997,8537
294749324188,101,5566,99,7846,5542,2997,8538
294749335609,21,6991,53,2481,5542,2998,8539
294749346757,104,10287,69,2841,5543,2998,8540
294749357859,134,5962,56,3112,5544,2998,8541
294749368748,19,7436,53,2331,5544,2999,8542
294749379715,106,4987,162,15016,5545,2999,8543
294749391135,166,5197,103,8176,5546,2999,8544
294749401920,19,7219,104,1834,5546,3000,8545
294749413322,168,5181,89,6949,5547,3000,8546
294749424523,141,5008,396,34456,5548,3000,8547
294749435185,20,7638,67,4254,5548,3001,8548
294749446781,114,5417,101,8325,5549,3001,8549
294749457686,103,4937,161,15383,5550,3001,8550
294749468706,19,7465,113,2773,5550,3002,8551
294749479919,132,5150,101,8358,5551,3002,8552
294749490845,160,5888,53,2742,5552,3002,8553
294749502344,35,7001,58,2408,5552,3003,8554
294749513270,119,5547,155,14976,5553,3003,8555
294749524430,109,5537,113,8687,5554,3003,8556
294749535755,20,7043,59,2469,5554,3004,8557
294749546984,112,9520,165,15467,5555,3004,8558
294749557452,103,5472,99,8171,5556,3004,8559
294749568624,18,7097,50,2482,5556,3005,8560
294749580012,112,4947,163,16091,5557,3005,8561
294749590873,106,8130,102,8317,5558,3005,8562
294749602578,22,8835,67,2579,5558,3006,8563
294749613578,222,5109,87,5047,5559,3006,8564
294749624599,115,5381,46,1393,5560,3006,8565
294749635586,19,7617,46,1362,5560,3007,8566
294749646787,101,9236,343,35886,5561,3007,8567
294749657797,99,5380,70,5268,5562,3007,8568
294749668838,19,7672,68,2750,5562,3008,8569
294749679703,176,5189,56,2643,5563,3008,8570
294749690633,110,5698,94,7671,5564,3008,8571
294749701945,18,7411,59,2519,5564,3009,8572
294749713469,116,5560,150,14491,5565,3009,8573
294749724595,102,5840,141,8104,5566,3009,8574
294749735297,19,6806,50,2512,5566,3010,8575
294749746719,102,5263,50,2882,5567,3010,8576
294749757342,96,5872,198,14953,5568,3010,8577
294749769094,17,7444,95,2649,5568,3011,8578
294749779831,97,5163,94,8464,5569,3011,8579
294749790772,102,5122,141,13596,5570,3011,8580
294749801895,17,7049,53,2741,5570,3012,8581
294749813702,108,5263,90,7526,5571,3012,8582
294749824072,154,4826,213,5524,5572,3012,8583
294749835623,18,7254,41,1368,5572,3013,8584
294749846720,94,9504,496,33095,5573,3013,8585
294749857750,135,5126,111,10126,5574,3013,8586
294749868399,18,7757,58,2844,5574,3014,8587
294749879747,106,5405,59,3589,5575,3014,8588
294749891088,102,5342,98,2995,5576,3014,8589
294749902445,18,7363,55,2454,5576,3015,8590
294749913148,98,5528,150,14650,5577,3015,8591
294749924524,216,5375,60,2927,5578,3015,8592
294749935828,24,7458,61,2501,5578,3016,8593
294749946568,117,5445,94,7889,5579,3016,8594
294749957767,103,5468,165,15729,5580,3016,8595
294749968902,20,6710,58,2521,5580,3017,8596
294749979884,115,5019,101,8301,5581,3017,8597
294749990753,105,8062,54,2718,5582,3017,8598
294750001990,17,7294,54,2443,5582,3018,8599
294750013247,108,5258,153,14915,5583,3018,8600
294750024187,105,5474,112,2333,5584,3018,8601
294750035541,23,6952,43,1261,5584,3019,8602
294750046462,109,5279,311,33614,5585,3019,8603
294750057639,97,4914,62,4255,5586,3019,8604
294750068820,17,9758,61,2683,5586,3020,8605
294750079917,103,5941,90,8004,5587,3020,8606
294750090991,99,5775,154,15245,5588,3020,8607
294750102088,17,7951,70,2766,5588,3021,8608
294750113417,139,5500,170,8481,5589,3021,8609
294750124165,104,5112,157,15235,5590,3021,8610
294750135785,28,7434,62,2471,5590,3022,8611
294750146786,122,7126,103,8473,5591,3022,8612
294750157489,103,6017,160,15441,5592,3022,8613
294750168814,19,7049,58,2753,5592,3023,8614
294750180022,106,5037,55,2972,5593,3023,8615
294750190793,115,5477,98,7906,5594,3023,8616
294750202083,21,7630,56,2422,5594,3024,8617
294750213108,108,5206,171,15851,5595,3024,8618
294750224366,123,5333,110,8523,5596,3024,8619
294750235179,20,6770,53,2388,5596,3025,8620
294750246340,114,5004,107,5128,5597,3025,8621
294750257771,98,5515,42,1395,5598,3025,8622
294750268920,19,7291,45,1338,5598,3026,8623
294750279674,115,5952,325,35814,5599,3026,8624
294750291138,97,5433,91,6632,5600,3026,8625
294750301945,17,7429,42,1281,5600,3027,8626
294750313299,99,5533,325,34415,5601,3027,8627
294750324012,100,4914,116,9590,5602,3027,8628
294750335704,18,7349,64,2816,5602,3028,8629
294750346821,120,7500,161,15263,5603,3028,8630
294750357443,150,5675,96,7548,5604,3028,8631
294750368766,19,7101,60,2674,5604,3029,8632
294750380203,105,5693,166,15518,5605,3029,8633
294750391166,127,5359,108,8568,5606,3029,8634
294750401854,17,7121,73,2437,5606,3030,8635
294750413495,131,5119,160,15288,5607,3030,8636
294750424069,103,5230,59,3193,5608,3030,8637
294750435063,24,7261,55,2566,5608,3031,8638
294750446842,124,5071,98,7880,5609,3031,8639
294750457471,104,5574,164,15788,5610,3031,8640
294750469002,19,7023,61,2878,5610,3032,8641
294750479868,106,4858,91,1850,5611,3032,8642
294750490952,98,4977,336,35600,5612,3032,8643
294750502016,17,7466,72,4324,5612,3033,8644
294750513241,118,5764,158,15352,5613,3033,8645
294750524136,100,4850,99,8469,5614,3033,8646
294750535766,19,7486,55,2532,5614,3034,8647
294750546690,123,6062,159,15524,5615,3034,8648
294750557737,97,5060,55,3104,5616,3034,8649
294750568649,18,9840,58,2650,5616,3035,8650
294750579826,100,5139,153,8228,5617,3035,8651
294750590774,110,5429,217,15935,5618,3035,8652
294750601860,17,7602,79,2730,5618,3036,8653
294750613151,131,5663,162,9078,5619,3036,8654
294750624432,104,5455,159,16045,5620,3036,8655
294750635424,19,14288,59,2749,5620,3037,8656
294750661508,131,8236,58,3039,5621,3037,8657
294750672154,98,13681,58,2875,5622,3037,8658
294750697216,108,14684,177,7735,5623,3037,8659
294750723682,117,11829,61,2857,5624,3037,8660
294750747066,110,15667,60,2554,5625,3037,8661
294750774808,125,10780,92,2904,5626,3037,8662
294750797267,112,16315,176,15534,5627,3037,8663
294750824921,204,10111,102,7870,5628,3037,8664
294750836583,18,12264,61,2501,5628,3038,8665
294750860472,144,5134,80,5323,5629,3038,8666
294750871789,113,6718,177,15768,5630,3038,8667
294750882597,23,4834,54,2794,5630,3039,8668
294750893924,100,5717,103,8567,5631,3039,8669
294750905280,105,6784,72,4587,5632,3039,8670
294750916147,18,4862,46,1393,5632,3040,8671
294750927364,102,7392,346,34486,5633,3040,8672
294750938426,207,7153,112,9837,5634,3040,8673
294750949568,18,4556,51,2900,5634,3041,8674
294750960608,102,5281,155,15330,5635,3041,8675
294750971675,98,6906,100,8264,5636,3041,8676
294750982841,23,4548,49,2451,5636,3042,8677
294750993939,98,5085,54,2736,5637,3042,8678
294751004892,126,7265,156,15092,5638,3042,8679
294751015702,18,6780,58,2681,5638,3043,8680
294751027485,107,7956,100,8498,5639,3043,8681
294751038374,155,7187,169,15716,5640,3043,8682
294751049287,17,4925,105,2854,5640,3044,8683
294751060050,98,5560,51,3238,5641,3044,8684
294751071315,104,7072,55,2753,5642,3044,8685
294751082916,22,6701,56,2506,5642,3045,8686
294751093960,104,5872,100,8361,5643,3045,8687
294751105506,255,6120,61,2659,5644,3045,8688
294751116114,26,6612,59,2408,5644,3046,8689
294751127144,109,7613,76,5661,5645,3046,8690
294751137898,96,7311,49,1401,5646,3046,8691
294751149290,19,4559,39,1357,5646,3047,8692
294751160507,108,5387,315,33730,5647,3047,8693
294751171475,109,7248,78,4346,5648,3047,8694
294751182779,20,4488,55,2676,5648,3048,8695
294751193825,117,5453,99,7792,5649,3048,8696
294751204987,120,7126,158,15056,5650,3048,8697
294751216060,19,4661,51,2705,5650,3049,8698
294751227150,110,7616,159,8220,5651,3049,8699
294751238257,107,7732,56,2652,5652,3049,8700
294751249311,18,7242,96,2341,5652,3050,8701
294751260504,98,5072,190,14899,5653,3050,8702
294751271552,112,6946,102,8675,5654,3050,8703
294751282733,17,4608,48,2477,5654,3051,8704
294751293523,103,5044,158,15196,5655,3051,8705
294751304612,391,7336,57,3078,5656,3051,8706
294751315753,18,4975,48,2535,5656,3052,8707
294751326912,107,7509,48,2707,5657,3052,8708
294751338079,105,6874,188,8177,5658,3052,8709
294751349340,17,6569,60,2504,5658,3053,8710
294751360224,152,5815,58,2825,5659,3053,8711
294751371823,113,6438,155,14295,5660,3053,8712
294751382833,20,4830,49,1683,5660,3054,8713
294751393491,120,5551,48,1922,5661,3054,8714
294751405145,169,6873,368,33342,5662,3054,8715
294751416148,24,7247,231,4125,5662,3055,8716
294751427184,120,8054,55,2801,5663,3055,8717
294751438125,207,7315,101,7924,5664,3055,8718
294751449106,20,4580,52,2544,5664,3056,8719
294751460274,116,5550,169,15034,5665,3056,8720
294751471407,207,7091,104,8096,5666,3056,8721
294751482560,18,4651,50,2479,5666,3057,8722
294751493998,106,5266,52,2812,5667,3057,8723
294751505055,103,6603,216,14957,5668,3057,8724
294751516008,19,4977,50,2709,5668,3058,8725
294751526837,172,7516,96,8503,5669,3058,8726
294751538315,95,6550,158,15688,5670,3058,8727
294751549392,15,7017,50,2619,5670,3059,8728
294751560115,105,5612,101,8703,5671,3059,8729
294751571584,93,6154,157,15728,5672,3059,8730
294751582658,18,4482,58,2695,5672,3060,8731
294751594217,105,5581,43,1916,5673,3060,8732
294751605323,146,6377,337,35530,5674,3060,8733
294751615921,27,5117,70,4269,5674,3061,8734
294751627111,132,7483,63,3661,5675,3061,8735
294751638103,116,7001,63,2988,5676,3061,8736
294751649193,22,4666,51,2373,5676,3062,8737
294751660377,185,5054,171,15364,5677,3062,8738
294751671405,110,6633,56,3004,5678,3062,8739
294751682727,18,4838,52,2420,5678,3063,8740
294751693906,131,5199,92,7778,5679,3063,8741
294751705211,113,6266,161,15704,5680,3063,8742
294751715828,17,4905,58,2792,5680,3064,8743
294751726917,100,7389,99,8545,5681,3064,8744
294751737897,99,6751,52,2780,5682,3064,8745
294751749449,16,7034,83,2504,5682,3065,8746
294751760367,101,5919,155,15341,5683,3065,8747
294751771215,100,6544,99,8712,5684,3065,8748
294751782917,15,4592,49,2443,5684,3066,8749
294751793945,98,5700,81,6668,5685,3066,8750
294751804658,121,6965,44,1492,5686,3066,8751
294751815952,25,4952,42,1441,5686,3067,8752
294751827065,165,8158,382,35542,5687,3067,8753
294751838486,97,6654,178,17891,5688,3067,8754
294751849366,16,5044,153,3056,5688,3068,8755
294751860072,147,5175,205,8367,5689,3068,8756
294751871199,147,7327,176,15319,5690,3068,8757
294751882417,19,4556,52,2754,5690,3069,8758
294751894259,103,5542,101,8476,5691,3069,8759
294751904942,99,7301,190,15526,5692,3069,8760
294751916685,23,7127,58,2741,5692,3070,8761
294751927291,100,7465,55,3077,5693,3070,8762
294751938048,100,7154,99,8079,5694,3070,8763
294751949306,20,5340,53,2472,5694,3071,8764
294751960034,110,5334,162,15974,5695,3071,8765
294751971464,98,6977,99,8431,5696,3071,8766
294751982369,17,4473,54,2446,5696,3072,8767
294751993765,104,5864,49,2742,5697,3072,8768
294752004802,125,7067,61,3595,5698,3072,8769
294752015827,16,4757,45,1406,5698,3073,8770
294752027225,109,7895,335,35911,5699,3073,8771
294752038080,316,7219,178,17368,5700,3073,8772
294752049413,17,6314,58,3080,5700,3074,8773
294752060588,106,5441,53,2935,5701,3074,8774
294752071626,96,7023,93,7719,5702,3074,8775
294752082458,17,4652,48,2490,5702,3075,8776
294752093756,102,5434,155,15506,5703,3075,8777
294752104835,279,7138,116,8614,5704,3075,8778
294752115624,21,4801,52,2432,5704,3076,8779
294752127529,115,5098,155,15063,5705,3076,8780
294752138226,105,6981,106,8502,5706,3076,8781
294752149318,17,6793,54,2555,5706,3077,8782
294752160816,98,5258,163,15555,5707,3077,8783
294752171278,191,7194,56,3192,5708,3077,8784
294752182483,17,4686,49,2550,5708,3078,8785
294752193531,99,5555,93,7815,5709,3078,8786
294752204883,118,6835,167,15856,5710,3078,8787
294752215845,18,5129,61,2802,5710,3079,8788
294752226766,108,8196,96,7919,5711,3079,8789
294752238169,106,6942,70,4930,5712,3079,8790
294752249410,18,6064,40,1411,5712,3080,8791
294752260191,101,5594,338,36237,5713,3080,8792
294752271362,342,7316,113,10251,5714,3080,8793
294752282478,17,4547,50,2875,5714,3081,8794
294752293721,99,5510,153,14399,5715,3081,8795
294752304937,105,7161,59,3081,5716,3081,8796
294752316259,20,6251,52,2519,5716,3082,8797
294752326912,110,4987,99,8054,5717,3082,8798
294752337971,114,7380,164,15066,5718,3082,8799
294752349332,23,7562,67,2792,5718,3083,8800
294752360279,129,5403,168,9770,5719,3083,8801
294752371679,103,6841,160,15160,5720,3083,8802
294752382688,19,5116,55,2879,5720,3084,8803
294752393705,105,5544,110,8716,5721,3084,8804
294752404842,140,6953,163,15883,5722,3084,8805
294752415852,18,6427,61,2719,5722,3085,8806
294752427039,99,8297,57,3072,5723,3085,8807
294752438212,107,6867,227,7484,5724,3085,8808
294752449022,18,4779,39,1871,5724,3086,8809
294752460391,113,5491,314,34261,5725,3086,8810
294752471544,160,7138,109,9057,5726,3086,8811
294752482506,21,4564,52,2732,5726,3087,8812
294752493645,116,5452,53,2935,5727,3087,8813
294752504789,155,7090,159,15043,5728,3087,8814
294752515903,18,4744,114,2917,5728,3088,8815
294752526938,123,7079,103,8531,5729,3088,8816
294752538102,122,7365,158,15690,5730,3088,8817
294752548939,21,4654,51,2896,5730,3089,8818
294752560813,102,5311,52,3115,5731,3089,8819
294752571567,105,6913,102,8291,5732,3089,8820
294752582597,17,4960,52,2512,5732,3090,8821
294752593941,107,5219,52,2987,5733,3090,8822
294752605089,134,6751,65,3199,5734,3090,8823
294752616388,20,6588,64,2381,5734,3091,8824
294752627183,102,4962,157,15147,5735,3091,8825
294752637884,104,7284,100,8523,5736,3091,8826
294752649161,22,6424,54,2492,5736,3092,8827
294752660160,96,5773,159,15503,5737,3092,8828
294752671744,125,7003,59,3090,5738,3092,8829
294752682779,20,4975,53,2057,5738,3093,8830
294752693971,137,5538,257,27422,5739,3093,8831
294752704501,111,7699,168,15983,5740,3093,8832
294752715829,19,4789,150,2490,5740,3094,8833
294752727129,106,6755,99,8227,5741,3094,8834
294752738241,117,7376,51,2474,5742,3094,8835
294752749287,21,4974,42,2186,5742,3095,8836
294752760535,105,5396,154,14939,5743,3095,8837
294752771601,96,7074,101,8481,5744,3095,8838
294752782683,18,4930,44,2250,5744,3096,8839
294752793946,98,5468,157,15527,5745,3096,8840
294752804649,134,6951,57,3007,5746,3096,8841
294752815773,17,5121,50,2450,5746,3097,8842
294752827155,154,4951,52,2689,5747,3097,8843
294752838185,97,6841,99,8130,5748,3097,8844
294752849462,20,7343,64,2258,5748,3098,8845
294752860201,135,5821,58,3100,5749,3098,8846
294752871345,161,7134,171,14720,5750,3098,8847
294752882689,20,4686,65,2396,5750,3099,8848
294752893749,131,5669,54,2463,5751,3099,8849
294752904936,95,7038,46,1250,5752,3099,8850
294752916081,20,4582,41,1246,5752,3100,8851
294752926935,104,6946,321,34257,5753,3100,8852
294752938034,108,7667,113,9677,5754,3100,8853
294752949147,19,4616,52,3010,5754,3101,8854
294752960482,120,5347,188,15326,5755,3101,8855
294752971514,98,7293,104,8239,5756,3101,8856
294752982707,18,4549,48,2397,5756,3102,8857
294752993850,99,5465,50,2710,5757,3102,8858
294753004976,95,6861,154,14847,5758,3102,8859
294753016080,17,6950,54,2736,5758,3103,8860
294753026868,101,5147,97,8524,5759,3103,8861
294753037998,160,7146,160,15578,5760,3103,8862
294753049258,17,4940,53,2870,5760,3104,8863
294753060164,110,5256,54,3067,5761,3104,8864
294753071480,159,6974,58,2722,5762,3104,8865
294753082697,17,4487,47,2595,5762,3105,8866
294753093565,96,6065,124,8418,5763,3105,8867
294753105194,161,6313,49,1819,5764,3105,8868
294753115918,19,4711,38,1314,5764,3106,8869
294753126957,110,7252,329,32197,5765,3106,8870
294753138288,125,7333,169,16841,5766,3106,8871
294753149344,18,5946,58,3113,5766,3107,8872
294753160194,100,5634,54,3164,5767,3107,8873
294753171623,128,7246,57,2721,5768,3107,8874
294753182255,17,4652,46,2525,5768,3108,8875
294753193890,105,5638,96,7932,5769,3108,8876
294753204988,98,7277,166,15763,5770,3108,8877
294753215699,18,4885,50,2876,5770,3109,8878
294753226856,105,5145,186,8574,5771,3109,8879
294753237842,18,14397,95,2464,5771,3110,8880
294753263666,119,15236,160,14154,5772,3110,8881
294753290479,121,11731,65,2654,5773,3110,8882
294753313549,184,15280,139,7681,5774,3110,8883
294753340307,136,11983,58,2466,5775,3110,8884
294753363823,188,14122,86,5652,5776,3110,8885
294753389497,125,12684,414,36257,5777,3110,8886
294753413938,454,15323,166,5347,5778,3110,8887
294753441360,276,6431,106,8127,5779,3110,8888
294753452402,20,7517,56,2570,5779,3111,8889
294753463763,105,5260,169,14984,5780,3111,8890
294753474611,101,5903,129,8268,5781,3111,8891
294753486007,18,8777,64,2568,5781,3112,8892
294753496691,122,5004,51,3004,5782,3112,8893
294753507982,100,5552,155,15114,5783,3112,8894
294753519212,22,7176,57,2668,5783,3113,8895
294753530049,101,5049,121,8383,5784,3113,8896
294753541309,95,5893,140,13341,5785,3113,8897
294753552297,17,7372,49,2132,5785,3114,8898
294753563485,105,5056,220,22237,5786,3114,8899
294753574181,93,5273,106,8088,5787,3114,8900
294753585398,20,9862,51,2337,5787,3115,8901
294753596812,109,5855,156,15569,5788,3115,8902
294753607616,129,4909,102,7944,5789,3115,8903
294753619268,25,7312,56,2395,5789,3116,8904
294753630482,104,5485,149,14869,5790,3116,8905
294753640952,106,4821,139,8310,5791,3116,8906
294753652487,16,7258,44,2180,5791,3117,8907
294753663549,97,5359,175,15022,5792,3117,8908
294753674435,138,5737,54,2939,5793,3117,8909
294753685430,17,6495,48,2355,5793,3118,8910
294753696767,238,5430,94,7700,5794,3118,8911
294753707791,115,5489,163,15694,5795,3118,8912
294753719114,17,7164,58,2629,5795,3119,8913
294753730332,111,5185,104,8446,5796,3119,8914
294753741082,107,5542,53,2154,5797,3119,8915
294753752264,18,7010,45,1493,5797,3120,8916
294753763161,103,4799,72,5554,5798,3120,8917
294753774552,101,5551,40,1437,5799,3120,8918
294753785348,18,9448,45,1394,5799,3121,8919
294753796794,115,5640,85,1396,5800,3121,8920
294753807682,97,4965,323,34453,5801,3121,8921
294753818721,16,7140,68,4380,5801,3122,8922
294753830200,155,5962,105,8331,5802,3122,8923
294753840909,93,5336,158,15415,5803,3122,8924
294753852233,16,7770,70,2835,5803,3123,8925
294753863380,134,4764,108,8409,5804,3123,8926
294753874618,100,4970,159,14996,5805,3123,8927
294753885796,21,9290,61,2720,5805,3124,8928
294753896951,110,5519,101,8632,5806,3124,8929
294753907894,125,5531,164,15633,5807,3124,8930
294753918992,19,6755,61,2797,5807,3125,8931
294753930382,114,5335,53,3063,5808,3125,8932
294753941481,100,5518,100,7955,5809,3125,8933
294753952609,18,6672,53,2565,5809,3126,8934
294753963255,103,5031,160,15898,5810,3126,8935
294753974209,127,5470,105,8639,5811,3126,8936
294753985398,20,9614,63,2657,5811,3127,8937
294753996925,105,5265,72,5194,5812,3127,8938
294754008135,99,5361,41,1522,5813,3127,8939
294754018805,16,7208,45,1486,5813,3128,8940
294754030243,99,5108,380,35512,5814,3128,8941
294754040929,108,4857,209,17366,5815,3128,8942
294754052411,18,7536,59,3240,5815,3129,8943
294754063578,188,5372,53,3195,5816,3129,8944
294754074456,94,5224,98,8042,5817,3129,8945
294754085700,17,7216,53,2493,5817,3130,8946
294754096807,102,5429,223,15691,5818,3130,8947
294754108097,132,5073,108,7798,5819,3130,8948
294754119144,21,7771,160,2500,5819,3131,8949
294754130020,194,5273,83,5722,5820,3131,8950
294754141274,150,5866,413,35780,5821,3131,8951
294754152350,29,7493,72,4432,5821,3132,8952
294754163702,128,5480,165,15848,5822,3132,8953
294754174768,109,5334,56,3225,5823,3132,8954
294754185323,19,9793,59,2601,5823,3133,8955
294754196827,109,5081,93,8006,5824,3133,8956
294754207560,141,5074,167,15804,5825,3133,8957
294754219293,19,8028,58,2789,5825,3134,8958
294754230214,104,5091,100,8596,5826,3134,8959
294754241372,107,5414,109,2642,5827,3134,8960
294754251997,18,7413,52,2295,5827,3135,8961
294754263226,103,5017,232,24135,5828,3135,8962
294754274652,103,5221,106,9283,5829,3135,8963
294754285717,18,10149,58,2825,5829,3136,8964
294754297008,99,5741,160,15850,5830,3136,8965
294754307950,99,4990,60,3357,5831,3136,8966
294754319194,17,7454,57,2720,5831,3137,8967
294754330394,112,5589,135,8271,5832,3137,8968
294754341381,129,5028,166,15954,5833,3137,8969
294754352560,22,7778,88,2937,5833,3138,8970
294754363738,157,5086,114,9236,5834,3138,8971
294754374456,101,4956,163,16036,5835,3138,8972
294754385636,19,9277,73,3030,5835,3139,8973
294754396839,120,5488,105,8874,5836,3139,8974
294754408042,150,5766,195,15975,5837,3139,8975
294754418973,19,6839,59,2861,5837,3140,8976
294754430282,108,5648,54,3164,5838,3140,8977
294754441074,104,5783,98,8037,5839,3140,8978
294754452081,21,7397,60,2725,5839,3141,8979
294754463235,120,4783,166,16144,5840,3141,8980
294754474610,100,5567,101,8357,5841,3141,8981
294754485823,19,9116,57,2791,5841,3142,8982
294754496988,98,5287,55,3175,5842,3142,8983
294754508072,108,5227,62,3469,5843,3142,8984
294754519021,18,7536,44,1405,5843,3143,8985
294754530299,107,4918,327,35801,5844,3143,8986
294754541338,121,4955,490,17302,5845,3143,8987
294754552485,26,7395,63,3245,5845,3144,8988
294754563923,133,5240,52,3098,5846,3144,8989
294754574534,139,5334,97,7874,5847,3144,8990
294754585633,20,10645,70,2581,5847,3145,8991
294754596992,135,5406,161,15603,5848,3145,8992
294754608376,160,4953,118,7870,5849,3145,8993
294754618906,26,7446,65,2538,5849,3146,8994
294754630058,126,5640,167,15833,5850,3146,8995
294754641186,134,5886,112,8676,5851,3146,8996
294754652357,19,7287,62,2716,5851,3147,8997
294754663773,124,5551,165,15590,5852,3147,8998
294754674348,119,5658,58,3355,5853,3147,8999
294754685378,20,9573,59,2682,5853,3148,9000
294754696810,103,5165,99,7904,5854,3148,9001
294754707952,177,5199,179,15957,5855,3148,9002
294754719033,34,7063,80,2893,5855,3149,9003
294754730244,289,5029,160,8338,5856,3149,9004
294754741348,132,5023,51,1916,5857,3149,9005
294754752065,18,7325,49,1498,5857,3150,9006
294754763266,104,5338,369,43491,5858,3150,9007
294754774744,115,5061,127,12035,5859,3150,9008
294754785662,27,7545,66,3447,5859,3151,9009
294754797131,108,6047,80,6716,5860,3151,9010
294754807649,100,10194,1691,34504,5861,3151,9011
294754820486,36,7363,118,4424,5861,3152,9012
294754830072,130,5227,54,3389,5862,3152,9013
294754841185,160,5287,109,8228,5863,3152,9014
294754852275,20,7635,68,2515,5863,3153,9015
294754863447,138,5103,54,2857,5864,3153,9016
294754874535,136,5603,169,15175,5865,3153,9017
294754885462,24,8995,55,2631,5865,3154,9018
294754896619,108,5244,101,8362,5866,3154,9019
294754907906,101,5527,75,4735,5867,3154,9020
294754919127,18,7423,50,1438,5867,3155,9021
294754930075,113,4741,39,1424,5868,3155,9022
294754941183,100,5242,353,35567,5869,3155,9023
294754952274,18,7400,72,4447,5869,3156,9024
294754963238,118,5676,169,16472,5870,3156,9025
294754974270,99,5023,102,8344,5871,3156,9026
294754985818,25,8579,67,2553,5871,3157,9027
294754996751,141,5263,58,2870,5872,3157,9028
294755007520,164,4978,165,15132,5873,3157,9029
294755019171,21,7232,62,2958,5873,3158,9030
294755033810,208,7574,215,8905,5874,3158,9031
294755053029,163,8263,198,15839,5875,3158,9032
294755064253,26,5322,55,2980,5875,3159,9033
294755075230,127,5542,84,3483,5876,3159,9034
294755086495,24,7380,60,2507,5876,3160,9035
294755097753,125,5134,104,8422,5877,3160,9036
294755108523,156,5016,72,2513,5878,3160,9037
294755120151,23,7859,59,2260,5878,3161,9038
294755130659,120,5118,87,5716,5879,3161,9039
294755141888,117,5401,399,35922,5880,3161,9040
294755153265,20,8633,77,4349,5880,3162,9041
294755164374,116,4840,68,3794,5881,3162,9042
294755175117,124,5229,61,2667,5882,3162,9043
294755186128,20,8982,55,2436,5882,3163,9044
294755197500,113,5905,146,7892,5883,3163,9045
294755208613,107,5067,154,14616,5884,3163,9046
294755219883,31,8046,55,2789,5884,3164,9047
294755230996,99,5102,111,8350,5885,3164,9048
294755241680,138,4945,55,2823,5886,3164,9049
294755253381,19,8144,56,2471,5886,3165,9050
294755264253,107,10731,164,14977,5887,3165,9051
294755286465,117,8686,110,8654,5888,3165,9052
294755297765,23,4874,49,2455,5888,3166,9053
294755308949,106,5541,77,5242,5889,3166,9054
294755319966,19,7574,54,2444,5889,3167,9055
294755330924,106,5409,159,15921,5890,3167,9056
294755341922,101,5476,52,2000,5891,3167,9057
294755352950,22,9456,61,1398,5891,3168,9058
294755364608,143,5133,43,1387,5892,3168,9059
294755375228,113,5650,411,35720,5893,3168,9060
294755386428,20,8596,73,4389,5893,3169,9061
294755397615,115,5389,60,3500,5894,3169,9062
294755408790,110,5412,163,15713,5895,3169,9063
294755419908,19,9582,59,2864,5895,3170,9064
294755431322,103,5882,54,3009,5896,3170,9065
294755442017,112,5314,110,7970,5897,3170,9066
294755453072,18,8028,57,2475,5897,3171,9067
294755464395,100,10506,295,15731,5898,3171,9068
294755475936,111,4828,97,8286,5899,3171,9069
294755486522,19,8019,51,2534,5899,3172,9070
294755497686,100,5619,58,2856,5900,3172,9071
294755508814,95,5693,155,15165,5901,3172,9072
294755519868,19,7712,51,2779,5901,3173,9073
294755531120,100,5249,98,8637,5902,3173,9074
294755542156,101,5242,229,13020,5903,3173,9075
294755553254,21,8597,55,1818,5903,3174,9076
294755564118,118,4962,63,1703,5904,3174,9077
294755575722,125,5708,372,35297,5905,3174,9078
294755586491,19,8119,76,4357,5905,3175,9079
294755597539,110,5442,166,16145,5906,3175,9080
294755608690,157,5362,112,8128,5907,3175,9081
294755619709,25,8448,62,2699,5907,3176,9082
294755631260,115,6056,166,14855,5908,3176,9083
294755642271,106,5202,100,8290,5909,3176,9084
294755653128,18,8127,51,2555,5909,3177,9085
294755664241,106,10643,197,15128,5910,3177,9086
294755675845,108,5245,52,3191,5911,3177,9087
294755686746,21,7690,48,2591,5911,3178,9088
294755697691,97,5614,92,7949,5912,3178,9089
294755708881,101,5946,161,16025,5913,3178,9090
294755720005,16,7805,55,2698,5913,3179,9091
294755731330,95,5607,100,8512,5914,3179,9092
294755742383,99,5439,116,2739,5915,3179,9093
294755753058,18,7839,53,2533,5915,3180,9094
294755764422,104,5203,157,15220,5916,3180,9095
294755775122,108,5682,116,8511,5917,3180,9096
294755786428,24,8027,56,1994,5917,3181,9097
294755797449,126,5349,93,7043,5918,3181,9098
294755808428,99,5440,335,34606,5919,3181,9099
294755820263,26,8462,75,4394,5919,3182,9100
294755830930,119,5455,101,8397,5920,3182,9101
294755842127,146,5254,166,15452,5921,3182,9102
294755853105,17,9671,74,2836,5921,3183,9103
294755864482,142,10007,53,1907,5922,3183,9104
294755875295,113,5335,334,36036,5923,3183,9105
294755886583,20,8188,71,4447,5923,3184,9106
294755897580,107,5511,104,8668,5924,3184,9107
294755908577,102,5644,154,14426,5925,3184,9108
294755920008,19,8233,61,2859,5925,3185,9109
294755931115,107,5466,51,3039,5926,3185,9110
294755942171,100,5486,96,8063,5927,3185,9111
294755953212,17,8006,58,2593,5927,3186,9112
294755964445,99,10163,162,15228,5928,3186,9113
294755975715,107,5648,80,4938,5929,3186,9114
294755986648,25,8112,55,1418,5929,3187,9115
294755998059,167,5247,121,2957,5930,3187,9116
294756009109,106,6774,347,35990,5931,3187,9117
294756019994,19,8491,125,4397,5931,3188,9118
294756031220,140,5057,101,8616,5932,3188,9119
294756042409,110,5015,173,14463,5933,3188,9120
294756053152,18,9640,58,2838,5933,3189,9121
294756064310,106,10528,62,2956,5934,3189,9122
294756075758,129,5161,98,7926,5935,3189,9123
294756086857,19,7629,55,2524,5935,3190,9124
294756097988,105,5819,240,14999,5936,3190,9125
294756108618,149,5208,100,7760,5937,3190,9126
294756120040,40,7634,60,2616,5937,3191,9127
294756131214,108,5523,167,16453,5938,3191,9128
294756142320,107,5568,110,8514,5939,3191,9129
294756153360,20,8078,53,2564,5939,3192,9130
294756164791,107,9420,165,15462,5940,3192,9131
294756176608,100,6031,56,3343,5941,3192,9132
294756186998,21,7542,79,2710,5941,3193,9133
294756197788,103,5298,96,7998,5942,3193,9134
294756208877,105,5822,132,10614,5943,3193,9135
294756219805,19,8005,50,1752,5943,3194,9136
294756231230,105,10183,74,1635,5944,3194,9137
294756242213,173,10553,636,36094,5945,3194,9138
294756264378,124,20675,192,17084,5946,3194,9139
294756296732,142,15609,77,3468,5947,3194,9140
294756323690,128,11859,102,7577,5948,3194,9141
294756346802,128,17259,76,2638,5949,3194,9142
294756375423,138,9825,167,14952,5950,3194,9143
294756386803,21,14902,61,2869,5950,3195,9144
294756413294,160,14649,60,2281,5951,3195,9145
294756439684,123,8135,342,35597,5952,3195,9146
294756450758,22,7473,86,4394,5952,3196,9147
294756461747,114,5481,172,16220,5953,3196,9148
294756472845,107,5786,102,8341,5954,3196,9149
294756484060,19,6698,60,2724,5954,3197,9150
294756495043,102,5677,52,3102,5955,3197,9151
294756506247,106,5934,164,15168,5956,3197,9152
294756517209,20,6958,56,2705,5956,3198,9153
294756528728,107,5302,110,8646,5957,3198,9154
294756539645,110,5832,167,15727,5958,3198,9155
294756550685,17,7015,56,2843,5958,3199,9156
294756562010,108,5138,58,3123,5959,3199,9157
294756572589,97,5835,54,2830,5960,3199,9158
294756584210,13,9876,64,2613,5960,3200,9159
294756595351,123,5167,101,8278,5961,3200,9160
294756606072,128,6322,88,5172,5962,3200,9161
294756617395,25,6923,46,1493,5962,3201,9162
294756628591,165,5575,94,5964,5963,3201,9163
294756639743,169,5052,48,1930,5964,3201,9164
294756650794,24,7297,47,1364,5964,3202,9165
294756661751,113,5589,322,33712,5965,3202,9166
294756672925,114,5532,95,4397,5966,3202,9167
294756683978,20,9287,60,2833,5966,3203,9168
294756694910,113,5214,95,7975,5967,3203,9169
294756706030,107,5677,167,15202,5968,3203,9170
294756717380,19,7530,56,2778,5968,3204,9171
294756728424,115,5498,130,8305,5969,3204,9172
294756739456,109,5765,55,2965,5970,3204,9173
294756750794,25,7063,60,2433,5970,3205,9174
294756761705,108,5194,174,14975,5971,3205,9175
294756772820,108,5443,105,8394,5972,3205,9176
294756783861,18,6963,59,2554,5972,3206,9177
294756795156,135,5252,180,15254,5973,3206,9178
294756806217,134,5192,72,3186,5974,3206,9179
294756817199,27,7047,66,2571,5974,3207,9180
294756828750,133,4968,59,2745,5975,3207,9181
294756839431,195,5449,138,8059,5976,3207,9182
294756850649,21,7913,76,2539,5976,3208,9183
294756861772,221,5007,81,5090,5977,3208,9184
294756872978,168,5247,45,1367,5978,3208,9185
294756883708,20,7995,55,1328,5978,3209,9186
294756894958,119,5835,394,36121,5979,3209,9187
294756906406,115,5341,88,5323,5980,3209,9188
294756917583,19,7201,56,2830,5980,3210,9189
294756928329,105,5286,49,2728,5981,3210,9190
294756939582,139,6034,92,7798,5982,3210,9191
294756950970,19,7186,56,2526,5982,3211,9192
294756961792,107,5156,151,14683,5983,3211,9193
294756972991,101,5335,97,8125,5984,3211,9194
294756984270,17,6629,57,2508,5984,3212,9195
294756995527,103,5336,49,2848,5985,3212,9196
294757006857,256,5101,169,14950,5986,3212,9197
294757017397,34,7479,64,2839,5986,3213,9198
294757028557,147,5477,113,8691,5987,3213,9199
294757039704,147,4838,170,15723,5988,3213,9200
294757050620,20,7406,77,2787,5988,3214,9201
294757061835,296,5389,64,3595,5989,3214,9202
294757072871,126,5375,55,2257,5990,3214,9203
294757084277,21,8895,54,1391,5990,3215,9204
294757094988,120,5475,309,33291,5991,3215,9205
294757106033,120,6044,132,10086,5992,3215,9206
294757117393,24,7316,64,2925,5992,3216,9207
294757128630,119,5474,66,3832,5993,3216,9208
294757139339,97,6022,55,3133,5994,3216,9209
294757150678,17,7083,55,2597,5994,3217,9210
294757161673,102,5192,149,14734,5995,3217,9211
294757172549,111,6167,59,3019,5996,3217,9212
294757183859,16,6927,54,2510,5996,3218,9213
294757195125,104,5565,93,7892,5997,3218,9214
294757206289,94,5215,161,15704,5998,3218,9215
294757217292,18,6991,56,2789,5998,3219,9216
294757228441,118,5292,109,8425,5999,3219,9217
294757239772,226,4800,72,4307,6000,3219,9218
294757250582,20,7539,66,1525,6000,3220,9219
294757261850,114,5785,60,3227,6001,3220,9220
294757272853,165,5587,358,36079,6002,3220,9221
294757284112,20,9075,73,4313,6002,3221,9222
294757295186,111,5414,163,15719,6003,3221,9223
294757306206,121,5962,84,3165,6004,3221,9224
294757317303,25,7328,64,2579,6004,3222,9225
294757328512,127,5426,99,7967,6005,3222,9226
294757339546,107,5532,166,15805,6006,3222,9227
294757350582,19,7674,72,2710,6006,3223,9228
294757361676,148,5215,105,8556,6007,3223,9229
294757372733,105,5673,205,15433,6008,3223,9230
294757384496,19,6716,57,2704,6008,3224,9231
294757395264,109,5639,101,8488,6009,3224,9232
294757406508,107,5268,181,15584,6010,3224,9233
294757417223,18,6857,55,2905,6010,3225,9234
294757428389,107,5019,53,3126,6011,3225,9235
294757439551,97,7354,142,7759,6012,3225,9236
294757451040,22,7401,58,2565,6012,3226,9237
294757461667,111,5114,195,16045,6013,3226,9238
294757472556,189,5038,109,8396,6014,3226,9239
294757483845,24,10166,61,2686,6014,3227,9240
294757495334,171,5225,54,3001,6015,3227,9241
294757507516,112,5917,61,3592,6016,3227,9242
294757517459,17,6952,38,1449,6016,3228,9243
294757529266,235,5564,354,36115,6017,3228,9244
294757539798,124,4891,243,17317,6018,3228,9245
294757550812,22,7671,67,3255,6018,3229,9246
294757561887,112,4762,52,3131,6019,3229,9247
294757572949,101,4842,139,8003,6020,3229,9248
294757584467,37,7012,61,2516,6020,3230,9249
294757595002,126,5643,166,15670,6021,3230,9250
294757606120,129,7558,55,2025,6022,3230,9251
294757617222,21,6777,44,1387,6022,3231,9252
294757628384,108,6130,335,36214,6023,3231,9253
294757639437,159,5156,115,10204,6024,3231,9254
294757650795,17,6861,60,2892,6024,3232,9255
294757662049,103,4912,147,14338,6025,3232,9256
294757672700,95,5336,55,3112,6026,3232,9257
294757683770,16,9032,56,2489,6026,3233,9258
294757695533,108,5219,92,7859,6027,3233,9259
294757707450,99,5828,164,15030,6028,3233,9260
294757717700,17,6967,51,2735,6028,3234,9261
294757728723,104,5540,45,1895,6029,3234,9262
294757739771,155,5580,403,36043,6030,3234,9263
294757750904,24,7441,73,4373,6030,3235,9264
294757761608,117,5296,156,15381,6031,3235,9265
294757772842,103,5360,103,8440,6032,3235,9266
294757783917,18,7101,50,2547,6032,3236,9267
294757794910,99,5553,156,15584,6033,3236,9268
294757806189,118,7203,46,2164,6034,3236,9269
294757817227,17,6663,49,1396,6034,3237,9270
294757828364,112,5396,353,35909,6035,3237,9271
294757839634,136,5391,178,17952,6036,3237,9272
294757850620,17,7076,69,3151,6036,3238,9273
294757861712,133,5175,178,9026,6037,3238,9274
294757872724,169,5801,167,15886,6038,3238,9275
294757884675,17,8403,57,2791,6038,3239,9276
294757895336,101,5295,100,8441,6039,3239,9277
294757906007,123,5468,166,15881,6040,3239,9278
294757917471,22,6858,72,2792,6040,3240,9279
294757928499,164,5180,72,3081,6041,3240,9280
294757939249,134,5629,58,2097,6042,3240,9281
294757950441,22,7418,48,1434,6042,3241,9282
294757961700,112,5575,320,33340,6043,3241,9283
294757973069,102,5535,122,10122,6044,3241,9284
294757984255,16,8525,57,2844,6044,3242,9285
294757994955,112,5336,56,2902,6045,3242,9286
294758006138,119,6173,153,14594,6046,3242,9287
294758017308,19,6855,63,2657,6046,3243,9288
294758028344,112,5421,99,8355,6047,3243,9289
294758039637,103,5350,165,15554,6048,3243,9290
294758050726,17,6774,55,2889,6048,3244,9291
294758061923,132,5098,65,3243,6049,3244,9292
294758072727,113,5580,106,7782,6050,3244,9293
294758083863,19,8936,116,2628,6050,3245,9294
294758095321,141,5304,55,2929,6051,3245,9295
294758107122,130,5161,60,3413,6052,3245,9296
294758117552,20,6986,56,2445,6052,3246,9297
294758128473,104,4881,195,15064,6053,3246,9298
294758139695,121,5229,96,7700,6054,3246,9299
294758150881,19,7334,44,1505,6054,3247,9300
294758162035,101,5934,348,43871,6055,3247,9301
294758173120,102,5506,87,6330,6056,3247,9302
294758184395,16,8217,61,3526,6056,3248,9303
294758194862,104,5397,99,8630,6057,3248,9304
294758206196,99,5875,167,16369,6058,3248,9305
294758217372,22,7158,58,3233,6058,3249,9306
294758228589,104,5284,104,9120,6059,3249,9307
294758239568,120,5984,320,3156,6060,3249,9308
294758250952,22,7107,58,2761,6060,3250,9309
294758261765,132,5020,168,15601,6061,3250,9310
294758272875,145,5495,117,8886,6062,3250,9311
294758283868,20,7173,71,2772,6062,3251,9312
294758294921,128,5371,164,15866,6063,3251,9313
294758305906,127,5967,104,8372,6064,3251,9314
294758317712,22,7093,66,2814,6064,3252,9315
294758328312,111,5048,167,16336,6065,3252,9316
294758339417,98,5360,161,8794,6066,3252,9317
294758350871,23,7108,69,2901,6066,3253,9318
294758362023,124,5543,77,5099,6067,3253,9319
294758372765,103,6021,336,36189,6068,3253,9320
294758383964,19,8453,70,4393,6068,3254,9321
294758395105,115,5512,198,15448,6069,3254,9322
294758406485,101,7142,64,2435,6070,3254,9323
294758417620,29,7332,57,1324,6070,3255,9324
294758428577,124,5381,324,34619,6071,3255,9325
294758439682,296,5358,128,9738,6072,3255,9326
294758450962,22,7231,63,2919,6072,3256,9327
294758461717,115,5167,157,15444,6073,3256,9328
294758472984,99,5361,139,8192,6074,3256,9329
294758483717,20,9371,60,2661,6074,3257,9330
294758494957,113,5087,209,3096,6075,3257,9331
294758505939,127,6301,162,15074,6076,3257,9332
294758517386,22,7499,65,2784,6076,3258,9333
294758528834,134,4945,105,8636,6077,3258,9334
294758539388,174,5750,170,15786,6078,3258,9335
294758550762,21,7261,65,2731,6078,3259,9336
294758561773,186,4897,160,8845,6079,3259,9337
294758572682,119,5960,208,15147,6080,3259,9338
294758584131,22,8322,46,1701,6080,3260,9339
294758595140,122,5994,301,32408,6081,3260,9340
294758606167,131,7717,54,1942,6082,3260,9341
294758617335,24,7481,52,1382,6082,3261,9342
294758628398,176,5269,329,35956,6083,3261,9343
294758639739,122,5692,83,4969,6084,3261,9344
294758650932,20,7331,55,2829,6084,3262,9345
294758661666,104,5461,157,15579,6085,3262,9346
294758673107,95,5535,58,3097,6086,3262,9347
294758684008,18,10295,59,2612,6086,3263,9348
294758695006,104,4763,91,7955,6087,3263,9349
294758706183,98,5430,161,15884,6088,3263,9350
294758717285,16,6943,55,2923,6088,3264,9351
294758728324,96,5415,108,8646,6089,3264,9352
294758739547,127,5375,67,2942,6090,3264,9353
294758750533,23,7217,57,2561,6090,3265,9354
294758761939,114,5225,210,15410,6091,3265,9355
294758772880,101,5624,102,8843,6092,3265,9356
294758784083,26,8006,67,2564,6092,3266,9357
294758795091,121,5167,141,13114,6093,3266,9358
294758806552,108,7138,49,2027,6094,3266,9359
294758817648,20,7071,48,1387,6094,3267,9360
294758828756,152,5920,332,35729,6095,3267,9361
294758839473,113,5747,182,17761,6096,3267,9362
294758850635,37,7874,73,3219,6096,3268,9363
294758862045,161,5146,138,8423,6097,3268,9364
294758872652,98,6023,56,3389,6098,3268,9365
294758884361,18,10596,60,2668,6098,3269,9366
294758906538,160,6881,144,13691,6099,3269,9367
294758917680,19,7133,67,2752,6099,3270,9368
294758928846,200,5561,218,2901,6100,3270,9369
294758939943,179,5509,134,8077,6101,3270,9370
294758950921,23,7024,106,2634,6101,3271,9371
294758961921,123,5072,164,15562,6102,3271,9372
294758973158,119,5136,104,8405,6103,3271,9373
294758984165,19,6606,60,2559,6103,3272,9374
294758995257,116,5488,51,2858,6104,3272,9375
294759006702,100,5165,201,15275,6105,3272,9376
294759017840,23,7500,67,2696,6105,3273,9377
294759028440,123,5257,99,8420,6106,3273,9378
294759039553,119,5396,172,15609,6107,3273,9379
294759050894,20,7403,60,2821,6107,3274,9380
294759061956,123,5066,110,8528,6108,3274,9381
294759073059,113,5210,88,4810,6109,3274,9382
294759084046,20,7909,51,1571,6109,3275,9383
294759095652,121,6087,307,33241,6110,3275,9384
294759106417,122,6813,55,1961,6111,3275,9385
294759117642,21,7242,50,1343,6111,3276,9386
294759128776,111,5742,1130,35852,6112,3276,9387
294759139535,125,5708,81,4941,6113,3276,9388
294759151190,67,7556,79,2812,6113,3277,9389
294759162151,140,5240,93,6608,6114,3277,9390
294759173284,195,5625,419,34581,6115,3277,9391
294759184430,21,7951,76,4359,6115,3278,9392
294759195134,131,5310,110,8321,6116,3278,9393
294759206553,125,5141,178,15381,6117,3278,9394
294759217759,26,7158,63,2801,6117,3279,9395
294759228767,125,4951,103,8326,6118,3279,9396
294759239451,118,12904,70,2960,6119,3279,9397
294759264226,126,18255,180,15151,6120,3279,9398
294759294125,125,10070,63,3042,6121,3279,9399
294759305062,101,14595,53,2037,6122,3279,9400
294759331200,124,15460,52,1412,6123,3279,9401
294759358146,204,16123,356,35914,6124,3279,9402
294759385788,159,16205,96,5267,6125,3279,9403
294759413837,155,16184,173,14650,6126,3279,9404
294759441963,153,5053,160,7970,6127,3279,9405
294759452906,25,8070,70,2660,6127,3280,9406
294759464054,134,5262,167,15611,6128,3280,9407
294759475057,125,4999,113,8341,6129,3280,9408
294759486405,28,7792,65,2476,6129,3281,9409
294759497302,131,5185,59,2813,6130,3281,9410
294759508132,116,6050,170,15065,6131,3281,9411
294759519492,27,6568,64,2931,6131,3282,9412
294759530582,129,5511,108,8898,6132,3282,9413
294759541674,103,5348,170,15761,6133,3282,9414
294759552618,26,8126,74,2754,6133,3283,9415
294759564123,124,8876,128,8734,6134,3283,9416
294759575114,235,5456,172,16022,6135,3283,9417
294759586114,23,7946,74,2732,6135,3284,9418
294759597193,221,4870,63,1823,6136,3284,9419
294759608381,172,4966,56,1343,6137,3284,9420
294759619216,28,7236,54,1343,6137,3285,9421
294759630270,129,5201,392,35905,6138,3285,9422
294759641334,131,4938,88,4974,6139,3285,9423
294759653117,26,8257,76,2826,6139,3286,9424
294759663728,179,6335,169,15511,6140,3286,9425
294759674775,123,5137,72,3040,6141,3286,9426
294759686303,20,9829,66,2558,6141,3287,9427
294759697123,121,5221,99,7821,6142,3287,9428
294759708354,105,4995,172,15789,6143,3287,9429
294759719112,24,7035,62,2854,6143,3288,9430
294759730454,123,5600,104,8568,6144,3288,9431
294759741642,111,5776,55,2701,6145,3288,9432
294759752584,19,6734,141,2434,6145,3289,9433
294759763942,146,9206,185,15244,6146,3289,9434
294759774729,180,5371,125,8867,6147,3289,9435
294759786020,33,8106,58,2514,6147,3290,9436
294759797420,135,5015,147,13072,6148,3290,9437
294759808381,121,7646,98,7420,6149,3290,9438
294759819564,21,7925,58,1946,6149,3291,9439
294759830276,136,5235,81,5334,6150,3291,9440
294759841370,122,5262,316,33303,6151,3291,9441
294759852760,23,9348,83,4222,6151,3292,9442
294759864059,133,8739,112,8678,6152,3292,9443
294759875181,111,4947,157,14780,6153,3292,9444
294759886317,18,8488,68,2635,6153,3293,9445
294759896922,131,5675,104,8255,6154,3293,9446
294759908097,167,5977,1729,15432,6155,3293,9447
294759919666,29,7768,63,2837,6155,3294,9448
294759930914,123,5486,57,3062,6156,3294,9449
294759941960,110,5395,139,7849,6157,3294,9450
294759952743,19,7988,74,2458,6157,3295,9451
294759963712,118,5146,191,15715,6158,3295,9452
294759974706,103,5459,103,8148,6159,3295,9453
294759985803,19,6759,57,2579,6159,3296,9454
294759996931,115,5232,54,2835,6160,3296,9455
294760008624,125,5351,158,15200,6161,3296,9456
294760019621,19,8151,59,2815,6161,3297,9457
294760030675,107,5200,94,8002,6162,3297,9458
294760041820,107,5373,81,4369,6163,3297,9459
294760052633,20,7255,44,1412,6163,3298,9460
294760063939,102,8514,44,1354,6164,3298,9461
294760074822,101,5059,348,35736,6165,3298,9462
294760085975,19,8814,71,4410,6165,3299,9463
294760097134,105,5317,168,16342,6166,3299,9464
294760108223,131,5079,109,8284,6167,3299,9465
294760119615,28,8493,62,2635,6167,3300,9466
294760130568,121,5942,64,3572,6168,3300,9467
294760141674,108,4948,63,3071,6169,3300,9468
294760152541,19,7371,52,2484,6169,3301,9469
294760164183,106,6304,200,15456,6170,3301,9470
294760174931,103,5178,56,3171,6171,3301,9471
294760186127,23,8065,60,2710,6171,3302,9472
294760197218,126,5213,139,8313,6172,3302,9473
294760208279,105,5547,164,15699,6173,3302,9474
294760219389,18,7826,63,2810,6173,3303,9475
294760230698,115,5500,660,8436,6174,3303,9476
294760241486,112,5199,57,2943,6175,3303,9477
294760252494,19,7819,74,2591,6175,3304,9478
294760263874,154,7834,165,15228,6176,3304,9479
294760275158,105,5661,52,2379,6177,3304,9480
294760286096,19,8626,47,1385,6177,3305,9481
294760297046,104,5264,328,33921,6178,3305,9482
294760308147,137,4808,53,2298,6179,3305,9483
294760320063,21,8361,53,1392,6179,3306,9484
294760330853,440,5262,577,35756,6180,3306,9485
294760341755,107,5051,187,17642,6181,3306,9486
294760352492,19,7641,72,3163,6181,3307,9487
294760364112,137,8439,106,8322,6182,3307,9488
294760375012,109,5169,158,15259,6183,3307,9489
294760386069,20,8382,62,2701,6183,3308,9490
294760397452,120,5273,102,8610,6184,3308,9491
294760408559,113,5199,189,15484,6185,3308,9492
294760419323,19,6842,60,3087,6185,3309,9493
294760430570,103,5453,54,3328,6186,3309,9494
294760441501,115,5445,102,8340,6187,3309,9495
294760452487,18,6634,55,2684,6187,3310,9496
294760463804,104,9188,169,16059,6188,3310,9497
294760475013,150,5496,97,8427,6189,3310,9498
294760486160,16,8263,55,2490,6189,3311,9499
294760497248,104,5359,48,2396,6190,3311,9500
294760508179,104,5735,53,3390,6191,3311,9501
294760519308,17,6949,44,1417,6191,3312,9502
294760530986,272,5526,338,35870,6192,3312,9503
294760541641,113,5136,179,17313,6193,3312,9504
294760552694,24,8734,63,3171,6193,3313,9505
294760563798,116,6742,99,3072,6194,3313,9506
294760574909,139,5137,101,8092,6195,3313,9507
294760585995,20,7278,158,2563,6195,3314,9508
294760597557,111,5957,158,15746,6196,3314,9509
294760608717,151,5020,48,1892,6197,3314,9510
294760619229,20,7350,50,1314,6197,3315,9511
294760630590,170,5364,334,36176,6198,3315,9512
294760641530,104,5470,117,10115,6199,3315,9513
294760652531,18,8201,59,2991,6199,3316,9514
294760663662,109,5216,146,14251,6200,3316,9515
294760675005,116,5732,57,3076,6201,3316,9516
294760686272,19,7942,58,2534,6201,3317,9517
294760697205,110,4961,96,8018,6202,3317,9518
294760708148,101,5569,156,15094,6203,3317,9519
294760719518,17,8070,58,2721,6203,3318,9520
294760730427,102,5346,142,8063,6204,3318,9521
294760741617,98,5410,74,5127,6205,3318,9522
294760752521,17,8925,44,1389,6205,3319,9523
294760763684,99,8595,355,36358,6206,3319,9524
294760775147,126,5237,174,10264,6207,3319,9525
294760786014,19,8745,60,2968,6207,3320,9526
294760797682,110,5996,149,14402,6208,3320,9527
294760808206,100,5265,75,3126,6209,3320,9528
294760819267,17,7206,55,2593,6209,3321,9529
294760830790,104,5292,97,8174,6210,3321,9530
294760841424,99,4928,160,15245,6211,3321,9531
294760852865,22,8931,70,2778,6211,3322,9532
294760863788,133,6214,111,9239,6212,3322,9533
294760875190,105,5716,162,15920,6213,3322,9534
294760885868,19,8196,54,2742,6213,3323,9535
294760897525,109,5417,98,8535,6214,3323,9536
294760908453,156,5408,161,15709,6215,3323,9537
294760919625,17,7627,77,2866,6215,3324,9538
294760930395,212,4992,60,3181,6216,3324,9539
294760941753,140,5348,147,7767,6217,3324,9540
294760953105,160,7890,58,2669,6217,3325,9541
294760963984,104,6042,164,15068,6218,3325,9542
294760975179,150,5523,341,38176,6219,3325,9543
294760986062,19,7135,67,4403,6219,3326,9544
294760997263,104,4943,90,3355,6220,3326,9545
294761008489,102,5367,60,3749,6221,3326,9546
294761019594,18,8553,48,1457,6221,3327,9547
294761030838,133,5696,352,36087,6222,3327,9548
294761041806,108,5027,181,17332,6223,3327,9549
294761052651,18,7999,56,3132,6223,3328,9550
294761072865,293,22090,88,3417,6224,3328,9551
294761106911,379,20145,66,1947,6225,3328,9552
294761138980,133,20946,349,35966,6226,3328,9553
294761171606,139,22123,174,14810,6227,3328,9554
294761205194,197,23586,72,2963,6228,3328,9555
294761240595,266,3874,105,7594,6229,3328,9556
294761251460,22,2685,55,2699,6229,3329,9557
294761262821,117,2977,154,14786,6230,3329,9558
294761274022,108,2799,106,8634,6231,3329,9559
294761284809,19,2746,56,2686,6231,3330,9560
294761296218,111,2780,168,15488,6232,3330,9561
294761307298,107,2887,104,8387,6233,3330,9562
294761318524,19,2708,46,2142,6233,3331,9563
294761329160,115,2864,77,5460,6234,3331,9564
294761340317,107,2894,312,33555,6235,3331,9565
294761351763,17,2763,68,4338,6235,3332,9566
294761362822,172,2939,119,8792,6236,3332,9567
294761373827,125,2758,69,3211,6237,3332,9568
294761385012,24,2776,86,2499,6237,3333,9569
294761395919,130,2904,59,3104,6238,3333,9570
294761407168,177,2725,196,15000,6239,3333,9571
294761418304,20,2810,105,2695,6239,3334,9572
294761429462,114,2864,52,2950,6240,3334,9573
294761440259,109,3030,95,7781,6241,3334,9574
294761451702,19,2764,52,2528,6241,3335,9575
294761462926,105,3021,160,15619,6242,3335,9576
294761473697,103,2776,101,8321,6243,3335,9577
294761485249,18,2897,56,2504,6243,3336,9578
294761495730,136,2868,52,2820,6244,3336,9579
294761507193,158,2867,166,14960,6245,3336,9580
294761518503,23,2682,55,2690,6245,3337,9581
294761529112,114,2737,49,2097,6246,3337,9582
294761540684,117,2842,348,33348,6247,3337,9583
294761551442,21,2697,69,4174,6247,3338,9584
294761562786,149,2936,52,2882,6248,3338,9585
294761573897,97,2895,96,7938,6249,3338,9586
294761585006,29,2796,71,2663,6249,3339,9587
294761596149,124,2888,324,15107,6250,3339,9588
294761606923,130,2818,114,8169,6251,3339,9589
294761618199,23,2761,66,2535,6251,3340,9590
294761629678,114,2991,153,14637,6252,3340,9591
294761640349,103,2982,100,8366,6253,3340,9592
294761651821,16,2756,53,2587,6253,3341,9593
294761662725,101,2809,268,15139,6254,3341,9594
294761673988,104,2761,55,3170,6255,3341,9595
294761684956,18,2865,57,2588,6255,3342,9596
294761696004,115,2870,95,7790,6256,3342,9597
294761707365,97,2860,187,15774,6257,3342,9598
294761718590,25,2677,61,2695,6257,3343,9599
294761729388,115,2977,76,5353,6258,3343,9600
294761740778,110,2756,60,3492,6259,3343,9601
294761751765,19,2760,49,1489,6259,3344,9602
294761762550,109,2900,332,36184,6260,3344,9603
294761773795,124,2863,151,10299,6261,3344,9604
294761785007,18,2645,56,2897,6261,3345,9605
294761795953,108,2835,151,14523,6262,3345,9606
294761807280,111,2882,53,3053,6263,3345,9607
294761818289,19,2877,79,2538,6263,3346,9608
294761829634,95,2761,96,8032,6264,3346,9609
294761840689,97,2749,160,15202,6265,3346,9610
294761851448,17,2758,87,2758,6265,3347,9611
294761862990,148,2840,115,9201,6266,3347,9612
294761873904,114,2750,176,15775,6267,3347,9613
294761884734,27,2888,94,2817,6267,3348,9614
294761895924,108,2886,106,8438,6268,3348,9615
294761907087,103,2911,165,15723,6269,3348,9616
294761918368,18,2777,55,2792,6269,3349,9617
294761929115,163,2889,71,2434,6270,3349,9618
294761940380,103,2859,337,35726,6271,3349,9619
294761951388,22,2752,64,4410,6271,3350,9620
294761962711,103,3076,169,16460,6272,3350,9621
294761973768,105,2872,107,8302,6273,3350,9622
294761984767,18,2766,54,2628,6273,3351,9623
294761996289,104,2988,51,2931,6274,3351,9624
294762007114,104,2754,211,15180,6275,3351,9625
294762018309,20,2889,58,2764,6275,3352,9626
294762029449,104,2865,101,8613,6276,3352,9627
294762040783,105,2760,169,15819,6277,3352,9628
294762051370,16,2756,51,2861,6277,3353,9629
294762062672,101,2854,53,3167,6278,3353,9630
294762073927,98,2737,54,2858,6279,3353,9631
294762084809,17,2913,105,2591,6279,3354,9632
294762096100,201,2803,113,8409,6280,3354,9633
294762107166,146,2844,67,2889,6281,3354,9634
294762118275,24,2790,78,2603,6281,3355,9635
294762129501,128,2885,160,15088,6282,3355,9636
294762140662,107,2935,51,2335,6283,3355,9637
294762151722,22,2778,46,1409,6283,3356,9638
294762162795,101,2982,41,1409,6284,3356,9639
294762173980,129,2821,329,34553,6285,3356,9640
294762185100,20,2757,120,4402,6285,3357,9641
294762196634,109,2768,103,8407,6286,3357,9642
294762207479,111,2850,169,15571,6287,3357,9643
294762218140,20,2760,81,2851,6287,3358,9644
294762229190,107,2933,100,8551,6288,3358,9645
294762240317,114,2745,51,2769,6289,3358,9646
294762251291,19,2744,51,2449,6289,3359,9647
294762262706,121,2990,311,15056,6290,3359,9648
294762274029,123,2876,182,8779,6291,3359,9649
294762284835,21,2799,54,2539,6291,3360,9650
294762295938,116,2748,217,15597,6292,3360,9651
294762307335,112,2853,103,8296,6293,3360,9652
294762318549,26,2775,61,2548,6293,3361,9653
294762329609,123,2836,178,16148,6294,3361,9654
294762340733,136,2742,47,2091,6295,3361,9655
294762351326,19,2682,44,1463,6295,3362,9656
294762362851,147,2888,45,1455,6296,3362,9657
294762373957,98,2910,333,36155,6297,3362,9658
294762385075,20,3388,125,4494,6297,3363,9659
294762395971,164,2796,219,15606,6298,3363,9660
294762407220,152,2997,97,3244,6299,3363,9661
294762418379,23,2810,66,2615,6299,3364,9662
294762429303,138,2744,57,2739,6300,3364,9663
294762440388,122,2838,98,7707,6301,3364,9664
294762451638,20,2672,77,2563,6301,3365,9665
294762462773,111,2862,158,15720,6302,3365,9666
294762473877,103,2783,158,8491,6303,3365,9667
294762484807,27,2781,204,2629,6303,3366,9668
294762495815,121,2867,55,2938,6304,3366,9669
294762507170,158,2851,161,15169,6305,3366,9670
294762518048,19,2694,86,2687,6305,3367,9671
294762529588,123,2879,146,8503,6306,3367,9672
294762540410,111,3003,141,13749,6307,3367,9673
294762551680,19,2743,57,2650,6307,3368,9674
294762562754,101,2738,52,1917,6308,3368,9675
294762573909,107,2855,330,35657,6309,3368,9676
294762584867,20,2943,74,4386,6309,3369,9677
294762595958,116,2774,210,16212,6310,3369,9678
294762606997,141,2826,108,8260,6311,3369,9679
294762618529,22,2798,60,2744,6311,3370,9680
294762629622,111,2994,151,14901,6312,3370,9681
294762640171,104,2821,215,8470,6313,3370,9682
294762651465,19,2758,50,2532,6313,3371,9683
294762662543,108,2952,153,15360,6314,3371,9684
294762674138,104,2942,58,3174,6315,3371,9685
294762685202,21,2743,63,2588,6315,3372,9686
294762696191,114,2951,98,8024,6316,3372,9687
294762707076,117,2979,170,15770,6317,3372,9688
294762718359,20,2806,63,2870,6317,3373,9689
294762729629,116,3025,100,8615,6318,3373,9690
294762740497,116,2789,61,2802,6319,3373,9691
294762751454,19,2684,57,2529,6319,3374,9692
294762762865,106,2846,157,15269,6320,3374,9693
294762773703,104,2870,55,2272,6321,3374,9694
294762784927,23,2799,111,1347,6321,3375,9695
294762796003,130,2727,46,1346,6322,3375,9696
294762807122,153,2913,318,34577,6323,3375,9697
294762818041,19,2892,70,4387,6323,3376,9698
294762829155,123,2767,101,8350,6324,3376,9699
294762840299,105,2874,279,15478,6325,3376,9700
294762851624,18,2767,72,2812,6325,3377,9701
294762862692,153,2894,140,8562,6326,3377,9702
294762874043,105,2802,215,15173,6327,3377,9703
294762884961,68,2758,53,2804,6327,3378,9704
294762896140,104,2729,102,8726,6328,3378,9705
294762907295,109,2837,161,15624,6329,3378,9706
294762918271,23,2795,74,2925,6329,3379,9707
294762929405,168,2977,54,3049,6330,3379,9708
294762940327,122,2925,196,7673,6331,3379,9709
294762951460,21,2713,57,2627,6331,3380,9710
294762962485,111,2863,157,15888,6332,3380,9711
294762973614,109,2830,105,8513,6333,3380,9712
294762985197,23,2650,55,2598,6333,3381,9713
294762996181,113,2842,120,5144,6334,3381,9714
294763007093,108,2893,378,36002,6335,3381,9715
294763017959,17,2748,93,4445,6335,3382,9716
294763029216,165,3900,112,8730,6336,3382,9717
294763040672,150,3926,181,14510,6337,3382,9718
294763051409,27,3642,62,2888,6337,3383,9719
294763062584,220,3886,64,3079,6338,3383,9720
294763073785,111,3980,105,8110,6339,3383,9721
294763084882,20,3716,58,2539,6339,3384,9722
294763095795,130,3821,182,15026,6340,3384,9723
294763107288,153,3868,110,7832,6341,3384,9724
294763118302,25,3712,60,2766,6341,3385,9725
294763129332,115,3916,187,16002,6342,3385,9726
294763140908,103,3930,110,8679,6343,3385,9727
294763151572,18,3734,57,2566,6343,3386,9728
294763162858,122,3799,160,15520,6344,3386,9729
294763173736,102,3812,118,3217,6345,3386,9730
294763184714,18,3740,54,2451,6345,3387,9731
294763196003,105,3929,40,1866,6346,3387,9732
294763207376,103,4020,306,33348,6347,3387,9733
294763218167,19,3676,72,4252,6347,3388,9734
294763229395,252,3874,118,8641,6348,3388,9735
294763240843,125,3913,64,2976,6349,3388,9736
294763251458,20,3644,58,2610,6349,3389,9737
294763262453,103,4037,154,14390,6350,3389,9738
294763273596,104,3976,106,8394,6351,3389,9739
294763284727,20,3764,54,2439,6351,3390,9740
294763295867,106,3926,161,15354,6352,3390,9741
294763307047,102,3836,57,3033,6353,3390,9742
294763318443,20,3745,60,2624,6353,3391,9743
294763329391,107,3906,93,7925,6354,3391,9744
294763340772,110,3905,59,2839,6355,3391,9745
294763351914,19,3944,74,2477,6355,3392,9746
294763362950,160,3874,63,2746,6356,3392,9747
294763374192,105,3878,179,15957,6357,3392,9748
294763384964,18,3741,62,3005,6357,3393,9749
294763396583,108,3922,48,2334,6358,3393,9750
294763407332,112,3925,41,1442,6359,3393,9751
294763418079,18,3623,43,1440,6359,3394,9752
294763429255,134,4484,337,34568,6360,3394,9753
294763440580,108,3934,119,9832,6361,3394,9754
294763451796,17,3657,62,3086,6361,3395,9755
294763462713,191,3892,170,15454,6362,3395,9756
294763473616,117,3961,109,8326,6363,3395,9757
294763484921,20,3765,58,2572,6363,3396,9758
294763495926,118,3866,55,2901,6364,3396,9759
294763507061,113,4171,162,15030,6365,3396,9760
294763518190,20,3723,55,2958,6365,3397,9761
294763529157,105,4000,103,8910,6366,3397,9762
294763540630,99,3961,163,15847,6367,3397,9763
294763551819,17,4013,53,2699,6367,3398,9764
294763562806,102,3928,101,8779,6368,3398,9765
294763573639,93,4004,158,15884,6369,3398,9766
294763584934,17,3720,55,2930,6369,3399,9767
294763596112,123,4091,53,2685,6370,3399,9768
294763607281,140,3949,111,8609,6371,3399,9769
294763618589,26,3798,287,2659,6371,3400,9770
294763629526,110,3934,82,3930,6372,3400,9771
294763640290,121,3879,64,3155,6373,3400,9772
294763651614,20,3649,53,2604,6373,3401,9773
294763663273,164,3971,183,15585,6374,3401,9774
294763673861,190,4193,68,3113,6375,3401,9775
294763685032,27,3833,64,2706,6375,3402,9776
294763695893,124,4072,94,7993,6376,3402,9777
294763706907,109,3891,170,16076,6377,3402,9778
294763718228,25,3661,60,3007,6377,3403,9779
294763729287,118,4171,105,8778,6378,3403,9780
294763740684,110,3976,57,2847,6379,3403,9781
294763751954,17,3771,52,2586,6379,3404,9782
294763762653,109,3972,80,5990,6380,3404,9783
294763774127,96,4074,330,35713,6381,3404,9784
294763785283,19,3653,66,4417,6381,3405,9785
294763796029,104,4359,162,15898,6382,3405,9786
294763807355,101,4007,54,3124,6383,3405,9787
294763818207,17,3650,49,2568,6383,3406,9788
294763829305,109,4162,93,7890,6384,3406,9789
294763840571,109,4103,166,15860,6385,3406,9790
294763852080,20,3868,69,2862,6385,3407,9791
294763862581,140,4242,108,8685,6386,3407,9792
294763874147,185,4346,164,15183,6387,3407,9793
294763884866,19,3904,55,2615,6387,3408,9794
294763895997,119,4119,246,8303,6388,3408,9795
294763907024,101,4085,163,15557,6389,3408,9796
294763918082,19,3749,56,2980,6389,3409,9797
294763929224,109,4134,51,3254,6390,3409,9798
294763940539,154,4126,143,7960,6391,3409,9799
294763951649,18,3847,56,2561,6391,3410,9800
294763962483,101,4158,69,4847,6392,3410,9801
294763973638,110,4082,322,35206,6393,3410,9802
294763984867,16,3921,94,4324,6393,3411,9803
294763996168,105,4377,51,3050,6394,3411,9804
294764007242,118,4095,166,15051,6395,3411,9805
294764018207,18,3762,55,2747,6395,3412,9806
294764029290,109,4036,98,8286,6396,3412,9807
294764040653,105,4176,159,15637,6397,3412,9808
294764051787,17,3917,52,2846,6397,3413,9809
294764062747,101,4226,54,3107,6398,3413,9810
294764073988,94,4226,94,7926,6399,3413,9811
294764085067,17,3816,53,2506,6399,3414,9812
294764095968,101,4126,155,15759,6400,3414,9813
294764107374,141,4084,108,7701,6401,3414,9814
294764118015,23,3959,79,2495,6401,3415,9815
294764129459,321,4110,166,15636,6402,3415,9816
294764140335,113,4233,105,8824,6403,3415,9817
294764151998,20,4072,58,2552,6403,3416,9818
294764162465,121,4149,161,15798,6404,3416,9819
294764173731,668,3930,136,3182,6405,3416,9820
294764185318,28,3905,68,2652,6405,3417,9821
294764195953,286,4282,52,1862,6406,3417,9822
294764207125,203,4241,311,32804,6407,3417,9823
294764218409,37,3814,70,4221,6407,3418,9824
294764229743,108,4127,102,8613,6408,3418,9825
294764240507,107,4324,62,2985,6409,3418,9826
294764251633,18,3927,69,2608,6409,3419,9827
294764263062,99,4177,201,14347,6410,3419,9828
294764273798,98,4218,96,8359,6411,3419,9829
294764285322,18,3804,55,2541,6411,3420,9830
294764296159,102,4144,155,15500,6412,3420,9831
294764307101,96,4256,182,3020,6413,3420,9832
294764318184,18,4274,88,2649,6413,3421,9833
294764329300,105,4138,51,2786,6414,3421,9834
294764340866,109,4170,94,7488,6415,3421,9835
294764351783,27,3827,54,1465,6415,3422,9836
294764362625,145,4408,78,4816,6416,3422,9837
294764373669,107,4206,338,35661,6417,3422,9838
294764385217,20,3859,70,4347,6417,3423,9839
294764396178,103,4223,59,3487,6418,3423,9840
294764406901,130,4101,178,15707,6419,3423,9841
294764418530,25,3978,59,2793,6419,3424,9842
294764429825,113,4217,110,2964,6420,3424,9843
294764440550,134,4422,94,7687,6421,3424,9844
294764451861,23,3905,55,2430,6421,3425,9845
294764463026,101,4108,160,15539,6422,3425,9846
294764473927,98,4097,125,8078,6423,3425,9847
294764484909,28,3955,67,2574,6423,3426,9848
294764495966,122,4199,52,2995,6424,3426,9849
294764506866,106,4454,157,15152,6425,3426,9850
294764518606,18,4327,57,2613,6425,3427,9851
294764529044,108,4150,101,8521,6426,3427,9852
294764540263,103,4194,68,4645,6427,3427,9853
294764551432,17,4140,45,1415,6427,3428,9854
294764562527,115,4584,324,34225,6428,3428,9855
294764573784,98,4199,109,9760,6429,3428,9856
294764584838,18,3985,56,2940,6429,3429,9857
294764596151,102,4325,156,15332,6430,3429,9858
294764607119,267,4030,115,8212,6431,3429,9859
294764618337,27,4011,58,2788,6431,3430,9860
294764629175,114,4165,155,14808,6432,3430,9861
294764640679,112,4423,104,8336,6433,3430,9862
294764651619,19,4004,55,2536,6433,3431,9863
294764662953,105,4360,177,15140,6434,3431,9864
294764673964,96,4180,55,3044,6435,3431,9865
294764684824,18,4045,53,2554,6435,3432,9866
294764695924,99,4313,91,7944,6436,3432,9867
294764707188,99,4247,187,15853,6437,3432,9868
294764718103,17,4104,53,2676,6437,3433,9869
294764729396,116,4176,102,8318,6438,3433,9870
294764740703,103,4319,76,5193,6439,3433,9871
294764751606,25,3911,60,1494,6439,3434,9872
294764762877,204,4028,57,1437,6440,3434,9873
294764773967,135,4182,342,35563,6441,3434,9874
294764784606,28,3887,71,4375,6441,3435,9875
294764795891,117,4227,161,15805,6442,3435,9876
294764807442,101,4075,57,3037,6443,3435,9877
294764818011,17,4152,52,2553,6443,3436,9878
294764829613,104,4223,110,7834,6444,3436,9879
294764840664,118,4427,232,15656,6445,3436,9880
294764851525,20,3959,69,2894,6445,3437,9881
294764862914,149,4165,114,9181,6446,3437,9882
294764873507,116,4159,170,15762,6447,3437,9883
294764884685,19,3747,63,2962,6447,3438,9884
294764895728,119,4197,103,8534,6448,3438,9885
294764907390,103,4243,216,15801,6449,3438,9886
294764918283,18,3842,52,2883,6449,3439,9887
294764929531,108,4077,51,3126,6450,3439,9888
294764940738,161,4214,119,7600,6451,3439,9889
294764951506,18,4099,48,1903,6451,3440,9890
294764962804,98,4275,326,33927,6452,3440,9891
294764973795,125,4194,115,9178,6453,3440,9892
294764984804,19,4007,55,2772,6453,3441,9893
294764996109,120,4517,53,3028,6454,3441,9894
294765007077,110,4184,162,15120,6455,3441,9895
294765018167,22,4082,61,2931,6455,3442,9896
294765029557,115,3959,101,8630,6456,3442,9897
294765040122,112,4136,165,15778,6457,3442,9898
294765051342,17,3901,65,3146,6457,3443,9899
294765062893,138,4250,57,3345,6458,3443,9900
294765074274,117,4388,109,8096,6459,3443,9901
294765085056,19,3819,59,2817,6459,3444,9902
294765095853,105,4387,57,3149,6460,3444,9903
294765106801,151,4112,58,2653,6461,3444,9904
294765118610,24,3897,53,2433,6461,3445,9905
294765129658,121,4088,167,15766,6462,3445,9906
294765140463,199,4136,105,8728,6463,3445,9907
294765151503,19,4275,59,2526,6463,3446,9908
294765163170,116,4218,195,15721,6464,3446,9909
294765173632,97,4265,57,3248,6465,3446,9910
294765185095,22,4086,59,2676,6465,3447,9911
294765196225,103,4199,91,7534,6466,3447,9912
294765207148,102,4357,78,5763,6467,3447,9913
294765218321,24,3926,81,1495,6467,3448,9914
294765229249,146,4437,356,35890,6468,3448,9915
294765240522,113,4229,77,4618,6469,3448,9916
294765251884,19,3867,84,2819,6469,3449,9917
294765263377,138,4493,168,15123,6470,3449,9918
294765274122,121,4329,113,8419,6471,3449,9919
294765284809,19,4001,56,2462,6471,3450,9920
294765296179,111,4280,160,15377,6472,3450,9921
294765307502,102,4408,56,2995,6473,3450,9922
294765318268,17,4020,55,2598,6473,3451,9923
294765329559,134,4210,172,7873,6474,3451,9924
294765340612,131,4199,57,2889,6475,3451,9925
294765351734,19,3749,65,2546,6475,3452,9926
294765362791,158,4214,56,2844,6476,3452,9927
294765373698,104,4104,165,15599,6477,3452,9928
294765384868,19,3893,61,2979,6477,3453,9929
294765396167,109,4285,103,8678,6478,3453,9930
294765407225,110,4428,76,4644,6479,3453,9931
294765418484,20,4063,47,1457,6479,3454,9932
294765429552,106,4401,332,34070,6480,3454,9933
294765440215,123,4263,116,9768,6481,3454,9934
294765451818,20,3907,64,2909,6481,3455,9935
294765462651,115,4468,162,15379,6482,3455,9936
294765473849,109,4208,107,8254,6483,3455,9937
294765485012,17,3920,57,2660,6483,3456,9938
294765495923,114,4324,54,3025,6484,3456,9939
294765506890,100,4274,157,15063,6485,3456,9940
294765518073,21,4027,58,2941,6485,3457,9941
294765529243,108,4268,104,8838,6486,3457,9942
294765540770,103,4139,165,15768,6487,3457,9943
294765551235,18,3790,54,2933,6487,3458,9944
294765562517,113,4198,52,3201,6488,3458,9945
294765574132,265,4469,60,2721,6489,3458,9946
294765584809,17,4072,54,2580,6489,3459,9947
294765596016,102,4204,100,8332,6490,3459,9948
294765606940,155,4194,79,5083,6491,3459,9949
294765618282,22,3955,48,1448,6491,3460,9950
294765629304,165,4522,351,35733,6492,3460,9951
294765640054,98,4339,184,16997,6493,3460,9952
294765651824,29,4051,144,3118,6493,3461,9953
294765663015,159,4441,56,3196,6494,3461,9954
294765673764,105,4087,58,2899,6495,3461,9955
294765685225,21,3817,56,2706,6495,3462,9956
294765696081,121,4202,117,7860,6496,3462,9957
294765707153,105,4486,185,15795,6497,3462,9958
294765718355,21,4051,62,2793,6497,3463,9959
294765729596,116,4080,164,8441,6498,3463,9960
294765740432,97,4207,52,2851,6499,3463,9961
294765751642,19,3892,54,2556,6499,3464,9962
294765762519,107,4339,154,15068,6500,3464,9963
294765773784,93,4189,103,8803,6501,3464,9964
294765784868,18,4005,63,2590,6501,3465,9965
294765796017,98,4089,157,15715,6502,3465,9966
294765807047,94,4168,98,8684,6503,3465,9967
294765818585,16,4013,50,2423,6503,3466,9968
294765829168,100,4655,151,12327,6504,3466,9969
294765840632,104,4198,187,16482,6505,3466,9970
294765851565,17,3905,83,3083,6505,3467,9971
294765862865,171,4182,111,8889,6506,3467,9972
294765874302,108,4110,170,15560,6507,3467,9973
294765885016,18,3937,91,2896,6507,3468,9974
294765896031,103,4172,102,8753,6508,3468,9975
294765907389,125,4421,157,15477,6509,3468,9976
294765918118,19,4078,58,3046,6509,3469,9977
294765929250,102,4269,53,3277,6510,3469,9978
294765940782,153,4114,104,8214,6511,3469,9979
294765951519,17,4244,54,2637,6511,3470,9980
294765962777,102,4263,164,16094,6512,3470,9981
294765974039,99,4175,106,8635,6513,3470,9982
294765984854,16,3862,53,2518,6513,3471,9983
294765996143,109,4076,71,5067,6514,3471,9984
294766007535,104,4291,326,35868,6515,3471,9985
294766018180,17,4007,69,4433,6515,3472,9986
294766029439,102,5634,100,8680,6516,3472,9987
294766040454,100,4714,153,14524,6517,3472,9988
294766051538,38,7200,57,2813,6517,3473,9989
294766062644,101,5455,54,2976,6518,3473,9990
294766073674,100,4968,94,7950,6519,3473,9991
294766084546,17,7319,55,2548,6519,3474,9992
294766095748,100,5766,178,15092,6520,3474,9993
294766107006,222,5639,64,2049,6521,3474,9994
294766118248,28,6664,54,1439,6521,3475,9995
294766129345,112,5590,386,35986,6522,3475,9996
294766140297,114,5436,125,10222,6523,3475,9997
294766151320,21,7400,68,2864,6523,3476,9998
294766162910,117,5611,153,14342,6524,3476,9999
294766173684,101,5632,57,2919,6525,3476,10000
294766184918,20,7126,56,2492,6525,3477,10001
294766195873,110,5326,96,7705,6526,3477,10002
294766207047,101,4792,155,14985,6527,3477,10003
294766218299,23,7067,57,2841,6527,3478,10004
294766229382,102,6127,100,8614,6528,3478,10005
294766240517,99,4931,55,2889,6529,3478,10006
294766251594,17,7317,83,2482,6529,3479,10007
294766262684,103,5229,190,15103,6530,3479,10008
294766273779,98,4926,101,8762,6531,3479,10009
294766284821,16,7059,53,2534,6531,3480,10010
294766296163,99,5564,158,15649,6532,3480,10011
294766307046,98,5709,54,3185,6533,3480,10012
294766318166,17,6846,56,2707,6533,3481,10013
294766329492,142,5565,102,8065,6534,3481,10014
294766340476,115,5459,62,2863,6535,3481,10015
294766351305,20,7350,71,2539,6535,3482,10016
294766362818,132,4848,49,2084,6536,3482,10017
294766373521,104,5308,478,43279,6537,3482,10018
294766384999,27,7249,83,5732,6537,3483,10019
294766395804,109,5406,60,3521,6538,3483,10020
294766406759,115,4845,57,3563,6539,3483,10021
294766418140,18,7097,61,3052,6539,3484,10022
294766429331,105,5938,55,3176,6540,3484,10023
294766440296,105,4760,105,8282,6541,3484,10024
294766451491,18,7315,55,2960,6541,3485,10025
294766462888,99,5543,246,16277,6542,3485,10026
294766473839,107,4850,104,8858,6543,3485,10027
294766484484,18,7270,58,2890,6543,3486,10028
294766496062,105,5591,52,3184,6544,3486,10029
294766507130,95,5741,160,15582,6545,3486,10030
294766518577,17,7285,136,3265,6545,3487,10031
294766529680,121,5581,103,9058,6546,3487,10032
294766540266,99,5419,170,16104,6547,3487,10033
294766551357,17,7379,64,3342,6547,3488,10034
294766562970,114,5191,71,3606,6548,3488,10035
294766573788,97,5343,56,3121,6549,3488,10036
294766584857,17,7713,60,2865,6549,3489,10037
294766596290,111,5092,120,8719,6550,3489,10038
294766606862,298,4951,100,5168,6551,3489,10039
294766618368,24,7057,53,1452,6551,3490,10040
294766629265,129,4903,354,35835,6552,3490,10041
294766640560,125,4915,184,16962,6553,3490,10042
294766651318,19,7312,57,3093,6553,3491,10043
294766662791,111,5458,56,3187,6554,3491,10044
294766673619,105,5115,52,2907,6555,3491,10045
294766684778,18,7334,57,2677,6555,3492,10046
294766696168,98,5504,92,7878,6556,3492,10047
294766707036,95,5739,163,15762,6557,3492,10048
294766718428,17,7131,57,2607,6557,3493,10049
294766729513,104,5602,97,8279,6558,3493,10050
294766740582,100,5505,63,2821,6559,3493,10051
294766751309,24,6868,62,2470,6559,3494,10052
294766762916,137,5518,157,14894,6560,3494,10053
294766774013,100,5327,104,8547,6561,3494,10054
294766784838,19,7071,55,2505,6561,3495,10055
294766797317,102,5166,120,11318,6562,3495,10056
294766807294,106,5015,46,1766,6563,3495,10057
294766817957,18,7144,46,1379,6563,3496,10058
294766829132,107,5699,326,35525,6564,3496,10059
294766840311,102,4771,181,17719,6565,3496,10060
294766851692,23,7864,70,3158,6565,3497,10061
294766862769,129,5433,47,1894,6566,3497,10062
294766874211,107,5258,391,36042,6567,3497,10063
294766884855,17,7176,71,4437,6567,3498,10064
294766895864,100,5541,108,8652,6568,3498,10065
294766906929,99,5385,152,14377,6569,3498,10066
294766917998,19,6797,57,2820,6569,3499,10067
294766929146,104,5484,51,3065,6570,3499,10068
294766940413,98,5493,148,8070,6571,3499,10069
294766951391,18,6848,51,2466,6571,3500,10070
294766962680,158,4889,201,15065,6572,3500,10071
294766973475,102,5370,98,8178,6573,3500,10072
294766984999,30,7359,56,2579,6573,3501,10073
294766996140,106,5323,49,2900,6574,3501,10074
294767006787,99,5056,61,3630,6575,3501,10075
294767018234,17,7091,43,1364,6575,3502,10076
294767029126,111,4996,322,35850,6576,3502,10077
294767040185,102,4805,173,17345,6577,3502,10078
294767051466,25,7379,59,3111,6577,3503,10079
294767062731,112,5878,52,2990,6578,3503,10080
294767073587,103,4861,92,7840,6579,3503,10081
294767084852,18,7443,58,2570,6579,3504,10082
294767096083,107,5371,156,15556,6580,3504,10083
294767107075,188,4884,62,2091,6581,3504,10084
294767118076,21,7570,48,1492,6581,3505,10085
294767129364,106,5574,330,36007,6582,3505,10086
294767140366,100,5462,115,10275,6583,3505,10087
294767151757,18,7006,62,2897,6583,3506,10088
294767162888,109,5562,152,14409,6584,3506,10089
294767174030,131,5513,54,3140,6585,3506,10090
294767184810,17,7146,55,2561,6585,3507,10091
294767196113,105,5269,91,7984,6586,3507,10092
294767207115,97,5709,160,15169,6587,3507,10093
294767218304,18,7401,78,2858,6587,3508,10094
294767229331,103,5340,100,8747,6588,3508,10095
294767240537,98,5008,45,1944,6589,3508,10096
294767251523,17,7163,46,1410,6589,3509,10097
294767262635,110,5607,72,5602,6590,3509,10098
294767273853,106,5038,324,35822,6591,3509,10099
294767284776,17,7224,71,4352,6591,3510,10100
294767295895,103,6059,157,15760,6592,3510,10101
294767306925,113,4919,55,3137,6593,3510,10102
294767318242,19,7397,61,2574,6593,3511,10103
294767329566,110,5870,97,7923,6594,3511,10104
294767340573,102,5188,248,15811,6595,3511,10105
294767351850,19,8471,71,2862,6595,3512,10106
294767362794,128,5225,112,9779,6596,3512,10107
294767373674,104,4980,158,15281,6597,3512,10108
294767384835,26,7191,67,2738,6597,3513,10109
294767396120,117,5625,106,8454,6598,3513,10110
294767406849,113,5661,168,15721,6599,3513,10111
294767418494,21,7412,104,2889,6599,3514,10112
294767429309,111,5533,68,3202,6600,3514,10113
294767440756,102,5521,100,8034,6601,3514,10114
294767451620,17,7155,55,2547,6601,3515,10115
294767462564,104,4902,164,16070,6602,3515,10116
294767473669,96,5449,100,8288,6603,3515,10117
294767484821,17,7218,56,2712,6603,3516,10118
294767496295,111,5146,50,3104,6604,3516,10119
294767507065,90,5502,169,15331,6605,3516,10120
294767518395,17,7420,58,3019,6605,3517,10121
294767529260,104,5714,101,8575,6606,3517,10122
294767540567,104,5097,160,15682,6607,3517,10123
294767551673,17,7437,63,2990,6607,3518,10124
294767562914,104,5435,52,3246,6608,3518,10125
294767573882,95,5370,96,7972,6609,3518,10126
294767584960,26,7299,63,2726,6609,3519,10127
294767596069,117,5544,168,16219,6610,3519,10128
294767607331,180,5533,63,1951,6611,3519,10129
294767618486,24,7081,54,1341,6611,3520,10130
294767629502,137,5488,367,35988,6612,3520,10131
294767640408,130,5803,125,10100,6613,3520,10132
294767651623,26,6844,79,3007,6613,3521,10133
294767662787,127,6056,153,14224,6614,3521,10134
294767673490,103,5528,58,3096,6615,3521,10135
294767684533,21,6819,54,2581,6615,3522,10136
294767696254,121,5229,100,8104,6616,3522,10137
294767707122,107,5422,163,15194,6617,3522,10138
294767718247,16,7173,55,2706,6617,3523,10139
294767729506,102,5254,104,8536,6618,3523,10140
294767740579,97,5402,49,2312,6619,3523,10141
294767751606,18,7140,44,1565,6619,3524,10142
294767762789,98,5478,379,43325,6620,3524,10143
294767773757,111,5229,185,11766,6621,3524,10144
294767784986,26,7298,68,3551,6621,3525,10145
294767795785,131,6055,189,15976,6622,3525,10146
294767807225,115,4932,71,3679,6623,3525,10147
294767818369,22,6932,64,3069,6623,3526,10148
294767829145,123,5477,108,8560,6624,3526,10149
294767840288,116,4881,212,16398,6625,3526,10150
294767851147,26,7893,100,3279,6625,3527,10151
294767862683,160,5026,118,9876,6626,3527,10152
294767873652,109,5955,183,15622,6627,3527,10153
294767884698,32,7207,65,3150,6627,3528,10154
294767895922,120,5583,105,9009,6628,3528,10155
294767907106,121,5688,176,16125,6629,3528,10156
294767917887,19,6707,79,3360,6629,3529,10157
294767929166,117,5123,67,3576,6630,3529,10158
294767940476,113,5581,106,8409,6631,3529,10159
294767951662,20,7364,59,2847,6631,3530,10160
294767962766,190,5003,187,16564,6632,3530,10161
294767973807,163,5484,118,7793,6633,3530,10162
294767984851,29,7275,55,1618,6633,3531,10163
294767995661,131,5482,335,32514,6634,3531,10164
294768007027,104,5025,171,17007,6635,3531,10165
294768018010,23,7299,61,3383,6635,3532,10166
294768029565,107,5834,104,9072,6636,3532,10167
294768040455,104,4974,183,16076,6637,3532,10168
294768051196,19,7418,88,3049,6637,3533,10169
294768062752,117,5666,53,3319,6638,3533,10170
294768073998,98,5279,103,8368,6639,3533,10171
294768085134,19,7419,57,2700,6639,3534,10172
294768096062,102,5462,168,16300,6640,3534,10173
294768107234,126,5438,105,8592,6641,3534,10174
294768118350,26,6860,55,2592,6641,3535,10175
294768129395,112,5580,160,15350,6642,3535,10176
294768140545,106,5230,154,9102,6643,3535,10177
294768151662,18,8546,56,2669,6643,3536,10178
294768162992,115,4978,157,15950,6644,3536,10179
294768173581,94,5477,59,3274,6645,3536,10180
294768184635,19,7149,53,2678,6645,3537,10181
294768196078,106,4989,55,1924,6646,3537,10182
294768207082,101,4936,304,33200,6647,3537,10183
294768218155,17,7242,68,4201,6647,3538,10184
294768229369,164,5558,99,8568,6648,3538,10185
294768240236,105,4816,54,2965,6649,3538,10186
294768251658,18,7421,55,2610,6649,3539,10187
294768262959,101,5970,148,14383,6650,3539,10188
294768273618,100,4763,104,8399,6651,3539,10189
294768284950,24,7505,56,2541,6651,3540,10190
294768296106,101,5499,158,15537,6652,3540,10191
294768307138,103,5572,55,3051,6653,3540,10192
294768318333,27,7192,105,2680,6653,3541,10193
294768329316,101,5547,98,8209,6654,3541,10194
294768340362,100,5582,52,2837,6655,3541,10195
294768351475,23,6692,68,2528,6655,3542,10196
294768362560,125,5112,61,3449,6656,3542,10197
294768373895,107,5599,163,15191,6657,3542,10198
294768384939,19,7498,57,2816,6657,3543,10199
294768396342,240,5043,105,8641,6658,3543,10200
294768406865,97,5021,124,11329,6659,3543,10201
294768418163,44,7041,47,1764,6659,3544,10202
294768429372,101,5683,306,33600,6660,3544,10203
294768440223,100,4793,194,9987,6661,3544,10204
294768451790,17,7453,61,2985,6661,3545,10205
294768462765,111,5652,163,15915,6662,3545,10206
294768473699,105,4924,102,8180,6663,3545,10207
294768484847,17,7535,59,2637,6663,3546,10208
294768495996,105,5448,53,2958,6664,3546,10209
294768506982,96,5481,155,14929,6665,3546,10210
294768518035,17,7036,67,2932,6665,3547,10211
294768529412,100,5638,100,8665,6666,3547,10212
294768540585,101,5579,160,15668,6667,3547,10213
294768552006,19,8200,60,2990,6667,3548,10214
294768562880,103,4857,52,3207,6668,3548,10215
294768573710,101,5770,54,2946,6669,3548,10216
294768584726,17,7523,55,2687,6669,3549,10217
294768595932,97,5424,98,8557,6670,3549,10218
294768607261,102,5638,74,5217,6671,3549,10219
294768618260,19,7692,61,1458,6671,3550,10220
294768629183,133,5194,41,1407,6672,3550,10221
294768640135,106,4890,344,36232,6673,3550,10222
294768651347,19,7389,66,4443,6673,3551,10223
294768662613,118,5842,69,3848,6674,3551,10224
294768673664,97,4978,54,2676,6675,3551,10225
294768684632,18,7362,54,2442,6675,3552,10226
294768695867,100,5461,92,8009,6676,3552,10227
294768706888,99,5026,200,14889,6677,3552,10228
294768718215,15,7065,65,2706,6677,3553,10229
294768729155,98,5467,94,8268,6678,3553,10230
294768740087,132,5379,59,2839,6679,3553,10231
294768751640,18,7503,56,2492,6679,3554,10232
294768762791,101,5609,154,15075,6680,3554,10233
294768773574,91,5600,104,8540,6681,3554,10234
294768784826,18,7083,60,2548,6681,3555,10235
294768795977,108,5285,160,15503,6682,3555,10236
294768806959,115,5283,50,2479,6683,3555,10237
294768818255,18,7509,48,1628,6683,3556,10238
294768829317,101,5294,296,32444,6684,3556,10239
294768840462,102,8108,117,9869,6685,3556,10240
294768851712,21,7273,106,2943,6685,3557,10241
294768862975,113,5013,73,5116,6686,3557,10242
294768873456,223,4901,81,1482,6687,3557,10243
294768885099,23,7395,50,1422,6687,3558,10244
294768895954,116,5747,348,35678,6688,3558,10245
294768906961,103,5005,99,5338,6689,3558,10246
294768918207,18,7342,172,2860,6689,3559,10247
294768929349,106,5712,51,2799,6690,3559,10248
294768940861,108,7726,100,7868,6691,3559,10249
294768951533,18,7403,54,2528,6691,3560,10250
294768962536,104,5223,147,14714,6692,3560,10251
294768973651,153,5730,163,8121,6693,3560,10252
294768984918,17,7152,54,2509,6693,3561,10253
294768996116,103,5300,50,2840,6694,3561,10254
294769006826,101,5551,154,14975,6695,3561,10255
294769017902,17,6868,55,2834,6695,3562,10256
294769029192,103,5442,97,8685,6696,3562,10257
294769040356,104,5425,165,15781,6697,3562,10258
294769051525,167,7298,54,2780,6697,3563,10259
294769062897,118,5307,56,3099,6698,3563,10260
294769073596,100,5592,52,2767,6699,3563,10261
294769084529,17,7345,54,2587,6699,3564,10262
294769095759,123,5066,50,1825,6700,3564,10263
294769107240,117,5228,324,35434,6701,3564,10264
294769118144,19,7156,106,4311,6701,3565,10265
294769129282,156,5896,57,3055,6702,3565,10266
294769140661,119,7998,73,3701,6703,3565,10267
294769151439,19,7248,53,2476,6703,3566,10268
294769162498,110,5353,155,15260,6704,3566,10269
294769173620,99,5126,54,3045,6705,3566,10270
294769185094,19,7338,54,2519,6705,3567,10271
294769195972,111,5283,103,7918,6706,3567,10272
294769207119,182,4760,173,15810,6707,3567,10273
294769217979,22,7718,74,2858,6707,3568,10274
294769229579,143,5540,106,8616,6708,3568,10275
294769240636,110,8546,60,2812,6709,3568,10276
294769251224,19,7047,57,2508,6709,3569,10277
294769262883,149,5696,161,15204,6710,3569,10278
294769273569,100,5385,104,8686,6711,3569,10279
294769284716,16,6915,57,2468,6711,3570,10280
294769295956,110,5232,218,15587,6712,3570,10281
294769307107,101,5756,141,8179,6713,3570,10282
294769318190,19,7157,64,2511,6713,3571,10283
294769329274,114,5111,164,16076,6714,3571,10284
294769340084,105,4963,58,1961,6715,3571,10285
294769351359,20,7434,64,1349,6715,3572,10286
294769362443,104,5412,323,35717,6716,3572,10287
294769373510,126,5142,77,4600,6717,3572,10288
294769384907,23,7666,57,2822,6717,3573,10289
294769396186,109,5776,162,15691,6718,3573,10290
294769407274,103,5127,69,3166,6719,3573,10291
294769417987,27,7407,66,2566,6719,3574,10292
294769429297,121,5056,50,2744,6720,3574,10293
294769440428,109,4945,99,7641,6721,3574,10294
294769451161,18,7165,56,2616,6721,3575,10295
294769462653,105,5239,160,15740,6722,3575,10296
294769473401,96,5825,100,8399,6723,3575,10297
294769484837,18,7100,56,2604,6723,3576,10298
294769495960,100,4957,46,2898,6724,3576,10299
294769506675,105,5495,183,15189,6725,3576,10300
294769517792,18,7004,48,2875,6725,3577,10301
294769529324,98,5006,93,8367,6726,3577,10302
294769540289,96,7805,169,15721,6727,3577,10303
294769551483,18,7010,51,2918,6727,3578,10304
294769562578,100,4937,47,2414,6728,3578,10305
294769573749,115,5173,460,35584,6729,3578,10306
294769584925,17,7246,66,4392,6729,3579,10307
294769596136,247,5379,201,16477,6730,3579,10308
294769607001,104,4996,103,8264,6731,3579,10309
294769617864,20,7435,63,2564,6731,3580,10310
294769629177,128,5731,52,2879,6732,3580,10311
294769640795,104,4786,66,3694,6733,3580,10312
294769651252,18,7114,51,2491,6733,3581,10313
294769662922,102,5479,156,15431,6734,3581,10314
294769673506,152,5386,55,3071,6735,3581,10315
294769684597,18,7481,57,2669,6735,3582,10316
294769695879,104,5329,97,8008,6736,3582,10317
294769706840,99,5745,162,15905,6737,3582,10318
294769718084,15,6710,50,2788,6737,3583,10319
294769729682,98,5723,119,8531,6738,3583,10320
294769740297,94,8372,52,2762,6739,3583,10321
294769751472,19,7017,51,2506,6739,3584,10322
294769762557,97,5270,204,15151,6740,3584,10323
294769773900,101,5925,100,8651,6741,3584,10324
294769784900,17,7357,59,2649,6741,3585,10325
294769796262,101,5044,161,15714,6742,3585,10326
294769806966,100,5664,49,2304,6743,3585,10327
294769818259,17,7250,43,1517,6743,3586,10328
294769829301,106,5362,410,35700,6744,3586,10329
294769840447,95,8057,178,18059,6745,3586,10330
294769851593,17,7413,60,3218,6745,3587,10331
294769862850,109,5961,104,8494,6746,3587,10332
294769873527,138,5253,63,3101,6747,3587,10333
294769884582,24,7398,59,2525,6747,3588,10334
294769896015,108,5333,57,3914,6748,3588,10335
294769906941,102,5466,162,15680,6749,3588,10336
294769918061,18,7146,58,2893,6749,3589,10337
294769929701,110,5469,53,3114,6750,3589,10338
294769940594,99,8097,100,8051,6751,3589,10339
294769951385,17,6675,53,2562,6751,3590,10340
294769962738,101,5335,162,15988,6752,3590,10341
294769973813,150,5410,102,8655,6753,3590,10342
294769985113,143,8121,69,2537,6753,3591,10343
294769995876,121,4971,51,2802,6754,3591,10344
294770007217,103,5550,162,15466,6755,3591,10345
294770018244,17,6779,56,2947,6755,3592,10346
294770029657,99,5301,93,7821,6756,3592,10347
294770040680,102,4954,331,44040,6757,3592,10348
294770051411,19,7524,84,6086,6757,3593,10349
294770062533,253,5684,63,4171,6758,3593,10350
294770074048,102,5203,101,8744,6759,3593,10351
294770084915,18,7471,58,3017,6759,3594,10352
294770096164,106,5053,168,16493,6760,3594,10353
294770106867,118,5078,105,8690,6761,3594,10354
294770118436,19,7832,71,2933,6761,3595,10355
294770129190,134,5551,151,14460,6762,3595,10356
294770140495,97,5366,111,9517,6763,3595,10357
294770151390,18,7156,60,2790,6763,3596,10358
294770162627,103,5455,160,15756,6764,3596,10359
294770173677,100,5600,61,3569,6765,3596,10360
294770184835,17,6732,57,2882,6765,3597,10361
294770195819,104,5175,97,8174,6766,3597,10362
294770206735,114,5480,171,16270,6767,3597,10363
294770217925,17,6861,58,3193,6767,3598,10364
294770229178,99,5386,98,8337,6768,3598,10365
294770240315,99,4839,72,5037,6769,3598,10366
294770251951,20,7429,46,1543,6769,3599,10367
294770262694,239,5491,337,36271,6770,3599,10368
294770273499,124,4998,119,10331,6771,3599,10369
294770284879,33,7327,75,2889,6771,3600,10370
294770296157,139,5650,174,14536,6772,3600,10371
294770307115,110,5270,57,3077,6773,3600,10372
294770318308,20,6947,57,2567,6773,3601,10373
294770329617,103,5371,103,8101,6774,3601,10374
294770340701,103,7859,248,15152,6775,3601,10375
294770351758,20,7396,57,2759,6775,3602,10376
294770362828,97,5641,102,9129,6776,3602,10377
294770373555,122,5242,214,15121,6777,3602,10378
294770384620,20,6599,58,2826,6777,3603,10379
294770395973,111,5297,103,9072,6778,3603,10380
294770406980,100,5648,277,15762,6779,3603,10381
294770418064,21,7195,60,2837,6779,3604,10382
294770429597,117,5210,51,3021,6780,3604,10383
294770440360,105,5094,95,7706,6781,3604,10384
294770451288,17,7232,59,2379,6781,3605,10385
294770462329,105,5484,242,24905,6782,3605,10386
294770473348,101,4899,105,8651,6783,3605,10387
294770485005,31,7365,85,2911,6783,3606,10388
294770496106,122,5514,53,3169,6784,3606,10389
294770506782,294,4704,196,15225,6785,3606,10390
294770518246,18,7037,62,3087,6785,3607,10391
294770529138,108,5513,109,8848,6786,3607,10392
294770540120,102,4863,160,15954,6787,3607,10393
294770551793,18,7246,64,3188,6787,3608,10394
294770562515,125,5148,59,3416,6788,3608,10395
294770573854,134,5949,113,8529,6789,3608,10396
294770584796,19,7134,58,2772,6789,3609,10397
294770596140,110,5756,56,3193,6790,3609,10398
294770607094,104,5550,57,2790,6791,3609,10399
294770618290,22,7085,67,2602,6791,3610,10400
294770629098,134,4964,164,15345,6792,3610,10401
294770640243,100,5158,95,7881,6793,3610,10402
294770651530,18,7445,58,1584,6793,3611,10403
294770662523,122,4866,298,32354,6794,3611,10404
294770673571,152,4760,351,14833,6795,3611,10405
294770684958,21,7499,58,3225,6795,3612,10406
294770695907,106,5507,99,8518,6796,3612,10407
294770707144,111,5142,170,16073,6797,3612,10408
294770718316,18,7132,56,3022,6797,3613,10409
294770729355,95,5780,108,8802,6798,3613,10410
294770740829,98,4933,53,2894,6799,3613,10411
294770751663,18,7354,57,2606,6799,3614,10412
294770762577,101,5517,164,15275,6800,3614,10413
294770773897,111,5757,108,8578,6801,3614,10414
294770784733,19,6907,61,2551,6801,3615,10415
294770796010,115,5344,159,15644,6802,3615,10416
294770807080,103,5580,60,3326,6803,3615,10417
294770818195,28,6667,62,2799,6803,3616,10418
294770829342,113,14188,64,3023,6804,3616,10419
294770855106,116,14509,72,1998,6805,3616,10420
294770881051,159,14678,51,1359,6806,3616,10421
294770907363,144,10868,315,33649,6807,3616,10422
294770929595,142,15588,88,2201,6808,3616,10423
294770957042,122,11323,341,33177,6809,3616,10424
294770980080,162,16629,125,10096,6810,3616,10425
294771008608,122,8971,156,14517,6811,3616,10426
294771019582,19,14257,59,2781,6811,3617,10427
294771045208,126,5148,54,2946,6812,3617,10428
294771056170,101,4789,59,2900,6813,3617,10429
294771067925,19,7289,53,2575,6813,3618,10430
294771078826,106,6965,58,2635,6814,3618,10431
294771089942,122,5461,108,7918,6815,3618,10432
294771100893,20,7288,56,2341,6815,3619,10433
294771112012,107,5310,94,5170,6816,3619,10434
294771123190,127,6051,52,1451,6817,3619,10435
294771134430,21,7377,48,1431,6817,3620,10436
294771145555,114,6155,352,36045,6818,3620,10437
294771156483,109,4960,80,5374,6819,3620,10438
294771167668,18,7177,65,2859,6819,3621,10439
294771178695,103,8189,55,2778,6820,3621,10440
294771190048,102,4664,93,7800,6821,3621,10441
294771200649,17,7532,55,2555,6821,3622,10442
294771212136,100,5157,148,14691,6822,3622,10443
294771223329,106,6040,101,8097,6823,3622,10444
294771234435,19,6909,59,2666,6823,3623,10445
294771245509,103,5599,54,3072,6824,3623,10446
294771256716,103,5206,193,14963,6825,3623,10447
294771267801,18,7063,55,2675,6825,3624,10448
294771278784,110,5167,100,8523,6826,3624,10449
294771289628,94,5542,163,15572,6827,3624,10450
294771300565,18,7252,59,2823,6827,3625,10451
294771311722,109,4905,103,8909,6828,3625,10452
294771323335,102,5126,113,9994,6829,3625,10453
294771333924,16,7460,134,1708,6829,3626,10454
294771345497,107,5334,46,1616,6830,3626,10455
294771356953,109,4903,330,36039,6831,3626,10456
294771367567,17,7781,107,4460,6831,3627,10457
294771378582,136,5835,54,3125,6832,3627,10458
294771390177,107,4636,228,15552,6833,3627,10459
294771400694,17,7480,61,2794,6833,3628,10460
294771412079,112,5314,52,3116,6834,3628,10461
294771422985,102,6903,51,2895,6835,3628,10462
294771434218,18,7096,58,2663,6835,3629,10463
294771445437,103,5549,91,7866,6836,3629,10464
294771456747,105,5455,162,15827,6837,3629,10465
294771467844,23,6759,57,3016,6837,3630,10466
294771478504,100,5173,100,8787,6838,3630,10467
294771489627,103,5754,51,2784,6839,3630,10468
294771500686,17,7248,55,2500,6839,3631,10469
294771512074,103,5196,156,15256,6840,3631,10470
294771522905,93,5743,100,8530,6841,3631,10471
294771534079,17,6838,50,2494,6841,3632,10472
294771545217,101,4915,182,14805,6842,3632,10473
294771556624,127,5054,57,1984,6843,3632,10474
294771567720,22,7199,45,1384,6843,3633,10475
294771578845,254,5649,329,35359,6844,3633,10476
294771589916,104,4894,249,17899,6845,3633,10477
294771600960,19,9975,60,3217,6845,3634,10478
294771612291,104,5161,127,8425,6846,3634,10479
294771623302,128,6368,79,5316,6847,3634,10480
294771634197,20,7141,50,1491,6847,3635,10481
294771645700,111,5762,380,35868,6848,3635,10482
294771656397,105,5700,176,17393,6849,3635,10483
294771667700,19,7049,52,3284,6849,3636,10484
294771678586,94,7470,57,3151,6850,3636,10485
294771689544,111,5426,93,7905,6851,3636,10486
294771700651,17,7273,52,2540,6851,3637,10487
294771711935,98,5190,156,15709,6852,3637,10488
294771723101,95,5643,96,8037,6853,3637,10489
294771734363,16,7533,54,2632,6853,3638,10490
294771745460,105,5290,50,2974,6854,3638,10491
294771756374,98,5475,160,15183,6855,3638,10492
294771767564,18,7377,81,2872,6855,3639,10493
294771778718,154,7319,57,2320,6856,3639,10494
294771789795,133,5276,380,33561,6857,3639,10495
294771800999,19,7386,72,4281,6857,3640,10496
294771811999,111,5645,53,2964,6858,3640,10497
294771823082,114,5623,55,2059,6859,3640,10498
294771834387,19,7419,48,1345,6859,3641,10499
294771845304,111,5345,307,33068,6860,3641,10500
294771856256,108,5061,118,10115,6861,3641,10501
294771867643,19,7939,73,2820,6861,3642,10502
294771878836,134,7127,153,13798,6862,3642,10503
294771890117,114,5857,104,8997,6863,3642,10504
294771901336,20,7109,95,2605,6863,3643,10505
294771912247,100,5331,155,15100,6864,3643,10506
294771923136,102,6350,56,2920,6865,3643,10507
294771934279,18,6670,52,2475,6865,3644,10508
294771945137,103,5270,92,7824,6866,3644,10509
294771956288,107,5082,170,15683,6867,3644,10510
294771967440,34,7418,110,2634,6867,3645,10511
294771978777,99,6935,104,8269,6868,3645,10512
294771989915,167,5370,47,2287,6869,3645,10513
294772000708,17,7483,48,1838,6869,3646,10514
294772012094,99,5426,350,33874,6870,3646,10515
294772023322,104,5983,56,2313,6871,3646,10516
294772034507,19,7285,43,1349,6871,3647,10517
294772045493,110,5428,335,33732,6872,3647,10518
294772056637,119,4977,210,4339,6873,3647,10519
294772067584,25,7448,137,2798,6873,3648,10520
294772078595,120,5440,95,8042,6874,3648,10521
294772089590,112,5522,159,15287,6875,3648,10522
294772100647,23,6789,61,2918,6875,3649,10523
294772112343,113,5416,110,9236,6876,3649,10524
294772123162,133,5012,171,15078,6877,3649,10525
294772133994,22,7100,59,2740,6877,3650,10526
294772145681,113,5262,105,9125,6878,3650,10527
294772156732,105,5327,162,15845,6879,3650,10528
294772167472,17,7419,138,2823,6879,3651,10529
294772178681,99,5272,49,3123,6880,3651,10530
294772189880,97,5027,88,7105,6881,3651,10531
294772200805,22,7671,49,1533,6881,3652,10532
294772212065,97,5613,330,44119,6882,3652,10533
294772223319,96,6046,50,2061,6883,3652,10534
294772234355,24,7445,45,1394,6883,3653,10535
294772245650,112,5740,390,35911,6884,3653,10536
294772256257,100,5084,173,16990,6885,3653,10537
294772267470,18,7291,54,3206,6885,3654,10538
294772278655,104,5336,99,8693,6886,3654,10539
294772289633,105,5100,231,15769,6887,3654,10540
294772300778,17,4888,55,2792,6887,3655,10541
294772311885,102,5433,53,3055,6888,3655,10542
294772322810,95,6761,101,8052,6889,3655,10543
294772334190,18,6929,55,2591,6889,3656,10544
294772345246,331,6375,173,15786,6890,3656,10545
294772356344,115,5639,99,7962,6891,3656,10546
294772367511,19,7465,69,2499,6891,3657,10547
294772378865,130,5283,229,15244,6892,3657,10548
294772390058,107,5621,150,9524,6893,3657,10549
294772401067,22,6789,58,2560,6893,3658,10550
294772412598,126,5028,347,15479,6894,3658,10551
294772423014,102,4989,54,2270,6895,3658,10552
294772434426,16,7296,42,1417,6895,3659,10553
294772445376,97,5502,335,35644,6896,3659,10554
294772456730,104,4764,185,18023,6897,3659,10555
294772467260,19,7511,59,3162,6897,3660,10556
294772478842,98,5890,99,8395,6898,3660,10557
294772489619,101,5023,51,2727,6899,3660,10558
294772500947,17,10664,54,2482,6899,3661,10559
294772522937,119,6209,57,3185,6900,3661,10560
294772534190,18,6941,55,2499,6900,3662,10561
294772545208,107,5518,158,15404,6901,3662,10562
294772556786,102,5349,57,3040,6902,3662,10563
294772567697,18,7044,54,2628,6902,3663,10564
294772579030,116,6623,51,2814,6903,3663,10565
294772589927,102,5642,107,8093,6904,3663,10566
294772601140,18,7266,56,2518,6904,3664,10567
294772612256,107,4998,50,2849,6905,3664,10568
294772623059,128,4840,164,14685,6906,3664,10569
294772634341,20,7400,53,2374,6906,3665,10570
294772645333,107,5492,213,22300,6907,3665,10571
294772656835,110,5117,183,8771,6908,3665,10572
294772667756,18,7325,58,2450,6908,3666,10573
294772678954,95,7068,137,12852,6909,3666,10574
294772689649,97,4859,91,7741,6910,3666,10575
294772700824,18,7263,49,2347,6910,3667,10576
294772711990,98,5254,173,15484,6911,3667,10577
294772723146,102,5679,105,8255,6912,3667,10578
294772734324,17,7271,52,2400,6912,3668,10579
294772745135,106,5313,51,2704,6913,3668,10580
294772756228,98,5855,156,15105,6914,3668,10581
294772767916,17,7118,55,2681,6914,3669,10582
294772778889,103,6679,149,8410,6915,3669,10583
294772789919,99,5439,186,15426,6916,3669,10584
294772801071,20,7044,61,2758,6916,3670,10585
294772812282,120,5225,54,2989,6917,3670,10586
294772823040,101,4852,60,2690,6918,3670,10587
294772834804,18,7210,100,2357,6918,3671,10588
294772845116,121,5935,46,2350,6919,3671,10589
294772856572,107,4744,110,8197,6920,3671,10590
294772867552,19,7871,65,2356,6920,3672,10591
294772878719,134,7221,54,2693,6921,3672,10592
294772889986,102,5105,55,3337,6922,3672,10593
294772900623,19,7260,51,2310,6922,3673,10594
294772911950,105,5358,222,15149,6923,3673,10595
294772923149,102,6465,57,2987,6924,3673,10596
294772934315,17,6703,53,2490,6924,3674,10597
294772945201,101,5228,186,7891,6925,3674,10598
294772956653,127,5486,162,15815,6926,3674,10599
294772967614,21,7299,83,2521,6926,3675,10600
294772978960,109,5065,98,8284,6927,3675,10601
294772989615,96,4995,59,2677,6928,3675,10602
294773000569,19,7431,46,2108,6928,3676,10603
294773011950,199,5085,328,33709,6929,3676,10604
294773023363,337,5014,116,9427,6930,3676,10605
294773034290,21,15240,69,2724,6930,3677,10606
294773061092,153,11741,213,13147,6931,3677,10607
294773084640,143,16446,123,8155,6932,3677,10608
294773112791,136,16045,73,2836,6933,3677,10609
294773140112,140,11273,69,3787,6934,3677,10610
294773163067,123,15734,171,15666,6935,3677,10611
294773190440,123,10952,108,8242,6936,3677,10612
294773213044,106,14833,175,15461,6937,3677,10613
294773239678,122,4915,337,37713,6938,3677,10614
294773250497,30,7606,131,4513,6938,3678,10615
294773261672,143,5116,161,15917,6939,3678,10616
294773272684,123,5224,188,9224,6940,3678,10617
294773283906,21,7396,69,2755,6940,3679,10618
294773294913,192,5187,246,15943,6941,3679,10619
294773306105,113,5137,98,3428,6942,3679,10620
294773317289,22,4605,62,2743,6942,3680,10621
294773328526,115,5259,100,8301,6943,3680,10622
294773339154,116,5541,189,16282,6944,3680,10623
294773350338,17,6585,105,3057,6944,3681,10624
294773361849,108,4981,106,9359,6945,3681,10625
294773372600,130,5330,174,16200,6946,3681,10626
294773383685,21,7442,60,2792,6946,3682,10627
294773394981,105,5016,105,8531,6947,3682,10628
294773406247,122,5553,160,15769,6948,3682,10629
294773417365,18,7044,57,3041,6948,3683,10630
294773428511,99,5230,53,3304,6949,3683,10631
294773439379,103,4860,104,8272,6950,3683,10632
294773450807,18,7337,52,2644,6950,3684,10633
294773461780,118,5090,77,4924,6951,3684,10634
294773472766,120,5037,331,35843,6952,3684,10635
294773483888,20,7500,76,4369,6952,3685,10636
294773494917,123,5609,54,3088,6953,3685,10637
294773506735,97,5131,155,15124,6954,3685,10638
294773517502,16,7044,54,2748,6954,3686,10639
294773528584,99,5391,95,8311,6955,3686,10640
294773539609,90,5225,160,15634,6956,3686,10641
294773550723,17,7076,59,2829,6956,3687,10642
294773561874,100,5380,51,3072,6957,3687,10643
294773572677,96,5902,93,7861,6958,3687,10644
294773583834,16,7077,50,2503,6958,3688,10645
294773595004,98,5073,156,15657,6959,3688,10646
294773606102,89,5754,121,7764,6960,3688,10647
294773617177,18,7081,65,2506,6960,3689,10648
294773628381,127,5543,167,16287,6961,3689,10649
294773639574,100,5378,179,8503,6962,3689,10650
294773650607,18,7303,50,2509,6962,3690,10651
294773661713,96,5050,162,15549,6963,3690,10652
294773672540,104,5706,53,3199,6964,3690,10653
294773683730,18,7215,51,2724,6964,3691,10654
294773694995,95,4925,81,6782,6965,3691,10655
294773705977,90,5300,71,5372,6966,3691,10656
294773717151,18,7095,45,1468,6966,3692,10657
294773728337,101,6137,459,36015,6967,3692,10658
294773739424,94,4851,70,4698,6968,3692,10659
294773750579,20,7384,64,2831,6968,3693,10660
294773761849,106,5118,157,15130,6969,3693,10661
294773772451,90,5295,137,8477,6970,3693,10662
294773783561,16,7159,53,2500,6970,3694,10663
294773795289,104,5019,159,15435,6971,3694,10664
294773806074,96,5957,49,3015,6972,3694,10665
294773817322,17,6723,58,2625,6972,3695,10666
294773828408,114,5513,94,7930,6973,3695,10667
294773839446,96,5201,53,2899,6974,3695,10668
294773850394,16,7160,61,2571,6974,3696,10669
294773861827,116,5138,56,2850,6975,3696,10670
294773872879,133,5251,163,15514,6976,3696,10671
294773883754,19,7244,60,2940,6976,3697,10672
294773895059,104,5180,101,8866,6977,3697,10673
294773906070,101,4917,158,15473,6978,3697,10674
294773917138,20,7210,65,2494,6978,3698,10675
294773928335,126,5136,57,3039,6979,3698,10676
294773939562,105,4890,336,36835,6980,3698,10677
294773950761,18,7396,77,4379,6980,3699,10678
294773961677,103,5465,182,16345,6981,3699,10679
294773972947,102,4908,104,8368,6982,3699,10680
294773983747,18,7368,57,2601,6982,3700,10681
294773994798,106,5182,48,2920,6983,3700,10682
294774006449,106,4905,155,14957,6984,3700,10683
294774017320,17,4956,55,2964,6984,3701,10684
294774028438,153,5367,100,8651,6985,3701,10685
294774039371,104,5198,162,15677,6986,3701,10686
294774050291,17,6762,55,2920,6986,3702,10687
294774061597,98,5062,52,3187,6987,3702,10688
294774072608,97,5399,98,8187,6988,3702,10689
294774083807,22,7439,58,2583,6988,3703,10690
294774095514,104,5230,378,2961,6989,3703,10691
294774105901,98,5146,51,2562,6990,3703,10692
294774117338,20,7148,66,2379,6990,3704,10693
294774128719,125,5356,161,15718,6991,3704,10694
294774139447,102,4896,97,7831,6992,3704,10695
294774150784,17,7360,45,1580,6992,3705,10696
294774161910,99,5225,84,6460,6993,3705,10697
294774172468,102,5409,320,34545,6994,3705,10698
294774183873,22,7561,87,4433,6994,3706,10699
294774195274,106,5764,98,8424,6995,3706,10700
294774206160,96,5101,158,15456,6996,3706,10701
294774217196,17,8578,1014,2820,6996,3707,10702
294774228923,291,5260,115,8455,6997,3707,10703
294774239376,129,5347,66,2839,6998,3707,10704
294774250284,27,7293,62,2557,6998,3708,10705
294774261890,127,4985,162,15082,6999,3708,10706
294774272774,106,5278,107,8765,7000,3708,10707
294774283669,18,7132,59,2590,7000,3709,10708
294774294816,127,4922,160,15521,7001,3709,10709
294774306444,110,4944,109,8384,7002,3709,10710
294774317109,18,7443,78,1975,7002,3710,10711
294774328330,123,5763,220,22029,7003,3710,10712
294774339518,120,4918,168,16184,7004,3710,10713
294774350547,18,7482,60,2837,7004,3711,10714
294774361853,113,5649,108,8455,7005,3711,10715
294774373106,133,4909,166,15372,7006,3711,10716
294774383912,19,7264,61,2659,7006,3712,10717
294774395139,109,4832,99,8289,7007,3712,10718
294774406151,110,5359,160,15314,7008,3712,10719
294774417319,19,4853,52,2779,7008,3713,10720
294774428546,100,5418,52,3008,7009,3713,10721
294774439526,99,5360,131,7966,7010,3713,10722
294774450758,19,6970,52,2414,7010,3714,10723
294774461769,101,4932,155,15624,7011,3714,10724
294774472570,97,5277,114,8402,7012,3714,10725
294774483777,17,7350,50,2241,7012,3715,10726
294774495268,110,5342,158,2521,7013,3715,10727
294774506445,103,5607,163,15159,7014,3715,10728
294774517514,17,7462,65,2637,7014,3716,10729
294774528321,108,5149,104,8499,7015,3716,10730
294774539378,121,4769,159,15654,7016,3716,10731
294774550491,17,7410,87,2855,7016,3717,10732
294774561780,109,5144,48,2485,7017,3717,10733
294774572876,122,4980,328,35654,7018,3717,10734
294774584161,19,7405,70,4467,7018,3718,10735
294774594987,117,5768,174,16494,7019,3718,10736
294774606140,103,4885,149,8336,7020,3718,10737
294774616907,28,7135,66,2573,7020,3719,10738
294774628184,131,5308,219,14832,7021,3719,10739
294774639358,110,5265,109,8403,7022,3719,10740
294774650855,18,7407,67,2522,7022,3720,10741
294774661930,109,5397,160,15228,7023,3720,10742
294774672877,105,4990,57,3194,7024,3720,10743
294774683884,20,6946,55,2618,7024,3721,10744
294774694981,122,5070,94,7994,7025,3721,10745
294774706176,115,5560,168,15876,7026,3721,10746
294774717375,17,7129,56,3012,7026,3722,10747
294774728083,118,5103,108,8778,7027,3722,10748
294774739460,125,4770,73,5357,7028,3722,10749
294774750654,18,7482,45,1426,7028,3723,10750
294774761965,101,6022,331,36100,7029,3723,10751
294774772970,121,4753,113,10279,7030,3723,10752
294774783585,17,7388,74,2920,7030,3724,10753
294774795174,173,5064,167,14494,7031,3724,10754
294774806188,152,4972,73,3075,7032,3724,10755
294774817239,30,7357,60,2535,7032,3725,10756
294774828460,113,5420,106,8085,7033,3725,10757
294774839680,118,5377,161,15288,7034,3725,10758
294774850836,21,6952,62,2637,7034,3726,10759
294774861814,110,5198,103,9155,7035,3726,10760
294774873085,146,5156,199,15103,7036,3726,10761
294774884024,22,7053,58,2730,7036,3727,10762
294774895188,117,5081,101,9148,7037,3727,10763
294774906130,98,5785,210,15614,7038,3727,10764
294774917409,17,10574,71,2775,7038,3728,10765
294774939296,119,5207,108,8874,7039,3728,10766
294774950588,18,7173,58,2524,7039,3729,10767
294774961777,108,4975,158,15828,7040,3729,10768
294774972915,104,4984,49,1913,7041,3729,10769
294774983590,17,7422,44,1359,7041,3730,10770
294774995124,111,5624,332,35854,7042,3730,10771
294775006697,103,4807,175,16959,7043,3730,10772
294775017265,17,7260,58,3229,7043,3731,10773
294775028366,103,5581,101,8608,7044,3731,10774
294775039716,152,4875,161,15727,7045,3731,10775
294775050255,16,7385,64,2698,7045,3732,10776
294775061624,118,5381,52,2953,7046,3732,10777
294775072474,103,5604,105,8031,7047,3732,10778
294775083668,18,7429,57,2493,7047,3733,10779
294775095043,114,5117,211,15776,7048,3733,10780
294775105924,98,5624,94,7747,7049,3733,10781
294775116913,30,4592,60,2533,7049,3734,10782
294775128591,116,5732,161,16024,7050,3734,10783
294775139328,103,5118,102,8830,7051,3734,10784
294775150387,19,7127,54,2497,7051,3735,10785
294775161812,112,5035,156,15644,7052,3735,10786
294775172541,100,5084,57,3350,7053,3735,10787
294775184082,17,7176,54,2726,7053,3736,10788
294775195347,102,5094,95,8070,7054,3736,10789
294775206825,103,5436,167,15345,7055,3736,10790
294775217475,21,7212,46,1630,7055,3737,10791
294775228469,105,5611,375,38021,7056,3737,10792
294775239481,99,5072,72,4711,7057,3737,10793
294775250750,36,7550,60,2987,7057,3738,10794
294775261794,102,5420,155,15523,7058,3738,10795
294775272856,106,5049,107,8586,7059,3738,10796
294775283907,18,7384,56,2590,7059,3739,10797
294775295043,118,4993,160,15772,7060,3739,10798
294775306216,128,5799,60,3268,7061,3739,10799
294775317446,21,6999,56,2812,7061,3740,10800
294775328197,109,5672,102,8448,7062,3740,10801
294775339386,107,5080,52,2877,7063,3740,10802
294775350558,18,7101,56,2528,7063,3741,10803
294775361597,99,4893,61,2830,7064,3741,10804
294775372816,129,5155,179,15905,7065,3741,10805
294775383629,20,7242,55,2966,7065,3742,10806
294775394928,105,5132,116,8917,7066,3742,10807
294775406153,133,4779,165,15830,7067,3742,10808
294775417191,21,7364,119,2965,7067,3743,10809
294775428506,190,5519,54,3232,7068,3743,10810
294775439321,101,5340,93,7973,7069,3743,10811
294775450502,17,7482,56,2630,7069,3744,10812
294775462030,103,5595,159,15984,7070,3744,10813
294775472848,98,5309,138,8417,7071,3744,10814
294775483973,16,7282,57,2729,7071,3745,10815
294775494868,104,5470,53,3107,7072,3745,10816
294775506834,100,5881,159,15336,7073,3745,10817
294775517129,17,6977,51,2959,7073,3746,10818
294775528188,97,5394,98,8722,7074,3746,10819
294775539378,97,5353,157,15796,7075,3746,10820
294775550683,16,7480,57,2989,7075,3747,10821
294775561896,101,5361,61,3344,7076,3747,10822
294775572685,94,5438,55,2946,7077,3747,10823
294775584032,17,7301,53,2606,7077,3748,10824
294775595175,101,5445,43,1865,7078,3748,10825
294775606127,95,5049,352,35607,7079,3748,10826
294775616966,24,7087,77,4323,7079,3749,10827
294775628497,118,5865,156,15101,7080,3749,10828
294775639522,103,4965,109,2769,7081,3749,10829
294775650303,17,7664,59,2627,7081,3750,10830
294775661667,103,5397,53,2892,7082,3750,10831
294775672470,93,4919,53,2700,7083,3750,10832
294775684113,20,7260,61,2543,7083,3751,10833
294775695236,128,4948,100,7839,7084,3751,10834
294775705889,127,6027,157,15511,7085,3751,10835
294775717491,18,6799,54,2870,7085,3752,10836
294775728600,116,5694,103,8477,7086,3752,10837
294775739587,109,5092,54,2906,7087,3752,10838
294775750303,17,7459,55,2551,7087,3753,10839
294775761504,106,5264,177,15197,7088,3753,10840
294775773092,94,5874,104,8636,7089,3753,10841
294775784205,18,7265,79,2657,7089,3754,10842
294775795109,106,5181,157,15591,7090,3754,10843
294775805923,101,4869,102,8613,7091,3754,10844
294775817316,18,7133,52,2472,7091,3755,10845
294775828331,96,14996,110,4863,7092,3755,10846
294775854815,130,13312,398,36078,7093,3755,10847
294775879709,226,15597,89,4710,7094,3755,10848
294775906721,140,11332,188,15353,7095,3755,10849
294775929908,132,16777,72,3101,7096,3755,10850
294775958336,142,9469,65,2632,7097,3755,10851
294775969725,20,14140,56,2496,7097,3756,10852
294775995093,152,14407,119,8688,7098,3756,10853
294776020778,143,12004,61,2919,7099,3756,10854
294776044208,167,5089,163,15430,7100,3756,10855
294776055274,106,5779,45,2243,7101,3756,10856
294776066375,24,7572,50,1394,7101,3757,10857
294776078063,103,6695,354,35647,7102,3757,10858
294776088555,97,5866,247,17897,7103,3757,10859
294776099964,23,7305,61,3148,7103,3758,10860
294776111240,110,5601,111,8328,7104,3758,10861
294776122169,135,6210,203,15704,7105,3758,10862
294776133282,21,7113,59,2738,7105,3759,10863
294776144528,111,5718,136,8452,7106,3759,10864
294776155495,96,5593,181,15429,7107,3759,10865
294776166597,22,7042,68,2891,7107,3760,10866
294776177816,102,6229,53,3205,7108,3760,10867
294776189020,96,5375,122,8001,7109,3760,10868
294776199969,22,7177,62,2605,7109,3761,10869
294776211286,119,5163,210,15824,7110,3761,10870
294776222474,106,4912,98,8192,7111,3761,10871
294776233258,17,7304,56,2482,7111,3762,10872
294776244469,108,5699,74,5010,7112,3762,10873
294776255858,108,4967,42,1445,7113,3762,10874
294776266580,17,7557,47,1399,7113,3763,10875
294776277810,105,6926,337,35974,7114,3763,10876
294776288764,109,5788,297,17311,7115,3763,10877
294776300275,21,7422,67,3187,7115,3764,10878
294776310893,120,5188,58,3142,7116,3764,10879
294776321877,113,6470,99,7937,7117,3764,10880
294776333308,19,6937,65,2520,7117,3765,10881
294776344141,108,5307,161,15808,7118,3765,10882
294776355332,106,5401,93,7773,7119,3765,10883
294776366548,20,7030,68,2597,7119,3766,10884
294776378040,140,5751,162,15710,7120,3766,10885
294776388621,101,5581,105,8762,7121,3766,10886
294776399889,17,7032,52,2599,7121,3767,10887
294776411255,152,5058,163,15629,7122,3767,10888
294776422189,106,6093,70,3191,7123,3767,10889
294776433161,18,7189,53,2742,7123,3768,10890
294776444225,100,5187,162,8078,7124,3768,10891
294776455212,102,5794,159,15624,7125,3768,10892
294776466493,17,7223,57,2338,7125,3769,10893
294776478341,108,5487,46,2336,7126,3769,10894
294776488692,120,5772,376,35611,7127,3769,10895
294776499892,16,11084,77,4332,7127,3770,10896
294776522479,187,5264,107,3476,7128,3770,10897
294776533660,19,7161,57,2555,7128,3771,10898
294776544854,109,5583,157,15484,7129,3771,10899
294776556109,153,5281,56,3082,7130,3771,10900
294776567116,18,7428,65,2623,7130,3772,10901
294776578260,110,5781,91,7976,7131,3772,10902
294776589448,101,5272,258,15865,7132,3772,10903
294776600736,18,6716,55,2792,7132,3773,10904
294776611536,102,4993,104,9119,7133,3773,10905
294776622299,124,5584,167,15206,7134,3773,10906
294776633907,21,7361,60,2867,7134,3774,10907
294776644525,114,5304,141,9210,7135,3774,10908
294776655620,99,4848,159,15752,7136,3774,10909
294776666778,26,7309,56,2756,7136,3775,10910
294776678024,112,6288,50,2442,7137,3775,10911
294776688943,103,5748,461,35680,7138,3775,10912
294776700207,17,7497,78,4412,7138,3776,10913
294776711113,123,5183,167,16405,7139,3776,10914
294776722579,97,5573,98,8345,7140,3776,10915
294776733457,15,7151,62,2783,7140,3777,10916
294776744969,161,5402,54,3176,7141,3777,10917
294776755936,99,5189,158,15339,7142,3777,10918
294776766715,18,7274,63,2904,7142,3778,10919
294776778382,109,5622,101,8668,7143,3778,10920
294776788903,103,5652,164,15842,7144,3778,10921
294776800600,18,6880,64,2821,7144,3779,10922
294776811592,102,5575,55,3096,7145,3779,10923
294776822503,143,5714,97,8072,7146,3779,10924
294776833953,17,7527,57,2610,7146,3780,10925
294776844975,111,5179,51,2974,7147,3780,10926
294776856009,100,5172,58,2665,7148,3780,10927
294776866597,18,7765,63,2470,7148,3781,10928
294776878422,135,5796,159,15128,7149,3781,10929
294776889167,111,5086,114,9337,7150,3781,10930
294776900349,20,7386,56,2561,7150,3782,10931
294776911530,107,5147,85,6686,7151,3782,10932
294776922599,97,4950,39,1614,7152,3782,10933
294776933265,19,7108,49,1500,7152,3783,10934
294776944469,100,5725,357,35687,7153,3783,10935
294776955619,106,5460,185,18061,7154,3783,10936
294776966717,18,7410,57,3098,7154,3784,10937
294776978002,101,5928,99,8408,7155,3784,10938
294776989035,131,5411,63,2921,7156,3784,10939
294777000089,21,7299,58,2611,7156,3785,10940
294777011381,115,5401,162,15206,7157,3785,10941
294777022785,108,6148,102,8575,7158,3785,10942
294777033971,20,6981,61,2509,7158,3786,10943
294777044924,161,5466,158,15471,7159,3786,10944
294777056010,104,5306,99,3327,7160,3786,10945
294777067080,17,7111,52,2656,7160,3787,10946
294777078239,99,5522,167,8094,7161,3787,10947
294777088984,100,5176,55,2883,7162,3787,10948
294777100391,36,7223,53,2566,7162,3788,10949
294777111947,102,5264,52,2845,7163,3788,10950
294777122722,122,5399,158,14783,7164,3788,10951
294777133769,20,7509,58,2435,7164,3789,10952
294777144618,109,5849,239,22364,7165,3789,10953
294777155830,105,5416,68,3167,7166,3789,10954
294777166940,17,7582,56,2630,7166,3790,10955
294777177848,106,5275,51,2737,7167,3790,10956
294777189017,140,5182,100,7930,7168,3790,10957
294777200294,23,5454,55,2368,7168,3791,10958
294777211180,111,5138,204,15894,7169,3791,10959
294777222187,105,6749,101,8230,7170,3791,10960
294777233821,19,7015,62,2463,7170,3792,10961
294777244893,114,5482,50,2781,7171,3792,10962
294777255817,130,5165,162,15038,7172,3792,10963
294777266812,19,7305,58,2841,7172,3793,10964
294777278219,127,5343,100,8617,7173,3793,10965
294777289260,105,5480,182,15648,7174,3793,10966
294777300293,20,7443,57,2901,7174,3794,10967
294777311573,107,5266,103,8915,7175,3794,10968
294777322528,97,4866,158,15839,7176,3794,10969
294777333482,18,7152,54,2594,7176,3795,10970
294777344686,167,5557,41,1932,7177,3795,10971
294777356141,96,4890,330,35921,7178,3795,10972
294777367222,17,7788,83,4369,7178,3796,10973
294777378061,135,5940,56,3085,7179,3796,10974
294777389365,104,5154,163,15804,7180,3796,10975
294777400493,20,7474,61,2782,7180,3797,10976
294777411377,109,5590,69,3105,7181,3797,10977
294777422790,101,5593,50,2905,7182,3797,10978
294777433867,18,7174,57,2731,7182,3798,10979
294777444645,107,5547,93,7980,7183,3798,10980
294777455645,104,5225,186,15766,7184,3798,10981
294777466726,18,6664,59,2922,7184,3799,10982
294777478011,113,5526,103,8741,7185,3799,10983
294777489298,114,5422,55,2953,7186,3799,10984
294777500420,18,7330,53,2582,7186,3800,10985
294777511401,99,5563,155,15429,7187,3800,10986
294777522613,93,5518,98,8483,7188,3800,10987
294777533712,20,7064,50,2576,7188,3801,10988
294777544853,95,4923,191,15688,7189,3801,10989
294777555529,93,4924,42,2186,7190,3801,10990
294777566770,20,7406,46,1397,7190,3802,10991
294777578091,96,6134,365,35691,7191,3802,10992
294777589058,95,5127,176,18003,7192,3802,10993
294777599986,15,10677,59,3224,7192,3803,10994
294777611446,100,5382,97,8421,7193,3803,10995
294777622419,129,5551,58,2862,7194,3803,10996
294777633505,21,7433,57,2571,7194,3804,10997
294777644872,111,5363,58,3920,7195,3804,10998
294777655932,95,5591,209,15690,7196,3804,10999
294777666969,18,7005,49,2966,7196,3805,11000
294777678029,99,5739,53,3169,7197,3805,11001
294777689328,96,5757,99,8060,7198,3805,11002
294777700144,17,6567,52,2510,7198,3806,11003
294777711421,99,5296,156,15712,7199,3806,11004
294777722128,98,5707,103,8374,7200,3806,11005
294777733619,28,7380,51,2505,7200,3807,11006
294777744667,96,5253,47,2770,7201,3807,11007
294777755932,127,5599,184,15359,7202,3807,11008
294777766998,17,7048,48,2720,7202,3808,11009
294777778223,95,5779,96,8144,7203,3808,11010
294777788932,100,4935,63,4528,7204,3808,11011
294777800333,17,7212,43,1525,7204,3809,11012
294777811409,96,5929,321,34720,7205,3809,11013
294777822507,94,4874,156,9821,7206,3809,11014
294777833292,16,6936,50,2919,7206,3810,11015
294777844494,98,5554,166,15452,7207,3810,11016
294777855614,101,5497,101,8295,7208,3810,11017
294777866981,23,7941,67,2620,7208,3811,11018
294777877963,137,5584,55,2973,7209,3811,11019
294777888946,102,5579,61,3683,7210,3811,11020
294777900006,19,6807,59,2519,7210,3812,11021
294777911405,112,5639,157,15423,7211,3812,11022
294777922457,95,5468,58,3162,7212,3812,11023
294777933824,18,6673,59,2661,7212,3813,11024
294777944934,104,5325,94,7983,7213,3813,11025
294777955624,99,5157,164,15999,7214,3813,11026
294777967149,55,7289,66,2844,7214,3814,11027
294777977709,132,5032,141,8579,7215,3814,11028
294777989086,102,5346,49,2653,7216,3814,11029
294778000324,24,7396,71,2444,7216,3815,11030
294778011437,162,4787,208,15114,7217,3815,11031
294778022101,158,7054,74,2291,7218,3815,11032
294778033694,29,14867,56,1368,7218,3816,11033
294778060095,186,9126,399,34377,7219,3816,11034
294778071331,113,13768,116,9842,7220,3816,11035
294778097145,146,20186,173,15823,7221,3816,11036
294778128924,158,15265,92,6066,7222,3816,11037
294778155621,121,12599,68,3668,7223,3816,11038
294778180107,155,15438,78,2724,7224,3816,11039
294778207358,122,10301,59,2616,7225,3816,11040
294778218438,19,14201,65,2512,7225,3817,11041
294778244305,130,5088,133,8828,7226,3817,11042
294778255105,123,5756,148,14159,7227,3817,11043
294778266306,19,7538,47,1806,7227,3818,11044
294778277441,109,6413,340,38424,7228,3818,11045
294778288622,107,5613,207,17643,7229,3818,11046
294778299607,17,7282,59,3208,7229,3819,11047
294778310838,105,5254,53,3293,7230,3819,11048
294778321755,135,5937,108,8206,7231,3819,11049
294778333072,18,6879,66,2658,7231,3820,11050
294778343987,105,5486,168,15904,7232,3820,11051
294778355218,113,5931,183,8350,7233,3820,11052
294778366835,17,7263,154,2721,7233,3821,11053
294778377357,153,5941,159,14231,7234,3821,11054
294778388465,125,5526,106,9233,7235,3821,11055
294778399761,17,7579,59,2463,7235,3822,11056
294778410958,106,5365,157,15381,7236,3822,11057
294778421857,96,6143,57,3230,7237,3822,11058
294778433013,16,6743,55,2688,7237,3823,11059
294778444196,115,5211,131,7993,7238,3823,11060
294778455188,114,5384,162,16013,7239,3823,11061
294778466628,23,7232,71,2859,7239,3824,11062
294778477689,139,5822,123,8589,7240,3824,11063
294778488726,156,5246,98,5169,7241,3824,11064
294778499979,23,7432,53,1464,7241,3825,11065
294778510913,123,5858,400,36357,7242,3825,11066
294778522018,110,5578,158,10333,7243,3825,11067
294778533187,21,7529,58,2855,7243,3826,11068
294778544192,112,5369,156,14548,7244,3826,11069
294778555166,104,5921,53,3099,7245,3826,11070
294778566784,19,7409,55,2533,7245,3827,11071
294778577473,153,5437,89,7990,7246,3827,11072
294778588373,116,6056,155,15178,7247,3827,11073
294778599544,20,4861,53,2733,7247,3828,11074
294778611283,103,5514,106,8446,7248,3828,11075
294778622213,180,6320,165,14661,7249,3828,11076
294778633211,21,6643,107,2952,7249,3829,11077
294778644113,107,5359,114,9566,7250,3829,11078
294778655183,106,5488,182,15462,7251,3829,11079
294778666723,20,7574,59,2951,7251,3830,11080
294778677361,103,4843,90,3260,7252,3830,11081
294778688720,116,5125,105,7765,7253,3830,11082
294778699570,25,7035,68,2648,7253,3831,11083
294778710986,139,5015,169,15808,7254,3831,11084
294778722018,116,5075,113,8521,7255,3831,11085
294778733146,23,7582,55,2251,7255,3832,11086
294778743979,118,5626,51,1839,7256,3832,11087
294778755051,113,5705,116,3423,7257,3832,11088
294778766049,30,7032,53,1428,7257,3833,11089
294778777645,104,6202,373,35825,7258,3833,11090
294778788600,104,5781,203,17324,7259,3833,11091
294778799865,23,10938,62,3132,7259,3834,11092
294778822004,116,5415,106,8720,7260,3834,11093
294778833246,20,7144,55,2519,7260,3835,11094
294778844576,113,5461,159,15787,7261,3835,11095
294778855432,99,5627,99,8342,7262,3835,11096
294778866724,18,7515,72,2681,7262,3836,11097
294778877617,140,5613,144,14168,7263,3836,11098
294778888702,107,5176,108,8618,7264,3836,11099
294778900051,27,6891,55,2661,7264,3837,11100
294778911192,109,5421,231,15120,7265,3837,11101
294778922612,232,5110,66,3182,7266,3837,11102
294778933516,19,7364,61,2623,7266,3838,11103
294778944570,119,5332,124,8156,7267,3838,11104
294778955672,102,5138,162,15934,7268,3838,11105
294778966797,18,7240,61,2882,7268,3839,11106
294778977980,102,5444,100,8692,7269,3839,11107
294778988773,116,5356,75,5183,7270,3839,11108
294779000160,23,7949,44,1485,7270,3840,11109
294779011135,99,6089,341,35776,7271,3840,11110
294779022196,96,5603,119,10337,7272,3840,11111
294779033659,18,7355,55,2867,7272,3841,11112
294779044701,105,5317,182,14458,7273,3841,11113
294779055998,105,4944,52,3091,7274,3841,11114
294779066539,18,7311,79,2477,7274,3842,11115
294779078164,154,5225,93,7958,7275,3842,11116
294779089032,119,5336,325,15090,7276,3842,11117
294779100207,23,7386,56,2742,7276,3843,11118
294779111325,104,5532,102,8478,7277,3843,11119
294779122387,122,6185,158,14567,7278,3843,11120
294779133736,20,6983,59,2789,7278,3844,11121
294779144362,112,5206,103,9030,7279,3844,11122
294779155620,99,5300,194,15391,7280,3844,11123
294779166780,17,7278,58,3069,7280,3845,11124
294779177881,97,5071,50,3350,7281,3845,11125
294779188990,100,5170,96,7864,7282,3845,11126
294779199906,17,7282,70,2701,7282,3846,11127
294779211706,123,5380,177,15943,7283,3846,11128
294779222082,100,5374,96,7794,7284,3846,11129
294779233347,18,7018,44,1442,7284,3847,11130
294779244608,178,5690,202,4918,7285,3847,11131
294779256375,480,4828,468,35873,7286,3847,11132
294779266678,22,7376,91,4436,7286,3848,11133
294779278096,160,5263,107,8692,7287,3848,11134
294779289308,105,5158,159,14527,7288,3848,11135
294779300289,19,7156,57,2868,7288,3849,11136
294779311480,108,5553,56,2994,7289,3849,11137
294779322435,145,5452,95,7994,7290,3849,11138
294779333509,19,7386,57,2685,7290,3850,11139
294779344901,121,5573,173,15093,7291,3850,11140
294779355531,104,5234,95,7790,7292,3850,11141
294779366742,18,7709,66,2518,7292,3851,11142
294779377796,175,4996,156,15067,7293,3851,11143
294779388769,105,5068,112,9346,7294,3851,11144
294779400144,16,7188,64,2538,7294,3852,11145
294779411545,109,5311,180,15571,7295,3852,11146
294779422516,100,4971,53,3217,7296,3852,11147
294779433642,16,7346,57,2479,7296,3853,11148
294779445012,160,5584,178,17513,7297,3853,11149
294779455816,95,5007,159,16004,7298,3853,11150
294779466761,18,7634,59,2923,7298,3854,11151
294779477863,97,5037,99,8613,7299,3854,11152
294779489096,110,5194,58,2902,7300,3854,11153
294779499943,16,7326,52,2550,7300,3855,11154
294779511412,94,5598,157,15460,7301,3855,11155
294779522586,90,5589,99,8944,7302,3855,11156
294779533535,17,6907,52,2556,7302,3856,11157
294779544527,94,5564,183,15770,7303,3856,11158
294779555499,97,5631,52,3198,7304,3856,11159
294779566707,16,6484,52,2702,7304,3857,11160
294779578035,95,5057,95,8247,7305,3857,11161
294779589190,94,5630,52,2932,7306,3857,11162
294779600277,16,7359,52,2542,7306,3858,11163
294779611355,93,5356,51,2843,7307,3858,11164
294779622307,127,5266,65,3594,7308,3858,11165
294779633046,23,6856,44,1465,7308,3859,11166
294779644908,107,5047,353,35879,7309,3859,11167
294779655856,94,5515,168,17027,7310,3859,11168
294779666844,17,7299,55,2943,7310,3860,11169
294779678074,120,4988,48,1940,7311,3860,11170
294779688850,195,4857,46,1395,7312,3860,11171
294779699972,42,8289,43,1395,7312,3861,11172
294779710952,111,5614,389,33086,7313,3861,11173
294779722659,110,4903,164,10234,7314,3861,11174
294779733438,27,7224,69,2947,7314,3862,11175
294779744532,120,5246,54,3047,7315,3862,11176
294779755466,114,5484,155,14646,7316,3862,11177
294779767027,30,7128,63,2701,7316,3863,11178
294779777881,111,5821,106,8569,7317,3863,11179
294779788687,105,5757,253,15652,7318,3863,11180
294779799788,19,7057,59,2666,7318,3864,11181
294779811133,102,5470,51,3029,7319,3864,11182
294779822444,91,5593,91,7878,7320,3864,11183
294779833458,21,6588,54,2534,7320,3865,11184
294779845114,129,5105,168,15897,7321,3865,11185
294779855977,97,5439,100,7718,7322,3865,11186
294779867051,19,7918,68,2567,7322,3866,11187
294779878053,135,5107,161,15223,7323,3866,11188
294779888728,118,5427,143,9400,7324,3866,11189
294779900176,18,7214,57,2605,7324,3867,11190
294779911197,106,5358,158,14996,7325,3867,11191
294779922149,105,5154,45,2003,7326,3867,11192
294779933438,29,7296,48,1416,7326,3868,11193
294779944567,117,5451,379,35611,7327,3868,11194
294779955540,102,5309,181,17973,7328,3868,11195
294779966424,18,7491,60,3123,7328,3869,11196
294779977634,161,5262,115,8562,7329,3869,11197
294779989046,127,5145,57,2729,7330,3869,11198
294779999705,20,7357,57,2490,7330,3870,11199
294780011481,111,5471,161,15144,7331,3870,11200
294780022147,128,5570,190,8514,7332,3870,11201
294780033702,27,6940,64,2576,7332,3871,11202
294780044379,116,5528,171,15567,7333,3871,11203
294780055820,109,5394,61,3384,7334,3871,11204
294780066845,19,7081,54,2748,7334,3872,11205
294780077761,108,5189,152,8428,7335,3872,11206
294780088709,159,5570,51,2737,7336,3872,11207
294780099844,19,7488,53,2436,7336,3873,11208
294780111307,109,5344,51,2698,7337,3873,11209
294780122377,154,5321,167,15282,7338,3873,11210
294780133363,20,6973,63,2939,7338,3874,11211
294780144744,118,5019,99,8573,7339,3874,11212
294780155260,112,5688,72,4641,7340,3874,11213
294780166764,19,7505,46,1509,7340,3875,11214
294780177917,101,5932,474,34502,7341,3875,11215
294780189100,107,5607,113,9843,7342,3875,11216
294780200374,19,10870,58,2852,7342,3876,11217
294780222791,116,4888,54,3036,7343,3876,11218
294780233886,20,7416,102,2468,7343,3877,11219
294780244938,150,5439,52,2723,7344,3877,11220
294780255913,103,5218,156,14788,7345,3877,11221
294780266931,18,7596,54,2626,7345,3878,11222
294780278661,144,5560,156,8469,7346,3878,11223
294780289582,97,5497,160,15578,7347,3878,11224
294780300652,19,7276,60,2930,7347,3879,11225
294780311455,133,5554,64,3149,7348,3879,11226
294780322488,127,5290,119,7849,7349,3879,11227
294780333495,19,4791,55,2491,7349,3880,11228
294780345244,119,5291,103,2933,7350,3880,11229
294780356824,103,7950,57,2576,7351,3880,11230
294780367212,17,7966,66,2396,7351,3881,11231
294780378348,138,5462,158,14967,7352,3881,11232
294780389770,107,5382,100,8150,7353,3881,11233
294780400495,16,7364,94,2068,7353,3882,11234
294780411615,162,5250,97,7163,7354,3882,11235
294780422463,141,5344,320,34363,7355,3882,11236
294780434021,18,7175,71,4378,7355,3883,11237
294780444945,115,5951,101,8474,7356,3883,11238
294780456130,136,4902,165,15489,7357,3883,11239
294780467333,20,7551,74,2836,7357,3884,11240
294780478358,107,5601,101,8443,7358,3884,11241
294780489389,108,5093,53,2851,7359,3884,11242
294780500445,19,7477,57,2483,7359,3885,11243
294780511537,106,5551,159,15105,7360,3885,11244
294780522547,111,5416,117,8798,7361,3885,11245
294780533609,18,7035,59,2552,7361,3886,11246
294780545028,116,5648,160,15533,7362,3886,11247
294780555976,102,5311,177,3233,7363,3886,11248
294780567127,17,6985,56,2637,7363,3887,11249
294780578539,106,5244,140,8027,7364,3887,11250
294780589606,101,5416,52,2808,7365,3887,11251
294780600949,18,7626,56,2522,7365,3888,11252
294780611366,105,5268,51,2759,7366,3888,11253
294780622907,131,6936,169,15311,7367,3888,11254
294780634063,21,14363,64,2792,7367,3889,11255
294780659965,145,14738,66,2154,7368,3889,11256
294780686258,206,15360,377,34395,7369,3889,11257
294780713458,128,16459,82,4838,7370,3889,11258
294780741193,120,11707,197,7965,7371,3889,11259
294780764441,124,16574,164,14702,7372,3889,11260
294780792591,125,9133,57,3140,7373,3889,11261
294780803811,104,14481,60,2828,7374,3889,11262
294780829769,118,11042,103,7789,7375,3889,11263
294780852466,140,7461,60,2940,7376,3889,11264
294780863590,18,4792,50,2595,7376,3890,11265
294780874623,308,5265,154,13771,7377,3890,11266
294780885854,19,7720,54,2674,7377,3891,11267
294780896757,114,8186,53,2264,7378,3891,11268
294780907944,110,5554,362,35936,7379,3891,11269
294780918962,17,8490,69,4402,7379,3892,11270
294780930516,103,5178,277,13348,7380,3892,11271
294780941389,104,5585,46,1981,7381,3892,11272
294780952394,18,8396,47,1393,7381,3893,11273
294780963475,104,5031,440,33181,7382,3893,11274
294780974619,200,4929,113,10161,7383,3893,11275
294780985543,18,8901,70,2930,7383,3894,11276
294780997052,120,6025,56,2993,7384,3894,11277
294781008160,104,5335,154,14584,7385,3894,11278
294781019121,18,7976,57,2725,7385,3895,11279
294781030197,108,6071,102,8542,7386,3895,11280
294781041231,98,5280,170,15589,7387,3895,11281
294781052175,18,7775,55,2737,7387,3896,11282
294781063574,101,5323,52,3111,7388,3896,11283
294781074613,200,4911,96,7835,7389,3896,11284
294781085736,22,8221,61,2655,7389,3897,11285
294781096924,166,5344,159,15737,7390,3897,11286
294781107991,108,6040,94,7739,7391,3897,11287
294781119131,19,8449,70,2501,7391,3898,11288
294781130201,156,5365,160,15146,7392,3898,11289
294781141364,118,5619,118,9875,7393,3898,11290
294781152580,20,7554,57,2649,7393,3899,11291
294781163705,107,5172,178,15389,7394,3899,11292
294781174764,103,5559,54,2414,7395,3899,11293
294781185823,45,7868,48,1667,7395,3900,11294
294781196940,109,4881,39,1682,7396,3900,11295
294781208229,104,5627,326,33288,7397,3900,11296
294781219226,18,8398,69,4234,7397,3901,11297
294781230366,103,5261,240,8594,7398,3901,11298
294781241477,103,5455,55,2966,7399,3901,11299
294781252422,16,8358,54,2593,7399,3902,11300
294781263516,97,5603,146,14366,7400,3902,11301
294781274707,102,5048,99,8381,7401,3902,11302
294781285732,18,8186,55,2520,7401,3903,11303
294781296780,106,8193,209,15477,7402,3903,11304
294781308154,132,5326,52,3043,7403,3903,11305
294781319146,21,7730,60,2662,7403,3904,11306
294781330208,108,5737,102,8187,7404,3904,11307
294781341727,137,5157,174,15912,7405,3904,11308
294781352506,22,7907,64,2829,7405,3905,11309
294781363839,118,5597,157,8994,7406,3905,11310
294781374769,141,5032,165,15097,7407,3905,11311
294781385886,24,7649,59,2820,7407,3906,11312
294781396974,112,7916,128,9016,7408,3906,11313
294781408064,114,5876,158,15830,7409,3906,11314
294781419136,34,7327,66,2956,7409,3907,11315
294781430295,117,5568,57,3185,7410,3907,11316
294781441306,100,5770,99,7827,7411,3907,11317
294781452329,19,8022,121,2546,7411,3908,11318
294781463488,106,5406,162,15798,7412,3908,11319
294781474499,107,5489,179,17900,7413,3908,11320
294781485894,19,8140,62,2736,7413,3909,11321
294781497201,130,5558,52,2982,7414,3909,11322
294781507819,97,5189,166,15167,7415,3909,11323
294781519196,24,7689,63,2939,7415,3910,11324
294781530251,162,5451,100,8604,7416,3910,11325
294781541420,102,5306,180,15751,7417,3910,11326
294781552498,19,8253,80,3105,7417,3911,11327
294781563387,117,6926,61,3316,7418,3911,11328
294781574426,103,5340,150,8142,7419,3911,11329
294781585466,18,8274,58,2671,7419,3912,11330
294781597384,112,7101,161,16032,7420,3912,11331
294781607863,102,5223,92,7870,7421,3912,11332
294781618909,18,8385,69,2567,7421,3913,11333
294781630449,145,5355,162,15284,7422,3913,11334
294781641313,140,5023,118,9335,7423,3913,11335
294781652143,19,7979,54,2644,7423,3914,11336
294781663610,106,5466,164,15815,7424,3914,11337
294781674497,113,5737,55,3272,7425,3914,11338
294781685552,21,8110,55,2727,7425,3915,11339
294781696968,102,7879,100,7924,7426,3915,11340
294781708024,107,5645,187,15988,7427,3915,11341
294781719145,23,7069,54,3013,7427,3916,11342
294781730117,115,5229,171,8907,7428,3916,11343
294781741352,105,5504,60,2491,7429,3916,11344
294781752544,21,7341,45,1972,7429,3917,11345
294781763397,110,5395,84,6142,7430,3917,11346
294781774428,106,5147,437,36034,7431,3917,11347
294781785861,20,7636,87,4370,7431,3918,11348
294781796839,121,9453,168,15766,7432,3918,11349
294781807957,105,5105,54,3226,7433,3918,11350
294781819072,19,7957,55,2574,7433,3919,11351
294781830098,106,6041,94,7904,7434,3919,11352
294781841178,103,5003,162,15736,7435,3919,11353
294781852341,18,7968,58,2773,7435,3920,11354
294781863816,107,7439,140,8559,7436,3920,11355
294781874879,199,4987,157,14921,7437,3920,11356
294781885830,21,7574,57,2568,7437,3921,11357
294781896854,106,5443,101,9032,7438,3921,11358
294781907871,104,5253,160,15498,7439,3921,11359
294781919124,23,7944,58,2972,7439,3922,11360
294781930094,121,5692,64,3205,7440,3922,11361
294781941364,118,5935,97,7754,7441,3922,11362
294781952496,22,7633,56,2611,7441,3923,11363
294781963614,104,5483,197,15953,7442,3923,11364
294781974649,111,5566,100,8394,7443,3923,11365
294781985566,20,7667,60,2530,7443,3924,11366
294781997041,118,5262,51,2698,7444,3924,11367
294782007985,104,5812,71,3611,7445,3924,11368
294782019002,20,7945,46,1446,7445,3925,11369
294782030014,109,5194,41,1423,7446,3925,11370
294782041322,102,5616,43,1416,7447,3925,11371
294782052404,17,8399,47,1418,7447,3926,11372
294782063328,101,5251,339,34563,7448,3926,11373
294782074481,99,5018,111,9799,7449,3926,11374
294782086189,123,8092,211,15663,7450,3926,11375
294782096723,22,5348,53,2922,7450,3927,11376
294782108120,178,5365,111,8397,7451,3927,11377
294782119134,20,8508,66,2597,7451,3928,11378
294782130095,141,5445,152,14051,7452,3928,11379
294782141125,109,4774,104,9124,7453,3928,11380
294782152379,19,7713,63,2633,7453,3929,11381
294782163610,119,5457,170,15253,7454,3929,11382
294782174702,114,5674,55,3040,7455,3929,11383
294782186002,19,7315,56,2585,7455,3930,11384
294782197082,103,5342,119,7760,7456,3930,11385
294782207877,104,5602,164,15842,7457,3930,11386
294782219308,19,7403,54,2694,7457,3931,11387
294782230405,103,5388,103,8349,7458,3931,11388
294782241428,109,5706,72,5172,7459,3931,11389
294782252487,18,8352,47,1492,7459,3932,11390
294782263457,100,5463,346,36359,7460,3932,11391
294782274475,100,5404,118,10367,7461,3932,11392
294782285545,19,8471,61,2889,7461,3933,11393
294782297038,104,5356,214,14498,7462,3933,11394
294782307945,111,5339,56,3082,7463,3933,11395
294782319447,21,7677,66,2565,7463,3934,11396
294782330230,155,6028,229,8048,7464,3934,11397
294782341341,108,5152,190,15193,7465,3934,11398
294782352245,21,8207,63,2731,7465,3935,11399
294782363415,116,5382,112,8533,7466,3935,11400
294782374307,181,5079,168,14659,7467,3935,11401
294782385383,23,8107,59,2974,7467,3936,11402
294782397028,115,5093,110,9235,7468,3936,11403
294782408347,262,5304,167,15514,7469,3936,11404
294782419203,21,7494,57,2838,7469,3937,11405
294782430244,125,5430,55,3129,7470,3937,11406
294782441329,108,5884,94,7879,7471,3937,11407
294782452380,21,7822,59,2603,7471,3938,11408
294782463274,103,5169,160,15979,7472,3938,11409
294782474316,106,5529,104,8598,7473,3938,11410
294782485943,19,7609,53,2475,7473,3939,11411
294782496905,99,5249,69,5119,7474,3939,11412
294782508108,108,5400,494,36170,7475,3939,11413
294782518793,17,8514,66,4469,7475,3940,11414
294782530494,103,5177,191,8721,7476,3940,11415
294782541399,122,5204,152,14534,7477,3940,11416
294782552576,21,7540,76,2893,7477,3941,11417
294782563639,105,7417,133,3118,7478,3941,11418
294782574554,175,4929,103,8180,7479,3941,11419
294782585880,24,7545,56,2530,7479,3942,11420
294782596868,113,5025,459,15056,7480,3942,11421
294782607989,133,4883,116,7761,7481,3942,11422
294782619130,25,8633,69,2470,7481,3943,11423
294782630283,137,5499,174,15046,7482,3943,11424
294782641343,135,5610,112,9500,7483,3943,11425
294782652281,19,8088,62,2544,7483,3944,11426
294782663443,112,5456,158,15611,7484,3944,11427
294782674448,105,5794,59,3176,7485,3944,11428
294782685838,22,7246,59,2588,7485,3945,11429
294782696816,119,7724,201,7734,7486,3945,11430
294782707814,110,5625,157,15467,7487,3945,11431
294782719246,25,7760,69,2453,7487,3946,11432
294782730207,158,5283,52,2423,7488,3946,11433
294782741190,111,5633,43,1445,7489,3946,11434
294782752203,22,8460,48,1441,7489,3947,11435
294782763887,114,5212,373,36361,7490,3947,11436
294782774504,104,5444,122,10154,7491,3947,11437
294782785558,18,8948,59,2958,7491,3948,11438
294782797026,111,5592,178,14357,7492,3948,11439
294782808240,101,5059,58,3207,7493,3948,11440
294782819165,19,7908,63,2674,7493,3949,11441
294782830120,123,6227,120,8128,7494,3949,11442
294782841105,135,5219,165,15429,7495,3949,11443
294782852562,30,7715,69,2896,7495,3950,11444
294782863346,123,5466,125,9329,7496,3950,11445
294782874266,134,6013,170,15213,7497,3950,11446
294782885945,22,7776,61,2689,7497,3951,11447
294782896989,111,5610,115,9147,7498,3951,11448
294782907999,110,5554,158,15588,7499,3951,11449
294782918927,19,7866,122,2992,7499,3952,11450
294782930071,108,6381,115,2429,7500,3952,11451
294782941613,129,5611,45,1816,7501,3952,11452
294782952556,21,8476,53,1398,7501,3953,11453
294782963737,117,5367,379,33267,7502,3953,11454
294782974680,301,6863,125,10142,7503,3953,11455
294782985794,25,8340,98,2992,7503,3954,11456
294782996893,141,5224,56,3088,7504,3954,11457
294783008167,109,5119,150,14530,7505,3954,11458
294783019192,19,7625,59,2695,7505,3955,11459
294783030490,100,6235,107,8568,7506,3955,11460
294783041616,104,5301,160,15641,7507,3955,11461
294783052474,28,7675,62,2712,7507,3956,11462
294783063710,114,5299,52,3075,7508,3956,11463
294783074669,183,4986,97,7760,7509,3956,11464
294783085755,19,7714,56,2610,7509,3957,11465
294783096830,112,5812,222,15769,7510,3957,11466
294783107939,115,5770,92,7570,7511,3957,11467
294783118865,18,8672,68,2428,7511,3958,11468
294783130523,192,5571,190,15124,7512,3958,11469
294783141525,106,6027,112,9677,7513,3958,11470
294783152484,17,7540,63,2565,7513,3959,11471
294783163656,118,5515,161,15775,7514,3959,11472
294783174524,108,5385,58,2931,7515,3959,11473
294783186451,649,7178,128,7251,7516,3959,11474
294783196863,22,4626,54,2093,7516,3960,11475
294783208105,121,5497,320,34315,7517,3960,11476
294783219048,19,8273,69,3995,7517,3961,11477
294783230305,102,5332,104,9075,7518,3961,11478
294783241314,102,5449,72,5251,7519,3961,11479
294783252371,18,8329,47,1516,7519,3962,11480
294783263268,100,5254,450,36502,7520,3962,11481
294783274381,106,5232,216,10339,7521,3962,11482
294783285350,19,8944,59,2921,7521,3963,11483
294783296946,114,5888,153,14425,7522,3963,11484
294783308073,116,5083,52,3077,7523,3963,11485
294783319110,19,7823,58,2546,7523,3964,11486
294783330354,104,5578,125,8065,7524,3964,11487
294783341374,109,5031,228,15174,7525,3964,11488
294783352380,16,7937,61,2699,7525,3965,11489
294783363422,116,5537,103,9087,7526,3965,11490
294783374765,154,7443,172,15308,7527,3965,11491
294783385870,19,7425,56,2758,7527,3966,11492
294783396760,103,9800,130,9387,7528,3966,11493
294783408071,109,5456,158,15708,7529,3966,11494
294783419014,19,10745,83,2877,7529,3967,11495
294783430542,101,15811,58,2325,7530,3967,11496
294783457779,132,10471,52,1787,7531,3967,11497
294783469106,20,15618,52,1372,7531,3968,11498
294783496111,134,17568,471,36054,7532,3968,11499
294783524984,131,9351,70,5034,7533,3968,11500
294783536621,220,15933,197,16035,7534,3968,11501
294783564333,112,16671,60,3222,7535,3968,11502
294783592497,118,8904,53,2770,7536,3968,11503
294783603725,117,14574,111,7667,7537,3968,11504
294783630177,143,5754,170,15004,7538,3968,11505
294783641013,103,5687,113,10021,7539,3968,11506
294783652070,21,7650,53,2515,7539,3969,11507
294783663231,122,5368,346,15548,7540,3969,11508
294783674453,116,5477,45,2265,7541,3969,11509
294783685250,20,8111,43,1466,7541,3970,11510
294783696883,110,4938,43,1460,7542,3970,11511
294783707497,107,5676,305,33361,7543,3970,11512
294783718637,18,8894,86,4327,7543,3971,11513
294783730188,102,5303,205,8980,7544,3971,11514
294783740920,94,5409,51,2761,7545,3971,11515
294783751930,18,7769,52,2429,7545,3972,11516
294783763071,100,5786,154,14651,7546,3972,11517
294783774406,100,5174,100,8426,7547,3972,11518
294783785761,19,8061,56,2432,7547,3973,11519
294783796472,111,6194,161,15502,7548,3973,11520
294783807779,102,5497,52,2983,7549,3973,11521
294783818679,17,7870,54,2631,7549,3974,11522
294783829876,108,5173,142,8010,7550,3974,11523
294783840728,114,5950,57,2758,7551,3974,11524
294783852194,19,7859,54,2420,7551,3975,11525
294783863092,103,5078,49,2722,7552,3975,11526
294783874464,135,5420,65,3655,7553,3975,11527
294783885529,24,7753,56,1419,7553,3976,11528
294783896708,126,5171,243,17452,7554,3976,11529
294783907683,210,5178,222,22793,7555,3976,11530
294783918672,21,8571,68,2603,7555,3977,11531
294783929862,129,5296,742,12749,7556,3977,11532
294783941010,141,5594,111,7645,7557,3977,11533
294783952263,25,8035,60,2283,7557,3978,11534
294783963541,120,7877,166,15267,7558,3978,11535
294783974583,196,6563,99,7985,7559,3978,11536
294783985244,20,8027,59,2363,7559,3979,11537
294783996338,127,5210,57,2684,7560,3979,11538
294784007575,111,4967,156,14916,7561,3979,11539
294784018494,25,8264,73,2828,7561,3980,11540
294784030137,114,5404,104,8832,7562,3980,11541
294784041204,119,5654,162,15617,7563,3980,11542
294784052141,17,7879,59,2605,7563,3981,11543
294784063047,104,5722,51,2843,7564,3981,11544
294784074215,154,5545,93,7653,7565,3981,11545
294784085375,31,7720,59,2344,7565,3982,11546
294784096817,128,5253,54,2703,7566,3982,11547
294784107612,237,5446,50,1813,7567,3982,11548
294784118736,114,7851,58,1376,7567,3983,11549
294784129953,146,5210,85,5586,7568,3983,11550
294784140723,168,5518,51,1423,7569,3983,11551
294784152053,21,8207,58,1402,7569,3984,11552
294784162972,137,5188,316,33741,7570,3984,11553
294784174383,116,4862,68,4366,7571,3984,11554
294784185611,22,8514,61,2774,7571,3985,11555
294784197411,108,7589,102,7915,7572,3985,11556
294784207971,113,5241,160,15166,7573,3985,11557
294784218755,224,8041,64,2804,7573,3986,11558
294784229880,105,5552,99,8317,7574,3986,11559
294784241195,107,5671,58,2909,7575,3986,11560
294784252222,20,7725,59,2539,7575,3987,11561
294784263126,107,5310,269,14913,7576,3987,11562
294784274155,104,5550,229,8358,7577,3987,11563
294784285905,36,7292,79,2486,7577,3988,11564
294784296653,148,5016,167,15373,7578,3988,11565
294784307763,148,5418,147,8098,7579,3988,11566
294784318531,23,7910,55,2524,7579,3989,11567
294784330222,154,5269,71,4954,7580,3989,11568
294784341236,111,5781,54,1443,7581,3989,11569
294784352483,23,8116,81,1410,7581,3990,11570
294784363133,107,4943,340,35884,7582,3990,11571
294784374260,146,7084,195,16384,7583,3990,11572
294784385286,20,8671,90,3093,7583,3991,11573
294784396742,144,5605,58,2742,7584,3991,11574
294784407982,120,5448,57,2939,7585,3991,11575
294784419100,20,8120,61,2581,7585,3992,11576
294784429991,103,5787,53,2783,7586,3992,11577
294784441223,102,5327,97,7784,7587,3992,11578
294784452349,19,7785,54,2610,7587,3993,11579
294784463089,103,5414,156,15351,7588,3993,11580
294784474457,100,5538,95,7933,7589,3993,11581
294784485340,19,8028,56,2646,7589,3994,11582
294784496672,112,5381,50,3013,7590,3994,11583
294784507792,97,5452,161,15019,7591,3994,11584
294784518755,17,7771,56,2781,7591,3995,11585
294784529834,101,5252,101,8643,7592,3995,11586
294784541039,117,5748,199,15747,7593,3995,11587
294784552146,24,7590,59,2899,7593,3996,11588
294784563230,110,5506,146,9285,7594,3996,11589
294784574668,104,6433,71,4921,7595,3996,11590
294784585300,18,8643,48,1536,7595,3997,11591
294784596947,106,5183,313,33423,7596,3997,11592
294784607610,113,5136,143,10267,7597,3997,11593
294784618660,22,8397,70,3017,7597,3998,11594
294784629836,123,5391,228,14469,7598,3998,11595
294784641056,99,5511,48,2474,7599,3998,11596
294784652355,21,8182,52,2436,7599,3999,11597
294784663125,94,5767,54,2686,7600,3999,11598
294784674517,102,5190,49,2566,7601,3999,11599
294784685122,18,8202,55,2435,7601,4000,11600
294784696770,103,5124,140,7748,7602,4000,11601
294784707841,109,5621,205,15508,7603,4000,11602
294784718757,17,8086,55,2770,7603,4001,11603
294784729856,99,5537,169,8482,7604,4001,11604
294784740938,100,5674,51,2846,7605,4001,11605
294784752222,52,7349,53,2472,7605,4002,11606
294784763231,111,5340,185,15099,7606,4002,11607
294784774321,99,6992,52,2632,7607,4002,11608
294784785674,20,7598,44,1385,7607,4003,11609
294784796585,102,4970,55,1700,7608,4003,11610
294784807974,116,5474,354,34575,7609,4003,11611
294784818709,18,8650,90,4360,7609,4004,11612
294784829873,307,5525,194,8373,7610,4004,11613
294784841304,167,5063,432,15513,7611,4004,11614
294784852274,22,7622,61,2801,7611,4005,11615
294784863464,111,8569,116,8262,7612,4005,11616
294784874580,158,5142,157,15097,7613,4005,11617
294784885261,19,8025,58,2908,7613,4006,11618
294784896809,112,5255,102,8840,7614,4006,11619
294784907615,108,5012,162,15647,7615,4006,11620
294784918413,17,7946,55,2754,7615,4007,11621
294784930030,105,5376,52,3100,7616,4007,11622
294784941272,99,5558,94,7784,7617,4007,11623
294784952004,17,7900,58,2536,7617,4008,11624
294784963253,106,5522,159,16030,7618,4008,11625
294784974156,105,5297,101,8649,7619,4008,11626
294784985442,18,7549,57,2535,7619,4009,11627
294784996550,105,5251,168,2817,7620,4009,11628
294785007394,112,5351,163,15277,7621,4009,11629
294785018423,20,8187,63,3025,7621,4010,11630
294785029990,121,5504,43,2178,7622,4010,11631
294785041126,104,5809,40,1374,7623,4010,11632
294785052304,18,8401,49,1373,7623,4011,11633
294785063016,102,5287,314,34478,7624,4011,11634
294785074468,108,6581,114,9795,7625,4011,11635
294785085721,18,8301,57,3083,7625,4012,11636
294785096535,104,5771,260,15394,7626,4012,11637
294785107813,102,5515,100,8374,7627,4012,11638
294785118605,23,7953,63,2517,7627,4013,11639
294785130214,122,5112,154,14731,7628,4013,11640
294785140985,155,5080,100,8723,7629,4013,11641
294785152082,19,8080,56,2410,7629,4014,11642
294785163322,102,5453,161,15319,7630,4014,11643
294785174099,135,7264,109,3071,7631,4014,11644
294785185910,27,7849,51,2628,7631,4015,11645
294785196764,105,5325,92,7904,7632,4015,11646
294785207559,100,5528,162,15889,7633,4015,11647
294785218587,17,7785,57,2831,7633,4016,11648
294785230196,104,4987,165,8593,7634,4016,11649
294785241105,149,5729,67,3987,7635,4016,11650
294785252070,20,7637,49,1495,7635,4017,11651
294785263160,115,5310,56,3364,7636,4017,11652
294785274035,112,5183,343,36099,7637,4017,11653
294785285653,21,8412,69,4418,7637,4018,11654
294785296379,116,5276,216,15891,7638,4018,11655
294785307597,102,5312,63,3265,7639,4018,11656
294785318808,26,8282,67,2509,7639,4019,11657
294785330249,136,5499,112,7894,7640,4019,11658
294785340922,106,5298,162,15701,7641,4019,11659
294785351897,19,7859,57,2769,7641,4020,11660
294785363167,107,5826,195,8566,7642,4020,11661
294785374361,150,4933,163,15477,7643,4020,11662
294785385634,20,7740,57,2578,7643,4021,11663
294785396764,120,5630,107,8410,7644,4021,11664
294785407615,104,5845,295,15571,7645,4021,11665
294785419011,18,7573,59,2984,7645,4022,11666
294785429633,113,5504,160,3267,7646,4022,11667
294785440636,98,5745,96,8018,7647,4022,11668
294785451947,22,7925,65,2624,7647,4023,11669
294785463449,128,5282,228,7756,7648,4023,11670
294785474280,111,5526,49,1537,7649,4023,11671
294785485695,21,8082,147,1379,7649,4024,11672
294785496537,111,5453,339,35865,7650,4024,11673
294785507703,115,5378,182,16983,7651,4024,11674
294785518552,19,8857,64,3247,7651,4025,11675
294785530095,109,5323,197,8654,7652,4025,11676
294785541187,102,5666,164,15797,7653,4025,11677
294785551961,17,8380,58,2921,7653,4026,11678
294785563242,106,5812,69,3117,7654,4026,11679
294785574241,107,5212,141,8084,7655,4026,11680
294785585306,19,8467,53,2555,7655,4027,11681
294785596327,99,5466,157,15770,7656,4027,11682
294785607569,91,5753,93,7882,7657,4027,11683
294785618754,23,7646,60,2566,7657,4028,11684
294785629721,128,5730,167,16115,7658,4028,11685
294785641095,101,5697,101,9015,7659,4028,11686
294785652315,18,7397,56,2551,7659,4029,11687
294785663130,102,5339,790,15668,7660,4029,11688
294785674537,150,6402,48,2255,7661,4029,11689
294785685750,20,7503,38,1466,7661,4030,11690
294785696716,99,5012,38,1467,7662,4030,11691
294785707588,103,5488,323,33493,7663,4030,11692
294785718953,18,8120,67,4364,7663,4031,11693
294785730051,116,4898,98,8996,7664,4031,11694
294788142565,198,8142,475,65631,7665,4031,11695
294788153815,137,13458,148,11514,7666,4031,11696
294788178803,134,14364,75,4140,7667,4031,11697
294788204819,120,12699,326,34153,7668,4031,11698
294788228916,112,5421,121,10573,7669,4031,11699
294788240308,106,5490,90,5451,7670,4031,11700
294788251303,23,9191,51,1726,7670,4032,11701
294788262366,105,6078,543,36770,7671,4032,11702
294788273444,112,6256,124,10647,7672,4032,11703
294788285149,18,8487,60,3184,7672,4033,11704
294788295923,102,5487,161,14793,7673,4033,11705
294788307042,105,5174,54,3330,7674,4033,11706
294788317876,19,8315,60,2811,7674,4034,11707
294788328971,107,5337,110,8348,7675,4034,11708
294788340144,110,5497,270,15377,7676,4034,11709
294788351448,24,7901,69,3020,7676,4035,11710
294788362342,109,5321,115,9360,7677,4035,11711
294788373556,134,8611,167,15437,7678,4035,11712
294788384804,22,9156,63,2932,7678,4036,11713
294788395689,113,5415,59,3600,7679,4036,11714
294788406974,107,4945,109,8709,7680,4036,11715
294788417818,19,7446,57,2934,7680,4037,11716
294788429346,117,5858,139,13131,7681,4037,11717
294788440289,116,5254,251,8320,7682,4037,11718
294788451475,30,8035,64,3000,7682,4038,11719
294788462260,124,5532,167,16180,7683,4038,11720
294788473288,101,5160,115,8812,7684,4038,11721
294788484908,20,8202,64,2885,7684,4039,11722
294788496098,119,5869,52,3174,7685,4039,11723
294788506871,108,5731,163,15623,7686,4039,11724
294788518104,19,8277,56,3105,7686,4040,11725
294788529406,102,5123,150,8845,7687,4040,11726
294788540469,97,5691,163,16023,7688,4040,11727
294788551398,18,8145,79,3281,7688,4041,11728
294788562461,107,5338,58,3576,7689,4041,11729
294788573791,99,6078,46,2345,7690,4041,11730
294788584810,18,8931,45,1675,7690,4042,11731
294788595817,106,5243,327,33782,7691,4042,11732
294788606796,103,5286,130,10470,7692,4042,11733
294788618160,20,9506,101,3162,7692,4043,11734
294788628980,133,5693,54,3197,7693,4043,11735
294788640210,103,5400,68,4288,7694,4043,11736
294788651274,19,7866,138,2816,7694,4044,11737
294788662353,139,5538,158,15201,7695,4044,11738
294788673446,111,5210,54,3370,7696,4044,11739
294788684543,19,8245,67,2802,7696,4045,11740
294788695907,111,5620,101,8127,7697,4045,11741
294788707024,101,5816,164,15941,7698,4045,11742
294788718170,17,8225,56,2933,7698,4046,11743
294788729460,104,5206,122,8581,7699,4046,11744
294788740239,105,5844,81,3118,7700,4046,11745
294788751505,23,7631,67,2756,7700,4047,11746
294788762228,128,5527,167,15371,7701,4047,11747
294788773458,116,6136,57,2696,7702,4047,11748
294788785079,21,8924,102,1695,7702,4048,11749
294788796001,188,5059,41,1696,7703,4048,11750
294788806843,114,5000,338,34597,7704,4048,11751
294788818209,20,8880,80,4670,7704,4049,11752
294788829033,116,5083,104,8677,7705,4049,11753
294788840333,107,5511,184,15772,7706,4049,11754
294788851168,20,7302,57,2990,7706,4050,11755
294788862318,112,5616,101,8327,7707,4050,11756
294788873708,138,6329,163,14689,7708,4050,11757
294788884845,23,8259,61,2996,7708,4051,11758
294788896087,113,5536,107,9248,7709,4051,11759
294788907389,105,6015,166,15955,7710,4051,11760
294788917877,17,8005,58,3285,7710,4052,11761
294788929174,100,5121,56,3511,7711,4052,11762
294788939874,101,5998,102,7900,7712,4052,11763
294788951480,18,8165,59,2755,7712,4053,11764
294788963531,150,5194,209,5283,7713,4053,11765
294788973365,114,6312,335,35724,7714,4053,11766
294788984942,24,8161,96,4671,7714,4054,11767
294788995677,132,5558,53,3366,7715,4054,11768
294789007135,112,5549,184,15463,7716,4054,11769
294789018387,19,8271,62,2913,7716,4055,11770
294789029329,110,5519,103,8480,7717,4055,11771
294789040270,105,5630,159,15823,7718,4055,11772
294789051354,18,8387,65,3080,7718,4056,11773
294789062636,104,5577,61,3437,7719,4056,11774
294789073711,100,6364,102,8520,7720,4056,11775
294789084773,18,8083,68,2770,7720,4057,11776
294789096222,135,5563,62,3262,7721,4057,11777
294789107268,111,5555,60,2921,7722,4057,11778
294789118093,19,9081,68,2715,7722,4058,11779
294789129204,164,5357,316,15405,7723,4058,11780
294789140443,146,5729,104,8034,7724,4058,11781
294789151594,20,8099,53,1728,7724,4059,11782
294789162252,171,5428,129,6718,7725,4059,11783
294789173537,121,5825,329,34140,7726,4059,11784
294789184690,20,8977,78,4558,7726,4060,11785
294789195642,117,5366,109,9298,7727,4060,11786
294789206791,109,5560,179,16059,7728,4060,11787
294789217997,25,8934,87,3149,7728,4061,11788
294789229457,121,6083,113,8613,7729,4061,11789
294789240572,109,5337,54,3165,7730,4061,11790
294789251271,19,7349,59,2883,7730,4062,11791
294789262448,146,5375,160,15451,7731,4062,11792
294789273567,153,5086,104,9018,7732,4062,11793
294789284630,18,8453,58,2877,7732,4063,11794
294789295659,104,5410,157,15838,7733,4063,11795
294789306600,150,6378,84,3570,7734,4063,11796
294789318101,28,8035,77,2917,7734,4064,11797
294789329530,884,4905,120,8514,7735,4064,11798
294789340503,119,5659,57,3157,7736,4064,11799
294789351242,23,6848,71,2744,7736,4065,11800
294789362400,153,5321,98,3027,7737,4065,11801
294789373319,165,5338,177,15601,7738,4065,11802
294789384480,23,7500,76,3132,7738,4066,11803
294789396040,129,5209,55,2546,7739,4066,11804
294789406808,131,5750,352,36062,7740,4066,11805
294789417902,23,7314,79,4618,7740,4067,11806
294789428962,144,5539,250,13592,7741,4067,11807
294789440469,184,4843,113,8292,7742,4067,11808
294789451355,26,7252,85,2895,7742,4068,11809
294789462580,161,5400,167,15913,7743,4068,11810
294789473342,118,5120,117,8644,7744,4068,11811
294789484582,24,8145,70,2837,7744,4069,11812
294789495705,135,5108,56,3096,7745,4069,11813
294789507505,303,5408,192,15538,7746,4069,11814
294789518132,25,8041,65,3212,7746,4070,11815
294789529030,129,5103,103,9067,7747,4070,11816
294789540119,106,5974,169,16118,7748,4070,11817
294789551119,18,6774,71,3123,7748,4071,11818
294789562356,132,5228,59,3341,7749,4071,11819
294789573473,131,6143,64,3005,7750,4071,11820
294789584738,25,8229,78,2877,7750,4072,11821
294789595746,140,5038,112,8417,7751,4072,11822
294789606717,141,5476,63,2735,7752,4072,11823
294789618072,30,9589,67,1753,7752,4073,11824
294789628903,170,5771,482,33026,7753,4073,11825
294789639984,125,5533,182,17880,7754,4073,11826
294789651262,23,7336,79,3417,7754,4074,11827
294789662392,160,5436,73,3529,7755,4074,11828
294789673459,156,5312,65,3222,7756,4074,11829
294789684407,21,7432,65,2947,7756,4075,11830
294789695951,135,5299,107,8429,7757,4075,11831
294789707108,127,4869,202,16202,7758,4075,11832
294789717663,29,7341,66,3212,7758,4076,11833
294789729357,129,4934,102,9000,7759,4076,11834
294789740258,112,5853,66,3182,7760,4076,11835
294789751715,18,7590,57,2894,7760,4077,11836
294789762410,114,5204,190,15783,7761,4077,11837
294789773382,119,5416,131,9278,7762,4077,11838
294789784668,35,8134,61,2886,7762,4078,11839
294789795628,138,4979,169,16184,7763,4078,11840
294789806807,125,5426,115,8512,7764,4078,11841
294789817759,27,7039,65,2318,7764,4079,11842
294789829309,142,5007,78,5557,7765,4079,11843
294789839863,124,5588,346,33565,7766,4079,11844
294789851093,21,7340,82,4591,7766,4080,11845
294789862368,147,5216,129,8970,7767,4080,11846
294789873341,146,4958,74,3067,7768,4080,11847
294789884737,27,9055,65,2730,7768,4081,11848
294789895874,123,5918,266,15454,7769,4081,11849
294789906922,109,5188,56,3278,7770,4081,11850
294789918008,22,8025,70,2832,7770,4082,11851
294789929271,130,5406,55,3038,7771,4082,11852
294789940110,107,5141,97,7939,7772,4082,11853
294789951399,20,8059,78,2815,7772,4083,11854
294789963310,1287,6568,175,15841,7773,4083,11855
294789973685,116,5658,189,8602,7774,4083,11856
294789985049,20,8045,63,2945,7774,4084,11857
294789995942,1170,5640,72,3334,7775,4084,11858
294790006802,119,5962,160,15534,7776,4084,11859
294790017894,20,10005,70,2911,7776,4085,11860
294790029231,164,15247,131,8694,7777,4085,11861
294790055855,137,11664,85,4935,7778,4085,11862
294790079409,114,14705,367,35838,7779,4085,11863
294790105733,212,11720,97,6519,7780,4085,11864
294790129349,157,16532,73,3272,7781,4085,11865
294790157526,129,10932,175,15129,7782,4085,11866
294790179896,166,16016,68,3227,7783,4085,11867
294790207426,117,9938,56,2911,7784,4085,11868
294790218671,20,12875,158,2735,7784,4086,11869
294790242732,135,4852,165,8823,7785,4086,11870
294790254282,129,5984,159,15122,7786,4086,11871
294790265358,24,7128,60,2991,7786,4087,11872
294790276581,104,5292,101,8755,7787,4087,11873
294790287834,141,5541,170,16062,7788,4087,11874
294790298682,19,7380,58,3047,7788,4088,11875
294790309969,102,5863,101,8798,7789,4088,11876
294790321249,101,5822,328,32552,7790,4088,11877
294790331812,26,6938,79,4602,7790,4089,11878
294790343046,124,5471,172,16633,7791,4089,11879
294790354402,172,7210,52,2332,7792,4089,11880
294790365295,20,7643,114,1657,7792,4090,11881
294790376632,133,5557,347,36163,7793,4090,11882
294790387620,124,6331,86,5780,7794,4090,11883
294790398866,18,7196,63,3139,7794,4091,11884
294790410083,116,5324,160,15817,7795,4091,11885
294790421150,121,5757,59,3332,7796,4091,11886
294790431948,18,9779,58,2844,7796,4092,11887
294790443055,103,5238,99,8257,7797,4092,11888
294790454105,179,6115,169,16194,7798,4092,11889
294790465203,18,6712,75,3054,7798,4093,11890
294790477070,109,5203,213,8863,7799,4093,11891
294790487275,138,5711,57,2931,7800,4093,11892
294790498517,18,7416,79,2706,7800,4094,11893
294790509970,99,5198,156,15383,7801,4094,11894
294790520916,101,5832,103,8715,7802,4094,11895
294790532089,18,9281,52,2283,7802,4095,11896
294790543212,97,5511,310,34054,7803,4095,11897
294790554340,182,7219,57,2484,7804,4095,11898
294790565245,23,7293,80,1701,7804,4096,11899
294790576414,125,5482,330,35674,7805,4096,11900
294790587533,114,6395,85,5589,7806,4096,11901
294790598906,20,7177,51,1653,7806,4097,11902
294790609821,130,5071,326,35794,7807,4097,11903
294790620717,162,6861,172,15878,7808,4097,11904
294790631792,22,6871,212,3369,7808,4098,11905
294790643054,111,5341,201,9504,7809,4098,11906
294790654293,113,7900,187,15572,7810,4098,11907
294790665557,19,7487,61,3265,7810,4099,11908
294790676199,176,5409,51,3388,7811,4099,11909
294790687177,103,6527,102,8062,7812,4099,11910
294790698788,22,7239,57,2846,7812,4100,11911
294790709444,99,5022,181,15944,7813,4100,11912
294790720973,97,5876,100,8365,7814,4100,11913
294790731789,17,9328,57,2772,7814,4101,11914
294790743129,99,5851,50,2667,7815,4101,11915
294790754194,172,6499,87,3655,7816,4101,11916
294790765189,26,7218,72,1686,7816,4102,11917
294790776240,120,5618,327,36152,7817,4102,11918
294790787583,107,6163,231,17564,7818,4102,11919
294790798790,23,7448,64,3442,7818,4103,11920
294790809915,106,4970,55,3338,7819,4103,11921
294790820723,242,6355,110,8210,7820,4103,11922
294790831906,22,6860,64,2783,7820,4104,11923
294790843125,172,5684,176,15950,7821,4104,11924
294790854330,107,7689,126,8533,7822,4104,11925
294790865419,18,7183,67,2846,7822,4105,11926
294790876807,153,5303,175,14383,7823,4105,11927
294790887687,104,5863,130,9519,7824,4105,11928
294790898581,20,7515,57,2848,7824,4106,11929
294790909726,111,5256,156,15652,7825,4106,11930
294790920739,125,6057,54,3396,7826,4106,11931
294790931925,18,9247,61,2830,7826,4107,11932
294790943061,112,5105,93,7998,7827,4107,11933
294790954081,104,7494,163,15963,7828,4107,11934
294790964995,18,6249,58,2922,7828,4108,11935
294790976782,104,5864,184,18515,7829,4108,11936
294790987722,138,6002,68,3214,7830,4108,11937
294790998759,18,7253,61,2856,7830,4109,11938
294791009910,112,4985,160,15515,7831,4109,11939
294791020542,102,6618,103,9149,7832,4109,11940
294791032025,18,6742,66,2835,7832,4110,11941
294791043329,113,5622,163,15978,7833,4110,11942
294791054023,103,8182,61,3587,7834,4110,11943
294791065442,18,7324,58,2977,7834,4111,11944
294791076396,105,5331,109,8497,7835,4111,11945
294791087507,131,6337,173,16397,7836,4111,11946
294791098480,18,7408,59,3345,7836,4112,11947
294791109843,108,5291,111,9695,7837,4112,11948
294791120854,116,6329,204,15605,7838,4112,11949
294791132072,23,8979,61,3183,7838,4113,11950
294791142981,113,5120,111,10071,7839,4113,11951
294791153966,101,7966,165,16075,7840,4113,11952
294791165097,19,6674,109,3328,7840,4114,11953
294791176256,113,5982,52,3242,7841,4114,11954
294791187366,193,6198,115,2092,7842,4114,11955
294791198526,17,7280,77,1667,7842,4115,11956
294791210022,105,5806,333,33558,7843,4115,11957
294791221188,133,5984,118,10388,7844,4115,11958
294791232435,18,9107,64,3051,7844,4116,11959
294791243430,105,5398,49,3130,7845,4116,11960
294791254446,96,7369,156,14856,7846,4116,11961
294791265561,19,7121,58,2981,7846,4117,11962
294791276762,108,5609,101,8757,7847,4117,11963
294791287652,187,6189,168,15860,7848,4117,11964
294791298537,17,6802,54,3130,7848,4118,11965
294791309920,101,5155,60,3471,7849,4118,11966
294791320836,134,6032,99,8272,7850,4118,11967
294791331883,18,9553,57,2790,7850,4119,11968
294791343374,114,5242,163,16282,7851,4119,11969
294791354258,96,7699,130,8033,7852,4119,11970
294791365320,20,7361,66,2782,7852,4120,11971
294791376497,137,5159,156,15402,7853,4120,11972
294791387724,120,5345,126,9675,7854,4120,11973
294791398851,22,7189,73,2911,7854,4121,11974
294791409673,156,5809,184,15779,7855,4121,11975
294791420732,163,5915,48,2248,7856,4121,11976
294791432030,19,9332,51,1691,7856,4122,11977
294791443210,111,5508,345,35727,7857,4122,11978
294791454181,108,6336,185,18208,7858,4122,11979
294791465293,22,7402,66,3435,7858,4123,11980
294791476246,111,5629,100,8675,7859,4123,11981
294791487303,103,6520,59,3170,7860,4123,11982
294791498681,18,6953,52,2853,7860,4124,11983
294791509982,99,5665,157,15495,7861,4124,11984
294791520826,101,5914,127,8711,7862,4124,11985
294791531954,15,6605,54,2868,7862,4125,11986
294791543237,104,5247,156,15826,7863,4125,11987
294791553957,91,5725,60,3608,7864,4125,11988
294791565141,18,7200,54,2860,7864,4126,11989
294791576792,108,5426,134,8357,7865,4126,11990
294791587687,130,5309,206,16212,7866,4126,11991
294791598498,20,7488,65,3080,7866,4127,11992
294791610122,118,5334,114,9444,7867,4127,11993
294791622380,230,5583,93,5511,7868,4127,11994
294791631836,26,6988,59,1868,7868,4128,11995
294791643066,121,5615,358,36347,7869,4128,11996
294791653975,108,5930,94,6873,7870,4128,11997
294791665231,20,7210,55,1906,7870,4129,11998
294791676307,114,5638,326,34293,7871,4129,11999
294791687446,104,6011,121,10760,7872,4129,12000
294791698466,17,7452,59,3070,7872,4130,12001
294791710057,103,5611,165,15844,7873,4130,12002
294791720924,133,5938,105,8454,7874,4130,12003
294791732040,27,6555,55,2734,7874,4131,12004
294791743130,104,5410,99,3073,7875,4131,12005
294791754192,113,5684,161,15286,7876,4131,12006
294791765571,26,7222,55,3086,7876,4132,12007
294791776397,110,5327,104,8985,7877,4132,12008
294791787748,109,6111,219,16074,7878,4132,12009
294791798547,25,7175,60,3185,7878,4133,12010
294791810059,121,5349,63,3494,7879,4133,12011
294791820702,138,6076,105,8460,7880,4133,12012
294791831810,18,7152,81,2841,7880,4134,12013
294791843257,120,5202,51,3219,7881,4134,12014
294791853973,101,6309,59,2745,7882,4134,12015
294791865310,20,7628,67,2527,7882,4135,12016
294791876662,151,5667,90,6116,7883,4135,12017
294791887703,216,6390,355,36402,7884,4135,12018
294791898281,20,7396,110,4660,7884,4136,12019
294791909956,109,5527,100,8956,7885,4136,12020
294791920812,120,6255,152,13549,7886,4136,12021
294791932266,22,7318,65,2901,7886,4137,12022
294791942948,117,5606,110,8130,7887,4137,12023
294791954150,107,6382,156,14857,7888,4137,12024
294791965138,18,7211,56,2995,7888,4138,12025
294791976448,116,5567,100,8826,7889,4138,12026
294791987658,103,6367,57,3100,7890,4138,12027
294791998644,20,6769,83,2826,7890,4139,12028
294792009834,122,5027,154,15235,7891,4139,12029
294792020637,125,6173,102,8841,7892,4139,12030
294792031860,16,7046,61,2831,7892,4140,12031
294792043306,105,5391,161,15784,7893,4140,12032
294792054297,171,5847,63,3415,7894,4140,12033
294792065303,18,7329,56,2890,7894,4141,12034
294792077035,151,5302,57,3114,7895,4141,12035
294792087348,102,6706,52,2884,7896,4141,12036
294792098754,17,7492,56,2876,7896,4142,12037
294792109910,104,5578,102,8721,7897,4142,12038
294792120551,250,6984,64,3066,7898,4142,12039
294792132235,20,7501,61,2832,7898,4143,12040
294792143076,129,5634,172,16193,7899,4143,12041
294792154232,115,6199,91,3421,7900,4143,12042
294792165573,22,6725,62,2932,7900,4144,12043
294792176287,117,5652,53,3105,7901,4144,12044
294792187489,196,6287,100,8063,7902,4144,12045
294792198389,18,6976,62,2962,7902,4145,12046
294792209755,114,5069,164,16159,7903,4145,12047
294792220635,104,6687,107,8640,7904,4145,12048
294792231943,17,6848,57,2843,7904,4146,12049
294792243265,101,5329,52,3176,7905,4146,12050
294792254146,100,6140,164,15484,7906,4146,12051
294792265258,23,6900,114,3209,7906,4147,12052
294792276355,111,5408,103,9062,7907,4147,12053
294792287444,106,5859,175,16122,7908,4147,12054
294792298831,18,7343,61,3276,7908,4148,12055
294792309975,101,5988,49,2728,7909,4148,12056
294792320671,102,6328,46,1746,7910,4148,12057
294792331879,18,9848,68,1713,7910,4149,12058
294792343081,127,5492,331,33650,7911,4149,12059
294792354288,107,6896,137,10730,7912,4149,12060
294792365374,25,7164,69,3262,7912,4150,12061
294792376381,153,5563,56,3291,7913,4150,12062
294792387498,116,6383,64,3853,7914,4150,12063
294792398678,18,6974,66,2784,7914,4151,12064
294792409795,112,5520,155,15218,7915,4151,12065
294792420759,104,11477,69,3299,7916,4151,12066
294792443546,131,10621,109,8069,7917,4151,12067
294792455109,114,17483,180,16087,7918,4151,12068
294792483946,257,16756,119,8441,7919,4151,12069
294792512879,166,17083,171,14893,7920,4151,12070
294792541672,127,8967,98,2831,7921,4151,12071
294792552864,226,14976,52,1749,7922,4151,12072
294792579489,115,14983,346,35973,7923,4151,12073
294792606370,227,10616,93,6428,7924,4151,12074
294792628585,153,5058,62,3299,7925,4151,12075
294792639580,110,5138,66,4008,7926,4151,12076
294792651206,22,7221,62,2763,7926,4152,12077
294792661883,108,5551,166,15774,7927,4152,12078
294792672885,100,5833,55,3266,7928,4152,12079
294792684548,18,8157,58,2809,7928,4153,12080
294792695173,139,5408,98,8090,7929,4153,12081
294792706662,107,5722,163,16083,7930,4153,12082
294792717681,25,6824,53,3062,7930,4154,12083
294792728974,121,5070,113,8839,7931,4154,12084
294792739781,127,5644,55,2975,7932,4154,12085
294792751130,21,9879,62,2701,7932,4155,12086
294792762228,111,5281,160,15480,7933,4155,12087
294792773372,106,5561,64,2654,7934,4155,12088
294792784509,289,8356,51,1724,7934,4156,12089
294792795188,108,4791,40,1719,7935,4156,12090
294792806741,106,5563,330,34936,7936,4156,12091
294792817481,17,7366,83,4665,7936,4157,12092
294792828965,123,5057,102,8672,7937,4157,12093
294792839635,112,5070,168,15835,7938,4157,12094
294792850855,20,7802,62,3190,7938,4158,12095
294792861974,114,5667,99,8775,7939,4158,12096
294792873535,138,5157,105,3180,7940,4158,12097
294792884007,21,7456,59,2935,7940,4159,12098
294792895611,111,5393,62,4132,7941,4159,12099
294792906723,382,4965,165,15841,7942,4159,12100
294792917627,19,6987,91,3208,7942,4160,12101
294792928518,111,5458,56,3487,7943,4160,12102
294792939533,103,5723,99,8157,7944,4160,12103
294792950696,18,7141,57,2831,7944,4161,12104
294792962149,103,5451,164,16198,7945,4161,12105
294792973038,109,5713,107,8749,7946,4161,12106
294792984278,18,7449,59,2763,7946,4162,12107
294792995263,106,4880,59,3022,7947,4162,12108
294793006192,129,5526,160,15571,7948,4162,12109
294793017360,23,7675,67,3151,7948,4163,12110
294793028848,269,5242,110,8911,7949,4163,12111
294793039838,123,5220,170,16076,7950,4163,12112
294793051173,19,9749,67,3336,7950,4164,12113
294793062179,120,5717,50,2778,7951,4164,12114
294793072966,112,4958,354,35906,7952,4164,12115
294793084028,20,7676,82,4707,7952,4165,12116
294793095656,118,5400,168,16696,7953,4165,12117
294793106943,284,5555,155,8615,7954,4165,12118
294793117509,22,7685,99,2881,7954,4166,12119
294793128579,131,5413,147,14506,7955,4166,12120
294793139705,107,5499,117,9600,7956,4166,12121
294793151069,19,7033,59,2834,7956,4167,12122
294793162223,110,5171,158,15613,7957,4167,12123
294793173174,107,5691,64,3437,7958,4167,12124
294793184265,17,8330,56,2848,7958,4168,12125
294793195187,162,5387,96,7979,7959,4168,12126
294793206496,108,5754,81,6070,7960,4168,12127
294793217697,22,7319,63,1792,7960,4169,12128
294793228888,135,5398,602,36483,7961,4169,12129
294793240035,133,4897,85,4962,7962,4169,12130
294793250696,22,7312,60,3109,7962,4170,12131
294793262007,116,5926,164,15406,7963,4170,12132
294793273035,128,4939,112,8767,7964,4170,12133
294793284284,21,7778,60,2732,7964,4171,12134
294793295343,120,5289,163,15862,7965,4171,12135
294793306203,105,5733,81,3068,7966,4171,12136
294793317769,23,8340,63,2790,7966,4172,12137
294793328468,112,4727,99,8208,7967,4172,12138
294793340238,102,5610,171,16093,7968,4172,12139
294793351026,18,10109,93,2961,7968,4173,12140
294793361933,108,5396,147,9298,7969,4173,12141
294793373151,137,5322,164,15405,7970,4173,12142
294793384142,19,7044,58,3181,7970,4174,12143
294793395140,108,5424,244,9627,7971,4174,12144
294793406454,110,5647,168,16235,7972,4174,12145
294793417472,18,8397,63,3098,7972,4175,12146
294793428977,132,5296,53,3277,7973,4175,12147
294793439746,123,5410,190,18033,7974,4175,12148
294793451007,21,10125,63,3067,7974,4176,12149
294793462585,108,5577,216,16337,7975,4176,12150
294793473148,106,5155,107,8565,7976,4176,12151
294793484167,18,7390,58,2986,7976,4177,12152
294793495162,104,5276,67,3327,7977,4177,12153
294793506638,126,4983,158,15493,7978,4177,12154
294793517322,20,7187,57,3215,7978,4178,12155
294793528709,113,5045,124,9133,7979,4178,12156
294793539465,104,6107,204,16143,7980,4178,12157
294793550836,17,7110,64,3411,7980,4179,12158
294793561870,116,5267,61,3634,7981,4179,12159
294793573156,96,5488,99,8616,7982,4179,12160
294793584099,17,8282,58,2984,7982,4180,12161
294793595483,108,5407,53,3255,7983,4180,12162
294793606638,100,5659,134,12698,7984,4180,12163
294793617753,18,7340,94,2986,7984,4181,12164
294793628822,133,5277,56,3133,7985,4181,12165
294793639987,118,5206,172,16781,7986,4181,12166
294793650868,19,10000,93,3268,7986,4182,12167
294793662094,103,5674,60,3540,7987,4182,12168
294793673417,101,5199,77,3367,7988,4182,12169
294793684439,16,8152,59,3141,7988,4183,12170
294793695156,109,5634,99,8505,7989,4183,12171
294793706369,98,5776,194,16463,7990,4183,12172
294793717411,18,7494,62,3415,7990,4184,12173
294793729022,100,5283,103,9255,7991,4184,12174
294793739725,137,5684,163,3021,7992,4184,12175
294793750936,24,10010,57,2787,7992,4185,12176
294793762054,116,5245,162,15743,7993,4185,12177
294793773005,99,5606,108,9180,7994,4185,12178
294793783968,17,7105,56,2902,7994,4186,12179
294793795593,108,5175,158,16013,7995,4186,12180
294793806799,110,5792,64,3691,7996,4186,12181
294793817556,18,7256,207,3114,7996,4187,12182
294793828446,103,5120,42,2150,7997,4187,12183
294793839999,140,5170,379,33524,7998,4187,12184
294793850795,17,9601,70,4531,7998,4188,12185
294793862169,268,5487,57,2171,7999,4188,12186
294793873171,154,4931,404,36185,8000,4188,12187
294793884467,25,8063,86,4619,8000,4189,12188
294793895878,130,5396,65,4110,8001,4189,12189
294793906459,118,4823,162,15910,8002,4189,12190
294793917511,19,7288,168,3017,8002,4190,12191
294793928539,131,5149,54,3190,8003,4190,12192
294793939625,108,5798,104,8077,8004,4190,12193
294793951448,19,9392,56,2774,8004,4191,12194
294793962273,107,5413,214,15881,8005,4191,12195
294793973107,105,5734,97,8264,8006,4191,12196
294793984140,18,7027,55,2838,8006,4192,12197
294793995224,110,5480,56,3228,8007,4192,12198
294794006569,112,5743,159,15272,8008,4192,12199
294794017489,20,7577,102,2873,8008,4193,12200
294794029131,108,4967,49,2400,8009,4193,12201
294794039824,98,5362,352,33630,8010,4193,12202
294794050875,18,9617,72,4506,8010,4194,12203
294794061834,112,5609,51,2517,8011,4194,12204
294794073272,105,5024,325,35616,8012,4194,12205
294794084351,22,7649,91,4572,8012,4195,12206
294794095446,134,5846,74,5155,8013,4195,12207
294794106710,114,5339,361,35858,8014,4195,12208
294794117615,19,7822,87,4626,8014,4196,12209
294794128653,136,5053,159,3350,8015,4196,12210
294794139714,109,5429,65,4015,8016,4196,12211
294794150961,17,9764,55,2775,8016,4197,12212
294794162162,102,5307,158,15587,8017,4197,12213
294794173026,115,5658,58,3279,8018,4197,12214
294794184392,23,8139,60,2828,8018,4198,12215
294794195557,162,5432,215,8161,8019,4198,12216
294794206350,101,5688,169,16048,8020,4198,12217
294794217594,17,8337,58,3038,8020,4199,12218
294794228601,100,5337,98,8821,8021,4199,12219
294794239763,106,5397,58,2975,8022,4199,12220
294794251009,18,6982,56,2704,8022,4200,12221
294794262153,99,5323,184,15392,8023,4200,12222
294794273164,103,5044,104,9127,8024,4200,12223
294794284147,19,7483,92,2770,8024,4201,12224
294794295378,111,5835,159,15856,8025,4201,12225
294794306357,99,5179,58,3309,8026,4201,12226
294794317471,18,7503,56,2859,8026,4202,12227
294794328425,103,5704,153,8199,8027,4202,12228
294794339782,178,5283,181,16124,8028,4202,12229
294794351208,22,9531,80,3262,8028,4203,12230
294794361996,146,5632,111,8833,8029,4203,12231
294794373326,132,5590,171,15258,8030,4203,12232
294794384718,23,7927,65,3387,8030,4204,12233
294794395322,111,5605,113,9656,8031,4204,12234
294794406471,114,5522,174,15995,8032,4204,12235
294794417485,20,6714,56,3333,8032,4205,12236
294794428742,104,5158,60,3545,8033,4205,12237
294794439789,100,5630,101,8554,8034,4205,12238
294794450860,16,9813,56,2819,8034,4206,12239
294794462053,103,5506,162,16116,8035,4206,12240
294794473133,99,5508,43,2122,8036,4206,12241
294794483915,21,7109,58,1594,8036,4207,12242
294794495488,141,5031,377,36287,8037,4207,12243
294794506685,110,5223,175,17189,8038,4207,12244
294794517780,20,8967,75,3460,8038,4208,12245
294794528868,131,5816,109,8791,8039,4208,12246
294794539732,115,4949,244,16022,8040,4208,12247
294794550627,20,10474,99,3031,8040,4209,12248
294794561920,112,5671,52,3309,8041,4209,12249
294794573232,110,5141,105,8205,8042,4209,12250
294794584241,20,8296,60,2796,8042,4210,12251
294794595395,112,5738,160,16158,8043,4210,12252
294794606669,110,5631,107,8733,8044,4210,12253
294794617797,18,7372,69,2893,8044,4211,12254
294794628559,138,5531,156,14513,8045,4211,12255
294794639881,122,5472,115,9260,8046,4211,12256
294794650904,20,6762,59,2766,8046,4212,12257
294794662105,111,5350,160,15447,8047,4212,12258
294794673277,120,5820,61,3457,8048,4212,12259
294794684177,19,8340,62,2810,8048,4213,12260
294794695231,118,5483,87,7096,8049,4213,12261
294794706781,113,5533,84,5820,8050,4213,12262
294794717887,18,8856,54,1722,8050,4214,12263
294794728459,118,5366,428,36386,8051,4214,12264
294794740139,129,5361,149,4967,8052,4214,12265
294794751208,22,9561,65,3105,8052,4215,12266
294794761836,120,6076,160,15332,8053,4215,12267
294794773067,111,4886,110,8674,8054,4215,12268
294794784017,22,7569,67,2732,8054,4216,12269
294794795396,153,5563,93,6941,8055,4216,12270
294794806374,130,5139,365,34939,8056,4216,12271
294794817444,27,6834,76,4677,8056,4217,12272
294794828618,125,5395,106,8680,8057,4217,12273
294794841021,369,5368,174,15702,8058,4217,12274
294794850858,24,6954,83,3088,8058,4218,12275
294794862008,166,5509,142,9436,8059,4218,12276
294794873317,174,5513,182,15466,8060,4218,12277
294794884065,29,6876,95,3040,8060,4219,12278
294794895134,138,5206,113,9490,8061,4219,12279
294794906254,117,5899,173,16158,8062,4219,12280
294794917897,25,8246,59,3218,8062,4220,12281
294794928766,106,5090,71,3423,8063,4220,12282
294794939464,133,4936,207,18135,8064,4220,12283
294794950932,23,7156,62,3049,8064,4221,12284
294794961908,119,5559,163,16177,8065,4221,12285
294794973053,104,5054,100,8744,8066,4221,12286
294794983915,21,7539,69,2927,8066,4222,12287
294794995325,132,6047,63,3195,8067,4222,12288
294795006390,128,5320,203,15618,8068,4222,12289
294795017488,25,7760,65,3343,8068,4223,12290
294795028541,133,5202,111,9375,8069,4223,12291
294795039697,118,5346,171,16285,8070,4223,12292
294795050912,22,9387,68,3410,8070,4224,12293
294795062058,123,5554,63,3634,8071,4224,12294
294795073281,118,5881,108,8429,8072,4224,12295
294795084327,19,7161,56,2920,8072,4225,12296
294795095389,112,5604,53,3319,8073,4225,12297
294795106640,103,5426,57,2989,8074,4225,12298
294795117780,17,9063,73,2784,8074,4226,12299
294795128669,140,5208,163,15455,8075,4226,12300
294795139603,113,5306,107,8785,8076,4226,12301
294795150547,19,9543,59,2551,8076,4227,12302
294795162173,101,5271,90,7577,8077,4227,12303
294795173216,105,5607,329,34575,8078,4227,12304
294795184156,29,7363,73,4567,8078,4228,12305
294795195463,108,5453,112,9389,8079,4228,12306
294795206789,161,5147,304,16081,8080,4228,12307
294795217714,28,11828,69,3118,8080,4229,12308
294795240974,128,9648,117,9225,8081,4229,12309
294795252054,20,15833,61,2939,8081,4230,12310
294795279343,126,15604,70,3578,8082,4230,12311
294795306857,120,10659,155,13963,8083,4230,12312
294795328913,115,15324,122,8185,8084,4230,12313
294795356322,166,12403,98,5107,8085,4230,12314
294795380279,138,15809,91,4703,8086,4230,12315
294795407466,168,9867,356,36140,8087,4230,12316
294795418971,97,12838,224,15048,8088,4230,12317
294795443237,119,5671,104,8439,8089,4230,12318
294795454506,105,6590,165,16025,8090,4230,12319
294795465884,25,7017,61,3163,8090,4231,12320
294795476715,103,5537,125,8837,8091,4231,12321
294795487676,149,5689,53,2975,8092,4231,12322
294795498810,19,7176,53,2759,8092,4232,12323
294795509977,102,5240,159,15511,8093,4232,12324
294795521181,94,5266,103,9087,8094,4232,12325
294795532221,16,6931,60,2951,8094,4233,12326
294795543680,106,5281,163,16057,8095,4233,12327
294795554628,110,6117,66,3529,8096,4233,12328
294795565938,23,7197,53,2991,8096,4234,12329
294795576797,102,5769,62,2345,8097,4234,12330
294795587719,99,5122,43,2041,8098,4234,12331
294795598932,17,7666,50,1648,8098,4235,12332
294795610254,109,8378,429,36079,8099,4235,12333
294795621046,204,5455,137,12921,8100,4235,12334
294795632309,19,7320,50,1905,8100,4236,12335
294795643483,108,5588,301,32701,8101,4236,12336
294795654257,91,5644,72,4985,8102,4236,12337
294795665881,18,7091,58,3245,8102,4237,12338
294795676853,106,5670,55,3166,8103,4237,12339
294795687822,177,5433,98,8117,8104,4237,12340
294795699263,18,6825,60,2977,8104,4238,12341
294795710089,100,5207,269,15895,8105,4238,12342
294795721186,96,5323,98,8544,8106,4238,12343
294795732537,17,7453,56,2860,8106,4239,12344
294795743524,103,5283,53,3185,8107,4239,12345
294795754325,91,5159,159,15414,8108,4239,12346
294795765746,16,7225,54,3108,8108,4240,12347
294795776693,104,5360,98,8627,8109,4240,12348
294795787717,106,5838,155,14972,8110,4240,12349
294795799190,18,7438,50,2136,8110,4241,12350
294795810143,106,8487,330,33312,8111,4241,12351
294795821298,99,5265,115,10329,8112,4241,12352
294795832180,17,7133,54,3236,8112,4242,12353
294795843317,95,5502,165,16432,8113,4242,12354
294795854486,101,6242,107,8675,8114,4242,12355
294795865549,17,7841,70,2944,8114,4243,12356
294795876983,147,5684,67,3285,8115,4243,12357
294795887668,164,6170,64,4146,8116,4243,12358
294795898813,19,6996,59,2894,8116,4244,12359
294795910216,101,7644,162,15673,8117,4244,12360
294795921306,100,5364,59,3532,8118,4244,12361
294795932438,18,7291,56,2982,8118,4245,12362
294795943244,104,5622,104,8330,8119,4245,12363
294795954556,206,5090,172,16449,8120,4245,12364
294795965667,19,7132,57,3282,8120,4246,12365
294795976863,104,4881,172,9080,8121,4246,12366
294795987808,157,5526,47,2357,8122,4246,12367
294795998751,18,7334,47,1731,8122,4247,12368
294796010198,105,8284,79,5872,8123,4247,12369
294796021090,172,5755,361,36350,8124,4247,12370
294796032289,19,9294,97,4674,8124,4248,12371
294796043570,122,5312,215,16072,8125,4248,12372
294796054412,119,5811,69,3525,8126,4248,12373
294796065644,32,7630,58,2901,8126,4249,12374
294796076694,119,5509,101,8266,8127,4249,12375
294796088092,118,5705,171,16155,8128,4249,12376
294796099030,19,7191,105,3048,8128,4250,12377
294796110234,134,7619,108,8762,8129,4250,12378
294796121319,127,5808,172,15117,8130,4250,12379
294796132948,21,6811,62,2992,8130,4251,12380
294796143413,119,5169,140,9872,8131,4251,12381
294796154632,166,5199,255,15930,8132,4251,12382
294796165883,19,7368,61,3118,8132,4252,12383
294796176799,109,5019,161,3380,8133,4252,12384
294796187605,101,5500,94,7941,8134,4252,12385
294796199041,24,7376,60,2641,8134,4253,12386
294796210196,156,5790,72,5147,8135,4253,12387
294796221173,119,5819,357,36235,8136,4253,12388
294796232622,18,10389,73,4625,8136,4254,12389
294796254209,130,5980,202,14600,8137,4254,12390
294796265893,22,7569,56,3016,8137,4255,12391
294796277139,113,5522,102,8565,8138,4255,12392
294796287689,99,5862,160,15602,8139,4255,12393
294796298754,19,7124,62,3270,8139,4256,12394
294796310121,116,7617,54,3364,8140,4256,12395
294796321256,98,5534,106,8284,8141,4256,12396
294796332560,17,7276,58,2860,8141,4257,12397
294796343202,112,5347,214,16168,8142,4257,12398
294796354362,98,5554,95,7858,8143,4257,12399
294796365522,20,7936,71,2896,8143,4258,12400
294796376621,139,5384,165,15434,8144,4258,12401
294796387652,122,5653,110,9461,8145,4258,12402
294796398876,18,7261,62,2939,8145,4259,12403
294796409943,108,5215,159,15970,8146,4259,12404
294796420991,111,5552,63,3713,8147,4259,12405
294796432323,18,7172,57,2911,8147,4260,12406
294796443508,105,5201,94,7871,8148,4260,12407
294796454529,100,5527,170,6082,8149,4260,12408
294796465445,17,7486,51,1784,8149,4261,12409
294796477087,114,6053,347,36135,8150,4261,12410
294796487989,114,5684,76,4973,8151,4261,12411
294796499012,20,7622,102,3118,8151,4262,12412
294796510396,111,5563,155,15396,8152,4262,12413
294796520986,154,5869,106,8723,8153,4262,12414
294796532212,18,4896,55,2776,8153,4263,12415
294796543754,122,5418,163,15675,8154,4263,12416
294796554690,99,6576,55,3262,8155,4263,12417
294796565744,17,7133,92,2887,8155,4264,12418
294796576580,102,5345,127,8111,8156,4264,12419
294796587662,170,5245,193,16123,8157,4264,12420
294796598698,18,7210,121,3091,8157,4265,12421
294796610221,114,5409,129,9442,8158,4265,12422
294796621209,126,5630,174,15675,8159,4265,12423
294796632521,22,7469,60,3094,8159,4266,12424
294796643585,111,5311,112,9591,8160,4266,12425
294796654424,103,6062,165,16103,8161,4266,12426
294796665635,18,7362,58,3266,8161,4267,12427
294796676829,102,5407,52,3180,8162,4267,12428
294796687828,101,5606,99,7005,8163,4267,12429
294796698996,18,7630,83,1786,8163,4268,12430
294796709999,105,7710,452,44483,8164,4268,12431
294796720986,177,5831,139,11667,8165,4268,12432
294796732151,17,7548,64,3744,8165,4269,12433
294796743460,111,5297,60,3766,8166,4269,12434
294796754431,95,6057,432,15700,8167,4269,12435
294796765502,26,7337,68,3413,8167,4270,12436
294796776579,147,5448,104,8996,8168,4270,12437
294796787594,100,6086,167,16225,8169,4270,12438
294796798778,18,7342,77,3617,8169,4271,12439
294796809912,107,7996,61,3782,8170,4271,12440
294796821016,212,5794,112,8894,8171,4271,12441
294796832818,19,7044,67,3222,8171,4272,12442
294796843370,106,5164,170,16770,8172,4272,12443
294796854562,216,5313,101,8331,8173,4272,12444
294796865867,18,7963,77,3148,8173,4273,12445
294796876716,133,5435,164,15937,8174,4273,12446
294796887732,105,5424,119,10221,8175,4273,12447
294796898805,18,7345,60,3265,8175,4274,12448
294796910002,103,5337,168,16566,8176,4274,12449
294796920996,97,5599,60,3169,8177,4274,12450
294796932237,22,7250,54,2359,8177,4275,12451
294796943477,101,5928,51,2567,8178,4275,12452
294796954432,106,5808,43,1615,8179,4275,12453
294796965577,19,7296,53,1606,8179,4276,12454
294796976745,112,5563,343,36119,8180,4276,12455
294796987714,100,5865,74,4873,8181,4276,12456
294796998899,18,7507,67,3107,8181,4277,12457
294797010094,109,8121,160,15369,8182,4277,12458
294797021045,167,5602,106,8566,8183,4277,12459
294797032264,24,6900,62,2972,8183,4278,12460
294797043276,109,5670,174,15875,8184,4278,12461
294797054602,113,5774,60,3675,8185,4278,12462
294797065487,18,6987,59,3141,8185,4279,12463
294797077015,105,5607,100,8708,8186,4279,12464
294797087947,101,5471,260,16294,8187,4279,12465
294797099237,17,6743,58,3360,8187,4280,12466
294797110339,102,7773,108,9103,8188,4280,12467
294797121129,122,5174,168,15874,8189,4280,12468
294797132542,24,7544,62,3207,8189,4281,12469
294797143380,108,5462,142,8914,8190,4281,12470
294797154566,192,6258,72,4840,8191,4281,12471
294797165706,19,7235,45,1720,8191,4282,12472
294797176785,99,5154,344,34883,8192,4282,12473
294797187848,108,5178,123,10105,8193,4282,12474
294797198823,18,7311,56,3213,8193,4283,12475
294797210093,106,5608,74,5243,8194,4283,12476
294797221154,156,5719,352,36160,8195,4283,12477
294797232250,17,9248,73,4675,8195,4284,12478
294797243360,119,5479,55,3371,8196,4284,12479
294797254365,96,5969,157,15448,8197,4284,12480
294797265416,20,7563,67,3083,8197,4285,12481
294797276671,113,5585,101,8661,8198,4285,12482
294797287808,104,6020,165,15983,8199,4285,12483
294797298843,18,7348,61,3117,8199,4286,12484
294797310144,104,7748,58,3434,8200,4286,12485
294797321364,100,5554,100,8479,8201,4286,12486
294797331997,17,7143,55,2731,8201,4287,12487
294797343253,103,5478,372,16126,8202,4287,12488
294797354429,103,5446,117,7871,8203,4287,12489
294797365718,24,7440,69,2824,8203,4288,12490
294797376735,131,5375,173,16001,8204,4288,12491
294797387630,137,5710,116,9194,8205,4288,12492
294797398998,19,7266,59,2808,8205,4289,12493
294797410332,173,4852,172,15907,8206,4289,12494
294797420898,216,5554,59,3066,8207,4289,12495
294797432153,18,8176,53,2401,8207,4290,12496
294797443195,104,5961,49,2625,8208,4290,12497
294797454519,189,5875,309,33492,8209,4290,12498
294797465625,18,7614,73,4515,8209,4291,12499
294797476852,104,5503,100,8867,8210,4291,12500
294797487873,128,5798,75,3152,8211,4291,12501
294797498897,17,7514,56,2805,8211,4292,12502
294797509919,105,7588,161,14662,8212,4292,12503
294797525554,268,5490,125,8654,8213,4292,12504
294797532235,27,7331,65,2802,8213,4293,12505
294797543364,112,5217,164,15803,8214,4293,12506
294797554348,114,5536,55,2607,8215,4293,12507
294797565536,20,7131,47,1676,8215,4294,12508
294797576618,123,6091,45,1754,8216,4294,12509
294797587603,136,6282,469,33484,8217,4294,12510
294797598747,22,7385,75,4476,8217,4295,12511
294797609753,112,5313,103,8911,8218,4295,12512
294797620876,128,6059,60,3177,8219,4295,12513
294797632452,24,7315,64,2814,8219,4296,12514
294797643614,184,5261,163,15343,8220,4296,12515
294797654806,118,5723,101,3286,8221,4296,12516
294797665868,23,7209,57,2883,8221,4297,12517
294797676821,112,5773,53,3138,8222,4297,12518
294797687885,103,5914,104,8121,8223,4297,12519
294797699112,20,6990,54,2848,8223,4298,12520
294797709893,104,7777,160,16012,8224,4298,12521
294797721153,99,5945,102,8754,8225,4298,12522
294797732347,20,7057,60,2808,8225,4299,12523
294797743515,107,5142,51,3105,8226,4299,12524
294797754639,145,5235,164,15508,8227,4299,12525
294797765478,24,7120,62,3011,8227,4300,12526
294797776696,118,5202,107,8686,8228,4300,12527
294797787703,129,5564,171,15968,8229,4300,12528
294797799438,23,7359,62,3230,8229,4301,12529
294797810269,116,4965,59,3468,8230,4301,12530
294797821093,262,11368,56,2849,8231,4301,12531
294797844311,122,13489,71,2016,8232,4301,12532
294797869296,404,15307,381,36313,8233,4301,12533
294797896720,131,14834,194,17665,8234,4301,12534
294797923330,124,10151,74,4650,8235,4301,12535
294797934414,20,16856,88,2901,8235,4302,12536
294797962864,123,16651,74,3218,8236,4302,12537
294797990900,136,8658,99,7606,8237,4302,12538
294798002154,20,14344,70,2798,8237,4303,12539
294798028367,172,5288,82,4272,8238,4303,12540
294798039415,118,5747,219,15453,8239,4303,12541
294798050341,20,8852,60,2937,8239,4304,12542
294798061362,111,4830,52,2571,8240,4304,12543
294798072107,159,4916,334,35810,8241,4304,12544
294798083386,19,7206,76,4582,8241,4305,12545
294798094556,139,6175,227,16615,8242,4305,12546
294798105999,110,5206,103,8485,8243,4305,12547
294798116892,27,8094,97,2999,8243,4306,12548
294798128078,180,5213,72,3378,8244,4306,12549
294798139303,162,4991,89,4264,8245,4306,12550
294798149877,29,9737,64,2792,8245,4307,12551
294798161350,128,5222,179,15818,8246,4307,12552
294798172606,113,6072,61,3539,8247,4307,12553
294798183693,20,6903,57,2945,8247,4308,12554
294798194856,114,5795,108,8533,8248,4308,12555
294798205743,104,5584,169,16220,8249,4308,12556
294798217095,20,7159,58,3153,8249,4309,12557
294798228284,159,5364,110,8788,8250,4309,12558
294798239299,98,5678,61,3106,8251,4309,12559
294798250384,17,9342,65,2818,8251,4310,12560
294798261496,157,5359,85,6200,8252,4310,12561
294798272745,123,5741,46,1768,8253,4310,12562
294798283609,20,7455,49,1747,8253,4311,12563
294798294818,124,5299,324,34331,8254,4311,12564
294798305925,119,4918,72,4692,8255,4311,12565
294798316668,19,7319,60,3059,8255,4312,12566
294798327902,114,5229,97,8146,8256,4312,12567
294798339210,111,5316,164,15576,8257,4312,12568
294798350425,18,9348,59,3078,8257,4313,12569
294798361636,100,5347,126,8595,8258,4313,12570
294798372654,161,5507,163,15411,8259,4313,12571
294798383709,20,7386,60,2990,8259,4314,12572
294798394526,102,5569,191,8924,8260,4314,12573
294798405702,112,5743,159,15923,8261,4314,12574
294798416942,18,6653,61,2912,8261,4315,12575
294798428103,104,5368,52,3117,8262,4315,12576
294798438983,101,5743,99,7923,8263,4315,12577
294798450294,17,7409,58,2775,8263,4316,12578
294798461226,107,5228,190,16012,8264,4316,12579
294798472495,99,5550,50,2370,8265,4316,12580
294798483543,20,7124,49,1696,8265,4317,12581
294798494639,121,5386,460,36423,8266,4317,12582
294798505881,109,4953,172,17317,8267,4317,12583
294798517264,18,7499,57,3394,8267,4318,12584
294798528244,107,5771,100,8793,8268,4318,12585
294798539135,106,5427,193,15869,8269,4318,12586
294798550297,17,10286,70,3001,8269,4319,12587
294798561511,192,5345,76,3274,8270,4319,12588
294798572507,111,5812,101,8282,8271,4319,12589
294798583685,20,7068,58,2762,8271,4320,12590
294798594781,104,5990,164,16226,8272,4320,12591
294798605540,106,5453,98,8228,8273,4320,12592
294798616733,29,6770,68,2760,8273,4321,12593
294798628119,126,5581,170,16844,8274,4321,12594
294798639425,122,5561,140,9201,8275,4321,12595
294798650338,20,8792,60,2793,8275,4322,12596
294798661529,116,5222,165,15842,8276,4322,12597
294798672656,102,5223,59,3608,8277,4322,12598
294798683405,21,7329,60,2981,8277,4323,12599
294798694947,118,5428,99,8228,8278,4323,12600
294798706016,102,4916,167,16378,8279,4323,12601
294798716754,22,7493,56,3119,8279,4324,12602
294798727839,100,5754,148,8875,8280,4324,12603
294798738925,115,4967,62,3106,8281,4324,12604
294798750657,20,9568,65,2821,8281,4325,12605
294798761180,115,5369,161,15606,8282,4325,12606
294798772299,107,5360,104,8887,8283,4325,12607
294798783472,18,7538,59,2814,8283,4326,12608
294798794932,129,5507,157,16048,8284,4326,12609
294798805871,104,5607,64,3580,8285,4326,12610
294798817045,23,7091,56,3081,8285,4327,12611
294798827972,103,5627,99,8459,8286,4327,12612
294798839145,105,5600,280,16446,8287,4327,12613
294798850325,19,9050,57,3264,8287,4328,12614
294798861473,102,5237,251,9560,8288,4328,12615
294798872676,127,5538,169,15764,8289,4328,12616
294798883634,29,7596,71,3170,8289,4329,12617
294798895079,130,5335,112,9502,8290,4329,12618
294798905889,109,5266,162,15283,8291,4329,12619
294798916799,19,7562,56,2270,8291,4330,12620
294798927844,116,4901,81,2456,8292,4330,12621
294798938980,104,4818,390,35743,8293,4330,12622
294798949877,18,8323,77,4681,8293,4331,12623
294798961249,108,6137,199,16679,8294,4331,12624
294798972301,111,4838,100,8605,8295,4331,12625
294798983611,17,7864,76,2896,8295,4332,12626
294798994556,179,5281,55,3189,8296,4332,12627
294799005776,117,4799,171,15410,8297,4332,12628
294799016676,19,7222,59,3015,8297,4333,12629
294799027986,119,5563,100,8635,8298,4333,12630
294799039009,108,5834,201,15889,8299,4333,12631
294799050280,19,9074,60,2947,8299,4334,12632
294799061338,104,5229,54,3287,8300,4334,12633
294799072670,103,5323,99,8273,8301,4334,12634
294799083686,18,7310,65,2850,8301,4335,12635
294799094639,115,5358,53,3236,8302,4335,12636
294799105813,337,5015,67,2872,8303,4335,12637
294799116651,23,7780,72,2689,8303,4336,12638
294799128197,191,4878,56,2686,8304,4336,12639
294799138836,112,4822,160,16037,8305,4336,12640
294799150413,18,7507,56,3133,8305,4337,12641
294799161463,146,5646,103,8939,8306,4337,12642
294799172515,98,5253,167,14001,8307,4337,12643
294799183698,28,7474,60,2892,8307,4338,12644
294799194948,112,5424,97,8069,8308,4338,12645
294799205960,114,5688,172,16294,8309,4338,12646
294799217155,16,7322,61,3219,8309,4339,12647
294799228014,112,5103,100,8662,8310,4339,12648
294799238738,178,5484,58,3318,8311,4339,12649
294799250332,19,8960,84,2780,8311,4340,12650
294799261510,105,5530,171,15419,8312,4340,12651
294799272584,105,5805,137,9147,8313,4340,12652
294799283823,17,8320,58,2790,8313,4341,12653
294799294938,110,5255,156,16005,8314,4341,12654
294799305758,106,5283,108,3269,8315,4341,12655
294799316925,19,7419,53,2353,8315,4342,12656
294799327905,102,4928,51,2661,8316,4342,12657
294799338968,104,4840,363,33440,8317,4342,12658
294799349957,18,8636,203,4502,8317,4343,12659
294799361736,280,4813,237,8889,8318,4343,12660
294799372551,208,6032,260,5431,8319,4343,12661
294799383701,30,7910,61,1747,8319,4344,12662
294799394727,130,5926,41,1682,8320,4344,12663
294799405471,155,4943,388,34023,8321,4344,12664
294799416779,21,7321,69,4519,8321,4345,12665
294799428423,110,5158,53,3211,8322,4345,12666
294799439127,254,5477,103,8145,8323,4345,12667
294799450311,19,6946,58,2827,8323,4346,12668
294799461385,106,5721,157,15386,8324,4346,12669
294799472657,100,5864,102,8363,8325,4346,12670
294799483511,19,6712,57,2951,8325,4347,12671
294799494712,106,5415,52,3354,8326,4347,12672
294799505927,102,5620,203,15312,8327,4347,12673
294799516880,17,8389,56,2990,8327,4348,12674
294799528104,102,5398,99,8875,8328,4348,12675
294799539108,128,5830,165,15950,8329,4348,12676
294799550497,19,7294,104,3143,8329,4349,12677
294799561436,118,5259,181,2790,8330,4349,12678
294799572604,99,5793,41,1735,8331,4349,12679
294799583855,17,7322,48,1705,8331,4350,12680
294799594919,106,5453,321,33623,8332,4350,12681
294799605796,94,5341,121,10688,8333,4350,12682
294799616752,18,7851,64,3130,8333,4351,12683
294799628242,134,11251,65,3220,8334,4351,12684
294799651240,213,8262,164,15686,8335,4351,12685
294799662387,17,5041,51,2903,8335,4352,12686
294799673534,101,7391,69,4716,8336,4352,12687
294799684322,18,8128,55,2730,8336,4353,12688
294799695545,103,5649,139,8043,8337,4353,12689
294799706654,106,5609,175,15805,8338,4353,12690
294799717936,17,8071,53,2967,8338,4354,12691
294799729023,96,8831,114,8671,8339,4354,12692
294799739884,101,5715,52,3117,8340,4354,12693
294799750949,17,7661,54,2839,8340,4355,12694
294799762554,105,5038,155,15356,8341,4355,12695
294799773325,100,5688,102,8936,8342,4355,12696
294799784619,17,7916,52,2869,8342,4356,12697
294799795846,97,5262,153,15472,8343,4356,12698
294799807108,128,5226,238,23001,8344,4356,12699
294799817924,24,7995,97,2868,8344,4357,12700
294799829560,112,5209,128,8175,8345,4357,12701
294799840026,101,5545,183,15960,8346,4357,12702
294799851066,18,8918,59,2744,8346,4358,12703
294799862014,119,5677,100,8468,8347,4358,12704
294799873231,141,5051,93,5589,8348,4358,12705
294799884630,22,8796,50,1782,8348,4359,12706
294799895746,116,6149,360,36619,8349,4359,12707
294799906571,110,5132,77,5663,8350,4359,12708
294799917591,18,8142,57,3110,8350,4360,12709
294799929048,110,8785,60,2970,8351,4360,12710
294799939880,101,5959,100,8246,8352,4360,12711
294799951436,17,7715,62,2845,8352,4361,12712
294799962239,112,5599,200,15111,8353,4361,12713
294799973424,107,5676,104,8500,8354,4361,12714
294799984969,19,7539,56,2895,8354,4362,12715
294799995692,101,5380,49,3261,8355,4362,12716
294800006415,154,5214,168,14505,8356,4362,12717
294800017666,21,6971,61,1903,8356,4363,12718
294800028802,109,5102,42,2248,8357,4363,12719
294800040172,117,5700,337,34010,8358,4363,12720
294800051250,17,8645,138,4569,8358,4364,12721
294800062012,111,5713,59,3232,8359,4364,12722
294800073094,111,5400,104,8265,8360,4364,12723
294800084352,22,8042,58,2870,8360,4365,12724
294800095620,107,5805,156,15502,8361,4365,12725
294800106926,104,5413,109,8332,8362,4365,12726
294800118005,17,8653,71,2942,8362,4366,12727
294800129025,136,5193,156,14315,8363,4366,12728
294800140204,111,5206,167,9551,8364,4366,12729
294800151594,20,7854,61,2844,8364,4367,12730
294800162316,114,5453,158,15657,8365,4367,12731
294800173406,117,6118,66,3547,8366,4367,12732
294800185114,24,7991,59,2891,8366,4368,12733
294800195527,110,5272,97,8125,8367,4368,12734
294800206698,122,5491,169,16168,8368,4368,12735
294800217739,20,7846,72,3213,8368,4369,12736
294800228706,137,9993,120,8890,8369,4369,12737
294800239832,167,5659,141,12855,8370,4369,12738
294800251520,22,8438,68,2890,8370,4370,12739
294800262646,133,5177,272,15541,8371,4370,12740
294800273286,110,5357,106,9133,8372,4370,12741
294800284504,21,8986,61,2871,8372,4371,12742
294800295588,117,6040,174,15972,8373,4371,12743
294800306844,109,5238,109,3548,8374,4371,12744
294800318038,20,8238,61,2924,8374,4372,12745
294800329255,110,8615,154,8505,8375,4372,12746
294800340008,120,5356,164,16358,8376,4372,12747
294800351237,27,8043,87,3222,8376,4373,12748
294800362508,113,5195,102,8936,8377,4373,12749
294800373203,152,5760,176,15227,8378,4373,12750
294800384806,21,7689,97,3224,8378,4374,12751
294800395780,124,5729,106,9338,8379,4374,12752
294800406458,134,5260,165,15838,8380,4374,12753
294800417753,21,8006,69,3327,8380,4375,12754
294800428713,139,9856,80,3474,8381,4375,12755
294800439925,130,5697,49,2304,8382,4375,12756
294800450907,21,8921,56,1645,8382,4376,12757
294800461954,114,5433,326,33411,8383,4376,12758
294800473334,124,7904,175,10406,8384,4376,12759
294800484579,18,8660,65,3210,8384,4377,12760
294800495638,115,5383,54,3327,8385,4377,12761
294800506889,112,5253,323,14782,8386,4377,12762
294800517777,20,9038,61,2957,8386,4378,12763
294800528838,104,9448,111,8813,8387,4378,12764
294800540339,104,5395,204,15835,8388,4378,12765
294800551422,20,7784,62,3162,8388,4379,12766
294800562198,104,5543,57,3499,8389,4379,12767
294800573376,100,6085,103,8115,8390,4379,12768
294800584389,18,8214,59,2850,8390,4380,12769
294800595748,105,5661,162,16148,8391,4380,12770
294800606785,104,5579,100,8070,8392,4380,12771
294800617861,19,21559,84,2764,8392,4381,12772
294800650702,165,16311,96,6177,8393,4381,12773
294800678544,119,15350,53,1735,8394,4381,12774
294800705398,125,11719,335,33706,8395,4381,12775
294800728751,121,18799,131,10510,8396,4381,12776
294800759103,128,9239,157,14807,8397,4381,12777
294800770471,101,13567,102,8855,8398,4381,12778
294800795519,166,15907,171,15944,8399,4381,12779
294800823122,125,7068,108,8309,8400,4381,12780
294800834496,19,7586,65,2833,8400,4382,12781
294800845280,106,5234,53,3249,8401,4382,12782
294800856050,103,5792,54,2948,8402,4382,12783
294800867549,19,9003,71,2763,8402,4383,12784
294800878626,135,5300,83,6271,8403,4383,12785
294800889699,107,7631,397,36468,8404,4383,12786
294800900766,19,7249,80,4680,8404,4384,12787
294800911838,116,5562,105,8910,8405,4384,12788
294800923028,98,5336,221,13473,8406,4384,12789
294800934120,17,8996,62,2916,8406,4385,12790
294800945507,109,5994,101,8228,8407,4385,12791
294800956474,107,5408,155,14978,8408,4385,12792
294800967636,18,8564,60,3024,8408,4386,12793
294800978702,106,5471,100,8859,8409,4386,12794
294800989697,104,7240,58,3148,8410,4386,12795
294801000881,17,7980,71,2878,8410,4387,12796
294801011957,131,5608,161,15342,8411,4387,12797
294801023253,232,5426,124,9132,8412,4387,12798
294801034394,18,8225,68,2779,8412,4388,12799
294801045376,110,4718,159,15851,8413,4388,12800
294801056043,98,5796,58,3522,8414,4388,12801
294801067316,18,6892,98,3035,8414,4389,12802
294801078990,102,5425,97,8341,8415,4389,12803
294801089751,107,6660,60,3185,8416,4389,12804
294801100660,19,8083,58,2850,8416,4390,12805
294801111893,122,4994,50,2353,8417,4390,12806
294801122812,132,5310,141,3727,8418,4390,12807
294801133972,28,7486,53,1702,8418,4391,12808
294801145574,116,5293,328,36531,8419,4391,12809
294801156561,103,5436,117,10446,8420,4391,12810
294801167704,17,9280,60,3211,8420,4392,12811
294801178682,101,5541,79,6704,8421,4392,12812
294801189746,107,4830,381,36124,8422,4392,12813
294801200748,17,8217,75,4760,8422,4393,12814
294801212087,106,5969,169,16752,8423,4393,12815
294801223023,104,5116,100,8557,8424,4393,12816
294801234425,21,8168,56,2881,8424,4394,12817
294801245359,165,5548,52,3217,8425,4394,12818
294801256846,101,6003,157,15433,8426,4394,12819
294801267444,17,6997,62,3148,8426,4395,12820
294801278899,121,5523,103,9000,8427,4395,12821
294801289791,123,7426,168,16067,8428,4395,12822
294801300671,17,8135,55,2977,8428,4396,12823
294801311776,99,5003,55,3305,8429,4396,12824
294801323161,105,5779,42,2232,8430,4396,12825
294801334302,18,8755,46,1803,8430,4397,12826
294801345464,106,5234,295,32723,8431,4397,12827
294801356677,96,5435,120,10430,8432,4397,12828
294801367756,17,10540,73,3228,8432,4398,12829
294801389440,133,5288,183,14995,8433,4398,12830
294801401191,20,7775,62,3051,8433,4399,12831
294801411921,115,5454,51,3083,8434,4399,12832
294801423052,111,5135,53,2956,8435,4399,12833
294801434386,18,8145,59,2794,8435,4400,12834
294801445465,107,5000,99,8152,8436,4400,12835
294801456689,113,5871,167,15995,8437,4400,12836
294801467839,17,7770,58,3270,8437,4401,12837
294801478932,108,5669,103,8977,8438,4401,12838
294801490133,126,6922,83,2974,8439,4401,12839
294801501074,20,8006,63,2712,8439,4402,12840
294801512100,113,5277,155,15000,8440,4402,12841
294801522930,103,5778,50,2412,8441,4402,12842
294801534085,18,8908,49,1646,8441,4403,12843
294801545217,113,5217,332,33911,8442,4403,12844
294801556749,103,5374,70,4634,8443,4403,12845
294801567528,18,10044,59,3030,8443,4404,12846
294801579563,106,5576,123,8338,8444,4404,12847
294801590078,97,5319,155,15653,8445,4404,12848
294801600735,17,8130,59,3170,8445,4405,12849
294801612359,104,5440,155,8706,8446,4405,12850
294801623375,148,5225,189,14897,8447,4405,12851
294801634317,25,8056,55,2968,8447,4406,12852
294801645073,107,4822,105,9494,8448,4406,12853
294801656624,106,5749,167,15788,8449,4406,12854
294801667625,17,7913,54,3134,8449,4407,12855
294801678824,99,5413,57,3443,8450,4407,12856
294801689640,103,5200,100,8066,8451,4407,12857
294801701006,19,7578,66,2779,8451,4408,12858
294801712177,127,5187,363,16107,8452,4408,12859
294801723086,122,5488,104,8414,8453,4408,12860
294801734156,19,8259,50,2200,8453,4409,12861
294801745465,111,5121,364,22623,8454,4409,12862
294801756469,107,5209,165,15576,8455,4409,12863
294801767488,23,9491,56,2931,8455,4410,12864
294801778905,102,5745,49,2591,8456,4410,12865
294801790008,99,5121,312,34095,8457,4410,12866
294801801200,19,7733,67,4508,8457,4411,12867
294801811933,102,5384,53,3157,8458,4411,12868
294801823111,110,5257,132,8305,8459,4411,12869
294801834485,19,8103,60,2887,8459,4412,12870
294801845982,134,5331,156,15551,8460,4412,12871
294801856279,99,5591,105,8062,8461,4412,12872
294801867497,22,8924,70,2908,8461,4413,12873
294801878984,136,5612,199,15398,8462,4413,12874
294801889767,111,5187,111,9773,8463,4413,12875
294801900901,17,7832,58,2776,8463,4414,12876
294801912038,108,5164,163,15839,8464,4414,12877
294801923457,108,5527,59,3490,8465,4414,12878
294801934546,18,8069,58,2875,8465,4415,12879
294801945392,109,4950,48,2297,8466,4415,12880
294801956389,116,5459,51,1654,8467,4415,12881
294801967529,24,9262,114,1653,8467,4416,12882
294801978564,108,5347,39,1654,8468,4416,12883
294801989618,111,4939,508,36475,8469,4416,12884
294802000613,18,7412,81,4682,8469,4417,12885
294802012210,118,5252,214,15726,8470,4417,12886
294802023367,113,5288,102,8618,8471,4417,12887
294802034428,19,8951,60,2947,8471,4418,12888
294802045180,106,5455,203,15877,8472,4418,12889
294802056311,105,4864,91,3359,8473,4418,12890
294802067440,18,8165,55,2968,8473,4419,12891
294802078871,106,5438,99,8455,8474,4419,12892
294802089969,107,5625,167,16231,8475,4419,12893
294802101216,22,7980,67,3394,8475,4420,12894
294802112078,116,5418,109,9416,8476,4420,12895
294802123090,134,5393,172,15559,8477,4420,12896
294802134047,23,7834,63,3240,8477,4421,12897
294802145449,118,4971,110,9878,8478,4421,12898
294802156525,112,5644,175,16231,8479,4421,12899
294802167756,26,9433,60,3237,8479,4422,12900
294802179030,106,5245,50,3101,8480,4422,12901
294802190013,104,5280,49,2087,8481,4422,12902
294802200624,17,7355,49,1647,8481,4423,12903
294802211969,107,5357,307,33685,8482,4423,12904
294802223181,105,5332,168,10449,8483,4423,12905
294802234521,17,8782,61,3139,8483,4424,12906
294802245665,166,5068,53,3205,8484,4424,12907
294802256282,99,5000,151,14843,8485,4424,12908
294802267675,17,8122,59,2988,8485,4425,12909
294802278917,105,5434,102,8781,8486,4425,12910
294802290170,113,5688,166,15918,8487,4425,12911
294802300976,19,7904,60,3150,8487,4426,12912
294802311937,107,5592,57,3520,8488,4426,12913
294802323163,152,5722,116,8192,8489,4426,12914
294802334305,21,7724,61,2838,8489,4427,12915
294802345485,114,5089,60,3193,8490,4427,12916
294802356448,130,5710,64,2489,8491,4427,12917
294802367700,22,9116,65,2142,8491,4428,12918
294802378819,155,5163,85,6487,8492,4428,12919
294802389479,124,4943,381,36547,8493,4428,12920
294802400627,20,7244,145,4680,8493,4429,12921
294802412109,121,5391,104,8955,8494,4429,12922
294802423213,109,5182,148,13610,8495,4429,12923
294802434433,19,8906,59,2900,8495,4430,12924
294802445728,110,5850,112,8181,8496,4430,12925
294802456585,103,5486,154,14847,8497,4430,12926
294802467800,17,9719,57,2967,8497,4431,12927
294802478689,106,5469,102,8795,8498,4431,12928
294802489790,112,5162,56,3095,8499,4431,12929
294802501129,18,7705,60,2845,8499,4432,12930
294802512139,101,5761,156,15183,8500,4432,12931
294802523403,107,5651,107,8919,8501,4432,12932
294802534291,18,8138,61,2773,8501,4433,12933
294802545469,120,4848,158,15899,8502,4433,12934
294802556130,108,5696,64,3546,8503,4433,12935
294802567613,18,7580,55,2981,8503,4434,12936
294802578859,101,5217,96,8242,8504,4434,12937
294802589826,103,5297,54,3183,8505,4434,12938
294802600571,18,8417,60,2850,8505,4435,12939
294802612098,108,4875,45,2324,8506,4435,12940
294802623328,151,5505,76,3687,8507,4435,12941
294802634137,20,9193,118,1703,8507,4436,12942
294802645267,186,5270,371,36635,8508,4436,12943
294802656874,118,5496,129,10430,8509,4436,12944
294802667840,19,9181,62,3151,8509,4437,12945
294802678917,111,6170,143,13019,8510,4437,12946
294802689806,108,5178,100,8178,8511,4437,12947
294802700608,20,7402,66,2808,8511,4438,12948
294802711981,111,5478,149,14583,8512,4438,12949
294802723196,127,5421,112,8473,8513,4438,12950
294802734487,21,8245,83,2833,8513,4439,12951
294802745422,108,4943,50,3134,8514,4439,12952
294802756602,117,6000,161,15431,8515,4439,12953
294802767688,20,9073,59,2869,8515,4440,12954
294802778623,110,5500,100,8699,8516,4440,12955
294802789719,100,5379,175,15850,8517,4440,12956
294802800718,28,7890,126,3124,8517,4441,12957
294802812123,123,5242,50,3384,8518,4441,12958
294802822949,114,5568,58,2871,8519,4441,12959
294802834436,18,8111,62,2696,8519,4442,12960
294802845715,121,5072,57,2097,8520,4442,12961
294802856133,100,5699,329,36372,8521,4442,12962
294802867776,16,9410,87,4656,8521,4443,12963
294802878464,136,5736,105,5390,8522,4443,12964
294802890126,111,5263,517,36346,8523,4443,12965
294802900901,23,8102,93,4674,8523,4444,12966
294802912205,108,5791,63,4121,8524,4444,12967
294802922868,105,4872,57,3041,8525,4444,12968
294802934499,19,8055,57,2712,8525,4445,12969
294802945072,103,4939,96,8113,8526,4445,12970
294802956141,130,5619,160,15040,8527,4445,12971
294802967414,20,7228,131,3063,8527,4446,12972
294802978430,128,5728,101,8593,8528,4446,12973
294802990146,150,5843,54,2991,8529,4446,12974
294803001441,23,7751,76,2669,8529,4447,12975
294803011879,130,5170,194,15251,8530,4447,12976
294803023042,121,5673,124,8857,8531,4447,12977
294803034335,21,8429,69,2812,8531,4448,12978
294803045274,144,5022,165,15321,8532,4448,12979
294803056480,108,5855,55,2361,8533,4448,12980
294803067522,26,7330,57,1724,8533,4449,12981
294803078723,154,5152,343,36007,8534,4449,12982
294803089794,115,5376,195,18273,8535,4449,12983
294803100914,20,8631,90,3365,8535,4450,12984
294803112204,119,6201,208,8525,8536,4450,12985
294803123221,146,5348,103,3237,8537,4450,12986
294803134442,20,8041,58,2891,8537,4451,12987
294803145572,107,5477,62,4420,8538,4451,12988
294803156708,104,5026,197,15941,8539,4451,12989
294803167649,17,9069,68,3207,8539,4452,12990
294803178587,123,5494,52,3404,8540,4452,12991
294803189656,106,5309,99,8122,8541,4452,12992
294803200920,21,7978,66,2726,8541,4453,12993
294803212284,152,5545,163,15985,8542,4453,12994
294803222868,104,5560,113,8717,8543,4453,12995
294803234099,21,8194,145,2798,8543,4454,12996
294803245380,121,5325,53,3085,8544,4454,12997
294803256251,159,5900,150,14811,8545,4454,12998
294803267278,18,9373,108,1952,8545,4455,12999
294803278426,121,5158,49,2288,8546,4455,13000
294803290199,122,5665,491,34288,8547,4455,13001
294803301279,20,8649,76,4557,8547,4456,13002
294803312124,111,5331,56,3218,8548,4456,13003
294803322941,113,5275,108,8317,8549,4456,13004
294803333937,18,7434,55,2866,8549,4457,13005
294803345181,110,5785,163,15572,8550,4457,13006
294803356336,98,5461,102,8504,8551,4457,13007
294803367583,18,10250,122,2721,8551,4458,13008
294803378731,132,5449,117,5529,8552,4458,13009
294803389808,110,5027,356,36476,8553,4458,13010
294803400947,19,7952,86,4717,8553,4459,13011
294803412213,173,5310,174,16079,8554,4459,13012
294803423120,115,5856,66,3462,8555,4459,13013
294803434523,20,8102,66,2818,8555,4460,13014
294803445111,121,5058,100,8075,8556,4460,13015
294803456729,112,5751,185,15922,8557,4460,13016
294803467494,19,9232,66,3040,8557,4461,13017
294803478618,114,5297,103,8653,8558,4461,13018
294803489593,120,5327,62,3103,8559,4461,13019
294803500852,22,8220,54,2736,8559,4462,13020
294803512147,107,5108,158,15373,8560,4462,13021
294803523261,108,5218,108,9086,8561,4462,13022
294803533986,18,8554,55,2910,8561,4463,13023
294803545459,965,5115,178,15969,8562,4463,13024
294803556366,114,5377,60,3537,8563,4463,13025
294803567705,18,8846,107,3093,8563,4464,13026
294803578692,104,5632,99,8412,8564,4464,13027
294803589858,100,5154,172,16286,8565,4464,13028
294803601071,18,7802,84,3042,8565,4465,13029
294803612095,105,5339,99,8790,8566,4465,13030
294803623276,258,5882,161,15096,8567,4465,13031
294803634417,18,8125,63,3358,8567,4466,13032
294803645480,117,5291,130,10221,8568,4466,13033
294803656321,101,5593,158,16000,8569,4466,13034
294803667354,17,6423,55,3283,8569,4467,13035
294803678638,101,5345,55,3580,8570,4467,13036
294803689796,104,5975,107,8528,8571,4467,13037
294803700954,31,7856,62,2840,8571,4468,13038
294803711901,114,5325,172,15792,8572,4468,13039
294803722979,105,5883,44,2109,8573,4468,13040
294803734132,24,8716,47,1679,8573,4469,13041
294803745261,108,5129,381,36250,8574,4469,13042
294803756732,112,5553,195,17284,8575,4469,13043
294803767634,30,9074,73,3408,8575,4470,13044
294803778712,116,5936,124,8881,8576,4470,13045
294803789554,110,5240,165,15960,8577,4470,13046
294803800798,19,8004,62,3060,8577,4471,13047
294803812222,125,5679,57,3338,8578,4471,13048
294803822972,116,5430,103,8249,8579,4471,13049
294803834042,19,8272,58,2849,8579,4472,13050
294803845629,111,5628,165,16144,8580,4472,13051
294803856434,129,5860,105,8272,8581,4472,13052
294803867492,21,9275,69,2765,8581,4473,13053
294803878668,137,5394,79,6201,8582,4473,13054
294803889635,106,5176,368,35892,8583,4473,13055
294803900888,19,7659,71,4643,8583,4474,13056
294803911998,121,5177,278,16057,8584,4474,13057
294803923223,127,5877,56,2464,8585,4474,13058
294803934372,20,8264,48,1696,8585,4475,13059
294803945285,115,5027,82,1971,8586,4475,13060
294803956191,108,5693,355,33077,8587,4475,13061
294803967357,18,8890,73,4488,8587,4476,13062
294803978922,106,4965,41,2149,8588,4476,13063
294803990053,107,5418,356,35765,8589,4476,13064
294804000848,19,8799,93,4563,8589,4477,13065
294804011869,138,10029,169,15563,8590,4477,13066
294804022905,102,11036,112,8595,8591,4477,13067
294804045695,132,15287,181,15992,8592,4477,13068
294804072750,138,10720,117,8606,8593,4477,13069
294804095190,161,15747,70,2927,8594,4477,13070
294804122468,147,18393,114,5984,8595,4477,13071
294804152959,134,13943,361,36148,8596,4477,13072
294804178355,119,16550,181,15135,8597,4477,13073
294804206166,205,10733,76,3247,8598,4477,13074
294804217903,19,12327,177,2910,8598,4478,13075
294804241525,129,5321,108,8821,8599,4478,13076
294804252928,104,6671,159,15276,8600,4478,13077
294804264208,18,4623,53,2896,8600,4479,13078
294804275080,159,5231,102,8648,8601,4479,13079
294804286904,107,6347,161,15871,8602,4479,13080
294804297329,17,6652,65,3190,8602,4480,13081
294804308467,125,5682,63,3449,8603,4480,13082
294804319677,121,6280,111,8449,8604,4480,13083
294804330595,17,7027,60,2820,8604,4481,13084
294804341880,117,5786,50,2396,8605,4481,13085
294804353206,144,6554,83,5925,8606,4481,13086
294804364019,19,4754,43,1805,8606,4482,13087
294804375139,166,5423,62,1768,8607,4482,13088
294804386017,354,7424,64,1767,8608,4482,13089
294804397410,32,6264,57,1768,8608,4483,13090
294804408592,164,7129,376,33986,8609,4483,13091
294804419732,119,6877,78,4737,8610,4483,13092
294804431085,20,7012,60,3104,8610,4484,13093
294804441552,135,5315,105,8294,8611,4484,13094
294804452584,114,7262,163,15519,8612,4484,13095
294804463924,34,7063,63,3160,8612,4485,13096
294804474890,113,5203,103,8722,8613,4485,13097
294804486006,197,7032,66,3350,8614,4485,13098
294804497304,23,5995,56,2820,8614,4486,13099
294804508536,104,5053,158,15405,8615,4486,13100
294804519604,115,6677,110,8962,8616,4486,13101
294804530769,17,7107,57,2776,8616,4487,13102
294804542006,106,5138,159,15677,8617,4487,13103
294804552856,104,6540,57,3400,8618,4487,13104
294804563863,18,4772,55,2920,8618,4488,13105
294804575130,132,5744,52,3090,8619,4488,13106
294804586077,97,6850,48,2292,8620,4488,13107
294804597377,24,6516,47,1646,8620,4489,13108
294804608276,108,8008,332,36091,8621,4489,13109
294804619601,256,6747,88,4867,8622,4489,13110
294804630976,25,7406,175,3089,8622,4490,13111
294804641488,154,5375,175,16078,8623,4490,13112
294804652588,135,7074,67,3451,8624,4490,13113
294804664366,19,4494,57,2849,8624,4491,13114
294804675075,113,5510,51,3026,8625,4491,13115
294804686282,105,7036,94,7837,8626,4491,13116
294804697686,22,7087,74,2827,8626,4492,13117
294804708465,105,6881,163,15948,8627,4492,13118
294804719620,108,6778,144,8913,8628,4492,13119
294804730764,16,7052,83,2728,8628,4493,13120
294804741925,103,5226,51,2998,8629,4493,13121
294804753033,144,6334,157,15455,8630,4493,13122
294804763932,18,6900,59,3211,8630,4494,13123
294804775216,118,5647,135,8746,8631,4494,13124
294804786621,99,5979,172,15902,8632,4494,13125
294804797048,18,6033,57,3151,8632,4495,13126
294804808301,106,7970,55,2722,8633,4495,13127
294804819404,180,6968,50,1736,8634,4495,13128
294804830533,19,5768,46,1731,8634,4496,13129
294804841885,108,5607,309,33624,8635,4496,13130
294804853215,103,6706,211,10653,8636,4496,13131
294804863728,18,4852,57,3238,8636,4497,13132
294804875632,137,5594,134,5538,8637,4497,13133
294804886097,183,7106,363,36380,8638,4497,13134
294804897292,16,6680,85,4721,8638,4498,13135
294804908628,158,6478,81,4160,8639,4498,13136
294804919666,264,6602,71,3041,8640,4498,13137
294804931105,21,7293,63,2740,8640,4499,13138
294804942026,111,5404,106,8242,8641,4499,13139
294804953038,97,6678,158,15124,8642,4499,13140
294804963722,18,4608,53,2970,8642,4500,13141
294804975662,105,5397,103,8619,8643,4500,13142
294804986321,105,6583,61,3028,8644,4500,13143
294804997237,20,6758,54,2675,8644,4501,13144
294805008390,104,7298,157,15223,8645,4501,13145
294805019490,105,6541,106,8664,8646,4501,13146
294805030765,17,6620,56,2668,8646,4502,13147
294805041752,129,5630,93,6944,8647,4502,13148
294805052798,109,7328,324,34888,8648,4502,13149
294805063653,19,4729,67,4739,8648,4503,13150
294805075027,190,5485,119,8818,8649,4503,13151
294805086811,152,6308,166,15784,8650,4503,13152
294805097433,17,6536,57,3167,8650,4504,13153
294805108570,105,6542,104,8808,8651,4504,13154
294805119792,127,7188,87,5736,8652,4504,13155
294805130823,22,6666,52,1744,8652,4505,13156
294805141697,108,5415,419,36264,8653,4505,13157
294805152668,101,6991,177,17589,8654,4505,13158
294805164395,15,6882,64,3490,8654,4506,13159
294805174888,161,4902,208,3340,8655,4506,13160
294805186031,98,6873,104,8188,8656,4506,13161
294805197454,17,6692,63,2735,8656,4507,13162
294805208518,102,6977,162,15903,8657,4507,13163
294805219520,118,6860,100,8526,8658,4507,13164
294805230659,22,6829,57,2856,8658,4508,13165
294805241813,101,5839,51,3091,8659,4508,13166
294805252906,117,6990,249,24687,8660,4508,13167
294805264080,17,5009,159,3870,8660,4509,13168
294805275227,159,5483,107,9260,8661,4509,13169
294805286196,139,6842,180,16109,8662,4509,13170
294805297183,18,6357,55,3377,8662,4510,13171
294805308633,104,6421,64,3662,8663,4510,13172
294805319780,106,6921,147,8613,8664,4510,13173
294805330611,20,6079,55,3015,8664,4511,13174
294805341985,106,5330,166,16502,8665,4511,13175
294805352945,97,6575,123,8663,8666,4511,13176
294805364070,31,7062,73,3138,8666,4512,13177
294805375099,157,5199,149,14500,8667,4512,13178
294805386125,158,6698,115,9587,8668,4512,13179
294805397215,18,4726,56,2904,8668,4513,13180
294805408137,108,4944,226,15953,8669,4513,13181
294805419311,101,6939,57,3663,8670,4513,13182
294805430879,21,7278,60,3109,8670,4514,13183
294805441633,107,5807,101,8449,8671,4514,13184
294805452672,98,6708,164,16284,8672,4514,13185
294805463884,16,6136,64,3074,8672,4515,13186
294805475346,133,5847,45,2167,8673,4515,13187
294805486116,163,7097,357,35959,8674,4515,13188
294805497036,20,4786,115,4660,8674,4516,13189
294805508650,110,6291,163,15743,8675,4516,13190
294805519868,98,6202,101,8856,8676,4516,13191
294805530547,17,6515,58,2926,8676,4517,13192
294805541738,113,5446,162,16099,8677,4517,13193
294805552749,109,6333,104,3560,8678,4517,13194
294805563958,20,6895,58,3015,8678,4518,13195
294805575023,122,5163,100,8594,8679,4518,13196
294805585992,102,6538,169,16316,8680,4518,13197
294805597660,20,7193,57,3119,8680,4519,13198
294805608308,102,7379,106,8766,8681,4519,13199
294805619719,125,6333,171,15967,8682,4519,13200
294805630668,24,6992,148,3196,8682,4520,13201
294805641920,178,4896,105,9015,8683,4520,13202
294805652657,125,6049,171,15895,8684,4520,13203
294805663782,22,4827,58,3220,8684,4521,13204
294805674968,125,5951,331,3403,8685,4521,13205
294805687047,184,5587,55,2193,8686,4521,13206
294805697580,131,7865,62,1626,8686,4522,13207
294805708891,107,6169,320,33556,8687,4522,13208
294805720116,112,6146,125,10395,8688,4522,13209
294805731056,18,7025,68,3201,8688,4523,13210
294805741931,114,5625,60,3365,8689,4523,13211
294805752897,101,7042,170,14801,8690,4523,13212
294805764101,22,4922,84,2942,8690,4524,13213
294805774755,132,5268,116,8861,8691,4524,13214
294805786111,122,6962,180,15887,8692,4524,13215
294805797428,19,7452,64,3060,8692,4525,13216
294805808515,117,7147,69,3468,8693,4525,13217
294805819669,108,6513,117,8353,8694,4525,13218
294805830858,22,6850,65,2982,8694,4526,13219
294805841930,133,4927,172,16279,8695,4526,13220
294805852597,135,6635,133,8143,8696,4526,13221
294805864434,24,7081,82,2793,8696,4527,13222
294805875507,162,5932,204,15524,8697,4527,13223
294805886254,132,6502,78,2746,8698,4527,13224
294805897682,20,7258,74,1719,8698,4528,13225
294805908526,115,6722,52,1718,8699,4528,13226
294805919874,114,6582,331,34233,8700,4528,13227
294805930779,18,6829,102,4552,8700,4529,13228
294805941612,105,5764,107,9424,8701,4529,13229
294805952675,104,7168,168,16135,8702,4529,13230
294805963770,18,4729,56,3145,8702,4530,13231
294805975076,147,5324,103,8818,8703,4530,13232
294805985931,100,7070,131,3161,8704,4530,13233
294805997301,16,4496,83,2870,8704,4531,13234
294806008605,104,5031,223,15484,8705,4531,13235
294806019264,102,6851,109,9174,8706,4531,13236
294806030358,18,7354,128,2888,8706,4532,13237
294806042150,117,5272,163,15993,8707,4532,13238
294806052998,150,6923,70,3577,8708,4532,13239
294806064267,19,6315,58,2872,8708,4533,13240
294806075214,122,5386,105,8356,8709,4533,13241
294806086214,102,6681,168,16415,8710,4533,13242
294806097535,18,7123,208,3059,8710,4534,13243
294806108558,102,6522,115,9528,8711,4534,13244
294806119966,144,6371,180,15601,8712,4534,13245
294806131216,117,8010,70,3262,8712,4535,13246
294806142169,106,6102,123,10341,8713,4535,13247
294806153309,118,6228,133,5115,8714,4535,13248
294806164405,87,7679,55,1814,8714,4536,13249
294806175551,99,5676,315,34414,8715,4536,13250
294806186969,107,6325,131,10759,8716,4536,13251
294806197364,18,6688,69,3077,8716,4537,13252
294806208649,118,5383,166,15879,8717,4537,13253
294806220062,108,6535,109,8468,8718,4537,13254
294806231110,91,7891,111,2989,8718,4538,13255
294806242400,105,5298,60,3346,8719,4538,13256
294806253203,101,6550,163,15456,8720,4538,13257
294806264321,17,7168,68,3147,8720,4539,13258
294806275423,155,5216,109,9132,8721,4539,13259
294806286939,99,5909,171,15894,8722,4539,13260
294806297587,18,7160,83,3261,8722,4540,13261
294806308876,113,6173,64,3524,8723,4540,13262
294806319634,100,6555,63,2795,8724,4540,13263
294806330949,19,6954,83,2346,8724,4541,13264
294806341905,122,5832,58,2594,8725,4541,13265
294806353205,109,6864,497,36440,8726,4541,13266
294806364308,18,6343,89,4666,8726,4542,13267
294806375326,140,5605,60,3391,8727,4542,13268
294806387244,106,6034,217,15840,8728,4542,13269
294806397638,17,6679,136,3059,8728,4543,13270
294806408620,117,7130,59,3336,8729,4543,13271
294806419856,106,6843,62,3151,8730,4543,13272
294806430867,17,6614,64,2969,8730,4544,13273
294806441866,105,5395,102,8219,8731,4544,13274
294806453085,120,6518,192,16102,8732,4544,13275
294806464159,20,7139,67,3009,8732,4545,13276
294806475081,109,5228,108,8814,8733,4545,13277
294806487005,99,5881,61,2980,8734,4545,13278
294806497163,19,6908,59,2692,8734,4546,13279
294806508394,103,6664,165,15385,8735,4546,13280
294806519665,148,6484,109,8864,8736,4546,13281
294806530768,17,7313,65,2770,8736,4547,13282
294806541996,106,5759,165,15918,8737,4547,13283
294806552789,98,6569,66,3436,8738,4547,13284
294806563983,17,6450,59,2783,8738,4548,13285
294806575344,110,6028,52,2141,8739,4548,13286
294806586517,109,6676,315,33376,8740,4548,13287
294806597544,18,6727,96,4506,8740,4549,13288
294806608953,113,5243,106,8856,8741,4549,13289
294806620084,152,6828,115,3207,8742,4549,13290
294806631123,119,8011,70,2856,8742,4550,13291
294806641960,116,5631,165,15295,8743,4550,13292
294806653392,109,6528,64,3277,8744,4550,13293
294806664881,101,7778,68,2822,8744,4551,13294
294806675743,119,5627,60,3029,8745,4551,13295
294806686612,111,6622,101,7905,8746,4551,13296
294806697636,86,7781,69,2835,8746,4552,13297
294806708962,104,6964,188,15814,8747,4552,13298
294806720154,121,6337,152,8655,8748,4552,13299
294806731300,90,8454,65,2863,8748,4553,13300
294806742473,103,5471,62,3171,8749,4553,13301
294806752661,100,6974,162,15449,8750,4553,13302
294806764599,137,7555,72,3010,8750,4554,13303
294806775960,113,5101,109,8627,8751,4554,13304
294806787112,114,5886,170,15699,8752,4554,13305
294806797864,98,7989,67,3021,8752,4555,13306
294806809272,103,5796,60,2648,8753,4555,13307
294806820112,112,13698,378,38057,8754,4555,13308
294806845557,131,14711,199,18009,8755,4555,13309
294806871807,147,12709,143,8520,8756,4555,13310
294806896577,140,15572,180,16279,8757,4555,13311
294806923848,150,9428,74,4928,8758,4555,13312
294806934865,24,14418,71,2766,8758,4556,13313
294806960849,129,15621,74,3166,8759,4556,13314
294806988418,129,11057,113,7698,8760,4556,13315
294807011023,125,14888,241,15006,8761,4556,13316
294807037734,150,4884,59,3028,8762,4556,13317
294807048885,125,7782,64,2289,8762,4557,13318
294807060300,107,5748,64,3010,8763,4557,13319
294807071480,123,5088,333,36173,8764,4557,13320
294807082706,93,7704,84,4688,8764,4558,13321
294807093562,105,5565,209,16566,8765,4558,13322
294807104088,139,5696,160,8531,8766,4558,13323
294807115460,124,8454,87,3005,8766,4559,13324
294807127241,138,5264,62,3403,8767,4559,13325
294807137546,141,5904,175,16255,8768,4559,13326
294807148705,130,7247,71,3067,8768,4560,13327
294807159821,124,5203,192,3432,8769,4560,13328
294807170722,104,5214,63,3169,8770,4560,13329
294807181700,90,7757,71,2915,8770,4561,13330
294807193188,116,5270,101,8302,8771,4561,13331
294807204031,116,4875,174,16134,8772,4561,13332
294807215855,23,7321,62,3056,8772,4562,13333
294807226327,101,7020,102,8712,8773,4562,13334
294807237411,105,5530,87,5570,8774,4562,13335
294807248641,18,7340,50,1856,8774,4563,13336
294807259652,107,6052,344,36863,8775,4563,13337
294807270917,147,5720,117,10655,8776,4563,13338
294807281976,18,7367,123,3183,8776,4564,13339
294807293118,165,5515,147,14758,8777,4564,13340
294807304419,106,5258,62,3322,8778,4564,13341
294807315076,20,7552,59,2839,8778,4565,13342
294807326887,130,6247,102,8295,8779,4565,13343
294807337722,176,5316,158,15422,8780,4565,13344
294807348768,21,6906,67,3050,8780,4566,13345
294807359925,108,5402,103,8960,8781,4566,13346
294807370844,346,5449,240,15060,8782,4566,13347
294807381811,21,7287,76,2901,8782,4567,13348
294807393090,116,5487,210,9469,8783,4567,13349
294807404451,161,4939,175,15996,8784,4567,13350
294807415143,19,7358,125,3289,8784,4568,13351
294807427089,114,4909,56,3504,8785,4568,13352
294807437579,105,4803,99,8099,8786,4568,13353
294807448518,16,7369,59,2789,8786,4569,13354
294807459854,105,5284,164,16219,8787,4569,13355
294807470971,97,5121,43,2258,8788,4569,13356
294807481761,18,7551,49,1664,8788,4570,13357
294807492991,106,5831,328,36532,8789,4570,13358
294807504378,101,5412,221,17332,8790,4570,13359
294807515190,19,7445,57,3508,8790,4571,13360
294807526784,102,6557,99,8990,8791,4571,13361
294807537530,97,5376,157,16023,8792,4571,13362
294807548472,16,4971,80,3030,8792,4572,13363
294807559700,108,5346,101,3293,8793,4572,13364
294807570599,136,5504,98,8344,8794,4572,13365
294807582064,17,7053,53,2855,8794,4573,13366
294807593227,103,5561,209,16203,8795,4573,13367
294807603976,94,5499,109,8611,8796,4573,13368
294807615310,17,8115,72,2791,8796,4574,13369
294807626366,140,7648,156,14441,8797,4574,13370
294807637670,111,5564,109,9445,8798,4574,13371
294807648811,18,7300,62,2796,8798,4575,13372
294807660111,111,5316,157,15610,8799,4575,13373
294807671048,103,5583,58,3394,8800,4575,13374
294807682166,17,7106,76,2859,8800,4576,13375
294807693121,159,5681,89,7164,8801,4576,13376
294807703974,101,5199,85,5867,8802,4576,13377
294807715629,18,7314,47,1794,8802,4577,13378
294807726472,107,7037,364,36704,8803,4577,13379
294807737545,107,5468,72,4977,8804,4577,13380
294807748734,16,7419,59,3135,8804,4578,13381
294807760093,98,5435,154,15401,8805,4578,13382
294807771155,143,5413,106,8685,8806,4578,13383
294807782095,17,7249,50,2764,8806,4579,13384
294807793375,103,5562,157,15819,8807,4579,13385
294807803911,96,6018,65,3254,8808,4579,13386
294807815617,18,7377,52,2822,8808,4580,13387
294807826920,105,5300,95,8072,8809,4580,13388
294807837414,100,5462,164,16164,8810,4580,13389
294807848500,21,6783,60,3175,8810,4581,13390
294807859847,106,5021,100,8954,8811,4581,13391
294807870526,117,5795,172,15100,8812,4581,13392
294807882238,21,6820,60,3033,8812,4582,13393
294807893103,112,5132,107,9185,8813,4582,13394
294807904122,98,5097,162,15803,8814,4582,13395
294807915579,17,7657,61,3301,8814,4583,13396
294807926652,116,6655,52,2682,8815,4583,13397
294807937635,109,5486,337,36043,8816,4583,13398
294807948759,22,7383,81,4702,8816,4584,13399
294807959812,111,5205,165,16666,8817,4584,13400
294807971374,95,4936,104,8522,8818,4584,13401
294807982224,17,7213,60,2951,8818,4585,13402
294807993156,98,5517,54,3308,8819,4585,13403
294808004312,100,5431,238,15417,8820,4585,13404
294808015284,18,7272,55,3153,8820,4586,13405
294808026550,103,6684,99,8829,8821,4586,13406
294808037577,128,5600,158,16001,8822,4586,13407
294808048692,23,7211,71,3032,8822,4587,13408
294808059968,140,5187,59,3347,8823,4587,13409
294808070513,102,5398,107,8308,8824,4587,13410
294808081687,19,7058,58,2935,8824,4588,13411
294808093328,108,5233,168,16327,8825,4588,13412
294808104039,96,5323,99,8198,8826,4588,13413
294808114946,26,7755,80,2852,8826,4589,13414
294808126696,134,6663,165,15555,8827,4589,13415
294808137634,179,4904,102,8577,8828,4589,13416
294808148447,18,7480,111,2312,8828,4590,13417
294808159663,118,5821,92,7516,8829,4590,13418
294808170595,151,5606,354,34720,8830,4590,13419
294808181713,29,7150,92,4606,8830,4591,13420
294808192831,173,5318,129,9418,8831,4591,13421
294808204227,143,5923,81,5341,8832,4591,13422
294808214997,23,7299,55,1832,8832,4592,13423
294808227497,123,5529,355,36750,8833,4592,13424
294808237254,197,5983,75,5062,8834,4592,13425
294808248825,20,7146,74,3127,8834,4593,13426
294808259931,118,5677,160,15528,8835,4593,13427
294808270594,100,5603,110,8788,8836,4593,13428
294808281677,18,7068,57,2778,8836,4594,13429
294808292936,105,5587,171,15905,8837,4594,13430
294808304053,154,5549,55,3256,8838,4594,13431
294808315077,18,7460,85,2805,8838,4595,13432
294808326222,119,5124,96,8183,8839,4595,13433
294808337325,107,5534,55,3111,8840,4595,13434
294808348479,18,7176,57,2776,8840,4596,13435
294808359493,125,5114,53,3046,8841,4596,13436
294808371345,126,4967,180,15319,8842,4596,13437
294808381795,20,7398,63,3105,8842,4597,13438
294808393166,119,5740,52,2450,8843,4597,13439
294808404406,226,5333,415,36568,8844,4597,13440
294808415492,27,7382,80,4650,8844,4598,13441
294808426161,130,7170,167,16235,8845,4598,13442
294808437392,112,5551,104,8427,8846,4598,13443
294808448688,20,7494,62,2810,8846,4599,13444
294808459566,119,5633,168,16094,8847,4599,13445
294808471038,105,5637,130,8774,8848,4599,13446
294808482160,26,7210,63,2738,8848,4600,13447
294808492966,120,5775,60,3036,8849,4600,13448
294808504215,153,5036,159,15636,8850,4600,13449
294808515238,19,7176,63,3112,8850,4601,13450
294808526412,114,5199,261,8870,8851,4601,13451
294808537398,106,5261,248,15911,8852,4601,13452
294808548492,19,7613,57,3028,8852,4602,13453
294808559685,109,5138,50,3270,8853,4602,13454
294808570807,123,4852,103,8378,8854,4602,13455
294808582122,16,7537,57,2842,8854,4603,13456
294808593220,102,5233,51,2410,8855,4603,13457
294808604347,97,5065,81,5793,8856,4603,13458
294808615068,17,7507,60,1714,8856,4604,13459
294808626402,158,7309,359,36488,8857,4604,13460
294808637409,105,5574,198,18443,8858,4604,13461
294808648650,23,7340,70,3338,8858,4605,13462
294808659798,119,5327,106,8597,8859,4605,13463
294808670812,127,5584,161,13969,8860,4605,13464
294808682146,21,7278,65,3116,8860,4606,13465
294808692998,131,5471,104,8524,8861,4606,13466
294808703942,217,5913,172,16502,8862,4606,13467
294808715525,22,7211,61,3038,8862,4607,13468
294808726787,108,6668,137,8553,8863,4607,13469
294808737696,110,5322,57,3278,8864,4607,13470
294808748900,20,7087,58,2974,8864,4608,13471
294808759678,113,5381,222,15361,8865,4608,13472
294808770922,115,5069,103,8970,8866,4608,13473
294808782185,16,7572,57,2881,8866,4609,13474
294808793208,106,5481,182,15918,8867,4609,13475
294808804111,118,5496,63,3676,8868,4609,13476
294808815025,26,6943,56,2987,8868,4610,13477
294808826258,110,6886,54,3171,8869,4610,13478
294808837581,99,5381,60,2267,8870,4610,13479
294808848705,18,7382,52,1675,8870,4611,13480
294808859808,123,6119,331,36377,8871,4611,13481
294808870830,212,6238,80,4922,8872,4611,13482
294808881950,22,7396,58,3139,8872,4612,13483
294808892919,111,5707,160,15760,8873,4612,13484
294808904233,99,5504,112,8700,8874,4612,13485
294808915518,17,7432,63,3049,8874,4613,13486
294808926565,129,6347,196,13316,8875,4613,13487
294808937571,228,5428,131,8372,8876,4613,13488
294808948755,21,7242,57,2796,8876,4614,13489
294808959986,120,5709,164,15990,8877,4614,13490
294808970799,101,5455,104,8600,8878,4614,13491
294808982281,20,7131,55,2868,8878,4615,13492
294808992987,110,5449,52,3130,8879,4615,13493
294809004397,97,5598,161,15598,8880,4615,13494
294809015589,19,7197,57,3088,8880,4616,13495
294809026776,106,6711,102,8869,8881,4616,13496
294809037650,105,4801,165,15939,8882,4616,13497
294809048317,17,7500,56,3328,8882,4617,13498
294809059842,116,5164,51,2738,8883,4617,13499
294809071016,99,5285,48,2041,8884,4617,13500
294809081798,20,7233,49,1635,8884,4618,13501
294809092927,114,5665,352,33348,8885,4618,13502
294809104176,101,5735,164,10386,8886,4618,13503
294809115124,18,7914,152,3108,8886,4619,13504
294809126221,140,7253,101,3184,8887,4619,13505
294809137701,141,5430,171,15517,8888,4619,13506
294809148669,20,7197,64,3003,8888,4620,13507
294809159732,120,5536,58,3367,8889,4620,13508
294809170639,109,5991,59,3252,8890,4620,13509
294809182472,20,7270,59,2890,8890,4621,13510
294809193013,118,5505,103,8318,8891,4621,13511
294809204406,104,5247,165,16233,8892,4621,13512
294809215450,19,7340,84,3067,8892,4622,13513
294809227148,103,5461,99,8834,8893,4622,13514
294809237682,99,4868,54,2928,8894,4622,13515
294809248288,17,7466,54,2663,8894,4623,13516
294809259871,155,5014,150,14505,8895,4623,13517
294809270830,116,5462,49,2347,8896,4623,13518
294809281766,16,7383,49,1619,8896,4624,13519
294809293151,112,6185,331,34145,8897,4624,13520
294809304065,149,5674,103,4656,8898,4624,13521
294809315121,19,7649,60,3064,8898,4625,13522
294809326233,112,7289,100,8369,8899,4625,13523
294809337343,99,5703,202,15626,8900,4625,13524
294809348359,17,7753,59,3107,8900,4626,13525
294809359612,101,5526,105,8745,8901,4626,13526
294809370874,229,5940,63,3089,8902,4626,13527
294809381829,21,6955,62,2728,8902,4627,13528
294809393299,118,5630,64,4056,8903,4627,13529
294809404455,144,5438,174,15863,8904,4627,13530
294809415511,35,7075,71,3116,8904,4628,13531
294809426427,139,6862,68,3362,8905,4628,13532
294809437589,141,5565,117,8197,8906,4628,13533
294809448732,21,7096,60,2710,8906,4629,13534
294809459961,110,5511,195,16070,8907,4629,13535
294809470689,127,5748,106,8763,8908,4629,13536
294809482020,18,7300,57,2741,8908,4630,13537
294809493425,113,5350,54,3020,8909,4630,13538
294809503924,95,5153,160,15472,8910,4630,13539
294809514987,18,7120,61,3072,8910,4631,13540
294809526376,127,6619,51,2590,8911,4631,13541
294809537348,107,5770,328,34168,8912,4631,13542
294809548547,20,6996,67,4516,8912,4632,13543
294809559907,108,5563,56,3195,8913,4632,13544
294809570599,146,5607,102,8299,8914,4632,13545
294809581728,19,6976,55,2958,8914,4633,13546
294809593087,100,5782,157,15507,8915,4633,13547
294809603945,132,5964,107,8599,8916,4633,13548
294809615261,19,7467,68,2921,8916,4634,13549
294809626547,135,6519,53,3246,8917,4634,13550
294809637608,111,5405,69,4205,8918,4634,13551
294809648602,19,6877,52,2756,8918,4635,13552
294809659611,95,5335,158,15693,8919,4635,13553
294809670557,100,5540,56,3310,8920,4635,13554
294809681820,17,7454,53,2874,8920,4636,13555
294809693087,103,5328,97,8165,8921,4636,13556
294809703919,100,5649,180,16256,8922,4636,13557
294809715101,19,7187,89,3037,8922,4637,13558
294809726545,105,6010,104,8437,8923,4637,13559
294809737731,115,5700,79,5489,8924,4637,13560
294809748969,20,7437,52,1865,8924,4638,13561
294809759898,125,6201,338,36790,8925,4638,13562
294809770818,101,5197,123,10703,8926,4638,13563
294809781984,19,7436,64,3162,8926,4639,13564
294809793220,107,5867,188,14678,8927,4639,13565
294809804371,98,5197,59,3426,8928,4639,13566
294809815732,17,14119,66,2812,8928,4640,13567
294809841381,130,9294,84,3139,8929,4640,13568
294809852666,117,13239,119,8426,8930,4640,13569
294809877711,172,15185,89,5621,8931,4640,13570
294809904342,119,11872,327,34238,8932,4640,13571
294809927945,128,14082,87,4714,8933,4640,13572
294809953720,123,12945,65,3177,8934,4640,13573
294809978287,137,15399,119,8402,8935,4640,13574
294810005201,142,11658,174,14228,8936,4640,13575
294810028347,135,5926,211,8711,8937,4640,13576
294810039841,118,5307,167,16015,8938,4640,13577
294810050852,21,7862,61,3015,8938,4641,13578
294810062139,110,5410,56,3283,8939,4641,13579
294810072970,125,5431,108,8348,8940,4641,13580
294810084315,18,8317,73,2816,8940,4642,13581
294810095124,129,5175,216,16145,8941,4642,13582
294810106071,109,8085,102,8595,8942,4642,13583
294810117622,24,8123,64,2782,8942,4643,13584
294810128622,119,5657,175,15092,8943,4643,13585
294810139990,107,5882,108,8770,8944,4643,13586
294810150875,18,7560,59,2796,8944,4644,13587
294810161816,106,5365,158,15608,8945,4644,13588
294810172619,96,5762,57,2581,8946,4644,13589
294810183745,18,7144,59,1829,8946,4645,13590
294810195090,131,5149,51,1962,8947,4645,13591
294810205926,110,5279,342,33679,8948,4645,13592
294810217180,19,8999,75,4524,8948,4646,13593
294810228562,112,4922,100,8853,8949,4646,13594
294810239262,136,5317,57,3218,8950,4646,13595
294810250935,47,8387,62,2855,8950,4647,13596
294810261641,107,6130,154,14629,8951,4647,13597
294810272917,104,5351,105,8626,8952,4647,13598
294810284095,18,7720,60,2696,8952,4648,13599
294810294998,116,5632,178,15638,8953,4648,13600
294810306009,151,5428,55,3314,8954,4648,13601
294810317150,18,8064,57,2899,8954,4649,13602
294810328552,105,5505,142,8166,8955,4649,13603
294810339867,123,6027,167,16356,8956,4649,13604
294810350555,18,6798,55,2870,8956,4650,13605
294810361802,103,5563,451,9129,8957,4650,13606
294810373257,146,5645,168,16028,8958,4650,13607
294810384053,19,8460,73,3175,8958,4651,13608
294810394974,110,5293,101,8178,8959,4651,13609
294810406361,102,8226,73,4756,8960,4651,13610
294810417435,19,8277,46,1707,8960,4652,13611
294810428472,107,5418,38,1656,8961,4652,13612
294810439443,97,5309,446,35996,8962,4652,13613
294810450628,18,8779,77,4682,8962,4653,13614
294810461794,114,5689,310,16660,8963,4653,13615
294810472845,105,5152,105,8521,8964,4653,13616
294810483898,17,7856,58,2879,8964,4654,13617
294810495007,116,5721,53,3241,8965,4654,13618
294810507547,115,6187,163,15416,8966,4654,13619
294810517499,20,7982,61,3165,8966,4655,13620
294810528265,107,5475,100,8979,8967,4655,13621
294810539315,127,4954,165,16069,8968,4655,13622
294810551216,18,7721,61,3030,8968,4656,13623
294810562016,100,5320,52,3356,8969,4656,13624
294810572781,100,5899,105,8357,8970,4656,13625
294810584387,18,8269,57,2844,8970,4657,13626
294810595066,105,5085,164,16179,8971,4657,13627
294810605896,96,5365,127,8088,8972,4657,13628
294810617429,23,8748,72,2930,8972,4658,13629
294810628722,139,5335,199,15495,8973,4658,13630
294810639520,107,5718,101,8870,8974,4658,13631
294810650766,18,8711,72,2734,8974,4659,13632
294810662053,104,5229,155,15635,8975,4659,13633
294810673246,100,5758,243,22882,8976,4659,13634
294810684035,18,8553,55,3006,8976,4660,13635
294810695194,110,5206,103,9042,8977,4660,13636
294810705957,102,7587,168,16186,8978,4660,13637
294810717463,21,8726,62,3004,8978,4661,13638
294810728578,107,5498,149,8756,8979,4661,13639
294810739616,114,5132,55,2820,8980,4661,13640
294810750337,17,8990,57,2579,8980,4662,13641
294810761901,107,5729,232,15302,8981,4662,13642
294810772972,114,5430,142,8989,8982,4662,13643
294810783940,18,7834,56,2612,8982,4663,13644
294810795062,109,5170,321,15686,8983,4663,13645
294810806211,100,5441,54,3238,8984,4663,13646
294810817222,17,8113,67,2737,8984,4664,13647
294810828295,110,5471,95,8234,8985,4664,13648
294810839679,108,6076,171,16164,8986,4664,13649
294810851145,19,7323,56,3044,8986,4665,13650
294810862055,101,5166,105,9356,8987,4665,13651
294810872888,142,5705,171,15487,8988,4665,13652
294810884149,117,10352,60,2910,8988,4666,13653
294810895305,106,4809,194,8063,8989,4666,13654
294810905906,124,8003,312,32796,8990,4666,13655
294810917227,21,8875,77,4660,8990,4667,13656
294810928475,122,5168,192,16375,8991,4667,13657
294810939656,103,5337,113,8762,8992,4667,13658
294810950614,19,8936,59,2871,8992,4668,13659
294810961770,103,5894,394,16501,8993,4668,13660
294810973221,141,5141,148,8981,8994,4668,13661
294810984465,19,9670,62,2897,8994,4669,13662
294810995464,107,5078,54,3214,8995,4669,13663
294811006029,169,4983,162,15726,8996,4669,13664
294811017508,19,8541,76,3362,8996,4670,13665
294811028544,111,5885,109,9411,8997,4670,13666
294811039740,105,5632,179,16268,8998,4670,13667
294811050986,21,7828,67,3376,8998,4671,13668
294811061641,148,4722,64,3583,8999,4671,13669
294811072873,151,5727,106,8712,9000,4671,13670
294811084272,21,7343,91,2932,9000,4672,13671
294811095441,150,5124,59,3391,9001,4672,13672
294811105970,119,7723,67,2978,9002,4672,13673
294811117253,22,9085,74,2791,9002,4673,13674
294811128596,152,5368,84,6175,9003,4673,13675
294811139672,104,5581,351,36330,9004,4673,13676
294811150891,18,8606,80,4637,9004,4674,13677
294811161689,111,5098,105,8939,9005,4674,13678
294811172789,118,5043,148,13548,9006,4674,13679
294811183964,22,9176,63,2917,9006,4675,13680
294811195019,142,5662,152,8154,9007,4675,13681
294811207124,107,7575,151,14887,9008,4675,13682
294811217194,20,7958,60,2961,9008,4676,13683
294811228428,110,5563,98,8756,9009,4676,13684
294811239751,102,5681,59,3153,9010,4676,13685
294811251198,18,7948,55,2866,9010,4677,13686
294811261744,98,5090,491,15294,9011,4677,13687
294811272730,148,5619,252,8867,9012,4677,13688
294811283786,20,6882,63,2843,9012,4678,13689
294811295822,130,5649,170,15921,9013,4678,13690
294811306165,171,5516,55,3384,9014,4678,13691
294811317444,21,7666,61,2933,9014,4679,13692
294811328464,121,4988,100,8233,9015,4679,13693
294811339799,114,6142,60,2870,9016,4679,13694
294811350850,19,7933,53,2311,9016,4680,13695
294811361962,103,5261,90,5901,9017,4680,13696
294811372647,148,5176,413,36255,9018,4680,13697
294811383978,22,9759,77,4647,9018,4681,13698
294811395251,121,5072,80,6169,9019,4681,13699
294811406073,105,8067,344,35820,9020,4681,13700
294811417455,20,8706,76,4631,9020,4682,13701
294811428680,111,6287,143,13669,9021,4682,13702
294811439436,100,5342,115,8310,9022,4682,13703
294811450593,19,8190,56,2880,9022,4683,13704
294811461733,105,5261,160,15854,9023,4683,13705
294811472846,102,5741,106,8379,9024,4683,13706
294811483931,22,7979,63,2883,9024,4684,13707
294811495198,124,5340,52,3205,9025,4684,13708
294811505994,97,7906,157,15391,9026,4684,13709
294811517160,18,6781,60,3269,9026,4685,13710
294811528559,105,5321,106,9196,9027,4685,13711
294811539579,96,5609,169,16124,9028,4685,13712
294811550689,19,8318,69,3132,9028,4686,13713
294811561638,105,5155,56,3086,9029,4686,13714
294811572811,102,5916,43,2086,9030,4686,13715
294811584408,16,9512,44,1642,9030,4687,13716
294811595211,104,5025,106,1641,9031,4687,13717
294811606396,90,7798,323,35775,9032,4687,13718
294811617340,19,9402,87,4599,9032,4688,13719
294811628587,133,5802,55,3334,9033,4688,13720
294811639327,100,5304,61,3894,9034,4688,13721
294811650543,18,8019,54,2733,9034,4689,13722
294811662061,104,5427,159,15611,9035,4689,13723
294811672895,91,5601,77,3310,9036,4689,13724
294811684428,17,7685,58,2843,9036,4690,13725
294811694979,101,5443,96,8202,9037,4690,13726
294811705985,99,7332,165,16073,9038,4690,13727
294811717884,17,7092,53,2942,9038,4691,13728
294811728378,98,5314,98,8742,9039,4691,13729
294811739479,106,5780,57,3211,9040,4691,13730
294811750681,17,8075,51,2849,9040,4692,13731
294811761974,93,4952,79,6017,9041,4692,13732
294811772688,95,5674,338,36159,9042,4692,13733
294811784357,18,9311,73,4691,9042,4693,13734
294811795165,101,4915,87,7217,9043,4693,13735
294811806370,98,5391,316,34734,9044,4693,13736
294811817439,17,8057,72,4675,9044,4694,13737
294811828568,136,6370,104,8686,9045,4694,13738
294811839697,98,5491,172,15739,9046,4694,13739
294811851172,17,7684,56,3101,9046,4695,13740
294811861781,106,5353,103,8685,9047,4695,13741
294811872751,126,5779,62,3198,9048,4695,13742
294811883899,19,8097,59,2857,9048,4696,13743
294811895289,112,5635,63,4197,9049,4696,13744
294811906185,103,7212,164,16001,9050,4696,13745
294811917320,18,7924,60,3162,9050,4697,13746
294811928585,103,5659,63,3259,9051,4697,13747
294811939786,104,5626,102,8102,9052,4697,13748
294811950670,17,8098,56,2864,9052,4698,13749
294811961573,103,5408,158,15537,9053,4698,13750
294811973175,100,5750,77,2175,9054,4698,13751
294811984341,16,9896,52,1764,9054,4699,13752
294811995548,108,5267,41,1766,9055,4699,13753
294812005967,98,7698,352,36290,9056,4699,13754
294812017959,18,8350,73,4749,9056,4700,13755
294812028332,104,5371,100,9056,9057,4700,13756
294812039299,105,5393,370,14751,9058,4700,13757
294812050653,22,9469,56,3140,9058,4701,13758
294812062145,103,5489,104,3276,9059,4701,13759
294812072990,98,5512,98,8276,9060,4701,13760
294812084120,17,10114,67,2843,9060,4702,13761
294812095731,113,5296,161,15338,9061,4702,13762
294812106137,101,4949,101,8308,9062,4702,13763
294812117399,17,8709,73,2924,9062,4703,13764
294812128572,133,5568,152,14340,9063,4703,13765
294812139564,99,6024,112,9509,9064,4703,13766
294812150687,23,8185,62,2850,9064,4704,13767
294812161899,104,5643,179,15596,9065,4704,13768
294812173147,97,5684,60,3552,9066,4704,13769
294812183908,16,10244,59,2828,9066,4705,13770
294812194863,107,5314,88,7639,9067,4705,13771
294812206031,99,5608,83,6017,9068,4705,13772
294812217204,17,8710,47,1844,9068,4706,13773
294812228420,102,5469,442,36361,9069,4706,13774
294812239467,103,5273,71,5000,9070,4706,13775
294812250632,16,8990,58,3125,9070,4707,13776
294812261529,100,5551,159,15530,9071,4707,13777
294812272700,98,5349,101,8735,9072,4707,13778
294812283970,17,9637,56,2902,9072,4708,13779
294812295336,104,6096,97,7043,9073,4708,13780
294812306497,160,6600,324,34899,9074,4708,13781
294812317762,21,7860,77,4710,9074,4709,13782
294812328581,113,5382,148,8806,9075,4709,13783
294812339451,103,5369,238,15797,9076,4709,13784
294812350490,19,8308,63,3149,9076,4710,13785
294812362010,129,5253,241,8743,9077,4710,13786
294812373239,284,5515,188,14924,9078,4710,13787
294812383892,23,7859,66,3034,9078,4711,13788
294812395184,123,5607,112,9664,9079,4711,13789
294812406908,120,5353,168,16004,9080,4711,13790
294812417406,19,15206,77,3267,9080,4712,13791
294812443796,165,13613,67,2914,9081,4712,13792
294812468749,316,14069,402,36257,9082,4712,13793
294812494753,117,16370,79,4997,9083,4712,13794
294812522842,117,10376,69,3679,9084,4712,13795
294812534100,19,16176,59,2865,9084,4713,13796
294812561808,117,16160,157,13328,9085,4713,13797
294812589968,151,10139,63,2860,9086,4713,13798
294812600923,23,14590,66,2795,9086,4714,13799
294812627078,163,5321,81,5501,9087,4714,13800
294812638243,103,5436,156,9050,9088,4714,13801
294812649431,19,7304,64,2786,9088,4715,13802
294812660215,127,4847,158,14941,9089,4715,13803
294812671864,147,5397,57,2396,9090,4715,13804
294812682918,19,7362,49,1740,9090,4716,13805
294812693753,109,5354,341,34879,9091,4716,13806
294812704919,137,4809,73,5244,9092,4716,13807
294812715611,17,7488,57,3077,9092,4717,13808
294812726991,102,5618,99,8693,9093,4717,13809
294812737935,146,4814,114,3159,9094,4717,13810
294812749047,17,7439,78,2892,9094,4718,13811
294812760452,105,5383,149,14749,9095,4718,13812
294812771414,94,5467,101,8752,9096,4718,13813
294812782556,17,7246,62,2844,9096,4719,13814
294812793674,115,5484,163,15791,9097,4719,13815
294812804885,158,5632,54,3366,9098,4719,13816
294812816052,19,6760,61,2925,9098,4720,13817
294812827284,103,5162,100,8254,9099,4720,13818
294812837913,100,5704,169,16483,9100,4720,13819
294812849223,18,7500,59,3086,9100,4721,13820
294812860189,115,5035,109,9334,9101,4721,13821
294812871104,127,4998,168,15471,9102,4721,13822
294812882858,22,7170,60,2913,9102,4722,13823
294812893900,130,4995,52,2410,9103,4722,13824
294812904532,98,4855,350,36061,9104,4722,13825
294812915833,19,7263,74,4599,9104,4723,13826
294812927291,105,6152,187,16097,9105,4723,13827
294812938397,102,5100,103,8352,9106,4723,13828
294812949307,17,7492,93,2789,9106,4724,13829
294812960602,110,5369,164,16087,9107,4724,13830
294812971674,102,5525,101,8637,9108,4724,13831
294812982488,19,7192,58,2842,9108,4725,13832
294812993755,104,5749,55,3202,9109,4725,13833
294813005203,148,5595,175,15600,9110,4725,13834
294813016209,29,6788,66,3081,9110,4726,13835
294813027192,110,5364,103,8886,9111,4726,13836
294813038057,103,5965,166,16021,9112,4726,13837
294813049321,18,7548,59,3041,9112,4727,13838
294813060412,100,4960,67,3317,9113,4727,13839
294813071113,156,5294,57,2978,9114,4727,13840
294813082471,26,7325,61,2703,9114,4728,13841
294813093661,107,4988,43,2083,9115,4728,13842
294813104717,106,5009,64,1605,9116,4728,13843
294813115709,19,7384,57,1603,9116,4729,13844
294813126927,133,5805,360,35967,9117,4729,13845
294813137892,104,5037,189,17991,9118,4729,13846
294813149341,20,7288,62,3500,9118,4730,13847
294813160421,112,5179,106,8826,9119,4730,13848
294813171578,100,5104,152,14010,9120,4730,13849
294813182473,22,7126,60,3058,9120,4731,13850
294813193738,107,5586,99,8337,9121,4731,13851
294813204973,110,5672,166,16346,9122,4731,13852
294813215835,18,7273,62,3154,9122,4732,13853
294813226971,107,5314,101,8597,9123,4732,13854
294813237878,106,5281,60,3254,9124,4732,13855
294813249279,17,6875,56,2943,9124,4733,13856
294813260513,104,5536,159,15566,9125,4733,13857
294813271726,100,5719,109,9362,9126,4733,13858
294813282570,18,7172,58,2853,9126,4734,13859
294813294023,104,5257,175,16005,9127,4734,13860
294813305124,228,5003,85,2593,9128,4734,13861
294813315947,32,7439,62,1820,9128,4735,13862
294813326863,185,5252,363,36080,9129,4735,13863
294813338151,107,4926,215,18430,9130,4735,13864
294813348964,18,7656,107,3446,9130,4736,13865
294813360421,138,5733,104,8631,9131,4736,13866
294813371462,128,5225,63,3134,9132,4736,13867
294813382352,20,7401,61,2824,9132,4737,13868
294813393640,117,5451,166,16171,9133,4737,13869
294813404593,142,4918,69,3661,9134,4737,13870
294813415809,35,7489,59,2908,9134,4738,13871
294813426991,116,5152,52,3073,9135,4738,13872
294813438334,103,5669,106,8125,9136,4738,13873
294813449469,19,7358,113,2847,9136,4739,13874
294813460617,118,5708,164,16150,9137,4739,13875
294813471370,108,5676,103,8824,9138,4739,13876
294813482381,19,7171,57,2727,9138,4740,13877
294813493508,107,5369,68,2998,9139,4740,13878
294813504859,106,5068,165,15649,9140,4740,13879
294813515564,19,7119,59,3049,9140,4741,13880
294813526871,105,5097,100,8947,9141,4741,13881
294813538318,102,5511,161,15590,9142,4741,13882
294813549295,19,7157,51,2715,9142,4742,13883
294813560518,96,5229,271,22959,9143,4742,13884
294813571564,103,4861,98,8219,9144,4742,13885
294813582213,17,7307,57,2701,9144,4743,13886
294813593796,111,5767,221,16013,9145,4743,13887
294813604925,207,4591,144,8442,9146,4743,13888
294813616197,19,7756,65,2700,9146,4744,13889
294813627265,143,5409,66,3037,9147,4744,13890
294813638036,142,5009,177,16304,9148,4744,13891
294813649122,19,7349,64,3179,9148,4745,13892
294813660264,176,4874,57,3163,9149,4745,13893
294813671776,129,5839,56,2968,9150,4745,13894
294813682857,18,6487,57,2719,9150,4746,13895
294813693510,103,5177,97,8037,9151,4746,13896
294813704734,113,8215,173,16033,9152,4746,13897
294813716056,17,7688,58,2921,9152,4747,13898
294813727025,104,4880,101,8807,9153,4747,13899
294813738193,138,5809,55,2888,9154,4747,13900
294813749421,18,7124,53,2588,9154,4748,13901
294813760440,110,4832,79,6171,9155,4748,13902
294813771103,106,5075,352,35858,9156,4748,13903
294813782506,17,7424,78,4680,9156,4749,13904
294813793941,103,5572,159,16040,9157,4749,13905
294813804504,95,5075,59,3497,9158,4749,13906
294813815940,19,7351,60,2842,9158,4750,13907
294813827182,108,5515,100,8089,9159,4750,13908
294813837952,97,5043,164,16076,9160,4750,13909
294813849263,38,7500,83,3137,9160,4751,13910
294813860478,158,5412,129,8824,9161,4751,13911
294813871518,133,5817,63,3107,9162,4751,13912
294813882559,39,7190,73,2800,9162,4752,13913
294813893746,119,5448,67,3939,9163,4752,13914
294813904753,153,5047,171,15864,9164,4752,13915
294813915706,19,7157,64,3102,9164,4753,13916
294813927143,188,5293,58,3379,9165,4753,13917
294813937907,127,5809,98,7959,9166,4753,13918
294813949010,18,7503,60,2897,9166,4754,13919
294813960319,112,5567,166,16072,9167,4754,13920
294813971650,104,5704,93,7988,9168,4754,13921
294813982704,17,7287,57,2307,9168,4755,13922
294813993579,104,5414,214,21972,9169,4755,13923
294814004641,131,4701,161,15418,9170,4755,13924
294814015731,19,7740,55,2853,9170,4756,13925
294814026883,104,6300,103,8394,9171,4756,13926
294814038303,118,4999,159,15624,9172,4756,13927
294814048931,19,7448,60,2898,9172,4757,13928
294814060488,107,5317,54,3257,9173,4757,13929
294814071498,105,4959,100,8257,9174,4757,13930
294814082768,19,7254,68,2560,9174,4758,13931
294814093988,134,5269,167,16079,9175,4758,13932
294814105023,127,5625,113,8326,9176,4758,13933
294814115737,23,7537,89,2657,9176,4759,13934
294814126773,139,5439,153,14009,9177,4759,13935
294814137953,114,5637,109,9131,9178,4759,13936
294814149183,21,6969,61,2476,9178,4760,13937
294814160333,120,5411,254,15471,9179,4760,13938
294814171748,109,5589,54,3206,9180,4760,13939
294814182817,18,10397,57,2568,9180,4761,13940
294814193950,112,4978,90,7757,9181,4761,13941
294814204512,93,5039,160,15409,9182,4761,13942
294814216257,17,7654,51,2129,9182,4762,13943
294814227007,112,5988,343,38177,9183,4762,13944
294814237815,103,4943,69,4859,9184,4762,13945
294814249081,18,7465,62,3155,9184,4763,13946
294814260392,106,5241,202,15824,9185,4763,13947
294814271489,102,5135,109,9164,9186,4763,13948
294814282359,19,4798,69,2911,9186,4764,13949
294814293766,113,5266,163,16017,9187,4764,13950
294814304950,111,5584,64,3450,9188,4764,13951
294814316105,20,7099,84,2898,9188,4765,13952
294814327351,171,5700,100,8292,9189,4765,13953
294814338105,96,5664,168,16360,9190,4765,13954
294814349253,18,7034,84,3353,9190,4766,13955
294814360403,113,4990,113,9624,9191,4766,13956
294814371305,145,4943,179,15576,9192,4766,13957
294814382534,23,7068,68,3121,9192,4767,13958
294814393638,118,4991,53,2484,9193,4767,13959
294814404652,249,5089,60,1620,9194,4767,13960
294814415942,27,7366,49,1621,9194,4768,13961
294814427021,128,6201,350,33487,9195,4768,13962
294814439260,330,6883,204,10760,9196,4768,13963
294814449467,26,7254,74,3189,9196,4769,13964
294814460535,143,5275,430,15815,9197,4769,13965
294814471740,122,5927,111,8575,9198,4769,13966
294814482655,21,7323,58,2727,9198,4770,13967
294814493812,111,5493,54,3007,9199,4770,13968
294814505030,223,5258,163,15341,9200,4770,13969
294814515879,28,7039,86,2998,9200,4771,13970
294814527057,99,5350,173,8737,9201,4771,13971
294814538246,105,5713,163,15959,9202,4771,13972
294814549211,18,7266,58,3173,9202,4772,13973
294814560595,100,5518,51,3300,9203,4772,13974
294814571745,97,5842,54,2321,9204,4772,13975
294814582402,18,7282,45,1682,9204,4773,13976
294814593692,135,5655,302,33126,9205,4773,13977
294814604952,128,4906,126,10404,9206,4773,13978
294814616156,20,7581,70,3080,9206,4774,13979
294814626930,140,5428,66,3141,9207,4774,13980
294814637914,155,5009,165,15538,9208,4774,13981
294814649390,18,7492,64,2889,9208,4775,13982
294814660523,113,5363,55,3191,9209,4775,13983
294814671523,112,6048,58,3139,9210,4775,13984
294814682749,20,6761,58,2782,9210,4776,13985
294814693531,115,5093,98,8206,9211,4776,13986
294814705207,105,5272,164,16088,9212,4776,13987
294814716208,18,9056,65,3212,9212,4777,13988
294814727043,115,5326,104,9033,9213,4777,13989
294814738194,102,5803,53,2932,9214,4777,13990
294814749127,16,7604,60,2687,9214,4778,13991
294814760218,108,5431,158,15349,9215,4778,13992
294814771501,99,4791,107,8757,9216,4778,13993
294814782186,17,7541,59,2817,9216,4779,13994
294814793722,111,5540,164,15966,9217,4779,13995
294814804959,111,4823,59,3510,9218,4779,13996
294814815860,17,7208,57,2995,9218,4780,13997
294814827007,119,5510,103,8325,9219,4780,13998
294814838195,111,5132,165,16235,9220,4780,13999
294814848907,19,7530,68,3255,9220,4781,14000
294814860450,105,5682,102,8958,9221,4781,14001
294814871640,146,6173,70,3207,9222,4781,14002
294814882795,20,7399,69,2834,9222,4782,14003
294814893569,127,5287,68,4158,9223,4782,14004
294814904499,111,5520,165,16051,9224,4782,14005
294814915760,25,7340,58,3013,9224,4783,14006
294814926796,108,5330,54,3319,9225,4783,14007
294814937853,157,5241,118,8105,9226,4783,14008
294814949108,32,7170,75,2751,9226,4784,14009
294814960366,169,5182,213,16085,9227,4784,14010
294814971355,158,4981,112,8088,9228,4784,14011
294814982558,30,7246,57,1775,9228,4785,14012
294814993743,131,5341,308,32388,9229,4785,14013
294815004939,116,4753,180,17398,9230,4785,14014
294815015549,19,7575,71,3589,9230,4786,14015
294815027345,117,6274,142,9099,9231,4786,14016
294815038120,108,5240,164,16026,9232,4786,14017
294815049252,18,7301,60,3342,9232,4787,14018
294815060433,105,5480,57,3583,9233,4787,14019
294815071524,105,5536,105,8723,9234,4787,14020
294815082418,18,6890,57,2929,9234,4788,14021
294815094041,122,5772,176,16520,9235,4788,14022
294815105109,139,5383,105,8832,9236,4788,14023
294815115799,18,7480,69,3006,9236,4789,14024
294815126975,142,5046,152,14422,9237,4789,14025
294815138120,140,5911,114,9346,9238,4789,14026
294815149353,20,7568,63,2781,9238,4790,14027
294815160506,107,5276,1844,15706,9239,4790,14028
294815171298,291,5426,104,3165,9240,4790,14029
294815182410,37,7434,76,3052,9240,4791,14030
294815193740,185,5743,126,9245,9241,4791,14031
294815204961,175,4735,181,16350,9242,4791,14032
294815215995,24,7197,84,3252,9242,4792,14033
294815227050,161,5464,148,8967,9243,4792,14034
294815238052,143,5025,78,3081,9244,4792,14035
294815249028,24,7527,64,2823,9244,4793,14036
294815260329,124,5222,191,15663,9245,4793,14037
294815271392,176,6070,117,9020,9246,4793,14038
294815282593,21,7180,65,2823,9246,4794,14039
294815293660,119,5270,166,15915,9247,4794,14040
294815304526,106,5203,68,3622,9248,4794,14041
294815316267,24,7014,60,2900,9248,4795,14042
294815326919,107,5190,119,8181,9249,4795,14043
294815338080,158,5589,171,16395,9250,4795,14044
294815349324,19,7497,58,3221,9250,4796,14045
294815360676,102,5406,109,9592,9251,4796,14046
294815371593,135,5469,201,15858,9252,4796,14047
294815383418,29,7164,100,3210,9252,4797,14048
294815393709,175,5201,68,2511,9253,4797,14049
294815404454,156,4955,379,35734,9254,4797,14050
294815415985,31,14392,91,4583,9254,4798,14051
294815441807,160,9518,110,5773,9255,4798,14052
294815453173,665,12928,192,16368,9256,4798,14053
294815478067,167,15981,218,8502,9257,4798,14054
294815505872,172,9662,177,14785,9258,4798,14055
294815516922,28,14916,70,2898,9258,4799,14056
294815543173,155,17920,75,3185,9259,4799,14057
294815572729,210,9855,108,7907,9260,4799,14058
294815584136,22,15840,72,2868,9260,4800,14059
294815611729,144,11672,100,5810,9261,4800,14060
294815635172,231,6854,81,4331,9262,4800,14061
294815646739,59,6885,67,1685,9262,4801,14062
294815657180,169,5615,460,35948,9263,4801,14063
294815668333,145,7370,183,17573,9264,4801,14064
294815679392,20,4496,58,3353,9264,4802,14065
294815690873,165,5489,57,2142,9265,4802,14066
294815701755,126,7262,391,33183,9266,4802,14067
294815712958,25,4825,61,4515,9266,4803,14068
294815723659,131,7173,117,8971,9267,4803,14069
294815735526,205,6595,64,3218,9268,4803,14070
294815745967,25,4807,73,2827,9268,4804,14071
294815757117,140,5220,289,14739,9269,4804,14072
294815768218,25,6709,114,2876,9269,4805,14073
294815779225,138,5670,133,8776,9270,4805,14074
294815790508,140,4991,174,15770,9271,4805,14075
294815801593,222,6938,113,3468,9272,4805,14076
294815813014,25,4972,59,2936,9272,4806,14077
294815823581,122,4966,141,8411,9273,4806,14078
294815835209,121,7130,184,16413,9274,4806,14079
294815846636,26,6342,111,3063,9274,4807,14080
294815857190,143,4937,102,8695,9275,4807,14081
294815868254,26,7645,91,2728,9275,4808,14082
294815879595,165,5247,251,5571,9276,4808,14083
294815890646,147,5817,438,35892,9277,4808,14084
294815901686,165,7137,157,13231,9278,4808,14085
294815913098,24,4761,58,1998,9278,4809,14086
294815924111,130,7024,343,32595,9279,4809,14087
294815935153,298,7224,140,10841,9280,4809,14088
294815945915,25,4543,60,3126,9280,4810,14089
294815957688,148,5494,172,16209,9281,4810,14090
294815968154,24,7530,82,3185,9281,4811,14091
294815979758,128,5297,166,8681,9282,4811,14092
294815990566,119,5067,60,3124,9283,4811,14093
294816001588,120,7712,184,15491,9284,4811,14094
294816012805,24,5150,63,3073,9284,4812,14095
294816023922,131,7602,114,8895,9285,4812,14096
294816035728,470,6424,169,15995,9286,4812,14097
294816046123,24,4707,67,3059,9286,4813,14098
294816057124,445,4638,63,3358,9287,4813,14099
294816068388,127,7234,118,8180,9288,4813,14100
294816079839,25,5836,473,2903,9288,4814,14101
294816090364,131,5399,205,3260,9289,4814,14102
294816101699,140,7219,172,2733,9290,4814,14103
294816112987,27,4838,188,2528,9290,4815,14104
294816123605,159,7227,99,6129,9291,4815,14105
294816135027,944,6777,377,36257,9292,4815,14106
294816146128,22,4465,140,4646,9292,4816,14107
294816157077,127,5550,108,8982,9293,4816,14108
294816168214,198,7606,165,14800,9294,4816,14109
294816179361,22,4756,62,3186,9294,4817,14110
294816190430,127,4811,107,9121,9295,4817,14111
294816201942,252,6926,174,15570,9296,4817,14112
294816212700,23,4828,177,3105,9296,4818,14113
294816223761,121,7341,295,8739,9297,4818,14114
294816235560,819,6578,61,3159,9298,4818,14115
294816246409,21,6949,65,2874,9298,4819,14116
294816257413,122,5232,160,15418,9299,4819,14117
294816268474,152,7053,235,8964,9300,4819,14118
294816279337,20,4789,69,2748,9300,4820,14119
294816290732,132,5197,166,15941,9301,4820,14120
294816301735,225,7213,74,3480,9302,4820,14121
294816312637,20,5332,2096,2887,9302,4821,14122
294816324237,173,6451,58,2209,9303,4821,14123
294816335385,132,7035,313,33272,9304,4821,14124
294816346052,23,4730,69,4501,9304,4822,14125
294816357436,257,5693,113,9242,9305,4822,14126
294816369175,385,6561,172,14145,9306,4822,14127
294816379762,28,4635,49,1915,9306,4823,14128
294816390652,130,5596,48,2244,9307,4823,14129
294816401574,120,7703,372,35828,9308,4823,14130
294816412900,26,4709,128,4587,9308,4824,14131
294816423820,134,7030,149,13571,9309,4824,14132
294816434807,20,7691,59,2999,9309,4825,14133
294816445890,117,5279,104,8223,9310,4825,14134
294816456935,123,4971,162,16049,9311,4825,14135
294816468555,124,7622,139,8536,9312,4825,14136
294816479241,28,4611,49,2886,9312,4826,14137
294816490860,149,5167,66,3202,9313,4826,14138
294816501432,129,7435,175,15546,9314,4826,14139
294816513021,25,5097,64,3218,9314,4827,14140
294816523647,131,4968,120,9120,9315,4827,14141
294816535426,304,6711,186,16081,9316,4827,14142
294816545959,77,4728,110,3109,9316,4828,14143
294816557288,152,5574,62,3395,9317,4828,14144
294816568094,116,7314,155,7973,9318,4828,14145
294816579700,65,4512,173,2924,9318,4829,14146
294816590681,125,5486,70,3291,9319,4829,14147
294816602177,321,6409,91,6000,9320,4829,14148
294816613023,25,5573,59,1748,9320,4830,14149
294816624058,169,6453,353,36253,9321,4830,14150
294816635296,133,7349,81,4729,9322,4830,14151
294816646826,25,7016,68,3163,9322,4831,14152
294816657555,113,5476,101,8734,9323,4831,14153
294816668553,210,7175,151,13681,9324,4831,14154
294816679215,20,4477,54,2854,9324,4832,14155
294816691118,134,5102,110,8053,9325,4832,14156
294816701824,137,7380,169,14922,9326,4832,14157
294816712781,26,4745,63,3080,9326,4833,14158
294816724027,128,6937,117,8849,9327,4833,14159
294816735051,260,7403,64,3118,9328,4833,14160
294816746099,24,4663,55,2815,9328,4834,14161
294816757164,151,4790,243,15208,9329,4834,14162
294816768182,24,7013,71,3076,9329,4835,14163
294816779518,129,7351,266,8881,9330,4835,14164
294816790515,127,5744,165,15988,9331,4835,14165
294816801686,117,7354,67,3511,9332,4835,14166
294816813118,22,5205,63,2912,9332,4836,14167
294816824053,123,7193,112,8108,9333,4836,14168
294816835369,240,7174,72,3219,9334,4836,14169
294816846782,22,6637,67,2897,9334,4837,14170
294816857377,152,5561,52,2891,9335,4837,14171
294816868574,233,6915,178,14728,9336,4837,14172
294816879226,22,4692,76,2917,9336,4838,14173
294816890432,131,5142,62,2877,9337,4838,14174
294816901995,148,7093,112,8753,9338,4838,14175
294816912818,20,4858,61,2859,9338,4839,14176
294816924067,123,7289,168,13202,9339,4839,14177
294816935277,207,7204,104,8130,9340,4839,14178
294816946640,28,7314,63,2876,9340,4840,14179
294816957111,151,5041,187,16076,9341,4840,14180
294816968255,107,7234,110,8595,9342,4840,14181
294816979503,20,4831,59,2764,9342,4841,14182
294816990871,157,5150,70,3043,9343,4841,14183
294817001796,116,7551,175,15576,9344,4841,14184
294817012879,28,4914,59,3017,9344,4842,14185
294817023816,128,6985,111,8893,9345,4842,14186
294817034957,195,7133,192,16173,9346,4842,14187
294817046160,22,4589,59,3048,9346,4843,14188
294817057300,132,5714,57,3361,9347,4843,14189
294817068387,184,6741,161,8212,9348,4843,14190
294817079656,20,4691,51,2831,9348,4844,14191
294817090611,125,5750,81,5105,9349,4844,14192
294817101928,221,7287,334,35904,9350,4844,14193
294817112874,20,4732,77,4652,9350,4845,14194
294817123962,156,6395,80,5496,9351,4845,14195
294817135221,156,7431,346,36134,9352,4845,14196
294817146845,20,6755,78,4677,9352,4846,14197
294817157407,157,5333,102,8911,9353,4846,14198
294817168397,118,7425,181,13461,9354,4846,14199
294817179470,19,4481,53,2924,9354,4847,14200
294817190557,119,5255,108,8219,9355,4847,14201
294817202010,372,6778,171,14860,9356,4847,14202
294817213046,32,5183,70,3077,9356,4848,14203
294817223837,133,4868,112,8935,9357,4848,14204
294817235586,1281,5536,72,3113,9358,4848,14205
294817245885,25,4638,63,2773,9358,4849,14206
294817257076,158,5551,165,15247,9359,4849,14207
294817268119,115,7632,124,8737,9360,4849,14208
294817279201,23,4554,53,2904,9360,4850,14209
294817290904,121,5654,242,15881,9361,4850,14210
294817301422,162,7169,57,2619,9362,4850,14211
294817312676,29,4727,44,1890,9362,4851,14212
294817323642,142,5134,46,2011,9363,4851,14213
294817335104,775,6824,338,33325,9364,4851,14214
294817346548,21,6655,71,4532,9364,4852,14215
294817357440,129,5429,104,8923,9365,4852,14216
294817368579,602,7326,72,3259,9366,4852,14217
294817379870,26,4561,56,2898,9366,4853,14218
294817390781,134,5144,241,15300,9367,4853,14219
294817401478,126,7930,65,3283,9368,4853,14220
294817412662,36,5709,127,2864,9368,4854,14221
294817423780,329,7640,66,3134,9369,4854,14222
294817435306,330,6929,111,8040,9370,4854,14223
294817446383,27,7247,64,2899,9370,4855,14224
294817457537,135,5255,186,15953,9371,4855,14225
294817468571,180,7471,137,8696,9372,4855,14226
294817479522,26,4803,90,2714,9372,4856,14227
294817490690,123,5035,61,3005,9373,4856,14228
294817501585,109,7039,186,15418,9374,4856,14229
294817512816,21,5159,58,2983,9374,4857,14230
294817524111,141,6848,106,8741,9375,4857,14231
294817535265,108,6787,78,5023,9376,4857,14232
294817545874,19,4846,40,1733,9376,4858,14233
294817556995,114,5415,378,34612,9377,4858,14234
294817568421,106,7494,122,10005,9378,4858,14235
294817579519,20,4743,53,3175,9378,4859,14236
294817590579,120,5155,179,15648,9379,4859,14237
294817601697,101,7025,134,8530,9380,4859,14238
294817612891,19,6810,87,2907,9380,4860,14239
294817623960,140,6120,58,3247,9381,4860,14240
294817635809,553,6038,91,4112,9382,4860,14241
294817646793,28,7019,91,2780,9382,4861,14242
294817657244,173,5286,170,15757,9383,4861,14243
294817668371,238,8405,80,3464,9384,4861,14244
294817679350,25,4921,109,2888,9384,4862,14245
294817690447,337,5200,109,8252,9385,4862,14246
294817701557,207,7591,245,16287,9386,4862,14247
294817712549,23,5068,57,3211,9386,4863,14248
294817723887,271,6881,119,9037,9387,4863,14249
294817735425,260,6407,406,2975,9388,4863,14250
294817746807,22,6954,57,2747,9388,4864,14251
294817757301,137,5608,85,6122,9389,4864,14252
294817768449,215,7295,51,1797,9390,4864,14253
294817779395,21,4718,43,1735,9390,4865,14254
294817790577,516,5306,53,1735,9391,4865,14255
294817801629,112,7355,452,34875,9392,4865,14256
294817812746,21,4583,75,4719,9392,4866,14257
294817823888,135,6330,111,8702,9393,4866,14258
294817835112,114,7099,170,15777,9394,4866,14259
294817845834,20,4812,52,3112,9394,4867,14260
294817857567,138,5332,124,8731,9395,4867,14261
294817868318,267,8209,72,3095,9396,4867,14262
294817880603,30,4858,69,2765,9396,4868,14263
294817890318,148,5112,76,3972,9397,4868,14264
294817901805,149,7256,190,15940,9398,4868,14265
294817912759,20,4871,338,3137,9398,4869,14266
294817923804,156,6847,69,3426,9399,4869,14267
294817934900,175,7355,111,8110,9400,4869,14268
294817946696,22,7097,66,2768,9400,4870,14269
294817957179,123,5928,172,15951,9401,4870,14270
294817968322,132,6973,117,8504,9402,4870,14271
294817979371,24,4687,57,2583,9402,4871,14272
294817991058,298,5722,61,2137,9403,4871,14273
294818001627,382,7046,79,3742,9404,4871,14274
294818012555,28,4789,54,1743,9404,4872,14275
294818023752,128,6733,361,35972,9405,4872,14276
294818035213,366,7116,193,17605,9406,4872,14277
294818046201,22,4755,60,3412,9406,4873,14278
294818057457,152,5446,75,3265,9407,4873,14279
294818068445,142,7519,116,8132,9408,4873,14280
294818079347,27,4583,65,2820,9408,4874,14281
294818090428,136,4914,196,15814,9409,4874,14282
294818101642,133,7897,115,8624,9410,4874,14283
294818112711,24,5415,60,2964,9410,4875,14284
294818123785,159,6453,61,3270,9411,4875,14285
294818134883,171,7360,84,4143,9412,4875,14286
294818145915,35,5018,65,2830,9412,4876,14287
294818157019,152,5248,177,15780,9413,4876,14288
294818168007,39,7424,110,3074,9413,4877,14289
294818179589,176,7136,81,3418,9414,4877,14290
294818190759,172,4883,107,8058,9415,4877,14291
294818201333,151,7427,187,16202,9416,4877,14292
294818212819,24,13137,78,3149,9416,4878,14293
294818237203,188,13085,70,2231,9417,4878,14294
294818262134,172,14548,72,1693,9418,4878,14295
294818288287,135,11323,389,34109,9419,4878,14296
294818311060,133,16550,88,4676,9420,4878,14297
294818339099,156,10370,67,3161,9421,4878,14298
294818350315,19,15868,69,2803,9421,4879,14299
294818377512,220,15077,140,9022,9422,4879,14300
294818404916,334,11812,285,5596,9423,4879,14301
294818428173,172,5517,368,34622,9424,4879,14302
294818439799,132,5500,124,10036,9425,4879,14303
294818451089,26,6976,75,3316,9425,4880,14304
294818461783,131,5158,161,15594,9426,4880,14305
294818472802,119,5672,119,8497,9427,4880,14306
294818484758,322,7440,106,5630,9428,4880,14307
294818495063,23,4572,44,1839,9428,4881,14308
294818506163,119,5733,51,1766,9429,4881,14309
294818517550,20,8257,47,1759,9429,4882,14310
294818528742,135,5343,576,36144,9430,4882,14311
294818539710,108,5086,333,17684,9431,4882,14312
294818550873,18,7895,66,3574,9431,4883,14313
294818562082,114,9586,66,3445,9432,4883,14314
294818573149,104,5120,189,8162,9433,4883,14315
294818584228,17,8017,63,2821,9433,4884,14316
294818595312,115,6086,165,15932,9434,4884,14317
294818606439,102,5070,100,8643,9435,4884,14318
294818617065,19,9485,69,2836,9435,4885,14319
294818628440,134,5477,59,3229,9436,4885,14320
294818639377,106,4914,66,4484,9437,4885,14321
294818651409,114,7389,198,15919,9438,4885,14322
294818662011,23,7620,101,3152,9438,4886,14323
294818673471,328,5020,132,3508,9439,4886,14324
294818684182,29,7672,75,2995,9439,4887,14325
294818695216,197,5318,117,8233,9440,4887,14326
294818706399,272,5630,187,16310,9441,4887,14327
294818717346,32,7565,71,3102,9441,4888,14328
294818728799,153,5524,113,8908,9442,4888,14329
294818739626,129,5307,69,2858,9443,4888,14330
294818750812,22,7799,60,2284,9443,4889,14331
294818761611,127,9324,148,6525,9444,4889,14332
294818773153,112,5496,341,36089,9445,4889,14333
294818784008,86,8312,81,4663,9445,4890,14334
294818795205,117,5046,162,16041,9446,4890,14335
294818806054,111,7210,59,3504,9447,4890,14336
294818817508,17,8252,58,2877,9447,4891,14337
294818828569,123,7027,108,8277,9448,4891,14338
294818839595,108,5352,164,16118,9449,4891,14339
294818850742,18,7615,60,3174,9449,4892,14340
294818861848,105,10036,122,8919,9450,4892,14341
294818872932,140,5170,59,3057,9451,4892,14342
294818885005,174,7756,79,4054,9452,4892,14343
294818895130,20,4656,45,1747,9452,4893,14344
294818906462,118,6083,344,33569,9453,4893,14345
294818917461,20,7583,81,4572,9453,4894,14346
294818928571,595,5665,463,3240,9454,4894,14347
294818939680,156,5361,131,8195,9455,4894,14348
294818950991,22,7072,62,2787,9455,4895,14349
294818962087,133,8678,217,15522,9456,4895,14350
294818973027,163,5522,109,7649,9457,4895,14351
294818984212,27,7740,59,1872,9457,4896,14352
294818995033,161,4828,87,5335,9458,4896,14353
294819006282,160,6634,373,35966,9459,4896,14354
294819017384,24,8401,137,4676,9459,4897,14355
294819028422,140,4798,108,8956,9460,4897,14356
294819039757,166,4911,236,14676,9461,4897,14357
294819050913,21,8191,67,3132,9461,4898,14358
294819062028,125,9249,69,3277,9462,4898,14359
294819073095,129,5177,105,8267,9463,4898,14360
294819084225,24,7675,70,2911,9463,4899,14361
294819095116,141,4964,161,15300,9464,4899,14362
294819106198,121,4950,126,8256,9465,4899,14363
294819117224,154,8788,70,2729,9465,4900,14364
294819128324,145,5213,109,3015,9466,4900,14365
294819139458,114,5256,67,3930,9467,4900,14366
294819150485,20,7879,74,2730,9467,4901,14367
294819161996,116,5044,267,15616,9468,4901,14368
294819172952,219,5781,75,3477,9469,4901,14369
294819184071,28,7565,84,2871,9469,4902,14370
294819195376,171,5498,121,8200,9470,4902,14371
294819206746,178,5309,199,16392,9471,4902,14372
294819217978,33,7338,84,3212,9471,4903,14373
294819228340,162,5108,100,7629,9472,4903,14374
294819239713,127,5284,85,4913,9473,4903,14375
294819250882,24,8144,68,1777,9473,4904,14376
294819262017,127,8268,402,36341,9474,4904,14377
294819272762,125,5381,144,10635,9475,4904,14378
294819284054,21,8300,93,3153,9475,4905,14379
294819295202,143,5010,197,14716,9476,4905,14380
294819306329,130,5122,62,3319,9477,4905,14381
294819317470,25,7638,71,2800,9477,4906,14382
294819328348,170,5576,110,8317,9478,4906,14383
294819339394,130,4990,226,15432,9479,4906,14384
294819351026,40,7492,68,3066,9479,4907,14385
294819361812,149,9441,124,8848,9480,4907,14386
294819373218,172,5213,89,5605,9481,4907,14387
294819384154,23,7544,56,1845,9481,4908,14388
294819395259,202,5410,419,36066,9482,4908,14389
294819406815,125,5421,185,17768,9483,4908,14390
294819417367,78,7611,71,3434,9483,4909,14391
294819428554,179,5350,60,3374,9484,4909,14392
294819439612,170,5345,118,8192,9485,4909,14393
294819450795,28,7227,112,2863,9485,4910,14394
294819461686,162,5048,235,15958,9486,4910,14395
294819473028,132,5509,131,8501,9487,4910,14396
294819483833,23,7838,61,2815,9487,4911,14397
294819494909,121,4860,81,5386,9488,4911,14398
294819506727,202,6636,388,36179,9489,4911,14399
294819517337,30,7876,98,4739,9489,4912,14400
294819528425,254,5135,113,9024,9490,4912,14401
294819539452,166,4831,217,14798,9491,4912,14402
294819551177,24,7200,67,3151,9491,4913,14403
294819561766,132,9475,70,3241,9492,4913,14404
294819573095,134,5166,104,8158,9493,4913,14405
294819584094,23,7344,62,2919,9493,4914,14406
294819595154,294,5287,256,15319,9494,4914,14407
294819606562,140,4965,108,8627,9495,4914,14408
294819617282,25,8397,74,2854,9495,4915,14409
294819628761,171,5243,84,5616,9496,4915,14410
294819639753,125,5501,360,36029,9497,4915,14411
294819650885,26,7467,83,4672,9497,4916,14412
294819661615,134,8588,183,16079,9498,4916,14413
294819673167,174,5454,68,3490,9499,4916,14414
294819684302,25,7343,64,2874,9499,4917,14415
294819695372,131,5409,105,8232,9500,4917,14416
294819706599,126,5634,181,16095,9501,4917,14417
294819717620,22,7887,171,3162,9501,4918,14418
294819728818,171,5455,737,8580,9502,4918,14419
294819739747,156,5622,91,5518,9503,4918,14420
294819750552,26,8350,54,1818,9503,4919,14421
294819761845,232,5065,366,36312,9504,4919,14422
294819772919,131,5445,127,10600,9505,4919,14423
294819784311,22,7779,94,3181,9505,4920,14424
294819795342,170,4711,157,14738,9506,4920,14425
294819806414,136,5197,62,3374,9507,4920,14426
294819817456,29,7493,97,2780,9507,4921,14427
294819828497,205,7555,120,8193,9508,4921,14428
294819839498,136,5191,201,15370,9509,4921,14429
294819850593,25,7741,67,3048,9509,4922,14430
294819861594,134,4930,112,8901,9510,4922,14431
294819873180,164,4917,67,3030,9511,4922,14432
294819883971,30,7714,75,2748,9511,4923,14433
294819895432,166,5091,76,4112,9512,4923,14434
294819905974,127,5553,170,16004,9513,4923,14435
294819917583,26,7412,68,2980,9513,4924,14436
294819928601,149,5259,90,3324,9514,4924,14437
294819939612,126,5676,110,8050,9515,4924,14438
294819950832,24,7407,63,2828,9515,4925,14439
294819962072,161,8158,282,16173,9516,4925,14440
294819972909,170,5489,150,8432,9517,4925,14441
294819984049,30,7677,76,2814,9517,4926,14442
294819995321,169,4880,71,2703,9518,4926,14443
294820006439,157,6823,88,3620,9519,4926,14444
294820018043,26,7865,68,1672,9519,4927,14445
294820028705,170,5159,402,36057,9520,4927,14446
294820039558,170,5183,161,6918,9521,4927,14447
294820050547,24,8566,59,1673,9521,4928,14448
294820061610,298,9235,376,34614,9522,4928,14449
294820072772,146,4991,184,9951,9523,4928,14450
294820084148,28,8298,137,3161,9523,4929,14451
294820095290,169,5358,168,15600,9524,4929,14452
294820106853,126,4936,109,8457,9525,4929,14453
294820117398,21,9089,93,3025,9525,4930,14454
294820128732,222,5858,67,3369,9526,4930,14455
294820139783,123,5014,81,4122,9527,4930,14456
294820150463,21,7920,64,2728,9527,4931,14457
294820161874,120,7999,176,15733,9528,4931,14458
294820173129,118,5326,66,3426,9529,4931,14459
294820184217,64,7783,117,2831,9529,4932,14460
294820195211,158,5019,93,7978,9530,4932,14461
294820206389,114,5518,162,15992,9531,4932,14462
294820217394,22,7946,95,3049,9531,4933,14463
294820228969,409,7518,245,8705,9532,4933,14464
294820239534,161,5522,70,3033,9533,4933,14465
294820251006,36,7617,73,2748,9533,4934,14466
294820261985,188,8272,184,15547,9534,4934,14467
294820272915,129,5665,108,8322,9535,4934,14468
294820284182,28,7549,56,1834,9535,4935,14469
294820295240,151,4974,251,6809,9536,4935,14470
294820306222,150,5544,411,34846,9537,4935,14471
294820317290,23,8403,79,4669,9537,4936,14472
294820328560,129,5192,101,8764,9538,4936,14473
294820339477,132,5110,239,15833,9539,4936,14474
294820350508,20,8790,66,3154,9539,4937,14475
294820361658,148,9232,124,8755,9540,4937,14476
294820372852,141,5184,58,3124,9541,4937,14477
294820384141,23,7533,66,2787,9541,4938,14478
294820395150,128,6177,301,15941,9542,4938,14479
294820406162,244,5227,79,3495,9543,4938,14480
294820417632,29,7402,65,3035,9543,4939,14481
294820428251,120,5533,54,3253,9544,4939,14482
294820439319,279,4945,145,8188,9545,4939,14483
294820450900,25,7470,64,2788,9545,4940,14484
294820461614,119,8207,176,16001,9546,4940,14485
294820472799,185,5579,153,8723,9547,4940,14486
294820483784,35,8022,144,2712,9547,4941,14487
294820495044,174,5621,59,2980,9548,4941,14488
294820506582,119,5820,205,15553,9549,4941,14489
294820517764,28,7151,68,3147,9549,4942,14490
294820528268,224,5387,109,8872,9550,4942,14491
294820539396,141,5349,256,16105,9551,4942,14492
294820550439,24,7630,70,3315,9551,4943,14493
294820561940,210,4941,66,3612,9552,4943,14494
294820573102,114,5564,85,6318,9553,4943,14495
294820584107,22,7693,53,1752,9553,4944,14496
294820595189,120,4937,62,3938,9554,4944,14497
294820606367,110,5307,426,35820,9555,4944,14498
294820617864,22,8016,87,4667,9555,4945,14499
294820628353,150,5185,82,5455,9556,4945,14500
294820639459,121,5159,398,36245,9557,4945,14501
294820650901,21,8070,79,4680,9557,4946,14502
294820661980,115,8459,161,8889,9558,4946,14503
294820672880,122,5206,304,13480,9559,4946,14504
294820684108,30,7800,74,2824,9559,4947,14505
294820695254,120,6988,107,8036,9560,4947,14506
294820706148,129,5221,172,14804,9561,4947,14507
294820717362,21,7833,93,3109,9561,4948,14508
294820728539,218,6951,352,8973,9562,4948,14509
294820740650,208,5076,126,5791,9563,4948,14510
294820750543,28,7800,57,1855,9563,4949,14511
294820762094,143,7633,384,36425,9564,4949,14512
294820773262,152,5837,128,10648,9565,4949,14513
294820784094,23,7218,66,3146,9565,4950,14514
294820795265,131,5284,164,14734,9566,4950,14515
294820806256,142,5248,67,3369,9567,4950,14516
294820817331,24,7601,66,2763,9567,4951,14517
294820828674,159,5150,100,7592,9568,4951,14518
294820839743,152,5324,102,5940,9569,4951,14519
294820850461,21,8531,56,1829,9569,4952,14520
294820861796,142,4894,343,36376,9570,4952,14521
294820872835,164,5313,77,4621,9571,4952,14522
294820883864,22,8449,51,1664,9571,4953,14523
294820895386,124,5120,359,36212,9572,4953,14524
294820906608,121,5093,123,10385,9573,4953,14525
294820917390,23,8026,66,3204,9573,4954,14526
294820928934,120,5716,151,12821,9574,4954,14527
294820939756,133,5203,129,8094,9575,4954,14528
294820950933,45,7447,66,2899,9575,4955,14529
294820961644,132,8925,440,14569,9576,4955,14530
294820973010,394,5104,105,8638,9577,4955,14531
294820986989,273,5259,224,3031,9578,4955,14532
294820995201,26,4684,65,2805,9578,4956,14533
294821006418,150,5598,168,15341,9579,4956,14534
294821017498,40,7531,156,2946,9579,4957,14535
294821028323,119,5425,113,8782,9580,4957,14536
294821039482,124,5775,204,15674,9581,4957,14537
294821050977,27,7150,73,3198,9581,4958,14538
294821062008,136,5537,67,3456,9582,4958,14539
294821073019,120,5584,54,2366,9583,4958,14540
294821084176,49,7623,52,1663,9583,4959,14541
294821095057,168,4958,44,1662,9584,4959,14542
294821106360,124,5481,52,1663,9585,4959,14543
294821117447,38,8695,63,1662,9585,4960,14544
294821128698,142,5318,407,36054,9586,4960,14545
294821139769,120,4890,181,18347,9587,4960,14546
294821150546,21,8534,69,3520,9587,4961,14547
294821162070,111,8172,117,8929,9588,4961,14548
294821173232,130,5134,331,14070,9589,4961,14549
294821184441,19,7504,61,2982,9589,4962,14550
294821195264,119,5271,109,8342,9590,4962,14551
294821206050,196,4998,175,16319,9591,4962,14552
294821217229,21,15289,69,3202,9591,4963,14553
294821244030,144,23212,192,9182,9592,4963,14554
294821278585,172,63047,90,3151,9593,4963,14555
294821353299,239,72468,115,5920,9594,4963,14556
294821437383,205,2853,351,35584,9595,4963,14557
294821448422,20,2730,75,4703,9595,4964,14558
294821459574,125,2787,194,16655,9596,4964,14559
294821470830,121,2789,130,8582,9597,4964,14560
294821481994,21,2702,66,2906,9597,4965,14561
294821492739,119,2768,59,3273,9598,4965,14562
294821503846,119,2777,256,15398,9599,4965,14563
294821515339,27,2760,55,3057,9599,4966,14564
294821527046,275,2825,110,8848,9600,4966,14565
294821537625,147,2856,167,16025,9601,4966,14566
294821548601,26,2882,60,3081,9601,4967,14567
294821559562,155,2772,66,3052,9602,4967,14568
294821570544,120,2786,50,2156,9603,4967,14569
294821581800,24,2842,193,1691,9603,4968,14570
294821592794,277,2811,48,1690,9604,4968,14571
294821603874,121,2846,333,35652,9605,4968,14572
294821615471,24,2822,125,4626,9605,4969,14573
294821626432,293,2816,136,3347,9606,4969,14574
294821637599,250,2802,171,16030,9607,4969,14575
294821648470,22,2777,61,3147,9607,4970,14576
294821659505,149,2795,104,3413,9608,4970,14577
294821671138,128,2881,57,3243,9609,4970,14578
294821682131,20,2775,78,3055,9609,4971,14579
294821693072,124,2769,117,8214,9610,4971,14580
294821704050,123,2942,174,16235,9611,4971,14581
294821715337,20,2796,52,3064,9611,4972,14582
294821726652,113,2834,111,8961,9612,4972,14583
294821737566,108,2766,55,3019,9613,4972,14584
294821748823,26,2783,56,2721,9613,4973,14585
294821759850,106,2787,156,15399,9614,4973,14586
294821771126,105,2888,103,8911,9615,4973,14587
294821782178,16,2802,95,2832,9615,4974,14588
294821792826,99,3102,157,15973,9616,4974,14589
294821804041,130,2795,93,2528,9617,4974,14590
294821815273,25,2845,49,1742,9617,4975,14591
294821826508,114,2878,384,35766,9618,4975,14592
294821838785,1325,3007,232,18313,9619,4975,14593
294821848752,23,2823,66,3590,9619,4976,14594
294821859906,118,2810,101,8838,9620,4976,14595
294821870764,171,2896,208,3206,9621,4976,14596
294821882013,24,2830,97,2778,9621,4977,14597
294821892800,129,2775,95,4093,9622,4977,14598
294821903901,127,2818,173,15945,9623,4977,14599
294821915391,24,2771,61,2972,9623,4978,14600
294821926492,157,2827,74,3203,9624,4978,14601
294821937638,208,2792,114,8065,9625,4978,14602
294821948404,22,2772,59,2830,9625,4979,14603
294821959878,139,2798,233,16091,9626,4979,14604
294821970820,133,2792,149,8775,9627,4979,14605
294821982093,20,2839,126,2963,9627,4980,14606
294821993169,146,2772,56,2433,9628,4980,14607
294822004428,289,2792,78,3793,9629,4980,14608
294822015636,23,2813,54,1787,9629,4981,14609
294822026328,144,2884,349,36176,9630,4981,14610
294822037355,124,2803,185,17673,9631,4981,14611
294822048685,27,2818,75,3552,9631,4982,14612
294822059844,130,2810,62,3415,9632,4982,14613
294822070565,126,2757,146,8332,9633,4982,14614
294822082082,24,2803,61,2787,9633,4983,14615
294822092752,154,2769,166,16009,9634,4983,14616
294822104047,127,2809,189,8427,9635,4983,14617
294822115121,25,2689,92,2876,9635,4984,14618
294822126242,178,2805,103,3253,9636,4984,14619
294822137360,1259,2946,86,4040,9637,4984,14620
294822148697,26,2719,66,2819,9637,4985,14621
294822159601,132,2764,202,15747,9638,4985,14622
294822170595,150,2816,118,3482,9639,4985,14623
294822181706,21,2700,85,2876,9639,4986,14624
294822192922,135,2775,101,7937,9640,4986,14625
294822204086,139,2830,203,16186,9641,4986,14626
294822215208,21,2725,60,3103,9641,4987,14627
294822226236,146,2890,141,8581,9642,4987,14628
294822237512,123,2775,130,5347,9643,4987,14629
294822248549,23,2709,49,1779,9643,4988,14630
294822259909,122,3126,378,36389,9644,4988,14631
294822270650,118,2771,133,10634,9645,4988,14632
294822281762,29,2761,55,3276,9645,4989,14633
294822292922,133,2829,159,14744,9646,4989,14634
294822304173,113,2765,61,3461,9647,4989,14635
294822315240,19,2702,53,2870,9647,4990,14636
294822326393,163,2800,115,8419,9648,4990,14637
294822337648,160,2911,166,15396,9649,4990,14638
294822348722,21,2736,61,3181,9649,4991,14639
294822359843,133,2767,110,8894,9650,4991,14640
294822370779,203,2834,72,3185,9651,4991,14641
294822381753,26,2733,94,2800,9651,4992,14642
294822392907,154,3002,87,4137,9652,4992,14643
294822404449,171,2809,171,15896,9653,4992,14644
294822415258,19,2715,58,3156,9653,4993,14645
294822426255,122,2761,62,3467,9654,4993,14646
294822437572,160,2790,181,8088,9655,4993,14647
294822448586,19,2842,56,2830,9655,4994,14648
294822459823,116,2883,74,5175,9656,4994,14649
294822470943,108,2912,339,35991,9657,4994,14650
294822482218,17,2758,76,4623,9657,4995,14651
294822492987,106,2909,53,3353,9658,4995,14652
294822504068,102,2898,236,15448,9659,4995,14653
294822515106,18,2843,99,3080,9659,4996,14654
294822526366,102,2792,365,8640,9660,4996,14655
294822537453,119,2789,174,16005,9661,4996,14656
294822548316,20,2637,53,3158,9661,4997,14657
294822559610,105,2867,50,3328,9662,4997,14658
294822570876,103,2864,105,8372,9663,4997,14659
294822581761,18,2734,71,2830,9663,4998,14660
294822592924,113,2800,173,16061,9664,4998,14661
294822604126,116,2825,104,7980,9665,4998,14662
294822615486,26,2820,58,2593,9665,4999,14663
294822626279,178,2945,95,6008,9666,4999,14664
294822637454,117,2956,417,36401,9667,4999,14665
294822648752,22,3456,89,4717,9667,5000,14666
294822659529,120,2827,103,8965,9668,5000,14667
294822670595,114,2944,216,14819,9669,5000,14668
294822681877,24,2767,75,3146,9669,5001,14669
294822692915,125,2852,113,9131,9670,5001,14670
294822704166,117,2802,166,15542,9671,5001,14671
294822715341,22,2709,59,3141,9671,5002,14672
294822726308,118,2892,103,8785,9672,5002,14673
294822737798,567,2773,63,3033,9673,5002,14674
294822748684,23,2747,63,2816,9673,5003,14675
294822759394,122,2806,184,15460,9674,5003,14676
294822770666,125,2801,185,9100,9675,5003,14677
294822781709,20,2711,204,2819,9675,5004,14678
294822792765,136,2804,193,15928,9676,5004,14679
294822804230,116,2800,63,3631,9677,5004,14680
294822815362,20,2835,62,3091,9677,5005,14681
294822826085,117,2793,103,8571,9678,5005,14682
294822837358,152,2799,59,3150,9679,5005,14683
294822848764,19,2821,75,2801,9679,5006,14684
294822859647,142,2848,74,5449,9680,5006,14685
294822870722,242,2771,56,1761,9681,5006,14686
294822882044,23,2788,50,1706,9681,5007,14687
294822892793,133,2977,359,36040,9682,5007,14688
294822904150,117,2785,121,10486,9683,5007,14689
294822915023,19,3071,60,3125,9683,5008,14690
294822926630,129,3009,143,13037,9684,5008,14691
294822937605,123,2860,112,8174,9685,5008,14692
294822948602,29,2838,88,2854,9685,5009,14693
294822959815,136,2788,279,14680,9686,5009,14694
294822970863,144,2853,134,8582,9687,5009,14695
294822981912,26,2917,61,2921,9687,5010,14696
294822992757,147,2778,65,3280,9688,5010,14697
294823004381,150,2830,163,15354,9689,5010,14698
294823015445,22,2682,161,3018,9689,5011,14699
294823026113,140,2776,108,8906,9690,5011,14700
294823037639,144,2789,208,15943,9691,5011,14701
294823048741,21,2730,70,3008,9691,5012,14702
294823059879,115,2781,53,3291,9692,5012,14703
294823070916,113,2798,109,8041,9693,5012,14704
294823081889,24,3169,68,2912,9693,5013,14705
294823093046,180,2775,68,3323,9694,5013,14706
294823104206,351,3056,63,2752,9695,5013,14707
294823115453,21,2795,56,2542,9695,5014,14708
294823126505,179,2741,187,6072,9696,5014,14709
294823137709,112,2838,350,36330,9697,5014,14710
294823148756,24,2811,77,4686,9697,5015,14711
294823159815,181,2841,128,9002,9698,5015,14712
294823170953,130,2810,184,13623,9699,5015,14713
294823181878,24,2700,62,2934,9699,5016,14714
294823192917,222,2794,117,8175,9700,5016,14715
294823204397,108,3357,165,15108,9701,5016,14716
294823215163,18,3647,130,3000,9701,5017,14717
294823226491,136,3988,113,8880,9702,5017,14718
294823237680,131,3916,67,2976,9703,5017,14719
294823248602,28,3708,64,2740,9703,5018,14720
294823259647,152,3889,204,15241,9704,5018,14721
294823270739,125,3987,106,9012,9705,5018,14722
294823282031,31,3806,126,2798,9705,5019,14723
294823293112,153,3849,176,15928,9706,5019,14724
294823303918,146,3845,63,2696,9707,5019,14725
294823315345,30,3730,224,1912,9707,5020,14726
294823326746,309,4005,57,1982,9708,5020,14727
294823337351,152,3946,330,33393,9709,5020,14728
294823348321,30,3830,92,4497,9709,5021,14729
294823359586,188,3881,127,8882,9710,5021,14730
294823370671,173,3846,74,3241,9711,5021,14731
294823381803,31,3725,79,2868,9711,5022,14732
294823392773,171,3892,187,15286,9712,5022,14733
294823403841,177,4015,66,3295,9713,5022,14734
294823415410,26,3667,73,2802,9713,5023,14735
294823426494,145,3899,63,3022,9714,5023,14736
294823437763,247,3913,116,7916,9715,5023,14737
294823448889,31,3686,69,2852,9715,5024,14738
294823459406,165,3949,181,15865,9716,5024,14739
294823470891,167,3980,189,8710,9717,5024,14740
294823482012,30,3756,74,2860,9717,5025,14741
294823493195,185,3880,75,3186,9718,5025,14742
294823504404,230,3870,181,15494,9719,5025,14743
294823515500,36,3754,98,2930,9719,5026,14744
294823526101,174,3877,123,8728,9720,5026,14745
294823537627,154,3883,185,15869,9721,5026,14746
294823548631,26,3716,70,3137,9721,5027,14747
294823559696,143,3872,85,2676,9722,5027,14748
294823570868,153,3880,58,2035,9723,5027,14749
294823582137,31,3715,62,1611,9723,5028,14750
294823593161,186,4079,351,33359,9724,5028,14751
294823604206,144,3882,135,10354,9725,5028,14752
294823615330,30,3783,97,3179,9725,5029,14753
294823626186,194,3932,67,3320,9726,5029,14754
294823637498,157,3929,194,15908,9727,5029,14755
294823648287,29,3728,61,2949,9727,5030,14756
294823659440,132,3878,112,8834,9728,5030,14757
294823670766,111,4066,192,13938,9729,5030,14758
294823682198,20,3655,65,3096,9729,5031,14759
294823692722,120,3957,104,8473,9730,5031,14760
294823704307,166,4550,264,16421,9731,5031,14761
294823714973,29,3744,104,3203,9731,5032,14762
294823726400,131,3892,111,8971,9732,5032,14763
294823737540,162,3876,58,3084,9733,5032,14764
294823748721,23,3862,88,2826,9733,5033,14765
294823759987,124,3945,164,15586,9734,5033,14766
294823770986,117,3906,126,8875,9735,5033,14767
294823782114,28,3738,67,2778,9735,5034,14768
294823793183,127,3905,164,15880,9736,5034,14769
294823804313,113,3924,52,2645,9737,5034,14770
294823815428,25,3863,69,1918,9737,5035,14771
294823826492,144,3906,56,1993,9738,5035,14772
294823837779,178,4131,329,33284,9739,5035,14773
294823848781,21,3791,75,4485,9739,5036,14774
294823859707,118,4054,107,8891,9740,5036,14775
294823870978,152,4028,162,14626,9741,5036,14776
294823882048,20,3812,64,2855,9741,5037,14777
294823893228,124,4117,55,2816,9742,5037,14778
294823903841,131,4161,63,3175,9743,5037,14779
294823915009,20,3789,60,2877,9743,5038,14780
294823926127,153,4021,53,3137,9744,5038,14781
294823937474,121,4102,110,8209,9745,5038,14782
294823948791,23,3805,96,2821,9745,5039,14783
294823959688,136,4008,165,15989,9746,5039,14784
294823970769,130,4010,110,8607,9747,5039,14785
294823981901,23,3737,67,2894,9747,5040,14786
294823993135,130,3967,59,3271,9748,5040,14787
294824004064,115,4143,222,15429,9749,5040,14788
294824015321,22,3840,61,3157,9749,5041,14789
294824026259,129,4151,157,9024,9750,5041,14790
294824037316,111,4160,174,15692,9751,5041,14791
294824048638,20,3885,55,2694,9751,5042,14792
294824059675,106,3990,54,3140,9752,5042,14793
294824070619,99,4217,348,35508,9753,5042,14794
294824081736,29,3931,75,4635,9753,5043,14795
294824093201,141,4431,173,16802,9754,5043,14796
294824104426,120,4024,112,8691,9755,5043,14797
294824115524,20,4112,91,2927,9755,5044,14798
294824126031,153,4061,66,3234,9756,5044,14799
294824137339,121,4069,198,16081,9757,5044,14800
294824148779,21,3830,113,3150,9757,5045,14801
294824159996,114,4224,59,3500,9758,5045,14802
294824170649,108,4153,52,3211,9759,5045,14803
294824182526,19,4195,104,2863,9759,5046,14804
294824193318,207,4087,117,8224,9760,5046,14805
294824203943,120,4077,177,16138,9761,5046,14806
294824215347,50,4163,65,3007,9761,5047,14807
294824226648,201,4069,113,8669,9762,5047,14808
294824237681,150,4055,66,3270,9763,5047,14809
294824248690,28,3883,58,2958,9763,5048,14810
294824260044,133,4326,166,15326,9764,5048,14811
294824270961,106,4084,56,2676,9765,5048,14812
294824281941,20,3824,53,1749,9765,5049,14813
294824292703,129,4417,47,1750,9766,5049,14814
294824304027,129,4327,357,34586,9767,5049,14815
294824315175,21,3784,80,4617,9767,5050,14816
294824326507,113,4100,101,8656,9768,5050,14817
294824337225,110,4198,163,15797,9769,5050,14818
294824348705,24,3804,58,3120,9769,5051,14819
294824359833,110,4210,148,8777,9770,5051,14820
294824370727,162,4120,65,2985,9771,5051,14821
294824382260,21,3842,60,2771,9771,5052,14822
294824392833,111,4216,60,4036,9772,5052,14823
294824404552,111,4109,171,15921,9773,5052,14824
294824415341,23,4241,58,3023,9773,5053,14825
294824426630,101,4036,53,3343,9774,5053,14826
294824437944,167,4358,105,7849,9775,5053,14827
294824448445,18,4055,55,2797,9775,5054,14828
294824459567,126,4181,164,15138,9776,5054,14829
294824471076,125,4082,47,2173,9777,5054,14830
294824482171,20,4008,52,1705,9777,5055,14831
294824493259,126,4498,412,36142,9778,5055,14832
294824503922,175,4213,238,17318,9779,5055,14833
294824515348,34,3921,70,3461,9779,5056,14834
294824527314,2144,6549,128,8927,9780,5056,14835
294824538221,343,4093,78,5097,9781,5056,14836
294824548734,23,3864,52,1784,9781,5057,14837
294824559795,188,4200,410,34628,9782,5057,14838
294824570888,126,4308,123,10219,9783,5057,14839
294824581922,20,3852,67,3234,9783,5058,14840
294824592989,123,4119,174,15669,9784,5058,14841
294824604345,149,4124,111,8550,9785,5058,14842
294824615362,21,3889,71,2881,9785,5059,14843
294824626370,164,4198,94,5572,9786,5059,14844
294824637442,116,4213,340,36184,9787,5059,14845
294824648933,21,3895,83,4748,9787,5060,14846
294824659458,116,4121,169,16074,9788,5060,14847
294824670639,119,4120,58,3374,9789,5060,14848
294824681726,20,3914,60,2740,9789,5061,14849
294824692909,118,4053,50,2288,9790,5061,14850
294824703989,149,4060,48,1609,9791,5061,14851
294824715135,21,3871,56,1608,9791,5062,14852
294824726551,194,4534,460,35902,9792,5062,14853
294824737178,131,4272,74,4858,9793,5062,14854
294824748630,23,3865,60,3123,9793,5063,14855
294824759775,142,4215,161,15388,9794,5063,14856
294824771138,149,4357,110,8622,9795,5063,14857
294824781756,23,3862,62,2822,9795,5064,14858
294824793065,122,4138,190,15836,9796,5064,14859
294824804471,157,4174,109,3447,9797,5064,14860
294824815790,36,3937,84,3042,9797,5065,14861
294824826198,477,3869,108,8568,9798,5065,14862
294824837714,124,4205,256,16382,9799,5065,14863
294824848788,28,4241,73,3066,9799,5066,14864
294824860019,134,4215,130,9406,9800,5066,14865
294824870623,162,4164,353,5303,9801,5066,14866
294824882006,45,4031,70,1681,9801,5067,14867
294824893092,155,4131,45,1623,9802,5067,14868
294824904308,169,4175,50,1613,9803,5067,14869
294824915002,48,3856,48,1613,9803,5068,14870
294824926123,120,4219,329,33782,9804,5068,14871
294824937860,113,4275,122,10773,9805,5068,14872
294824948471,25,3981,59,3191,9805,5069,14873
294824959773,187,4139,160,15801,9806,5069,14874
294824970827,108,4195,116,8448,9807,5069,14875
294824982234,27,3980,63,2906,9807,5070,14876
294824993360,120,4134,55,3282,9808,5070,14877
294825003854,104,4198,171,15398,9809,5070,14878
294825015645,34,4041,207,2963,9809,5071,14879
294825026440,177,4138,121,8855,9810,5071,14880
294825037768,151,4219,174,15866,9811,5071,14881
294825048620,26,4249,63,3156,9811,5072,14882
294825060076,115,4274,62,3419,9812,5072,14883
294825070502,109,4284,107,8320,9813,5072,14884
294825081944,20,4098,61,2872,9813,5073,14885
294825093109,112,4230,72,5271,9814,5073,14886
294825104144,120,4284,343,35928,9815,5073,14887
294825115404,31,4550,89,4622,9815,5074,14888
294825126467,186,4450,198,15307,9816,5074,14889
294825137432,117,4152,79,3032,9817,5074,14890
294825148408,35,3941,76,2894,9817,5075,14891
294825159744,152,4162,112,8508,9818,5075,14892
294825170845,123,4047,227,13651,9819,5075,14893
294825182136,21,3953,56,2870,9819,5076,14894
294825193081,138,4151,109,8124,9820,5076,14895
294825204317,157,4468,173,16135,9821,5076,14896
294825215652,23,3970,58,3038,9821,5077,14897
294825226500,117,4243,204,8790,9822,5077,14898
294825237347,133,4269,74,3076,9823,5077,14899
294825248471,20,4263,69,2798,9823,5078,14900
294825259729,135,4235,161,15289,9824,5078,14901
294825270913,111,4162,127,8863,9825,5078,14902
294825282347,19,4356,111,2834,9825,5079,14903
294825292870,122,4252,162,15946,9826,5079,14904
294825303972,109,4178,50,2742,9827,5079,14905
294825315281,18,4115,47,1890,9827,5080,14906
294825326209,114,4572,44,1990,9828,5080,14907
294825337358,103,4397,349,33372,9829,5080,14908
294825349170,20,3926,78,4522,9829,5081,14909
294825359747,100,4288,517,8922,9830,5081,14910
294825370942,218,4170,191,14769,9831,5081,14911
294825381893,30,3929,86,2867,9831,5082,14912
294825392997,181,4126,54,2821,9832,5082,14913
294825404167,405,4167,99,3158,9833,5082,14914
294825415667,114,4355,126,2884,9833,5083,14915
294825426494,176,4183,69,3108,9834,5083,14916
294825437549,117,4454,163,8180,9835,5083,14917
294825448993,20,3892,62,2821,9835,5084,14918
294825459797,172,4128,161,15989,9836,5084,14919
294825471174,116,4218,116,8530,9837,5084,14920
294825481826,21,3894,155,2786,9837,5085,14921
294825493025,121,4122,52,3155,9838,5085,14922
294825504131,98,4231,177,15292,9839,5085,14923
294825515352,55,4166,56,2948,9839,5086,14924
294825526438,114,4229,48,2477,9840,5086,14925
294825537480,98,4359,304,33579,9841,5086,14926
294825548656,20,3995,74,4513,9841,5087,14927
294825559576,107,4582,52,3155,9842,5087,14928
294825570688,109,4285,102,8219,9843,5087,14929
294825582461,17,3941,57,2825,9843,5088,14930
294825592960,102,4272,157,15380,9844,5088,14931
294825604294,100,4104,99,8357,9845,5088,14932
294825615103,20,3938,66,2791,9845,5089,14933
294825626671,130,4304,158,15126,9846,5089,14934
294825638007,110,4460,105,8603,9847,5089,14935
294825648594,28,3862,69,2794,9847,5090,14936
294825659814,175,4149,327,15496,9848,5090,14937
294825670904,140,4155,72,3465,9849,5090,14938
294825682064,20,3865,124,2921,9849,5091,14939
294825692709,172,4146,104,8176,9850,5091,14940
294825704464,144,4122,171,16109,9851,5091,14941
294825715134,22,4067,59,3173,9851,5092,14942
294825726193,112,4227,100,8973,9852,5092,14943
294825737918,121,4162,54,2692,9853,5092,14944
294825748548,20,3913,56,2139,9853,5093,14945
294825759699,139,4088,83,6483,9854,5093,14946
294825771034,125,4287,336,36164,9855,5093,14947
294825782254,19,3862,72,4655,9855,5094,14948
294825793055,114,4241,168,16087,9856,5094,14949
294825804444,104,4305,61,3519,9857,5094,14950
294825815416,23,4099,57,2910,9857,5095,14951
294825826243,103,4301,99,8287,9858,5095,14952
294825837472,98,4529,169,16143,9859,5095,14953
294825849083,19,4079,58,3139,9859,5096,14954
294825859936,105,4273,101,8886,9860,5096,14955
294825870711,129,4153,173,15750,9861,5096,14956
294825881655,22,3745,60,2996,9861,5097,14957
294825892872,108,4250,105,8855,9862,5097,14958
294825904508,110,4413,176,15840,9863,5097,14959
294825915578,27,4117,70,3160,9863,5098,14960
294825926252,135,4188,52,2605,9864,5098,14961
294825937658,140,4208,378,32425,9865,5098,14962
294825948448,20,3980,79,4644,9865,5099,14963
294825959815,229,4417,84,3428,9866,5099,14964
294825970731,249,4099,119,8677,9867,5099,14965
294825981896,25,3952,67,2896,9867,5100,14966
294825993082,132,4270,60,3254,9868,5100,14967
294826004164,121,4137,165,15441,9869,5100,14968
294826015376,23,4042,62,3074,9869,5101,14969
294826026118,139,4276,106,8828,9870,5101,14970
294826037528,108,4509,167,16022,9871,5101,14971
294826048599,20,3874,59,3281,9871,5102,14972
294826059784,112,4241,57,3505,9872,5102,14973
294826070589,114,4219,120,8622,9873,5102,14974
294826081793,18,3811,58,2957,9873,5103,14975
294826092867,103,4279,166,16274,9874,5103,14976
294826104488,100,4291,98,8034,9875,5103,14977
294826115517,23,4289,70,2843,9875,5104,14978
294826126184,132,4291,168,16653,9876,5104,14979
294826137073,105,4303,61,2716,9877,5104,14980
294826148468,19,4047,49,1684,9877,5105,14981
294826159911,137,4716,367,36293,9878,5105,14982
294826170485,103,4229,275,17613,9879,5105,14983
294826182381,23,4016,76,3529,9879,5106,14984
294826193175,132,4168,116,9107,9880,5106,14985
294826204010,124,4363,170,16313,9881,5106,14986
294826215046,22,3899,65,3263,9881,5107,14987
294826226991,314,4196,110,8882,9882,5107,14988
294826237267,111,4141,62,3082,9883,5107,14989
294826248708,25,3921,64,2847,9883,5108,14990
294826259722,127,4134,274,15486,9884,5108,14991
294826270974,119,4136,124,9032,9885,5108,14992
294826281783,19,4197,61,2946,9885,5109,14993
294826293049,129,4141,185,15999,9886,5109,14994
294826304356,113,4139,63,3473,9887,5109,14995
294826315472,21,3886,60,3016,9887,5110,14996
294826326914,127,4183,102,8518,9888,5110,14997
294826337358,117,4173,64,3174,9889,5110,14998
294826348831,19,4035,58,2821,9889,5111,14999
294826359803,166,4041,74,5433,9890,5111,15000
294826371067,148,4243,339,36029,9891,5111,15001
294826382082,21,3941,80,4645,9891,5112,15002
294826392769,125,4175,61,3133,9892,5112,15003
294826404055,119,4294,107,8668,9893,5112,15004
294826415162,19,3903,61,2815,9893,5113,15005
294826426662,120,4176,139,12860,9894,5113,15006
294826437388,119,4185,105,8251,9895,5113,15007
294826448625,22,3851,113,2909,9895,5114,15008
294826459920,187,4178,153,14776,9896,5114,15009
294826470902,207,4317,134,8660,9897,5114,15010
294826481850,20,3889,60,2775,9897,5115,15011
294826493003,122,4118,55,3051,9898,5115,15012
294826504315,111,4150,201,15337,9899,5115,15013
294826515034,19,4295,58,2861,9899,5116,15014
294826526240,145,4105,105,8688,9900,5116,15015
294826537671,127,4193,168,15938,9901,5116,15016
294826548678,21,4117,64,3234,9901,5117,15017
294826559742,115,4144,59,3466,9902,5117,15018
294826570634,117,4229,52,2309,9903,5117,15019
294826582135,20,4024,98,1652,9903,5118,15020
294826593463,141,4580,314,33162,9904,5118,15021
294826604019,141,4227,156,10416,9905,5118,15022
294826616034,25,4329,80,3237,9905,5119,15023
294826626506,178,4166,159,14732,9906,5119,15024
294826637651,144,3999,67,2943,9907,5119,15025
294826648849,22,3919,109,2892,9907,5120,15026
294826659408,149,4178,58,3171,9908,5120,15027
294826670751,206,4228,84,3089,9909,5120,15028
294826681899,20,3873,118,2757,9909,5121,15029
294826693021,120,4126,102,8119,9910,5121,15030
294826704424,114,4145,164,15786,9911,5121,15031
294826715556,20,4150,65,3164,9911,5122,15032
294826726799,121,4141,104,8678,9912,5122,15033
294826737465,113,4143,62,3036,9913,5122,15034
294826748796,25,3906,136,2767,9913,5123,15035
294826760020,151,4130,157,15235,9914,5123,15036
294826770623,113,4140,56,2640,9915,5123,15037
294826781762,19,3878,51,1656,9915,5124,15038
294826793442,377,3878,69,1656,9916,5124,15039
294826804360,192,4014,388,34661,9917,5124,15040
294826814929,21,4163,145,4642,9917,5125,15041
294826826597,130,4171,104,8654,9918,5125,15042
294826837646,117,4203,169,15758,9919,5125,15043
294826848711,20,3962,60,3177,9919,5126,15044
294826859929,124,4281,107,8566,9920,5126,15045
294826870965,248,4128,170,15425,9921,5126,15046
294826881796,21,3843,62,2951,9921,5127,15047
294826892961,116,4167,56,2923,9922,5127,15048
294826903984,121,4127,61,3396,9923,5127,15049
294826915018,20,3888,56,2870,9923,5128,15050
294826926598,150,4109,55,3067,9924,5128,15051
294826938041,116,4179,120,7897,9925,5128,15052
294826948734,20,4157,61,2897,9925,5129,15053
294826959897,124,4239,164,15804,9926,5129,15054
294826970829,115,4275,187,8701,9927,5129,15055
294826981708,22,3897,62,2766,9927,5130,15056
294826993057,138,4151,46,2225,9928,5130,15057
294827004563,160,4235,74,3755,9929,5130,15058
294827015125,22,3953,49,1744,9929,5131,15059
294827026642,119,4662,335,36276,9930,5131,15060
294827037238,121,4142,186,17692,9931,5131,15061
294827048618,27,3874,203,3574,9931,5132,15062
294827059867,127,4220,187,3389,9932,5132,15063
294827070855,124,4158,123,8200,9933,5132,15064
294827081924,19,3875,61,2824,9933,5133,15065
294827092764,119,4151,161,16033,9934,5133,15066
294827104432,113,4297,156,8585,9935,5133,15067
294827115373,67,4394,86,3002,9935,5134,15068
294827126240,243,4114,233,15370,9936,5134,15069
294827137243,121,4249,105,8662,9937,5134,15070
294827148287,22,3863,57,2831,9937,5135,15071
294827159397,119,4147,159,15516,9938,5135,15072
294827170793,124,4124,63,3484,9939,5135,15073
294827181802,21,4307,63,2825,9939,5136,15074
294827193007,180,4102,100,8057,9940,5136,15075
294827204274,152,4147,177,16078,9941,5136,15076
294827215521,22,3949,67,3243,9941,5137,15077
294827226159,170,4120,108,8670,9942,5137,15078
294827237524,124,4133,79,5299,9943,5137,15079
294827248716,43,3965,53,1773,9943,5138,15080
294827259774,257,4444,368,36492,9944,5138,15081
294827270996,118,4135,125,10572,9945,5138,15082
294827281719,20,3918,66,3169,9945,5139,15083
294827292909,141,4209,157,14746,9946,5139,15084
294827303889,143,4050,64,3387,9947,5139,15085
294827315039,29,3992,68,2830,9947,5140,15086
294827326134,175,4142,104,8276,9948,5140,15087
294827337565,262,4317,170,15503,9949,5140,15088
294827348697,24,3985,65,3043,9949,5141,15089
294827359668,123,4234,504,8739,9950,5141,15090
294827370650,191,4139,190,15539,9951,5141,15091
294827381748,27,3883,105,3170,9951,5142,15092
294827393131,134,4137,170,8744,9952,5142,15093
294827404176,130,4150,168,15718,9953,5142,15094
294827415315,20,3796,64,3180,9953,5143,15095
294827426416,128,4182,61,3449,9954,5143,15096
294827437678,124,4187,103,8146,9955,5143,15097
294827448783,25,3935,61,2943,9955,5144,15098
294827460033,186,4158,194,16219,9956,5144,15099
294827470710,129,4158,102,7948,9957,5144,15100
294827481955,25,3868,79,1654,9957,5145,15101
294827492852,159,4027,79,5130,9958,5145,15102
294827504172,181,4108,68,1723,9959,5145,15103
294827515318,20,4041,99,1678,9959,5146,15104
294827526629,123,4656,341,36113,9960,5146,15105
294827537233,125,4170,198,17521,9961,5146,15106
294827548207,29,3835,65,3450,9961,5147,15107
294827559682,121,4174,59,3432,9962,5147,15108
294827570996,118,4182,105,8221,9963,5147,15109
294827582300,31,3970,72,2928,9963,5148,15110
294827592717,138,4298,244,16088,9964,5148,15111
294827604057,114,4384,107,8458,9965,5148,15112
294827615005,40,4038,66,2836,9965,5149,15113
294827626139,159,4172,163,14989,9966,5149,15114
294827637499,129,4158,105,8563,9967,5149,15115
294827648539,23,3846,62,2904,9967,5150,15116
294827659678,130,4170,179,15438,9968,5150,15117
294827670750,133,4147,62,3430,9969,5150,15118
294827681746,19,3899,92,2944,9969,5151,15119
294827693149,196,4089,100,8272,9970,5151,15120
294827704001,118,4178,172,16218,9971,5151,15121
294827715236,20,3996,68,2964,9971,5152,15122
294827726340,124,4115,47,2220,9972,5152,15123
294827737718,110,4273,364,36231,9973,5152,15124
294827748310,20,3877,86,4662,9973,5153,15125
294827759667,250,4307,160,15741,9974,5153,15126
294827770746,118,4138,105,8829,9975,5153,15127
294827781762,21,3922,152,2849,9975,5154,15128
294827793169,141,4144,162,15944,9976,5154,15129
294827804293,114,3995,64,3461,9977,5154,15130
294827815398,20,3945,62,2955,9977,5155,15131
294827826631,118,4164,104,8342,9978,5155,15132
294827837137,119,4331,166,16197,9979,5155,15133
294827849117,20,3890,64,3141,9979,5156,15134
294827859568,128,4161,103,8682,9980,5156,15135
294827870701,149,4144,194,15679,9981,5156,15136
294827881623,23,3882,62,3089,9981,5157,15137
294827892702,117,4122,103,8955,9982,5157,15138
294827903991,116,4155,167,15925,9983,5157,15139
294827915237,134,4149,63,3226,9983,5158,15140
294827926840,125,4124,80,3446,9984,5158,15141
294827937277,114,4229,117,8104,9985,5158,15142
294827948591,19,3977,62,2775,9985,5159,15143
294827959626,167,4048,72,5154,9986,5159,15144
294827970870,119,4156,50,1739,9987,5159,15145
294827982063,20,3921,50,1693,9987,5160,15146
294827993255,124,4562,351,35972,9988,5160,15147
294828003942,158,4148,180,17164,9989,5160,15148
294828015269,20,4267,69,3504,9989,5161,15149
294828026877,123,4179,156,8862,9990,5161,15150
294828037500,118,4186,170,16084,9991,5161,15151
294828048727,20,3949,63,3082,9991,5162,15152
294828059955,118,4392,58,3315,9992,5162,15153
294828071123,119,4418,127,8404,9993,5162,15154
294828081597,20,3846,59,2751,9993,5163,15155
294828092921,140,4122,353,16137,9994,5163,15156
294828103841,130,4121,105,8527,9995,5163,15157
294828115559,29,4702,89,2964,9995,5164,15158
294828126018,152,4184,194,15120,9996,5164,15159
294828137446,132,4161,108,8566,9997,5164,15160
294828148457,20,3916,78,2803,9997,5165,15161
294828159645,117,4177,160,15549,9998,5165,15162
294828170736,117,4152,57,2505,9999,5165,15163
294828182132,20,3948,51,1656,9999,5166,15164
294828192936,135,4568,43,1656,10000,5166,15165
294828203937,106,4331,334,33564,10001,5166,15166
294828215330,20,3964,85,4557,10001,5167,15167
294828226607,127,4195,108,9146,10002,5167,15168
294828237383,121,4128,54,3190,10003,5167,15169
294828248664,21,4158,63,2888,10003,5168,15170
294828259941,118,4183,211,14778,10004,5168,15171
294828270791,144,4392,125,8698,10005,5168,15172
294828281943,31,3946,99,2935,10005,5169,15173
294828293204,202,4196,187,15847,10006,5169,15174
294828303882,150,4155,66,3284,10007,5169,15175
294828315046,24,3776,67,2870,10007,5170,15176
294828326055,155,4107,111,8354,10008,5170,15177
294828337579,125,4141,173,16249,10009,5170,15178
294828348753,21,4153,66,3000,10009,5171,15179
294828359833,124,4132,127,9376,10010,5171,15180
294828371041,157,4166,176,15610,10011,5171,15181
294828381651,25,3880,67,3067,10011,5172,15182
294828392708,125,4142,107,8194,10012,5172,15183
294828404083,159,4562,77,4720,10013,5172,15184
294828415181,22,7552,67,1713,10013,5173,15185
294828426525,186,5563,315,34043,10014,5173,15186
294828437213,113,4931,130,4620,10015,5173,15187
294828448491,26,7464,65,3055,10015,5174,15188
294828459683,111,5506,59,2918,10016,5174,15189
294828470909,158,4840,106,8308,10017,5174,15190
294828481892,19,7175,58,2685,10017,5175,15191
294828492972,108,5578,54,2983,10018,5175,15192
294828504341,99,5327,150,14761,10019,5175,15193
294828515313,19,7288,58,2861,10019,5176,15194
294828526162,107,5700,98,8582,10020,5176,15195
294828537272,104,5350,161,15882,10021,5176,15196
294828548411,18,6687,58,2979,10021,5177,15197
294828559682,110,5390,54,3332,10022,5177,15198
294828570950,101,5732,174,8472,10023,5177,15199
294828582069,17,7534,62,2729,10023,5178,15200
294828593015,130,5320,169,15941,10024,5178,15201
294828604362,112,5428,95,7687,10025,5178,15202
294828615706,26,7558,70,2566,10025,5179,15203
294828626363,182,5254,120,5955,10026,5179,15204
294828637622,166,4974,83,1747,10027,5179,15205
294828648644,76,7326,57,1733,10027,5180,15206
294828659714,124,5688,660,36047,10028,5180,15207
294828670875,144,4725,195,17572,10029,5180,15208
294828681948,25,7360,72,3531,10029,5181,15209
294828692873,120,5675,111,9122,10030,5181,15210
294828704262,118,4732,173,16330,10031,5181,15211
294828715140,21,7349,69,3200,10031,5182,15212
294828726395,123,5682,103,8871,10032,5182,15213
294828737878,121,5806,57,3076,10033,5182,15214
294828748835,25,7112,63,2825,10033,5183,15215
294828759499,113,5508,199,15507,10034,5183,15216
294828770543,109,5687,106,8762,10035,5183,15217
294828781795,22,7280,59,2861,10035,5184,15218
294828792877,116,5285,163,15872,10036,5184,15219
294828803952,109,5521,63,3482,10037,5184,15220
294828814984,18,7365,64,2951,10037,5185,15221
294828826384,114,5381,45,2211,10038,5185,15222
294828837465,109,4931,316,33190,10039,5185,15223
294828848677,19,7366,70,4515,10039,5186,15224
294828859683,111,6211,108,8876,10040,5186,15225
294828870697,196,5043,214,14696,10041,5186,15226
294828881705,20,7636,77,2961,10041,5187,15227
294828892919,186,5342,61,2912,10042,5187,15228
294828903962,468,4941,108,8639,10043,5187,15229
294828914947,22,7236,196,2787,10043,5188,15230
294828926623,247,5375,165,13015,10044,5188,15231
294828937201,129,5360,109,7941,10045,5188,15232
294828948422,24,6980,63,2887,10045,5189,15233
294828959933,127,5618,243,15722,10046,5189,15234
294828970922,118,5369,114,8730,10047,5189,15235
294828982102,21,6882,61,2755,10047,5190,15236
294828993171,121,5451,62,3069,10048,5190,15237
294829003958,114,5516,220,15444,10049,5190,15238
294829015344,30,7311,58,2858,10049,5191,15239
294829026482,113,5470,98,8596,10050,5191,15240
294829037671,107,5551,164,15764,10051,5191,15241
294829048652,19,7147,60,3201,10051,5192,15242
294829059932,107,5204,55,3234,10052,5192,15243
294829070938,108,5752,54,2320,10053,5192,15244
294829082187,17,7300,46,1612,10053,5193,15245
294829092861,104,5208,301,32909,10054,5193,15246
294829104020,101,4904,116,10315,10055,5193,15247
294829114927,25,7454,68,3193,10055,5194,15248
294829126221,124,6056,64,3342,10056,5194,15249
294829137135,126,4938,282,15418,10057,5194,15250
294829148299,26,7607,68,2960,10057,5195,15251
294829159567,155,5348,178,8099,10058,5195,15252
294829170408,150,5201,499,42548,10059,5195,15253
294829182125,21,6696,84,5142,10059,5196,15254
294829192810,134,5185,108,8779,10060,5196,15255
294829204026,181,5404,176,16629,10061,5196,15256
294829215013,28,7155,65,3168,10061,5197,15257
294829226651,116,5345,131,8904,10062,5197,15258
294829237350,100,5470,60,2719,10063,5197,15259
294829248369,19,7445,125,2217,10063,5198,15260
294829259490,115,5693,81,6431,10064,5198,15261
294829270584,119,4896,353,35929,10065,5198,15262
294829281633,19,7227,82,4633,10065,5199,15263
294829293335,124,5542,163,16049,10066,5199,15264
294829303985,157,4951,116,3518,10067,5199,15265
294829314905,19,7446,58,2888,10067,5200,15266
294829326545,103,5802,98,8261,10068,5200,15267
294829337645,99,5566,197,16034,10069,5200,15268
294829348796,20,7224,57,3146,10069,5201,15269
294829359661,101,5428,100,8705,10070,5201,15270
294829370468,131,5216,62,3238,10071,5201,15271
294829381979,21,6609,56,2771,10071,5202,15272
294829393204,110,5672,62,4031,10072,5202,15273
294829404322,98,5670,166,15946,10073,5202,15274
294829415300,20,6982,58,3251,10073,5203,15275
294829426181,121,5219,58,3391,10074,5203,15276
294829437417,204,5419,111,8266,10075,5203,15277
294829448620,45,7164,64,2730,10075,5204,15278
294829459867,121,5081,173,15802,10076,5204,15279
294829471069,193,5480,100,7291,10077,5204,15280
294829481985,25,7288,59,1798,10077,5205,15281
294829493142,129,5422,306,32765,10078,5205,15282
294829504310,115,5445,255,17293,10079,5205,15283
294829515085,20,7361,64,3377,10079,5206,15284
294829526230,120,5803,102,8649,10080,5206,15285
294829537346,114,5339,167,16020,10081,5206,15286
294829548480,19,7544,65,3295,10081,5207,15287
294829559901,296,5385,407,3442,10082,5207,15288
294829570813,154,5118,161,8391,10083,5207,15289
294829582604,31,7515,71,2884,10083,5208,15290
294829593039,129,5572,169,16215,10084,5208,15291
294829604234,109,5803,103,8739,10085,5208,15292
294829615224,20,6833,62,2922,10085,5209,15293
294829626841,110,6298,65,3252,10086,5209,15294
294829637323,120,5511,66,4122,10087,5209,15295
294829648423,20,6866,56,2938,10087,5210,15296
294829659597,106,5067,182,15733,10088,5210,15297
294829670477,98,5875,61,3552,10089,5210,15298
294829681744,17,7087,103,3050,10089,5211,15299
294829693081,123,5376,92,7957,10090,5211,15300
294829704284,130,5611,96,5895,10091,5211,15301
294829715354,24,7001,53,1766,10091,5212,15302
294829726550,151,5132,467,36067,10092,5212,15303
294829737553,118,4707,80,4911,10093,5212,15304
294829748834,20,7128,58,3072,10093,5213,15305
294829759713,133,5722,291,15376,10094,5213,15306
294829770783,111,4787,229,8642,10095,5213,15307
294829781827,20,7307,58,2718,10095,5214,15308
294829793094,121,5336,174,15619,10096,5214,15309
294829803822,203,4860,65,3327,10097,5214,15310
294829815113,28,7005,62,2830,10097,5215,15311
294829826728,128,5470,99,8090,10098,5215,15312
294829837550,136,5431,184,16173,10099,5215,15313
294829848420,26,7059,69,3151,10099,5216,15314
294829859807,127,5546,106,8850,10100,5216,15315
294829870983,139,5252,68,3085,10101,5216,15316
294829881925,23,6613,63,2767,10101,5217,15317
294829893081,121,5294,65,4028,10102,5217,15318
294829903700,102,5275,195,15919,10103,5217,15319
294829914872,18,7348,59,3275,10103,5218,15320
294829927368,111,5399,70,3506,10104,5218,15321
294829937432,138,5506,108,8088,10105,5218,15322
294829948454,20,7292,62,2765,10105,5219,15323
294829959591,112,5349,71,5127,10106,5219,15324
294829970883,117,5124,327,35825,10107,5219,15325
294829982114,20,7601,79,4640,10107,5220,15326
294829992797,109,5752,50,3341,10108,5220,15327
294830003848,138,5181,161,15406,10109,5220,15328
294830015021,17,7425,60,3045,10109,5221,15329
294830026134,147,5799,103,8606,10110,5221,15330
294830037595,106,5041,161,15958,10111,5221,15331
294830048270,18,7289,58,3130,10111,5222,15332
294830059627,105,5424,80,3388,10112,5222,15333
294830070405,119,5662,105,8152,10113,5222,15334
294830081906,27,6899,114,2788,10113,5223,15335
294830092781,173,5313,275,15920,10114,5223,15336
294830104072,231,5508,171,8548,10115,5223,15337
294830115406,21,7030,75,2872,10115,5224,15338
294830126233,170,5210,164,14319,10116,5224,15339
294830137493,123,5436,120,9462,10117,5224,15340
294830148343,24,7168,71,2766,10117,5225,15341
294830159389,143,5421,172,15803,10118,5225,15342
294830170719,125,5299,81,2589,10119,5225,15343
294830182121,21,7480,57,1911,10119,5226,15344
294830192973,132,5450,362,32429,10120,5226,15345
294830204033,133,4883,53,2240,10121,5226,15346
294830215081,22,7530,52,1608,10121,5227,15347
294830226277,113,6135,358,35971,10122,5227,15348
294830237280,167,4980,74,4849,10123,5227,15349
294830248432,20,7637,63,3054,10123,5228,15350
294830259593,111,5238,183,15308,10124,5228,15351
294830270366,107,5519,101,8585,10125,5228,15352
294830282025,19,7292,67,2910,10125,5229,15353
294830293162,121,5459,222,15885,10126,5229,15354
294830303888,171,6269,88,3311,10127,5229,15355
294830315049,24,6846,59,2979,10127,5230,15356
294830326518,116,5687,139,8446,10128,5230,15357
294830337150,109,5623,188,16247,10129,5230,15358
294830348500,19,6811,112,3081,10129,5231,15359
294830359739,200,6049,116,8731,10130,5231,15360
294830370888,180,5270,170,15179,10131,5231,15361
294830382020,25,7606,71,3154,10131,5232,15362
294830393114,361,5181,164,9446,10132,5232,15363
294830404177,178,5273,182,16017,10133,5232,15364
294830415868,41,7574,78,3393,10133,5233,15365
294830426758,143,5220,62,3394,10134,5233,15366
294830437359,105,5288,48,2183,10135,5233,15367
294830448547,21,7407,85,1616,10135,5234,15368
294830459745,143,5559,360,33041,10136,5234,15369
294830470700,108,4825,116,10358,10137,5234,15370
294830481547,19,7407,68,3198,10137,5235,15371
294830492838,174,5602,58,3336,10138,5235,15372
294830504133,111,4866,158,14744,10139,5235,15373
294830515021,20,7118,59,2911,10139,5236,15374
294830526147,115,5602,103,8743,10140,5236,15375
294830537530,99,5538,203,15881,10141,5236,15376
294830548485,19,7331,66,3075,10141,5237,15377
294830559820,109,5927,54,3383,10142,5237,15378
294830570591,100,5688,99,8084,10143,5237,15379
294830581640,18,6974,56,2843,10143,5238,15380
294830592819,101,5758,164,16162,10144,5238,15381
294830604097,104,5557,106,8557,10145,5238,15382
294830615230,20,7299,67,2885,10145,5239,15383
294830626222,143,5210,154,14270,10146,5239,15384
294830637365,103,5415,112,9628,10147,5239,15385
294830648414,25,7147,69,2744,10147,5240,15386
294830659697,199,4922,316,15651,10148,5240,15387
294830670727,122,5042,61,3094,10149,5240,15388
294830681588,33,7504,73,2260,10149,5241,15389
294830693140,262,5244,225,22177,10150,5241,15390
294830704235,135,4906,65,3013,10151,5241,15391
294830715272,24,7289,58,2585,10151,5242,15392
294830726544,120,5667,103,8405,10152,5242,15393
294830737560,120,4664,56,2841,10153,5242,15394
294830748802,21,7361,64,2575,10153,5243,15395
294830759870,109,5608,158,15144,10154,5243,15396
294830770899,110,5342,100,8618,10155,5243,15397
294830781653,19,7152,55,2557,10155,5244,15398
294830793148,105,5744,157,15392,10156,5244,15399
294830803818,98,5610,55,3012,10157,5244,15400
294830815090,36,7011,66,2697,10157,5245,15401
294830826473,102,5391,96,8085,10158,5245,15402
294830837598,100,5900,163,16067,10159,5245,15403
294830848576,18,6957,57,2861,10159,5246,15404
294830859627,102,5023,105,8645,10160,5246,15405
294830870461,133,5042,166,14792,10161,5246,15406
294830882302,21,7747,62,2986,10161,5247,15407
294830892953,117,5185,114,9315,10162,5247,15408
294830904202,117,5619,86,5045,10163,5247,15409
294830915448,27,7226,59,1739,10163,5248,15410
294830926211,403,5421,393,33929,10164,5248,15411
294830937378,150,4831,136,4628,10165,5248,15412
294830948368,22,7522,71,3050,10165,5249,15413
294830959444,160,5143,169,2947,10166,5249,15414
294830970672,235,4816,106,8398,10167,5249,15415
294830982127,21,7379,61,2688,10167,5250,15416
294830993158,121,5372,60,2991,10168,5250,15417
294831004020,135,5441,155,14826,10169,5250,15418
294831015304,19,6955,66,2991,10169,5251,15419
294831026147,117,5334,103,8818,10170,5251,15420
294831037405,117,5366,162,16001,10171,5251,15421
294831048282,19,7364,125,3101,10171,5252,15422
294831059946,105,5279,59,3454,10172,5252,15423
294831070472,104,5329,105,8572,10173,5252,15424
294831081510,17,7467,59,2794,10173,5253,15425
294831093212,108,5403,55,3240,10174,5253,15426
294831103916,96,4786,84,6213,10175,5253,15427
294831115293,22,7666,58,1808,10175,5254,15428
294831126360,136,5467,351,36048,10176,5254,15429
294831137457,107,4900,209,18532,10177,5254,15430
294831148812,17,7407,69,3516,10177,5255,15431
294831159568,107,5440,126,8892,10178,5255,15432
294831170700,142,4783,167,15912,10179,5255,15433
294831181635,22,7339,65,3192,10179,5256,15434
294831192884,148,5520,112,9170,10180,5256,15435
294831204102,119,5593,259,16373,10181,5256,15436
294831215223,21,7022,64,2973,10181,5257,15437
294831226022,127,5427,104,8651,10182,5257,15438
294831237300,126,5349,58,3214,10183,5257,15439
294831248242,79,6841,66,2925,10183,5258,15440
294831259682,117,5504,179,15452,10184,5258,15441
294831270704,115,5593,116,9247,10185,5258,15442
294831282060,19,7282,60,2860,10185,5259,15443
294831293043,114,5234,166,15894,10186,5259,15444
294831303821,108,5103,61,3532,10187,5259,15445
294831315077,22,7029,65,3024,10187,5260,15446
294831326158,158,4803,43,2226,10188,5260,15447
294831337386,145,4821,544,33505,10189,5260,15448
294831348600,20,7294,75,4513,10189,5261,15449
294831359767,138,5245,106,8900,10190,5261,15450
294831370619,126,5331,78,3140,10191,5261,15451
294831381537,23,7401,63,2792,10191,5262,15452
294831392720,129,5493,177,15170,10192,5262,15453
294831404292,301,4924,73,3191,10193,5262,15454
294831414810,30,7244,87,2806,10193,5263,15455
294831426153,133,5383,54,3036,10194,5263,15456
294831437211,117,5615,97,7897,10195,5263,15457
294831448244,24,7047,67,2832,10195,5264,15458
294831459596,125,5491,214,15756,10196,5264,15459
294831470594,117,5177,112,8643,10197,5264,15460
294831481818,21,6855,62,2696,10197,5265,15461
294831492872,172,5298,59,2985,10198,5265,15462
294831504097,114,5698,162,15341,10199,5265,15463
294831515212,53,7092,61,3092,10199,5266,15464
294831526260,112,5110,103,8862,10200,5266,15465
294831537448,120,7780,167,15631,10201,5266,15466
294831548660,25,7007,163,2557,10201,5267,15467
294831559803,129,5074,214,22554,10202,5267,15468
294831570883,114,4831,102,8303,10203,5267,15469
294831581724,21,7235,59,2648,10203,5268,15470
294831592688,124,5335,162,15936,10204,5268,15471
294831603867,139,4766,102,8104,10205,5268,15472
294831615697,23,7757,70,2673,10205,5269,15473
294831626199,148,5058,56,3035,10206,5269,15474
294831637477,177,5378,188,15760,10207,5269,15475
294831648513,22,6973,59,3012,10207,5270,15476
294831659721,131,5310,56,3137,10208,5270,15477
294831670612,110,5667,61,2982,10209,5270,15478
294831681732,18,6846,130,2711,10209,5271,15479
294831692872,116,5155,98,8017,10210,5271,15480
294831703834,190,5521,202,16113,10211,5271,15481
294831715407,20,6923,70,2942,10211,5272,15482
294831726177,141,5035,104,8849,10212,5272,15483
294831737034,118,5147,62,2896,10213,5272,15484
294831748849,18,7366,59,2522,10213,5273,15485
294831759455,118,4977,271,15348,10214,5273,15486
294831770717,116,5538,53,2700,10215,5273,15487
294831781760,20,7320,51,1656,10215,5274,15488
294831792784,120,5257,348,34040,10216,5274,15489
294831803964,116,5183,71,4628,10217,5274,15490
294831815104,19,7146,65,3034,10217,5275,15491
294831826622,123,5931,104,8309,10218,5275,15492
294831837259,108,5036,165,15634,10219,5275,15493
294831848244,20,7405,197,3067,10219,5276,15494
294831859475,142,5171,379,8706,10220,5276,15495
294831870500,406,5211,69,3309,10221,5276,15496
294831881511,23,7614,66,2902,10221,5277,15497
294831892827,131,5387,172,16094,10222,5277,15498
294831903774,142,5460,79,3531,10223,5277,15499
294831914798,20,6849,82,3036,10223,5278,15500
294831926782,118,5636,55,3228,10224,5278,15501
294831937306,112,5593,101,7857,10225,5278,15502
294831948674,20,6992,61,2713,10225,5279,15503
294831959485,116,5293,394,15896,10226,5279,15504
294831971114,145,5412,105,8556,10227,5279,15505
294831981707,19,7208,60,2743,10227,5280,15506
294831993157,120,5151,56,3018,10228,5280,15507
294832003909,106,5216,161,15493,10229,5280,15508
294832015091,20,7056,63,3169,10229,5281,15509
294832026197,114,4783,50,2572,10230,5281,15510
294832037306,125,4813,879,33982,10231,5281,15511
294832048501,22,7306,74,4513,10231,5282,15512
294832059653,126,5667,58,3157,10232,5282,15513
294832070844,115,4777,103,8265,10233,5282,15514
294832081526,24,7334,62,2974,10233,5283,15515
294832093148,125,5167,219,15432,10234,5283,15516
294832104412,207,5337,104,8525,10235,5283,15517
294832115333,19,7448,99,2902,10235,5284,15518
294832126749,153,5608,59,3269,10236,5284,15519
294832137292,133,5424,91,4200,10237,5284,15520
294832148379,31,6611,61,2705,10237,5285,15521
294832159631,149,4957,207,15605,10238,5285,15522
294832170688,113,5452,56,3408,10239,5285,15523
294832181751,23,7415,64,2908,10239,5286,15524
294832192828,119,5205,101,8247,10240,5286,15525
294832203850,119,5565,86,6351,10241,5286,15526
294832215362,18,7063,53,1871,10241,5287,15527
294832226224,126,4942,42,1784,10242,5287,15528
294832237310,111,4821,639,36223,10243,5287,15529
294832248385,19,7477,79,4716,10243,5288,15530
294832259402,119,5543,168,15907,10244,5288,15531
294832270402,116,4820,107,8978,10245,5288,15532
294832281983,24,7410,66,2977,10245,5289,15533
294832293076,119,5432,165,16052,10246,5289,15534
294832304110,114,4945,59,3309,10247,5289,15535
294832315236,22,7191,66,2932,10247,5290,15536
294832326892,136,5364,103,8462,10248,5290,15537
294832337351,121,4984,226,16275,10249,5290,15538
294832348341,19,7555,66,3299,10249,5291,15539
294832359456,123,5190,107,8975,10250,5291,15540
294832370582,520,5396,67,3068,10251,5291,15541
294832382095,28,7126,64,2811,10251,5292,15542
294832393017,121,5185,65,4166,10252,5292,15543
294832403757,141,5286,173,16091,10253,5292,15544
294832415227,23,6801,64,3098,10253,5293,15545
294832426786,120,5452,59,3444,10254,5293,15546
294832437426,116,8088,126,8377,10255,5293,15547
294832448392,20,7391,63,2829,10255,5294,15548
294832459437,127,5168,167,16326,10256,5294,15549
294832470365,120,4970,96,2343,10257,5294,15550
294832482064,20,7270,51,1725,10257,5295,15551
294832492833,110,5349,336,36319,10258,5295,15552
294832503878,196,4714,183,17343,10259,5295,15553
294832515502,20,7170,71,3542,10259,5296,15554
294832526092,113,5662,154,9029,10260,5296,15555
294832537365,113,4746,169,16076,10261,5296,15556
294832548543,20,7255,62,2983,10261,5297,15557
294832559724,118,5360,57,3256,10262,5297,15558
294832570968,116,4971,104,8201,10263,5297,15559
294832581953,19,7401,118,2792,10263,5298,15560
294832593300,204,5169,171,16149,10264,5298,15561
294832604166,113,5579,111,8739,10265,5298,15562
294832615930,22,7090,71,2888,10265,5299,15563
294832626663,143,5438,177,15257,10266,5299,15564
294832637164,115,5088,111,8722,10267,5299,15565
294832648290,27,6828,66,2771,10267,5300,15566
294832659445,139,5172,178,15655,10268,5300,15567
294832670532,116,5370,63,3495,10269,5300,15568
294832681495,21,7371,89,2976,10269,5301,15569
294832693054,120,4920,116,8223,10270,5301,15570
294832704450,180,5538,194,16334,10271,5301,15571
294832715199,22,7186,81,3283,10271,5302,15572
294832726179,133,5067,105,9049,10272,5302,15573
294832737668,118,5225,54,2227,10273,5302,15574
294832748305,20,7386,53,1719,10273,5303,15575
294832759463,163,4902,116,5852,10274,5303,15576
294832770893,117,5005,443,36346,10275,5303,15577
294832781947,24,7370,83,4707,10275,5304,15578
294832792991,254,5680,199,16068,10276,5304,15579
294832803906,200,4794,70,3497,10277,5304,15580
294832814863,25,7160,146,2844,10277,5305,15581
294832826107,152,5190,105,8160,10278,5305,15582
294832837291,142,4946,177,16037,10279,5305,15583
294832848299,24,7419,64,3104,10279,5306,15584
294832859399,152,5385,140,8802,10280,5306,15585
294832870548,155,5143,220,15653,10281,5306,15586
294832881465,21,7333,63,2877,10281,5307,15587
294832893122,121,5199,54,2825,10282,5307,15588
294832903737,121,5484,68,3146,10283,5307,15589
294832915225,26,6863,179,2841,10283,5308,15590
294832926088,122,5189,54,3000,10284,5308,15591
294832937489,124,7807,98,7956,10285,5308,15592
294832948560,20,6760,61,2771,10285,5309,15593
294832959596,112,5034,187,15990,10286,5309,15594
294832970657,118,5262,116,8706,10287,5309,15595
294832981775,20,7414,66,2805,10287,5310,15596
294832993107,146,5081,64,3139,10288,5310,15597
294833003801,299,5144,169,14762,10289,5310,15598
294833015150,37,7077,61,2052,10289,5311,15599
294833026499,137,5032,52,2235,10290,5311,15600
294833037246,165,4805,393,33830,10291,5311,15601
294833048250,23,7653,139,4559,10291,5312,15602
294833059672,215,5256,59,3230,10292,5312,15603
294833071122,189,4751,112,8274,10293,5312,15604
294833081654,23,7395,65,2846,10293,5313,15605
294833092790,120,5102,159,15428,10294,5313,15606
294833103892,162,4811,117,8447,10295,5313,15607
294833114989,20,7593,72,2905,10295,5314,15608
294833126138,157,5495,61,3225,10296,5314,15609
294833137311,150,5362,172,16056,10297,5314,15610
294854265236,221,16308,346,65909,10298,5314,15611
294854293311,143,15375,130,9355,10299,5314,15612
294854320190,150,10521,198,15228,10300,5314,15613
294854331637,21,16779,101,5582,10300,5315,15614
294854359874,135,10329,368,65324,10301,5315,15615
294854372044,165,15227,272,16355,10302,5315,15616
294854398980,121,11199,180,14728,10303,5315,15617
294854421864,120,5662,76,4842,10304,5315,15618
294854432661,20,8190,51,1796,10304,5316,15619
294854443974,111,5287,320,34858,10305,5316,15620
294854454940,115,5151,71,5146,10306,5316,15621
294854466069,18,7917,59,3144,10306,5317,15622
294854477105,106,5298,104,8753,10307,5317,15623
294854488551,106,5064,56,3078,10308,5317,15624
294854499193,18,7702,83,2811,10308,5318,15625
294854510912,113,7530,170,14860,10309,5318,15626
294854521993,129,5084,105,8806,10310,5318,15627
294854532930,21,7207,57,2889,10310,5319,15628
294854544049,107,6040,173,15859,10311,5319,15629
294854555252,116,5116,54,3389,10312,5319,15630
294854566284,20,7446,79,2962,10312,5320,15631
294854577461,103,6066,104,8312,10313,5320,15632
294854588359,105,5792,166,16353,10314,5320,15633
294854599428,19,7065,56,3066,10314,5321,15634
294854610759,114,8185,124,8669,10315,5321,15635
294854622315,144,5448,156,14914,10316,5321,15636
294854632911,21,7509,65,3183,10316,5322,15637
294854644207,118,5156,51,2454,10317,5322,15638
294854654968,144,5734,88,1660,10318,5322,15639
294854666703,252,7631,329,34017,10319,5322,15640
294854677435,35,4977,98,4509,10319,5323,15641
294854688357,126,5271,132,3206,10320,5323,15642
294854699446,23,7775,71,2820,10320,5324,15643
294854710455,201,4750,64,2849,10321,5324,15644
294854721992,231,4913,120,8422,10322,5324,15645
294854732645,31,7454,70,2854,10322,5325,15646
294854743971,136,5943,63,3281,10323,5325,15647
294854755341,126,4896,154,14778,10324,5325,15648
294854766044,22,7594,61,2915,10324,5326,15649
294854777275,112,5425,164,8877,10325,5326,15650
294854788448,109,4944,188,16033,10326,5326,15651
294854799194,20,7840,60,2994,10326,5327,15652
294854810835,117,5603,75,3368,10327,5327,15653
294854821666,105,5821,99,8512,10328,5327,15654
294854832652,18,7530,116,2836,10328,5328,15655
294854843912,103,5538,161,16041,10329,5328,15656
294854855147,100,5648,101,8625,10330,5328,15657
294854866153,22,7757,111,2938,10330,5329,15658
294854877534,147,5348,191,14122,10331,5329,15659
294854888421,108,5378,140,12941,10332,5329,15660
294854899444,24,8123,83,3060,10332,5330,15661
294854910743,189,5158,127,8805,10333,5330,15662
294854921797,131,5370,177,15640,10334,5330,15663
294854932724,36,7787,72,3253,10334,5331,15664
294854943889,230,5874,239,3464,10335,5331,15665
294854954894,173,5091,68,3260,10336,5331,15666
294854966360,140,7804,150,8610,10337,5331,15667
294854977322,35,5037,129,2887,10337,5332,15668
294854988083,134,5254,61,3179,10338,5332,15669
294854999706,26,7242,62,2809,10338,5333,15670
294855010522,118,5400,181,15465,10339,5333,15671
294855021608,110,5669,168,8803,10340,5333,15672
294855033003,96,7668,172,16073,10341,5333,15673
294855044264,22,4896,57,2900,10341,5334,15674
294855054955,132,5854,65,3282,10342,5334,15675
294855066381,442,7117,102,7687,10343,5334,15676
294855077187,22,4888,48,2338,10343,5335,15677
294855088442,113,5567,127,7370,10344,5335,15678
294855099879,29,7899,68,1852,10344,5336,15679
294855110768,168,5125,89,1798,10345,5336,15680
294855121528,299,5341,105,1618,10346,5336,15681
294855132649,32,7860,62,1617,10346,5337,15682
294855143853,157,5032,549,36443,10347,5337,15683
294855155122,256,5480,196,10402,10348,5337,15684
294855166157,31,7717,77,3259,10348,5338,15685
294855177105,324,5458,169,14515,10349,5338,15686
294855188571,176,5216,126,8321,10350,5338,15687
294855199552,31,7305,88,2860,10350,5339,15688
294855210832,185,8042,193,15355,10351,5339,15689
294855221989,135,4909,153,8607,10352,5339,15690
294855232693,25,7398,64,2895,10352,5340,15691
294855243836,127,5286,88,3231,10353,5340,15692
294855255039,231,4849,225,15477,10354,5340,15693
294855266075,32,7370,71,3155,10354,5341,15694
294855277416,211,6724,124,9140,10355,5341,15695
294855288579,328,7841,191,16058,10356,5341,15696
294855299751,30,7065,77,3355,10356,5342,15697
294855310577,175,9283,159,3551,10357,5342,15698
294855321857,144,5476,119,8534,10358,5342,15699
294855332890,28,6968,76,2961,10358,5343,15700
294855344047,147,5089,174,16159,10359,5343,15701
294855355062,125,5497,110,7961,10360,5343,15702
294855366375,36,7897,78,2640,10360,5344,15703
294855377266,164,5131,95,5985,10361,5344,15704
294855388289,138,5234,364,36388,10362,5344,15705
294855399664,27,7594,89,4707,10362,5345,15706
294855410610,146,5043,165,9064,10363,5345,15707
294855421877,154,5160,198,14817,10364,5345,15708
294855432711,35,7778,76,3229,10364,5346,15709
294855444044,158,4945,64,3346,10365,5346,15710
294855455190,131,4858,64,3096,10366,5346,15711
294855466171,22,7598,60,2774,10366,5347,15712
294855477161,171,7822,128,8779,10367,5347,15713
294855488255,146,5103,56,2908,10368,5347,15714
294855499655,24,7457,69,2712,10368,5348,15715
294855510432,143,5222,188,15195,10369,5348,15716
294855521681,125,5236,107,8720,10370,5348,15717
294855532585,28,7649,63,2890,10370,5349,15718
294855543893,114,5316,163,15778,10371,5349,15719
294855555123,99,6263,63,3453,10372,5349,15720
294855566268,20,7428,123,2949,10372,5350,15721
294855577166,119,5362,257,8413,10373,5350,15722
294855588663,111,8298,169,16285,10374,5350,15723
294855599408,22,7275,64,3111,10374,5351,15724
294855610882,139,4799,124,2218,10375,5351,15725
294855621665,184,5479,394,36094,10376,5351,15726
294855632829,33,7436,92,4741,10376,5352,15727
294855644131,158,5114,184,16548,10377,5352,15728
294855655094,179,5176,122,8888,10378,5352,15729
294855666848,198,6771,231,16022,10379,5352,15730
294855677431,31,4639,73,3176,10379,5353,15731
294855688251,176,4965,120,9161,10380,5353,15732
294855699204,32,7495,77,2899,10380,5354,15733
294855710523,170,5738,188,16397,10381,5354,15734
294855721564,136,5171,109,8567,10382,5354,15735
294855732590,26,7133,64,2820,10382,5355,15736
294855743962,127,5334,149,3128,10383,5355,15737
294855755041,191,4810,196,15409,10384,5355,15738
294855766266,25,6835,91,3148,10384,5356,15739
294855777634,150,7303,124,8941,10385,5356,15740
294855788370,221,5630,226,16115,10386,5356,15741
294855799711,129,6686,79,3567,10387,5356,15742
294855810821,21,4552,88,3075,10387,5357,15743
294855821526,114,5587,117,8656,10388,5357,15744
294855833017,448,7015,237,12579,10389,5357,15745
294855844302,30,4783,45,1974,10389,5358,15746
294855855267,137,5311,49,1984,10390,5358,15747
294855866104,21,7873,55,1667,10390,5359,15748
294855877532,132,6783,341,36344,10391,5359,15749
294855888464,124,7924,185,17925,10392,5359,15750
294855899367,22,7961,71,3459,10392,5360,15751
294855910603,116,5187,230,8766,10393,5360,15752
294855921654,158,5304,165,16026,10394,5360,15753
294855933001,18,7408,58,3010,10394,5361,15754
294855944203,107,6247,169,8982,10395,5361,15755
294855955107,106,5415,167,16429,10396,5361,15756
294855967122,119,6693,102,8437,10397,5361,15757
294855977471,16,5055,54,2936,10397,5362,15758
294855988109,101,5544,54,3277,10398,5362,15759
294855999266,18,7386,61,2940,10398,5363,15760
294856010584,106,9534,206,15343,10399,5363,15761
294856021937,148,5539,102,8766,10400,5363,15762
294856032952,138,7603,171,16108,10401,5363,15763
294856044089,20,4958,52,3251,10401,5364,15764
294856055513,109,5866,56,2778,10402,5364,15765
294856066599,366,7516,355,36089,10403,5364,15766
294856077154,17,4788,67,4759,10403,5365,15767
294856088432,115,7565,171,16788,10404,5365,15768
294856099466,19,7962,63,3244,10404,5366,15769
294856110632,104,5389,150,8732,10405,5366,15770
294856121974,196,4993,69,3215,10406,5366,15771
294856132508,20,7638,59,2909,10406,5367,15772
294856144205,112,5646,270,16831,10407,5367,15773
294856155287,107,5213,59,3527,10408,5367,15774
294856166342,104,7750,58,3167,10409,5367,15775
294856177432,18,5082,52,2925,10409,5368,15776
294856188109,132,5501,105,8347,10410,5368,15777
294856199557,18,7331,60,2851,10410,5369,15778
294856210802,102,7204,167,15990,10411,5369,15779
294856221849,107,5655,102,8724,10412,5369,15780
294856232825,296,7411,127,3098,10413,5369,15781
294856243872,29,5088,54,2881,10413,5370,15782
294856254844,146,5657,164,15620,10414,5370,15783
294856266268,19,7702,54,3327,10414,5371,15784
294856277451,151,5532,51,2552,10415,5371,15785
294856288524,100,7948,363,34368,10416,5371,15786
294856299460,18,7903,71,4599,10416,5372,15787
294856310646,99,5090,52,3258,10417,5372,15788
294856321596,94,5633,107,8275,10418,5372,15789
294856332813,18,7883,121,2899,10418,5373,15790
294856343821,121,4787,157,15518,10419,5373,15791
294856354738,113,5206,117,8467,10420,5373,15792
294856366351,723,7692,84,3104,10421,5373,15793
294856377462,23,4896,83,2847,10421,5374,15794
294856388226,126,5473,160,15769,10422,5374,15795
294856399263,18,8256,68,3151,10422,5375,15796
294856410874,120,8272,112,9111,10423,5375,15797
294856421863,104,5320,147,14014,10424,5375,15798
294856432876,17,7520,55,2952,10424,5376,15799
294856444205,99,5083,101,8084,10425,5376,15800
294856455087,100,5178,163,16266,10426,5376,15801
294856466114,173,7773,118,8616,10427,5376,15802
294856477176,22,4995,54,2774,10427,5377,15803
294856488526,108,7890,68,3030,10428,5377,15804
294856499497,27,7155,107,2760,10428,5378,15805
294856510836,126,7699,177,15549,10429,5378,15806
294856521656,121,5662,55,2677,10430,5378,15807
294856532629,20,7873,46,1670,10430,5379,15808
294856544041,101,5130,42,1670,10431,5379,15809
294856555201,109,5524,64,1670,10432,5379,15810
294856566778,230,7461,349,35992,10433,5379,15811
294856577284,76,4561,70,4670,10433,5380,15812
294856588484,122,4940,168,16521,10434,5380,15813
294856599208,17,16544,70,3235,10434,5381,15814
294856627399,165,20713,161,9242,10435,5381,15815
294856659547,160,15281,81,4035,10436,5381,15816
294856686656,127,11336,62,3365,10437,5381,15817
294856709894,115,16334,179,16210,10438,5381,15818
294856737632,119,10008,108,8178,10439,5381,15819
294856748957,20,16246,62,2915,10439,5382,15820
294856776554,157,15485,62,2690,10440,5382,15821
294856803677,205,6539,363,42978,10441,5382,15822
294856814790,23,7368,138,5424,10441,5383,15823
294856825705,191,5265,137,9090,10442,5383,15824
294856836862,116,5216,197,16754,10443,5383,15825
294856847857,20,9851,70,3438,10443,5384,15826
294856859053,107,5979,100,9063,10444,5384,15827
294856870087,128,4755,137,3481,10445,5384,15828
294856881380,29,7399,60,3179,10445,5385,15829
294856892702,108,5380,172,16484,10446,5385,15830
294856903455,123,5291,141,9337,10447,5385,15831
294856914473,23,7280,60,3081,10447,5386,15832
294856925985,138,5428,144,13767,10448,5386,15833
294856936906,116,5779,125,8366,10449,5386,15834
294856948226,19,8769,60,3102,10449,5387,15835
294856959468,104,5041,202,16529,10450,5387,15836
294856970346,105,5462,111,9044,10451,5387,15837
294856981521,17,8178,60,3143,10451,5388,15838
294856992323,110,4898,61,3500,10452,5388,15839
294857003688,120,5741,63,3955,10453,5388,15840
294857014870,23,7331,59,1739,10453,5389,15841
294857025726,125,5127,380,36644,10454,5389,15842
294857036907,117,5234,239,17679,10455,5389,15843
294857047868,24,9798,78,3467,10455,5390,15844
294857059537,134,5693,64,3356,10456,5390,15845
294857070537,117,4788,112,8245,10457,5390,15846
294857081580,21,7462,84,2827,10457,5391,15847
294857092645,113,5884,167,15933,10458,5391,15848
294857103782,110,5454,103,8590,10459,5391,15849
294857114951,25,9515,92,2981,10459,5392,15850
294857126224,138,5124,77,3386,10460,5392,15851
294857137035,105,5693,184,16433,10461,5392,15852
294857147992,18,8906,59,3005,10461,5393,15853
294857159253,103,5577,79,3380,10462,5393,15854
294857170378,105,5578,61,3158,10463,5393,15855
294857181753,18,7625,54,2906,10463,5394,15856
294857192797,101,5475,114,8199,10464,5394,15857
294857203615,99,5710,200,16217,10465,5394,15858
294857214643,18,7519,83,3292,10465,5395,15859
294857225917,178,5161,111,8954,10466,5395,15860
294857236981,122,5766,77,5569,10467,5395,15861
294857248113,20,8780,76,1819,10467,5396,15862
294857259483,114,4961,39,1787,10468,5396,15863
294857270157,109,4954,337,36575,10469,5396,15864
294857281467,21,7332,106,4734,10469,5397,15865
294857292565,158,6003,164,16184,10470,5397,15866
294857303691,103,5073,77,3536,10471,5397,15867
294857314462,17,7274,56,2885,10471,5398,15868
294857325725,105,4702,96,8117,10472,5398,15869
294857337031,110,5316,210,16018,10473,5398,15870
294857348166,20,8758,65,3066,10473,5399,15871
294857359162,117,5503,101,8719,10474,5399,15872
294857370229,133,6119,71,3376,10475,5399,15873
294857381337,20,7128,64,2935,10475,5400,15874
294857392667,124,5693,167,16113,10476,5400,15875
294857403917,115,5367,64,3571,10477,5400,15876
294857414671,19,7216,61,3010,10477,5401,15877
294857425994,113,5310,101,3180,10478,5401,15878
294857437090,109,5731,122,8043,10479,5401,15879
294857448221,17,8869,111,2883,10479,5402,15880
294857459150,111,5234,155,15720,10480,5402,15881
294857470186,99,5036,45,2180,10481,5402,15882
294857482071,18,8646,48,1775,10481,5403,15883
294857492560,124,4899,444,36604,10482,5403,15884
294857503730,100,5176,192,17350,10483,5403,15885
294857515017,55,9131,77,3505,10483,5404,15886
294857526108,130,5625,111,8995,10484,5404,15887
294857537147,117,5298,169,16074,10485,5404,15888
294857548010,20,8958,66,3027,10485,5405,15889
294857559574,126,5092,54,3333,10486,5405,15890
294857570195,119,5075,161,8409,10487,5405,15891
294857581410,21,7229,62,2883,10487,5406,15892
294857592726,125,5432,165,16130,10488,5406,15893
294857603876,104,5621,103,8656,10489,5406,15894
294857614532,19,7320,71,2995,10489,5407,15895
294857625854,140,5211,53,3347,10490,5407,15896
294857637164,120,5490,66,4169,10491,5407,15897
294857648342,18,6695,51,2862,10491,5408,15898
294857659188,102,5413,226,15783,10492,5408,15899
294857670120,105,5372,62,3584,10493,5408,15900
294857681327,19,8303,54,3030,10493,5409,15901
294857692485,102,5236,93,7929,10494,5409,15902
294857703750,100,5373,99,5851,10495,5409,15903
294857714909,17,8502,44,1752,10495,5410,15904
294857726201,96,5119,342,36752,10496,5410,15905
294857737042,119,5247,75,4980,10497,5410,15906
294857748028,20,9127,53,3141,10497,5411,15907
294857759035,97,5418,218,15529,10498,5411,15908
294857770239,288,4994,156,8513,10499,5411,15909
294857781173,20,6998,76,2868,10499,5412,15910
294857792820,107,5457,188,15576,10500,5412,15911
294857803857,98,5525,60,3331,10501,5412,15912
294857814833,18,8070,61,2901,10501,5413,15913
294857826571,115,5130,120,8214,10502,5413,15914
294857836834,103,5599,200,16274,10503,5413,15915
294857848143,27,9326,84,3206,10503,5414,15916
294857859214,123,5144,100,8991,10504,5414,15917
294857869998,162,5106,168,15112,10505,5414,15918
294857881280,23,7342,66,3196,10505,5415,15919
294857892586,123,5251,75,2435,10506,5415,15920
294857903568,103,5056,341,36423,10507,5415,15921
294857914933,19,8796,77,4681,10507,5416,15922
294857925962,106,5043,161,16116,10508,5416,15923
294857937103,99,5390,90,3480,10509,5416,15924
294857948215,22,9496,76,2914,10509,5417,15925
294857959545,112,6001,58,3002,10510,5417,15926
294857970259,103,5406,119,8254,10511,5417,15927
294857981183,17,7219,55,2866,10511,5418,15928
294857992492,97,5464,53,3183,10512,5418,15929
294858003436,102,5367,172,15167,10513,5418,15930
294858014473,18,7338,58,3005,10513,5419,15931
294858026269,106,5445,99,8773,10514,5419,15932
294858037192,104,5882,175,15846,10515,5419,15933
294858048255,28,8899,89,3185,10515,5420,15934
294858059052,123,5293,57,3460,10516,5420,15935
294858070237,108,5378,102,8365,10517,5420,15936
294858081437,21,6789,57,2866,10517,5421,15937
294858092463,105,5346,209,16110,10518,5421,15938
294858103716,108,5211,102,8649,10519,5421,15939
294858114435,18,7561,72,2957,10519,5422,15940
294858126049,137,5153,158,13432,10520,5422,15941
294858137130,105,5526,305,33135,10521,5422,15942
294858148230,18,9242,79,4699,10521,5423,15943
294858159376,116,5635,109,9181,10522,5423,15944
294858170196,102,5094,159,15963,10523,5423,15945
294858181653,17,7266,60,3310,10523,5424,15946
294858192774,99,5707,105,9316,10524,5424,15947
294858203886,132,4961,172,16347,10525,5424,15948
294858214715,20,8261,62,3367,10525,5425,15949
294858226076,111,5160,103,8895,10526,5425,15950
294858237184,109,5717,84,3087,10527,5425,15951
294858248216,20,8855,76,2832,10527,5426,15952
294858259136,108,5300,231,15595,10528,5426,15953
294858270342,119,5791,107,9121,10529,5426,15954
294858281333,21,6721,61,2901,10529,5427,15955
294858292576,163,5077,158,15835,10530,5427,15956
294858303709,101,5350,67,3624,10531,5427,15957
294858314641,19,8278,74,3102,10531,5428,15958
294858326309,111,5065,100,8282,10532,5428,15959
294858337221,98,5794,86,6112,10533,5428,15960
294858348327,18,7318,45,1793,10533,5429,15961
294858359189,109,4950,58,1731,10534,5429,15962
294858370311,132,4968,357,36645,10535,5429,15963
294858381483,21,7159,78,4725,10535,5430,15964
294858392428,127,5870,166,16566,10536,5430,15965
294858404004,263,4787,111,8892,10537,5430,15966
294858414402,19,7359,56,2906,10537,5431,15967
294858426401,109,5840,161,16033,10538,5431,15968
294858436894,114,5127,119,8637,10539,5431,15969
294858448145,33,8493,75,2833,10539,5432,15970
294858459259,174,5230,187,16378,10540,5432,15971
294858470455,148,4754,112,8451,10541,5432,15972
294858481499,20,7012,66,2829,10541,5433,15973
294858492675,124,5399,55,3140,10542,5433,15974
294858503456,119,5694,224,15399,10543,5433,15975
294858514930,22,8102,59,3244,10543,5434,15976
294858526049,113,5229,105,8946,10544,5434,15977
294858536786,109,5758,169,16130,10545,5434,15978
294858548017,21,9021,61,3411,10545,5435,15979
294858559011,112,5204,57,3585,10546,5435,15980
294858570207,103,5606,99,8488,10547,5435,15981
294858581323,17,7407,90,2955,10547,5436,15982
294858592427,106,4915,157,15993,10548,5436,15983
294858603954,99,5099,49,2113,10549,5436,15984
294858614787,19,9527,61,1716,10549,5437,15985
294858625668,138,5334,330,36625,10550,5437,15986
294858636964,104,5444,211,18563,10551,5437,15987
294858648086,18,9533,65,3569,10551,5438,15988
294858659422,103,6128,104,8986,10552,5438,15989
294858670500,105,5191,171,15998,10553,5438,15990
294858681296,19,7519,58,3270,10553,5439,15991
294858692608,103,5502,109,9214,10554,5439,15992
294858703534,119,5272,210,16414,10555,5439,15993
294858714593,17,7607,56,2928,10555,5440,15994
294858726156,106,5361,100,8583,10556,5440,15995
294858736949,110,6008,77,3190,10557,5440,15996
294858748374,18,6735,156,2923,10557,5441,15997
294858759264,102,5700,157,15384,10558,5441,15998
294858770639,119,5776,103,9128,10559,5441,15999
294858781335,18,8292,55,2878,10559,5442,16000
294858792402,102,5226,157,16048,10560,5442,16001
294858803894,99,5485,65,3571,10561,5442,16002
294858815014,19,8224,55,3013,10561,5443,16003
294858825988,112,5182,75,2160,10562,5443,16004
294858837010,102,5586,337,33706,10563,5443,16005
294858848235,17,9321,67,4542,10563,5444,16006
294858859288,102,5451,108,8908,10564,5444,16007
294858870338,182,4897,63,3255,10565,5444,16008
294858881614,25,8855,61,2885,10565,5445,16009
294858892634,105,5995,211,15094,10566,5445,16010
294858903637,113,4966,107,8715,10567,5445,16011
294858914744,20,7560,80,2737,10567,5446,16012
294858925828,133,5278,182,15661,10568,5446,16013
294858936841,116,5159,102,8096,10569,5446,16014
294858947763,18,8919,58,2877,10569,5447,16015
294858959473,107,5535,171,16182,10570,5447,16016
294858970559,109,5628,104,8655,10571,5447,16017
294858981455,23,7163,87,2771,10571,5448,16018
294858992791,109,5321,53,3075,10572,5448,16019
294859003671,99,5579,164,15628,10573,5448,16020
294859015008,18,7866,57,3178,10573,5449,16021
294859025680,101,5084,111,9107,10574,5449,16022
294859037094,118,5778,206,16037,10575,5449,16023
294859048134,17,8077,60,3194,10575,5450,16024
294859059397,101,5412,65,2780,10576,5450,16025
294859070339,108,5387,48,2065,10577,5450,16026
294859081349,20,7411,53,1654,10577,5451,16027
294859092354,121,4889,304,33454,10578,5451,16028
294859103638,104,5458,123,10359,10579,5451,16029
294859114587,19,7953,72,3199,10579,5452,16030
294859125901,155,5776,88,3348,10580,5452,16031
294859137094,114,5225,158,15454,10581,5452,16032
294859147988,19,9298,60,2944,10581,5453,16033
294859159237,114,5770,99,8799,10582,5453,16034
294859170477,106,5392,185,15812,10583,5453,16035
294859181483,18,7246,58,3165,10583,5454,16036
294859192670,106,5307,99,9010,10584,5454,16037
294859203398,110,5665,171,16274,10585,5454,16038
294859214977,23,8007,62,3095,10585,5455,16039
294859225737,112,5235,108,8779,10586,5455,16040
294859236883,139,5741,52,3058,10587,5455,16041
294859248218,17,9167,83,2786,10587,5456,16042
294859259473,98,5088,191,15427,10588,5456,16043
294859270245,102,5284,104,8912,10589,5456,16044
294859281510,17,8188,56,2830,10589,5457,16045
294859292704,200,5438,141,13590,10590,5457,16046
294859303714,102,5132,52,2139,10591,5457,16047
294859314877,18,8844,59,1713,10591,5458,16048
294859325701,113,5476,331,36193,10592,5458,16049
294859336871,99,5261,181,18242,10593,5458,16050
294859348169,17,9109,60,3409,10593,5459,16051
294859359181,112,5881,101,8625,10594,5459,16052
294859370416,172,5050,69,3230,10595,5459,16053
294859381672,39,8104,59,2890,10595,5460,16054
294859392719,109,5192,158,16018,10596,5460,16055
294859403437,125,5684,74,3268,10597,5460,16056
294859415006,27,8175,62,2853,10597,5461,16057
294859425794,125,5478,65,3064,10598,5461,16058
294859436953,103,5492,112,8023,10599,5461,16059
294859448233,19,8461,58,2746,10599,5462,16060
294859459232,100,5308,182,15994,10600,5462,16061
294859470364,99,5543,116,8664,10601,5462,16062
294859481751,17,8256,101,2991,10601,5463,16063
294859492733,100,5442,49,2925,10602,5463,16064
294859503726,96,5154,64,3743,10603,5463,16065
294859514887,21,8507,47,1762,10603,5464,16066
294859525711,107,5202,329,36616,10604,5464,16067
294859537015,102,5176,223,17622,10605,5464,16068
294859547798,19,8945,63,3483,10605,5465,16069
294859559010,126,5926,50,3368,10606,5465,16070
294859570494,98,5295,101,8198,10607,5465,16071
294859581387,18,7265,52,2855,10607,5466,16072
294859592503,105,5218,161,15957,10608,5466,16073
294859603832,95,5012,124,8567,10609,5466,16074
294859614494,18,7826,82,2876,10609,5467,16075
294859626022,143,5441,63,3261,10610,5467,16076
294859637108,271,5581,181,16234,10611,5467,16077
294859648112,18,8082,58,3044,10611,5468,16078
294859659164,101,5450,57,3429,10612,5468,16079
294859670468,92,6054,55,3180,10613,5468,16080
294859681477,16,7965,82,2946,10613,5469,16081
294859692572,102,5311,118,8256,10614,5469,16082
294859703501,96,5646,164,16223,10615,5469,16083
294859714627,18,8420,61,3281,10615,5470,16084
294859725726,109,5050,246,8824,10616,5470,16085
294859737444,278,5616,82,5478,10617,5470,16086
294859747836,22,7325,64,1808,10617,5471,16087
294859759439,164,4972,344,36852,10618,5471,16088
294859770241,111,5422,133,10659,10619,5471,16089
294859781340,19,7359,60,3284,10619,5472,16090
294859792769,111,5804,228,14733,10620,5472,16091
294859803550,99,5197,51,3392,10621,5472,16092
294859814600,17,7556,83,2901,10621,5473,16093
294859825915,114,5583,107,8340,10622,5473,16094
294859837198,100,5498,158,15427,10623,5473,16095
294859847906,22,7156,69,3088,10623,5474,16096
294859859168,106,5671,105,8805,10624,5474,16097
294859870233,130,5823,89,5594,10625,5474,16098
294859881799,19,7734,49,1762,10625,5475,16099
294859892379,111,5362,416,36464,10626,5475,16100
294859903842,106,5294,178,17694,10627,5475,16101
294859914959,52,7764,62,3432,10627,5476,16102
294859926162,105,5364,51,3320,10628,5476,16103
294859937204,104,5870,101,8159,10629,5476,16104
294859948240,23,8048,57,2777,10629,5477,16105
294859959298,102,5333,412,15051,10630,5477,16106
294859970308,113,5745,49,2086,10631,5477,16107
294859981380,19,7403,57,1669,10631,5478,16108
294859992367,101,5487,346,36509,10632,5478,16109
294860003554,116,11200,214,17333,10633,5478,16110
294860026354,265,15930,128,9021,10634,5478,16111
294860054071,187,10690,186,14142,10635,5478,16112
294860076503,147,16342,121,8347,10636,5478,16113
294860104218,266,9710,71,3254,10637,5478,16114
294860115676,24,16589,76,2869,10637,5479,16115
294860143577,259,15909,184,15137,10638,5479,16116
294860171421,151,9332,74,3496,10639,5479,16117
294860182173,23,15154,64,3011,10639,5480,16118
294860208524,148,4876,69,2235,10640,5480,16119
294860219710,114,5100,391,33802,10641,5480,16120
294860230989,20,7667,74,4573,10641,5481,16121
294860242233,136,5765,115,9307,10642,5481,16122
294860253062,101,5043,174,15074,10643,5481,16123
294860264702,28,7399,82,3070,10643,5482,16124
294860275203,110,5485,125,8772,10644,5482,16125
294860286479,100,5070,168,15983,10645,5482,16126
294860297993,19,7486,65,3078,10645,5483,16127
294860309194,152,5370,59,3423,10646,5483,16128
294860320281,124,5549,135,8094,10647,5483,16129
294860331079,21,6810,61,2865,10647,5484,16130
294860342279,148,5555,264,16065,10648,5484,16131
294860353352,133,5572,134,8577,10649,5484,16132
294860364113,23,7375,73,2887,10649,5485,16133
294860375438,162,5458,63,3254,10650,5485,16134
294860386558,110,5356,70,4066,10651,5485,16135
294860397598,20,7217,70,2946,10651,5486,16136
294860408781,124,5329,154,14708,10652,5486,16137
294860419988,152,5466,67,2359,10653,5486,16138
294860431242,18,7461,102,1733,10653,5487,16139
294860442314,110,5400,349,34982,10654,5487,16140
294860453365,107,5301,116,10222,10655,5487,16141
294860464184,18,7024,67,3511,10655,5488,16142
294860475599,116,5890,59,3551,10656,5488,16143
294860487000,104,8009,59,2987,10657,5488,16144
294860497777,25,7345,75,2724,10657,5489,16145
294860509005,135,5036,162,15245,10658,5489,16146
294860519707,115,5604,109,8791,10659,5489,16147
294860531063,19,7394,56,2889,10659,5490,16148
294860542114,107,5489,165,15861,10660,5490,16149
294860553408,124,5665,67,3542,10661,5490,16150
294860564492,21,6660,60,3053,10661,5491,16151
294860575767,121,5461,103,8344,10662,5491,16152
294860586799,104,5452,169,16437,10663,5491,16153
294860598007,17,8260,62,2906,10663,5492,16154
294860609080,112,5206,191,8929,10664,5492,16155
294860619761,188,4718,126,5470,10665,5492,16156
294860631248,21,7534,55,1960,10665,5493,16157
294860642125,115,5820,334,36796,10666,5493,16158
294860653480,104,5102,132,10690,10667,5493,16159
294860664111,18,7237,60,3274,10667,5494,16160
294860675769,111,5730,149,14715,10668,5494,16161
294860686744,101,5218,100,8426,10669,5494,16162
294860697752,17,7372,59,2794,10669,5495,16163
294860708966,104,5194,188,15455,10670,5495,16164
294860720014,105,5231,109,8687,10671,5495,16165
294860730880,18,7422,80,3053,10671,5496,16166
294860742329,101,5558,57,3432,10672,5496,16167
294860753122,97,5804,157,15546,10673,5496,16168
294860764412,17,6825,58,2994,10673,5497,16169
294860775415,110,5546,144,8796,10674,5497,16170
294860786831,102,5348,159,16043,10675,5497,16171
294860797780,17,7209,58,3329,10675,5498,16172
294860808958,106,5247,82,3516,10676,5498,16173
294860820023,95,5612,148,8409,10677,5498,16174
294860830967,17,7198,58,3026,10677,5499,16175
294860842526,105,5245,79,5241,10678,5499,16176
294860853477,106,5420,387,36550,10679,5499,16177
294860864360,18,7488,87,4720,10679,5500,16178
294860875256,153,5911,75,3392,10680,5500,16179
294860886599,110,5009,173,16165,10681,5500,16180
294860897616,21,7479,60,3073,10681,5501,16181
294860908848,104,5343,100,8678,10682,5501,16182
294860920075,105,5361,166,16041,10683,5501,16183
294860931159,19,7219,60,3165,10683,5502,16184
294860942374,103,5607,107,9135,10684,5502,16185
294860953178,102,5713,187,16232,10685,5502,16186
294860964075,17,6865,59,3057,10685,5503,16187
294860975757,102,5815,100,8718,10686,5503,16188
294860986380,99,5453,80,3295,10687,5503,16189
294860997711,22,6860,55,2962,10687,5504,16190
294861008892,101,5259,217,15587,10688,5504,16191
294861019897,99,5772,111,8818,10689,5504,16192
294861031236,19,8383,115,2936,10689,5505,16193
294861042247,106,5333,156,16012,10690,5505,16194
294861053311,110,5696,61,3636,10691,5505,16195
294861064523,18,7112,59,3079,10691,5506,16196
294861075560,119,4923,126,8675,10692,5506,16197
294861086854,98,4833,169,16291,10693,5506,16198
294861097495,18,7417,67,3270,10693,5507,16199
294861108735,138,5734,105,9023,10694,5507,16200
294861119737,229,4801,73,3118,10695,5507,16201
294861131268,20,10191,62,2770,10695,5508,16202
294861142139,109,5470,179,17370,10696,5508,16203
294861153206,105,5679,112,9126,10697,5508,16204
294861164205,18,7229,60,2876,10697,5509,16205
294861175773,108,5445,181,13538,10698,5509,16206
294861186562,103,5812,101,8293,10699,5509,16207
294861197545,68,6977,108,3039,10699,5510,16208
294861208937,107,5428,166,16277,10700,5510,16209
294861219962,98,5713,127,8619,10701,5510,16210
294861231270,18,7218,59,3047,10701,5511,16211
294861242367,105,5215,55,3391,10702,5511,16212
294861253015,105,5669,159,15648,10703,5511,16213
294861264295,17,6992,61,3339,10703,5512,16214
294861275754,110,5310,60,2520,10704,5512,16215
294861286842,99,5460,337,34192,10705,5512,16216
294861297646,20,7455,157,4595,10705,5513,16217
294861308568,136,5816,66,3234,10706,5513,16218
294861320285,165,4835,209,8284,10707,5513,16219
294861330996,25,7779,65,2982,10707,5514,16220
294861342377,120,5709,161,15434,10708,5514,16221
294861353551,110,5216,103,8498,10709,5514,16222
294861364444,19,8037,87,2866,10709,5515,16223
294861375523,145,5440,93,5642,10710,5515,16224
294861386611,142,5159,335,36303,10711,5515,16225
294861397865,19,7299,77,4697,10711,5516,16226
294861409029,108,5137,124,9009,10712,5516,16227
294861419814,106,5915,215,13666,10713,5516,16228
294861431041,24,7040,60,2951,10713,5517,16229
294861442285,111,5214,101,8152,10714,5517,16230
294861453374,107,5551,157,14950,10715,5517,16231
294861464346,34,7384,65,3064,10715,5518,16232
294861475556,118,5321,107,8936,10716,5518,16233
294861486607,117,5383,51,2248,10717,5518,16234
294861497539,20,7134,42,1758,10717,5519,16235
294861509248,104,4888,334,43448,10718,5519,16236
294861519889,116,5343,139,11708,10719,5519,16237
294861531092,23,7107,81,3731,10719,5520,16238
294861542105,121,5752,228,16357,10720,5520,16239
294861553176,107,5400,63,3977,10721,5520,16240
294861564448,18,7052,142,3319,10721,5521,16241
294861575771,117,5961,198,8793,10722,5521,16242
294861586640,104,5071,187,16649,10723,5521,16243
294861597479,17,7482,67,3589,10723,5522,16244
294861608990,111,5146,105,9426,10724,5522,16245
294861619980,160,4805,127,3312,10725,5522,16246
294861631324,25,7368,88,3094,10725,5523,16247
294861642424,105,5089,164,16595,10726,5523,16248
294861653115,98,6005,83,3858,10727,5523,16249
294861664375,16,7058,92,3304,10727,5524,16250
294861675535,110,5605,57,3506,10728,5524,16251
294861686840,100,5386,106,8453,10729,5524,16252
294861697931,19,7058,69,3103,10729,5525,16253
294861709084,96,5428,496,16513,10730,5525,16254
294861720122,98,5559,101,8740,10731,5525,16255
294861730998,16,7029,55,2625,10731,5526,16256
294861742202,107,5102,86,5423,10732,5526,16257
294861753336,98,5568,331,36527,10733,5526,16258
294861764329,16,7181,77,4733,10733,5527,16259
294861775403,111,5530,104,9005,10734,5527,16260
294861786652,98,5203,180,14815,10735,5527,16261
294861797789,17,7367,60,3202,10735,5528,16262
294861809041,104,5691,53,3321,10736,5528,16263
294861820063,99,5156,99,8233,10737,5528,16264
294861830714,17,7464,80,2847,10737,5529,16265
294861842117,107,5299,155,15373,10738,5529,16266
294861853505,105,5186,129,8557,10739,5529,16267
294861864488,16,7467,77,2891,10739,5530,16268
294861875795,142,5524,68,3199,10740,5530,16269
294861886460,102,5473,185,16152,10741,5530,16270
294861897777,18,6521,55,3017,10741,5531,16271
294861909072,100,5339,58,3443,10742,5531,16272
294861920013,102,5292,55,3185,10743,5531,16273
294861931289,34,8261,143,2981,10743,5532,16274
294861942401,105,5195,96,8093,10744,5532,16275
294861953453,104,5720,193,15432,10745,5532,16276
294861964317,19,7288,47,1984,10745,5533,16277
294861975742,121,5118,324,32861,10746,5533,16278
294861986737,99,5050,123,11170,10747,5533,16279
294861997737,17,7147,58,3245,10747,5534,16280
294862008864,99,5964,183,15891,10748,5534,16281
294862020254,103,5137,101,9097,10749,5534,16282
294862031032,16,7598,61,3059,10749,5535,16283
294862042173,109,5297,165,16184,10750,5535,16284
294862053454,113,5398,62,3546,10751,5535,16285
294862064530,17,7285,69,3133,10751,5536,16286
294862075235,108,5545,101,8671,10752,5536,16287
294862086566,109,5608,174,16535,10753,5536,16288
294862097741,18,7023,57,3163,10753,5537,16289
294862108890,109,5304,103,8968,10754,5537,16290
294862119836,132,5256,72,3329,10755,5537,16291
294862130788,26,7027,65,2981,10755,5538,16292
294862142005,115,5316,88,4375,10756,5538,16293
294862153043,114,5700,193,16215,10757,5538,16294
294862164690,24,8264,60,3367,10757,5539,16295
294862175731,115,5511,59,3645,10758,5539,16296
294862186681,104,5543,100,7980,10759,5539,16297
294862197787,17,7202,53,2303,10759,5540,16298
294862208845,100,5570,215,22515,10760,5540,16299
294862219962,103,5136,52,3271,10761,5540,16300
294862231207,17,7514,54,2588,10761,5541,16301
294862242391,98,5461,55,2804,10762,5541,16302
294862253377,112,5242,182,15233,10763,5541,16303
294862264152,20,7330,76,2798,10763,5542,16304
294862275545,110,5441,101,8575,10764,5542,16305
294862286426,100,4983,178,15839,10765,5542,16306
294862297869,18,7492,57,3147,10765,5543,16307
294862308522,99,5663,78,3349,10766,5543,16308
294862319854,107,5544,100,8085,10767,5543,16309
294862331225,36,7083,70,2574,10767,5544,16310
294862342295,183,5051,245,16078,10768,5544,16311
294862353204,113,5590,135,8301,10769,5544,16312
294862364545,21,7174,70,2747,10769,5545,16313
294862375592,143,5633,198,14107,10770,5545,16314
294862386348,113,5445,133,9208,10771,5545,16315
294862397456,19,7291,59,2601,10771,5546,16316
294862408695,112,5204,151,14990,10772,5546,16317
294862419801,107,4990,480,33126,10773,5546,16318
294862430664,18,7845,75,4918,10773,5547,16319
294862442354,110,5421,59,3940,10774,5547,16320
294862452949,127,4817,107,8629,10775,5547,16321
294862464459,20,7250,58,2872,10775,5548,16322
294862475579,108,5862,59,3273,10776,5548,16323
294862486582,113,8086,54,2947,10777,5548,16324
294862497663,18,7394,61,2757,10777,5549,16325
294862508826,111,5519,182,15322,10778,5549,16326
294862520115,105,5310,104,8848,10779,5549,16327
294862531150,17,7386,74,2922,10779,5550,16328
294862542350,107,5272,167,16085,10780,5550,16329
294862553320,112,5925,87,3511,10781,5550,16330
294862564676,20,7098,59,2991,10781,5551,16331
294862575727,167,5433,120,8324,10782,5551,16332
294862586855,99,5763,169,16462,10783,5551,16333
294862597745,17,7156,102,3336,10783,5552,16334
294862608800,115,5470,103,9112,10784,5552,16335
294862619913,209,5327,85,5569,10785,5552,16336
294862630817,21,7283,53,1791,10785,5553,16337
294862642092,110,5184,41,1708,10786,5553,16338
294862653317,106,5597,46,1705,10787,5553,16339
294862664534,22,7377,51,1706,10787,5554,16340
294862675526,127,5534,341,34242,10788,5554,16341
294862686814,114,5285,164,4675,10789,5554,16342
294862697739,19,7373,68,3078,10789,5555,16343
294862708956,122,5909,134,2915,10790,5555,16344
294862719782,105,5357,104,8310,10791,5555,16345
294862730848,17,7509,57,2817,10791,5556,16346
294862742144,107,5184,59,3237,10792,5556,16347
294862752898,205,5607,157,14631,10793,5556,16348
294862764374,20,7207,83,2885,10793,5557,16349
294862775679,112,5799,109,8759,10794,5557,16350
294862786849,124,5516,165,15923,10795,5557,16351
294862797980,21,7052,82,3006,10795,5558,16352
294862809077,110,5481,132,3222,10796,5558,16353
294862819885,106,5484,106,8315,10797,5558,16354
294862830981,36,8527,104,2846,10797,5559,16355
294862842092,119,5204,157,16010,10798,5559,16356
294862853059,155,5676,115,8446,10799,5559,16357
294862864332,19,7347,78,2897,10799,5560,16358
294862875234,135,5413,85,5389,10800,5560,16359
294862886496,115,5759,47,1777,10801,5560,16360
294862897990,25,7282,49,1706,10801,5561,16361
294862908644,112,5183,328,36335,10802,5561,16362
294862919607,270,4860,191,17594,10803,5561,16363
294862930682,22,7296,66,3492,10803,5562,16364
294862941910,121,5719,67,3480,10804,5562,16365
294862952980,174,4871,65,3038,10805,5562,16366
294862964453,25,7302,68,2922,10805,5563,16367
294862975618,150,5343,107,8681,10806,5563,16368
294862986715,118,4953,59,2931,10807,5563,16369
294862997739,23,14035,70,2740,10807,5564,16370
294863023097,145,8959,62,3399,10808,5564,16371
294863034409,114,12408,203,15825,10809,5564,16372
294863058535,210,15355,90,3442,10810,5564,16373
294863085385,238,11495,67,3084,10811,5564,16374
294863108329,286,18114,130,8566,10812,5564,16375
294863137943,189,10350,93,5530,10813,5564,16376
294863149384,20,14647,62,1866,10813,5565,16377
294863176410,154,14733,60,1776,10814,5565,16378
294863202815,125,5639,320,33929,10815,5565,16379
294863213955,21,7362,89,4613,10815,5566,16380
294863225137,160,10941,120,9116,10816,5566,16381
294863247624,141,8815,68,3124,10817,5566,16382
294863258890,121,5435,178,15070,10818,5566,16383
294863270231,155,5707,116,8664,10819,5566,16384
294863280931,20,7157,58,2884,10819,5567,16385
294863292512,148,5681,162,15696,10820,5567,16386
294863303522,99,5658,59,3458,10821,5567,16387
294863314605,18,6931,78,2879,10821,5568,16388
294863325573,112,9755,109,8213,10822,5568,16389
294863336703,104,5584,160,15980,10823,5568,16390
294863347760,26,6936,117,3132,10823,5569,16391
294863358972,174,5127,141,8954,10824,5569,16392
294863369941,149,5459,203,15139,10825,5569,16393
294863381356,28,8262,66,3243,10825,5570,16394
294863392465,123,5213,103,8135,10826,5570,16395
294863403175,147,4951,75,4780,10827,5570,16396
294863414812,19,7241,47,1833,10827,5571,16397
294863425313,107,9833,337,34391,10828,5571,16398
294863436890,110,5209,104,4722,10829,5571,16399
294863447886,25,8991,69,3125,10829,5572,16400
294863458650,124,5782,286,2973,10830,5572,16401
294863469682,168,5761,134,8483,10831,5572,16402
294863481241,18,7440,84,2737,10831,5573,16403
294863492299,109,5425,52,3038,10832,5573,16404
294863503242,101,5271,170,14866,10833,5573,16405
294863514405,18,6930,52,3004,10833,5574,16406
294863525687,98,5214,99,8887,10834,5574,16407
294863536437,95,5916,162,16061,10835,5574,16408
294863547957,22,6663,108,3242,10835,5575,16409
294863558821,103,5414,74,3592,10836,5575,16410
294863569805,103,5843,408,8677,10837,5575,16411
294863580870,22,7029,74,2812,10837,5576,16412
294863592068,102,5277,162,16212,10838,5576,16413
294863603385,97,5875,103,8613,10839,5576,16414
294863614683,22,7401,83,2946,10839,5577,16415
294863625641,135,9503,82,5556,10840,5577,16416
294863636654,105,5680,39,1853,10841,5577,16417
294863647481,17,6850,44,1800,10841,5578,16418
294863658677,266,5582,336,36207,10842,5578,16419
294863670187,102,5144,183,17637,10843,5578,16420
294863680881,18,7360,62,3526,10843,5579,16421
294863692017,103,5619,58,3530,10844,5579,16422
294863703345,111,5155,58,3130,10845,5579,16423
294863714403,19,6987,65,2930,10845,5580,16424
294863725308,109,5391,104,8776,10846,5580,16425
294863736793,100,5654,74,3085,10847,5580,16426
294863747721,43,7234,83,2824,10847,5581,16427
294863758806,187,5535,155,15410,10848,5581,16428
294863769836,95,5790,122,8936,10849,5581,16429
294863781255,17,7971,56,2891,10849,5582,16430
294863792161,214,5522,161,15969,10850,5582,16431
294863803344,95,5767,58,3700,10851,5582,16432
294863814427,19,7163,58,3040,10851,5583,16433
294863825566,125,9706,105,8665,10852,5583,16434
294863836735,98,5841,166,16565,10853,5583,16435
294863847805,17,8133,59,3080,10853,5584,16436
294863858903,111,5328,99,8649,10854,5584,16437
294863869606,176,5731,90,5515,10855,5584,16438
294863881182,20,7492,75,1840,10855,5585,16439
294863892321,116,5686,331,36089,10856,5585,16440
294863903342,99,5087,133,10622,10857,5585,16441
294863914055,19,7347,66,3247,10857,5586,16442
294863925828,122,8873,371,14863,10858,5586,16443
294863936700,108,5211,99,8304,10859,5586,16444
294863947576,19,7243,55,2827,10859,5587,16445
294863958838,118,5477,184,15579,10860,5587,16446
294863970029,129,5997,119,8570,10861,5587,16447
294863981195,18,7099,54,2861,10861,5588,16448
294863992233,101,5541,52,3213,10862,5588,16449
294864003338,96,5420,263,15441,10863,5588,16450
294864014461,19,6712,84,3151,10863,5589,16451
294864025461,105,9556,128,8960,10864,5589,16452
294864036758,105,5702,180,16094,10865,5589,16453
294864047578,16,7258,55,3212,10865,5590,16454
294864058850,127,5208,71,3412,10866,5590,16455
294864069855,93,5416,50,2323,10867,5590,16456
294864081356,17,7164,47,1668,10867,5591,16457
294864092442,125,4989,322,33051,10868,5591,16458
294864103450,99,5141,153,10453,10869,5591,16459
294864114402,19,7546,72,3089,10869,5592,16460
294864125716,157,9346,61,3162,10870,5592,16461
294864136722,107,5304,158,15542,10871,5592,16462
294864147904,18,10611,61,2911,10871,5593,16463
294864169914,193,5004,65,3239,10872,5593,16464
294864181202,23,7421,63,2906,10872,5594,16465
294864192316,167,5329,112,8899,10873,5594,16466
294864203159,127,5639,226,16247,10874,5594,16467
294864214686,47,8191,64,3034,10874,5595,16468
294864225398,108,4989,112,8742,10875,5595,16469
294864236710,99,5590,55,2948,10876,5595,16470
294864247815,17,6487,51,2721,10876,5596,16471
294864258765,98,5387,156,15352,10877,5596,16472
294864270128,102,5155,102,8797,10878,5596,16473
294864281324,18,8346,110,2832,10878,5597,16474
294864292339,103,5273,166,15835,10879,5597,16475
294864303668,96,5330,48,2599,10880,5597,16476
294864314434,17,7011,45,1752,10880,5598,16477
294864325667,105,8879,458,35804,10881,5598,16478
294864336587,196,5309,270,18323,10882,5598,16479
294864347726,19,7510,68,3440,10882,5599,16480
294864358654,118,6112,103,8653,10883,5599,16481
294864369833,185,4642,62,3339,10884,5599,16482
294864380974,26,7501,94,2983,10884,5600,16483
294864392067,108,5507,160,16016,10885,5600,16484
294864403541,104,5218,146,8772,10886,5600,16485
294864414325,17,7180,71,2935,10886,5601,16486
294864425660,108,6731,191,13326,10887,5601,16487
294864436953,102,5816,104,8267,10888,5601,16488
294864447938,19,6929,55,2910,10888,5602,16489
294864458805,102,5373,161,16053,10889,5602,16490
294864469684,168,5626,102,8716,10890,5602,16491
294864480920,18,8483,113,2856,10890,5603,16492
294864492147,107,5240,52,3158,10891,5603,16493
294864503262,96,5512,187,15619,10892,5603,16494
294864514567,17,8005,57,3151,10892,5604,16495
294864525699,104,8641,64,3868,10893,5604,16496
294864536995,97,5678,352,36363,10894,5604,16497
294864547820,17,7270,81,4694,10894,5605,16498
294864559250,114,5070,54,3376,10895,5605,16499
294864569903,186,4944,48,2372,10896,5605,16500
294864581377,38,8642,67,1637,10896,5606,16501
294864592161,120,6059,324,33294,10897,5606,16502
294864603650,101,5187,125,10353,10898,5606,16503
294864614434,17,8209,76,3215,10898,5607,16504
294864625652,143,7185,58,3369,10899,5607,16505
294864636769,108,5453,159,15467,10900,5607,16506
294864648103,18,7990,55,2964,10900,5608,16507
294864659013,98,5161,102,8792,10901,5608,16508
294864670124,96,5464,145,13887,10902,5608,16509
294864681188,19,6790,57,2924,10902,5609,16510
294864692192,102,5697,98,8226,10903,5609,16511
294864703511,99,5522,191,16328,10904,5609,16512
294864714253,17,6890,58,3088,10904,5610,16513
294864725407,103,6947,167,8864,10905,5610,16514
294864737493,98,5645,57,3112,10906,5610,16515
294864748137,17,8222,68,2825,10906,5611,16516
294864759109,138,4917,122,6084,10907,5611,16517
294864769931,117,4990,58,1741,10908,5611,16518
294864781083,21,7318,54,1700,10908,5612,16519
294864792212,135,5281,339,33901,10909,5612,16520
294864803498,131,5088,96,4669,10910,5612,16521
294864814225,25,7057,68,3057,10910,5613,16522
294864825800,1379,5214,196,8151,10911,5613,16523
294864836889,117,5322,163,15414,10912,5613,16524
294864847734,20,7333,58,3065,10912,5614,16525
294864858766,104,5218,101,8525,10913,5614,16526
294864870029,237,5046,81,5569,10914,5614,16527
294864881632,26,8068,50,1779,10914,5615,16528
294864892206,107,5441,343,36457,10915,5615,16529
294864903322,99,5754,124,10635,10916,5615,16530
294864914364,18,6762,57,3173,10916,5616,16531
294864925591,112,5155,138,13083,10917,5616,16532
294864936632,115,5469,137,8161,10918,5616,16533
294864947734,21,6802,54,2845,10918,5617,16534
294864958746,134,4957,152,14750,10919,5617,16535
294864969919,118,5170,102,8491,10920,5617,16536
294864980946,20,8126,63,2836,10920,5618,16537
294864992275,235,5025,56,3170,10921,5618,16538
294865003172,109,5541,156,14379,10922,5618,16539
294865014254,36,7003,72,2004,10922,5619,16540
294865025922,125,4857,48,2280,10923,5619,16541
294865036809,150,5533,59,1695,10924,5619,16542
294865047879,19,7340,50,1696,10924,5620,16543
294865058996,112,5483,393,34592,10925,5620,16544
294865070273,103,5373,167,10122,10926,5620,16545
294865081148,16,7244,59,3263,10926,5621,16546
294865092262,105,5682,175,15721,10927,5621,16547
294865103426,106,5085,112,8504,10928,5621,16548
294865114762,18,9484,85,2993,10928,5622,16549
294865125809,134,5468,53,3354,10929,5622,16550
294865136693,121,5633,227,15926,10930,5622,16551
294865147714,19,7347,58,3004,10930,5623,16552
294865158995,110,5259,134,8725,10931,5623,16553
294865170044,118,5721,160,13971,10932,5623,16554
294865181241,18,6896,59,3109,10932,5624,16555
294865192408,105,5184,119,8417,10933,5624,16556
294865202976,100,5748,170,16369,10934,5624,16557
294865214663,28,8220,72,3391,10934,5625,16558
294865225743,129,7773,131,9254,10935,5625,16559
294865237168,152,5596,137,5767,10936,5625,16560
294865247650,30,7377,58,1918,10936,5626,16561
294865259150,143,5251,353,36585,10937,5626,16562
294865270211,137,4936,56,2418,10938,5626,16563
294865281013,28,7512,48,1679,10938,5627,16564
294865292362,104,5921,325,33854,10939,5627,16565
294865303191,97,5050,73,4629,10940,5627,16566
294865314546,19,8970,61,3066,10940,5628,16567
294865325643,115,5991,155,8216,10941,5628,16568
294865336569,104,5116,156,15451,10942,5628,16569
294865347692,17,7233,55,3130,10942,5629,16570
294865358802,103,5444,101,8609,10943,5629,16571
294865369934,323,5724,110,5747,10944,5629,16572
294865381031,20,6904,62,1855,10944,5630,16573
294865391978,107,5577,355,36383,10945,5630,16574
294865403313,151,5558,100,5724,10946,5630,16575
294865414284,24,7033,61,3158,10946,5631,16576
294865425440,118,8654,68,2992,10947,5631,16577
294865436711,116,5588,111,8290,10948,5631,16578
294865447851,18,8237,53,2885,10948,5632,16579
294865459057,103,5454,154,15188,10949,5632,16580
294865469825,104,4923,138,2394,10950,5632,16581
294865481671,24,8590,48,1744,10950,5633,16582
294865492207,100,5828,395,36096,10951,5633,16583
294865503214,95,5265,173,17369,10952,5633,16584
294865514240,34,7695,84,3349,10952,5634,16585
294865525439,133,6910,103,8639,10953,5634,16586
294865536585,98,5299,160,15870,10954,5634,16587
294865547686,21,7177,68,3045,10954,5635,16588
294865558951,133,5379,72,3340,10955,5635,16589
294865570021,135,5253,130,8297,10956,5635,16590
294865581387,21,8061,67,2814,10956,5636,16591
294865592232,137,5076,168,16223,10957,5636,16592
294865602998,124,5782,126,8535,10958,5636,16593
294865615125,33,9344,78,2898,10958,5637,16594
294865626337,201,5369,77,3257,10959,5637,16595
294865636656,165,5585,79,4059,10960,5637,16596
294865647739,30,7043,74,2895,10960,5638,16597
294865658844,178,4960,174,15773,10961,5638,16598
294865669919,157,5646,79,3613,10962,5638,16599
294865681165,31,7191,86,3096,10962,5639,16600
294865692285,163,5192,108,7615,10963,5639,16601
294865703269,148,5371,100,5930,10964,5639,16602
294865714117,29,7074,66,1782,10964,5640,16603
294865725803,165,6326,354,33530,10965,5640,16604
294865736865,156,5358,138,10906,10966,5640,16605
294865747822,33,7186,76,3315,10966,5641,16606
294865758720,180,5669,168,15170,10967,5641,16607
294865769864,167,5096,129,8674,10968,5641,16608
294865781129,32,7153,74,2920,10968,5642,16609
294865792229,190,4950,179,15845,10969,5642,16610
294865803050,160,5030,85,3524,10970,5642,16611
294865814602,33,8027,78,2978,10970,5643,16612
294865825451,181,6126,213,8461,10971,5643,16613
294865837393,345,5335,286,16247,10972,5643,16614
294865847613,31,6985,81,3235,10972,5644,16615
294865859155,181,5504,128,8786,10973,5644,16616
294865869714,167,5371,100,5467,10974,5644,16617
294865881240,34,6947,65,1764,10974,5645,16618
294865892303,170,5245,374,36137,10975,5645,16619
294865903328,167,5477,204,17571,10976,5645,16620
294865914417,34,8214,87,3541,10976,5646,16621
294865925411,170,5013,69,2439,10977,5646,16622
294865936418,164,5566,62,2146,10978,5646,16623
294865947640,40,7009,63,1628,10978,5647,16624
294865959195,183,5368,404,35863,10979,5647,16625
294865969879,156,4972,101,5370,10980,5647,16626
294865980834,34,7128,62,1717,10980,5648,16627
294865992309,179,10956,362,36069,10981,5648,16628
294866015255,322,16146,221,17297,10982,5648,16629
294866043133,196,15734,86,3882,10983,5648,16630
294866070225,172,11538,127,8034,10984,5648,16631
294866093345,178,16488,192,16079,10985,5648,16632
294866121253,170,10510,126,8131,10986,5648,16633
294866132850,147,14305,192,16593,10987,5648,16634
294866158996,174,15394,85,3615,10988,5648,16635
294866186235,180,13229,526,2296,10989,5648,16636
294866211304,211,7860,378,36095,10990,5648,16637
294866222419,163,4858,105,6553,10991,5648,16638
294866233526,158,6609,76,3341,10992,5648,16639
294866244622,29,8648,75,2864,10992,5649,16640
294866255326,174,5259,183,15360,10993,5649,16641
294866267434,144,6899,128,8811,10994,5649,16642
294866277704,32,4674,71,2894,10994,5650,16643
294866289036,180,5178,199,15982,10995,5650,16644
294866299997,150,6660,80,3460,10996,5650,16645
294866310962,34,7251,132,2999,10996,5651,16646
294866322113,171,4907,116,8606,10997,5651,16647
294866333023,143,7042,189,16350,10998,5651,16648
294866344697,33,8546,75,3096,10998,5652,16649
294866355742,162,5170,121,8837,10999,5652,16650
294866366765,181,7001,77,3175,11000,5652,16651
294866377601,32,4751,67,2819,11000,5653,16652
294866389014,214,4796,102,3883,11001,5653,16653
294866399744,178,6923,187,15981,11002,5653,16654
294866410857,30,6411,74,3225,11002,5654,16655
294866422225,141,5245,65,3509,11003,5654,16656
294866432986,122,7167,59,2354,11004,5654,16657
294866444655,19,8677,48,1705,11004,5655,16658
294866455328,109,5601,341,35770,11005,5655,16659
294866467315,210,6286,82,6443,11006,5655,16660
294866477780,17,4421,52,3116,11006,5656,16661
294866488718,113,5192,54,3092,11007,5656,16662
294866500223,110,6619,182,15297,11008,5656,16663
294866510981,19,7387,60,3078,11008,5657,16664
294866522434,129,5263,102,8671,11009,5657,16665
294866533055,358,7161,176,16068,11010,5657,16666
294866544472,19,8704,66,3195,11010,5658,16667
294866555657,118,5157,60,3491,11011,5658,16668
294866566623,101,7262,131,8332,11012,5658,16669
294866577799,19,5797,71,2781,11012,5659,16670
294866588752,108,5754,270,16178,11013,5659,16671
294866600225,112,6350,92,7556,11014,5659,16672
294866611148,19,6829,76,1856,11014,5660,16673
294866622381,144,5798,333,32695,11015,5660,16674
294866633104,251,6876,184,17783,11016,5660,16675
294866644788,21,8613,84,3653,11016,5661,16676
294866655429,114,5466,98,9151,11017,5661,16677
294866666625,114,7109,192,16007,11018,5661,16678
294866677670,19,4624,53,3367,11018,5662,16679
294866688832,106,5147,59,3584,11019,5662,16680
294866699793,257,6976,73,3373,11020,5662,16681
294866711137,23,6739,60,3036,11020,5663,16682
294866722180,114,5383,143,8883,11021,5663,16683
294866733254,193,6802,67,3198,11022,5663,16684
294866744596,20,4812,81,2975,11022,5664,16685
294866755770,120,5398,164,15509,11023,5664,16686
294866766507,142,7001,115,8989,11024,5664,16687
294866777508,20,4847,53,3086,11024,5665,16688
294866788729,134,5480,178,15960,11025,5665,16689
294866800213,112,6731,61,3546,11026,5665,16690
294866811393,23,7111,64,3042,11026,5666,16691
294866822422,105,5542,104,8724,11027,5666,16692
294866833421,106,6706,166,15552,11028,5666,16693
294866844346,19,8566,58,2298,11028,5667,16694
294866855611,117,5692,47,2001,11029,5667,16695
294866867038,259,7146,438,36176,11030,5667,16696
294866877612,22,4459,68,4691,11030,5668,16697
294866889225,250,5257,169,16296,11031,5668,16698
294866899877,164,7158,127,8844,11032,5668,16699
294866910900,20,5010,55,2927,11032,5669,16700
294866922466,117,5101,162,15994,11033,5669,16701
294866933468,113,6957,108,8328,11034,5669,16702
294866944738,18,8562,63,2985,11034,5670,16703
294866955293,110,5391,191,16272,11035,5670,16704
294866966369,171,8761,106,8796,11036,5670,16705
294866977664,19,4616,61,2863,11036,5671,16706
294866988773,112,5346,55,3163,11037,5671,16707
294866999880,105,6356,176,15486,11038,5671,16708
294867011052,18,7130,60,3352,11038,5672,16709
294867022326,136,5125,122,8970,11039,5672,16710
294867033052,107,6802,194,16182,11040,5672,16711
294867044546,20,8283,65,3201,11040,5673,16712
294867055620,115,5811,74,3470,11041,5673,16713
294867066691,167,7633,100,7750,11042,5673,16714
294867077840,20,4968,52,2378,11042,5674,16715
294867089082,121,5530,139,5640,11043,5674,16716
294867100162,117,6954,337,36217,11044,5674,16717
294867111237,21,6898,90,4659,11044,5675,16718
294867122057,275,4786,96,3400,11045,5675,16719
294867133602,212,6413,172,16157,11046,5675,16720
294867144623,18,8502,86,3055,11046,5676,16721
294867155674,157,5249,102,8603,11047,5676,16722
294867166878,123,6553,167,16001,11048,5676,16723
294867177768,23,4675,61,3097,11048,5677,16724
294867189048,125,5162,114,9085,11049,5677,16725
294867199692,251,7449,182,16242,11050,5677,16726
294867211259,23,7312,87,3086,11050,5678,16727
294867222490,113,5247,102,8758,11051,5678,16728
294867233391,173,6615,55,3180,11052,5678,16729
294867244699,19,8239,58,2878,11052,5679,16730
294867255834,110,5371,173,15497,11053,5679,16731
294867266878,106,7606,139,8836,11054,5679,16732
294867278026,22,6560,61,2933,11054,5680,16733
294867288842,129,5796,369,16014,11055,5680,16734
294867299873,110,6730,63,3642,11056,5680,16735
294867310898,19,6759,56,3005,11056,5681,16736
294867322237,101,5643,99,8209,11057,5681,16737
294867333447,104,7014,137,6003,11058,5681,16738
294867344481,22,8308,46,1803,11058,5682,16739
294867355765,108,5532,341,36480,11059,5682,16740
294867366469,281,7597,82,4968,11060,5682,16741
294867378080,25,6537,87,3146,11060,5683,16742
294867389064,172,5393,165,16083,11061,5683,16743
294867399992,128,6889,158,8769,11062,5683,16744
294867411042,18,4526,50,2797,11062,5684,16745
294867422021,103,5381,169,15747,11063,5684,16746
294867433454,117,6633,126,8064,11064,5684,16747
294867444823,24,7490,62,2939,11064,5685,16748
294867455845,118,5352,169,16278,11065,5685,16749
294867466512,169,7150,111,8649,11066,5685,16750
294867477897,21,6128,60,2983,11066,5686,16751
294867488643,115,5004,72,3299,11067,5686,16752
294867499855,97,6238,164,15583,11068,5686,16753
294867511010,17,7125,53,3156,11068,5687,16754
294867522351,110,5369,101,9111,11069,5687,16755
294867533319,101,6845,252,16080,11070,5687,16756
294867544288,18,8247,55,3332,11070,5688,16757
294867555300,101,5609,48,2852,11071,5688,16758
294867566752,114,6984,329,36286,11072,5688,16759
294867577876,17,6767,71,4810,11072,5689,16760
294867589142,98,5328,163,16769,11073,5689,16761
294867599805,98,7248,105,8659,11074,5689,16762
294867610929,21,5018,56,2867,11074,5690,16763
294867622562,190,5459,94,5503,11075,5690,16764
294867633553,189,7191,356,36535,11076,5690,16765
294867644302,29,8295,93,4755,11076,5691,16766
294867655327,161,5151,118,8995,11077,5691,16767
294867666396,146,7770,162,13635,11078,5691,16768
294867677879,31,7147,137,2977,11078,5692,16769
294867688961,166,5149,115,8207,11079,5692,16770
294867700314,172,5572,173,15081,11080,5692,16771
294867711353,29,7294,77,3085,11080,5693,16772
294867722206,156,5003,122,8971,11081,5693,16773
294867732986,159,6998,87,3123,11082,5693,16774
294867744221,33,8031,88,2850,11082,5694,16775
294867755387,179,5430,174,15219,11083,5694,16776
294867766515,146,7238,117,8865,11084,5694,16777
294867777607,29,7076,75,2948,11084,5695,16778
294867789132,180,5580,183,15850,11085,5695,16779
294867799726,152,6224,75,2787,11086,5695,16780
294867811066,31,6990,69,2040,11086,5696,16781
294867822366,160,5371,65,2043,11087,5696,16782
294867833411,144,6573,335,33595,11088,5696,16783
294867844301,30,8439,87,4545,11088,5697,16784
294867855629,172,5388,120,8939,11089,5697,16785
294867866875,211,7157,77,3299,11090,5697,16786
294867877926,33,5041,119,2914,11090,5698,16787
294867888708,169,5379,219,15214,11091,5698,16788
294867900447,173,6476,124,8702,11092,5698,16789
294867911193,30,6187,73,2777,11092,5699,16790
294867922166,172,5123,183,15708,11093,5699,16791
294867933106,142,7186,122,8089,11094,5699,16792
294867944291,32,8021,76,2891,11094,5700,16793
294867955638,167,4966,181,16215,11095,5700,16794
294867966360,223,7671,127,8699,11096,5700,16795
294867977942,31,6408,76,2777,11096,5701,16796
294867988951,167,5190,73,3088,11097,5701,16797
294867999922,157,6611,184,15628,11098,5701,16798
294868010952,32,6617,76,3136,11098,5702,16799
294868022243,167,5783,123,8718,11099,5702,16800
294868033224,197,6843,101,4858,11100,5702,16801
294868044342,31,8134,65,1769,11100,5703,16802
294868055675,164,5552,61,1730,11101,5703,16803
294868067148,154,6879,352,36010,11102,5703,16804
294868077661,32,4949,111,4782,11102,5704,16805
294868089054,178,5432,197,16731,11103,5704,16806
294868100245,178,6931,128,8569,11104,5704,16807
294868111254,33,4669,102,2938,11104,5705,16808
294868122390,191,5100,141,3265,11105,5705,16809
294868133207,149,6852,188,16083,11106,5705,16810
294868144556,32,7519,78,2990,11106,5706,16811
294868155609,165,5244,119,8708,11107,5706,16812
294868166808,144,6532,171,14027,11108,5706,16813
294868177753,35,5792,75,2953,11108,5707,16814
294868188910,165,5013,125,8451,11109,5707,16815
294868199898,187,6855,187,16210,11110,5707,16816
294868210937,28,6978,75,3320,11110,5708,16817
294868222068,165,4921,123,9035,11111,5708,16818
294868233072,170,6833,78,3191,11112,5708,16819
294868244299,33,6905,137,2900,11112,5709,16820
294868255412,167,5815,177,15630,11113,5709,16821
294868266452,250,7658,127,8861,11114,5709,16822
294868278146,33,6599,103,2877,11114,5710,16823
294868289100,172,5994,181,15154,11115,5710,16824
294868299772,153,6900,68,2327,11116,5710,16825
294868310971,31,5276,62,1711,11116,5711,16826
294868322089,170,5506,384,36218,11117,5711,16827
294868333240,166,7784,97,5698,11118,5711,16828
294868344510,30,8101,62,1709,11118,5712,16829
294868355497,170,5452,375,36370,11119,5712,16830
294868366825,171,7872,178,4944,11120,5712,16831
294868377714,32,4672,68,3115,11120,5713,16832
294868388786,174,5039,185,16074,11121,5713,16833
294868400112,206,13634,125,8510,11122,5713,16834
294868425214,189,17473,171,13867,11123,5713,16835
294868454284,166,8723,75,3106,11124,5713,16836
294868465595,28,14762,84,2961,11124,5714,16837
294868491732,180,15171,143,9203,11125,5714,16838
294868518260,177,12998,98,5517,11126,5714,16839
294868542926,170,14599,84,3497,11127,5714,16840
294868569153,153,11987,76,2410,11128,5714,16841
294868592430,178,11177,355,33608,11129,5714,16842
294868615389,378,8318,146,10387,11130,5714,16843
294868626434,44,5341,77,3112,11130,5715,16844
294868637535,162,4780,184,15208,11131,5715,16845
294868648481,30,8592,77,2862,11131,5716,16846
294868659563,185,5841,131,8518,11132,5716,16847
294868670576,183,5077,188,15482,11133,5716,16848
294868681933,37,7500,83,2983,11133,5717,16849
294868693045,183,5240,132,8923,11134,5717,16850
294868704197,173,4908,197,16017,11135,5717,16851
294868715303,34,7554,82,2993,11135,5718,16852
294868726424,177,5241,145,8519,11136,5718,16853
294868737486,169,5180,62,3056,11137,5718,16854
294868748579,27,7572,72,2784,11137,5719,16855
294868759803,214,5151,171,15532,11138,5719,16856
294868770856,132,5643,118,8909,11139,5719,16857
294868782045,27,7161,67,2797,11139,5720,16858
294868793026,169,5430,182,15879,11140,5720,16859
294868804106,135,8082,73,3475,11141,5720,16860
294868815130,23,7849,106,2979,11141,5721,16861
294868826518,137,5103,102,7993,11142,5721,16862
294868837135,128,5487,86,5826,11143,5721,16863
294868848492,24,8243,62,1801,11143,5722,16864
294868859641,126,5522,378,36422,11144,5722,16865
294868870676,137,5871,83,4587,11145,5722,16866
294868882026,19,8152,59,1653,11145,5723,16867
294868893182,193,4830,380,36042,11146,5723,16868
294868904135,214,7907,137,10332,11147,5723,16869
294868915303,21,8238,59,3153,11147,5724,16870
294868926440,136,5979,156,14595,11148,5724,16871
294868937657,123,5103,99,8154,11149,5724,16872
294868948589,20,7658,63,2882,11149,5725,16873
294868959871,107,5184,176,15380,11150,5725,16874
294868970607,103,5140,105,8508,11151,5725,16875
294868981800,19,7724,56,2893,11151,5726,16876
294868992934,100,5485,70,3277,11152,5726,16877
294869004007,103,8016,159,15427,11153,5726,16878
294869015238,19,7850,58,3138,11153,5727,16879
294869026622,102,5597,141,8982,11154,5727,16880
294869037736,99,5949,176,15977,11155,5727,16881
294869048459,17,7409,78,3225,11155,5728,16882
294869059855,105,5168,56,3517,11156,5728,16883
294869070907,159,5477,50,2316,11157,5728,16884
294869081919,17,7898,43,1674,11157,5729,16885
294869092925,111,5223,40,1674,11158,5729,16886
294869104260,101,8011,491,35942,11159,5729,16887
294869115220,19,8913,89,4631,11159,5730,16888
294869127322,152,7347,66,3363,11160,5730,16889
294869137218,115,5050,165,16150,11161,5730,16890
294869148553,19,8345,97,3125,11161,5731,16891
294869160022,121,5104,101,8751,11162,5731,16892
294869170479,100,5109,164,16099,11163,5731,16893
294869182120,24,7858,61,3057,11163,5732,16894
294869193199,106,5628,184,8979,11164,5732,16895
294869204162,101,4961,161,16276,11165,5732,16896
294869215187,18,7916,58,2902,11165,5733,16897
294869226648,110,5672,486,8605,11166,5733,16898
294869237624,117,5825,54,3204,11167,5733,16899
294869248595,21,7663,66,2938,11167,5734,16900
294869259518,117,5154,374,15382,11168,5734,16901
294869270756,130,5663,176,8983,11169,5734,16902
294869281844,23,7817,63,2941,11169,5735,16903
294869292898,138,5079,163,15887,11170,5735,16904
294869304046,118,7918,55,2603,11171,5735,16905
294869315368,26,7541,50,1943,11171,5736,16906
294869326828,114,4887,47,2020,11172,5736,16907
294869337269,156,5208,389,33517,11173,5736,16908
294869348538,21,8258,108,4553,11173,5737,16909
294869359736,314,4843,135,8942,11174,5737,16910
294869370555,148,5464,89,5451,11175,5737,16911
294869381837,19,8407,48,1796,11175,5738,16912
294869393210,138,5091,392,36545,11176,5738,16913
294869404027,157,8005,121,10617,11177,5738,16914
294869415447,21,8240,59,3161,11177,5739,16915
294869426707,101,7738,154,14780,11178,5739,16916
294869437785,103,5080,120,8282,11179,5739,16917
294869448616,17,7536,79,2810,11179,5740,16918
294869459673,97,5090,278,15439,11180,5740,16919
294869470665,105,5171,101,8364,11181,5740,16920
294869481748,19,7893,77,2898,11181,5741,16921
294869492847,103,5488,101,3207,11182,5741,16922
294869504169,96,7835,155,15382,11183,5741,16923
294869515256,18,7707,60,3149,11183,5742,16924
294869526295,108,5482,102,8948,11184,5742,16925
294869537566,99,5810,167,16001,11185,5742,16926
294869548480,18,7257,52,3136,11185,5743,16927
294869559788,101,5181,56,3448,11186,5743,16928
294869571016,96,5889,99,8189,11187,5743,16929
294869582099,16,7804,63,2936,11187,5744,16930
294869593235,114,5437,75,5093,11188,5744,16931
294869604083,99,8362,333,36208,11189,5744,16932
294869616494,260,7117,87,4456,11190,5744,16933
294869626591,34,4472,51,1691,11190,5745,16934
294869637551,167,5560,524,36347,11191,5745,16935
294869648694,31,8056,90,4641,11191,5746,16936
294869659659,175,5426,126,8893,11192,5746,16937
294869670682,163,5168,172,14770,11193,5746,16938
294869681752,31,8396,76,3171,11193,5747,16939
294869693388,177,7578,78,3393,11194,5747,16940
294869704160,150,7976,72,3261,11195,5747,16941
294869715326,31,7356,73,2825,11195,5748,16942
294869726781,178,5770,127,8917,11196,5748,16943
294869737365,153,5216,71,2929,11197,5748,16944
294869748326,29,7951,75,2734,11197,5749,16945
294869759560,169,4969,204,15260,11198,5749,16946
294869770656,168,5640,124,8752,11199,5749,16947
294869781827,34,7666,90,2948,11199,5750,16948
294869792800,249,5073,313,15801,11200,5750,16949
294869804125,206,7706,130,3416,11201,5750,16950
294869815189,31,7324,75,2988,11201,5751,16951
294869826698,206,4931,118,7379,11202,5751,16952
294869837638,177,5543,106,5928,11203,5751,16953
294869848774,34,7696,67,1881,11203,5752,16954
294869859692,175,4986,173,1810,11204,5752,16955
294869870740,185,5411,383,36410,11205,5752,16956
294869881996,31,8030,95,4738,11205,5753,16957
294869893144,168,5132,85,3850,11206,5753,16958
294869904136,167,7326,124,8903,11207,5753,16959
294869915912,27,7634,77,2995,11207,5754,16960
294869926543,170,5351,202,14586,11208,5754,16961
294869937548,167,5230,130,8490,11209,5754,16962
294869948325,32,7897,77,2879,11209,5755,16963
294869959491,171,4940,180,15392,11210,5755,16964
294869971003,162,5190,121,8786,11211,5755,16965
294869982041,31,7756,78,2942,11211,5756,16966
294869992808,168,5269,72,3254,11212,5756,16967
294870003977,161,7795,177,15570,11213,5756,16968
294870015268,29,7569,77,3205,11213,5757,16969
294870026246,161,5470,122,9153,11214,5757,16970
294870037464,164,5655,216,16202,11215,5757,16971
294870048507,31,7273,76,3125,11215,5758,16972
294870059808,166,5267,93,3502,11216,5758,16973
294870070558,162,5505,122,8314,11217,5758,16974
294870081837,31,7797,77,3096,11217,5759,16975
294870093224,217,5120,115,5271,11218,5759,16976
294870103886,165,7993,62,1795,11219,5759,16977
294870115481,32,8589,67,1762,11219,5760,16978
294870126585,169,5018,383,36267,11220,5760,16979
294870137592,164,5389,204,17917,11221,5760,16980
294870148653,31,8151,85,3556,11221,5761,16981
294870159582,173,5071,229,8903,11222,5761,16982
294870170646,164,5052,178,16040,11223,5761,16983
294870181598,31,8615,111,3202,11223,5762,16984
294870193266,230,7082,81,3464,11224,5762,16985
294870204251,153,7316,75,3172,11225,5762,16986
294870215330,30,7406,72,2864,11225,5763,16987
294870226207,162,5349,123,8709,11226,5763,16988
294870237277,162,5175,142,3121,11227,5763,16989
294870248670,38,7560,75,2833,11227,5764,16990
294870259876,172,5233,182,15416,11228,5764,16991
294870270964,155,4968,131,9182,11229,5764,16992
294870281899,30,7532,73,2882,11229,5765,16993
294870292983,158,5352,182,15951,11230,5765,16994
294870304151,163,7615,82,3668,11231,5765,16995
294870315214,31,7506,78,3105,11231,5766,16996
294870326219,162,5345,122,8718,11232,5766,16997
294870337500,170,5700,189,16551,11233,5766,16998
294870348546,31,7327,172,3321,11233,5767,16999
294870359584,161,4902,124,9141,11234,5767,17000
294870370547,178,5466,91,5456,11235,5767,17001
294870381724,46,8459,92,1778,11235,5768,17002
294870393144,171,4818,63,1728,11236,5768,17003
294870403807,166,7402,62,1729,11237,5768,17004
294870415334,32,7650,62,1728,11237,5769,17005
294870426340,213,4989,56,1729,11238,5769,17006
294870437429,167,5537,368,34670,11239,5769,17007
294870448630,32,8235,94,4697,11239,5770,17008
294870459722,178,4810,122,8597,11240,5770,17009
294870470441,163,5115,71,3407,11241,5770,17010
294870481942,32,8328,75,2808,11241,5771,17011
294870493033,214,5615,89,3067,11242,5771,17012
294870504060,152,7401,177,14986,11243,5771,17013
294870515299,32,7414,141,3026,11243,5772,17014
294870527029,190,8039,130,8965,11244,5772,17015
294870537555,157,5237,181,15890,11245,5772,17016
294870548592,29,7596,74,3002,11245,5773,17017
294870559850,167,5328,76,3325,11246,5773,17018
294870570985,156,5211,119,8142,11247,5773,17019
294870582050,33,7530,74,2766,11247,5774,17020
294870593043,164,5131,184,16167,11248,5774,17021
294870604042,163,7636,122,8634,11249,5774,17022
294870615716,28,7883,94,2961,11249,5775,17023
294870626402,180,5142,72,3324,11250,5775,17024
294870637549,134,5638,71,4103,11251,5775,17025
294870648517,22,7452,59,2956,11251,5776,17026
294870659515,103,5080,219,15676,11252,5776,17027
294870670474,122,5779,51,2514,11253,5776,17028
294870681914,20,8386,49,1701,11253,5777,17029
294870693103,102,5363,346,35020,11254,5777,17030
294870704110,102,7219,131,10285,11255,5777,17031
294870715367,28,8176,58,3484,11255,5778,17032
294870726368,102,5195,84,3532,11256,5778,17033
294870737658,109,5449,73,3020,11257,5778,17034
294870748815,19,7801,54,2728,11257,5779,17035
294870759790,105,7776,185,15317,11258,5779,17036
294870770897,105,5625,100,8860,11259,5779,17037
294870782004,18,7800,57,2856,11259,5780,17038
294870792829,103,5422,159,15972,11260,5780,17039
294870804217,103,7826,63,3548,11261,5780,17040
294870815317,18,7728,55,3102,11261,5781,17041
294870826791,100,7482,107,8459,11262,5781,17042
294870837386,101,5872,173,16424,11263,5781,17043
294870848986,302,7345,108,8589,11264,5781,17044
294870860014,18,4558,51,2984,11264,5782,17045
294870870792,136,5295,81,5513,11265,5782,17046
294870881945,19,7918,93,1855,11265,5783,17047
294870893144,106,5325,49,1833,11266,5783,17048
294870903934,120,7674,363,36480,11267,5783,17049
294870915352,28,8117,73,4783,11267,5784,17050
294870927573,130,7635,177,16205,11268,5784,17051
294870937284,105,5233,67,3605,11269,5784,17052
294870948239,18,8756,64,3020,11269,5785,17053
294870959676,261,5784,70,3152,11270,5785,17054
294870970579,105,5379,110,8485,11271,5785,17055
294870981706,75,7928,56,2791,11271,5786,17056
294870992961,102,5436,61,3088,11272,5786,17057
294871004276,96,7242,162,15314,11273,5786,17058
294871015363,18,7740,59,3167,11273,5787,17059
294871026554,105,5303,128,8980,11274,5787,17060
294871037821,211,5570,160,15890,11275,5787,17061
294871048540,17,7567,71,3266,11275,5788,17062
294871059767,100,5120,59,3563,11276,5788,17063
294871070826,101,5302,103,8506,11277,5788,17064
294871082112,22,7227,66,2990,11277,5789,17065
294871093109,101,5236,163,16194,11278,5789,17066
294871103970,101,6990,52,2351,11279,5789,17067
294871115838,155,7937,58,1716,11280,5789,17068
294871126684,26,4951,43,1716,11280,5790,17069
294871137376,119,5626,346,36457,11281,5790,17070
294871148388,18,8462,75,4724,11281,5791,17071
294871159580,103,4877,101,8971,11282,5791,17072
294871170891,104,5402,151,14791,11283,5791,17073
294871181711,25,7705,70,3168,11283,5792,17074
294871193004,132,5799,72,3351,11284,5792,17075
294871204151,119,6680,64,3210,11285,5792,17076
294871215450,23,7559,59,2779,11285,5793,17077
294871226513,168,7684,114,8776,11286,5793,17078
294871237719,112,4935,52,3011,11287,5793,17079
294871248351,35,7977,56,2791,11287,5794,17080
294871259513,117,5614,182,15238,11288,5794,17081
294871271096,118,5630,109,8553,11289,5794,17082
294871282067,18,7439,56,2864,11289,5795,17083
294871292915,118,5030,220,15771,11290,5795,17084
294871303850,103,7754,65,3640,11291,5795,17085
294871315363,19,7851,121,3006,11291,5796,17086
294871326235,109,4954,77,6234,11292,5796,17087
294871337504,110,5979,74,4978,11293,5796,17088
294871348604,19,8371,51,1782,11293,5797,17089
294871359762,100,5181,355,36459,11294,5797,17090
294871370668,150,5118,87,5030,11295,5797,17091
294871381669,22,8538,75,3152,11295,5798,17092
294871393331,155,4914,209,15907,11296,5798,17093
294871404293,162,6478,123,8742,11297,5798,17094
294871415504,23,7751,63,2783,11297,5799,17095
294871426736,177,8312,178,15710,11298,5799,17096
294871437413,173,5316,103,8044,11299,5799,17097
294871448579,23,7684,62,2860,11299,5800,17098
294871459804,113,5452,175,16204,11300,5800,17099
294871470695,101,5408,107,8787,11301,5800,17100
294871481760,18,8059,56,2924,11301,5801,17101
294871492863,108,5394,64,3294,11302,5801,17102
294871503983,102,7713,253,15683,11303,5801,17103
294871515500,21,7469,60,3287,11303,5802,17104
294871526700,111,7018,110,9294,11304,5802,17105
294871537833,100,5859,178,16232,11305,5802,17106
294871548366,18,7583,78,3454,11305,5803,17107
294871559508,100,5634,59,3669,11306,5803,17108
294871570735,103,5735,101,7755,11307,5803,17109
294871581817,17,7830,60,1821,11307,5804,17110
294871592904,144,5305,288,4951,11308,5804,17111
294871603962,137,7122,363,35948,11309,5804,17112
294871614976,23,8540,96,4668,11309,5805,17113
294871626336,146,5213,67,3370,11310,5805,17114
294871637311,211,5486,173,16089,11311,5805,17115
294871648742,21,7304,62,3095,11311,5806,17116
294871659933,116,5239,105,8683,11312,5806,17117
294871670661,103,5369,170,16067,11313,5806,17118
294871681737,18,7615,68,3096,11313,5807,17119
294871692977,105,5935,188,9060,11314,5807,17120
294871704359,110,5019,164,16307,11315,5807,17121
294871714873,17,7819,55,3100,11315,5808,17122
294871726373,103,5534,107,8759,11316,5808,17123
294871737406,100,5433,60,3209,11317,5808,17124
294871748451,23,7443,57,2900,11317,5809,17125
294871759736,105,5123,222,15497,11318,5809,17126
294871770748,98,5909,105,8827,11319,5809,17127
294871781919,18,6904,61,2933,11319,5810,17128
294871793095,121,14840,168,16018,11320,5810,17129
294871819183,129,12350,70,2483,11321,5810,17130
294871843070,127,16554,57,1747,11322,5810,17131
294871871348,170,10431,68,1727,11323,5810,17132
294871882678,105,15116,338,36420,11324,5810,17133
294871909343,118,16584,138,10493,11325,5810,17134
294871937603,124,9479,68,4148,11326,5810,17135
294871948451,19,15467,70,3091,11326,5811,17136
294871975152,134,15846,70,3286,11327,5811,17137
294872002606,158,5557,159,14770,11328,5811,17138
294872013760,20,7482,63,3064,11328,5812,17139
294872025025,130,4923,106,8715,11329,5812,17140
294872035846,107,5804,184,16018,11330,5812,17141
294872046936,22,7440,58,3029,11330,5813,17142
294872058160,108,4766,50,3242,11331,5813,17143
294872069318,102,4974,168,8183,11332,5813,17144
294872080216,17,7240,57,2947,11332,5814,17145
294872091556,157,6030,161,15968,11333,5814,17146
294872102618,112,5246,102,8849,11334,5814,17147
294872113909,18,7936,68,2901,11334,5815,17148
294872124807,150,5188,66,3208,11335,5815,17149
294872135774,108,5030,169,16338,11336,5815,17150
294872147172,24,7629,60,3182,11336,5816,17151
294872158236,100,5641,98,9148,11337,5816,17152
294872169494,99,5580,176,14154,11338,5816,17153
294872180585,17,7195,68,3177,11338,5817,17154
294872191746,124,5452,106,8383,11339,5817,17155
294872202847,108,5704,219,16457,11340,5817,17156
294872213723,20,6644,58,3408,11340,5818,17157
294872225017,122,5093,108,9194,11341,5818,17158
294872235666,99,5681,141,3185,11342,5818,17159
294872247090,19,8408,147,2906,11342,5819,17160
294872258240,107,5353,155,15816,11343,5819,17161
294872269325,96,5119,103,8193,11344,5819,17162
294872280662,18,7148,51,1828,11344,5820,17163
294872291419,110,4892,82,6748,11345,5820,17164
294872302403,114,5363,376,35032,11346,5820,17165
294872313420,19,7389,79,4731,11346,5821,17166
294872325196,125,5091,106,8742,11347,5821,17167
294872335711,106,4958,161,15876,11348,5821,17168
294872346812,17,7279,58,3204,11348,5822,17169
294872358279,110,5929,114,8873,11349,5822,17170
294872369353,163,4684,70,3172,11350,5822,17171
294872380648,58,7351,58,2812,11350,5823,17172
294872391554,112,5431,165,15946,11351,5823,17173
294872402579,110,5152,104,9101,11352,5823,17174
294872413380,19,7470,71,2898,11352,5824,17175
294872425004,126,5248,160,15949,11353,5824,17176
294872435889,153,5854,102,8531,11354,5824,17177
294872446901,18,7379,58,2867,11354,5825,17178
294872458125,123,5285,167,16449,11355,5825,17179
294872469328,110,5620,134,8935,11356,5825,17180
294872480434,18,6555,55,2856,11356,5826,17181
294872491498,107,5223,54,3112,11357,5826,17182
294872502476,98,5684,160,15717,11358,5826,17183
294872513560,16,7504,56,3249,11358,5827,17184
294872525137,108,4859,102,9080,11359,5827,17185
294872535996,99,5469,72,5048,11360,5827,17186
294872547208,17,7433,57,1788,11360,5828,17187
294872558272,105,4956,324,35001,11361,5828,17188
294872569494,102,5335,132,10220,11362,5828,17189
294872580373,16,7641,66,3258,11362,5829,17190
294872591583,122,5640,161,15757,11363,5829,17191
294872602659,107,5243,102,8592,11364,5829,17192
294872613734,17,7849,70,3011,11364,5830,17193
294872625044,140,5464,55,3273,11365,5830,17194
294872635647,109,5064,169,16151,11366,5830,17195
294872647131,20,7724,57,3270,11366,5831,17196
294872658249,103,5316,112,9242,11367,5831,17197
294872669147,125,5367,170,16206,11368,5831,17198
294872680303,18,7160,63,3134,11368,5832,17199
294872691350,118,5586,108,9090,11369,5832,17200
294872702415,107,5548,167,16278,11370,5832,17201
294872713579,18,7146,122,3212,11370,5833,17202
294872724769,118,5563,101,8878,11371,5833,17203
294872736242,101,5339,61,3061,11372,5833,17204
294872747211,17,7090,54,2791,11372,5834,17205
294872758363,116,5105,180,15568,11373,5834,17206
294872768990,97,5367,104,8987,11374,5834,17207
294872780041,22,7203,62,2870,11374,5835,17208
294872791691,105,5217,90,7001,11375,5835,17209
294872802361,103,4794,469,35125,11376,5835,17210
294872813421,17,7426,80,4734,11376,5836,17211
294872825066,232,4997,102,8724,11377,5836,17212
294872835623,108,4922,163,15749,11378,5836,17213
294872846687,18,7478,66,3136,11378,5837,17214
294872858138,108,5708,101,8770,11379,5837,17215
294872869083,145,4886,68,3214,11380,5837,17216
294872880704,25,7397,61,2852,11380,5838,17217
294872891755,113,5397,164,15944,11381,5838,17218
294872902848,104,5095,105,8907,11382,5838,17219
294872913441,18,7231,61,2992,11382,5839,17220
294872924999,114,5486,137,13297,11383,5839,17221
294872935969,103,5670,101,8296,11384,5839,17222
294872947055,17,6948,51,2885,11384,5840,17223
294872958255,111,4957,189,16155,11385,5840,17224
294872969163,99,5721,101,8741,11386,5840,17225
294872980400,17,6676,56,3026,11386,5841,17226
294872991612,115,5248,65,3367,11387,5841,17227
294873002289,99,5504,159,15503,11388,5841,17228
294873013754,42,8248,59,3359,11388,5842,17229
294873025028,110,4951,106,9219,11389,5842,17230
294873036251,217,5547,180,16114,11390,5842,17231
294873047005,20,7426,77,3046,11390,5843,17232
294873058056,111,4807,135,13211,11391,5843,17233
294873069458,117,5305,146,8452,11392,5843,17234
294873080272,16,7426,57,2984,11392,5844,17235
294873091538,106,6079,164,16271,11393,5844,17236
294873102656,101,7893,103,8708,11394,5844,17237
294873113974,24,7823,72,2977,11394,5845,17238
294873124710,155,5073,55,3340,11395,5845,17239
294873135731,116,5342,172,16399,11396,5845,17240
294873146964,20,7414,57,3308,11396,5846,17241
294873158067,136,5233,102,9053,11397,5846,17242
294873169385,99,5891,147,14255,11398,5846,17243
294873180376,17,7254,64,3324,11398,5847,17244
294873191542,119,5650,105,8635,11399,5847,17245
294873202672,105,5466,197,16823,11400,5847,17246
294873213735,17,6788,59,3325,11400,5848,17247
294873224970,129,5309,116,9259,11401,5848,17248
294873236086,100,5603,63,3176,11402,5848,17249
294873247326,42,8214,67,2913,11402,5849,17250
294873258280,111,4955,162,15699,11403,5849,17251
294873269075,99,5756,111,9003,11404,5849,17252
294873280212,17,6966,56,2716,11404,5850,17253
294873291338,111,4770,87,6904,11405,5850,17254
294873302444,135,4941,415,35173,11406,5850,17255
294873313711,33,7782,99,4726,11406,5851,17256
294873324766,177,5629,52,2238,11407,5851,17257
294873335874,119,5071,338,33663,11408,5851,17258
294873347348,21,7506,72,4534,11408,5852,17259
294873358171,110,5096,96,8903,11409,5852,17260
294873369466,141,4977,59,3248,11410,5852,17261
294873380088,19,7325,107,2896,11410,5853,17262
294873391457,105,5586,158,15327,11411,5853,17263
294873402748,103,8476,111,8700,11412,5853,17264
294873413914,19,7058,62,2741,11412,5854,17265
294873424755,247,5000,139,13128,11413,5854,17266
294873435889,153,5420,102,8117,11414,5854,17267
294873447180,18,7072,53,2819,11414,5855,17268
294873458366,100,5124,172,15919,11415,5855,17269
294873469209,98,5529,111,8643,11416,5855,17270
294873480431,23,7391,97,2948,11416,5856,17271
294873491641,116,5370,50,3256,11417,5856,17272
294873502392,99,5185,64,3955,11418,5856,17273
294873513794,23,7410,56,1700,11418,5857,17274
294873524866,153,5002,350,36467,11419,5857,17275
294873536201,145,5465,201,17589,11420,5857,17276
294873547375,18,7308,85,3428,11420,5858,17277
294873558016,109,5142,53,3296,11421,5858,17278
294873569286,106,5227,132,8172,11422,5858,17279
294873580446,19,6993,55,2759,11422,5859,17280
294873591714,105,5244,156,15890,11423,5859,17281
294873602718,102,5095,100,8537,11424,5859,17282
294873613824,24,7777,69,2968,11424,5860,17283
294873625017,223,5076,59,3405,11425,5860,17284
294873635616,106,5725,197,16771,11426,5860,17285
294873647322,18,6960,61,3042,11426,5861,17286
294873658490,105,5144,58,3506,11427,5861,17287
294873669204,96,5835,50,3108,11428,5861,17288
294873680282,23,6811,114,2877,11428,5862,17289
294873691467,126,5497,158,8157,11429,5862,17290
294873702827,106,8210,172,16199,11430,5862,17291
294873713915,22,8638,64,3044,11430,5863,17292
294873724918,116,4949,199,8927,11431,5863,17293
294873735740,139,5188,72,5495,11432,5863,17294
294873747045,18,7784,48,1796,11432,5864,17295
294873758074,107,5496,329,36672,11433,5864,17296
294873769280,99,5321,211,10671,11434,5864,17297
294873780450,21,7391,85,3196,11434,5865,17298
294873791637,120,5984,153,14799,11435,5865,17299
294873802619,99,4981,62,3363,11436,5865,17300
294873813396,18,7275,57,2837,11436,5866,17301
294873824708,120,5468,173,8288,11437,5866,17302
294873836021,111,5437,164,15494,11438,5866,17303
294873846760,19,7213,56,3101,11438,5867,17304
294873857990,104,5384,101,8866,11439,5867,17305
294873868926,134,5685,63,3035,11440,5867,17306
294873880514,21,7030,72,2772,11440,5868,17307
294873891414,122,5663,167,15897,11441,5868,17308
294873902351,117,5617,63,3393,11442,5868,17309
294873913461,20,6785,60,2998,11442,5869,17310
294873925056,137,5117,68,3202,11443,5869,17311
294873935744,101,5527,98,8052,11444,5869,17312
294873946927,18,7483,72,2812,11444,5870,17313
294873957969,110,5238,163,16296,11445,5870,17314
294873969172,100,5774,101,7980,11446,5870,17315
294873980564,17,7105,48,1795,11446,5871,17316
294873991770,115,4993,311,32555,11447,5871,17317
294874002835,128,4916,186,17527,11448,5871,17318
294874013440,19,7348,72,3626,11448,5872,17319
294874024944,122,6034,106,9079,11449,5872,17320
294874036025,119,5072,168,16090,11450,5872,17321
294874046739,18,7354,56,3292,11450,5873,17322
294874058228,105,5347,59,3562,11451,5873,17323
294874069013,101,5028,101,8594,11452,5873,17324
294874080375,17,7307,59,2863,11452,5874,17325
294874091475,105,5455,165,16320,11453,5874,17326
294874102577,121,5812,132,8747,11454,5874,17327
294874113684,18,7714,71,3019,11454,5875,17328
294874124979,333,5519,86,3367,11455,5875,17329
294874136012,128,5612,169,16261,11456,5875,17330
294874147201,28,6545,58,3334,11456,5876,17331
294874158054,110,4923,59,3497,11457,5876,17332
294874169241,119,5738,56,3293,11458,5876,17333
294874180609,17,8254,61,3054,11458,5877,17334
294874191810,122,5134,101,8419,11459,5877,17335
294874202865,108,7758,173,16181,11460,5877,17336
294874213684,18,7546,57,2964,11460,5878,17337
294874224879,122,4953,97,8167,11461,5878,17338
294874236000,107,5568,74,5214,11462,5878,17339
294874247147,16,7374,45,1751,11462,5879,17340
294874258320,107,5386,339,36598,11463,5879,17341
294874269001,104,5075,138,10589,11464,5879,17342
294874280210,19,7450,82,3178,11464,5880,17343
294874291416,109,5496,160,14645,11465,5880,17344
294874302493,108,5072,75,3390,11466,5880,17345
294874313351,18,7239,54,2818,11466,5881,17346
294874324633,107,5420,108,8239,11467,5881,17347
294874336201,177,5624,212,15361,11468,5881,17348
294874347188,24,7170,68,3048,11468,5882,17349
294874358006,126,4912,105,8769,11469,5882,17350
294874369415,136,5749,66,3028,11470,5882,17351
294874380696,22,6828,90,2732,11470,5883,17352
294874391650,112,5080,165,15984,11471,5883,17353
294874402898,111,7214,67,3514,11472,5883,17354
294874413945,37,8267,97,3040,11472,5884,17355
294874424885,128,5082,51,3215,11473,5884,17356
294874435626,103,5231,127,8013,11474,5884,17357
294874447196,24,7352,89,2656,11474,5885,17358
294874457956,244,4871,73,5095,11475,5885,17359
294874469121,125,5134,393,33636,11476,5885,17360
294874480270,20,7371,99,4589,11476,5886,17361
294874491451,266,5540,119,9327,11477,5886,17362
294874502447,123,5177,164,15139,11478,5886,17363
294874513517,20,7298,74,3074,11478,5887,17364
294874524819,140,5475,105,8621,11479,5887,17365
294874535765,120,4982,187,15970,11480,5887,17366
294874547118,87,8122,82,3098,11480,5888,17367
294874558251,153,5169,75,3441,11481,5888,17368
294874569312,129,5193,123,8424,11482,5888,17369
294874580473,29,7142,71,2778,11482,5889,17370
294874591569,165,5052,178,16192,11483,5889,17371
294874602764,126,5570,120,8586,11484,5889,17372
294874613851,24,7788,80,2940,11484,5890,17373
294874624570,183,5589,73,3302,11485,5890,17374
294874635808,144,5601,647,16072,11486,5890,17375
294874647059,32,7187,78,3215,11486,5891,17376
294874658047,197,5015,65,3343,11487,5891,17377
294874669315,143,5583,75,3159,11488,5891,17378
294874680319,30,7430,79,2939,11488,5892,17379
294874691339,169,5195,111,8252,11489,5892,17380
294874702437,128,5147,96,6227,11490,5892,17381
294874713629,25,7794,62,1823,11490,5893,17382
294874724703,147,5045,55,1779,11491,5893,17383
294874738151,230,5712,363,36323,11492,5893,17384
294874747247,29,6913,113,4709,11492,5894,17385
294874758355,159,5678,198,15808,11493,5894,17386
294874769467,137,4699,126,8836,11494,5894,17387
294874780054,26,7258,70,3070,11494,5895,17388
294874791680,142,15298,203,16168,11495,5895,17389
294874818595,160,11757,124,8499,11496,5895,17390
294874841744,230,16959,220,16491,11497,5895,17391
294874870167,259,13793,127,8100,11498,5895,17392
294874895378,189,18938,189,16214,11499,5895,17393
294874925752,157,15719,105,4837,11500,5895,17394
294874952784,132,12086,102,2171,11501,5895,17395
294874976552,119,15075,56,1644,11502,5895,17396
294875003473,123,5238,385,36383,11503,5895,17397
294875014582,20,8930,78,4682,11503,5896,17398
294875025577,144,5869,113,8896,11504,5896,17399
294875036665,105,5298,151,14677,11505,5896,17400
294875047868,17,9124,69,3168,11505,5897,17401
294875058854,124,5095,52,3344,11506,5897,17402
294875070188,105,5270,111,8397,11507,5897,17403
294875081280,25,7767,58,2803,11507,5898,17404
294875092157,109,5221,160,15395,11508,5898,17405
294875103595,322,4726,188,8479,11509,5898,17406
294875114311,22,9097,78,2813,11509,5899,17407
294875125710,163,5187,63,3075,11510,5899,17408
294875136666,134,5765,189,16121,11511,5899,17409
294875147595,24,7885,63,3025,11511,5900,17410
294875158826,118,4985,54,3352,11512,5900,17411
294875169642,110,5602,68,3145,11513,5900,17412
294875181126,18,7907,59,2929,11513,5901,17413
294875192359,110,5224,102,8173,11514,5901,17414
294875203136,99,5529,83,6188,11515,5901,17415
294875214187,18,8803,49,1838,11515,5902,17416
294875225332,108,5434,312,33799,11516,5902,17417
294875236439,105,5098,125,10982,11517,5902,17418
294875247478,18,8893,56,3206,11517,5903,17419
294875258541,107,5381,153,15207,11518,5903,17420
294875269640,107,5101,120,8752,11519,5903,17421
294875281133,27,8529,99,2977,11519,5904,17422
294875292295,165,5846,195,15913,11520,5904,17423
294875302988,185,4908,72,3329,11521,5904,17424
294875314436,30,8015,90,2935,11521,5905,17425
294875325610,151,5335,124,8441,11522,5905,17426
294875336765,109,4919,170,16249,11523,5905,17427
294875347638,19,8065,59,3126,11523,5906,17428
294875358733,103,4959,102,8943,11524,5906,17429
294875369677,147,6027,98,3108,11525,5906,17430
294875381012,21,7961,59,2815,11525,5907,17431
294875392267,111,5634,206,16095,11526,5907,17432
294875403482,114,5482,115,3565,11527,5907,17433
294875414220,18,7769,60,2984,11527,5908,17434
294875425285,112,5095,62,3191,11528,5908,17435
294875436445,106,5672,106,8135,11529,5908,17436
294875447574,18,8306,57,2919,11529,5909,17437
294875458706,156,5037,84,5364,11530,5909,17438
294875469553,97,5199,349,33493,11531,5909,17439
294875481088,17,9905,66,4549,11531,5910,17440
294875492229,101,5290,41,2201,11532,5910,17441
294875502938,100,5007,324,36211,11533,5910,17442
294875513988,20,7563,87,4665,11533,5911,17443
294875525741,107,6076,110,8847,11534,5911,17444
294875536771,95,5231,157,14590,11535,5911,17445
294875547891,24,8061,60,3108,11535,5912,17446
294875558948,106,5181,55,3281,11536,5912,17447
294875569649,93,5263,96,8322,11537,5912,17448
294875580780,16,6957,55,2801,11537,5913,17449
294875592226,111,5625,201,15347,11538,5913,17450
294875603433,105,5937,103,8435,11539,5913,17451
294875614342,25,8256,69,2854,11539,5914,17452
294875625752,150,5612,65,3165,11540,5914,17453
294875636772,107,5520,69,4111,11541,5914,17454
294875647991,19,7383,50,2794,11541,5915,17455
294875658938,97,5143,181,15650,11542,5915,17456
294875669780,103,5652,61,3566,11543,5915,17457
294875681115,17,9650,50,2814,11543,5916,17458
294875692385,97,5195,45,2217,11544,5916,17459
294875703241,106,5013,358,36096,11545,5916,17460
294875714023,18,7232,69,4708,11545,5917,17461
294875725315,126,5990,60,3574,11546,5917,17462
294875736931,116,5430,92,3035,11547,5917,17463
294875747702,21,8062,80,2743,11547,5918,17464
294875758699,105,5515,153,15204,11548,5918,17465
294875770271,102,5313,108,8544,11549,5918,17466
294875780954,17,8079,65,2866,11549,5919,17467
294875791926,105,5293,158,15796,11550,5919,17468
294875803394,246,5499,61,3572,11551,5919,17469
294875814607,16,8306,66,3091,11551,5920,17470
294875825744,121,5504,102,8608,11552,5920,17471
294875836403,111,5575,171,16335,11553,5920,17472
294875847829,17,7481,183,3327,11553,5921,17473
294875859035,106,5279,118,8972,11554,5921,17474
294875869761,139,5627,112,5443,11555,5921,17475
294875881274,20,9651,56,1744,11555,5922,17476
294875892080,115,5228,75,4032,11556,5922,17477
294875903129,120,5284,318,34481,11557,5922,17478
294875914036,20,7258,70,4514,11557,5923,17479
294875925614,111,5187,161,16011,11558,5923,17480
294875936418,100,5407,83,3416,11559,5923,17481
294875947530,18,8846,54,2866,11559,5924,17482
294875958816,137,5791,129,8182,11560,5924,17483
294875969845,104,5360,55,3091,11561,5924,17484
294875980815,18,7284,56,2787,11561,5925,17485
294875992179,105,5479,51,3134,11562,5925,17486
294876003179,129,5063,157,15237,11563,5925,17487
294876014482,16,8282,64,3101,11563,5926,17488
294876025569,116,5021,102,9028,11564,5926,17489
294876036311,129,5821,167,15924,11565,5926,17490
294876047947,17,8425,57,3270,11565,5927,17491
294876058832,101,4779,67,3481,11566,5927,17492
294876070178,99,5580,123,8232,11567,5927,17493
294876080950,17,10125,59,2815,11567,5928,17494
294876092392,102,5216,161,16121,11568,5928,17495
294876103475,98,5697,52,2310,11569,5928,17496
294876114343,17,9261,59,1681,11569,5929,17497
294876125252,132,5128,60,1680,11570,5929,17498
294876136544,113,5344,354,36527,11571,5929,17499
294876148030,18,8137,76,4674,11571,5930,17500
294876158629,193,5515,50,2444,11572,5930,17501
294876170135,102,5310,308,34150,11573,5930,17502
294876181051,17,10636,80,4554,11573,5931,17503
294876192432,104,5804,53,3210,11574,5931,17504
294876203744,104,5250,74,2895,11575,5931,17505
294876214170,17,8217,54,2716,11575,5932,17506
294876225206,107,5335,99,8556,11576,5932,17507
294876236778,245,5508,112,2935,11577,5932,17508
294876247745,19,8071,54,2702,11577,5933,17509
294876258612,100,5395,147,14790,11578,5933,17510
294876269937,101,5662,101,8572,11579,5933,17511
294876281421,45,7437,57,2776,11579,5934,17512
294876292076,101,5419,179,15655,11580,5934,17513
294876303230,98,5736,58,3224,11581,5934,17514
294876314170,16,8079,55,2408,11581,5935,17515
294876325414,119,5361,52,2577,11582,5935,17516
294876336767,108,5565,327,33676,11583,5935,17517
294876347670,17,8600,70,4547,11583,5936,17518
294876358586,125,5351,101,8927,11584,5936,17519
294876369704,143,5077,70,3296,11585,5936,17520
294876381108,21,9888,64,2912,11585,5937,17521
294876392344,114,5895,186,6120,11586,5937,17522
294876403318,143,4985,344,36177,11587,5937,17523
294876414283,24,7927,80,4693,11587,5938,17524
294876425516,115,5320,168,16065,11588,5938,17525
294876436793,103,5671,113,8418,11589,5938,17526
294876447745,18,8164,64,2935,11589,5939,17527
294876458979,147,5328,213,16155,11590,5939,17528
294876469923,138,5820,164,8488,11591,5939,17529
294876481258,17,9858,56,2881,11591,5940,17530
294876492338,104,4882,51,3241,11592,5940,17531
294876503309,96,5713,165,15472,11593,5940,17532
294876514479,18,8232,57,3307,11593,5941,17533
294876525663,105,5237,147,8779,11594,5941,17534
294876536756,105,5596,316,34214,11595,5941,17535
294876547788,22,8873,68,4038,11595,5942,17536
294876559161,104,5345,57,3566,11596,5942,17537
294876569784,133,5069,99,8486,11597,5942,17538
294876580881,17,9742,59,2819,11597,5943,17539
294876592021,119,5611,90,5157,11598,5943,17540
294876603493,117,4971,437,36031,11599,5943,17541
294876614216,25,9407,93,4684,11599,5944,17542
294876625673,157,5810,64,3357,11600,5944,17543
294876636545,125,5231,220,16079,11601,5944,17544
294876647754,21,8176,64,3072,11601,5945,17545
294876658866,109,5050,99,8619,11602,5945,17546
294876669704,117,5235,192,15963,11603,5945,17547
294876680793,18,7163,61,3096,11603,5946,17548
294876692400,108,5628,106,9087,11604,5946,17549
294876703503,100,5997,167,16232,11605,5946,17550
294876714471,21,7466,57,3076,11605,5947,17551
294876725214,105,5513,101,8712,11606,5947,17552
294876736254,104,5693,54,3141,11607,5947,17553
294876747393,19,7843,54,2852,11607,5948,17554
294876759066,109,5215,188,15496,11608,5948,17555
294876770011,96,5687,103,8813,11609,5948,17556
294876780798,16,6905,211,2899,11609,5949,17557
294876792164,131,5357,139,6890,11610,5949,17558
294876803364,120,5674,333,35083,11611,5949,17559
294876814193,21,9030,90,4757,11611,5950,17560
294876825196,167,4986,112,8694,11612,5950,17561
294876836724,127,4976,190,15734,11613,5950,17562
294876847362,21,7323,108,3167,11613,5951,17563
294876858677,114,5556,233,8761,11614,5951,17564
294876870173,171,5055,70,3143,11615,5951,17565
294876881017,27,10585,68,2810,11615,5952,17566
294876892409,116,5896,172,16076,11616,5952,17567
294876903611,117,5367,117,9064,11617,5952,17568
294876914217,19,8153,60,2845,11617,5953,17569
294876925212,106,5646,175,15883,11618,5953,17570
294876936771,112,5631,137,8590,11619,5953,17571
294876947792,18,8280,55,2873,11619,5954,17572
294876958732,99,5100,169,16307,11620,5954,17573
294876969962,108,5598,108,8557,11621,5954,17574
294876981025,21,7635,72,2969,11621,5955,17575
294876992430,131,5052,62,3211,11622,5955,17576
294877003403,134,5777,204,15663,11623,5955,17577
294877014488,25,8034,65,3130,11623,5956,17578
294877025784,203,5228,105,7960,11624,5956,17579
294877036865,121,5452,131,4763,11625,5956,17580
294877047889,21,9002,57,1749,11625,5957,17581
294877059245,129,5191,342,35014,11626,5957,17582
294877070257,133,5404,120,10135,11627,5957,17583
294877080841,19,9291,58,3223,11627,5958,17584
294877092167,240,5510,99,5177,11628,5958,17585
294877103024,101,5403,330,36317,11629,5958,17586
294877114446,17,9124,96,4712,11629,5959,17587
294877125728,136,6181,138,3406,11630,5959,17588
294877136774,108,5114,184,16153,11631,5959,17589
294877147796,19,8324,58,3076,11631,5960,17590
294877158881,101,5274,102,8625,11632,5960,17591
294877169774,98,5572,147,13843,11633,5960,17592
294877180986,17,8065,56,3148,11633,5961,17593
294877192024,100,5530,103,8514,11634,5961,17594
294877202947,107,5714,167,16232,11635,5961,17595
294877214061,18,6695,129,3480,11635,5962,17596
294877225716,137,5877,158,9024,11636,5962,17597
294877237211,190,5745,204,5496,11637,5962,17598
294877247599,23,8447,61,1810,11637,5963,17599
294877258821,122,5145,257,26693,11638,5963,17600
294877269808,120,5789,118,7623,11639,5963,17601
294877280849,19,9566,46,1735,11639,5964,17602
294877292098,105,5426,84,6701,11640,5964,17603
294877303365,103,5514,329,35183,11641,5964,17604
294877314322,17,8805,73,4706,11641,5965,17605
294877325419,109,5470,102,8765,11642,5965,17606
294877336830,107,4933,163,15789,11643,5965,17607
294877347725,18,8991,69,3166,11643,5966,17608
294877358735,107,5837,129,8786,11644,5966,17609
294877369811,151,5214,70,3117,11645,5966,17610
294877380734,20,7379,58,2774,11645,5967,17611
294877392040,111,5156,162,16074,11646,5967,17612
294877403048,114,4799,129,8797,11647,5967,17613
294877414339,21,7936,82,2826,11647,5968,17614
294877425618,120,5653,148,13278,11648,5968,17615
294877436347,109,6132,104,7918,11649,5968,17616
294877447973,29,8018,68,2860,11649,5969,17617
294877458978,190,5225,164,15994,11650,5969,17618
294877469864,137,5717,109,8699,11651,5969,17619
294877481191,17,9198,58,3001,11651,5970,17620
294877492332,106,5189,80,3362,11652,5970,17621
294877503348,109,5895,165,14826,11653,5970,17622
294877514405,16,7929,47,2169,11653,5971,17623
294877525433,108,5187,42,2251,11654,5971,17624
294877536275,128,5457,330,34122,11655,5971,17625
294877547743,27,8665,70,4565,11655,5972,17626
294877558573,104,5712,69,3227,11656,5972,17627
294877570111,100,5200,212,8240,11657,5972,17628
294877581026,17,8257,56,2995,11657,5973,17629
294877591983,96,5100,155,15381,11658,5973,17630
294877603260,129,5372,112,8506,11659,5973,17631
294877614245,17,7590,76,3043,11659,5974,17632
294877625727,175,5593,85,5730,11660,5974,17633
294877636831,119,5283,344,36670,11661,5974,17634
294877647624,21,8116,83,4714,11661,5975,17635
294877658920,119,5311,107,9011,11662,5975,17636
294877669991,101,5927,166,13570,11663,5975,17637
294877681122,36,7747,65,2956,11663,5976,17638
294877692245,121,5672,111,8203,11664,5976,17639
294877703477,102,6071,155,14928,11665,5976,17640
294877714172,19,7697,63,2987,11665,5977,17641
294877725314,107,5566,105,8824,11666,5977,17642
294877736720,129,5661,50,3086,11667,5977,17643
294877747670,18,8194,58,2711,11667,5978,17644
294877758885,122,5235,93,6058,11668,5978,17645
294877769831,95,5733,359,36508,11669,5978,17646
294877781059,18,9561,73,4791,11669,5979,17647
294877792294,104,4883,100,7161,11670,5979,17648
294877803426,110,5379,316,35186,11671,5979,17649
294877814525,17,8610,79,4801,11671,5980,17650
294877825713,112,6333,106,8789,11672,5980,17651
294877836909,114,5191,161,15797,11673,5980,17652
294877847631,17,7989,63,3145,11673,5981,17653
294877859052,116,5341,108,8744,11674,5981,17654
294877870073,158,4891,67,3079,11675,5981,17655
294877881271,20,9727,61,2762,11675,5982,17656
294877892298,110,5583,164,15889,11676,5982,17657
294877903454,130,5652,103,9052,11677,5982,17658
294877914464,19,7900,67,2809,11677,5983,17659
294877925369,122,5580,141,13348,11678,5983,17660
294877936470,112,5655,101,8203,11679,5983,17661
294877947745,19,8842,55,2874,11679,5984,17662
294877959056,99,4839,175,16214,11680,5984,17663
294877969865,108,5709,105,8823,11681,5984,17664
294877981210,17,8141,55,2827,11681,5985,17665
294877992228,218,14762,104,4040,11682,5985,17666
294878018806,127,11377,352,35102,11683,5985,17667
294878041471,117,16094,197,17687,11684,5985,17668
294878069083,119,11267,112,8760,11685,5985,17669
294878092234,111,16582,181,16557,11686,5985,17670
294878120066,172,11282,121,8437,11687,5985,17671
294878143122,133,15959,188,16406,11688,5985,17672
294878170401,146,9534,80,4949,11689,5985,17673
294878181947,96,14478,137,8286,11690,5985,17674
294878207823,136,5306,165,15990,11691,5985,17675
294878219135,110,5456,109,8571,11692,5985,17676
294878230203,148,7390,56,2891,11692,5986,17677
294878241323,107,5472,55,3166,11693,5986,17678
294878252376,97,5644,193,15553,11694,5986,17679
294878263504,24,7366,64,3112,11694,5987,17680
294878274550,116,5270,106,8941,11695,5987,17681
294878285690,110,5075,73,5028,11696,5987,17682
294878296770,17,7232,51,1801,11696,5988,17683
294878307890,117,5261,317,35192,11697,5988,17684
294878318865,106,4699,266,10144,11698,5988,17685
294878330448,22,7419,78,3209,11698,5989,17686
294878341356,104,5499,158,15699,11699,5989,17687
294878352458,118,5254,201,8549,11700,5989,17688
294878363791,20,9920,72,2923,11700,5990,17689
294878374529,135,6060,77,5526,11701,5990,17690
294878385545,105,5834,332,36712,11702,5990,17691
294878397210,17,7176,78,4792,11702,5991,17692
294878408157,107,5835,103,9068,11703,5991,17693
294878419436,107,5133,158,14920,11704,5991,17694
294878430488,24,7454,60,3209,11704,5992,17695
294878441265,106,5591,60,3367,11705,5992,17696
294878452616,156,5551,58,3216,11706,5992,17697
294878463606,21,7438,71,2773,11706,5993,17698
294878474606,162,5384,113,8684,11707,5993,17699
294878485571,184,5555,65,3003,11708,5993,17700
294878496713,19,6883,63,2798,11708,5994,17701
294878507883,120,5706,156,15285,11709,5994,17702
294878519278,106,5319,110,8815,11710,5994,17703
294878530125,18,7187,58,2938,11710,5995,17704
294878541243,118,5446,161,15825,11711,5995,17705
294878552370,98,5588,78,3638,11712,5995,17706
294878563676,28,7519,75,3046,11712,5996,17707
294878574780,173,4956,113,7969,11713,5996,17708
294878585821,162,5045,87,5905,11714,5996,17709
294878597060,19,7028,55,1847,11714,5997,17710
294878608121,126,5002,332,36612,11715,5997,17711
294878618801,343,4802,93,5039,11716,5997,17712
294878630337,24,7748,65,3146,11716,5998,17713
294878641140,121,6128,193,16628,11717,5998,17714
294878652612,112,5119,137,8900,11718,5998,17715
294878663308,25,10208,64,2804,11718,5999,17716
294878674898,117,5795,181,15727,11719,5999,17717
294878686010,114,4862,53,3323,11720,5999,17718
294878696889,19,7582,55,2933,11720,6000,17719
294878708197,121,5448,54,3096,11721,6000,17720
294878719239,103,5735,110,8450,11722,6000,17721
294878730240,21,7061,61,2880,11722,6001,17722
294878741604,125,5442,60,3198,11723,6001,17723
294878752710,107,5661,164,15300,11724,6001,17724
294878763364,19,7042,61,3074,11724,6002,17725
294878774528,175,5088,109,8960,11725,6002,17726
294878785642,102,5614,160,16037,11726,6002,17727
294878796752,19,7312,57,3295,11726,6003,17728
294878808068,104,5162,78,2711,11727,6003,17729
294878819058,107,5441,53,2053,11728,6003,17730
294878830209,17,7561,55,1637,11728,6004,17731
294878841527,132,5743,335,33497,11729,6004,17732
294878852275,122,4825,118,10369,11730,6004,17733
294878863539,19,10515,90,3237,11730,6005,17734
294878874716,148,5927,54,3388,11731,6005,17735
294878886059,118,4792,157,15239,11732,6005,17736
294878896732,19,7626,65,2865,11732,6006,17737
294878908214,106,5479,98,8624,11733,6006,17738
294878918874,109,5337,219,15857,11734,6006,17739
294878929992,17,7475,61,3196,11734,6007,17740
294878941437,105,5485,113,9038,11735,6007,17741
294878952638,105,6016,165,16242,11736,6007,17742
294878963783,17,6851,62,3052,11736,6008,17743
294878974765,122,5547,104,8780,11737,6008,17744
294878985811,122,5231,59,3263,11738,6008,17745
294878996777,37,7570,57,2912,11738,6009,17746
294879008068,105,5322,155,15584,11739,6009,17747
294879019044,101,5347,109,8716,11740,6009,17748
294879029917,17,7274,71,2866,11740,6010,17749
294879041263,174,5845,110,7000,11741,6010,17750
294879052346,135,5083,372,34631,11742,6010,17751
294879063492,26,7135,84,4701,11742,6011,17752
294879074493,128,5789,122,8725,11743,6011,17753
294879085498,124,5063,178,15738,11744,6011,17754
294879096810,19,7263,63,3117,11744,6012,17755
294879107889,132,5591,115,8748,11745,6012,17756
294879119171,157,5027,98,5739,11746,6012,17757
294879130040,23,7330,59,1736,11746,6013,17758
294879141066,132,5751,339,36517,11747,6013,17759
294879152281,129,5512,129,10634,11748,6013,17760
294879163451,17,7224,64,3202,11748,6014,17761
294879174950,112,5539,142,13187,11749,6014,17762
294879186645,148,5454,113,8206,11750,6014,17763
294879196759,22,7013,62,2831,11750,6015,17764
294879207862,126,5634,156,14671,11751,6015,17765
294879219101,109,5303,117,8712,11752,6015,17766
294879230135,22,7005,63,2915,11752,6016,17767
294879241237,137,5265,60,3213,11753,6016,17768
294879252118,104,5573,167,15508,11754,6016,17769
294884010141,202,6493,383,65737,11755,6016,17770
294884021528,162,4062,80,5795,11756,6016,17771
294884032861,110,4109,91,6752,11757,6016,17772
294884043705,30,3784,50,2662,11757,6017,17773
294884055038,106,6359,439,64711,11758,6017,17774
294884066056,133,4392,112,10287,11759,6017,17775
294884077004,22,3717,130,10363,11759,6018,17776
294884088114,190,4035,227,16211,11760,6018,17777
294884099316,197,4284,111,9641,11761,6018,17778
294884110426,25,3761,66,3598,11761,6019,17779
294884121758,143,4060,86,3776,11762,6019,17780
294884132845,102,4245,218,16592,11763,6019,17781
294884143988,18,3843,70,3675,11763,6020,17782
294884154656,118,6310,489,65596,11764,6020,17783
294884165914,125,4221,158,14947,11765,6020,17784
294884177025,18,3829,115,9690,11765,6021,17785
294884188272,110,4180,132,11163,11766,6021,17786
294884199445,102,4131,157,15505,11767,6021,17787
294884210541,21,3814,66,3897,11767,6022,17788
294884221758,105,4309,109,9710,11768,6022,17789
294884232761,100,4197,47,2124,11769,6022,17790
294884244240,21,3756,43,1637,11769,6023,17791
294884254902,160,4179,79,5675,11770,6023,17792
294884266081,290,4835,418,36276,11771,6023,17793
294884277542,27,3751,83,4663,11771,6024,17794
294884288584,131,4395,171,15974,11772,6024,17795
294884299521,115,4129,64,3438,11773,6024,17796
294884310223,19,3861,50,2861,11773,6025,17797
294884321542,180,4304,101,8227,11774,6025,17798
294884332739,102,4265,182,16005,11775,6025,17799
294884343872,22,4127,49,3062,11775,6026,17800
294884355134,112,4132,106,8800,11776,6026,17801
294884365963,254,4307,83,2967,11777,6026,17802
294884377147,22,3913,55,2675,11777,6027,17803
294884388283,129,4271,164,16047,11778,6027,17804
294884399034,142,4388,58,3262,11779,6027,17805
294884410860,17,4004,53,2826,11779,6028,17806
294884421685,120,4450,53,2971,11780,6028,17807
294884432654,163,4046,98,7019,11781,6028,17808
294884443723,18,3811,52,1717,11781,6029,17809
294884454933,144,4314,81,4830,11782,6029,17810
294884465989,178,4347,316,33630,11783,6029,17811
294884477284,19,3830,74,4466,11783,6030,17812
294884488558,108,4373,124,9264,11784,6030,17813
294884499482,114,4336,167,15049,11785,6030,17814
294884510687,28,3802,60,2984,11785,6031,17815
294884521536,172,4252,118,8495,11786,6031,17816
294884532910,129,4015,171,15791,11787,6031,17817
294884543785,22,3695,57,3021,11787,6032,17818
294884554969,127,4302,67,3360,11788,6032,17819
294884565853,178,4019,105,8325,11789,6032,17820
294884577221,21,3822,62,2681,11789,6033,17821
294884587916,113,4166,163,16155,11790,6033,17822
294884599182,104,4187,104,8540,11791,6033,17823
294884610239,20,3979,52,2838,11791,6034,17824
294884621405,163,4029,80,3214,11792,6034,17825
294884632652,106,4280,196,15954,11793,6034,17826
294884644170,18,4005,54,3166,11793,6035,17827
294884655047,126,4149,59,3087,11794,6035,17828
294884666156,104,4238,46,2235,11795,6035,17829
294884677031,30,3994,44,1606,11795,6036,17830
294884688176,108,4372,348,34883,11796,6036,17831
294884699536,99,4493,113,9975,11797,6036,17832
294884710701,24,3927,61,3313,11797,6037,17833
294884722002,109,4238,81,3334,11798,6037,17834
294884732541,119,4377,92,2934,11799,6037,17835
294884743783,21,3698,80,2713,11799,6038,17836
294884754967,152,4263,167,15128,11800,6038,17837
294884766157,155,4250,106,8820,11801,6038,17838
294884776772,18,3945,53,2893,11801,6039,17839
294884787943,118,4208,163,15832,11802,6039,17840
294884799622,106,4268,72,3586,11803,6039,17841
294884810706,19,3928,60,3084,11803,6040,17842
294884821606,328,4443,108,8531,11804,6040,17843
294884832607,117,4277,201,16107,11805,6040,17844
294884843858,18,3925,52,3132,11805,6041,17845
294884855098,126,4298,49,2240,11806,6041,17846
294884865805,205,4481,431,36390,11807,6041,17847
294884877231,25,3879,76,4679,11807,6042,17848
294884888353,117,4253,166,16396,11808,6042,17849
294884899260,104,4409,107,8867,11809,6042,17850
294884910507,33,5346,112,2820,11809,6043,17851
294884921727,144,4134,116,6868,11810,6043,17852
294884933011,305,4465,376,35073,11811,6043,17853
294884943655,20,4159,70,4684,11811,6044,17854
294884955019,155,4239,70,3617,11812,6044,17855
294884966157,111,4321,106,8603,11813,6044,17856
294884976720,19,3968,51,2744,11813,6045,17857
294884988408,115,4332,55,3048,11814,6045,17858
294884999930,108,4149,160,14848,11815,6045,17859
294885010549,22,3865,52,2938,11815,6046,17860
294885021669,175,4431,124,8843,11816,6046,17861
294885032457,114,4289,193,16008,11817,6046,17862
294885043687,23,3953,53,3213,11817,6047,17863
294885054605,105,4372,56,2835,11818,6047,17864
294885066141,110,4252,46,1732,11819,6047,17865
294885076992,18,3984,46,1727,11819,6048,17866
294885088199,103,4216,312,33817,11820,6048,17867
294885099628,114,4264,125,10773,11821,6048,17868
294885110580,18,3829,55,3152,11821,6049,17869
294885121465,144,4240,72,3198,11822,6049,17870
294885132495,144,4332,193,15672,11823,6049,17871
294885143618,18,3645,50,2996,11823,6050,17872
294885154920,112,4226,105,8833,11824,6050,17873
294885166302,103,4292,186,15996,11825,6050,17874
294885176820,17,3918,67,3173,11825,6051,17875
294885188296,106,4394,104,9145,11826,6051,17876
294885199290,104,4319,234,16086,11827,6051,17877
294885210440,23,3861,63,3071,11827,6052,17878
294885221746,117,4106,104,8814,11828,6052,17879
294885233038,122,4165,63,3068,11829,6052,17880
294885243859,24,3822,54,2773,11829,6053,17881
294885254977,118,4231,165,14694,11830,6053,17882
294885265779,229,4472,387,38772,11831,6053,17883
294885276954,19,4019,66,4629,11831,6054,17884
294885288519,105,4266,195,16294,11832,6054,17885
294885299483,203,4404,65,3718,11833,6054,17886
294885310513,17,3886,53,3011,11833,6055,17887
294885321673,103,4180,114,8535,11834,6055,17888
294885332572,107,4341,180,16455,11835,6055,17889
294885343840,26,3837,62,3179,11835,6056,17890
294885355193,183,4146,124,8846,11836,6056,17891
294885366358,159,4272,78,2956,11837,6056,17892
294885377255,28,4195,66,2735,11837,6057,17893
294885388416,122,4245,165,16178,11838,6057,17894
294885399410,102,4306,109,9013,11839,6057,17895
294885410453,19,3928,58,2916,11839,6058,17896
294885421470,156,4291,150,13575,11840,6058,17897
294885432477,128,4479,103,8208,11841,6058,17898
294885443950,18,3880,57,2920,11841,6059,17899
294885454870,123,4158,160,15531,11842,6059,17900
294885465955,114,4262,46,2054,11843,6059,17901
294885477257,18,3949,40,1609,11843,6060,17902
294885488505,106,4327,341,36141,11844,6060,17903
294885499074,105,4308,160,15892,11845,6060,17904
294885510296,18,3857,50,3321,11845,6061,17905
294885521646,118,4353,119,8663,11846,6061,17906
294885532592,108,4180,162,15809,11847,6061,17907
294885543725,18,3747,51,3306,11847,6062,17908
294885555027,127,4292,54,3402,11848,6062,17909
294885566242,99,4334,116,8091,11849,6062,17910
294885577098,33,4281,68,2697,11849,6063,17911
294885588282,126,4115,160,15968,11850,6063,17912
294885599265,147,4232,132,8440,11851,6063,17913
294885610400,25,3925,51,2671,11851,6064,17914
294885621693,147,4272,69,2955,11852,6064,17915
294885632896,120,4261,174,16203,11853,6064,17916
294885643846,22,3876,64,3005,11853,6065,17917
294885654795,134,4423,57,3249,11854,6065,17918
294885665756,364,4297,69,3016,11855,6065,17919
294885677476,20,4024,111,2683,11855,6066,17920
294885687997,114,4222,40,2023,11856,6066,17921
294885699203,113,4243,354,36116,11857,6066,17922
294885710560,38,3778,74,4579,11857,6067,17923
294885721493,113,4441,195,16338,11858,6067,17924
294885732787,107,4493,100,7892,11859,6067,17925
294885743872,19,3900,55,2836,11859,6068,17926
294885755057,136,4195,169,15268,11860,6068,17927
294885765949,103,4159,106,9038,11861,6068,17928
294885777120,18,3822,49,2735,11861,6069,17929
294885788384,98,4285,156,15784,11862,6069,17930
294885799122,134,4292,60,3439,11863,6069,17931
294885810346,17,3766,47,2865,11863,6070,17932
294885821335,101,4244,105,8157,11864,6070,17933
294885832925,99,4264,164,16062,11865,6070,17934
294885843720,45,3858,54,3138,11865,6071,17935
294885854966,121,4217,104,8767,11866,6071,17936
294885866075,135,4274,74,2985,11867,6071,17937
294885877405,27,4012,55,2716,11867,6072,17938
294885888363,120,4481,88,4057,11868,6072,17939
294885899890,109,4098,136,12280,11869,6072,17940
294885910640,19,3793,58,1973,11869,6073,17941
294885921642,113,4444,323,33341,11870,6073,17942
294885932573,102,4466,83,5070,11871,6073,17943
294885943962,17,3783,60,3204,11871,6074,17944
294885954934,151,4353,117,8386,11872,6074,17945
294885965935,133,4078,58,3101,11873,6074,17946
294885977223,17,3824,49,2760,11873,6075,17947
294885988432,110,4402,101,3051,11874,6075,17948
294885999365,101,4492,232,15333,11875,6075,17949
294886010621,24,3763,53,3128,11875,6076,17950
294886021298,121,4240,131,8973,11876,6076,17951
294886032764,148,4231,192,16079,11877,6076,17952
294886044096,18,3805,72,2935,11877,6077,17953
294886055056,131,4149,51,3298,11878,6077,17954
294886066033,103,4236,98,8087,11879,6077,17955
294886077192,16,3839,49,2922,11879,6078,17956
294886088036,104,4339,161,16021,11880,6078,17957
294886099087,201,4381,108,8497,11881,6078,17958
294886110204,19,3796,49,2908,11881,6079,17959
294886121491,143,4180,165,13508,11882,6079,17960
294886132877,137,4128,53,2341,11883,6079,17961
294886143971,20,3798,44,1588,11883,6080,17962
294886154966,108,4396,355,36521,11884,6080,17963
294886165680,271,4428,182,17476,11885,6080,17964
294886176872,32,3917,52,3333,11885,6081,17965
294886188110,109,4243,54,3229,11886,6081,17966
294886199281,139,4198,107,7899,11887,6081,17967
294886210787,18,3966,51,2728,11887,6082,17968
294886221835,101,4315,59,3136,11888,6082,17969
294886232752,110,4565,77,2816,11889,6082,17970
294886243993,18,4256,52,2629,11889,6083,17971
294886254900,109,4252,153,15112,11890,6083,17972
294886265777,126,4384,105,8609,11891,6083,17973
294886277218,20,3978,50,2908,11891,6084,17974
294886288450,114,4240,175,15872,11892,6084,17975
294886299195,99,4141,57,3535,11893,6084,17976
294886310532,16,4013,51,3097,11893,6085,17977
294886321716,124,4515,105,8458,11894,6085,17978
294886332776,101,4290,83,6221,11895,6085,17979
294886343591,18,3920,139,1805,11895,6086,17980
294886354686,127,4356,342,36630,11896,6086,17981
294886365769,313,4552,87,4720,11897,6086,17982
294886377011,23,3922,44,1652,11897,6087,17983
294886388211,124,4209,354,36283,11898,6087,17984
294886399560,110,4178,124,10364,11899,6087,17985
294886410228,19,3868,51,3131,11899,6088,17986
294886421699,109,4394,151,14553,11900,6088,17987
294886433081,102,4278,100,8099,11901,6088,17988
294886444662,19,4145,57,2745,11901,6089,17989
294886455003,110,4175,156,15301,11902,6089,17990
294886465734,109,4303,112,8417,11903,6089,17991
294886477345,21,3979,87,2887,11903,6090,17992
294886488084,135,4461,55,3297,11904,6090,17993
294886499082,99,4229,156,15270,11905,6090,17994
294886510624,17,3967,55,3067,11905,6091,17995
294886521914,128,4606,99,8275,11906,6091,17996
294886532553,93,4562,335,44241,11907,6091,17997
294886543845,20,3780,77,5984,11907,6092,17998
294886554667,121,4291,60,4225,11908,6092,17999
294886565713,315,4452,108,8478,11909,6092,18000
294886577220,18,3941,75,3267,11909,6093,18001
294886588091,114,5002,167,16388,11910,6093,18002
294886599207,139,7986,107,8752,11911,6093,18003
294886610562,19,6766,76,3197,11911,6094,18004
294886621696,136,5408,64,3571,11912,6094,18005
294886632622,210,6637,187,16358,11913,6094,18006
294886644090,18,7578,67,3573,11913,6095,18007
294886655029,143,5263,107,9356,11914,6095,18008
294886666033,162,6509,159,14258,11915,6095,18009
294886677174,18,9409,141,3516,11915,6096,18010
294886688469,105,5398,102,8739,11916,6096,18011
294886699408,103,8119,168,16959,11917,6096,18012
294886710551,18,7117,63,3529,11917,6097,18013
294886721727,108,5230,108,9474,11918,6097,18014
294886732835,98,6561,59,3319,11919,6097,18015
294886743896,18,7347,59,3074,11919,6098,18016
294886754977,119,5560,163,15951,11920,6098,18017
294886765969,116,6861,106,6190,11921,6098,18018
294886776983,17,6450,45,1661,11921,6099,18019
294886788487,117,5353,356,40862,11922,6099,18020
294886799042,148,7759,52,2301,11923,6099,18021
294886810603,20,6937,45,1594,11923,6100,18022
294886821337,121,5518,339,36105,11924,6100,18023
294886832554,114,7018,194,18015,11925,6100,18024
294886843730,24,6609,70,3319,11925,6101,18025
294886854627,146,5388,143,8561,11926,6101,18026
294886866010,153,7920,65,3039,11927,6101,18027
294886877293,22,9299,62,2749,11927,6102,18028
294886888408,116,5353,159,15931,11928,6102,18029
294886899549,104,6458,104,8926,11929,6102,18030
294886910601,17,7493,72,2739,11929,6103,18031
294886921666,103,5423,185,13289,11930,6103,18032
294886932629,99,6300,102,8028,11931,6103,18033
294886943897,17,7525,70,2807,11931,6104,18034
294886954980,134,5720,169,15993,11932,6104,18035
294886965972,127,6730,111,8488,11933,6104,18036
294886977223,19,6745,47,2191,11933,6105,18037
294886988600,106,5808,77,5806,11934,6105,18038
294886999198,104,7715,45,1723,11935,6105,18039
294887010264,18,6065,46,1684,11935,6106,18040
294887021751,109,5577,347,36424,11936,6106,18041
294887032592,98,7163,181,17573,11937,6106,18042
294887043646,18,6925,57,3391,11937,6107,18043
294887054867,160,5467,53,3382,11938,6107,18044
294887065999,101,7155,94,7957,11939,6107,18045
294887077096,17,5042,53,2647,11939,6108,18046
294887087930,104,5349,175,15845,11940,6108,18047
294887099202,114,7787,109,8475,11941,6108,18048
294887110750,16,7698,66,2681,11941,6109,18049
294887121781,138,5370,55,3020,11942,6109,18050
294887132682,101,6536,176,16110,11943,6109,18051
294887143689,18,7347,60,3047,11943,6110,18052
294887154891,130,5039,53,3333,11944,6110,18053
294887166125,130,6498,77,3051,11945,6110,18054
294887177153,18,6851,53,2821,11945,6111,18055
294887188349,108,5763,95,8105,11946,6111,18056
294887199513,117,7442,165,16280,11947,6111,18057
294887210646,17,6970,62,3050,11947,6112,18058
294887221453,111,5645,94,7913,11948,6112,18059
294887232435,99,7257,344,33014,11949,6112,18060
294887243804,19,6849,69,4551,11949,6113,18061
294887254975,112,5148,153,14621,11950,6113,18062
294887265759,102,7134,103,8957,11951,6113,18063
294887277326,17,9322,59,2775,11951,6114,18064
294887288347,109,5535,160,15734,11952,6114,18065
294887299251,98,7636,80,3526,11953,6114,18066
294887310655,16,6520,57,2947,11953,6115,18067
294887321452,101,5356,99,8351,11954,6115,18068
294887332253,167,6793,168,16189,11955,6115,18069
294887343572,16,7252,61,3193,11955,6116,18070
294887355053,127,5447,103,9010,11956,6116,18071
294887366069,245,6671,64,3103,11957,6116,18072
294887377187,22,9186,62,2801,11957,6117,18073
294887388275,111,5004,161,16356,11958,6117,18074
294887399573,104,7565,59,3530,11959,6117,18075
294887410562,24,6705,70,2954,11959,6118,18076
294887421690,133,5977,62,3130,11960,6118,18077
294887432704,107,6449,106,2364,11961,6118,18078
294887443842,21,7016,48,1589,11961,6119,18079
294887454966,118,5680,67,1584,11962,6119,18080
294887465891,143,7083,331,33720,11963,6119,18081
294887476983,21,9710,79,4447,11963,6120,18082
294887488335,120,5595,132,9210,11964,6120,18083
294887499234,140,7476,165,15041,11965,6120,18084
294887510403,20,6552,54,2968,11965,6121,18085
294887521520,123,5661,105,8643,11966,6121,18086
294887532534,198,6840,168,15941,11967,6121,18087
294887543716,18,6976,62,2927,11967,6122,18088
294887555406,123,4967,65,3218,11968,6122,18089
294887565945,130,6622,101,8087,11969,6122,18090
294887577340,37,9089,62,2702,11969,6123,18091
294887588354,130,5290,165,16062,11970,6123,18092
294887599288,120,6541,115,8511,11971,6123,18093
294887610566,21,6803,120,2827,11971,6124,18094
294887621708,162,5261,64,3158,11972,6124,18095
294887632387,119,6259,168,15936,11973,6124,18096
294887643660,23,7110,64,2960,11973,6125,18097
294887654727,121,5809,57,3200,11974,6125,18098
294887666289,115,5775,79,3023,11975,6125,18099
294887677353,34,8755,62,2822,11975,6126,18100
294887688506,111,5954,62,2313,11976,6126,18101
294887699396,118,6732,52,1580,11977,6126,18102
294887710387,18,6328,47,1577,11977,6127,18103
294887721616,111,5610,310,33717,11978,6127,18104
294887732806,103,6558,121,10587,11979,6127,18105
294887743734,21,6831,63,3064,11979,6128,18106
294887754909,124,5422,164,14871,11980,6128,18107
294887766017,108,6529,103,8595,11981,6128,18108
294887777115,18,6519,62,2888,11981,6129,18109
294887788235,128,5341,221,15686,11982,6129,18110
294887799254,120,7576,66,3280,11983,6129,18111
294887810447,29,7167,63,2871,11983,6130,18112
294887821641,123,5449,104,8115,11984,6130,18113
294887832960,113,5657,197,16124,11985,6130,18114
294887843764,25,7391,69,3220,11985,6131,18115
294887854964,144,4969,128,8855,11986,6131,18116
294887865808,927,6739,74,2994,11987,6131,18117
294887877234,27,6504,70,2649,11987,6132,18118
294887888523,130,6066,57,3015,11988,6132,18119
294887899045,139,7400,87,6196,11989,6132,18120
294887910405,21,6196,52,1699,11989,6133,18121
294887921403,115,5572,312,34264,11990,6133,18122
294887932556,111,7091,70,4590,11991,6133,18123
294887943585,17,6820,56,2967,11991,6134,18124
294887955094,120,5541,125,7964,11992,6134,18125
294887965886,149,7251,108,2925,11993,6134,18126
294887977015,19,9669,70,2644,11993,6135,18127
294887988113,130,5080,51,2923,11994,6135,18128
294887999015,161,8003,164,14850,11995,6135,18129
294888010298,18,7303,58,2856,11995,6136,18130
294888021659,110,5610,104,8618,11996,6136,18131
294888032458,454,6804,195,15608,11997,6136,18132
294888044008,20,7405,59,2872,11997,6137,18133
294888054957,181,5191,52,3187,11998,6137,18134
294888065635,188,7051,99,7959,11999,6137,18135
294888077346,18,8602,77,2772,11999,6138,18136
294888088415,120,5439,159,15994,12000,6138,18137
294888099510,106,7301,107,8422,12001,6138,18138
294888110307,17,6029,63,2927,12001,6139,18139
294888121667,155,5945,61,3259,12002,6139,18140
294888132605,104,6415,54,2762,12003,6139,18141
294888143752,19,7139,49,1793,12003,6140,18142
294888155013,130,5508,83,6654,12004,6140,18143
294888165926,106,7195,325,34696,12005,6140,18144
294888177219,17,9727,74,4456,12005,6141,18145
294888188135,111,5627,60,3126,12006,6141,18146
294888199146,102,7279,130,8019,12007,6141,18147
294888210321,20,5900,52,2679,12007,6142,18148
294888221504,126,5627,57,3102,12008,6142,18149
294888232750,109,6790,54,2781,12009,6142,18150
294888243510,19,6589,99,2592,12009,6143,18151
294888254689,118,5087,153,14956,12010,6143,18152
294888265919,112,6853,162,8684,12011,6143,18153
294888277087,17,8041,92,2856,12011,6144,18154
294888288095,150,5586,162,15668,12012,6144,18155
294888299203,117,6994,66,3517,12013,6144,18156
294888310576,17,6673,53,2869,12013,6145,18157
294888321602,103,5360,109,8248,12014,6145,18158
294888332701,99,6284,190,16056,12015,6145,18159
294888343972,59,7257,57,3029,12015,6146,18160
294888355016,119,5645,102,8722,12016,6146,18161
294888366014,236,6850,172,14731,12017,6146,18162
294888377520,20,6609,55,2321,12017,6147,18163
294888388282,108,5441,216,22556,12018,6147,18164
294888399218,106,7354,120,8456,12019,6147,18165
294888410398,18,6309,52,2622,12019,6148,18166
294888421712,102,5598,157,15315,12020,6148,18167
294888432905,352,6450,89,3199,12021,6148,18168
294888443915,20,6972,67,2645,12021,6149,18169
294888454650,120,5381,98,8064,12022,6149,18170
294888465850,102,6945,56,2908,12023,6149,18171
294888477198,24,8057,63,2525,12023,6150,18172
294888488495,124,5368,95,2823,12024,6150,18173
294888499443,117,7187,183,15211,12025,6150,18174
294888510582,17,7316,59,2876,12025,6151,18175
294888521607,109,5414,101,8750,12026,6151,18176
294888532886,102,6092,159,15796,12027,6151,18177
294888543942,17,7142,57,2980,12027,6152,18178
294888555059,144,5215,51,3238,12028,6152,18179
294888565734,103,7084,99,7983,12029,6152,18180
294888577135,17,6687,52,2593,12029,6153,18181
294888588348,103,5919,160,15948,12030,6153,18182
294888599194,183,7410,100,8032,12031,6153,18183
294888610320,22,5667,57,1871,12031,6154,18184
294888621260,187,5570,325,33183,12032,6154,18185
294888632843,147,6248,73,3837,12033,6154,18186
294888643535,20,6321,61,1646,12033,6155,18187
294888654571,127,5285,364,36210,12034,6155,18188
294888665886,108,6947,176,17528,12035,6155,18189
294888676998,18,9125,62,3425,12035,6156,18190
294888687968,109,5260,51,3313,12036,6156,18191
294888699325,110,7376,115,8045,12037,6156,18192
294888710434,17,6463,54,2696,12037,6157,18193
294888721568,118,5364,66,3141,12038,6157,18194
294888732303,114,6881,55,3066,12039,6157,18195
294888743998,17,7364,56,2867,12039,6158,18196
294888754716,112,5336,194,15424,12040,6158,18197
294888765832,103,6724,106,8889,12041,6158,18198
294888777014,16,6888,59,3008,12041,6159,18199
294888788022,117,4985,194,16017,12042,6159,18200
294888799027,109,7894,82,3613,12043,6159,18201
294888810282,16,6122,55,3167,12043,6160,18202
294888821746,119,5542,102,8377,12044,6160,18203
294888832340,101,6793,210,16574,12045,6160,18204
294888843658,18,6992,59,3332,12045,6161,18205
294888854964,111,5722,60,2523,12046,6161,18206
294888866002,261,6823,105,1877,12047,6161,18207
294888877163,22,8940,64,1873,12047,6162,18208
294888888150,228,5759,344,36258,12048,6162,18209
294888899123,104,7632,120,10637,12049,6162,18210
294888910368,18,5823,60,3417,12049,6163,18211
294888921542,105,5718,150,14696,12050,6163,18212
294888932816,98,6756,76,3651,12051,6163,18213
294888943861,17,6762,56,3074,12051,6164,18214
294888954601,105,5130,55,3490,12052,6164,18215
294888966080,109,7982,111,8824,12053,6164,18216
294888977511,34,7091,54,2954,12053,6165,18217
294888988281,163,5161,51,3269,12054,6165,18218
294888999518,118,6229,161,15324,12055,6165,18219
294889010300,17,6674,57,3135,12055,6166,18220
294889021303,104,5371,122,8838,12056,6166,18221
294889032338,138,6818,165,16008,12057,6166,18222
294889043950,19,7196,64,3288,12057,6167,18223
294889054848,116,5733,59,3524,12058,6167,18224
294889065698,151,6776,189,7963,12059,6167,18225
294889077232,17,8996,63,2517,12059,6168,18226
294889088444,181,5767,353,34281,12060,6168,18227
294889099478,132,6797,109,9492,12061,6168,18228
294889110244,18,5106,54,3315,12061,6169,18229
294889121486,134,5776,75,3585,12062,6169,18230
294889132370,106,7098,168,16231,12063,6169,18231
294889143967,19,6773,65,3435,12063,6170,18232
294889154843,106,5441,103,9155,12064,6170,18233
294889165702,101,7227,197,16081,12065,6170,18234
294889176783,20,4582,68,3412,12065,6171,18235
294889188091,117,5167,63,3693,12066,6171,18236
294889199184,105,7512,55,3354,12067,6171,18237
294889210660,16,7560,60,3125,12067,6172,18238
294889221397,98,5451,119,8983,12068,6172,18239
294889232590,105,6778,56,3224,12069,6172,18240
294889243764,18,7165,68,2974,12069,6173,18241
294889255067,124,5446,161,15719,12070,6173,18242
294889266046,101,6561,108,9035,12071,6173,18243
294889277235,17,7141,57,3178,12071,6174,18244
294889288218,100,5278,162,16017,12072,6174,18245
294889299364,116,6145,60,3676,12073,6174,18246
294889310336,17,7057,59,3205,12073,6175,18247
294889321518,97,5997,91,7781,12074,6175,18248
294889332782,99,6568,90,6026,12075,6175,18249
294889343530,16,6639,47,1969,12075,6176,18250
294889354815,210,5464,347,36413,12076,6176,18251
294889365757,100,7755,93,5094,12077,6176,18252
294889377038,25,9461,61,3247,12077,6177,18253
294889388211,111,5559,165,16083,12078,6177,18254
294889399252,134,7046,109,8885,12079,6177,18255
294889410426,23,6956,67,3029,12079,6178,18256
294889421651,115,5524,160,15926,12080,6178,18257
294889432740,104,6809,57,3481,12081,6178,18258
294889444008,18,7126,98,3059,12081,6179,18259
294889454897,117,5534,57,3225,12082,6179,18260
294889465930,103,6856,131,8563,12083,6179,18261
294889477282,18,8107,62,2993,12083,6180,18262
294889488420,107,5418,56,3312,12084,6180,18263
294889499231,102,6860,161,15520,12085,6180,18264
294889510532,226,6423,62,3253,12085,6181,18265
294889521968,105,5439,107,9184,12086,6181,18266
294889532483,97,6468,164,16199,12087,6181,18267
294889543979,16,7239,62,3531,12087,6182,18268
294889554635,97,5487,60,3726,12088,6182,18269
294889565757,100,6096,99,8335,12089,6182,18270
294889577235,17,8605,58,3086,12089,6183,18271
294889588380,157,5862,167,16179,12090,6183,18272
294889599077,103,6732,50,2497,12091,6183,18273
294889610556,22,6974,78,1843,12091,6184,18274
294889621400,138,5463,43,1839,12092,6184,18275
294889632302,100,6767,336,36354,12093,6184,18276
294889643971,20,6717,73,4821,12093,6185,18277
294889654943,118,5589,102,9051,12094,6185,18278
294889666012,104,6710,178,14923,12095,6185,18279
294889677017,21,8934,71,3266,12095,6186,18280
294889688161,114,5359,59,3489,12096,6186,18281
294889698956,111,7083,105,8316,12097,6186,18282
294889710258,19,4684,71,3046,12097,6187,18283
294889721486,111,5412,56,3462,12098,6187,18284
294889732460,102,7338,59,3155,12099,6187,18285
294889743781,16,7354,64,2958,12099,6188,18286
294889754628,105,5303,171,15615,12100,6188,18287
294889765790,114,7188,109,8961,12101,6188,18288
294889776948,17,8741,54,3129,12101,6189,18289
294889788079,97,5101,162,15802,12102,6189,18290
294889799254,109,7457,67,3865,12103,6189,18291
294889810316,19,6928,55,3023,12103,6190,18292
294889821662,106,5905,178,18311,12104,6190,18293
294889832818,106,6043,81,6469,12105,6190,18294
294889843825,16,7103,50,2049,12105,6191,18295
294889854796,183,5467,42,2012,12106,6191,18296
294889865883,114,7582,378,36330,12107,6191,18297
294889877083,24,8786,121,4924,12107,6192,18298
294889888099,119,5517,179,16594,12108,6192,18299
294889899348,374,7117,111,8888,12109,6192,18300
294889910451,18,6777,72,3049,12109,6193,18301
294889921499,105,5587,169,16087,12110,6193,18302
294889932690,201,6812,98,3529,12111,6193,18303
294889943882,30,7013,74,3103,12111,6194,18304
294889954950,308,7876,75,3197,12112,6194,18305
294889966170,132,7313,109,8615,12113,6194,18306
294889977189,20,6130,62,3021,12113,6195,18307
294889988287,122,5367,56,3362,12114,6195,18308
294889999127,111,7093,164,15521,12115,6195,18309
294890010300,19,6930,69,3417,12115,6196,18310
294890021826,108,5340,108,9370,12116,6196,18311
294890032455,115,6691,184,16358,12117,6196,18312
294890043631,25,7193,60,3255,12117,6197,18313
294890054886,316,5649,73,3585,12118,6197,18314
294890065921,160,6629,64,2822,12119,6197,18315
294890077226,17,8590,49,1861,12119,6198,18316
294890088113,109,5616,317,34377,12120,6198,18317
294890099308,111,7382,125,10407,12121,6198,18318
294890110279,19,6730,69,3367,12121,6199,18319
294890121592,134,5642,61,3480,12122,6199,18320
294890132388,110,7138,185,15602,12123,6199,18321
294890143996,25,7030,58,3169,12123,6200,18322
294890155004,136,5855,102,8713,12124,6200,18323
294890165973,105,7135,192,16019,12125,6200,18324
294890176899,18,9214,86,3219,12125,6201,18325
294890188267,116,5153,65,3485,12126,6201,18326
294890199025,106,7666,73,3064,12127,6201,18327
294890210567,22,7402,66,2962,12127,6202,18328
294890221479,112,5510,116,8794,12128,6202,18329
294890232724,123,6804,67,3172,12129,6202,18330
294890243531,22,7189,64,2910,12129,6203,18331
294890254823,199,5503,192,15343,12130,6203,18332
294890265772,155,6538,104,8847,12131,6203,18333
294890277331,19,8274,62,3107,12131,6204,18334
294890288538,110,5977,161,15874,12132,6204,18335
294890298970,157,7155,51,2828,12133,6204,18336
294890310293,16,6735,48,1883,12133,6205,18337
294890321517,115,5647,326,36148,12134,6205,18338
294890332553,96,7004,186,18410,12135,6205,18339
294890343904,17,6818,62,3561,12135,6206,18340
294890355024,192,5361,101,8789,12136,6206,18341
294890365971,284,7141,66,3275,12137,6206,18342
294890376885,21,6249,59,2966,12137,6207,18343
294890388105,111,5701,181,16073,12138,6207,18344
294890399339,111,6696,109,9214,12139,6207,18345
294890410317,18,6649,58,3073,12139,6208,18346
294890421489,115,5625,187,16176,12140,6208,18347
294890432703,113,6406,110,8844,12141,6208,18348
294890443862,18,7399,73,2904,12141,6209,18349
294890454649,125,5232,284,16458,12142,6209,18350
294890465688,163,6630,106,8766,12143,6209,18351
294890476873,18,7923,60,2987,12143,6210,18352
294890488118,114,5388,54,3307,12144,6210,18353
294890499154,148,7737,201,14972,12145,6210,18354
294890510310,19,6856,49,2371,12145,6211,18355
294890521373,102,5871,336,29180,12146,6211,18356
294890532788,145,6308,236,5285,12147,6211,18357
294890543983,28,7270,65,1958,12147,6212,18358
294890555074,167,8404,340,34807,12148,6212,18359
294890566069,132,6616,137,10100,12149,6212,18360
294890577222,28,8736,78,3302,12149,6213,18361
294890587991,173,5400,182,15887,12150,6213,18362
294890599556,141,6601,129,8762,12151,6213,18363
294890610625,31,7038,91,3218,12151,6214,18364
294890621647,190,5432,80,3641,12152,6214,18365
294890632841,180,6903,194,16420,12153,6214,18366
294890643498,29,4394,120,3205,12153,6215,18367
294890654521,158,4977,123,9060,12154,6215,18368
294890666083,150,6837,243,16206,12155,6215,18369
294890676817,32,7427,76,3362,12155,6216,18370
294890687939,164,5164,130,9446,12156,6216,18371
294890699147,138,6663,231,16513,12157,6216,18372
294890710171,24,7070,59,3204,12157,6217,18373
294890721773,116,5296,104,8883,12158,6217,18374
294890732703,115,6736,62,3148,12159,6217,18375
294890743887,17,7131,57,2896,12159,6218,18376
294890755110,112,5029,162,15556,12160,6218,18377
294890765716,103,6832,112,9025,12161,6218,18378
294890776925,22,8906,60,3060,12161,6219,18379
294890788091,107,5983,140,10380,12162,6219,18380
294890799434,100,6318,83,2123,12163,6219,18381
294890810407,21,6976,49,1831,12163,6220,18382
294890821633,112,5659,326,36198,12164,6220,18383
294890832624,119,7089,181,18246,12165,6220,18384
294890843772,17,6927,64,3557,12165,6221,18385
294890855042,152,8320,104,8811,12166,6221,18386
294890865930,113,7278,64,3279,12167,6221,18387
294890876827,25,8295,125,2989,12167,6222,18388
294890888355,128,5284,194,16183,12168,6222,18389
294890899359,111,6789,121,9057,12169,6222,18390
294890910558,19,7695,63,2975,12169,6223,18391
294890921458,114,5506,163,15942,12170,6223,18392
294890932655,99,6591,101,8536,12171,6223,18393
294890943668,18,7090,64,2889,12171,6224,18394
294890954884,147,5254,190,16424,12172,6224,18395
294890965837,110,6704,134,8757,12173,6224,18396
294890976825,18,6719,53,3009,12173,6225,18397
294890988231,105,5392,51,3348,12174,6225,18398
294890998957,104,6839,165,14835,12175,6225,18399
294891010443,17,7028,55,2399,12175,6226,18400
294891021448,104,5583,47,2423,12176,6226,18401
294891032646,140,6921,351,34131,12177,6226,18402
294891043967,18,7105,73,4703,12177,6227,18403
294891054979,108,8240,78,3326,12178,6227,18404
294891066030,169,6739,110,8245,12179,6227,18405
294891077166,21,6544,63,3007,12179,6228,18406
294891088332,123,5729,178,15684,12180,6228,18407
294891099364,115,7048,134,8711,12181,6228,18408
294891110354,19,6112,68,3058,12181,6229,18409
294891121298,142,5348,76,3430,12182,6229,18410
294891132638,125,7050,171,16846,12183,6229,18411
294891143784,18,7324,62,3287,12183,6230,18412
294891155062,139,5225,100,9098,12184,6230,18413
294891166009,112,6548,148,14202,12185,6230,18414
294891177144,17,8065,57,3014,12185,6231,18415
294891188344,107,5205,106,8099,12186,6231,18416
294891199261,221,6647,203,16185,12187,6231,18417
294891210531,27,7054,78,3377,12187,6232,18418
294891221734,144,4997,122,9096,12188,6232,18419
294891232354,166,6930,72,3230,12189,6232,18420
294891243733,28,7170,73,2937,12189,6233,18421
294891254720,143,5564,172,15659,12190,6233,18422
294891265833,150,6718,119,8559,12191,6233,18423
294891277105,30,8169,67,1927,12191,6234,18424
294891288176,169,5510,377,44475,12192,6234,18425
294891299015,161,7074,110,6680,12193,6234,18426
294891310596,27,6815,87,4052,12193,6235,18427
294891321681,151,5492,122,9082,12194,6235,18428
294891332811,141,6504,191,16889,12195,6235,18429
294891343818,31,6859,87,3682,12195,6236,18430
294891354991,164,7956,149,9555,12196,6236,18431
294891366076,211,7054,103,3583,12197,6236,18432
294891377540,32,6709,78,3289,12197,6237,18433
294891388077,169,8940,232,16526,12198,6237,18434
294891399156,154,14209,149,9442,12199,6237,18435
294891425095,178,15812,194,16564,12200,6237,18436
294891452219,156,10973,87,4165,12201,6237,18437
294891474916,182,15330,129,8870,12202,6237,18438
294891501576,165,12493,102,5835,12203,6237,18439
294891525581,175,15763,367,36329,12204,6237,18440
294891552677,153,10798,117,7305,12205,6237,18441
294891564323,50,14760,67,1886,12205,6238,18442
294891590320,164,4862,346,33642,12206,6238,18443
294891601404,130,4847,129,10529,12207,6238,18444
294891613236,27,7719,88,3245,12207,6239,18445
294891623677,171,5538,71,3351,12208,6239,18446
294891635041,158,4994,179,15691,12209,6239,18447
294891645994,28,7501,80,3085,12209,6240,18448
294891657061,161,5122,114,8792,12210,6240,18449
294891668062,123,4954,204,15933,12211,6240,18450
294891679945,20,7397,86,3373,12211,6241,18451
294891690592,120,5433,57,3715,12212,6241,18452
294891701606,101,5855,55,3204,12213,6241,18453
294891712693,18,6678,67,2996,12213,6242,18454
294891724165,111,5617,101,8638,12214,6242,18455
294891734975,95,5470,53,3234,12215,6242,18456
294891746083,17,7505,56,2948,12215,6243,18457
294891757105,105,5164,156,15506,12216,6243,18458
294891768260,92,5634,108,9237,12217,6243,18459
294891779570,17,7509,64,3143,12217,6244,18460
294891790849,111,5349,161,15430,12218,6244,18461
294891801782,108,5732,49,2468,12219,6244,18462
294891812710,18,7101,55,1886,12219,6245,18463
294891824137,321,5580,350,36271,12220,6245,18464
294891835117,113,5237,183,18390,12221,6245,18465
294891846216,15,7527,68,3652,12221,6246,18466
294891857236,127,5599,102,8853,12222,6246,18467
294891868672,132,4885,76,3521,12223,6246,18468
294891879321,21,10620,109,3106,12223,6247,18469
294891890751,108,5340,199,16246,12224,6247,18470
294891901865,117,5392,108,9269,12225,6247,18471
294891912952,19,7326,119,3079,12225,6248,18472
294891924018,113,5588,169,16089,12226,6248,18473
294891935067,284,5596,101,8465,12227,6248,18474
294891946013,19,7039,65,2916,12227,6249,18475
294891957406,106,5514,182,16393,12228,6249,18476
294891968379,103,5422,105,8579,12229,6249,18477
294891979725,18,6473,54,3004,12229,6250,18478
294891990449,136,5590,77,3356,12230,6250,18479
294892001595,125,5760,163,15681,12231,6250,18480
294892012706,23,7359,61,3412,12231,6251,18481
294892023800,107,5217,108,9355,12232,6251,18482
294892034903,223,5348,170,16079,12233,6251,18483
294892045928,18,7191,58,2875,12233,6252,18484
294892057540,108,5068,50,3409,12234,6252,18485
294892068429,157,5028,51,1934,12235,6252,18486
294892079529,18,7360,63,1920,12235,6253,18487
294892090522,155,5665,335,33878,12236,6253,18488
294892101668,113,5155,214,10841,12237,6253,18489
294892112848,28,7663,69,3409,12237,6254,18490
294892123786,133,5831,58,3439,12238,6254,18491
294892134993,116,4986,164,15883,12239,6254,18492
294892145931,19,7198,58,3071,12239,6255,18493
294892157584,104,5348,110,8912,12240,6255,18494
294892168473,105,5287,167,16069,12241,6255,18495
294892179523,18,7425,58,3334,12241,6256,18496
294892190721,106,5382,109,9264,12242,6256,18497
294892201550,98,6026,200,16503,12243,6256,18498
294892212904,22,7160,76,3078,12243,6257,18499
294892223715,105,5265,99,8848,12244,6257,18500
294892235052,102,5542,69,3354,12245,6257,18501
294892246261,27,8457,110,3099,12245,6258,18502
294892257277,124,5006,167,15659,12246,6258,18503
294892268598,113,5388,108,9157,12247,6258,18504
294892279678,18,7278,59,3101,12247,6259,18505
294892290845,107,5401,98,7448,12248,6259,18506
294892301893,102,4942,43,2126,12249,6259,18507
294892312938,49,7337,70,2030,12249,6260,18508
294892324066,303,5560,340,36382,12250,6260,18509
294892335011,103,4972,190,18482,12251,6260,18510
294892346063,18,7583,74,3554,12251,6261,18511
294892357226,147,5821,136,8845,12252,6261,18512
294892368425,168,4817,60,3381,12253,6261,18513
294892379545,18,7740,58,3035,12253,6262,18514
294892390734,101,5533,181,16267,12254,6262,18515
294892401809,103,5216,108,9275,12255,6262,18516
294892412596,19,7072,61,2952,12255,6263,18517
294892424312,125,5656,162,16094,12256,6263,18518
294892434984,107,5656,109,8536,12257,6263,18519
294892446001,18,7057,61,2965,12257,6264,18520
294892457417,106,5173,167,16503,12258,6264,18521
294892468469,102,5565,106,8715,12259,6264,18522
294892479627,20,6471,56,3092,12259,6265,18523
294892490601,108,5383,58,3420,12260,6265,18524
294892501779,100,5642,160,15700,12261,6265,18525
294892512924,16,6961,68,3268,12261,6266,18526
294892524230,110,5146,92,7643,12262,6266,18527
294892535622,661,5786,89,4762,12263,6266,18528
294892546303,22,7363,54,1971,12263,6267,18529
294892557310,115,5665,350,35123,12264,6267,18530
294892568609,110,5193,132,10094,12265,6267,18531
294892579417,17,7197,60,3328,12265,6268,18532
294892590571,104,5829,161,15874,12266,6268,18533
294892601888,102,5398,102,8757,12267,6268,18534
294892612897,19,7772,74,3186,12267,6269,18535
294892624099,137,5423,58,3545,12268,6269,18536
294892634827,119,4964,167,16336,12269,6269,18537
294892646430,20,7356,61,3310,12269,6270,18538
294892657352,110,5377,130,9220,12270,6270,18539
294892668367,103,5606,208,16270,12271,6270,18540
294892679333,21,6782,69,3338,12271,6271,18541
294892690716,108,5607,111,9404,12272,6271,18542
294892701977,103,5546,181,16427,12273,6271,18543
294892713099,18,6764,57,3187,12273,6272,18544
294892723974,108,5266,103,8840,12274,6272,18545
294892734747,132,5700,59,3276,12275,6272,18546
294892746014,16,7291,76,2968,12275,6273,18547
294892757557,101,5029,157,15303,12276,6273,18548
294892768565,109,5578,53,2733,12277,6273,18549
294892779767,16,7621,48,1927,12277,6274,18550
294892791091,101,5154,336,34562,12278,6274,18551
294892801592,106,4912,69,4897,12279,6274,18552
294892812831,17,7368,57,3219,12279,6275,18553
294892824167,107,5827,100,8363,12280,6275,18554
294892835235,118,5185,168,15972,12281,6275,18555
294892846630,18,8899,168,3206,12281,6276,18556
294892857325,112,5231,102,8763,12282,6276,18557
294892868407,180,4826,124,3341,12283,6276,18558
294892879647,54,7542,59,3054,12283,6277,18559
294892890823,104,5531,159,16029,12284,6277,18560
294892901807,97,5725,121,9254,12285,6277,18561
294892912888,23,7244,67,2953,12285,6278,18562
294892923837,119,5556,194,16116,12286,6278,18563
294892935170,105,5748,111,8518,12287,6278,18564
294892946463,20,6992,56,3104,12287,6279,18565
294892957350,112,4924,169,16441,12288,6279,18566
294892968039,113,5415,109,8898,12289,6279,18567
294892979312,19,7541,58,3009,12289,6280,18568
294892990863,103,5298,54,3306,12290,6280,18569
294893001554,131,5666,189,15742,12291,6280,18570
294893012951,20,6911,65,3198,12291,6281,18571
294893023850,114,4898,88,2763,12292,6281,18572
294893034966,161,4966,327,34196,12293,6281,18573
294893046166,25,7511,87,4692,12293,6282,18574
294893057250,151,5502,56,3347,12294,6282,18575
294893068178,102,4921,187,8207,12295,6282,18576
294893079343,22,10142,64,2977,12295,6283,18577
294893090810,163,5322,158,15674,12296,6283,18578
294893101478,106,4930,106,8700,12297,6283,18579
294893112942,17,7638,76,3024,12297,6284,18580
294893124158,150,5274,61,3390,12298,6284,18581
294893135123,164,5626,202,16356,12299,6284,18582
294893146842,24,8055,64,3288,12299,6285,18583
294893157396,118,5233,124,9159,12300,6285,18584
294893168454,102,5862,149,14233,12301,6285,18585
294893179955,18,7027,61,2985,12301,6286,18586
294893190410,111,5331,114,8121,12302,6286,18587
294893201482,105,5337,170,16413,12303,6286,18588
294893212649,18,7259,85,3440,12303,6287,18589
294893224102,293,5310,105,9065,12304,6287,18590
294893235121,194,6280,67,3414,12305,6287,18591
294893246220,24,7358,111,2952,12305,6288,18592
294893257396,123,5037,159,15616,12306,6288,18593
294893268509,121,5516,55,2920,12307,6288,18594
294893279651,20,7559,54,1881,12307,6289,18595
294893290670,112,4806,48,1881,12308,6289,18596
294893301833,149,5191,345,35260,12309,6289,18597
294893312819,40,7371,76,4804,12309,6290,18598
294893324167,134,5611,142,8623,12310,6290,18599
294893335236,124,5998,166,16081,12311,6290,18600
294893346072,20,7383,56,3212,12311,6291,18601
294893357328,119,5402,108,8970,12312,6291,18602
294893368703,108,5060,73,3237,12313,6291,18603
294893379127,28,7030,71,2983,12313,6292,18604
294893390719,133,5346,172,16175,12314,6292,18605
294893401642,115,4991,120,8962,12315,6292,18606
294893412648,28,7095,71,3087,12315,6293,18607
294893424011,147,5570,203,16006,12316,6293,18608
294893435326,111,5596,111,8513,12317,6293,18609
294893446362,23,7584,62,2925,12317,6294,18610
294893457095,133,5528,168,16355,12318,6294,18611
294893468138,129,5704,105,8913,12319,6294,18612
294893479358,18,6731,71,3099,12319,6295,18613
294893490931,109,5101,88,3426,12320,6295,18614
294893501394,106,5972,161,15912,12321,6295,18615
294893513031,17,7129,60,3360,12321,6296,18616
294893524006,110,5464,109,9297,12322,6296,18617
294893535090,110,5621,73,5353,12323,6296,18618
294893546057,20,7179,48,2004,12323,6297,18619
294893557217,106,5291,42,1949,12324,6297,18620
294893568225,102,5583,347,36428,12325,6297,18621
294893579513,18,7334,109,4921,12325,6298,18622
294893590631,252,5510,167,16922,12326,6298,18623
294893601862,97,5398,105,8761,12327,6298,18624
294893612916,17,7916,73,3227,12327,6299,18625
294893623812,140,5433,92,3598,12328,6299,18626
294893635111,109,4993,185,16736,12329,6299,18627
294893646245,19,7531,92,3301,12329,6300,18628
294893657476,221,5120,148,9201,12330,6300,18629
294893668364,130,6027,167,16178,12331,6300,18630
294893679524,20,6924,73,3352,12331,6301,18631
294893690651,106,4912,113,9390,12332,6301,18632
294893701691,114,5688,175,16483,12333,6301,18633
294893712900,19,6909,93,3003,12333,6302,18634
294893724058,105,5458,126,8676,12334,6302,18635
294893735071,220,5513,57,3422,12335,6302,18636
294893746140,16,7331,62,3013,12335,6303,18637
294893757274,101,5050,178,15491,12336,6303,18638
294893768037,106,5666,52,2760,12337,6303,18639
294893779360,21,7046,42,1836,12337,6304,18640
294893790541,117,5508,314,34461,12338,6304,18641
294893801552,106,4938,76,4857,12339,6304,18642
294893812674,19,7161,53,3220,12339,6305,18643
294893824206,158,6049,124,8272,12340,6305,18644
294893834777,111,4958,161,15786,12341,6305,18645
294893846486,27,7404,100,3216,12341,6306,18646
294893857018,125,5411,100,8876,12342,6306,18647
294893868031,277,5271,68,3158,12343,6306,18648
294893879597,27,7521,60,2903,12343,6307,18649
294893890716,116,5240,164,15988,12344,6307,18650
294893901423,118,5979,117,9335,12345,6307,18651
294893913019,23,7065,69,2942,12345,6308,18652
294893923809,136,5506,146,13455,12346,6308,18653
294893935052,117,5230,103,8426,12347,6308,18654
294893946053,19,7173,67,3003,12347,6309,18655
294893957265,129,4708,169,16251,12348,6309,18656
294893968379,105,5502,109,8830,12349,6309,18657
294893979562,18,7585,60,3083,12349,6310,18658
294893990722,108,5121,51,3403,12350,6310,18659
294894001532,110,5444,70,4232,12351,6310,18660
294894012626,16,6800,51,1915,12351,6311,18661
294894023943,118,5854,342,36452,12352,6311,18662
294894035011,115,5178,178,17790,12353,6311,18663
294894046333,17,7423,91,3716,12353,6312,18664
294894057553,146,5893,59,3548,12354,6312,18665
294894068933,101,5241,102,8022,12355,6312,18666
294894079488,18,7631,57,2959,12355,6313,18667
294894090858,157,5103,156,16026,12356,6313,18668
294894101865,100,5445,105,8718,12357,6313,18669
294894112669,18,7573,77,3138,12357,6314,18670
294894124083,140,5701,81,3472,12358,6314,18671
294894135038,261,5728,179,16313,12359,6314,18672
294894146291,19,7024,59,3199,12359,6315,18673
294894157042,111,5685,103,9122,12360,6315,18674
294894168412,107,5412,156,14333,12361,6315,18675
294894179306,17,9628,57,3246,12361,6316,18676
294894190788,102,14243,123,8545,12362,6316,18677
294894216817,127,13212,93,6349,12363,6316,18678
294894241813,127,14914,54,2008,12364,6316,18679
294894268317,136,11229,367,36513,12365,6316,18680
294894290923,115,15181,187,17887,12366,6316,18681
294894317624,134,12017,113,8834,12367,6316,18682
294894341338,112,16617,177,16434,12368,6316,18683
294894369645,148,11322,133,8311,12369,6316,18684
294894392385,122,5729,233,16276,12370,6316,18685
294894403652,110,4988,160,9403,12371,6316,18686
294894414997,321,7183,157,14358,12372,6316,18687
294894426006,19,5057,62,3364,12372,6317,18688
294894437107,127,5594,104,8344,12373,6317,18689
294894448039,239,7615,198,16679,12374,6317,18690
294894459163,17,5065,57,3578,12374,6318,18691
294894470247,109,5619,136,9371,12375,6318,18692
294894481787,113,6998,56,3266,12376,6318,18693
294894492588,23,4762,52,2988,12376,6319,18694
294894503829,107,5677,81,6252,12377,6319,18695
294894514863,194,9117,48,1981,12378,6319,18696
294894525996,18,4802,41,1911,12378,6320,18697
294894536671,102,5113,334,34407,12379,6320,18698
294894547900,17,7421,71,4767,12379,6321,18699
294894558997,119,7862,63,3410,12380,6321,18700
294894570653,101,5402,96,8089,12381,6321,18701
294894581610,144,7477,162,15694,12382,6321,18702
294894592455,16,4852,53,3237,12382,6322,18703
294894603613,127,4975,113,8766,12383,6322,18704
294894615927,183,6764,71,3334,12384,6322,18705
294894625866,23,4879,65,2963,12384,6323,18706
294894637070,116,6046,169,16136,12385,6323,18707
294894648106,106,7189,71,3428,12386,6323,18708
294894659206,20,4785,65,3061,12386,6324,18709
294894670368,133,5466,65,2915,12387,6324,18710
294894681345,20,7369,49,1920,12387,6325,18711
294894692521,116,5240,73,2127,12388,6325,18712
294894703407,104,5371,328,36272,12389,6325,18713
294894714591,27,7992,77,4838,12389,6326,18714
294894725758,104,5337,220,16655,12390,6326,18715
294894737047,108,5589,98,8233,12391,6326,18716
294894747977,117,8021,159,15564,12392,6326,18717
294894759426,17,4575,49,3095,12392,6327,18718
294894770567,115,5136,126,9032,12393,6327,18719
294894781263,17,7342,55,2985,12393,6328,18720
294894792696,103,8003,164,15908,12394,6328,18721
294894803871,100,5271,68,3599,12395,6328,18722
294894814883,355,6905,124,8338,12396,6328,18723
294894826125,18,4999,52,3020,12396,6329,18724
294894837201,107,4948,176,16318,12397,6329,18725
294894847798,17,7252,67,3314,12397,6330,18726
294894859116,118,7759,123,9129,12398,6330,18727
294894870325,135,5803,70,3568,12399,6330,18728
294894881352,283,7040,209,16482,12400,6330,18729
294894892432,22,4836,57,3198,12400,6331,18730
294894903639,119,5334,66,2801,12401,6331,18731
294894915051,256,7055,56,2287,12402,6331,18732
294894926001,20,4790,42,1837,12402,6332,18733
294894937089,137,5405,346,35034,12403,6332,18734
294894948084,235,7698,146,10083,12404,6332,18735
294894959151,18,5712,97,3519,12404,6333,18736
294894970419,227,4994,67,3542,12405,6333,18737
294894981422,21,7744,75,2999,12405,6334,18738
294894992507,143,4891,77,3229,12406,6334,18739
294895003807,113,5525,169,15445,12407,6334,18740
294895014825,104,7742,114,9183,12408,6334,18741
294895025785,24,5379,102,2991,12408,6335,18742
294895037066,141,5025,164,16026,12409,6335,18743
294895048213,103,7340,64,3712,12410,6335,18744
294895059463,17,5054,55,3215,12410,6336,18745
294895070021,105,5091,102,8556,12411,6336,18746
294895081321,107,7557,173,16432,12412,6336,18747
294895092543,21,4979,55,3326,12412,6337,18748
294895103930,171,5633,113,9175,12413,6337,18749
294895114976,171,7237,67,3242,12414,6337,18750
294895125835,28,5041,63,2939,12414,6338,18751
294895136932,113,5431,62,3332,12415,6338,18752
294895148052,256,7564,91,6675,12416,6338,18753
294895159196,19,4833,44,2045,12416,6339,18754
294895170478,118,5655,326,34696,12417,6339,18755
294895181724,137,7370,78,4848,12418,6339,18756
294895192433,18,4783,53,3200,12418,6340,18757
294895203654,105,5307,104,8271,12419,6340,18758
294895214921,187,7325,55,3269,12420,6340,18759
294895225904,22,6864,66,2966,12420,6341,18760
294895237046,104,5181,53,3249,12421,6341,18761
294895247992,225,7638,173,15132,12422,6341,18762
294895259460,17,5228,54,3119,12422,6342,18763
294895270298,102,4896,100,9151,12423,6342,18764
294895281580,135,7536,193,16073,12424,6342,18765
294895292681,19,4890,62,3072,12424,6343,18766
294895304006,115,5643,57,3376,12425,6343,18767
294895314694,214,7315,103,8220,12426,6343,18768
294895325773,18,5100,64,3055,12426,6344,18769
294895336975,110,5507,163,16250,12427,6344,18770
294895348039,308,7393,172,8456,12428,6344,18771
294895359217,29,4757,52,2578,12428,6345,18772
294895370206,151,5192,94,6017,12429,6345,18773
294895381344,21,7812,68,2000,12429,6346,18774
294895392533,153,5143,518,36586,12430,6346,18775
294895403570,189,5374,147,10719,12431,6346,18776
294895414764,32,7870,71,3406,12431,6347,18777
294895425858,129,5393,100,7262,12432,6347,18778
294895436869,129,5530,342,35087,12433,6347,18779
294895448019,20,7816,76,4843,12433,6348,18780
294895459115,110,6692,111,8646,12434,6348,18781
294895470455,113,5136,54,3405,12435,6348,18782
294895481484,105,7565,68,3230,12436,6348,18783
294895492763,16,5115,66,2909,12436,6349,18784
294895503856,102,5269,156,15088,12437,6349,18785
294895515001,109,6849,101,9043,12438,6349,18786
294895526050,17,4885,62,3192,12438,6350,18787
294895537164,104,5277,184,16089,12439,6350,18788
294895548191,94,7029,60,3545,12440,6350,18789
294895559027,18,5084,49,3139,12440,6351,18790
294895570664,112,5423,102,8469,12441,6351,18791
294895581471,100,6688,187,16363,12442,6351,18792
294895592786,16,6573,54,3106,12442,6352,18793
294895603678,118,5936,112,8916,12443,6352,18794
294895614886,254,7323,113,5687,12444,6352,18795
294895625976,23,4688,48,1988,12444,6353,18796
294895636824,138,5600,47,1935,12445,6353,18797
294895647921,37,7277,54,1935,12445,6354,18798
294895659445,121,7517,363,36714,12446,6354,18799
294895670269,115,5351,184,17842,12447,6354,18800
294895681630,110,6996,65,3867,12448,6354,18801
294895692861,17,4620,52,3144,12448,6355,18802
294895703564,101,5158,100,8168,12449,6355,18803
294895714552,17,7359,53,2954,12449,6356,18804
294895726168,100,7408,62,3432,12450,6356,18805
294895737367,100,6882,50,3031,12451,6356,18806
294895748253,101,6907,158,15459,12452,6356,18807
294895759258,17,5015,50,3181,12452,6357,18808
294895770513,97,5019,125,8928,12453,6357,18809
294895781158,25,6917,54,3017,12453,6358,18810
294895792536,104,7321,184,15963,12454,6358,18811
294895803544,90,5106,56,3505,12455,6358,18812
294895814675,104,7096,98,8207,12456,6358,18813
294895826001,16,4940,52,2965,12456,6359,18814
294895836925,154,5966,165,16330,12457,6359,18815
294895847983,95,7259,107,8628,12458,6359,18816
294895859102,21,4813,116,3030,12458,6360,18817
294895870429,340,5277,89,5226,12459,6360,18818
294895881430,354,7138,62,3067,12460,6360,18819
294895892472,22,4744,43,1884,12460,6361,18820
294895903903,122,5455,454,36687,12461,6361,18821
294895914933,408,8837,225,17824,12462,6361,18822
294895925839,21,5271,63,3630,12462,6362,18823
294895936823,123,5256,120,3574,12463,6362,18824
294895947863,20,7288,58,3025,12463,6363,18825
294895959461,108,8143,61,3180,12464,6363,18826
294895970543,106,5142,123,8516,12465,6363,18827
294895981295,198,7435,60,3172,12466,6363,18828
294895992434,17,4841,60,2959,12466,6364,18829
294896004135,104,5310,161,15428,12467,6364,18830
294896014593,97,9284,105,9124,12468,6364,18831
294896025845,17,5036,54,2918,12468,6365,18832
294896037151,118,6099,159,16026,12469,6365,18833
294896048156,178,7186,113,3716,12470,6365,18834
294896059518,21,4791,53,3148,12470,6366,18835
294896070048,98,5571,56,2497,12471,6366,18836
294896081263,18,7530,46,1823,12471,6367,18837
294896092600,104,6312,338,33902,12472,6367,18838
294896103641,128,5278,123,10559,12473,6367,18839
294896115326,332,7368,76,3571,12474,6367,18840
294896125821,25,4817,55,3034,12474,6368,18841
294896137000,130,5504,162,16049,12475,6368,18842
294896147932,19,7670,63,3113,12475,6369,18843
294896159060,117,5396,104,8929,12476,6369,18844
294896170286,106,5066,163,15945,12477,6369,18845
294896181572,105,7427,62,3510,12478,6369,18846
294896192895,17,6593,59,3073,12478,6370,18847
294896203991,104,5469,54,3148,12479,6370,18848
294896215112,138,9126,123,8436,12480,6370,18849
294896225950,18,4966,61,2985,12480,6371,18850
294896237262,110,4992,71,3237,12481,6371,18851
294896247936,203,7167,159,15301,12482,6371,18852
294896259515,17,6359,70,3088,12482,6372,18853
294896270556,103,5753,103,8946,12483,6372,18854
294896281579,121,6978,172,16052,12484,6372,18855
294896292589,21,4669,56,3370,12484,6373,18856
294896303643,121,5403,53,3083,12485,6373,18857
294896314840,244,8837,51,1889,12486,6373,18858
294896326212,21,5133,46,1865,12486,6374,18859
294896336712,119,5497,320,33918,12487,6374,18860
294896348249,98,7640,125,10771,12488,6374,18861
294896359391,18,4895,53,3321,12488,6375,18862
294896370100,139,4847,77,3417,12489,6375,18863
294896381312,109,7657,188,15539,12490,6375,18864
294896392341,19,4814,49,3062,12490,6376,18865
294896403560,111,5090,102,8834,12491,6376,18866
294896414661,114,7670,164,16057,12492,6376,18867
294896425725,18,4974,52,3338,12492,6377,18868
294896437391,109,5476,105,9201,12493,6377,18869
294896447820,17,7432,56,2981,12493,6378,18870
294896459495,96,7648,191,16484,12494,6378,18871
294896470468,100,4938,96,8622,12495,6378,18872
294896481178,16,7528,53,3032,12495,6379,18873
294896492487,411,7476,71,3358,12496,6379,18874
294896503516,226,5865,161,15461,12497,6379,18875
294896514917,179,7187,109,9329,12498,6379,18876
294896525974,18,5148,56,3117,12498,6380,18877
294896537230,100,5623,176,15494,12499,6380,18878
294896548343,126,7167,56,2450,12500,6380,18879
294896559417,18,4917,40,1899,12500,6381,18880
294896570334,104,5295,331,36116,12501,6381,18881
294896581312,148,12913,188,18346,12502,6381,18882
294896605946,137,13991,132,8992,12503,6381,18883
294896631608,249,14449,210,15887,12504,6381,18884
294896657875,112,16302,111,9157,12505,6381,18885
294896685814,120,10048,69,3894,12506,6381,18886
294896697100,66,14828,65,2943,12506,6382,18887
294896723657,153,15144,73,3408,12507,6382,18888
294896750505,116,11858,163,15060,12508,6382,18889
294896774127,131,14262,125,8831,12509,6382,18890
294896799888,120,5773,79,5468,12510,6382,18891
294896811214,19,4806,47,1997,12510,6383,18892
294896822179,122,6065,41,1964,12511,6383,18893
294896833154,108,6042,313,33887,12512,6383,18894
294896844591,17,7605,81,4752,12512,6384,18895
294896855629,103,5663,109,9223,12513,6384,18896
294896866969,264,5741,64,3362,12514,6384,18897
294896877743,22,7243,83,3002,12514,6385,18898
294896888945,118,5521,157,15609,12515,6385,18899
294896899878,100,6072,109,9049,12516,6385,18900
294896910999,19,6705,55,2941,12516,6386,18901
294896923171,214,5453,237,16011,12517,6386,18902
294896933241,198,5612,153,8340,12518,6386,18903
294896944519,33,7617,76,3039,12518,6387,18904
294896955482,174,5727,186,16300,12519,6387,18905
294896966543,128,5537,126,8518,12520,6387,18906
294896977760,20,7395,62,3009,12520,6388,18907
294896988954,115,5004,100,3320,12521,6388,18908
294896999657,105,5516,194,15376,12522,6388,18909
294897011311,17,4873,56,3181,12522,6389,18910
294897022260,98,6053,50,2727,12523,6389,18911
294897033310,154,5817,338,34386,12524,6389,18912
294897044581,17,7371,70,4721,12524,6390,18913
294897055699,107,5395,57,3346,12525,6390,18914
294897066772,221,5577,101,8256,12526,6390,18915
294897077805,21,7452,62,3132,12526,6391,18916
294897089081,117,5379,160,15609,12527,6391,18917
294897099900,114,5928,109,8735,12528,6391,18918
294897111061,20,7465,209,3022,12528,6392,18919
294897122206,212,5503,63,3375,12529,6392,18920
294897133096,114,5624,172,16270,12530,6392,18921
294897144245,35,6594,60,3281,12530,6393,18922
294897155412,106,6086,113,9187,12531,6393,18923
294897166865,110,5126,197,16254,12532,6393,18924
294897177864,19,7036,58,3284,12532,6394,18925
294897188693,109,5194,108,9339,12533,6394,18926
294897199662,118,5624,170,16447,12534,6394,18927
294897211152,17,5148,55,3412,12534,6395,18928
294897222235,101,5153,100,9022,12535,6395,18929
294897233328,107,5466,53,3268,12536,6395,18930
294897244475,23,7044,56,3024,12536,6396,18931
294897255635,102,5028,174,15771,12537,6396,18932
294897266308,92,5602,109,8956,12538,6396,18933
294897277755,25,7261,55,3058,12538,6397,18934
294897288821,93,5777,98,7426,12539,6397,18935
294897299746,123,6000,351,35232,12540,6397,18936
294897310897,18,4987,72,4923,12540,6398,18937
294897322211,103,5570,50,2593,12541,6398,18938
294897333455,585,5253,338,33784,12542,6398,18939
294897344284,20,7400,75,4686,12542,6399,18940
294897355663,112,5387,101,9056,12543,6399,18941
294897366552,109,6442,64,3210,12544,6399,18942
294897377627,20,7184,57,2887,12544,6400,18943
294897388973,106,5521,158,15556,12545,6400,18944
294897400062,89,5451,105,8867,12546,6400,18945
294897411044,17,4906,79,2857,12546,6401,18946
294897422579,97,5375,178,15793,12547,6401,18947
294897433643,100,5094,100,8206,12548,6401,18948
294897444262,18,7084,66,3031,12548,6402,18949
294897455357,105,5743,183,16232,12549,6402,18950
294897466577,98,5038,108,8703,12550,6402,18951
294897477792,17,7497,66,2875,12550,6403,18952
294897488913,93,5648,86,5691,12551,6403,18953
294897499787,89,5451,52,1903,12552,6403,18954
294897511122,17,4909,40,1856,12552,6404,18955
294897522541,92,6277,40,1856,12553,6404,18956
294897533258,107,5389,318,34427,12554,6404,18957
294897544413,16,7134,68,4710,12554,6405,18958
294897555379,94,5595,49,3380,12555,6405,18959
294897566361,164,5695,94,8105,12556,6405,18960
294897577965,19,7401,50,2964,12556,6406,18961
294897588776,88,5358,152,15604,12557,6406,18962
294897600015,146,5490,98,8609,12558,6406,18963
294897611072,18,4835,59,2912,12558,6407,18964
294897622256,137,5668,84,5825,12559,6407,18965
294897633344,120,5461,360,36762,12560,6407,18966
294897644571,17,6724,69,4835,12560,6408,18967
294897655751,92,5206,100,9066,12561,6408,18968
294897666738,91,5527,151,13645,12562,6408,18969
294897677863,22,7338,54,3094,12562,6409,18970
294897688811,111,5284,94,8127,12563,6409,18971
294897699990,91,5278,194,15053,12564,6409,18972
294897711185,16,6933,52,3117,12564,6410,18973
294897722284,89,5279,98,8996,12565,6410,18974
294897733314,113,4894,49,3295,12566,6410,18975
294897744732,15,7303,51,3012,12566,6411,18976
294897755688,86,5388,145,14602,12567,6411,18977
294897766693,84,5089,49,2763,12568,6411,18978
294897777706,15,8293,42,1902,12568,6412,18979
294897788916,96,6156,335,34497,12569,6412,18980
294897799787,84,5603,68,4897,12570,6412,18981
294897811103,14,7164,53,3263,12570,6413,18982
294897822226,90,5521,96,8315,12571,6413,18983
294897833271,89,5516,154,15748,12572,6413,18984
294897844606,15,7269,55,3279,12572,6414,18985
294897855681,93,5401,143,8860,12573,6414,18986
294897866849,198,5941,72,3448,12574,6414,18987
294897877895,20,7187,57,3125,12574,6415,18988
294897888905,101,5659,164,16122,12575,6415,18989
294897899908,92,5933,169,9096,12576,6415,18990
294897910982,18,4873,78,2900,12576,6416,18991
294897922253,98,5567,156,15792,12577,6416,18992
294897933175,138,5626,110,8564,12578,6416,18993
294897944338,20,7105,80,3018,12578,6417,18994
294897955707,101,5661,177,16506,12579,6417,18995
294897966359,131,5746,104,8761,12580,6417,18996
294897977687,17,7642,57,3078,12580,6418,18997
294897988716,102,5123,57,3442,12581,6418,18998
294897999891,102,5993,182,15630,12582,6418,18999
294898011236,18,4780,60,3446,12582,6419,19000
294898022008,101,5100,106,9359,12583,6419,19001
294898033264,94,5420,198,16161,12584,6419,19002
294898044498,51,7235,62,2946,12584,6420,19003
294898055511,99,5905,52,3371,12585,6420,19004
294898066396,91,6010,383,36148,12586,6420,19005
294898077975,18,7448,70,4817,12586,6421,19006
294898088955,95,5422,165,16930,12587,6421,19007
294898100008,124,5711,100,8821,12588,6421,19008
294898111156,18,7877,72,3144,12588,6422,19009
294898122350,177,5430,60,3463,12589,6422,19010
294898133317,98,6112,169,16503,12590,6422,19011
294898144256,17,6581,55,3303,12590,6423,19012
294898155578,96,5771,100,9063,12591,6423,19013
294898166639,88,5388,180,16460,12592,6423,19014
294898177555,16,7628,60,3426,12592,6424,19015
294898189086,100,5130,108,9471,12593,6424,19016
294898200012,92,5541,167,16594,12594,6424,19017
294898211104,16,7015,54,3260,12594,6425,19018
294898222143,94,5391,99,8982,12595,6425,19019
294898233419,102,4828,62,3343,12596,6425,19020
294898244809,15,7334,53,3007,12596,6426,19021
294898255675,111,5713,160,14857,12597,6426,19022
294898266548,89,5992,349,39207,12598,6426,19023
294898277957,16,7533,98,4821,12598,6427,19024
294898288715,93,5472,174,16521,12599,6427,19025
294898299907,88,5952,60,3989,12600,6427,19026
294898311333,16,7224,78,3198,12600,6428,19027
294898322263,149,5359,103,8516,12601,6428,19028
294898333261,129,5832,168,16617,12602,6428,19029
294898344283,20,7435,99,3371,12602,6429,19030
294898355482,102,5369,102,9100,12603,6429,19031
294898366366,111,6620,64,3182,12604,6429,19032
294898377855,25,6999,55,2964,12604,6430,19033
294898389141,105,5124,204,16440,12605,6430,19034
294898399936,92,5916,101,9075,12606,6430,19035
294898411054,25,4697,71,3114,12606,6431,19036
294898422180,122,5216,320,16345,12607,6431,19037
294898433135,104,5579,104,8682,12608,6431,19038
294898444330,19,7464,63,3068,12608,6432,19039
294898455353,116,5614,167,16593,12609,6432,19040
294898466360,93,5656,107,9136,12610,6432,19041
294898477510,18,7239,54,3019,12610,6433,19042
294898489115,113,5167,54,3307,12611,6433,19043
294898499768,149,5232,179,15981,12612,6433,19044
294898510755,21,7334,65,3539,12612,6434,19045
294898522380,100,5353,107,9487,12613,6434,19046
294898533586,122,5509,118,5185,12614,6434,19047
294898544717,20,7429,86,1926,12614,6435,19048
294898555497,107,5268,350,35237,12615,6435,19049
294898566708,121,5666,117,10089,12616,6435,19050
294898577844,18,7179,62,3327,12616,6436,19051
294898588756,112,5386,160,15822,12617,6436,19052
294898599707,113,6173,101,8682,12618,6436,19053
294898611207,23,4862,75,3087,12618,6437,19054
294898622416,130,5719,79,5829,12619,6437,19055
294898633102,107,6153,361,36812,12620,6437,19056
294898644425,48,7179,83,4894,12620,6438,19057
294898655386,119,6174,111,9160,12621,6438,19058
294898666423,114,5915,196,15035,12622,6438,19059
294898677620,214,7288,80,3343,12622,6439,19060
294898689029,172,4970,124,9172,12623,6439,19061
294898699845,122,5419,181,15747,12624,6439,19062
294898711024,22,7238,63,3358,12624,6440,19063
294898722060,110,5475,98,9031,12625,6440,19064
294898733277,155,5373,53,3328,12626,6440,19065
294898744324,18,7278,59,3046,12626,6441,19066
294898755693,105,5623,158,15676,12627,6441,19067
294898766719,144,5463,63,2940,12628,6441,19068
294898777682,20,7448,51,1970,12628,6442,19069
294898788735,111,5417,337,34610,12629,6442,19070
294898800161,156,5777,81,4908,12630,6442,19071
294898811301,18,5091,72,3247,12630,6443,19072
294898822173,127,5696,48,2614,12631,6443,19073
294898833183,93,6016,325,33882,12632,6443,19074
294898844293,17,7356,87,4664,12632,6444,19075
294898855634,94,5717,102,9044,12633,6444,19076
294898866680,178,6612,125,3423,12634,6444,19077
294898878044,23,7121,77,3065,12634,6445,19078
294898888851,120,5157,164,15315,12635,6445,19079
294898899938,91,5616,105,8904,12636,6445,19080
294898911044,25,7379,55,2891,12636,6446,19081
294898922085,105,5310,135,13219,12637,6446,19082
294898933373,134,5665,110,8116,12638,6446,19083
294898944591,19,7514,54,2910,12638,6447,19084
294898955598,99,5475,166,16304,12639,6447,19085
294898966916,94,5217,123,8924,12640,6447,19086
294898977985,18,9124,60,3133,12640,6448,19087
294898988972,110,10476,63,3427,12641,6448,19088
294899000326,108,13689,66,4181,12642,6448,19089
294899025429,102,14954,54,1886,12643,6448,19090
294899051798,220,10779,345,34803,12644,6448,19091
294899073980,113,19023,124,9971,12645,6448,19092
294899104285,123,9472,62,3533,12646,6448,19093
294899115924,113,18504,84,3193,12647,6448,19094
294899146312,181,15962,173,15811,12648,6448,19095
294899173857,115,15267,80,5048,12649,6448,19096
294899200800,163,5445,78,2995,12650,6448,19097
294899211808,21,7866,70,2907,12650,6449,19098
294899223034,131,5255,106,8693,12651,6449,19099
294899233825,105,4915,81,2483,12652,6449,19100
294899245176,18,7759,51,1988,12652,6450,19101
294899256120,258,5946,334,32808,12653,6450,19102
294899267269,118,5147,78,5498,12654,6450,19103
294899278203,17,7678,66,3432,12654,6451,19104
294899289905,102,5824,157,15622,12655,6451,19105
294899300849,159,4807,60,3481,12656,6451,19106
294899311541,16,7428,83,3019,12656,6452,19107
294899322836,94,5441,99,8115,12657,6452,19108
294899333796,97,5330,172,16255,12658,6452,19109
294899344937,16,7705,85,3207,12658,6453,19110
294899356414,110,5443,100,8896,12659,6453,19111
294899367351,122,5673,59,3304,12660,6453,19112
294899378547,19,7001,102,2965,12660,6454,19113
294899389425,103,5062,164,16218,12661,6454,19114
294899400624,90,5840,108,8933,12662,6454,19115
294899412010,16,6886,55,2970,12662,6455,19116
294899423125,100,5337,141,13453,12663,6455,19117
294899434235,94,5171,121,8417,12664,6455,19118
294899444897,16,7298,56,3045,12664,6456,19119
294899456155,98,5189,202,16399,12665,6456,19120
294899467070,127,4828,123,9097,12666,6456,19121
294899478484,17,7444,61,3025,12666,6457,19122
294899489393,268,5432,51,3009,12667,6457,19123
294899500449,140,4888,154,14778,12668,6457,19124
294899512166,17,9911,58,3101,12668,6458,19125
294899522849,97,5813,56,2617,12669,6458,19126
294899533963,85,4994,324,34238,12670,6458,19127
294899545215,23,7378,71,4677,12670,6459,19128
294899556275,108,5321,62,3314,12671,6459,19129
294899567151,98,4870,111,8055,12672,6459,19130
294899578522,17,7222,52,2976,12672,6460,19131
294899589600,91,5191,172,15548,12673,6460,19132
294899600672,85,6124,98,8563,12674,6460,19133
294899611718,15,6834,63,3153,12674,6461,19134
294899622945,93,6217,69,3555,12675,6461,19135
294899634027,117,5801,167,16191,12676,6461,19136
294899645113,39,6525,56,3203,12676,6462,19137
294899656344,102,4865,100,9134,12677,6462,19138
294899667463,96,5754,146,14161,12678,6462,19139
294899678525,15,7263,52,3185,12678,6463,19140
294899689527,106,5067,119,8433,12679,6463,19141
294899700756,87,5802,166,16498,12680,6463,19142
294899711879,15,9936,54,3395,12680,6464,19143
294899722850,94,5077,120,9084,12681,6464,19144
294899734193,87,5242,80,5622,12682,6464,19145
294899745306,21,7370,43,1967,12682,6465,19146
294899756589,92,5768,338,36883,12683,6465,19147
294899767501,95,5014,136,10837,12684,6465,19148
294899778157,14,7273,56,3290,12684,6466,19149
294899789330,100,5276,319,14920,12685,6466,19150
294899800356,90,5022,80,3533,12686,6466,19151
294899811648,15,7155,50,2941,12686,6467,19152
294899823211,84,5451,137,8056,12687,6467,19153
294899834311,87,5470,156,15481,12688,6467,19154
294899845165,15,7185,55,3227,12688,6468,19155
294899856171,95,5473,98,8975,12689,6468,19156
294899867168,118,5348,123,3273,12690,6468,19157
294899878347,27,6710,55,2962,12690,6469,19158
294899889506,105,5164,181,16096,12691,6469,19159
294899900773,97,5650,103,9009,12692,6469,19160
294899911948,17,7617,53,3110,12692,6470,19161
294899922857,96,5267,136,13433,12693,6470,19162
294899933838,92,5196,101,8478,12694,6470,19163
294899945092,19,7233,66,3016,12694,6471,19164
294899956493,122,5645,166,16283,12695,6471,19165
294899967540,96,4975,112,8679,12696,6471,19166
294899978390,21,7453,50,2453,12696,6472,19167
294899989459,796,5115,829,22599,12697,6472,19168
294900000481,169,5419,92,5731,12698,6472,19169
294900011536,22,7210,65,1804,12698,6473,19170
294900022997,156,5886,349,36486,12699,6473,19171
294900034360,129,4731,186,17634,12700,6473,19172
294900044971,20,7559,66,3542,12700,6474,19173
294900056425,108,5301,58,3472,12701,6474,19174
294900067300,96,4997,102,8068,12702,6474,19175
294900078403,22,7391,76,2985,12702,6475,19176
294900089445,97,5108,188,16110,12703,6475,19177
294900100486,93,5369,118,8569,12704,6475,19178
294900111649,16,7219,96,2968,12704,6476,19179
294900123196,135,5853,57,3332,12705,6476,19180
294900134315,99,5284,165,16274,12706,6476,19181
294900145072,18,7127,56,3160,12706,6477,19182
294900156350,150,5411,151,8954,12707,6477,19183
294900167682,91,5755,199,14126,12708,6477,19184
294900178728,21,7368,56,3186,12708,6478,19185
294900189754,105,5241,98,8420,12709,6478,19186
294900200373,93,4756,185,16648,12710,6478,19187
294900212110,15,9810,54,3320,12710,6479,19188
294900222737,90,5335,46,2494,12711,6479,19189
294900234191,97,4881,39,1870,12712,6479,19190
294900245370,15,7501,48,1866,12712,6480,19191
294900256156,96,5900,377,36755,12713,6480,19192
294900267345,115,4761,156,10631,12714,6480,19193
294900278121,17,7393,59,3448,12714,6481,19194
294900289590,97,5233,149,14739,12715,6481,19195
294900300484,113,5287,57,3541,12716,6481,19196
294900311537,17,7273,58,2990,12716,6482,19197
294900323220,100,5506,97,8255,12717,6482,19198
294900334049,95,5606,176,15539,12718,6482,19199
294900345300,17,6901,53,3271,12718,6483,19200
294900356372,106,5678,100,8935,12719,6483,19201
294900367407,129,5295,69,3171,12720,6483,19202
294900378230,21,7260,58,2952,12720,6484,19203
294900389843,104,5027,165,16164,12721,6484,19204
294900400641,92,5757,68,3677,12722,6484,19205
294900411959,16,10152,58,3126,12722,6485,19206
294900422887,99,5400,50,3329,12723,6485,19207
294900433945,94,5020,96,8118,12724,6485,19208
294900445534,16,7541,63,2906,12724,6486,19209
294900456107,111,5913,151,12869,12725,6486,19210
294900467335,89,4951,165,16285,12726,6486,19211
294900478628,16,7446,57,3352,12726,6487,19212
294900489714,99,5681,107,9578,12727,6487,19213
294900501021,130,4805,158,15659,12728,6487,19214
294900511893,16,7204,58,3267,12728,6488,19215
294900522912,101,5526,98,8985,12729,6488,19216
294900534098,90,5440,162,16117,12730,6488,19217
294900544931,17,7324,54,3179,12730,6489,19218
294900556238,94,6957,86,3455,12731,6489,19219
294900567644,151,5761,133,8021,12732,6489,19220
294900578579,22,7249,62,2912,12732,6490,19221
294900589546,107,4982,168,15409,12733,6490,19222
294900600719,108,5191,52,2264,12734,6490,19223
294900611818,22,7675,61,1888,12734,6491,19224
294900623246,185,5657,371,36452,12735,6491,19225
294900634212,136,4870,194,18289,12736,6491,19226
294900645002,21,7607,67,3692,12736,6492,19227
294900656276,109,5363,102,9094,12737,6492,19228
294900667288,105,4944,173,16162,12738,6492,19229
294900678598,18,7404,59,3307,12738,6493,19230
294900689814,105,4994,106,3624,12739,6493,19231
294900700691,106,5286,56,3220,12740,6493,19232
294900712004,17,9888,94,3055,12740,6494,19233
294900723117,101,5360,100,8826,12741,6494,19234
294900733778,99,4996,52,3186,12742,6494,19235
294900745206,17,6912,51,2970,12742,6495,19236
294900756335,92,5106,155,15426,12743,6495,19237
294900767385,208,5305,132,9245,12744,6495,19238
294900778412,20,7328,58,2994,12744,6496,19239
294900789716,108,5230,165,16272,12745,6496,19240
294900800777,104,5508,61,3707,12746,6496,19241
294900811857,18,9928,62,3209,12746,6497,19242
294900823159,100,5268,96,8611,12747,6497,19243
294900834133,93,5050,87,6373,12748,6497,19244
294900845056,26,7519,52,1972,12748,6498,19245
294900856051,125,5832,346,36795,12749,6498,19246
294900867695,129,5127,100,5163,12750,6498,19247
294900878789,24,7323,66,3246,12750,6499,19248
294900889852,123,5911,179,16268,12751,6499,19249
294900900901,111,4994,133,8813,12752,6499,19250
294900911815,17,10848,61,3040,12752,6500,19251
294900934011,121,4940,142,13303,12753,6500,19252
294900945106,18,7424,62,3019,12753,6501,19253
294900956390,111,5489,54,3159,12754,6501,19254
294900967346,118,5542,106,8518,12755,6501,19255
294900978477,18,6904,59,2946,12755,6502,19256
294900989653,107,5727,52,3220,12756,6502,19257
294901000654,97,5644,158,15467,12757,6502,19258
294901011884,22,7088,59,3188,12757,6503,19259
294901023301,101,5502,102,9060,12758,6503,19260
294901034101,101,5521,177,16107,12759,6503,19261
294901045355,40,7428,71,3275,12759,6504,19262
294901056447,113,5341,60,3548,12760,6504,19263
294901067573,98,5737,104,8114,12761,6504,19264
294901078799,20,7252,61,3054,12761,6505,19265
294901089751,143,4915,170,15912,12762,6505,19266
294901100888,110,5147,50,2287,12763,6505,19267
294901112076,24,11071,62,1875,12763,6506,19268
294901134772,137,5097,337,36802,12764,6506,19269
294901145759,17,7262,71,4852,12764,6507,19270
294901156848,167,5951,109,9087,12765,6507,19271
294901168070,99,4950,153,14925,12766,6507,19272
294901178753,15,6939,55,3160,12766,6508,19273
294901190400,96,5186,52,3341,12767,6508,19274
294901200953,116,5558,53,3288,12768,6508,19275
294901212605,20,9344,86,2973,12768,6509,19276
294901223782,90,5728,153,8999,12769,6509,19277
294901234832,84,6180,50,3094,12770,6509,19278
294901245868,23,6717,73,2884,12770,6510,19279
294901257039,102,5769,189,15356,12771,6510,19280
294901268177,90,5573,128,8908,12772,6510,19281
294901279409,19,6563,50,3004,12772,6511,19282
294901290005,104,5150,159,15898,12773,6511,19283
294901301253,87,5999,58,3605,12774,6511,19284
294901312278,15,7038,56,3181,12774,6512,19285
294901323864,155,5166,101,8409,12775,6512,19286
294901334907,98,5559,171,16507,12776,6512,19287
294901345819,17,6888,54,3316,12776,6513,19288
294901356823,98,5084,118,9066,12777,6513,19289
294901367901,118,5015,76,3280,12778,6513,19290
294901379487,21,6922,66,3004,12778,6514,19291
294901390097,101,5676,208,16221,12779,6514,19292
294901401232,92,5536,97,9158,12780,6514,19293
294901412719,15,9206,53,3021,12780,6515,19294
294901423738,94,6213,240,16265,12781,6515,19295
294901434832,90,5454,58,3677,12782,6515,19296
294901445649,15,6906,51,3178,12782,6516,19297
294901456818,87,5482,95,8470,12783,6516,19298
294901467975,96,5463,56,3527,12784,6516,19299
294901479082,15,7238,54,3065,12784,6517,19300
294901490156,88,5514,49,3350,12785,6517,19301
294901501136,84,5724,155,15784,12786,6517,19302
294901512593,14,6506,91,3304,12786,6518,19303
294901523848,87,5748,101,9252,12787,6518,19304
294901534485,83,5993,187,16381,12788,6518,19305
294901545503,21,6757,55,3295,12788,6519,19306
294901556735,144,5544,73,3633,12789,6519,19307
294901568008,107,5642,137,8390,12790,6519,19308
294901579139,18,6542,53,3085,12790,6520,19309
294901590204,99,5369,165,16501,12791,6520,19310
294901601381,91,5862,144,8157,12792,6520,19311
294901612552,16,9691,55,2124,12792,6521,19312
294901623811,128,5140,79,5390,12793,6521,19313
294901634454,93,5006,347,36794,12794,6521,19314
294901645800,16,7279,73,4913,12794,6522,19315
294901656907,115,5980,100,9117,12795,6522,19316
294901668022,90,5046,151,14958,12796,6522,19317
294901679313,22,7387,54,3355,12796,6523,19318
294901690416,91,5187,55,3557,12797,6523,19319
294901701012,284,5469,62,3421,12798,6523,19320
294901712153,17,9532,55,2907,12798,6524,19321
294901723716,103,5784,100,8838,12799,6524,19322
294901734518,112,6089,51,3061,12800,6524,19323
294901745893,16,6811,51,2861,12800,6525,19324
294901756728,102,5542,154,15358,12801,6525,19325
294901767972,93,5550,98,8847,12802,6525,19326
294901778994,16,12638,53,3095,12802,6526,19327
294901803186,112,9286,90,7389,12803,6526,19328
294901814433,229,14392,380,36425,12804,6526,19329
294901840622,327,15547,188,18555,12805,6526,19330
294901868339,337,11170,121,8593,12806,6526,19331
294901891558,130,20102,179,16469,12807,6526,19332
294901923461,116,15058,69,3816,12808,6526,19333
294901950235,121,11174,63,3432,12809,6526,19334
294901973164,101,14032,115,8896,12810,6526,19335
294901998503,106,5929,154,14977,12811,6526,19336
294902010131,18,7046,55,3262,12811,6527,19337
294902021131,95,6369,105,9193,12812,6527,19338
294902032301,95,5650,70,5310,12813,6527,19339
294902043402,16,6785,39,1973,12813,6528,19340
294902054465,97,5728,343,35235,12814,6528,19341
294902065717,118,6064,109,10158,12815,6528,19342
294902076569,15,6882,53,3356,12815,6529,19343
294902087809,89,5643,184,15865,12816,6529,19344
294902098866,87,6375,100,8668,12817,6529,19345
294902109844,23,4741,103,3158,12817,6530,19346
294902121146,144,5421,82,5870,12818,6530,19347
294902131917,94,6550,333,36860,12819,6530,19348
294902143057,19,6605,83,4932,12819,6531,19349
294902154115,107,6771,106,9250,12820,6531,19350
294902165249,152,6269,159,15108,12821,6531,19351
294902176622,19,7401,55,3381,12821,6532,19352
294902187658,111,5152,107,9237,12822,6532,19353
294902198407,94,6433,167,15787,12823,6532,19354
294902210092,18,6795,55,3207,12823,6533,19355
294902220818,98,5197,99,8871,12824,6533,19356
294902231808,89,5947,52,3294,12825,6533,19357
294902243105,15,7290,83,3020,12825,6534,19358
294902254466,87,5901,155,15623,12826,6534,19359
294902265539,96,6015,49,2890,12827,6534,19360
294902276734,14,6593,40,1926,12827,6535,19361
294902287757,86,5471,328,34627,12828,6535,19362
294902298899,93,6421,67,4911,12829,6535,19363
294902310073,16,6648,80,3256,12829,6536,19364
294902321294,97,5669,99,8382,12830,6536,19365
294902332033,87,6460,157,15797,12831,6536,19366
294902343101,15,6869,64,3223,12831,6537,19367
294902354228,109,5721,117,8957,12832,6537,19368
294902365324,160,7214,66,3273,12833,6537,19369
294902376381,24,6754,55,2950,12833,6538,19370
294902387538,112,5051,199,16269,12834,6538,19371
294902398726,97,6430,107,9234,12835,6538,19372
294902409832,22,6912,57,3040,12835,6539,19373
294902420903,100,5266,161,16111,12836,6539,19374
294902431943,86,6364,128,8649,12837,6539,19375
294902443158,15,6671,51,3103,12837,6540,19376
294902454319,87,6080,161,16401,12838,6540,19377
294902465381,85,6215,132,8955,12839,6540,19378
294902476519,19,7009,51,3049,12839,6541,19379
294902487629,93,5290,50,3291,12840,6541,19380
294902498486,87,5974,155,15712,12841,6541,19381
294902509936,15,6879,50,3243,12841,6542,19382
294902521099,84,6075,96,9008,12842,6542,19383
294902532135,90,6102,70,5519,12843,6542,19384
294902543373,16,6870,80,1914,12843,6543,19385
294902554446,94,5651,39,1886,12844,6543,19386
294902565571,85,6326,346,36400,12845,6543,19387
294902576781,23,7150,71,4838,12845,6544,19388
294902587986,109,5671,165,16759,12846,6544,19389
294902598695,86,6567,98,8772,12847,6544,19390
294902609638,16,6167,55,3133,12847,6545,19391
294902620837,139,5742,61,3455,12848,6545,19392
294902632037,114,6320,205,16321,12849,6545,19393
294902643288,24,6316,50,3332,12849,6546,19394
294902654472,97,6078,99,9145,12850,6546,19395
294902665633,103,5881,162,16228,12851,6546,19396
294902676572,16,7506,53,3295,12851,6547,19397
294902687682,98,5125,104,9226,12852,6547,19398
294902698453,91,6486,234,16479,12853,6547,19399
294902709812,15,6889,50,3053,12853,6548,19400
294902720750,95,5334,96,8736,12854,6548,19401
294902732256,136,5903,94,3535,12855,6548,19402
294902743480,16,7218,61,3177,12855,6549,19403
294902754511,94,5583,155,15578,12856,6549,19404
294902765669,88,5891,47,2857,12857,6549,19405
294902776901,17,7124,44,1915,12857,6550,19406
294902787943,119,5601,333,34634,12858,6550,19407
294902798851,90,6427,69,4856,12859,6550,19408
294902810170,15,7085,51,3240,12859,6551,19409
294902821058,91,5538,94,8338,12860,6551,19410
294902832088,84,6562,160,15801,12861,6551,19411
294902843505,16,6975,76,3250,12861,6552,19412
294902854328,96,6021,101,8879,12862,6552,19413
294902865485,284,6360,67,3211,12863,6552,19414
294902876485,25,7239,65,2857,12863,6553,19415
294902887569,126,4917,168,16010,12864,6553,19416
294902898971,101,5796,117,9189,12865,6553,19417
294902909685,19,4383,63,2917,12865,6554,19418
294902920754,127,5047,143,13381,12866,6554,19419
294902932098,131,5958,101,8411,12867,6554,19420
294902943205,16,7075,50,3020,12867,6555,19421
294902954464,111,5316,165,16296,12868,6555,19422
294902965665,101,5766,120,9032,12869,6555,19423
294902976359,18,6786,56,2979,12869,6556,19424
294902987504,96,5440,78,5725,12870,6556,19425
294902998493,118,6890,357,36706,12871,6556,19426
294903009611,21,5035,66,4919,12871,6557,19427
294903020921,93,5651,103,9185,12872,6557,19428
294903032172,84,6670,167,14994,12873,6557,19429
294903043130,16,6765,51,3354,12873,6558,19430
294903054167,92,5523,53,3457,12874,6558,19431
294903065397,87,6279,95,8204,12875,6558,19432
294903076433,15,6865,79,3033,12875,6559,19433
294903087552,91,5001,167,15594,12876,6559,19434
294903098959,95,5879,126,8804,12877,6559,19435
294903109767,28,6926,82,2982,12877,6560,19436
294903120729,160,5250,87,3272,12878,6560,19437
294903132193,108,6003,168,16423,12879,6560,19438
294903143315,17,6935,53,3149,12879,6561,19439
294903154716,90,5127,97,9107,12880,6561,19440
294903165282,172,5804,144,14077,12881,6561,19441
294903176704,15,7151,53,3244,12881,6562,19442
294903187667,94,5826,193,8223,12882,6562,19443
294903198751,91,6203,80,6344,12883,6562,19444
294903209962,20,6795,41,2019,12883,6563,19445
294903221145,85,5620,371,34188,12884,6563,19446
294903232110,89,6398,114,10745,12885,6563,19447
294903242916,15,6740,51,3319,12885,6564,19448
294903254451,87,5441,149,14218,12886,6564,19449
294903265513,90,6535,98,8869,12887,6564,19450
294903276580,14,6739,53,3070,12887,6565,19451
294903287739,101,5336,154,15629,12888,6565,19452
294903299016,86,5926,57,3424,12889,6565,19453
294903310085,20,6631,49,2969,12889,6566,19454
294903321197,90,5129,96,8185,12890,6566,19455
294903331787,85,6456,168,16180,12891,6566,19456
294903343156,22,6993,103,3340,12891,6567,19457
294903354408,108,5459,98,9073,12892,6567,19458
294903365668,197,6126,58,3093,12893,6567,19459
294903376779,20,7167,54,2856,12893,6568,19460
294903387634,102,5435,165,16428,12894,6568,19461
294903398490,95,6104,60,3594,12895,6568,19462
294903410145,20,6887,53,3028,12895,6569,19463
294903420892,91,5742,52,2883,12896,6569,19464
294903432097,89,6480,323,35287,12897,6569,19465
294903443266,15,6732,67,4833,12897,6570,19466
294903454286,85,5562,97,8548,12898,6570,19467
294903465417,83,6556,171,15966,12899,6570,19468
294903476400,14,6660,50,3360,12899,6571,19469
294903487866,89,5345,107,9653,12900,6571,19470
294903498898,106,6277,158,15711,12901,6571,19471
294903509985,15,6723,52,3198,12901,6572,19472
294903521089,96,5470,99,8945,12902,6572,19473
294903532082,86,6480,160,16130,12903,6572,19474
294903543079,15,6594,52,3300,12903,6573,19475
294903554365,85,5821,55,3647,12904,6573,19476
294903565585,85,5971,104,8372,12905,6573,19477
294903576753,15,7443,51,3031,12905,6574,19478
294903587836,91,5453,181,16402,12906,6574,19479
294903599063,110,5714,173,8681,12907,6574,19480
294903610098,15,6675,52,3194,12907,6575,19481
294903621225,96,4974,56,3560,12908,6575,19482
294903631828,107,5896,66,4148,12909,6575,19483
294903643064,18,7106,44,1982,12909,6576,19484
294903654188,97,5811,308,34312,12910,6576,19485
294903665757,91,5738,77,3827,12911,6576,19486
294903676482,15,6795,52,2510,12911,6577,19487
294903687465,101,5383,49,2760,12912,6577,19488
294903698860,91,6394,336,36188,12913,6577,19489
294903709930,16,6785,68,4807,12913,6578,19490
294903721017,88,5674,162,16563,12914,6578,19491
294903732327,89,7633,46,2418,12915,6578,19492
294903743280,21,6797,50,1797,12915,6579,19493
294903754699,112,5632,352,36617,12916,6579,19494
294903765790,99,6290,119,10512,12917,6579,19495
294903776870,17,11037,54,3259,12917,6580,19496
294903799144,110,12257,140,13120,12918,6580,19497
294903822945,97,15264,101,8058,12919,6580,19498
294903849662,124,11744,85,3239,12920,6580,19499
294903873118,122,18072,74,3126,12921,6580,19500
294903902477,137,9493,71,4130,12922,6580,19501
294903914119,20,14083,94,1901,12922,6581,19502
294903939513,133,15369,78,1899,12923,6581,19503
294903966202,106,12161,378,33642,12924,6581,19504
294903989716,140,5734,126,11042,12925,6581,19505
294904000954,103,5357,162,15557,12926,6581,19506
294904011951,19,9448,59,3250,12926,6582,19507
294904023098,103,5474,123,8809,12927,6582,19508
294904034123,96,6040,173,16077,12928,6582,19509
294904045388,19,7154,94,3112,12928,6583,19510
294904056616,153,5561,63,3452,12929,6583,19511
294904067561,145,5842,101,8321,12930,6583,19512
294904078702,18,6817,58,2997,12930,6584,19513
294904089973,107,5375,167,16242,12931,6584,19514
294904100834,123,5832,108,8545,12932,6584,19515
294904112067,18,6619,60,3115,12932,6585,19516
294904123452,105,5250,60,3473,12933,6585,19517
294904134490,125,5532,168,15486,12934,6585,19518
294904145604,20,7531,58,3194,12934,6586,19519
294904156732,110,5293,62,4217,12935,6586,19520
294904167517,138,5300,51,3386,12936,6586,19521
294904179001,34,7272,59,3151,12936,6587,19522
294904190259,100,5252,49,2553,12937,6587,19523
294904201290,101,5730,42,1808,12938,6587,19524
294904212256,21,7396,51,1805,12938,6588,19525
294904223501,108,5284,343,33657,12939,6588,19526
294904234588,92,5206,54,2489,12940,6588,19527
294904245426,19,7416,44,1800,12940,6589,19528
294904256681,112,5938,367,36468,12941,6589,19529
294904267978,96,4966,117,10490,12942,6589,19530
294904278559,18,7147,54,3341,12942,6590,19531
294904290179,95,10173,148,14581,12943,6590,19532
294904301378,97,5068,60,3485,12944,6590,19533
294904311976,32,6681,55,2983,12944,6591,19534
294904323590,111,5580,136,8235,12945,6591,19535
294904334497,95,6189,186,15423,12946,6591,19536
294904345571,16,6901,51,3132,12946,6592,19537
294904356755,99,5500,99,8885,12947,6592,19538
294904367610,89,5416,48,3330,12948,6592,19539
294904378598,26,8007,66,2929,12948,6593,19540
294904390116,126,5147,165,15536,12949,6593,19541
294904401054,96,6031,63,3373,12950,6593,19542
294904412262,23,6864,69,2504,12950,6594,19543
294904423534,130,4998,216,22520,12951,6594,19544
294904434176,94,5700,104,2909,12952,6594,19545
294904445302,18,7311,60,1820,12952,6595,19546
294904456486,87,5730,337,36096,12953,6595,19547
294904467586,111,5178,181,18283,12954,6595,19548
294904478884,22,7486,62,3593,12954,6596,19549
294904490094,101,6425,108,9621,12955,6596,19550
294904501205,124,5195,159,15976,12956,6596,19551
294904512063,17,8859,59,3429,12956,6597,19552
294904523378,97,5363,105,9272,12957,6597,19553
294904534155,83,5850,216,16473,12958,6597,19554
294904546276,19,7645,71,3500,12958,6598,19555
294904556765,127,5809,57,3732,12959,6598,19556
294904567977,90,5643,98,8514,12960,6598,19557
294904578774,17,6857,80,2914,12960,6599,19558
294904589916,95,5185,162,16478,12961,6599,19559
294904600720,88,5632,101,8946,12962,6599,19560
294904611906,14,7640,54,3104,12962,6600,19561
294904623253,101,5380,49,3392,12963,6600,19562
294904634372,138,5750,72,4173,12964,6600,19563
294904645574,19,7336,43,1928,12964,6601,19564
294904656500,166,5706,359,36546,12965,6601,19565
294904667657,94,5009,205,17811,12966,6601,19566
294904678566,16,7163,60,3669,12966,6602,19567
294904690084,127,6740,60,3546,12967,6602,19568
294904701357,103,5464,101,8252,12968,6602,19569
294904712464,17,9098,54,2991,12968,6603,19570
294904723375,95,5373,66,3432,12969,6603,19571
294904734390,91,5428,57,3068,12970,6603,19572
294904745481,16,7051,49,2868,12970,6604,19573
294904756678,93,5847,152,15404,12971,6604,19574
294904767942,92,5869,100,8926,12972,6604,19575
294904778899,16,6835,55,3167,12972,6605,19576
294904790202,99,9349,224,16227,12973,6605,19577
294904800895,282,5538,97,3682,12974,6605,19578
294904812259,30,6494,60,3136,12974,6606,19579
294904823221,126,5217,99,8365,12975,6606,19580
294904834298,90,5954,199,16506,12976,6606,19581
294904845633,16,7399,52,3303,12976,6607,19582
294904856660,97,5342,97,9090,12977,6607,19583
294904867925,86,5563,49,3120,12978,6607,19584
294904878819,15,7780,61,2560,12978,6608,19585
294904890049,173,5025,308,34135,12979,6608,19586
294904900889,96,5515,142,10732,12980,6608,19587
294904912086,16,9247,52,3242,12980,6609,19588
294904923174,91,5909,161,16310,12981,6609,19589
294904934169,114,5495,50,2785,12982,6609,19590
294904945373,14,7151,42,1927,12982,6610,19591
294904956348,89,5504,358,36293,12983,6610,19592
294904967641,87,5166,107,6760,12984,6610,19593
294904978897,13,7237,55,3272,12984,6611,19594
294904989904,100,10342,57,3261,12985,6611,19595
294905001170,120,5744,181,15528,12986,6611,19596
294905012325,15,7116,170,3208,12986,6612,19597
294905023307,518,6493,120,8887,12987,6612,19598
294905034637,133,5567,213,16158,12988,6612,19599
294905045723,29,6991,99,3323,12988,6613,19600
294905056447,122,5576,64,3588,12989,6613,19601
294905067467,107,5525,135,8318,12990,6613,19602
294905078692,19,7597,56,2853,12990,6614,19603
294905089916,107,5374,185,16319,12991,6614,19604
294905100914,86,5592,102,8654,12992,6614,19605
294905112259,21,7087,69,3020,12992,6615,19606
294905123401,85,4932,48,2583,12993,6615,19607
294905134434,116,5209,73,3880,12994,6615,19608
294905145565,18,7270,41,1897,12994,6616,19609
294905156507,92,5299,339,36592,12995,6616,19610
294905167567,138,5081,173,17753,12996,6616,19611
294905178815,15,7389,78,3657,12996,6617,19612
294905189808,102,6184,57,3532,12997,6617,19613
294905200871,89,5349,96,8217,12998,6617,19614
294905212169,16,9386,50,2891,12998,6618,19615
294905223425,95,5237,191,16153,12999,6618,19616
294905234505,103,5228,97,8220,13000,6618,19617
294905245173,17,7227,52,2945,13000,6619,19618
294905256713,92,5848,189,15608,13001,6619,19619
294905267928,98,6007,103,9051,13002,6619,19620
294905278937,17,6886,58,3108,13002,6620,19621
294905290124,106,9339,157,15949,13003,6620,19622
294905300879,87,5556,55,3654,13004,6620,19623
294905311909,15,6586,51,3163,13004,6621,19624
294905323176,88,5393,157,8495,13005,6621,19625
294905334276,88,5237,188,16530,13006,6621,19626
294905345427,15,7338,50,3358,13006,6622,19627
294905356557,88,5325,98,8961,13007,6622,19628
294905367785,83,5308,61,2667,13008,6622,19629
294905378570,18,7736,56,1918,13008,6623,19630
294905389836,133,5057,79,5971,13009,6623,19631
294905400841,94,5556,373,36294,13010,6623,19632
294905412203,17,7328,75,4890,13010,6624,19633
294905423347,146,5496,276,16198,13011,6624,19634
294905434401,181,4920,77,3009,13012,6624,19635
294905445552,27,7211,54,1824,13012,6625,19636
294905456636,130,5913,328,35995,13013,6625,19637
294905467838,94,5472,179,18380,13014,6625,19638
294905479057,17,7674,59,3572,13014,6626,19639
294905489885,92,5404,107,9548,13015,6626,19640
294905500850,106,5741,156,15696,13016,6626,19641
294905512289,15,7071,51,3168,13016,6627,19642
294905523528,100,5729,100,8792,13017,6627,19643
294905534192,84,5976,161,16210,13018,6627,19644
294905545311,19,6886,88,3294,13018,6628,19645
294905556543,90,5753,65,3622,13019,6628,19646
294905567658,108,5497,107,8331,13020,6628,19647
294905579020,15,6442,48,2966,13020,6629,19648
294905589850,92,5359,234,16504,13021,6629,19649
294905601029,82,5823,136,8774,13022,6629,19650
294905612174,15,7062,52,3062,13022,6630,19651
294905623007,139,5042,79,3392,13023,6630,19652
294905634207,145,5502,67,4133,13024,6630,19653
294905645147,19,7150,42,1892,13024,6631,19654
294905656930,102,5461,38,1849,13025,6631,19655
294905667873,84,5266,368,34375,13026,6631,19656
294905679086,16,7296,67,4727,13026,6632,19657
294905690190,94,9324,52,3384,13027,6632,19658
294905700866,84,5363,94,8145,13028,6632,19659
294905712057,15,7446,55,2948,13028,6633,19660
294905723458,94,6163,158,15569,13029,6633,19661
294905734400,88,5119,94,8111,13030,6633,19662
294905745538,15,7186,53,3110,13030,6634,19663
294905756673,104,5465,152,15312,13031,6634,19664
294905767550,90,5100,103,9105,13032,6634,19665
294905778774,19,12647,53,3058,13032,6635,19666
294905802694,123,8271,178,13317,13033,6635,19667
294905814201,104,14386,98,8212,13034,6635,19668
294905839958,100,15222,193,16264,13035,6635,19669
294905866501,97,10704,103,8335,13036,6635,19670
294905878212,24,15480,66,3008,13036,6636,19671
294905905285,126,10822,86,6312,13037,6636,19672
294905927596,100,15533,49,1970,13038,6636,19673
294905954835,101,15421,344,36412,13039,6636,19674
294905981897,114,8585,102,7686,13040,6636,19675
294905993070,21,6712,90,3297,13040,6637,19676
294906004302,110,5635,158,15634,13041,6637,19677
294906015468,104,5959,108,8850,13042,6637,19678
294906026208,18,7032,63,3033,13042,6638,19679
294906037307,112,5358,167,16071,13043,6638,19680
294906048423,96,6209,62,3722,13044,6638,19681
294906059661,17,7385,100,3210,13044,6639,19682
294906070772,88,8002,101,8559,13045,6639,19683
294906081605,95,6620,169,16467,13046,6639,19684
294906093171,22,6858,51,3242,13046,6640,19685
294906104021,92,5308,97,8874,13047,6640,19686
294906114816,87,6287,51,3351,13048,6640,19687
294906126450,15,6727,60,3011,13048,6641,19688
294906137444,132,6089,54,3355,13049,6641,19689
294906148820,106,6124,84,6505,13050,6641,19690
294906159475,17,6527,43,2003,13050,6642,19691
294906170812,139,8194,340,34857,13051,6642,19692
294906181888,99,6657,91,4854,13052,6642,19693
294906192788,15,4822,58,3200,13052,6643,19694
294906204245,135,5677,102,8244,13053,6643,19695
294906215303,99,6411,54,3163,13054,6643,19696
294906226402,17,4603,54,2872,13054,6644,19697
294906237642,96,5716,51,3156,13055,6644,19698
294906248618,177,5951,164,15106,13056,6644,19699
294906259860,20,7369,56,3089,13056,6645,19700
294906270931,99,7338,106,8880,13057,6645,19701
294906281677,241,6467,161,15907,13058,6645,19702
294906292816,18,7084,81,3103,13058,6646,19703
294906304173,102,5455,53,3415,13059,6646,19704
294906315248,108,6136,99,8255,13060,6646,19705
294906326309,17,6866,71,2958,13060,6647,19706
294906337373,91,5181,159,16216,13061,6647,19707
294906348653,87,5716,101,8657,13062,6647,19708
294906359880,16,7100,52,3164,13062,6648,19709
294906371012,102,7408,57,3444,13063,6648,19710
294906382000,102,6489,73,2896,13064,6648,19711
294906393231,28,6976,78,1996,13064,6649,19712
294906404279,106,6194,299,33025,13065,6649,19713
294906415387,139,6093,180,17522,13066,6649,19714
294906426139,15,4658,61,3748,13066,6650,19715
294906437318,87,5822,49,3115,13067,6650,19716
294906448429,98,6827,346,36279,13068,6650,19717
294906459549,16,6687,67,4861,13068,6651,19718
294906470797,85,7118,165,16877,13069,6651,19719
294906481848,119,6731,103,8385,13070,6651,19720
294906492884,19,6794,63,3175,13070,6652,19721
294906504170,112,5481,176,15770,13071,6652,19722
294906515042,105,6495,104,9074,13072,6652,19723
294906526127,21,4621,52,2966,13072,6653,19724
294906537326,100,5374,156,15950,13073,6653,19725
294906548657,93,6053,63,3691,13074,6653,19726
294906559757,17,6929,49,3027,13074,6654,19727
294906570875,92,5041,104,8363,13075,6654,19728
294906581554,86,5959,164,16312,13076,6654,19729
294906592885,16,7098,57,3426,13076,6655,19730
294906603882,92,5772,99,9125,13077,6655,19731
294906614905,88,6435,53,3042,13078,6655,19732
294906626484,15,6766,55,2510,13078,6656,19733
294906637381,123,5496,83,6705,13079,6656,19734
294906648470,93,6769,343,36720,13080,6656,19735
294906659799,16,6694,104,4861,13080,6657,19736
294906670889,89,7281,175,16246,13081,6657,19737
294906681696,85,6783,60,3720,13082,6657,19738
294906693251,18,7000,56,3026,13082,6658,19739
294906704292,103,5783,96,8083,13083,6658,19740
294906715027,94,6855,55,3213,13084,6658,19741
294906726354,15,4595,51,2920,13084,6659,19742
294906737493,95,5493,53,3273,13085,6659,19743
294906748384,104,6382,239,15393,13086,6659,19744
294906759789,19,7290,56,3339,13086,6660,19745
294906770902,103,7805,116,9328,13087,6660,19746
294906781785,96,6551,685,16103,13088,6660,19747
294906792764,17,7088,56,3173,13088,6661,19748
294906804053,180,4962,56,3461,13089,6661,19749
294906814810,92,6284,170,8275,13090,6661,19750
294906826084,20,4684,49,2986,13090,6662,19751
294906837856,92,6278,158,15585,13091,6662,19752
294906848531,87,6332,42,2219,13092,6662,19753
294906859591,16,6878,41,1836,13092,6663,19754
294906870615,255,7528,430,36667,13093,6663,19755
294906882125,321,6457,188,17400,13094,6663,19756
294906892785,23,5675,63,3644,13094,6664,19757
294906903963,113,5465,112,9631,13095,6664,19758
294906915031,97,6742,169,16292,13096,6664,19759
294906926181,23,4670,52,3056,13096,6665,19760
294906937425,98,5342,51,3337,13097,6665,19761
294906948466,87,6109,51,3157,13098,6665,19762
294906959467,21,7224,60,2992,13098,6666,19763
294906970527,108,7683,137,8797,13099,6666,19764
294906982162,100,5790,52,3374,13100,6666,19765
294906992829,16,6982,56,3027,13100,6667,19766
294907003895,95,5248,175,15447,13101,6667,19767
294907015353,115,5643,107,9190,13102,6667,19768
294907026522,24,4910,51,2985,13102,6668,19769
294907037179,94,6114,161,15917,13103,6668,19770
294907048501,97,6303,58,2551,13104,6668,19771
294907059600,17,6864,78,1878,13104,6669,19772
294907070952,125,7388,428,36480,13105,6669,19773
294907082718,229,5693,224,18476,13106,6669,19774
294907092973,20,6838,100,3516,13106,6670,19775
294907104225,108,5847,123,8822,13107,6670,19776
294907115427,118,6200,104,3475,13108,6670,19777
294907126373,17,4982,72,3067,13108,6671,19778
294907137522,164,5624,87,6314,13109,6671,19779
294907148643,96,6439,363,36904,13110,6671,19780
294907159904,18,6533,81,4908,13110,6672,19781
294907170661,89,7991,165,16328,13111,6672,19782
294907181859,160,6129,58,3705,13112,6672,19783
294907193026,16,7264,85,2995,13112,6673,19784
294907204069,87,5414,48,3119,13113,6673,19785
294907214883,83,6398,129,8522,13114,6673,19786
294907226113,15,4900,52,2884,13114,6674,19787
294907237188,90,5483,48,3165,13115,6674,19788
294907248377,92,6045,185,15462,13116,6674,19789
294907259495,28,6997,58,3195,13116,6675,19790
294907271071,94,6606,124,9063,13117,6675,19791
294907282136,87,5689,267,16353,13118,6675,19792
294907292827,15,6994,50,3155,13118,6676,19793
294907304127,89,6102,49,2821,13119,6676,19794
294907315315,88,6165,41,2238,13120,6676,19795
294907326405,15,6697,40,1828,13120,6677,19796
294907337611,87,5687,334,33965,13121,6677,19797
294907348707,94,6341,115,10564,13122,6677,19798
294907359864,19,6826,62,3376,13122,6678,19799
294907370499,110,7662,58,3506,13123,6678,19800
294907382003,117,6879,183,14907,13124,6678,19801
294907393214,22,6766,124,3105,13124,6679,19802
294907404307,122,5621,108,9600,13125,6679,19803
294907415294,105,5994,161,16059,13126,6679,19804
294907426259,16,4653,50,3351,13126,6680,19805
294907437555,88,5514,85,3703,13127,6680,19806
294907448677,86,6023,58,3128,13128,6680,19807
294907459834,14,6646,52,2921,13128,6681,19808
294907470919,90,6928,97,8653,13129,6681,19809
294907481763,86,6478,52,3257,13130,6681,19810
294907492828,15,6126,97,3022,13130,6682,19811
294907503921,91,5326,152,15248,13131,6682,19812
294907515107,136,5708,103,9023,13132,6682,19813
294907526297,16,7307,52,3127,13132,6683,19814
294907537736,92,5954,166,15979,13133,6683,19815
294907548732,85,5897,48,2834,13134,6683,19816
294907559920,20,7066,80,1878,13134,6684,19817
294907570631,115,8208,380,36452,13135,6684,19818
294907581777,96,6611,182,18374,13136,6684,19819
294907593072,16,7227,59,3581,13136,6685,19820
294907604091,96,5646,100,8757,13137,6685,19821
294907615178,98,6348,50,3252,13138,6685,19822
294907626225,17,4926,52,2915,13138,6686,19823
294907637373,128,5605,85,6212,13139,6686,19824
294907648421,98,6639,355,36938,13140,6686,19825
294907659841,21,6683,70,4907,13140,6687,19826
294907670613,97,7703,161,16224,13141,6687,19827
294907681888,102,6135,57,3539,13142,6687,19828
294907692833,16,7209,49,3014,13142,6688,19829
294907703955,88,5293,48,3153,13143,6688,19830
294907715107,85,6171,97,8555,13144,6688,19831
294907726360,14,4959,50,2941,13144,6689,19832
294907737636,86,5022,69,3230,13145,6689,19833
294907748464,172,5732,158,15451,13146,6689,19834
294907759814,18,7159,55,3253,13146,6690,19835
294907771001,93,5750,99,9131,13147,6690,19836
294907782114,94,13381,110,5377,13148,6690,19837
294907807346,105,14037,44,1941,13149,6690,19838
294907833213,102,11809,341,34179,13150,6690,19839
294907856384,99,16502,127,10722,13151,6690,19840
294907884300,159,11774,163,14882,13152,6690,19841
294907907570,105,16005,113,9269,13153,6690,19842
294907935182,98,9824,197,14099,13154,6690,19843
294907946276,17,14536,57,2921,13154,6691,19844
294907972197,115,13733,117,9043,13155,6691,19845
294907997522,115,6811,158,14990,13156,6691,19846
294908008762,17,9582,55,3345,13156,6692,19847
294908020130,92,5791,99,9062,13157,6692,19848
294908030766,99,7044,75,5551,13158,6692,19849
294908041926,18,4746,49,2043,13158,6693,19850
294908053384,109,5751,41,2013,13159,6693,19851
294908064183,95,7351,346,36489,13160,6693,19852
294908075225,17,4845,90,4944,13160,6694,19853
294908086515,95,5412,188,16902,13161,6694,19854
294908097487,93,7381,111,8792,13162,6694,19855
294908108837,17,4574,51,3053,13162,6695,19856
294908119983,92,5555,50,3386,13163,6695,19857
294908130988,91,7588,179,15574,13164,6695,19858
294908142042,16,6753,101,3387,13164,6696,19859
294908153265,116,5600,114,10177,13165,6696,19860
294908164338,93,6893,199,16384,13166,6696,19861
294908175453,16,6367,130,3238,13166,6697,19862
294908186680,148,5407,56,3510,13167,6697,19863
294908197414,158,7157,52,3295,13168,6697,19864
294908208608,21,5029,54,3117,13168,6698,19865
294908219842,120,4854,175,9034,13169,6698,19866
294908230829,88,7326,82,3393,13170,6698,19867
294908242080,17,6607,51,3106,13170,6699,19868
294908253440,96,5881,155,15572,13171,6699,19869
294908264614,87,6707,174,8752,13172,6699,19870
294908275214,17,4930,48,2690,13172,6700,19871
294908286515,99,5878,162,7744,13173,6700,19872
294908297685,89,7320,329,35604,13174,6700,19873
294908308800,20,4742,91,4866,13174,6701,19874
294908319929,97,5759,100,8794,13175,6701,19875
294908331095,92,7447,166,15948,13176,6701,19876
294908341881,16,4888,131,3205,13176,6702,19877
294908352869,122,7367,160,8884,13177,6702,19878
294908364097,164,7421,53,3208,13178,6702,19879
294908375286,15,5481,49,2881,13178,6703,19880
294908386129,272,5108,246,15518,13179,6703,19881
294908397401,250,7049,111,9812,13180,6703,19882
294908408508,17,4609,51,3152,13180,6704,19883
294908419693,101,5192,163,16218,13181,6704,19884
294908430682,183,7417,101,8789,13182,6704,19885
294908442240,16,5198,51,3030,13182,6705,19886
294908453961,200,5284,170,16581,13183,6705,19887
294908464070,86,6845,205,8908,13184,6705,19888
294908475515,15,5425,49,2972,13184,6706,19889
294908486499,96,5462,48,2498,13185,6706,19890
294908497654,129,6908,59,3946,13186,6706,19891
294908508652,17,4950,39,1962,13186,6707,19892
294908519472,95,5333,355,36910,13187,6707,19893
294908530831,91,7375,176,17849,13188,6707,19894
294908542170,15,4565,56,3745,13188,6708,19895
294908553200,243,5167,58,3556,13189,6708,19896
294908564333,94,7101,101,8251,13190,6708,19897
294908575653,16,7230,118,2978,13190,6709,19898
294908586553,97,5443,162,16236,13191,6709,19899
294908597766,88,7018,98,8797,13192,6709,19900
294908608814,15,4949,253,3128,13192,6710,19901
294908619396,104,5251,142,3495,13193,6710,19902
294908630534,435,7366,172,15683,13194,6710,19903
294908642142,22,5158,200,3242,13194,6711,19904
294908653161,282,5401,217,10343,13195,6711,19905
294908664702,234,6522,83,5371,13196,6711,19906
294908675604,19,6587,111,2014,13196,6712,19907
294908686410,200,5798,387,36555,13197,6712,19908
294908698631,274,6081,79,5977,13198,6712,19909
294908708854,16,9793,48,1915,13198,6713,19910
294908719940,323,5414,351,34094,13199,6713,19911
294908731554,404,6548,147,10953,13200,6713,19912
294908742133,30,6631,63,3202,13200,6714,19913
294908753055,145,5219,169,15245,13201,6714,19914
294908764230,190,6916,107,8832,13202,6714,19915
294908775448,19,4972,121,2981,13202,6715,19916
294908786146,95,5003,158,15953,13203,6715,19917
294908797433,84,7171,56,3613,13204,6715,19918
294908808474,15,4939,70,3116,13204,6716,19919
294908820137,88,5684,113,8482,13205,6716,19920
294908830599,84,8338,166,16278,13206,6716,19921
294908841934,19,5010,52,3223,13206,6717,19922
294908853016,90,5593,97,8838,13207,6717,19923
294908864095,95,6944,117,5864,13208,6717,19924
294908875403,23,4744,42,1937,13208,6718,19925
294908886176,157,5047,361,37114,13209,6718,19926
294908897482,19,7148,69,4862,13209,6719,19927
294908908543,101,5242,180,9723,13210,6719,19928
294908919693,91,5553,150,15059,13211,6719,19929
294908930607,84,7900,61,3594,13212,6719,19930
294908941941,20,4280,49,3042,13212,6720,19931
294908953154,85,5112,96,8307,13213,6720,19932
294908964419,85,7093,50,3191,13214,6720,19933
294908975724,16,7262,83,2909,13214,6721,19934
294908986967,95,5153,53,3227,13215,6721,19935
294908997624,88,7027,155,15436,13216,6721,19936
294909008866,16,4988,54,3280,13216,6722,19937
294909019453,103,5172,104,9286,13217,6722,19938
294909030746,84,7540,177,15655,13218,6722,19939
294909041998,28,5132,59,3499,13218,6723,19940
294909053002,256,5931,70,3835,13219,6723,19941
294909064958,182,6252,55,2602,13220,6723,19942
294909075218,18,4908,41,1863,13220,6724,19943
294909086367,113,5011,317,33812,13221,6724,19944
294909097850,185,7001,121,10656,13222,6724,19945
294909108387,17,5095,53,3280,13222,6725,19946
294909119787,97,5536,50,3376,13223,6725,19947
294909130733,95,7408,161,15088,13224,6725,19948
294909141825,19,5134,55,3119,13224,6726,19949
294909153210,128,5479,112,9494,13225,6726,19950
294909164188,94,7031,185,15996,13226,6726,19951
294909175561,16,7043,52,3287,13226,6727,19952
294909186600,112,5010,96,3640,13227,6727,19953
294909197367,154,7197,52,3079,13228,6727,19954
294909208529,17,9340,52,2966,13228,6728,19955
294909219638,94,5335,106,8709,13229,6728,19956
294909230572,254,8042,70,3234,13230,6728,19957
294909241922,26,5089,55,2953,13230,6729,19958
294909253431,126,5815,159,15396,13231,6729,19959
294909264317,98,6921,60,2823,13232,6729,19960
294909275425,62,4720,49,1833,13232,6730,19961
294909286498,122,5646,356,34429,13233,6730,19962
294909297500,258,7269,68,4857,13234,6730,19963
294909308775,16,4623,51,3201,13234,6731,19964
294909320303,101,5570,98,8234,13235,6731,19965
294909330903,88,7363,168,15707,13236,6731,19966
294909341758,19,4411,54,3202,13236,6732,19967
294909352813,194,6343,107,8878,13237,6732,19968
294909364093,94,7414,51,3153,13238,6732,19969
294909375185,41,5562,55,2885,13238,6733,19970
294909386360,251,4907,165,15519,13239,6733,19971
294909397285,22,7022,63,3254,13239,6734,19972
294909408591,123,10267,131,9707,13240,6734,19973
294909419739,121,5025,165,16137,13241,6734,19974
294909431012,108,6706,110,8474,13242,6734,19975
294909442273,19,5181,60,3008,13242,6735,19976
294909453251,134,6034,250,16411,13243,6735,19977
294909464249,135,6596,166,8981,13244,6735,19978
294909475015,24,5299,141,2935,13244,6736,19979
294909486124,114,5712,54,2613,13245,6736,19980
294909497461,116,7176,69,3849,13246,6736,19981
294909508739,20,4867,110,1904,13246,6737,19982
294909519608,116,5363,373,36716,13247,6737,19983
294909530901,106,7235,199,17771,13248,6737,19984
294909542104,19,4938,65,3689,13248,6738,19985
294909553178,111,6104,67,3536,13249,6738,19986
294909564160,118,7391,104,8053,13250,6738,19987
294909575140,20,4873,51,2936,13250,6739,19988
294909586533,101,5361,178,16044,13251,6739,19989
294909597489,99,6973,110,8724,13252,6739,19990
294909608637,19,9099,57,3145,13252,6740,19991
294909619727,112,5150,56,3513,13253,6740,19992
294909630962,102,7192,132,4200,13254,6740,19993
294909642019,25,4959,71,1856,13254,6741,19994
294909653185,124,5174,378,36745,13255,6741,19995
294909664297,121,6549,180,17744,13256,6741,19996
294909675403,19,6699,61,3548,13256,6742,19997
294909686579,266,5346,109,9158,13257,6742,19998
294909697582,202,6833,220,16279,13258,6742,19999
294909708851,24,4962,72,3180,13258,6743,20000
294909719998,220,5874,113,8661,13259,6743,20001
294909731003,110,7204,81,3307,13260,6743,20002
294909742095,19,4743,52,2946,13260,6744,20003
294909753029,117,6547,142,13184,13261,6744,20004
294909764155,250,7013,63,3950,13262,6744,20005
294909775222,18,9903,57,3117,13262,6745,20006
294909786271,92,9253,168,15817,13263,6745,20007
294909797461,101,14640,65,3506,13264,6745,20008
294909823947,101,16624,109,8114,13265,6745,20009
294909852312,133,9038,61,3378,13266,6745,20010
294909863315,17,14647,54,3030,13266,6746,20011
294909889297,166,17236,181,14395,13267,6746,20012
294909917891,128,10131,89,3984,13268,6746,20013
294909929476,19,16065,60,3042,13268,6747,20014
294909957244,176,14943,164,3155,13269,6747,20015
294909984172,132,7275,53,2490,13270,6747,20016
294909995257,29,7086,43,1829,13270,6748,20017
294910006351,99,5391,349,36623,13271,6748,20018
294910016964,92,5068,70,5452,13272,6748,20019
294910028418,15,9968,65,3260,13272,6749,20020
294910039720,92,5844,210,15921,13273,6749,20021
294910051147,174,4986,94,3519,13274,6749,20022
294910061523,26,7243,84,2951,13274,6750,20023
294910072624,151,5560,105,8066,13275,6750,20024
294910084014,106,5764,163,16144,13276,6750,20025
294910094779,19,7137,60,3284,13276,6751,20026
294910106215,110,4950,100,9024,13277,6751,20027
294910117177,107,6048,52,3145,13278,6751,20028
294910128292,15,6801,69,2889,13278,6752,20029
294910139544,129,5357,81,6110,13279,6752,20030
294910150366,102,5357,357,36735,13280,6752,20031
294910161493,16,7083,68,4855,13280,6753,20032
294910172592,107,5010,164,13817,13281,6753,20033
294910183743,89,6017,89,7248,13282,6753,20034
294910194969,16,7199,44,1961,13282,6754,20035
294910206076,152,5031,69,5205,13283,6754,20036
294910217398,88,5458,327,34019,13284,6754,20037
294910228559,16,9613,98,4676,13284,6755,20038
294910239519,94,6055,46,2507,13285,6755,20039
294910250564,93,4903,424,36784,13286,6755,20040
294910261722,22,7014,119,4774,13286,6756,20041
294910272588,131,5460,127,9008,13287,6756,20042
294910284032,107,5257,150,14769,13288,6756,20043
294910294892,19,7260,61,3266,13288,6757,20044
294910305958,108,5053,54,3473,13289,6757,20045
294910316903,299,5565,119,8273,13290,6757,20046
294910328476,20,9410,107,2941,13290,6758,20047
294910339791,120,5434,158,15489,13291,6758,20048
294910350753,94,5665,102,8579,13292,6758,20049
294910361691,18,6741,53,3070,13292,6759,20050
294910372755,99,5506,52,3366,13293,6759,20051
294910383552,125,5433,208,15700,13294,6759,20052
294910394785,23,6770,62,3165,13294,6760,20053
294910405899,118,4843,118,9764,13295,6760,20054
294910417260,161,5599,156,14256,13296,6760,20055
294910428386,50,10027,80,3334,13296,6761,20056
294910439300,103,5030,98,8548,13297,6761,20057
294910450574,95,5434,166,16678,13298,6761,20058
294910461651,16,6867,79,3384,13298,6762,20059
294910473033,91,5963,118,9327,13299,6762,20060
294910484138,141,5398,87,6039,13300,6762,20061
294910495043,27,7277,60,2026,13300,6763,20062
294910506179,132,5152,374,36634,13301,6763,20063
294910517254,113,5240,80,5568,13302,6763,20064
294910528063,18,9843,59,3347,13302,6764,20065
294910539626,108,5965,175,16018,13303,6764,20066
294910550762,134,5215,70,3567,13304,6764,20067
294910561375,20,7105,55,3028,13304,6765,20068
294910572646,104,5321,96,8120,13305,6765,20069
294910583602,87,4960,162,16217,13306,6765,20070
294910594927,15,7210,59,3178,13306,6766,20071
294910605994,105,5355,110,8858,13307,6766,20072
294910617035,96,6083,59,3526,13308,6766,20073
294910628485,21,9755,77,3060,13308,6767,20074
294910639153,158,5080,81,6167,13309,6767,20075
294910650602,102,5446,352,36845,13310,6767,20076
294910661836,17,6972,80,4927,13310,6768,20077
294910672761,116,5177,149,13889,13311,6768,20078
294910683876,112,5628,107,8382,13312,6768,20079
294910694866,25,7312,89,3110,13312,6769,20080
294910705916,143,4896,77,5608,13313,6769,20081
294910717045,139,5183,57,1858,13314,6769,20082
294910728193,22,9694,59,1835,13314,6770,20083
294910739679,146,5941,340,36742,13315,6770,20084
294910750319,122,4995,215,16114,13316,6770,20085
294910761305,20,7005,96,3546,13316,6771,20086
294910772593,117,5189,110,8868,13317,6771,20087
294910783507,101,5687,198,15831,13318,6771,20088
294910794991,16,7055,55,3341,13318,6772,20089
294910806362,104,4888,57,3468,13319,6772,20090
294910817280,91,6008,137,8271,13320,6772,20091
294910828597,17,6683,48,2965,13320,6773,20092
294910839603,95,5033,160,16170,13321,6773,20093
294910850239,89,5451,118,8669,13322,6773,20094
294910861617,20,6984,67,3097,13322,6774,20095
294910872554,126,5067,53,3413,13323,6774,20096
294910883713,118,5603,167,15698,13324,6774,20097
294910894915,20,7136,60,3286,13324,6775,20098
294910906145,104,5222,88,4346,13325,6775,20099
294910917184,150,5814,68,2558,13326,6775,20100
294910928509,22,9216,57,1843,13326,6776,20101
294910939377,125,5145,72,1843,13327,6776,20102
294910950257,112,4855,334,36505,13328,6776,20103
294910962168,20,7136,77,4860,13328,6777,20104
294910972614,109,5787,168,16678,13329,6777,20105
294910983583,98,5273,102,8770,13330,6777,20106
294910994741,16,7311,75,3163,13330,6778,20107
294911006293,94,5873,149,14631,13331,6778,20108
294911017411,95,5271,101,8806,13332,6778,20109
294911028571,15,8824,51,3017,13332,6779,20110
294911039094,92,5421,188,15689,13333,6779,20111
294911050506,91,5397,56,3640,13334,6779,20112
294911061339,15,6986,71,3084,13334,6780,20113
294911072711,133,5572,102,8302,13335,6780,20114
294911083833,93,5887,210,16412,13336,6780,20115
294911095105,15,6926,75,3407,13336,6781,20116
294911106355,88,5290,102,9203,13337,6781,20117
294911117185,93,5587,55,3138,13338,6781,20118
294911128333,15,9948,73,2913,13338,6782,20119
294911139615,144,5086,186,15625,13339,6782,20120
294911150732,110,5705,54,2958,13340,6782,20121
294911161823,18,7182,43,2127,13340,6783,20122
294911172521,93,5245,296,32908,13341,6783,20123
294911183722,96,5338,72,5115,13342,6783,20124
294911194663,17,7283,59,3495,13342,6784,20125
294911206274,146,5469,98,8444,13343,6784,20126
294911217270,87,5456,165,16518,13344,6784,20127
294911228426,16,9453,57,3443,13344,6785,20128
294911239728,88,6029,111,9278,13345,6785,20129
294911250250,98,5082,154,15285,13346,6785,20130
294911261682,22,7150,54,3300,13346,6786,20131
294911272505,91,5406,100,9109,13347,6786,20132
294911283471,103,5803,162,16084,13348,6786,20133
294911294972,15,7047,52,3317,13348,6787,20134
294911306225,91,5253,57,3598,13349,6787,20135
294911317097,82,5974,117,8381,13350,6787,20136
294911328514,15,8997,51,3026,13350,6788,20137
294911339405,91,5047,164,16636,13351,6788,20138
294911350305,88,5388,124,9060,13352,6788,20139
294911361655,14,6880,49,2999,13352,6789,20140
294911372555,89,5116,50,3293,13353,6789,20141
294911383768,120,5533,166,15964,13354,6789,20142
294911394897,19,7021,66,3520,13354,6790,20143
294911406268,105,5061,52,3176,13355,6790,20144
294911416892,94,5731,49,2299,13356,6790,20145
294911427924,17,9844,40,1850,13356,6791,20146
294911439559,89,5297,313,34772,13357,6791,20147
294911450276,91,5162,109,9997,13358,6791,20148
294911461630,15,7249,57,3446,13358,6792,20149
294911472388,100,5551,153,15813,13359,6792,20150
294911483836,84,5437,96,8214,13360,6792,20151
294911494762,14,7261,52,3097,13360,6793,20152
294911505932,90,5363,188,15539,13361,6793,20153
294911517053,87,5658,136,9201,13362,6793,20154
294911528038,15,6950,48,3142,13362,6794,20155
294911539255,89,5475,198,15836,13363,6794,20156
294911550583,82,5823,103,3622,13364,6794,20157
294911561737,14,7105,51,3143,13364,6795,20158
294911573024,92,5657,97,8490,13365,6795,20159
294911583697,113,5735,173,16434,13366,6795,20160
294911595098,28,7270,60,3485,13366,6796,20161
294911606254,98,5156,103,9215,13367,6796,20162
294911617380,119,5575,62,3365,13368,6796,20163
294911628586,21,9500,72,3088,13368,6797,20164
294911639423,136,5303,162,15495,13369,6797,20165
294911650377,109,5058,53,2751,13370,6797,20166
294911661590,18,7008,47,1928,13370,6798,20167
294911672746,105,5664,321,34252,13371,6798,20168
294911683729,100,5207,68,4858,13372,6798,20169
294911694926,17,7296,52,3224,13372,6799,20170
294911706083,93,5641,95,8332,13373,6799,20171
294911717246,91,5303,160,15782,13374,6799,20172
294911728532,15,8758,51,3133,13374,6800,20173
294911739358,90,5367,106,9426,13375,6800,20174
294911750208,89,5661,155,15435,13376,6800,20175
294911761702,16,7125,51,3248,13376,6801,20176
294911772871,86,5346,101,9049,13377,6801,20177
294911783624,89,5741,169,16280,13378,6801,20178
294911794976,17,6661,51,3354,13378,6802,20179
294911806232,95,5356,58,3673,13379,6802,20180
294911816959,85,5649,115,8343,13380,6802,20181
294911828260,26,8573,57,2952,13380,6803,20182
294911839256,112,5250,164,16331,13381,6803,20183
294911850345,129,5488,111,8773,13382,6803,20184
294911861396,20,6794,58,3052,13382,6804,20185
294911872599,120,5204,64,3367,13383,6804,20186
294911883955,153,5017,66,3265,13384,6804,20187
294911894689,22,7299,54,2490,13384,6805,20188
294911905825,112,5263,215,22496,13385,6805,20189
294911917078,126,5344,159,15870,13386,6805,20190
294911928439,17,9314,56,2980,13386,6806,20191
294911939603,101,6210,89,3282,13387,6806,20192
294911950664,90,5149,126,8080,13388,6806,20193
294911961333,16,7020,49,2873,13388,6807,20194
294911972586,91,5250,161,16096,13389,6807,20195
294911983942,83,5301,95,8324,13390,6807,20196
294911995111,16,7317,48,2676,13390,6808,20197
294912006098,90,5128,153,15559,13391,6808,20198
294912017150,82,5700,109,9073,13392,6808,20199
294912028328,15,9115,54,2805,13392,6809,20200
294912039217,92,5381,176,15878,13393,6809,20201
294912050425,88,5384,50,3284,13394,6809,20202
294912061660,15,7362,49,2845,13394,6810,20203
294912072668,89,5409,101,8172,13395,6810,20204
294912083742,207,5473,179,16183,13396,6810,20205
294912094925,23,7223,52,3182,13396,6811,20206
294912106411,99,5430,99,8893,13397,6811,20207
294912117483,104,5824,79,5740,13398,6811,20208
294912128242,17,9207,45,1942,13398,6812,20209
294912139287,117,5796,68,1906,13399,6812,20210
294912150806,120,5133,486,36379,13400,6812,20211
294912161442,19,7291,71,4785,13400,6813,20212
294912172534,94,6777,188,16209,13401,6813,20213
294912183679,93,11463,61,3604,13402,6813,20214
294912206518,162,15794,150,8060,13403,6813,20215
294912233993,210,10305,72,5511,13404,6813,20216
294912245269,18,13401,51,2856,13404,6814,20217
294912269980,101,17656,67,3501,13405,6814,20218
294912299211,100,11959,169,14026,13406,6814,20219
294912322975,95,14306,104,7987,13407,6814,20220
294912349247,128,13017,87,6383,13408,6814,20221
294912373885,95,12040,55,2044,13409,6814,20222
294912397394,161,6995,331,36329,13410,6814,20223
294912408577,19,8649,76,4884,13410,6815,20224
294912419597,102,5444,164,16324,13411,6815,20225
294912430597,93,7338,59,3711,13412,6815,20226
294912441839,16,4750,50,3097,13412,6816,20227
294912453150,114,5470,97,8161,13413,6816,20228
294912463996,84,7458,54,3211,13414,6816,20229
294912475527,15,7313,58,2894,13414,6817,20230
294912486539,130,5344,85,5691,13415,6817,20231
294912497534,96,7120,362,36457,13416,6817,20232
294912508751,17,4813,200,4821,13416,6818,20233
294912519426,233,5464,99,9037,13417,6818,20234
294912530740,91,6891,254,14853,13418,6818,20235
294912542016,15,6588,52,3269,13418,6819,20236
294912552928,92,5742,50,3405,13419,6819,20237
294912564167,232,6782,93,7287,13420,6819,20238
294912575283,20,6423,47,1907,13420,6820,20239
294912586515,264,5234,91,5384,13421,6820,20240
294912597484,251,7100,339,36299,13422,6820,20241
294912608692,26,8157,80,4834,13422,6821,20242
294912619674,118,5185,59,3532,13423,6821,20243
294912630688,95,8039,208,15637,13424,6821,20244
294912641886,46,5087,103,3217,13424,6822,20245
294912653127,139,5245,110,9457,13425,6822,20246
294912664184,100,6725,164,16190,13426,6822,20247
294912675433,17,6348,55,3177,13426,6823,20248
294912686738,98,5029,105,9224,13427,6823,20249
294912697801,97,6738,164,16390,13428,6823,20250
294912708455,16,7727,86,3138,13428,6824,20251
294912719765,91,5679,99,8810,13429,6824,20252
294912730548,85,7064,52,3145,13430,6824,20253
294912741816,19,5158,52,2899,13430,6825,20254
294912753463,102,6163,159,15612,13431,6825,20255
294912764089,87,6726,99,8527,13432,6825,20256
294912775193,16,4863,41,2084,13432,6826,20257
294912786276,405,5390,457,44547,13433,6826,20258
294912797320,139,7222,112,6812,13434,6826,20259
294912808857,18,4677,64,4065,13434,6827,20260
294912819911,100,5747,100,8958,13435,6827,20261
294912830555,97,7551,176,17062,13436,6827,20262
294912841728,17,4858,56,3587,13436,6828,20263
294912852854,109,5147,118,9255,13437,6828,20264
294912864061,107,7152,59,3446,13438,6828,20265
294912875399,18,6676,59,3224,13438,6829,20266
294912886286,132,5175,182,16042,13439,6829,20267
294912897569,103,6845,150,10071,13440,6829,20268
294912908600,17,7562,149,3386,13440,6830,20269
294912919853,90,5012,205,16584,13441,6830,20270
294912930574,133,7056,149,8993,13442,6830,20271
294912942158,18,5460,54,3240,13442,6831,20272
294912952953,101,5970,192,16892,13443,6831,20273
294912963969,93,6757,116,9354,13444,6831,20274
294912975306,18,5332,52,3300,13444,6832,20275
294912986574,90,5559,50,3213,13445,6832,20276
294912997659,88,6707,59,4086,13446,6832,20277
294913008883,16,7987,41,1895,13446,6833,20278
294913019970,87,5715,331,36300,13447,6833,20279
294913030589,90,7439,177,17744,13448,6833,20280
294913042099,15,4999,72,3604,13448,6834,20281
294913052799,89,5597,54,3489,13449,6834,20282
294913064127,90,7374,105,8165,13450,6834,20283
294913075309,14,4506,48,2926,13450,6835,20284
294913086535,85,5330,163,16120,13451,6835,20285
294913097446,132,6970,110,8517,13452,6835,20286
294913108886,20,7453,50,3084,13452,6836,20287
294913119874,93,5368,57,3500,13453,6836,20288
294913130850,104,7095,169,15622,13454,6836,20289
294913141942,21,4603,54,3072,13454,6837,20290
294913152883,142,5027,111,9875,13455,6837,20291
294913164559,222,6056,192,16161,13456,6837,20292
294913175989,23,7271,115,3421,13456,6838,20293
294913186805,297,4918,145,9393,13457,6838,20294
294913197505,145,7031,276,16552,13458,6838,20295
294913208544,30,5126,71,3459,13458,6839,20296
294913219628,199,5913,132,9136,13459,6839,20297
294913230820,138,6966,64,3197,13460,6839,20298
294913242334,19,4868,53,2736,13460,6840,20299
294913252776,114,5482,86,6185,13461,6840,20300
294913264057,277,7634,335,36574,13462,6840,20301
294913275202,19,4723,72,4844,13462,6841,20302
294913286754,108,5415,167,16214,13463,6841,20303
294913297654,132,7442,68,3620,13464,6841,20304
294913309028,19,7156,71,3028,13464,6842,20305
294913319552,105,5100,96,8219,13465,6842,20306
294913330644,296,7743,174,16095,13466,6842,20307
294913341921,17,6615,58,3250,13466,6843,20308
294913353253,102,5338,106,8939,13467,6843,20309
294913364208,212,7571,75,3271,13468,6843,20310
294913375087,23,4792,54,2998,13468,6844,20311
294913386233,129,4758,163,15766,13469,6844,20312
294913397530,103,7601,177,9952,13470,6844,20313
294913408522,18,7346,59,3108,13470,6845,20314
294913419710,112,5720,162,13475,13471,6845,20315
294913430740,107,7443,106,8211,13472,6845,20316
294913441826,20,5004,53,2971,13472,6846,20317
294913453015,133,5830,205,16275,13473,6846,20318
294913464183,187,6866,118,8754,13474,6846,20319
294913475023,18,4843,47,2443,13474,6847,20320
294913486711,100,5933,89,6004,13475,6847,20321
294913497381,394,7333,360,36577,13476,6847,20322
294913508542,16,4640,67,4824,13476,6848,20323
294913519737,100,5701,60,3906,13477,6848,20324
294913530739,192,7538,166,16207,13478,6848,20325
294913541924,16,4758,49,3215,13478,6849,20326
294913553262,98,5717,53,3357,13479,6849,20327
294913564292,93,7322,96,8028,13480,6849,20328
294913575040,16,4802,50,2835,13480,6850,20329
294913586218,105,5040,443,15971,13481,6850,20330
294913597548,128,7038,119,8641,13482,6850,20331
294913608691,20,7242,60,3187,13482,6851,20332
294913619842,125,5136,62,3634,13483,6851,20333
294913631003,215,6835,173,15745,13484,6851,20334
294913642252,24,6879,61,3112,13484,6852,20335
294913652978,117,5038,113,9536,13485,6852,20336
294913664236,127,6682,189,16206,13486,6852,20337
294913675482,23,7243,113,3304,13486,6853,20338
294913686529,100,5368,100,9110,13487,6853,20339
294913697452,96,6773,191,16412,13488,6853,20340
294913708473,18,9207,64,3356,13488,6854,20341
294913719892,117,5942,103,9038,13489,6854,20342
294913731102,99,6347,53,2943,13490,6854,20343
294913742064,18,4995,79,2421,13490,6855,20344
294913752771,101,5488,82,6644,13491,6855,20345
294913763864,249,7325,327,36156,13492,6855,20346
294913775371,17,5052,72,4812,13492,6856,20347
294913786413,103,5490,163,16189,13493,6856,20348
294913797432,132,7578,76,3577,13494,6856,20349
294913809009,17,6955,153,3021,13494,6857,20350
294913820004,136,5128,102,8109,13495,6857,20351
294913831036,113,7310,164,16165,13496,6857,20352
294913841864,17,5531,62,3255,13496,6858,20353
294913853029,107,5488,103,8976,13497,6858,20354
294913864404,140,7390,57,3185,13498,6858,20355
294913875329,18,5006,72,2905,13498,6859,20356
294913886437,138,5001,162,15653,13499,6859,20357
294913897144,165,7606,130,9571,13500,6859,20358
294913908965,18,4959,54,3085,13500,6860,20359
294913919683,100,5978,145,13554,13501,6860,20360
294913930727,301,7090,116,8246,13502,6860,20361
294913941776,20,5134,69,3000,13502,6861,20362
294913952729,106,5478,157,15881,13503,6861,20363
294913964303,163,6946,46,2244,13504,6861,20364
294913975092,16,4872,40,1848,13504,6862,20365
294913986227,104,5230,364,35716,13505,6862,20366
294913997143,100,7853,169,16108,13506,6862,20367
294914008540,17,7135,65,3518,13506,6863,20368
294914019577,108,5166,113,8848,13507,6863,20369
294914031033,115,7519,229,15912,13508,6863,20370
294914041947,17,4642,51,3201,13508,6864,20371
294914053087,109,5605,53,3378,13509,6864,20372
294914064303,99,7227,91,7973,13510,6864,20373
294914075467,17,6584,57,2896,13510,6865,20374
294914086841,103,5154,163,16149,13511,6865,20375
294914097289,102,7516,106,8677,13512,6865,20376
294914108665,23,4871,62,2868,13512,6866,20377
294914120324,123,5565,60,3171,13513,6866,20378
294914131162,196,7350,198,15537,13514,6866,20379
294914142196,21,5324,53,3056,13514,6867,20380
294914152951,107,6001,76,2529,13515,6867,20381
294914164411,199,6493,43,1813,13516,6867,20382
294914175114,18,13674,146,1813,13516,6868,20383
294914200082,138,11692,376,35728,13517,6868,20384
294914223310,172,15741,192,18051,13518,6868,20385
294914250691,155,11134,84,5733,13519,6868,20386
294914273310,219,15636,126,8828,13520,6868,20387
294914300848,174,11275,161,13863,13521,6868,20388
294914323742,133,15111,136,2560,13522,6868,20389
294914350764,129,10970,336,36089,13523,6868,20390
294914373518,114,14187,173,5063,13524,6868,20391
294914399198,135,5666,116,4116,13525,6868,20392
294914410500,25,7453,52,1802,13525,6869,20393
294914421637,119,5892,349,33716,13526,6869,20394
294914432367,106,6401,71,4805,13527,6869,20395
294914444015,17,7425,63,3200,13527,6870,20396
294914454932,106,5576,97,8111,13528,6870,20397
294914465864,93,5766,186,15568,13529,6870,20398
294914477053,16,7326,58,3214,13529,6871,20399
294914488052,103,6647,124,9458,13530,6871,20400
294914499165,140,6239,162,15377,13531,6871,20401
294914510342,20,6884,70,3025,13531,6872,20402
294914521533,115,5592,112,8702,13532,6872,20403
294914532527,126,5800,171,16195,13533,6872,20404
294914543513,20,6967,63,3202,13533,6873,20405
294914555226,108,5339,60,3512,13534,6873,20406
294914565908,99,5767,108,8175,13535,6873,20407
294914577044,20,7320,58,3041,13535,6874,20408
294914588296,108,4847,199,16272,13536,6874,20409
294914599014,156,5217,209,8615,13537,6874,20410
294914610323,26,7116,67,3199,13537,6875,20411
294914621475,122,4979,61,3606,13538,6875,20412
294914632579,263,5675,171,15284,13539,6875,20413
294914643891,19,7664,60,2915,13539,6876,20414
294914654796,109,5975,266,28499,13540,6876,20415
294914665853,98,5887,198,16144,13541,6876,20416
294914676999,20,7383,62,3222,13541,6877,20417
294914688421,117,6153,62,3520,13542,6877,20418
294914699140,436,5560,102,8328,13543,6877,20419
294914710138,20,4781,61,2793,13543,6878,20420
294914721599,114,5647,164,16391,13544,6878,20421
294914732566,179,5800,109,7864,13545,6878,20422
294914744117,17,6996,116,2704,13545,6879,20423
294914755068,201,5545,159,15402,13546,6879,20424
294914766120,172,4779,110,8927,13547,6879,20425
294914776995,18,7331,59,2895,13547,6880,20426
294914788445,113,6092,169,15968,13548,6880,20427
294914799499,100,5532,60,3445,13549,6880,20428
294914810791,22,7197,65,2873,13549,6881,20429
294914821691,160,5270,100,8190,13550,6881,20430
294914832684,110,4928,182,16267,13551,6881,20431
294914843884,20,7222,66,3177,13551,6882,20432
294914854886,129,5976,57,2559,13552,6882,20433
294914865860,154,5781,376,35977,13553,6882,20434
294914877036,21,7874,88,4772,13553,6883,20435
294914888128,188,5519,181,15846,13554,6883,20436
294914899309,123,6226,58,2973,13555,6883,20437
294914910430,21,7275,50,1872,13555,6884,20438
294914921670,110,5513,334,33865,13556,6884,20439
294914932685,206,5602,80,4794,13557,6884,20440
294914943939,20,7312,64,3206,13557,6885,20441
294914955031,117,5736,102,8376,13558,6885,20442
294914966118,98,5523,58,3175,13559,6885,20443
294914977566,18,7154,57,2888,13559,6886,20444
294914988147,103,6943,86,3147,13560,6886,20445
294914999263,124,5519,201,15126,13561,6886,20446
294915010801,34,7437,76,3130,13561,6887,20447
294915021748,146,5403,54,2739,13562,6887,20448
294915032435,128,5670,325,33783,13563,6887,20449
294915043851,26,6981,79,4674,13563,6888,20450
294915054687,122,5183,59,3322,13564,6888,20451
294915065907,106,5482,282,7450,13565,6888,20452
294915077049,31,7662,62,1986,13565,6889,20453
294915088022,138,6748,409,43662,13566,6889,20454
294915099175,318,5643,137,11591,13567,6889,20455
294915110262,25,4930,72,3906,13567,6890,20456
294915121533,142,5752,99,5866,13568,6890,20457
294915132511,182,6283,458,36242,13569,6890,20458
294915143837,22,7111,79,4910,13569,6891,20459
294915154917,123,5950,116,9818,13570,6891,20460
294915165779,109,5794,193,14931,13571,6891,20461
294915176896,21,7206,60,3253,13571,6892,20462
294915188122,118,6982,69,3428,13572,6892,20463
294915199429,118,5569,53,3324,13573,6892,20464
294915210940,20,7139,85,2910,13573,6893,20465
294915221533,110,5343,104,8827,13574,6893,20466
294915232809,168,5227,62,3066,13575,6893,20467
294915243967,23,7523,58,2862,13575,6894,20468
294915254976,98,5196,158,15392,13576,6894,20469
294915265933,109,5872,105,8897,13577,6894,20470
294915277261,17,7240,66,3000,13577,6895,20471
294915288449,108,5793,160,15875,13578,6895,20472
294915299475,121,4849,61,3554,13579,6895,20473
294915310326,48,7204,57,3120,13579,6896,20474
294915321544,97,5619,76,2472,13580,6896,20475
294915332409,145,5680,48,1811,13581,6896,20476
294915343809,20,7195,47,1807,13581,6897,20477
294915354987,109,6001,79,5888,13582,6897,20478
294915365770,102,5968,298,32480,13583,6897,20479
294915376941,18,7621,84,4594,13583,6898,20480
294915388492,137,5566,163,15734,13584,6898,20481
294915399086,115,5765,205,9303,13585,6898,20482
294915411360,19,7566,56,3005,13585,6899,20483
294915421593,111,5516,186,16036,13586,6899,20484
294915432433,95,6059,63,3654,13587,6899,20485
294915443814,18,6813,56,3175,13587,6900,20486
294915455012,105,5633,102,8417,13588,6900,20487
294915466018,153,5547,94,3218,13589,6900,20488
294915477165,27,6743,80,2921,13589,6901,20489
294915488258,172,6204,61,3213,13590,6901,20490
294915499379,120,5404,162,15665,13591,6901,20491
294915510891,28,7050,59,3279,13591,6902,20492
294915521390,103,5514,98,9069,13592,6902,20493
294915532455,95,5623,165,16169,13593,6902,20494
294915543844,16,7086,66,3448,13593,6903,20495
294915555030,106,5210,61,3723,13594,6903,20496
294915566039,90,5318,96,8014,13595,6903,20497
294915577130,16,7195,53,2510,13595,6904,20498
294915588230,104,5919,336,34121,13596,6904,20499
294915599403,138,5617,123,9595,13597,6904,20500
294915611159,21,10050,62,3250,13597,6905,20501
294915632496,147,6064,214,14489,13598,6905,20502
294915643662,26,7137,62,3159,13598,6906,20503
294915654901,125,5427,111,9619,13599,6906,20504
294915665803,121,5934,160,15915,13600,6906,20505
294915676953,17,6896,54,3372,13600,6907,20506
294915688305,102,6258,55,3573,13601,6907,20507
294915699244,142,5756,59,3149,13602,6907,20508
294915710603,17,6848,52,2947,13602,6908,20509
294915721727,100,5208,131,8843,13603,6908,20510
294915732626,157,5760,79,3221,13604,6908,20511
294915744208,16,5119,65,2946,13604,6909,20512
294915755131,104,5395,157,15430,13605,6909,20513
294915766308,97,5595,103,8861,13606,6909,20514
294915777522,17,7399,59,3153,13606,6910,20515
294915788375,122,5953,157,15956,13607,6910,20516
294915799370,103,4868,53,2878,13608,6910,20517
294915810370,17,7333,304,2179,13608,6911,20518
294915821574,127,5861,366,37923,13609,6911,20519
294915832829,110,5088,179,18224,13610,6911,20520
294915843483,19,7543,69,3712,13610,6912,20521
294915855123,114,5431,111,9224,13611,6912,20522
294915866098,107,5405,54,3403,13612,6912,20523
294915876896,18,7567,68,2975,13612,6913,20524
294915888598,147,6092,165,15826,13613,6913,20525
294915899321,118,5179,118,9934,13614,6913,20526
294915910303,19,7572,55,3097,13614,6914,20527
294915921492,106,5386,141,13662,13615,6914,20528
294915932821,100,5285,102,8459,13616,6914,20529
294915944002,18,7152,57,3087,13616,6915,20530
294915954977,250,5563,266,15692,13617,6915,20531
294915966214,281,5376,398,32791,13618,6915,20532
294915977065,16,7447,284,4981,13618,6916,20533
294915988392,108,6081,107,9416,13619,6916,20534
294915999763,141,5080,248,15551,13620,6916,20535
294916010694,126,5044,62,3353,13620,6917,20536
294916021299,135,5663,216,8965,13621,6917,20537
294916033023,112,5378,706,16054,13622,6917,20538
294916043891,19,6712,61,3348,13622,6918,20539
294916054936,115,5362,57,3021,13623,6918,20540
294916065770,107,5766,400,35871,13624,6918,20541
294916077215,17,7507,81,4781,13624,6919,20542
294916088410,109,5021,166,16766,13625,6919,20543
294916099479,187,5083,112,8627,13626,6919,20544
294916110369,19,7384,67,3090,13626,6920,20545
294916121920,123,5058,60,3485,13627,6920,20546
294916132486,117,5921,71,4265,13628,6920,20547
294916143821,23,7427,50,1860,13628,6921,20548
294916155078,108,6443,345,36460,13629,6921,20549
294916166076,146,5415,180,17774,13630,6921,20550
294916177173,17,7444,67,3694,13630,6922,20551
294916188228,102,6318,94,3523,13631,6922,20552
294916199382,103,5818,128,8217,13632,6922,20553
294916210965,18,7439,56,2942,13632,6923,20554
294916221607,102,5575,165,16160,13633,6923,20555
294916232578,130,6107,143,7993,13634,6923,20556
294916243870,18,7046,59,2989,13634,6924,20557
294916254844,154,5680,159,15555,13635,6924,20558
294916265978,173,5756,107,9200,13636,6924,20559
294916277414,17,6672,117,3046,13636,6925,20560
294916288147,101,6624,162,16112,13637,6925,20561
294916299284,101,5583,65,3802,13638,6925,20562
294916310344,16,7578,57,3171,13638,6926,20563
294916321390,107,5564,100,8479,13639,6926,20564
294916332755,103,5741,245,16554,13640,6926,20565
294916343968,19,7390,63,3299,13640,6927,20566
294916354829,177,5252,107,8693,13641,6927,20567
294916365813,97,5636,72,5539,13642,6927,20568
294916376937,22,7440,48,1974,13642,6928,20569
294916388295,102,6573,388,36723,13643,6928,20570
294916399640,331,5257,69,2545,13644,6928,20571
294916411804,55,7397,62,1824,13644,6929,20572
294916421625,154,5637,341,33805,13645,6929,20573
294916432618,114,5584,75,4761,13646,6929,20574
294916443930,16,6991,84,3165,13646,6930,20575
294916455119,111,5750,55,3173,13647,6930,20576
294916466214,107,5491,103,8477,13648,6930,20577
294916477261,22,7229,56,2858,13648,6931,20578
294916488456,99,5114,50,3200,13649,6931,20579
294916499114,144,5511,155,14857,13650,6931,20580
294916510253,18,7212,54,3005,13650,6932,20581
294916521588,100,5375,100,8758,13651,6932,20582
294916532341,109,5460,162,16039,13652,6932,20583
294916543674,17,4906,55,3323,13652,6933,20584
294916554792,136,5771,52,3109,13653,6933,20585
294916565857,94,5746,48,1919,13654,6933,20586
294916577007,16,7381,46,1911,13654,6934,20587
294916588368,110,6349,313,33525,13655,6934,20588
294916599295,174,5763,175,10810,13656,6934,20589
294916610426,21,7605,75,3319,13656,6935,20590
294916621463,115,5375,50,3403,13657,6935,20591
294916632684,130,6130,166,15112,13658,6935,20592
294916643842,20,4858,56,2956,13658,6936,20593
294916655077,114,5800,106,9379,13659,6936,20594
294916666062,94,5809,169,15980,13660,6936,20595
294916677341,18,6907,59,3408,13660,6937,20596
294916688104,106,6231,57,3621,13661,6937,20597
294916699320,103,5489,57,3306,13662,6937,20598
294916710498,33,6893,92,3069,13662,6938,20599
294916721800,100,5465,111,8845,13663,6938,20600
294916732790,100,5670,52,3159,13664,6938,20601
294916743693,17,4998,113,2914,13664,6939,20602
294916754863,111,5357,157,15468,13665,6939,20603
294916766019,168,4951,103,9058,13666,6939,20604
294916776957,18,7604,59,2924,13666,6940,20605
294916788277,113,6160,164,15988,13667,6940,20606
294916799167,157,5700,69,3737,13668,6940,20607
294916810318,20,7764,59,3216,13668,6941,20608
294916821423,113,5503,101,8544,13669,6941,20609
294916832450,179,5896,169,16607,13670,6941,20610
294916844101,17,7477,58,3380,13670,6942,20611
294916854723,108,5703,102,9131,13671,6942,20612
294916865820,99,5773,66,3268,13672,6942,20613
294916876937,23,8074,74,2998,13672,6943,20614
294916888080,152,5628,164,15725,13673,6943,20615
294916899266,110,5806,137,9759,13674,6943,20616
294916910415,19,7103,64,3000,13674,6944,20617
294916921804,112,5506,166,16323,13675,6944,20618
294916932826,108,5237,61,3689,13676,6944,20619
294916943916,24,5344,60,3118,13676,6945,20620
294916954989,107,5354,52,3339,13677,6945,20621
294916965871,97,5453,117,8725,13678,6945,20622
294916977219,17,14077,67,2960,13678,6946,20623
294917002991,144,9825,174,14642,13679,6946,20624
294917013807,102,15976,64,2887,13680,6946,20625
294917041553,199,15938,56,1881,13681,6946,20626
294917068891,189,9470,397,35961,13682,6946,20627
294917080249,20,15408,88,4821,13682,6947,20628
294917106957,134,18591,85,3690,13683,6947,20629
294917137315,162,8962,186,15156,13684,6947,20630
294917148384,116,18778,132,9164,13685,6947,20631
294917178725,147,10089,179,16048,13686,6947,20632
294917189937,109,5220,104,8427,13687,6947,20633
294917201035,128,5688,176,16449,13688,6947,20634
294917212112,25,6831,67,3265,13688,6948,20635
294917223238,106,5278,115,8929,13689,6948,20636
294917234102,102,5980,52,3091,13690,6948,20637
294917245225,18,7038,57,2886,13690,6949,20638
294917256565,151,5267,191,15307,13691,6949,20639
294917267754,100,5170,54,2726,13692,6949,20640
294917278929,17,8904,61,1939,13692,6950,20641
294917289740,106,5465,331,34229,13693,6950,20642
294917300797,99,5257,81,4847,13694,6950,20643
294917311846,21,7586,81,3204,13694,6951,20644
294917323212,124,5765,130,8302,13695,6951,20645
294917334278,119,5170,166,15792,13696,6951,20646
294917345200,20,7164,66,3255,13696,6952,20647
294917356330,120,5461,107,8911,13697,6952,20648
294917367456,103,4850,58,3244,13698,6952,20649
294917378799,39,7691,69,2913,13698,6953,20650
294917389950,132,5561,162,15560,13699,6953,20651
294917401107,125,5673,140,9409,13700,6953,20652
294917412139,19,7394,67,2950,13700,6954,20653
294917423402,110,5205,237,15800,13701,6954,20654
294917434588,102,5741,123,8569,13702,6954,20655
294917445179,17,6710,58,2944,13702,6955,20656
294917456611,104,5220,164,16556,13703,6955,20657
294917467356,97,7561,117,8955,13704,6955,20658
294917479106,23,8089,58,2943,13704,6956,20659
294917489861,114,5240,57,3250,13705,6956,20660
294917500736,107,5428,62,4115,13706,6956,20661
294917511798,17,7190,49,1900,13706,6957,20662
294917523066,101,5069,365,36330,13707,6957,20663
294917534313,121,5514,197,17732,13708,6957,20664
294917545530,19,7313,62,3550,13708,6958,20665
294917556417,104,5218,57,3456,13709,6958,20666
294917567966,95,7866,138,8065,13710,6958,20667
294917578633,16,7440,55,2907,13710,6959,20668
294917589781,107,5470,161,16097,13711,6959,20669
294917601239,136,5656,102,8660,13712,6959,20670
294917612017,17,7105,113,2972,13712,6960,20671
294917622945,105,5240,50,3347,13713,6960,20672
294917634210,135,5508,195,15656,13714,6960,20673
294917645489,19,6744,64,3058,13714,6961,20674
294917656687,110,5183,112,9564,13715,6961,20675
294917667371,101,7948,149,14057,13716,6961,20676
294917678979,17,8297,55,3353,13716,6962,20677
294917690094,101,5311,99,8473,13717,6962,20678
294917701123,91,5856,164,15741,13718,6962,20679
294917712299,17,8871,49,2189,13718,6963,20680
294917723685,102,5340,863,32859,13719,6963,20681
294917734215,114,5411,64,2537,13720,6963,20682
294917745307,23,9666,53,1846,13720,6964,20683
294917756493,116,5482,56,1843,13721,6964,20684
294917767780,110,4876,341,36397,13722,6964,20685
294917778745,18,7533,77,4815,13722,6965,20686
294917790273,102,5748,306,16231,13723,6965,20687
294917800995,102,5025,109,3588,13724,6965,20688
294917811817,17,7179,52,3049,13724,6966,20689
294917823048,102,5403,96,8186,13725,6966,20690
294917834313,99,5807,171,16293,13726,6966,20691
294917845530,22,6860,60,3234,13726,6967,20692
294917856914,112,5603,104,9034,13727,6967,20693
294917867505,100,5042,69,3276,13728,6967,20694
294917878855,19,7166,69,2952,13728,6968,20695
294917889892,133,5320,207,15647,13729,6968,20696
294917900920,107,5373,62,4065,13730,6968,20697
294917911815,19,7265,61,3075,13730,6969,20698
294917923152,109,5342,50,2879,13731,6969,20699
294917934461,102,5583,348,34639,13732,6969,20700
294917945597,22,9578,106,4791,13732,6970,20701
294917956357,153,5434,58,2537,13733,6970,20702
294917967393,119,4761,324,33379,13734,6970,20703
294917978790,34,8274,85,4665,13734,6971,20704
294917990015,136,5350,115,9341,13735,6971,20705
294918000921,119,5671,172,15093,13736,6971,20706
294918012232,21,8354,77,3095,13736,6972,20707
294918023511,164,5029,137,8817,13737,6972,20708
294918034468,108,5989,176,16068,13738,6972,20709
294918045739,23,8320,61,3200,13738,6973,20710
294918056305,114,4759,60,3522,13739,6973,20711
294918067534,98,5373,150,8409,13740,6973,20712
294918078709,29,8269,58,2856,13740,6974,20713
294918089846,211,5365,164,16220,13741,6974,20714
294918100970,105,5635,99,8314,13742,6974,20715
294918112153,16,7096,61,2844,13742,6975,20716
294918123539,106,5278,72,5527,13743,6975,20717
294918134465,148,5353,391,36292,13744,6975,20718
294918145609,39,9401,83,4819,13744,6976,20719
294918156356,134,5402,55,2738,13745,6976,20720
294918167649,112,4866,332,34163,13746,6976,20721
294918178544,21,9226,76,4676,13746,6977,20722
294918189994,110,5852,77,3361,13747,6977,20723
294918201123,109,5423,97,8096,13748,6977,20724
294918212412,20,8064,65,2946,13748,6978,20725
294918223536,106,5022,74,3291,13749,6978,20726
294918234273,98,5675,61,3012,13750,6978,20727
294918245448,18,7215,61,2823,13750,6979,20728
294918256469,122,5605,158,15125,13751,6979,20729
294918267650,144,5726,104,8799,13752,6979,20730
294918278602,18,7137,74,3110,13752,6980,20731
294918289790,106,5625,160,15833,13753,6980,20732
294918301196,101,5493,62,3775,13754,6980,20733
294918312138,16,8149,57,3237,13754,6981,20734
294918323360,100,5255,99,8610,13755,6981,20735
294918334160,98,5603,171,16392,13756,6981,20736
294918345712,16,9288,75,3216,13756,6982,20737
294918356296,133,5396,69,2556,13757,6982,20738
294918367363,131,4793,355,36352,13758,6982,20739
294918378951,27,9721,119,4808,13758,6983,20740
294918389833,169,5577,166,15895,13759,6983,20741
294918401205,138,5225,200,9335,13760,6983,20742
294918412191,21,7476,64,3067,13760,6984,20743
294918423697,127,5418,168,15880,13761,6984,20744
294918434392,107,5397,63,3486,13762,6984,20745
294918445477,20,10721,71,3118,13762,6985,20746
294918467844,135,4907,118,9193,13763,6985,20747
294918478692,18,7560,62,2939,13763,6986,20748
294918489837,110,5552,51,3205,13764,6986,20749
294918501040,102,5949,199,15715,13765,6986,20750
294918512333,17,8060,57,3355,13765,6987,20751
294918523344,104,4839,104,9262,13766,6987,20752
294918534005,96,5733,168,16344,13767,6987,20753
294918545717,16,9640,61,3400,13767,6988,20754
294918556782,104,5040,59,3725,13768,6988,20755
294918567475,95,7313,150,8642,13769,6988,20756
294918578649,20,7226,60,3034,13769,6989,20757
294918589961,114,5202,72,5457,13770,6989,20758
294918601067,100,5267,368,36262,13771,6989,20759
294918612321,17,8775,75,4830,13771,6990,20760
294918623246,104,5116,56,3525,13772,6990,20761
294918634343,147,4919,173,15577,13773,6990,20762
294918645609,41,9994,62,3164,13773,6991,20763
294918656383,109,5747,115,9914,13774,6991,20764
294918667755,100,5248,200,16142,13775,6991,20765
294918678727,36,7553,60,3268,13775,6992,20766
294918689881,100,5578,55,3486,13776,6992,20767
294918701249,100,5296,102,8072,13777,6992,20768
294918711884,18,7339,57,2920,13777,6993,20769
294918723231,101,5336,52,3289,13778,6993,20770
294918734218,105,5792,61,3017,13779,6993,20771
294918745507,19,10092,57,2833,13779,6994,20772
294918756535,103,5087,169,15454,13780,6994,20773
294918767916,99,6824,109,8759,13781,6994,20774
294918778618,25,8299,75,2903,13781,6995,20775
294918789820,155,5099,167,15889,13782,6995,20776
294918800751,117,5486,63,2914,13783,6995,20777
294918811916,21,7533,45,2109,13783,6996,20778
294918823146,107,5154,40,2126,13784,6996,20779
294918834374,106,5567,313,33580,13785,6996,20780
294918845482,17,9454,75,4658,13785,6997,20781
294918856691,106,5190,52,2484,13786,6997,20782
294918867381,101,4788,357,36283,13787,6997,20783
294918878963,23,9291,88,4741,13787,6998,20784
294918889919,132,6289,166,15687,13788,6998,20785
294918900892,107,5163,113,9279,13789,6998,20786
294918912101,48,7567,59,3108,13789,6999,20787
294918923194,103,5315,218,16020,13790,6999,20788
294918934532,109,4806,65,3426,13791,6999,20789
294918945681,18,8107,58,3058,13791,7000,20790
294918956776,124,5382,66,3249,13792,7000,20791
294918967538,100,5672,109,8681,13793,7000,20792
294918978992,22,8195,59,2912,13793,7001,20793
294918989793,101,5633,53,3197,13794,7001,20794
294919000832,111,5722,166,15467,13795,7001,20795
294919012271,18,6841,133,3157,13795,7002,20796
294919023039,110,5453,133,9085,13796,7002,20797
294919034161,104,5818,168,16055,13797,7002,20798
294919045565,18,9144,64,3301,13797,7003,20799
294919056613,104,5360,56,2903,13798,7003,20800
294919067391,102,5218,44,2205,13799,7003,20801
294919078913,18,8857,52,1796,13799,7004,20802
294919089787,123,5399,308,33340,13800,7004,20803
294919100892,106,5491,175,10507,13801,7004,20804
294919112263,18,8827,56,3224,13801,7005,20805
294919123513,104,5913,80,3306,13802,7005,20806
294919134627,308,5134,163,14919,13803,7005,20807
294919145685,21,10310,60,3110,13803,7006,20808
294919156795,109,5480,110,9520,13804,7006,20809
294919167950,101,5386,161,15918,13805,7006,20810
