start_us,capture_us,encode_us,submit_us,payload_bytes,desktop_updates,cached_frames
197080924566,1747,8330,476,34102,1,0
197080936290,63,4248,182,15635,1,1
197080947106,156,3884,160,13554,2,1
197080958165,129,2936,168,15322,3,1
197080969213,22,4410,422,43252,3,2
197080980465,168,3396,116,9523,4,2
197080991517,3074,3656,99,7423,5,2
197081002520,21,2923,582,4371,5,3
197081013623,484,5057,74,5011,6,3
197081024652,141,3555,42,767,7,3
197081036033,22,2789,36,744,7,4
197081047134,186,2991,38,735,8,4
197081058142,575,3815,352,33152,9,4
197081069201,21,4611,394,42698,9,5
197081080078,153,3562,100,8071,10,5
197081091195,346,3563,194,15714,11,5
197081102724,21,2817,69,4561,11,6
197081113729,133,7644,443,9578,12,6
197081124792,451,3330,277,15195,13,6
197081135802,20,2724,113,2932,13,7
197081146844,499,3344,150,8652,14,7
197081157901,197,3260,166,15745,15,7
197081169639,22,2729,61,2956,15,8
197081180239,340,3078,57,3178,16,8
197081191475,303,2974,110,8058,17,8
197081202540,46,2754,59,2593,17,9
197081213545,180,3129,168,15995,18,9
197081224608,128,3067,110,8427,19,9
197081235622,31,2794,57,2725,19,10
197081247170,137,3747,60,3035,20,10
197081258190,194,3082,171,15225,21,10
197081269237,27,2888,82,3101,21,11
197081280263,217,3159,119,9462,22,11
197081291355,829,3036,175,13817,23,11
197081302485,87,2996,70,3008,23,12
197081313524,342,3073,109,8179,24,12
197081324547,135,3129,188,16333,25,12
197081336073,24,3025,59,2911,25,13
197081347153,491,4711,106,7515,26,13
197081358284,263,4025,69,4312,27,13
197081369346,46,3405,38,780,27,14
197081380406,257,3991,32,728,28,14
197081391621,168,3439,366,34808,29,14
197081402694,20,2804,87,3662,29,15
197081413781,260,3038,173,15074,30,15
197081424781,151,3085,57,2451,31,15
197081435809,20,3294,44,1851,31,16
197081446809,194,3805,94,6903,32,16
197081458243,353,3623,171,14936,33,16
197081469276,45,2734,51,2038,33,17
197081480302,145,3094,96,7805,34,17
197081491333,121,3144,50,2271,35,17
197081502768,21,3123,49,1884,35,18
197081513790,416,3192,167,14409,36,18
197081524856,688,3243,120,8629,37,18
197081535835,49,3390,76,1839,37,19
197081546907,151,2643,171,14951,38,19
197081557913,131,3791,97,7038,39,19
197081569427,21,3585,104,1783,39,20
197081580465,146,4164,326,15084,40,20
197081591472,93,4056,95,7654,41,20
197081602499,18,2974,48,1869,41,21
197081613543,127,3543,48,2225,42,21
197081624990,391,3760,165,14562,43,21
197081635970,20,3942,70,2146,43,22
197081647112,222,3347,105,7884,44,22
197081658183,735,3034,192,14980,45,22
197081669271,20,2694,49,2281,45,23
197081680531,320,3316,51,1729,46,23
197081691242,141,3605,47,1128,47,23
197081702770,22,3390,41,682,47,24
197081713830,158,3860,35,682,48,24
197081724752,159,3264,372,34855,49,24
197081735919,24,2762,112,3845,49,25
197081746830,152,3455,53,2423,50,25
197081757940,140,3439,158,14461,51,25
197081769260,27,3317,59,2079,51,26
197081780307,123,3309,112,8308,52,26
197081791366,144,3318,171,15151,53,26
197081803992,20,3281,49,2016,53,27
197081813927,151,3158,49,2317,54,27
197081824918,181,2928,49,2049,55,27
197081835969,21,2805,44,1940,55,28
197081847152,319,3765,98,7694,56,28
197081858295,120,3772,45,2032,57,28
197081869327,20,3502,49,1833,57,29
197081880337,131,3686,153,14436,58,29
197081891470,138,3207,103,8013,59,29
197081902602,20,3255,52,2036,59,30
197081913679,114,3081,168,15054,60,30
197081924710,135,2987,48,1645,61,30
197081935882,85,3484,37,795,61,31
197081946785,211,3411,36,783,62,31
197081958529,134,3348,345,32185,63,31
197081968994,21,2787,68,3602,63,32
197081980509,125,3631,1770,8266,64,32
197081991521,112,2904,48,2225,65,32
197082002537,21,2712,46,1816,65,33
197082013622,155,3646,162,13986,66,33
197082024893,216,3097,113,8286,67,33
197082035985,24,3044,1011,1862,67,34
197082046948,158,4460,161,14807,68,34
197082057973,209,3442,52,2434,69,34
197082069025,22,3531,48,1936,69,35
197082080603,173,3492,44,2097,70,35
197082091574,187,3221,137,7569,71,35
197082102247,19,3165,73,1716,71,36
197082113467,126,3002,52,2035,72,36
197082124775,162,2742,160,14325,73,36
197082135759,23,2872,50,2171,73,37
197082146821,121,2866,98,8100,74,37
197082157869,112,3332,247,14446,75,37
197082169369,24,2828,38,1124,75,38
197082180442,257,3107,43,1558,76,38
197082191641,199,3184,37,761,77,38
197082202546,19,2781,36,757,77,39
197082213516,149,4312,404,32183,78,39
197082224611,448,2988,112,9625,79,39
197082235670,19,2826,48,2117,79,40
197082247200,160,3018,46,2118,80,40
197082258308,256,3681,175,14089,81,40
197082269406,48,3285,56,2078,81,41
197082280363,134,3735,178,8493,82,41
197082291379,240,4317,170,14998,83,41
197082304836,24,3680,48,2271,83,42
197082313449,330,3007,54,2447,84,42
197082325040,284,3092,46,2161,85,42
197082336110,23,3334,52,2007,85,43
197082347063,117,2775,345,7859,86,43
197082358122,127,2685,53,2050,87,43
197082369137,32,2594,72,1828,87,44
197082380182,166,2640,158,14401,88,44
197082430992,298,2855,52,1766,89,44
197082445814,292,2725,350,34686,90,44
197082456806,126,2655,177,17217,91,44
197082467901,38,3675,77,2519,91,45
197082478941,137,3784,135,7751,92,45
197082490155,225,3832,75,2422,93,45
197082501139,21,3335,73,2012,93,46
197082512284,176,2772,171,14640,94,46
197082523482,572,3936,113,8500,95,46
197082534568,22,2897,52,1939,95,47
197082545669,333,4256,143,12344,96,47
197082556703,245,3116,91,6959,97,47
197082567820,19,3421,46,1951,97,48
197082578958,256,4272,165,15077,98,48
197082590026,220,3146,97,7452,99,48
197082601087,21,2976,41,1790,99,49
197082612112,120,3098,88,4506,100,49
197082623280,381,3304,38,677,101,49
197082634461,20,2796,33,665,101,50
197082645552,200,3706,359,34708,102,50
197082656723,471,3484,179,16556,103,50
197082667684,20,2609,50,2513,103,51
197082678718,217,3691,49,2404,104,51
197082689932,177,3092,95,7021,105,51
197082700907,29,2616,45,1845,105,52
197082712438,141,2924,169,14995,106,52
197082723495,205,3298,159,7639,107,52
197082734513,20,2821,43,1760,107,53
197082745785,120,3099,46,2074,108,53
197082756829,135,2819,166,14616,109,53
197082767835,23,3000,45,1949,109,54
197082778876,154,2824,85,6877,110,54
197082789885,172,3139,330,32609,111,54
197082800953,23,2705,62,3563,111,55
197082811993,287,3271,197,17320,112,55
197082823534,267,2866,165,15586,113,55
197082834608,20,3054,85,2090,113,56
197082845558,239,3141,181,17644,114,56
197082856419,435,2842,43,1279,115,56
197082867963,20,3371,32,761,115,57
197082879210,551,3221,73,4869,116,57
197082890266,379,2967,370,35068,117,57
197082901337,25,3395,80,3701,117,58
197082912388,401,2984,177,15171,118,58
197082923403,191,3315,53,2467,119,58
197082934416,20,3026,45,1891,119,59
197082945522,241,2953,101,7006,120,59
197082956644,429,3087,162,14271,121,59
197082967695,32,2861,39,1155,121,60
197082978739,189,3312,436,37429,122,60
197082989988,204,2954,60,3109,123,60
197083001567,29,2666,45,1666,123,61
197083012758,218,2877,91,5632,124,61
197083023436,232,3128,373,34984,125,61
197083034467,23,2995,156,3755,125,62
197083045504,350,3565,174,15135,126,62
197083056732,443,3111,109,7350,127,62
197083067823,25,2958,47,1849,127,63
197083078846,290,3112,173,15146,128,63
197083089866,211,3762,105,7699,129,63
197083101100,24,3500,47,1791,129,64
197083112113,384,4369,50,2078,130,64
197083123413,121,2654,159,14632,131,64
197083134444,31,2532,54,2257,131,65
197083145500,185,2650,112,7808,132,65
197083156504,153,2593,72,3927,133,65
197083167575,26,2524,37,869,133,66
197083226482,164,2642,43,807,134,66
197083240920,218,2640,42,798,135,66
197083252042,24,2592,30,798,135,67
197083263128,247,4041,550,35367,136,67
197083274245,142,4280,214,10719,137,67
197083285337,22,3634,78,2326,137,68
197083296453,332,4123,228,13729,138,68
197083307628,129,2985,104,7439,139,68
197083318269,24,3769,49,1875,139,69
197083329768,294,3504,160,14418,140,69
197083340964,177,3742,97,7676,141,69
197083352097,21,4009,46,1961,141,70
197083363113,278,3729,50,2334,142,70
197083374388,305,3280,52,3043,143,70
197083385367,20,3330,36,826,143,71
197083396439,223,3413,34,768,144,71
197083407442,127,3203,404,32881,145,71
197083418470,23,2861,64,3567,145,72
197083429494,120,2936,56,2293,146,72
197083440710,130,2838,98,7129,147,72
197083451709,21,3021,46,2009,147,73
197083462729,120,2974,154,14561,148,73
197083474298,187,2622,96,7588,149,73
197083484948,18,2952,100,1942,149,74
197083496446,159,3314,49,2311,150,74
197083507617,188,3339,165,14447,151,74
197083518637,24,2716,46,2230,151,75
197083529681,218,5434,159,8598,152,75
197083540761,321,3179,162,15247,153,75
197083551814,23,3639,54,2034,153,76
197083562796,315,3410,101,8036,154,76
197083573970,167,3586,160,15248,155,76
197083585256,19,3039,51,2331,155,77
197083596117,151,3061,91,7174,156,77
197083607218,298,3665,301,31251,157,77
197083618518,25,2937,62,3608,157,78
197083629424,225,3923,162,14982,158,78
197083640455,171,3125,95,7625,159,78
197083651994,38,3272,46,1263,159,79
197083663066,321,4393,82,6513,160,79
197083674084,246,3519,336,33296,161,79
197083685096,19,3555,64,3720,161,80
197083696107,194,3224,93,7538,162,80
197083707377,107,3136,157,14800,163,80
197083718429,19,3714,47,2174,163,81
197083729420,305,4014,98,7780,164,81
197083741060,154,3834,47,2177,165,81
197083751964,21,3262,47,1842,165,82
197083763069,324,3594,160,14306,166,82
197083774088,356,3845,186,17255,167,82
197083785095,21,2999,45,2009,167,83
197083796158,234,3534,153,14862,168,83
197083807160,117,3803,111,2582,169,83
197083818679,20,2865,42,1863,169,84
197083829725,121,3125,46,1998,170,84
197083840830,137,3693,99,7108,171,84
197083852075,22,3195,48,1490,171,85
197083862813,254,3756,222,21334,172,85
197083873824,393,3901,197,14209,173,85
197083885452,21,2941,45,1848,173,86
197083896516,116,3202,93,7568,174,86
197083907061,110,4553,157,14726,175,86
197083918703,19,2851,46,2195,175,87
197083929714,141,3149,55,2402,176,87
197083940747,111,2883,83,6334,177,87
197083951667,19,3388,37,968,177,88
197083963156,315,5259,67,3891,178,88
197083974244,117,3400,364,34795,179,88
197083985321,21,2790,61,3712,179,89
197083996452,137,3406,51,2394,180,89
197084007670,389,3142,188,14445,181,89
197084018460,42,2703,43,2086,181,90
197084029604,130,2754,172,8244,182,90
197084040638,127,3796,167,14993,183,90
197084051766,24,2931,76,2170,183,91
197084062808,227,4107,53,2502,184,91
197084073797,203,3190,124,7152,185,91
197084085369,22,3795,48,1754,185,92
197084096473,129,3236,47,2194,186,92
197084107453,125,3217,46,1903,187,92
197084118516,25,2508,42,1721,187,93
197084129532,138,2614,163,14362,188,93
197084140606,171,2591,106,7803,189,93
197084151604,25,2554,58,1839,189,94
197084162828,188,2607,167,14821,190,94
197084173825,116,2605,55,2537,191,94
197084185386,27,2644,49,2042,191,95
197084196457,124,2598,94,7287,192,95
197084207494,97,2617,158,15291,193,95
197084218565,29,2643,68,2324,193,96
197084271426,350,4630,122,8144,194,96
197084287759,148,3512,56,1878,194,97
197084299006,233,2787,189,15614,195,97
197084310061,213,3813,64,2374,196,97
197084321256,39,3595,64,2015,196,98
197084332321,184,4279,139,7413,197,98
197084343452,119,4131,71,2065,198,98
197084354554,24,2562,53,1790,198,99
197084365581,227,2829,51,2090,199,99
197084376701,501,3917,166,14517,200,99
197084387636,22,3429,51,2267,200,100
197084399008,125,3286,111,8197,201,100
197084410058,122,4236,195,15359,202,100
197084421088,25,3812,52,2143,202,101
197084432142,223,3434,56,2418,203,101
197084443158,115,2893,200,7196,204,101
197084454238,20,2895,70,1984,204,102
197084465764,286,3991,263,15041,205,102
197084476809,121,3128,179,17019,206,102
197084488031,26,3982,49,2107,206,103
197084498969,138,3001,61,2406,207,103
197084510057,188,3797,161,14472,208,103
197084521058,23,4705,65,2392,208,104
197084532067,136,3535,43,1473,209,104
197084543605,149,3672,38,685,210,104
197084554651,21,4002,40,685,210,105
197084565769,116,3649,34,685,211,105
197084576847,125,3224,431,34684,212,105
197084588037,29,3258,88,3885,212,106
197084598901,118,3383,162,15489,213,106
197084609926,156,3353,94,7540,214,106
197084621122,22,3611,47,2033,214,107
197084632460,293,3463,144,13418,215,107
197084643665,238,3647,151,7593,216,107
197084654697,43,5112,49,1861,216,108
197084665376,167,3079,150,14387,217,108
197084676850,171,3943,56,2515,218,108
197084687902,21,4042,47,1978,218,109
197084698731,322,5552,188,7196,219,109
197084710136,211,4144,162,15268,220,109
197084721113,20,4331,53,2231,220,110
197084732173,128,3186,196,8000,221,110
197084743293,191,3165,77,2125,222,110
197084754343,22,2792,50,1826,222,111
197084765433,262,3269,157,14475,223,111
197084776886,184,3364,109,8647,224,111
197084787908,34,4162,52,1904,224,112
197084799057,168,4253,135,12463,225,112
197084810048,117,4025,92,7087,226,112
197084821156,21,3941,53,1847,226,113
197084832065,405,3415,62,4189,227,113
197084843319,226,3458,33,767,228,113
197084854308,19,2808,35,730,228,114
197084865858,196,4077,331,34926,229,114
197084876863,265,2950,68,3937,230,114
197084887946,20,3567,49,2155,230,115
197084898921,250,2982,52,2508,231,115
197084909990,288,3344,157,14817,232,115
197084920979,20,2751,49,2109,232,116
197084932518,274,3728,55,2247,233,116
197084943636,131,4371,89,6851,234,116
197084954664,42,3651,53,1840,234,117
197084965466,167,2802,154,14844,235,117
197084976472,143,3475,118,7657,236,117
197084988013,24,3411,46,1859,236,118
197084999017,280,2974,46,2235,237,118
197085010046,264,3321,159,14486,238,118
197085021047,21,3815,50,2064,238,119
197085032127,134,3076,104,7748,239,119
197085043189,161,3265,268,23584,240,119
197085054721,22,3351,56,2831,240,120
197085065708,285,2963,99,8392,241,120
197085076920,172,2946,174,15457,242,120
197085087745,18,3402,52,2316,242,121
197085098744,181,3443,96,7939,243,121
197085109813,122,3661,47,2230,244,121
197085121334,24,3463,49,1908,244,122
197085132425,107,3275,79,6380,245,122
197085143397,118,4100,38,933,246,122
197085154637,21,3850,37,660,246,123
197085165725,162,4250,37,660,247,123
197085176712,124,2953,324,33234,248,123
197085187757,20,3898,65,3660,248,124
197085199240,272,4548,92,7317,249,124
197085210099,220,3263,154,14573,250,124
197085221188,20,3358,115,2214,250,125
197085232151,119,3075,94,7658,251,125
197085243175,109,3205,50,2068,252,125
197085254997,23,4792,169,1750,252,126
197085265711,141,2969,151,14304,253,126
197085276776,175,4247,113,8634,254,126
197085287832,21,4560,54,1845,254,127
197085298806,219,3954,162,14747,255,127
197085309886,146,3521,93,7383,256,127
197085321482,22,3123,47,1747,256,128
197085332405,119,2826,245,15247,257,128
197085343520,607,2999,99,7638,258,128
197085354489,18,3172,45,1886,258,129
197085365528,350,3011,45,2215,259,129
197085376644,167,3358,155,14553,260,129
197085387786,21,3661,48,2140,260,130
197085398689,202,3350,96,7916,261,130
197085410250,180,3192,169,15060,262,130
197085421348,277,3190,53,2210,262,131
197085432269,2750,3326,47,1805,263,131
197085443335,108,3741,35,1105,264,131
197085454348,20,3032,33,692,264,132
197085465350,125,3294,443,32310,265,132
197085476769,215,2902,116,9473,266,132
197085487713,23,2898,50,2170,266,133
197085498742,160,3013,49,2220,267,133
197085510342,137,3078,152,13914,268,133
197085521167,24,4066,53,2015,268,134
197085532524,171,3664,103,8400,269,134
197085543629,365,3671,169,14999,270,134
197085554789,39,4116,73,2249,270,135
197085565812,208,3311,61,2589,271,135
197085576812,199,3113,46,2012,272,135
197085587868,22,3554,49,1890,272,136
197085598902,187,3282,99,7555,273,136
197085609964,220,3824,47,2238,274,136
197085620941,47,3083,50,1923,274,137
197085632031,120,3107,185,14485,275,137
197085643544,170,2915,106,7973,276,137
197085654638,26,4729,53,1966,276,138
197085665622,172,2728,270,14856,277,138
197085676659,116,4045,49,2323,278,138
197085687758,19,3968,48,1944,278,139
197085698977,120,4031,98,7108,279,139
197085710036,116,3626,161,14957,280,139
197085721293,24,3805,53,1668,280,140
197085732240,297,3513,46,1634,281,140
197085743193,116,2680,36,712,282,140
197085754714,24,3313,42,708,282,141
197085765828,239,3063,390,35126,283,141
197085776626,155,3258,314,10482,284,141
197085787650,19,2787,727,2313,284,142
197085798697,215,3413,147,13522,285,142
197085809972,256,3671,52,2462,286,142
197085821069,20,3456,54,1903,286,143
197085832088,129,3825,615,7155,287,143
197085843144,233,3180,169,2041,288,143
197085854686,44,3859,60,1765,288,144
197085865783,105,2946,49,2036,289,144
197085876797,280,3070,151,14388,290,144
197085887932,21,3728,50,2082,290,145
197085898881,274,3033,92,8008,291,145
197085910758,281,2870,163,14342,292,145
197085921146,22,6006,52,2076,292,146
197085932151,155,4336,1426,2298,293,146
197085943175,191,3214,176,16781,294,146
197085954678,27,4197,53,1984,294,147
197085968366,383,3059,178,15263,295,147
197085976769,122,3253,98,7616,296,147
197085987760,21,3855,51,2011,296,148
197085998824,237,3528,55,2352,297,148
197086009793,152,3646,168,14358,298,148
197086021364,26,3435,59,2379,298,149
197086032392,351,3218,44,1631,299,149
197086043464,116,3160,40,1115,300,149
197086054530,27,3511,46,688,300,150
197086065693,208,4027,340,33059,301,150
197086076907,135,3868,111,8849,302,150
197086087988,22,3603,55,2353,302,151
197086099037,173,3041,154,14613,303,151
197086110052,163,4694,92,7095,304,151
197086121098,19,3660,47,2135,304,152
197086132124,135,3635,166,14524,305,152
197086143259,133,3358,101,7749,306,152
197086154266,25,2753,51,1961,306,153
197086165367,131,3261,166,14695,307,153
197086176473,134,2978,59,2390,308,153
197086188133,30,3226,52,1962,308,154
197086199108,139,3054,94,7211,309,154
197086210110,175,3077,196,15133,310,154
197086220977,21,2855,98,2311,310,155
197086232395,112,3380,138,8012,311,155
197086243457,112,3650,48,2264,312,155
197086254502,20,3554,49,1999,312,156
197086265489,139,3123,165,14583,313,156
197086276546,160,3332,196,17200,314,156
197086287698,21,4007,51,2232,314,157
197086298868,259,3787,162,12528,315,157
197086310220,182,3433,62,1381,316,157
197086320924,31,2893,39,731,316,158
197086335278,1706,3085,38,731,317,158
197086343497,163,3419,312,32193,318,158
197086354494,24,4477,65,3539,318,159
197086365447,292,4051,112,8055,319,159
197086376484,134,4441,167,13507,320,159
197086388107,23,3529,53,2008,320,160
197086399147,160,2980,96,7748,321,160
197086410172,216,4178,263,14758,322,160
197086421216,21,7189,53,1940,322,161
197086432240,118,3785,48,2151,323,161
197086443170,204,3138,92,6953,324,161
197086454489,25,4045,49,1820,324,162
197086465897,178,3734,164,14939,325,162
197086476841,150,3053,95,7272,326,162
197086488054,193,3849,50,1753,326,163
197086499081,120,4211,44,2059,327,163
197086509767,156,4326,163,14397,328,163
197086521202,26,3757,49,2021,328,164
197086532241,134,3866,109,8343,329,164
197086543292,126,2892,144,12963,330,164
197086554309,21,2898,48,2182,330,165
197086565356,255,2916,96,7366,331,165
197086576713,150,3795,168,15468,332,165
197086587738,20,3945,50,2119,332,166
197086598867,153,3692,99,7544,333,166
197086609995,177,3740,49,1372,334,166
197086621103,40,3395,37,767,334,167
197086632095,124,3057,91,4591,335,167
197086643596,417,3338,2419,34830,336,167
197086654629,22,3276,70,3698,336,168
197086665354,274,3056,225,15048,337,168
197086676881,113,3751,61,2508,338,168
197086688229,154,3309,48,1849,338,169
197086699105,149,3066,90,6948,339,169
197086710193,263,3075,157,15027,340,169
197086721235,31,3749,47,2111,340,170
197086732513,194,3270,119,7911,341,170
197086743507,239,3240,52,2124,342,170
197086754518,25,3566,59,1836,342,171
197086765601,303,3467,155,14542,343,171
197086776662,274,2810,104,8528,344,171
197086787650,20,3612,48,1850,344,172
197086798682,214,4044,415,14801,345,172
197086809980,559,3087,63,2316,346,172
197086821212,31,3773,220,1885,346,173
197086832341,250,3596,60,2007,347,173
197086843521,196,3070,97,7374,348,173
197086854560,23,4031,51,1911,348,174
197086865555,281,3571,45,2240,349,174
197086876597,231,3284,152,14082,350,174
197086887634,20,4560,58,1908,350,175
197086898684,158,3372,44,1374,351,175
197086910120,134,4001,344,647,352,175
197086921337,49,4286,34,645,352,176
197086932154,248,3328,424,33317,353,176
197086943286,172,3374,120,8874,354,176
197086954333,21,3552,122,2353,354,177
197086965362,167,3361,156,14583,355,177
197086976939,213,3063,98,7519,356,177
197086987661,21,3951,73,1960,356,178
197086998903,238,3233,82,2302,357,178
197087009944,172,3173,172,14315,358,178
197087020992,27,2744,50,2082,358,179
197087032432,173,3270,122,8466,359,179
197087043470,451,3903,170,14964,360,179
197087054526,25,4536,62,2035,360,180
197087065576,220,4186,57,2325,361,180
197087076718,200,3555,81,1973,362,180
197087087785,42,4618,55,1882,362,181
197087098854,230,3521,99,7443,363,181
197087109950,133,3031,50,2254,364,181
197087121363,26,3149,68,1932,364,182
197087132970,411,2862,162,14211,365,182
197087143216,166,4057,102,7794,366,182
197087154348,29,4554,59,2013,366,183
197087165383,619,3376,89,6127,367,183
197087176877,144,3071,42,850,368,183
197087187949,25,3556,40,790,368,184
197087198987,158,3135,330,34544,369,184
197087210069,137,3238,184,17195,370,184
197087221094,22,3416,95,2478,370,185
197087232139,219,3281,97,7779,371,185
197087243211,939,3356,88,2408,372,185
197087254725,28,3456,62,2016,372,186
197087265763,186,3086,185,14671,373,186
197087276816,134,3124,110,8408,374,186
197087287824,23,3308,53,1841,374,187
197087298920,164,3783,155,14738,375,187
197087310029,170,3324,65,2582,376,187
197087321389,22,3738,49,2037,376,188
197087332310,127,3038,95,7328,377,188
197087343371,125,4735,49,2092,378,188
197087354438,27,3651,60,1800,378,189
197087365448,150,4526,52,2089,379,189
197087376473,185,3807,169,14586,380,189
197087388044,29,3416,58,2384,380,190
197087399223,394,3648,109,8249,381,190
197087410211,113,3658,165,15242,382,190
197087421273,22,3655,49,2045,382,191
197087432309,400,3189,53,2342,383,191
197087443321,350,3231,101,7219,384,191
197087454650,28,3283,56,1849,384,192
197087465824,249,3354,165,15319,385,192
197087476881,136,3171,47,1310,386,192
197087488043,21,3290,37,713,386,193
197087499064,233,3097,35,713,387,193
197087510146,321,3556,342,35019,388,193
197087521354,29,4992,70,3714,388,194
197087532190,173,4106,108,8521,389,194
197087543267,268,3246,151,13819,390,194
197087554322,25,3399,52,2123,390,195
197087565446,245,3714,92,2326,391,195
197087576477,292,3717,101,7128,392,195
197087588028,24,3889,51,1932,392,196
197087598716,286,3957,157,14544,393,196
197087609756,148,3409,94,7163,394,196
197087621344,35,3659,56,1838,394,197
197087632338,251,3111,163,14305,395,197
197087643238,138,3063,102,8123,396,197
197087654299,23,2921,53,1935,396,198
197087665446,135,2902,167,15044,397,198
197087676490,164,3595,67,2695,398,198
197087688008,22,4818,52,1998,398,199
197087699106,190,3765,98,7287,399,199
197087710222,114,3523,163,15351,400,199
197087721383,19,3226,48,2216,400,200
197087732450,169,3331,115,8143,401,200
197087743540,138,3294,71,2155,402,200
197087754587,35,4872,55,1858,402,201
197087765703,150,3463,151,14024,403,201
197087776726,123,3364,46,1517,404,201
197087787749,21,3428,39,725,404,202
197087798846,336,3560,42,726,405,202
197087810639,202,4388,37,725,406,202
197087820898,21,2819,37,726,406,203
197087832204,204,3071,428,34723,407,203
197087843199,426,2901,186,17327,408,203
197087854737,31,3019,65,2522,408,204
197087865723,138,4035,97,7659,409,204
197087876768,91,3842,153,13900,410,204
197087887822,22,3151,45,2135,410,205
197087898869,108,4325,120,8037,411,205
197087909936,207,3744,154,14825,412,205
197087920905,22,3185,54,2309,412,206
197087932174,114,2659,50,2544,413,206
197087943287,390,3478,175,7184,414,206
197087954225,20,2803,46,1983,414,207
197087965893,497,3306,160,15173,415,207
197087976873,255,3382,182,17332,416,207
197087988057,21,4217,48,1938,416,208
197087999237,236,3275,48,2138,417,208
197088010283,233,3448,156,14647,418,208
197088021259,29,3754,58,2128,418,209
197088032321,150,4084,94,7128,419,209
197088043490,250,3052,390,42012,420,209
197088054303,77,4460,82,4362,420,210
197088065975,340,3452,110,8087,421,210
197088076682,444,4232,183,15615,422,210
197088087704,23,4330,58,2017,422,211
197088099094,136,3851,48,1335,423,211
197088110095,335,3365,412,34992,424,211
197088120909,21,2904,74,3851,424,212
197088132476,133,3255,52,2454,425,212
197088143466,121,2620,55,2359,426,212
197088154511,24,2537,51,1765,426,213
197088165473,141,2637,171,14705,427,213
197088176544,154,2636,66,2401,428,213
197088188102,32,3034,54,1845,428,214
197088199075,281,2607,95,6998,429,214
197088210073,108,2605,158,15133,430,214
197088221166,36,34951,139,2164,430,215
197088267330,317,2807,159,7877,431,215
197088278945,137,3869,109,5267,432,215
197088290027,170,4141,481,15155,433,215
197088300651,23,3738,59,2136,433,216
197088312208,185,2701,81,2289,434,216
197088323348,175,2909,69,2085,435,216
197088334626,26,3094,58,1909,435,217
197088345397,217,3575,97,7555,436,217
197088356513,409,3552,134,11475,437,217
197088367595,20,2889,45,1862,437,218
197088378795,234,3313,156,14372,438,218
197088389781,374,3496,113,7987,439,218
197088401020,33,3447,69,1926,439,219
197088412145,287,3207,167,14163,440,219
197088423341,188,3401,49,1404,441,219
197088434433,26,3492,38,759,441,220
197088445423,171,3713,362,34879,442,220
197088456531,343,3223,188,17515,443,220
197088467552,20,3569,52,2510,443,221
197088478552,131,4042,103,7878,444,221
197088490958,505,3911,62,2152,445,221
197088500712,25,2935,47,1872,445,222
197088512187,200,3221,171,14506,446,222
197088522944,121,2718,102,8175,447,222
197088534501,21,3449,51,1884,447,223
197088545197,126,3036,159,14759,448,223
197088556212,282,2947,62,2528,449,223
197088567720,22,3259,46,1942,449,224
197088578774,124,3790,110,7081,450,224
197088589915,118,3455,51,2061,451,224
197088601001,30,3564,45,1786,451,225
197088611942,123,4037,52,2061,452,225
197088623159,187,3444,155,14398,453,225
197088634144,19,3080,46,2205,453,226
197088645177,412,4469,108,7989,454,226
197088656681,216,4019,1166,15014,455,226
197088667552,19,3120,47,2297,455,227
197088678505,273,3089,57,2562,456,227
197088690031,222,3810,96,7236,457,227
197088701333,24,3726,50,1845,457,228
197088712174,121,3708,256,15069,458,228
197088722818,148,3399,39,1314,459,228
197088734236,19,3044,31,703,459,229
197088745522,119,3437,340,34644,460,229
197088756599,128,2627,181,16250,461,229
197088767635,24,2665,52,2551,461,230
197088778706,174,3954,113,8542,462,230
197088789708,268,3744,162,14983,463,230
197088800727,22,3400,43,2091,463,231
197088812223,326,3503,55,2303,464,231
197088823262,135,3261,140,7103,465,231
197088834295,20,3202,41,1755,465,232
197088845333,254,4215,162,15130,466,232
197088856334,216,3378,98,7191,467,232
197088867417,33,2936,42,1799,467,233
197088878458,189,3257,158,14528,468,233
197088889751,200,3238,99,7916,469,233
197088900762,19,3277,44,1877,469,234
197088912253,161,3343,155,14842,470,234
197088922843,213,3437,53,2637,471,234
197088934303,19,3155,42,2064,471,235
197088945356,122,3163,90,7378,472,235
197088956405,167,3557,164,15549,473,235
197088967417,20,3535,91,1975,473,236
197088978932,159,3004,97,7734,474,236
197088989954,105,2944,44,2137,475,236
197089000981,18,3518,209,1853,475,237
197089012022,200,3368,159,14551,476,237
197089023122,109,2609,104,8649,477,237
197089034119,22,2708,45,1874,477,238
197089045154,302,3694,149,12527,478,238
197089056650,178,4394,92,6863,479,238
197089067711,20,3486,41,1330,479,239
197089078726,192,3285,75,4638,480,239
197089089760,363,3064,311,32276,481,239
197089100746,20,3030,61,3515,481,240
197089111783,267,3608,96,7960,482,240
197089122917,356,2998,218,13459,483,240
197089134421,20,3097,42,1901,483,241
197089145485,124,3101,92,7517,484,241
197089156588,168,3236,198,14668,485,241
197089167675,19,3542,45,2071,485,242
197089178698,305,4146,98,2415,486,242
197089189695,444,3510,92,7073,487,242
197089200786,21,3234,44,1873,487,243
197089211801,115,4085,172,14819,488,243
197089223300,238,4060,47,1300,489,243
197089234348,20,3377,30,668,489,244
197089245368,112,3140,333,35009,490,244
197089256433,280,3642,172,16286,491,244
197089267489,39,2781,58,2498,491,245
197089278732,126,2792,122,8545,492,245
197089289777,309,2998,143,12991,493,245
197089300808,21,2735,46,2041,493,246
197089311791,135,3260,48,1291,494,246
197089323355,208,3480,415,32090,495,246
197089334436,20,2861,65,3478,495,247
197089345464,184,3603,98,7926,496,247
197089356461,231,3308,45,1382,497,247
197089367486,20,2837,32,860,497,248
197089378522,249,2912,102,4839,498,248
197089389821,159,2892,400,34908,499,248
197089400812,58,2812,63,3712,499,249
197089411807,145,3145,161,15096,500,249
197089423342,118,2798,57,2575,501,249
197089434491,22,3290,47,1869,501,250
197089445448,301,3325,86,6872,502,250
197089456468,185,3329,161,14999,503,250
197089467545,19,3162,44,2054,503,251
197089478449,169,3420,99,7790,504,251
197089489756,190,3297,50,2211,505,251
197089500929,20,3326,43,1766,505,252
197089511992,218,3593,238,23615,506,252
197089523318,145,3495,128,9275,507,252
197089534510,25,3596,103,2207,507,253
197089546124,275,2906,168,15205,508,253
197089556622,259,2854,102,7649,509,253
197089567681,22,3021,49,2019,509,254
197089578990,436,3771,171,15549,510,254
197089589820,218,3236,93,6934,511,254
197089600993,19,3549,45,732,511,255
197089611925,387,3441,87,4130,512,255
197089622943,393,3388,41,761,513,255
197089634187,25,2598,32,735,513,256
197089646139,198,2995,343,34908,514,256
197089656642,322,3002,173,16586,515,256
197089667683,20,3007,48,2509,515,257
197089678669,177,3229,56,2438,516,257
197089689726,296,4146,237,7025,517,257
197089700763,27,2585,54,1905,517,258
197089711823,144,3945,167,15148,518,258
197089723319,134,3900,95,7353,519,258
197089734513,27,3423,46,1868,519,259
197089745517,116,3957,47,2260,520,259
197089756582,221,3818,333,14473,521,259
197089767502,27,3244,47,2220,521,260
197089778508,382,2976,113,8626,522,260
197089790006,303,3935,162,14637,523,260
197089801081,19,3522,49,1864,523,261
197089812091,157,3849,221,21874,524,261
197089823251,287,3777,52,2111,525,261
197089834352,19,3012,42,1760,525,262
197089845409,195,3590,98,7399,526,262
197089856428,136,3860,47,1671,527,262
197089867438,19,2860,41,1486,527,263
197089878476,119,2776,182,14193,528,263
197089890007,159,2650,104,7484,529,263
197089901040,31,2569,101,1674,529,264
197089951296,238,4902,244,14555,530,264
197089967792,226,4475,82,2517,531,264
197089978915,120,4016,130,7170,532,264
197089989981,248,3846,57,1855,533,264
197090001128,22,3364,56,1488,533,265
197090012248,255,2702,252,14118,534,265
197090023374,208,3042,66,2140,535,265
197090034966,29,3092,51,1516,535,266
197090045438,235,2982,45,1460,536,266
197090056547,323,3142,50,1020,537,266
197090068066,21,3164,33,681,537,267
197090079192,372,3022,358,34591,538,267
197090090215,252,2884,184,17182,539,267
197090101183,19,2711,50,2555,539,268
197090112168,112,3139,96,7747,540,268
197090123206,401,3328,154,13929,541,268
197090134756,20,3161,47,2050,541,269
197090145764,127,4158,98,7885,542,269
197090156887,267,4025,192,14695,543,269
197090167883,20,3455,49,2390,543,270
197090178857,131,2909,54,2564,544,270
197090189989,117,2737,96,7434,545,270
197090201488,20,2730,52,1878,545,271
197090212467,451,3028,165,15365,546,271
197090223530,110,3202,94,7451,547,271
197090234732,20,3620,49,1792,547,272
197090245777,152,3192,44,2042,548,272
197090256823,102,4026,156,14625,549,272
197090267925,33,3136,54,2241,549,273
197090278988,553,3461,67,3307,550,273
197090290130,118,3257,42,1338,551,273
197090301394,20,2629,30,701,551,274
197090312515,129,3013,385,33638,552,274
197090323571,303,2867,104,8889,553,274
197090334574,41,3038,147,2438,553,275
197090345593,545,3189,153,14650,554,275
197090356644,136,4167,97,7632,555,275
197090367774,23,3248,45,2044,555,276
197090378811,391,3185,160,13511,556,276
197090390330,308,3242,100,7883,557,276
197090401379,21,2964,43,1791,557,277
197090412156,170,3198,168,14516,558,277
197090423539,148,3051,55,2461,559,277
197090434545,20,2608,43,1905,559,278
197090445530,429,2721,92,7111,560,278
197090456626,244,3600,165,15154,561,278
197090468074,27,2512,65,1931,561,279
197090479107,152,2623,106,7641,562,279
197090490165,173,2666,70,2352,563,279
197090501195,29,2586,52,1992,563,280
197090512207,155,2608,154,14514,564,280
197090538046,251,2807,163,8704,565,280
197090552457,31,3504,67,1892,565,281
197090563662,141,4461,209,12477,566,281
197090574698,129,4023,130,7244,567,281
197090585823,20,3378,58,1921,567,282
197090597026,165,3388,269,15149,568,282
197090608158,248,3379,137,7266,569,282
197090619336,25,7124,54,1939,569,283
197090630414,128,2640,197,14740,570,283
197090641385,314,2962,102,8028,571,283
197090652436,22,2652,46,2049,571,284
197090663828,197,3364,156,14944,572,284
197090674864,129,2841,62,2706,573,284
197090686136,23,3149,48,2150,573,285
197090697174,156,3613,95,7536,574,285
197090708267,173,3129,222,15439,575,285
197090719237,19,3211,54,2407,575,286
197090730335,110,3005,98,8270,576,286
197090741309,285,2987,50,2107,577,286
197090752568,28,2973,49,1890,577,287
197090763413,391,2891,162,14763,578,287
197090774959,467,3057,127,9170,579,287
197090785991,19,2807,96,1952,579,288
197090796765,326,2985,134,12495,580,288
197090807971,165,3011,39,1292,581,288
197090819017,20,3117,39,661,581,289
197090830577,119,3533,324,34537,582,289
197090841718,219,3405,176,17119,583,289
197090852767,20,2911,168,2448,583,290
197090863787,195,3860,94,7561,584,290
197090874935,163,3539,149,13796,585,290
197090885961,19,3760,46,2023,585,291
197090897121,308,3259,97,7647,586,291
197090908198,179,3629,160,14726,587,291
197090919391,26,2867,58,2314,587,292
197090930369,350,4146,53,2525,588,292
197090941402,154,3248,97,7299,589,292
197090952515,20,2815,46,1873,589,293
197090963497,129,3370,165,15216,590,293
197090974512,118,2960,93,7449,591,293
197090985734,26,2649,46,1933,591,294
197090996773,169,3568,47,2210,592,294
197091008368,305,3417,168,14597,593,294
197091019316,21,3770,53,2156,593,295
197091030386,340,3780,102,8463,594,295
197091041383,110,3074,144,13106,595,295
197091052406,19,3327,50,2166,595,296
197091063467,190,3591,96,7365,596,296
197091074565,172,3827,244,15585,597,296
197091086050,24,3089,51,2201,597,297
197091097104,255,3433,96,7747,598,297
197091108367,150,3747,68,4559,599,297
197091119408,20,3428,37,843,599,298
197091130389,421,3634,34,760,600,298
197091141670,202,3154,335,34424,601,298
197091152660,35,3409,107,3720,601,299
197091163657,198,4224,220,15145,602,299
197091174787,228,3683,46,2020,603,299
197091185957,24,3609,51,1331,603,300
197091196914,201,3568,248,25695,604,300
197091207974,267,3471,159,14927,605,300
197091219022,23,3821,50,1678,605,301
197091230533,183,3813,133,7338,606,301
197091241572,206,3281,105,2045,607,301
197091252559,23,3714,291,1598,607,302
197091263702,259,3211,162,13990,608,302
197091274665,118,3049,104,8449,609,302
197091285689,21,2746,47,1651,609,303
197091296721,115,3161,151,14660,610,303
197091308292,152,3255,46,2177,611,303
197091318978,21,3546,49,1672,611,304
197091330153,181,3574,76,1832,612,304
197091341614,140,3329,98,7116,613,304
197091352656,21,3910,44,1645,613,305
197091363789,211,3319,47,1999,614,305
197091374881,404,3511,155,14015,615,305
197091385926,24,3422,53,1954,615,306
197091396934,261,3528,96,7890,616,306
197091408229,133,3318,164,14973,617,306
197091419272,19,3347,49,1984,617,307
197091430330,323,3434,44,1780,618,307
197091441397,185,3060,37,723,619,307
197091452469,19,3298,41,717,619,308
197091463528,249,3286,324,32069,620,308
197091474636,214,3400,113,9348,621,308
197091486085,20,3112,67,2046,621,309
197091497094,154,3478,128,11590,622,309
197091508128,129,3657,163,14204,623,309
197091519124,28,3303,49,2025,623,310
197091530175,119,3209,102,8380,624,310
197091541197,235,3880,164,15015,625,310
197091552748,22,3524,52,2297,625,311
197091563498,235,3437,57,2462,626,311
197091574495,162,4096,96,7221,627,311
197091586045,23,3285,56,1922,627,312
197091597238,178,4420,125,2277,628,312
197091608364,121,2795,51,1942,629,312
197091619390,26,2716,50,1743,629,313
197091630316,396,3202,154,14358,630,313
197091641368,116,3211,99,7971,631,313
197091652389,25,2565,48,1818,631,314
197091663400,143,2633,164,14922,632,314
197091674955,172,2640,70,2697,633,314
197091685994,32,2686,59,2114,633,315
197091697035,138,2635,95,7486,634,315
197091708090,105,2614,163,15480,635,315
197091747096,203,2666,62,1385,636,315
197091761352,310,3890,60,729,637,315
197091772586,157,3796,507,34658,638,315
197091783636,25,3550,88,3646,638,316
197091794746,140,4048,246,15182,639,316
197091805893,131,2714,74,2361,640,316
197091817046,26,2754,60,1893,640,317
197091827935,674,3775,111,6989,641,317
197091839041,440,2979,169,15017,642,317
197091850091,30,4117,50,2262,642,318
197091861456,346,3659,107,8599,643,318
197091872825,392,4011,215,14553,644,318
197091883819,21,3382,100,2033,644,319
197091894825,392,3279,94,7747,645,319
197091905885,114,3400,161,15079,646,319
197091916924,19,2918,53,2197,646,320
197091927934,251,3972,55,2498,647,320
197091939134,198,5310,95,7071,648,320
197091950123,23,3665,53,2087,648,321
197091961526,467,3324,169,15260,649,321
197091972691,355,3624,126,7812,650,321
197091983775,27,3386,47,1999,650,322
197091994796,258,3169,89,2324,651,322
197092005865,247,3238,186,14138,652,322
197092016937,38,3797,48,1831,652,323
197092027870,163,3424,49,1929,653,323
197092038933,168,2703,36,715,654,323
197092050502,24,2991,33,711,654,324
197092061492,370,3204,308,33292,655,324
197092072513,245,3539,109,8966,656,324
197092083735,23,2788,52,2413,656,325
197092094773,342,3019,156,14699,657,325
197092105801,294,3666,99,7650,658,325
197092117035,28,2835,49,1925,658,326
197092127968,355,3283,183,13395,659,326
197092139286,327,3227,97,7771,660,326
197092150431,23,3624,55,1782,660,327
197092161570,150,3889,155,14521,661,327
197092172769,377,3356,62,2490,662,327
197092183780,50,3325,47,1966,662,328
197092194828,484,3028,94,7365,663,328
197092205834,255,2968,167,15375,664,328
197092216825,21,2867,44,2176,664,329
197092227903,221,2764,104,7948,665,329
197092239396,108,2926,72,4597,666,329
197092250442,19,3631,34,895,666,330
197092261475,170,3697,408,35042,667,330
197092272590,129,3700,123,10337,668,330
197092283866,22,3329,47,2207,668,331
197092294787,181,3204,136,12212,669,331
197092305806,255,3339,98,7111,670,331
197092316900,27,2666,64,1898,670,332
197092328033,130,3036,144,12892,671,332
197092339082,159,3843,49,1160,672,332
197092350505,20,2871,35,730,672,333
197092361706,258,3698,33,729,673,333
197092372770,156,4627,412,34991,674,333
197092383826,28,3804,118,3794,674,334
197092394865,383,3103,65,2849,675,334
197092405872,425,2859,165,15088,676,334
197092417001,23,3239,197,2092,676,335
197092428034,335,6483,61,2218,677,335
197092439297,308,3297,96,6991,678,335
197092450230,24,3725,48,1730,678,336
197092461297,191,4106,165,14954,679,336
197092472329,167,3726,219,7551,680,336
197092483576,23,3036,46,1904,680,337
197092494625,165,3409,51,2273,681,337
197092505971,422,3579,166,14607,682,337
197092517007,27,2842,52,2001,682,338
197092527992,145,4074,148,8271,683,338
197092538999,170,4699,147,13144,684,338
197092550321,20,3011,47,1940,684,339
197092561634,225,4811,95,7002,685,339
197092572222,304,3581,182,13611,686,339
197092583825,21,3131,39,1152,686,340
197092594737,280,3293,41,1050,687,340
197092605784,426,3058,36,706,688,340
197092616841,288,7567,62,708,688,341
197092628223,187,3812,361,34553,689,341
197092639206,138,3157,69,4350,690,341
197092650237,22,2891,49,2160,690,342
197092661308,200,3837,155,14820,691,342
197092672301,328,3210,90,2353,692,342
197092683827,28,3083,48,1889,692,343
197092694819,195,4138,106,7016,693,343
197092705881,191,4053,210,15061,694,343
197092716804,20,4215,47,2213,694,344
197092727810,124,2797,117,7972,695,344
197092739397,188,2747,45,2079,696,344
197092750398,19,3308,43,1800,696,345
197092761209,287,3199,153,14542,697,345
197092772829,486,2981,57,1634,698,345
197092783786,24,2820,32,697,698,346
197092794776,182,2946,321,32743,699,346
197092805828,111,2906,116,9786,700,346
197092816710,19,3438,45,2174,700,347
197092828166,320,3321,181,15003,701,347
197092839213,139,3261,141,7622,702,347
197092850416,27,2766,53,1880,702,348
197092861439,136,3295,57,2229,703,348
197092872449,253,2999,162,13668,704,348
197092883525,34,2698,49,1210,704,349
197092894513,545,3053,52,1424,705,349
197092906012,138,2987,33,810,706,349
197092917072,20,2837,33,806,706,350
197092928143,199,3765,335,33545,707,350
197092939198,178,4446,118,8760,708,350
197092950160,21,2769,45,2071,708,351
197092961266,132,2957,228,23703,709,351
197092972729,168,3239,171,8223,710,351
197092983761,25,2719,42,2230,710,352
197092994815,114,2851,55,2438,711,352
197093005849,160,2908,154,14541,712,352
197093017082,22,3804,55,2337,712,353
197093028177,284,3397,109,8216,713,353
197093039286,307,3369,175,15910,714,353
197093050553,34,4624,56,2191,714,354
197093061531,358,4449,55,2521,715,354
197093072612,533,4152,112,2207,716,354
197093083812,38,3029,58,2051,716,355
197093094790,262,4122,116,8007,717,355
197093105826,317,4092,57,2235,718,355
197093116732,30,3831,67,1996,718,356
197093128294,301,3382,285,14529,719,356
197093139501,147,2859,113,8137,720,356
197093150046,20,3724,48,2034,720,357
197093161598,207,4642,165,15139,721,357
197093172709,234,3625,52,1503,722,357
197093183738,25,3298,34,726,722,358
197093194795,142,3264,65,719,723,358
197093205881,226,3342,307,32149,724,358
197093217030,20,2728,63,3562,724,359
197093228056,213,2954,115,8191,725,359
197093239064,256,3146,51,2225,726,359
197093250102,21,2747,47,1905,726,360
197093261146,248,4219,158,13990,727,360
197093272844,322,3210,150,7892,728,360
197093283893,28,2798,41,1869,728,361
197093294865,326,2821,181,16270,729,361
197093305917,455,2956,82,2346,730,361
197093316933,23,3045,44,1981,730,362
197093328005,156,3059,97,7196,731,362
197093339022,315,4033,66,2213,732,362
197093350093,24,3451,51,1843,732,363
197093361134,165,3961,49,2121,733,363
197093372455,312,3934,159,14491,734,363
197093383600,20,2845,47,2164,734,364
197093394630,157,4067,108,7964,735,364
197093405805,135,2875,166,15216,736,364
197093416811,21,2775,45,2190,736,365
197093427843,204,3604,53,2520,737,365
197093438905,312,4626,102,7218,738,365
197093450469,20,4211,48,2006,738,366
197093461485,417,3233,158,14860,739,366
197093472525,183,4409,89,6438,740,366
197093483561,22,2684,34,1017,740,367
197093494542,130,2939,83,4226,741,367
197093505983,114,2911,344,35267,742,367
197093517028,29,2810,75,3788,742,368
197093528019,156,3318,110,8074,743,368
197093539067,151,3464,159,14218,744,368
197093550085,20,3352,44,2177,744,369
197093561253,125,3117,50,2363,745,369
197093572315,148,2764,105,7154,746,369
197093583368,27,3131,49,1834,746,370
197093594946,150,2645,160,14425,747,370
197093606019,142,2678,100,7050,748,370
197093617088,30,2566,57,1889,748,371
197093628108,179,2602,161,14449,749,371
197093638984,125,2627,105,7911,750,371
197093650523,21,2601,42,1831,750,372
197093661528,116,2661,175,14893,751,372
197093687988,284,2718,60,1629,752,372
197093702213,38,4380,97,802,752,373
197093713324,146,3954,41,802,753,373
197093724467,125,4171,485,34854,754,373
197093735593,20,3369,87,3859,754,374
197093746769,170,3008,68,2462,755,374
197093757894,162,3097,248,14575,756,374
197093769010,23,2737,48,2001,756,375
197093780174,183,3242,121,7746,757,375
197093791306,134,3406,167,15594,758,375
197093802302,30,3713,60,2293,758,376
197093813300,3782,4128,58,2550,759,376
197093824494,203,3223,97,7221,760,376
197093835931,24,3519,49,1788,760,377
197093846985,254,3374,46,2247,761,377
197093858008,157,3367,51,1919,762,377
197093869007,19,3163,47,1740,762,378
197093880062,184,4069,150,14365,763,378
197093891041,215,3302,97,7890,764,378
197093902650,22,2921,50,2000,764,379
197093913648,148,3657,159,15069,765,379
197093924788,118,2943,88,2430,766,379
197093935630,36,3516,48,2062,766,380
197093946694,134,3759,91,7359,767,380
197093958120,179,3634,160,15329,768,380
197093969267,35,3131,48,2282,768,381
197093980302,120,3950,96,7930,769,381
197093991332,201,3005,43,1228,770,381
197094002382,24,2830,41,815,770,382
197094013483,137,3325,104,4830,771,382
197094024514,128,3453,342,34983,772,382
197094035694,25,3578,66,3726,772,383
197094046687,189,3616,161,15671,773,383
197094058194,224,2932,53,2528,774,383
197094069246,20,3053,46,1881,774,384
197094080383,121,2888,96,7042,775,384
197094091144,253,3069,159,14936,776,384
197094102175,21,2850,53,2069,776,385
197094113744,198,3802,103,8365,777,385
197094124794,238,3392,155,14567,778,385
197094135766,31,3236,46,2141,778,386
197094146984,128,3101,96,7898,779,386
197094157673,367,2984,212,15116,780,386
197094169168,20,2723,46,2023,780,387
197094180218,110,3376,49,2331,781,387
197094191216,176,2977,90,7099,782,387
197094202203,19,2923,48,1844,782,388
197094213727,182,3758,161,15280,783,388
197094224441,111,3500,99,7689,784,388
197094235966,19,3352,48,1920,784,389
197094246973,195,3772,67,4382,785,389
197094258133,112,4157,178,16813,786,389
197094268989,21,3666,56,2320,786,390
197094280051,250,3469,50,1964,787,390
197094291520,252,4061,327,32581,788,390
197094302550,20,3321,66,3507,788,391
197094313575,283,3479,46,2229,789,391
197094324575,384,3685,96,6982,790,391
197094335744,21,3631,50,1858,790,392
197094346719,321,3455,152,14445,791,392
197094357827,295,3277,94,7422,792,392
197094369555,20,3176,48,1984,792,393
197094380417,336,3271,143,13301,793,393
197094391488,347,4761,95,7566,794,393
197094402184,20,3621,78,1921,794,394
197094413511,116,3417,155,14509,795,394
197094424596,315,3571,82,2256,796,394
197094435573,20,3310,45,1789,796,395
197094447077,123,3183,93,6917,797,395
197094458109,348,2934,156,15024,798,395
197094469163,20,3139,49,2017,798,396
197094480322,218,3876,95,7822,799,396
197094491346,229,3373,48,2070,800,396
197094502362,20,3486,49,1711,800,397
197094513419,283,3239,149,14389,801,397
197094524464,154,3272,106,7739,802,397
197094535891,23,3547,49,1949,802,398
197094547004,273,3770,163,15475,803,398
197094558137,2837,3025,93,7404,804,398
197094569112,18,3201,48,1881,804,399
197094580121,325,3166,159,15388,805,399
197094591194,184,4016,173,7902,806,399
197094602159,20,3430,94,1829,806,400
197094613756,389,3145,43,1745,807,400
197094624502,246,3956,57,2702,808,400
197094635674,27,3443,38,723,808,401
197094646733,115,3983,349,35007,809,401
197094658349,112,3062,171,16603,810,401
197094669012,20,5426,61,2501,810,402
197094680011,137,2979,48,2403,811,402
197094691535,122,3031,93,7069,812,402
197094702510,19,3278,53,1898,812,403
197094713717,234,3066,160,14991,813,403
197094724738,107,2814,171,7621,814,403
197094735763,20,2782,45,1956,814,404
197094746799,187,3147,51,2332,815,404
197094757883,119,3255,159,14617,816,404
197094768854,20,2795,50,1938,816,405
197094780429,151,3810,101,7870,817,405
197094791523,214,2984,159,15417,818,405
197094802573,19,3034,53,2290,818,406
197094813581,123,2977,51,2451,819,406
197094824584,165,2933,50,2163,820,406
197094835643,25,2694,46,1942,820,407
197094846680,127,2777,98,7750,821,407
197094857791,1158,3206,47,2109,822,407
197094868887,19,3302,47,1848,822,408
197094879953,483,2910,154,14497,823,408
197094891467,147,3696,98,7693,824,408
197094902618,19,3169,47,2095,824,409
197094913682,439,2868,206,14896,825,409
197094924450,127,3763,52,1892,826,409
197094936248,24,2874,38,839,826,410
197094947104,307,7678,394,36156,827,410
197094958178,603,3086,682,17171,828,410
197094969104,26,3920,63,2642,828,411
197094980332,140,3738,130,7980,829,411
197094991475,130,2672,51,2128,830,411
197095002472,21,3180,47,1841,830,412
197095013594,132,3219,156,14531,831,412
197095024673,395,3103,111,8003,832,412
197095035666,25,2997,51,1893,832,413
197095046693,218,3364,169,15562,833,413
197095057727,140,3690,54,2663,834,413
197095069287,43,2745,50,2011,834,414
197095080349,354,3001,207,7201,835,414
197095091395,400,3450,50,2128,836,414
197095102411,20,3173,46,1802,836,415
197095113517,115,3305,46,2095,837,415
197095124571,147,3281,160,14636,838,415
197095135791,21,3713,54,2324,838,416
197095146673,138,3407,103,8095,839,416
197095157721,117,2728,237,23971,840,416
197095169265,44,2941,85,2889,840,417
197095180402,151,3208,58,2818,841,417
197095191410,169,3295,107,7683,842,417
197095202476,21,3006,50,2022,842,418
197095213613,265,3100,165,15453,843,418
197095224609,333,3365,101,7869,844,418
197095235658,19,2801,49,2089,844,419
197095246647,131,3324,45,1584,845,419
197095258219,242,3383,53,2661,846,419
197095269278,22,3902,248,755,846,420
197095280291,157,3804,36,692,847,420
197095291411,111,3061,37,693,848,420
197095302271,20,3296,36,692,848,421
197095313292,164,3022,335,33631,849,421
197095324352,122,3298,108,8885,850,421
197095335930,22,3146,50,2258,850,422
197095346932,244,3133,160,14496,851,422
197095357992,207,4138,189,16752,852,422
197095369370,25,3446,63,2110,852,423
197095380412,376,3370,156,14447,853,423
197095391439,311,4507,112,8062,854,423
197095402573,20,3777,48,1894,854,424
197095413428,135,3224,186,14961,855,424
197095424510,1146,3337,54,2444,856,424
197095435832,20,3351,56,1967,856,425
197095446755,201,3378,96,7099,857,425
197095457866,136,3139,162,15072,858,425
197095468852,22,3530,50,2236,858,426
197095479922,159,3306,95,7841,859,426
197095491448,118,3065,51,2031,860,426
197095502478,24,2648,53,1829,860,427
197095513523,168,3249,159,14567,861,427
197095524506,243,3664,59,2462,862,427
197095535606,23,3578,56,1888,862,428
197095547130,272,3994,43,1677,863,428
197095558111,255,3466,35,777,864,428
197095569140,24,2590,35,753,864,429
197095580391,119,4471,336,34823,865,429
197095591333,104,2871,206,17169,866,429
197095602398,21,3090,59,2541,866,430
197095613489,178,4122,107,7815,867,430
197095624501,113,3870,152,14120,868,430
197095635541,17,3366,42,2216,868,431
197095647072,103,4318,145,8063,869,431
197095658179,167,2928,158,14954,870,431
197095669121,19,3501,50,2042,870,432
197095680180,311,6681,106,2352,871,432
197095691175,123,2706,94,6941,872,432
197095702220,19,2798,48,2007,872,433
197095713633,233,3769,175,15044,873,433
197095724767,376,3183,97,7703,874,433
197095735789,20,3476,52,2031,874,434
197095746840,326,4451,51,2373,875,434
197095757868,440,3794,156,14652,876,434
197095769073,25,3387,51,2006,876,435
197095779975,268,4092,134,7791,877,435
197095791576,405,3891,158,14288,878,435
197095802731,21,3013,49,2235,878,436
197095813360,383,3250,95,7431,879,436
197095824841,180,3042,154,14715,880,436
197095835951,18,2806,44,1156,880,437
197095846993,152,3306,43,1086,881,437
197095857993,191,3593,34,739,882,437
197095869058,19,3685,36,740,882,438
197095880122,189,3370,30,739,883,438
197095891165,196,3892,445,35012,884,438
197095902170,24,3228,62,3748,884,439
197095913712,200,3741,162,15251,885,439
197095924874,288,4669,56,2556,886,439
197095935923,22,3220,51,1961,886,440
197095946939,123,3232,90,7140,887,440
197095957977,126,2670,167,15164,888,440
197095969146,58,2614,63,2078,888,441
197095980219,168,2699,100,7646,889,441
197096012833,254,2680,80,4587,890,441
197096027520,213,4152,532,34995,891,441
197096038034,30,2942,100,3685,891,442
197096049624,262,4127,193,12001,892,442
197096060738,117,3895,117,5830,893,442
197096071848,116,2710,100,5088,894,442
197096082976,29,2691,51,727,894,443
197096094196,142,3717,48,699,895,443
197096104809,181,3440,335,34770,896,443
197096116351,21,3871,91,3871,896,444
197096127450,213,3240,53,2424,897,444
197096138325,173,3391,56,2344,898,444
197096149387,22,3286,41,1768,898,445
197096160360,249,3625,202,14644,899,445
197096171406,122,3282,49,2046,899,446
197096182966,193,3461,45,2229,900,446
197096193812,117,3105,88,6857,901,446
197096204922,2223,4499,163,14997,902,446
197096215865,19,4100,43,2135,902,447
197096227396,243,3307,95,7744,903,447
197096238455,216,3196,55,2236,904,447
197096249464,19,3513,42,1852,904,448
197096260441,311,3251,152,14036,905,448
197096271494,107,3317,430,26970,906,448
197096283159,22,3344,48,1657,906,449
197096293751,181,3236,198,15352,907,449
197096304801,155,3411,45,2252,908,449
197096316290,20,2705,43,1755,908,450
197096327334,162,3531,44,1885,909,450
197096338389,167,3187,155,7340,910,450
197096349522,29,4463,49,1660,910,451
197096360477,274,3743,62,2008,911,451
197096371564,4766,3283,170,14291,912,451
197096382671,22,2824,47,1877,912,452
197096393685,226,3004,106,7706,913,452
197096405235,264,3976,163,14675,914,452
197096416223,48,3008,59,1974,914,453
197096427311,1277,3847,51,2144,915,453
197096438441,314,3591,41,1100,916,453
197096449415,35,2741,35,652,916,454
197096460462,128,2917,39,651,917,454
197096471568,160,2975,355,34874,918,454
197096482488,19,3080,64,3824,918,455
197096494080,171,3971,50,2347,919,455
197096505107,150,3740,167,14354,920,455
197096516178,18,4583,47,2068,920,456
197096527713,236,2959,96,7642,921,456
197096538252,202,3265,233,15687,922,456
197096549316,22,2730,43,2069,922,457
197096560361,132,2917,51,2374,923,457
197096571998,224,2813,94,7047,924,457
197096582502,23,3309,53,1897,924,458
197096594083,407,4076,56,2292,925,458
197096605091,137,4186,52,1918,926,458
197096616143,111,3494,49,1740,926,459
197096627358,527,4141,158,14393,927,459
197096638370,127,2638,106,7835,928,459
197096649430,31,2574,55,1836,928,460
197096676468,273,2666,247,14810,929,460
197096690606,150,3585,155,7475,930,460
197096701724,156,3676,64,1942,930,461
197096712803,125,4154,235,15444,931,461
197096723952,118,3842,137,7652,932,461
197096735078,21,2723,60,2080,932,462
197096746237,134,2929,100,2385,933,462
197096757261,194,3625,163,14683,934,462
197096768819,22,2776,52,2232,934,463
197096779896,174,3189,110,8074,935,463
197096790913,342,3943,154,13993,936,463
197096801901,24,2965,49,2053,936,464
197096813027,326,3646,94,7368,937,464
197096824007,307,4416,195,15483,938,464
197096835494,24,3509,47,2273,938,465
197096846553,346,3582,102,7224,939,465
197096857774,162,3945,88,4472,940,465
197096868359,33,4005,45,873,940,466
197096879946,306,3526,39,832,941,466
197096891061,115,3161,352,34897,942,466
197096901937,24,3629,67,3741,942,467
197096912932,273,3138,162,15180,943,467
197096924462,173,3673,57,2481,944,467
197096935459,20,3742,48,1873,944,468
197096946268,206,3768,100,6906,945,468
197096957863,276,4465,159,14988,946,468
197096968356,19,2739,45,2111,946,469
197096979870,130,3244,151,7884,947,469
197096991033,161,3265,47,2122,948,469
197097002129,28,3572,52,1851,948,470
197097013116,138,3754,157,14475,949,470
197097024173,163,3917,110,8023,950,470
197097035195,26,2718,53,1946,950,471
197097046197,127,4095,165,15420,951,471
197097057335,275,3758,97,7401,952,471
197097068869,21,4193,52,1830,952,472
197097079980,174,4218,164,15232,953,472
197097091026,295,2969,95,7928,954,472
197097102005,18,2906,77,1904,954,473
197097113185,126,3510,44,2229,955,473
197097124056,121,3067,150,13807,956,473
197097135367,22,2537,41,1185,956,474
197097146384,183,3041,39,1323,957,474
197097157412,141,2719,335,32673,958,474
197097181937,230,2736,49,1593,959,474
197097196365,206,2752,587,34605,960,474
197097207521,234,4057,295,17172,961,474
197097218612,24,3653,75,2502,961,475
197097229792,133,3899,139,7713,962,475
197097240909,261,3993,68,2266,963,475
197097252020,26,2908,63,1918,963,476
197097263174,221,3393,195,14393,964,476
197097274029,137,2809,109,8000,965,476
197097285086,25,2686,50,1872,965,477
197097296126,169,3127,130,11468,966,477
197097307607,142,3256,41,1123,967,477
197097318639,23,4012,38,700,967,478
197097329919,129,3972,34,700,968,478
197097341010,199,4991,312,32406,969,478
197097352023,20,4168,64,3539,969,479
197097363145,130,3127,109,7972,970,479
197097374207,113,3342,144,13476,971,479
197097385214,20,3871,50,1988,971,480
197097396266,336,3543,104,7713,972,480
197097407277,263,3777,165,14904,973,480
197097418479,23,3064,46,2146,973,481
197097429521,136,2625,54,2422,974,481
197097441061,186,2640,104,7287,975,481
197097452052,27,2564,59,1842,975,482
197097462807,177,2608,170,14967,976,482
197097474323,119,2623,95,7497,977,482
197097485401,30,31169,89,1764,977,483
197097528007,252,3807,105,4229,978,483
197097539181,175,3975,257,15435,979,483
197097550225,22,3463,61,2085,979,484
197097561415,115,4256,57,2237,980,484
197097572504,127,2820,74,2048,981,484
197097583666,32,2791,58,1790,981,485
197097594851,121,2916,102,7499,982,485
197097605566,244,4322,50,1917,983,485
197097616983,26,2972,62,1716,983,486
197097628761,251,4025,157,14224,984,486
197097639244,121,3154,90,7085,985,486
197097650349,24,2745,37,822,985,487
197097661433,259,3137,112,5841,986,487
197097672488,369,4258,327,33538,987,487
197097683559,20,3097,59,3722,987,488
197097694567,304,4288,103,7531,988,488
197097705600,321,3262,154,14743,989,488
197097717138,20,3911,48,2126,989,489
197097728157,307,3323,88,6885,990,489
197097739227,346,3351,299,31402,991,489
197097752790,20,3081,66,3595,991,490
197097761295,280,3103,161,14839,992,490
197097772313,253,3328,56,1831,993,490
197097783822,37,3846,33,823,993,491
197097794473,121,3344,323,33209,994,491
197097806056,201,3631,64,3707,995,491
197097816977,21,2894,54,2166,995,492
197097828072,242,3199,101,7348,996,492
197097839034,115,3408,50,2160,997,492
197097850131,29,3866,50,1858,997,493
197097861301,140,3503,48,2112,998,493
197097872300,126,3895,195,14070,999,493
197097883845,24,3147,47,2148,999,494
197097894922,126,3005,106,8132,1000,494
197097905928,140,3443,158,15102,1001,494
197097917085,20,3396,46,2173,1001,495
197097928176,1725,3191,83,2457,1002,495
197097939190,364,2947,97,7225,1003,495
197097950219,26,2766,41,1837,1003,496
197097961284,131,3449,158,15227,1004,496
197097972354,317,3141,88,6862,1005,496
197097983798,20,2755,31,805,1005,497
197097994848,133,2906,75,4369,1006,497
197098005932,269,2954,37,834,1007,497
197098016915,19,2618,34,791,1007,498
197098027932,225,3140,389,35170,1008,498
197098038984,141,3210,184,17244,1009,498
197098050278,26,2645,50,2516,1009,499
197098061343,222,3171,54,2491,1010,499
197098072336,196,3190,162,7148,1011,499
197098083438,24,3346,93,1903,1011,500
197098094921,137,4100,215,15207,1012,500
197098105988,130,2978,120,7251,1013,500
197098117085,26,2865,60,1895,1013,501
197098128223,341,2959,170,14360,1014,501
197098139192,230,3998,119,8091,1015,501
197098150376,32,3180,54,2023,1015,502
197098161358,164,3500,176,15208,1016,502
197098172861,244,3713,60,2643,1017,502
197098183398,23,2946,44,1975,1017,503
197098194929,191,3707,93,6782,1018,503
197098206141,214,4063,78,5086,1019,503
197098216879,18,2845,33,922,1019,504
197098227974,224,3642,355,35341,1020,504
197098239034,400,3480,73,4203,1021,504
197098250168,20,4373,57,2194,1021,505
197098261159,316,4344,184,14522,1022,505
197098272720,276,3993,113,7654,1023,505
197098283746,32,3067,64,1959,1023,506
197098294655,233,3159,208,19076,1024,506
197098305690,272,3402,94,3034,1025,506
197098316875,27,3055,53,2165,1025,507
197098327939,258,3191,101,7411,1026,507
197098338947,151,2915,168,15374,1027,507
197098349992,22,3327,47,2270,1027,508
197098361559,131,4019,110,8601,1028,508
197098372550,112,3077,155,14891,1029,508
197098383560,21,3199,43,2214,1029,509
197098394588,137,2922,104,7974,1030,509
197098405634,118,2868,161,15007,1031,509
197098417102,33,3440,143,2006,1031,510
197098429379,6282,3605,159,12144,1032,510
197098450388,178,3252,121,7705,1033,510
197098462001,171,2765,195,15582,1034,510
197098472900,139,3376,110,8078,1035,510
197098483965,22,3443,49,2058,1035,511
197098494958,136,3173,79,2390,1036,511
197098506500,265,3215,160,14338,1037,511
197098517591,25,3652,52,1641,1037,512
197098528549,286,3230,54,1897,1038,512
197098539569,2619,3089,45,703,1039,512
197098550619,21,3452,38,697,1039,513
197098561712,135,3558,330,33398,1040,513
197098572746,130,3854,128,9203,1041,513
197098583782,21,2781,46,2280,1041,514
197098595318,191,3866,158,14759,1042,514
197098606392,114,3399,99,7567,1043,514
197098617413,24,3138,50,2039,1043,515
197098628481,155,8024,150,13430,1044,515
197098639643,197,3244,99,7860,1045,515
197098650634,19,2715,40,1871,1045,516
197098661665,148,3042,158,14610,1046,516
197098672752,116,2813,53,2534,1047,516
197098683849,30,3062,46,1939,1047,517
197098695366,124,3006,95,7159,1048,517
197098706440,262,2991,161,15229,1049,517
197098717136,21,2773,45,2149,1049,518
197098728707,277,3015,98,7894,1050,518
197098739694,2690,3571,82,2210,1051,518
197098750827,19,3719,58,1849,1051,519
197098761880,319,4409,163,14623,1052,519
197098772952,393,3302,116,8056,1053,519
197098783958,26,3519,78,2011,1053,520
197098795137,538,3345,167,15597,1054,520
197098806491,181,3772,54,2504,1055,520
197098817808,21,4724,51,2041,1055,521
197098828697,148,3454,98,7299,1056,521
197098839747,137,3652,237,15415,1057,521
197098850873,21,2820,52,2510,1057,522
197098861914,153,3165,110,8850,1058,522
197098872906,116,3974,165,14822,1059,522
197098883984,24,2741,46,2185,1059,523
197098894990,218,3355,97,7902,1060,523
197098906056,245,3783,169,15304,1061,523
197098917622,22,3074,52,2363,1061,524
197098928637,155,2937,53,2719,1062,524
197098939751,386,3435,107,7380,1063,524
197098950693,28,2571,48,1999,1063,525
197098961707,165,2607,174,15458,1064,525
197098972775,158,2643,113,7912,1065,525
197098983780,38,2601,59,2018,1065,526
197098995359,157,2588,52,2320,1066,526
197099006413,108,2612,155,14649,1067,526
197099045964,235,2704,55,1646,1068,526
197099060119,196,2890,530,33683,1069,526
197099071334,33,3769,94,3750,1069,527
197099082396,216,3951,138,7769,1070,527
197099093513,164,4047,254,14954,1071,527
197099104646,118,4056,141,7567,1072,527
197099115788,29,2686,57,1893,1072,528
197099126889,1025,3316,153,13362,1073,528
197099138195,145,4314,103,7843,1074,528
197099149351,20,3641,43,1789,1074,529
197099160467,141,3826,156,14586,1075,529
197099171481,209,3275,52,2531,1076,529
197099182772,22,3759,46,1917,1076,530
197099193669,229,4023,94,7053,1077,530
197099204938,178,4638,167,15223,1078,530
197099215872,19,3248,44,1962,1078,531
197099226928,115,3698,114,7737,1079,531
197099237980,143,2734,46,2176,1080,531
197099249165,18,3139,42,1860,1080,532
197099260224,624,2897,159,14456,1081,532
197099271271,284,3965,55,1807,1082,532
197099282775,27,3160,170,1053,1082,533
197099293812,321,3605,46,1560,1083,533
197099304859,3276,2849,46,789,1084,533
197099315906,23,3227,34,746,1084,534
197099326894,254,3332,364,34920,1085,534
197099337920,174,4226,220,17286,1086,534
197099349423,22,3360,52,2589,1086,535
197099360130,257,3527,99,7882,1087,535
197099371632,107,2938,153,14145,1088,535
197099382741,19,3385,44,2095,1088,536
197099393815,134,3359,96,7984,1089,536
197099404867,166,3915,170,15061,1090,536
197099415940,27,2973,52,2304,1090,537
197099426981,221,3406,54,2570,1091,537
197099438121,192,3357,99,7449,1092,537
197099449096,21,2823,47,1954,1092,538
197099460199,273,3049,163,15300,1093,538
197099471203,156,3153,100,7797,1094,538
197099482715,28,2713,44,1769,1094,539
197099493842,281,2968,45,2044,1095,539
197099504856,313,3275,156,14622,1096,539
197099515611,25,2815,124,2280,1096,540
197099527171,168,3276,149,8277,1097,540
197099538244,255,2875,168,15976,1098,540
197099549232,21,2830,50,2180,1098,541
197099560288,280,2948,102,8112,1099,541
197099571486,295,3031,164,15358,1100,541
197099582457,21,3020,44,2257,1100,542
197099593535,170,3378,100,8036,1101,542
197099604513,143,3426,48,1784,1102,542
197099616074,21,2611,39,1246,1102,543
197099627187,302,2873,78,5588,1103,543
197099638140,110,5266,38,857,1104,543
197099649251,20,4250,34,800,1104,544
197099660576,207,4775,334,32955,1105,544
197099671465,125,3585,827,3735,1106,544
197099682442,28,2744,40,2130,1106,545
197099693501,127,3225,96,7326,1107,545
197099704669,153,3464,172,14655,1108,545
197099715913,18,3333,41,2130,1108,546
197099727017,346,3357,99,7706,1109,546
197099737956,473,3664,51,2012,1110,546
197099748986,19,4393,46,1742,1110,547
197099760509,118,3829,191,14331,1111,547
197099771518,165,4302,108,7668,1112,547
197099782561,27,3250,46,1836,1112,548
197099793604,176,3762,177,15436,1113,548
197099804640,214,3372,47,1764,1114,548
197099815673,23,3579,34,985,1114,549
197099827161,148,3503,317,31812,1115,549
197099838208,127,3865,113,9237,1116,549
197099849214,21,4162,52,2317,1116,550
197099860267,292,3010,44,1873,1117,550
197099871344,146,4389,329,33117,1118,550
197099882281,20,3681,53,2382,1118,551
197099893834,137,3770,99,7824,1119,551
197099905009,123,3216,152,14891,1120,551
197099916057,21,3588,65,2290,1120,552
197099927007,256,3282,53,2287,1121,552
197099938224,152,3210,43,1341,1122,552
197099949248,19,2484,32,680,1122,553
197099960334,264,3003,36,680,1123,553
197099971357,147,3078,175,16615,1124,553
197099982330,20,2802,42,2253,1124,554
197099993879,115,3311,217,21606,1125,554
197100004948,121,3641,157,14306,1126,554
197100016024,24,2838,53,1875,1126,555
197100027064,227,3323,123,7470,1127,555
197100038280,334,3682,167,15359,1128,555
197100049459,22,3324,46,1947,1128,556
197100060471,171,3482,96,7893,1129,556
197100071342,138,3268,159,14978,1130,556
197100082349,36,3208,40,1718,1130,557
197100093897,239,3164,100,7347,1131,557
197100104685,108,2864,65,4577,1132,557
197100115917,25,2494,34,848,1132,558
197100127115,161,4424,36,797,1133,558
197100138244,332,4917,437,35039,1134,558
197100149354,20,2986,59,3754,1134,559
197100160376,321,3121,222,15176,1135,559
197100171563,131,3293,54,2438,1136,559
197100182691,20,3388,43,1918,1136,560
197100193871,302,3272,96,7211,1137,560
197100204784,128,3318,167,15143,1138,560
197100215860,22,3116,47,2031,1138,561
197100226894,321,3060,96,7843,1139,561
197100237996,3263,3748,52,2325,1140,561
197100249047,18,3302,43,1959,1140,562
197100260589,257,3913,153,14520,1141,562
197100271307,228,3329,119,8191,1142,562
197100282370,25,2914,48,1941,1142,563
197100293824,427,3142,165,15766,1143,563
197100304925,148,3928,99,7675,1144,563
197100316128,24,2941,47,2000,1144,564
197100327160,510,3241,160,15426,1145,564
197100338603,404,3062,102,8105,1146,564
197100349075,19,4894,51,1848,1146,565
197100360258,142,3179,68,2173,1147,565
197100371282,51,3930,48,1838,1147,566
197100382344,242,3219,238,14610,1148,566
197100393998,208,3427,105,7361,1149,566
197100405129,118,3545,69,3826,1150,566
197100416033,25,2984,129,799,1150,567
197100427126,145,3293,61,752,1151,567
197100438086,105,3008,479,35018,1152,567
197100449092,25,2817,64,3837,1152,568
197100460320,144,3058,168,15841,1153,568
197100471340,1289,3459,113,7684,1154,568
197100482366,24,3131,49,2001,1154,569
197100493484,211,4541,62,2294,1155,569
197100504689,152,3925,160,14540,1156,569
197100515994,21,3086,73,2280,1156,570
197100527012,252,4223,114,8112,1157,570
197100538064,143,3565,175,15868,1158,570
197100549084,53,3958,52,2337,1158,571
197100560281,125,3304,52,2553,1159,571
197100571321,224,3017,96,7580,1160,571
197100582361,21,2907,44,1926,1160,572
197100593914,454,3336,55,2332,1161,572
197100604918,117,3411,51,1982,1162,572
197100615957,22,3174,51,1796,1162,573
197100627127,237,3330,156,14496,1163,573
197100638239,228,3722,100,8000,1164,573
197100649290,128,4568,56,1895,1164,574
197100661415,6674,2695,170,15002,1165,574
197100671276,113,2662,50,2471,1166,574
197100682351,22,3098,45,1944,1166,575
197100693480,344,2905,52,1225,1167,575
197100704503,22,3078,37,674,1167,576
197100716034,422,3043,32,674,1168,576
197100726842,373,3030,332,35112,1169,576
197100737892,50,4330,70,3750,1169,577
197100749420,134,2632,52,2421,1170,577
197100760103,154,2634,174,14420,1171,577
197100771710,171,2762,103,7678,1172,577
197100782804,32,15291,84,1858,1172,578
197100809400,186,3918,129,6046,1173,578
197100820440,22,3978,48,951,1173,579
197100831605,130,3950,40,840,1174,579
197100842755,170,4054,503,32216,1175,579
197100853859,16,3173,91,3665,1175,580
197100864969,132,2716,145,8175,1176,580
197100876094,136,2885,155,13650,1177,580
197100887517,21,3255,51,1911,1177,581
197100898669,120,2854,119,7728,1178,581
197100909700,218,3330,154,14872,1179,581
197100920498,19,3209,52,2033,1179,582
197100931614,181,3109,49,2322,1180,582
197100942904,236,2829,42,1400,1181,582
197100953923,20,3002,37,695,1181,583
197100964993,205,2993,302,32138,1182,583
197100976130,222,3780,111,9404,1183,583
197100987271,23,2741,49,2114,1183,584
197100998296,178,2936,45,2050,1184,584
197101009617,116,3269,271,23257,1185,584
197101020649,25,3644,68,2115,1185,585
197101031842,224,3109,98,7728,1186,585
197101042836,133,2890,134,12562,1187,585
197101054190,30,3757,46,1390,1187,586
197101065335,218,3016,41,1618,1188,586
197101076459,236,3647,449,34131,1189,586
197101087504,19,3251,66,3777,1189,587
197101098454,224,3159,160,15430,1190,587
197101109559,177,3226,93,7457,1191,587
197101120648,20,3417,49,1957,1191,588
197101131706,291,3148,142,13300,1192,588
197101142719,613,2778,97,7507,1193,588
197101154062,47,3651,50,1773,1193,589
197101165108,119,2944,148,14489,1194,589
197101176033,264,3041,50,2428,1195,589
197101187637,20,3217,47,1953,1195,590
197101198443,130,3156,93,7398,1196,590
197101209575,195,3304,168,15261,1197,590
197101220716,23,4557,52,2209,1197,591
197101231579,135,3192,99,8093,1198,591
197101242703,136,4025,53,1972,1199,591
197101254211,46,3092,43,1752,1199,592
197101265629,188,3301,183,14408,1200,592
197101276410,164,3132,105,7683,1201,592
197101287279,31,4377,50,1855,1201,593
197101298369,117,3538,211,21638,1202,593
197101309496,168,4663,45,1302,1203,593
197101321100,281,3429,38,649,1204,593
197101331901,30,3733,32,649,1204,594
197101343066,240,3985,331,32075,1205,594
197101354096,21,3328,63,3544,1205,595
197101365264,241,3717,102,8022,1206,595
197101376360,218,3649,68,2025,1207,595
197101387356,22,3398,43,1729,1207,596
197101398604,188,2967,51,2338,1208,596
197101409640,130,2775,159,14482,1209,596
197101420699,24,3124,57,2036,1209,597
197101431809,185,3782,52,2287,1210,597
197101442950,319,3816,100,7159,1211,597
197101454311,27,3525,49,1817,1211,598
197101465246,119,3599,155,14875,1212,598
197101476330,119,3104,93,7269,1213,598
197101487270,21,4523,47,1898,1213,599
197101498260,391,3188,45,2284,1214,599
197101509730,334,3541,54,2937,1215,599
197101520823,22,3330,47,711,1215,600
197101531850,362,3679,358,34811,1216,600
197101542903,115,3397,159,14623,1217,600
197101554004,20,4790,52,2349,1217,601
197101565000,112,3714,41,1215,1218,601
197101576001,283,3475,150,13949,1219,601
197101587305,22,3559,110,1974,1219,602
197101598271,334,3486,45,1511,1220,602
197101609407,182,3246,33,629,1221,602
197101620695,21,7558,332,625,1221,603
197101631763,124,2682,349,34667,1222,603
197101643068,162,2656,74,4261,1223,603
197101654068,29,3188,62,2157,1223,604
197101665118,168,2632,162,14766,1224,604
197101676221,125,2619,53,2345,1225,604
197101687559,21,2781,58,1832,1225,605
197101715755,194,2679,58,1162,1226,605
197101729816,180,2836,782,34680,1227,605
197101740985,135,4031,91,4113,1228,605
197101752145,22,3858,59,2121,1228,606
197101763322,119,4220,259,14301,1229,606
197101774741,145,3872,63,1625,1230,606
197101785438,35,2699,54,818,1230,607
197101796663,154,3479,52,1443,1231,607
197101807899,151,3544,316,33259,1232,607
197101818914,22,2967,69,3713,1232,608
197101829992,138,3558,110,7593,1233,608
197101841011,227,4595,158,14778,1234,608
197101852384,19,3491,53,2298,1234,609
197101863655,299,3612,99,7833,1235,609
197101874938,134,3511,149,14145,1236,609
197101885445,22,3653,50,2120,1236,610
197101896560,265,3214,100,8098,1237,610
197101907585,141,3529,158,14896,1238,610
197101918747,19,3403,48,2128,1238,611
197101930023,160,3001,49,2434,1239,611
197101941131,113,2974,98,7103,1240,611
197101952525,19,3291,46,1916,1240,612
197101963436,264,3706,155,14687,1241,612
197101974482,128,3434,254,27016,1242,612
197101985476,39,3384,48,1691,1242,613
197101996613,373,3819,44,1848,1243,613
197102007698,152,3605,160,14235,1244,613
197102018839,23,2768,54,1773,1244,614
197102029873,213,3433,262,27009,1245,614
197102041211,174,3510,71,4081,1246,614
197102052592,25,3287,44,797,1246,615
197102063590,198,3511,38,754,1247,615
197102074605,383,3781,402,34614,1248,615
197102085697,37,3162,70,3891,1248,616
197102096922,277,4178,165,15738,1249,616
197102107948,383,4394,106,7656,1250,616
197102118977,22,3777,47,2022,1250,617
197102130013,263,3133,142,13503,1251,617
197102141430,230,3099,99,7696,1252,617
197102152334,21,3256,48,1926,1252,618
197102163358,217,3400,196,14510,1253,618
197102174438,196,3108,129,11697,1254,618
197102185461,20,2857,50,2098,1254,619
197102196938,200,3330,93,7439,1255,619
197102208042,218,3053,168,15282,1256,619
197102218846,23,3946,49,2123,1256,620
197102230038,274,4969,109,7902,1257,620
197102241005,314,3308,44,2198,1258,620
197102252143,38,3737,48,1849,1258,621
197102263181,378,4352,180,14418,1259,621
197102274731,239,3035,112,8109,1260,621
197102285824,27,3035,56,1888,1260,622
197102296847,137,2630,83,6077,1261,622
197102307903,237,3523,77,4699,1262,622
197102318934,22,2848,33,736,1262,623
197102330367,131,3910,74,4410,1263,623
197102341035,285,3282,34,688,1264,623
197102352117,21,3503,38,672,1264,624
197102363186,185,5512,345,34831,1265,624
197102374550,310,3189,64,4123,1266,624
197102385689,20,3320,49,2148,1266,625
197102396739,355,3340,52,2557,1267,625
197102407797,326,3154,180,14873,1268,625
197102418809,23,3554,59,2085,1268,626
197102430148,167,3548,54,2259,1269,626
197102441203,445,3689,104,7226,1270,626
197102452298,23,3436,48,1752,1270,627
197102463374,326,3858,170,15038,1271,627
197102474362,157,4166,99,7308,1272,627
197102485428,23,3367,64,2039,1272,628
197102496729,190,3541,62,2458,1273,628
197102507758,261,3332,166,14525,1274,628
197102518864,23,3437,57,1937,1274,629
197102530254,167,3219,110,7903,1275,629
197102541349,198,3044,170,15555,1276,629
197102552392,20,3514,61,2364,1276,630
197102563470,126,3233,130,8296,1277,630
197102574611,236,3432,3880,15475,1278,630
197102585588,21,2872,49,2191,1278,631
197102596672,198,4045,94,7755,1279,631
197102607751,118,3888,70,4539,1280,631
197102618891,23,3681,39,850,1280,632
197102629961,221,4177,35,801,1281,632
197102641082,131,3932,332,34999,1282,632
197102652187,29,3075,636,3822,1282,633
197102663621,292,4089,61,3157,1283,633
197102674713,186,3438,50,2004,1284,633
197102685777,22,3420,108,1752,1284,634
197102696781,202,3256,94,7263,1285,634
197102708026,312,3532,167,14178,1286,634
197102719170,27,2970,52,2072,1286,635
197102729983,198,3337,103,7785,1287,635
197102741037,224,3958,49,2164,1288,635
197102752506,21,2866,51,1844,1288,636
197102763542,127,2977,153,14418,1289,636
197102774693,391,2958,121,7746,1290,636
197102785549,28,2834,52,1956,1290,637
197102796640,174,3014,164,15499,1291,637
197102807627,360,3135,103,7549,1292,637
197102818884,20,2972,46,1890,1292,638
197102829934,117,2978,163,15347,1293,638
197102840982,272,2935,96,7763,1294,638
197102852224,20,2636,48,1806,1294,639
197102863525,202,2624,45,2104,1295,639
197102874549,170,3074,57,2861,1296,639
197102885535,21,3253,36,743,1296,640
197102896595,179,3536,410,35018,1297,640
197102908102,155,3244,94,4728,1298,640
197102919062,22,3233,80,2156,1298,641
197102930158,148,3788,53,2005,1299,641
197102941369,165,3283,96,7233,1300,641
197102952350,19,3176,46,1933,1300,642
197102963372,193,3243,185,13983,1301,642
197102974388,174,2908,108,7452,1302,642
197102985350,21,2958,89,1827,1302,643
197102996938,229,7479,114,2155,1303,643
197103007680,563,5169,811,3006,1304,643
197103018760,22,2829,59,744,1304,644
197103030053,158,3448,345,35038,1305,644
197103041375,141,2921,187,17281,1306,644
197103052302,23,2830,58,2577,1306,645
197103063377,120,3024,119,2456,1307,645
197103074509,213,3267,53,2067,1308,645
197103085590,20,2777,54,1895,1308,646
197103096627,293,3047,96,7663,1309,646
197103107645,435,2959,51,1582,1310,646
197103118789,28,2777,49,1175,1310,647
197103129799,194,3121,472,32780,1311,647
197103141383,150,3109,104,8355,1312,647
197103152019,44,3009,49,1802,1312,648
197103163613,244,4309,147,12193,1313,648
197103174650,457,4657,61,1044,1314,648
197103185698,27,3865,52,718,1314,649
197103196977,285,3796,46,716,1315,649
197103207859,263,3634,348,32179,1316,649
197103218967,26,3167,65,3575,1316,650
197103230016,129,3076,106,8043,1317,650
197103241088,123,2868,48,2069,1318,650
197103252148,26,2953,53,1759,1318,651
197103263217,169,3126,159,13884,1319,651
197103274258,284,3297,118,7820,1320,651
197103285421,55,2821,54,1768,1320,652
197103296497,141,2769,182,15858,1321,652
197103308050,148,3260,58,2559,1322,652
197103319125,27,3044,52,1982,1322,653
197103330141,127,2663,104,7394,1323,653
197103341281,173,2671,60,2125,1324,653
197103352340,33,2608,74,1742,1324,654
197103363463,162,17627,5469,2009,1325,654
197103392641,197,2731,69,2255,1326,654
197103403752,29,3393,68,1763,1326,655
197103414895,166,4116,223,14720,1327,655
197103425938,126,4220,75,2597,1328,655
197103437066,22,2629,66,2038,1328,656
197103448255,170,2918,134,7278,1329,656
197103459296,458,3272,169,15355,1330,656
197103470484,31,3196,51,2152,1330,657
197103481483,364,3590,108,7904,1331,657
197103492552,304,4799,60,2243,1332,657
197103503570,29,3225,60,1901,1332,658
197103515102,174,3139,161,14744,1333,658
197103526209,174,3087,113,7926,1334,658
197103537235,24,4002,53,1978,1334,659
197103548494,302,3650,170,15524,1335,659
197103559350,150,3969,59,2662,1336,659
197103570324,25,3911,56,2048,1336,660
197103581622,147,3269,60,2303,1337,660
197103592600,129,2822,99,7590,1338,660
197103603695,28,3623,104,2069,1338,661
197103614693,263,2790,55,2355,1339,661
197103625909,233,2956,165,14439,1340,661
197103636918,24,2792,50,2242,1340,662
197103647960,292,2704,99,7921,1341,662
197103659515,254,3078,113,4076,1342,662
197103670252,22,2748,38,821,1342,663
197103681771,457,3683,34,799,1343,663
197103692874,180,3593,348,34528,1344,663
197103703778,27,3509,90,3747,1344,664
197103715026,389,3694,181,15785,1345,664
197103725943,173,3377,105,7527,1346,664
197103737106,43,3624,55,1997,1346,665
197103748153,256,3500,58,2327,1347,665
197103759210,246,2806,157,14381,1348,665
197103770589,25,3228,133,2076,1348,666
197103781834,212,2866,100,7982,1349,666
197103792959,259,2991,166,15816,1350,666
197103803958,23,3150,49,2255,1350,667
197103814984,113,3035,48,2570,1351,667
197103826013,445,2987,58,2222,1352,667
197103837075,21,2748,50,1975,1352,668
197103848167,182,3185,100,7743,1353,668
197103859237,362,3453,46,1974,1354,668
197103870329,21,3456,49,1779,1354,669
197103881385,296,2996,153,14559,1355,669
197103892972,260,3061,101,7988,1356,669
197103904034,22,4412,53,1889,1356,670
197103915075,140,2654,161,14819,1357,670
197103926204,170,2654,148,12128,1358,670
197103954739,299,2709,62,1312,1359,670
197103968964,32,3644,83,676,1359,671
197103980102,312,3891,543,34907,1360,671
197103991185,135,4401,93,4126,1361,671
197104002757,25,3751,59,2143,1361,672
197104013389,135,2719,233,14415,1362,672
197104024525,209,3486,164,7731,1363,672
197104035696,35,3218,65,2080,1363,673
197104046849,266,4090,171,15592,1364,673
197104057825,180,3234,124,7377,1365,673
197104069382,23,2927,48,1882,1365,674
197104080507,221,3050,158,14969,1366,674
197104091183,176,3205,44,1156,1367,674
197104102736,21,2978,35,767,1367,675
197104113746,299,3264,36,767,1368,675
197104124926,330,3504,365,35129,1369,675
197104135635,20,2805,64,3791,1369,676
197104146756,399,3257,53,2834,1370,676
197104157868,138,3530,163,15124,1371,676
197104169049,18,3440,159,2234,1371,677
197104180508,258,3101,77,2371,1372,677
197104191794,246,3014,94,7388,1373,677
197104202601,21,2830,50,1869,1373,678
197104213748,215,2960,164,15183,1374,678
197104224628,126,3046,95,7728,1375,678
197104235707,24,3073,53,1903,1375,679
197104247181,140,3792,46,2232,1376,679
197104258273,126,3229,160,14563,1377,679
197104269314,22,2787,51,2109,1377,680
197104280362,148,2629,106,8015,1378,680
197104291198,142,2647,174,15823,1379,680
197104302428,31,2581,50,2188,1379,681
197104318721,266,2735,152,8061,1380,681
197104325033,177,4150,261,15368,1381,681
197104335794,23,3460,61,2196,1381,682
197104346989,119,4086,56,2008,1382,682
197104358090,123,4006,150,8554,1383,682
197104369203,21,2648,64,1933,1383,683
197104380315,140,2942,257,14667,1384,683
197104391413,140,2771,104,7922,1385,683
197104402783,24,2779,47,1946,1385,684
197104413870,125,3145,162,14987,1386,684
197104424845,113,3224,50,2537,1387,684
197104436057,23,2826,52,2122,1387,685
197104446940,200,2982,95,7424,1388,685
197104458134,157,3085,470,15554,1389,685
197104469285,25,3046,58,2414,1389,686
197104480418,141,3138,102,8044,1390,686
197104491208,113,3498,65,4414,1391,686
197104502687,20,2749,40,779,1391,687
197104513851,205,4044,605,35343,1392,687
197104524861,173,3133,200,9664,1393,687
197104535912,23,2664,51,2275,1393,688
197104546959,136,3507,156,14437,1394,688
197104558062,130,2822,55,2457,1395,688
197104569071,24,2682,44,1865,1395,689
197104580449,133,3408,95,7325,1396,689
197104591511,215,3474,190,14482,1397,689
197104602273,19,3005,52,2180,1397,690
197104613817,123,3023,102,8469,1398,690
197104625018,165,3600,160,14661,1399,690
197104635970,24,2786,54,2063,1399,691
197104647193,246,2958,95,7802,1400,691
197104657998,138,2837,166,14994,1401,691
197104669317,27,2736,48,2155,1401,692
197104680080,153,3187,54,2470,1402,692
197104691622,150,2635,102,7328,1403,692
197104702650,29,2598,62,1977,1403,693
197104713754,180,2718,180,15496,1404,693
197104724485,128,2648,96,7745,1405,693
197104735768,32,2624,65,1973,1405,694
197104759120,200,2658,104,4390,1406,694
197104773195,259,4413,563,35056,1407,694
197104784350,33,3623,99,3853,1407,695
197104795467,159,4104,293,15784,1408,695
197104806733,118,4197,70,2570,1409,695
197104817878,21,2773,58,1994,1409,696
197104828804,136,2738,133,7365,1410,696
197104840298,163,3033,61,2216,1411,696
197104851287,23,4396,79,1779,1411,697
197104862310,228,3837,48,2070,1412,697
197104873370,205,3375,157,14325,1413,697
197104884377,23,3052,51,1932,1413,698
197104895434,293,3337,101,7733,1414,698
197104906529,174,3534,163,15002,1415,698
197104917959,20,2737,52,2341,1415,699
197104929028,127,3300,42,1761,1416,699
197104940112,220,3223,36,753,1417,699
197104951043,27,3004,40,753,1417,700
197104962246,117,3109,408,32428,1418,700
197104973525,219,3469,114,9722,1419,700
197104984547,23,2802,52,2235,1419,701
197104995671,134,3624,50,2227,1420,701
197105006664,123,3212,151,14041,1421,701
197105018014,21,3642,58,1921,1421,702
197105029137,159,2834,100,7712,1422,702
197105039996,153,2922,168,15495,1423,702
197105051058,25,2716,54,2198,1423,703
197105062185,167,2790,84,2345,1424,703
197105073170,117,3008,96,7418,1425,703
197105084865,25,2957,51,1851,1425,704
197105095796,196,3913,49,2196,1426,704
197105106668,139,3347,54,1880,1427,704
197105117672,21,3000,42,1693,1427,705
197105129217,209,3061,151,14315,1428,705
197105140228,164,3550,122,7873,1429,705
197105151348,19,3116,49,1792,1429,706
197105162437,268,3669,152,14443,1430,706
197105173477,151,3216,43,2157,1431,706
197105184474,24,2723,48,1533,1431,707
197105195605,353,4184,256,26537,1432,707
197105206726,155,3047,165,15407,1433,707
197105218065,21,2661,50,2199,1433,708
197105229105,195,4016,94,7576,1434,708
197105240314,199,3900,77,4387,1435,708
197105251422,18,3369,38,790,1435,709
197105262628,227,3441,339,35117,1436,709
197105273767,255,4175,124,9598,1437,709
197105284739,27,3119,60,2183,1437,710
197105295805,342,3656,156,14571,1438,710
197105306810,198,3126,55,2419,1439,710
197105317926,21,3974,48,1854,1439,711
197105329207,287,3540,93,7333,1440,711
197105340273,199,4452,156,14580,1441,711
197105351341,20,3967,46,2100,1441,712
197105362314,210,3393,102,8464,1442,712
197105373413,296,3692,155,14555,1443,712
197105384446,20,4008,52,2044,1443,713
197105395645,159,2989,95,7664,1444,713
197105406704,127,3083,165,14970,1445,713
197105417950,19,2799,45,2235,1445,714
197105429108,318,4216,55,2564,1446,714
197105440961,305,3704,109,7160,1447,714
197105451474,23,3192,50,1958,1447,715
197105462424,125,3526,163,15120,1448,715
197105473483,156,3680,280,27001,1449,715
197105484559,21,3211,52,1896,1449,716
197105495851,151,2674,44,1465,1450,716
197105506551,138,2699,60,2665,1451,716
197105518063,28,2673,43,747,1451,717
197105529082,189,2764,50,704,1452,717
197105540131,141,2774,356,32833,1453,717
197105551387,20,2565,59,3610,1453,718
197105562388,191,30346,98,2297,1454,718
197105604158,261,2780,71,1345,1455,718
197105615783,46,3747,45,643,1455,719
197105626592,152,4004,537,35156,1456,719
197105637766,118,4012,168,9425,1457,719
197105649023,21,3383,63,2325,1457,720
197105659691,127,2675,215,13526,1458,720
197105671224,165,3210,60,2378,1459,720
197105682178,23,2805,48,1881,1459,721
197105693116,203,2993,106,7380,1460,721
197105704134,23,4863,49,1824,1460,722
197105715671,363,3505,181,14285,1461,722
197105726755,165,3958,97,7579,1462,722
197105737891,113,3493,50,2312,1463,722
197105748976,20,2974,45,1929,1463,723
197105759803,217,3084,152,14477,1464,723
197105771004,154,3185,106,7236,1465,723
197105781986,25,2858,32,858,1465,724
197105793156,219,3535,79,5738,1466,724
197105804117,20,3188,35,870,1466,725
197105815681,201,3665,31,806,1467,725
197105826783,266,3645,362,34749,1468,725
197105837911,476,4944,188,17446,1469,725
197105848955,27,3633,57,2576,1469,726
197105860046,257,3861,97,7933,1470,726
197105871210,126,3918,159,13996,1471,726
197105882286,24,3760,52,2330,1471,727
197105893198,339,3623,111,8263,1472,727
197105904262,23,3461,51,1924,1472,728
197105915475,296,3935,159,14856,1473,728
197105926472,175,3480,53,2602,1474,728
197105937588,23,4091,48,2108,1474,729
197105948811,283,3301,96,7684,1475,729
197105959855,165,3926,163,15519,1476,729
197105970968,122,3531,98,7902,1477,729
197105982021,20,2858,42,1937,1477,730
197105993010,289,3316,75,4442,1478,730
197106004569,117,3191,251,25568,1479,730
197106015812,30,4187,58,3119,1479,731
197106026730,201,3133,203,17546,1480,731
197106037900,278,3128,144,13116,1481,731
197106048933,21,3102,45,2057,1481,732
197106059853,232,5464,301,7240,1482,732
197106071349,221,3641,100,5893,1483,732
197106082416,26,3192,35,772,1483,733
197106093469,264,3667,329,32183,1484,733
197106104226,23,3196,72,3585,1484,734
197106115416,158,3173,109,8131,1485,734
197106126473,318,4346,153,13529,1486,734
197106137560,21,4027,47,1969,1486,735
197106148674,225,4206,100,7813,1487,735
197106160071,339,3760,158,14851,1488,735
197106171303,186,4489,59,2386,1489,735
197106182080,19,4782,45,1941,1489,736
197106193112,477,3602,107,7517,1490,736
197106204401,129,3715,178,15132,1491,736
197106215557,25,2957,47,2249,1491,737
197106226690,275,3135,136,7973,1492,737
197106237732,125,3075,44,1348,1493,737
197106248753,38,2752,32,779,1493,738
197106259776,191,3056,346,42653,1494,738
197106271072,212,3407,114,9545,1495,738
197106282257,29,3137,55,2079,1495,739
197106293015,146,4096,144,11658,1496,739
197106304428,144,3926,46,1200,1497,739
197106315527,21,2640,32,748,1497,740
197106326536,163,4238,368,34657,1498,740
197106337858,173,3394,176,17135,1499,740
197106348904,21,5122,53,2545,1499,741
197106359929,130,3621,93,7724,1500,741
197106370965,170,3228,157,13866,1501,741
197106382174,32,2635,52,2060,1501,742
197106393360,458,2939,102,7779,1502,742
197106404649,325,3199,162,14847,1503,742
197106415529,20,3035,47,2280,1503,743
197106426534,332,3033,52,2572,1504,743
197106437519,170,3308,98,7384,1505,743
197106448693,20,2682,41,1884,1505,744
197106459854,287,2989,163,15287,1506,744
197106470813,146,2964,102,7697,1507,744
197106481936,19,2673,44,1841,1507,745
197106493299,301,3580,50,2116,1508,745
197106504416,148,3025,167,14654,1509,745
197106515428,18,2632,50,2287,1509,746
197106526597,375,2749,108,8192,1510,746
197106537724,32,4094,50,1879,1510,747
197106548792,309,3768,80,6024,1511,747
197106559968,267,3628,364,33780,1512,747
197106570964,230,3425,111,9336,1513,747
197106581964,20,3362,49,2310,1513,748
197106593299,167,3555,158,14867,1514,748
197106604321,171,3420,99,7582,1515,748
197106615727,25,3969,48,1999,1515,749
197106626717,129,3835,143,13488,1516,749
197106637781,149,3907,104,7649,1517,749
197106648772,23,3175,45,1797,1517,750
197106659749,180,3394,86,6028,1518,750
197106671007,161,3713,596,33741,1519,750
197106681974,22,3616,60,3813,1519,751
197106693204,363,3391,100,7764,1520,751
197106704247,151,4898,186,14959,1521,751
197106715386,21,2852,47,2107,1521,752
197106726415,432,2920,97,7708,1522,752
197106737474,20,3288,83,1882,1522,753
197106749051,200,2973,41,1393,1523,753
197106760037,160,3207,366,42716,1524,753
197106771169,220,3363,133,8899,1525,753
197106782262,26,3740,45,1528,1525,754
197106793339,139,3337,311,31713,1526,754
197106804659,211,5116,46,1375,1527,754
197106815135,22,3159,33,706,1527,755
197106826665,237,3673,36,706,1528,755
197106837765,128,5279,320,32384,1529,755
197106848835,21,2720,62,3576,1529,756
197106859884,446,3141,141,8012,1530,756
197106870929,21,2916,46,1887,1530,757
197106881954,129,3115,46,2152,1531,757
197106893066,167,3280,61,2280,1532,757
197106904371,177,2816,172,14388,1533,757
197106916098,33,2554,62,2032,1533,758
197106926375,341,3442,61,2376,1534,758
197106937440,30,3605,84,1842,1534,759
197106949006,251,4316,97,7161,1535,759
197106960008,121,3170,166,14971,1536,759
197106971140,194,3360,102,7690,1537,759
197106982176,21,2953,46,1764,1537,760
197106993270,122,3517,45,2039,1538,760
197107004338,122,3663,155,14433,1539,760
197107015362,23,3535,436,2198,1539,761
197107026441,235,3223,168,7814,1540,761
197107037441,33,4431,62,1833,1540,762
197107048977,212,4117,168,15492,1541,762
197107060162,184,4559,104,7154,1542,762
197107071185,202,4247,168,15293,1543,762
197107082287,31,3676,61,2278,1543,763
197107093329,354,4201,117,8016,1544,763
197107104422,122,4154,70,2262,1545,763
197107115850,22,3194,45,1857,1545,764
197107126487,125,2949,154,14233,1546,764
197107137522,24,3110,46,1619,1546,765
197107148612,142,2656,44,1885,1547,765
197107160129,152,2647,48,701,1548,765
197107170833,371,2777,365,33530,1549,765
197107181883,22,2505,61,3690,1549,766
197107193038,173,2653,94,7679,1550,766
197107220711,223,2936,127,5308,1551,766
197107234989,33,3613,56,962,1551,767
197107246218,178,4354,535,35073,1552,767
197107257362,140,4220,230,16528,1553,767
197107268576,20,3375,63,2599,1553,768
197107279953,190,2673,153,8009,1554,768
197107291082,209,3115,244,15606,1555,768
197107301784,26,2721,60,2294,1555,769
197107313008,313,3916,62,2497,1556,769
197107324096,197,4226,52,2176,1557,769
197107335107,21,3893,66,1987,1557,770
197107346187,172,3799,96,7868,1558,770
197107357435,189,3655,48,2075,1559,770
197107368714,21,2902,49,1827,1559,771
197107379954,231,2940,145,13756,1560,771
197107391092,193,3033,48,1548,1561,771
197107402191,22,2983,44,774,1561,772
197107412934,181,4874,646,33004,1562,772
197107424032,276,4098,76,3686,1563,772
197107435681,27,3429,53,2142,1563,773
197107446673,205,3744,97,7494,1564,773
197107457334,217,3082,163,14738,1565,773
197107468472,27,3856,56,2180,1565,774
197107479607,254,3854,110,7848,1566,774
197107490689,406,4267,59,2233,1567,774
197107501802,25,3795,51,1865,1567,775
197107512955,251,3497,156,14485,1568,775
197107524028,788,4620,116,8238,1569,775
197107535205,25,3907,50,1917,1569,776
197107546413,312,3253,164,15456,1570,776
197107557471,184,3414,55,2609,1571,776
197107568555,22,3141,45,1912,1571,777
197107579872,118,3124,46,2047,1572,777
197107590917,233,4014,97,7512,1573,777
197107601906,22,3564,123,1900,1573,778
197107612879,605,3678,46,2192,1574,778
197107624061,132,3797,325,14036,1575,778
197107635061,29,3211,53,1581,1575,779
197107646243,226,3622,58,1935,1576,779
197107657333,217,2847,40,743,1577,779
197107668886,27,3064,44,738,1577,780
197107682153,246,3135,356,33449,1578,780
197107691055,408,3667,115,9155,1579,780
197107702250,26,3281,59,2340,1579,781
197107713194,156,3082,160,14821,1580,781
197107724301,351,3505,108,7634,1581,781
197107735472,26,2830,50,1963,1581,782
197107746168,252,3037,46,2271,1582,782
197107757713,304,3265,155,14361,1583,782
197107768758,20,3196,48,2098,1583,783
197107779540,154,2987,100,7967,1584,783
197107791111,357,4372,200,15955,1585,783
197107802075,22,3498,54,2324,1585,784
197107812992,1742,3151,61,2491,1586,784
197107824199,175,4470,55,2096,1587,784
197107835233,27,3379,52,1956,1587,785
197107846173,173,3149,108,7766,1588,785
197107857424,233,3361,50,2192,1589,785
197107868876,26,4610,167,1892,1589,786
197107880018,278,4063,163,14546,1590,786
197107890811,147,3148,103,8126,1591,786
197107902165,24,3993,56,1993,1591,787
197107913359,242,3696,164,15159,1592,787
197107924455,157,3379,57,1642,1593,787
197107935515,22,3315,45,995,1593,788
197107946538,142,3266,36,1049,1594,788
197107957641,132,3649,46,682,1595,788
197107968667,29,3801,49,682,1595,789
197107979807,136,3792,337,35015,1596,789
197107991033,130,3282,65,3972,1597,789
197108001931,20,2740,49,2150,1597,790
197108013154,180,2951,156,14424,1598,790
197108024316,688,2972,115,7669,1599,790
197108035435,26,3135,54,2036,1599,791
197108046433,142,2954,200,15710,1600,791
197108057561,169,3088,50,1639,1601,791
197108068621,29,2757,41,784,1601,792
197108079675,203,3037,362,36397,1602,792
197108091093,155,3157,79,4002,1603,792
197108102013,32,3437,64,2296,1603,793
197108112998,332,3149,51,2358,1604,793
197108124080,400,3033,65,3045,1605,793
197108135175,22,3409,41,758,1605,794
197108146205,421,3664,328,35144,1606,794
197108157855,405,3020,215,16655,1607,794
197108168442,20,2976,57,2555,1607,795
197108179935,188,4299,52,2437,1608,795
197108190971,139,3652,387,7114,1609,795
197108202439,27,2941,71,1836,1609,796
197108212918,217,3717,158,14872,1610,796
197108224263,226,4019,61,1239,1611,796
197108235509,34,3338,48,697,1611,797
197108246618,441,3836,52,696,1612,797
197108257799,316,3533,50,697,1613,797
197108268508,31,3675,53,696,1613,798
197108279912,258,3732,361,35005,1614,798
197108291176,270,3530,254,17760,1615,798
197108302207,23,3213,54,2455,1615,799
197108312880,136,2838,60,2356,1616,799
197108324392,129,2641,102,7182,1617,799
197108335067,33,2614,66,1892,1617,800
197108346166,184,2629,171,14984,1618,800
197108386860,718,3021,47,1323,1619,800
197108402380,26,2610,38,707,1619,801
197108413050,165,2759,507,32867,1620,801
197108424125,154,4264,94,3742,1621,801
197108435261,22,3524,54,2151,1621,802
197108446472,235,4016,140,7283,1622,802
197108457564,225,4128,280,14693,1623,802
197108468703,29,2955,63,2125,1623,803
197108480083,171,3325,114,7634,1624,803
197108490820,203,3051,72,2287,1625,803
197108501878,34,3719,70,1912,1625,804
197108513134,330,4724,157,13663,1626,804
197108524085,193,4089,70,1416,1627,804
197108535251,33,4104,48,678,1627,805
197108546575,309,4119,44,678,1628,805
197108557584,128,3843,337,33255,1629,805
197108568915,22,3242,70,3693,1629,806
197108580078,272,4325,101,7654,1630,806
197108591092,189,3833,87,2361,1631,806
197108602217,21,3390,52,1963,1631,807
197108613250,190,4107,51,2169,1632,807
197108624147,140,4299,154,13948,1633,807
197108635224,21,3254,46,1959,1633,808
197108646262,110,2916,94,7891,1634,808
197108657327,115,2830,168,14932,1635,808
197108668742,19,2570,50,2094,1635,809
197108679835,351,2807,52,2403,1636,809
197108690816,124,2618,102,7218,1637,809
197108701838,30,2560,79,1839,1637,810
197108713445,167,2626,191,15097,1638,810
197108724423,140,2656,107,7571,1639,810
197108735573,36,2752,59,1865,1639,811
197108746608,190,2622,55,2235,1640,811
197108757495,165,2646,163,14451,1641,811
197108768510,22,2600,49,2105,1641,812
197108779636,164,2668,128,7932,1642,812
197108791139,127,2651,92,6816,1643,812
197108801934,49,25624,90,953,1643,813
197108838792,192,2731,744,35855,1644,813
197108850337,46,3614,99,4080,1644,814
197108861472,143,3862,70,2563,1645,814
197108872640,130,4183,236,14630,1646,814
197108883433,20,3167,58,2250,1646,815
197108894562,129,2707,141,7918,1647,815
197108905676,221,2889,167,15070,1648,815
197108916953,24,2655,52,2253,1648,816
197108927991,161,3161,64,2483,1649,816
197108939047,163,2971,92,6561,1650,816
197108950044,25,3504,42,780,1650,817
197108961189,187,3226,69,4023,1651,817
197108972271,194,3832,45,798,1652,817
197108983618,27,3664,44,760,1652,818
197108994720,169,3767,404,34935,1653,818
197109005908,384,3306,175,16299,1654,818
197109016954,20,3002,51,2495,1654,819
197109028039,189,3158,105,7788,1655,819
197109038877,157,3678,198,15655,1656,819
197109050100,28,4716,67,2234,1656,820
197109061101,153,3134,62,2501,1657,820
197109072464,161,3033,51,2095,1658,820
197109083542,19,3074,47,1947,1658,821
197109094496,405,2913,107,7803,1659,821
197109105499,147,2729,52,2058,1660,821
197109116706,27,2831,44,1852,1660,822
197109127916,274,2924,159,14471,1661,822
197109138962,421,3281,110,8195,1662,822
197109149921,23,2886,50,1882,1662,823
197109161039,240,3254,157,14852,1663,823
197109172114,282,2976,47,1543,1664,823
197109183685,23,3756,117,776,1664,824
197109194762,227,3660,361,34858,1665,824
197109205897,336,3317,216,17533,1666,824
197109217142,31,3000,52,2508,1666,825
197109227675,529,3637,105,7707,1667,825
197109239207,121,3934,49,2208,1668,825
197109249999,27,3377,43,1879,1668,826
197109260984,189,3692,153,14446,1669,826
197109272342,396,3204,109,7973,1670,826
197109283439,31,3304,53,1951,1670,827
197109294346,168,3759,221,15601,1671,827
197109305675,109,3209,55,2715,1672,827
197109316672,20,3597,130,2016,1672,828
197109327812,191,3478,95,7519,1673,828
197109339120,167,3270,161,2059,1674,828
197109350134,22,3548,71,1756,1674,829
197109361236,270,3327,49,2017,1675,829
197109372319,252,4358,166,14554,1676,829
197109383660,22,3371,123,2253,1676,830
197109394734,142,3530,112,8090,1677,830
197109405736,177,3417,181,15217,1678,830
197109416822,22,3625,50,2198,1678,831
197109428241,218,3522,56,2076,1679,831
197109439458,357,3961,48,1145,1680,831
197109450248,26,3241,98,688,1680,832
197109461357,140,3002,64,689,1681,832
197109472417,190,3145,358,34920,1682,832
197109483626,25,3694,77,3878,1682,833
197109494771,173,3396,58,2394,1683,833
197109505663,139,2952,158,14409,1684,833
197109516718,19,2745,45,2160,1684,834
197109527724,133,3626,99,7696,1685,834
197109538795,319,3731,175,15663,1686,834
197109550316,26,3324,48,2270,1686,835
197109561551,228,3362,54,2534,1687,835
197109572167,170,3403,102,7462,1688,835
197109583849,25,3013,48,1869,1688,836
197109594354,233,3276,173,15196,1689,836
197109605595,133,3494,99,6917,1690,836
197109617020,21,3838,55,1860,1690,837
197109628072,421,3640,161,14429,1691,837
197109639167,234,3417,130,8156,1692,837
197109650242,24,3151,52,1924,1692,838
197109661446,294,3682,251,15157,1693,838
197109672300,418,4982,110,2451,1694,838
197109683338,22,3622,45,2004,1694,839
197109694359,192,4059,89,6716,1695,839
197109705456,173,3330,74,4904,1696,839
197109716973,22,4002,40,797,1696,840
197109727861,282,2990,35,756,1697,840
197109739136,365,4252,354,35000,1698,840
197109750019,22,3159,60,3764,1698,841
197109761052,138,4050,159,14861,1699,841
197109772573,562,3372,109,7781,1700,841
197109783782,22,4398,72,1883,1700,842
197109794794,230,3401,168,15588,1701,842
197109805849,380,3145,59,2568,1702,842
197109816597,20,2879,43,2055,1702,843
197109827689,299,3419,95,7589,1703,843
197109839168,418,2927,91,2218,1704,843
197109850327,22,3598,42,1879,1704,844
197109861215,350,3197,42,2206,1705,844
197109872213,201,3480,158,14532,1706,844
197109883306,22,3172,49,2051,1706,845
197109894619,317,3047,193,17629,1707,845
197109905905,203,3233,184,15228,1708,845
197109916999,21,3110,51,2380,1708,846
197109928168,149,3259,53,2605,1709,846
197109939227,308,3367,44,1303,1710,846
197109950147,27,2610,31,663,1710,847
197109961171,251,4421,49,1877,1711,847
197109972257,208,3989,34,976,1712,847
197109983267,20,2912,29,650,1712,848
197109994364,233,3060,344,35025,1713,848
197110006034,377,3862,176,16204,1714,848
197110016868,25,3404,58,2506,1714,849
197110027957,283,3326,106,7820,1715,849
197110038828,138,3443,170,15513,1716,849
197110050352,26,3297,49,2220,1716,850
197110061189,123,4474,58,2462,1717,850
197110072248,145,3903,95,7486,1718,850
197110083250,22,3763,45,1814,1718,851
197110094803,142,3223,169,15188,1719,851
197110105855,216,3873,95,7032,1720,851
197110116854,21,3743,48,1783,1720,852
197110128095,213,3699,155,14504,1721,852
197110139009,173,3344,171,8054,1722,852
197110149940,26,4217,67,1897,1722,853
197110161029,167,4609,173,14967,1723,853
197110172445,317,3473,56,2603,1724,853
197110183541,23,3147,71,1965,1724,854
197110194419,353,4892,100,7259,1725,854
197110205888,250,4054,165,15436,1726,854
197110216904,20,3264,46,2201,1726,855
197110227819,997,2955,98,7999,1727,855
197110239049,357,3653,51,1390,1728,855
197110250178,21,3264,36,867,1728,856
197110261200,384,3134,100,4854,1729,856
197110272258,303,4864,370,34874,1730,856
197110283391,30,3898,72,3768,1730,857
197110294408,228,3921,181,15888,1731,857
197110305427,240,3628,59,2516,1732,857
197110316944,24,4912,51,1904,1732,858
197110328106,233,3912,99,7092,1733,858
197110339227,373,4125,176,15012,1734,858
197110350323,27,3768,141,2164,1734,859
197110361441,229,4234,114,7924,1735,859
197110372410,155,3328,157,14182,1736,859
197110383629,21,3407,50,1936,1736,860
197110394674,290,4055,99,7727,1737,860
197110405711,180,3377,160,14866,1738,860
197110416896,21,3849,49,2284,1738,861
197110427948,211,4264,84,2556,1739,861
197110438995,240,2937,95,7079,1740,861
197110450085,22,2767,43,1937,1740,862
197110461223,146,3145,168,15199,1741,862
197110472256,365,4618,101,7704,1742,862
197110483281,45,3365,47,1824,1742,863
197110494701,330,3875,60,2099,1743,863
197110505764,145,3024,183,14656,1744,863
197110516864,21,2985,376,2228,1744,864
197110528071,207,3894,111,8111,1745,864
197110539210,358,3707,80,4008,1746,864
197110550273,32,3287,40,797,1746,865
197110561065,375,3240,42,744,1747,865
197110572232,396,3998,383,34920,1748,865
197110583385,21,3967,108,3979,1748,866
197110594524,426,3505,165,15774,1749,866
197110605513,124,4220,100,7706,1750,866
197110616723,24,3581,46,1975,1750,867
197110627855,134,4318,148,13429,1751,867
197110638857,330,2942,99,7880,1752,867
197110650164,23,3709,52,1876,1752,868
197110661066,258,3229,163,14717,1753,868
197110672129,153,2933,56,2427,1754,868
197110683203,26,3595,49,1917,1754,869
197110694786,383,3406,97,7414,1755,869
197110705805,303,3178,166,15110,1756,869
197110716887,20,3102,43,2108,1756,870
197110727951,241,3178,184,17697,1757,870
197110738972,382,3007,96,1955,1758,870
197110749993,19,3397,38,1200,1758,871
197110761402,393,3808,343,33181,1759,871
197110772439,237,3510,111,8466,1760,871
197110783516,33,3173,56,1933,1760,872
197110794672,396,3260,174,16131,1761,872
197110805541,168,2701,106,7473,1762,872
197110816639,25,3341,46,1808,1762,873
197110827889,155,4144,194,15018,1763,873
197110838922,219,3953,37,1186,1764,873
197110850162,16,3198,29,751,1764,874
197110861184,120,3484,343,35089,1765,874
197110872878,751,3347,71,4171,1766,874
197110883554,23,2938,46,2188,1766,875
197110894592,113,2847,94,2555,1767,875
197110905832,120,3695,161,14952,1768,875
197110916882,18,2852,41,2176,1768,876
197110927977,118,2871,48,2311,1769,876
197110939027,125,2948,95,7337,1770,876
197110950108,17,2591,41,1810,1770,877
197110961230,111,3204,458,15032,1771,877
197110972663,197,3171,94,7643,1772,877
197110983480,19,3407,47,1927,1772,878
197110994493,111,2845,42,2283,1773,878
197111005614,186,3317,156,14574,1774,878
197111017018,21,3483,46,2121,1774,879
197111028042,174,3533,105,7843,1775,879
197111039113,154,3818,165,15345,1776,879
197111050374,19,2951,79,2373,1776,880
197111061539,123,2829,130,8342,1777,880
197111072589,106,3025,162,15483,1778,880
197111083586,19,2802,60,2235,1778,881
197111094654,149,3207,98,7931,1779,881
197111105555,143,3131,76,4521,1780,881
197111116902,20,2630,30,837,1780,882
197111127870,292,3339,374,34771,1781,882
197111138924,194,3624,72,4405,1782,882
197111150362,23,2748,44,2160,1782,883
197111161389,167,3295,180,14784,1783,883
197111172087,111,2887,50,2401,1784,883
197111183653,19,2783,42,1845,1784,884
197111194755,135,3303,90,7056,1785,884
197111205831,111,3183,175,15082,1786,884
197111217351,26,2860,44,2066,1786,885
197111227933,239,3632,97,7809,1787,885
197111239291,124,2992,48,2259,1788,885
197111250142,22,3609,74,1927,1788,886
197111261131,112,3629,152,14370,1789,886
197111272380,263,3454,216,7735,1790,886
197111283431,26,3015,52,1919,1790,887
197111294419,127,3224,163,15403,1791,887
197111307064,114,2938,101,7574,1792,887
197111316590,19,2689,43,1943,1792,888
197111328158,144,3399,168,15197,1793,888
197111339188,163,3360,35,1126,1794,888
197111350135,21,3168,32,735,1794,889
197111361141,123,2895,30,730,1795,889
197111372212,100,2964,348,34982,1796,889
197111383707,33,2671,83,3752,1796,890
197111394749,179,2950,169,14762,1797,890
197111405839,124,2885,58,2562,1798,890
197111416839,23,2763,41,1923,1798,891
197111427835,137,3195,53,2072,1799,891
197111438850,216,2955,91,6960,1800,891
197111449900,19,2752,43,1917,1800,892
197111461418,117,2721,225,14893,1801,892
197111472495,140,3168,96,7491,1802,892
197111483561,44,3603,59,1959,1802,893
197111494556,129,3189,47,2260,1803,893
197111505544,118,2866,162,14355,1804,893
197111516582,21,2836,46,2035,1804,894
197111528112,191,3103,109,7855,1805,894
197111538909,1142,3209,207,15650,1806,894
197111549908,21,2936,44,2018,1806,895
197111561021,121,2882,95,7983,1807,895
197111572798,164,3117,160,15175,1808,895
197111583860,19,2924,63,2198,1808,896
197111594574,129,3556,101,7939,1809,896
197111605499,113,3185,279,4515,1810,896
197111616768,24,2972,32,801,1810,897
197111627726,123,3234,350,35038,1811,897
197111639402,149,3030,151,4448,1812,897
197111650318,19,2763,44,2169,1812,898
197111661265,148,3022,156,14819,1813,898
197111672302,115,2965,59,2378,1814,898
197111683529,24,2722,44,1923,1814,899
197111694593,114,2902,92,7176,1815,899
197111705650,138,3058,162,15072,1816,899
197111716763,20,3079,43,2049,1816,900
197111727807,140,3280,97,7796,1817,900
197111738812,109,3193,47,2231,1818,900
197111750366,23,3553,49,1897,1818,901
197111761427,134,3103,150,14404,1819,901
197111772627,143,3359,108,7989,1820,901
197111783428,26,3107,48,1909,1820,902
197111795477,191,3366,163,15575,1821,902
197111805824,105,3341,54,2553,1822,902
197111816664,19,3058,43,2065,1822,903
197111827860,110,3083,48,2248,1823,903
197111839100,388,3168,91,7478,1824,903
197111850157,21,2914,46,1961,1824,904
197111861155,145,3505,52,2303,1825,904
197111872164,165,3078,155,13890,1826,904
197111883706,19,2723,43,1788,1826,905
197111894740,134,3723,47,1918,1827,905
197111905766,104,3132,36,700,1828,905
197111916839,19,2983,29,695,1828,906
197111927802,158,3255,368,33559,1829,906
197111938815,234,3399,107,9157,1830,906
197111949896,19,2864,49,2397,1830,907
197111961184,145,2946,151,14689,1831,907
197111972257,115,3548,101,7624,1832,907
197111983412,39,2966,42,1965,1832,908
197111994419,192,3119,53,2300,1833,908
197112005510,179,3494,156,14454,1834,908
197112017051,19,3074,51,2118,1834,909
197112028090,170,3100,108,7561,1835,909
197112039156,113,2926,309,33330,1836,909
197112050206,18,2728,52,2812,1836,910
197112061246,266,3834,94,7751,1837,910
197112072577,234,3225,156,14349,1838,910
197112083437,22,3037,36,1242,1838,911
197112094404,117,2764,53,1124,1839,911
197112105855,236,3382,403,35158,1840,911
197112117206,21,3017,61,3986,1840,912
197112127646,154,3611,56,2475,1841,912
197112139203,213,3008,51,2428,1842,912
197112150428,24,2728,46,1811,1842,913
197112160976,120,3288,152,14785,1843,913
197112172602,146,2965,56,2433,1844,913
197112183626,19,3008,44,1940,1844,914
197112194541,123,3370,98,7346,1845,914
197112205557,160,3651,185,15225,1846,914
197112216523,22,2957,42,2237,1846,915
197112227817,158,3312,122,8040,1847,915
197112239241,156,2941,53,2232,1848,915
197112250273,23,2786,44,1909,1848,916
197112261258,145,3279,151,14524,1849,916
197112272523,234,3517,113,8127,1850,916
197112283595,26,2771,44,2009,1850,917
197112294878,141,3314,168,15853,1851,917
197112306014,125,3351,94,7161,1852,917
197112316740,28,2556,41,904,1852,918
197112328014,163,2701,76,4040,1853,918
197112339147,162,2647,43,809,1854,918
197112350244,32,2542,43,779,1854,919
197112361281,134,2748,339,35196,1855,919
197112428547,270,2772,83,3498,1856,919
197112443033,151,2755,531,34772,1857,919
197112454164,180,3848,299,17216,1858,919
197112465254,25,3501,71,2556,1858,920
197112476420,124,4084,52,1323,1859,920
197112487503,183,4506,264,16719,1860,920
197112498600,24,2797,54,2365,1860,921
197112509707,277,3694,335,33294,1861,921
197112521024,698,4029,117,8114,1862,921
197112532048,30,4118,58,1891,1862,922
197112543087,315,3539,180,15289,1863,922
197112554233,191,3536,52,2378,1864,922
197112565260,22,3563,48,1895,1864,923
197112576363,444,3318,97,7448,1865,923
197112587563,183,3815,166,15233,1866,923
197112598346,20,2956,42,1932,1866,924
197112609423,136,3221,107,8350,1867,924
197112620592,25,3227,48,1636,1867,925
197112632023,129,2922,206,14451,1868,925
197112643224,286,2955,104,7751,1869,925
197112654060,22,2939,47,1762,1869,926
197112665328,215,3916,154,14858,1870,926
197112676267,151,3508,52,2463,1871,926
197112687350,117,4182,96,7293,1872,926
197112698561,20,2898,66,1843,1872,927
197112709654,209,3836,161,15176,1873,927
197112720823,163,3415,94,7238,1874,927
197112731727,20,3107,35,1006,1874,928
197112742884,197,3390,326,31669,1875,928
197112753949,182,3284,155,14127,1876,928
197112765033,25,2997,36,1112,1876,929
197112776179,301,3088,96,1268,1877,929
197112787656,3066,3851,36,686,1878,929
197112798691,20,3243,29,686,1878,930
197112809451,106,3307,408,33699,1879,930
197112820607,365,2949,114,9154,1880,930
197112832124,25,2795,58,2368,1880,931
197112843238,147,2691,160,14683,1881,931
197112853976,24,3158,57,2219,1881,932
197112865041,235,3451,100,7708,1882,932
197112876609,306,3492,205,14037,1883,932
197112887676,154,3173,113,8072,1884,932
197112898674,20,4562,45,1813,1884,933
197112909733,115,3682,157,14828,1885,933
197112920918,181,3399,56,2644,1886,933
197112931941,29,2913,47,2015,1886,934
197112943224,272,3336,96,7284,1887,934
197112954247,162,4124,165,15207,1888,934
197112965297,20,2998,44,2227,1888,935
197112976355,208,3339,101,8072,1889,935
197112987512,184,3530,50,2183,1890,935
197112998846,19,3070,44,1910,1890,936
197113009612,145,3314,80,5277,1891,936
197113020606,19,4463,55,885,1891,937
197113032290,205,3129,387,35202,1892,937
197113042848,321,3573,148,13953,1893,937
197113054330,219,3745,101,7261,1894,937
197113065533,24,3527,43,1799,1894,938
197113076531,142,3060,67,4194,1895,938
197113087583,123,4534,37,651,1896,938
197113098695,23,4034,34,642,1896,939
197113109900,177,4199,357,34973,1897,939
197113120808,175,4826,67,3970,1898,939
197113131929,24,3735,47,2140,1898,940
197113142975,322,3701,52,2497,1899,940
197113154395,279,3762,159,14828,1900,940
197113165445,22,4117,50,2069,1900,941
197113176706,425,3290,57,2248,1901,941
197113187684,320,3629,97,7173,1902,941
197113198363,30,4165,46,1828,1902,942
197113209560,368,3834,166,14966,1903,942
197113221044,144,3980,96,6705,1904,942
197113232222,37,3095,77,901,1904,943
197113243223,202,3230,340,31763,1905,943
197113254374,283,3730,308,16324,1906,943
197113265280,25,3516,52,2445,1906,944
197113276138,365,3669,59,1527,1907,944
197113287411,180,3745,318,32864,1908,944
197113298525,47,2685,61,3565,1908,945
197113309568,128,3424,110,8320,1909,945
197113320601,182,3897,167,14951,1910,945
197113331723,21,2867,46,2249,1910,946
197113342784,240,3844,94,7320,1911,946
197113354182,117,4013,70,4538,1912,946
197113365383,24,3462,30,781,1912,947
197113376447,157,3672,365,35199,1913,947
197113387479,120,3301,68,4477,1914,947
197113398628,29,3999,60,2191,1914,948
197113409622,364,3978,203,14900,1915,948
197113420749,162,3833,54,2306,1916,948
197113431751,23,3359,46,1901,1916,949
197113442799,147,2769,1095,7186,1917,949
197113454411,455,3164,167,15134,1918,949
197113465064,26,2558,50,2068,1918,950
197113476448,176,2640,113,7912,1919,950
197113487696,129,2695,49,2273,1920,950
197113524574,286,2703,88,3051,1921,950
197113539090,204,3344,636,32680,1922,950
197113550172,25,3221,91,3568,1922,951
197113561034,138,3759,49,2280,1923,951
197113572261,117,3929,135,7293,1924,951
197113583379,26,2594,55,1883,1924,952
197113595070,157,2924,129,2206,1925,952
197113605768,131,2965,52,1929,1926,952
197113616529,29,3661,52,1740,1926,953
197113628096,235,3607,161,14102,1927,953
197113639128,391,4803,311,7815,1928,953
197113650160,22,3389,47,1864,1928,954
197113661252,164,3332,86,6014,1929,954
197113672299,319,3618,53,2510,1930,954
197113683470,27,3310,52,746,1930,955
197113694490,397,3552,36,1032,1931,955
197113705682,262,3229,328,32126,1932,955
197113716892,21,3450,61,3565,1932,956
197113728007,197,3289,104,7385,1933,956
197113738830,380,3529,215,21337,1934,956
197113749862,22,3784,44,1872,1934,957
197113761022,191,3519,144,13534,1935,957
197113772212,183,3931,104,7523,1936,957
197113783411,28,3088,48,1483,1936,958
197113794495,238,3605,172,15087,1937,958
197113805803,419,3398,50,2227,1938,958
197113816997,21,3387,74,1717,1938,959
197113827991,888,3302,109,7066,1939,959
197113839061,312,3151,50,1791,1940,959
197113850302,21,2959,45,1302,1940,960
197113861357,241,4119,211,21407,1941,960
197113872478,291,3582,187,14497,1942,960
197113883526,26,2877,55,2040,1942,961
197113894593,245,3188,95,7835,1943,961
197113905472,467,3186,65,4152,1944,961
197113916998,21,3455,300,846,1944,962
197113928000,246,3367,352,33715,1945,962
197113938990,217,3216,111,9240,1946,962
197113950044,21,3060,46,2222,1946,963
197113961173,287,3591,199,14679,1947,963
197113972339,430,3359,103,7558,1948,963
197113983551,25,5233,48,1958,1948,964
197113994593,179,3344,46,2300,1949,964
197114005660,186,4125,182,14394,1950,964
197114016663,20,3181,43,2176,1950,965
197114027777,276,4276,113,8092,1951,965
197114038751,383,3692,166,15703,1952,965
197114050287,21,4073,50,2252,1952,966
197114061152,278,4522,100,2537,1953,966
197114072557,297,2984,119,7183,1954,966
197114083561,31,2573,53,1906,1954,967
197114094604,168,2629,49,2278,1955,967
197114108680,174,2687,110,5004,1956,967
197114116695,25,2718,42,762,1956,968
197114127769,170,4071,527,35378,1957,968
197114138853,139,3960,166,9604,1958,968
197114150064,21,3685,58,2274,1958,969
197114161229,181,3927,225,13860,1959,969
197114172486,134,3052,63,1529,1960,969
197114183557,27,3396,47,746,1960,970
197114194735,743,3705,36,1035,1961,970
197114205528,134,2730,316,32344,1962,970
197114216823,23,3517,61,3568,1962,971
197114227760,205,3082,103,7960,1963,971
197114238781,217,3300,52,2296,1964,971
197114249955,20,2769,41,1945,1964,972
197114260970,177,2956,142,13704,1965,972
197114272056,351,2961,98,7676,1966,972
197114283609,24,3598,172,1776,1966,973
197114294599,211,3270,168,15425,1967,973
197114305849,121,3042,56,2381,1968,973
197114316997,22,3182,43,1946,1968,974
197114327837,199,4323,100,7201,1969,974
197114338871,119,2884,56,2167,1970,974
197114350111,20,2517,44,1801,1970,975
197114361027,275,3461,44,2064,1971,975
197114372564,267,3730,66,2942,1972,975
197114383604,22,3380,116,721,1972,976
197114394566,199,3855,332,35214,1973,976
197114405565,131,3079,175,16643,1974,976
197114416772,21,3463,52,2550,1974,977
197114427829,203,3434,49,2390,1975,977
197114438783,245,4589,45,1422,1976,977
197114449975,20,3061,28,620,1976,978
197114461266,332,3359,34,621,1977,978
197114472376,172,4125,359,35031,1978,978
197114483491,27,3998,65,3848,1978,979
197114494590,132,3462,56,2379,1979,979
197114505694,193,3302,221,14355,1980,979
197114516912,27,2525,45,2057,1980,980
197114527889,247,3029,113,7598,1981,980
197114538898,155,2646,169,15696,1982,980
197114553602,28,3045,83,2144,1982,981
197114561010,150,2684,140,7751,1983,981
197114572560,192,4167,558,43458,1984,981
197114583228,24,3329,109,5136,1984,982
197114594388,132,3983,158,8569,1985,982
197114605520,142,4053,66,2615,1986,982
197114616606,22,2612,63,2218,1986,983
197114627928,174,2989,298,14752,1987,983
197114638832,131,3605,51,1654,1988,983
197114649948,25,2649,27,681,1988,984
197114660954,395,4829,34,681,1989,984
197114672506,2005,2852,40,681,1990,984
197114683521,20,2758,28,681,1990,985
197114694556,325,3217,353,34811,1991,985
197114705606,356,4370,181,17285,1992,985
197114716669,18,3285,54,2565,1992,986
197114727761,183,3128,96,7705,1993,986
197114739235,337,2921,51,2409,1994,986
197114750297,20,2983,44,2018,1994,987
197114761280,157,3028,154,14529,1995,987
197114772377,138,3825,102,7924,1996,987
197114783314,30,2638,53,1887,1996,988
197114794310,308,2945,174,15411,1997,988
197114805435,123,2873,70,2641,1998,988
197114816582,30,3214,50,1993,1998,989
197114827646,132,4018,97,7573,1999,989
197114839199,197,3301,46,2140,2000,989
197114850185,20,3051,81,1777,2000,990
197114861328,134,3452,50,2057,2001,990
197114872436,185,3599,159,14531,2002,990
197114883557,27,3408,45,2136,2002,991
197114894532,229,3960,108,7876,2003,991
197114905635,378,3324,162,15089,2004,991
197114916770,25,3189,50,2305,2004,992
197114927811,147,3355,53,2520,2005,992
197114938750,118,3480,85,6484,2006,992
197114949854,20,3462,30,816,2006,993
197114961428,196,3578,66,3967,2007,993
197114972127,119,3345,363,35137,2008,993
197114983357,20,3696,68,3758,2008,994
197114994710,239,3567,64,2389,2009,994
197115006172,266,3961,160,14400,2010,994
197115016690,31,3275,52,2117,2010,995
197115027629,153,3236,99,7657,2011,995
197115039411,271,3133,169,15548,2012,995
197115050249,21,2935,45,2219,2012,996
197115061381,300,2927,56,2427,2013,996
197115072510,232,3108,95,7187,2014,996
197115083531,20,3743,53,1842,2014,997
197115094597,155,2846,168,14955,2015,997
197115105654,380,3029,95,7118,2016,997
197115116759,24,3787,52,1833,2016,998
197115127782,130,2656,161,14422,2017,998
197115139051,162,2674,114,7960,2018,998
197115162491,236,2738,94,3985,2019,998
197115176744,180,4215,534,33618,2020,998
197115187930,127,3945,165,9216,2021,998
197115199001,22,3462,64,2301,2021,999
197115210148,134,3930,239,14626,2022,999
197115221428,133,2753,54,1314,2023,999
197115232531,17,2712,44,769,2023,1000
197115243811,133,3079,32,769,2024,1000
197115254650,116,3062,339,35146,2025,1000
197115265715,21,2725,60,3793,2025,1001
197115276943,177,3116,103,8104,2026,1001
197115288745,236,3274,162,14575,2027,1001
197115299122,20,3089,46,2177,2027,1002
197115310407,138,3128,81,2314,2028,1002
197115321449,114,2720,93,7285,2029,1002
197115332476,21,2786,42,1936,2029,1003
197115343525,118,3080,48,2339,2030,1003
197115355269,233,3369,47,1962,2031,1003
197115365826,22,2778,43,1779,2031,1004
197115377389,307,3266,155,14388,2032,1004
197115387857,108,2761,95,7716,2033,1004
197115398927,20,2866,45,1794,2033,1005
197115410658,316,2808,153,14717,2034,1005
197115421458,101,2898,46,2137,2035,1005
197115432288,19,2612,38,1336,2035,1006
197115443590,131,2947,60,1684,2036,1006
197115454536,403,3115,352,32513,2037,1006
197115466037,19,2807,91,3545,2037,1007
197115476996,152,2878,109,7979,2038,1007
197115488067,109,3538,46,2132,2039,1007
197115499173,19,2619,41,1767,2039,1008
197115510151,122,3006,147,13814,2040,1008
197115521587,123,2897,97,7747,2041,1008
197115532846,23,3412,259,1756,2041,1009
197115543761,772,2834,194,15440,2042,1009
197115554800,137,2852,61,2401,2043,1009
197115565806,19,2957,44,1949,2043,1010
197115576866,138,2938,98,7203,2044,1010
197115588245,328,3428,47,2149,2045,1010
197115599302,21,2908,44,1818,2045,1011
197115610376,247,2693,43,2075,2046,1011
197115621821,111,3421,301,14587,2047,1011
197115632950,21,2880,45,2207,2047,1012
197115643611,121,3173,95,7946,2048,1012
197115654759,367,2898,163,14999,2049,1012
197115665571,24,2769,42,2154,2049,1013
197115677085,233,2787,92,2499,2050,1013
197115688641,133,3094,91,6926,2051,1013
197115699064,32,3024,41,1327,2051,1014
197115710319,133,3105,72,4606,2052,1014
197115721348,108,2961,328,35140,2053,1014
197115732354,22,2603,55,3712,2053,1015
197115743400,108,3426,53,2426,2054,1015
197115754819,339,3275,165,14465,2055,1015
197115765863,23,2789,49,2115,2055,1016
197115776863,124,3019,119,7661,2056,1016
197115788306,257,3291,178,16154,2057,1016
197115799179,21,3056,49,2119,2057,1017
197115810043,119,2903,49,2395,2058,1017
197115821609,134,3199,129,7286,2059,1017
197115832669,25,2823,41,1946,2059,1018
197115843818,131,2668,54,2269,2060,1018
197115854867,138,2652,59,1944,2061,1018
197115865894,32,2601,45,1762,2061,1019
197115908265,289,2655,114,5176,2062,1019
197115922384,180,3724,50,722,2063,1019
197115934005,28,3546,42,714,2063,1020
197115944675,121,4028,39,713,2064,1020
197115955916,118,4153,492,32288,2065,1020
197115967058,22,2950,89,3601,2065,1021
197115978239,147,3115,147,8127,2066,1021
197115989484,213,3113,54,2251,2067,1021
197116000526,20,2564,46,1806,2067,1022
197116011541,303,3384,159,13851,2068,1022
197116022619,399,3141,109,7772,2069,1022
197116033667,27,3751,51,1719,2069,1023
197116044679,174,3160,164,14997,2070,1023
197116055734,1656,2918,51,2481,2071,1023
197116067381,19,2745,47,1950,2071,1024
197116078301,115,2789,92,7350,2072,1024
197116089500,107,2988,49,2050,2073,1024
197116100570,19,3011,46,1730,2073,1025
197116111792,241,4144,77,1996,2074,1025
197116125738,233,3155,271,14464,2075,1025
197116133594,19,3204,89,2173,2075,1026
197116145095,211,2991,97,8009,2076,1026
197116156133,282,4103,153,14922,2077,1026
197116167155,19,3518,55,2138,2077,1027
197116178177,372,3320,51,2436,2078,1027
197116189277,384,3489,98,7264,2079,1027
197116200398,19,3235,47,1785,2079,1028
197116211402,166,3887,155,14539,2080,1028
197116222572,279,3128,36,1057,2081,1028
197116233657,19,2986,86,678,2081,1029
197116244612,155,3309,328,34576,2082,1029
197116255797,281,3147,168,16252,2083,1029
197116266977,21,2992,54,2508,2083,1030
197116278462,296,3390,106,7899,2084,1030
197116289101,312,2981,172,15596,2085,1030
197116300658,21,2780,47,2219,2085,1031
197116311674,156,4078,59,2441,2086,1031
197116322686,291,4004,97,7535,2087,1031
197116333976,21,3019,48,1800,2087,1032
197116347592,271,3084,206,15218,2088,1032
197116356099,125,3214,90,7036,2089,1032
197116367326,19,3080,44,1835,2089,1033
197116378387,192,3321,151,14534,2090,1033
197116389400,149,3201,102,8213,2091,1033
197116400530,19,3163,49,1744,2091,1034
197116411763,398,3296,313,23782,2092,1034
197116422931,125,3346,56,3309,2093,1034
197116433945,19,3883,51,2263,2093,1035
197116445022,310,3716,97,7711,2094,1035
197116456005,512,4309,187,15664,2095,1035
197116467127,20,3093,53,2341,2095,1036
197116478331,197,3341,144,8145,2096,1036
197116489385,190,3728,71,4432,2097,1036
197116500583,21,3361,67,770,2097,1037
197116511754,290,3903,37,730,2098,1037
197116522969,290,3339,347,34817,2099,1037
197116533933,28,2805,74,3752,2099,1038
197116545019,1962,3173,174,15668,2100,1038
197116555783,108,2997,55,2519,2101,1038
197116567305,26,3144,47,1950,2101,1039
197116578443,186,3622,94,7266,2102,1039
197116589067,103,4017,164,15061,2103,1039
197116600606,20,4279,46,2134,2103,1040
197116611750,144,4393,102,7943,2104,1040
197116622523,393,3222,154,14077,2105,1040
197116633910,46,3417,53,2037,2105,1041
197116644917,126,4168,95,7912,2106,1041
197116655929,116,3115,154,14895,2107,1041
197116667279,18,3958,63,2319,2107,1042
197116678406,137,3418,45,1732,2108,1042
197116689392,133,3264,350,36415,2109,1042
197116700482,25,2822,64,3568,2109,1043
197116711627,295,2720,170,15532,2110,1043
197116722653,161,2608,47,1472,2111,1043
197116733671,29,2538,50,773,2111,1044
197116744858,184,2676,40,771,2112,1044
197116756114,125,2678,330,35051,2113,1044
197116767133,23,2617,79,3761,2113,1045
197116793130,277,2733,72,1508,2114,1045
197116807449,188,4137,59,661,2115,1045
197116818652,24,3467,36,660,2115,1046
197116829849,141,4020,523,34640,2116,1046
197116841001,138,3993,262,17203,2117,1046
197116852091,26,2980,71,2493,2117,1047
197116863227,286,3604,135,7617,2118,1047
197116874479,187,2947,59,2303,2119,1047
197116885591,22,3025,48,1935,2119,1048
197116896387,542,3193,61,2572,2120,1048
197116907472,313,2983,158,14848,2121,1048
197116918521,24,2983,56,2241,2121,1049
197116929828,150,2979,54,2432,2122,1049
197116940913,211,3181,135,7487,2123,1049
197116951870,27,2804,62,1846,2123,1050
197116963182,343,3040,203,15158,2124,1050
197116974076,631,3361,109,7561,2125,1050
197116985118,25,3117,51,1781,2125,1051
197116996601,310,2919,46,2062,2126,1051
197117007673,357,3271,149,13805,2127,1051
197117018687,20,3011,37,1007,2127,1052
197117029706,335,2843,271,27344,2128,1052
197117040761,622,2916,299,23927,2129,1052
197117051853,21,2956,54,2617,2129,1053
197117063023,123,2913,83,6471,2130,1053
197117074084,130,3363,77,4940,2131,1053
197117085601,20,3694,37,843,2131,1054
197117096638,143,3910,38,796,2132,1054
197117107607,156,5435,349,35145,2133,1054
197117118751,22,2892,91,3927,2133,1055
197117129616,129,2899,145,13848,2134,1055
197117141043,139,3650,96,7687,2135,1055
197117152010,19,2935,91,1877,2135,1056
197117163084,109,4187,150,14553,2136,1056
197117174119,120,3424,53,2366,2137,1056
197117185192,18,3324,45,1902,2137,1057
197117196710,240,3973,96,7288,2138,1057
197117207676,133,4213,160,15146,2139,1057
197117218805,19,3105,50,1847,2139,1058
197117229814,124,3305,177,17242,2140,1058
197117240945,142,2917,54,2298,2141,1058
197117251808,21,3446,45,1859,2141,1059
197117262948,232,3774,151,14584,2142,1059
197117274372,123,3445,98,7934,2143,1059
197117285459,28,3294,53,1717,2143,1060
197117296232,265,3002,232,23949,2144,1060
197117307689,108,3742,93,7081,2145,1060
197117318752,22,3115,43,952,2145,1061
197117329660,287,3478,63,3972,2146,1061
197117340859,167,3690,320,32477,2147,1061
197117351974,20,3071,64,3577,2147,1062
197117362972,121,3163,94,7982,2148,1062
197117374012,107,2838,58,2122,2149,1062
197117385552,20,2570,46,1795,2149,1063
197117396592,158,2919,54,2405,2150,1063
197117407648,320,3019,153,14323,2151,1063
197117418471,20,3525,50,1984,2151,1064
197117429544,590,3424,50,2371,2152,1064
197117441062,218,3236,94,7143,2153,1064
197117452095,29,3242,45,1770,2153,1065
197117463105,177,3211,215,14966,2154,1065
197117474097,420,3893,93,6905,2155,1065
197117485197,20,3265,39,841,2155,1066
197117496309,393,3482,232,22012,2156,1066
197117507750,171,3398,295,25057,2157,1066
197117518867,44,2902,60,3273,2157,1067
197117529740,245,3213,117,8576,2158,1067
197117540746,152,3498,232,15816,2159,1067
197117551761,23,3546,57,2322,2159,1068
197117563334,382,3483,119,8210,2160,1068
197117574362,296,3372,161,14879,2161,1068
197117585454,20,2894,76,1534,2161,1069
197117596579,305,3563,44,1609,2162,1069
197117607690,117,3080,33,692,2163,1069
197117618632,27,3378,39,685,2163,1070
197117629692,122,3179,356,34722,2164,1070
197117640921,224,3570,179,16278,2165,1070
197117652188,22,3187,129,2516,2165,1071
197117663180,279,3858,51,2572,2166,1071
197117674353,395,4353,51,2311,2167,1071
197117685363,21,3159,44,2123,2167,1072
197117696403,195,3287,148,7292,2168,1072
197117707674,309,3093,160,15099,2169,1072
197117718742,35,3401,49,2031,2169,1073
197117729548,389,3021,105,7709,2170,1073
197117740897,157,7582,845,2271,2171,1073
197117752000,20,2976,46,1894,2171,1074
197117763322,328,2961,153,14466,2172,1074
197117773975,113,2978,96,7934,2173,1074
197117785192,30,3069,145,1935,2173,1075
197117796594,228,3241,166,15672,2174,1075
197117807662,254,3148,51,2672,2175,1075
197117818672,20,2840,48,2191,2175,1076
197117829831,204,3041,44,2282,2176,1076
197117840794,296,2846,97,7275,2177,1076
197117851860,25,2876,53,1875,2177,1077
197117862917,184,2861,42,1493,2178,1077
197117873955,187,4194,54,2796,2179,1077
197117885538,35,2723,37,764,2179,1078
197117896541,316,4214,37,727,2180,1078
197117907553,142,3143,315,32838,2181,1078
197117918524,23,3190,169,3566,2181,1079
197117929566,220,3373,64,2258,2182,1079
197117941114,413,3055,99,7262,2183,1079
197117952095,20,2892,48,2041,2183,1080
197117962943,182,2960,154,14510,2184,1080
197117974471,210,2919,93,7405,2185,1080
197117985510,21,3086,51,1808,2185,1081
197117996600,126,3270,133,11920,2186,1081
197118007440,210,3232,162,14450,2187,1081
197118018937,21,2866,55,2330,2187,1082
197118029593,249,3844,371,8212,2188,1082
197118041247,231,2985,204,15730,2189,1082
197118052054,24,3089,58,2111,2189,1083
197118063136,137,2683,59,2441,2190,1083
197118074184,145,2680,54,2052,2191,1083
197118085218,30,2873,59,1874,2191,1084
197118096260,173,2615,128,7739,2192,1084
197118107341,120,2651,48,2106,2193,1084
197118141426,222,2648,83,3073,2194,1084
197118155779,200,4003,486,32844,2195,1084
197118166841,26,3498,91,3612,2195,1085
197118178027,128,3836,59,2266,2196,1085
197118189098,112,3977,131,7251,2197,1085
197118200263,22,3033,62,1962,2197,1086
197118211560,156,3106,231,14670,2198,1086
197118222435,202,2757,101,7570,2199,1086
197118233414,21,3503,44,1869,2199,1087
197118244455,293,4433,54,2233,2200,1087
197118255589,553,3602,248,14428,2201,1087
197118266630,45,4172,67,2307,2201,1088
197118278035,213,3526,115,7418,2202,1088
197118288982,317,4294,69,4042,2203,1088
197118299956,24,3052,39,916,2203,1089
197118311141,273,3146,36,846,2204,1089
197118322335,333,4627,463,35183,2205,1089
197118333388,21,3516,64,4029,2205,1090
197118344684,320,3589,169,15241,2206,1090
197118355475,153,3321,277,27128,2207,1090
197118366571,19,4106,49,2056,2207,1091
197118377961,3261,3113,47,2215,2208,1091
197118388966,339,4459,599,2316,2209,1091
197118400037,22,3068,97,1562,2209,1092
197118411246,385,2995,159,14420,2210,1092
197118422332,268,3031,51,2036,2211,1092
197118433467,20,2767,40,1630,2211,1093
197118445116,455,4473,96,7162,2212,1093
197118455934,128,3267,197,14870,2213,1093
197118467112,23,4424,48,1879,2213,1094
197118478064,179,3053,91,7493,2214,1094
197118489147,375,5177,45,1869,2215,1094
197118500115,21,3241,48,1581,2215,1095
197118511189,212,2683,155,13743,2216,1095
197118522210,147,3183,1103,37792,2217,1095
197118533445,29,3303,65,3671,2217,1096
197118544476,334,3492,182,15994,2218,1096
197118555657,483,3565,114,7940,2219,1096
197118566703,33,3631,68,1940,2219,1097
197118578075,425,3120,71,4319,2220,1097
197118589119,367,3240,317,32440,2221,1097
197118600021,26,3006,64,3630,2221,1098
197118611235,464,3133,103,8105,2222,1098
197118622192,167,3144,53,2246,2223,1098
197118633244,20,2765,41,1904,2223,1099
197118644772,115,3368,61,2491,2224,1099
197118655858,122,3962,160,14371,2225,1099
197118666659,19,3268,45,1914,2225,1100
197118677816,124,3284,43,2283,2226,1100
197118688816,116,2977,89,6753,2227,1100
197118699985,21,2577,41,1591,2227,1101
197118711174,398,3054,256,23791,2228,1101
197118722275,190,2958,106,8251,2229,1101
197118733672,21,3244,46,2265,2229,1102
197118744718,192,3396,53,2520,2230,1102
197118755870,115,3064,153,14827,2231,1102
197118767037,77,2742,50,2369,2231,1103
197118778149,113,2804,140,8128,2232,1103
197118789240,275,3649,173,15894,2233,1103
197118800444,24,3878,58,2538,2233,1104
197118811354,325,3305,102,8409,2234,1104
197118822357,372,4572,73,4420,2235,1104
197118833597,25,2831,40,946,2235,1105
197118844689,678,3519,316,32538,2236,1105
197118855762,151,3185,118,9587,2237,1105
197118867038,22,3265,48,2256,2237,1106
197118878183,215,3757,67,2368,2238,1106
197118889219,223,3390,58,2452,2239,1106
197118900272,21,3504,78,1883,2239,1107
197118911175,117,2725,154,14209,2240,1107
197118922120,360,3037,51,2390,2241,1107
197118933689,20,3287,46,1888,2241,1108
197118944725,1207,3125,4123,7413,2242,1108
197118955977,164,3363,158,15318,2243,1108
197118966964,20,3607,55,1908,2243,1109
197118978052,230,3711,259,7608,2244,1109
197118989279,290,3322,52,1300,2245,1109
197119000295,23,4108,41,698,2245,1110
197119011374,140,4211,363,42684,2246,1110
197119022411,159,3034,136,10725,2247,1110
197119033491,27,2827,59,2645,2247,1111
197119044781,139,3180,174,16073,2248,1111
197119055907,131,2939,100,7688,2249,1111
197119066968,28,2859,51,1721,2249,1112
197119078194,141,3680,249,24688,2250,1112
197119088932,121,2856,48,1375,2251,1112
197119100293,21,3292,55,685,2251,1113
197119111218,125,3053,348,35188,2252,1113
197119122287,107,2842,61,1205,2253,1113
197119133315,21,2500,30,665,2253,1114
197119144842,151,3122,341,42722,2254,1114
197119155737,234,3455,73,5152,2255,1114
197119167020,25,2793,54,2752,2255,1115
197119177795,330,3015,60,2624,2256,1115
197119188827,565,3641,166,6019,2257,1115
197119200357,22,2666,33,903,2257,1116
197119211088,241,3274,375,43216,2258,1116
197119222652,124,2901,133,11004,2259,1116
197119233881,24,3136,58,2699,2259,1117
197119244707,173,3081,55,2618,2260,1117
197119255910,246,3732,166,14959,2261,1117
197119266965,26,3277,108,2558,2261,1118
197119278007,139,2682,107,8056,2262,1118
197119289051,158,2635,176,15885,2263,1118
197119300092,27,2602,60,2487,2263,1119
197119311235,237,2680,104,2736,2264,1119
197119322222,124,2638,56,2530,2265,1119
197119333219,20,2520,47,2267,2265,1120
197119344795,182,42471,145,8164,2266,1120
197119401804,284,2738,104,4550,2267,1120
197119410244,185,2744,488,33022,2268,1120
197119421341,166,4408,95,3730,2269,1120
197119431991,23,3590,63,2105,2269,1121
197119443136,173,3885,137,7210,2270,1121
197119454374,115,4024,262,14437,2271,1121
197119465482,28,2959,50,2167,2271,1122
197119476833,326,3276,104,7657,2272,1122
197119487902,333,3246,53,2185,2273,1122
197119498952,24,3620,43,1767,2273,1123
197119510004,130,2961,157,14287,2274,1123
197119521326,205,3274,54,1733,2275,1123
197119532355,32,3351,38,679,2275,1124
197119543317,397,3558,41,670,2276,1124
197119554257,313,3353,329,33715,2277,1124
197119565418,30,2877,72,3685,2277,1125
197119576640,219,3636,99,7681,2278,1125
197119588684,288,3143,160,14742,2279,1125
197119598700,20,2841,43,2211,2279,1126
197119609991,213,2832,100,7665,2280,1126
197119621065,191,2754,176,13994,2281,1126
197119631972,23,2830,44,2131,2281,1127
197119643475,128,3178,103,8074,2282,1127
197119654483,115,3551,174,14971,2283,1127
197119665570,20,3404,43,2221,2283,1128
197119676731,290,3426,55,2460,2284,1128
197119687729,328,4481,46,1426,2285,1128
197119698738,18,3623,32,754,2285,1129
197119709834,180,3204,306,32488,2286,1129
197119721336,202,3758,42,1275,2287,1129
197119732482,24,2890,32,655,2287,1130
197119743500,217,3321,40,655,2288,1130
197119754415,269,3155,336,35236,2289,1130
197119765627,22,3305,64,3697,2289,1131
197119776599,202,3547,103,7890,2290,1131
197119787885,187,3400,161,14349,2291,1131
197119798841,21,3751,44,2140,2291,1132
197119810004,379,3533,52,2288,2292,1132
197119821005,309,3387,94,7233,2293,1132
197119832071,20,3270,46,1915,2293,1133
197119843319,175,3553,153,14293,2294,1133
197119854564,208,3009,89,6942,2295,1133
197119865718,29,3648,43,1822,2295,1134
197119876674,313,3021,151,14287,2296,1134
197119887768,390,2992,99,7838,2297,1134
197119899024,20,2764,42,1812,2297,1135
197119910085,273,2923,160,14762,2298,1135
197119921153,110,2783,51,2397,2299,1135
197119932392,38,3114,52,1352,2299,1136
197119943483,238,3155,259,26585,2300,1136
197119954596,115,3052,162,15151,2301,1136
197119965618,21,2697,46,2110,2301,1137
197119976725,191,3569,100,7868,2302,1137
197119987812,111,3076,86,1938,2303,1137
197119999096,24,3049,45,1595,2303,1138
197120010120,151,3333,120,5214,2304,1138
197120021337,178,3088,342,35301,2305,1138
197120032278,30,2961,77,3813,2305,1139
197120043268,142,3123,169,15754,2306,1139
197120054368,106,3410,56,2629,2307,1139
197120065408,20,3197,42,1919,2307,1140
197120076484,140,3128,96,7149,2308,1140
197120087571,193,3588,169,15125,2309,1140
197120098783,23,3200,47,2185,2309,1141
197120109891,180,3512,105,7980,2310,1141
197120121031,226,3351,157,14210,2311,1141
197120132541,25,3540,51,1995,2311,1142
197120143289,354,4342,96,7789,2312,1142
197120154321,418,3068,178,14920,2313,1142
197120165630,20,3549,45,2144,2313,1143
197120176910,118,3521,51,2410,2314,1143
197120187922,544,3286,128,7078,2315,1143
197120198974,24,2982,50,1988,2315,1144
197120210673,724,3721,174,15232,2316,1144
197120221234,359,3486,100,7700,2317,1144
197120232340,24,2931,49,1859,2317,1145
197120243525,314,3467,47,2125,2318,1145
197120254625,171,3557,157,14293,2319,1145
197120265612,22,2794,44,1611,2319,1146
197120276752,149,3141,51,1957,2320,1146
197120287759,403,2950,326,33084,2321,1146
197120298806,24,2834,62,3597,2321,1147
197120309850,303,3451,53,2272,2322,1147
197120320896,175,3268,105,7328,2323,1147
197120331933,25,3183,48,1854,2323,1148
197120343555,248,3871,159,14615,2324,1148
197120354646,373,3570,102,7594,2325,1148
197120365797,20,3131,43,1890,2325,1149
197120376814,201,3632,49,2226,2326,1149
197120387906,294,3556,56,2441,2327,1149
197120399019,23,2798,66,1579,2327,1150
197120410052,339,3387,244,23854,2328,1150
197120421150,363,3563,91,3118,2329,1150
197120432464,22,3440,50,2147,2329,1151
197120443498,242,3982,97,7530,2330,1151
197120454646,309,3512,243,15440,2331,1151
197120465510,22,3693,49,2300,2331,1152
197120476472,241,3987,100,7477,2332,1152
197120487759,400,3355,268,21840,2333,1152
197120498941,23,3376,44,1827,2333,1153
197120509883,137,3801,157,14159,2334,1153
197120521064,411,3079,262,27492,2335,1153
197120532133,31,2797,58,1736,2335,1154
197120543239,176,3747,90,5966,2336,1154
197120554305,431,3252,44,899,2337,1154
197120565304,28,2729,37,831,2337,1155
197120576548,222,3095,404,34993,2338,1155
197120587625,167,3036,192,17315,2339,1155
197120599119,28,3232,61,2482,2339,1156
197120610136,208,2890,114,7737,2340,1156
197120620897,290,2969,69,2444,2341,1156
197120632333,33,2874,63,2059,2341,1157
197120643215,169,2899,70,2729,2342,1157
197120654255,149,2875,204,15022,2343,1157
197120665459,28,2856,57,1985,2343,1158
197120676874,324,3111,59,2267,2344,1158
197120687560,231,3298,108,7239,2345,1158
197120698635,34,2811,66,2067,2345,1159
197120710204,226,3043,178,15127,2346,1159
197120721044,307,3837,118,7737,2347,1159
197120732075,33,2904,85,1965,2347,1160
197120743254,206,2682,71,2311,2348,1160
197120754371,175,2657,176,14822,2349,1160
197120765423,35,2627,60,2273,2349,1161
197120788018,348,2818,164,8202,2350,1161
197120802557,36,4110,67,1981,2350,1162
197120813738,168,4158,238,13592,2351,1162
197120824883,121,3930,110,7192,2352,1162
197120835995,20,4234,58,1948,2352,1163
197120847114,135,2701,89,2352,2353,1163
197120858264,177,2767,73,1954,2354,1163
197120869453,44,3304,60,1770,2354,1164
197120880674,301,4136,183,14275,2355,1164
197120891758,290,3977,116,7875,2356,1164
197120902410,32,3401,58,1814,2356,1165
197120913977,300,3789,168,14608,2357,1165
197120925177,494,3735,55,1560,2358,1165
197120935743,28,2781,45,732,2358,1166
197120947321,286,2944,37,718,2359,1166
197120957968,156,3845,325,32496,2360,1166
197120969073,27,2808,68,3611,2360,1167
197120980134,210,3056,108,8237,2361,1167
197120991700,214,2977,50,2324,2362,1167
197121002752,21,2813,45,2005,2362,1168
197121013730,131,3052,157,13944,2363,1168
197121024778,298,2826,103,7843,2364,1168
197121035857,26,3094,53,1808,2364,1169
197121046925,317,2801,160,15193,2365,1169
197121057954,125,2783,62,2485,2366,1169
197121069048,20,2832,44,2002,2366,1170
197121080176,232,3292,94,7437,2367,1170
197121091548,134,3025,195,15368,2368,1170
197121102873,21,3273,47,2036,2368,1171
197121113568,113,2851,106,8283,2369,1171
197121124989,118,2946,153,14581,2370,1171
197121136357,44,4372,76,2157,2370,1172
197121147067,475,3628,1934,8068,2371,1172
197121158211,162,3054,166,15142,2372,1172
197121169307,35,3025,61,2124,2372,1173
197121180339,166,3292,66,2408,2373,1173
197121191486,153,4154,109,7074,2374,1173
197121202632,30,3327,50,1961,2374,1174
197121213645,236,3563,243,15189,2375,1174
197121224785,200,3022,94,7367,2376,1174
197121235835,23,3167,50,1429,2376,1175
197121246966,142,3920,73,4766,2377,1175
197121258040,117,3242,37,799,2378,1175
197121269102,20,2939,33,739,2378,1176
197121280923,315,3234,361,34858,2379,1176
197121291630,142,2646,179,17282,2380,1176
197121302676,33,2843,70,2548,2380,1177
197121313838,174,2711,53,2504,2381,1177
197121338045,276,2673,70,1576,2382,1177
197121352637,31,2914,49,647,2382,1178
197121363767,144,4472,517,35020,2383,1178
197121374517,191,3906,261,15416,2384,1178
197121385631,25,3318,65,2308,2384,1179
197121397021,136,3209,140,7554,2385,1179
197121408075,146,3423,268,14570,2386,1179
197121419131,32,2809,66,2073,2386,1180
197121430192,180,3165,56,2191,2387,1180
197121441314,317,3145,115,7082,2388,1180
197121452377,26,3018,49,1917,2388,1181
197121463442,278,3930,185,15029,2389,1181
197121474877,273,3740,100,7532,2390,1181
197121486003,25,3140,57,1810,2390,1182
197121497029,200,3683,54,2081,2391,1182
197121508078,378,3878,140,12072,2392,1182
197121519154,34,3220,45,972,2392,1183
197121530202,306,3095,44,1182,2393,1183
197121541442,260,3256,37,667,2394,1183
197121552491,21,2864,33,667,2394,1184
197121563586,277,3755,318,33639,2395,1184
197121574609,146,3824,111,9152,2396,1184
197121585754,23,2864,129,2311,2396,1185
197121596891,134,3394,157,14661,2397,1185
197121607902,127,3482,94,7501,2398,1185
197121619118,93,2971,52,1887,2398,1186
197121630069,157,3113,141,13307,2399,1186
197121641179,258,3234,102,7851,2400,1186
197121652235,19,3127,46,1801,2400,1187
197121663443,193,3333,156,14811,2401,1187
197121674760,241,3371,59,2531,2402,1187
197121685839,22,3408,48,1928,2402,1188
197121696952,289,3574,93,7083,2403,1188
197121707796,210,4158,352,15165,2404,1188
197121719344,21,2695,46,2055,2404,1189
197121730061,253,4057,104,7783,2405,1189
197121741230,240,3254,48,1829,2406,1189
197121752248,19,2817,41,1273,2406,1190
197121763760,217,3266,324,33260,2407,1190
197121774869,379,3619,108,8338,2408,1190
197121785851,21,3236,51,1962,2408,1191
197121796889,208,3190,161,15528,2409,1191
197121807925,241,3456,92,7304,2410,1191
197121818884,19,2792,48,1896,2410,1192
197121830029,223,3647,64,4274,2411,1192
197121841131,140,3806,35,832,2412,1192
197121852729,20,3344,38,771,2412,1193
197121863620,260,4004,415,35081,2413,1193
197121874687,362,3527,61,3935,2414,1193
197121885649,19,3062,50,2150,2414,1194
197121897003,125,3513,51,2540,2415,1194
197121908080,268,4271,154,14881,2416,1194
197121919067,20,2816,47,2085,2416,1195
197121930084,133,2968,43,2261,2417,1195
197121941149,301,3151,94,7230,2418,1195
197121952662,24,2691,51,1787,2418,1196
197121963706,178,2683,177,14996,2419,1196
197121986090,239,4097,157,7520,2420,1196
197122002002,208,2716,74,1967,2421,1196
197122013127,186,4293,209,13471,2422,1196
197122024202,242,3794,147,7669,2423,1196
197122035221,24,3402,56,1852,2423,1197
197122046312,125,3893,240,15199,2424,1197
197122057425,123,2939,71,2470,2425,1197
197122068663,23,2763,50,1971,2425,1198
197122079752,137,3321,96,7245,2426,1198
197122090900,126,2776,187,15194,2427,1198
197122101999,21,2918,49,2111,2427,1199
197122112696,319,3314,104,8391,2428,1199
197122124276,195,2856,159,14667,2429,1199
197122135396,22,2677,47,2118,2429,1200
197122146414,115,2913,97,7840,2430,1200
197122157476,112,3109,162,15024,2431,1200
197122168534,21,3120,53,2328,2431,1201
197122179667,127,3847,51,2521,2432,1201
197122190580,118,3527,93,7317,2433,1201
197122201593,18,3504,49,1787,2433,1202
197122213178,334,3974,65,4104,2434,1202
197122224059,282,2952,73,4809,2435,1202
197122235190,20,3080,35,653,2435,1203
197122246184,347,3158,65,4298,2436,1203
197122257523,546,3965,367,35207,2437,1203
197122268533,30,3227,63,3768,2437,1204
197122279554,211,3588,448,7969,2438,1204
197122290555,319,3685,152,14501,2439,1204
197122302068,20,2994,65,2236,2439,1205
197122312837,155,3545,49,2426,2440,1205
197122323808,209,3215,99,7552,2441,1205
197122335347,19,2756,45,1895,2441,1206
197122346587,177,2971,151,14431,2442,1206
197122357521,187,3030,92,7384,2443,1206
197122368554,19,2834,49,2010,2443,1207
197122379827,217,3215,143,13540,2444,1207
197122390686,196,2856,92,6862,2445,1207
197122401852,25,2830,44,757,2445,1208
197122412928,263,3593,348,34357,2446,1208
197122423971,135,2630,48,1670,2447,1208
197122435011,22,3021,39,838,2447,1209
197122446201,322,3887,41,838,2448,1209
197122457158,123,2718,323,32655,2449,1209
197122468436,29,2617,82,3641,2449,1210
197122479864,173,2622,114,8304,2450,1210
197122490888,123,2640,52,2121,2451,1210
197122501663,26,37132,89,1821,2451,1211
197122550243,215,3902,127,5226,2452,1211
197122561526,139,3924,524,33674,2453,1211
197122572607,152,4045,178,9270,2454,1211
197122583700,22,3490,76,2307,2454,1212
197122594845,145,2687,69,2377,2455,1212
197122606164,287,2939,69,2006,2456,1212
197122616932,26,2794,61,1796,2456,1213
197122628238,183,3245,158,14086,2457,1213
197122639496,351,3861,106,7795,2458,1213
197122650056,21,3122,47,2016,2458,1214
197122661622,175,3930,154,14912,2459,1214
197122672728,180,3834,44,2038,2460,1214
197122683925,19,3780,45,1431,2460,1215
197122694907,224,3209,42,1668,2461,1215
197122705974,204,3576,332,32255,2462,1215
197122717084,20,3341,65,3521,2462,1216
197122728153,220,2922,95,7933,2463,1216
197122739181,336,3131,55,2314,2464,1216
197122750283,20,2850,43,1931,2464,1217
197122761792,348,2986,146,13685,2465,1217
197122772655,114,3320,99,7688,2466,1217
197122783462,25,3267,104,1754,2466,1218
197122794551,311,2931,204,14286,2467,1218
197122805736,170,3112,236,21810,2468,1218
197122816781,19,2733,43,1900,2468,1219
197122827798,144,3075,91,6955,2469,1219
197122839324,143,2974,237,15095,2470,1219
197122850096,53,3270,46,1825,2470,1220
197122861146,177,3166,101,8081,2471,1220
197122872333,117,3183,151,14232,2472,1220
197122883430,19,3283,165,1991,2472,1221
197122894932,126,4271,103,7775,2473,1221
197122905912,159,3256,159,14858,2474,1221
197122916984,19,4084,47,1736,2474,1222
197122928142,353,3347,44,2180,2475,1222
197122939222,503,3366,36,758,2476,1222
197122950454,18,3425,35,732,2476,1223
197122961476,285,4264,164,14055,2477,1223
197122972530,222,3601,41,1570,2478,1223
197122983626,20,3024,32,648,2478,1224
197122994953,222,4987,392,35153,2479,1224
197123006015,413,3046,170,16280,2480,1224
197123017000,20,3198,55,2540,2480,1225
197123028029,184,4330,626,7862,2481,1225
197123039179,121,3365,168,15793,2482,1225
197123050221,20,2726,43,2256,2482,1226
197123061407,188,3295,55,2506,2483,1226
197123072497,265,3762,92,7408,2484,1226
197123083523,20,2625,43,1802,2484,1227
197123094757,184,3201,3562,15143,2485,1227
197123105685,112,2839,93,7615,2486,1227
197123116809,21,2564,47,2105,2486,1228
197123127814,358,2862,143,13503,2487,1228
197123139354,103,2863,99,7665,2488,1228
197123150082,19,2837,42,1720,2488,1229
197123161617,384,3919,237,23722,2489,1229
197123172579,121,3120,54,3100,2490,1229
197123183464,25,2822,49,2249,2490,1230
197123194504,307,2721,99,7742,2491,1230
197123206084,3140,2666,164,15540,2492,1230
197123217102,20,3014,47,2221,2492,1231
197123227966,174,3174,95,8009,2493,1231
197123239469,305,4166,49,1219,2494,1231
197123250341,20,4263,36,776,2494,1232
197123261488,201,3690,212,4788,2495,1232
197123272718,179,3942,38,791,2496,1232
197123283685,32,3741,46,726,2496,1233
197123294531,397,4030,434,33198,2497,1233
197123305709,410,4069,73,3755,2498,1233
197123316974,44,3968,63,2139,2498,1234
197123328171,425,3761,100,7271,2499,1234
197123339259,115,3514,163,14599,2500,1234
197123350247,21,3190,50,2217,2500,1235
197123361381,367,3913,112,8451,2501,1235
197123372417,349,3235,160,14563,2502,1235
197123383795,53,3546,53,2001,2502,1236
197123394867,243,4100,97,7737,2503,1236
197123405651,213,3703,71,4382,2504,1236
197123416742,20,3417,36,786,2504,1237
197123427823,411,3177,2694,33969,2505,1237
197123439370,337,3340,113,9302,2506,1237
197123450394,22,2921,45,2285,2506,1238
197123461469,576,2957,161,14705,2507,1238
197123472616,304,3015,105,7550,2508,1238
197123483715,22,2670,47,1929,2508,1239
197123494975,237,2825,46,2285,2509,1239
197123505550,152,2896,146,13534,2510,1239
197123517011,20,3577,46,1194,2510,1240
197123528040,149,3633,47,1403,2511,1240
197123539036,115,3318,307,32784,2512,1240
197123550104,36,3142,63,3574,2512,1241
197123561267,212,3308,49,2240,2513,1241
197123572332,162,3787,97,7215,2514,1241
197123583986,35,3499,67,1837,2514,1242
197123594605,186,3197,278,14463,2515,1242
197123605689,510,3846,219,7448,2516,1242
197123616701,24,2843,48,2037,2516,1243
197123628322,139,3356,151,13308,2517,1243
197123639279,122,2955,101,7609,2518,1243
197123650384,23,2837,47,1851,2518,1244
197123661462,122,3102,157,14469,2519,1244
197123672466,104,3366,52,2238,2520,1244
197123683791,28,3881,83,1851,2520,1245
197123695043,191,3601,96,7129,2521,1245
197123705573,148,9099,174,15219,2522,1245
197123717175,22,2947,50,2097,2522,1246
197123728172,121,3761,99,7783,2523,1246
197123739182,147,3213,49,1730,2524,1246
197123750241,21,3089,38,1154,2524,1247
197123761139,134,3682,4482,33011,2525,1247
197123772546,131,3340,2068,7068,2526,1247
197123783556,26,2574,38,935,2526,1248
197123794568,133,3196,373,43302,2527,1248
197123806079,135,2635,83,5656,2528,1248
197123817129,31,2605,70,2816,2528,1249
197123827759,172,2694,112,7895,2529,1249
197123859846,285,2705,84,5201,2530,1249
197123874344,203,3976,541,35419,2531,1249
197123885490,26,3451,95,3825,2531,1250
197123896663,141,4027,144,8083,2532,1250
197123907840,121,3969,218,13748,2533,1250
197123918694,28,2633,93,2052,2533,1251
197123929763,147,2996,71,1902,2534,1251
197123940914,135,2912,44,735,2535,1251
197123952014,22,2889,37,735,2535,1252
197123963322,131,2869,319,32677,2536,1252
197123974327,190,3465,178,9768,2537,1252
197123985330,28,2792,47,2238,2537,1253
197123996461,116,2786,45,2164,2538,1253
197124007542,136,3006,156,14049,2539,1253
197124018674,23,4486,71,1996,2539,1254
197124029723,467,2858,101,7763,2540,1254
197124040836,327,3758,162,14879,2541,1254
197124052085,21,2907,48,2020,2541,1255
197124063174,231,2976,170,12392,2542,1255
197124074205,227,3167,119,7386,2543,1255
197124085376,30,2732,56,1919,2543,1256
197124096536,114,2843,44,2272,2544,1256
197124107619,114,2924,59,1949,2545,1256
197124118815,23,2763,45,1739,2545,1257
197124129836,159,2806,210,14428,2546,1257
197124140966,226,2837,107,7782,2547,1257
197124152040,20,2968,44,1709,2547,1258
197124163155,117,3504,236,24223,2548,1258
197124174334,240,3434,51,1929,2549,1258
197124185336,21,2906,38,982,2549,1259
197124196448,1468,3959,37,1040,2550,1259
197124207676,363,3552,38,674,2551,1259
197124219433,24,3316,36,674,2551,1260
197124229935,133,5011,328,35217,2552,1260
197124241081,323,3450,65,3987,2553,1260
197124252202,21,2791,49,2183,2553,1261
197124263214,160,4715,160,14406,2554,1261
197124274254,137,3173,97,7686,2555,1261
197124285353,25,3216,60,2035,2555,1262
197124296519,188,3419,170,15700,2556,1262
197124307742,185,3259,58,2729,2557,1262
197124318728,21,2775,48,2168,2557,1263
197124329827,177,3272,149,7711,2558,1263
197124340907,147,3827,159,15410,2559,1263
197124352169,20,2960,51,2132,2559,1264
197124363269,374,3044,195,8283,2560,1264
197124374342,144,2938,230,23843,2561,1264
197124385382,19,2843,57,2927,2561,1265
197124396534,367,3246,103,8344,2562,1265
197124407773,559,3190,314,15500,2563,1265
197124418659,29,2988,72,2559,2563,1266
197124429709,1459,3637,56,2760,2564,1266
197124440812,116,3995,100,7761,2565,1266
197124451924,20,3094,51,2023,2565,1267
197124462962,158,3754,110,8709,2566,1267
197124474522,162,3317,125,960,2567,1267
197124485458,21,3011,39,680,2567,1268
197124497090,306,4123,326,35300,2568,1268
197124507528,154,3809,178,16271,2569,1268
197124518629,21,3156,55,2499,2569,1269
197124529733,173,4759,108,7804,2570,1269
197124541005,392,4685,173,15710,2571,1269
197124552045,22,2735,63,2227,2571,1270
197124563226,208,2741,56,2469,2572,1270
197124574512,142,2608,98,7436,2573,1270
197124585274,24,2603,57,1906,2573,1271
197124596316,162,2619,162,15129,2574,1271
197124607512,123,2686,104,7189,2575,1271
197124618615,26,2615,56,1812,2575,1272
197124629648,172,2682,172,14543,2576,1272
197124640813,168,2638,102,7908,2577,1272
197124651885,19,2585,48,1855,2577,1273
197124662931,110,2673,153,14891,2578,1273
197124674492,178,2666,68,2669,2579,1273
197124685545,22,2569,45,2089,2579,1274
197124696623,120,2631,90,7513,2580,1274
197124707781,97,2636,159,15633,2581,1274
197124718781,17,2550,43,2030,2581,1275
197124730187,175,2640,54,1201,2582,1275
197124741020,167,2705,48,645,2583,1275
197124785526,223,2941,63,644,2584,1275
197124800333,207,2723,243,14490,2585,1275
197124811701,187,3878,356,22310,2586,1275
197124822458,167,4042,147,7171,2587,1275
197124833395,124,4365,78,1674,2587,1276
197124844459,141,3942,72,2038,2588,1276
197124855822,174,2760,68,1660,2589,1276
197124866818,146,3088,46,1469,2589,1277
197124878363,211,3248,150,13781,2590,1277
197124889052,122,3879,107,7468,2591,1277
197124900206,297,3123,57,1780,2591,1278
197124911213,295,4111,158,14599,2592,1278
197124922931,119,3936,58,2042,2593,1278
197124933448,215,4721,49,1119,2593,1279
197124944307,215,2888,43,1018,2594,1279
197124955855,186,3297,349,32659,2595,1279
197124966622,248,2742,156,3560,2595,1280
197124977738,124,2957,94,7945,2596,1280
197124988858,156,3219,48,2291,2597,1280
197125000009,109,2846,46,1940,2597,1281
197125010961,298,3402,142,13708,2598,1281
197125022536,148,3534,102,7754,2599,1281
197125033504,118,3278,55,1759,2599,1282
197125044689,349,3235,162,15279,2600,1282
197125055652,272,3335,74,2404,2601,1282
197125066832,219,2953,47,1985,2601,1283
197125077865,442,3826,93,7229,2602,1283
197125089196,338,3481,169,15423,2603,1283
197125099995,177,3358,55,2042,2603,1284
197125111789,198,3849,131,8315,2604,1284
197125122458,120,3203,153,14559,2605,1284
197125133596,228,3825,47,2215,2605,1285
197125144845,189,4807,97,7862,2606,1285
197125155532,122,3459,1121,24225,2607,1285
197125166549,23,3032,59,2984,2607,1286
197125177813,360,3102,54,2782,2608,1286
197125188888,117,3418,91,6639,2609,1286
197125200345,20,3683,36,857,2609,1287
197125211277,392,3207,261,26223,2610,1287
197125222576,123,3174,325,28006,2611,1287
197125233493,309,3185,49,2131,2611,1288
197125244466,324,3029,46,2201,2612,1288
197125255484,322,3088,149,14056,2613,1288
197125266979,21,2868,52,1888,2613,1289
197125278096,345,3172,245,17487,2614,1289
197125288762,391,3346,167,15733,2615,1289
197125300312,20,2847,48,2122,2615,1290
197125311382,325,3111,53,2363,2616,1290
197125322143,295,3292,99,7117,2617,1290
197125333509,200,2994,142,1799,2617,1291
197125344521,128,2937,47,2104,2618,1291
197125355668,431,3181,473,1705,2619,1291
197125366742,24,3216,52,1514,2619,1292
197125377644,265,4438,154,14146,2620,1292
197125389299,151,3258,163,7693,2621,1292
197125400525,286,3742,56,1413,2621,1293
197125410976,159,3263,237,24045,2622,1293
197125422503,502,7538,73,3112,2623,1293
197125433659,292,3491,59,1976,2623,1294
197125444632,353,4529,125,4885,2624,1294
197125455783,116,3648,158,3665,2625,1294
197125467005,285,4351,50,766,2625,1295
197125477999,133,3180,339,35630,2626,1295
197125488859,306,3714,87,4234,2627,1295
197125500518,412,3248,50,2188,2627,1296
197125511401,422,3566,162,14542,2628,1296
197125522435,194,4001,107,7763,2629,1296
197125533726,199,3477,65,1799,2629,1297
197125544841,263,4223,175,15392,2630,1297
197125555779,206,3550,64,2496,2631,1297
197125566835,123,3808,55,1959,2631,1298
197125578110,322,3219,108,7464,2632,1298
197125589206,427,3099,175,15318,2633,1298
197125600332,22,2885,48,2197,2633,1299
197125611040,344,3313,161,8527,2634,1299
197125622544,119,4339,315,14630,2635,1299
197125633570,26,3163,53,2168,2635,1300
197125644590,327,3231,99,8028,2636,1300
197125655662,217,3707,274,15092,2637,1300
197125666769,37,3174,47,2259,2637,1301
197125677714,282,4437,54,2493,2638,1301
197125688719,302,3455,104,7403,2639,1301
197125700017,25,3135,61,1887,2639,1302
197125711088,289,4041,72,4201,2640,1302
197125722097,321,3912,36,748,2641,1302
197125733552,21,3226,52,714,2641,1303
197125744629,374,3742,38,714,2642,1303
197125755738,346,3860,363,35676,2643,1303
197125766724,24,3865,66,3781,2643,1304
197125777936,175,3686,114,8031,2644,1304
197125789073,228,4144,164,14699,2645,1304
197125800107,23,3172,47,2194,2645,1305
197125811179,287,3077,56,2302,2646,1305
197125822376,114,3918,97,7280,2647,1305
197125833557,21,4535,49,1870,2647,1306
197125844275,173,3816,2636,14381,2648,1306
197125855574,202,3776,140,7454,2649,1306
197125866693,37,3397,54,1857,2649,1307
197125877963,178,3035,148,13355,2650,1307
197125889016,275,3664,104,7793,2651,1307
197125899997,22,3463,48,1834,2651,1308
197125911034,382,3553,170,14578,2652,1308
197125922540,316,3419,53,2515,2653,1308
197125933571,20,3787,52,2013,2653,1309
197125944630,343,4291,91,7317,2654,1309
197125955748,272,3651,204,15310,2655,1309
197125967021,29,3032,51,2115,2655,1310
197125977834,139,3219,99,7474,2656,1310
197125988926,184,2877,69,4265,2657,1310
197126001156,22,3194,35,783,2657,1311
197126011154,114,3028,511,35346,2658,1311
197126022616,329,2946,259,6721,2659,1311
197126033187,41,2831,52,730,2659,1312
197126044780,246,3289,414,42126,2660,1312
197126055431,235,3691,69,4515,2661,1312
197126066547,21,3347,51,2450,2661,1313
197126078081,304,3234,98,7707,2662,1313
197126089156,319,3009,159,14664,2663,1313
197126100268,23,2953,44,2256,2663,1314
197126111325,148,3195,100,7997,2664,1314
197126122398,312,2948,148,13483,2665,1314
197126133364,20,2758,64,1575,2665,1315
197126144461,116,3162,304,26569,2666,1315
197126155519,110,2937,159,14450,2667,1315
197126166582,22,2973,46,1803,2667,1316
197126178065,310,3055,130,11456,2668,1316
197126189282,257,2986,122,7327,2669,1316
197126200293,21,2803,43,1770,2669,1317
197126211376,195,2842,163,15005,2670,1317
197126222510,233,2932,100,7545,2671,1317
197126233366,21,2521,43,1539,2671,1318
197126244580,153,2967,45,1826,2672,1318
197126255653,185,3110,62,2915,2673,1318
197126266729,50,2803,55,738,2673,1319
197126277795,181,2705,48,694,2674,1319
197126288811,121,3897,330,32685,2675,1319
197126299863,19,3100,61,3562,2675,1320
197126311376,98,3686,43,2227,2676,1320
197126322580,112,2674,89,7230,2677,1320
197126333379,20,3027,46,1973,2677,1321
197126344490,129,3738,154,14382,2678,1321
197126355571,316,2972,97,7483,2679,1321
197126366585,21,2518,40,2064,2679,1322
197126377715,196,2869,142,13473,2680,1322
197126389254,161,3383,129,7613,2681,1322
197126400416,25,2952,53,1799,2681,1323
197126411634,210,2839,153,14390,2682,1323
197126422949,182,3477,55,2414,2683,1323
197126433366,19,3186,142,1895,2683,1324
197126444742,174,3522,98,7161,2684,1324
197126455730,120,2940,162,15184,2685,1324
197126466763,24,2744,41,1873,2685,1325
197126477780,151,3446,105,7629,2686,1325
197126489201,119,2977,57,2147,2687,1325
197126500353,20,2850,48,1790,2687,1326
197126511392,130,3132,221,14459,2688,1326
197126522406,113,3190,91,7573,2689,1326
197126534426,26,3110,57,1433,2689,1327
197126544596,135,3320,87,6358,2690,1327
197126555523,248,2896,38,919,2691,1327
197126566853,20,2695,32,800,2691,1328
197126578129,130,3480,327,34777,2692,1328
197126589460,121,3021,176,17186,2693,1328
197126600145,23,2920,75,2405,2693,1329
197126611147,358,4339,158,7727,2694,1329
197126622201,131,3785,195,13952,2695,1329
197126633393,145,3249,55,2163,2695,1330
197126644446,138,3121,94,8020,2696,1330
197126655943,257,3615,170,14969,2697,1330
197126666846,22,2803,49,2346,2697,1331
197126678047,146,3499,53,2563,2698,1331
197126689139,326,3150,97,7599,2699,1331
197126699967,21,3647,52,2075,2699,1332
197126711027,253,3876,169,15513,2700,1332
197126722278,130,3556,97,7598,2701,1332
197126733342,17,3114,66,1936,2701,1333
197126744331,209,2821,41,2223,2702,1333
197126755821,119,3226,168,13709,2703,1333
197126766841,19,2842,97,1182,2703,1334
197126778014,164,3043,65,1283,2704,1334
197126788947,154,3191,38,711,2705,1334
197126799973,23,2756,34,711,2705,1335
197126810993,200,2928,355,33610,2706,1335
197126822151,131,2950,108,9200,2707,1335
197126833169,18,2773,46,2296,2707,1336
197126844731,131,3048,150,14769,2708,1336
197126855952,126,3297,101,7663,2709,1336
197126866721,153,3302,84,1906,2709,1337
197126877626,163,2798,52,2245,2710,1337
197126889803,152,4128,59,2438,2711,1337
197126900913,116,3544,58,1821,2711,1338
197126911350,135,3114,160,14755,2712,1338
197126922614,300,3251,51,2532,2713,1338
197126933668,138,3069,48,1999,2713,1339
197126944428,115,3823,91,7332,2714,1339
197126955851,109,4101,169,15337,2715,1339
197126967087,135,3148,57,2192,2715,1340
197126978226,155,3159,99,7460,2716,1340
197126989179,169,3650,89,4465,2717,1340
197127000253,182,3492,77,875,2717,1341
197127011051,201,3177,47,825,2718,1341
197127022739,153,3527,352,35044,2719,1341
197127033356,133,3089,82,3776,2719,1342
197127044769,165,3374,164,15805,2720,1342
197127056112,184,3373,50,2581,2721,1342
197127066643,108,2978,51,1960,2721,1343
197127077930,246,3078,101,7129,2722,1343
197127088981,115,3259,158,15067,2723,1343
197127100372,131,2874,47,2005,2723,1344
197127111627,146,3378,191,8251,2724,1344
197127122403,150,3018,157,14382,2725,1344
197127133680,112,3336,53,2270,2725,1345
197127144579,134,3545,103,8019,2726,1345
197127155759,196,3240,160,15056,2727,1345
197127166985,113,3479,91,2235,2727,1346
197127177990,128,3338,57,2502,2728,1346
197127188830,121,3196,46,1334,2729,1346
197127199904,96,3100,33,694,2729,1347
197127211039,210,3834,30,690,2730,1347
197127222605,110,2979,335,34971,2731,1347
197127233764,127,3491,64,3908,2731,1348
197127244614,268,3124,65,2409,2732,1348
197127255890,131,3460,510,14478,2733,1348
197127266668,106,3202,53,2153,2733,1349
197127277838,111,2993,142,7808,2734,1349
197127289473,161,2988,193,15741,2735,1349
197127300069,101,2935,51,2235,2735,1350
197127311245,173,2858,49,2467,2736,1350
197127322141,107,2878,90,7435,2737,1350
197127333528,162,2987,53,1831,2737,1351
197127344674,122,3133,171,15091,2738,1351
197127355876,138,3107,84,6611,2739,1351
197127366881,136,3358,43,1248,2739,1352
197127378031,160,2995,338,32998,2740,1352
197127388859,104,2929,108,8514,2741,1352
197127399953,105,3364,49,2014,2741,1353
197127411468,159,3028,169,15172,2742,1353
197127422341,117,3480,51,1619,2743,1353
197127434326,250,2967,38,761,2743,1354
197127444691,126,3434,38,757,2744,1354
197127456138,158,3502,325,32469,2745,1354
197127466757,104,3272,72,3612,2745,1355
197127477769,151,3228,107,8240,2746,1355
197127488957,131,2976,48,2378,2747,1355
197127499880,117,3477,47,1821,2747,1356
197127511590,131,3328,157,13965,2748,1356
197127522255,113,3570,100,7846,2749,1356
197127533217,138,3127,55,1858,2749,1357
197127544493,127,2913,162,15362,2750,1357
197127555464,121,3161,49,2608,2751,1357
197127566573,131,3154,46,2046,2751,1358
197127578527,115,3074,49,2131,2752,1358
197127589155,218,3668,134,7550,2753,1358
197127600085,100,3022,52,1805,2753,1359
197127611026,129,3000,64,4559,2754,1359
197127622121,197,3118,34,842,2755,1359
197127633438,135,3051,33,770,2755,1360
197127644653,177,3207,333,35037,2756,1360
197127655546,168,3220,81,4702,2757,1360
197127666961,151,2952,47,2190,2757,1361
197127678647,234,2955,47,2101,2758,1361
197127689107,121,3541,99,7111,2759,1361
197127700203,112,3086,57,1996,2759,1362
197127711216,140,3265,219,14033,2760,1362
197127722479,143,3118,94,7482,2761,1362
197127733623,100,2854,43,1989,2761,1363
197127744700,119,2966,45,2316,2762,1363
197127755556,172,3377,172,14217,2763,1363
197127766857,206,3232,54,2116,2763,1364
197127777817,121,2968,117,7918,2764,1364
197127789164,185,3647,190,15704,2765,1364
197127799949,177,3983,55,2199,2765,1365
197127810977,153,3158,68,2447,2766,1365
197127822372,137,2891,48,2137,2767,1365
197127833721,335,3884,48,1971,2767,1366
197127844881,146,3423,49,1243,2768,1366
197127855439,336,4288,391,35065,2769,1366
197127866786,141,3407,83,3908,2769,1367
197127877885,273,3686,54,2420,2770,1367
197127889497,118,3701,61,2383,2771,1367
197127900569,23,2985,56,1784,2771,1368
197127911506,126,3141,154,14623,2772,1368
197127922799,121,3763,59,2370,2773,1368
197127933322,20,2848,93,1876,2773,1369
197127944281,289,3242,97,7256,2774,1369
197127955886,120,3371,162,15119,2775,1369
197127966879,45,3078,55,2186,2775,1370
197127977914,400,3261,98,7896,2776,1370
197127988959,223,3550,48,2155,2777,1370
197128000312,22,3205,48,1859,2777,1371
197128011340,121,2871,158,14588,2778,1371
197128022444,223,3329,97,7470,2779,1371
197128033604,27,3784,47,1201,2779,1372
197128044373,130,3645,96,6364,2780,1372
197128055508,281,3674,338,33813,2781,1372
197128066828,25,3105,66,3736,2781,1373
197128077868,149,3700,184,7738,2782,1373
197128088894,398,3496,162,14815,2783,1373
197128099978,22,3386,48,2211,2783,1374
197128111097,252,3295,104,7856,2784,1374
197128122240,164,3850,54,2179,2785,1374
197128133410,21,3054,47,1847,2785,1375
197128148194,151,5014,58,2534,2786,1375
197128155523,109,2987,159,15013,2787,1375
197128166580,20,2863,53,2269,2787,1376
197128178082,118,3370,51,2492,2788,1376
197128189167,326,3443,100,7248,2789,1376
197128200194,23,3309,48,1849,2789,1377
197128211166,455,3247,166,15195,2790,1377
197128222434,391,3473,100,7874,2791,1377
197128233599,21,3983,53,1884,2791,1378
197128244680,185,4229,49,2181,2792,1378
197128255752,239,3452,161,14680,2793,1378
197128266790,22,3079,53,2455,2793,1379
197128277890,246,3514,131,8413,2794,1379
197128288801,115,3008,178,16504,2795,1379
197128299932,21,2927,117,2301,2795,1380
197128311081,158,3373,112,8148,2796,1380
197128322476,406,3872,86,4408,2797,1380
197128333441,31,3687,74,907,2797,1381
197128344509,195,3867,37,815,2798,1381
197128355572,312,3375,45,812,2799,1381
197128366639,25,3317,79,811,2799,1382
197128377737,184,2812,346,35287,2800,1382
197128388852,220,2716,187,16493,2801,1382
197128399864,23,3417,55,2649,2801,1383
197128411391,119,3865,55,2690,2802,1383
197128422087,117,4077,49,2423,2803,1383
197128433648,18,2575,47,2072,2803,1384
197128444363,184,3341,101,7339,2804,1384
197128455696,119,3294,172,15229,2805,1384
197128466968,25,2689,86,2056,2805,1385
197128477911,464,2962,96,7974,2806,1385
197128488841,374,3058,48,2223,2807,1385
197128499873,21,3016,45,1921,2807,1386
197128511062,329,3788,165,14485,2808,1386
197128522719,292,3546,104,8218,2809,1386
197128533337,27,4316,58,1921,2809,1387
197128544906,277,3140,84,6090,2810,1387
197128555437,271,3609,326,33663,2811,1387
197128566491,20,3365,63,3801,2811,1388
197128577673,116,3490,53,2702,2812,1388
197128589136,299,2963,99,7669,2813,1388
197128600258,19,3280,47,1844,2813,1389
197128611320,336,4013,62,1315,2814,1389
197128622334,428,4133,89,2758,2815,1389
197128633431,31,3116,46,698,2815,1390
197128644676,226,3346,39,691,2816,1390
197128655695,281,3809,342,32676,2817,1390
197128666830,19,3110,147,3586,2817,1391
197128677982,204,3242,44,2281,2818,1391
197128689156,203,3754,148,7263,2819,1391
197128700283,25,3073,46,1916,2819,1392
197128711291,182,3880,155,14512,2820,1392
197128722242,272,3691,93,7244,2821,1392
197128733439,20,3336,47,1832,2821,1393
197128744712,337,3524,43,2147,2822,1393
197128755766,187,3368,154,14146,2823,1393
197128766643,21,2990,45,2240,2823,1394
197128777807,201,3505,112,8117,2824,1394
197128789219,124,3406,168,15668,2825,1394
197128800146,21,3013,48,2231,2825,1395
197128811145,132,3244,54,2513,2826,1395
197128822214,360,3369,98,7239,2827,1395
197128833270,22,3331,85,1899,2827,1396
197128844299,147,3024,50,2320,2828,1396
197128855469,352,3840,77,5095,2829,1396
197128866646,20,3194,80,761,2829,1397
197128877737,397,3074,352,35485,2830,1397
197128888841,431,3037,122,8234,2831,1397
197128899871,36,3325,50,1576,2831,1398
197128911347,226,3433,132,11836,2832,1398
197128922454,318,3759,42,1372,2833,1398
197128933694,21,2956,66,807,2833,1399
197128944676,323,3483,358,34960,2834,1399
197128955736,364,3737,186,17566,2835,1399
197128966744,20,3105,54,2672,2835,1400
197128977851,188,3361,98,7928,2836,1400
197128989218,400,3434,45,2150,2837,1400
197129000280,20,3015,44,1880,2837,1401
197129011385,293,3147,153,14476,2838,1401
197129022325,186,3129,97,7835,2839,1401
197129033488,28,3060,56,1894,2839,1402
197129044811,300,4159,157,14427,2840,1402
197129055752,362,3024,233,22060,2841,1402
197129066716,22,3207,50,1950,2841,1403
197129077796,180,3712,96,7259,2842,1403
197129089038,298,4267,58,1699,2843,1403
197129100091,24,3480,54,1383,2843,1404
197129111098,148,4153,141,11581,2844,1404
197129122669,187,3650,1667,14455,2845,1404
197129133359,20,3064,47,1897,2845,1405
197129145264,474,3569,95,7686,2846,1405
197129155714,275,3346,78,4824,2847,1405
197129166860,20,3455,41,931,2847,1406
197129177951,270,3960,39,954,2848,1406
197129189111,176,4088,37,785,2849,1406
197129200116,21,3250,37,771,2849,1407
197129211145,146,3214,540,32608,2850,1407
197129222261,188,3587,115,9520,2851,1407
197129233326,24,3197,62,2303,2851,1408
197129244642,158,3559,51,2434,2852,1408
197129255521,318,3512,153,14029,2853,1408
197129266679,19,3130,47,2078,2853,1409
197129277947,425,3665,111,7901,2854,1409
197129289043,193,3170,200,15770,2855,1409
197129300058,22,3442,58,2320,2855,1410
197129311214,114,3616,52,2555,2856,1410
197129322343,301,3279,96,7523,2857,1410
197129333382,108,3388,64,1831,2857,1411
197129344401,127,3087,161,15407,2858,1411
197129355519,462,3345,99,7062,2859,1411
197129366864,31,3035,46,1852,2859,1412
197129377871,210,3496,194,14458,2860,1412
197129388867,492,3253,100,8134,2861,1412
197129399865,18,3056,43,1919,2861,1413
197129410970,465,2984,162,15176,2862,1413
197129422546,287,4257,56,2336,2863,1413
197129433647,25,3445,47,1986,2863,1414
197129444628,243,4736,84,6413,2864,1414
197129455854,292,3784,79,4975,2865,1414
197129466786,21,3016,36,886,2865,1415
197129478066,371,4380,44,833,2866,1415
197129489409,176,3180,337,35273,2867,1415
197129499953,19,3065,86,3831,2867,1416
197129510975,114,3230,158,14903,2868,1416
197129522491,143,3171,97,8009,2869,1416
197129533179,23,2947,78,1874,2869,1417
197129544611,449,3038,168,15647,2870,1417
197129555652,180,3377,58,2554,2871,1417
197129566619,21,2939,44,2026,2871,1418
197129577997,136,3405,96,7635,2872,1418
197129589018,149,3507,165,15396,2873,1418
197129600085,23,4453,79,2168,2873,1419
197129611019,122,3159,111,8542,2874,1419
197129622294,362,3319,161,14656,2875,1419
197129633235,54,4747,47,2238,2875,1420
197129644682,322,3186,100,8051,2876,1420
197129656500,426,3031,77,4111,2877,1420
197129666696,22,3241,34,849,2877,1421
197129677816,286,4485,363,33826,2878,1421
197129688806,147,3076,124,7607,2879,1421
197129699886,65,3284,95,1563,2879,1422
197129710952,184,3464,79,4819,2880,1422
197129722506,561,3115,261,25551,2881,1422
197129733588,39,4469,66,3228,2881,1423
197129744718,282,3335,37,1122,2882,1423
197129755758,224,3596,57,2803,2883,1423
197129766906,23,3486,55,719,2883,1424
197129777978,305,3911,40,702,2884,1424
197129789109,172,3213,42,703,2885,1424
197129800145,25,3261,37,702,2885,1425
197129811256,240,3295,321,33790,2886,1425
197129822430,444,3342,141,9232,2887,1425
197129836034,23,3345,49,2253,2887,1426
197129844455,193,3862,166,14796,2888,1426
197129855434,389,3495,104,7483,2889,1426
197129866573,26,3461,45,2024,2889,1427
197129877652,323,4086,155,13453,2890,1427
197129888730,333,3249,101,7711,2891,1427
197129899845,32,4315,61,1895,2891,1428
197129911095,385,3427,163,14561,2892,1428
197129922366,127,2900,61,2376,2893,1428
197129933428,22,3010,48,1910,2893,1429
197129944749,165,2632,109,7087,2894,1429
197129955880,169,2632,180,15189,2895,1429
197129967036,30,2602,62,2291,2895,1430
197129991097,201,2664,152,7989,2896,1430
197130005548,245,3753,250,14266,2897,1430
197130016647,25,3690,55,2002,2897,1431
197130027778,179,3895,147,7890,2898,1431
197130038850,250,4070,252,15600,2899,1431
197130050010,22,2634,57,2253,2899,1432
197130061153,167,2797,76,2510,2900,1432
197130071849,153,3091,57,2295,2901,1432
197130083020,23,2799,57,2037,2901,1433
197130094069,265,4196,100,7975,2902,1433
197130105613,209,4005,52,1630,2903,1433
197130116779,25,3706,47,1223,2903,1434
197130127859,226,3429,84,5457,2904,1434
197130138870,354,3054,46,788,2905,1434
197130149879,20,2985,29,731,2905,1435
197130160872,306,3178,341,35102,2906,1435
197130172008,174,3646,153,14190,2907,1435
197130183006,19,2802,94,2353,2907,1436
197130194046,284,3081,91,7343,2908,1436
197130205133,111,2995,160,15056,2909,1436
197130216719,20,3412,47,2233,2909,1437
197130227482,699,2994,96,7797,2910,1437
197130238586,361,3111,50,2260,2911,1437
197130250111,21,2945,40,1901,2911,1438
197130260739,237,4300,151,14556,2912,1438
197130272696,369,3895,112,7928,2913,1438
197130283161,30,2849,120,1861,2913,1439
197130294306,255,3815,166,15740,2914,1439
197130305445,347,3870,58,2607,2915,1439
197130316478,21,4209,53,1992,2915,1440
197130327525,143,3187,93,7088,2916,1440
197130338739,299,3199,137,12082,2917,1440
197130350027,19,3304,64,2095,2917,1441
197130361110,393,3685,46,2268,2918,1441
197130372352,134,3204,797,14394,2919,1441
197130383409,24,2943,225,1882,2919,1442
197130394329,186,3952,38,1419,2920,1442
197130405607,677,4376,48,667,2921,1442
197130416354,25,2840,32,667,2921,1443
197130427870,155,3778,494,33908,2922,1443
197130438888,187,3425,110,9220,2923,1443
197130450087,19,3362,83,2339,2923,1444
197130460751,276,3372,156,14808,2924,1444
197130471848,273,4409,95,7636,2925,1444
197130483456,22,3064,143,2023,2925,1445
197130494552,253,3478,52,2365,2926,1445
197130505640,269,4491,169,14473,2927,1445
197130516678,23,3127,46,2043,2927,1446
197130527721,401,3855,138,7900,2928,1446
197130538784,169,3468,171,15781,2929,1446
197130549905,22,3150,48,2200,2929,1447
197130560936,121,3422,54,2431,2930,1447
197130572014,497,3583,116,7410,2931,1447
197130583069,19,2927,43,1896,2931,1448
197130594169,336,2888,170,15182,2932,1448
197130605144,397,3806,105,7136,2933,1448
197130616282,21,3026,44,1933,2933,1449
197130627345,242,2975,162,14548,2934,1449
197130638506,213,2887,121,8264,2935,1449
197130649995,22,3289,53,2004,2935,1450
197130661043,118,2961,158,15065,2936,1450
197130672308,149,2679,51,2359,2937,1450
197130683336,20,2626,46,1954,2937,1451
197130694426,288,4114,105,6830,2938,1451
197130705465,139,2631,86,4973,2939,1451
197130716540,33,2658,48,848,2939,1452
197130727542,147,2768,366,35548,2940,1452
197130768760,146,3269,68,3918,2941,1452
197130783816,191,2804,559,35229,2942,1452
197130795031,154,3962,374,17747,2943,1452
197130805613,178,4079,80,2671,2944,1452
197130816674,22,3402,62,1965,2944,1453
197130828269,160,4108,136,7142,2945,1453
197130839608,128,2708,62,2206,2946,1453
197130850259,29,3166,71,1865,2946,1454
197130861402,177,3024,47,2232,2947,1454
197130872634,147,3811,170,14148,2948,1454
197130883641,22,2724,50,2056,2948,1455
197130894736,316,3931,98,7951,2949,1455
197130905721,217,3562,160,14917,2950,1455
197130916870,24,3424,256,2349,2950,1456
197130928032,182,3237,52,1737,2951,1456
197130939080,197,4222,50,1078,2952,1456
197130950303,23,3704,2983,652,2952,1457
197130961466,286,3792,316,32497,2953,1457
197130972509,229,4576,116,9447,2954,1457
197130983556,19,3125,45,2275,2954,1458
197130994606,255,3265,84,2433,2955,1458
197131005601,210,3532,148,13810,2956,1458
197131017150,20,3822,48,1982,2956,1459
197131028253,163,3579,105,7803,2957,1459
197131039264,238,3881,167,15292,2958,1459
197131050469,20,4496,50,2264,2958,1460
197131061650,346,3447,60,2591,2959,1460
197131072646,310,3216,98,7434,2960,1460
197131083637,21,2800,287,1828,2960,1461
197131094828,194,2744,167,15304,2961,1461
197131105696,346,3334,137,7140,2962,1461
197131117247,27,3799,54,1811,2962,1462
197131128334,424,3000,160,14451,2963,1462
197131139044,450,3229,102,7916,2964,1462
197131150054,21,2938,47,1946,2964,1463
197131161616,219,3012,161,14945,2965,1463
197131172710,125,2799,60,2461,2966,1463
197131183715,23,2720,54,1939,2966,1464
197131194864,131,2973,104,7110,2967,1464
197131205918,253,2982,163,15358,2968,1464
197131217079,20,2742,85,2250,2968,1465
197131228023,119,2839,114,5715,2969,1465
197131239052,107,3014,55,3204,2970,1465
197131250132,19,9194,40,757,2970,1466
197131261142,688,4606,30,703,2971,1466
197131272472,124,3129,252,25412,2972,1466
197131283508,26,3095,110,3220,2972,1467
197131294615,202,3372,242,24042,2973,1467
197131305947,234,3921,59,3091,2974,1467
197131317096,26,3983,124,2188,2974,1468
197131328231,143,3342,101,7435,2975,1468
197131338969,109,3688,162,15250,2976,1468
197131350466,20,3523,52,2264,2976,1469
197131361116,173,3088,97,7991,2977,1469
197131372681,130,3149,153,14407,2978,1469
197131383741,26,2668,51,2146,2978,1470
197131394780,232,2641,113,8057,2979,1470
197131405840,132,2655,166,15018,2980,1470
197131416953,26,2599,65,2511,2980,1471
197131428016,186,2691,86,2680,2981,1471
197131439139,121,2664,96,7495,2982,1471
197131450229,25,2639,51,1877,2982,1472
197131461307,172,2663,166,15413,2983,1472
197131472245,119,2676,115,8009,2984,1472
197131508485,207,2647,105,4577,2985,1472
197131522642,422,4035,560,35120,2986,1472
197131533700,35,3682,91,3751,2986,1473
197131544849,151,3869,245,15705,2987,1473
197131555974,116,3811,65,2454,2988,1473
197131567078,29,2842,78,1900,2988,1474
197131578242,189,3231,162,7083,2989,1474
197131589268,173,4098,179,15044,2990,1474
197131600428,21,2570,47,2014,2990,1475
197131611889,140,4043,102,7840,2991,1475
197131622901,118,3859,153,13996,2992,1475
197131634020,20,3182,43,1987,2992,1476
197131645057,147,3412,98,7786,2993,1476
197131656176,121,3414,161,14904,2994,1476
197131667229,19,3267,54,2353,2994,1477
197131678320,230,3136,54,2633,2995,1477
197131689375,1381,3195,44,1380,2996,1477
197131700415,20,3553,79,721,2996,1478
197131711483,175,3406,330,32519,2997,1478
197131722646,120,4771,41,1274,2998,1478
197131733704,20,3045,67,670,2998,1479
197131744854,192,3102,323,35183,2999,1479
197131756370,304,3272,166,16294,3000,1479
197131767360,21,2683,63,2495,3000,1480
197131778665,378,3225,50,1570,3001,1480
197131789681,138,3895,41,732,3002,1480
197131800513,20,3434,33,725,3002,1481
197131811666,133,2757,326,33776,3003,1481
197131822674,270,4663,115,9274,3004,1481
197131833769,21,3065,54,2288,3004,1482
197131844854,238,3342,155,14744,3005,1482
197131856048,336,3339,100,7549,3006,1482
197131867077,22,2830,49,2031,3006,1483
197131878248,122,2872,65,2432,3007,1483
197131889535,338,3058,59,2578,3008,1483
197131900512,19,2935,42,1890,3008,1484
197131911546,112,3038,153,14787,3009,1484
197131922578,177,6877,53,2467,3010,1484
197131933643,20,3740,75,1945,3010,1485
197131944739,116,3993,88,7177,3011,1485
197131955991,227,3399,250,14909,3012,1485
197131967091,34,3270,55,1580,3012,1486
197131978285,212,3490,569,27369,3013,1486
197131989391,165,3345,48,2078,3014,1486
197132000423,20,4058,45,1659,3014,1487
197132011668,179,2862,75,5229,3015,1487
197132022713,312,3376,370,35338,3016,1487
197132033866,32,4346,80,3827,3016,1488
197132045009,152,3588,238,15864,3017,1488
197132056121,285,4244,58,2526,3018,1488
197132067163,22,3607,49,1953,3018,1489
197132078391,216,3377,94,7320,3019,1489
197132089347,109,2816,163,15213,3020,1489
197132100407,20,2910,44,2059,3020,1490
197132111423,140,3849,98,7850,3021,1490
197132122581,147,3803,149,14236,3022,1490
197132134115,24,3346,51,2008,3022,1491
197132144766,123,4340,95,7839,3023,1491
197132156163,149,3351,162,14933,3024,1491
197132167100,20,3860,61,2329,3024,1492
197132178579,186,3374,53,2630,3025,1492
197132189184,210,3554,97,7257,3026,1492
197132200705,21,3626,51,1868,3026,1493
197132211865,136,3909,164,15383,3027,1493
197132223005,214,3876,153,7542,3028,1493
197132234045,21,3177,51,1890,3028,1494
197132245008,268,3931,46,2177,3029,1494
197132256074,209,4611,158,14622,3030,1494
197132267201,19,3383,53,2327,3030,1495
197132278306,114,4178,119,7891,3031,1495
197132289313,4815,3884,163,14180,3032,1495
197132300414,20,2919,43,1273,3032,1496
197132311727,176,3614,52,1609,3033,1496
197132322670,364,4038,38,781,3034,1496
197132333760,23,3040,40,774,3034,1497
197132344856,359,3529,304,32650,3035,1497
197132356010,290,3266,120,9745,3036,1497
197132367075,21,3646,51,2313,3036,1498
197132378272,330,3130,61,2397,3037,1498
197132389738,205,3094,52,2450,3038,1498
197132400323,20,3071,43,1929,3038,1499
197132411854,203,3369,155,14169,3039,1499
197132422974,173,3005,188,2329,3040,1499
197132433713,19,3058,50,1923,3040,1500
197132444743,208,3568,91,7268,3041,1500
197132455861,379,3191,161,14982,3042,1500
197132467358,23,2975,47,2140,3042,1501
197132478481,186,3086,97,7803,3043,1501
197132489518,402,3211,52,2147,3044,1501
197132500643,28,3576,51,1800,3044,1502
197132511610,170,3520,158,14509,3045,1502
197132522712,363,4116,114,7779,3046,1502
197132533690,27,3206,54,1780,3046,1503
197132545303,255,2877,86,6186,3047,1503
197132555879,272,4114,43,924,3048,1503
197132567200,30,2899,53,863,3048,1504
197132578063,181,2697,352,32620,3049,1504
197132589413,316,3942,53,1479,3050,1504
197132600651,28,3574,38,669,3050,1505
197132611634,122,4182,31,667,3051,1505
197132622965,101,4005,329,35146,3052,1505
197132634129,57,3672,71,3736,3052,1506
197132645219,165,3116,160,14680,3053,1506
197132656306,274,3771,61,2713,3054,1506
197132667422,23,2649,49,1904,3054,1507
197132678498,162,3092,49,2082,3055,1507
197132689343,242,3797,94,6950,3056,1507
197132700494,22,3283,49,1848,3056,1508
197132711619,117,3186,193,14961,3057,1508
197132722629,164,3426,96,7926,3058,1508
197132733676,20,3001,49,1876,3058,1509
197132744726,234,3924,49,2156,3059,1509
197132756275,226,3251,166,14599,3060,1509
197132767386,22,3573,49,2121,3060,1510
197132778530,127,3619,104,7931,3061,1510
197132789653,222,3240,167,15943,3062,1510
197132800751,22,3053,49,2153,3062,1511
197132811713,201,2822,50,2443,3063,1511
197132822826,197,3603,45,2200,3064,1511
197132834302,54,2902,63,2019,3064,1512
197132844890,313,3705,101,7783,3065,1512
197132856047,128,3168,139,11818,3066,1512
197132867023,27,2981,48,2116,3066,1513
197132878317,250,3599,57,2363,3067,1513
197132889576,215,3268,60,2453,3068,1513
197132900599,24,2946,50,1894,3068,1514
197132911621,195,3892,155,14851,3069,1514
197132922555,179,3140,53,2697,3070,1514
197132934013,19,2919,49,2137,3070,1515
197132945109,304,2952,104,7613,3071,1515
197132956160,428,3313,175,15594,3072,1515
197132967363,29,2815,56,2261,3072,1516
197132978402,398,3076,96,8028,3073,1516
197132989432,528,3093,49,2326,3074,1516
197133000519,21,2735,48,1901,3074,1517
197133011547,112,2861,191,14695,3075,1517
197133022775,319,3068,111,8294,3076,1517
197133033763,27,3351,55,1949,3076,1518
197133045078,356,3225,168,15885,3077,1518
197133056181,316,4549,65,2716,3078,1518
197133067269,22,3434,307,1999,3078,1519
197133078124,287,3273,47,1230,3079,1519
197133089352,126,3459,35,642,3080,1519
197133100649,22,2928,113,642,3080,1520
197133111717,325,3336,331,35212,3081,1520
197133122862,201,3344,68,3970,3082,1520
197133133874,20,2783,52,2159,3082,1521
197133145069,406,2857,151,14392,3083,1521
197133156183,251,4024,57,2456,3084,1521
197133167373,25,3416,46,1916,3084,1522
197133178498,146,2755,60,2102,3085,1522
197133189349,706,3069,91,6966,3086,1522
197133200443,20,2810,54,1939,3086,1523
197133211393,228,3189,155,14993,3087,1523
197133222879,333,3341,102,7947,3088,1523
197133233980,20,2784,51,1860,3088,1524
197133245030,298,3686,49,2156,3089,1524
197133255985,1263,3022,161,14609,3090,1524
197133267322,22,3184,47,2225,3090,1525
197133278350,202,3929,112,7802,3091,1525
197133289621,815,4514,174,16142,3092,1525
197133300551,22,2991,52,2183,3092,1526
197133311617,332,4245,104,8050,3093,1526
197133322900,152,3549,167,15186,3094,1526
197133333937,18,3293,45,1727,3094,1527
197133345053,235,3407,36,1161,3095,1527
197133356141,128,2749,394,35272,3096,1527
197133367249,32,2676,78,3942,3096,1528
197133408930,232,2751,72,4560,3097,1528
197133423033,248,3127,571,33865,3098,1528
197133434674,29,3371,102,3805,3098,1529
197133445734,271,4052,152,7746,3099,1529
197133456830,119,4034,232,14797,3100,1529
197133467979,146,2776,79,2247,3100,1530
197133479094,193,3058,250,7755,3101,1530
197133489942,183,3034,60,2051,3102,1530
197133501012,26,3413,52,1730,3102,1531
197133512052,256,3844,161,14300,3103,1531
197133523183,515,5001,110,7880,3104,1531
197133534261,27,3035,53,1834,3104,1532
197133545531,291,3289,162,14585,3105,1532
197133556715,216,3203,74,1452,3106,1532
197133567799,20,2916,39,714,3106,1533
197133578972,282,3484,348,34742,3107,1533
197133590221,216,3479,189,17554,3108,1533
197133601147,20,3120,57,2539,3108,1534
197133612168,213,3478,98,7819,3109,1534
197133623227,270,3412,42,2173,3110,1534
197133634277,20,3434,50,1879,3110,1535
197133645743,403,2966,54,2586,3111,1535
197133656758,117,3540,159,14991,3112,1535
197133667789,19,3134,50,2015,3112,1536
197133678860,206,3071,48,2228,3113,1536
197133689797,198,3602,107,7177,3114,1536
197133701353,27,2988,51,1811,3114,1537
197133712029,161,4921,165,15160,3115,1537
197133723441,146,2625,100,7567,3116,1537
197133734548,26,2606,64,2014,3116,1538
197133745613,174,2665,67,2363,3117,1538
197133756697,151,2652,176,14556,3118,1538
197133767691,21,2680,54,1926,3118,1539
197133804794,260,2744,74,1604,3119,1539
197133819227,56,4067,50,741,3119,1540
197133830338,173,4193,564,34962,3120,1540
197133841414,156,4083,111,5717,3121,1540
197133852520,23,4046,59,2178,3121,1541
197133863599,135,3007,61,2139,3122,1541
197133874741,195,2950,161,14340,3123,1541
197133885762,25,2792,55,2075,3123,1542
197133896902,149,3156,86,6871,3124,1542
197133907943,118,3440,375,43191,3125,1542
197133919127,24,4902,79,5157,3125,1543
197133930687,171,3764,46,1825,3126,1543
197133941211,395,3961,409,35009,3127,1543
197133952351,24,3572,66,3936,3127,1544
197133964185,280,3590,190,15845,3128,1544
197133974589,151,3878,93,7736,3129,1544
197133985779,24,4592,54,1951,3129,1545
197133996824,210,3614,45,2266,3130,1545
197134008366,213,3420,157,14491,3131,1545
197134019499,20,3519,49,2219,3131,1546
197134030270,374,3880,109,8043,3132,1546
197134041228,359,3116,165,15827,3133,1546
197134053121,548,4089,64,2700,3134,1546
197134063875,25,3624,50,1998,3134,1547
197134074978,203,3267,97,7483,3135,1547
197134086040,23,3966,51,1827,3135,1548
197134097302,273,4243,168,15258,3136,1548
197134108327,207,4790,97,7130,3137,1548
197134119315,21,5916,87,1991,3137,1549
197134130888,292,3931,153,14763,3138,1549
197134141429,175,3018,95,7798,3139,1549
197134152642,23,3989,49,1988,3139,1550
197134163530,329,3249,235,24150,3140,1550
197134174644,153,3226,44,2195,3141,1550
197134186061,21,3973,46,1458,3141,1551
197134197114,250,3204,42,1649,3142,1551
197134208191,108,3323,408,32525,3143,1551
197134219430,20,3834,77,3542,3143,1552
197134230672,137,3548,97,7984,3144,1552
197134241264,214,4140,47,2167,3145,1552
197134252934,20,3241,45,1799,3145,1553
197134263698,461,3844,160,13808,3146,1553
197134274955,274,3966,107,7748,3147,1553
197134285883,26,4579,67,1852,3147,1554
197134296904,431,3058,181,15495,3148,1554
197134308091,339,3348,59,2296,3149,1554
197134319082,22,2962,47,1894,3149,1555
197134330353,214,3218,124,7349,3150,1555
197134341448,317,3308,46,2097,3151,1555
197134352527,22,3453,47,1780,3151,1556
197134363887,169,2680,43,2082,3152,1556
197134374488,154,3068,151,14371,3153,1556
197134385984,20,3791,48,2129,3153,1557
197134397058,119,3115,109,8098,3154,1557
197134408174,319,3342,165,15166,3155,1557
197134419173,21,3656,51,2316,3155,1558
197134430182,351,5351,70,1813,3156,1558
197134441321,315,4700,35,1070,3157,1558
197134452748,21,3330,38,661,3157,1559
197134463476,161,2838,32,661,3158,1559
197134474662,198,2926,367,35188,3159,1559
197134485722,21,4054,66,3891,3159,1560
197134497250,123,3145,49,2397,3160,1560
197134508380,214,3668,161,14506,3161,1560
197134519423,25,3569,52,1986,3161,1561
197134530267,156,3056,138,7503,3162,1561
197134541268,133,2907,163,15555,3163,1561
197134552424,37,3354,49,2157,3163,1562
197134563463,242,2933,49,2476,3164,1562
197134575043,120,3304,45,2127,3165,1562
197134586040,20,3268,45,1944,3165,1563
197134597172,222,3686,92,7658,3166,1563
197134608291,166,3930,74,4687,3167,1563
197134619708,137,3396,43,797,3168,1563
197134630433,23,2782,33,765,3168,1564
197134641566,131,2919,340,35528,3169,1564
197134652583,23,3423,69,3818,3169,1565
197134663638,212,3572,99,8150,3170,1565
197134674692,532,3541,138,12637,3171,1565
197134685791,19,3353,82,2009,3171,1566
197134696790,201,3535,96,7262,3172,1566
197134707827,168,3406,157,13840,3173,1566
197134718973,24,3345,50,2026,3173,1567
197134730204,737,3452,104,7663,3174,1567
197134741174,288,3125,55,2330,3175,1567
197134752378,22,2740,47,1931,3175,1568
197134763541,1011,3103,155,14296,3176,1568
197134774548,240,3286,60,1783,3177,1568
197134786120,29,3206,43,785,3177,1569
197134797167,393,3064,345,33304,3178,1569
197134808147,328,3072,70,3773,3179,1569
197134819170,23,3222,50,2133,3179,1570
197134830416,212,2896,55,1493,3180,1570
197134841493,176,2982,262,27017,3181,1570
197134852772,21,3205,50,1751,3181,1571
197134863785,123,2828,41,1918,3182,1571
197134874576,121,2928,61,3101,3183,1571
197134885648,20,3324,33,782,3183,1572
197134897212,109,3189,34,757,3184,1572
197134908137,113,3540,347,35386,3185,1572
197134919384,25,3342,75,3767,3185,1573
197134930240,208,3340,146,12724,3186,1573
197134941667,285,3059,92,7323,3187,1573
197134952317,18,3411,49,2030,3187,1574
197134963375,155,3544,157,14978,3188,1574
197134974939,115,3086,55,1434,3189,1574
197134985954,20,4274,37,769,3189,1575
197134997197,120,3160,396,35430,3190,1575
197135008369,155,2933,182,16472,3191,1575
197135019286,27,3248,80,2583,3191,1576
197135030378,192,3072,264,8084,3192,1576
197135041876,228,3088,183,15736,3193,1576
197135052739,22,3733,53,2190,3193,1577
197135063946,295,4094,58,2373,3194,1577
197135075062,336,3664,60,2053,3195,1577
197135086241,26,2693,47,1870,3195,1578
197135096857,180,2645,113,7575,3196,1578
197135108082,186,2656,52,1304,3197,1578
197135119227,31,30287,56,826,3197,1579
197135161062,209,4345,540,41747,3198,1579
197135172247,139,4163,91,4438,3199,1579
197135183312,25,3512,64,2439,3199,1580
197135194419,114,3844,135,7557,3200,1580
197135205552,116,2804,249,15091,3201,1580
197135216677,22,2744,57,2432,3201,1581
197135227406,271,3545,108,8119,3202,1581
197135238973,214,3276,54,2322,3203,1581
197135250101,31,2943,48,2011,3203,1582
197135261101,960,3050,155,14697,3204,1582
197135271989,427,3612,121,8177,3205,1582
197135282957,31,2775,60,2012,3205,1583
197135294180,211,4327,171,15914,3206,1583
197135305183,376,3207,65,2768,3207,1583
197135316285,26,3248,52,2244,3207,1584
197135327877,289,3511,60,2404,3208,1584
197135338557,314,3893,105,7718,3209,1584
197135349633,25,3156,53,2132,3209,1585
197135361223,424,3681,68,4512,3210,1585
197135372318,109,2884,47,837,3211,1585
197135383390,21,3597,39,787,3211,1586
197135394455,122,4379,361,35520,3212,1586
197135405622,126,3474,117,9578,3213,1586
197135416657,21,3682,48,2213,3213,1587
197135427759,139,3023,136,12126,3214,1587
197135438904,348,2846,92,7269,3215,1587
197135450017,18,2848,47,1976,3215,1588
197135461101,431,3364,142,13767,3216,1588
197135472151,232,3192,96,7619,3217,1588
197135483133,20,2691,43,1965,3217,1589
197135494125,164,2945,43,2277,3218,1589
197135505652,171,9058,315,14451,3219,1589
197135516866,25,2744,51,2028,3219,1590
197135527447,176,3311,112,7856,3220,1590
197135538977,515,2994,170,15733,3221,1590
197135549990,24,3160,56,2239,3221,1591
197135561186,327,3991,53,2477,3222,1591
197135572356,131,3562,99,7272,3223,1591
197135583363,22,4151,50,1897,3223,1592
197135594642,179,3898,49,2295,3224,1592
197135605253,314,3262,55,1956,3225,1592
197135616727,32,3227,50,1770,3225,1593
197135627726,197,3245,155,14398,3226,1593
197135638757,172,3228,96,7595,3227,1593
197135649851,18,2952,43,1259,3227,1594
197135661097,200,3857,83,6440,3228,1594
197135672067,336,3507,38,964,3229,1594
197135683138,20,3633,40,846,3229,1595
197135694166,322,3039,804,35019,3230,1595
197135705741,310,3247,180,17360,3231,1595
197135716627,22,3041,54,2450,3231,1596
197135727645,241,3093,103,7712,3232,1596
197135738784,215,3278,58,2359,3233,1596
197135749848,23,3785,54,1963,3233,1597
197135760854,159,3716,154,14495,3234,1597
197135772014,114,2936,110,7731,3235,1597
197135783355,28,2730,102,1770,3235,1598
197135794413,125,3278,165,15918,3236,1598
197135805454,270,2927,51,2514,3237,1598
197135816400,19,3002,77,1905,3237,1599
197135827508,115,2842,91,7234,3238,1599
197135838743,165,2966,168,15195,3239,1599
197135849673,29,2769,51,2310,3239,1600
197135860763,117,2628,105,8512,3240,1600
197135871934,154,2639,167,14666,3241,1600
197135883029,30,2568,58,2087,3241,1601
197135894366,170,2661,120,7762,3242,1601
197135905564,118,2673,176,15086,3243,1601
197135916624,29,39053,110,2362,3243,1602
197135966882,227,4203,67,1813,3244,1602
197135978513,147,4122,554,35499,3245,1602
197135989129,112,3936,90,4278,3246,1602
197136000193,27,3832,58,2226,3246,1603
197136011353,131,2830,256,14600,3247,1603
197136022442,195,3101,152,7715,3248,1603
197136034038,31,3360,60,1998,3248,1604
197136044730,760,2653,163,15083,3249,1604
197136056251,123,3050,103,7223,3250,1604
197136067318,34,3028,62,1986,3250,1605
197136078155,377,3207,72,4290,3251,1605
197136090548,189,2798,43,821,3252,1605
197136100474,22,2740,40,771,3252,1606
197136111742,307,3110,393,34898,3253,1606
197136122693,189,2835,73,3995,3254,1606
197136134079,25,3238,56,2165,3254,1607
197136145130,128,3185,158,14454,3255,1607
197136155861,120,3451,58,2480,3256,1607
197136166907,22,3377,47,1936,3256,1608
197136178090,132,3571,51,2200,3257,1608
197136189457,201,4222,95,7089,3258,1608
197136200428,20,3372,47,2026,3258,1609
197136211466,230,3753,162,15118,3259,1609
197136222770,393,3427,105,7767,3260,1609
197136233873,24,3930,53,1908,3260,1610
197136245129,256,3749,44,2195,3261,1610
197136256240,450,3543,158,14629,3262,1610
197136267022,19,3432,59,2115,3262,1611
197136278053,269,3504,165,7776,3263,1611
197136289610,243,3471,239,15656,3264,1611
197136300711,27,3724,54,2265,3264,1612
197136311661,303,4238,62,2482,3265,1612
197136322841,236,4022,53,2213,3266,1612
197136333904,27,3718,56,2003,3266,1613
197136344946,269,4733,99,7043,3267,1613
197136356000,183,3677,73,4270,3268,1613
197136367005,20,3940,44,791,3268,1614
197136378338,260,3644,33,722,3269,1614
197136389462,299,4130,334,35498,3270,1614
197136400597,65,3775,79,3862,3270,1615
197136411751,293,3802,65,3220,3271,1615
197136422723,149,4252,47,2016,3272,1615
197136433922,22,3443,47,1750,3272,1616
197136444922,446,3139,92,7209,3273,1616
197136456018,297,3936,158,14074,3274,1616
197136467230,24,3064,63,2065,3274,1617
197136478172,199,4863,113,7641,3275,1617
197136489475,312,4206,50,2130,3276,1617
197136500661,23,3731,47,1861,3276,1618
197136511633,209,3386,159,14324,3277,1618
197136522594,211,4192,108,7875,3278,1618
197136533759,31,3243,59,1872,3278,1619
197136545250,322,3922,169,15461,3279,1619
197136556215,223,3132,63,2490,3280,1619
197136567224,26,3727,58,2054,3280,1620
197136578305,140,3807,53,2153,3281,1620
197136589494,344,3358,146,7434,3282,1620
197136600668,25,3423,61,2038,3282,1621
197136611544,257,3891,47,1499,3283,1621
197136622646,182,3290,59,2671,3284,1621
197136633661,26,3927,46,719,3284,1622
197136644834,182,3721,36,697,3285,1622
197136655915,125,3130,342,35262,3286,1622
197136666987,22,3420,162,3774,3286,1623
197136678049,204,3356,140,12693,3287,1623
197136689436,202,3312,92,7360,3288,1623
197136700532,22,2656,50,1941,3288,1624
197136711681,149,3368,155,14894,3289,1624
197136722770,312,3306,93,7560,3290,1624
197136733714,22,3393,73,1962,3290,1625
197136744909,145,3938,53,2281,3291,1625
197136755896,131,3497,166,14526,3292,1625
197136767183,24,3576,53,2253,3292,1626
197136778342,182,3989,117,8183,3293,1626
197136789461,218,3343,169,15793,3294,1626
197136800524,23,3539,52,2244,3294,1627
197136811441,239,3163,57,2542,3295,1627
197136822523,119,2911,95,7272,3296,1627
197136833993,20,3243,50,1876,3296,1628
197136845099,131,3599,42,1861,3297,1628
197136856056,244,3028,218,21380,3298,1628
197136867048,20,2650,46,1723,3298,1629
197136878077,126,2970,150,14155,3299,1629
197136889339,204,3430,99,7568,3300,1629
197136900341,25,3658,47,1295,3300,1630
197136911902,254,3813,154,14458,3301,1630
197136922424,321,4287,48,1408,3302,1630
197136933913,31,3320,35,759,3302,1631
197136945100,234,3044,31,743,3303,1631
197136956107,228,3541,392,32569,3304,1631
197136967028,23,3272,66,3667,3304,1632
197136978101,251,3312,151,8287,3305,1632
197136989615,164,3121,42,2241,3306,1632
197137000590,25,2719,45,1853,3306,1633
197137011604,450,3761,181,13960,3307,1633
197137022621,793,4181,120,7724,3308,1633
197137033837,34,4094,66,1794,3308,1634
197137045051,425,3646,183,15432,3309,1634
197137056107,219,5286,70,2355,3310,1634
197137067165,28,4272,56,2003,3310,1635
197137078385,148,3072,129,7347,3311,1635
197137089540,140,3018,169,15342,3312,1635
197137100659,29,2561,53,2054,3312,1636
197137111752,136,2644,114,8343,3313,1636
197137122809,161,2619,171,14679,3314,1636
197137134004,31,2596,50,2180,3314,1637
197137145058,133,2663,94,7955,3315,1637
197137210961,164,2736,74,4094,3316,1637
197137225189,211,3255,273,25562,3317,1637
197137236684,191,2725,91,3817,3318,1637
197137247765,26,3329,45,799,3318,1638
197137258414,199,4064,559,35367,3319,1638
197137269967,207,4341,197,9592,3320,1638
197137280750,39,3451,50,2199,3320,1639
197137291832,223,2629,207,14384,3321,1639
197137302886,23,3419,55,2206,3321,1640
197137314002,139,3144,64,2314,3322,1640
197137325035,292,3141,97,7265,3323,1640
197137336588,362,3549,173,14436,3324,1640
197137347633,21,3505,47,1913,3324,1641
197137358848,386,3614,95,7633,3325,1641
197137369905,146,3105,156,13965,3326,1641
197137380978,25,3072,54,2065,3326,1642
197137391848,354,3706,109,7984,3327,1642
197137403249,153,2901,170,14981,3328,1642
197137414359,32,3239,50,2175,3328,1643
197137425057,462,3246,55,2434,3329,1643
197137436626,186,3616,93,6923,3330,1643
197137447559,21,3043,60,1955,3330,1644
197137458933,212,3689,177,15283,3331,1644
197137469635,25,4553,56,2162,3331,1645
197137481157,257,3430,98,7885,3332,1645
197137492004,311,3190,55,2162,3333,1645
197137503355,141,3738,119,2958,3334,1645
197137514030,21,2814,37,757,3334,1646
197137525570,182,3586,47,723,3335,1646
197137536638,215,3858,40,723,3336,1646
197137547632,20,3544,31,723,3336,1647
197137558797,224,3320,351,33588,3337,1647
197137570296,241,3230,115,9192,3338,1647
197137580909,27,3305,43,2282,3338,1648
197137591978,1166,3222,235,14779,3339,1648
197137603059,143,3710,94,7094,3340,1648
197137614097,19,3166,47,2108,3340,1649
197137625097,196,3143,46,2072,3341,1649
197137636668,385,2913,65,2702,3342,1649
197137647281,27,2758,52,1779,3342,1650
197137658455,274,2770,178,14741,3343,1650
197137669711,237,2705,59,2604,3344,1650
197137680756,22,3334,48,2050,3344,1651
197137691768,193,3580,101,7277,3345,1651
197137702808,26,3177,50,1785,3345,1652
197137713985,2787,3043,253,15218,3346,1652
197137725435,171,4107,102,7724,3347,1652
197137736173,179,2817,49,2088,3348,1652
197137747703,31,3259,53,1894,3348,1653
197137758828,183,3007,161,14644,3349,1653
197137769918,117,2895,998,7925,3350,1653
197137781062,28,2792,64,1762,3350,1654
197137792091,130,3126,87,6087,3351,1654
197137803248,158,3288,340,34121,3352,1654
197137814182,21,3004,107,3822,3352,1655
197137825288,134,3377,95,7827,3353,1655
197137836311,121,3858,159,14823,3354,1655
197137847522,23,3465,73,2210,3354,1656
197137858462,157,4255,149,7859,3355,1656
197137869795,1785,4009,58,2179,3356,1656
197137881017,28,3213,48,1838,3356,1657
197137891907,270,3258,65,2537,3357,1657
197137903278,314,3125,191,14955,3358,1657
197137914090,27,3425,56,2239,3358,1658
197137925157,257,3545,65,2514,3359,1658
197137936594,184,4839,108,7186,3360,1658
197137947724,22,3528,46,1883,3360,1659
197137958888,368,3470,168,15130,3361,1659
197137970090,185,4099,105,7615,3362,1659
197137980617,24,3141,45,1863,3362,1660
197137991707,323,3724,50,2144,3363,1660
197138003306,247,3048,157,14470,3364,1660
197138014207,22,3456,50,2336,3364,1661
197138025211,196,4007,112,8217,3365,1661
197138036493,160,3551,170,15813,3366,1661
197138047468,22,3373,41,2121,3366,1662
197138058474,250,3547,176,8139,3367,1662
197138069883,166,3832,76,4299,3368,1662
197138081066,24,3717,37,877,3368,1663
197138092059,305,3868,73,760,3369,1663
197138102958,152,3486,371,35574,3370,1663
197138113958,25,2927,70,4021,3370,1664
197138125213,210,4040,54,2514,3371,1664
197138136314,196,3642,164,14564,3372,1664
197138147460,21,4059,51,2187,3372,1665
197138158832,382,4019,60,2472,3373,1665
197138169925,207,3506,48,2259,3374,1665
197138180970,20,3507,45,2074,3374,1666
197138191962,174,3099,95,7394,3375,1666
197138202960,132,4007,162,15189,3376,1666
197138213959,20,3043,42,2013,3376,1667
197138225188,215,2939,93,7606,3377,1667
197138236572,335,5093,63,2019,3378,1667
197138247400,26,2956,95,1758,3378,1668
197138258739,405,3756,169,14418,3379,1668
197138270156,272,3085,146,7983,3380,1668
197138280734,30,3292,89,1876,3380,1669
197138291806,177,4250,198,16207,3381,1669
197138302830,26,3436,56,2193,3381,1670
197138314346,212,3307,96,2452,3382,1670
197138325369,148,2902,49,2118,3383,1670
197138336164,231,3092,92,6591,3384,1670
197138347686,20,2863,34,807,3384,1671
197138358695,119,3102,68,4137,3385,1671
197138369736,107,2909,34,785,3386,1671
197138380759,24,2607,30,718,3386,1672
197138391792,199,2919,353,35480,3387,1672
197138403032,295,3419,116,9603,3388,1672
197138414007,22,3131,43,2253,3388,1673
197138425251,139,2639,146,12113,3389,1673
197138436392,158,2615,106,7316,3390,1673
197138447338,33,2570,60,1986,3390,1674
197138458502,377,2861,162,13842,3391,1674
197138469913,205,45290,122,7699,3392,1674
197138526628,851,2701,117,4211,3393,1674
197138538298,312,2718,272,14205,3394,1674
197138549275,38,3665,70,1161,3394,1675
197138560452,312,4159,62,1635,3395,1675
197138571500,126,4212,519,34842,3396,1675
197138582222,24,3268,100,3960,3396,1676
197138593286,377,3345,186,15720,3397,1676
197138604449,953,3681,102,7563,3398,1676
197138615677,27,3767,54,2052,3398,1677
197138626645,173,4165,70,2436,3399,1677
197138637962,267,3843,54,2585,3400,1677
197138649012,25,3270,63,1892,3400,1678
197138660112,424,3978,179,14701,3401,1678
197138671274,236,3364,66,2477,3402,1678
197138682427,26,3214,51,1968,3402,1679
197138693455,178,4104,103,7454,3403,1679
197138704543,450,3579,170,15301,3404,1679
197138715634,23,3569,51,2199,3404,1680
197138726704,210,3887,97,7786,3405,1680
197138738143,430,4476,111,2063,3406,1680
197138749304,31,3570,63,1852,3406,1681
197138760334,382,3642,163,14537,3407,1681
197138771371,430,2962,112,7922,3408,1681
197138782355,31,4041,60,2004,3408,1682
197138793611,195,3154,167,14665,3409,1682
197138804721,471,3477,48,1474,3410,1682
197138815949,24,3865,44,854,3410,1683
197138827173,287,3503,37,839,3411,1683
197138837694,181,3211,324,32691,3412,1683
197138848861,25,2938,68,3683,3412,1684
197138860181,357,3769,107,8233,3413,1684
197138871123,287,4217,54,2153,3414,1684
197138882141,21,3737,46,1858,3414,1685
197138893679,363,3072,58,2324,3415,1685
197138904807,286,3570,235,23651,3416,1685
197138915938,35,4020,74,2722,3416,1686
197138927061,369,3368,44,1995,3417,1686
197138938073,135,2833,262,26578,3418,1686
197138948948,23,2795,43,1777,3418,1687
197138960173,273,3044,193,14934,3419,1687
197138971100,213,2892,100,7466,3420,1687
197138982621,22,3001,88,1572,3420,1688
197138993721,541,2961,166,1917,3421,1688
197139004718,296,2897,155,14265,3422,1688
197139015837,28,2879,42,1882,3422,1689
197139027081,231,2886,105,7822,3423,1689
197139038163,160,3171,164,14780,3424,1689
197139049127,24,3205,108,1514,3424,1690
197139060333,227,2950,262,27493,3425,1690
197139071138,530,3057,73,4370,3426,1690
197139082179,19,2713,32,871,3426,1691
197139093420,232,3362,48,777,3427,1691
197139104773,193,3756,415,35614,3428,1691
197139115787,26,6726,75,3961,3428,1692
197139126930,237,3846,53,2463,3429,1692
197139137714,110,3302,159,14653,3430,1692
197139148799,31,2778,45,2062,3430,1693
197139160339,121,2726,57,2389,3431,1693
197139171358,199,3106,46,2175,3432,1693
197139182461,19,2990,87,2008,3432,1694
197139193636,157,2854,95,7292,3433,1694
197139204872,107,3126,205,15001,3434,1694
197139215583,28,3430,49,2047,3434,1695
197139227124,228,4071,45,1273,3435,1695
197139238082,163,3574,36,767,3436,1695
197139249358,27,2756,34,767,3436,1696
197139260339,305,3284,533,35569,3437,1696
197139271248,360,3294,131,9622,3438,1696
197139282315,29,3014,55,2292,3438,1697
197139293354,153,2894,192,14366,3439,1697
197139304771,274,3280,62,2477,3440,1697
197139315775,24,2849,47,1951,3440,1698
197139326977,141,2862,99,7426,3441,1698
197139338007,162,2803,165,14510,3442,1698
197139348844,21,2668,46,2010,3442,1699
197139360392,133,3797,110,8339,3443,1699
197139371522,135,3113,155,14400,3444,1699
197139382719,26,3276,48,2204,3444,1700
197139393366,153,3821,100,7242,3445,1700
197139404363,264,3885,403,43541,3446,1700
197139415813,27,2906,105,5247,3446,1701
197139426723,259,3632,212,3283,3447,1701
197139437829,228,2754,112,8085,3448,1701
197139448806,22,3357,58,2265,3448,1702
197139460113,131,2912,169,15675,3449,1702
197139471229,174,3159,104,7922,3450,1702
197139482221,21,3038,95,2338,3450,1703
197139493697,200,3856,78,4599,3451,1703
197139504935,195,3071,483,35519,3452,1703
197139515973,27,3160,340,3822,3452,1704
197139526639,165,2911,110,8072,3453,1704
197139537784,161,2773,236,14547,3454,1704
197139548823,30,3227,47,2265,3454,1705
197139560342,175,2727,144,2389,3455,1705
197139571650,244,2804,134,7419,3456,1705
197139582168,33,13020,66,1886,3456,1706
197139606445,202,2720,88,2344,3457,1706
197139617583,34,3686,72,1858,3457,1707
197139628665,205,4049,81,2096,3458,1707
197139639870,253,4026,80,2362,3459,1707
197139651029,37,3768,76,1772,3459,1708
197139662180,188,2667,287,14683,3460,1708
197139673343,466,2934,82,2380,3461,1708
197139684660,30,2983,52,1872,3461,1709
197139695677,344,3011,101,7089,3462,1709
197139706614,294,3271,176,15171,3463,1709
197139717731,25,3045,59,2297,3463,1710
197139728964,264,3420,105,8032,3464,1710
197139739960,238,3138,60,2273,3465,1710
197139751081,22,3226,49,1934,3465,1711
197139762047,416,2902,156,14676,3466,1711
197139773206,1021,3173,149,8227,3467,1711
197139784204,25,2815,53,1969,3467,1712
197139795804,223,2987,86,6112,3468,1712
197139806418,114,2995,37,935,3469,1712
197139817529,27,2874,47,892,3469,1713
197139829183,163,4127,361,35180,3470,1713
197139840185,145,3208,248,17523,3471,1713
197139851251,29,2886,111,2616,3471,1714
197139862387,155,3227,112,7971,3472,1714
197139873424,117,2778,54,2275,3473,1714
197139884438,34,2576,59,1983,3473,1715
197139895504,152,2695,170,14608,3474,1715
197139906802,181,2666,63,2577,3475,1715
197139917760,26,2561,61,2028,3475,1716
197139928803,191,2626,59,2230,3476,1716
197139939754,111,2635,104,7487,3477,1716
197139950930,27,2561,48,1877,3477,1717
197139962426,124,2710,166,15199,3478,1717
197139973532,194,34926,123,7665,3479,1717
197140020232,188,3983,105,4194,3480,1717
197140031451,33,3613,61,1840,3480,1718
197140042480,173,4053,245,15459,3481,1718
197140053572,111,3790,69,2606,3482,1718
197140064851,20,2919,60,2091,3482,1719
197140075419,209,3199,129,7429,3483,1719
197140086519,316,3766,173,15480,3484,1719
197140097619,24,2658,46,2285,3484,1720
197140109150,157,3501,110,8602,3485,1720
197140120166,146,3571,155,14860,3486,1720
197140131257,20,3630,68,2366,3486,1721
197140142199,329,3782,109,8219,3487,1721
197140153204,434,3861,163,15238,3488,1721
197140164837,20,3020,53,2309,3488,1722
197140175579,273,3139,127,2595,3489,1722
197140186607,387,3614,96,7073,3490,1722
197140197683,20,3326,64,1317,3490,1723
197140209041,207,3137,76,4646,3491,1723
197140220223,237,3787,36,788,3492,1723
197140231273,43,2685,34,730,3492,1724
197140242324,148,3598,32,729,3493,1724
197140253514,293,3922,376,35525,3494,1724
197140264665,48,3227,66,3747,3494,1725
197140275705,202,3750,107,8031,3495,1725
197140286956,136,4083,165,14607,3496,1725
197140297951,22,3494,42,2196,3496,1726
197140308757,233,4441,55,2371,3497,1726
197140320431,118,3553,98,7258,3498,1726
197140331151,23,2988,49,1871,3498,1727
197140342190,289,3827,154,14386,3499,1727
197140353290,223,3527,95,7461,3500,1727
197140364477,21,3022,45,1882,3500,1728
197140375802,450,3774,147,13486,3501,1728
197140386810,123,4194,102,7836,3502,1728
197140397678,23,3859,47,1921,3502,1729
197140408952,300,3237,158,14595,3503,1729
197140419971,318,3056,53,2580,3504,1729
197140431020,23,4094,47,2039,3504,1730
197140442822,124,3434,90,7181,3505,1730
197140453539,236,3367,262,24739,3506,1730
197140464635,19,2946,54,2560,3506,1731
197140475862,168,2823,85,6878,3507,1731
197140487022,203,2607,71,4344,3508,1731
197140497977,21,3233,32,851,3508,1732
197140508940,198,3343,36,796,3509,1732
197140520056,376,4213,335,35486,3510,1732
197140531134,25,3099,64,3808,3510,1733
197140542305,169,3138,166,6282,3511,1733
197140553275,134,2989,369,34033,3512,1733
197140564392,23,3710,70,3777,3512,1734
197140575464,268,3310,100,7683,3513,1734
197140586498,159,3999,173,14794,3514,1734
197140598095,25,3508,50,2055,3514,1735
197140609092,342,3748,162,7584,3515,1735
197140619859,140,3898,194,13896,3516,1735
197140631041,25,3006,49,2123,3516,1736
197140642269,239,3158,97,7981,3517,1736
197140653346,209,3829,161,14876,3518,1736
197140664382,20,3333,44,2211,3518,1737
197140675456,331,3726,51,2518,3519,1737
197140686872,249,4495,782,7122,3520,1737
197140697905,24,4360,63,1828,3520,1738
197140708907,178,3258,223,15158,3521,1738
197140720225,407,3284,138,7917,3522,1738
197140731278,28,3497,70,1905,3522,1739
197140742260,242,3690,47,2213,3523,1739
197140753428,236,3636,163,14777,3524,1739
197140764559,21,3065,49,2373,3524,1740
197140775804,406,3064,43,1506,3525,1740
197140787803,789,4416,221,14448,3526,1740
197140797725,25,3203,51,2014,3526,1741
197140809246,304,3667,249,21430,3527,1741
197140820250,394,4355,99,7198,3528,1741
197140831266,21,3760,47,1602,3528,1742
197140842375,222,3311,154,14328,3529,1742
197140853238,324,3532,114,7241,3530,1742
197140864243,21,3183,42,1639,3530,1743
197140875844,356,3237,49,1964,3531,1743
197140886824,198,3135,160,14158,3532,1743
197140897898,26,3038,42,1851,3532,1744
197140908930,328,3537,56,2235,3533,1744
197140920391,348,3329,50,1840,3534,1744
197140931881,40,3915,67,1578,3534,1745
197140942426,205,3483,86,6803,3535,1745
197140953523,288,3393,160,14621,3536,1745
197140964421,19,3362,46,1992,3536,1746
197140975426,394,3318,99,7622,3537,1746
197140987027,364,3081,242,21523,3538,1746
197140997949,19,2941,42,1829,3538,1747
197141008784,268,3917,156,14136,3539,1747
197141020370,478,4209,298,27750,3540,1747
197141031003,22,3484,76,1765,3540,1748
197141042213,396,4247,175,15060,3541,1748
197141053195,148,3363,52,2213,3542,1748
197141064376,21,3517,46,1744,3542,1749
197141075503,359,3885,50,1953,3543,1749
197141086623,125,4707,146,6694,3544,1749
197141097811,20,3042,30,832,3544,1750
197141108853,135,4195,77,4224,3545,1750
197141120132,239,3533,406,34898,3546,1750
197141131281,23,2633,61,3780,3546,1751
197141142287,126,3274,155,14828,3547,1751
197141153271,140,3226,55,2553,3548,1751
197141164299,20,3221,44,1909,3548,1752
197141175412,115,4244,50,2096,3549,1752
197141187018,1753,3522,95,6924,3550,1752
197141197553,20,3137,43,1932,3550,1753
197141209061,128,3295,157,14942,3551,1753
197141220603,198,3472,98,7602,3552,1753
197141231202,20,3473,66,1708,3552,1754
197141244606,1532,4800,134,11609,3553,1754
197141253200,104,2934,157,14587,3554,1754
197141264291,20,2996,67,2186,3554,1755
197141275490,118,2669,104,7939,3555,1755
197141286596,1022,3051,166,14711,3556,1755
197141298052,22,3066,47,1533,3556,1756
197141309097,139,2712,244,21634,3557,1756
197141320199,126,3824,45,2029,3558,1756
197141331313,21,3285,40,1710,3558,1757
197141342376,98,3870,95,7593,3559,1757
197141353463,102,3981,43,1900,3560,1757
197141364899,20,2985,44,1660,3560,1758
197141375439,120,3231,230,13594,3561,1758
197141386499,112,3119,43,1421,3562,1758
197141397635,26,3751,42,678,3562,1759
197141408869,356,4031,45,676,3563,1759
197141420485,265,4940,320,33639,3564,1759
197141430949,26,4143,66,3771,3564,1760
197141442159,227,3895,98,7668,3565,1760
197141453438,111,3549,157,14869,3566,1760
197141464914,21,3047,44,2150,3566,1761
197141475453,217,4222,112,7792,3567,1761
197141486988,399,3601,54,2181,3568,1761
197141498019,20,3164,46,1823,3568,1762
197141509033,258,3208,153,14327,3569,1762
197141520098,266,3200,96,7848,3570,1762
197141531106,20,3436,60,1911,3570,1763
197141542158,1299,2961,162,14883,3571,1763
197141553396,196,3298,61,3119,3572,1763
197141564428,21,3253,44,1935,3572,1764
197141575525,168,3320,95,6992,3573,1764
197141586567,350,3420,133,11876,3574,1764
197141597685,18,4858,71,1973,3574,1765
197141609260,275,3267,46,2118,3575,1765
197141620236,169,3690,154,14405,3576,1765
197141631649,20,3221,47,2267,3576,1766
197141642251,285,3214,108,8139,3577,1766
197141653308,338,3288,107,7552,3578,1766
197141664447,25,3092,70,980,3578,1767
197141675862,257,3420,44,1083,3579,1767
197141686772,388,3544,352,34893,3580,1767
197141697939,23,3379,68,3790,3580,1768
197141709052,218,3739,168,15682,3581,1768
197141719874,674,3503,100,7589,3582,1768
197141731077,19,3262,44,1991,3582,1769
197141742095,2370,3083,54,2343,3583,1769
197141753272,109,2780,155,14195,3584,1769
197141764320,26,2775,45,1990,3584,1770
197141775875,192,2995,194,17646,3585,1770
197141786886,568,3047,173,15942,3586,1770
197141797711,22,4024,46,2128,3586,1771
197141808821,285,3672,50,2349,3587,1771
197141819843,243,3521,95,7331,3588,1771
197141831372,21,2850,41,1846,3588,1772
197141842483,112,3112,159,15298,3589,1772
197141853468,217,3007,99,7136,3590,1772
197141864628,25,3166,48,1993,3590,1773
197141875469,378,3126,158,14579,3591,1773
197141886752,267,3363,107,7959,3592,1773
197141897778,37,2896,76,2034,3592,1774
197141908821,197,3684,213,15081,3593,1774
197141919944,255,4235,56,2424,3594,1774
197141931569,20,3133,46,1944,3594,1775
197141942208,301,3486,61,2325,3595,1775
197141953365,783,5337,1518,1590,3596,1775
197141964612,22,3558,30,720,3596,1776
197141975691,416,3355,374,35178,3597,1776
197141986647,132,2671,67,4234,3598,1776
197141997682,28,2527,51,2189,3598,1777
197142008786,141,2663,159,14413,3599,1777
197142019885,157,2724,133,7706,3600,1777
197142031015,33,2592,49,1817,3600,1778
197142042095,144,2663,171,15242,3601,1778
197142053624,121,2685,53,2625,3602,1778
197142064762,19,2523,37,1997,3602,1779
197142075827,205,44608,125,7461,3603,1779
197142132023,181,2691,110,5122,3604,1779
197142143257,204,2800,528,35057,3605,1779
197142154331,141,4167,301,16757,3606,1779
197142165391,29,3403,74,2604,3606,1780
197142176486,133,4217,76,2555,3607,1780
197142187693,147,2666,125,6825,3608,1780
197142198849,24,3081,52,1618,3608,1781
197142209965,769,3396,69,4253,3609,1781
197142221053,401,2860,38,789,3610,1781
197142232087,17,3867,37,756,3610,1782
197142243181,262,3056,331,35080,3611,1782
197142254509,354,3184,177,16369,3612,1782
197142265561,37,2812,49,2512,3612,1783
197142276598,119,6329,102,7824,3613,1783
197142287684,240,3831,327,15056,3614,1783
197142298648,23,3197,49,2157,3614,1784
197142309910,119,3252,57,3117,3615,1784
197142321017,179,3583,104,7607,3616,1784
197142332077,20,3509,48,1830,3616,1785
197142343191,127,3268,161,15196,3617,1785
197142355133,1708,4128,100,7732,3618,1785
197142365611,21,3170,48,2028,3618,1786
197142376643,124,3582,146,13619,3619,1786
197142387654,119,4139,97,7840,3620,1786
197142398646,22,3895,112,1649,3620,1787
197142409819,205,3165,151,14189,3621,1787
197142420990,145,3826,331,22056,3622,1787
197142432148,20,3614,48,1864,3622,1788
197142443225,279,3502,97,7171,3623,1788
197142454396,201,3786,156,14969,3624,1788
197142465314,20,2952,43,2013,3624,1789
197142476407,319,3487,43,1275,3625,1789
197142487432,219,3343,43,689,3626,1789
197142499022,25,3146,38,689,3626,1790
197142510026,227,2904,35,689,3627,1790
197142521189,255,3462,411,35227,3628,1790
197142532298,23,3241,75,3783,3628,1791
197142543362,429,3193,176,15675,3629,1791
197142554442,175,3864,56,2583,3630,1791
197142565641,19,2980,44,1994,3630,1792
197142576321,263,3218,97,7356,3631,1792
197142589241,192,2815,191,15040,3632,1792
197142598882,29,3463,51,2191,3632,1793
197142609929,249,3130,97,7840,3633,1793
197142620947,190,3253,152,14013,3634,1793
197142632105,20,3071,45,1968,3634,1794
197142643185,240,4227,106,7540,3635,1794
197142654259,136,3167,154,14830,3636,1794
197142665366,19,3556,51,2290,3636,1795
197142676433,187,3174,51,2528,3637,1795
197142687423,482,3272,98,7042,3638,1795
197142698524,20,3669,46,1623,3638,1796
197142709947,493,3699,238,24214,3639,1796
197142721106,208,3215,99,7427,3640,1796
197142732064,20,4064,47,1194,3640,1797
197142743138,250,3449,218,21250,3641,1797
197142754263,276,3212,144,13725,3642,1797
197142765239,20,3038,39,1208,3642,1798
197142776310,425,2964,68,1231,3643,1798
197142788106,281,3030,311,32969,3644,1798
197142798802,27,2859,74,3628,3644,1799
197142809919,244,3003,54,2247,3645,1799
197142820962,339,3114,99,7316,3646,1799
197142832067,22,3009,43,1901,3646,1800
197142843099,139,3601,165,14508,3647,1800
197142854281,107,3508,97,7488,3648,1800
197142865348,23,3246,69,1880,3648,1801
197142876618,163,3726,150,13346,3649,1801
197142887683,185,3384,95,7682,3650,1801
197142898677,22,3051,39,1880,3650,1802
197142909761,263,4047,154,14627,3651,1802
197142920794,122,3223,58,2517,3652,1802
197142932317,19,3545,56,1994,3652,1803
197142943338,251,3037,90,6840,3653,1803
197142954424,114,3872,76,4884,3654,1803
197142965535,19,3195,54,818,3654,1804
197142976542,242,3378,31,767,3655,1804
197142987664,198,3807,33,754,3656,1804
197142998621,24,2847,35,753,3656,1805
197143009931,163,3490,339,35379,3657,1805
197143021075,384,2884,114,9565,3658,1805
197143032070,23,2901,173,2360,3658,1806
197143043192,291,2893,177,14322,3659,1806
197143054597,169,3096,51,2572,3660,1806
197143065550,20,3092,46,1963,3660,1807
197143076595,584,2939,97,7504,3661,1807
197143087650,346,3109,155,14444,3662,1807
197143098530,21,2789,40,2067,3662,1808
197143109624,248,2895,140,7892,3663,1808
197143121184,109,2851,156,14196,3664,1808
197143132071,20,2942,81,1934,3664,1809
197143143123,250,3046,99,7788,3665,1809
197143154098,106,2969,156,14871,3666,1809
197143165268,20,3120,44,2270,3666,1810
197143176395,334,3187,52,2534,3667,1810
197143187396,198,3343,97,6921,3668,1810
197143198687,20,3551,51,1270,3668,1811
197143209765,306,3203,339,33673,3669,1811
197143220976,622,3004,120,7425,3670,1811
197143231954,28,3648,61,1383,3670,1812
197143243282,198,4123,69,4424,3671,1812
197143254443,331,3810,34,814,3672,1812
197143265630,19,2993,35,761,3672,1813
197143276638,324,3370,449,35219,3673,1813
197143287567,271,3748,195,17884,3674,1813
197143298780,25,3605,57,2589,3674,1814
197143309824,262,3171,51,2534,3675,1814
197143320826,309,3560,90,6874,3676,1814
197143331879,21,2915,54,1615,3676,1815
197143342902,147,3410,241,24348,3677,1815
197143354128,173,5000,105,8193,3678,1815
197143367011,19,2727,55,2346,3678,1816
197143376585,506,3171,154,13871,3679,1816
197143387719,448,3676,110,7811,3680,1816
197143398647,24,3379,49,2164,3680,1817
197143409658,478,4474,178,14677,3681,1817
197143421163,167,2650,59,2613,3682,1817
197143432278,140,3578,52,2156,3682,1818
197143443273,312,3998,107,7753,3683,1818
197143454463,156,3862,176,15413,3684,1818
197143465156,28,3483,58,2329,3684,1819
197143476465,304,3825,546,8035,3685,1819
197143487416,131,3106,56,2282,3686,1819
197143498717,28,2996,50,2009,3686,1820
197143509949,201,4493,178,14695,3687,1820
197143521060,306,4132,53,1592,3688,1820
197143532129,23,3806,40,690,3688,1821
197143543235,323,3382,53,690,3689,1821
197143554055,344,4480,350,33740,3690,1821
197143565703,26,3267,75,3742,3690,1822
197143576242,361,4301,105,7693,3691,1822
197143587764,128,3058,1337,14904,3692,1822
197143598800,53,4658,70,2237,3692,1823
197143610015,225,3264,215,7806,3693,1823
197143621419,187,3708,102,2340,3694,1823
197143631871,29,3686,51,2010,3694,1824
197143643383,199,3783,69,2684,3695,1824
197143654414,378,3573,163,14829,3696,1824
197143665293,23,3637,52,1984,3696,1825
197143676443,237,4405,59,2316,3697,1825
197143687702,146,3664,108,7073,3698,1825
197143698811,22,3572,45,1833,3698,1826
197143709923,319,3477,164,15028,3699,1826
197143720953,200,3595,100,7720,3700,1826
197143732030,20,2854,47,1925,3700,1827
197143743405,120,3017,47,2232,3701,1827
197143754366,116,2954,154,14727,3702,1827
197143765442,20,3179,52,2100,3702,1828
197143776506,213,3292,43,1543,3703,1828
197143787584,343,2940,46,714,3704,1828
197143798868,24,3166,39,710,3704,1829
197143810038,204,2965,345,33941,3705,1829
197143821137,350,2974,119,9267,3706,1829
197143832145,19,2834,46,2340,3706,1830
197143843390,130,3199,211,14754,3707,1830
197143854440,124,2957,94,7567,3708,1830
197143865492,34,3195,120,2020,3708,1831
197143876511,284,3664,55,2423,3709,1831
197143887733,952,3403,58,2549,3710,1831
197143898745,24,3216,147,1878,3710,1832
197143909798,162,3032,160,14792,3711,1832
197143921018,176,3801,57,2409,3712,1832
197143932161,20,3679,155,1948,3712,1833
197143943385,202,3044,92,6972,3713,1833
197143954346,121,2826,290,24426,3714,1833
197143965199,21,2943,54,2722,3714,1834
197143976454,137,2615,99,7974,3715,1834
197143987541,161,2657,69,2430,3716,1834
197143998830,30,2586,46,2027,3716,1835
197144053310,209,3266,165,14652,3717,1835
197144068306,529,3265,64,1667,3718,1835
197144079460,288,4883,737,35142,3719,1835
197144090562,144,4089,230,17371,3720,1835
197144101668,55,4180,79,2611,3720,1836
197144112761,124,4262,156,7810,3721,1836
197144123886,139,2963,62,2171,3722,1836
197144135014,29,3067,59,1850,3722,1837
197144146156,160,3107,166,14369,3723,1837
197144157231,140,2826,66,2604,3724,1837
197144168257,24,2986,52,2017,3724,1838
197144179352,233,3015,47,2186,3725,1838
197144190442,269,3545,104,7351,3726,1838
197144201535,21,2910,50,1939,3726,1839
197144212820,157,2989,163,15195,3727,1839
197144223984,250,3145,153,7953,3728,1839
197144234985,20,2875,47,1890,3728,1840
197144246142,1404,3972,42,2153,3729,1840
197144257170,102,3429,156,14683,3730,1840
197144268216,56,3343,47,2140,3730,1841
197144279551,784,3020,107,7153,3731,1841
197144290641,145,4042,346,43499,3732,1841
197144301424,20,3203,74,5337,3732,1842
197144312406,214,3602,101,8648,3733,1842
197144323941,186,4054,67,4282,3734,1842
197144335065,22,2842,40,904,3734,1843
197144346207,173,3036,35,795,3735,1843
197144356957,188,3862,459,35767,3736,1843
197144368836,33,4704,65,4013,3736,1844
197144379348,399,2974,51,2527,3737,1844
197144390397,308,2969,151,14597,3738,1844
197144401497,18,3068,50,2095,3738,1845
197144412729,236,3427,60,2384,3739,1845
197144423707,311,4072,49,2169,3740,1845
197144434790,23,2993,53,1906,3740,1846
197144445781,322,3649,150,7146,3741,1846
197144456905,404,3735,161,15013,3742,1846
197144468257,20,3066,46,2206,3742,1847
197144479341,182,3516,97,7885,3743,1847
197144490264,262,2875,45,2212,3744,1847
197144501341,19,3011,45,1823,3744,1848
197144512927,273,3282,155,14554,3745,1848
197144523895,118,2979,99,8040,3746,1848
197144535155,41,5971,65,1935,3746,1849
197144545885,279,2846,163,15667,3747,1849
197144556994,167,2973,57,2415,3748,1849
197144568478,20,3906,80,1911,3748,1850
197144579476,199,3502,178,17367,3749,1850
197144590511,139,3753,52,2401,3750,1850
197144601609,19,4838,61,1956,3750,1851
197144612599,356,3676,62,3932,3751,1851
197144623879,194,3722,47,1883,3752,1851
197144635009,19,2933,36,725,3752,1852
197144646221,221,3312,34,700,3753,1852
197144656960,276,3820,388,35383,3754,1852
197144669061,79,3212,68,3806,3754,1853
197144679277,236,4534,142,12819,3755,1853
197144690454,105,3207,89,7272,3756,1853
197144701615,27,3203,60,1971,3756,1854
197144712611,236,3711,159,14945,3757,1854
197144723769,240,3601,94,7489,3758,1854
197144734828,20,2958,49,1954,3758,1855
197144745815,186,2979,69,2252,3759,1855
197144757313,308,3829,157,14377,3760,1855
197144768442,21,3713,47,2176,3760,1856
197144779491,429,3714,114,8103,3761,1856
197144790569,182,4268,174,15780,3762,1856
197144801769,24,3115,55,2177,3762,1857
197144812819,143,2733,55,2497,3763,1857
197144823913,161,2672,95,7150,3764,1857
197144834985,25,2775,58,1934,3764,1858
197144846081,183,2649,109,2335,3765,1858
197144856824,129,2667,48,1989,3766,1858
197144868050,21,2557,44,1804,3766,1859
197144913405,244,2759,113,5218,3767,1859
197144928375,276,2744,572,34153,3768,1859
197144939043,128,4072,119,6070,3769,1859
197144950156,25,3435,47,732,3769,1860
197144961293,133,4397,90,4111,3770,1860
197144972401,121,3894,645,35493,3771,1860
197144983485,23,3047,92,3921,3771,1861
197144994626,244,2775,55,2447,3772,1861
197145005421,596,2846,159,14477,3773,1861
197145016588,26,4218,48,2136,3773,1862
197145027790,389,2992,103,7719,3774,1862
197145038867,268,3640,170,15711,3775,1862
197145049911,22,3631,51,2226,3775,1863
197145060855,261,3008,50,2460,3776,1863
197145072493,315,3111,100,7232,3777,1863
197145083553,20,2959,46,1797,3777,1864
197145094687,184,2941,158,14974,3778,1864
197145105690,128,2931,102,7016,3779,1864
197145116736,27,3296,50,1837,3779,1865
197145127841,248,2982,151,14442,3780,1865
197145139034,128,2803,107,8069,3781,1865
197145150039,21,2912,158,1953,3781,1866
197145161062,255,2837,157,15005,3782,1866
197145172149,161,3392,50,1594,3783,1866
197145183556,30,3214,39,941,3783,1867
197145194834,167,3281,258,26935,3784,1867
197145205823,288,4180,155,14365,3785,1867
197145216687,21,3824,47,1324,3785,1868
197145227740,118,3528,92,7145,3786,1868
197145238782,149,3772,84,4291,3787,1868
197145250104,19,3057,37,795,3787,1869
197145261064,329,3483,369,35608,3788,1869
197145272149,219,3250,116,9684,3789,1869
197145283130,168,3866,116,2208,3789,1870
197145294279,331,3156,160,14590,3790,1870
197145305856,288,3571,50,2408,3791,1870
197145316900,29,3327,55,1865,3791,1871
197145328037,257,3609,97,7327,3792,1871
197145338972,118,3419,156,14591,3793,1871
197145350079,21,3116,49,2173,3793,1872
197145361208,243,3834,98,8006,3794,1872
197145372163,131,4119,154,14072,3795,1872
197145383304,21,2817,47,2170,3795,1873
197145394327,193,3333,165,7885,3796,1873
197145405845,129,2915,275,24396,3797,1873
197145416999,26,4421,59,2971,3797,1874
197145427658,250,3703,53,2825,3798,1874
197145439206,367,3362,101,7799,3799,1874
197145450183,20,3126,46,2119,3799,1875
197145461255,406,3957,163,15512,3800,1875
197145472272,317,4576,117,7878,3801,1875
197145483483,20,3852,49,2036,3801,1876
197145494557,202,3643,65,4469,3802,1876
197145505574,213,3228,360,35682,3803,1876
197145516761,21,3014,74,3866,3803,1877
197145527762,245,3118,148,6845,3804,1877
197145538818,511,3568,436,42674,3805,1877
197145550196,23,2893,71,4685,3805,1878
197145561166,236,3275,61,3841,3806,1878
197145572392,123,3038,111,7933,3807,1878
197145583569,19,2613,45,2158,3807,1879
197145594770,665,2824,155,14564,3808,1879
197145605818,128,3305,129,7335,3809,1879
197145616877,22,3384,51,2040,3809,1880
197145627882,343,3081,152,14628,3810,1880
197145639095,259,3385,111,8331,3811,1880
197145650258,32,3715,60,2076,3811,1881
197145661145,134,2728,160,15211,3812,1881
197145672372,185,3534,55,2690,3813,1881
197145683516,20,3088,46,2126,3813,1882
197145694747,134,4205,88,6603,3814,1882
197145705715,270,3345,75,4993,3815,1882
197145716847,20,3002,38,890,3815,1883
197145727872,174,3545,33,827,3816,1883
197145738972,180,3263,339,35488,3817,1883
197145750114,19,2929,64,3817,3817,1884
197145761187,135,2926,161,14955,3818,1884
197145772210,323,2959,99,8055,3819,1884
197145783392,22,2756,74,2002,3819,1885
197145794659,131,3441,174,16368,3820,1885
197145805836,126,3074,51,2523,3821,1885
197145816510,24,3590,55,1972,3821,1886
197145827630,194,4064,93,7256,3822,1886
197145839017,137,3897,167,15458,3823,1886
197145850151,22,2767,62,2233,3823,1887
197145861197,125,2635,141,8123,3824,1887
197145872217,150,3470,153,14214,3825,1887
197145883275,21,3112,53,2347,3825,1888
197145894447,192,3076,102,8431,3826,1888
197145905592,468,4308,168,15205,3827,1888
197145916479,31,3418,58,2381,3827,1889
197145928003,527,3002,59,2589,3828,1889
197145939141,328,4101,102,7291,3829,1889
197145950004,21,3019,49,1982,3829,1890
197145961315,247,3765,166,15425,3830,1890
197145972493,324,4422,46,1441,3831,1890
197145983502,20,3490,36,747,3831,1891
197145994550,131,3384,32,746,3832,1891
197146005846,169,2882,31,747,3833,1891
197146016570,19,2992,39,746,3833,1892
197146027617,144,3073,423,35334,3834,1892
197146039191,238,3021,191,16718,3835,1892
197146050275,29,3115,62,2451,3835,1893
197146061405,141,3460,57,2746,3836,1893
197146072434,118,3336,95,7230,3837,1893
197146083566,21,3047,50,1904,3837,1894
197146094684,161,2990,158,14953,3838,1894
197146105710,342,3105,107,7590,3839,1894
197146116803,25,2751,54,1961,3839,1895
197146128083,132,3125,59,2365,3840,1895
197146138831,140,3554,63,2469,3841,1895
197146149850,27,2804,52,1844,3841,1896
197146161378,130,3113,161,14823,3842,1896
197146172438,268,3047,56,2533,3843,1896
197146184007,61,2718,67,2016,3843,1897
197146194612,289,3662,95,7221,3844,1897
197146205806,148,3258,198,15372,3845,1897
197146216801,22,3941,50,1932,3845,1898
197146227797,130,3116,97,7776,3846,1898
197146238938,119,2724,51,2195,3847,1898
197146249973,22,2801,48,1818,3847,1899
197146261137,496,3888,155,14486,3848,1899
197146272111,154,2660,99,7544,3849,1899
197146283234,29,2580,50,1417,3849,1900
197146294522,164,2624,91,6498,3850,1900
197146305548,172,2663,348,34041,3851,1900
197146316598,31,2751,72,3786,3851,1901
197146327663,163,2687,103,7837,3852,1901
197146339089,121,2652,160,14850,3853,1901
197146349912,37,2679,68,2215,3853,1902
197146389287,302,2708,151,7863,3854,1902
197146403592,152,2730,193,10553,3855,1902
197146414708,31,3521,64,1930,3855,1903
197146425725,152,4112,54,2141,3856,1903
197146436812,145,3871,141,7067,3857,1903
197146447914,19,3377,57,1799,3857,1904
197146459140,143,3666,238,14947,3858,1904
197146470160,231,3196,106,7511,3859,1904
197146481723,23,3101,43,2063,3859,1905
197146492796,281,4674,60,2209,3860,1905
197146503740,274,3776,154,14566,3861,1905
197146514871,21,3609,45,1949,3861,1906
197146526007,342,3385,106,7611,3862,1906
197146537067,284,3607,82,3954,3863,1906
197146548200,25,3190,35,785,3863,1907
197146559382,317,3013,28,768,3864,1907
197146570358,123,2984,336,35261,3865,1907
197146581378,20,2588,59,3992,3865,1908
197146592563,246,2817,166,15787,3866,1908
197146603596,115,3002,114,7784,3867,1908
197146614787,22,2959,50,1965,3867,1909
197146625873,182,3181,52,2329,3868,1909
197146636901,196,3867,153,14503,3869,1909
197146648441,24,3411,48,2201,3869,1910
197146659021,140,3782,54,2494,3870,1910
197146670141,267,3843,53,2255,3871,1910
197146681709,22,3052,53,1932,3871,1911
197146692499,319,6274,104,7436,3872,1911
197146704010,109,3190,171,15306,3873,1911
197146715012,18,3182,44,2263,3873,1912
197146725961,116,3040,95,7920,3874,1912
197146737025,106,2955,43,2184,3875,1912
197146748049,24,3212,69,1930,3875,1913
197146759339,119,4183,152,14214,3876,1913
197146770321,311,3437,261,27369,3877,1913
197146781632,19,3157,52,1829,3877,1914
197146792690,160,3579,164,14543,3878,1914
197146803790,435,4048,135,12201,3879,1914
197146814829,23,2886,51,1918,3879,1915
197146826170,169,3787,47,1781,3880,1915
197146837371,377,3875,427,1141,3881,1915
197146848344,25,4199,63,712,3881,1916
197146859315,137,3238,33,712,3882,1916
197146870348,155,3032,359,35381,3883,1916
197146881388,21,3004,61,3744,3883,1917
197146892480,136,3124,193,14772,3884,1917
197146903537,227,2918,104,7684,3885,1917
197146914959,22,3009,48,2043,3885,1918
197146926024,199,4234,134,12196,3886,1918
197146937093,118,4014,104,7466,3887,1918
197146948231,24,3718,49,1975,3887,1919
197146959395,217,3734,177,15067,3888,1919
197146970395,110,3104,101,7759,3889,1919
197146981454,21,2952,103,1854,3889,1920
197146992517,112,3092,53,2142,3890,1920
197147003706,121,3035,157,14612,3891,1920
197147014768,20,3255,49,2256,3891,1921
197147025799,229,3805,100,8059,3892,1921
197147037297,231,2998,198,15805,3893,1921
197147048292,43,3204,47,2097,3893,1922
197147059193,194,2859,50,2401,3894,1922
197147070259,224,3212,98,6956,3895,1922
197147081279,19,3020,43,1947,3895,1923
197147092773,387,3518,90,2334,3896,1923
197147103812,212,3261,60,2026,3897,1923
197147114994,34,2570,65,1823,3897,1924
197147125875,226,4472,171,14306,3898,1924
197147137081,254,3701,75,1623,3899,1924
197147148108,27,3906,43,711,3899,1925
197147159288,376,3204,43,702,3900,1925
197147170571,404,4626,384,33893,3901,1925
197147181511,25,3684,67,3713,3901,1926
197147192560,252,3831,105,7720,3902,1926
197147203735,160,4991,162,14860,3903,1926
197147214717,22,3647,46,2153,3903,1927
197147225787,143,3990,97,7816,3904,1927
197147236974,384,3889,52,2230,3905,1927
197147248028,19,2944,41,1803,3905,1928
197147259151,313,3535,149,14346,3906,1928
197147270223,331,3306,98,7924,3907,1928
197147281660,19,3032,49,1914,3907,1929
197147292682,198,4111,187,15444,3908,1929
197147303807,350,4387,55,2663,3909,1929
197147315246,28,3710,49,1995,3909,1930
197147325666,229,3897,91,7219,3910,1930
197147337237,319,4000,174,15258,3911,1930
197147348820,29,3069,56,2362,3911,1931
197147359306,357,3547,144,8656,3912,1931
197147370521,347,3424,164,14770,3913,1931
197147382023,29,2870,52,2116,3913,1932
197147392550,416,3012,109,7932,3914,1932
197147403621,290,3248,191,15054,3915,1932
197147414779,31,3234,61,2156,3915,1933
197147425732,397,4085,70,2438,3916,1933
197147436944,230,5228,95,6477,3917,1933
197147448070,25,3324,34,921,3917,1934
197147459036,253,3310,77,3980,3918,1934
197147470593,444,3995,345,35379,3919,1934
197147481775,21,3565,66,3784,3919,1935
197147492594,368,3879,51,2405,3920,1935
197147503793,228,5182,157,14427,3921,1935
197147514783,19,3380,47,2082,3921,1936
197147525892,300,3392,95,7657,3922,1936
197147537246,623,3707,266,15044,3923,1936
197147548341,47,3046,43,2188,3923,1937
197147559342,327,3317,71,3012,3924,1937
197147570496,124,3121,98,7297,3925,1937
197147581520,25,3130,46,1833,3925,1938
197147592685,363,4635,165,15177,3926,1938
197147603629,206,3305,95,7060,3927,1938
197147614660,21,2995,47,1822,3927,1939
197147625830,309,4310,154,14360,3928,1939
197147637273,276,3573,106,8151,3929,1939
197147648439,45,3494,45,1902,3929,1940
197147658997,296,4526,178,15047,3930,1940
197147670541,186,3751,53,2511,3931,1940
197147681564,55,3517,44,1771,3931,1941
197147692601,198,3959,177,16823,3932,1941
197147703770,466,3842,165,15368,3933,1941
197147714774,21,3630,45,2178,3933,1942
197147725769,324,3790,40,1212,3934,1942
197147736808,416,3395,39,658,3935,1942
197147748114,43,3577,36,658,3935,1943
197147759171,124,3396,364,35359,3936,1943
197147770362,248,5327,122,9494,3937,1943
197147781284,21,4911,91,2306,3937,1944
197147792752,343,3497,214,14356,3938,1944
197147803827,135,3989,60,2430,3939,1944
197147814931,25,3769,60,1932,3939,1945
197147825952,355,3249,259,7494,3940,1945
197147837102,325,3855,165,14457,3941,1945
197147848173,24,3309,44,2074,3941,1946
197147859208,255,3512,104,7883,3942,1946
197147870257,119,3121,156,13984,3943,1946
197147881362,106,2895,56,2041,3943,1947
197147892834,132,3700,97,8016,3944,1947
197147903580,262,3191,161,14818,3945,1947
197147914887,21,3376,72,2343,3945,1948
197147925931,128,3013,46,1838,3946,1948
197147936958,276,3954,382,37250,3947,1948
197147948360,22,2948,60,3637,3947,1949
197147959524,379,4238,172,15738,3948,1949
197147970530,311,3570,102,8142,3949,1949
197147981317,43,3561,44,1914,3949,1950
197147992564,211,3408,44,2155,3950,1950
197148003684,181,4256,180,13974,3951,1950
197148014733,42,3188,42,1280,3951,1951
197148026214,291,3497,105,7231,3952,1951
197148037340,132,2928,73,3885,3953,1951
197148047961,24,2528,36,824,3953,1952
197148059130,199,4087,347,34033,3954,1952
197148070612,125,4071,113,9299,3955,1952
197148081440,71,3548,47,2290,3955,1953
197148092391,164,4036,215,14781,3956,1953
197148103990,113,2772,97,7638,3957,1953
197148115030,38,2902,50,2014,3957,1954
197148125726,426,4183,81,2320,3958,1954
197148137346,112,2854,51,2515,3959,1954
197148147952,20,3388,40,1833,3959,1955
197148159078,178,3505,157,14782,3960,1955
197148170418,185,4393,56,2389,3961,1955
197148181744,20,4112,69,1954,3961,1956
197148192910,115,3835,90,7201,3962,1956
197148203617,160,3027,187,15261,3963,1956
197148214749,23,3717,44,1907,3963,1957
197148225894,146,3245,104,7627,3964,1957
197148236940,221,4020,51,2055,3965,1957
197148247913,20,3192,44,1800,3965,1958
197148259397,181,3248,163,14454,3966,1958
197148270575,179,3225,93,7469,3967,1958
197148281665,23,2930,42,862,3967,1959
197148292787,142,2977,85,5823,3968,1959
197148303887,300,3250,38,912,3969,1959
197148314892,25,3449,36,830,3969,1960
197148326054,229,3427,369,35117,3970,1960
197148337194,173,3739,235,17377,3971,1960
197148348297,19,2927,48,2531,3971,1961
197148359280,337,3065,98,7802,3972,1961
197148370198,283,3214,53,2294,3973,1961
197148381360,19,3151,44,1982,3973,1962
197148392450,115,2982,152,14541,3974,1962
197148403869,110,2639,59,2679,3975,1962
197148414857,19,2826,42,2085,3975,1963
197148425933,128,2607,55,2294,3976,1963
197148437101,130,2622,105,7488,3977,1963
197148448226,41,2692,57,1974,3977,1964
197148459178,174,2647,202,15204,3978,1964
197148470252,115,2667,93,7929,3979,1964
197148481698,19,2573,39,1854,3979,1965
197148550174,216,2689,78,2113,3980,1965
197148564580,184,2660,207,11835,3981,1965
197148575850,245,4103,143,7297,3982,1965
197148586875,118,4241,247,15234,3983,1965
197148597973,21,3564,66,2340,3983,1966
197148609101,156,3922,148,8081,3984,1966
197148620224,203,3136,189,14210,3985,1966
197148631344,34,3543,63,2101,3985,1967
197148642310,270,4754,105,7995,3986,1967
197148653331,238,4864,174,15015,3987,1967
197148664459,21,3668,58,2339,3987,1968
197148675540,352,3537,58,2546,3988,1968
197148686687,307,3853,115,7472,3989,1968
197148697707,30,3509,60,1850,3989,1969
197148708840,203,4221,182,15434,3990,1969
197148720293,189,3562,103,7888,3991,1969
197148731316,25,3168,46,1895,3991,1970
197148742394,154,2920,50,2194,3992,1970
197148753589,287,3221,56,2522,3993,1970
197148764675,20,3717,32,761,3993,1971
197148775684,332,3714,348,35134,3994,1971
197148786839,397,4019,188,17358,3995,1971
197148797817,21,3134,51,2640,3995,1972
197148808821,511,3214,55,2481,3996,1972
197148819914,1672,3110,98,7259,3997,1972
197148830908,23,3121,45,1845,3997,1973
197148842468,149,3398,204,14934,3998,1973
197148853505,390,3058,145,7591,3999,1973
197148864553,19,3140,39,2130,3999,1974
197148875412,228,3310,54,2574,4000,1974
197148886637,137,3367,55,2664,4001,1974
197148897670,20,2980,40,1855,4001,1975
197148908920,137,2973,155,14858,4002,1975
197148919942,111,2815,53,2514,4003,1975
197148931121,19,2972,43,1984,4003,1976
197148942298,233,3405,134,6214,4004,1976
197148953297,209,3447,369,43596,4005,1976
197148964680,26,3117,77,5150,4005,1977
197148975675,127,2916,109,8632,4006,1977
197148986900,114,2641,51,2619,4007,1977
197148997635,20,2714,42,2157,4007,1978
197149008794,390,2923,78,5190,4008,1978
197149020085,125,2978,74,5007,4009,1978
197149031130,28,2946,42,718,4009,1979
197149042272,224,3596,400,42983,4010,1979
197149053238,112,3108,75,5278,4011,1979
197149064435,19,3247,49,2660,4011,1980
197149075508,160,3912,99,7634,4012,1980
197149086809,275,3195,163,15388,4013,1980
197149097677,36,3369,51,2521,4013,1981
197149109097,130,3187,101,8261,4014,1981
197149120187,292,3821,156,14495,4015,1981
197149131228,20,3991,58,2386,4015,1982
197149142513,335,3947,100,8212,4016,1982
197149153497,345,3259,239,15250,4017,1982
197149164346,19,2753,50,2634,4017,1983
197149175451,126,2835,55,2807,4018,1983
197149186480,110,3423,95,7366,4019,1983
197149197891,21,2702,46,2227,4019,1984
197149208836,122,3658,165,15561,4020,1984
197149220000,159,2838,92,8021,4021,1984
197149231014,18,4800,62,2158,4021,1985
197149242498,274,3388,48,2053,4022,1985
197149253645,417,3604,58,2986,4023,1985
197149264734,20,3714,92,755,4023,1986
197149275828,418,4327,50,753,4024,1986
197149286776,148,3881,347,33149,4025,1986
197149298387,19,4328,65,3597,4025,1987
197149309363,112,2656,42,2264,4026,1987
197149320135,124,4189,94,7222,4027,1987
197149331272,21,3073,44,1997,4027,1988
197149342073,482,4172,162,14460,4028,1988
197149354106,463,3246,108,7526,4029,1988
197149364802,23,2823,42,1948,4029,1989
197149375411,276,3252,55,2318,4030,1989
197149386776,258,3386,59,2529,4031,1989
197149397723,20,3214,73,1802,4031,1990
197149408837,399,3494,194,14654,4032,1990
197149420111,153,3429,49,2459,4033,1990
197149431112,19,2974,53,1945,4033,1991
197149442305,170,2990,100,7233,4034,1991
197149453300,292,3773,171,15316,4035,1991
197149464574,25,3097,51,1992,4035,1992
197149475588,1581,2975,100,7726,4036,1992
197149486729,277,3466,45,2041,4037,1992
197149497724,19,3136,42,1722,4037,1993
197149509030,262,3058,142,13440,4038,1993
197149520038,173,2836,58,3087,4039,1993
197149531051,22,2779,35,724,4039,1994
197149542494,133,2888,59,2448,4040,1994
197149553715,187,2776,44,728,4041,1994
197149564714,30,2942,34,720,4041,1995
197149575720,119,3183,354,35034,4042,1995
197149586797,113,2809,176,17140,4043,1995
197149597837,25,2618,53,2478,4043,1996
197149608890,319,2866,92,7657,4044,1996
197149620074,132,3026,155,13982,4045,1996
197149631119,19,3383,41,2161,4045,1997
197149642317,320,3373,44,2090,4046,1997
197149653273,291,3046,69,2568,4047,1997
197149664307,24,3046,48,2139,4047,1998
197149675438,270,3792,47,2278,4048,1998
197149686575,114,3108,96,7439,4049,1998
197149697595,25,2958,45,1800,4049,1999
197149709115,118,3074,161,15167,4050,1999
197149720203,113,3052,101,7717,4051,1999
197149730992,29,2952,40,1866,4051,2000
197149742245,308,3251,80,2194,4052,2000
197149753370,210,3408,157,14550,4053,2000
197149764423,21,3036,49,2316,4053,2001
197149775438,140,2934,112,8282,4054,2001
197149786493,364,3660,162,14973,4055,2001
197149798005,22,2955,44,1657,4055,2002
197149809654,290,3223,137,11715,4056,2002
197149820144,328,4441,49,1320,4057,2002
197149831575,21,3246,32,690,4057,2003
197149842042,423,3202,187,16606,4058,2003
197149853588,414,3638,73,3994,4059,2003
197149864711,22,3568,34,710,4059,2004
197149875734,150,3343,37,710,4060,2004
197149886784,157,2669,342,35482,4061,2004
197149897928,36,2584,82,3779,4061,2005
197149918607,348,2849,148,7937,4062,2005
197149933105,161,3564,103,2088,4062,2006
197149944170,147,4247,106,4825,4063,2006
197149955291,125,3998,233,13929,4064,2006
197149966387,20,3459,70,2006,4064,2007
197149977488,156,2703,152,7615,4065,2007
197149988883,781,2845,64,2223,4066,2007
197149999731,23,3195,55,1847,4066,2008
197150010907,3036,2711,155,14206,4067,2008
197150021935,177,3030,115,7672,4068,2008
197150033456,30,3656,54,1912,4068,2009
197150044567,303,3549,200,15480,4069,2009
197150055669,235,3325,52,2267,4070,2009
197150066744,20,3272,54,1901,4070,2010
197150077841,189,3253,118,7297,4071,2010
197150088960,392,3097,46,2214,4072,2010
197150099656,18,2734,46,1873,4072,2011
197150111261,191,2875,45,2174,4073,2011
197150122361,348,3864,158,14393,4074,2011
197150133357,45,3071,56,2332,4074,2012
197150144384,333,2931,46,1606,4075,2012
197150155286,297,3089,326,35317,4076,2012
197150166375,21,2787,64,3785,4076,2013
197150177395,107,2888,141,12776,4077,2013
197150188996,262,2927,95,7534,4078,2013
197150199681,19,2746,56,2085,4078,2014
197150210807,115,3220,160,15155,4079,2014
197150222413,116,2686,101,7753,4080,2014
197150233428,20,3529,47,1780,4080,2015
197150244501,131,2720,146,11952,4081,2015
197150255356,167,2671,194,14861,4082,2015
197150278348,207,2668,67,1738,4083,2015
197150292490,265,4124,550,33411,4084,2015
197150303673,122,4032,87,3597,4085,2015
197150314852,21,3491,58,1958,4085,2016
197150325989,192,4264,272,17310,4086,2016
197150337048,116,2828,241,14961,4087,2016
197150348181,39,2930,61,2232,4087,2017
197150359288,145,3160,106,7882,4088,2017
197150370294,125,2718,53,2491,4089,2017
197150381507,22,2902,48,2063,4089,2018
197150392689,186,2922,156,14590,4090,2018
197150403754,278,2958,69,2571,4091,2018
197150414852,24,2739,43,2090,4091,2019
197150425935,116,2736,54,2308,4092,2019
197150436948,183,2973,86,6741,4093,2019
197150448278,21,4054,47,1740,4093,2020
197150459487,151,3440,239,24356,4094,2020
197150470665,311,2970,104,8438,4095,2020
197150481673,21,3376,59,2113,4095,2021
197150492861,219,4048,50,2302,4096,2021
197150504025,235,3191,155,14756,4097,2021
197150515005,21,3476,49,2365,4097,2022
197150526076,422,3590,218,8063,4098,2022
197150537156,317,3183,188,15871,4099,2022
197150548372,23,3735,59,2575,4099,2023
197150559363,224,3543,61,2835,4100,2023
197150570407,112,3988,50,1928,4101,2023
197150581593,22,3246,43,1434,4101,2024
197150592708,300,3153,43,1596,4102,2024
197150604030,421,3868,333,35365,4103,2024
197150614630,21,3140,65,3886,4103,2025
197150626121,203,3258,106,2436,4104,2025
197150637182,384,3089,154,14488,4105,2025
197150648448,21,3650,44,2152,4105,2026
197150659334,255,4171,52,2426,4106,2026
197150670340,154,2649,49,2259,4107,2026
197150681451,31,2543,57,2048,4107,2027
197150692480,194,2636,96,7259,4108,2027
197150703815,22547,2795,274,15346,4109,2027
197150740476,219,3791,64,1369,4110,2027
197150751634,27,3832,37,728,4110,2028
197150762756,128,3911,33,729,4111,2028
197150773859,173,4202,533,35390,4112,2028
197150785005,35,2893,100,3796,4112,2029
197150796116,186,2894,259,16056,4113,2029
197150807273,151,3621,61,2500,4114,2029
197150818270,21,2629,57,1896,4114,2030
197150829269,159,4221,100,7216,4115,2030
197150840936,166,3443,215,15254,4116,2030
197150851519,32,4569,57,2139,4116,2031
197150863176,292,4544,105,7994,4117,2031
197150873761,285,4095,47,2149,4118,2031
197150884807,20,2998,46,1836,4118,2032
197150895911,265,3879,53,2487,4119,2032
197150907026,295,4408,162,14947,4120,2032
197150918344,20,3480,45,2130,4120,2033
197150929462,311,4520,45,1795,4121,2033
197150940558,311,3295,320,34808,4122,2033
197150951695,20,3592,204,3981,4122,2034
197150962807,355,3118,159,15219,4123,2034
197150973848,312,3184,260,26885,4124,2034
197150984841,23,2833,53,1825,4124,2035
197150996357,262,3370,44,1447,4125,2035
197151007394,190,3873,364,42795,4126,2035
197151018659,39,3819,128,4838,4126,2036
197151029791,149,3253,103,7147,4127,2036
197151040775,178,3947,64,4002,4128,2036
197151051708,21,5226,40,874,4128,2037
197151062798,147,3183,31,823,4129,2037
197151074201,392,3864,360,34491,4130,2037
197151085127,22,3299,68,3930,4130,2038
197151096265,357,3206,164,15629,4131,2038
197151107482,383,3595,190,16470,4132,2038
197151118834,30,3909,50,2073,4132,2039
197151129732,319,3381,158,14489,4133,2039
197151140818,355,3698,104,8219,4134,2039
197151151936,27,3971,76,1994,4134,2040
197151163118,196,2937,161,15040,4135,2040
197151173694,280,3564,52,2576,4136,2040
197151185253,21,3882,51,1968,4136,2041
197151196090,371,3069,94,7493,4137,2041
197151207034,136,3114,80,5277,4138,2041
197151218257,20,3303,36,898,4138,2042
197151229366,179,3059,325,34956,4139,2042
197151240531,1427,2877,7124,4203,4140,2042
197151252557,120,3103,156,14827,4141,2042
197151262614,19,2985,42,2242,4141,2043
197151274030,128,3346,105,7852,4142,2043
197151285094,40,3902,56,1883,4142,2044
197151296093,132,3222,186,15405,4143,2044
197151307124,118,2958,56,2346,4144,2044
197151318236,18,4440,50,1912,4144,2045
197151330055,135,3814,94,7330,4145,2045
197151340499,153,3591,163,15235,4146,2045
197151351549,24,4535,56,2287,4146,2046
197151362531,251,3639,94,7981,4147,2046
197151374165,233,2993,157,14068,4148,2046
197151385226,26,3537,53,2206,4148,2047
197151396297,209,4069,109,7935,4149,2047
197151407061,163,3447,164,14955,4150,2047
197151418557,24,3303,53,2316,4150,2048
197151429655,189,4321,54,2561,4151,2048
197151441122,183,4593,96,7402,4152,2048
197151451693,27,4322,52,2009,4152,2049
197151462704,215,3466,161,15499,4153,2049
197151473838,391,3371,103,7674,4154,2049
197151485035,20,4280,47,1932,4154,2050
197151495961,310,3461,45,2231,4155,2050
197151507223,290,3051,173,14337,4156,2050
197151518258,30,2906,50,1657,4156,2051
197151529710,412,3257,51,1868,4157,2051
197151540770,209,4466,395,32699,4158,2051
197151551870,31,3761,69,3562,4158,2052
197151563086,329,4034,47,2258,4159,2052
197151574239,191,3614,98,7318,4160,2052
197151585084,21,3404,51,1812,4160,2053
197151596283,390,3647,160,14552,4161,2053
197151607012,192,2645,100,7503,4162,2053
197151618549,31,3084,56,1857,4162,2054
197151629586,179,2658,58,2212,4163,2054
197151640685,120,2640,60,2471,4164,2054
197151680972,254,2674,113,5163,4165,2054
197151695569,378,4363,562,34758,4166,2054
197151706270,134,3833,265,17387,4167,2054
197151717375,22,3445,69,2486,4167,2055
197151728437,115,4045,137,7791,4168,2055
197151739590,129,2941,100,2181,4169,2055
197151750742,23,3209,65,1787,4169,2056
197151761850,555,4847,163,14474,4170,2056
197151772972,126,2709,109,8076,4171,2056
197151784368,32,3201,55,1914,4171,2057
197151795441,188,3197,168,15843,4172,2057
197151806553,305,3675,56,2514,4173,2057
197151817406,22,2922,53,2100,4173,2058
197151828900,332,4018,46,2234,4174,2058
197151839972,308,3778,131,7698,4175,2058
197151850870,22,2885,50,1912,4175,2059
197151862050,276,3428,68,4462,4176,2059
197151873023,233,3825,343,35068,4177,2059
197151884074,22,3027,66,3756,4177,2060
197151895111,342,3309,153,14873,4178,2060
197151906671,320,4399,98,7777,4179,2060
197151918516,27,3454,53,2006,4179,2061
197151928677,117,4090,130,12370,4180,2061
197151939698,1404,3411,100,7483,4181,2061
197151951155,21,2990,62,2035,4181,2062
197151962364,251,3221,167,15160,4182,2062
197151973234,148,3177,116,7953,4183,2062
197151984320,30,2671,46,1936,4183,2063
197151995098,167,2964,81,2243,4184,2063
197152006288,136,2805,174,14752,4185,2063
197152017323,25,2964,55,2337,4185,2064
197152028891,166,2808,3332,8220,4186,2064
197152039563,139,3220,211,15992,4187,2064
197152051088,28,3014,49,2030,4187,2065
197152062109,276,2966,51,2365,4188,2065
197152073228,310,2926,97,7075,4189,2065
197152084283,22,2850,51,2065,4189,2066
197152095477,352,2927,52,2415,4190,2066
197152106542,119,2768,81,5165,4191,2066
197152117607,22,3110,49,868,4191,2067
197152128553,295,3128,201,17005,4192,2067
197152139624,307,3371,98,7233,4193,2067
197152151101,20,2740,34,732,4193,2068
197152162034,329,3025,76,5646,4194,2068
197152173320,285,3050,321,33120,4195,2068
197152184426,20,2684,67,3621,4195,2069
197152195573,285,3423,105,8466,4196,2069
197152206489,117,2865,164,15228,4197,2069
197152217507,19,3134,47,2252,4197,2070
197152228659,409,3240,97,7760,4198,2070
197152239627,261,3077,46,2285,4199,2070
197152250703,19,2937,47,1983,4199,2071
197152261780,1295,3905,154,14555,4200,2071
197152272925,149,3370,126,8087,4201,2071
197152284468,30,3021,51,1915,4201,2072
197152295054,136,3418,163,15553,4202,2072
197152306598,391,3720,65,2616,4203,2072
197152317316,25,2995,51,2061,4203,2073
197152328491,404,2935,101,7560,4204,2073
197152339619,167,2963,163,15341,4205,2073
197152351106,21,3153,53,2307,4205,2074
197152361929,348,3301,108,8697,4206,2074
197152373056,178,3641,155,14747,4207,2074
197152384259,19,3330,52,2216,4207,2075
197152395198,274,3812,94,7799,4208,2075
197152406379,381,3044,194,14349,4209,2075
197152417393,21,2902,43,1233,4209,2076
197152428545,233,3597,42,1585,4210,2076
197152439677,169,3637,330,34855,4211,2076
197152450744,22,2820,66,3743,4211,2077
197152461802,169,3601,169,15788,4212,2077
197152472920,276,3502,94,7693,4213,2077
197152484401,24,2941,48,2037,4213,2078
197152495379,228,3222,49,2394,4214,2078
197152506529,361,3800,167,14687,4215,2078
197152517825,26,3012,53,2230,4215,2079
197152528824,529,4221,111,7888,4216,2079
197152539888,503,4135,297,23982,4217,2079
197152551093,29,3109,62,2832,4217,2080
197152562148,139,2728,62,2743,4218,2080
197152573228,235,2722,101,7701,4219,2080
197152584440,26,2574,52,2029,4219,2081
197152595546,186,2640,196,15475,4220,2081
197152606180,150,2641,103,7275,4221,2081
197152618229,32,2564,52,2145,4221,2082
197152628547,122,2607,155,14722,4222,2082
197152639604,255,3760,151,8237,4223,2082
197152694101,202,2656,99,4137,4224,2082
197152708934,255,4164,54,870,4225,2082
197152719604,155,4171,532,34855,4226,2082
197152730685,22,3379,87,3977,4226,2083
197152741770,120,4220,67,2535,4227,2083
197152752914,131,2856,257,14597,4228,2083
197152764026,29,3125,80,2046,4228,2084
197152775146,175,3115,112,7609,4229,2084
197152786110,199,3467,189,15695,4230,2084
197152797228,31,3570,59,2214,4230,2085
197152808232,2324,2785,67,2508,4231,2085
197152819261,178,3527,97,7449,4232,2085
197152830814,23,3018,46,1937,4232,2086
197152841877,169,3115,162,15289,4233,2086
197152852923,387,3544,135,7278,4234,2086
197152864004,21,2972,46,1871,4234,2087
197152875166,324,3207,159,14474,4235,2087
197152886207,1834,2879,118,8283,4236,2087
197152897382,27,2710,54,1991,4236,2088
197152908410,272,2964,179,15218,4237,2088
197152919555,414,2873,53,2443,4238,2088
197152930588,20,2720,49,2018,4238,2089
197152941610,231,2893,99,7268,4239,2089
197152953018,126,3087,152,5292,4240,2089
197152963912,25,3313,43,879,4240,2090
197152974896,151,3509,86,4704,4241,2090
197152986035,132,2744,78,3169,4242,2090
197152997072,25,2543,33,689,4242,2091
197153008604,135,2643,45,689,4243,2091
197153019547,226,3441,349,35065,4244,2091
197153030675,31,3615,74,3731,4244,2092
197153041679,460,3239,172,15732,4245,2092
197153052730,211,3635,58,2490,4246,2092
197153063754,20,3932,44,1920,4246,2093
197153074974,186,3107,98,7208,4247,2093
197153086135,228,3323,163,15107,4248,2093
197153097494,20,2947,44,2267,4248,2094
197153108623,274,3088,107,8008,4249,2094
197153119387,209,2900,151,13793,4250,2094
197153130545,23,2827,50,1307,4250,2095
197153141539,264,2790,260,26895,4251,2095
197153152632,129,2910,170,14697,4252,2095
197153164131,31,3067,49,2033,4252,2096
197153175255,141,2978,62,2294,4253,2096
197153186346,129,2782,135,7214,4254,2096
197153197379,23,2720,43,1707,4254,2097
197153208249,357,3001,165,15224,4255,2097
197153219778,129,2800,52,1357,4256,2097
197153230773,20,2864,30,723,4256,2098
197153241765,258,3256,32,719,4257,2098
197153253012,342,4020,357,35180,4258,2098
197153264043,21,3072,58,3740,4258,2099
197153275046,313,3433,108,8016,4259,2099
197153286139,120,3554,158,14907,4260,2099
197153297821,46,3590,48,2166,4260,2100
197153308521,2041,3498,193,2360,4261,2100
197153319578,273,3428,93,7347,4262,2100
197153330558,21,3422,66,1957,4262,2101
197153341661,182,4011,153,14462,4263,2101
197153352654,230,3383,100,7873,4264,2101
197153364210,19,3006,44,1962,4264,2102
197153375281,196,3266,144,12670,4265,2102
197153386370,286,3214,365,37432,4266,2102
197153397442,22,3189,72,3774,4266,2103
197153408342,142,3107,164,14944,4267,2103
197153419450,256,2879,50,2383,4268,2103
197153430471,20,2905,41,1432,4268,2104
197153441725,258,2962,258,26715,4269,2104
197153452785,430,3387,233,15183,4270,2104
197153463840,24,3122,47,1924,4270,2105
197153474988,240,3181,50,1343,4271,2105
197153485940,114,2793,35,728,4272,2105
197153497485,22,2543,165,722,4272,2106
197153508382,224,3318,33,723,4273,2106
197153519340,229,4265,333,35243,4274,2106
197153530663,27,3901,65,3735,4274,2107
197153541814,287,3433,185,15597,4275,2107
197153552894,221,3757,62,2602,4276,2107
197153563902,19,2754,41,1947,4276,2108
197153574974,252,4154,110,7318,4277,2108
197153586594,342,3009,216,15113,4278,2108
197153597064,19,3790,48,1974,4278,2109
197153608359,233,3198,94,7605,4279,2109
197153619370,424,3910,158,14029,4280,2109
197153630704,20,2921,44,2107,4280,2110
197153641815,287,3037,134,7915,4281,2110
197153652722,257,3162,164,14984,4282,2110
197153663886,26,2963,53,2260,4282,2111
197153675216,252,3206,85,2520,4283,2111
197153686094,426,2943,113,7242,4284,2111
197153697296,26,2829,60,1946,4284,2112
197153708425,290,2834,78,4344,4285,2112
197153719541,378,3023,43,819,4286,2112
197153730565,22,2778,32,784,4286,2113
197153741471,311,2808,38,776,4287,2113
197153752638,3179,2609,38,777,4288,2113
197153763698,19,3062,31,776,4288,2114
197153774936,135,3471,330,34959,4289,2114
197153786278,225,5061,198,16892,4290,2114
197153797309,25,2825,57,2617,4290,2115
197153808402,4467,3861,61,3105,4291,2115
197153819654,462,3013,141,7267,4292,2115
197153830784,20,3331,40,1803,4292,2116
197153841499,134,3964,182,15029,4293,2116
197153852837,338,3288,96,7568,4294,2116
197153863908,24,3417,44,1901,4294,2117
197153881013,250,3282,156,13473,4295,2117
197153886382,111,2865,95,7791,4296,2117
197153897406,22,3250,79,1963,4296,2118
197153908436,153,3774,170,14609,4297,2118
197153919478,221,4393,143,2528,4298,2118
197153930504,18,3433,45,1993,4298,2119
197153941554,126,3007,97,7192,4299,2119
197153952573,104,2909,179,15099,4300,2119
197153964151,31,3021,51,1994,4300,2120
197153975095,312,3635,118,7737,4301,2120
197153986139,112,3711,50,2155,4302,2120
197153997236,22,2897,46,1846,4302,2121
197154008565,314,4167,185,14539,4303,2121
197154019642,305,4220,108,8072,4304,2121
197154030702,21,3101,39,1993,4304,2122
197154041928,175,3121,195,14961,4305,2122
197154052901,402,3771,64,3317,4306,2122
197154064011,21,4051,70,2178,4306,2123
197154075017,308,3512,101,7638,4307,2123
197154086200,250,3551,170,15545,4308,2123
197154097244,20,3462,50,2375,4308,2124
197154108294,189,3153,42,1242,4309,2124
197154119400,193,3035,361,35396,4310,2124
197154130415,47,2948,62,3790,4310,2125
197154141548,454,2993,140,7966,4311,2125
197154152553,138,3499,153,13853,4312,2125
197154164137,19,2942,52,2099,4312,2126
197154175111,383,2955,52,2425,4313,2126
197154186209,362,3148,95,7397,4314,2126
197154197247,20,2794,43,1831,4314,2127
197154208362,135,2848,154,14102,4315,2127
197154219473,343,3921,331,27022,4316,2127
197154230589,47,4222,47,1751,4316,2128
197154241731,253,3438,72,4523,4317,2128
197154252766,295,3283,35,743,4318,2128
197154263931,45,3315,33,705,4318,2129
197154274981,336,3446,358,35244,4319,2129
197154286397,326,3965,204,16692,4320,2129
197154297432,25,4050,60,2542,4320,2130
197154308473,171,4018,57,3205,4321,2130
197154319497,148,3318,100,7354,4322,2130
197154330523,21,3070,45,1828,4322,2131
197154341648,174,3105,166,15038,4323,2131
197154352726,326,4161,101,7585,4324,2131
197154364034,22,3479,48,1790,4324,2132
197154375058,221,3334,47,2100,4325,2132
197154386142,260,3787,52,2376,4326,2132
197154397197,22,3540,47,1857,4326,2133
197154408199,164,4185,183,14920,4327,2133
197154419261,147,3407,55,2438,4328,2133
197154430436,18,3047,41,2036,4328,2134
197154441534,381,3103,99,7244,4329,2134
197154452578,117,2903,166,15328,4330,2134
197154464089,18,2858,45,2095,4330,2135
197154475201,422,3851,100,7927,4331,2135
197154486275,214,3400,49,2239,4332,2135
197154497349,23,3965,46,1743,4332,2136
197154508670,348,4253,235,23514,4333,2136
197154520057,484,4252,54,1691,4334,2136
197154530772,29,3308,36,746,4334,2137
197154541510,320,3113,40,749,4335,2137
197154552995,230,3353,324,33772,4336,2137
197154564063,20,2733,61,3745,4336,2138
197154575076,175,2988,99,7777,4337,2138
197154586102,281,3125,208,14840,4338,2138
197154597139,19,3360,40,2022,4338,2139
197154608258,304,4476,104,7461,4339,2139
197154619491,119,3279,53,2256,4340,2139
197154630721,22,3350,47,1892,4340,2140
197154641929,273,3583,55,2570,4341,2140
197154652965,116,3167,158,14797,4342,2140
197154663732,24,2621,53,2192,4342,2141
197154675246,141,3923,59,2471,4343,2141
197154685922,141,4015,98,7277,4344,2141
197154697099,19,3187,40,1885,4344,2142
197154708174,97,3929,161,15222,4345,2142
197154719446,294,3863,99,7819,4346,2142
197154730668,21,3190,44,2067,4346,2143
197154741623,199,3099,57,2417,4347,2143
197154752781,192,3787,160,14810,4348,2143
197154763878,23,3512,51,2028,4348,2144
197154774939,218,3869,106,7093,4349,2144
197154786109,175,3829,163,13947,4350,2144
197154797286,21,3790,33,1117,4350,2145
197154808361,302,3316,52,1649,4351,2145
197154819247,199,3841,330,35079,4352,2145
197154830915,20,3052,61,3833,4352,2146
197154841688,144,4192,170,15764,4353,2146
197154853018,107,4698,99,7670,4354,2146
197154864088,23,3089,46,2030,4354,2147
197154875188,125,3111,50,2368,4355,2147
197154886209,152,2905,165,14545,4356,2147
197154897255,20,2891,41,1913,4356,2148
197154908441,178,3091,146,12245,4357,2148
197154919364,277,3241,55,2483,4358,2148
197154930389,19,2943,41,1999,4358,2149
197154941924,120,2965,97,7347,4359,2149
197154952965,173,3343,166,15246,4360,2149
197154964154,26,2890,56,2009,4360,2150
197154975228,131,2735,102,7715,4361,2150
197154986347,152,2673,64,2332,4362,2150
197154997296,28,2560,49,1931,4362,2151
197155008328,230,2667,251,14593,4363,2151
197155019392,157,2676,101,7935,4364,2151
197155030475,30,2577,48,1992,4364,2152
197155041426,126,2684,166,15594,4365,2152
197155053092,178,28285,94,2743,4366,2152
197155092699,169,2702,74,2424,4367,2152
197155104337,179,4162,175,7519,4368,2152
197155115358,25,3503,67,2005,4368,2153
197155126483,129,3995,381,13371,4369,2153
197155137583,143,4235,118,7949,4370,2153
197155148712,23,3030,74,1904,4370,2154
197155159848,136,3415,163,14812,4371,2154
197155170904,185,3697,56,2522,4372,2154
197155182016,23,2967,50,2013,4372,2155
197155193197,153,3782,106,7277,4373,2155
197155204416,368,4233,253,15434,4374,2155
197155215417,21,3169,53,2344,4374,2156
197155226314,161,3176,98,8139,4375,2156
197155237479,130,3394,50,1709,4376,2156
197155248696,21,4314,47,1240,4376,2157
197155259818,247,3475,78,5585,4377,2157
197155270860,419,3624,333,35141,4378,2157
197155281862,26,3509,140,3757,4378,2158
197155292890,311,3425,164,15944,4379,2158
197155303926,200,3138,56,2599,4380,2158
197155315035,19,2745,39,1987,4380,2159
197155326177,206,3309,93,7351,4381,2159
197155337186,111,3304,243,15163,4382,2159
197155348777,20,3264,44,2195,4382,2160
197155359908,159,3170,125,7896,4383,2160
197155370535,381,3794,44,2225,4384,2160
197155382082,19,3187,45,1915,4384,2161
197155393099,312,3162,50,2563,4385,2161
197155404235,208,3567,167,15027,4386,2161
197155415013,20,3185,45,2108,4386,2162
197155426554,364,3579,51,2413,4387,2162
197155437621,162,4269,87,6086,4388,2162
197155448649,20,3478,32,784,4388,2163
197155459592,345,3246,150,14015,4389,2163
197155470577,298,3393,327,27159,4390,2163
197155482002,21,2870,59,3251,4390,2164
197155492941,257,3007,136,12395,4391,2164
197155504052,391,3376,158,14772,4392,2164
197155515345,20,2907,47,2113,4392,2165
197155526439,335,3036,187,7751,4393,2165
197155537454,488,2865,73,4085,4394,2165
197155548453,41,2804,31,803,4394,2166
197155559466,121,2789,38,827,4395,2166
197155570534,249,2896,34,657,4396,2166
197155581660,35,2787,32,658,4396,2167
197155592842,183,2832,308,32542,4397,2167
197155603893,145,2854,155,9395,4398,2167
197155615438,23,2809,44,2267,4398,2168
197155626606,268,2865,51,2420,4399,2168
197155637541,181,2936,152,13809,4400,2168
197155648584,20,2600,43,2018,4400,2169
197155659585,118,2638,53,2351,4401,2169
197155670760,489,4000,54,2229,4402,2169
197155681783,20,2706,44,1909,4402,2170
197155692808,356,3455,105,7302,4403,2170
197155703934,278,3209,190,15188,4404,2170
197155715134,23,2765,48,2335,4404,2171
197155726175,195,3036,97,8031,4405,2171
197155737225,179,3051,48,2063,4406,2171
197155748618,31,3166,44,1656,4406,2172
197155759630,114,3352,231,23710,4407,2172
197155770759,375,2923,97,7492,4408,2172
197155781779,18,2968,39,1290,4408,2173
197155793151,201,2984,94,6342,4409,2173
197155804164,113,2831,320,33984,4410,2173
197155815277,20,3278,207,3739,4410,2174
197155826356,788,3423,95,7746,4411,2174
197155837479,179,3289,43,2243,4412,2174
197155848627,20,3310,43,1851,4412,2175
197155859627,204,4466,44,1322,4413,2175
197155870915,173,3083,76,2971,4414,2175
197155881758,20,3529,36,792,4414,2176
197155892954,361,3191,32,752,4415,2176
197155904248,348,3389,320,33032,4416,2176
197155915400,23,4404,76,3596,4416,2177
197155926378,125,2724,51,2303,4417,2177
197155937330,243,3139,92,7149,4418,2177
197155948441,19,3029,45,1962,4418,2178
197155959518,111,3533,149,14379,4419,2178
197155970599,136,3044,92,7379,4420,2178
197155981754,21,3480,89,1932,4420,2179
197155993167,131,3064,66,2225,4421,2179
197156003884,128,3189,161,14273,4422,2179
197156015489,26,4005,54,2042,4422,2180
197156026528,376,3429,234,7856,4423,2180
197156037729,281,3332,173,15336,4424,2180
197156048720,28,3160,61,2224,4424,2181
197156059870,125,3189,60,2492,4425,2181
197156070883,123,3411,93,7265,4426,2181
197156081879,21,2805,48,1824,4426,2182
197156093202,130,2908,49,2285,4427,2182
197156104231,155,3202,79,5126,4428,2182
197156115246,21,2631,30,728,4428,2183
197156126362,120,2939,32,691,4429,2183
197156137393,262,3024,381,35151,4430,2183
197156148751,18,3489,65,3708,4430,2184
197156159770,114,3066,128,7933,4431,2184
197156170872,115,2897,132,12516,4432,2184
197156181878,20,3016,43,1972,4432,2185
197156192930,146,3550,101,7290,4433,2185
197156204031,622,3464,264,13930,4434,2185
197156215163,22,2997,53,2042,4434,2186
197156226301,152,3280,848,7842,4435,2186
197156237420,285,2695,69,2210,4436,2186
197156248460,24,3628,51,1884,4436,2187
197156259822,189,2679,158,14238,4437,2187
197156270859,133,2639,134,8052,4438,2187
197156281970,34,2718,66,1896,4438,2188
197156292990,158,2632,174,15561,4439,2188
197156303979,122,2627,57,2345,4440,2188
197156315082,33,32335,78,1929,4440,2189
197156358735,261,2746,163,8126,4441,2189
197156369833,151,4192,128,2003,4442,2189
197156380925,22,3475,56,1806,4442,2190
197156392029,126,3941,236,14452,4443,2190
197156403148,110,4079,143,7988,4444,2190
197156414266,26,3000,59,1864,4444,2191
197156425349,449,3667,145,12419,4445,2191
197156436599,272,3687,100,7267,4446,2191
197156447656,21,2679,45,1913,4446,2192
197156458783,192,3306,163,15153,4447,2192
197156470248,269,3935,97,7852,4448,2192
197156480974,23,3933,52,1943,4448,2193
197156492134,331,4213,51,2271,4449,2193
197156503247,257,3471,168,14594,4450,2193
197156514165,20,3223,76,2471,4450,2194
197156525552,239,3256,99,7989,4451,2194
197156536608,357,3392,175,15825,4452,2194
197156547703,23,3379,49,2460,4452,2195
197156558806,332,4814,54,2708,4453,2195
197156570254,170,3788,42,2269,4454,2195
197156581070,19,3714,45,1897,4454,2196
197156592080,220,3318,40,1225,4455,2196
197156603280,351,3186,36,687,4456,2196
197156614568,20,3110,32,686,4456,2197
197156625628,387,3603,340,35146,4457,2197
197156636571,181,3110,181,16230,4458,2197
197156647676,19,2868,49,2491,4458,2198
197156658814,282,3546,96,7828,4459,2198
197156669888,311,3133,2028,13030,4460,2198
197156680918,19,2853,41,2099,4460,2199
197156692473,145,3020,91,7434,4461,2199
197156703136,335,2865,167,15487,4462,2199
197156714474,21,2670,51,2572,4462,2200
197156725514,428,2882,107,8327,4463,2200
197156736898,245,2955,48,2241,4464,2200
197156747984,28,3431,45,1973,4464,2201
197156765206,146,4005,257,14830,4465,2201
197156770240,1200,3236,93,8029,4466,2201
197156781300,52,3017,45,1910,4466,2202
197156792348,179,2952,167,15759,4467,2202
197156803386,117,2931,59,2740,4468,2202
197156814530,21,3220,45,2042,4468,2203
197156825339,119,3591,98,7370,4469,2203
197156836413,173,3705,45,2173,4470,2203
197156847961,19,6456,49,1853,4470,2204
197156858944,216,3983,44,1785,4471,2204
197156870128,226,3397,57,2772,4472,2204
197156881106,21,2885,31,816,4472,2205
197156892059,228,3579,40,780,4473,2205
197156903591,249,3610,359,35246,4474,2205
197156914745,19,3013,61,3798,4474,2206
197156925736,217,3667,167,15135,4475,2206
197156936450,108,3824,98,7446,4476,2206
197156947535,20,3454,54,1964,4476,2207
197156958686,208,3145,162,15290,4477,2207
197156969815,197,3108,101,7860,4478,2207
197156981263,25,2911,44,1848,4478,2208
197156992217,156,3110,49,2156,4479,2208
197157003297,486,3184,161,14621,4480,2208
197157015472,268,3131,76,2423,4480,2209
197157025292,298,3862,107,8289,4481,2209
197157036893,379,4636,173,15786,4482,2209
197157048481,23,3128,105,2092,4482,2210
197157058779,124,2708,53,2410,4483,2210
197157069813,148,2625,97,7410,4484,2210
197157081053,24,3038,58,1940,4484,2211
197157092075,272,3678,110,2322,4485,2211
197157103242,272,3501,48,1976,4486,2211
197157114359,21,2739,43,1796,4486,2212
197157125353,149,3130,158,14491,4487,2212
197157136467,235,3000,90,7144,4488,2212
197157147610,18,2754,32,796,4488,2213
197157158863,161,5174,96,5814,4489,2213
197157170037,187,2945,332,33359,4490,2213
197157180993,43,2838,68,3621,4490,2214
197157192030,293,2927,116,8411,4491,2214
197157203523,160,3054,169,15129,4492,2214
197157214387,24,2836,54,2193,4492,2215
197157225462,141,2948,103,7713,4493,2215
197157236549,135,2835,51,2182,4494,2215
197157247514,24,3061,49,1806,4494,2216
197157259025,217,4473,156,14368,4495,2216
197157270070,112,3413,99,7655,4496,2216
197157281251,34,4049,62,1798,4496,2217
197157292455,143,3033,247,24193,4497,2217
197157303476,112,2942,58,3178,4498,2217
197157314533,21,3401,54,2335,4498,2218
197157325555,236,3045,99,7914,4499,2218
197157336670,337,2939,164,15528,4500,2218
197157347897,31,3075,53,2442,4500,2219
197157358677,130,2926,104,8890,4501,2219
197157370217,1006,3585,156,14355,4502,2219
197157381368,21,3470,115,1688,4502,2220
197157392102,152,3293,346,27541,4503,2220
197157403167,128,2974,68,4137,4504,2220
197157414314,21,3507,35,801,4504,2221
197157425501,121,3091,35,759,4505,2221
197157436689,132,2877,473,35157,4506,2221
197157447936,25,2753,69,3843,4506,2222
197157458794,172,2939,164,15785,4507,2222
197157469806,114,2893,98,7822,4508,2222
197157480871,60,2747,50,2052,4508,2223
197157492501,139,2831,61,2372,4509,2223
197157503513,244,2844,170,14409,4510,2223
197157514560,27,2805,49,1993,4510,2224
197157525617,292,4074,193,17931,4511,2224
197157536623,136,2691,174,15719,4512,2224
197157547793,20,3401,44,2247,4512,2225
197157558880,274,3803,50,2502,4513,2225
197157570175,324,3608,99,7189,4514,2225
197157581575,19,2927,46,1614,4514,2226
197157592283,670,6570,164,15109,4515,2226
197157603146,354,3756,178,17260,4516,2226
197157615100,35,3295,60,2116,4516,2227
197157625645,373,3616,51,2319,4517,2227
197157636755,213,4021,178,14563,4518,2227
197157648094,21,2755,41,2065,4518,2228
197157658661,308,4595,102,7955,4519,2228
197157669871,345,3625,158,13058,4520,2228
197157681001,50,2965,54,2340,4520,2229
197157692095,225,3628,191,7829,4521,2229
197157703388,131,3145,169,15778,4522,2229
197157714444,26,2936,57,2366,4522,2230
197157725528,281,2900,110,8358,4523,2230
197157736689,395,3136,57,2273,4524,2230
197157747919,21,2842,46,1983,4524,2231
197157759033,176,3372,156,14879,4525,2231
197157770101,136,3382,117,8251,4526,2231
197157781169,27,3423,87,1878,4526,2232
197157792209,145,2640,93,6053,4527,2232
197157803268,134,2706,339,34112,4528,2232
197157814361,34,2579,81,3822,4528,2233
197157825389,159,2723,103,7734,4529,2233
197157836433,113,2630,47,2251,4530,2233
197157882229,175,2717,115,5013,4531,2233
197157896723,179,2769,565,35398,4532,2233
197157907925,154,4189,413,15399,4533,2233
197157918531,28,3565,65,1805,4533,2234
197157930132,160,3795,58,1870,4534,2234
197157940768,117,3645,535,35150,4535,2234
197157951934,29,3594,87,4017,4535,2235
197157963177,171,3362,175,15798,4536,2235
197157974365,136,3096,103,7689,4537,2235
197157985352,24,3631,52,2038,4537,2236
197157996544,174,3636,52,2388,4538,2236
197158007796,153,3279,172,14538,4539,2236
197158019019,2895,4663,123,8192,4540,2236
197158029848,26,3459,50,1885,4540,2237
197158041169,268,3721,94,6249,4541,2237
197158052397,132,4432,337,33981,4542,2237
197158062939,19,3118,65,3755,4542,2238
197158074523,202,3867,100,7798,4543,2238
197158085758,340,4060,52,2033,4544,2238
197158096726,23,4356,41,1636,4544,2239
197158107768,442,4345,142,11910,4545,2239
197158118998,200,4429,153,14271,4546,2239
197158129961,22,3139,42,2053,4546,2240
197158141142,187,3114,48,1700,4547,2240
197158151853,22,4160,45,830,4547,2241
197158163325,290,3098,364,35400,4548,2241
197158174328,178,3003,174,17053,4549,2241
197158185361,199,3048,148,7662,4550,2241
197158196352,23,3755,44,1986,4550,2242
197158207484,273,3525,166,15043,4551,2242
197158218769,186,3417,102,7787,4552,2242
197158230006,34,2936,48,1975,4552,2243
197158241151,129,2887,55,2322,4553,2243
197158252186,114,2989,160,14699,4554,2243
197158263229,19,2823,44,2267,4554,2244
197158274586,166,2687,120,8255,4555,2244
197158285557,188,3101,186,16450,4556,2244
197158296611,27,2756,50,2098,4556,2245
197158307621,167,3345,65,2406,4557,2245
197158318721,413,4505,106,7480,4558,2245
197158329924,25,3384,86,2023,4558,2246
197158341053,419,3250,61,2398,4559,2246
197158352155,193,3586,52,1959,4560,2246
197158363601,24,3730,46,1771,4560,2247
197158374349,254,4116,166,13682,4561,2247
197158385490,126,3982,55,1517,4562,2247
197158396601,25,3303,35,761,4562,2248
197158407686,239,3472,373,35389,4563,2248
197158418941,166,3548,166,14198,4564,2248
197158430097,29,2929,61,2407,4564,2249
197158440833,176,3534,99,7436,4565,2249
197158452349,352,3555,164,15079,4566,2249
197158463106,20,2877,53,2290,4566,2250
197158474490,308,3842,102,7861,4567,2250
197158485907,134,3168,53,2185,4568,2250
197158496468,22,3104,46,1972,4568,2251
197158507552,234,3429,157,14680,4569,2251
197158518667,183,3425,103,8104,4570,2251
197158530053,31,3705,63,1848,4570,2252
197158540776,185,3789,199,15406,4571,2252
197158552372,232,4272,65,2570,4572,2252
197158563464,24,3107,55,2051,4572,2253
197158574480,136,2869,95,7424,4573,2253
197158585616,311,3575,58,2186,4574,2253
197158596881,22,2799,49,1854,4574,2254
197158607430,282,3004,54,2147,4575,2254
197158618713,230,2982,151,13678,4576,2254
197158629970,21,3251,40,1117,4576,2255
197158641037,227,3674,46,1337,4577,2255
197158652115,143,4043,351,34959,4578,2255
197158663071,19,3104,109,3782,4578,2256
197158674216,177,3362,162,15254,4579,2256
197158685233,263,3751,97,7457,4580,2256
197158696766,21,2842,42,1837,4580,2257
197158707700,737,3704,240,15197,4581,2257
197158718562,26,3204,49,2121,4581,2258
197158729705,374,3437,116,7688,4582,2258
197158741378,205,3691,58,2089,4583,2258
197158751916,32,2932,95,1887,4583,2259
197158762961,181,3144,175,14562,4584,2259
197158774536,158,3048,111,7697,4585,2259
197158785649,149,3027,424,33442,4586,2259
197158796640,22,5027,57,3025,4586,2260
197158807456,224,3788,61,2739,4587,2260
197158818538,165,4149,100,7344,4588,2260
197158829901,22,2681,48,2022,4588,2261
197158840977,164,4167,191,15228,4589,2261
197158852199,145,3624,286,7413,4590,2261
197158863115,21,4615,57,1749,4590,2262
197158874308,276,3189,157,14681,4591,2262
197158885555,156,3387,105,7644,4592,2262
197158896733,23,3725,52,1533,4592,2263
197158907751,326,3281,88,5970,4593,2263
197158918795,153,4050,43,934,4594,2263
197158930024,24,2972,38,810,4594,2264
197158940967,227,4332,353,34941,4595,2264
197158952081,158,3414,184,17464,4596,2264
197158963147,20,2682,51,2551,4596,2265
197158974269,113,4165,111,7846,4597,2265
197158985542,260,3327,54,2298,4598,2265
197158996560,22,3732,44,1914,4598,2266
197159007659,149,3469,158,14468,4599,2266
197159018921,198,3523,103,8059,4600,2266
197159029963,29,3845,57,1807,4600,2267
197159040987,1745,3272,166,15521,4601,2267
197159052082,213,3047,57,2651,4602,2267
197159063136,27,3272,47,1914,4602,2268
197159074239,143,2823,105,7374,4603,2268
197159085380,177,2680,183,15416,4604,2268
197159096433,23,3082,44,2274,4604,2269
197159107675,143,3121,114,8620,4605,2269
197159118741,184,7336,78,4521,4606,2269
197159129752,23,3169,40,859,4606,2270
197159143527,266,3946,660,35335,4607,2270
197159152337,229,3107,239,15357,4608,2270
197159163433,23,3169,44,1892,4608,2271
197159174155,293,3374,226,21843,4609,2271
197159185320,159,3443,46,1331,4610,2271
197159196412,21,2826,30,662,4610,2272
197159207432,151,3583,327,32470,4611,2272
197159218971,167,3301,115,9408,4612,2272
197159229959,20,3005,48,2228,4612,2273
197159240991,260,3469,73,2397,4613,2273
197159251959,208,3206,156,13844,4614,2273
197159263304,28,3123,55,1999,4614,2274
197159274456,320,3165,114,7839,4615,2274
197159285504,132,2882,173,15635,4616,2274
197159296655,21,2744,68,2244,4616,2275
197159307622,272,2909,59,2598,4617,2275
197159318742,127,3641,99,7489,4618,2275
197159329826,21,2951,46,1949,4618,2276
197159340876,223,3333,166,15391,4619,2276
197159351893,115,3271,130,7549,4620,2276
197159363433,26,2956,153,1933,4620,2277
197159374490,339,3505,152,13337,4621,2277
197159385711,496,3540,102,7815,4622,2277
197159396785,21,3604,48,1770,4622,2278
197159407791,243,3442,159,14671,4623,2278
197159418966,296,3897,56,2457,4624,2278
197159430160,23,3154,46,1879,4624,2279
197159441210,364,4017,98,7125,4625,2279
197159452345,344,3439,172,15224,4626,2279
197159463558,25,2493,51,2316,4626,2280
197159474102,136,2679,102,7131,4627,2280
197159485208,25,2673,35,910,4627,2281
197159496747,138,2610,70,4225,4628,2281
197159507759,121,2656,40,775,4629,2281
197159518866,154,2722,377,35265,4630,2281
197159529874,34,2565,77,3767,4630,2282
197159541056,134,2636,166,15782,4631,2282
197159552106,143,2622,59,2500,4632,2282
197159563161,19,2496,38,1944,4632,2283
197159574264,118,2659,110,7370,4633,2283
197159585281,31,35135,113,1983,4633,2284
197159631972,221,2987,117,4709,4634,2284
197159643132,234,4223,686,35444,4635,2284
197159654195,131,4281,107,4763,4636,2284
197159665300,19,3638,59,2213,4636,2285
197159676437,122,3869,62,2067,4637,2285
197159687551,149,3064,141,7128,4638,2285
197159698685,25,3159,54,1994,4638,2286
197159709773,321,3548,153,13935,4639,2286
197159720976,101,3168,101,7348,4640,2286
197159731982,19,3014,46,1844,4640,2287
197159743017,113,3103,46,2168,4641,2287
197159754001,207,3652,162,14214,4642,2287
197159765688,20,3422,50,2022,4642,2288
197159776356,304,3918,99,7836,4643,2288
197159787491,476,6991,169,15037,4644,2288
197159798484,22,3544,53,2154,4644,2289
197159809606,214,3479,58,3171,4645,2289
197159820645,110,3395,44,1286,4646,2289
197159831742,26,3401,37,644,4646,2290
197159843240,155,3211,71,4738,4647,2290
197159854257,356,3462,60,3426,4648,2290
197159865352,20,3157,99,718,4648,2291
197159876321,125,3584,37,719,4649,2291
197159887375,326,4161,327,35372,4650,2291
197159898366,20,3496,65,3760,4650,2292
197159909403,116,2792,97,7986,4651,2292
197159920561,451,2886,141,12525,4652,2292
197159931632,23,2710,45,2005,4652,2293
197159943134,160,3073,101,7303,4653,2293
197159954264,240,3235,151,13833,4654,2293
197159965061,20,2990,44,2004,4654,2294
197159976539,379,2978,104,7749,4655,2294
197159987573,268,4020,51,2037,4656,2294
197159998582,21,3646,49,1788,4656,2295
197160009835,195,3242,179,14263,4657,2295
197160020583,1421,2853,107,7983,4658,2295
197160032118,19,2976,48,1898,4658,2296
197160042949,227,2836,93,6132,4659,2296
197160054024,344,2926,382,33832,4660,2296
197160065096,19,2881,59,3793,4660,2297
197160076171,144,2916,97,7770,4661,2297
197160087240,231,2939,47,2250,4662,2297
197160098322,22,2742,43,1835,4662,2298
197160109575,135,3043,44,2084,4663,2298
197160120582,236,2885,146,13161,4664,2298
197160131611,19,2880,180,1011,4664,2299
197160143148,117,4038,46,1422,4665,2299
197160154429,215,3575,32,796,4666,2299
197160165427,19,2692,77,796,4666,2300
197160176454,124,3049,322,32906,4667,2300
197160187221,107,2725,123,9888,4668,2300
197160198722,23,2484,45,2177,4668,2301
197160209810,240,3129,160,15102,4669,2301
197160220585,270,3274,102,7592,4670,2301
197160231607,19,3684,48,1985,4670,2302
197160242887,399,4480,56,2279,4671,2302
197160254049,135,2885,248,23468,4672,2302
197160265633,24,3022,56,2727,4672,2303
197160276132,376,4310,102,8164,4673,2303
197160287676,142,3167,170,15934,4674,2303
197160298718,25,3894,61,2475,4674,2304
197160309858,159,3592,53,2727,4675,2304
197160320896,321,3434,104,7736,4676,2304
197160331903,20,3072,109,2035,4676,2305
197160343060,427,4414,70,4368,4677,2305
197160354222,384,3447,35,790,4678,2305
197160365257,19,3503,36,748,4678,2306
197160376473,244,3014,330,35616,4679,2306
197160387513,120,4129,117,9587,4680,2306
197160398838,21,3267,54,2318,4680,2307
197160409891,280,3567,82,5838,4681,2307
197160421220,122,3528,326,33275,4682,2307
197160431774,22,4465,66,3568,4682,2308
197160442829,204,3425,110,8317,4683,2308
197160454262,185,2934,166,15119,4684,2308
197160465299,23,3081,53,2181,4684,2309
197160476122,125,4072,97,7623,4685,2309
197160487634,184,4249,52,2290,4686,2309
197160498787,20,3074,51,1968,4686,2310
197160509769,184,3222,166,14434,4687,2310
197160520800,115,3032,100,7935,4688,2310
197160532002,36,3454,58,1890,4688,2311
197160542714,128,2916,168,15502,4689,2311
197160553974,109,3096,58,2723,4690,2311
197160565369,20,3344,52,1978,4690,2312
197160576433,120,2977,98,7494,4691,2312
197160587377,262,2885,366,15007,4692,2312
197160598546,19,2761,40,1479,4692,2313
197160609619,115,2897,265,28017,4693,2313
197160620684,127,2797,156,14582,4694,2313
197160631871,20,2706,47,1990,4694,2314
197160642924,233,3122,101,7775,4695,2314
197160653951,479,2935,153,14861,4696,2314
197160665090,22,3115,51,2087,4696,2315
197160676485,239,3523,46,1816,4697,2315
197160687620,109,3370,39,1129,4698,2315
197160698392,21,3305,36,703,4698,2316
197160709909,241,4489,313,32681,4699,2316
197160720962,3636,3109,120,9534,4700,2316
197160732055,75,3833,51,2187,4700,2317
197160742985,123,3395,49,2258,4701,2317
197160754013,373,3587,149,13996,4702,2317
197160765036,43,4111,48,2092,4702,2318
197160776360,289,3290,95,7858,4703,2318
197160787468,401,4227,183,16232,4704,2318
197160798580,25,3222,52,2323,4704,2319
197160809658,134,2710,51,2629,4705,2319
197160820687,259,3116,104,7498,4706,2319
197160831773,20,3589,48,1885,4706,2320
197160842795,399,3310,163,15341,4707,2320
197160854292,349,3173,110,7656,4708,2320
197160864948,21,2895,44,1934,4708,2321
197160876351,438,2963,197,13406,4709,2321
197160887396,364,3395,116,7967,4710,2321
197160898489,19,2868,79,1797,4710,2322
197160909510,214,4869,160,14668,4711,2322
197160920645,315,3150,43,1636,4712,2322
197160931710,19,2781,31,726,4712,2323
197160943290,151,3348,42,726,4713,2323
197160954221,137,3036,82,726,4714,2323
197160965315,21,2812,59,726,4714,2324
197160976323,161,3174,509,35391,4715,2324
197160987472,115,3108,70,4246,4716,2324
197160998491,21,2849,47,2208,4716,2325
197161009672,125,3811,171,14558,4717,2325
197161020655,165,2880,97,7682,4718,2325
197161031784,33,3254,71,1841,4718,2326
197161042907,135,3184,168,15049,4719,2326
197161053884,310,4695,58,2439,4720,2326
197161065390,21,4024,51,1948,4720,2327
197161076498,341,3270,149,7478,4721,2327
197161087382,110,2716,167,15335,4722,2327
197161098559,20,2560,42,2140,4722,2328
197161109567,132,3445,102,7710,4723,2328
197161120675,219,3920,157,14200,4724,2328
197161131642,22,3079,56,2297,4724,2329
197161142828,148,3167,105,8223,4725,2329
197161153885,128,3907,207,15057,4726,2329
197161165024,45,3644,66,2437,4726,2330
197161176589,259,3654,53,2694,4727,2330
197161187584,240,4351,103,7414,4728,2330
197161198649,45,3140,48,2051,4728,2331
197161209899,261,3924,166,15461,4729,2331
197161220872,174,3335,114,7842,4730,2331
197161232014,23,3135,76,1838,4730,2332
197161242868,192,3363,42,2142,4731,2332
197161254011,386,4150,55,2973,4732,2332
197161265104,20,3147,32,739,4732,2333
197161276259,198,3401,49,711,4733,2333
197161287285,133,4177,355,32934,4734,2333
197161298361,21,3128,63,3606,4734,2334
197161309507,117,3069,49,2264,4735,2334
197161320709,428,2662,97,7259,4736,2334
197161331781,23,3396,52,1971,4736,2335
197161342850,124,4048,158,14538,4737,2335
197161353914,123,3081,100,7555,4738,2335
197161365416,21,2625,55,1949,4738,2336
197161376522,135,4268,52,2342,4739,2336
197161387592,98,4038,54,2433,4740,2336
197161398702,15,3269,70,1753,4740,2337
197161409708,100,4110,149,14587,4741,2337
197161420889,117,3588,55,2526,4742,2337
197161431922,22,3301,102,1881,4742,2338
197161442981,247,3540,109,7073,4743,2338
197161454238,524,3835,165,15147,4744,2338
197161465336,23,3454,54,1913,4744,2339
197161476538,230,3026,95,7430,4745,2339
197161487244,193,3287,45,1279,4746,2339
197161498721,26,2921,39,732,4746,2340
197161509813,390,3898,373,42810,4747,2340
197161520707,157,3300,124,10706,4748,2340
197161531669,30,3074,66,2762,4748,2341
197161543419,374,3715,96,6077,4749,2341
197161553943,396,3482,44,835,4750,2341
197161564966,22,3684,36,805,4750,2342
197161576496,132,3518,33,804,4751,2342
197161587523,111,2854,46,805,4752,2342
197161598608,20,3207,33,804,4752,2343
197161609686,122,3052,329,35256,4753,2343
197161620595,272,3183,68,4088,4754,2343
197161632030,21,3781,51,2190,4754,2344
197161643040,126,3303,153,14490,4755,2344
197161654109,244,3164,57,2461,4756,2344
197161665124,21,3830,49,1952,4756,2345
197161676162,200,3010,46,2179,4757,2345
197161687570,151,3155,93,7122,4758,2345
197161698613,21,2738,45,2007,4758,2346
197161709734,264,2932,180,15211,4759,2346
197161720839,252,3258,102,7959,4760,2346
197161731913,25,3443,53,1876,4760,2347
197161742755,321,3458,49,2119,4761,2347
197161753863,153,3431,210,14648,4762,2347
197161765096,27,3214,55,2351,4762,2348
197161776110,187,3534,111,8137,4763,2348
197161787588,203,3587,183,15790,4764,2348
197161798761,21,2996,46,2199,4764,2349
197161809468,252,3829,53,2453,4765,2349
197161820810,124,4069,47,2173,4766,2349
197161831842,19,2767,47,2032,4766,2350
197161842963,224,3399,41,1224,4767,2350
197161853955,110,2753,38,664,4768,2350
197161865023,19,3308,36,663,4768,2351
197161876533,172,3891,362,35156,4769,2351
197161887837,186,3833,172,16246,4770,2351
197161898390,22,3484,53,2479,4770,2352
197161909434,200,3131,98,7789,4771,2352
197161920754,215,4506,149,13000,4772,2352
197161931930,21,3180,53,2293,4772,2353
197161942957,170,3638,96,7639,4773,2353
197161954000,223,3885,171,15604,4774,2353
197161965013,22,2987,56,2408,4774,2354
197161976412,217,3286,106,8160,4775,2354
197161987491,355,3727,47,2230,4776,2354
197161998665,21,2981,47,1968,4776,2355
197162009642,163,4115,159,14603,4777,2355
197162020675,240,4280,114,8372,4778,2355
197162031727,33,3237,61,1955,4778,2356
197162042717,209,3450,170,15807,4779,2356
197162054283,126,3456,59,2580,4780,2356
197162065326,22,3391,62,2048,4780,2357
197162076151,110,2909,96,7321,4781,2357
197162087264,293,3185,98,2171,4782,2357
197162098690,21,2959,50,1848,4782,2358
197162109769,234,3207,48,2182,4783,2358
197162120676,284,3485,156,14597,4784,2358
197162131766,18,3145,46,2200,4784,2359
197162143142,533,3364,105,8203,4785,2359
197162154278,418,2992,162,14923,4786,2359
197162165293,23,2977,48,1782,4786,2360
197162176507,117,3227,47,2259,4787,2360
197162187529,334,3215,350,34915,4788,2360
197162198304,20,2978,63,3796,4788,2361
197162209491,147,3281,202,15873,4789,2361
197162220543,307,3412,95,7648,4790,2361
197162232031,136,4167,53,1917,4790,2362
197162242899,361,3219,46,2246,4791,2362
197162254006,432,5440,183,14462,4792,2362
197162265441,21,2841,45,2050,4792,2363
197162276493,166,3288,101,7831,4793,2363
197162287134,309,3213,167,15783,4794,2363
197162298393,21,2744,48,2200,4794,2364
197162309578,195,3305,52,2420,4795,2364
197162320697,487,3335,117,7545,4796,2364
197162331629,19,3145,44,1983,4796,2365
197162343175,127,2934,64,4336,4797,2365
197162353851,120,3304,253,25446,4798,2365
197162365349,22,3456,59,3265,4798,2366
197162376424,227,3169,321,23839,4799,2366
197162387698,213,3533,106,8468,4800,2366
197162398790,21,3033,49,2086,4800,2367
197162411925,130,3043,154,14074,4801,2367
197162420886,214,4503,52,1353,4802,2367
197162431852,21,3303,34,730,4802,2368
197162442986,352,3605,345,35126,4803,2368
197162454148,260,4037,190,17517,4804,2368
197162465160,22,3378,59,2648,4804,2369
197162476268,237,3208,98,7846,4805,2369
197162487534,210,3270,49,2164,4806,2369
197162498336,21,3891,53,1887,4806,2370
197162509864,360,3175,154,14516,4807,2370
197162520790,331,3939,113,8191,4808,2370
197162532028,25,3240,55,1866,4808,2371
197162543223,283,3469,188,14769,4809,2371
197162554167,221,3358,142,12286,4810,2371
197162565218,22,3328,51,2186,4810,2372
197162576288,194,4721,143,7563,4811,2372
197162587518,171,4410,161,15332,4812,2372
197162598894,36,4141,54,2246,4812,2373
197162609386,288,3436,102,8671,4813,2373
197162620557,308,3050,163,14886,4814,2373
197162632021,56,2995,52,2245,4814,2374
197162643192,2731,5143,147,8067,4815,2374
197162653917,122,3260,232,15314,4816,2374
197162664984,26,3011,125,2413,4816,2375
197162676248,395,3439,70,1893,4817,2375
197162687302,483,3393,41,844,4818,2375
197162698323,23,2823,37,800,4818,2376
197162709427,279,3664,341,32581,4819,2376
197162720962,329,3905,131,9766,4820,2376
197162732201,25,3786,89,2233,4820,2377
197162742828,293,3770,50,2222,4821,2377
197162753912,310,3333,163,14071,4822,2377
197162764954,26,2541,46,2000,4822,2378
197162776525,143,3449,150,7772,4823,2378
197162787543,163,3515,173,15776,4824,2378
197162798531,25,3055,84,2372,4824,2379
197162809584,132,3815,68,2521,4825,2379
197162820822,205,3024,103,7548,4826,2379
197162831846,21,3996,68,1850,4826,2380
197162843153,436,3888,167,15283,4827,2380
197162854082,228,3918,97,7322,4828,2380
197162865425,22,3611,46,1939,4828,2381
197162876534,293,3546,176,13386,4829,2381
197162887319,175,3350,172,7685,4830,2381
197162898637,25,3295,59,1937,4830,2382
197162909771,333,3499,201,14660,4831,2382
197162920935,284,3633,63,2561,4832,2382
197162932109,21,3112,79,2064,4832,2383
197162942942,368,3640,103,7283,4833,2383
197162954094,131,2754,164,15071,4834,2383
197162965133,23,3275,50,1787,4834,2384
197162976308,422,3677,302,27664,4835,2384
197162987368,158,2733,55,2080,4836,2384
197162998403,25,3162,50,1607,4836,2385
197163009430,239,3493,161,14371,4837,2385
197163020578,409,3361,105,7744,4838,2385
197163031613,31,2780,74,1692,4838,2386
197163043167,268,3372,181,15407,4839,2386
197163054269,170,3335,53,2287,4840,2386
197163065380,20,3345,53,1811,4840,2387
197163076134,328,3407,98,7310,4841,2387
197163087299,116,3324,176,15189,4842,2387
197163098358,27,2729,61,2021,4842,2388
197163109660,318,3173,130,7802,4843,2388
197163120712,122,3448,162,14089,4844,2388
197163132112,22,3939,57,2056,4844,2389
197163143244,216,4506,104,7854,4845,2389
197163154234,156,3465,159,14813,4846,2389
197163165252,46,3060,73,2136,4846,2390
197163176350,229,3936,49,1954,4847,2390
197163187510,312,3416,527,37180,4848,2390
197163198503,49,3727,72,3692,4848,2391
197163209539,355,3275,172,15737,4849,2391
197163222100,129,3058,108,7843,4850,2391
197163231697,23,3494,75,1700,4850,2392
197163242799,198,3411,69,4449,4851,2392
197163253843,423,3522,39,790,4852,2392
197163264903,27,2536,40,743,4852,2393
197163276445,172,2736,345,35281,4853,2393
197163287547,172,2655,197,17821,4854,2393
197163298604,32,2538,81,2485,4854,2394
197163309627,138,2659,59,2415,4855,2394
197163338700,437,2724,103,7298,4856,2394
197163353186,962,2848,68,2223,4857,2394
197163364479,29,3404,59,1828,4857,2395
197163375584,138,4152,50,2137,4858,2395
197163386752,112,4035,190,14192,4859,2395
197163397819,18,3334,63,1958,4859,2396
197163409408,464,3132,57,2312,4860,2396
197163419928,310,3097,57,2165,4861,2396
197163431755,21,2609,49,1954,4861,2397
197163442102,161,3538,97,7082,4862,2397
197163453125,420,3501,170,15191,4863,2397
197163464150,22,3500,51,2314,4863,2398
197163475717,230,3202,151,7966,4864,2398
197163486861,292,3023,50,2081,4865,2398
197163497874,21,2790,43,1823,4865,2399
197163509005,116,2924,151,14523,4866,2399
197163519786,105,3039,101,8100,4867,2399
197163530839,27,3020,47,1921,4867,2400
197163542082,185,3624,184,15705,4868,2400
197163553279,111,3767,53,2686,4869,2400
197163564441,19,3938,47,2172,4869,2401
197163575576,289,3641,92,7171,4870,2401
197163586687,234,4107,215,21405,4871,2401
197163597715,21,3735,46,1800,4871,2402
197163608746,342,3668,52,1338,4872,2402
197163619788,368,3229,74,2729,4873,2402
197163631304,24,3385,36,764,4873,2403
197163642069,331,3214,335,35157,4874,2403
197163653316,209,3887,118,9539,4875,2403
197163664403,21,3167,50,2240,4875,2404
197163675428,134,3255,171,11982,4876,2404
197163686481,178,3747,97,7197,4877,2404
197163697803,20,4106,50,1999,4877,2405
197163708881,414,3809,145,13667,4878,2405
197163719994,332,4284,95,7558,4879,2405
197163730873,20,3053,43,1941,4879,2406
197163742076,182,3823,66,2287,4880,2406
197163753280,220,3121,170,14370,4881,2406
197163764314,33,2776,48,1997,4881,2407
197163775332,198,2939,108,7884,4882,2407
197163786658,427,3137,176,15630,4883,2407
197163797598,22,2738,47,2256,4883,2408
197163809045,129,3188,60,2514,4884,2408
197163820147,109,2798,133,7290,4885,2408
197163831196,25,2812,50,2015,4885,2409
197163842211,219,2881,61,2373,4886,2409
197163853356,395,3963,52,1958,4887,2409
197163864354,24,2948,47,1773,4887,2410
197163875431,478,4443,156,13655,4888,2410
197163886788,318,3359,55,1484,4889,2410
197163897560,24,3658,38,741,4889,2411
197163908587,251,3530,41,740,4890,2411
197163919842,256,3638,392,33172,4891,2411
197163930862,18,2780,59,3626,4891,2412
197163942385,163,2865,155,8380,4892,2412
197163953575,138,2932,165,15023,4893,2412
197163964708,30,3021,62,2134,4893,2413
197163975750,328,3464,109,7670,4894,2413
197163986361,203,2861,60,2120,4895,2413
197163997520,25,2793,48,1784,4895,2414
197164008606,2586,4107,168,14462,4896,2414
197164020190,128,3335,105,8093,4897,2414
197164031177,26,2888,92,1879,4897,2415
197164042249,193,4453,167,15792,4898,2415
197164053235,116,4490,53,2342,4899,2415
197164064316,33,2998,57,1941,4899,2416
197164075318,254,2861,102,7354,4900,2416
197164086398,438,3463,167,15270,4901,2416
197164097769,22,2907,49,2302,4901,2417
197164108735,225,3115,111,8619,4902,2417
197164119794,278,3321,155,14590,4903,2417
197164131012,22,2866,53,2340,4903,2418
197164142076,220,3257,101,8113,4904,2418
197164153242,169,2985,341,14414,4905,2418
197164164300,26,2765,55,1217,4905,2419
197164175347,218,3068,148,13612,4906,2419
197164187161,320,2897,60,1673,4907,2419
197164197852,24,3940,45,660,4907,2420
197164208972,285,3322,332,32624,4908,2420
197164220049,316,3179,114,9480,4909,2420
197164231097,20,2798,44,2277,4909,2421
197164242209,240,3020,51,2418,4910,2421
197164253310,283,3518,155,13843,4911,2421
197164264463,29,2557,48,2001,4911,2422
197164275704,188,2699,114,7877,4912,2422
197164286702,158,2670,180,15669,4913,2422
197164307383,230,2794,60,1669,4914,2422
197164322457,151,2778,525,35110,4915,2422
197164332803,29,3362,102,3921,4915,2423
197164343956,287,4118,261,15719,4916,2423
197164355132,128,3925,144,7696,4917,2423
197164366205,26,3283,76,2001,4917,2424
197164377277,133,2744,126,2363,4918,2424
197164388458,409,3767,167,14362,4919,2424
197164399429,23,3050,54,2231,4919,2425
197164410492,180,2974,69,2614,4920,2425
197164422038,329,2927,55,2329,4921,2425
197164433067,20,2964,51,2015,4921,2426
197164444117,315,3203,96,7393,4922,2426
197164455198,291,3186,167,15306,4923,2426
197164466208,26,2686,85,2387,4923,2427
197164477517,201,2938,99,8132,4924,2427
197164488610,191,3173,51,2250,4925,2427
197164499362,25,3659,50,1900,4925,2428
197164510558,225,3095,156,14705,4926,2428
197164521874,127,2800,65,1744,4927,2428
197164532908,30,2738,52,744,4927,2429
197164543854,212,2900,339,33258,4928,2429
197164555436,194,3464,68,3742,4929,2429
197164566042,21,3901,57,2138,4929,2430
197164577168,155,3627,100,7434,4930,2430
197164588707,201,4122,164,14778,4931,2430
197164599337,20,3479,52,2115,4931,2431
197164610462,313,3984,102,7839,4932,2431
197164621998,305,3395,154,13980,4933,2431
197164633091,23,3228,50,2055,4933,2432
197164644119,150,3183,95,7706,4934,2432
197164655171,267,3346,161,14918,4935,2432
197164666035,22,3055,49,2035,4935,2433
197164677594,131,3203,49,2364,4936,2433
197164688572,170,2671,98,7113,4937,2433
197164699635,19,3186,49,1799,4937,2434
197164710642,151,2940,159,15226,4938,2434
197164721656,149,2899,95,7915,4939,2434
197164732668,19,2670,50,2079,4939,2435
197164744059,119,3300,70,4681,4940,2435
197164755059,131,3394,39,876,4941,2435
197164766098,21,2837,36,816,4941,2436
197164777290,138,3150,374,35350,4942,2436
197164788288,257,2925,185,17375,4943,2436
197164799773,22,2865,53,2554,4943,2437
197164810560,299,3369,52,2512,4944,2437
197164821613,386,3154,92,7367,4945,2437
197164832688,19,3082,47,1990,4945,2438
197164844235,166,2761,159,15180,4946,2438
197164855347,148,2960,98,7524,4947,2438
197164866364,21,2607,48,2021,4947,2439
197164877426,116,2767,131,2403,4948,2439
197164888251,166,2681,63,2468,4949,2439
197164899849,31,41712,62,1888,4949,2440
197164953963,159,2747,95,6002,4950,2440
197164968788,34,3632,54,855,4950,2441
197164975345,196,4146,40,769,4951,2441
197164986628,109,3970,346,35438,4952,2441
197164997233,23,3242,84,3814,4952,2442
197165008362,122,2682,244,15012,4953,2442
197165019512,556,3153,112,7848,4954,2442
197165030586,33,3020,60,2091,4954,2443
197165042079,156,2900,190,15603,4955,2443
197165053169,417,4709,63,2699,4956,2443
197165064247,23,3481,53,2236,4956,2444
197165075284,372,3392,49,1867,4957,2444
197165086292,308,4253,50,1324,4958,2444
197165097400,24,3642,34,855,4958,2445
197165108408,181,3714,51,855,4959,2445
197165120387,383,3673,384,35332,4960,2445
197165130867,20,3787,62,3788,4960,2446
197165142054,169,3450,180,14848,4961,2446
197165152940,217,3773,97,7827,4962,2446
197165163958,19,3778,61,1928,4962,2447
197165174986,264,3317,130,12173,4963,2447
197165186236,377,3018,99,7241,4964,2447
197165198111,23,2803,167,2012,4964,2448
197165209230,304,3016,175,15003,4965,2448
197165219778,181,2945,100,7681,4966,2448
197165230883,28,3307,49,1982,4966,2449
197165241962,131,2960,52,2254,4967,2449
197165252976,167,3035,161,14602,4968,2449
197165264043,20,2744,48,2200,4968,2450
197165275193,573,3386,112,7886,4969,2450
197165286127,292,3007,179,16000,4970,2450
197165297697,22,2684,46,2147,4970,2451
197165308874,382,3069,60,2419,4971,2451
197165319884,150,2619,100,7038,4972,2451
197165331016,27,2636,55,2052,4972,2452
197165342111,178,2655,66,2392,4973,2452
197165353190,121,2636,50,2017,4974,2452
197165363964,22,2543,61,1828,4974,2453
197165396229,2482,2659,116,5056,4975,2453
197165412620,239,4240,428,35434,4976,2453
197165423730,155,3983,218,14209,4977,2453
197165435261,152,4102,130,7596,4978,2453
197165446363,23,3608,57,2080,4978,2454
197165457460,113,2732,264,14959,4979,2454
197165468163,495,2978,52,2052,4979,2455
197165479734,212,3065,114,7737,4980,2455
197165490805,312,3006,46,2182,4981,2455
197165501606,20,3255,47,1829,4981,2456
197165512696,222,4401,153,14363,4982,2456
197165523986,214,3964,115,8045,4983,2456
197165534890,29,4268,54,1887,4983,2457
197165546100,193,3183,252,15654,4984,2457
197165557179,237,3041,67,2571,4985,2457
197165568162,24,2967,51,1970,4985,2458
197165579299,136,3272,149,7197,4986,2458
197165590346,123,3299,49,2240,4987,2458
197165601969,22,3630,48,1881,4987,2459
197165612978,246,3037,43,2189,4988,2459
197165624077,293,3632,64,2997,4989,2459
197165635090,123,3948,37,802,4990,2459
197165646253,20,3434,28,750,4990,2460
197165657303,400,4401,336,35450,4991,2460
197165668166,25,3036,80,3807,4991,2461
197165679350,345,3132,167,15182,4992,2461
197165690530,337,4319,96,7411,4993,2461
197165701695,178,3861,167,15231,4994,2461
197165712742,39,4369,54,2171,4994,2462
197165723755,316,3407,111,7864,4995,2462
197165734813,39,3552,49,1902,4995,2463
197165746332,185,4239,76,2266,4996,2463
197165757361,134,4448,164,14625,4997,2463
197165768369,213,3630,104,8087,4998,2463
197165779502,29,3014,58,2007,4998,2464
197165790568,245,3279,177,16138,4999,2464
197165801702,21,4047,52,2304,4999,2465
197165812896,265,3465,50,2481,5000,2465
197165823937,181,3687,114,7611,5001,2465
197165835266,161,3090,163,15305,5002,2465
197165846185,21,3158,45,2393,5002,2466
197165857205,167,2920,109,8682,5003,2466
197165868338,183,3529,71,4532,5004,2466
197165879498,23,2850,36,864,5004,2467
197165890542,120,2878,34,756,5005,2467
197165901614,149,2942,36,756,5006,2467
197165912655,22,3248,32,756,5006,2468
197165923705,122,3457,40,756,5007,2468
197165935176,215,3416,415,34929,5008,2468
197165946215,19,3865,60,3982,5008,2469
197165957276,282,3461,167,15655,5009,2469
197165968408,147,3094,97,7646,5010,2469
197165979540,24,3767,53,2020,5010,2470
197165990696,203,3189,52,2418,5011,2470
197166001805,121,3094,156,14530,5012,2470
197166012884,22,3206,45,2122,5012,2471
197166023992,432,3824,61,1621,5013,2471
197166035078,236,3500,317,32593,5014,2471
197166045954,21,3936,64,3577,5014,2472
197166057033,208,3263,43,2267,5015,2472
197166068227,21,4336,49,1865,5015,2473
197166079501,494,3417,110,7307,5016,2473
197166090590,266,3356,168,14579,5017,2473
197166101611,35,4262,62,2244,5017,2474
197166113244,232,4663,120,8580,5018,2474
197166123921,156,3599,154,13628,5019,2474
197166134955,22,3490,36,1094,5019,2475
197166145991,313,4482,45,1423,5020,2475
197166157113,228,3310,34,764,5021,2475
197166168405,200,3678,317,32651,5022,2475
197166179557,21,3516,92,3568,5022,2476
197166190533,318,4010,108,8544,5023,2476
197166201813,133,3381,167,15174,5024,2476
197166212840,49,2524,52,2190,5024,2477
197166223916,170,2631,126,7824,5025,2477
197166235016,160,2649,51,2179,5026,2477
197166274846,486,5865,97,3114,5027,2477
197166292779,240,2789,493,33023,5028,2477
197166304007,130,3899,90,3755,5029,2477
197166315213,22,3531,71,2135,5029,2478
197166325920,155,3992,146,7294,5030,2478
197166338111,128,3881,237,14668,5031,2478
197166347863,25,3238,79,2146,5031,2479
197166359241,227,3555,112,7686,5032,2479
197166370312,2207,2797,51,2213,5033,2479
197166381625,22,3019,50,1888,5033,2480
197166392673,373,3858,55,2537,5034,2480
197166403568,360,3484,158,14877,5035,2480
197166414599,23,4336,60,2290,5035,2481
197166426142,384,3560,51,2484,5036,2481
197166437315,217,3107,50,1474,5037,2481
197166447914,21,3192,77,723,5037,2482
197166459485,413,4375,342,32444,5038,2482
197166470581,284,4015,112,9512,5039,2482
197166481611,20,3331,50,2121,5039,2483
197166492644,193,3967,44,1821,5040,2483
197166503901,270,3372,54,2825,5041,2483
197166514845,19,3393,63,765,5041,2484
197166525879,297,3468,370,35132,5042,2484
197166537167,243,5109,200,17389,5043,2484
197166548345,29,3027,88,2607,5043,2485
197166559254,361,3310,57,2469,5044,2485
197166570315,152,3607,96,7403,5045,2485
197166581350,21,4012,61,1802,5045,2486
197166592436,379,3618,165,15008,5046,2486
197166603531,368,3913,109,7595,5047,2486
197166615169,21,3998,49,2080,5047,2487
197166626274,129,3569,51,2488,5048,2487
197166637303,192,2910,68,2556,5049,2487
197166648084,22,3911,96,1930,5049,2488
197166659234,192,4575,166,14896,5050,2488
197166670215,224,4083,60,2540,5051,2488
197166681781,23,3514,58,1957,5051,2489
197166692867,239,3549,94,7075,5052,2489
197166703941,196,3184,172,15373,5053,2489
197166714955,22,4007,51,1913,5053,2490
197166726079,312,4239,86,6858,5054,2490
197166737082,238,3551,371,31704,5055,2490
197166748192,19,3346,127,3573,5055,2491
197166759137,251,3727,156,14864,5056,2491
197166770466,120,3661,100,7905,5057,2491
197166781658,28,4358,57,1445,5057,2492
197166792615,308,3501,117,9614,5058,2492
197166803732,356,3248,37,1135,5059,2492
197166815045,21,2950,33,755,5059,2493
197166826085,1233,3155,711,34965,5060,2493
197166836822,345,3850,185,17419,5061,2493
197166848429,25,2521,53,2553,5061,2494
197166859479,156,2681,110,7877,5062,2494
197166870219,172,2722,72,2315,5063,2494
197166881704,23,2529,49,1961,5063,2495
197166919903,185,2647,119,5293,5064,2495
197166934320,43,4129,55,859,5064,2496
197166945041,171,4345,526,35024,5065,2496
197166956131,119,4122,299,17433,5066,2496
197166967717,22,3988,63,2551,5066,2497
197166978807,143,3121,149,7787,5067,2497
197166989924,191,2732,66,2156,5068,2497
197167000670,25,3167,179,1866,5068,2498
197167012140,198,2863,154,14476,5069,2498
197167022979,163,3132,109,8186,5070,2498
197167034315,25,3489,58,1805,5070,2499
197167045546,190,3462,168,15560,5071,2499
197167056540,218,3050,53,2441,5072,2499
197167067729,23,3636,49,1913,5072,2500
197167078706,183,3747,87,6296,5073,2500
197167089847,311,3295,350,43388,5074,2500
197167101045,26,3664,81,5280,5074,2501
197167111678,152,3143,113,9463,5075,2501
197167123285,209,3485,171,15488,5076,2501
197167134420,27,4025,55,2501,5076,2502
197167145050,143,3565,96,7149,5077,2502
197167156375,137,3365,64,3951,5078,2502
197167167498,20,2823,35,893,5078,2503
197167178375,478,3617,40,861,5079,2503
197167189923,220,3283,35,852,5080,2503
197167200666,22,2852,36,844,5080,2504
197167212027,233,4152,326,32575,5081,2504
197167223241,526,4457,135,9575,5082,2504
197167234037,27,2925,61,2267,5082,2505
197167245127,175,3362,58,2357,5083,2505
197167256641,388,4164,155,14037,5084,2505
197167267617,21,3726,49,2038,5084,2506
197167278545,154,2822,108,7802,5085,2506
197167289736,330,3452,175,15486,5086,2506
197167300765,26,4965,57,2069,5086,2507
197167311962,349,3200,54,2476,5087,2507
197167323105,195,3374,101,7234,5088,2507
197167334051,21,2750,52,2019,5088,2508
197167345280,153,3119,178,15360,5089,2508
197167356309,248,3145,97,7492,5090,2508
197167367342,21,3136,44,2041,5090,2509
197167378408,289,3397,164,13276,5091,2509
197167389980,134,3436,97,7987,5092,2509
197167400618,20,3529,46,1988,5092,2510
197167411743,208,3635,83,6237,5093,2510
197167422816,185,3369,336,34006,5094,2510
197167434009,19,4226,69,3819,5094,2511
197167445394,279,3252,96,7875,5095,2511
197167456419,173,3611,153,14756,5096,2511
197167467540,52,5020,55,1982,5096,2512
197167478505,409,3437,40,1309,5097,2512
197167489725,344,3243,38,743,5098,2512
197167500691,29,3137,47,740,5098,2513
197167512161,427,3297,382,35421,5099,2513
197167523198,211,3428,116,9536,5100,2513
197167534425,30,3327,56,2264,5100,2514
197167545709,208,3223,175,14264,5101,2514
197167556262,240,3584,51,2493,5102,2514
197167567419,21,4236,53,1975,5102,2515
197167578524,210,3753,117,7506,5103,2515
197167589708,163,3511,152,14571,5104,2515
197167600847,20,3024,47,2046,5104,2516
197167611905,276,4057,106,7896,5105,2516
197167622964,268,3166,54,2309,5106,2516
197167634396,23,3511,49,1910,5106,2517
197167645351,185,3650,54,2596,5107,2517
197167656474,206,3315,156,14859,5108,2517
197167667378,20,2822,50,2245,5108,2518
197167678578,208,3573,50,2110,5109,2518
197167689773,232,3459,250,26356,5110,2518
197167700855,21,3970,51,1804,5110,2519
197167711991,277,3515,158,15045,5111,2519
197167723047,266,3686,100,7505,5112,2519
197167733923,19,3169,49,1685,5112,2520
197167745422,164,3852,74,4808,5113,2520
197167756147,129,4402,45,1504,5114,2520
197167767721,64,3865,45,688,5114,2521
197167778874,144,3281,615,35014,5115,2521
197167789958,129,3210,180,17469,5116,2521
197167801142,30,3632,58,2547,5116,2522
197167811657,122,3507,50,2451,5117,2522
197167823262,226,3147,106,7107,5118,2522
197167834106,21,4070,49,1919,5118,2523
197167845331,153,2808,177,14873,5119,2523
197167856325,177,2667,102,7374,5120,2523
197167867378,28,2723,57,1854,5120,2524
197167878448,188,2721,62,2218,5121,2524
197167889475,157,2647,164,14604,5122,2524
197167901023,23,2587,50,2280,5122,2525
197167930247,277,2818,67,1594,5123,2525
197167944903,200,4159,565,35186,5124,2525
197167955569,135,3966,283,17314,5125,2525
197167967208,23,4108,74,2588,5125,2526
197167977907,139,4352,139,7796,5126,2526
197167989446,130,2794,64,2266,5127,2526
197168000828,38,3315,76,1971,5127,2527
197168011494,180,3216,176,14518,5128,2527
197168022518,299,5169,107,8088,5129,2527
197168033647,27,3176,60,1837,5129,2528
197168044952,211,3243,169,15491,5130,2528
197168055771,326,3409,61,2696,5131,2528
197168066842,27,3024,54,1920,5131,2529
197168078335,240,3390,94,7423,5132,2529
197168089401,244,3457,171,15389,5133,2529
197168100384,26,3179,64,2308,5133,2530
197168111525,194,4657,128,8512,5134,2530
197168122666,183,3275,162,14767,5135,2530
197168133728,26,3222,57,2128,5135,2531
197168144758,224,4365,110,7597,5136,2531
197168155869,213,4015,78,3916,5137,2531
197168166988,26,3391,48,859,5137,2532
197168178081,369,3622,38,808,5138,2532
197168189127,142,3303,352,35055,5139,2532
197168200207,26,3409,67,3882,5139,2533
197168211501,206,4132,173,15876,5140,2533
197168222353,296,4243,96,7877,5141,2533
197168234014,21,3039,55,2137,5141,2534
197168244662,409,3465,49,2457,5142,2534
197168255873,135,3856,159,14574,5143,2534
197168266915,19,2802,50,2382,5143,2535
197168277940,402,3739,105,8288,5144,2535
197168289495,250,2960,180,16372,5145,2535
197168300488,25,3328,56,2147,5145,2536
197168311590,260,3326,69,2398,5146,2536
197168322659,364,3952,46,1270,5147,2536
197168333827,32,3358,48,932,5147,2537
197168344860,158,4513,47,1032,5148,2537
197168355788,229,4113,368,35459,5149,2537
197168367707,30,3999,107,3939,5149,2538
197168378068,162,3286,56,2424,5150,2538
197168389121,177,3044,171,14445,5151,2538
197168400234,23,2758,49,2144,5151,2539
197168411195,242,4487,99,7649,5152,2539
197168422354,156,3411,143,12971,5153,2539
197168433546,21,2991,54,2020,5153,2540
197168444831,279,3626,153,7341,5154,2540
197168455890,149,3266,170,15442,5155,2540
197168466948,29,3137,60,2589,5155,2541
197168478038,216,3500,112,8428,5156,2541
197168489154,127,3136,50,2224,5157,2541
197168500264,23,2927,51,1900,5157,2542
197168511257,142,2859,176,14631,5158,2542
197168522592,231,3181,97,7836,5159,2542
197168533426,23,3064,57,1810,5159,2543
197168544980,211,2978,212,15480,5160,2543
197168555893,221,2641,72,2613,5161,2543
197168566857,22,2765,49,1939,5161,2544
197168578054,340,4290,99,7150,5162,2544
197168589562,438,3369,47,2172,5163,2544
197168600302,23,3111,51,1833,5163,2545
197168611648,322,3095,70,4399,5164,2545
197168622577,266,4955,355,35150,5165,2545
197168633857,38,2961,75,3745,5165,2546
197168644891,186,3234,177,14778,5166,2546
197168655979,200,3340,103,7795,5167,2546
197168667214,27,3139,58,1927,5167,2547
197168678261,490,3301,151,12253,5168,2547
197168689004,127,3350,89,6416,5169,2547
197168700579,21,2961,34,781,5169,2548
197168711590,243,3170,343,43139,5170,2548
197168722544,410,3455,125,10745,5171,2548
197168733706,20,2978,57,2701,5171,2549
197168744639,256,3522,55,2178,5172,2549
197168755677,421,3133,64,2896,5173,2549
197168766811,33,3154,53,711,5173,2550
197168778322,178,3179,48,695,5174,2550
197168790256,286,4006,58,689,5175,2550
197168800321,37,2903,54,689,5175,2551
197168811325,183,2677,343,33844,5176,2551
197168822385,219,3763,114,9167,5177,2551
197168833639,26,2781,58,2262,5177,2552
197168844692,260,3160,167,14684,5178,2552
197168855888,234,3021,105,7508,5179,2552
197168866827,21,2777,46,1979,5179,2553
197168877938,220,3107,51,2328,5180,2553
197168889006,322,3082,159,14362,5181,2553
197168900563,22,2826,53,2187,5181,2554
197168911195,186,3278,87,2480,5182,2554
197168922759,383,2914,46,2240,5183,2554
197168933539,21,2721,46,1995,5183,2555
197168944792,155,3241,93,7330,5184,2555
197168956020,137,3146,164,15112,5185,2555
197168967053,30,3157,59,2198,5185,2556
197168978327,328,2941,107,7926,5186,2556
197168989060,126,2889,51,2209,5187,2556
197169000346,29,2878,59,1786,5187,2557
197169011355,147,2692,158,14517,5188,2557
197169022548,274,3201,99,7621,5189,2557
197169033759,26,3122,62,1357,5189,2558
197169044789,219,4075,99,6530,5190,2558
197169055945,199,3962,47,991,5191,2558
197169067201,25,3043,46,867,5191,2559
197169077930,134,3283,344,35223,5192,2559
197169089074,125,3020,211,17386,5193,2559
197169100088,21,3245,60,2571,5193,2560
197169111669,236,4273,101,7871,5194,2560
197169122770,115,3112,53,2405,5195,2560
197169133588,21,2899,70,2058,5195,2561
197169144618,260,3133,152,14689,5196,2561
197169155876,190,3180,55,2728,5197,2561
197169167170,19,2869,49,2021,5197,2562
197169178254,150,2913,52,2176,5198,2562
197169189222,653,2944,106,7277,5199,2562
197169200251,25,3256,62,1859,5199,2563
197169211885,1032,2915,178,15155,5200,2563
197169222313,193,2659,120,7842,5201,2563
197169233475,36,2600,51,1839,5201,2564
197169246288,301,9614,74,2101,5202,2564
197169267681,208,4604,86,2945,5203,2564
197169278823,26,3416,47,777,5203,2565
197169290087,195,3915,47,739,5204,2565
197169301193,22,3961,48,739,5204,2566
197169311975,218,3097,514,33948,5205,2566
197169323091,162,2718,241,9205,5206,2566
197169334304,29,3321,53,2269,5206,2567
197169345467,307,3196,158,14717,5207,2567
197169356465,383,3718,103,7554,5208,2567
197169367495,20,3101,55,2040,5208,2568
197169378596,285,3482,54,2362,5209,2568
197169390088,184,3383,62,2528,5210,2568
197169401118,24,3259,62,1850,5210,2569
197169412440,201,3624,177,14718,5211,2569
197169423262,366,3608,68,2573,5212,2569
197169434300,73,4213,72,1976,5212,2570
197169445466,346,4113,103,7307,5213,2570
197169456700,230,3151,170,15217,5214,2570
197169467529,22,3245,54,2144,5214,2571
197169478536,327,3151,103,7844,5215,2571
197169490087,414,3243,80,4593,5216,2571
197169501423,24,2966,47,868,5216,2572
197169512213,262,2964,431,35758,5217,2572
197169523246,273,4343,56,1421,5218,2572
197169534978,499,3319,325,33165,5219,2572
197169545620,29,3101,68,3562,5219,2573
197169556619,171,2928,64,2938,5220,2573
197169567795,24,3300,49,1875,5220,2574
197169578769,124,3927,98,7138,5221,2574
197169589933,148,3267,164,14587,5222,2574
197169600965,28,3636,68,2126,5222,2575
197169612052,148,4263,101,7697,5223,2575
197169623128,197,3123,51,2226,5224,2575
197169634346,25,3290,47,1837,5224,2576
197169645424,171,3048,69,2533,5225,2576
197169656327,253,3456,162,14841,5226,2576
197169667416,20,2785,47,2116,5226,2577
197169678887,262,3089,68,2359,5227,2577
197169689913,118,2949,96,7080,5228,2577
197169700975,129,4029,59,1832,5228,2578
197169712073,136,3276,162,15068,5229,2578
197169723341,166,3324,101,7693,5230,2578
197169734377,24,3159,54,1878,5230,2579
197169745461,273,2968,53,2180,5231,2579
197169756501,134,2637,157,14662,5232,2579
197169767596,26,3079,53,1949,5232,2580
197169778753,185,2678,116,7625,5233,2580
197169789626,173,2680,80,4071,5234,2580
197169800705,26,2602,44,772,5234,2581
197169811993,190,2666,20431,748,5235,2581
197169843185,231,8393,82,747,5236,2581
197169862971,37,2586,45,748,5236,2582
197169874132,177,4291,516,35479,5237,2582
197169885641,122,4131,281,16399,5238,2582
197169896786,22,3414,70,2557,5238,2583
197169907406,114,3858,139,7846,5239,2583
197169918518,126,3183,223,13034,5240,2583
197169929866,381,2856,48,2069,5240,2584
197169940844,150,3238,96,7454,5241,2584
197169951904,114,3131,251,15443,5242,2584
197169963352,24,3329,51,2703,5242,2585
197169974379,199,3706,97,8086,5243,2585
197169985604,389,3411,52,2038,5244,2585
197169996668,20,3117,44,1841,5244,2586
197170007866,262,3482,156,14544,5245,2586
197170018604,390,3193,101,8028,5246,2586
197170029664,21,3598,51,1833,5246,2587
197170040776,159,3076,166,15718,5247,2587
197170052300,124,2773,59,2506,5248,2587
197170063321,21,2713,43,1934,5248,2588
197170074572,134,3317,124,7087,5249,2588
197170085578,111,2964,48,2214,5250,2588
197170096637,22,3633,43,1879,5250,2589
197170107658,171,3518,70,4360,5251,2589
197170118538,181,3382,396,35314,5252,2589
197170130082,22,2853,60,3775,5252,2590
197170140957,155,3688,157,14765,5253,2590
197170152199,1176,3207,102,7845,5254,2590
197170163033,20,3390,43,2000,5254,2591
197170174264,355,3651,169,14934,5255,2591
197170185653,337,4366,101,7639,5256,2591
197170196678,21,3555,43,2030,5256,2592
197170207724,187,3348,161,15496,5257,2592
197170219018,211,3074,99,7443,5258,2592
197170230021,20,3547,65,1961,5258,2593
197170241105,205,3989,44,2284,5259,2593
197170252174,185,3817,159,14298,5260,2593
197170263336,20,3334,49,2374,5260,2594
197170274347,185,3860,66,1468,5261,2594
197170285751,157,3559,379,33205,5262,2594
197170296786,39,3876,60,3613,5262,2595
197170307885,272,3247,64,2281,5263,2595
197170318973,237,3611,95,7298,5264,2595
197170330080,19,3308,45,1994,5264,2596
197170341206,183,3451,46,2229,5265,2596
197170352232,227,3540,49,1960,5266,2596
197170363453,19,3187,42,1779,5266,2597
197170374459,408,3470,154,13963,5267,2597
197170385658,119,3334,45,1770,5268,2597
197170396804,20,2921,31,790,5268,2598
197170407736,121,3789,948,33415,5269,2598
197170419005,342,4443,63,3618,5270,2598
197170429934,19,3572,45,2176,5270,2599
197170441031,250,3973,102,8225,5271,2599
197170452193,303,3364,165,15027,5272,2599
197170463318,20,3236,44,2165,5272,2600
197170474479,127,3344,102,7746,5273,2600
197170485478,282,3557,49,2086,5274,2600
197170496533,21,3596,45,1819,5274,2601
197170507602,221,3574,156,14499,5275,2601
197170518630,112,3818,107,8273,5276,2601
197170529900,21,4398,61,1972,5276,2602
197170540937,191,4225,193,6243,5277,2602
197170551964,167,3988,340,34191,5278,2602
197170563001,20,2933,60,3835,5278,2603
197170574118,225,3622,98,7796,5279,2603
197170585675,385,3524,155,14773,5280,2603
197170596674,21,3334,48,2188,5280,2604
197170607788,178,3786,104,8497,5281,2604
197170618962,450,3265,154,14328,5282,2604
197170629696,20,3800,47,1972,5282,2605
197170641246,214,3307,204,17974,5283,2605
197170652277,347,4004,157,14908,5284,2605
197170663203,20,2772,40,1598,5284,2606
197170675560,169,3093,53,2215,5285,2606
197170685779,228,2975,32,699,5286,2606
197170696331,18,2950,31,686,5286,2607
197170707435,464,3123,338,32829,5287,2607
197170718655,159,3005,114,9670,5288,2607
197170729658,19,2723,44,2191,5288,2608
197170740783,541,3018,51,2149,5289,2608
197170752270,298,2984,234,14091,5290,2608
197170763167,19,2786,46,2053,5290,2609
197170774208,193,3238,99,7897,5291,2609
197170785381,519,3040,181,16122,5292,2609
197170796471,29,2985,55,2349,5292,2610
197170807598,159,3056,55,2508,5293,2610
197170819033,118,3420,97,7404,5294,2610
197170830101,20,3080,48,1786,5294,2611
197170841113,130,2998,153,14518,5295,2611
197170852250,274,3020,368,36819,5296,2611
197170863150,24,3251,63,3685,5296,2612
197170874268,395,3838,161,14859,5297,2612
197170885480,244,3462,107,8373,5298,2612
197170896514,25,2894,45,2125,5298,2613
197170907737,178,3105,163,15292,5299,2613
197170918838,208,3312,44,1431,5300,2613
