start_us,capture_us,encode_us,submit_us,payload_bytes,desktop_updates,cached_frames
195908392501,2902,8592,548,35202,1,0
195908415295,141,2984,183,16001,2,0
195908426414,22,2867,117,9535,2,1
195908437753,571,3287,77,5368,3,1
195908448846,432,5086,381,44326,4,1
195908460190,20,2803,77,5659,4,2
195908470751,168,4363,97,7983,5,2
195908482412,474,2969,69,4544,6,2
195908492963,26,3844,63,2886,6,3
195908504105,136,2783,169,15204,7,3
195908515177,138,2820,116,8487,8,3
195908526947,26,2676,63,2848,8,4
195908537518,139,2872,67,4224,9,4
195908548711,132,2774,42,823,10,4
195908559799,26,2621,37,747,10,5
195908570936,187,2880,355,34674,11,5
195908581976,154,2760,216,17327,12,5
195908593037,25,2655,52,2352,12,6
195908604178,177,2859,106,7641,13,6
195908615575,139,2772,62,2307,14,6
195908626739,19,2671,44,1963,14,7
195908637706,108,2834,154,14484,15,7
195908648909,123,2761,123,8164,16,7
195908660107,35,2743,90,1928,16,8
195908708401,747,2861,197,15328,17,8
195908723199,371,2784,47,1698,18,8
195908734782,181,2874,373,34592,19,8
195908745879,180,3600,103,4011,20,8
195908756560,24,3473,85,2200,20,9
195908767649,135,4011,74,2590,21,9
195908778836,139,4491,295,15049,22,9
195908790012,33,3531,49,2023,22,10
195908801065,152,2899,49,2241,23,10
195908812172,225,3638,103,7021,24,10
195908823642,24,3046,47,1748,24,11
195908834724,1733,2894,168,14969,25,11
195908846134,441,3432,112,7574,26,11
195908857147,27,3094,48,2005,26,12
195908867734,449,3164,57,2340,27,12
195908878792,606,3510,159,14525,28,12
195908890301,21,2896,49,2112,28,13
195908900990,584,3738,108,8021,29,13
195908912652,492,3387,76,4036,30,13
195908923773,36,3000,31,809,30,14
195908934350,541,3730,346,33445,31,14
195908945892,218,3324,107,8979,32,14
195908956925,18,2716,43,2247,32,15
195908967969,122,3681,165,14690,33,15
195908979082,228,3800,102,7529,34,15
195908990191,21,3163,43,2013,34,16
195909001132,212,3035,148,13439,35,16
195909012207,130,4591,105,7640,36,16
195909023322,23,2954,42,1835,36,17
195909034434,220,3045,160,14515,37,17
195909045596,187,3884,59,2439,38,17
195909056667,22,2981,44,1866,38,18
195909068170,185,2922,99,7088,39,18
195909080125,220,2777,169,15182,40,18
195909090331,22,2968,46,2047,40,19
195909101163,114,2968,96,7842,41,19
195909112453,215,3719,49,2187,42,19
195909123786,26,3209,49,1909,42,20
195909134589,160,3487,81,5182,43,20
195909145714,114,3767,385,34886,44,20
195909156774,27,2711,71,3757,44,21
195909167898,153,2984,173,15693,45,21
195909178999,117,3879,54,2560,46,21
195909190043,21,2989,43,1909,46,22
195909201230,2138,3551,95,6998,47,22
195909212272,106,3627,170,15079,48,22
195909223290,22,3047,48,2195,48,23
195909234317,126,2880,185,8021,49,23
195909245922,644,3258,183,14136,50,23
195909257007,24,3391,216,2039,50,24
195909267751,423,3400,105,7811,51,24
195909282236,120,2673,161,14874,52,24
195909290307,19,3097,61,2322,52,25
195909301396,188,3424,54,2572,53,25
195909312584,296,4113,101,7062,54,25
195909323537,22,2776,45,1879,54,26
195909334556,133,4021,169,15268,55,26
195909345875,211,6509,105,7705,56,26
195909356804,21,2837,46,1920,56,27
195909367823,211,3324,69,4573,57,27
195909379197,313,3753,36,835,58,27
195909390525,22,2943,35,781,58,28
195909401132,227,4014,359,34901,59,28
195909412626,27,3332,76,3764,59,29
195909423693,244,4039,91,6318,60,29
195909434706,236,3702,343,33386,61,29
195909445627,214,3772,109,8917,62,29
195909456834,21,4189,50,2207,62,30
195909467803,123,2766,201,14661,63,30
195909478946,176,4179,119,6950,64,30
195909489904,21,3082,44,2116,64,31
195909501406,217,3127,155,14518,65,31
195909512329,153,3977,105,7968,66,31
195909523374,19,2882,46,1940,66,32
195909534393,165,3252,163,14602,67,32
195909545510,177,4283,50,1645,68,32
195909556760,20,3592,39,856,68,33
195909567806,198,3326,366,34757,69,33
195909579218,123,4082,81,4872,70,33
195909590375,24,4048,38,762,70,34
195909601528,346,3328,358,34801,71,34
195909612260,264,4601,72,3893,72,34
195909623481,25,3806,46,2123,72,35
195909634674,446,3996,164,14407,73,35
195909645531,236,4330,109,7383,74,35
195909656763,29,3410,56,1800,74,36
195909667743,239,4449,178,15399,75,36
195909679233,400,4995,153,2459,76,36
195909690305,21,2944,44,2024,76,37
195909701134,507,4049,94,7278,77,37
195909712260,145,5966,251,2033,78,37
195909723732,342,4067,67,1717,78,38
195909734342,430,4670,100,1991,79,38
195909745867,298,5074,187,14463,80,38
195909757509,233,3408,71,2078,80,39
195909767689,273,2978,123,1420,81,39
195909779223,146,4050,45,659,82,39
195909790656,531,3876,59,659,82,40
195909801159,221,3700,345,33353,83,40
195909812557,149,3186,148,8883,84,40
195909823867,166,3082,57,2349,84,41
195909834887,371,3117,164,14660,85,41
195909845798,195,3342,121,7299,86,41
195909856888,417,4317,52,2002,86,42
195909867848,160,3240,73,2357,87,42
195909878763,158,4348,177,14271,88,42
195909890445,144,2988,54,2146,88,43
195909901393,143,3557,124,8069,89,43
195909912082,122,3936,187,15695,90,43
195909923677,170,3153,50,2169,90,44
195909934765,189,3064,48,2426,91,44
195909945504,108,3873,91,7116,92,44
195909957038,99,2926,43,1866,92,45
195909967554,134,4048,51,2349,93,45
195909979222,150,3646,51,1968,94,45
195909991169,130,2843,50,1786,94,46
195910001380,160,3914,201,14271,95,46
195910012471,410,3485,57,1658,96,46
195910023504,308,3127,40,731,96,47
195910036157,526,3003,426,35052,97,47
195910046650,759,3375,168,14103,98,47
195910056638,25,2685,57,2405,98,48
195910068180,179,3177,169,7265,99,48
195910079119,184,3385,174,15061,100,48
195910090274,180,3336,46,2251,100,49
195910101416,307,3293,98,7883,101,49
195910112385,165,3830,50,2193,102,49
195910123522,171,4421,46,1961,102,50
195910134533,417,3390,164,14682,103,50
195910145850,387,3648,117,8267,104,50
195910156944,29,3920,55,1901,104,51
195910168029,370,3602,167,15544,105,51
195910179220,312,4346,68,2659,106,51
195910190151,24,3409,69,2016,106,52
195910201243,140,3140,93,7302,107,52
195910212352,277,3652,48,2244,108,52
195910223315,23,2716,47,1921,108,53
195910234419,277,2767,50,2156,109,53
195910245421,111,4424,156,14640,110,53
195910256967,21,2874,103,2238,110,54
195910267978,143,2701,111,8352,111,54
195910279098,145,3808,162,14414,112,54
195910290362,104,3909,46,1204,112,55
195910301385,129,3853,52,1697,113,55
195910312301,98,3916,329,34489,114,55
195910323771,153,3475,72,3759,114,56
195910334648,190,3555,77,4582,115,56
195910345924,131,4056,428,34754,116,56
195910358762,142,3302,80,3705,116,57
195910367974,212,3310,65,2424,117,57
195910378920,138,5413,160,14433,118,57
195910394477,165,4896,90,2097,118,58
195910401300,30,3160,60,2026,118,59
195910412567,443,3516,80,3127,119,59
195910424053,319,3812,146,1967,119,60
195910434802,223,3405,80,2197,120,60
195910445843,195,3676,117,6950,121,60
195910456854,32,3127,65,1760,121,61
195910468063,203,3982,2826,2196,122,61
195910479247,352,3522,66,1887,123,61
195910490896,33,3555,70,1706,123,62
195910501183,308,5172,133,9668,124,62
195910516198,182,4893,68,1918,125,62
195910523475,26,3376,48,1660,125,63
195910534509,180,3691,52,687,126,63
195910545570,158,5484,369,33448,127,63
195910561183,426,6392,90,3568,127,64
195910579217,186,3832,62,2524,128,64
195910590678,21,2880,44,1807,128,65
195910601687,407,4721,385,43473,129,65
195910612648,128,4377,100,6101,130,65
195910623679,26,2781,106,7535,130,66
195910634786,185,3092,229,16734,131,66
195910646334,272,3494,135,8815,132,66
195910657449,34,3063,76,2918,132,67
195910668510,146,2816,183,16342,133,67
195910679564,327,3037,74,3130,134,67
195910690622,25,3086,59,2746,134,68
195910701634,380,3294,115,7980,135,68
195910712735,295,3323,72,2910,136,68
195910723852,36,3100,71,2623,136,69
195910734789,402,3747,69,2905,137,69
195910746340,291,3697,186,15227,138,69
195910757368,28,3782,67,3011,138,70
195910768459,411,3319,128,9006,139,70
195910779499,337,5397,201,15892,140,70
195910790756,27,2925,62,3077,140,71
195910801890,167,3493,82,3333,141,71
195910812675,335,3633,104,6167,142,71
195910823666,28,4122,65,931,142,72
195910835206,245,3348,81,3980,143,72
195910846242,139,3896,55,749,144,72
195910857279,27,2902,31,687,144,73
195910868404,391,3169,370,34862,145,73
195910879503,232,3379,161,13266,146,73
195910890538,33,3068,38,967,146,74
195910901630,297,3033,387,36959,147,74
195910912596,230,3877,209,17819,148,74
195910923742,31,3424,68,2572,148,75
195910934771,354,4079,62,2594,149,75
195910946132,142,3716,113,7337,150,75
195910957182,26,3614,51,1759,150,76
195910968196,314,4129,214,15222,151,76
195910979562,365,4051,133,7190,152,76
195910990671,32,3594,51,1812,152,77
195911001725,1060,2950,179,14626,153,77
195911012600,255,3767,123,7941,154,77
195911023631,30,3428,61,1812,154,78
195911035209,161,3692,187,14810,155,78
195911046746,482,3546,83,2607,156,78
195911057152,30,2964,51,1957,156,79
195911068353,155,4300,117,7276,157,79
195911079404,194,5182,213,15435,158,79
195911090497,32,4131,83,1981,158,80
195911101404,259,3782,109,7064,159,80
195911112716,184,4227,179,13284,160,80
195911123704,31,3375,64,2230,160,81
195911134821,754,3629,120,5389,161,81
195911146030,316,4122,382,34959,162,81
195911157504,505,4826,87,3662,162,82
195911168075,299,3142,106,6121,163,82
195911179633,242,3313,333,33144,164,82
195911190828,22,3303,70,3663,164,83
195911201729,527,3407,112,7350,165,83
195911213136,284,3175,166,14647,166,83
195911223724,23,2921,49,2036,166,84
195911235308,443,3192,110,7636,167,84
195911246296,317,3408,165,13915,168,84
195911257137,93,3671,47,1954,168,85
195911268205,146,2629,112,7869,169,85
195911279237,237,3544,170,14823,170,85
195911290740,71,3188,53,2177,170,86
195911301772,203,3953,52,1819,171,86
195911312521,508,4828,373,34412,172,86
195911324083,22,3062,66,3891,172,87
195911335111,348,3542,175,15821,173,87
195911346436,523,3696,123,7684,174,87
195911357527,21,3396,573,1828,174,88
195911368321,183,3873,56,2115,175,88
195911379278,158,3919,64,3077,176,88
195911390329,21,2674,33,689,176,89
195911401875,156,3237,339,34605,177,89
195911412889,245,3403,187,17096,178,89
195911424055,26,2919,62,2561,178,90
195911435040,395,4087,60,2380,179,90
195911447916,425,3132,215,6981,180,90
195911457145,34,3683,57,1928,180,91
195911468106,335,4406,179,15045,181,91
195911481287,168,3906,106,7487,182,91
195911490356,22,4189,58,1912,182,92
195911501839,291,3562,149,13338,183,92
195911512960,134,3846,105,7838,184,92
195911524056,20,4666,403,44998,184,93
195911534986,301,3779,157,14597,185,93
195911546047,173,3905,114,8788,186,93
195911557487,22,3374,74,4837,186,94
195911568301,147,3255,107,8257,187,94
195911579243,353,3467,170,15641,188,94
195911590400,21,3071,49,2769,188,95
195911601531,332,3772,44,1114,189,95
195911613113,284,3075,50,668,190,95
195911624074,23,4647,133,8657,190,96
195911635142,253,4175,349,34154,191,96
195911646211,373,4265,157,11278,192,96
195911657224,55,4780,73,3425,192,97
195911668374,179,2883,145,12236,193,97
195911679418,223,3105,53,1308,194,97
195911690474,20,3083,33,608,194,98
195911701505,263,3435,351,34571,195,98
195911712548,219,3824,191,16922,196,98
195911723593,30,4434,160,2315,196,99
195911735259,232,3718,99,7533,197,99
195911746267,252,3343,162,13781,198,99
195911757332,21,3097,44,2039,198,100
195911768422,201,3323,110,7620,199,100
195911779563,214,3535,172,14742,200,100
195911790598,20,3255,51,2259,200,101
195911801709,272,3454,57,2421,201,101
195911812955,414,3832,77,1226,202,101
195911823944,152,3220,41,619,202,102
195911834773,237,3884,319,32061,203,102
195911846112,156,3785,118,8241,204,102
195911857002,153,3155,50,1459,204,103
195911868277,173,3322,81,4819,205,103
195911881191,166,3034,46,799,206,103
195911890564,170,3670,97,752,206,104
195911901851,191,3180,369,34846,207,104
195911912968,429,3207,202,17272,208,104
195911924076,414,4353,89,2637,208,105
195911934760,198,3375,80,2267,209,105
195911946566,191,3760,101,6949,210,105
195911957067,262,3949,67,1896,210,106
195911968205,265,3801,171,14919,211,106
195911979360,134,4029,108,6925,212,106
195911990743,240,3296,55,1779,212,107
195912001482,296,2925,177,14284,213,107
195912013192,286,3685,107,7968,214,107
195912023761,170,2649,60,1820,214,108
195912034917,227,3904,178,14904,215,108
195912046481,278,3860,63,2553,216,108
195912057514,18,3288,49,2018,216,109
195912068227,244,3719,86,6470,217,109
195912079319,144,3849,376,43103,218,109
195912090400,434,3702,95,5083,218,110
195912101418,354,4044,150,8674,219,110
195912112968,320,4044,67,2517,220,110
195912124118,23,2973,71,2168,220,111
195912135091,195,3278,173,14934,221,111
195912146030,297,3528,145,8237,222,111
195912157143,46,3587,45,2138,222,112
195912168162,279,3091,99,6075,223,112
195912179670,193,3233,333,33514,224,112
195912190685,21,3024,66,3677,224,113
195912201458,226,3458,103,7484,225,113
195912212978,127,4139,175,14777,226,113
195912223951,27,3772,296,2171,226,114
195912234917,210,4238,113,8478,227,114
195912246055,322,4038,174,14490,228,114
195912257678,384,3374,66,2028,228,115
195912268212,121,2628,105,7736,229,115
195912279250,292,5901,168,15191,230,115
195912291287,229,3226,108,2284,230,116
195912301614,193,4575,74,2621,231,116
195912312791,338,3392,111,7278,232,116
195912323904,128,3241,44,1903,232,117
195912335071,178,3604,163,15162,233,117
195912346480,276,3290,52,1276,234,117
195912358799,189,3184,59,713,234,118
195912368134,125,3292,351,34887,235,118
195912379679,135,3242,183,16293,236,118
195912390915,343,3532,75,2519,236,119
195912401632,341,3120,177,7894,237,119
195912412917,590,2944,168,14968,238,119
195912424053,220,3918,55,1914,238,120
195912435181,286,3316,148,11880,239,120
195912446240,403,3859,115,7286,240,120
195912458310,266,3059,144,1894,240,121
195912468352,197,3659,168,15148,241,121
195912479685,133,3868,111,7585,242,121
195912490606,177,3462,75,1942,242,122
195912501631,271,3852,147,13496,243,122
195912512693,128,3328,138,7703,244,122
195912524052,435,3606,60,1904,244,123
195912535054,356,5252,167,14498,245,123
195912546418,135,4172,67,1546,246,123
195912557351,251,3847,277,690,246,124
195912568284,149,3409,353,34751,247,124
195912579408,248,3414,187,15864,248,124
195912591056,191,3564,74,1645,248,125
195912601506,214,4269,102,6925,249,125
195912612648,138,3974,86,5015,250,125
195912623792,157,3238,54,797,250,126
195912635582,205,3160,385,35172,251,126
195912646397,175,3474,133,9589,252,126
195912657706,393,3051,60,2222,252,127
195912668720,364,3874,169,14264,253,127
195912679209,228,6321,77,2370,254,127
195912691465,139,3342,97,1853,254,128
195912701462,254,3523,103,7132,255,128
195912712570,307,3440,171,14548,256,128
195912723627,107,3172,55,2233,256,129
195912734959,134,3065,104,8071,257,129
195912746229,390,3255,157,13983,258,129
195912757370,108,3203,43,1881,258,130
195912768634,460,3294,114,7558,259,130
195912779684,298,3726,170,14868,260,130
195912790462,112,3602,73,2065,260,131
195912801566,139,2674,53,2434,261,131
195912812957,156,2846,105,7175,262,131
195912823965,29,30884,69,1920,262,132
195912866314,220,3151,105,4283,263,132
195912877426,27,5367,72,1190,263,133
195912888609,183,3963,107,5512,264,133
195912899699,277,3948,43,803,265,133
195912910486,29,5465,65,771,265,134
195912921939,416,3269,361,32907,266,134
195912933061,224,3393,76,3685,267,134
195912944276,29,6326,63,2100,267,135
195912954952,136,4209,94,6985,268,135
195912966135,270,3329,163,14596,269,135
195912977765,38,5433,61,2075,269,136
195912988724,297,4044,94,7596,270,136
195912999774,349,4613,156,13579,271,136
195913010605,267,6544,71,1523,271,137
195913022318,304,3453,55,1955,272,137
195913033113,184,3716,348,35074,273,137
195913044523,256,5250,129,3699,273,138
195913059274,18,3145,74,2175,273,139
195913066746,349,4496,79,4614,274,139
195913077910,217,4766,67,1773,274,140
195913088383,20,3381,55,1686,274,141
195913099800,133,3509,65,3434,275,141
195913110763,224,6043,62,1664,275,142
195913122688,123,4098,60,1923,276,142
195913132815,269,3272,74,2971,277,142
195913144595,168,5269,54,738,277,143
195913156194,46,3317,47,721,277,144
195913166132,170,2972,345,32808,278,144
195913177718,178,4900,76,3539,278,145
195913188854,129,2616,59,2291,279,145
195913199866,164,2630,101,7171,280,145
195913210514,133,2865,55,1891,280,146
195913231534,172,3039,117,4335,281,146
195913246653,250,3785,577,35291,282,146
195913262038,291,4571,197,9637,283,146
195913268492,23,3412,67,2300,283,147
195913279579,144,4215,226,13228,284,147
195913290654,24,2724,53,1484,284,148
195913301851,228,2908,80,2181,285,148
195913313359,322,3050,361,34736,286,148
195913324121,133,3756,81,3682,286,149
195913335261,238,4042,176,15737,287,149
195913346389,317,4052,158,7449,288,149
195913357400,23,3051,47,1863,288,150
195913368389,224,3420,52,2116,289,150
195913379474,139,3944,212,14243,290,150
195913390764,23,2719,45,2046,290,151
195913412016,206,3989,87,3455,291,151
195913428204,449,4716,64,2181,292,151
195913438761,20,2838,45,1842,292,152
195913449926,133,4068,99,6974,293,152
195913461150,34,5742,71,1780,293,153
195913472201,206,4092,48,2211,294,153
195913483445,242,3458,49,1889,295,153
195913494630,203,5364,56,1708,295,154
195913505822,26,3248,53,1708,295,155
195913516623,192,3777,52,2364,296,155
195913527595,252,5617,66,1731,296,156
195913539381,152,3225,156,13767,297,156
195913549919,194,2700,52,1319,298,156
195913561288,249,5150,51,760,298,157
195913572691,20,2615,39,757,298,158
195913583467,759,2878,364,32268,299,158
195913594253,157,5155,83,3498,299,159
195913605300,335,3132,102,8207,300,159
195913628590,138,4072,175,13520,301,159
195913644001,26,5088,64,1961,301,160
195913655481,335,3409,104,7757,302,160
195913666566,411,3571,171,15071,303,160
195913677828,420,4798,68,1949,303,161
195913688763,91,3238,51,1855,303,162
195913699859,156,3726,101,7901,304,162
195913711103,193,4809,66,1731,304,163
195913721912,20,3293,48,1730,304,164
195913745258,303,4075,177,13804,305,164
195913761435,364,4427,63,1932,305,165
195913772539,120,2654,112,7585,306,165
195913783424,133,2735,166,14862,307,165
195913794902,401,4116,67,2290,307,166
195913805550,31,2582,48,2114,307,167
195913816856,132,2643,105,8585,308,167
195913827990,25,4655,58,1617,308,168
195913839082,126,2626,67,4294,309,168
195913850043,168,2710,338,34648,310,168
195913877599,209,3219,117,3607,311,168
195913892846,166,4161,539,34546,312,168
195913904466,170,3967,192,9375,313,168
195913914816,161,4116,248,14694,314,168
195913925867,109,4481,98,2315,314,169
195913936937,180,2701,86,2385,315,169
195913948101,155,2703,55,1823,316,169
195913958976,33,3028,56,1197,316,170
195913969976,216,3351,48,1708,317,170
195913981466,328,3499,53,747,318,170
195913992446,259,3434,57,744,318,171
195914003464,188,4291,356,34768,319,171
195914015016,145,3255,182,16221,320,171
195914026119,180,3311,73,2400,320,172
195914036781,169,3284,63,2460,321,172
195914047980,161,2993,50,2089,322,172
195914058951,110,3950,60,1925,322,173
195914070415,184,3862,91,6814,323,173
195914081556,118,4302,186,14847,324,173
195914092651,23,3118,59,2163,324,174
195914103437,179,4110,104,7865,325,174
195914128549,267,4231,183,14100,326,174
195914144494,29,6197,66,2002,326,175
195914155662,354,4366,98,7840,327,175
195914166495,213,3201,175,15465,328,175
195914177797,25,4932,66,2290,328,176
195914188846,5030,5551,70,2630,329,176
195914199894,124,2995,45,1653,330,176
195914211903,190,4139,190,17000,331,176
195914222262,18,2983,46,1384,331,177
195914233333,154,3414,41,1252,332,177
195914245014,145,4779,60,2596,333,177
195914255805,187,3646,41,670,333,178
195914267161,173,2973,396,34924,334,178
195914277880,1100,3908,87,3617,334,179
195914290620,24,3166,65,2113,334,180
195914300219,248,3320,80,3502,335,180
195914311269,168,5928,64,1721,335,181
195914323306,19,4533,61,1696,335,182
195914333947,361,3359,62,2286,336,182
195914344602,254,4864,66,1677,336,183
195914355942,18,3808,51,1677,336,184
195914366772,131,2900,108,7973,337,184
195914378675,277,5059,170,13971,338,184
195914389576,362,3908,64,1958,338,185
195914400734,222,3284,112,7605,339,185
195914411577,281,4708,258,15508,340,185
195914422843,168,4013,56,2106,340,186
195914433777,188,3601,66,2480,341,186
195914444536,135,4772,61,2064,341,187
195914455896,15,2696,52,2062,341,188
195914467601,136,2838,110,8266,342,188
195914478187,253,4594,77,1748,342,189
195914489316,18,2630,55,1723,342,190
195914499806,388,3278,70,4483,343,190
195914512033,130,4015,364,34883,344,190
195914522561,160,3679,78,3748,344,191
195914533469,136,3200,65,3163,345,191
195914544569,28,4830,57,1866,345,192
195914555714,164,4148,52,1931,346,192
195914566609,204,3757,102,6768,347,192
195914578676,2316,3296,164,13843,348,192
195914595239,148,4302,117,7343,349,192
195914600456,18,2703,40,1927,349,193
195914611052,25,5164,57,1927,349,194
195914622501,161,2963,114,2333,350,194
195914633370,535,3049,159,14294,351,194
195914644572,31,4670,59,1977,351,195
195914655448,181,2956,134,7845,352,195
195914667363,280,3014,173,14857,353,195
195914678158,225,3568,147,11832,354,195
195914688965,22,2978,54,2027,354,196
195914700051,1650,3210,50,2071,355,196
195914711308,174,4646,68,1894,355,197
195914722978,20,4976,61,1884,355,198
195914733985,214,4070,50,1166,356,198
195914744827,195,5263,56,629,356,199
195914756196,20,4159,40,629,356,200
195914771001,163,4221,364,34848,357,200
195914778591,128,6095,103,4630,358,200
195914789419,111,3474,53,2120,358,201
195914800428,134,3362,57,1973,359,201
195914814029,141,4709,107,6942,360,201
195914822743,129,4159,50,1788,360,202
195914833062,120,3103,164,13969,361,202
195914844574,205,4846,53,2039,361,203
195914855391,34,2731,51,1904,361,204
195914866880,175,2988,117,8318,362,204
195914878166,191,5040,54,1829,362,205
195914889037,20,2712,50,1816,362,206
195914900171,131,3285,51,2478,363,206
195914911336,233,5625,71,1758,363,207
195914923021,22,4088,57,1746,363,208
195914933422,128,3077,153,12714,364,208
195914944718,277,4742,53,1860,364,209
195914955730,21,2665,51,1852,364,210
195914978628,155,4209,111,6563,365,210
195914994516,155,5047,72,1295,365,211
195915005444,23,3353,58,1284,365,212
195915016502,137,4215,336,32932,366,212
195915028010,25,5421,63,2232,366,213
195915039535,135,3427,47,2229,367,213
195915050093,156,2677,58,1968,368,213
195915061137,26,4948,57,1713,368,214
195915071942,159,3702,100,6895,369,214
195915083175,333,3614,170,15099,370,214
195915094274,164,5124,66,1758,370,215
195915105689,295,3085,123,7402,371,215
195915116720,135,3592,54,2051,372,215
195915128417,140,4214,168,14253,373,215
195915138676,206,3459,53,1897,373,216
195915149957,190,4088,101,7808,374,216
195915161140,278,5998,75,1847,374,217
195915172694,21,3080,55,1834,374,218
195915183282,146,3762,142,12655,375,218
195915194419,368,5600,66,1794,375,219
195915205670,21,3379,51,1758,375,220
195915216639,273,3157,108,7955,376,220
195915228759,190,4937,58,1887,377,220
195915239352,101,3977,50,1671,377,221
195915250240,258,3519,166,14023,378,221
195915261344,278,4770,75,1413,378,222
195915272293,22,4189,51,1359,378,223
195915283358,279,3249,302,26604,379,223
195915294439,157,5799,64,1805,379,224
195915306249,22,3555,51,1692,379,225
195915317009,151,3825,73,4489,380,225
195915328177,366,5305,179,15025,381,225
195915338883,20,4186,42,1946,381,226
195915349887,227,4334,107,7688,382,226
195915360916,110,5559,57,1629,382,227
195915371946,168,3095,49,1962,383,227
195915383279,315,3430,164,14293,384,227
195915399350,172,3414,119,7830,385,227
195915406444,166,3404,59,1747,385,228
195915416853,193,3768,178,15690,386,228
195915428460,146,4850,52,1945,387,228
195915439728,365,3385,55,1336,387,229
195915449928,164,3396,228,21283,388,229
195915461322,371,4810,63,1787,388,230
195915472932,20,3177,54,1678,388,231
195915483235,135,3853,110,7912,389,231
195915494930,167,3375,84,4424,390,231
195915509828,230,3153,50,840,390,232
195915517675,124,3465,46,742,391,232
195915527863,157,5213,56,742,391,233
195915539434,21,3148,45,742,391,234
195915550215,218,3062,319,33465,392,234
195915561211,395,4824,99,3713,392,235
195915574709,20,3274,101,2199,392,236
195915583980,361,3143,63,2374,393,236
195915594694,226,4655,67,1772,393,237
195915605750,21,3659,43,1749,393,238
195915616901,130,3328,102,7995,394,238
195915627632,138,5507,60,1910,394,239
195915638688,212,3409,151,14061,395,239
195915649761,138,4741,111,7776,396,239
195915661430,29,5232,64,2074,396,240
195915672136,222,3591,173,15617,397,240
195915683159,132,2734,58,2334,398,240
195915694772,37,4923,68,1990,398,241
195915705311,316,3877,57,2078,399,241
195915716572,313,2986,106,7589,400,241
195915727616,24,5311,58,1866,400,242
195915738894,121,2981,50,1296,401,242
195915749995,130,2922,54,2742,402,242
195915761343,208,4675,50,758,402,243
195915772372,21,2884,39,733,402,244
195915783440,272,3177,350,34968,403,244
195915794628,244,4652,86,3687,403,245
195915807977,21,3636,126,2178,403,246
195915816993,171,3578,80,4614,404,246
195915827783,125,4915,130,1787,404,247
195915838961,24,3600,52,1720,404,248
195915850688,294,3240,69,3440,405,248
195915861157,144,4779,62,1680,405,249
195915872144,20,2909,51,1677,405,250
195915883370,375,4172,157,13242,406,250
195915894564,213,5264,69,1882,406,251
195915906297,18,2855,64,1882,406,252
195915916764,376,3220,67,3272,407,252
195915928344,156,5270,58,2096,408,252
195915939324,280,3695,56,1912,408,253
195915950051,177,3859,103,6972,409,253
195915961202,188,5884,64,1905,409,254
195915972987,18,4112,57,1905,409,255
195915983362,273,3703,87,4668,410,255
195915995232,207,4041,180,14099,411,255
195916005620,153,3256,65,1480,411,256
195916016715,124,3048,302,27067,412,256
195916028468,221,4137,84,4094,413,256
195916038605,213,2948,57,810,413,257
195916049667,163,3205,346,33643,414,257
195916061304,220,4754,79,3727,414,258
195916072230,22,3011,48,2173,414,259
195916083387,330,3067,56,2344,415,259
195916094915,183,4113,112,7539,416,259
195916105557,20,3927,47,1768,416,260
195916116526,178,3007,59,2069,417,260
195916127839,151,5170,61,1757,417,261
195916138879,24,3416,51,1758,417,262
195916149924,249,3656,59,2413,418,262
195916161145,28,5598,59,1768,418,263
195916172073,161,4416,165,14634,419,263
195916183077,130,2902,56,2332,420,263
195916194380,182,4810,63,1801,420,264
195916205228,146,2648,58,1898,421,264
195916216508,162,2657,99,7359,422,264
195916228221,147,2643,56,1947,423,264
195916277511,172,3060,81,2788,424,264
195916293701,41,6023,84,828,424,265
195916305208,213,3877,537,33217,425,265
195916314862,187,4380,157,9054,426,265
195916325637,162,4409,96,2168,426,266
195916336860,167,3964,278,14822,427,266
195916347935,196,3231,219,7139,428,266
195916359106,238,3352,65,1328,428,267
195916370278,182,4377,85,5042,429,267
195916381217,178,3913,68,819,430,267
195916392216,296,3871,62,794,430,268
195916403305,360,4641,53,794,431,268
195916414296,219,3941,501,32887,432,268
195916425314,165,3093,91,3557,432,269
195916436596,261,3634,54,2295,433,269
195916448003,179,2908,104,6995,434,269
195916458943,26,3015,62,1945,434,270
195916470110,1784,3081,175,14405,435,270
195916480985,493,4235,119,7484,436,270
195916492076,28,3483,65,1831,436,271
195916503305,2386,3341,58,2126,437,271
195916514289,196,4506,71,2345,438,271
195916525249,31,4040,69,1809,438,272
195916536550,189,3282,177,14712,439,272
195916547582,177,2865,64,2483,440,272
195916558619,31,3076,65,1856,440,273
195916570143,202,3257,99,7024,441,273
195916581274,319,3277,179,15076,442,273
195916592348,26,4274,67,2111,442,274
195916603535,175,3075,108,7758,443,274
195916614309,175,2990,55,2225,444,274
195916625575,36,3658,61,1881,444,275
195916636869,156,3043,172,14404,445,275
195916648013,159,2812,108,7587,446,275
195916659057,34,2814,66,1326,446,276
195916670094,334,3163,105,6466,447,276
195916681206,279,3050,353,33639,448,276
195916692410,33,3678,92,3676,448,277
195916703355,365,3815,135,7545,449,277
195916721367,146,2662,176,14830,450,277
195916725748,109,4063,139,2200,450,278
195916736654,158,4255,104,7841,451,278
195916747640,130,3895,51,2129,452,278
195916758762,198,4004,67,1804,452,279
195916770199,132,3703,60,2497,453,279
195916781242,127,3960,204,14955,454,279
195916792310,132,3947,70,2197,454,280
195916803522,1097,3527,60,2488,455,280
195916815409,147,4254,105,7246,456,280
195916826065,335,3726,77,1803,456,281
195916836903,143,3493,170,15111,457,281
195916847886,124,3297,108,7873,458,281
195916859010,94,3568,57,1829,458,282
195916870233,157,2714,47,2119,459,282
195916881409,219,2967,177,14601,460,282
195916892222,127,2957,81,2296,460,283
195916903159,143,2984,103,8266,461,283
195916914626,310,2944,170,14615,462,283
195916926175,126,3208,54,1201,462,284
195916936793,243,2981,45,1595,463,284
195916947768,511,2976,338,34701,464,284
195916958800,115,2942,83,3888,464,285
195916969692,199,2877,174,15737,465,285
195916981212,309,3078,103,7696,466,285
195916992286,110,3664,67,2018,466,286
195917003304,192,3006,60,2402,467,286
195917014569,174,3224,53,2530,468,286
195917025880,823,2881,65,1822,468,287
195917036607,313,4554,167,14676,469,287
195917047601,164,3275,65,2410,470,287
195917058537,242,3361,284,1809,470,288
195917070144,346,3411,94,7058,471,288
195917081859,482,3730,180,15107,472,288
195917092791,190,3224,78,2116,472,289
195917103226,311,2911,118,7889,473,289
195917114451,143,3001,48,2063,474,289
195917125580,625,3466,61,1821,474,290
195917136390,143,3015,170,14523,475,290
195917148341,351,3262,114,8041,476,290
195917158640,227,2848,71,1908,476,291
195917170083,135,3113,93,6230,477,291
195917181354,398,2949,322,33623,478,291
195917195068,140,4250,136,9085,479,291
195917203684,187,2932,55,2250,479,292
195917214523,279,3024,163,15078,480,292
195917225559,153,3077,57,2098,480,293
195917236778,172,2877,100,7852,481,293
195917247829,300,3118,164,13929,482,293
195917258887,23,2727,109,2004,482,294
195917270293,142,2644,103,7940,483,294
195917281280,323,3899,162,14913,484,294
195917292251,27,2669,61,2284,484,295
195917303253,156,2639,54,2565,485,295
195917314665,139,2638,103,7220,486,295
195917325460,122,2804,69,1896,486,296
195917336779,161,2686,223,15150,487,296
195917348006,139,2660,156,7425,488,296
195917358843,120,2747,70,1817,488,297
195917369738,132,2645,45,2108,489,297
195917381224,133,2621,153,14450,490,297
195917392329,106,2723,58,1937,490,298
195917403460,25652,2769,69,1459,491,298
195917443414,35,2709,66,720,491,299
195917461980,306,5078,539,32469,492,299
195917478809,177,3966,184,9507,493,299
195917489840,24,3318,53,2223,493,300
195917500993,315,2980,55,2275,494,300
195917512396,343,4199,66,2333,495,300
195917523462,22,3769,45,1789,495,301
195917534535,264,3956,159,14170,496,301
195917545628,502,3374,70,2321,497,301
195917556868,173,3650,59,1859,497,302
195917567568,233,3917,104,7075,498,302
195917579391,425,4569,165,14990,499,302
195917590780,199,3628,64,2064,499,303
195917600892,216,4273,110,7743,500,303
195917612072,171,3807,62,2080,501,303
195917623553,125,3706,52,1787,501,304
195917634485,146,2963,169,14406,502,304
195917645793,138,3344,115,7933,503,304
195917656719,122,2740,41,1826,503,305
195917667457,162,2759,171,14265,504,305
195917678801,233,3651,55,1358,505,305
195917690198,271,3039,58,757,505,306
195917701402,361,3380,368,34630,506,306
195917712464,341,3982,199,17427,507,306
195917728433,187,4991,123,7915,508,306
195917735031,357,2873,52,2001,508,307
195917745665,247,3649,52,2243,509,307
195917756589,332,3212,50,1855,509,308
195917767582,298,3370,60,2514,510,308
195917779217,183,3387,161,14897,511,308
195917790158,196,3186,50,1908,511,309
195917804018,300,3076,63,2248,512,309
195917812957,280,3847,143,6868,513,309
195917823835,136,3398,59,1838,513,310
195917834390,308,3138,268,15127,514,310
195917845674,230,4691,101,7585,515,310
195917856296,129,3691,53,1783,515,311
195917867475,372,3625,56,2063,516,311
195917878759,347,3590,166,14726,517,311
195917895430,191,3863,127,7880,518,311
195917904555,125,2771,58,1939,518,312
195917912653,358,3902,181,15694,519,312
195917923385,295,4281,70,2089,519,313
195917934438,132,3026,94,5826,520,313
195917945584,342,4597,67,3250,521,313
195917956838,243,3504,42,809,521,314
195917969879,159,3275,36,736,522,314
195917978773,132,3905,356,35295,523,314
195917990131,178,3696,183,3905,523,315
195918001008,150,3749,65,2446,524,315
195918012135,122,3661,175,14483,525,315
195918023375,186,3411,51,2000,525,316
195918034327,205,3861,62,2320,526,316
195918045338,127,3827,60,2111,527,316
195918057368,133,4108,62,1928,527,317
195918067431,124,2927,104,7042,528,317
195918078494,151,4072,165,15071,529,317
195918090031,119,3399,55,2228,529,318
195918101602,184,2976,106,7785,530,318
195918112373,186,3346,54,2034,531,318
195918123834,251,2922,55,1767,531,319
195918134514,175,3166,178,14535,532,319
195918149732,156,2914,134,8104,533,319
195918156599,309,3592,57,1859,533,320
195918168016,151,3887,176,15679,534,320
195918182230,712,3413,105,1540,535,320
195918190955,305,3152,70,743,535,321
195918200877,132,3169,42,733,536,321
195918211864,132,4558,355,32349,537,321
195918223219,266,4203,77,3552,537,322
195918234684,4957,2954,117,8493,538,322
195918245535,131,3711,161,14254,539,322
195918256412,125,2948,54,1971,539,323
195918267728,145,3030,98,7679,540,323
195918278862,352,3237,187,14795,541,323
195918289815,21,2941,91,1978,541,324
195918311768,202,3906,125,7994,542,324
195918327467,49,5206,61,1839,542,325
195918338661,310,4019,346,30847,543,325
195918349461,143,3280,365,8536,544,325
195918360616,26,5372,171,2338,544,326
195918371687,266,3995,87,5136,545,326
195918382675,150,3414,449,35684,546,326
195918394079,113,5601,89,4219,546,327
195918405422,207,2734,197,17823,547,327
195918416134,225,3017,194,15382,548,327
195918427128,22,5673,65,2228,548,328
195918438175,207,3226,55,2301,549,328
195918449714,134,3216,93,6800,550,328
195918461110,24,5309,56,1881,550,329
195918471886,300,3588,98,4374,551,329
195918483155,220,4034,355,34467,552,329
195918494456,141,5541,87,3818,552,330
195918505650,22,3083,52,2140,552,331
195918516315,140,3711,214,13356,553,331
195918527353,26,5061,60,1969,553,332
195918538274,184,3229,60,2232,554,332
195918549291,223,3485,49,2094,555,332
195918561781,164,4222,112,6927,556,332
195918571725,323,4114,60,1862,556,333
195918583045,326,3685,169,14763,557,333
195918594485,190,5543,70,2159,557,334
195918611692,205,5331,136,8446,558,334
195918628741,180,3764,306,24060,559,334
195918640062,23,2809,51,2462,559,335
195918651088,275,3099,115,8020,560,335
195918662268,139,3816,192,15676,561,335
195918673384,21,4135,82,2406,561,336
195918684448,240,4595,73,2770,562,336
195918695088,143,4544,151,12283,563,336
195918706339,21,3511,48,2159,563,337
195918717402,135,2857,131,7883,564,337
195918745142,233,5525,92,4582,565,337
195918762167,147,4061,395,43974,566,337
195918774831,52,2897,88,4870,566,338
195918784845,315,3230,110,8659,567,338
195918795515,148,4878,173,13184,568,338
195918806582,27,2908,49,2182,568,339
195918817650,306,3573,187,16122,569,339
195918829487,373,3751,147,12602,570,339
195918839952,22,3453,49,1974,570,340
195918861709,212,4744,135,8164,571,340
195918878338,144,4839,254,23947,572,340
195918889402,26,3385,74,2760,572,341
195918900594,379,3678,121,8251,573,341
195918911340,294,5596,64,2171,573,342
195918922485,21,3662,48,2163,573,343
195918933612,218,3234,152,13243,574,343
195918944766,242,5444,142,10620,575,343
195918955974,195,4098,46,1013,575,344
195918967335,340,3972,355,36747,576,344
195918978248,223,4138,80,3955,577,344
195918989240,107,2802,60,2296,577,345
195919000436,546,2962,169,14359,578,345
195919011650,159,5955,141,8098,579,345
195919022475,23,3171,44,1913,579,346
195919033470,134,2848,182,15717,580,346
195919044566,181,4633,48,1266,581,346
195919055936,106,4051,51,1027,581,347
195919066939,129,4181,130,10269,582,347
195919078349,118,4390,342,32211,583,347
195919089367,118,2991,74,3584,583,348
195919100466,138,3606,112,8100,584,348
195919111475,149,5777,77,2301,585,348
195919123186,194,3331,53,1864,585,349
195919134016,133,3688,160,13920,586,349
195919145130,157,3789,115,7786,587,349
195919156066,148,3617,56,1708,587,350
195919167306,173,3471,163,15234,588,350
195919178107,150,5210,93,2536,589,350
195919195362,261,4019,117,7099,590,350
195919200899,283,3249,51,1794,590,351
195919211480,187,5160,224,11870,591,351
195919222458,19,3101,44,2112,591,352
195919233575,226,3234,69,2197,592,352
195919245057,128,3691,165,14556,593,352
195919255933,130,3081,63,2236,593,353
195919267043,256,3101,221,17394,594,353
195919278518,417,4330,88,2089,595,353
195919289453,281,4322,427,1885,595,354
195919300061,241,3042,197,12236,596,354
195919311250,24,4955,62,1900,596,355
195919328317,172,4079,71,2035,597,355
195919333949,163,3443,53,1865,597,356
195919345256,378,4543,65,1269,598,356
195919355739,266,3160,44,661,598,357
195919367678,143,3137,366,34536,599,357
195919379103,372,3500,198,16170,600,357
195919389536,103,3822,59,2498,600,358
195919415247,223,4424,82,3106,601,358
195919431199,132,3694,141,11890,602,358
195919442332,22,3135,65,2433,602,359
195919453668,908,3278,106,7186,603,359
195919465073,144,3789,149,12361,604,359
195919475829,687,3884,67,2013,604,360
195919486848,130,3302,46,2045,605,360
195919497987,312,2865,148,13407,606,360
195919508996,20,2860,51,1116,606,361
195919520051,132,2940,46,1337,607,361
195919531081,129,2980,334,34809,608,361
195919542565,19,2971,109,3731,608,362
195919553802,160,3479,144,12702,609,362
195919564777,137,3675,105,7183,610,362
195919575490,21,3321,58,1960,610,363
195919595026,209,3970,83,3239,611,363
195919610835,26,5424,58,1826,611,364
195919621851,155,3444,135,11642,612,364
195919632868,151,3573,161,14849,613,364
195919644055,49,5296,69,2276,613,365
195919655217,161,3306,118,8079,614,365
195919666406,134,3025,258,25702,615,365
195919677536,21,4721,67,2422,615,366
195919689371,154,3337,55,2562,616,366
195919711612,158,4988,140,9299,617,366
195919728156,161,4970,139,11688,618,366
195919739246,23,3324,53,2182,618,367
195919750239,208,3065,162,14747,619,367
195919761416,258,4151,116,8278,620,367
195919772479,123,2852,83,2148,620,368
195919783869,169,2875,164,15199,621,368
195919794749,145,4206,51,1894,622,368
195919805958,219,3001,43,1041,622,369
195919817416,253,3578,125,10296,623,369
195919828364,172,4895,326,32303,624,369
195919839324,21,3272,64,3602,624,370
195919850411,145,3967,107,8256,625,370
195919861472,126,5319,59,2201,626,370
195919872567,21,2989,44,1882,626,371
195919883930,166,4147,295,13862,627,371
195919895007,156,3928,121,7760,628,371
195919906121,248,3177,57,1767,628,372
195919917392,150,3078,200,15303,629,372
195919928909,155,3114,63,2295,630,372
195919939648,117,3532,44,1877,630,373
195919950824,129,3088,118,7135,631,373
195919962217,311,3478,213,15267,632,373
195919972688,158,3038,53,2096,632,374
195919983952,158,3948,115,8438,633,374
195919994652,235,4902,2469,14698,634,374
195920006731,150,3795,88,2170,634,375
195920017313,124,4165,109,7977,635,375
195920028106,173,4467,252,15248,636,375
195920039440,296,3075,57,2304,636,376
195920050290,131,3680,85,2592,637,376
195920061811,148,4455,102,7264,638,376
195920072839,151,3262,55,1862,638,377
195920084319,176,3262,80,4357,639,377
195920095149,202,4661,57,784,640,377
195920107163,1554,3536,58,735,640,378
195920118867,230,3193,390,34822,641,378
195920128667,159,3825,184,16262,642,378
195920140875,119,3259,69,2504,642,379
195920150188,172,3562,113,7867,643,379
195920162761,180,3570,187,15552,644,379
195920174573,143,4324,71,2181,644,380
195920184554,182,3614,61,2440,645,380
195920196276,173,4153,114,7395,646,380
195920207425,107,3228,82,1720,646,381
195920217301,334,3229,54,2176,647,381
195920228471,225,4098,50,1856,648,381
195920239762,103,3984,234,1672,648,382
195920250726,182,3409,177,14295,649,382
195920261979,164,3794,48,1592,650,382
195920272372,143,3687,40,678,650,383
195920283947,128,3747,36,668,651,383
195920295080,172,5404,342,33148,652,383
195920306101,21,3146,82,3636,652,384
195920317031,143,2961,100,7429,653,384
195920328268,258,4451,170,14731,654,384
195920339251,21,2813,47,2045,654,385
195920361512,169,4502,129,8358,655,385
195920377580,39,4794,63,1766,655,386
195920388576,387,3094,324,14305,656,386
195920399701,164,3774,113,7990,657,386
195920410827,101,5058,109,1867,657,387
195920422290,277,3389,172,15688,658,387
195920433181,252,4379,64,2352,659,387
195920444356,139,5921,71,1959,659,388
195920455881,17,3599,97,1943,659,389
195920466373,142,3024,114,8160,660,389
195920477578,328,4895,55,1896,660,390
195920488985,32,2945,54,1884,660,391
195920499740,184,3096,75,4497,661,391
195920511691,232,5677,400,35141,662,391
195920522243,320,3052,70,3773,662,392
195920533538,211,3263,103,8042,663,392
195920544463,24,4776,60,1945,663,393
195920555500,154,2991,137,12008,664,393
195920566579,206,3283,105,6884,665,393
195920577918,25,4574,61,1796,665,394
195920591351,127,3249,166,13603,666,394
195920600245,268,3752,110,7495,667,394
195920610812,441,4843,74,1905,667,395
195920622348,22,3379,65,1892,667,396
195920633277,207,3431,154,13229,668,396
195920644455,259,4418,52,1911,668,397
195920655377,28,3517,50,1899,668,398
195920666505,145,3437,65,2767,669,398
195920677495,29,5465,62,1889,669,399
195920688661,186,3868,63,2046,670,399
195920699707,227,3187,115,7031,671,399
195920711046,62,6084,66,1790,671,400
195920722133,141,3224,54,2176,672,400
195920733158,285,2841,61,1875,673,400
195920744289,26,4496,58,1694,673,401
195920755265,153,2638,174,14263,674,401
195920766360,167,2684,59,1714,675,401
195920777446,249,4787,50,757,675,402
195920788907,165,3702,56,754,676,402
195920806676,229,4382,727,33401,677,402
195920822985,185,4208,174,8993,678,402
195920834464,141,4272,255,15122,679,402
195920845518,141,4091,152,7649,680,402
195920855907,114,4282,68,1978,680,403
195920867035,126,4064,84,2368,681,403
195920878188,158,3884,261,14375,682,403
195920889462,168,3787,57,2149,682,404
195920911572,161,5633,94,3744,683,404
195920928900,348,4791,63,2129,684,404
195920939858,23,3452,44,1878,684,405
195920950924,279,3248,108,7010,685,405
195920962027,237,4595,90,5333,686,405
195920973057,21,3426,38,774,686,406
195920984269,250,4546,364,35115,687,406
195920995271,140,3909,185,16337,688,406
195921006801,248,3334,59,2581,688,407
195921017732,284,3263,45,1575,689,407
195921028610,250,4957,37,603,690,407
195921040116,21,2690,31,602,690,408
195921051143,128,3668,372,33605,691,408
195921062251,307,4101,116,8836,692,408
195921073479,24,3295,49,2205,692,409
195921084201,293,3657,160,14665,693,409
195921095337,178,3293,101,7428,694,409
195921106779,20,3125,49,1998,694,410
195921117979,2049,3394,60,2401,695,410
195921129403,147,2913,163,14395,696,410
195921140356,115,4202,70,2090,696,411
195921151311,126,3948,112,7947,697,411
195921178299,222,6447,177,13440,698,411
195921196602,143,2735,56,2397,699,411
195921207623,22,2544,47,1824,699,412
195921218671,193,3561,100,7554,700,412
195921229712,188,3018,62,2300,701,412
195921240735,22,3457,54,1966,701,413
195921251998,178,4355,164,14318,702,413
195921263208,225,3549,49,1719,703,413
195921274310,35,3328,142,738,703,414
195921285247,206,3158,41,733,704,414
195921296895,242,3515,343,33308,705,414
195921307453,23,3066,79,3728,705,415
195921318460,169,3091,105,8054,706,415
195921330149,135,3372,215,14995,707,415
195921340783,193,3235,95,2014,707,416
195921351887,258,3578,162,7778,708,416
195921363267,138,3477,56,2109,709,416
195921374183,33,2696,41,1749,709,417
195921385182,141,3486,160,14330,710,417
195921412057,282,5171,94,3014,711,417
195921429202,138,3106,60,2326,712,417
195921439908,22,3065,42,1949,712,418
195921451526,151,3393,106,7271,713,418
195921462227,241,3611,54,2013,714,418
195921473361,20,3882,165,1684,714,419
195921484324,238,4651,50,1961,715,419
195921495889,372,3178,162,13975,716,419
195921506890,22,2829,51,1586,716,420
195921517618,237,4784,51,2007,717,420
195921528709,150,4178,373,35018,718,420
195921540883,126,3460,208,3642,718,421
195921551075,146,3699,152,13011,719,421
195921578271,174,4207,74,2184,720,421
195921594106,151,5019,65,1947,720,422
195921605015,22,2748,54,1905,720,423
195921616267,272,2983,127,8057,721,423
195921627626,31,5201,62,1888,721,424
195921638724,193,2991,166,14549,722,424
195921649646,430,3255,71,2432,723,424
195921660849,32,5071,49,763,723,425
195921673012,121,3090,328,32903,724,425
195921683498,156,3335,78,4400,725,425
195921694033,20,2880,55,2125,725,426
195921711850,440,3524,127,8161,726,426
195921716651,19,2725,48,1706,726,427
195921727739,29,5254,58,1671,726,428
195921738738,207,3515,47,1915,727,428
195921749756,246,3878,156,14019,728,428
195921760989,26,7144,76,1872,728,429
195921772187,314,4293,91,1541,729,429
195921783110,3249,4701,49,699,730,429
195921794243,23,4784,45,694,730,430
195921805293,282,2870,344,33560,731,430
195921816317,222,3035,124,8947,732,430
195921827497,21,4707,57,2263,732,431
195921838683,176,3276,160,14772,733,431
195921849739,153,3335,101,7991,734,431
195921861732,293,4950,111,2526,735,431
195921871824,30,2865,48,1776,735,432
195921882915,141,2676,88,5133,736,432
195921894116,28,5663,47,821,736,433
195921905490,266,3226,348,35098,737,433
195921916174,134,3029,289,17288,738,433
195921927648,170,5548,65,2536,738,434
195921938827,25,2954,50,2030,738,435
195921949398,138,2907,111,8701,739,435
195921960759,25,5427,58,1787,739,436
195921971773,333,3083,162,15124,740,436
195921982747,166,3017,143,7590,741,436
195921994071,50,4943,56,1761,741,437
195922005543,116,3104,145,13373,742,437
195922016321,330,3461,104,7624,743,437
195922027585,29,5250,63,1799,743,438
195922038465,332,3302,169,15351,744,438
195922049739,301,3861,84,3126,745,438
195922060957,24,4818,61,1912,745,439
195922071805,221,3343,95,7034,746,439
195922083183,208,2977,179,15192,747,439
195922094320,55,5148,65,2176,747,440
195922105269,171,3843,120,8038,748,440
195922115998,172,2634,65,1940,749,440
195922127689,30,4491,64,1607,749,441
195922138569,181,2611,87,5008,750,441
195922149783,188,3211,45,841,751,441
195922176114,395,2793,79,1355,752,441
195922190584,206,4334,522,33698,753,441
195922201735,155,4057,178,9014,754,441
195922212918,150,4273,258,15142,755,441
195922224023,22,3670,73,2335,755,442
195922235192,233,2755,173,9385,756,442
195922246307,171,2773,300,15010,757,442
195922258084,471,3821,64,2224,757,443
195922268727,136,2668,95,8018,758,443
195922279567,350,3403,182,15281,759,443
195922290747,24,2743,51,2156,759,444
195922301770,211,3852,59,2153,760,444
195922312842,133,3101,56,1240,761,444
195922323851,28,2834,46,785,761,445
195922335011,140,3150,329,32384,762,445
195922346077,174,2777,127,9494,763,445
195922357167,23,2675,53,2140,763,446
195922368319,216,3159,59,2196,764,446
195922379681,220,3885,163,13993,765,446
195922390627,24,3659,57,2099,765,447
195922401937,265,4240,118,7847,766,447
195922413296,271,3538,176,15548,767,447
195922423843,27,3668,61,2219,767,448
195922435411,256,3839,55,2460,768,448
195922446628,224,3067,104,7025,769,448
195922457254,21,3587,50,1918,769,449
195922468333,168,3211,217,15275,770,449
195922479478,198,5328,108,7104,771,449
195922490506,25,2951,54,1848,771,450
195922502114,313,3740,183,14600,772,450
195922513281,167,2977,146,7969,773,450
195922523831,27,3493,59,2022,773,451
195922535082,135,2934,169,15150,774,451
195922546116,294,2943,66,2353,775,451
195922557590,27,2774,111,1966,775,452
195922568611,261,3505,99,6336,776,452
195922579815,402,3906,90,5014,777,452
195922590541,26,3884,45,885,777,453
195922601700,26,4586,45,833,777,454
195922613163,340,3102,353,35385,778,454
195922624209,24,3570,79,3726,778,455
195922635260,259,3375,163,14925,779,455
195922646186,264,4209,108,7687,780,455
195922657176,28,3216,48,1963,780,456
195922668361,208,3342,203,15487,781,456
195922679437,397,2969,74,2613,782,456
195922690781,35,2857,63,2051,782,457
195922701960,407,3977,111,7349,783,457
195922713264,440,3422,191,15270,784,457
195922724310,28,3923,71,2351,784,458
195922735053,256,4013,112,8606,785,458
195922746529,470,4152,164,14717,786,458
195922757551,24,3461,59,2147,786,459
195922768766,279,3555,57,1567,787,459
195922779927,368,3760,365,35055,788,459
195922790849,26,3218,113,3724,788,460
195922802019,345,3230,145,12740,789,460
195922813095,245,3732,103,7283,790,460
195922824135,22,3038,173,1948,790,461
195922835181,155,3264,166,15024,791,461
195922846050,305,3521,115,7737,792,461
195922857614,23,3214,54,1971,792,462
195922868652,246,4428,58,2278,793,462
195922879655,280,2951,161,14701,794,462
195922890891,21,3316,64,2410,794,463
195922902022,153,2906,115,8166,795,463
195922913110,168,2654,177,15837,796,463
195922923828,35,2672,61,2165,796,464
195922957984,187,3021,82,1839,797,464
195922972461,200,4082,509,32569,798,464
195922983752,152,3989,195,9902,799,464
195922994861,143,4579,244,14614,800,464
195923005986,22,3506,56,2230,800,465
195923017088,164,2790,149,7939,801,465
195923028618,410,3389,304,15011,802,465
195923039502,27,2864,59,1853,802,466
195923050565,1427,3072,150,12021,803,466
195923061585,165,4241,75,1553,804,466
195923075330,37,3459,57,790,804,467
195923083714,144,3356,47,790,805,467
195923095087,1199,3448,393,35271,806,467
195923105964,24,2952,64,3909,806,468
195923117082,174,3893,65,2503,807,468
195923128150,127,5447,168,14613,808,468
195923139504,21,2944,49,2260,808,469
195923150589,220,2976,108,7817,809,469
195923161623,272,3780,181,15672,810,469
195923172583,23,2951,48,2293,810,470
195923183814,306,2748,57,2578,811,470
195923194902,125,4224,108,7410,812,470
195923205923,22,2659,43,1893,812,471
195923217069,164,2864,179,15282,813,471
195923228224,285,4339,109,7175,814,471
195923239170,28,2781,57,1931,814,472
195923250277,300,2958,165,14532,815,472
195923261483,231,3891,120,8209,816,472
195923272582,27,2706,50,2002,816,473
195923283724,205,3195,305,15082,817,473
195923294768,165,4087,61,2478,818,473
195923306147,22,3242,46,2079,818,474
195923317175,244,3264,56,1487,819,474
195923328262,133,4182,48,774,820,474
195923339383,25,3023,38,767,820,475
195923350213,135,2781,390,35141,821,475
195923361391,211,4159,79,4160,822,475
195923372459,23,3745,47,2225,822,476
195923383959,368,2949,168,14486,823,476
195923394835,130,4130,107,7698,824,476
195923406232,33,2890,86,1897,824,477
195923417233,254,2977,175,16053,825,477
195923428514,239,3544,64,2341,826,477
195923439094,22,3284,46,1982,826,478
195923450627,177,3226,128,7196,827,478
195923461544,304,3881,176,15181,828,478
195923473059,25,3047,50,2389,828,479
195923483590,205,3654,115,8615,829,479
195923495133,138,3450,163,14620,830,479
195923506119,32,2619,55,2127,830,480
195923517146,196,2623,111,7961,831,480
195923552275,387,2736,80,1890,832,480
195923566800,201,4128,122,4880,833,480
195923577950,203,4656,406,15447,834,480
195923589203,23,3688,68,2296,834,481
195923600324,194,4005,152,7955,835,481
195923611433,203,4082,364,2096,836,481
195923622660,45,2725,74,1815,836,482
195923633401,270,3296,90,5183,837,482
195923644461,193,4412,84,4755,838,482
195923655530,31,2779,47,771,838,483
195923666703,160,3289,85,5497,839,483
195923677985,141,4431,350,33321,840,483
195923689015,23,2946,101,3711,840,484
195923700114,298,2702,101,7386,841,484
195923711301,146,4127,169,14681,842,484
195923722845,21,3305,46,2103,842,485
195923733414,252,3172,107,7675,843,485
195923744552,26,4417,57,1835,843,486
195923755807,200,3108,47,2216,844,486
195923766914,173,3283,56,2342,845,486
195923778090,183,5259,193,14894,846,486
195923789192,23,2867,50,2207,846,487
195923800332,159,3794,97,2462,847,487
195923811452,133,4219,187,7192,848,487
195923822487,31,2861,51,1828,848,488
195923833594,182,2683,172,15044,849,488
195923844735,171,5134,111,7673,850,488
195923855770,21,3021,48,1854,850,489
195923866826,351,3252,52,2139,851,489
195923878081,245,5181,166,14231,852,489
195923889067,21,3003,46,1784,852,490
195923900212,393,3443,57,2012,853,490
195923911125,167,5342,49,766,853,491
195923922172,318,3195,35,764,854,491
195923933658,337,3365,375,33561,855,491
195923944771,136,5127,120,9011,856,491
195923955860,22,3035,48,2248,856,492
195923967151,207,4138,194,14826,857,492
195923978162,154,4178,109,7583,858,492
195923988933,23,3510,52,2050,858,493
195924000132,151,3173,154,13491,859,493
195924011324,304,5682,112,7900,860,493
195924022417,38,3495,50,1856,860,494
195924033370,427,3813,177,14593,861,494
195924044430,185,5209,67,2489,862,494
195924055457,23,3085,51,1973,862,495
195924066616,149,4050,106,7294,863,495
195924078213,159,5158,179,15122,864,495
195924089261,23,2955,45,2104,864,496
195924100331,267,3669,102,7819,865,496
195924111489,129,4549,60,2184,866,496
195924122489,23,2871,44,1876,866,497
195924133522,246,3619,170,14129,867,497
195924144785,133,4962,77,1577,868,497
195924155878,27,2575,41,800,868,498
195924166662,192,3418,341,32995,869,498
195924177893,237,3920,82,3729,870,498
195924189007,26,2545,55,2152,870,499
195924200031,179,2626,109,7328,871,499
195924211270,298,3857,208,14650,872,499
195924222592,33,2553,51,2151,872,500
195924233687,135,2629,107,7771,873,500
195924244672,259,3866,162,13978,874,500
195924255812,21,2553,47,2064,874,501
195924266834,129,2617,103,8000,875,501
195924278360,166,32999,327,14997,876,501
195924322913,177,2648,74,1967,877,501
195924334039,197,2716,110,2692,878,501
195924345306,222,4235,162,7478,879,501
195924356249,31,3424,68,1761,879,502
195924367345,163,3839,80,2053,880,502
195924378607,214,4233,256,14222,881,502
195924389671,28,2659,54,2175,881,503
195924400514,182,3676,1299,7919,882,503
195924412106,414,3612,84,4196,883,503
195924423330,34,3335,39,863,883,504
195924434323,157,4248,345,33575,884,504
195924445336,228,4349,88,4178,885,504
195924456568,32,3669,74,2197,885,505
195924467615,294,3106,118,6969,886,505
195924478318,158,4029,87,4463,887,505
195924489452,26,3003,40,806,887,506
195924500663,151,3283,335,34961,888,506
195924511774,151,4119,188,16418,889,506
195924522710,21,2758,52,2381,889,507
195924534007,330,3870,69,2428,890,507
195924545167,131,4765,71,2172,891,507
195924556142,28,2656,45,1971,891,508
195924567175,143,3504,107,6974,892,508
195924578649,397,3203,171,15068,893,508
195924589653,21,3657,54,2361,893,509
195924600693,1934,4029,128,8059,894,509
195924611865,418,4451,73,2177,895,509
195924623073,24,4217,78,1865,895,510
195924634158,143,3496,178,14624,896,510
195924645216,139,3577,115,8113,897,510
195924656414,21,3739,61,2056,897,511
195924667467,149,3752,193,15743,898,511
195924678705,149,3789,71,2507,899,511
195924689892,27,3035,54,2055,899,512
195924700524,152,3694,101,7275,900,512
195924712080,132,3611,62,2178,901,512
195924723036,21,3585,45,1871,901,513
195924734091,177,3061,57,1343,902,513
195924745037,143,3826,80,2768,903,513
195924756307,21,3495,33,798,903,514
195924767476,139,3553,48,757,904,514
195924778643,313,4772,391,35010,905,514
195924789681,22,3197,64,3730,905,515
195924800772,136,3184,182,12682,906,515
195924813541,306,3698,119,7083,907,515
195924822865,32,3144,68,1965,907,516
195924833887,206,3319,180,14982,908,516
195924845361,151,3925,107,7456,909,516
195924856433,22,3091,46,1973,909,517
195924867508,170,3218,61,2299,910,517
195924878582,143,3714,167,14376,911,517
195924889451,21,2897,48,2178,911,518
195924900527,335,3010,107,8150,912,518
195924912036,374,4887,85,4074,913,518
195924922683,25,4174,36,804,913,519
195924934269,361,3784,356,33791,914,519
195924945297,394,3697,73,4223,915,519
195924956367,21,3890,70,2207,915,520
195924967597,164,3112,94,6904,916,520
195924978687,246,4002,73,4511,917,520
195924989867,23,3519,43,878,917,521
195925000870,176,3555,365,35158,918,521
195925011904,272,3773,189,16475,919,521
195925022914,21,3274,52,2534,919,522
195925034096,316,4040,131,7935,920,522
195925045608,418,3521,156,13041,921,522
195925056198,23,3720,49,2093,921,523
195925067230,229,3663,127,7227,922,523
195925081257,162,2838,91,4941,923,523
195925089537,21,3667,35,887,923,524
195925100642,209,3610,341,35372,924,524
195925111852,452,4050,80,4223,925,524
195925122834,20,3184,44,2260,925,525
195925133876,471,3334,254,14581,926,525
195925145579,143,3775,113,7912,927,525
195925156435,300,3644,84,1849,927,526
195925167434,252,3622,176,15478,928,526
195925178270,230,4036,73,2662,929,526
195925189797,108,3239,56,2048,929,527
195925211520,165,4845,73,2247,930,527
195925228495,286,3414,120,7579,931,527
195925238815,268,3241,59,1874,931,528
195925250677,223,3442,55,2204,932,528
195925261332,223,4722,186,14407,933,528
195925272566,361,3833,60,2233,933,529
195925283694,247,3420,65,2510,934,529
195925294749,196,4083,66,2374,935,529
195925305693,21,3092,45,2121,935,530
195925316989,375,3669,110,7509,936,530
195925328261,196,4936,173,15394,937,530
195925338763,21,3408,46,2278,937,531
195925350292,295,4595,109,8108,938,531
195925361335,291,5233,58,2159,939,531
195925372129,21,3166,47,1878,939,532
195925383688,166,4073,165,14658,940,532
195925394847,303,4163,116,8090,941,532
195925409767,1393,4632,75,1951,941,533
195925424662,26,2893,67,1944,941,534
195925433086,120,3723,154,13398,942,534
195925439310,20,2913,43,2161,942,535
195925450209,122,2792,106,7295,943,535
195925461454,205,4040,54,2205,944,535
195925472297,99,3781,52,1890,944,536
195925483600,119,3984,54,2159,945,536
195925494839,115,4312,165,14675,946,536
195925505750,111,3759,57,2353,946,537
195925517073,174,3117,128,7824,947,537
195925528003,160,3943,67,3960,948,537
195925539033,20,3044,31,880,948,538
195925550154,179,3281,35,829,949,538
195925561622,277,4018,380,34967,950,538
195925572478,520,3213,67,3790,950,539
195925584379,200,2883,207,15746,951,539
195925612917,139,3976,118,7236,952,539
195925628818,405,4905,168,14440,953,539
195925639915,137,3465,53,2246,953,540
195925650955,252,4182,154,8158,954,540
195925661625,366,3955,83,4241,955,540
195925672720,244,3223,50,793,955,541
195925683921,152,3776,351,33717,956,541
195925695416,125,3936,115,8996,957,541
195925706160,111,3680,57,2329,957,542
195925717470,124,3879,52,2384,958,542
195925728465,108,3897,55,2006,959,542
195925739828,119,3917,78,1798,959,543
195925750708,114,2990,136,11392,960,543
195925762010,129,3239,49,1386,961,543
195925772783,118,3184,42,766,961,544
195925794941,125,3553,369,33662,962,544
195925810129,131,5557,73,3721,962,545
195925821399,302,3815,103,7482,963,545
195925832520,122,3530,166,14806,964,545
195925843607,110,5357,49,2017,964,546
195925854242,113,3558,178,7639,965,546
195925865620,126,2896,49,2272,966,546
195925876692,21,2857,48,1891,966,547
195925887993,110,3009,217,14313,967,547
195925898851,275,3385,107,8026,968,547
195925909987,23,2930,57,1869,968,548
195925921082,161,3365,246,19280,969,548
195925932066,267,3403,56,2719,970,548
195925943960,186,5797,53,2139,970,549
195925954651,25,2695,49,2010,970,550
195925965651,128,3966,107,8082,971,550
195925976815,399,5958,59,1921,971,551
195925988035,179,4216,54,2222,972,551
195925999076,229,3074,91,3078,973,551
195926010187,134,5313,62,834,973,552
195926021572,151,3113,39,810,974,552
195926032971,184,3635,359,35290,975,552
195926043292,398,5486,76,3818,975,553
195926054630,244,3001,148,12728,976,553
195926066041,358,4122,105,7441,977,553
195926076455,183,5213,62,2030,977,554
195926087956,112,3380,171,15058,978,554
195926099400,129,3152,103,7412,979,554
195926109837,204,5398,66,1945,979,555
195926121848,280,3129,62,2266,980,555
195926132756,323,3074,163,14356,981,555
195926143213,175,5256,69,2388,981,556
195926154573,227,3455,113,8298,982,556
195926169329,168,3501,237,15239,983,556
195926178218,140,4323,61,1575,984,556
195926188479,105,2970,42,791,984,557
195926199387,137,2945,338,34763,985,557
195926210056,107,5168,103,3943,985,558
195926221368,169,3870,177,15792,986,558
195926232106,2020,3389,126,7678,987,558
195926243330,96,5175,58,1971,987,559
195926254218,169,3170,60,2422,988,559
195926265946,434,4219,56,2521,989,559
195926278093,166,3866,171,14998,990,559
195926287677,21,3400,49,2334,990,560
195926299214,339,3429,65,2537,991,560
195926310180,49,5499,56,1987,991,561
195926321635,235,3547,101,7558,992,561
195926332059,293,3224,187,15152,993,561
195926343727,148,6263,61,2245,993,562
195926355328,290,3463,112,7828,994,562
195926365678,157,3904,322,2337,995,562
195926376697,122,6747,95,2046,995,563
195926388294,223,4016,302,14695,996,563
195926399002,115,2892,108,8105,997,563
195926410354,640,7095,120,1890,997,564
195926427177,37,4977,73,1880,997,565
195926444007,218,5799,103,6090,998,565
195926454948,16,3297,47,977,998,566
195926465805,137,2946,314,32645,999,566
195926476995,134,5232,69,3676,999,567
195926488067,130,2972,103,8222,1000,567
195926499060,126,2795,57,2456,1001,567
195926510249,32,5433,52,1904,1001,568
195926521198,369,3299,56,2568,1002,568
195926532703,134,2696,166,14532,1003,568
195926544159,30,4812,56,2059,1003,569
195926554962,201,4269,62,2424,1004,569
195926566059,115,4061,96,7312,1005,569
195926577049,102,4796,50,1793,1005,570
195926588184,17,3121,51,1767,1005,571
195926599068,162,3865,48,2227,1006,571
195926610394,279,4636,86,1762,1006,572
195926624227,168,3058,82,2004,1007,572
195926633681,117,3495,164,14313,1008,572
195926643425,198,7181,67,2162,1008,573
195926655739,146,3069,105,7857,1009,573
195926666237,121,3465,166,14595,1010,573
195926677404,100,5075,88,1486,1010,574
195926688981,30,3367,56,1473,1010,575
195926699238,205,3448,307,27424,1011,575
195926710773,203,4800,56,1797,1011,576
195926721732,20,3037,52,1628,1011,577
195926732638,148,4144,52,2065,1012,577
195926743557,99,5182,57,1539,1012,578
195926754513,217,3431,44,1779,1013,578
195926766070,239,3246,50,2052,1014,578
195926794361,131,4687,165,12716,1015,578
195926810973,253,4453,49,1155,1016,578
195926821823,20,3385,34,732,1016,579
195926832643,164,3280,608,32614,1017,579
195926844312,161,3967,118,9508,1018,579
195926855397,81,2811,46,2115,1018,580
195926866021,145,3498,53,2203,1019,580
195926877426,25,4716,54,1793,1019,581
195926888525,190,3293,155,13888,1020,581
195926899325,336,3346,102,7736,1021,581
195926910438,192,4809,61,1886,1021,582
195926921618,25,2996,75,1863,1021,583
195926933012,339,3124,155,12263,1022,583
195926944168,149,4603,44,1883,1022,584
195926954998,14,3439,51,1873,1022,585
195926966095,179,3437,113,8724,1023,585
195926977523,27,5120,81,1892,1023,586
195926988497,139,2979,65,2076,1024,586
195926999623,123,3826,209,13519,1025,586
195927010792,25,5026,50,1146,1025,587
195927021707,249,3218,79,1315,1026,587
195927032833,194,3176,38,724,1027,587
195927044113,22,5024,41,723,1027,588
195927054762,141,3267,321,33725,1028,588
195927066254,174,3264,115,9194,1029,588
195927077542,200,4865,171,15017,1030,588
195927088107,20,3468,56,2349,1030,589
195927099660,155,3041,100,7699,1031,589
195927110692,21,4721,57,1983,1031,590
195927121697,290,4247,52,2350,1032,590
195927132773,176,3382,154,14290,1033,590
195927143956,19,5323,49,1979,1033,591
195927154964,181,2917,111,7925,1034,591
195927166422,218,3980,156,14843,1035,591
195927177354,152,4844,66,2191,1035,592
195927188208,23,2924,61,2111,1035,593
195927199188,276,3501,108,8870,1036,593
195927210691,28,4822,59,1929,1036,594
195927221714,156,3482,165,15341,1037,594
195927232982,130,3246,98,7147,1038,594
195927243992,24,4767,51,1847,1038,595
195927255157,153,3364,317,14481,1039,595
195927266167,180,3194,118,8188,1040,595
195927277560,248,4383,173,15256,1041,595
195927288507,20,2698,55,2389,1041,596
195927299652,212,3121,48,1827,1042,596
195927310743,22,4893,43,1093,1042,597
195927321853,129,3509,42,1203,1043,597
195927332920,257,3161,33,704,1044,597
195927343915,33,4853,44,705,1044,598
195927355045,167,3742,441,35197,1045,598
195927366054,265,4284,75,4181,1046,598
195927377311,20,4918,53,2169,1046,599
195927388271,132,3224,171,14425,1047,599
195927399362,112,3561,97,7715,1048,599
195927410598,22,5245,53,1902,1048,600
195927421800,319,4380,222,14785,1049,600
195927432802,163,2926,71,2704,1050,600
195927443928,29,5042,59,2073,1050,601
195927455231,125,2978,103,8229,1051,601
195927466092,202,3193,172,15379,1052,601
195927477172,25,4814,69,2374,1052,602
195927488582,176,3120,118,8745,1053,602
195927499771,199,3580,188,13870,1054,602
195927510860,26,4569,53,1274,1054,603
195927521649,323,4217,409,37586,1055,603
195927532863,339,3208,179,15907,1056,603
195927543885,22,5387,61,2028,1056,604
195927555125,213,3361,47,2216,1057,604
195927566145,126,3400,39,804,1058,604
195927577388,23,4887,46,789,1058,605
195927588458,150,4067,366,32674,1059,605
195927599492,122,3799,281,9727,1060,605
195927610790,185,5648,62,2545,1061,605
195927621837,21,3022,42,2005,1061,606
195927632920,179,3191,157,13990,1062,606
195927643689,195,5075,53,1991,1062,607
195927655210,146,3179,101,7905,1063,607
195927666262,237,3551,203,14913,1064,607
195927677425,260,4151,144,2557,1065,607
195927688464,30,3279,55,2019,1065,608
195927699548,207,3343,118,8191,1066,608
195927710622,25,5074,59,1837,1066,609
195927722230,318,3467,71,4281,1067,609
195927732926,467,3233,376,35013,1068,609
195927744220,27,4869,100,3764,1068,610
195927754809,154,3196,160,14775,1069,610
195927766264,245,3172,137,7830,1070,610
195927777394,25,4759,52,1942,1070,611
195927788410,240,3157,263,14772,1071,611
195927799405,126,3054,57,1596,1072,611
195927810502,22,4979,41,808,1072,612
195927821640,143,2854,29,808,1073,612
195927832757,248,3429,345,32438,1074,612
195927843967,21,5259,70,3648,1074,613
195927855226,131,3008,150,8261,1075,613
195927865967,290,3619,64,2065,1076,613
195927877502,201,4724,159,14078,1077,613
195927888471,19,3902,49,2026,1077,614
195927899535,227,3448,100,7912,1078,614
195927910706,25,5346,59,1820,1078,615
195927921637,393,3533,167,14944,1079,615
195927932906,223,3368,71,2533,1080,615
195927943839,40,5887,62,1995,1080,616
195927955214,139,2928,112,8121,1081,616
195927966274,231,3795,173,15267,1082,616
195927977362,45,5298,66,2299,1082,617
195927988463,175,3056,109,8544,1083,617
195927999549,129,3199,169,14718,1084,617
195928010579,27,5392,59,2159,1084,618
195928021636,228,3054,103,7988,1085,618
195928032594,122,3271,172,15136,1086,618
195928044158,24,4853,50,2156,1086,619
195928055238,351,3859,59,2445,1087,619
195928066376,159,3430,86,6491,1088,619
195928077396,160,5769,85,4950,1089,619
195928088480,22,3310,36,907,1089,620
195928099318,275,3366,37,873,1090,620
195928110765,140,4735,367,35376,1091,620
195928121426,24,2695,67,3862,1091,621
195928132792,225,3527,196,14976,1092,621
195928143925,27,6252,59,2256,1092,622
195928154992,391,3681,101,7809,1093,622
195928166301,260,3935,175,15057,1094,622
195928177535,32,4965,70,2244,1094,623
195928188362,154,3167,60,2598,1095,623
195928199394,408,3156,124,8375,1096,623
195928210414,28,5697,65,1874,1096,624
195928221547,310,3022,171,15329,1097,624
195928232660,288,3866,108,7323,1098,624
195928243761,24,4676,60,1919,1098,625
195928254856,176,2618,180,14702,1099,625
195928266141,141,2632,109,8079,1100,625
195928277197,25,4458,57,1826,1100,626
195928288236,150,2681,180,14867,1101,626
195928299316,185,2672,66,2344,1102,626
195928310349,25,4555,46,1838,1102,627
195928321989,142,2656,51,1190,1103,627
195928332982,157,2687,338,32486,1104,627
195928343723,68,4695,75,3580,1104,628
195928355063,123,2677,105,7955,1105,628
195928366163,197,2689,94,2485,1106,628
195928392436,178,2846,96,3053,1107,628
195928406854,190,2790,2404,35388,1108,628
195928417989,215,4227,285,16700,1109,628
195928429029,172,4055,84,2833,1110,628
195928440196,26,3790,66,2026,1110,629
195928451332,134,3881,134,7530,1111,629
195928462438,135,2714,65,2133,1112,629
195928473562,26,3150,51,1793,1112,630
195928484920,147,3183,47,2145,1113,630
195928495954,126,3093,162,14222,1114,630
195928507054,21,3183,47,2112,1114,631
195928518205,143,3890,102,7652,1115,631
195928529454,108,2891,90,3971,1116,631
195928539997,20,2593,32,915,1116,632
195928551133,247,2913,537,32875,1117,632
195928562737,818,3704,129,9843,1118,632
195928573707,49,3077,53,2112,1118,633
195928584813,126,2934,187,14985,1119,633
195928595879,276,3210,103,7566,1120,633
195928606879,20,2697,44,1804,1120,634
195928617915,153,2965,49,2119,1121,634
195928629033,145,2933,204,14321,1122,634
195928640332,21,3004,59,2292,1122,635
195928651453,118,3405,101,8232,1123,635
195928663399,324,3510,164,15179,1124,635
195928673657,20,3227,47,2282,1124,636
195928684885,182,3390,57,2547,1125,636
195928695907,115,3194,102,7255,1126,636
195928707003,27,2879,48,1919,1126,637
195928718103,202,3726,54,2326,1127,637
195928729163,424,3330,46,1950,1128,637
195928740152,21,2850,46,1766,1128,638
195928751533,290,3318,155,14427,1129,638
195928762875,713,3415,44,1873,1130,638
195928773534,21,2756,33,774,1130,639
195928784815,119,3305,334,34697,1131,639
195928796006,137,3545,162,14125,1132,639
195928807016,25,2896,51,2305,1132,640
195928818117,154,3784,103,7372,1133,640
195928829031,108,3034,210,15052,1134,640
195928840383,22,2981,48,2251,1134,641
195928851412,122,3444,103,7942,1135,641
195928862647,309,3262,81,2186,1136,641
195928873324,19,2788,41,1962,1136,642
195928884884,151,2932,156,14705,1137,642
195928895906,385,3367,110,8268,1138,642
195928906986,21,2744,45,1917,1138,643
195928918136,240,3965,196,14942,1139,643
195928929947,398,3677,86,2600,1140,643
195928940357,42,3043,56,2036,1140,644
195928951489,300,3542,146,8063,1141,644
195928962530,368,3999,57,2278,1142,644
195928973600,25,2693,47,1937,1142,645
195928984921,139,3141,86,4492,1143,645
195928995828,116,2804,82,865,1144,645
195929007125,35,2735,37,818,1144,646
195929018050,274,3073,400,34930,1145,646
195929029028,384,2975,130,9599,1146,646
195929040048,31,2745,55,2284,1146,647
195929051653,484,3069,139,12106,1147,647
195929062724,252,3645,155,7383,1148,647
195929073792,32,3118,55,1974,1148,648
195929084572,195,3587,155,13793,1149,648
195929095720,124,3130,44,1504,1150,648
195929107097,20,2693,33,760,1150,649
195929118059,113,2993,344,34883,1151,649
195929129546,145,2978,177,16397,1152,649
195929140118,27,2666,63,2568,1152,650
195929151543,126,3953,231,7960,1153,650
195929162646,134,2991,173,15090,1154,650
195929173485,21,2624,48,2079,1154,651
195929184429,144,2842,62,2318,1155,651
195929195979,139,3853,115,7839,1156,651
195929207021,30,3287,47,1902,1156,652
195929217979,183,3504,231,15120,1157,652
195929229130,403,3122,97,7227,1158,652
195929240361,23,3107,51,1504,1158,653
195929251213,188,3874,320,32461,1159,653
195929262296,632,3188,110,7642,1160,653
195929273383,27,3446,71,1590,1160,654
195929284931,161,3721,197,14418,1161,654
195929295846,139,2876,54,2260,1162,654
195929307048,29,2792,47,1725,1162,655
195929318100,192,2914,129,7260,1163,655
195929329147,186,3141,167,15102,1164,655
195929340108,20,2888,52,2113,1164,656
195929351180,187,2890,100,7873,1165,656
195929362202,174,2854,55,1858,1166,656
195929373754,20,2593,47,1622,1166,657
195929384811,461,2941,164,5183,1167,657
195929395839,1773,3292,239,891,1168,657
195929407121,26,3405,82,843,1168,658
195929417993,154,3028,46,825,1169,658
195929429227,248,4541,417,33738,1170,658
195929440350,28,3528,67,3792,1170,659
195929451426,147,3308,108,8337,1171,659
195929462350,228,3695,217,14968,1172,659
195929474017,27,2940,65,2225,1172,660
195929484413,164,3427,114,7851,1173,660
195929496021,143,3577,57,2116,1174,660
195929507089,26,3251,71,1838,1174,661
195929518160,129,3269,55,2493,1175,661
195929529244,247,3328,486,15114,1176,661
195929540391,26,3408,52,2079,1176,662
195929551404,132,3543,52,2395,1177,662
195929562300,149,2660,99,7167,1178,662
195929573497,32,3625,54,1974,1178,663
195929584494,174,3736,166,15152,1179,663
195929595698,99,3996,97,7833,1180,663
195929606838,18,3613,44,1865,1180,664
195929617853,124,2722,45,2103,1181,664
195929628966,288,3604,202,14799,1182,664
195929640067,22,2736,47,2216,1182,665
195929651153,141,3919,155,7956,1183,665
195929662302,377,4002,167,14732,1184,665
195929673468,22,3087,46,1799,1184,666
195929684569,179,3116,65,2331,1185,666
195929695704,191,3375,410,34676,1186,666
195929706700,34,2996,66,3937,1186,667
195929717834,120,3171,169,15796,1187,667
195929729372,214,2982,98,7572,1188,667
195929740381,21,3185,51,2048,1188,668
195929751309,1064,3172,54,2414,1189,668
195929762360,109,3001,1462,14304,1190,668
195929773418,20,2503,41,2283,1190,669
195929784482,121,3462,56,2601,1191,669
195929795841,497,2970,59,2412,1192,669
195929806896,22,3207,44,1907,1192,670
195929817919,219,3115,93,7224,1193,670
195929829079,122,3049,170,15107,1194,670
195929840045,23,2877,187,2267,1194,671
195929851168,123,3260,134,7867,1195,671
195929862280,262,3184,136,2358,1196,671
195929873368,21,3146,44,1995,1196,672
195929884859,112,2630,160,14724,1197,672
195929895906,133,3272,99,7584,1198,672
195929907041,27,3233,61,1462,1198,673
195929918006,131,3422,88,6549,1199,673
195929929042,148,2900,53,1046,1200,673
195929940087,29,3710,36,925,1200,674
195929951255,233,3294,343,34739,1201,674
195929962518,353,3977,232,17366,1202,674
195929973534,22,3312,65,2513,1202,675
195929985087,257,3578,131,7885,1203,675
195929995685,142,2711,52,2484,1204,675
195930006708,22,3390,44,2087,1204,676
195930018141,116,3056,154,14804,1205,676
195930029258,111,3041,60,2466,1206,676
195930040116,28,3303,46,2012,1206,677
195930051218,138,3070,49,2204,1207,677
195930062323,137,2948,120,7517,1208,677
195930073631,20,3255,52,1944,1208,678
195930084506,186,3659,173,15210,1209,678
195930095882,109,3208,100,8037,1210,678
195930107107,20,2895,43,1822,1210,679
195930118190,243,2977,66,4502,1211,679
195930129322,112,3084,330,35080,1212,679
195930140042,20,2752,61,3778,1212,680
195930151273,238,4317,172,7990,1213,680
195930162333,196,3305,147,13802,1214,680
195930173496,21,2817,432,2202,1214,681
195930184830,327,3301,61,1833,1215,681
195930195918,340,3490,40,766,1216,681
195930206835,22,3133,34,763,1216,682
195930217958,188,3421,348,32032,1217,682
195930229301,204,3211,139,9668,1218,682
195930240394,26,3833,52,2211,1218,683
195930251496,216,3637,55,2261,1219,683
195930262728,169,3445,162,13993,1220,683
195930273678,24,3762,111,2050,1220,684
195930284676,127,3489,59,2254,1221,684
195930295794,136,3210,49,2161,1222,684
195930306893,26,3352,52,1845,1222,685
195930317928,135,2766,96,7192,1223,685
195930329144,263,3305,171,14990,1224,685
195930340105,24,2876,45,2207,1224,686
195930351146,127,3851,130,7893,1225,686
195930362575,169,3819,46,2225,1226,686
195930373265,19,3570,236,1832,1226,687
195930384700,121,3441,157,14523,1227,687
195930395765,163,3414,100,8021,1228,687
195930407080,24,3020,52,1721,1228,688
195930417993,227,3368,186,14746,1229,688
195930428989,165,2715,54,1678,1230,688
195930440399,24,3897,41,831,1230,689
195930451283,147,3115,368,34770,1231,689
195930462313,180,3364,182,17333,1232,689
195930473820,21,3417,67,2544,1232,690
195930485079,315,4467,107,7724,1233,690
195930495992,293,3658,56,2072,1234,690
195930507179,24,2944,48,1843,1234,691
195930518172,210,3560,55,2542,1235,691
195930529215,397,4080,175,15018,1236,691
195930540387,22,2985,45,2215,1236,692
195930551442,155,3837,62,2480,1237,692
195930562739,378,3287,101,7427,1238,692
195930573307,22,3126,46,1851,1238,693
195930584441,230,3281,165,15337,1239,693
195930595987,414,3725,65,3719,1240,693
195930607110,22,2924,36,790,1240,694
195930617744,119,2925,45,1938,1241,694
195930628995,167,3185,337,35166,1242,694
195930640087,21,2851,83,3775,1242,695
195930651215,198,3423,105,8028,1243,695
195930662710,265,3562,209,13846,1244,695
195930673471,21,2986,49,2196,1244,696
195930684472,309,3280,59,2343,1245,696
195930695787,194,3559,104,7685,1246,696
195930706794,22,3646,48,1977,1246,697
195930717996,133,3384,156,14357,1247,697
195930729201,265,4022,100,7146,1248,697
195930740293,19,3040,44,1909,1248,698
195930751374,260,3875,177,14487,1249,698
195930762638,336,3894,840,8100,1250,698
195930773752,33,4788,68,1839,1250,699
195930784888,174,3213,165,14813,1251,699
195930795495,180,3121,64,2620,1252,699
195930806584,24,3063,42,1969,1252,700
195930818110,124,3112,57,1201,1253,700
195930829069,313,2946,71,671,1254,700
195930840217,20,2914,32,671,1254,701
195930851195,151,2965,39,671,1255,701
195930862337,1129,3839,335,34937,1256,701
195930873468,21,3314,65,3759,1256,702
195930884563,260,3463,165,14688,1257,702
195930895697,149,3351,131,7715,1258,702
195930906758,22,2964,46,1931,1258,703
195930918293,137,3463,184,14891,1259,703
195930928987,131,4992,76,2387,1260,703
195930941231,32,3842,53,2042,1260,704
195930951238,681,3649,109,8572,1261,704
195930962797,231,3060,182,15360,1262,704
195930973393,31,3081,55,2142,1262,705
195930984519,212,3411,104,7800,1263,705
195930995566,253,3180,166,14168,1264,705
195931006844,22,3116,96,2152,1264,706
195931017879,131,3230,108,8083,1265,706
195931029300,118,3806,222,14937,1266,706
195931040498,20,2673,44,2278,1266,707
195931051167,130,2995,61,2473,1267,707
195931062336,138,2663,182,17012,1268,707
195931073386,35,2548,56,2102,1268,708
195931084472,132,2666,171,15531,1269,708
195931095557,141,2640,116,7755,1270,708
195931107139,26,2619,50,1927,1270,709
195931118164,190,2847,56,2240,1271,709
195931129166,163,2639,57,2697,1272,709
195931140315,37,34570,65,769,1272,710
195931186508,208,2678,60,717,1273,710
195931197689,168,4033,515,34519,1274,710
195931208528,22,3749,240,3892,1274,711
195931219920,125,4451,264,15537,1275,711
195931230546,120,3914,140,7571,1276,711
195931241662,24,3120,64,1860,1276,712
195931252993,174,3473,73,2154,1277,712
195931264088,214,4087,58,2403,1278,712
195931275181,22,3977,54,1816,1278,713
195931286330,125,3275,176,14668,1279,713
195931297396,136,3667,50,2330,1280,713
195931308420,21,3505,50,1929,1280,714
195931319922,113,3374,94,7360,1281,714
195931330668,806,2903,171,15245,1282,714
195931341813,21,3242,51,2124,1282,715
195931352780,117,3402,98,7776,1283,715
195931364012,229,2794,82,2354,1284,715
195931375135,21,3601,53,2008,1284,716
195931386975,576,3131,153,14564,1285,716
195931397335,544,3441,105,8089,1286,716
195931408745,22,3526,48,1854,1286,717
195931419790,118,2763,157,14292,1287,717
195931430899,127,3019,98,6296,1288,717
195931442018,24,2859,241,974,1288,718
195931453028,383,3284,68,4004,1289,718
195931464167,385,3467,453,32372,1290,718
195931475250,22,2975,68,3596,1290,719
195931486210,132,3315,125,8004,1291,719
195931497255,324,3397,50,2155,1292,719
195931508540,19,3014,46,1828,1292,720
195931519733,265,2987,148,13927,1293,720
195931530824,246,5598,134,2429,1294,720
195931541836,22,3382,52,2029,1294,721
195931552858,174,3466,52,2272,1295,721
195931564371,195,3981,98,7253,1296,721
195931575005,21,3653,51,1890,1296,722
195931586544,350,3497,186,15143,1297,722
195931598127,354,3394,102,7477,1298,722
195931608757,21,5687,98,1963,1298,723
195931619816,115,3390,50,2319,1299,723
195931630794,107,3476,162,14421,1300,723
195931641914,20,4551,49,2144,1300,724
195931653083,136,3395,100,7810,1301,724
195931664133,108,2688,338,14903,1302,724
195931675274,19,2578,101,2209,1302,725
195931686358,247,3903,49,1932,1303,725
195931697646,229,3689,330,34812,1304,725
195931708761,23,2974,137,3957,1304,726
195931719804,165,4536,165,15889,1305,726
195931731017,147,3214,100,7635,1306,726
195931742055,21,3236,51,2008,1306,727
195931753294,398,3164,65,2377,1307,727
195931764469,921,3318,73,2472,1308,727
195931775233,23,2959,51,1832,1308,728
195931786289,130,3193,193,14800,1309,728
195931797373,182,3315,61,2562,1310,728
195931808383,26,2853,47,1990,1310,729
195931819923,189,3477,96,7460,1311,729
195931831019,160,3211,167,15320,1312,729
195931841938,22,4394,172,2096,1312,730
195931852954,115,3941,98,7946,1313,730
195931864168,135,3428,49,2111,1314,730
195931875225,19,3520,52,1849,1314,731
195931886236,144,3840,172,14445,1315,731
195931897422,174,3355,99,7837,1316,731
195931908490,21,2860,53,1923,1316,732
195931919609,210,3656,217,14169,1317,732
195931930903,198,3174,49,1532,1318,732
195931941963,23,2607,40,895,1318,733
195931953019,198,3223,340,34995,1319,733
195931964015,120,3129,181,17551,1320,733
195931975271,22,3257,207,2509,1320,734
195931986695,179,3038,97,7891,1321,734
195931997221,139,3079,56,2256,1322,734
195932008681,30,3348,486,1901,1322,735
195932019869,148,3457,160,14473,1323,735
195932030853,117,3868,74,2571,1324,735
195932042003,20,2979,51,2021,1324,736
195932052887,137,3184,48,2177,1325,736
195932064014,143,3540,92,7143,1326,736
195932075035,18,4761,106,1911,1326,737
195932086464,393,3891,161,14995,1327,737
195932097643,673,3374,105,7750,1328,737
195932108533,49,2873,49,1875,1328,738
195932119763,124,3719,55,2128,1329,738
195932130795,280,3705,160,14719,1330,738
195932141682,21,3074,59,2340,1330,739
195932152736,178,3854,104,8307,1331,739
195932164385,136,3743,196,15207,1332,739
195932175157,21,2546,78,2051,1332,740
195932186728,148,4176,51,1820,1333,740
195932197327,133,3445,76,805,1334,740
195932208432,24,3477,47,798,1334,741
195932219629,115,3915,345,32431,1335,741
195932230859,145,3818,118,9696,1336,741
195932241975,24,2991,50,2275,1336,742
195932252976,376,3183,49,2349,1337,742
195932264078,370,4135,955,3125,1338,742
195932275145,20,3539,36,864,1338,743
195932286134,124,3304,365,32931,1339,743
195932297286,295,3055,72,3811,1340,743
195932308342,20,3335,50,2166,1340,744
195932319486,137,3273,109,7373,1341,744
195932331021,248,3376,163,14634,1342,744
195932342124,27,3138,53,2125,1342,745
195932353184,207,3118,97,7706,1343,745
195932363966,126,2817,52,2239,1344,745
195932375274,21,2781,143,1860,1344,746
195932386391,143,3226,180,14468,1345,746
195932397496,341,3336,109,7855,1346,746
195932408551,24,3278,194,1798,1346,747
195932419823,149,3156,161,14621,1347,747
195932430846,508,4115,57,1683,1348,747
195932442216,29,4609,48,806,1348,748
195932452871,148,3959,314,32545,1349,748
195932464100,110,3057,51,1346,1350,748
195932475160,21,3224,39,738,1350,749
195932486568,165,3307,34,737,1351,749
195932498138,139,4650,376,35076,1352,749
195932508787,21,2774,64,3764,1352,750
195932519869,131,3973,163,14839,1353,750
195932530996,138,3262,54,2619,1354,750
195932542027,18,3125,51,2002,1354,751
195932553112,171,3323,108,2220,1355,751
195932564184,118,3041,98,6920,1356,751
195932575361,46,2843,49,1889,1356,752
195932586478,131,3464,156,14859,1357,752
195932597486,314,4360,106,7661,1358,752
195932608399,27,3133,54,1901,1358,753
195932619976,224,2668,60,2211,1359,753
195932630541,243,3483,161,14495,1360,753
195932641638,23,3887,57,2037,1360,754
195932653245,182,2714,51,1498,1361,754
195932664271,160,3890,365,32831,1362,754
195932675308,90,3565,73,3574,1362,755
195932686375,186,4049,49,1615,1363,755
195932697547,102,3844,34,712,1364,755
195932708778,22,3092,39,713,1364,756
195932719853,171,3433,319,32232,1365,756
195932730968,128,3040,119,9465,1366,756
195932741960,32,3297,71,2109,1366,757
195932752976,190,3332,53,2194,1367,757
195932764013,127,3146,164,13917,1368,757
195932775048,22,3510,50,1968,1368,758
195932786117,307,3783,53,2282,1369,758
195932797317,122,3283,47,2262,1370,758
195932808613,22,3007,51,1912,1370,759
195932819679,118,3297,133,7309,1371,759
195932830724,221,2866,163,15224,1372,759
195932841759,45,2974,52,2273,1372,760
195932852789,119,2787,125,8117,1373,760
195932864368,149,3198,56,2004,1374,760
195932875463,23,3125,49,1727,1374,761
195932886263,256,3847,160,14430,1375,761
195932897568,373,3543,100,7872,1376,761
195932908776,37,3569,57,1990,1376,762
195932920002,433,3669,304,15134,1377,762
195932930962,131,3204,60,2486,1378,762
195932942085,25,3035,55,1933,1378,763
195932953012,174,4582,45,1348,1379,763
195932964054,329,3498,45,1093,1380,763
195932976171,21,3079,39,704,1380,764
195932986280,193,4214,353,35132,1381,764
195932997509,454,3396,69,4097,1382,764
195933008344,22,2915,50,2138,1382,765
195933019873,332,3775,153,14344,1383,765
195933031017,299,3716,56,2466,1384,765
195933042144,20,3020,52,1891,1384,766
195933053203,1797,3251,48,2079,1385,766
195933067792,207,3349,101,6882,1386,766
195933075052,24,3270,60,1903,1386,767
195933086485,136,2815,397,14940,1387,767
195933097604,119,3101,98,7958,1388,767
195933108659,29,3672,63,1857,1388,768
195933119837,161,4101,73,2115,1389,768
195933131012,137,2900,169,14550,1390,768
195933142113,28,3342,55,2133,1390,769
195933153221,149,3193,99,7657,1391,769
195933164298,179,3412,196,14725,1392,769
195933175309,30,3002,56,2203,1392,770
195933186328,154,3399,57,1742,1393,770
195933197407,450,3261,44,1179,1394,770
195933208449,24,3172,40,753,1394,771
195933219497,239,4005,339,32430,1395,771
195933231050,292,3030,115,9467,1396,771
195933242037,20,3371,57,2290,1396,772
195933253147,367,3178,51,2457,1397,772
195933264375,125,2642,60,2492,1398,772
195933275446,30,2598,48,1909,1398,773
195933286071,166,2657,167,14224,1399,773
195933297278,136,2632,54,2378,1400,773
195933308557,27,2590,53,1827,1400,774
195933319487,120,2694,109,7071,1401,774
195933362095,254,3461,86,5251,1402,774
195933378626,240,3421,348,35264,1403,774
195933388351,24,2557,65,3787,1403,775
195933399466,122,2661,100,7993,1404,775
195933411305,214,3755,79,4365,1405,775
195933421748,24,2633,41,833,1405,776
195933432954,134,2676,55,792,1406,776
195933444047,219,4778,477,35016,1407,776
195933455262,26,3294,70,3962,1407,777
195933465888,144,3918,173,15786,1408,777
195933477443,121,4348,111,7834,1409,777
195933488214,27,2624,57,1933,1409,778
195933499351,140,4228,154,13404,1410,778
195933510375,22,5860,61,1914,1410,779
195933521525,138,3837,98,7751,1411,779
195933532812,258,4485,160,14668,1412,779
195933543825,23,4590,59,2377,1412,780
195933554925,274,3537,52,2574,1413,780
195933566122,110,3127,99,7597,1414,780
195933577349,140,5155,88,5354,1415,780
195933588642,28,2647,38,858,1415,781
195933599515,131,3627,36,807,1416,781
195933610527,336,5896,421,35094,1417,781
195933621530,24,3570,62,3807,1417,782
195933632635,177,3367,157,14863,1418,782
195933644199,154,4821,113,7977,1419,782
195933654806,29,3098,54,1959,1419,783
195933666067,198,2940,175,15097,1420,783
195933677073,51,4663,65,2251,1420,784
195933688460,147,2798,63,2596,1421,784
195933699507,332,3124,106,7602,1422,784
195933710764,176,4662,176,15337,1423,784
195933722015,22,3291,50,2298,1423,785
195933732640,278,3571,102,7832,1424,785
195933743964,483,5621,156,14152,1425,785
195933755121,20,3914,45,2053,1425,786
195933766226,305,3460,100,7112,1426,786
195933777232,199,6157,348,42757,1427,786
195933788158,19,2978,72,5314,1427,787
195933799329,178,3293,86,3459,1428,787
195933810403,22,4869,58,2533,1428,788
195933821510,238,3148,45,1300,1429,788
195933832756,332,3055,381,32004,1430,788
195933843764,22,4915,65,3502,1430,789
195933854930,117,3359,93,7913,1431,789
195933866055,389,3080,65,2297,1432,789
195933877345,127,4014,149,13746,1433,789
195933888331,21,3233,50,1940,1433,790
195933899240,410,3054,113,7751,1434,790
195933910424,24,4561,52,1887,1434,791
195933921655,218,3005,151,14888,1435,791
195933933021,260,3183,67,2577,1436,791
195933944112,106,4167,106,8394,1437,791
195933955192,19,2749,43,1856,1437,792
195933966183,184,3199,57,2286,1438,792
195933977203,23,4892,51,1707,1438,793
195933988458,276,3204,51,1949,1439,793
195933999529,119,3018,154,14331,1440,793
195934010518,174,4511,55,1796,1441,793
195934021912,29,3371,35,755,1441,794
195934032669,131,2790,352,35131,1442,794
195934044128,149,4002,156,14144,1443,794
195934055164,20,3285,51,2338,1443,795
195934066408,288,3189,92,7347,1444,795
195934077516,119,4593,210,15065,1445,795
195934088082,24,3455,49,2216,1445,796
195934099532,295,3302,96,7835,1446,796
195934110569,28,5134,54,1914,1446,797
195934121737,151,3673,45,2264,1447,797
195934132809,324,3891,217,14683,1448,797
195934144083,140,4558,110,8507,1449,797
195934155075,22,3007,46,1873,1449,798
195934166458,158,4213,162,15134,1450,798
195934177487,165,4347,68,2615,1451,798
195934188522,26,5130,54,2073,1451,799
195934199611,151,3550,57,2869,1452,799
195934211139,147,5630,55,1312,1453,799
195934221491,21,3778,32,729,1453,800
195934233013,133,3176,359,35066,1454,800
195934244051,301,5078,72,4165,1455,800
195934255106,19,3159,46,2174,1455,801
195934265882,223,3745,155,14401,1456,801
195934277476,173,5536,56,2510,1457,801
195934288422,19,2731,45,1949,1457,802
195934299446,230,3942,46,2124,1458,802
195934310891,124,4803,572,6954,1459,802
195934321977,32,4538,50,1963,1459,803
195934333124,265,3073,292,14907,1460,803
195934344078,112,4107,99,7929,1461,803
195934354791,19,3694,47,1829,1461,804
195934366382,138,3440,49,2108,1462,804
195934377171,368,3964,270,15064,1463,804
195934388809,22,2700,41,2157,1463,805
195934399538,460,3302,99,7996,1464,805
195934410842,930,3285,166,14949,1465,805
195934421687,27,3065,110,2292,1465,806
195934432819,305,3744,64,1858,1466,806
195934443825,28,4684,56,809,1466,807
195934458513,181,2719,46,803,1467,807
195934466406,335,3389,352,32477,1468,807
195934476944,268,5332,87,3672,1468,808
195934488160,269,3570,138,2204,1468,809
195934499768,192,3481,118,8816,1469,809
195934510696,140,5625,168,14135,1470,809
195934522037,208,3180,55,2107,1470,810
195934533035,116,3224,50,2390,1471,810
195934544168,112,4677,56,2216,1472,810
195934554711,20,3041,53,2020,1472,811
195934566722,165,3098,126,8005,1473,811
195934577424,118,4440,169,15979,1474,811
195934588409,74,2962,45,2243,1474,812
195934599645,176,3089,96,7942,1475,812
195934610768,114,4067,57,2088,1476,812
195934621784,163,3380,53,1827,1476,813
195934632849,304,3592,255,14417,1477,813
195934643895,135,4172,149,7792,1478,813
195934654971,163,3887,62,2107,1478,814
195934665913,156,3890,174,15687,1479,814
195934676985,155,5323,84,2425,1479,815
195934689315,2409,3339,66,2285,1479,816
195934700365,196,3257,126,9068,1480,816
195934711236,260,3518,57,1963,1481,816
195934721761,109,2681,52,1874,1481,817
195934732845,134,3602,60,2130,1482,817
195934744849,559,3851,72,2990,1483,817
195934756136,121,3019,56,1905,1483,818
195934766094,126,2899,164,14656,1484,818
195934777474,141,4177,122,8211,1485,818
195934788433,108,2988,53,2024,1485,819
195934799695,252,3051,150,12647,1486,819
195934810773,123,4469,99,7463,1487,819
195934821771,258,3059,55,2110,1487,820
195934833054,264,2917,166,15375,1488,820
195934844057,127,4271,216,7799,1489,820
195934855026,179,3151,53,1899,1489,821
195934866421,126,3838,54,2198,1490,821
195934877221,182,5389,168,14743,1491,821
195934889588,111,4167,72,2313,1491,822
195934899743,151,3133,109,7939,1492,822
195934910519,263,4656,60,1984,1492,823
195934922056,37,3786,50,1985,1492,824
195934933308,193,3980,156,12390,1493,824
195934944268,293,5785,113,7996,1494,824
195934955442,202,3222,54,2011,1494,825
195934966118,131,2942,57,2369,1495,825
195934977222,22,4387,52,1832,1495,826
195934988271,142,4119,49,2093,1496,826
195934999417,126,3031,163,14413,1497,826
195935010484,139,4526,101,7045,1498,826
195935027706,234,4674,84,3909,1499,826
195935043890,25,4797,36,911,1499,827
195935055576,390,3067,214,21242,1500,827
195935066579,335,3542,394,36484,1501,827
195935077585,122,4297,188,17421,1502,827
195935088620,22,3027,56,2625,1502,828
195935099731,168,2695,125,7912,1503,828
195935110759,223,4617,194,14724,1504,828
195935121550,234,3264,59,2416,1504,829
195935133014,319,4121,169,14712,1505,829
195935143909,169,6015,116,7860,1506,829
195935155252,22,3175,69,2102,1506,830
195935166498,559,4309,169,14947,1507,830
195935194243,6988,3881,88,3196,1508,830
195935216396,148,3002,135,11136,1509,830
195935227585,140,4464,134,10446,1510,830
195935238999,24,2944,36,1000,1510,831
195935250087,172,3046,381,35120,1511,831
195935261128,181,3707,176,16414,1512,831
195935272375,257,3087,59,2548,1512,832
195935283445,178,3519,145,7952,1513,832
195935294795,137,3870,155,13139,1514,832
195935311008,177,4283,115,7312,1515,832
195935316852,187,4390,66,1904,1515,833
195935327795,136,3469,258,24762,1516,833
195935338850,138,2605,62,3041,1516,834
195935350057,134,2699,100,7863,1517,834
195935361209,150,3370,63,2310,1518,834
195935372019,148,2712,59,2048,1518,835
195935383091,137,2694,165,14678,1519,835
195935394324,142,3597,189,17845,1520,835
195935405529,111,2699,43,2134,1520,836
195935416825,141,2726,191,15109,1521,836
195935461284,207,4264,120,3727,1522,836
195935477011,137,4924,63,2141,1522,837
195935488261,25,3725,72,2096,1522,838
195935499301,147,3602,276,16871,1523,838
195935510482,284,4739,81,2151,1523,839
195935522070,22,2879,63,1938,1523,840
195935532846,244,3320,221,21955,1524,840
195935544012,116,5052,66,2959,1525,840
195935554702,21,3171,255,2015,1525,841
195935577328,217,4342,69,2150,1526,841
195935593274,27,4977,49,1950,1526,842
195935604198,117,3557,570,11082,1527,842
195935617249,138,2907,380,35766,1528,842
195935626545,132,4740,78,3827,1528,843
195935637834,323,4175,165,14783,1529,843
195935649026,104,3086,110,7816,1530,843
195935659829,148,6197,61,2110,1530,844
195935670977,144,3386,173,15175,1531,844
195935682005,147,3306,68,2624,1532,844
195935693269,24,5127,107,2072,1532,845
195935704482,116,3474,102,8036,1533,845
195935715550,127,3011,164,15387,1534,845
195935726884,123,5297,52,2269,1534,846
195935737813,30,3309,50,2191,1534,847
195935748804,127,3500,48,1523,1535,847
195935759854,141,5854,42,899,1535,848
195935771343,249,4494,121,10385,1536,848
195935782312,108,3417,476,35758,1537,848
195935794037,254,5759,196,14340,1538,848
195935804773,136,3455,327,2415,1538,849
195935816052,120,3421,100,7144,1539,849
195935827018,184,5592,69,1947,1539,850
195935838155,24,3430,57,1918,1539,851
195935848976,156,3202,58,2311,1540,851
195935859841,22,5328,51,1832,1540,852
195935871662,690,4235,47,2086,1541,852
195935881969,208,3958,160,14169,1542,852
195935893112,22,5691,59,2075,1542,853
195935904427,128,3127,104,7862,1543,853
195935915967,129,3764,76,4240,1544,853
195935927171,169,5796,338,34195,1545,853
195935937877,27,5319,73,3868,1545,854
195935948625,179,4465,688,8659,1546,854
195935959818,46,5074,48,2069,1546,855
195935971171,199,5152,187,14726,1547,855
195935982561,161,3575,107,7559,1548,855
195935993483,28,4949,64,2138,1548,856
195936004579,131,3423,53,2505,1549,856
195936015636,213,4116,69,2476,1550,856
195936027463,131,4912,223,14967,1551,856
195936037752,21,3882,41,2207,1551,857
195936048730,121,3562,56,2604,1552,857
195936059886,29,5842,54,2072,1552,858
195936071079,131,3419,104,7420,1553,858
195936082193,132,3875,160,15335,1554,858
195936093541,24,4837,51,2210,1554,859
195936104601,120,3513,99,8022,1555,859
195936115639,122,4532,58,2099,1556,859
195936126680,22,4761,53,1884,1556,860
195936137888,134,3890,157,14593,1557,860
195936148867,106,2936,101,7996,1558,860
195936159992,39,5330,46,1956,1558,861
195936171918,134,4039,160,15036,1559,861
195936182138,656,4623,60,1740,1560,861
195936193207,30,5617,57,929,1560,862
195936204302,191,5441,45,929,1561,862
195936227773,136,4263,395,35400,1562,862
195936243752,138,4760,74,4256,1563,862
195936254628,21,4562,43,2276,1563,863
195936265700,599,3439,167,14718,1564,863
195936277000,212,4085,53,2402,1565,863
195936288019,20,2965,43,1980,1565,864
195936298969,277,3459,1022,2165,1566,864
195936310191,20,5378,50,2000,1566,865
195936327457,209,4560,60,2105,1567,865
195936344016,144,2888,188,16965,1568,865
195936354560,26,2826,45,2254,1568,866
195936366050,197,2884,142,12183,1569,866
195936377113,189,4584,46,2177,1569,867
195936388107,22,2895,105,1994,1569,868
195936399290,368,3208,58,2636,1570,868
195936410900,288,5259,176,14731,1571,868
195936421587,20,3307,44,2121,1571,869
195936432710,157,3434,152,12112,1572,869
195936443728,27,4791,75,2236,1572,870
195936454859,224,3128,60,1535,1573,870
195936465785,198,3483,362,41901,1574,870
195936477082,199,4854,125,9380,1575,870
195936488240,22,4815,55,2331,1575,871
195936499387,119,4072,50,2318,1576,871
195936510484,203,4012,267,13961,1577,871
195936527333,397,4346,70,2445,1578,871
195936532781,17,3559,48,1991,1578,872
195936543590,21,5236,66,1991,1578,873
195936554906,172,3736,138,11949,1579,873
195936566102,113,2926,170,16805,1580,873
195936577141,299,4725,164,15360,1581,873
195936588151,19,2910,50,2407,1581,874
195936599357,117,2890,100,8107,1582,874
195936610514,119,3994,49,2195,1583,874
195936621453,21,6165,49,1881,1583,875
195936632701,119,2961,152,14591,1584,875
195936643527,206,4531,58,2023,1584,876
195936654877,19,3967,52,1968,1584,877
195936666037,182,3049,51,2315,1585,877
195936677711,369,4090,54,2223,1586,877
195936688261,25,3546,47,1932,1586,878
195936699348,1079,3046,45,1443,1587,878
195936710404,215,4978,39,739,1588,878
195936721233,104,3211,39,734,1588,879
195936732240,111,3366,31,734,1589,879
195936744296,1468,5513,504,35477,1590,879
195936754844,21,2855,93,3810,1590,880
195936765845,153,3033,159,14744,1591,880
195936776998,23,4858,56,2248,1591,881
195936788235,231,3087,98,7729,1592,881
195936799100,130,2970,144,12972,1593,881
195936810195,22,5154,55,2239,1593,882
195936821498,253,4025,102,7364,1594,882
195936832708,188,3489,168,15424,1595,882
195936843402,21,5205,54,2005,1595,883
195936854936,150,3179,44,1367,1596,883
195936866042,155,3431,38,751,1597,883
195936877076,407,4949,362,35533,1598,883
195936888220,23,3169,65,3745,1598,884
195936899333,163,3353,98,7945,1599,884
195936910312,23,5791,58,2078,1599,885
195936921631,198,3122,153,13458,1600,885
195936932391,258,3660,96,2479,1601,885
195936943870,163,4206,113,7826,1602,885
195936954643,22,2930,51,1864,1602,886
195936965714,163,3116,158,14427,1603,886
195936976763,27,4778,56,2155,1603,887
195936988177,128,3229,106,7906,1604,887
195936999249,126,3372,53,2307,1605,887
195937010359,23,5933,57,1908,1605,888
195937021877,338,3137,63,2611,1606,888
195937032418,208,3256,165,15023,1607,888
195937043879,251,5089,67,2567,1608,888
195937054748,19,3047,45,2138,1608,889
195937065824,281,3110,98,7431,1609,889
195937076808,126,4762,60,2067,1609,890
195937087873,21,2896,46,2048,1609,891
195937099382,313,2989,63,2444,1610,891
195937110470,190,4768,54,2043,1611,891
195937121484,21,2717,42,1857,1611,892
195937132725,127,3245,173,13814,1612,892
195937143611,26,4754,49,1158,1612,893
195937160637,141,4492,64,1462,1613,893
195937166029,21,3346,84,879,1613,894
195937177072,219,4774,365,43200,1614,894
195937188158,26,2865,99,4522,1614,895
195937199212,255,3460,117,8595,1615,895
195937210558,344,4495,350,15096,1616,895
195937221330,26,3288,51,2457,1616,896
195937232375,271,3175,191,17712,1617,896
195937243723,23,4563,59,2447,1617,897
195937254961,295,3246,151,13644,1618,897
195937277452,195,3779,75,2207,1619,897
195937292841,30,3172,53,2093,1619,898
195937304514,146,3561,146,11441,1620,898
195937315308,148,2857,131,10303,1621,898
195937326347,23,5230,41,959,1621,899
195937337202,398,3237,317,32867,1622,899
195937361247,168,3853,209,9820,1623,899
195937376514,33,6639,66,2219,1623,900
195937387924,144,3826,247,23641,1624,900
195937398850,199,3767,155,8011,1625,900
195937410276,26,4923,54,2120,1625,901
195937420836,197,3846,249,25061,1626,901
195937432442,229,3806,70,2573,1627,901
195937443486,134,5478,72,2094,1627,902
195937461148,307,5865,130,8756,1628,902
195937478630,364,3313,145,11690,1629,902
195937489831,31,2898,51,2026,1629,903
195937502673,171,2770,174,13905,1630,903
195937512081,422,4293,377,41497,1631,903
195937522931,21,3135,74,4281,1631,904
195937534174,163,2674,110,8526,1632,904
195937545551,209,4222,191,13316,1633,904
195937556638,27,3490,51,2132,1633,905
195937567638,206,4050,91,7195,1634,905
195937578720,125,4154,168,15518,1635,905
195937589891,25,3434,53,2321,1635,906
195937600973,274,3632,393,7847,1636,906
195937612379,258,3876,50,2237,1637,906
195937623530,23,3030,47,2010,1637,907
195937634144,1170,3470,165,14598,1638,907
195937645217,361,3517,271,8207,1639,907
195937656815,125,3207,57,1926,1639,908
195937668286,187,4632,209,15223,1640,908
195937681333,243,3679,75,2704,1641,908
195937693803,200,3421,59,1552,1642,908
195937701742,103,3945,44,742,1642,909
195937712327,164,3893,54,739,1643,909
195937723176,121,3866,116,739,1643,910
195937735717,119,4588,354,35445,1644,910
195937745896,166,4248,73,4138,1645,910
195937756496,125,3547,71,2195,1645,911
195937767674,157,2922,178,14446,1646,911
195937778630,150,3474,63,2537,1647,911
195937790133,139,3309,47,2031,1647,912
195937801319,115,4047,46,2265,1648,912
195937812055,733,3545,100,6942,1649,912
195937823037,125,3649,52,1883,1649,913
195937834501,2146,3505,160,15084,1650,913
195937846116,204,3732,108,7766,1651,913
195937856374,347,3826,68,1916,1651,914
195937867437,119,3087,54,2195,1652,914
195937878649,189,2989,162,14632,1653,914
195937889719,102,2992,45,2247,1653,915
195937900716,243,3019,104,7818,1654,915
195937912232,286,3487,165,15076,1655,915
195937923310,21,2690,52,2361,1655,916
195937934372,149,3406,61,2606,1656,916
195937945516,115,3407,134,8358,1657,916
195937956527,97,3663,53,1959,1657,917
195937968773,240,3061,50,2404,1658,917
195937978931,252,4373,1209,2048,1659,917
195937990443,103,4032,60,1849,1659,918
195938001205,104,4188,83,5244,1660,918
195938012235,113,3408,42,832,1661,918
195938023553,172,3123,37,814,1661,919
195938034521,439,4030,355,35794,1662,919
195938045248,109,2997,160,14289,1663,919
195938056308,97,2918,48,2487,1663,920
195938067339,364,3200,95,7273,1664,920
195938078639,135,3146,189,15297,1665,920
195938090263,118,3328,60,2149,1665,921
195938101181,121,3834,124,7826,1666,921
195938112429,173,2941,58,2286,1667,921
195938123322,105,3055,49,1953,1667,922
195938135806,164,3378,155,14579,1668,922
195938145136,173,2827,124,8017,1669,922
195938156534,23,2975,52,2047,1669,923
195938167555,149,3713,156,14868,1670,923
195938179072,534,3528,75,2645,1671,923
195938189874,83,3228,89,2099,1671,924
195938201037,432,3098,98,7459,1672,924
195938212032,1014,4135,142,12516,1673,924
195938223017,20,2838,45,2153,1673,925
195938234083,121,2885,75,4860,1674,925
195938245571,123,3294,447,35848,1675,925
195938256612,20,2601,64,4007,1675,926
195938267622,178,2738,175,14875,1676,926
195938302365,321,3195,56,1852,1677,926
195938318026,271,2774,538,35468,1678,926
195938328494,138,4145,288,17339,1679,926
195938339581,106,3929,54,2568,1679,927
195938350664,155,4037,151,7740,1680,927
195938361502,113,4314,82,2291,1681,927
195938372634,242,3365,90,1971,1681,928
195938383819,259,3729,245,14414,1682,928
195938395270,134,4085,112,7985,1683,928
195938406359,168,3983,58,1889,1683,929
195938417297,220,4227,95,6170,1684,929
195938432462,764,3104,60,985,1685,929
195938443433,133,4768,52,885,1685,930
195938451097,17,2733,43,885,1685,931
195938461772,114,3666,395,33170,1686,931
195938472742,142,3339,70,3692,1686,932
195938484213,118,2751,103,8245,1687,932
195938494919,129,3237,51,2377,1688,932
195938506412,131,2612,43,1849,1688,933
195938517076,164,2692,181,13983,1689,933
195938528320,135,2801,58,2470,1690,933
195938552684,174,3056,82,1644,1691,933
195938567481,183,4058,543,35535,1692,933
195938578194,140,3969,294,17188,1693,933
195938589335,183,4296,87,2558,1693,934
195938601002,233,4096,183,7732,1694,934
195938611577,177,3202,90,2442,1695,934
195938622815,142,3040,60,2046,1695,935
195938633938,244,3431,262,14577,1696,935
195938644970,320,3157,200,18400,1697,935
195938657433,207,3392,61,2127,1697,936
195938667766,127,3954,102,6317,1698,936
195938678373,219,3375,51,1093,1699,936
195938689792,25,3176,36,976,1699,937
195938700547,142,3907,1703,35203,1700,937
195938711685,164,3250,186,17473,1701,937
195938722782,21,3382,50,2537,1701,938
195938733855,146,3762,104,7815,1702,938
195938745114,169,3346,59,2451,1703,938
195938756264,20,2697,45,2082,1703,939
195938767350,134,3832,52,2743,1704,939
195938778284,174,3101,168,15049,1705,939
195938789334,23,3694,55,2162,1705,940
195938800777,134,3559,51,2370,1706,940
195938811918,156,4791,98,7169,1707,940
195938823667,315,5429,67,1924,1707,941
195938835149,162,3052,193,15188,1708,941
195938845337,207,3368,133,7917,1709,941
195938856082,264,3229,51,1905,1709,942
195938867420,305,3441,54,2185,1710,942
195938878445,146,3014,170,14792,1711,942
195938889596,131,4015,58,2376,1711,943
195938900753,122,4157,121,7537,1712,943
195938911872,116,2839,75,4056,1713,943
195938923380,122,2749,45,966,1713,944
195938934458,281,2953,439,34150,1714,944
195938945362,217,3328,119,9806,1715,944
195938956221,125,3241,58,2337,1715,945
195938967390,139,3468,161,14732,1716,945
195938981619,748,3873,119,7659,1717,945
195938989530,24,3265,50,2203,1717,946
195939000574,145,3484,54,2565,1718,946
195939012159,161,3163,211,14622,1719,946
195939022663,25,3835,48,2207,1719,947
195939034033,169,4026,53,2478,1720,947
195939044974,314,3544,146,12361,1721,947
195939056405,227,3925,50,2225,1721,948
195939067756,114,3711,102,7396,1722,948
195939078631,133,4170,178,15289,1723,948
195939090822,253,3866,72,2376,1723,949
195939100684,216,3218,112,8060,1724,949
195939111962,419,3249,60,2176,1725,949
195939123177,135,4038,89,1838,1725,950
195939134047,117,4101,89,5196,1726,950
195939145216,268,3816,52,786,1727,950
195939156411,19,3530,34,786,1727,951
195939167409,146,3532,323,33421,1728,951
195939178743,339,3278,80,3768,1729,951
195939189751,27,3299,50,2176,1729,952
195939200479,175,3213,131,7580,1730,952
195939211761,238,3378,538,14498,1731,952
195939222832,26,3486,51,2189,1731,953
195939233837,145,3272,160,7624,1732,953
195939244896,142,4123,165,13977,1733,953
195939256052,25,3776,59,2108,1733,954
195939267125,188,3744,108,7981,1734,954
195939278494,2112,3528,182,14731,1735,954
195939289477,21,3284,46,2125,1735,955
195939300587,138,3673,62,2447,1736,955
195939311699,490,2995,96,7143,1737,955
195939322702,107,2740,51,1872,1737,956
195939334243,123,2820,207,15124,1738,956
195939345276,296,3248,104,7924,1739,956
195939356552,236,3254,48,1911,1739,957
195939367434,175,3551,44,1596,1740,957
195939378411,124,3827,64,2835,1741,957
195939389388,175,3485,32,795,1741,958
195939400516,256,3003,40,789,1742,958
195939411866,183,3685,342,33368,1743,958
195939423148,175,3045,71,3643,1743,959
195939434088,180,3718,59,2330,1744,959
195939445378,329,3482,126,7624,1745,959
195939456288,33,3446,67,1985,1745,960
195939467196,149,3913,168,14383,1746,960
195939478576,183,2675,139,7276,1747,960
195939489597,40,2610,58,1984,1747,961
195939500733,174,2703,197,13214,1748,961
195939511881,133,2614,99,7615,1749,961
195939544274,311,2672,71,3486,1750,961
195939559373,28,2944,66,865,1750,962
195939570073,163,4149,348,35501,1751,962
195939580629,167,4056,456,17484,1752,962
195939591820,28,3259,72,2509,1752,963
195939602869,116,3812,140,7815,1753,963
195939614066,297,2836,66,2313,1754,963
195939625209,24,3357,56,1979,1754,964
195939636311,198,3826,166,14192,1755,964
195939647435,131,3226,108,7236,1756,964
195939658788,26,3134,50,1321,1756,965
195939670060,220,3281,87,6414,1757,965
195939681130,152,3191,367,34382,1758,965
195939692225,30,3032,72,3798,1758,966
195939703243,209,3959,126,8186,1759,966
195939714570,134,3496,160,14847,1760,966
195939725205,22,3095,57,2235,1760,967
195939736211,1034,3713,98,7841,1761,967
195939747844,116,2997,51,2265,1762,967
195939758843,22,3015,48,1896,1762,968
195939769950,115,3480,153,14453,1763,968
195939780864,150,2802,88,2440,1764,968
195939791908,20,2836,48,2061,1764,969
195939802953,119,2803,56,2307,1765,969
195939814157,114,2924,95,7126,1766,969
195939825424,21,6117,56,2029,1766,970
195939836722,157,3530,243,15066,1767,970
195939847673,151,3362,107,7766,1768,970
195939858722,23,2914,52,1913,1768,971
195939869769,1683,3448,66,2158,1769,971
195939880857,111,3395,159,14600,1770,971
195939891937,20,3063,52,2294,1770,972
195939903035,235,3634,103,7960,1771,972
195939914318,120,3093,166,15168,1772,972
195939925211,19,3427,66,2325,1772,973
195939936342,165,2684,48,1955,1773,973
195939947398,294,2857,42,890,1774,973
195939958503,19,2965,42,868,1774,974
195939969754,259,3461,471,33180,1775,974
195939980953,213,4258,115,9728,1776,974
195939991811,23,3258,54,2288,1776,975
195940002975,255,3054,55,2346,1777,975
195940014054,124,4828,155,14105,1778,975
195940025590,24,3455,79,2088,1778,976
195940036360,116,3366,51,2384,1779,976
195940047516,113,3004,84,2252,1780,976
195940058763,21,2766,47,1992,1780,977
195940069960,200,3102,95,7276,1781,977
195940081021,127,2992,182,15408,1782,977
195940092054,19,2944,54,2090,1782,978
195940103121,127,2803,98,7982,1783,978
195940114094,117,2841,51,2317,1784,978
195940125168,19,3122,49,1987,1784,979
195940136784,376,3123,78,5366,1785,979
195940147825,228,3351,339,35819,1786,979
195940158858,22,2829,67,3918,1786,980
195940169933,180,3813,162,15291,1787,980
195940181154,142,3203,60,2488,1788,980
195940192116,21,2868,55,1970,1788,981
195940203121,211,3756,95,7666,1789,981
195940214207,324,3933,160,15137,1790,981
195940226473,29,5875,50,2275,1790,982
195940236857,2471,3461,129,8118,1791,982
195940247698,133,3270,158,14302,1792,982
195940258527,20,3034,56,2035,1792,983
195940270023,400,3592,108,7868,1793,983
195940281204,249,3038,160,14869,1794,983
195940292244,21,3469,62,2357,1794,984
195940303348,254,4527,59,2640,1795,984
195940314183,258,3371,96,7066,1796,984
195940325342,26,3386,83,2059,1796,985
195940336378,133,3176,167,15328,1797,985
195940347731,402,3323,96,6530,1798,985
195940358688,61,2894,38,877,1798,986
195940369681,364,3937,70,4205,1799,986
195940380919,116,4316,475,35637,1800,986
195940391918,25,3060,72,3848,1800,987
195940403109,333,3547,104,8093,1801,987
195940414437,156,3526,194,13875,1802,987
195940425295,24,3163,56,2283,1802,988
195940436526,160,2690,57,2462,1803,988
195940447660,137,2676,110,8123,1804,988
195940458764,33,2681,58,2027,1804,989
195940469785,153,2707,165,14581,1805,989
195940480956,122,2666,95,7502,1806,989
195940528755,228,3108,88,4917,1807,989
195940543267,32,4733,56,838,1807,990
195940554470,180,4215,535,34287,1808,990
195940565557,120,4136,154,9038,1809,990
195940576705,21,5051,69,2473,1809,991
195940588333,183,3879,170,14688,1810,991
195940598975,188,2970,171,7647,1811,991
195940610079,22,5024,53,1951,1811,992
195940621193,260,4119,51,2293,1812,992
195940632349,140,3235,61,3072,1813,992
195940643421,24,4670,36,826,1813,993
195940654796,147,3648,338,35881,1814,993
195940665977,163,3615,181,16748,1815,993
195940677093,270,4259,67,2847,1816,993
195940688174,30,3515,54,2028,1816,994
195940699086,291,3601,99,7740,1817,994
195940710242,243,5199,167,15113,1818,994
195940721251,20,3658,45,2215,1818,995
195940732281,144,3574,103,7917,1819,995
195940743345,20,5518,50,2098,1819,996
195940754460,135,3759,54,2482,1820,996
195940765698,322,3500,152,14733,1821,996
195940776834,32,4761,52,2024,1821,997
195940787930,219,4600,53,2369,1822,997
195940798996,111,3146,43,2162,1823,997
195940810316,29,4595,65,1982,1823,998
195940821332,254,3239,96,7229,1824,998
195940832731,135,3654,198,15220,1825,998
195940843959,4339,3540,112,7959,1826,998
195940854564,20,3487,45,1812,1826,999
195940865629,145,3998,47,2063,1827,999
195940877061,285,4369,56,2974,1828,999
195940888089,19,2737,32,813,1828,1000
195940899319,162,2934,336,35788,1829,1000
195940910451,210,4081,178,16738,1830,1000
195940921421,19,2706,49,2629,1830,1001
195940932462,160,2983,55,1461,1831,1001
195940943530,26,4640,38,781,1831,1002
195940955689,228,3044,31,781,1832,1002
195940966289,401,3581,325,33132,1833,1002
195940976972,21,4982,63,3647,1833,1003
195940988147,127,3025,100,8109,1834,1003
195940999226,143,3266,54,2371,1835,1003
195941010290,23,5495,52,1815,1835,1004
195941022655,307,3337,323,13929,1836,1004
195941032400,249,3149,56,2376,1837,1004
195941043625,162,4751,51,2260,1838,1004
195941054889,20,3143,62,1941,1838,1005
195941065847,189,4226,92,7075,1839,1005
195941076781,20,4729,69,1935,1839,1006
195941087836,160,3357,160,15176,1840,1006
195941099033,195,3933,94,7558,1841,1006
195941110102,21,6028,71,1848,1841,1007
195941121265,192,3476,46,2096,1842,1007
195941132222,199,3114,162,14605,1843,1007
195941143473,22,5398,52,2243,1843,1008
195941154470,142,3384,101,8126,1844,1008
195941165692,273,3624,193,14584,1845,1008
195941176718,21,6145,60,1303,1845,1009
195941187892,286,3997,49,1709,1846,1009
195941198971,362,3530,328,35386,1847,1009
195941209972,21,5420,74,3994,1847,1010
195941221225,219,3132,161,15904,1848,1010
195941232241,240,3409,105,7660,1849,1010
195941243574,29,4811,57,1875,1849,1011
195941254776,324,3205,64,2188,1850,1011
195941265847,250,3958,154,14542,1851,1011
195941276737,162,4737,58,2152,1851,1012
195941288060,133,3454,53,2451,1852,1012
195941299170,226,3400,47,2285,1853,1012
195941310082,22,5360,59,2015,1853,1013
195941321137,399,3800,93,7144,1854,1013
195941332613,182,3157,170,15336,1855,1013
195941343631,138,5404,98,7667,1856,1013
195941354435,20,3890,47,1875,1856,1014
195941365707,353,3147,76,4690,1857,1014
195941376736,21,4829,38,957,1857,1015
195941387808,144,3114,36,873,1858,1015
195941398851,237,3796,343,35670,1859,1015
195941410359,141,4492,92,6251,1860,1015
195941421506,19,3085,31,884,1860,1016
195941432570,379,3118,333,34230,1861,1016
195941443815,173,4126,122,9699,1862,1016
195941454418,19,2892,121,2358,1862,1017
195941465928,124,3420,154,14697,1863,1017
195941476995,109,4632,47,1505,1864,1017
195941487967,20,2960,33,822,1864,1018
195941499038,119,3047,337,35856,1865,1018
195941510096,21,4836,68,3885,1865,1019
195941521276,141,3118,154,14841,1866,1019
195941532337,748,3137,272,7958,1867,1019
195941543583,266,5004,281,13165,1868,1019
195941554532,27,3087,53,2049,1868,1020
195941565931,165,3898,99,7175,1869,1020
195941577033,22,4428,53,2036,1869,1021
195941587915,279,3057,164,15287,1870,1021
195941599342,196,3768,110,7782,1871,1021
195941610246,200,5337,51,2207,1872,1021
195941621284,22,3214,44,1973,1872,1022
195941632287,303,4276,167,14754,1873,1022
195941643298,20,5709,52,2260,1873,1023
195941654562,282,3341,98,8075,1874,1023
195941665590,136,4514,160,14982,1875,1023
195941676845,205,4014,71,2656,1876,1023
195941688063,32,2559,56,2050,1876,1024
195941699065,212,2636,110,7968,1877,1024
195941747066,220,5902,143,5253,1878,1024
195941764447,130,2725,398,35811,1879,1024
195941775632,26,2640,94,3892,1879,1025
195941786778,158,4360,245,8051,1880,1025
195941797869,128,3959,355,12619,1881,1025
195941809004,19,3096,60,2097,1881,1026
195941820262,308,4221,172,7256,1882,1026
195941831119,195,3221,228,13967,1883,1026
195941842387,27,3140,53,2146,1883,1027
195941853417,365,3128,98,7935,1884,1027
195941864460,395,3760,48,2126,1885,1027
195941875643,22,2883,50,1833,1885,1028
195941886649,213,3139,155,14316,1886,1028
195941898234,243,3052,98,7811,1887,1028
195941909244,48,2983,60,2181,1887,1029
195941920302,197,3780,160,14911,1888,1029
195941931313,252,4031,68,2752,1889,1029
195941942373,23,2906,49,2020,1889,1030
195941953483,211,3157,101,8009,1890,1030
195941964478,139,4109,46,2252,1891,1030
195941975500,20,2879,50,1923,1891,1031
195941986580,266,4432,71,4656,1892,1031
195941998260,325,4495,38,901,1893,1031
195942009265,19,2969,39,864,1893,1032
195942020707,307,3228,938,35978,1894,1032
195942031208,229,4173,120,9663,1895,1032
195942042339,22,2735,49,2260,1895,1033
195942053296,280,3640,156,12153,1896,1033
195942064397,261,3524,92,7125,1897,1033
195942075639,21,2999,51,1975,1897,1034
195942086974,124,3947,147,13821,1898,1034
195942098230,315,3934,95,7901,1899,1034
195942109582,26,5204,51,2006,1899,1035
195942120215,180,3425,45,2277,1900,1035
195942131374,257,3387,163,14675,1901,1035
195942142590,22,3094,49,2054,1901,1036
195942153628,295,3351,106,7934,1902,1036
195942164519,214,3387,161,15056,1903,1036
195942175554,20,2971,57,2111,1903,1037
195942186598,269,3188,52,2424,1904,1037
195942197910,292,3488,99,7935,1905,1037
195942209044,25,3686,49,2059,1905,1038
195942220141,174,3213,60,2438,1906,1038
195942231136,171,3167,83,5432,1907,1038
195942242181,20,2849,42,986,1907,1039
195942253843,131,3700,673,35801,1908,1039
195942264369,1111,4297,224,16623,1909,1039
195942275722,23,3197,80,2570,1909,1040
195942286749,199,3539,99,7951,1910,1040
195942298051,338,3452,141,13068,1911,1040
195942309134,28,3265,59,2304,1911,1041
195942320136,141,3439,110,7314,1912,1041
195942331245,327,3546,206,15508,1913,1041
195942342570,25,3147,48,2261,1913,1042
195942353613,290,4121,139,7730,1914,1042
195942364704,170,4176,53,2462,1915,1042
195942375806,21,3161,53,2139,1915,1043
195942386942,134,2630,156,14670,1916,1043
195942397978,133,2652,119,8074,1917,1043
195942409327,39,2676,62,1996,1917,1044
195942420042,172,2617,163,15198,1918,1044
195942431133,141,2645,56,1705,1919,1044
195942442595,21,2762,45,846,1919,1045
195942472486,229,3093,55,840,1920,1045
195942487532,199,4159,653,35912,1921,1045
195942498228,147,3799,101,4440,1922,1045
195942509290,25,5609,49,884,1922,1046
195942520440,132,4264,547,36048,1923,1046
195942531669,167,2769,172,9701,1924,1046
195942542755,24,3288,89,2281,1924,1047
195942553973,156,3496,154,12137,1925,1047
195942565098,263,3653,101,7075,1926,1047
195942576183,29,5457,61,2099,1926,1048
195942587287,190,3263,156,13834,1927,1048
195942598153,123,3246,102,7694,1928,1048
195942609222,21,4155,46,1934,1928,1049
195942620794,298,3681,77,4729,1929,1049
195942631885,378,3987,361,36064,1930,1049
195942642973,20,6195,72,3884,1930,1050
195942655842,2065,3650,55,1716,1931,1050
195942665250,109,2790,327,33576,1932,1050
195942676295,20,4963,80,3639,1932,1051
195942687309,315,3092,55,2344,1933,1051
195942698519,408,3308,60,2499,1934,1051
195942709480,20,5271,73,1791,1934,1052
195942720526,394,3227,43,1429,1935,1052
195942731741,187,3391,337,35591,1936,1052
195942742728,330,4912,74,3877,1936,1053
195942753651,335,3299,50,2456,1937,1053
195942765330,227,3511,153,14450,1938,1053
195942776676,247,4678,73,2140,1938,1054
195942787310,21,3339,66,2098,1938,1055
195942798464,362,3029,75,3808,1939,1055
195942809535,25,4976,52,1845,1939,1056
195942820520,242,3004,95,6815,1940,1056
195942831863,195,3531,166,14755,1941,1056
195942842810,124,5059,59,2264,1941,1057
195942853787,203,3334,118,7811,1942,1057
195942864868,168,3675,47,2269,1943,1057
195942876086,20,2763,48,1923,1943,1058
195942887509,239,2957,158,14449,1944,1058
195942898097,513,2919,105,7807,1945,1058
195942909596,49,5072,54,1825,1945,1059
195942920526,210,2629,84,6030,1946,1059
195942931662,136,3780,364,34359,1947,1059
195942943020,28,7587,74,3829,1947,1060
195942954037,145,3884,105,8442,1948,1060
195942965180,263,3348,154,14857,1949,1060
195942976196,33,4945,52,2228,1949,1061
195942987405,274,3802,94,7862,1950,1061
195942998581,138,3237,47,2228,1951,1061
195943009693,22,5043,48,1883,1951,1062
195943020402,152,3097,153,14472,1952,1062
195943031498,185,4451,54,2585,1953,1062
195943043020,25,5970,52,2048,1953,1063
195943060413,186,5128,149,7949,1954,1063
195943077010,279,4725,171,15202,1955,1063
195943088551,21,2951,47,2112,1955,1064
195943099620,401,3602,102,7771,1956,1064
195943111164,344,3355,55,2066,1957,1064
195943121720,20,3008,45,1868,1957,1065
195943132774,170,3712,153,14531,1958,1065
195943143825,279,4035,122,8220,1959,1065
195943154829,20,2906,41,2026,1959,1066
195943166056,132,3319,167,14979,1960,1066
195943177106,1731,3799,53,1960,1961,1066
195943188508,95,3556,43,990,1961,1067
195943199724,170,3386,45,1039,1962,1067
195943210727,140,4633,327,33131,1963,1067
195943222496,142,3728,92,3649,1963,1068
195943232392,125,3648,249,8056,1964,1068
195943244378,128,4373,60,2363,1965,1068
195943254762,145,3168,52,1996,1965,1069
195943266505,985,3606,158,13791,1966,1069
195943277536,194,3717,64,2376,1967,1069
195943288262,119,4014,56,1922,1967,1070
195943299563,148,2837,58,2212,1968,1070
195943310799,111,3828,101,7048,1969,1070
195943321409,146,3137,53,1909,1969,1071
195943333134,126,2868,167,15093,1970,1071
195943343794,111,4019,105,7811,1971,1071
195943354741,101,2838,61,1893,1971,1072
195943366012,163,4812,55,2185,1972,1072
195943377083,183,4710,171,14568,1973,1072
195943388401,250,4002,58,2121,1973,1073
195943399277,209,3211,108,7775,1974,1073
195943410845,152,4004,173,15090,1975,1073
195943421615,113,3078,54,2162,1975,1074
195943432613,275,3278,46,1948,1976,1074
195943443668,332,4041,57,836,1977,1074
195943454802,278,2895,40,812,1977,1075
195943466054,290,3343,312,32981,1978,1075
195943477587,172,3494,122,9754,1979,1075
195943488192,293,3040,58,2351,1979,1076
195943499484,183,2975,49,2366,1980,1076
195943510689,281,4308,223,14083,1981,1076
195943521819,456,3189,54,1967,1981,1077
195943532947,406,3422,105,7780,1982,1077
195943543899,162,4727,218,13054,1983,1077
195943555628,443,3546,56,2051,1983,1078
195943566459,435,3463,119,7285,1984,1078
195943577345,128,5268,185,15452,1985,1078
195943588639,231,3138,54,2203,1985,1079
195943599322,261,3398,98,7991,1986,1079
195943610527,134,3999,50,2099,1987,1079
195943621426,110,2651,48,1852,1987,1080
195943632450,161,5028,159,14564,1988,1080
195943644186,242,4761,110,8005,1989,1080
195943654672,20,4120,45,1961,1989,1081
195943666329,179,4179,160,15100,1990,1081
195943682349,139,2891,67,1757,1991,1081
195943688678,177,4070,44,828,1991,1082
195943699557,184,3311,46,828,1992,1082
195943710892,208,5332,309,32696,1993,1082
195943722065,220,3380,69,3676,1993,1083
195943732676,222,3326,121,8210,1994,1083
195943743899,1078,3569,51,2297,1995,1083
195943755499,307,3183,53,1893,1995,1084
195943765782,162,4185,321,14050,1996,1084
195943777169,119,5093,68,2401,1997,1084
195943788304,121,3912,54,1973,1997,1085
195943799178,114,2908,54,2143,1998,1085
195943810576,120,4328,103,6919,1999,1085
195943821350,159,3086,55,2017,1999,1086
195943832404,154,2858,165,15130,2000,1086
195943843534,239,4518,107,7944,2001,1086
195943856219,385,4162,61,1869,2001,1087
195943866802,119,3287,53,2114,2002,1087
195943877193,136,5276,169,14513,2003,1087
195943888789,216,3191,53,2196,2003,1088
195943899180,126,2933,111,8161,2004,1088
195943910565,136,4767,171,15222,2005,1088
195943922343,113,3812,57,2148,2005,1089
195943933008,321,4236,67,2459,2006,1089
195943943889,116,4341,56,2060,2007,1089
195943954886,145,2910,59,1832,2007,1090
195943966422,208,2878,96,7224,2008,1090
195943977071,141,4029,70,1633,2009,1090
195943988393,156,3114,45,829,2009,1091
195943999395,138,2704,322,32452,2010,1091
195944010770,156,3444,179,16335,2011,1091
195944022137,168,2723,69,2568,2011,1092
195944032650,174,2677,112,8107,2012,1092
195944043692,145,3849,150,13235,2013,1092
195944054744,115,2655,57,2313,2013,1093
195944066379,112,2721,116,7492,2014,1093
195944101887,184,2678,292,15586,2015,1093
195944116470,165,3959,161,7637,2016,1093
195944127205,150,4313,254,14928,2017,1093
195944138321,116,4035,69,2169,2017,1094
195944149465,149,3905,160,8045,2018,1094
195944160801,117,3788,246,15003,2019,1094
195944171799,175,3317,63,2416,2019,1095
195944183041,168,3535,88,2501,2020,1095
195944194100,257,3489,110,7914,2021,1095
195944204989,25,2974,49,2098,2021,1096
195944216041,121,3364,76,4461,2022,1096
195944227217,142,3718,36,854,2023,1096
195944238468,101,3482,315,805,2023,1097
195944249681,110,2823,27,795,2024,1097
195944260339,122,4355,349,35833,2025,1097
195944271818,22,3472,95,3774,2025,1098
195944282785,124,3668,134,8103,2026,1098
195944294767,507,3585,144,12562,2027,1098
195944305181,33,2952,53,1946,2027,1099
195944316438,159,3237,94,6940,2028,1099
195944327370,356,3846,157,13980,2029,1099
195944338339,25,3065,51,2040,2029,1100
195944349593,147,3500,98,7688,2030,1100
195944360540,149,4058,52,2123,2031,1100
195944371559,122,3545,43,1881,2031,1101
195944382602,117,4475,162,14233,2032,1101
195944394137,319,4567,105,7944,2033,1101
195944404830,139,3083,53,1985,2033,1102
195944416292,116,3190,171,14998,2034,1102
195944427311,212,5103,65,2496,2035,1102
195944438312,27,4088,45,2060,2035,1103
195944449637,222,3352,94,7967,2036,1103
195944460791,261,4743,49,2201,2037,1103
195944471723,20,3086,40,1883,2037,1104
195944482988,155,2954,97,1501,2038,1104
195944495523,1577,3437,68,2728,2039,1104
195944504933,27,2811,50,798,2039,1105
195944515980,201,3581,356,35679,2040,1105
195944527372,169,4217,128,9512,2041,1105
195944538452,34,3532,55,2362,2041,1106
195944549675,126,3714,136,11918,2042,1106
195944560685,132,3868,107,7144,2043,1106
195944571647,29,3471,52,2041,2043,1107
195944582715,131,3883,152,13659,2044,1107
195944593854,207,4796,108,7577,2045,1107
195944605006,21,3627,49,2048,2045,1108
195944616194,128,3474,53,2378,2046,1108
195944627364,124,5126,241,14317,2047,1108
195944638300,21,2866,44,2081,2047,1109
195944649383,178,3120,106,7781,2048,1109
195944660417,168,5233,179,14964,2049,1109
195944671517,20,2794,43,2249,2049,1110
195944683101,227,4151,67,2528,2050,1110
195944694232,125,3431,96,6921,2051,1110
195944705254,19,2790,74,1800,2051,1111
195944716276,125,3394,148,12313,2052,1111
195944727380,491,3960,51,1274,2053,1111
195944738747,23,3187,32,770,2053,1112
195944749674,258,3768,348,31684,2054,1112
195944760688,105,3947,174,16258,2055,1112
195944771742,19,2955,52,2591,2055,1113
195944782859,189,3010,265,8033,2056,1113
195944793994,202,5956,155,13130,2057,1113
195944805010,20,3217,50,1964,2057,1114
195944816075,126,3383,406,7039,2058,1114
195944827304,198,5320,173,15380,2059,1114
195944838351,25,2653,43,2257,2059,1115
195944849331,114,4035,102,7832,2060,1115
195944860556,186,4374,50,2183,2061,1115
195944871632,30,3055,43,1912,2061,1116
195944882758,132,3569,162,14506,2062,1116
195944893789,118,4005,101,7904,2063,1116
195944904995,20,2587,45,1881,2063,1117
195944916112,308,3594,169,15134,2064,1117
195944927116,173,4106,95,2691,2065,1117
195944938253,28,3292,47,2094,2065,1118
195944949450,200,3935,829,7945,2066,1118
195944960808,138,6152,384,71395,2067,1118
195944971935,20,2753,120,11164,2067,1119
195944982707,115,3160,174,16620,2068,1119
195944993953,354,4411,175,15201,2069,1119
195945005080,28,3241,47,2119,2069,1120
195945016201,137,3639,52,2320,2070,1120
195945027370,225,3901,354,36642,2071,1120
195945038467,30,4521,370,72400,2071,1121
195945049558,124,3541,150,13776,2072,1121
195945060472,149,5019,174,16127,2073,1121
195945071540,23,4035,77,5665,2073,1122
195945082689,148,3308,177,17051,2074,1122
195945093745,109,6194,369,72498,2075,1122
195945104827,19,3656,148,13991,2075,1123
195945116066,126,3187,134,12247,2076,1123
195945127254,113,3791,236,18536,2077,1123
195945138424,20,2952,63,4252,2077,1124
195945149660,150,3091,55,2251,2078,1124
195945160537,252,4302,353,34063,2079,1124
195945171501,22,3214,79,4484,2079,1125
195945182670,188,3015,64,3120,2080,1125
195945194159,174,4839,121,8340,2081,1125
195945205281,19,2766,55,2805,2081,1126
195945216378,207,3770,54,3088,2082,1126
195945227231,189,4517,403,12677,2083,1126
195945238208,26,3569,513,2779,2083,1127
195945249464,193,3902,166,14686,2084,1127
195945260628,322,4301,57,2384,2085,1127
195945271700,23,3144,46,1643,2085,1128
195945282721,113,3540,343,36378,2086,1128
195945294048,257,4650,240,17540,2087,1128
195945305125,23,3365,59,3454,2087,1129
195945316003,122,2755,110,9063,2088,1129
195945327689,128,3215,315,16252,2089,1129
195945338220,26,3517,54,3247,2089,1130
195945349304,160,2928,305,8895,2090,1130
195945360834,114,4125,77,3044,2091,1130
195945371750,17,3487,52,2819,2091,1131
195945382811,122,3987,348,15561,2092,1131
195945393954,93,3737,131,8854,2093,1131
195945404975,21,3020,110,2773,2093,1132
195945416234,288,3806,176,15759,2094,1132
195945427315,136,3886,54,2546,2095,1132
195945438571,21,2728,64,1706,2095,1133
195945449610,161,3343,367,36432,2096,1133
195945460759,174,4513,193,18242,2097,1133
195945471590,21,3097,59,3422,2097,1134
195945482882,143,3248,162,9289,2098,1134
195945493923,216,4604,89,5604,2099,1134
195945504972,20,2846,44,1935,2099,1135
195945515998,154,3680,54,1802,2100,1135
195945527476,385,3604,363,36781,2101,1135
195945538134,21,3499,78,4733,2101,1136
195945549647,178,3604,208,16270,2102,1136
195945560674,479,4543,110,8269,2103,1136
195945571806,22,3165,57,2742,2103,1137
195945582927,135,2827,174,16065,2104,1137
195945595460,124,3836,118,8544,2105,1137
195945605520,21,2786,50,2695,2105,1138
195945616375,396,3202,1237,3006,2106,1138
195945627467,143,3592,168,15422,2107,1138
195945638581,21,2994,55,3205,2107,1139
195945649642,227,3027,113,8997,2108,1139
195945660423,284,4529,173,15917,2109,1139
195945671724,17,3045,58,3273,2109,1140
195945682843,322,3680,67,3479,2110,1140
195945694043,267,4457,122,9021,2111,1140
195945705050,26,2862,58,2905,2111,1141
195945716325,248,3313,180,16359,2112,1141
195945727364,256,3824,116,8103,2113,1141
195945738483,21,2952,174,2752,2113,1142
195945749599,193,4153,259,15434,2114,1142
195945760859,295,3393,112,9036,2115,1142
195945771852,24,2767,80,2661,2115,1143
195945782991,127,2908,92,6841,2116,1143
195945794068,164,3639,50,1856,2117,1143
195945805186,22,2705,44,1766,2117,1144
195945816436,470,3190,356,36264,2118,1144
195945827364,286,3792,192,18280,2119,1144
195945838486,20,4138,58,3330,2119,1145
195945849680,140,3482,106,8605,2120,1145
195945860677,189,3651,84,3293,2121,1145
195945871494,19,3611,51,2951,2121,1146
195945882642,211,3467,263,15392,2122,1146
195945893861,152,4679,113,8959,2123,1146
195945904912,25,3987,58,2863,2123,1147
195945915913,154,3937,175,15711,2124,1147
195945927556,146,4235,129,3596,2125,1147
195945938652,26,3927,103,3113,2125,1148
195945949788,125,4814,139,9672,2126,1148
195945960336,130,5271,181,16460,2127,1148
195945971589,26,2862,61,2949,2127,1149
195945982845,128,3552,222,9297,2128,1149
195945993768,126,3988,178,15586,2129,1149
195946005971,162,3364,76,3083,2129,1150
195946016171,131,3641,120,8843,2130,1150
195946027472,112,3668,171,16093,2131,1150
195946038647,118,3129,68,3206,2131,1151
195946049447,431,3881,117,3460,2132,1151
195946060599,111,4151,119,8185,2133,1151
195946071819,138,2683,94,2687,2133,1152
195946082912,136,2720,84,5121,2134,1152
195946093911,124,3613,353,36720,2135,1152
195946105240,149,2678,95,4629,2135,1153
195946116359,144,2689,64,3357,2136,1153
195946127229,126,3538,163,15386,2137,1153
195946138797,105,2655,59,3022,2137,1154
195946189414,188,2752,112,2507,2138,1154
195946203632,483,4245,540,36242,2139,1154
195946215354,126,4207,300,17968,2140,1154
195946226628,154,4724,99,3492,2140,1155
195946237949,27,3770,88,2981,2140,1156
195946248357,145,2840,173,9224,2141,1156
195946259090,116,5186,80,2760,2141,1157
195946270242,200,3543,96,3460,2142,1157
195946281510,124,2807,168,15979,2143,1157
195946292479,25,3259,58,2880,2143,1158
195946303584,133,3382,55,3085,2144,1158
195946315108,125,3745,141,7980,2145,1158
195946326224,23,5493,63,2911,2145,1159
195946337258,145,4120,74,5309,2146,1159
195946348170,135,3641,434,36485,2147,1159
195946359287,106,5118,92,4648,2147,1160
195946370665,135,2752,67,3355,2148,1160
195946381738,147,3918,64,3994,2149,1160
195946392843,362,4692,59,1599,2149,1161
195946404015,20,3200,50,1598,2149,1162
195946415159,379,3200,370,34223,2150,1162
195946425909,214,5212,89,4498,2150,1163
195946437591,201,3474,68,3176,2151,1163
195946448353,188,3150,113,8537,2152,1163
195946459138,202,5237,70,2817,2152,1164
195946470524,182,2922,176,15377,2153,1164
195946481781,239,3424,173,8322,2154,1164
195946492892,171,5616,68,2775,2154,1165
195946504644,20,3233,60,2775,2154,1166
195946514833,424,4141,84,5166,2155,1166
195946526047,133,6451,69,2671,2155,1167
195946537479,15,3133,60,2656,2155,1168
195946548167,257,3578,141,13088,2156,1168
195946559474,268,5940,61,2676,2156,1169
195946570968,318,4202,108,7867,2157,1169
195946581817,177,3763,165,15600,2158,1169
195946593156,315,3434,67,2531,2158,1170
195946603721,22,2784,56,2386,2158,1171
195946614680,772,4545,55,2555,2159,1171
195946627388,236,5237,1167,36878,2160,1171
195946637312,384,3459,69,4624,2160,1172
195946648266,272,3451,112,8883,2161,1172
195946659439,139,5602,59,2958,2161,1173
195946670647,383,3573,158,14352,2162,1173
195946681582,218,3218,70,3448,2163,1173
195946692688,162,5122,59,2828,2163,1174
195946703623,147,3637,112,8722,2164,1174
195946714922,197,4005,163,15467,2165,1174
195946726078,117,5578,67,2866,2165,1175
195946737415,292,3040,109,8537,2166,1175
195946748617,290,3005,56,3095,2167,1175
195946759276,216,5012,58,2745,2167,1176
195946770225,106,2754,59,3423,2168,1176
195946781529,1422,2930,171,15724,2169,1176
195946794222,236,3596,74,3425,2170,1176
195946803799,206,3408,61,2933,2170,1177
195946814718,232,3519,115,8175,2171,1177
195946826656,22,5063,66,2723,2171,1178
195946838171,341,3647,84,5290,2172,1178
195946848042,232,3420,54,1773,2173,1178
195946859654,127,5461,63,1715,2173,1179
195946871196,21,3003,52,1715,2173,1180
195946881932,244,3074,370,36958,2174,1180
195946893142,130,4867,82,4667,2174,1181
195946904126,25,3207,61,3129,2174,1182
195946914810,351,3209,55,3259,2175,1182
195946925870,205,5229,65,2733,2175,1183
195946936949,233,3695,61,2830,2176,1183
195946947950,397,3360,107,8578,2177,1183
195946959515,24,5136,61,2815,2177,1184
195946970352,268,3312,167,14913,2178,1184
195946981521,335,3404,107,8430,2179,1184
195946992560,27,2905,120,2822,2179,1185
195947010458,275,6119,102,5247,2180,1185
195947028181,124,2939,171,15786,2181,1185
195947039290,25,3027,57,3045,2181,1186
195947050615,226,3746,59,3264,2182,1186
195947061495,288,3589,59,2425,2183,1186
195947072689,187,3260,42,1649,2183,1187
195947083865,1211,4508,345,34028,2184,1187
195947095170,225,3154,133,10343,2185,1187
195947105947,105,3395,62,3100,2185,1188
195947117229,129,3103,63,3166,2186,1188
195947128439,145,3135,164,14782,2187,1188
195947139266,21,2878,53,2906,2187,1189
195947150377,117,2779,104,8712,2188,1189
195947161472,396,3672,168,15782,2189,1189
195947172909,20,2886,57,3124,2189,1190
195947183729,114,3139,62,3448,2190,1190
195947194782,543,3476,118,8489,2191,1190
195947205819,21,4106,59,2867,2191,1191
195947217000,151,4140,230,16021,2192,1191
195947228251,333,4475,115,8400,2193,1191
195947239143,121,2969,63,2859,2193,1192
195947250503,143,3645,150,14216,2194,1192
195947261864,350,3158,104,8763,2195,1192
195947272909,20,3498,84,2708,2195,1193
195947283658,203,4653,171,15653,2196,1193
195947294982,358,3661,62,2621,2197,1193
195947306041,21,3078,46,1686,2197,1194
195947317299,313,3231,360,36472,2198,1194
195947328251,145,3746,249,18170,2199,1194
195947339575,245,3264,64,3391,2199,1195
195947350729,359,3342,102,8679,2200,1195
195947361828,185,3654,55,3306,2201,1195
195947372685,102,3210,60,2912,2201,1196
195947384100,366,3709,168,15384,2202,1196
195947395594,125,3393,114,8690,2203,1196
195947406078,21,3367,55,2793,2203,1197
195947417057,147,2772,166,15715,2204,1197
195947428289,188,4072,83,3431,2205,1197
195947439941,135,4095,69,2959,2205,1198
195947450195,158,2688,152,8648,2206,1198
195947461328,236,3943,167,16258,2207,1198
195947472856,18,3927,83,3245,2207,1199
195947483745,98,4152,121,9586,2208,1199
195947495012,107,3838,229,15689,2209,1199
195947506089,166,2723,120,3098,2209,1200
195947517339,214,3116,115,8972,2210,1200
195947543625,273,4551,117,5048,2211,1200
195947560188,139,5577,322,2334,2212,1200
195947570895,19,3869,100,1606,2212,1201
195947582339,133,3682,685,34056,2213,1201
195947593430,104,4378,156,9332,2214,1201
195947604644,19,3169,50,2409,2214,1202
195947615276,1014,3512,233,23384,2215,1202
195947626872,131,5043,170,14685,2216,1202
195947638492,20,4745,62,2632,2216,1203
195947648896,276,3710,109,8387,2217,1203
195947660043,225,4221,177,15559,2218,1203
195947671388,20,3286,51,2562,2218,1204
195947681990,194,3036,70,2914,2219,1204
195947693195,25,4630,58,2520,2219,1205
195947704190,127,4427,105,8323,2220,1205
195947715919,881,3017,54,2219,2221,1205
195947726485,23,4887,56,1556,2221,1206
195947737348,327,3805,85,5107,2222,1206
195947750105,178,2954,369,36499,2223,1206
195947760256,241,4109,182,17153,2224,1206
195947770942,200,3271,61,3308,2224,1207
195947782019,319,4229,107,8643,2225,1207
195947792970,174,4743,66,2678,2225,1208
195947804152,20,3222,60,2653,2225,1209
195947815359,117,3736,77,5427,2226,1209
195947826645,171,4407,183,16132,2227,1209
195947838840,140,4091,67,2978,2227,1210
195947850596,120,3398,115,8691,2228,1210
195947859924,252,4986,64,2999,2229,1210
195947870907,108,3276,60,2638,2229,1211
195947882409,138,3243,154,14585,2230,1211
195947893481,172,5641,60,2357,2231,1211
195947906849,97,2925,59,1597,2231,1212
195947917503,111,3539,53,1598,2232,1212
195947927036,896,4760,362,35049,2233,1212
195947938751,959,3143,78,4548,2233,1213
195947948998,346,4149,126,9141,2234,1213
195947960095,197,6607,484,15724,2235,1213
195947971002,192,3354,62,2867,2235,1214
195947982008,118,2912,112,8425,2236,1214
195947993074,213,4719,57,2729,2236,1215
195948004286,21,3609,61,2729,2236,1216
195948015531,120,3185,159,14067,2237,1216
195948027005,225,4351,63,2961,2238,1216
195948037748,21,3047,53,2768,2238,1217
195948048937,235,3366,59,2927,2239,1217
195948059873,176,5319,92,2743,2239,1218
195948071007,18,2866,50,2740,2239,1219
195948082278,160,3583,56,2859,2240,1219
195948093413,297,5134,109,8416,2241,1219
195948104465,20,4396,51,2443,2241,1220
195948115736,295,3982,154,13338,2242,1220
195948127024,167,4811,100,3828,2243,1220
195948138333,156,4200,60,1647,2243,1221
195948149540,120,3148,428,36779,2244,1221
195948160412,439,3619,193,17745,2245,1221
195948171860,111,3037,67,3382,2245,1222
195948183613,160,3287,66,3211,2246,1222
195948193471,182,4864,130,8667,2247,1222
195948205688,214,3047,67,2701,2247,1223
195948215421,131,3542,268,15885,2248,1223
195948226475,281,4555,71,3020,2248,1224
195948238607,41,3038,62,2812,2248,1225
195948248463,361,3819,124,9389,2249,1225
195948259785,221,4956,326,2613,2249,1226
195948271309,23,2984,57,2614,2249,1227
195948282215,170,3127,55,3352,2250,1227
195948293414,180,4973,154,13782,2251,1227
195948304522,160,3603,59,2648,2251,1228
195948316481,137,3143,160,7820,2252,1228
195948326409,311,5744,1040,2783,2252,1229
195948338754,17,3315,58,2781,2252,1230
195948349200,274,2871,64,2919,2253,1230
195948359971,242,4703,95,5830,2254,1230
195948371215,153,3497,102,1708,2254,1231
195948382272,110,3775,1924,37055,2255,1231
195948393157,132,4951,94,4629,2255,1232
195948404083,20,3023,53,3035,2255,1233
195948415645,2246,4127,54,3122,2256,1233
195948426722,153,3999,71,2735,2257,1233
195948437608,29,2860,73,2565,2257,1234
195948448586,140,2675,115,9068,2258,1234
195948459721,25,4332,59,2685,2258,1235
195948471348,124,2746,170,15032,2259,1235
195948481888,175,2685,127,8524,2260,1235
195948493172,120,4188,62,2826,2260,1236
195948504557,155,2660,155,14352,2261,1236
195948515324,110,2695,105,8572,2262,1236
195948526304,21,4387,58,2735,2262,1237
195948537663,131,2724,288,15469,2263,1237
195948574699,182,2736,101,3369,2264,1237
195948588894,182,2765,102,2974,2265,1237
195948599998,149,4111,154,8432,2266,1237
195948611087,109,4153,91,2913,2267,1237
195948622368,106,4358,79,2651,2267,1238
195948633472,143,4197,248,15185,2268,1238
195948644679,138,3076,172,9010,2269,1238
195948655517,29,3181,65,2715,2269,1239
195948666660,788,4858,168,15884,2270,1239
195948677692,222,5219,70,2424,2271,1239
195948688810,24,3150,43,1542,2271,1240
195948700381,208,4497,343,36259,2272,1240
195948710961,421,3839,188,18013,2273,1240
195948722582,20,3593,59,3301,2273,1241
195948733475,253,4103,120,8590,2274,1241
195948744495,246,4014,68,3219,2275,1241
195948755575,26,4312,223,2798,2275,1242
195948766676,308,4073,74,3502,2276,1242
195948777874,340,3866,169,15966,2277,1242
195948789417,21,3137,54,2893,2277,1243
195948800830,194,3414,54,3139,2278,1243
195948811469,252,4044,102,7837,2279,1243
195948822604,21,3378,78,2612,2279,1244
195948833666,305,3886,167,15948,2280,1244
195948844940,236,4281,97,7901,2281,1244
195948856088,23,3425,46,1638,2281,1245
195948867068,192,3188,74,5124,2282,1245
195948877801,227,4142,362,36520,2283,1245
195948888817,20,3556,70,4600,2283,1246
195948899947,140,3896,110,8818,2284,1246
195948911054,287,3716,160,14646,2285,1246
195948922415,24,2970,54,2989,2285,1247
195948933507,324,4157,71,3116,2286,1247
195948944452,250,3202,106,8546,2287,1247
195948955643,21,3697,54,2714,2287,1248
195948966893,382,4383,1529,15246,2288,1248
195948977950,190,3169,197,8441,2289,1248
195948989205,50,3378,56,2807,2289,1249
195949000337,155,3662,157,14313,2290,1249
195949011310,168,3014,106,8639,2291,1249
195949022360,20,3169,55,2637,2291,1250
195949033364,174,4534,168,15406,2292,1250
195949044734,119,5290,59,3136,2293,1250
195949055425,20,2913,52,2696,2293,1251
195949066665,253,3209,94,8020,2294,1251
195949078128,133,3096,89,6130,2295,1251
195949089143,18,2874,41,1710,2295,1252
195949101340,227,3169,50,1645,2296,1252
195949111610,215,2999,338,36540,2297,1252
195949122566,19,3206,96,4618,2297,1253
195949133570,111,3836,170,15771,2298,1253
195949144519,136,3383,109,8860,2299,1253
195949155873,26,3268,60,2693,2299,1254
195949167050,218,3496,167,15868,2300,1254
195949177736,178,3590,66,3328,2301,1254
195949188839,46,2842,118,2805,2301,1255
195949199921,146,3470,117,8766,2302,1255
195949211480,444,3329,178,16147,2303,1255
195949222121,22,3290,57,2906,2303,1256
195949233537,336,4450,114,8585,2304,1256
195949244624,180,3117,163,14971,2305,1256
195949255715,21,3566,56,2933,2305,1257
195949266876,216,3327,107,8863,2306,1257
195949278026,114,2842,234,15677,2307,1257
195949288804,20,3563,51,3092,2307,1258
195949300027,118,3335,85,3338,2308,1258
195949311198,140,3486,102,8093,2309,1258
195949322186,20,3329,53,2707,2309,1259
195949333354,160,3827,175,16340,2310,1259
195949344570,124,3450,48,2094,2311,1259
195949355544,25,3505,51,1522,2311,1260
195949366727,175,3639,48,1524,2312,1260
195949378035,254,3400,393,36599,2313,1260
195949389152,25,2746,67,4546,2313,1261
195949400147,134,2997,109,8771,2314,1261
195949411203,120,3026,158,14602,2315,1261
195949422234,23,3084,58,3008,2315,1262
195949433477,263,3365,135,3225,2316,1262
195949444756,321,3297,118,8976,2317,1262
195949455605,26,3491,83,2662,2317,1263
195949466949,130,3755,223,15359,2318,1263
195949477972,144,3830,116,8441,2319,1263
195949489210,34,3561,61,2613,2319,1264
195949500309,130,3273,153,14364,2320,1264
195949511337,184,3027,117,8581,2321,1264
195949522466,33,2834,70,2693,2321,1265
195949533472,220,2831,331,15275,2322,1265
195949544912,813,2912,76,3493,2323,1265
195949555908,26,2690,59,2760,2323,1266
195949566647,293,3373,104,8128,2324,1266
195949578159,233,3083,93,6200,2325,1266
195949589159,22,2949,40,1635,2325,1267
195949600430,361,2962,49,1578,2326,1267
195949611869,226,3470,52,1655,2327,1267
195949622649,25,2926,46,1545,2327,1268
195949633228,385,3466,341,36475,2328,1268
195949644381,164,3916,151,10358,2329,1268
195949655456,29,2833,62,3158,2329,1269
195949667044,383,3668,159,14502,2330,1269
195949678318,244,3422,69,3274,2331,1269
195949688933,29,3418,56,2578,2331,1270
195949700084,304,3085,111,8604,2332,1270
195949711493,198,3313,167,15129,2333,1270
195949722266,21,2979,55,2790,2333,1271
195949733556,146,3163,113,8550,2334,1271
195949744536,222,3841,69,3020,2335,1271
195949755555,25,2879,57,2593,2335,1272
195949766705,201,3989,64,3266,2336,1272
195949777992,188,2993,170,15705,2337,1272
195949789056,23,3284,56,2808,2337,1273
195949800099,454,2848,58,3065,2338,1273
195949811135,135,2993,212,7832,2339,1273
195949822383,24,2557,85,2463,2339,1274
195949833418,134,4180,168,15716,2340,1274
195949844449,100,4119,103,8193,2341,1274
195949855657,21,3189,43,2111,2341,1275
195949866810,111,3644,76,5660,2342,1275
195949877789,196,3746,80,1616,2343,1275
195949889218,20,3317,41,1410,2343,1276
195949899993,195,3105,368,36345,2344,1276
195949911129,337,3598,187,17575,2345,1276
195949922148,26,3220,69,3089,2345,1277
195949933330,250,3302,122,2980,2346,1277
195949944445,126,3274,188,8250,2347,1277
195949955503,26,2987,59,2356,2347,1278
195949967129,198,2844,180,15520,2348,1278
195949978137,155,3020,140,8166,2349,1278
195949989216,25,3303,55,2450,2349,1279
195950000246,269,3667,62,2816,2350,1279
195950011412,608,3961,937,3021,2351,1279
195950022322,21,3549,50,2399,2351,1280
195950033574,175,3359,167,15457,2352,1280
195950044707,173,3211,62,2924,2353,1280
195950055556,20,3876,54,2513,2353,1281
195950066694,222,3485,100,7626,2354,1281
195950077801,178,3511,170,15798,2355,1281
195950088973,21,3197,54,2614,2355,1282
195950100107,388,3333,104,8320,2356,1282
195950111453,278,3561,160,2598,2357,1282
195950122490,27,2756,43,1867,2357,1283
195950133522,245,3719,99,6144,2358,1283
195950144411,458,3318,386,36373,2359,1283
195950155639,71,3657,68,4317,2359,1284
195950166633,208,3529,171,15692,2360,1284
195950178105,399,3235,69,3082,2361,1284
195950189179,24,3368,57,2485,2361,1285
195950200178,130,4646,106,8045,2362,1285
195950211153,1101,3438,165,15635,2363,1285
195950222175,22,3221,56,2659,2363,1286
195950233307,192,3406,123,8998,2364,1286
195950244433,202,4030,168,14949,2365,1286
195950256021,20,3368,55,2619,2365,1287
195950266607,135,3135,108,8328,2366,1287
195950278143,303,3128,229,15591,2367,1287
195950288969,33,3222,52,2595,2367,1288
195950299924,179,3377,54,2751,2368,1288
195950311512,225,3628,45,1689,2369,1288
195950322350,24,2800,40,1257,2369,1289
195950333411,201,2986,316,33381,2370,1289
195950344489,107,2950,134,9956,2371,1289
195950355516,20,3362,64,2731,2371,1290
195950366633,280,3562,61,2873,2372,1290
195950377781,230,3294,177,14381,2373,1290
195950388930,23,2959,52,2538,2373,1291
195950400263,121,3280,110,8690,2374,1291
195950411101,241,3200,173,15436,2375,1291
195950422168,27,4208,61,2734,2375,1292
195950433721,135,3418,63,3094,2376,1292
195950444341,226,4244,119,8420,2377,1292
195950455547,22,3521,50,2358,2377,1293
195950466573,122,3827,202,15797,2378,1293
195950477704,121,3590,103,8142,2379,1293
195950489238,20,3061,52,2416,2379,1294
195950500101,143,2914,155,13840,2380,1294
195950511128,220,3086,111,8579,2381,1294
195950522257,20,3484,44,2254,2381,1295
195950533310,127,4367,165,15232,2382,1295
195950544413,418,3231,109,3042,2383,1295
195950555644,20,3182,49,2373,2383,1296
195950566676,557,3220,50,1931,2384,1296
195950577761,247,4146,384,33594,2385,1296
195950589298,21,2944,67,4011,2385,1297
195950599977,292,3898,321,8495,2386,1297
195950611005,264,3672,73,2750,2387,1297
195950622219,21,3788,50,2378,2387,1298
195950633290,152,3438,151,14137,2388,1298
195950644353,204,3197,118,8171,2389,1298
195950655665,29,3485,56,2195,2389,1299
195950666701,238,3126,169,15162,2390,1299
195950677970,512,3567,69,2829,2391,1299
195950688977,30,2853,64,2428,2391,1300
195950700170,138,3360,111,8441,2392,1300
195950712526,613,3470,195,15866,2393,1300
195950722373,20,2927,47,2552,2393,1301
195950733722,121,3819,99,8009,2394,1301
195950744775,211,3795,340,33667,2395,1301
195950755736,20,3468,90,3012,2395,1302
195950766793,307,3171,109,8203,2396,1302
195950777834,230,3004,162,15054,2397,1302
195950788923,22,2766,53,2592,2397,1303
195950799881,160,3246,55,3195,2398,1303
195950811450,290,3056,48,1948,2399,1303
195950822742,21,2795,34,1119,2399,1304
195950833669,430,3292,556,1117,2400,1304
195950844447,374,3821,435,36141,2401,1304
195950855546,34,3096,78,4123,2401,1305
195950866661,161,2713,71,2812,2402,1305
195950877713,135,3085,172,14825,2403,1305
195950889240,27,2534,63,2478,2403,1306
195950900305,139,2694,113,8105,2404,1306
195950911492,159,2685,182,15512,2405,1306
195950922154,24,2516,61,2675,2405,1307
195950933768,167,2692,75,2968,2406,1307
195950944952,142,2658,184,9245,2407,1307
195950979367,315,2957,132,5597,2408,1307
195950994041,213,3628,613,36339,2409,1307
195951005198,29,3651,283,4188,2409,1308
195951016276,173,3956,259,15298,2410,1308
195951027452,158,4416,155,8339,2411,1308
195951038578,20,3626,68,2386,2411,1309
195951049889,188,2812,240,12782,2412,1309
195951060516,189,4954,110,7662,2413,1309
195951071597,21,3373,63,2330,2413,1310
195951082740,223,3323,174,15505,2414,1310
195951094012,311,4401,118,8217,2415,1310
195951105160,28,3019,53,2308,2415,1311
195951116243,134,3482,62,2608,2416,1311
195951127353,1180,3760,288,15154,2417,1311
195951138607,24,3366,52,2519,2417,1312
195951149627,340,3628,109,8450,2418,1312
195951160758,114,3825,198,4535,2419,1312
195951171842,21,3206,40,1336,2419,1313
195951182954,386,4117,349,35038,2420,1313
195951194087,171,3723,805,1732,2421,1313
195951205124,20,3006,33,1134,2421,1314
195951216377,157,3654,44,1127,2422,1314
195951227428,352,4111,377,35974,2423,1314
195951238516,22,3858,65,4088,2423,1315
195951249654,126,3072,77,2826,2424,1315
195951260695,155,3593,165,14889,2425,1315
195951271711,24,2534,52,2559,2425,1316
195951282765,136,4211,106,8142,2426,1316
195951294206,1790,3570,194,13392,2427,1316
195951305250,22,2689,50,2470,2427,1317
195951316266,124,3721,103,7541,2428,1317
195951327663,295,3156,191,15830,2429,1317
195951338487,26,4135,62,2985,2429,1318
195951349760,136,4850,108,8732,2430,1318
195951360767,186,3852,56,2521,2431,1318
195951372104,24,2842,51,2316,2431,1319
195951382761,1597,3833,169,15036,2432,1319
195951393997,211,3725,105,8460,2433,1319
195951404957,20,2749,49,2304,2433,1320
195951416019,159,2953,163,15572,2434,1320
195951427413,185,3268,59,3050,2435,1320
195951438493,26,2718,55,2525,2435,1321
195951449544,130,3804,46,1833,2436,1321
195951460667,164,3699,96,1510,2437,1321
195951471779,21,3165,30,1095,2437,1322
195951483083,114,3778,392,36150,2438,1322
195951494147,252,4310,84,4361,2439,1322
195951505149,20,3073,53,2575,2439,1323
195951516186,115,2664,257,14795,2440,1323
195951527242,121,4639,109,8074,2441,1323
195951538392,18,2632,48,2365,2441,1324
195951549476,120,3175,135,12603,2442,1324
195951560553,112,3807,100,7466,2443,1324
195951571827,25,3018,43,2220,2443,1325
195951582866,121,3183,176,15481,2444,1325
195951594002,130,4209,102,8140,2445,1325
195951605246,21,3991,59,2466,2445,1326
195951616265,122,3707,54,2709,2446,1326
195951627369,156,3630,246,24772,2447,1326
195951638699,27,3080,52,3354,2447,1327
195951649777,210,3461,104,8576,2448,1327
195951661019,122,3026,170,15586,2449,1327
195951671654,20,3236,54,2898,2449,1328
195951682835,163,3030,62,2258,2450,1328
195951694255,113,3414,49,1214,2451,1328
195951705078,21,2878,39,1205,2451,1329
195951716146,147,4154,42,1204,2452,1329
195951727504,167,3439,374,36472,2453,1329
195951738753,46,2566,65,4255,2453,1330
195951749744,423,2969,56,2892,2454,1330
195951760787,751,3486,162,14921,2455,1330
195951771813,20,3546,50,2359,2455,1331
195951783089,242,3049,55,2642,2456,1331
195951794243,383,5207,74,2515,2457,1331
195951805147,27,3028,52,2327,2457,1332
195951816080,296,3307,94,7309,2458,1332
195951827248,318,3494,193,15492,2459,1332
195951838442,20,4009,52,2570,2459,1333
195951849752,267,3503,103,8183,2460,1333
195951860755,237,3296,53,2346,2461,1333
195951871746,22,2809,43,2143,2461,1334
195951883009,147,4435,87,5546,2462,1334
195951894355,159,4467,355,36266,2463,1334
195951904882,20,2783,61,4185,2463,1335
195951916462,139,3512,207,15517,2464,1335
195951927550,243,3750,69,2819,2465,1335
195951939081,163,3232,57,2300,2465,1336
195951949978,591,3018,101,8078,2466,1336
195951960850,142,3032,175,15534,2467,1336
195951971582,260,3208,52,2634,2467,1337
195951983046,132,4858,107,8452,2468,1337
195951994174,120,4329,61,2532,2469,1337
195952005897,103,3863,77,2236,2469,1338
195952016211,118,3980,54,2913,2470,1338
195952027571,259,3205,173,15419,2471,1338
195952042600,271,4786,62,2594,2471,1339
195952050250,17,2903,59,2556,2471,1340
195952061373,149,3465,110,8659,2472,1340
195952073462,402,3487,98,2182,2472,1341
195952083488,392,3784,203,15648,2473,1341
195952095919,162,4268,114,8278,2474,1341
195952108540,189,3108,64,2305,2474,1342
195952119177,165,3517,67,2654,2475,1342
195952128403,128,3012,171,15001,2476,1342
195952138442,116,3406,62,2478,2476,1343
195952149465,121,3412,902,8396,2477,1343
195952160960,110,2958,177,15500,2478,1343
195952172858,131,2703,66,2654,2478,1344
195952183086,2036,3394,66,2882,2479,1344
195952195030,287,3461,112,8416,2480,1344
195952205044,20,3334,51,2385,2480,1345
195952216026,108,5054,167,15771,2481,1345
195952227667,322,3000,50,1847,2482,1345
195952238646,20,3156,42,1144,2482,1346
195952249741,124,4585,353,36308,2483,1346
195952260895,432,3588,47,1821,2484,1346
195952271989,20,2569,37,1064,2484,1347
195952283046,126,3409,38,1065,2485,1347
195952294268,414,4598,355,33901,2486,1347
195952305312,24,2938,93,3950,2486,1348
195952316618,405,3245,117,8620,2487,1348
195952327687,167,4309,180,15337,2488,1348
195952339330,302,3577,74,2508,2488,1349
195952349529,131,3740,159,7998,2489,1349
195952360722,207,3687,63,2406,2490,1349
195952371595,26,2987,381,1741,2490,1350
195952383172,237,3229,92,5915,2491,1350
195952395252,579,3652,379,36297,2492,1350
195952406191,202,4046,84,4137,2492,1351
195952416837,148,2971,194,15537,2493,1351
195952427446,253,3596,70,2874,2494,1351
195952438301,126,3329,62,2316,2494,1352
195952449837,213,3116,106,7934,2495,1352
195952461238,177,3961,176,15456,2496,1352
195952471933,100,2947,61,2541,2496,1353
195952483277,166,3615,104,8226,2497,1353
195952494253,203,3698,91,5217,2498,1353
195952505262,135,4071,71,1282,2498,1354
195952516378,134,2797,355,36684,2499,1354
195952527311,297,3969,121,10146,2500,1354
195952541805,389,5274,69,2620,2500,1355
195952550120,108,3416,164,14161,2501,1355
195952561158,130,3493,109,7716,2502,1355
195952572019,124,2939,57,2308,2502,1356
195952583214,476,3938,170,14935,2503,1356
195952594378,265,3241,107,7944,2504,1356
195952605436,215,3796,59,2361,2504,1357
195952616455,203,4817,66,2700,2505,1357
195952627592,379,4281,167,14830,2506,1357
195952643358,157,4590,163,8563,2507,1357
195952649899,21,2967,49,2375,2507,1358
195952660976,125,3984,171,15405,2508,1358
195952672078,31,3051,59,2736,2508,1359
195952682906,153,3656,56,3095,2509,1359
195952693967,140,3633,65,1868,2510,1359
195952705027,26,2806,36,1116,2510,1360
195952716068,200,3187,348,33404,2511,1360
195952727156,184,3749,124,10195,2512,1360
195952738743,21,3289,55,2718,2512,1361
195952749695,138,3456,164,14525,2513,1361
195952760740,415,3239,108,7472,2514,1361
195952771847,26,3358,51,1254,2514,1362
195952782893,132,2968,88,6315,2515,1362
195952794041,482,3062,336,34291,2516,1362
195952805080,26,3728,80,3980,2516,1363
195952816220,151,4203,132,8828,2517,1363
195952827439,392,4788,187,15406,2518,1363
195952838484,64,3875,67,2649,2518,1364
195952849832,249,3454,122,8169,2519,1364
195952860568,460,3406,71,2565,2520,1364
195952871614,298,3668,93,2294,2520,1365
195952882976,132,3300,167,14822,2521,1365
195952894046,270,4454,107,8411,2522,1365
195952905154,118,3757,59,2375,2522,1366
195952916776,121,3280,174,15298,2523,1366
195952927532,130,3877,68,2974,2524,1366
195952938780,149,3081,58,2347,2524,1367
195952949741,345,2856,105,7609,2525,1367
195952960677,199,3901,174,16586,2526,1367
195952971745,271,3434,62,2620,2526,1368
195952983179,147,4317,125,8931,2527,1368
195952994078,173,3679,175,15135,2528,1368
195953005428,116,2616,60,2634,2528,1369
195953016144,148,3253,107,8431,2529,1369
195953027703,427,4779,74,4656,2530,1369
195953038701,219,4210,74,1306,2530,1370
195953049524,289,3491,341,34402,2531,1370
195953060577,165,4190,137,10183,2532,1370
195953071576,164,4014,63,2553,2532,1371
195953082843,269,4126,163,15384,2533,1371
195953094084,133,3407,104,7986,2534,1371
195953105003,19,2763,48,2334,2534,1372
195953116012,251,3089,63,2680,2535,1372
195953127736,316,3113,159,14793,2536,1372
195953138835,140,3416,53,2341,2536,1373
195953149653,176,3556,114,8132,2537,1373
195953160581,170,3929,172,15222,2538,1373
195953172071,479,3609,68,2724,2538,1374
195953182860,208,4169,65,2936,2539,1374
195953193767,263,5501,124,7710,2540,1374
195953205593,299,3741,71,2263,2540,1375
195953216200,192,3320,60,2120,2541,1375
195953227436,306,3693,87,5280,2542,1375
195953238320,29,4121,53,1227,2542,1376
195953249363,382,3326,49,1153,2543,1376
195953260594,159,4498,358,36653,2544,1376
195953272054,23,2725,73,4177,2544,1377
195953282763,138,2663,113,8541,2545,1377
195953293780,149,4697,158,14512,2546,1377
195953305193,24,3774,63,2553,2546,1378
195953316577,139,2664,112,8462,2547,1378
195953327423,145,4203,164,15008,2548,1378
195953338412,25,3521,54,2480,2548,1379
195953349632,130,3899,103,8112,2549,1379
195953360944,121,4086,61,2624,2550,1379
195953371862,25,3519,58,2310,2550,1380
195953382928,155,3824,608,14752,2551,1380
195953394035,179,4096,117,8269,2552,1380
195953405179,38,2660,84,2298,2552,1381
195953416397,148,3315,176,15367,2553,1381
195953427642,291,3624,224,2064,2554,1381
195953438627,26,2912,62,1226,2554,1382
195953449649,184,3614,404,36155,2555,1382
195953460765,302,3183,65,3168,2556,1382
195953471911,24,3262,49,1110,2556,1383
195953482899,194,2960,81,5328,2557,1383
195953494258,164,3331,49,1223,2558,1383
195953505035,23,2907,40,1197,2558,1384
195953516248,228,3156,542,36195,2559,1384
195953527284,200,4618,173,10018,2560,1384
195953538577,50,2829,77,2621,2560,1385
195953549765,130,2667,235,14140,2561,1385
195953560890,143,2920,115,7654,2562,1385
195953571856,31,2577,55,2327,2562,1386
195953618033,585,3065,86,4913,2563,1386
195953632943,187,4339,659,36335,2564,1386
195953644078,161,3755,141,7282,2565,1386
195953655160,26,3470,57,1256,2565,1387
195953666366,149,3865,147,6247,2566,1387
195953677511,158,3330,85,1475,2567,1387
195953688703,28,3030,72,1367,2567,1388
195953699905,295,3208,358,35813,2568,1388
195953710993,228,3775,202,17922,2569,1388
195953721954,24,3024,59,2930,2569,1389
195953733029,384,3655,105,8197,2570,1389
195953744349,196,3351,55,2574,2571,1389
195953755465,48,4074,50,2247,2571,1390
195953766724,254,3338,157,14807,2572,1390
195953777650,392,3515,60,2787,2573,1390
195953788744,24,3030,49,2334,2573,1391
195953799877,253,3041,59,2514,2574,1391
195953810844,383,3893,95,7538,2575,1391
195953821767,424,3035,60,2240,2575,1392
195953833343,280,3673,272,15559,2576,1392
195953844582,557,3228,116,8208,2577,1392
195953855493,294,3856,172,2290,2577,1393
195953866314,152,3432,64,2624,2578,1393
195953877774,131,3494,158,14869,2579,1393
195953888859,201,2611,55,2042,2579,1394
195953899850,126,3000,53,2491,2580,1394
195953911541,296,3329,61,1238,2581,1394
195953923323,96,2808,72,1230,2581,1395
195953933282,274,3096,398,34342,2582,1395
195953944315,190,3358,63,1727,2583,1395
195953955307,202,4230,77,1143,2583,1396
195953966285,169,3403,315,33288,2584,1396
195953977384,143,3517,123,9914,2585,1396
195953988630,24,2844,52,2510,2585,1397
195953999539,176,4043,55,2568,2586,1397
195954011040,192,3374,158,14337,2587,1397
195954022024,20,2993,50,2432,2587,1398
195954033137,284,3946,63,2746,2588,1398
195954044530,240,3366,60,2644,2589,1398
195954055444,123,3938,51,2314,2589,1399
195954066864,177,3385,97,7533,2590,1399
195954077761,171,3514,171,15586,2591,1399
195954088850,29,3660,62,2725,2591,1400
195954099846,150,3038,120,8511,2592,1400
195954110912,123,3078,62,2368,2593,1400
195954121909,88,2889,47,2101,2593,1401
195954133342,121,3386,158,14812,2594,1401
195954144379,113,2772,104,7976,2595,1401
195954155445,113,2753,45,1851,2595,1402
195954166347,498,3051,86,6819,2596,1402
195954177527,344,3345,45,1354,2597,1402
195954188482,128,2644,46,1224,2597,1403
195954199633,157,2747,352,35628,2598,1403
195954210764,137,3000,192,18219,2599,1403
195954222294,152,2665,82,2853,2599,1404
195954233404,130,2676,103,8218,2600,1404
195954244641,106,2690,54,2871,2601,1404
195954286270,231,2934,79,3762,2602,1404
195954302380,202,2826,53,1186,2603,1404
195954312066,202,2869,382,35698,2604,1404
195954323177,24,2553,90,4153,2604,1405
195954334328,127,2678,171,16129,2605,1405
195954345727,187,3161,147,8063,2606,1405
195954356602,22,2795,77,2291,2606,1406
195954367896,180,3914,70,2581,2607,1406
195954378462,116,3819,214,14940,2608,1406
195954389969,25,3547,55,2709,2608,1407
195954401027,122,3805,107,8572,2609,1407
195954412295,286,2946,175,15534,2610,1407
195954423237,28,4007,115,2737,2610,1408
195954434401,126,2672,52,2285,2611,1408
195954445473,136,3492,62,1597,2612,1408
195954456620,23,3055,81,1159,2612,1409
195954467368,292,3210,596,33298,2613,1409
195954478802,122,3471,115,9926,2614,1409
195954489836,22,3224,61,2588,2614,1410
195954500978,115,3406,64,2651,2615,1410
195954512261,210,3382,1292,14347,2616,1410
195954523502,292,3118,64,2444,2616,1411
195954534217,111,3247,99,8238,2617,1411
195954545253,162,4374,337,13412,2618,1411
195954556258,33,2818,95,2341,2618,1412
195954567845,209,3546,112,7442,2619,1412
195954578922,155,3520,185,15807,2620,1412
195954589628,26,3364,59,2569,2620,1413
195954601052,172,3490,193,8344,2621,1413
195954612080,218,3882,63,2463,2622,1413
195954623225,22,2745,49,2202,2622,1414
195954634433,2285,2937,173,14934,2623,1414
195954646725,132,3158,53,2185,2624,1414
195954656188,154,3529,62,1176,2624,1415
195954667485,208,3401,265,23719,2625,1415
195954678714,137,3459,46,2067,2626,1415
195954689830,23,3265,44,1137,2626,1416
195954700721,241,3494,381,35607,2627,1416
195954711808,190,3392,197,18149,2628,1416
195954722919,132,3416,69,2972,2628,1417
195954734517,180,3617,102,8105,2629,1417
195954745600,3244,3617,63,2713,2630,1417
195954757849,240,3069,63,2362,2630,1418
195954767638,236,3772,648,14864,2631,1418
195954779127,602,3134,72,2911,2632,1418
195954790186,225,3702,58,2393,2632,1419
195954800649,287,3533,60,2599,2633,1419
195954812106,125,2999,98,7618,2634,1419
195954823014,22,2891,47,2285,2634,1420
195954834065,122,2901,182,15534,2635,1420
195954845528,184,2710,173,8310,2636,1420
195954856556,22,2754,49,2177,2636,1421
195954867545,198,3502,59,2434,2637,1421
195954879128,223,3348,176,14357,2638,1421
195954889796,142,3496,83,1629,2638,1422
195954901046,138,3483,446,38348,2639,1422
195954912241,127,3523,222,17465,2640,1422
195954923135,559,7480,71,2937,2640,1423
195954934377,141,3778,53,2235,2641,1423
195954945633,117,3191,394,35660,2642,1423
195954957407,396,3357,70,4288,2642,1424
195954967612,139,3232,176,16771,2643,1424
195954979171,174,3642,106,8032,2644,1424
195954989771,200,3693,59,2437,2644,1425
195955000816,126,3463,56,2885,2645,1425
195955012006,122,3672,163,15024,2646,1425
195955023096,19,3005,67,2489,2646,1426
195955034213,132,4675,184,2772,2647,1426
195955045424,133,3309,65,2641,2648,1426
195955056535,25,3729,62,2385,2648,1427
195955067714,568,3152,97,7529,2649,1427
195955078955,538,3155,169,15666,2650,1427
195955089574,129,3486,72,2866,2650,1428
195955100775,232,3726,128,8294,2651,1428
195955112163,109,3486,223,22308,2652,1428
195955122883,104,3460,93,2167,2652,1429
195955134480,2508,3715,231,14918,2653,1429
195955145564,159,3193,163,8205,2654,1429
195955156504,117,3156,49,1663,2654,1430
195955167317,117,3413,145,13371,2655,1430
195955178868,144,4081,45,1670,2656,1430
195955189631,26,3155,52,1222,2656,1431
195955200813,578,3165,384,35862,2657,1431
195955211849,211,3555,191,18127,2658,1431
195955223076,36,3067,61,2903,2658,1432
195955234190,678,3836,108,8245,2659,1432
195955245270,207,3227,55,2706,2660,1432
195955256326,21,3448,70,2371,2660,1433
195955267771,113,3372,2352,14949,2661,1433
195955278554,221,3651,58,2815,2662,1433
195955289748,25,2995,52,2355,2662,1434
195955300756,127,3248,56,2556,2663,1434
195955312228,214,3419,100,7476,2664,1434
195955323188,324,4152,55,2348,2664,1435
195955334117,137,3909,172,15421,2665,1435
195955345499,122,3369,111,8242,2666,1435
195955356582,114,4092,60,2226,2666,1436
195955367661,3238,3730,71,2497,2667,1436
195955381143,356,3531,193,15110,2668,1436
195955390375,150,3448,67,2663,2668,1437
195955401007,195,3358,72,1921,2669,1437
195955412488,243,3623,43,1150,2670,1437
195955423799,875,2971,59,1146,2670,1438
195955434179,155,3520,381,34307,2671,1438
195955445133,214,3519,135,9365,2672,1438
195955456190,413,2990,64,2782,2672,1439
195955467368,112,3171,181,15845,2673,1439
195955478873,127,2835,99,7816,2674,1439
195955489978,180,2774,54,2438,2674,1440
195955500873,107,2829,52,2806,2675,1440
195955512064,111,3254,165,14732,2676,1440
195955522999,360,3744,58,2605,2676,1441
195955534463,269,3564,60,2841,2677,1441
195955545273,134,3394,61,2631,2678,1441
195955556418,23,3765,336,2373,2678,1442
195955567751,127,3922,94,7555,2679,1442
195955578881,113,3321,171,15572,2680,1442
195955589890,134,3178,55,2717,2680,1443
195955600817,209,2840,134,8446,2681,1443
195955612203,116,3479,74,2500,2682,1443
195955623305,111,3065,71,2272,2682,1444
195955634266,208,3316,160,15006,2683,1444
195955645503,436,3331,106,8558,2684,1444
195955656804,138,3037,57,2224,2684,1445
195955668101,132,3247,87,6410,2685,1445
195955678736,534,3318,339,34874,2686,1445
195955689806,259,3426,248,4217,2686,1446
195955700787,160,3008,109,8017,2687,1446
195955712000,120,2868,195,15872,2688,1446
195955723052,112,3567,56,2624,2688,1447
195955734289,283,3616,104,8231,2689,1447
195955745152,338,4817,72,2613,2690,1447
195955756192,431,3861,88,2370,2690,1448
195955767714,160,3783,169,14932,2691,1448
195955778417,374,3507,63,3101,2692,1448
195955790139,156,3027,58,2598,2692,1449
195955801296,231,3015,54,2803,2693,1449
195955812295,316,2960,96,7823,2694,1449
195955822814,290,3056,54,2284,2694,1450
195955834001,210,3340,194,15674,2695,1450
195955845108,133,3412,107,8163,2696,1450
195955856407,23,3392,52,2248,2696,1451
195955867515,316,3898,82,2577,2697,1451
195955878791,532,4430,67,3298,2698,1451
195955889914,23,3015,45,1171,2698,1452
195955900971,403,3450,43,1144,2699,1452
195955911866,572,4041,349,33820,2700,1452
195955922905,23,2988,68,4024,2700,1453
195955933993,299,3662,59,2673,2701,1453
195955945603,276,3881,114,7403,2702,1453
195955956591,26,2823,55,2381,2702,1454
195955967702,342,4568,178,15947,2703,1454
195955978510,181,4163,102,7894,2704,1454
195955989550,24,2670,50,2240,2704,1455
195956000594,124,2970,55,2601,2705,1455
195956011855,197,3124,57,2811,2706,1455
195956022846,23,2529,52,2185,2706,1456
195956034071,179,2642,166,15096,2707,1456
195956045161,149,2667,75,2923,2708,1456
195956056217,35,2690,69,2243,2708,1457
195956067260,128,2619,98,7479,2709,1457
195956093059,232,3146,89,5763,2710,1457
195956107580,34,2776,72,1293,2710,1458
195956119231,158,4429,539,36263,2711,1458
195956129853,126,3894,283,16928,2712,1458
195956141400,21,5992,175,2983,2712,1459
195956152553,129,2734,182,8421,2713,1459
195956163194,175,3284,283,15564,2714,1459
195956174257,26,3227,61,2684,2714,1460
195956185862,174,2945,64,2936,2715,1460
195956196986,315,4544,114,7858,2716,1460
195956208094,22,2881,51,2177,2716,1461
195956219169,187,3542,169,16175,2717,1461
195956230189,261,3348,109,8237,2718,1461
195956241091,22,3121,56,2311,2718,1462
195956252101,334,3696,154,13997,2719,1462
195956263630,119,3183,98,7715,2720,1462
195956274612,28,3071,50,1691,2720,1463
195956285695,122,3302,321,33865,2721,1463
195956296750,149,4738,129,10680,2722,1463
195956307928,20,2932,65,1365,2722,1464
195956319147,266,3276,76,2410,2723,1464
195956330170,127,3272,49,1175,2724,1464
195956341254,27,2863,39,727,2724,1465
195956353619,206,4261,367,35418,2725,1465
195956363463,165,3453,68,3873,2726,1465
195956374455,23,2799,58,2106,2726,1466
195956385462,134,2847,159,14283,2727,1466
195956396488,117,2894,107,7520,2728,1466
195956407719,26,3059,51,1955,2728,1467
195956418936,149,3373,162,14875,2729,1467
195956429949,211,3595,610,2621,2730,1467
195956441811,18,2728,62,2149,2730,1468
195956452339,202,3110,306,7438,2731,1468
195956463660,164,3242,193,15856,2732,1468
195956474691,24,2785,59,2292,2732,1469
195956485844,822,3325,98,8003,2733,1469
195956497241,132,4698,163,13909,2734,1469
195956507690,23,2683,48,1403,2734,1470
195956519204,1324,2775,264,27542,2735,1470
195956530344,248,3070,161,14743,2736,1470
195956541001,23,3274,56,2044,2736,1471
195956552191,172,3276,51,2212,2737,1471
195956563247,200,3333,112,7024,2738,1471
195956574714,32,4509,386,45150,2738,1472
195956585914,159,3286,122,10851,2739,1472
195956596883,113,3462,46,2213,2740,1472
195956608008,22,3579,46,1443,2740,1473
195956619047,174,3198,379,35787,2741,1473
195956630209,133,3406,172,16257,2742,1473
195956641356,20,2701,52,2475,2742,1474
195956652362,114,3030,101,7795,2743,1474
195956663533,168,3336,166,14949,2744,1474
195956674610,23,2856,212,2152,2744,1475
195956685698,619,3418,58,2416,2745,1475
195956696833,196,3414,112,6996,2746,1475
195956707862,30,3759,52,1836,2746,1476
195956718903,137,3435,170,15540,2747,1476
195956730268,118,2660,100,7480,2748,1476
195956741424,22,2888,54,2065,2748,1477
195956752408,123,3044,52,2395,2749,1477
195956763529,172,3429,56,2597,2750,1477
195956774522,22,3006,48,1881,2750,1478
195956785821,255,3661,215,14548,2751,1478
195956797010,307,3201,58,2505,2752,1478
195956808429,21,3532,52,2030,2752,1479
195956818963,171,3601,93,7339,2753,1479
195956830050,203,3671,163,15324,2754,1479
195956841195,22,3232,56,2067,2754,1480
195956852246,224,3347,182,18178,2755,1480
195956863434,24,5139,51,2209,2755,1481
195956874811,140,3211,74,4539,2756,1481
195956885649,120,3474,353,35880,2757,1481
195956896863,859,3855,141,9568,2758,1481
195956907926,21,2906,135,2238,2758,1482
195956918926,190,4313,155,13666,2759,1482
195956930024,120,3381,51,2428,2760,1482
195956940973,18,2597,50,1907,2760,1483
195956952300,154,3391,100,7105,2761,1483
195956963402,127,3816,212,15156,2762,1483
195956974513,19,3328,51,2143,2762,1484
195956985746,961,3766,797,7934,2763,1484
195956996710,230,4253,51,2260,2764,1484
195957007739,20,2981,48,1866,2764,1485
195957019077,114,3288,50,2522,2765,1485
195957030091,331,4423,983,24598,2766,1485
195957041110,21,3193,63,2964,2766,1486
195957052253,122,3075,53,2868,2767,1486
195957063597,273,3051,98,7097,2768,1486
195957074689,23,3057,79,2086,2768,1487
195957085611,313,3405,167,14738,2769,1487
195957096857,366,3593,59,1225,2770,1487
195957108020,33,2835,41,799,2770,1488
195957119196,128,3345,343,35805,2771,1488
195957130321,121,3514,179,16463,2772,1488
195957141372,19,2611,62,2541,2772,1489
195957152393,133,2796,147,7958,2773,1489
195957163542,145,2681,174,15186,2774,1489
195957174482,23,2582,47,2014,2774,1490
195957185615,181,2774,53,2278,2775,1490
195957196800,165,2651,111,7091,2776,1490
195957207835,32,2669,51,1872,2776,1491
195957218872,164,2696,169,15784,2777,1491
195957229940,123,2715,99,7841,2778,1491
195957240979,19,2564,51,1979,2778,1492
195957252601,237,2728,72,2311,2779,1492
195957296527,164,2604,131,10508,2780,1492
195957310930,178,2903,377,37107,2781,1492
195957322059,33,2677,130,3836,2781,1493
195957333126,285,4032,278,15395,2782,1493
195957344745,122,3945,139,7894,2783,1493
195957354926,21,3258,57,1969,2783,1494
195957366062,222,3751,63,2274,2784,1494
195957377211,25,4828,60,1897,2784,1495
195957388292,142,3872,157,14608,2785,1495
195957400060,167,2699,121,8128,2786,1495
195957410604,225,3664,173,15199,2787,1495
195957421835,28,2784,76,2317,2787,1496
195957433082,214,3035,68,2631,2788,1496
195957444247,320,3035,108,7414,2789,1496
195957454996,25,2748,50,1872,2789,1497
195957466118,286,3184,80,4465,2790,1497
195957477619,197,2969,349,35784,2791,1497
195957488783,28,2733,70,3744,2791,1498
195957499726,171,2769,65,2420,2792,1498
195957510926,276,2769,161,14455,2793,1498
195957522050,26,3078,52,2096,2793,1499
195957533098,120,2868,119,7670,2794,1499
195957544256,136,2771,144,12886,2795,1499
195957555263,21,2984,48,2032,2795,1500
195957566153,243,2967,92,7145,2796,1500
195957577160,274,3060,235,15302,2797,1500
195957588365,22,2912,46,2284,2797,1501
195957599470,122,2784,102,7874,2798,1501
195957610614,165,3407,51,2030,2799,1501
195957621593,22,2902,45,1809,2799,1502
195957633408,190,3037,154,14490,2800,1502
195957643931,173,3293,196,8077,2801,1502
195957655053,25,2687,54,2028,2801,1503
195957666068,132,3000,199,15059,2802,1503
195957677577,120,2817,171,2551,2803,1503
195957688697,39,3426,50,2065,2803,1504
195957699666,193,3630,107,7320,2804,1504
195957710867,159,4242,184,16039,2805,1504
195957721887,26,2729,101,2173,2805,1505
195957732896,162,3560,153,7852,2806,1505
195957744006,131,3363,55,2265,2807,1505
195957755160,20,3371,48,1913,2807,1506
195957766368,121,3000,53,2620,2808,1506
195957777526,115,3180,204,15091,2809,1506
195957788659,20,2754,47,2293,2809,1507
195957799772,118,2939,54,2580,2810,1507
195957810851,112,3042,95,7323,2811,1507
195957821810,21,3910,46,1860,2811,1508
195957832983,182,2865,166,15374,2812,1508
195957844245,167,2893,100,7731,2813,1508
195957855219,21,2702,42,1911,2813,1509
195957866516,152,3338,45,1476,2814,1509
195957877530,141,2879,57,2670,2815,1509
195957888525,19,2962,30,706,2815,1510
195957899552,175,3208,364,35646,2816,1510
195957910605,185,3671,183,16651,2817,1510
195957921794,24,3029,57,2533,2817,1511
195957933007,149,6921,64,2403,2818,1511
195957944071,256,4027,111,6925,2819,1511
195957955108,25,2910,49,1863,2819,1512
195957966171,298,3105,168,15623,2820,1512
195957977317,330,3091,109,7572,2821,1512
195957988282,22,2993,46,2044,2821,1513
195957999829,182,3804,60,2458,2822,1513
195958011023,257,3741,61,2530,2823,1513
195958021611,21,3016,41,1849,2823,1514
195958033169,220,3393,160,14786,2824,1514
195958044200,263,3196,60,2381,2825,1514
195958055372,22,3473,45,1972,2825,1515
195958066414,124,3211,105,7160,2826,1515
195958077476,178,3583,163,15289,2827,1515
195958088599,20,3651,46,2093,2827,1516
195958099736,425,3342,104,7885,2828,1516
195958110655,222,3376,49,1834,2829,1516
195958121736,23,2996,45,1237,2829,1517
195958132940,251,3198,80,5514,2830,1517
195958144099,274,4493,40,867,2831,1517
195958155145,23,2949,31,810,2831,1518
195958166427,229,3227,347,33782,2832,1518
195958177659,377,4679,171,3768,2833,1518
195958188499,24,3136,47,2113,2833,1519
195958199542,319,3919,108,7015,2834,1519
195958210858,357,3849,172,15188,2835,1519
195958221972,25,8950,60,2174,2835,1520
195958233155,156,4390,98,7664,2836,1520
195958244017,223,3300,170,13810,2837,1520
195958255027,21,3501,44,2009,2837,1521
195958266674,313,3486,114,7865,2838,1521
195958277447,391,3139,163,14926,2839,1521
195958288454,19,2883,43,2140,2839,1522
195958299750,214,3405,55,2427,2840,1522
195958310719,373,4029,48,1559,2841,1522
195958321709,24,2876,38,746,2841,1523
195958332950,118,2963,314,33164,2842,1523
195958344023,245,2853,118,9461,2843,1523
195958355163,24,2779,67,2122,2843,1524
195958366132,169,3551,52,2190,2844,1524
195958377500,160,3434,177,13895,2845,1524
195958388562,30,3582,144,1948,2845,1525
195958399727,345,3113,98,7682,2846,1525
195958410876,172,3719,176,14907,2847,1525
195958421802,31,8862,74,2134,2847,1526
195958432845,206,4174,52,2502,2848,1526
195958444457,477,3314,109,7087,2849,1526
195958455458,23,3541,54,1813,2849,1527
195958466466,123,2981,175,16308,2850,1527
195958477338,397,2985,98,7582,2851,1527
195958488365,17,3279,49,1921,2851,1528
195958499413,147,3339,144,13293,2852,1528
195958510622,361,3298,97,7835,2853,1528
195958521611,19,3249,43,1757,2853,1529
195958533026,175,3026,154,14663,2854,1529
195958544117,284,3038,47,1685,2855,1529
195958555124,19,3771,42,712,2855,1530
195958566299,215,4389,50,715,2856,1530
195958577795,350,3539,332,33167,2857,1530
195958588870,34,2753,69,3584,2857,1531
195958599490,155,3224,109,8131,2858,1531
195958610543,180,3384,64,2304,2859,1531
195958621606,29,3263,49,1803,2859,1532
195958633226,432,3028,159,13868,2860,1532
195958644224,403,3969,110,7648,2861,1532
195958655194,29,3844,50,1802,2861,1533
195958666214,285,4279,167,14699,2862,1533
195958677697,397,4007,56,2361,2863,1533
195958688603,60,3058,47,1925,2863,1534
195958699682,204,3287,104,7164,2864,1534
195958710705,125,2983,174,15738,2865,1534
195958721859,21,3422,48,2170,2865,1535
195958732906,284,2711,128,8400,2866,1535
195958744032,127,3933,162,14498,2867,1535
195958755172,19,3365,46,2211,2867,1536
195958766199,106,4003,112,8104,2868,1536
195958777498,151,3823,64,4026,2869,1536
195958788667,36,2820,79,780,2869,1537
195958799570,211,3366,50,737,2870,1537
195958810863,153,3042,349,35323,2871,1537
195958821934,27,3634,72,3762,2871,1538
195958832966,249,3456,215,15703,2872,1538
195958844024,337,4243,152,7608,2873,1538
195958855069,24,3081,48,2065,2873,1539
195958866645,876,3864,63,2435,2874,1539
195958877629,282,3528,161,14528,2875,1539
195958888607,24,3026,46,2164,2875,1540
195958899839,552,2920,101,8007,2876,1540
195958910974,135,4108,172,15057,2877,1540
195958922011,19,3214,42,2252,2877,1541
195958933113,163,3167,72,2544,2878,1541
195958943982,308,3032,122,7320,2879,1541
195958955188,23,3688,47,1831,2879,1542
195958966184,297,3252,194,15803,2880,1542
195958977240,241,3622,99,7115,2881,1542
195958988423,29,2829,50,1905,2881,1543
195958999529,142,3349,163,14586,2882,1543
195959010521,304,3605,151,8002,2883,1543
195959021844,24,3239,44,2030,2883,1544
195959032802,127,3552,88,5998,2884,1544
195959043854,211,4052,41,941,2885,1544
195959055388,25,3385,39,877,2885,1545
195959066411,143,3403,353,34438,2886,1545
195959077539,134,3137,72,4293,2887,1545
195959088546,22,2870,50,2185,2887,1546
195959099605,128,3637,101,7805,2888,1546
195959110610,109,3956,54,2020,2889,1546
195959121758,23,2978,43,1766,2889,1547
195959132846,132,3956,175,13951,2890,1547
195959144298,129,4055,176,7736,2891,1547
195959155302,29,3645,50,1803,2891,1548
195959166174,179,3267,169,14812,2892,1548
195959177247,296,3447,74,2742,2893,1548
195959188239,25,3106,50,2004,2893,1549
195959199788,166,2801,106,7166,2894,1549
195959210678,192,3311,188,16085,2895,1549
195959221862,26,2811,45,2179,2895,1550
195959232907,145,3108,115,8465,2896,1550
195959243955,165,3218,163,14655,2897,1550
195959255232,22,3463,53,2313,2897,1551
195959266213,167,3919,115,8119,2898,1551
195959277495,123,3251,168,15317,2899,1551
195959288682,22,2761,48,1988,2899,1552
195959299797,130,3093,46,1754,2900,1552
195959310984,119,2989,359,34304,2901,1552
195959322012,25,3233,65,3812,2901,1553
195959333120,131,3918,72,2759,2902,1553
195959344013,112,3291,97,7458,2903,1553
195959355011,20,2953,46,1781,2903,1554
195959366213,337,3178,57,2085,2904,1554
195959377206,178,3434,159,13792,2905,1554
195959388322,25,2975,53,2045,2905,1555
195959399838,468,3048,114,7803,2906,1555
195959410516,286,4179,181,15019,2907,1555
195959421616,24,3915,52,2328,2907,1556
195959432814,278,3277,60,2671,2908,1556
195959443862,174,3761,172,7308,2909,1556
195959455414,25,3071,48,1907,2909,1557
195959466195,393,3128,167,15799,2910,1557
195959477186,314,3881,102,7140,2911,1557
195959488734,26,2877,86,1868,2911,1558
195959499823,248,3202,162,14486,2912,1558
195959510809,158,3896,115,8157,2913,1558
195959521852,26,3048,50,1938,2913,1559
195959533152,157,3186,283,15135,2914,1559
195959544144,214,3399,51,1809,2915,1559
195959555165,22,4050,44,891,2915,1560
195959566526,198,3014,41,1068,2916,1560
195959577845,286,4328,693,33022,2917,1560
195959588692,30,3153,376,3572,2917,1561
195959599809,299,3917,181,7966,2918,1561
195959611036,194,3803,103,2283,2919,1561
195959621624,26,3158,111,1921,2919,1562
195959632661,211,4328,156,13703,2920,1562
195959646084,169,3440,835,7715,2921,1562
195959655332,19,3564,44,1860,2921,1563
195959666417,1466,3444,703,14846,2922,1563
195959677316,121,3966,58,2462,2923,1563
195959688606,19,2957,45,1966,2923,1564
195959699801,256,3105,124,7321,2924,1564
195959710505,730,3184,183,15831,2925,1564
195959721583,20,3126,48,2135,2925,1565
195959732696,290,4778,111,8334,2926,1565
195959746466,134,2974,163,14175,2927,1565
195959754873,23,2974,45,1678,2927,1566
195959766397,129,3662,203,1877,2928,1566
195959777699,256,3346,618,14479,2929,1566
195959788271,19,3081,164,2032,2929,1567
195959799402,329,3257,69,1916,2930,1567
195959810448,211,3467,343,34234,2931,1567
195959822168,24,4094,67,3704,2931,1568
195959832797,224,3214,87,2558,2932,1568
195959843845,265,3878,107,7514,2933,1568
195959855362,24,3533,53,1868,2933,1569
195959866302,129,3241,47,2199,2934,1569
195959877245,342,3279,159,13829,2935,1569
195959888673,23,2962,46,1954,2935,1570
195959899887,148,3138,99,7791,2936,1570
195959910859,155,3458,172,15103,2937,1570
195959921864,22,3995,48,2218,2937,1571
195959933003,120,2909,53,2585,2938,1571
195959943902,317,3880,109,7503,2939,1571
195959955388,24,3261,56,1909,2939,1572
195959966455,181,3938,170,15802,2940,1572
195959977135,131,2964,108,7600,2941,1572
195959988425,36,2631,59,2016,2941,1573
195959999452,173,2776,162,13323,2942,1573
195960010738,155,2782,128,7228,2943,1573
195960021878,22,2565,33,700,2943,1574
195960059412,2892,3949,94,5769,2944,1574
195960078767,141,3938,394,33382,2945,1574
195960091619,26,5813,142,3650,2945,1575
195960100142,148,4144,182,8138,2946,1575
195960111273,218,3848,223,5198,2947,1575
195960121884,20,2501,40,785,2947,1576
195960133074,204,3008,85,5139,2948,1576
195960144188,191,3356,54,1293,2949,1576
195960155340,23,2681,35,721,2949,1577
195960166353,135,3269,345,33611,2950,1577
195960177539,155,3717,72,3683,2951,1577
195960188722,25,3102,49,2111,2951,1578
195960199734,153,3276,111,7101,2952,1578
195960210865,231,3974,173,15197,2953,1578
195960222677,26,2875,48,2111,2953,1579
195960233392,218,4026,99,7637,2954,1579
195960244224,116,3039,50,2097,2955,1579
195960255601,20,3493,44,1773,2955,1580
195960266765,301,3831,154,14263,2956,1580
195960280398,2351,3215,54,2396,2957,1580
195960289050,19,3827,203,1962,2957,1581
195960300234,217,3260,50,2181,2958,1581
195960310814,205,3697,307,7025,2959,1581
195960322412,22,3123,51,1853,2959,1582
195960333817,150,3108,159,14222,2960,1582
195960344757,336,3365,349,37756,2961,1582
195960355299,21,2656,60,3583,2961,1583
195960366498,139,2905,56,2455,2962,1583
195960377682,145,2992,82,2918,2963,1583
195960388781,21,2593,41,718,2963,1584
195960399841,261,2967,113,702,2964,1584
195960411022,310,3348,318,33399,2965,1584
195960422537,59,2786,62,3611,2965,1585
195960433457,358,3431,45,2276,2966,1585
195960444412,322,3275,106,6963,2967,1585
195960455744,28,3305,59,1946,2967,1586
195960466466,359,3175,258,15184,2968,1586
195960477675,186,3371,105,7399,2969,1586
195960488678,27,3921,59,2033,2969,1587
195960499860,137,4472,60,2431,2970,1587
195960511298,316,3428,160,14465,2971,1587
195960522382,23,3288,53,2176,2971,1588
195960533484,212,3092,58,2419,2972,1588
195960544145,452,3699,60,2239,2973,1588
195960555478,29,3851,58,1876,2973,1589
195960566384,489,3969,130,7223,2974,1589
195960577522,392,3301,160,14911,2975,1589
195960588634,21,3115,49,2119,2975,1590
195960599980,129,3233,205,7859,2976,1590
195960610795,361,3787,57,2144,2977,1590
195960622448,62,3046,61,1730,2977,1591
195960633125,142,3244,175,14383,2978,1591
195960644449,262,4155,98,6559,2979,1591
195960655272,24,3115,43,827,2979,1592
195960666824,299,4133,107,5147,2980,1592
195960677918,211,3279,37,904,2981,1592
195960688931,21,3213,35,836,2981,1593
195960700013,161,3365,366,35739,2982,1593
195960710950,260,4253,211,18048,2983,1593
195960721885,37,3532,64,2558,2983,1594
195960733186,172,3014,109,7901,2984,1594
195960744425,246,3032,85,2052,2985,1594
195960755519,22,3029,41,1435,2985,1595
195960766416,129,3319,327,33527,2986,1595
195960777855,111,3153,57,2382,2987,1595
195960788620,22,3546,49,1536,2987,1596
195960800142,307,2967,140,12314,2988,1596
195960811218,137,2866,106,7006,2989,1596
195960822158,27,2879,47,1641,2989,1597
195960833142,331,2998,191,15006,2990,1597
195960844442,1317,2878,106,7716,2991,1597
195960856076,27,2887,52,1687,2991,1598
195960866701,353,3094,58,1963,2992,1598
195960877916,223,3086,176,14665,2993,1598
195960888638,30,3501,73,1933,2993,1599
195960899741,315,4360,61,1539,2994,1599
195960911361,408,3711,181,14495,2995,1599
195960921904,34,3351,60,2051,2995,1600
195960933374,152,3324,52,1963,2996,1600
195960944207,163,4399,371,35587,2997,1600
195960955480,35,3244,62,3858,2997,1601
195960966590,134,3374,182,16686,2998,1601
195960977742,121,3477,152,7555,2999,1601
195960988998,21,2519,49,1955,2999,1602
195960999756,130,2665,63,2283,3000,1602
195961011018,157,2638,170,14454,3001,1602
195961022024,27,2540,48,2199,3001,1603
195961033256,173,2689,71,2521,3002,1603
195961044567,138,2675,49,2275,3003,1603
195961055350,31,2638,70,1920,3003,1604
195961066408,158,2645,98,7125,3004,1604
195961077420,100,2684,161,15052,3005,1604
195961088865,38,36952,109,2207,3005,1605
195961137116,152,2751,51,1857,3006,1605
195961148305,162,2718,373,36335,3007,1605
195961159419,30,4926,111,4013,3007,1606
195961170524,233,4222,402,15142,3008,1606
195961181908,137,4061,71,2532,3009,1606
195961192610,22,4917,70,1965,3009,1607
195961203755,234,3320,147,7235,3010,1607
195961215150,197,3429,60,2617,3011,1607
195961226248,160,5385,96,5468,3012,1607
195961237214,22,3006,35,974,3012,1608
195961248245,184,3465,32,886,3013,1608
195961259739,163,5312,42,887,3014,1608
195961270846,25,3712,31,886,3014,1609
195961281848,137,3115,355,35677,3015,1609
195961292945,153,5180,191,16875,3016,1609
195961303991,21,2925,54,2628,3016,1610
195961315073,139,3299,102,8361,3017,1610
195961325940,22,4969,140,1889,3017,1611
195961337468,174,3266,179,15231,3018,1611
195961348636,117,3139,98,7698,3019,1611
195961359490,105,3981,61,1984,3020,1611
195961370639,22,3086,42,1774,3020,1612
195961381651,143,3109,156,14543,3021,1612
195961392697,134,4214,106,8140,3022,1612
195961404035,29,3162,81,1881,3022,1613
195961414873,261,2728,163,15040,3023,1613
195961426442,135,3642,57,2584,3024,1613
195961437076,19,3340,44,1986,3024,1614
195961448598,159,3290,110,7200,3025,1614
195961459358,22,5059,58,1998,3025,1615
195961470621,397,3352,167,15865,3026,1615
195961481678,200,3232,102,7321,3027,1615
195961492830,132,4630,161,14850,3028,1615
195961504126,21,2859,45,2268,3028,1616
195961515206,118,3209,44,1590,3029,1616
195961526263,360,4988,412,35771,3030,1616
195961537354,24,3733,62,3769,3030,1617
195961548451,168,3856,551,15237,3031,1617
195961559769,129,4356,99,7531,3032,1617
195961570531,19,2996,44,1906,3032,1618
195961581934,198,4011,166,15218,3033,1618
195961593058,183,4247,101,7830,3034,1618
195961603937,19,3041,45,1896,3034,1619
195961614919,164,4256,57,2202,3035,1619
195961626364,124,4445,223,14720,3036,1619
195961637364,22,3370,43,2182,3036,1620
195961648619,202,3380,107,8091,3037,1620
195961659817,160,4510,166,15055,3038,1620
195961670599,18,2724,42,2169,3038,1621
195961681617,131,2980,58,2400,3039,1621
195961693013,126,5156,93,6955,3040,1621
195961704097,20,3410,46,1387,3040,1622
195961715264,230,3099,73,1959,3041,1622
195961726359,256,4667,337,31955,3042,1622
195961737276,26,2964,66,3632,3042,1623
195961748270,128,3257,60,2505,3043,1623
195961759276,35,4479,62,1984,3043,1624
195961770460,123,3116,153,14551,3044,1624
195961781905,994,3090,105,8108,3045,1624
195961793029,113,4131,148,13274,3046,1624
195961804107,19,2854,43,2238,3046,1625
195961815179,122,2752,96,7462,3047,1625
195961826358,153,3893,171,15487,3048,1625
195961837340,22,3050,53,2527,3048,1626
195961848534,326,3523,64,1502,3049,1626
195961859546,121,5105,349,35661,3050,1626
195961870510,23,3954,72,3747,3050,1627
195961881778,372,4030,165,14844,3051,1627
195961892843,159,5703,102,7783,3052,1627
195961903981,21,3532,45,1943,3052,1628
195961915220,144,3343,160,14988,3053,1628
195961926344,186,4502,76,2398,3054,1628
195961937282,60,4301,334,1993,3054,1629
195961948430,335,3166,106,7184,3055,1629
195961959525,185,4453,173,15966,3056,1629
195961970476,19,3016,46,2138,3056,1630
195961981891,344,4213,111,7872,3057,1630
195961993406,262,4963,162,14153,3058,1630
195962003758,21,3544,57,2371,3058,1631
195962015279,124,3282,108,8389,3059,1631
195962026414,165,5383,178,15097,3060,1631
195962037296,23,3343,49,2140,3060,1632
195962048449,381,3730,147,12820,3061,1632
195962059537,134,5433,100,7414,3062,1632
195962070567,55,3169,48,1926,3062,1633
195962081732,442,3088,178,15484,3063,1633
195962092967,204,4404,52,1460,3064,1633
195962103935,27,3328,50,760,3064,1634
195962115119,167,3270,348,35798,3065,1634
195962125959,301,5104,192,16329,3066,1634
195962137300,29,3318,62,2548,3066,1635
195962148368,274,3473,135,7949,3067,1635
195962159458,62,4784,63,1907,3067,1636
195962170613,191,3735,167,14966,3068,1636
195962181880,200,3615,50,2252,3069,1636
195962192941,182,5868,118,7114,3070,1636
195962203763,29,3005,49,1904,3070,1637
195962215336,134,2995,164,15746,3071,1637
195962226283,132,4377,110,7871,3072,1637
195962237227,25,2769,47,2078,3072,1638
195962248423,147,3075,57,2413,3073,1638
195962259323,166,4628,166,14751,3074,1638
195962270423,28,2745,61,2072,3074,1639
195962281772,164,2817,273,2425,3075,1639
195962293150,209,4690,67,2259,3076,1639
195962303683,31,3530,66,2032,3076,1640
195962315170,196,3433,111,7283,3077,1640
195962326339,143,4177,182,15368,3078,1640
195962337187,32,3251,76,2440,3078,1641
195962348195,198,3026,125,8175,3079,1641
195962359296,30,4815,64,1827,3079,1642
195962370503,278,3275,62,2115,3080,1642
195962381487,167,3535,170,14391,3081,1642
195962393103,321,4845,111,7423,3082,1642
195962403663,25,3136,48,1410,3082,1643
195962415149,175,3154,101,6519,3083,1643
195962426221,178,4351,60,953,3084,1643
195962437452,32,2844,47,878,3084,1644
195962448746,247,3840,375,35500,3085,1644
195962459252,30,5605,90,3852,3085,1645
195962470547,222,3535,328,16454,3086,1645
195962481637,192,3120,103,7747,3087,1645
195962492850,175,4208,61,2472,3088,1645
195962503839,21,2879,46,2072,3088,1646
195962514932,189,3410,163,14714,3089,1646
195962525958,206,4202,67,2510,3090,1646
195962537350,73,3801,62,2010,3090,1647
195962548520,317,4072,67,2195,3091,1647
195962559490,227,5286,106,6955,3092,1647
195962570297,30,4075,63,1985,3092,1648
195962581739,246,3465,176,15053,3093,1648
195962592599,23,5384,58,2247,3093,1649
195962603896,393,4126,99,7922,3094,1649
195962614989,444,3492,55,2271,3095,1649
195962626248,139,6007,167,14384,3096,1649
195962637190,27,4477,46,1759,3096,1650
195962648526,240,3465,60,2017,3097,1650
195962659713,280,5517,54,759,3098,1650
195962670513,32,4058,53,753,3098,1651
195962681864,206,4336,342,34462,3099,1651
195962692565,30,5189,88,3706,3099,1652
195962704040,431,3796,91,1392,3100,1652
195962714998,267,3939,341,32944,3101,1652
195962726142,29,5417,86,3552,3101,1653
195962737174,321,3424,157,8038,3102,1653
195962748345,200,2928,93,2094,3103,1653
195962759734,220,4513,210,13900,3104,1653
195962770308,44,2960,70,1976,3104,1654
195962781518,1647,2989,68,2296,3105,1654
195962792610,27,4694,58,1974,3105,1655
195962804295,436,3236,83,2214,3106,1655
195962814822,290,3529,110,7010,3107,1655
195962826068,32,5011,65,1823,3107,1656
195962838711,259,2998,192,15113,3108,1656
195962848616,335,3595,119,7840,3109,1656
195962859684,276,5005,94,1853,3110,1656
195962870801,34,3075,92,1291,3110,1657
195962881934,185,2697,101,5544,3111,1657
195962893023,180,5455,423,35620,3112,1657
195962904067,40,2610,77,3691,3112,1658
195962915214,239,3929,184,15086,3113,1658
195962926381,240,4228,62,2571,3114,1658
195962937558,62,3498,58,1955,3114,1659
195962948455,190,3866,96,7112,3115,1659
195962959767,256,4028,185,15996,3116,1659
195962970819,45,3387,59,2072,3116,1660
195962981794,326,3263,106,7896,3117,1660
195962992845,190,4387,65,2079,3118,1660
195963004381,31,4197,58,1796,3118,1661
195963014804,166,3227,170,14499,3119,1661
195963026353,197,4096,69,2412,3120,1661
195963037182,39,2759,92,2000,3120,1662
195963048181,434,3481,59,2068,3121,1662
195963059762,155,4237,139,6916,3122,1662
195963070736,29,3145,60,1865,3122,1663
195963081964,198,3368,197,14934,3123,1663
195963092965,149,5067,113,7621,3124,1663
195963104083,24,3558,49,2014,3124,1664
195963115121,215,3264,57,2079,3125,1664
195963126256,225,5470,67,2791,3126,1664
195963137292,25,3396,42,783,3126,1665
195963148320,208,3147,46,748,3127,1665
195963159396,198,4477,342,33715,3128,1665
195963170341,28,3061,84,3605,3128,1666
195963181945,304,3850,55,2268,3129,1666
195963193093,138,4133,143,7088,3130,1666
195963203860,81,2865,51,1967,3130,1667
195963215280,171,3479,59,1650,3131,1667
195963226187,29,4850,46,749,3131,1668
195963237406,186,3575,366,32068,3132,1668
195963248291,141,4154,75,3851,3133,1668
195963259449,332,4000,203,14594,3134,1668
195963270837,31,3139,57,2120,3134,1669
195963281502,162,4376,52,2391,3135,1669
195963293145,175,4860,64,2188,3136,1669
195963303817,31,3009,57,1901,3136,1670
195963315281,312,3517,110,7051,3137,1670
195963326517,166,4355,178,15139,3138,1670
195963337590,31,3048,61,1937,3138,1671
195963348133,153,3071,202,18160,3139,1671
195963359704,146,4420,72,2400,3140,1671
195963370694,30,2848,50,1861,3140,1672
195963381813,308,3071,295,13797,3141,1672
195963392838,170,4363,62,1536,3142,1672
195963403937,31,2968,43,767,3142,1673
195963414877,270,3950,360,33741,3143,1673
195963426537,294,3878,79,3715,3144,1673
195963437635,28,3035,55,2141,3144,1674
195963448579,294,3415,109,7192,3145,1674
195963459314,27,5846,66,1954,3145,1675
195963471014,182,3529,197,14637,3146,1675
195963481474,309,3151,131,8787,3147,1675
195963493064,147,3617,65,2305,3148,1675
195963504029,27,4231,56,1993,3148,1676
195963515130,243,3285,170,14511,3149,1676
195963525939,27,5144,71,2306,3149,1677
195963537552,157,3752,68,2570,3150,1677
195963548774,145,3079,71,2296,3151,1677
195963559761,221,4132,179,7310,3152,1677
195963570781,29,2945,51,1877,3152,1678
195963581576,398,3364,200,15122,3153,1678
195963593074,200,6395,114,7761,3154,1678
195963604079,24,3267,42,1938,3154,1679
195963615151,196,3971,57,2260,3155,1679
195963626205,212,4461,169,14596,3156,1679
195963637224,32,2781,61,2126,3156,1680
195963648276,235,3355,247,7542,3157,1680
195963659409,38,5441,66,1416,3157,1681
195963670544,213,4292,113,6368,3158,1681
195963681486,226,4069,355,34559,3159,1681
195963692932,222,5914,130,9033,3160,1681
195963704046,31,3358,62,2306,3160,1682
195963715136,173,2871,171,14780,3161,1682
195963726332,141,3888,117,8069,3162,1682
195963737102,33,2892,62,1892,3162,1683
195963748146,392,3070,56,2210,3163,1683
195963759667,1290,3013,176,14338,3164,1683
195963770788,32,3338,53,2145,3164,1684
195963781884,199,4115,70,2350,3165,1684
195963793053,212,4773,62,2229,3166,1684
195963804116,30,2983,56,2011,3166,1685
195963815237,421,4638,113,7245,3167,1685
195963826372,182,4182,174,15113,3168,1685
195963837512,54,3903,64,2098,3168,1686
195963848351,154,3066,111,7794,3169,1686
195963859396,30,4528,62,1860,3169,1687
195963870466,456,3164,56,2135,3170,1687
195963881544,185,3429,173,14503,3171,1687
195963892615,34,5999,62,2078,3171,1688
195963903771,396,3516,109,2935,3172,1688
195963914833,351,3135,76,1909,3173,1688
195963926304,236,4803,45,847,3174,1688
195963937450,24,3327,41,832,3174,1689
195963948610,458,3237,370,35343,3175,1689
195963959501,241,5709,199,17199,3176,1689
195963970438,31,4328,65,2545,3176,1690
195963982028,301,4963,130,8472,3177,1690
195963993057,230,5132,70,2293,3178,1690
195964003780,32,3823,65,1913,3178,1691
195964014784,197,4036,173,14504,3179,1691
195964026540,368,4060,71,2593,3180,1691
195964037431,31,3257,56,2027,3180,1692
195964048112,326,3135,51,1833,3181,1692
195964059570,180,4649,362,35471,3182,1692
195964070705,27,2938,70,3775,3182,1693
195964081763,198,3718,181,15604,3183,1693
195964092869,291,4471,103,7594,3184,1693
195964104124,24,4137,54,1911,3184,1694
195964115168,329,4773,62,2209,3185,1694
195964126227,28,6029,59,1844,3185,1695
195964137252,217,3782,173,14444,3186,1695
195964148442,222,3811,172,7858,3187,1695
195964159436,142,5612,184,14945,3188,1695
195964170687,30,2565,53,1954,3188,1696
195964181473,145,3991,61,1827,3189,1696
195964193225,150,3435,53,743,3190,1696
195964203693,30,2606,52,730,3190,1697
195964214822,181,2741,428,33068,3191,1697
195964226298,139,3666,130,10139,3192,1697
195964237163,28,2529,46,2201,3192,1698
195964274784,306,2824,118,4655,3193,1698
195964289038,212,4608,524,33764,3194,1698
195964300176,183,4139,94,3729,3195,1698
195964311763,218,3893,130,6732,3196,1698
195964322901,25,3638,63,1342,3196,1699
195964334017,163,2688,215,12786,3197,1699
195964344684,220,3147,46,1045,3198,1699
195964355876,28,3333,60,707,3198,1700
195964366893,152,2826,369,35819,3199,1700
195964378213,467,3010,192,16298,3200,1700
195964389195,33,2785,75,2569,3200,1701
195964400372,206,3210,121,7708,3201,1701
195964411582,238,3148,193,15008,3202,1701
195964422581,33,3152,58,2120,3202,1702
195964433651,178,3348,72,2357,3203,1702
195964444884,205,3191,139,7246,3204,1702
195964455893,29,3065,57,1857,3204,1703
195964466973,188,2996,181,15231,3205,1703
195964478473,234,4958,64,1524,3206,1703
195964489023,33,2755,45,801,3206,1704
195964500670,162,2994,362,35890,3207,1704
195964511744,162,3141,209,16498,3208,1704
195964522810,30,2829,65,2439,3208,1705
195964533520,176,3156,114,7839,3209,1705
195964544833,321,3401,153,12938,3210,1705
195964555943,28,3850,65,2092,3210,1706
195964567017,222,3521,167,7266,3211,1706
195964578043,428,3124,177,15469,3212,1706
195964590019,27,3907,65,2499,3212,1707
195964600313,239,4085,109,7999,3213,1707
195964611703,438,3343,97,2139,3214,1707
195964622771,30,3357,58,1907,3214,1708
195964633812,192,3586,198,14659,3215,1708
195964644832,201,2965,111,8230,3216,1708
195964655918,28,2858,56,1948,3216,1709
195964666928,137,2936,171,15224,3217,1709
195964678030,340,3432,67,2685,3218,1709
195964689186,27,3023,48,1989,3218,1710
195964700467,145,3218,54,1403,3219,1710
195964711443,344,3333,46,681,3220,1710
195964722595,27,3223,38,677,3220,1711
195964733919,354,3080,353,35619,3221,1711
195964745044,309,3246,73,3970,3222,1711
195964756032,26,2815,56,2170,3222,1712
195964767076,147,3748,161,14372,3223,1712
195964778229,128,2657,123,7673,3224,1712
195964789260,26,3151,51,1890,3224,1713
195964800312,395,2955,146,12191,3225,1713
195964811405,348,3160,106,7232,3226,1713
195964822414,28,2825,218,1802,3226,1714
195964833629,317,3098,170,15055,3227,1714
195964845245,323,3270,108,7792,3228,1714
195964856249,27,2768,58,1959,3228,1715
195964867324,718,2939,53,2270,3229,1715
195964878463,391,2990,171,14738,3230,1715
195964889550,26,2857,56,2180,3230,1716
195964900574,182,3363,180,7695,3231,1716
195964911672,358,3421,162,14879,3232,1716
195964923126,27,3033,90,2387,3232,1717
195964933916,273,3706,64,2622,3233,1717
195964945347,145,2998,48,1457,3234,1717
195964955899,29,3330,49,694,3234,1718
195964967034,186,3460,48,689,3235,1718
195964978027,143,3187,355,35733,3236,1718
195964991380,27,2869,75,3733,3236,1719
195965000405,173,3480,65,2432,3237,1719
195965011548,512,3410,186,14429,3238,1719
195965022656,31,3745,78,2112,3238,1720
195965033641,199,3168,111,7699,3239,1720
195965044788,376,4398,156,12953,3240,1720
195965055904,26,3597,92,2050,3240,1721
195965066938,212,2783,100,7153,3241,1721
195965077995,221,2938,180,15399,3242,1721
195965089509,32,3629,88,2161,3242,1722
195965100554,193,3729,230,7855,3243,1722
195965111806,126,3159,50,2141,3244,1722
195965122852,30,3618,60,1890,3244,1723
195965133890,220,3376,162,14557,3245,1723
195965145059,151,3099,104,7986,3246,1723
195965156034,27,3115,59,1867,3246,1724
195965166875,280,3045,222,15094,3247,1724
195965178453,273,2850,652,2701,3248,1724
195965189599,64,3497,94,2161,3248,1725
195965200586,534,3545,192,7481,3249,1725
195965211816,259,3619,185,5229,3250,1725
195965222847,56,2827,113,827,3250,1726
195965233906,733,4795,349,35718,3251,1726
195965244573,435,3117,84,4020,3252,1726
195965256037,40,3102,70,2178,3252,1727
195965267093,181,3055,166,14484,3253,1727
195965278148,169,3071,191,7809,3254,1727
195965289143,34,3046,56,1841,3254,1728
195965300274,215,3180,260,12242,3255,1728
195965311436,163,2765,104,6997,3256,1728
195965322722,39,2785,107,1878,3256,1729
195965333938,174,2912,176,14991,3257,1729
195965344849,127,2907,114,7512,3258,1729
195965355922,52,3272,61,1965,3258,1730
195965366982,398,3851,69,2322,3259,1730
195965378469,470,3651,176,14681,3260,1730
195965389668,33,3582,63,2102,3260,1731
195965400623,378,3389,126,7900,3261,1731
195965411753,472,3274,222,15032,3262,1731
195965422892,36,3027,69,2294,3262,1732
195965433660,316,4136,63,2601,3263,1732
195965444785,145,3020,102,7318,3264,1732
195965455887,30,2616,52,1744,3264,1733
195965467223,190,2776,258,24562,3265,1733
195965478157,130,2616,130,9327,3266,1733
195965489222,33,2615,59,2363,3266,1734
195965500359,183,2703,70,2593,3267,1734
195965511389,156,2651,193,14707,3268,1734
195965522439,31,2556,66,2629,3268,1735
195965533976,172,2690,167,8373,3269,1735
195965545044,157,2651,163,13493,3270,1735
195965556117,33,2845,71,2436,3270,1736
195965567232,165,2623,111,7647,3271,1736
195965578133,115,2640,175,15842,3272,1736
195965589251,38,2740,70,2402,3272,1737
195965617321,279,2806,114,8256,3273,1737
195965636689,155,2836,163,14557,3274,1737
195965643141,121,3570,178,8679,3275,1737
195965654249,30,3732,63,2181,3275,1738
195965665329,140,3796,276,15302,3276,1738
195965676434,122,4113,73,2874,3277,1738
195965687578,20,3230,57,2274,3277,1739
195965698776,203,3373,104,7527,3278,1739
195965709885,144,4461,183,15785,3279,1739
195965720741,28,4021,62,2407,3279,1740
195965731764,313,3220,117,9424,3280,1740
195965742760,277,5068,166,14957,3281,1740
195965753868,22,2670,46,2239,3281,1741
195965765378,161,3277,179,8060,3282,1741
195965776489,169,4232,71,4056,3283,1741
195965787352,22,3152,33,863,3283,1742
195965798407,151,3906,346,33730,3284,1742
195965809908,192,5609,118,9783,3285,1742
195965820674,21,3790,93,2165,3285,1743
195965831970,156,3213,163,14950,3286,1743
195965842982,200,4000,111,7530,3287,1743
195965854042,22,2782,48,2032,3287,1744
195965865089,221,3725,59,2420,3288,1744
195965876241,112,3781,158,14486,3289,1744
195965887539,28,3598,52,2376,3289,1745
195965898498,177,3079,101,8411,3290,1745
195965909647,167,4073,159,15081,3291,1745
195965920776,22,3999,50,2055,3291,1746
195965931964,267,3587,53,2348,3292,1746
195965942842,5669,3195,102,7070,3293,1746
195965953940,21,3113,43,1952,3293,1747
195965965054,336,3237,175,15149,3294,1747
195965976499,121,3586,106,8394,3295,1747
195965987601,22,2616,46,1856,3295,1748
195965998647,196,2803,102,5277,3296,1748
195966009787,212,4820,357,36248,3297,1748
195966020905,23,2903,66,3788,3297,1749
195966031903,150,4357,175,8126,3298,1749
195966043037,153,3725,157,13795,3299,1749
195966054251,28,3195,43,2213,3299,1750
195966065253,152,3163,117,8099,3300,1750
195966076590,138,3675,163,14520,3301,1750
195966087578,22,3253,47,2161,3301,1751
195966098629,121,3386,98,7838,3302,1751
195966109709,278,3486,56,2087,3303,1751
195966120640,20,2888,44,1862,3303,1752
195966132063,122,3576,165,14474,3304,1752
195966143210,202,3807,105,8007,3305,1752
195966154397,25,3524,65,1869,3305,1753
195966165412,156,3481,159,14917,3306,1753
195966176449,110,3640,57,2693,3307,1753
195966187240,23,2617,46,2071,3307,1754
195966198397,686,3094,98,7360,3308,1754
195966209479,168,5683,181,15459,3309,1754
195966221130,30,3237,70,2313,3309,1755
195966232165,266,3814,116,8698,3310,1755
195966243193,353,5722,119,4511,3311,1755
195966254252,23,3714,43,896,3311,1756
195966265281,168,3653,50,794,3312,1756
195966281382,180,2967,385,35833,3313,1756
195966287626,22,3233,67,3822,3313,1757
195966298272,158,3430,166,15275,3314,1757
195966309473,222,4820,107,7306,3315,1757
195966320564,20,3238,47,1893,3315,1758
195966331682,164,3001,164,15065,3316,1758
195966342688,113,4094,101,7750,3317,1758
195966354172,21,3105,48,1825,3317,1759
195966365252,114,3420,49,2113,3318,1759
195966376251,359,3629,261,14557,3319,1759
195966387390,24,2730,50,2275,3319,1760
195966398517,175,3005,139,8081,3320,1760
195966409482,108,4103,70,4201,3321,1760
195966420851,21,2953,32,892,3321,1761
195966431858,126,2837,387,34368,3322,1761
195966442945,161,3594,83,6121,3323,1761
195966454035,23,3135,31,765,3323,1762
195966465118,262,3107,77,4173,3324,1762
195966476472,157,5025,337,35747,3325,1762
195966487271,35,2788,75,3717,3325,1763
195966498717,298,3360,83,2402,3326,1763
195966509785,169,3788,161,14456,3327,1763
195966520953,20,2946,47,2095,3327,1764
195966531923,138,3771,151,7690,3328,1764
195966543248,237,3536,164,12959,3329,1764
195966553933,31,3002,49,2254,3329,1765
195966565265,159,3576,106,7431,3330,1765
195966576309,338,3610,205,15403,3331,1765
195966587331,27,3520,61,2498,3331,1766
195966598343,284,2840,101,8101,3332,1766
195966609483,172,4088,5156,2034,3333,1766
195966620676,24,2723,47,1778,3333,1767
195966631984,258,2998,175,14607,3334,1767
195966643066,182,3872,52,1723,3335,1767
195966653999,27,2891,38,784,3335,1768
195966665094,199,3298,343,33835,3336,1768
195966676238,160,6129,79,3788,3337,1768
195966687309,23,3509,99,2163,3337,1769
195966698309,146,2990,117,7188,3338,1769
195966709711,245,5798,68,1482,3339,1769
195966720750,30,3039,41,808,3339,1770
195966731707,172,2913,80,4272,3340,1770
195966743029,136,4441,432,35926,3341,1770
195966754098,30,2974,232,3746,3341,1771
195966765267,301,2957,173,14868,3342,1771
195966776270,211,4146,106,7910,3343,1771
195966787383,28,2803,52,1921,3343,1772
195966798577,250,3876,157,12240,3344,1772
195966809590,144,4821,118,7117,3345,1772
195966820924,28,3032,53,1933,3345,1773
195966831782,228,3386,184,15110,3346,1773
195966842855,155,6232,113,7682,3347,1773
195966854012,29,4089,54,1933,3347,1774
195966865117,357,3761,58,2209,3348,1774
195966876254,142,4503,180,14666,3349,1774
195966887200,30,6595,64,2220,3349,1775
195966898770,202,3429,114,8196,3350,1775
195966909770,256,4188,168,14587,3351,1775
195966920843,52,3304,42,1079,3351,1776
195966931635,140,3671,72,1510,3352,1776
195966943146,161,4175,402,35614,3353,1776
195966954241,32,2838,85,3989,3353,1777
195966964946,358,3199,234,15793,3354,1777
195966976132,227,4319,123,8329,3355,1777
195966987511,35,3287,50,1943,3355,1778
195966998586,4278,3679,63,2283,3356,1778
195967009628,164,3963,172,14490,3357,1778
195967020753,28,2968,65,2169,3357,1779
195967031750,306,3012,117,7941,3358,1779
195967042882,146,4731,167,13183,3359,1779
195967054064,27,3148,56,1979,3359,1780
195967065312,430,3841,115,7148,3360,1780
195967076429,175,4751,202,15391,3361,1780
195967087458,27,3700,61,2357,3361,1781
195967098536,311,3739,109,8145,3362,1781
195967109650,132,6016,57,2145,3363,1781
195967120764,33,3347,144,1867,3363,1782
195967131744,215,3186,5302,14704,3364,1782
195967143173,153,3870,104,8026,3365,1782
195967154146,22,3621,53,1942,3365,1783
195967165107,204,3244,179,14982,3366,1783
195967176213,124,3928,60,2472,3367,1783
195967187388,23,3451,48,1607,3367,1784
195967198444,131,4321,46,1706,3368,1784
195967209627,114,4324,3349,33120,3369,1784
195967220737,32,2791,65,3547,3369,1785
195967231949,256,3039,125,8587,3370,1785
195967242972,230,3818,68,2317,3371,1785
195967254020,21,3156,115,1939,3371,1786
195967265376,363,3878,149,13703,3372,1786
195967276486,285,5215,110,7749,3373,1786
195967287447,24,3849,48,1744,3373,1787
195967298404,142,4373,341,12189,3374,1787
195967309465,133,5024,101,6969,3375,1787
195967320539,22,2998,45,1816,3375,1788
195967331601,122,2890,166,15117,3376,1788
195967343135,25,3699,47,2237,3376,1789
195967354267,172,2770,56,1407,3377,1789
195967364897,119,4225,337,35838,3378,1789
195967376430,106,4095,181,16288,3379,1789
195967387738,33,3519,52,2516,3379,1790
195967398733,178,3161,129,7904,3380,1790
195967409673,150,4133,170,15080,3381,1790
195967420743,23,3647,46,2019,3381,1791
195967431587,129,2687,57,1784,3382,1791
195967443254,191,3678,37,757,3383,1791
195967453876,21,2768,30,756,3383,1792
195967465168,154,3766,322,33156,3384,1792
195967476506,211,5314,126,10279,3385,1792
195967487496,22,3344,88,2110,3385,1793
195967498708,159,3714,52,2103,3386,1793
195967509817,326,3777,166,14054,3387,1793
195967520802,26,3296,56,1957,3387,1794
195967531610,145,2990,99,7681,3388,1794
195967542779,119,4469,147,12947,3389,1794
195967554099,21,3140,47,2030,3389,1795
195967565150,300,3352,97,7133,3390,1795
195967576106,223,3942,169,15346,3391,1795
195967587118,19,2847,48,2302,3391,1796
195967598698,458,3213,110,8096,3392,1796
195967609728,232,3624,48,2007,3393,1796
195967620854,22,2786,45,1784,3393,1797
195967631625,308,3172,155,14535,3394,1797
195967642738,117,3897,98,7826,3395,1797
195967654233,21,2824,40,1897,3395,1798
195967665363,339,2965,88,6044,3396,1798
195967676440,191,4364,43,900,3397,1798
195967687447,22,3103,32,839,3397,1799
195967698667,121,2968,399,35677,3398,1799
195967709698,160,3876,190,17335,3399,1799
195967720543,28,3338,61,2455,3399,1800
195967732139,243,3071,144,8261,3400,1800
195967743087,1682,3214,51,2391,3401,1800
195967753971,19,2830,44,2033,3401,1801
195967765129,394,3485,153,14523,3402,1801
195967776216,202,4291,55,2360,3403,1801
195967787714,32,3345,43,1916,3403,1802
195967798715,278,3195,54,2079,3404,1802
195967809767,153,3402,94,7127,3405,1802
195967820839,19,4419,48,1910,3405,1803
195967831993,219,3692,191,15059,3406,1803
195967843083,353,4369,110,7871,3407,1803
195967854230,22,3659,45,1846,3407,1804
195967865307,119,3574,45,2129,3408,1804
195967876361,291,4931,163,14654,3409,1804
195967887483,20,2967,45,2132,3409,1805
195967898537,258,3245,108,8032,3410,1805
195967909600,395,4198,118,9422,3411,1805
195967920698,20,3147,42,1255,3411,1806
195967931699,149,4652,46,1225,3412,1806
195967942811,158,5289,48,790,3413,1806
195967953942,29,3764,32,786,3413,1807
195967965032,133,3664,317,33244,3414,1807
195967976298,114,3490,126,10441,3415,1807
195967987323,20,3289,45,2278,3415,1808
195967998436,160,3686,59,2310,3416,1808
195968009481,134,4268,161,14055,3417,1808
195968020536,25,4474,50,2054,3417,1809
195968031676,150,3306,123,7865,3418,1809
195968043132,142,3519,151,13165,3419,1809
195968053931,20,2776,43,2019,3419,1810
195968065408,1167,3034,158,7166,3420,1810
195968076453,132,4559,169,15390,3421,1810
195968087450,20,2971,44,2151,3421,1811
195968098563,368,3020,101,7918,3422,1811
195968109584,216,4064,50,2193,3423,1811
195968120813,24,3030,47,1731,3423,1812
195968131895,247,3339,241,24349,3424,1812
195968143027,108,4158,49,1746,3425,1812
195968154194,20,3277,31,734,3425,1813
195968165298,112,3986,322,33893,3426,1813
195968176447,334,4605,69,3775,3427,1813
195968187510,21,3590,43,2142,3427,1814
195968198298,111,3399,50,1496,3428,1814
195968209638,310,5744,341,33272,3429,1814
195968220646,27,3889,126,3530,3429,1815
195968231794,147,3529,108,8672,3430,1815
195968242813,257,3847,55,2322,3431,1815
195968254133,19,3179,43,1939,3431,1816
195968265205,147,3201,160,13709,3432,1816
195968276240,211,3904,105,7733,3433,1816
195968287317,23,2917,77,1801,3433,1817
195968298324,158,3992,424,12120,3434,1817
195968309413,135,4756,96,6893,3435,1817
195968320912,23,3435,49,1904,3435,1818
195968331704,128,3455,164,15118,3436,1818
195968342776,112,4622,105,7760,3437,1818
195968354214,22,3136,43,1839,3437,1819
195968365165,120,3981,51,2115,3438,1819
195968376252,155,4849,180,14520,3439,1819
195968387247,20,3022,42,2009,3439,1820
195968398537,178,3082,51,1488,3440,1820
195968409747,240,3875,34,651,3441,1820
195968420841,22,3550,36,653,3441,1821
195968431850,321,3471,34,651,3442,1821
195968442859,186,4518,351,35716,3443,1821
195968454169,22,4213,65,3877,3443,1822
195968465401,229,3122,180,15459,3444,1822
195968476396,311,3936,110,8631,3445,1822
195968487503,20,2693,45,2019,3445,1823
195968498549,124,3092,54,2392,3446,1823
195968509840,111,3545,155,14330,3447,1823
195968520875,21,3250,51,2098,3447,1824
195968531915,154,4137,111,7919,3448,1824
195968542977,181,4318,150,12941,3449,1824
195968554039,25,3735,46,2030,3449,1825
195968564988,125,3896,95,7089,3450,1825
195968576234,193,3905,166,15315,3451,1825
195968587352,21,2946,53,2308,3451,1826
195968598545,316,3337,119,8010,3452,1826
195968609489,140,4034,45,2132,3453,1826
195968620500,58,4005,52,1854,3453,1827
195968631740,210,3596,154,13964,3454,1827
195968643147,360,3803,116,1483,3455,1827
195968654225,21,3147,29,745,3455,1828
195968665149,301,3822,38,746,3456,1828
195968676328,126,4247,355,34334,3457,1828
195968687365,21,3147,67,3742,3457,1829
195968698508,126,3939,101,7547,3458,1829
195968710007,355,4510,190,5556,3459,1829
195968720515,31,2829,89,795,3459,1830
195968732023,165,3030,348,35593,3460,1830
195968743069,130,3344,85,4240,3461,1830
195968754152,33,2575,62,2191,3461,1831
195968765340,166,36270,191,14542,3462,1831
195968813244,252,2680,150,7374,3463,1831
195968824396,24,3533,83,1721,3463,1832
195968835465,143,4018,243,15179,3464,1832
195968846633,109,4218,144,7697,3465,1832
195968857712,20,2636,55,1886,3465,1833
195968868917,162,3309,78,2199,3466,1833
195968880017,1189,3238,168,14435,3467,1833
195968891048,24,2698,50,2219,3467,1834
195968902131,260,4118,105,8139,3468,1834
195968913095,187,3902,167,15268,3469,1834
195968924510,23,2795,47,2197,3469,1835
195968935472,457,2991,55,2430,3470,1835
195968946412,303,3120,48,1487,3471,1835
195968957479,20,2994,87,701,3471,1836
195968968555,217,3020,311,32701,3472,1836
195968980108,114,2880,125,10014,3473,1836
195968991101,24,3497,57,2196,3473,1837
195969002224,223,3555,50,2255,3474,1837
195969013076,601,3631,153,13870,3475,1837
195969024117,23,3062,57,1987,3475,1838
195969035243,128,3061,100,7771,3476,1838
195969046373,159,3478,141,12853,3477,1838
195969057856,22,3050,135,1905,3477,1839
195969068594,194,3581,91,6911,3478,1839
195969080082,195,4184,168,15331,3479,1839
195969091014,21,2961,47,2178,3479,1840
195969102054,339,3243,104,7869,3480,1840
195969113384,113,3672,46,2115,3481,1840
195969124434,21,2891,51,1858,3481,1841
195969135384,132,3529,151,14476,3482,1841
195969146509,117,3222,128,7924,3483,1841
195969157532,19,3325,46,1798,3483,1842
195969168557,111,2779,192,14997,3484,1842
195969180074,104,2671,59,2405,3485,1842
195969191110,21,3202,47,1813,3485,1843
195969202149,346,3392,182,17364,3486,1843
195969213282,147,4001,70,2294,3487,1843
195969224394,31,2994,75,1832,3487,1844
195969235418,2191,3107,94,4624,3488,1844
195969246355,157,3281,41,776,3489,1844
195969257798,22,3359,40,734,3489,1845
195969268855,426,3936,341,35750,3490,1845
195969279923,115,3860,130,9516,3491,1845
195969291107,22,2716,65,2286,3491,1846
195969302184,159,2801,224,13645,3492,1846
195969313233,136,2627,97,7323,3493,1846
195969324272,28,2598,58,1879,3493,1847
195969335381,181,2682,161,14434,3494,1847
195969346421,112,2635,99,7622,3495,1847
195969357511,33,2639,49,2021,3495,1848
195969368529,115,2691,48,2405,3496,1848
195969379995,178,2682,226,14491,3497,1848
195969408486,912,2784,95,1877,3498,1848
195969423495,38,3773,59,880,3498,1849
195969434726,177,4241,520,34337,3499,1849
195969445867,133,4106,167,9285,3500,1849
195969457014,22,3389,75,2364,3500,1850
195969468143,191,2666,264,14996,3501,1850
195969479211,225,2782,145,8222,3502,1850
195969490168,26,2942,55,1904,3502,1851
195969501423,127,2650,145,13373,3503,1851
195969512269,442,3209,109,7953,3504,1851
195969523443,21,3675,45,1844,3504,1852
195969534506,224,3747,85,6114,3505,1852
195969545582,113,3351,347,34405,3506,1852
195969557133,21,3227,69,3827,3506,1853
195969568231,404,3352,47,1442,3507,1853
195969579455,245,3302,36,671,3508,1853
195969590089,22,2777,63,668,3508,1854
195969601173,308,4115,353,35535,3509,1854
195969612617,189,4531,77,3947,3510,1854
195969623766,24,3058,48,2149,3510,1855
195969634860,267,3102,165,14387,3511,1855
195969646344,444,3300,111,7613,3512,1855
195969656946,29,3097,63,1972,3512,1856
195969668113,259,3412,174,14951,3513,1856
195969679208,175,3908,59,2428,3514,1856
195969690322,21,3456,56,2041,3514,1857
195969701355,219,3213,95,7203,3515,1857
195969712523,244,4070,180,15243,3516,1857
195969723613,26,3776,52,2087,3516,1858
195969734609,376,3392,115,8306,3517,1858
195969745874,147,3208,52,2156,3518,1858
195969757093,22,3359,49,1835,3518,1859
195969768089,188,2973,56,2457,3519,1859
195969779297,425,2888,193,15035,3520,1859
195969790286,20,3015,53,2212,3520,1860
195969801315,200,3607,50,2536,3521,1860
195969812363,208,3555,101,7420,3522,1860
195969823775,21,2999,49,1861,3522,1861
195969834881,147,3342,154,14641,3523,1861
195969845927,290,3305,37,1098,3524,1861
195969857076,27,2828,40,710,3524,1862
195969868101,141,3826,401,35713,3525,1862
195969879138,136,3568,171,16367,3526,1862
195969890203,21,3537,55,2587,3526,1863
195969901384,196,3452,97,7992,3527,1863
195969912449,167,3398,220,15078,3528,1863
195969923566,23,2999,51,2114,3528,1864
195969934546,253,3507,58,2355,3529,1864
195969945675,108,3523,93,7138,3530,1864
195969957221,21,3141,51,1823,3530,1865
195969968194,177,3472,232,15139,3531,1865
195969979168,123,3133,109,8428,3532,1865
195969990167,19,2750,290,1909,3532,1866
195970001208,197,2952,157,13505,3533,1866
195970012507,272,2809,103,7762,3534,1866
195970023476,21,2939,46,1802,3534,1867
195970034746,146,3430,158,14696,3535,1867
195970045851,194,3316,55,2537,3536,1867
195970056946,20,3229,47,1912,3536,1868
195970067994,117,2952,52,1362,3537,1868
195970078925,269,2986,308,32957,3538,1868
195970090522,28,2939,70,3554,3538,1869
195970101423,138,4198,98,7931,3539,1869
195970112455,356,3084,52,2283,3540,1869
195970123485,21,3447,48,1925,3540,1870
195970134637,152,4121,149,13654,3541,1870
195970145633,114,3219,96,7664,3542,1870
195970156699,20,3113,49,1752,3542,1871
195970167867,185,3176,190,14662,3543,1871
195970179387,111,2933,52,2397,3544,1871
195970190410,21,2568,46,1999,3544,1872
195970201435,122,3231,91,7029,3545,1872
195970212676,154,5257,176,15409,3546,1872
195970223815,24,2939,51,2049,3546,1873
195970234794,143,3433,209,8107,3547,1873
195970246077,118,3203,47,2097,3548,1873
195970256772,21,3637,62,1785,3548,1874
195970267853,119,4229,53,2432,3549,1874
195970279414,131,4193,162,14977,3550,1874
195970290305,21,3339,54,2167,3550,1875
195970301404,162,3006,44,1832,3551,1875
195970312728,214,3547,364,33995,3552,1875
195970323940,22,3080,68,3710,3552,1876
195970334732,115,4025,58,2783,3553,1876
195970345864,190,3220,93,7159,3554,1876
195970356855,21,3357,49,1320,3554,1877
195970367948,149,3063,217,21997,3555,1877
195970379076,277,3347,148,13634,3556,1877
195970390501,20,2867,54,1738,3556,1878
195970401589,145,4006,138,7554,3557,1878
195970412332,113,2805,211,14613,3558,1878
195970423537,22,2791,47,1758,3558,1879
195970434625,167,3225,54,2090,3559,1879
195970445785,121,3424,94,6691,3560,1879
195970456775,21,3107,52,1392,3560,1880
195970468158,183,3104,328,33520,3561,1880
195970479327,248,3386,147,8653,3562,1880
195970490322,29,3062,67,2209,3562,1881
195970501483,143,3648,81,5147,3563,1881
195970512659,129,4232,46,849,3564,1881
195970523343,21,3010,48,805,3564,1882
195970534753,133,4126,378,35802,3565,1882
195970549028,238,3557,181,16666,3566,1882
195970556837,20,3154,59,2606,3566,1883
195970567871,148,3276,126,8188,3567,1883
195970579495,204,3249,170,15221,3568,1883
195970590166,19,2763,48,2090,3568,1884
195970601219,119,2707,95,7667,3569,1884
195970612739,593,3203,53,1531,3570,1884
195970623777,21,2836,35,896,3570,1885
195970634944,201,3002,352,43140,3571,1885
195970645746,371,3555,169,10740,3572,1885
195970656859,20,2775,56,2736,3572,1886
195970667828,207,3437,161,15410,3573,1886
195970679462,579,3225,64,3029,3574,1886
195970690451,21,3290,55,2379,3574,1887
195970701513,142,4397,96,7707,3575,1887
195970712475,151,2762,217,15727,3576,1887
195970723788,63,3404,60,2677,3576,1888
195970734917,322,3041,119,9726,3577,1888
195970746015,241,3819,186,15050,3578,1888
195970757315,22,2825,80,2607,3578,1889
195970767972,360,3414,140,1696,3579,1889
195970779079,213,3283,38,747,3580,1889
195970790049,23,2856,37,744,3580,1890
195970801310,344,4050,326,33531,3581,1890
195970812321,399,3345,64,3685,3582,1890
195970823399,22,3515,50,2131,3582,1891
195970834985,121,3455,49,1963,3583,1891
195970846000,126,3096,97,7520,3584,1891
195970857026,22,3120,56,1826,3584,1892
195970868068,130,3026,46,2133,3585,1892
195970879297,480,3162,163,13897,3586,1892
195970890292,44,2926,49,2006,3586,1893
195970901393,306,3042,98,7886,3587,1893
195970912438,160,3005,166,15091,3588,1893
195970923521,23,3486,60,2147,3588,1894
195970934525,198,4539,63,2450,3589,1894
195970946013,254,3410,100,7390,3590,1894
195970956845,23,3876,58,1773,3590,1895
195970968178,280,3534,186,15182,3591,1895
195970979248,176,3282,129,8300,3592,1895
195970990517,34,3148,72,1889,3592,1896
195971001579,139,3930,86,5215,3593,1896
195971012593,226,3708,428,36249,3594,1896
195971023665,29,3431,73,3784,3594,1897
195971034711,274,3160,132,8104,3595,1897
195971045774,145,3261,161,13898,3596,1897
195971056844,26,2626,53,2211,3596,1898
195971067975,171,3010,102,8089,3597,1898
195971079088,160,3401,166,14530,3598,1898
195971090165,31,3270,58,2245,3598,1899
195971101189,242,3915,103,7935,3599,1899
195971112374,126,2950,49,2242,3600,1899
195971123414,23,2786,52,1988,3600,1900
195971134579,133,3023,275,14626,3601,1900
195971145695,217,3074,100,8078,3602,1900
195971156724,23,2796,59,1868,3602,1901
195971168290,285,3655,169,14970,3603,1901
195971179395,124,2941,65,2801,3604,1901
195971190479,23,3133,50,2069,3604,1902
195971201542,223,4420,101,7321,3605,1902
195971212578,182,3642,177,15496,3606,1902
195971223757,27,3166,62,2307,3606,1903
195971234797,200,3297,107,9145,3607,1903
195971245942,259,3864,161,14897,3608,1903
195971256896,24,3273,61,2461,3608,1904
195971267977,135,2910,107,8160,3609,1904
195971279291,203,3332,163,14588,3610,1904
195971290179,28,2835,49,1348,3610,1905
195971301364,121,3856,43,1591,3611,1905
195971312483,95,3959,350,34280,3612,1905
195971323505,19,3787,183,3752,3612,1906
195971334574,150,2959,53,2734,3613,1906
195971345749,138,3461,96,7512,3614,1906
195971356873,22,2955,51,1821,3614,1907
195971368127,131,2852,45,2117,3615,1907
195971379347,393,3860,158,13844,3616,1907
195971390310,20,3124,50,2030,3616,1908
195971401387,113,3471,98,7760,3617,1908
195971412286,280,4306,172,14824,3618,1908
195971423810,21,3295,57,2304,3618,1909
195971434930,126,3810,212,2599,3619,1909
195971445724,130,3782,102,7197,3620,1909
195971456959,23,3288,54,1894,3620,1910
195971468036,151,3274,164,14959,3621,1910
195971479058,238,3851,110,8224,3622,1910
195971489958,23,3141,46,1961,3622,1911
195971501423,123,3269,156,13367,3623,1911
195971512494,154,4485,100,7849,3624,1911
195971523479,20,3105,50,1757,3624,1912
195971534526,202,3282,83,6024,3625,1912
195971545650,112,4013,69,3621,3626,1912
195971556754,22,3330,40,697,3626,1913
195971568247,288,3641,115,1084,3627,1913
195971579398,199,3209,38,665,3628,1913
195971590408,23,3800,125,666,3628,1914
195971601446,370,3700,374,35756,3629,1914
195971612570,132,3552,70,3993,3630,1914
195971623741,21,3371,55,2153,3630,1915
195971634443,165,3396,160,14341,3631,1915
195971645745,300,3719,110,7583,3632,1915
195971657141,25,3005,82,1909,3632,1916
195971667988,125,2674,156,14919,3633,1916
195971679126,280,3485,60,2481,3634,1916
195971690274,22,2944,52,2037,3634,1917
195971701126,165,3089,102,7354,3635,1917
195971712679,413,4314,176,15206,3636,1917
195971723277,30,4831,358,44535,3636,1918
195971734715,321,3755,119,10156,3637,1918
195971745568,643,3295,138,7483,3638,1918
195971757205,21,2850,66,4449,3638,1919
195971768181,237,3192,60,3802,3639,1919
195971779173,216,3050,159,14846,3640,1919
195971790266,25,3239,54,2502,3640,1920
195971801286,381,3324,144,13455,3641,1920
195971812449,272,3762,108,7756,3642,1920
195971823389,29,3222,56,2537,3642,1921
195971834947,161,3838,83,4281,3643,1921
195971846092,356,3145,43,793,3644,1921
195971857016,24,2978,41,714,3644,1922
195971868340,308,3389,32,711,3645,1922
195971879263,1099,4666,36,710,3646,1922
195971891550,288,5380,53,711,3646,1923
195971904594,292,3126,392,35874,3647,1923
195971915410,235,3747,195,16740,3648,1923
195971923746,124,2967,149,2571,3648,1924
195971934689,141,3814,52,2421,3649,1924
195971945767,120,3812,95,6805,3650,1924
195971956952,23,4719,471,45269,3650,1925
195971968341,1262,3468,179,15060,3651,1925
195971979222,122,2703,156,13692,3652,1925
195971990278,24,2939,71,4556,3652,1926
195972001630,119,2665,66,3469,3653,1926
195972012680,273,3146,163,15225,3654,1926
195972023671,21,3221,63,2907,3654,1927
195972034775,189,3952,57,3275,3655,1927
195972045843,129,3590,63,3047,3656,1927
195972056885,20,4488,351,45056,3656,1928
195972067941,135,3719,102,7387,3657,1928
195972079067,218,3706,109,8593,3658,1928
195972090016,22,3110,79,4399,3658,1929
195972101837,258,3374,111,8590,3659,1929
195972112405,199,3780,222,13053,3660,1929
195972123806,23,3032,59,2459,3660,1930
195972134957,176,3645,157,14454,3661,1930
195972145952,319,3232,111,8390,3662,1930
195972156948,20,2968,50,2272,3662,1931
195972168509,331,3635,147,5979,3663,1931
195972179040,339,3498,35,877,3664,1931
195972190184,20,3228,38,734,3664,1932
195972201261,143,3916,350,35632,3665,1932
195972212293,219,3080,186,17281,3666,1932
195972223677,27,3223,72,2309,3666,1933
195972234750,227,3128,105,8232,3667,1933
195972245879,121,3409,54,2404,3668,1933
195972256913,24,2957,51,1956,3668,1934
195972268282,149,3966,158,14387,3669,1934
195972279217,170,3505,56,2542,3670,1934
195972290469,20,2843,48,2071,3670,1935
195972301537,743,2817,57,2249,3671,1935
195972312564,142,3374,99,7118,3672,1935
195972323639,25,2855,67,1906,3672,1936
195972334509,134,3393,212,15205,3673,1936
195972346014,153,3638,106,7985,3674,1936
195972357047,21,2644,48,1873,3674,1937
195972368064,280,2932,45,2122,3675,1937
195972379406,144,2633,160,14759,3676,1937
195972390279,250,2918,57,2140,3676,1938
195972401268,153,2627,143,7988,3677,1938
195972412391,122,2654,65,4262,3678,1938
195972458684,155,2996,61,924,3679,1938
195972475218,32,6749,51,887,3679,1939
195972484647,163,4543,198,16945,3680,1939
195972495621,241,3981,170,15195,3681,1939
195972510670,195,4158,73,2426,3682,1939
195972518154,137,3940,46,685,3682,1940
195972529199,177,3315,595,36054,3683,1940
195972540180,144,3071,81,3697,3683,1941
195972551257,172,3312,164,15236,3684,1941
195972562007,240,3732,102,7449,3685,1941
195972573455,1561,5269,70,1893,3685,1942
195972585085,192,3346,177,15342,3686,1942
195972595710,127,3113,112,7924,3687,1942
195972606894,157,3055,53,1930,3687,1943
195972618286,141,2802,47,2211,3688,1943
195972628935,140,3126,184,14839,3689,1943
195972639919,144,3230,79,2166,3689,1944
195972650894,346,3305,109,8151,3690,1944
195972662028,183,3063,160,15198,3691,1944
195972673169,152,3587,50,2224,3691,1945
195972684599,139,3934,59,2456,3692,1945
195972695529,114,3206,92,6459,3693,1945
195972706607,156,3369,53,963,3693,1946
195972718245,314,3202,72,4150,3694,1946
195972728588,107,3196,41,870,3695,1946
195972739784,19,3143,37,827,3695,1947
195972750997,123,3435,349,35821,3696,1947
195972762128,107,4289,203,16367,3697,1947
195972773273,26,2621,57,2500,3697,1948
195972784474,148,2732,95,7734,3698,1948
195972796469,377,3217,166,15030,3699,1948
195972806561,22,4009,50,2121,3699,1949
195972817525,301,3739,119,8180,3700,1949
195972828892,139,3564,170,15316,3701,1949
195972839929,24,4032,53,2195,3701,1950
195972850957,251,4259,101,7838,3702,1950
195972862387,208,3371,54,2111,3703,1950
195972873568,178,2985,46,1849,3703,1951
195972884712,218,3614,151,14482,3704,1951
195972895513,373,3101,129,8042,3705,1951
195972906574,265,3259,58,1937,3705,1952
195972917955,411,4068,157,14987,3706,1952
195972928754,192,3710,60,2473,3707,1952
195972939774,383,3371,72,2028,3707,1953
195972951139,917,3938,133,7301,3708,1953
195972961948,156,2681,217,15169,3709,1953
195972973366,28,3411,49,1799,3709,1954
195972984519,463,3323,100,7828,3710,1954
195972995611,163,2962,82,4865,3711,1954
195973006573,28,3246,35,854,3711,1955
195973018129,709,2918,33,749,3712,1955
195973029100,168,3186,370,36223,3713,1955
195973040070,22,2853,71,3742,3713,1956
195973051223,302,3181,155,15165,3714,1956
195973062329,249,2900,108,7322,3715,1956
195973073102,22,3071,85,1845,3715,1957
195973084316,116,3065,157,15085,3716,1957
195973095442,178,3166,100,7646,3717,1957
195973106992,28,3213,51,1906,3717,1958
195973117902,211,3132,45,2235,3718,1958
195973128922,163,3562,152,14407,3719,1958
195973140040,21,2796,61,2304,3719,1959
195973151193,132,2627,101,8074,3720,1959
195973162285,351,3761,160,15033,3721,1959
195973173453,24,3476,48,2200,3721,1960
195973184169,300,3245,63,2407,3722,1960
195973195270,175,3281,42,1456,3723,1960
195973206740,21,3766,44,688,3723,1961
195973217884,216,3524,319,33361,3724,1961
195973229023,177,3402,117,10166,3725,1961
195973239959,26,3457,54,2271,3725,1962
195973250991,136,3444,51,2402,3726,1962
195973261974,187,3868,155,13831,3727,1962
195973273100,21,3712,47,1832,3727,1963
195973284133,119,2710,102,7426,3728,1963
195973295513,158,2748,147,12834,3729,1963
195973306580,23,2573,48,1948,3729,1964
195973317615,162,2620,100,6977,3730,1964
195973328728,158,2678,209,15343,3731,1964
195973339766,28,2584,57,2318,3731,1965
195973350802,123,2639,94,7997,3732,1965
195973361998,119,2618,46,2077,3733,1965
195973405168,226,2848,73,3036,3734,1965
195973419554,219,2779,766,33851,3735,1965
195973430677,137,4182,222,3778,3736,1965
195973441756,26,5058,63,2120,3736,1966
195973452956,249,3906,124,6876,3737,1966
195973464033,151,4039,119,5225,3738,1966
195973475461,31,4835,61,780,3738,1967
195973486454,221,2983,42,754,3739,1967
195973497511,668,3643,382,35928,3740,1967
195973508462,135,5769,80,3725,3740,1968
195973519670,22,3260,44,2195,3740,1969
195973530724,157,3258,54,2562,3741,1969
195973541751,157,5906,53,1783,3741,1970
195973553092,28,4092,102,1749,3741,1971
195973563923,2040,3443,81,4460,3742,1971
195973575083,21,4751,57,1765,3742,1972
195973586576,130,3177,161,15111,3743,1972
195973597564,199,3143,96,7306,3744,1972
195973608631,29,4671,57,1953,3744,1973
195973619850,327,3294,54,2369,3745,1973
195973630779,419,4352,153,14455,3746,1973
195973641607,123,5500,60,2088,3746,1974
195973652806,2999,4159,114,7926,3747,1974
195973664498,177,4284,167,14984,3748,1974
195973675413,174,6214,115,2364,3748,1975
195973686535,19,3297,51,2223,3748,1976
195973697638,204,3596,101,8365,3749,1976
195973709449,276,4091,39,1056,3750,1976
195973719992,154,3432,49,711,3750,1977
195973730564,265,3774,77,4276,3751,1977
195973742375,118,6028,366,35748,3752,1977
195973753525,227,3592,71,3700,3752,1978
195973764363,334,4260,164,14755,3753,1978
195973774978,27,6590,53,2111,3753,1979
195973788238,276,3727,103,7616,3754,1979
195973797582,199,3763,160,14927,3755,1979
195973808648,175,4456,59,2169,3755,1980
195973819757,20,2571,45,2076,3755,1981
195973830918,142,3500,54,2714,3756,1981
195973842016,20,4837,48,1768,3756,1982
195973853246,114,2827,93,7659,3757,1982
195973864300,122,2876,44,2066,3758,1982
195973875675,160,4253,151,14217,3759,1982
195973886512,233,2725,87,2151,3759,1983
195973897199,158,2867,99,8060,3760,1983
195973908422,23,5166,54,1857,3760,1984
195973919883,173,3458,160,14971,3761,1984
195973930980,190,3014,58,2513,3762,1984
195973942091,23,4639,50,1966,3762,1985
195973953203,222,2963,92,7213,3763,1985
195973964101,306,3748,177,15301,3764,1985
195973975069,28,6854,363,44208,3764,1986
195973986188,844,2946,116,10231,3765,1986
195973997294,129,3041,94,7502,3766,1986
195974008360,25,4909,68,4438,3766,1987
195974019526,182,3457,163,15286,3767,1987
195974030843,238,3485,67,3509,3768,1987
195974042099,160,4514,54,3078,3769,1987
195974053106,20,3061,59,2893,3769,1988
195974064301,641,3549,98,7819,3770,1988
195974074934,34,7607,399,45249,3770,1989
195974086200,119,3536,167,15058,3771,1989
195974097288,344,3889,95,7297,3772,1989
195974108456,23,5508,53,1566,3772,1990
195974119371,326,3565,76,4421,3773,1990
195974130822,238,3834,36,885,3774,1990
195974141856,25,4672,48,799,3774,1991
195974152829,182,3066,31,768,3775,1991
195974163879,418,3653,368,33762,3776,1991
195974175647,143,6595,351,45108,3777,1991
195974186450,21,2645,83,5889,3777,1992
195974197578,137,3081,140,13093,3778,1992
195974208788,332,4198,665,14177,3779,1992
195974219803,28,2711,54,3358,3779,1993
195974230857,152,3812,120,9658,3780,1993
195974242055,23,4525,55,2746,3780,1994
195974253054,132,4165,58,2950,3781,1994
195974264217,244,3537,166,14917,3782,1994
195974275343,22,4679,62,2756,3782,1995
195974286361,335,3348,56,3190,3783,1995
195974297602,262,3424,54,2985,3784,1995
195974308492,39,6404,62,2701,3784,1996
195974319652,343,3565,96,7895,3785,1996
195974330912,199,3472,189,15953,3786,1996
195974342041,56,5390,62,3193,3786,1997
195974353039,290,3863,200,8961,3787,1997
195974364049,1117,3331,57,2863,3788,1997
195974375115,22,5934,62,2610,3788,1998
195974386547,372,4477,173,15295,3789,1998
195974397238,467,3584,105,8929,3790,1998
195974408696,23,4900,65,2830,3790,1999
195974419346,357,3441,208,14313,3791,1999
195974430936,136,3074,50,1298,3792,1999
195974442039,23,4679,38,728,3792,2000
195974453146,245,3439,403,35633,3793,2000
195974464448,179,3065,187,17346,3794,2000
195974475220,25,5104,62,2469,3794,2001
195974486399,135,2809,121,8394,3795,2001
195974497427,145,2711,72,2203,3796,2001
195974508512,22,4850,52,1879,3796,2002
195974519567,345,3471,151,14351,3797,2002
195974530691,162,3319,105,7847,3798,2002
195974541709,37,5141,51,1850,3798,2003
195974553021,236,2946,138,12267,3799,2003
195974564438,302,3087,93,7022,3800,2003
195974575428,174,4859,188,15091,3801,2003
195974586070,20,2967,44,2264,3801,2004
195974597210,116,3486,100,7976,3802,2004
195974608877,138,4758,51,2121,3803,2004
195974619404,22,3169,44,1829,3803,2005
195974631006,293,3675,161,14588,3804,2005
195974641999,20,5177,59,2024,3804,2006
195974652964,218,4056,108,7945,3805,2006
195974664380,329,3264,158,14904,3806,2006
195974675916,295,4196,61,1808,3807,2006
195974686726,180,3289,37,796,3807,2007
195974697582,203,2927,52,853,3808,2007
195974708361,36,5335,52,699,3808,2008
195974719536,451,3438,322,33150,3809,2008
195974730631,330,3614,213,10076,3810,2008
195974741672,25,4829,50,2272,3810,2009
195974753202,241,3271,121,2407,3811,2009
195974764405,723,4578,376,46077,3812,2009
195974775330,22,4906,92,5925,3812,2010
195974786114,303,3316,159,13870,3813,2010
195974797263,270,4854,173,15285,3814,2010
195974808268,170,5463,75,3417,3814,2011
195974819514,385,3455,106,8223,3815,2011
195974831062,313,3889,179,16369,3816,2011
195974842191,129,5683,73,2823,3816,2012
195974853067,54,3633,64,2832,3816,2013
195974864364,298,3475,107,9115,3817,2013
195974875360,350,5291,71,2840,3817,2014
195974886452,58,3284,59,2835,3817,2015
195974897488,327,3646,56,3425,3818,2015
195974908815,197,5761,182,15572,3819,2015
195974920304,118,4386,70,3112,3819,2016
195974930646,233,3742,66,3230,3820,2016
195974942087,140,6282,90,6308,3821,2016
195974953779,244,4084,74,715,3821,2017
195974964204,217,3304,79,3932,3822,2017
195974975524,45,5437,37,727,3822,2018
195974991958,391,4795,48,702,3823,2018
195975008836,277,2744,351,36192,3824,2018
195975020296,148,2879,62,3736,3824,2019
195975030705,109,2933,106,8007,3825,2019
195975041687,66,5235,54,1942,3825,2020
195975052786,183,3879,155,13487,3826,2020
195975063908,99,4199,98,7121,3827,2020
195975075746,96,4664,334,14417,3828,2020
195975086705,118,3113,372,2131,3828,2021
195975097622,169,4069,110,7857,3829,2021
195975108929,168,5337,54,2102,3830,2021
195975119806,21,3590,44,1860,3830,2022
195975131055,199,3776,160,14488,3831,2022
195975142168,142,4915,111,8024,3832,2022
195975152759,24,2952,44,1882,3832,2023
195975164315,138,3577,159,14567,3833,2023
195975175316,23,5145,59,1727,3833,2024
195975186070,149,3664,222,22483,3834,2024
195975197636,114,3503,91,6287,3835,2024
195975208723,24,5101,52,751,3835,2025
195975219890,188,3244,67,3988,3836,2025
195975230956,109,3307,34,767,3837,2025
195975242113,165,5249,363,35690,3838,2025
195975253113,24,3302,64,3713,3838,2026
195975264175,116,3525,178,14694,3839,2026
195975275266,21,5150,55,2195,3839,2027
195975286058,308,3671,96,7697,3840,2027
195975297718,487,3279,162,14934,3841,2027
195975308879,163,5083,115,7506,3842,2027
195975319702,22,3609,50,1954,3842,2028
195975331094,146,3605,172,15359,3843,2028
195975342058,22,4844,57,1906,3843,2029
195975353188,128,3735,98,7667,3844,2029
195975364398,190,3407,90,2323,3845,2029
195975375264,27,4914,51,1994,3845,2030
195975386269,111,2964,151,14118,3846,2030
195975397433,135,3109,274,27891,3847,2030
195975408422,27,5521,61,1770,3847,2031
195975419636,144,3102,159,14645,3848,2031
195975430746,140,3155,53,2372,3849,2031
195975441787,24,5993,50,1854,3849,2032
195975453025,217,3736,92,7099,3850,2032
195975464074,137,3136,176,15138,3851,2032
195975475177,23,5503,50,1738,3851,2033
195975486223,128,3635,38,1178,3852,2033
195975497228,105,2934,42,675,3853,2033
195975508821,138,4436,362,36154,3854,2033
195975519413,22,3028,66,3737,3854,2034
195975530866,135,4276,143,7875,3855,2034
195975541938,116,5324,151,13666,3856,2034
195975552791,20,3727,43,2138,3856,2035
195975564312,309,3725,114,8144,3857,2035
195975575319,28,5212,53,1767,3857,2036
195975586602,162,4199,152,14441,3858,2036
195975597313,252,3063,104,7570,3859,2036
195975608592,22,5381,88,1860,3859,2037
195975619435,165,3274,48,2189,3860,2037
195975630648,226,3633,157,14458,3861,2037
195975641895,20,4384,56,2234,3861,2038
195975653224,164,2669,108,8039,3862,2038
195975664339,129,2728,171,15005,3863,2038
195975675089,28,4664,64,2142,3863,2039
195975686393,166,2650,53,2402,3864,2039
195975697298,122,2652,101,7279,3865,2039
195975708380,20,4606,56,1848,3865,2040
195975719505,193,2710,179,15228,3866,2040
195975730706,20327,2871,125,8412,3867,2040
195975765552,166,2902,233,13905,3868,2040
195975776720,132,4092,76,2502,3869,2040
195975787299,22,3362,63,2170,3869,2041
195975798404,122,3871,69,2359,3870,2041
195975809553,124,4089,141,7397,3871,2041
195975820661,37,2685,47,1813,3871,2042
195975832227,193,3422,177,15405,3872,2042
195975842999,1132,3971,107,7891,3873,2042
195975854117,28,2768,52,2006,3873,2043
195975865173,124,2995,45,1569,3874,2043
195975876633,110,3625,55,2726,3875,2043
195975887610,20,3229,37,759,3875,2044
195975898618,307,3985,346,36042,3876,2044
195975909712,122,4652,180,16716,3877,2044
195975921133,22,3250,53,2488,3877,2045
195975931782,154,3713,57,2346,3878,2045
195975943180,265,3141,95,7022,3879,2045
195975954125,23,3536,49,1782,3879,2046
195975965198,212,3909,195,14926,3880,2046
195975976326,363,3307,119,9274,3881,2046
195975987322,22,3654,40,1946,3881,2047
195975998872,178,3097,52,2296,3882,2047
195976009947,816,3382,158,14572,3883,2047
195976020972,21,3244,45,2037,3883,2048
195976031744,117,2917,101,7701,3884,2048
195976043358,114,2756,314,32717,3885,2048
195976054095,22,2765,56,2702,3885,2049
195976065379,258,3036,98,7575,3886,2049
195976076424,208,3508,167,15494,3887,2049
195976087485,21,3354,46,2186,3887,2050
195976098501,199,3655,104,7839,3888,2050
195976110029,178,3316,149,12454,3889,2050
195976121235,24,2870,54,1822,3889,2051
195976132078,136,3313,183,14393,3890,2051
195976143104,175,3098,51,1683,3891,2051
195976154465,28,2763,37,717,3891,2052
195976165179,377,3060,39,717,3892,2052
195976176261,175,3777,257,23954,3893,2052
195976187452,23,3995,54,3062,3893,2053
195976198762,327,3027,182,17907,3894,2053
195976209824,161,4119,173,15077,3895,2053
195976220845,27,3211,178,2065,3895,2054
195976232132,121,3329,102,7953,3896,2054
195976243289,193,3306,60,2725,3897,2054
195976253977,23,3857,56,2305,3897,2055
195976265152,365,3158,158,14718,3898,2055
195976276230,170,4042,62,2699,3899,2055
195976287608,21,3387,50,2305,3899,2056
195976298676,224,3871,54,2582,3900,2056
195976309928,206,4318,103,7309,3901,2056
195976320899,21,3130,58,2420,3901,2057
195976332041,253,3559,171,15485,3902,2057
195976343219,205,4219,185,8251,3903,2057
195976354281,26,3083,121,2341,3903,2058
195976365492,127,2647,62,2614,3904,2058
195976376620,212,4114,170,15030,3905,2058
195976387401,34,4228,82,2493,3905,2059
195976398591,290,3074,54,2000,3906,2059
195976409666,347,4182,44,1186,3907,2059
195976420649,23,3492,37,1180,3907,2060
195976431955,296,3864,360,34727,3908,2060
195976443174,315,4097,116,9423,3909,2060
195976453991,26,3516,61,2719,3909,2061
195976465625,407,3077,173,15243,3910,2061
195976476304,133,3982,117,8733,3911,2061
195976487564,23,2880,49,2345,3911,2062
195976498655,214,3156,66,2668,3912,2062
195976509794,490,3333,210,14759,3913,2062
195976520800,23,3021,49,2603,3913,2063
195976531766,128,3163,63,2880,3914,2063
195976543283,220,3536,63,2761,3915,2063
195976554322,23,3277,53,2304,3915,2064
195976565363,222,3585,100,7492,3916,2064
195976576542,274,4686,177,15547,3917,2064
195976587594,24,2683,49,2520,3917,2065
195976598642,354,3269,193,18716,3918,2065
195976609641,120,4510,56,2391,3919,2065
195976620780,23,3474,50,1796,3919,2066
195976632045,282,4202,162,14481,3920,2066
195976643107,262,5087,273,28351,3921,2066
195976654428,20,3096,47,2283,3921,2067
195976666281,320,3469,96,6541,3922,2067
195976676564,250,4460,347,35069,3923,2067
195976687520,24,4378,69,4223,3923,2068
195976698433,288,3499,125,8058,3924,2068
195976709897,275,4937,177,15241,3925,2068
195976720906,26,3746,58,2629,3925,2069
195976731919,225,3489,112,8782,3926,2069
195976742982,334,3808,58,2651,3927,2069
195976754459,23,2528,50,2379,3927,2070
195976765491,313,4052,295,14905,3928,2070
195976776583,114,2901,108,8682,3929,2070
195976787334,22,3162,68,2160,3929,2071
195976798957,137,3398,236,23281,3930,2071
195976809967,179,3770,102,7718,3931,2071
195976821143,24,3135,60,2517,3931,2072
195976832199,421,3297,172,15588,3932,2072
195976843388,427,3984,117,8406,3933,2072
195976854353,32,3136,60,2384,3933,2073
195976865455,133,3895,69,2745,3934,2073
195976876569,312,3289,169,15007,3935,2073
195976887691,25,3883,55,2602,3935,2074
195976898732,203,3848,108,7798,3936,2074
195976909630,145,4478,383,44353,3937,2074
195976920661,21,3324,73,5687,3937,2075
195976932279,220,3858,55,2369,3938,2075
195976943376,262,3575,42,1592,3939,2075
195976954373,22,3676,44,1155,3939,2076
195976965495,394,3457,46,1149,3940,2076
195976976511,286,3568,400,36204,3941,2076
195976987761,34,3260,65,4150,3941,2077
195976998816,423,3495,60,2859,3942,2077
195977010010,300,3631,163,14888,3943,2077
195977021177,21,3384,54,2559,3943,2078
195977032225,424,3057,105,8149,3944,2078
195977043327,330,3090,197,15449,3945,2078
195977054266,27,2722,61,2433,3945,2079
195977065764,196,2730,111,8428,3946,2079
195977076624,473,5841,182,15649,3947,2079
195977087666,25,3469,60,2589,3947,2080
195977098690,145,4001,115,8273,3948,2080
195977109826,151,4919,63,2814,3949,2080
195977120881,21,3004,61,2452,3949,2081
195977131935,308,3663,169,14986,3950,2081
195977143098,178,4413,119,8631,3951,2081
195977154110,23,3585,53,2393,3951,2082
195977165211,263,3474,167,15411,3952,2082
195977176423,254,3494,63,3022,3953,2082
195977187452,22,4054,51,2424,3953,2083
195977198834,140,4117,105,7749,3954,2083
195977210339,454,3372,398,15836,3955,2083
195977220671,26,3107,59,2689,3955,2084
195977232130,146,3033,46,1833,3956,2084
195977243269,191,4727,63,1155,3957,2084
195977254407,30,3695,48,1151,3957,2085
195977265457,163,4209,376,36475,3958,2085
195977276183,169,5098,126,9929,3959,2085
195977287309,23,3983,60,2787,3959,2086
195977298791,133,3189,192,14060,3960,2086
195977309826,383,3460,100,7901,3961,2086
195977321054,46,2667,50,2292,3961,2087
195977332090,115,2937,155,14874,3962,2087
195977343182,124,3613,107,7915,3963,2087
195977354268,22,3435,51,2336,3963,2088
195977365376,176,3111,62,2667,3964,2088
195977376667,298,3405,164,14820,3965,2088
195977387830,24,3061,55,2468,3965,2089
195977398826,543,3104,113,8353,3966,2089
195977409890,208,3900,171,15387,3967,2089
195977421065,21,2901,57,2686,3967,2090
195977432120,219,4148,61,2933,3968,2090
195977443133,389,3796,104,7613,3969,2090
195977454138,23,3514,51,2393,3969,2091
195977465260,145,3014,182,15611,3970,2091
195977476262,424,3468,116,8291,3971,2091
195977487509,32,3464,52,2363,3971,2092
195977498482,119,4296,160,14310,3972,2092
195977509579,105,3834,52,1990,3973,2092
195977521111,84,4234,48,1228,3973,2093
195977532371,112,2917,56,1221,3974,2093
195977543122,304,3723,352,34354,3975,2093
195977554009,24,2897,72,4080,3975,2094
195977565197,136,3035,53,2745,3976,2094
195977576167,527,4352,54,2400,3977,2094
195977587733,105,3200,48,2216,3977,2095
195977598880,115,3018,103,8201,3978,2095
195977609883,161,3263,52,2405,3979,2095
195977620994,22,2818,45,2189,3979,2096
195977632013,111,3223,152,14393,3980,2096
195977643035,109,3431,105,8283,3981,2096
195977654371,20,3076,49,2203,3981,2097
195977665459,117,3067,167,15308,3982,2097
195977676613,111,2996,54,3071,3983,2097
195977687637,276,3755,60,2409,3983,2098
195977698639,526,3844,104,7597,3984,2098
195977709651,209,4598,106,5946,3985,2098
195977721166,229,3439,53,1358,3985,2099
195977732141,532,3457,76,1312,3986,2099
195977743025,284,3744,363,36213,3987,2099
195977754081,385,3127,74,4191,3987,2100
195977770928,144,3138,178,15367,3988,2100
195977777193,350,3119,64,3149,3989,2100
195977787556,260,3073,57,2367,3989,2101
195977798636,191,3674,52,2547,3990,2101
195977809980,253,4173,86,6362,3991,2101
195977821424,264,3281,52,1312,3991,2102
195977832108,112,2726,153,14349,3992,2102
195977843139,129,2983,375,38508,3993,2102
195977854519,26,2535,102,4053,3993,2103
195977865558,183,2715,69,2951,3994,2103
195977876237,113,3146,156,14352,3995,2103
195977887556,92,2688,56,1549,3995,2104
195977920770,230,2759,54,1723,3996,2104
195977935359,127,2736,360,34714,3997,2104
195977946524,140,2736,173,9409,3998,2104
195977957689,132,5645,91,2668,3998,2105
195977969458,168,3896,263,15270,3999,2105
195977979572,117,3896,166,8310,4000,2105
195977991209,189,5194,74,2411,4000,2106
195978002037,28,3225,56,2365,4000,2107
195978013402,192,2983,82,5611,4001,2107
195978024000,180,3098,57,1290,4001,2108
195978035099,338,3405,391,36520,4002,2108
195978046082,118,3222,185,17146,4003,2108
195978057649,374,6101,63,3004,4003,2109
195978068800,130,3610,61,2905,4004,2109
195978079412,124,3434,61,2509,4005,2109
195978090864,121,6134,59,2326,4005,2110
195978102036,181,4349,103,8021,4006,2110
195978112805,174,3708,55,2547,4007,2110
195978123942,22,3104,53,2231,4007,2111
195978135182,198,3176,158,14699,4008,2111
195978146411,415,3801,110,8374,4009,2111
195978157451,26,2806,53,2247,4009,2112
195978168492,196,3512,169,15377,4010,2112
195978179515,372,3400,56,2831,4011,2112
195978190564,202,3213,64,2461,4011,2113
195978202109,216,3041,92,7646,4012,2113
195978212996,229,3979,182,15853,4013,2113
195978223857,165,3179,66,2655,4013,2114
195978235154,135,3223,107,8746,4014,2114
195978246518,198,2818,346,34168,4015,2114
195978257700,356,5099,62,3270,4015,2115
195978270744,114,3129,54,1925,4016,2115
195978279702,190,3790,49,1143,4017,2115
195978290770,17,3046,39,1136,4017,2116
195978301827,197,2855,30,1136,4018,2116
195978313050,156,4078,374,34956,4019,2116
195978324057,220,2938,73,4147,4019,2117
195978335438,118,3270,53,3073,4020,2117
195978346552,109,4150,98,7974,4021,2117
195978357374,278,3078,68,2357,4021,2118
195978368477,182,2953,51,2047,4022,2118
195978379514,334,3066,350,43032,4023,2118
195978390997,365,5315,83,5421,4023,2119
195978402505,175,3017,121,9213,4024,2119
195978413369,394,3514,172,16154,4025,2119
195978424303,236,5223,72,3026,4025,2120
195978435490,253,3796,67,3345,4026,2120
195978446488,332,3377,122,8147,4027,2120
195978457556,25,3003,65,2556,4027,2121
195978468762,443,3740,183,15867,4028,2121
195978479773,343,3333,99,7407,4029,2121
195978490914,25,2958,62,1397,4029,2122
195978501918,432,3719,353,42907,4030,2122
195978513154,429,3473,131,10708,4031,2122
195978523943,235,5441,73,2866,4031,2123
195978535123,417,3641,92,6546,4032,2123
195978546494,349,3345,468,34196,4033,2123
195978557629,23,2834,64,4001,4033,2124
195978568849,271,3045,53,2705,4034,2124
195978579824,231,2979,61,2385,4035,2124
195978591218,184,6155,55,2207,4035,2125
195978602446,130,3626,123,8160,4036,2125
195978613221,166,3984,63,2408,4037,2125
195978624556,267,5924,59,2183,4037,2126
195978635556,135,3585,157,14371,4038,2126
195978646275,387,4064,135,8278,4039,2126
195978657182,239,3146,57,2189,4039,2127
195978668438,165,3683,168,15173,4040,2127
195978679748,115,3122,53,2995,4041,2127
195978690969,289,6275,58,2408,4041,2128
195978702314,276,3102,102,7481,4042,2128
195978713350,172,3511,175,15858,4043,2128
195978723974,225,3301,65,2432,4043,2129
195978735238,168,3099,102,9092,4044,2129
195978746105,117,3103,161,14766,4045,2129
195978757333,193,3091,48,1991,4045,2130
195978768479,280,3685,47,2328,4046,2130
195978779627,158,3084,69,1154,4047,2130
195978790860,121,6515,47,1149,4047,2131
195978802271,127,3181,341,33483,4048,2131
195978813007,468,2895,73,4106,4049,2131
195978824267,211,5369,59,2579,4049,2132
195978835799,119,3028,59,2383,4050,2132
195978846368,364,3338,105,7912,4051,2132
195978857621,289,5467,65,2318,4051,2133
195978868642,201,3072,68,2745,4052,2133
195978879415,311,3475,191,14241,4053,2133
195978890556,221,3019,60,2428,4053,2134
195978901887,161,4257,102,8372,4054,2134
195978913276,171,4592,194,15610,4055,2134
195978924035,295,5560,76,2703,4055,2135
195978935505,118,4142,63,3008,4056,2135
195978946437,143,3352,112,7970,4057,2135
195978957467,21,3000,56,2216,4057,2136
195978968613,148,3196,164,15612,4058,2136
195978979550,270,3566,105,8755,4059,2136
195978991407,22,5159,57,2370,4059,2137
195979001910,239,2971,146,13745,4060,2137
195979012724,255,3019,110,8403,4061,2137
195979024118,23,5769,54,2220,4061,2138
195979035200,281,3665,167,15153,4062,2138
195979046345,195,3882,48,2082,4063,2138
195979057438,19,2927,70,1189,4063,2139
195979068752,197,3304,353,34571,4064,2139
195979079451,342,3264,79,4713,4065,2139
195979090512,22,2939,66,2569,4065,2140
195979104081,185,3679,101,8118,4066,2140
195979112889,184,3187,54,2631,4067,2140
195979123944,20,3254,53,2374,4067,2141
195979135140,240,3710,154,14201,4068,2141
195979146474,197,3027,103,8231,4069,2141
195979157576,21,3117,50,2221,4069,2142
195979168558,181,3283,898,6582,4070,2142
195979179735,235,3026,401,34697,4071,2142
195979190774,20,3109,67,4191,4071,2143
195979201820,117,2917,90,7425,4072,2143
195979212806,409,3104,89,5543,4073,2143
195979223987,26,2629,44,1141,4073,2144
195979235089,340,3235,367,35920,4074,2144
195979246037,122,3071,85,4614,4075,2144
195979257593,26,3143,89,2626,4075,2145
195979268487,123,3192,159,14872,4076,2145
195979279800,115,3487,119,7503,4077,2145
195979290874,25,3118,42,1160,4077,2146
195979301905,368,3106,366,41772,4078,2146
195979312954,210,3617,119,9599,4079,2146
195979324049,23,3597,59,2937,4079,2147
195979335035,146,3054,196,15758,4080,2147
195979346119,111,3381,106,8389,4081,2147
195979357731,27,6304,402,44312,4081,2148
195979368761,122,3034,89,6128,4082,2148
195979379393,224,3271,205,20064,4083,2148
195979390531,46,2837,81,4827,4083,2149
195979402115,206,3203,111,8895,4084,2149
195979413317,281,3094,173,15833,4085,2149
195979424272,21,5643,62,2904,4085,2150
195979435301,192,3124,49,1594,4086,2150
195979446370,120,3475,174,16283,4087,2150
195979457364,22,4311,277,24477,4087,2151
195979468366,207,5002,76,4220,4088,2151
195979479592,438,3387,67,2428,4089,2151
195979490610,21,3009,49,1301,4089,2152
195979501787,233,3477,351,35449,4090,2152
195979512788,230,3756,191,16099,4091,2152
195979523936,24,2843,64,2374,4091,2153
195979535023,152,3796,101,7684,4092,2153
195979546149,306,2707,166,14894,4093,2153
195979557222,36,4192,396,44308,4093,2154
195979568677,166,2687,125,8595,4094,2154
195979579785,172,2643,211,20303,4095,2154
195979590633,23,2579,81,4771,4095,2155
195979601894,191,33541,195,8948,4096,2155
195979646970,180,2692,82,3022,4097,2155
195979658196,25,6674,211,11736,4097,2156
195979669453,220,3948,104,4871,4098,2156
195979680538,194,4236,536,35342,4099,2156
195979691473,20,5144,98,4051,4099,2157
195979702610,151,2756,201,7849,4100,2157
195979713607,226,2793,178,14755,4101,2157
195979724735,32,5009,72,2149,4101,2158
195979735976,204,3326,118,8213,4102,2158
195979746942,167,3799,50,2129,4103,2158
195979758316,22,5930,56,1811,4103,2159
195979769299,296,3341,157,14369,4104,2159
195979780285,182,4106,57,2487,4105,2159
195979791362,26,4916,57,1914,4105,2160
195979802345,188,3240,52,2146,4106,2160
195979813848,181,4215,100,6977,4107,2160
195979824579,115,7132,60,1939,4107,2161
195979836264,190,3411,160,14861,4108,2161
195979847192,254,3109,114,7699,4109,2161
195979858611,293,5054,136,4674,4110,2161
195979869499,289,3585,41,829,4110,2162
195979880255,289,3698,48,758,4111,2162
195979892089,304,5245,410,35412,4112,2162
195979902735,213,3465,67,3672,4112,2163
195979913510,194,3364,169,15105,4113,2163
195979924851,111,6273,64,2222,4113,2164
195979936424,21,3295,54,1931,4113,2165
195979947231,160,3453,105,7959,4114,2165
195979958159,150,5888,94,1789,4114,2166
195979970643,24,3799,55,1772,4114,2167
195979980406,129,3749,63,2881,4115,2167
195979991842,177,3509,55,1942,4116,2167
195980002760,236,3298,43,1744,4116,2168
195980014215,362,3935,153,14318,4117,2168
195980024963,113,5000,57,2071,4117,2169
195980036410,15,2547,65,2048,4117,2170
195980046999,256,3109,64,3801,4118,2170
195980058007,156,4910,52,1604,4118,2171
195980069064,24,2739,76,1598,4118,2172
195980080517,172,3227,172,12339,4119,2172
195980091779,205,2981,51,1373,4120,2172
195980102743,167,2983,34,689,4120,2173
195980113593,129,3110,330,35619,4121,2173
195980124922,129,4720,66,3680,4121,2174
195980135789,20,3306,52,2144,4121,2175
195980146990,365,3072,52,2493,4122,2175
195980158269,150,4873,56,1746,4122,2176
195980169490,22,2831,51,1717,4122,2177
195980180190,145,2981,147,12179,4123,2177
195980191994,142,4509,105,6975,4124,2177
195980204389,105,2964,54,1839,4124,2178
195980214437,354,3400,170,14897,4125,2178
195980225075,176,4949,59,2214,4125,2179
195980235884,38,2670,51,2055,4125,2180
195980246852,214,3550,110,8957,4126,2180
195980258265,118,5460,47,1847,4126,2181
195980270010,29,3607,60,1842,4126,2182
195980280390,324,3979,154,13096,4127,2182
195980291620,348,4675,57,2063,4127,2183
195980302708,20,3115,81,1980,4127,2184
195980313724,128,3019,100,8053,4128,2184
195980324935,186,6257,46,1753,4128,2185
195980336113,20,2741,47,1740,4128,2186
195980346987,136,4485,47,2207,4129,2186
195980358181,151,5356,80,1711,4129,2187
195980369789,17,2827,48,1710,4129,2188
195980380121,110,2922,142,13197,4130,2188
195980391874,182,4407,102,7508,4131,2188
195980402921,123,2803,50,1982,4131,2189
195980413547,305,2922,151,14526,4132,2189
195980425081,117,4702,55,2462,4132,2190
195980436300,17,2619,52,2186,4132,2191
195980447204,160,2884,104,8263,4133,2191
195980458176,24,4778,63,1815,4133,2192
195980469351,168,3578,160,15121,4134,2192
195980480656,131,2701,112,8490,4135,2192
195980491613,33,4606,54,1764,4135,2193
195980532969,244,7285,92,4510,4136,2193
195980552023,227,4410,360,34358,4137,2193
195980563221,181,2688,119,8962,4138,2193
195980574305,142,2787,52,2302,4138,2194
195980585326,125,2691,160,14754,4139,2194
195980596426,126,4330,141,7544,4140,2194
195980608210,164,5191,56,1967,4140,2195
195980619419,19,3278,51,1950,4140,2196
195980629914,117,3793,146,13347,4141,2196
195980640965,133,6120,66,1926,4141,2197
195980652723,126,2689,110,7781,4142,2197
195980663135,136,4340,79,4010,4143,2197
195980674382,331,6763,69,834,4143,2198
195980685556,174,4278,41,810,4144,2198
195980696192,233,3935,342,35480,4145,2198
195980708485,159,4864,86,3786,4145,2199
195980718416,23,4427,53,2226,4145,2200
195980729937,294,3212,64,3074,4146,2200
195980740894,28,2936,57,1777,4146,2201
195980751980,178,3539,44,1985,4147,2201
195980763009,229,3624,152,14269,4148,2201
195980774384,23,5047,55,2030,4148,2202
195980784970,302,3843,96,7595,4149,2202
195980796440,459,2840,148,12904,4150,2202
195980807521,415,5400,64,2022,4150,2203
195980818998,253,3787,100,7117,4151,2203
195980829871,216,3222,171,15229,4152,2203
195980841304,129,6886,56,2215,4152,2204
195980852429,22,2995,53,2042,4152,2205
195980862940,346,3470,51,1353,4153,2205
195980874510,225,5472,38,687,4153,2206
195980885696,146,3155,394,35737,4154,2206
195980896397,106,3084,119,9455,4155,2206
195980907469,104,5614,53,2330,4155,2207
195980918643,119,2698,124,10394,4156,2207
195980930063,385,2908,51,1333,4157,2207
195980941250,123,5949,52,767,4157,2208
195980952432,178,3980,333,35437,4158,2208
195980963584,192,3977,189,17246,4159,2208
195980974572,108,5899,64,2398,4159,2209
195980985514,232,3695,112,8748,4160,2209
195980996659,328,4792,53,2107,4161,2209
195981007655,316,5230,61,1804,4161,2210
195981018618,276,2974,179,14261,4162,2210
195981029990,308,3637,115,8008,4163,2210
195981040802,34,3223,66,1975,4163,2211
195981054675,239,3520,148,12469,4164,2211
195981062950,261,3479,226,17709,4165,2211
195981074442,27,5098,52,2014,4165,2212
195981085168,133,2829,167,15193,4166,2212
195981096230,255,2817,106,7807,4167,2212
195981107289,360,3037,54,1761,4167,2213
195981118843,495,3733,142,12620,4168,2213
195981129847,130,2647,172,14895,4169,2213
195981140967,182,4889,67,2114,4169,2214
195981151946,174,2800,111,7953,4170,2214
195981171237,323,25233,395,15046,4171,2214
195981208240,206,4739,80,1655,4172,2214
195981219351,40,3504,49,781,4172,2215
195981230438,151,4296,558,35647,4173,2215
195981241679,27,5111,99,3784,4173,2216
195981252798,156,4006,259,13794,4174,2216
195981263899,167,2896,182,7657,4175,2216
195981275099,37,4798,66,1952,4175,2217
195981285927,194,4406,160,14223,4176,2217
195981296969,143,2994,56,1303,4177,2217
195981307996,26,5460,46,749,4177,2218
195981319036,182,3604,353,34125,4178,2218
195981330385,202,3494,74,4217,4179,2218
195981341502,33,6606,50,2155,4179,2219
195981352485,164,3545,97,7773,4180,2219
195981363644,131,3441,46,2014,4181,2219
195981374987,21,4674,51,1773,4181,2220
195981385812,120,4079,150,13900,4182,2220
195981396879,112,2853,133,7609,4183,2220
195981408547,123,4097,175,14577,4184,2220
195981419283,29,3652,57,1654,4184,2221
195981430600,294,3353,224,22355,4185,2221
195981441626,30,4602,51,1957,4185,2222
195981452494,211,3829,88,6851,4186,2222
195981463834,245,3949,344,33596,4187,2222
195981475596,164,5719,651,9065,4188,2222
195981486053,26,2924,43,2213,4188,2223
195981497073,283,3322,147,13125,4189,2223
195981508316,23,5460,49,1492,4189,2224
195981519197,138,4536,45,1551,4190,2224
195981531086,127,4181,38,755,4191,2224
195981541662,31,6489,36,755,4191,2225
195981552931,342,3852,39,753,4192,2225
195981563972,132,3706,334,34240,4193,2225
195981575414,145,3965,74,4114,4194,2225
195981586187,26,3124,45,2172,4194,2226
195981597351,230,3950,109,7803,4195,2226
195981608377,39,5881,49,1945,4195,2227
195981619589,223,3410,52,2314,4196,2227
195981630557,175,3214,238,13837,4197,2227
195981641590,39,4697,49,1976,4197,2228
195981652690,262,3124,99,7885,4198,2228
195981663666,151,2811,162,14955,4199,2228
195981674777,129,5327,49,2173,4199,2229
195981685884,127,3417,60,2536,4200,2229
195981697345,118,2982,92,7108,4201,2229
195981708338,225,4084,172,15342,4202,2229
195981719545,200,3459,54,2223,4202,2230
195981730514,207,3270,92,7220,4203,2230
195981741523,121,4678,39,951,4203,2231
195981752639,19,3052,41,871,4203,2232
195981763947,148,3056,434,34291,4204,2232
195981774920,106,4843,74,3620,4204,2233
195981785894,23,2877,57,2164,4204,2234
195981797441,390,2850,176,14935,4205,2234
195981808360,212,4488,64,2196,4205,2235
195981819846,21,3775,54,1995,4205,2236
195981830477,171,3196,62,2832,4206,2236
195981841838,239,4950,101,7472,4207,2236
195981853060,299,2954,72,1850,4207,2237
195981863726,244,3359,51,2177,4208,2237
195981874971,120,4828,62,1776,4208,2238
195981885946,18,2558,58,1776,4208,2239
195981897307,163,2668,73,2397,4209,2239
195981928091,181,2665,128,5502,4210,2239
195981942164,180,4774,648,35554,4211,2239
195981954030,110,4132,101,3823,4211,2240
195981964452,147,4106,315,15848,4212,2240
195981975986,124,3935,155,8356,4213,2240
195981987114,143,2841,75,2049,4213,2241
195981998480,168,3660,65,2412,4214,2241
195982008935,126,3906,170,14352,4215,2241
195982020455,223,4039,65,2108,4215,2242
195982031026,354,3419,62,2360,4216,2242
195982042583,146,5908,49,2167,4217,2242
195982053678,229,4491,58,1863,4217,2243
195982064820,468,4257,98,6984,4218,2243
195982075905,297,4768,90,5313,4219,2243
195982086788,255,3228,41,873,4219,2244
195982097994,318,3846,39,818,4220,2244
195982109041,121,4746,353,35742,4221,2244
195982120119,22,3062,61,3734,4221,2245
195982131243,253,3872,184,14923,4222,2245
195982142597,327,3667,105,7769,4223,2245
195982153462,110,2759,80,1898,4223,2246
195982164677,142,2659,175,14897,4224,2246
195982175454,214,3896,54,2243,4225,2246
195982186594,101,2679,64,1954,4225,2247
195982207869,216,3637,163,7134,4226,2247
195982223698,326,6019,126,5341,4227,2247
195982234567,125,3830,542,35951,4228,2247
195982245238,115,4115,106,4097,4229,2247
195982256581,115,3738,71,2251,4229,2248
195982267738,193,2728,261,14571,4230,2248
195982279076,233,3344,194,7780,4231,2248
195982290249,246,2941,47,1946,4231,2249
195982301289,148,2914,159,14896,4232,2249
195982311828,188,3875,113,7411,4233,2249
195982323349,147,3525,59,1985,4233,2250
195982334136,266,3178,174,15349,4234,2250
195982345302,224,3515,107,7717,4235,2250
195982356375,26,2879,45,1895,4235,2251
195982367455,284,4078,44,2156,4236,2251
195982378686,297,3694,158,14630,4237,2251
195982392547,121,5187,63,1755,4238,2251
195982400823,19,3313,32,791,4238,2252
195982412165,366,4029,345,33658,4239,2252
195982423066,39,3589,65,3638,4239,2253
195982434248,191,3393,55,2296,4240,2253
195982445595,301,3419,95,7229,4241,2253
195982456594,22,3531,53,1836,4241,2254
195982467624,217,4298,84,4497,4242,2254
195982478637,186,3523,78,4735,4243,2254
195982489799,24,3073,43,693,4243,2255
195982501192,262,3329,77,4816,4244,2255
195982512337,174,3083,399,35959,4245,2255
195982523230,25,3151,70,3679,4245,2256
195982534323,322,3694,102,7975,4246,2256
195982558630,159,4197,78,3029,4247,2256
195982574641,25,5176,64,1817,4247,2257
195982585712,285,3587,173,13546,4248,2257
195982596915,245,3687,160,7283,4249,2257
195982608813,391,4625,59,1341,4250,2257
195982619102,28,3633,161,719,4250,2258
195982629945,242,3633,354,42866,4251,2258
195982640949,29,5195,83,5100,4251,2259
195982651944,137,4565,120,8954,4252,2259
195982663581,243,3528,172,15301,4253,2259
195982674250,219,6924,74,2573,4253,2260
195982686345,491,3202,64,2825,4254,2260
195982696641,240,4400,102,7472,4255,2260
195982708000,228,6259,66,2165,4255,2261
195982719456,24,3252,55,2158,4255,2262
195982730242,740,3519,118,4217,4256,2262
195982741106,129,4809,50,1195,4256,2263
195982752217,457,3456,83,5371,4257,2263
195982763275,234,3792,44,791,4258,2263
195982775045,187,5277,46,732,4258,2264
195982786359,19,2938,38,735,4258,2265
195982796760,379,3567,364,33416,4259,2265
195982807573,317,5251,141,3599,4259,2266
195982819629,481,3352,60,2277,4260,2266
195982830288,340,4056,55,1923,4261,2266
195982840818,181,5367,59,1707,4261,2267
195982852283,191,3539,104,7525,4262,2267
195982863080,392,3083,55,2082,4263,2267
195982874264,204,5354,49,1857,4263,2268
195982885351,264,3016,177,13844,4264,2268
195982896543,491,3144,95,7822,4265,2268
195982908123,118,4695,52,1757,4265,2269
195982920035,19,2952,46,1756,4265,2270
195982929724,426,3028,139,12149,4266,2270
195982941558,112,4467,865,1918,4266,2271
195982953581,34,2778,50,1919,4266,2272
195982963491,149,2647,56,2046,4267,2272
195982974553,198,4728,65,1889,4267,2273
195982985851,162,2668,132,8489,4268,2273
195983006310,222,2740,81,1988,4269,2273
195983020696,165,2720,59,1544,4270,2273
195983031890,134,4113,103,4831,4271,2273
195983043038,277,3986,52,847,4272,2273
195983054170,24,3386,41,756,4272,2274
195983065352,193,3484,522,34642,4273,2274
195983076301,158,3266,110,4131,4274,2274
195983087186,317,3204,58,2118,4274,2275
195983098255,152,3505,104,7813,4275,2275
195983109793,114,3204,53,2019,4276,2275
195983120915,19,3265,45,1781,4276,2276
195983131935,337,3190,161,13970,4277,2276
195983143024,376,3460,120,7939,4278,2276
195983154018,362,3808,51,1814,4278,2277
195983165146,204,3028,165,14802,4279,2277
195983176522,377,3763,53,2430,4280,2277
195983187697,207,3352,53,1967,4280,2278
195983199216,209,3823,91,7117,4281,2278
195983209364,338,3748,168,15237,4282,2278
195983220652,530,3388,72,2206,4282,2279
195983232064,363,3463,135,8560,4283,2279
195983243113,153,3103,163,14041,4284,2279
195983254207,201,3361,45,1847,4284,2280
195983265199,200,4182,197,17998,4285,2280
195983276387,350,4360,169,14701,4286,2280
195983287533,21,2944,51,2111,4286,2281
195983298912,246,3448,53,1702,4287,2281
195983309688,115,3341,46,722,4288,2281
195983320705,122,3229,41,725,4288,2282
195983331906,114,3078,360,35574,4289,2282
195983343219,104,2917,75,5548,4290,2282
195983354114,202,2947,44,2190,4290,2283
195983365158,280,2726,44,2126,4291,2283
195983376201,322,2958,152,14351,4292,2283
195983387320,156,2921,48,2054,4292,2284
195983398372,156,3254,95,7675,4293,2284
195983409434,149,3699,227,14884,4294,2284
195983420885,19,2962,41,1935,4294,2285
195983431977,133,3662,46,2257,4295,2285
195983443080,184,3413,94,7080,4296,2285
195983454227,21,2677,47,1797,4296,2286
195983465036,271,3163,163,15117,4297,2286
195983476414,297,3180,86,6667,4298,2286
195983487422,22,2688,32,936,4298,2287
195983498638,252,3049,959,32663,4299,2287
195983509865,363,2987,223,16374,4300,2287
195983521010,165,3004,56,2556,4300,2288
195983532200,371,3108,99,8213,4301,2288
195983543170,119,2749,144,13259,4302,2288
195983554135,119,2645,60,2162,4302,2289
195983565011,164,2636,138,7391,4303,2289
195983576019,132,3204,202,15487,4304,2289
195983587322,160,4667,103,2446,4304,2290
195983615620,224,2730,171,8279,4305,2290
195983629871,213,3881,273,14379,4306,2290
195983641155,26,5373,74,2186,4306,2291
195983652425,183,3837,148,7836,4307,2291
195983663569,139,4224,376,14917,4308,2291
195983674331,24,2790,71,2340,4308,2292
195983685511,199,3088,76,2528,4309,2292
195983696751,353,3345,111,7404,4310,2292
195983707845,26,6152,64,1880,4310,2293
195983718895,157,3342,170,15394,4311,2293
195983729943,123,3136,109,8464,4312,2293
195983741000,23,3247,66,1937,4312,2294
195983752081,135,3729,49,2272,4313,2294
195983763132,132,4144,62,2501,4314,2294
195983774669,20,5690,49,1879,4314,2295
195983785827,246,4624,164,15027,4315,2295
195983796420,159,3337,51,1721,4316,2295
195983807654,21,5299,38,729,4316,2296
195983818713,248,3177,348,35381,4317,2296
195983829969,256,3730,153,14495,4318,2296
195983841266,23,4915,85,998,4318,2297
195983852264,440,3526,33,1074,4319,2297
195983863436,135,2954,341,35594,4320,2297
195983874627,27,6495,84,3697,4320,2298
195983885580,190,4152,202,14768,4321,2298
195983896640,288,2969,110,7828,4322,2298
195983907749,26,5288,55,1813,4322,2299
195983919251,281,4142,207,14828,4323,2299
195983930107,113,4135,56,2454,4324,2299
195983941166,21,5281,53,2029,4324,2300
195983952487,271,3493,94,7327,4325,2300
195983963532,150,3775,177,15406,4326,2300
195983974758,25,6431,57,2098,4326,2301
195983985361,250,3244,106,8467,4327,2301
195983996900,141,2912,47,2232,4328,2301
195984007901,24,5020,49,1848,4328,2302
195984018574,116,2903,53,2532,4329,2302
195984029951,113,2812,159,14929,4330,2302
195984041295,24,4844,65,2217,4330,2303
195984052427,241,2816,59,2558,4331,2303
195984063549,254,3224,102,6652,4332,2303
195984074213,28,2775,41,817,4332,2304
195984085367,398,2977,40,781,4333,2304
195984096659,409,2905,348,32472,4334,2304
195984107774,34,5102,74,3605,4334,2305
195984118991,194,2937,60,2470,4335,2305
195984130011,183,3004,158,14646,4336,2305
195984141162,27,5013,58,2276,4336,2306
195984152367,246,4344,108,8045,4337,2306
195984163537,228,4000,202,15250,4338,2306
195984174453,52,5648,60,2439,4338,2307
195984185333,131,3358,58,2695,4339,2307
195984196577,146,3930,110,7153,4340,2307
195984207812,26,4952,56,1834,4340,2308
195984218739,272,4219,168,15238,4341,2308
195984230048,129,3895,104,8031,4342,2308
195984241162,22,6369,107,2032,4342,2309
195984252269,243,3346,143,13413,4343,2309
195984263227,147,3836,108,7245,4344,2309
195984274700,30,6500,43,740,4344,2310
195984285508,172,3818,375,43324,4345,2310
195984296372,207,3052,57,1648,4346,2310
195984307897,27,5135,39,726,4346,2311
195984319053,150,3316,46,707,4347,2311
195984330107,178,3479,408,35557,4348,2311
195984341105,23,6347,72,3903,4348,2312
195984352313,304,3135,54,2655,4349,2312
195984363105,156,3958,54,2027,4350,2312
195984374663,24,6154,50,1753,4350,2313
195984385666,198,3331,153,14275,4351,2313
195984396712,149,3656,103,7624,4352,2313
195984407771,22,5464,54,1774,4352,2314
195984418933,146,3223,152,14739,4353,2314
195984429970,121,3779,53,2490,4354,2314
195984441222,23,5751,56,2036,4354,2315
195984452313,240,3558,91,7295,4355,2315
195984463414,183,2914,175,15296,4356,2315
195984474402,26,5008,59,2301,4356,2316
195984485503,266,3540,193,8743,4357,2316
195984496569,119,2707,153,14303,4358,2316
195984507678,19,5277,51,2154,4358,2317
195984518788,307,2935,93,7900,4359,2317
195984529861,239,3596,162,15041,4360,2317
195984541241,49,4952,58,2411,4360,2318
195984552395,244,3313,50,2559,4361,2318
195984563473,193,4226,115,6422,4362,2318
195984574561,34,5663,39,860,4362,2319
195984585783,356,3599,66,4059,4363,2319
195984596452,206,4559,336,35708,4364,2319
195984607939,24,5409,73,3686,4364,2320
195984619127,135,4186,220,2392,4365,2320
195984630037,302,3878,202,14462,4366,2320
195984641110,26,5087,55,2085,4366,2321
195984651908,312,4015,96,7637,4367,2321
195984663091,317,3503,165,15070,4368,2321
195984674706,22,4984,52,2244,4368,2322
195984685430,130,3762,53,2524,4369,2322
195984696535,112,3022,93,7142,4370,2322
195984707659,19,5103,57,1842,4370,2323
195984719239,231,3300,162,15206,4371,2323
195984730135,312,3386,531,8349,4372,2323
195984741174,79,5193,61,1943,4372,2324
195984752163,147,4220,158,13391,4373,2324
195984763212,305,3620,112,7881,4374,2324
195984774285,24,5858,59,1763,4374,2325
195984785362,447,3893,159,5891,4375,2325
195984796404,249,4019,39,885,4376,2325
195984808026,25,5616,50,785,4376,2326
195984819101,136,3519,405,34428,4377,2326
195984830190,125,2737,73,4222,4378,2326
195984841291,49,4742,54,2147,4378,2327
195984852313,131,2622,97,7665,4379,2327
195984863330,130,2665,58,2170,4380,2327
195984874485,29,4548,49,1898,4380,2328
195984885638,183,2857,157,13740,4381,2328
195984896797,134,2645,147,7641,4382,2328
195984907824,26,4651,54,1788,4382,2329
195984918849,123,2680,151,14643,4383,2329
195984929961,104,2626,55,2526,4384,2329
195984941045,44,39356,72,1955,4384,2330
195984992443,242,3363,48,1361,4385,2330
195985003191,31,2708,49,667,4385,2331
195985014299,207,3960,118,4781,4386,2331
195985025351,137,4710,118,5797,4387,2331
195985036140,22,3410,49,849,4387,2332
195985047280,122,4129,525,33919,4388,2332
195985058398,205,4606,73,3696,4389,2332
195985069460,31,3070,53,2139,4389,2333
195985080984,138,2646,52,1976,4390,2333
195985092063,197,4058,100,7502,4391,2333
195985103239,19,2768,44,1699,4391,2334
195985114275,116,2975,46,2018,4392,2334
195985125386,131,3885,156,13799,4393,2334
195985136387,23,2654,44,1894,4393,2335
195985147427,300,2937,98,7597,4394,2335
195985158553,234,4198,159,14806,4395,2335
195985169608,19,3254,57,2037,4395,2336
195985180928,117,3175,54,2338,4396,2336
195985192012,105,3998,80,1483,4397,2336
195985203310,21,2729,32,651,4397,2337
195985213930,507,2905,53,1843,4398,2337
195985225472,118,4257,63,954,4399,2337
195985236507,35,2912,89,637,4399,2338
195985247635,127,3834,35,637,4400,2338
195985258672,220,5413,376,35718,4401,2338
195985269767,22,3187,61,3649,4401,2339
195985280655,149,2996,108,7847,4402,2339
195985292089,197,3993,153,13645,4403,2339
195985303082,20,3228,46,2085,4403,2340
195985313981,135,3869,101,7916,4404,2340
195985325237,150,4312,163,14405,4405,2340
195985336474,107,4780,54,2073,4405,2341
195985348020,155,3578,95,7651,4406,2341
195985358645,111,4136,51,2084,4407,2341
195985369636,19,2989,43,1797,4407,2342
195985380779,224,3459,158,14322,4408,2342
195985391948,124,4679,104,8044,4409,2342
195985403004,21,3016,49,1812,4409,2343
195985414030,175,3835,160,15051,4410,2343
195985425206,296,5485,66,2466,4411,2343
195985436232,26,3471,73,1900,4411,2344
195985447296,185,3980,96,7209,4412,2344
195985458471,135,5605,417,15181,4413,2344
195985469931,28,3335,42,2253,4413,2345
195985480930,144,3395,120,8141,4414,2345
195985491980,121,4517,252,24140,4415,2345
195985503033,23,2584,59,2908,4415,2346
195985514070,270,2775,104,8193,4416,2346
195985525431,254,3612,74,3993,4417,2346
195985536325,21,3105,31,801,4417,2347
195985547763,190,3955,317,33761,4418,2347
195985558652,669,3957,70,3670,4419,2347
195985569810,19,3286,44,2097,4419,2348
195985580573,169,3921,52,1927,4420,2348
195985591914,127,5497,105,7420,4421,2348
195985602999,21,4139,558,1711,4421,2349
195985614293,130,2905,48,2013,4422,2349
195985624973,22,4809,55,1704,4422,2350
195985636065,240,3379,150,13854,4423,2350
195985647629,163,3792,102,7811,4424,2350
195985658678,4156,4122,162,14904,4425,2350
195985669745,20,3319,44,2004,4425,2351
195985680763,235,3756,62,2272,4426,2351
195985692072,186,3933,101,7258,4427,2351
195985703231,23,3460,47,1773,4427,2352
195985714254,142,3615,169,15255,4428,2352
195985725236,170,5459,113,8436,4429,2352
195985736277,18,2850,42,1958,4429,2353
195985747545,159,4033,157,13491,4430,2353
195985758440,117,4419,53,1788,4431,2353
195985769466,25,2943,31,749,4431,2354
195985780709,133,3089,353,36078,4432,2354
195985792056,146,4988,180,16688,4433,2354
195985803189,22,3397,56,2628,4433,2355
195985814052,153,3380,54,2424,4434,2355
195985825215,147,4888,54,2086,4435,2355
195985836408,21,2682,42,1937,4435,2356
195985847609,128,3214,99,7662,4436,2356
195985858656,165,3944,46,2014,4437,2356
195985869583,29,3375,94,1800,4437,2357
195985880558,136,3040,159,14365,4438,2357
195985891662,21,4692,51,1965,4438,2358
195985903296,124,3818,100,7827,4439,2358
195985913849,235,2895,160,14984,4440,2358
195985925373,108,4216,57,2630,4441,2358
195985936500,19,2774,43,2092,4441,2359
195985947596,627,2802,99,7434,4442,2359
195985958662,118,5494,182,15489,4443,2359
195985969735,30,2774,45,2125,4443,2360
195985980825,125,3224,112,8990,4444,2360
195985991709,23,5847,54,1976,4444,2361
195986002934,255,3883,164,13494,4445,2361
195986014275,457,3071,93,6740,4446,2361
195986025347,173,4543,74,3048,4447,2361
195986036512,35,2814,32,764,4447,2362
195986047563,120,3435,38,732,4448,2362
195986058761,151,4598,355,34399,4449,2362
195986069805,25,3231,65,3675,4449,2363
195986080841,133,2945,58,2644,4450,2363
195986091899,128,4045,101,7551,4451,2363
195986103240,28,3328,54,1799,4451,2364
195986114164,238,3068,49,2111,4452,2364
195986125005,255,4554,158,13790,4453,2364
195986136117,22,4492,45,1933,4453,2365
195986147710,187,4187,109,7697,4454,2365
195986158733,3500,3904,175,14896,4455,2365
195986169482,19,3208,47,1987,4455,2366
195986180778,231,4142,48,2266,4456,2366
195986191933,127,6960,2078,7093,4457,2366
195986202937,19,2793,41,1801,4457,2367
195986214034,140,3728,208,15000,4458,2367
195986225201,23,3596,59,2044,4458,2368
195986236130,157,3802,107,8204,4459,2368
195986247391,122,4085,195,14009,4460,2368
195986258560,195,3938,127,7802,4461,2368
195986270003,45,3019,56,1245,4461,2369
195986280520,219,3313,97,6452,4462,2369
195986292139,165,5228,39,883,4463,2369
195986302885,21,3091,36,814,4463,2370
195986314198,131,4212,335,34253,4464,2370
195986325419,112,3736,71,4148,4465,2370
195986336496,22,2808,50,2133,4465,2371
195986347578,175,3942,111,7728,4466,2371
195986358509,173,4362,48,2051,4467,2371
195986369560,18,3309,41,1788,4467,2372
195986380635,97,3859,150,13872,4468,2372
195986391773,574,3617,106,7791,4469,2372
195986402707,24,3115,46,1915,4469,2373
195986413913,157,3643,159,14923,4470,2373
195986425070,160,5506,60,2354,4471,2373
195986436142,21,3701,45,1932,4471,2374
195986447138,178,3381,125,6997,4472,2374
195986458764,256,6930,273,15489,4473,2374
195986469675,24,3103,46,2218,4473,2375
195986480662,202,3334,108,9087,4474,2375
195986491842,171,6263,80,4462,4475,2375
195986502808,20,3112,31,833,4475,2376
195986514298,115,3451,34,746,4476,2376
195986525075,288,5191,350,35804,4477,2376
195986536386,22,3155,65,3714,4477,2377
195986547437,172,3532,167,15154,4478,2377
195986558653,114,5067,101,7248,4479,2377
195986569423,21,2849,50,1849,4479,2378
195986580534,464,3106,169,14989,4480,2378
195986592057,266,3849,106,7534,4481,2378
195986603260,21,2848,70,1899,4481,2379
195986614304,123,2881,47,2267,4482,2379
195986626153,171,3100,162,14505,4483,2379
195986636235,23,2866,45,2139,4483,2380
195986647387,135,3152,42,1445,4484,2380
195986658461,679,3897,334,33424,4485,2380
195986669589,20,2925,72,3584,4485,2381
195986680693,219,3161,50,2242,4486,2381
195986691794,122,4105,122,7079,4487,2381
195986703318,27,2708,208,1845,4487,2382
195986713904,234,3234,79,4533,4488,2382
195986725307,178,5143,367,35655,4489,2382
195986736408,22,2980,60,3681,4489,2383
195986747426,234,3341,166,14698,4490,2383
195986758953,175,4336,50,1707,4491,2383
195986769531,21,3100,35,654,4491,2384
195986780915,196,3521,337,35670,4492,2384
195986792030,188,4440,186,16656,4493,2384
195986802768,27,3479,56,2571,4493,2385
195986813926,200,3135,118,8080,4494,2385
195986825322,164,4489,76,4586,4495,2385
195986836144,23,2892,30,938,4495,2386
195986847379,180,3966,396,35833,4496,2386
195986858614,180,4877,51,1325,4497,2386
195986869817,22,3297,133,701,4497,2387
195986880947,192,3138,4330,42950,4498,2387
195986891861,141,4487,127,10798,4499,2387
195986902830,28,3320,51,2665,4499,2388
195986913932,290,3269,167,15428,4500,2388
195986925196,147,4379,60,2940,4501,2388
195986936478,17,4208,43,2268,4501,2389
195986947643,118,3241,101,7514,4502,2389
195986958685,116,3990,263,15689,4503,2389
195986970061,25,3419,57,2554,4503,2390
195986980571,251,3556,108,9026,4504,2390
195986991775,210,4993,67,2364,4505,2390
195987002968,26,3182,47,2068,4505,2391
195987014049,167,3555,65,2810,4506,2391
195987025116,243,5079,169,15320,4507,2391
195987036213,22,2990,58,2482,4507,2392
195987047529,196,3513,55,2490,4508,2392
195987058516,234,4131,45,1349,4509,2392
195987069704,22,3309,33,685,4509,2393
195987080855,207,3344,36,685,4510,2393
195987091637,178,4591,354,35615,4511,2393
195987102683,20,2748,61,3644,4511,2394
195987113810,246,3383,61,2367,4512,2394
195987125337,464,3617,158,14442,4513,2394
195987136555,22,3504,47,2094,4513,2395
195987147537,341,3610,97,7698,4514,2395
195987158645,187,4208,162,15049,4515,2395
195987169980,19,3339,46,1941,4515,2396
195987180972,146,3384,48,2330,4516,2396
195987191951,267,4408,123,7168,4517,2396
195987203068,20,3241,44,1823,4517,2397
195987214401,371,3614,175,15202,4518,2397
195987225389,165,5083,121,7387,4519,2397
195987236484,25,3162,50,1789,4519,2398
195987247323,171,4565,340,23549,4520,2398
195987258351,173,4220,102,8042,4521,2398
195987269379,21,3089,48,1799,4521,2399
195987280891,154,3175,94,6032,4522,2399
195987291665,27,5444,45,889,4522,2400
195987302843,343,4468,99,822,4523,2400
195987313962,141,4283,381,34436,4524,2400
195987325377,149,4501,76,4214,4525,2400
195987336427,24,2550,50,2189,4525,2401
195987347482,141,2669,105,7900,4526,2401
195987358759,158,3696,58,2027,4527,2401
195987369784,32,2536,53,1764,4527,2402
195987380987,127,2636,167,13923,4528,2402
195987434268,258,2738,113,7796,4529,2402
195987448714,151,2645,69,2705,4530,2402
195987464132,227,2676,164,15206,4531,2402
195987470935,23,2576,53,1914,4531,2403
195987482127,138,2636,107,8195,4532,2403
195987493263,143,2726,275,13836,4533,2403
195987504467,31,3558,76,2253,4533,2404
195987515192,365,3916,108,8036,4534,2404
195987526215,126,4005,160,14738,4535,2404
195987537782,28,3248,50,1750,4535,2405
195987548599,140,3005,61,2237,4536,2405
195987560083,131,3134,336,34366,4537,2405
195987571058,22,2486,64,3687,4537,2406
195987582178,127,3419,55,2744,4538,2406
195987593238,685,2807,102,7443,4539,2406
195987604284,20,2793,448,1756,4539,2407
195987615398,128,3445,57,2034,4540,2407
195987626487,144,3496,157,13801,4541,2407
195987637478,21,3081,46,1998,4541,2408
195987648588,195,3352,99,7767,4542,2408
195987659902,284,3317,167,14939,4543,2408
195987671276,41,2813,58,2197,4543,2409
195987681801,209,2953,62,2536,4544,2409
195987693230,188,3392,163,7395,4545,2409
195987704228,24,3552,52,1754,4545,2410
195987715236,166,2877,179,15123,4546,2410
195987726354,179,2932,104,7975,4547,2410
195987737417,25,2696,54,1965,4547,2411
195987748509,124,2888,81,2317,4548,2411
195987759669,118,2944,57,2435,4549,2411
195987771145,21,2733,44,1914,4549,2412
195987782206,838,3437,158,14631,4550,2412
195987793210,118,3354,54,2618,4551,2412
195987804286,19,3413,45,1982,4551,2413
195987815480,196,4668,101,7362,4552,2413
195987826598,124,4423,78,5245,4553,2413
195987837640,19,3205,33,792,4553,2414
195987848658,629,3084,341,35662,4554,2414
195987859755,226,3460,72,3920,4555,2414
195987870813,24,2864,50,2145,4555,2415
195987882121,443,4116,239,14394,4556,2415
195987893189,146,4062,106,7721,4557,2415
195987904346,26,3489,51,1773,4557,2416
195987915408,299,3093,217,14663,4558,2416
195987926597,798,3704,67,2399,4559,2416
195987937500,26,3068,50,1922,4559,2417
195987948644,239,3102,96,6964,4560,2417
195987959948,138,3314,187,15277,4561,2417
195987971017,21,3335,55,2146,4561,2418
195987982034,151,3327,119,8658,4562,2418
195987992936,161,3352,49,2188,4563,2418
195988004022,22,3475,43,1804,4563,2419
195988015572,150,3492,55,2466,4564,2419
195988026679,163,3184,165,14958,4565,2419
195988037602,22,2982,89,2323,4565,2420
195988048704,200,3969,60,2560,4566,2420
195988059914,261,3655,177,7272,4567,2420
195988070895,22,2745,64,1809,4567,2421
195988082137,223,4833,144,4405,4568,2421
195988093009,164,3690,405,33227,4569,2421
195988104493,27,3289,65,3568,4569,2422
195988115374,144,3480,114,8381,4570,2422
195988126491,455,3713,222,14216,4571,2422
195988137710,27,2909,49,2060,4571,2423
195988148793,130,4771,99,7698,4572,2423
195988159992,355,3156,212,14976,4573,2423
195988171048,22,3233,50,2124,4573,2424
195988182054,124,2698,56,2470,4574,2424
195988192969,389,3928,105,7286,4575,2424
195988204166,20,3288,50,1714,4575,2425
195988215098,146,3575,178,15228,4576,2425
195988226673,296,3792,154,8258,4577,2425
195988237653,24,4657,364,44556,4577,2426
195988248444,315,3270,167,15077,4578,2426
195988259995,204,3131,151,13088,4579,2426
195988270696,29,3139,71,4610,4579,2427
195988281801,231,3614,171,14631,4580,2427
195988293324,213,3509,49,1220,4581,2427
195988304252,20,4181,204,657,4581,2428
195988315210,163,4024,552,34372,4582,2428
195988326257,238,3770,66,4228,4583,2428
195988337772,21,3074,45,2158,4583,2429
195988348790,150,3469,99,7735,4584,2429
195988360048,145,3767,53,2257,4585,2429
195988370837,26,3468,44,1932,4585,2430
195988381869,211,3280,151,13724,4586,2430
195988393467,275,3722,103,7752,4587,2430
195988404558,32,2718,46,1791,4587,2431
195988415464,205,3428,155,14733,4588,2431
195988426513,114,3477,88,2590,4589,2431
195988437636,28,4268,90,2060,4589,2432
195988448601,206,3547,99,7063,4590,2432
195988459863,327,3221,181,15302,4591,2432
195988470942,30,3003,49,2167,4591,2433
195988482073,133,3683,114,8986,4592,2433
195988493315,124,3023,159,13984,4593,2433
195988504321,22,3483,52,2019,4593,2434
195988515555,200,3315,99,7709,4594,2434
195988526703,132,3263,158,14885,4595,2434
195988537682,20,3058,57,2121,4595,2435
195988548791,120,3052,46,1747,4596,2435
195988559949,363,4136,367,34370,4597,2435
195988572253,25,3605,66,3776,4597,2436
195988582227,225,3728,99,7684,4598,2436
195988593260,209,4001,53,2334,4599,2436
195988604367,20,2871,40,1851,4599,2437
195988615473,401,4556,49,2098,4600,2437
195988626750,293,3581,153,14033,4601,2437
195988637758,20,3330,46,2010,4601,2438
195988648806,129,3451,104,7890,4602,2438
195988659926,1662,3151,176,14998,4603,2438
195988670606,28,3155,50,2104,4603,2439
195988682069,173,3328,113,2360,4604,2439
195988693138,375,3375,94,6727,4605,2439
195988704100,24,2798,46,1319,4605,2440
195988715283,171,2699,345,33870,4606,2440
195988726549,140,2659,122,8890,4607,2440
195988737671,29,2623,60,2090,4607,2441
195988748686,166,2717,174,13551,4608,2441
195988759692,111,2694,100,7590,4609,2441
195988770708,28,41185,77,1861,4609,2442
195988823466,245,3676,98,6087,4610,2442
195988834648,142,7560,700,33080,4611,2442
195988845767,142,3836,78,1562,4612,2442
195988856942,29,3105,51,674,4612,2443
195988867987,146,3937,522,35627,4613,2443
195988879132,175,3370,294,16241,4614,2443
195988890204,25,2948,64,2517,4614,2444
195988901295,144,3240,102,7804,4615,2444
195988912334,169,3080,174,15051,4616,2444
195988923450,23,3145,46,1997,4616,2445
195988934559,192,4227,48,2326,4617,2445
195988945547,155,3101,105,7242,4618,2445
195988956570,23,3052,48,1857,4618,2446
195988967582,118,3055,164,15114,4619,2446
195988979111,850,3801,109,7535,4620,2446
195988990337,22,3127,51,1658,4620,2447
195989001352,189,3915,141,13271,4621,2447
195989012370,118,3199,54,1643,4622,2447
195989023543,41,2843,40,737,4622,2448
195989034600,398,3169,39,734,4623,2448
195989045680,172,3122,436,33579,4624,2448
195989056830,33,2893,77,3621,4624,2449
195989067852,124,2746,56,2296,4625,2449
195989078899,392,2964,46,1937,4626,2449
195989089969,21,2810,49,1762,4626,2450
195989101004,304,3131,97,7673,4627,2450
195989112253,458,2895,51,2023,4628,2450
195989123298,21,2786,58,1776,4628,2451
195989134311,177,3119,153,13840,4629,2451
195989145411,224,3017,97,7707,4630,2451
195989156955,19,3417,46,1755,4630,2452
195989167922,170,3695,154,14652,4631,2452
195989179150,115,3249,55,2569,4632,2452
195989190197,20,2915,48,1976,4632,2453
195989201280,170,3304,91,7154,4633,2453
195989212287,147,3273,175,15381,4634,2453
195989223665,105,5533,422,2057,4634,2454
195989234610,131,3200,103,8216,4635,2454
195989245589,169,2911,71,4661,4636,2454
195989256617,33,2831,74,806,4636,2455
195989267695,128,2950,36,732,4637,2455
195989278928,566,2953,366,35693,4638,2455
195989290019,21,2734,70,3722,4638,2456
195989301043,181,4703,165,15081,4639,2456
195989312046,146,4102,65,2489,4640,2456
195989323639,22,2810,46,1890,4640,2457
195989335048,156,3049,48,2000,4641,2457
195989345741,366,3966,143,7270,4642,2457
195989356600,24,2819,50,1850,4642,2458
195989367852,213,3723,52,2184,4643,2458
195989378971,197,3277,229,14183,4644,2458
195989389992,22,2925,54,2207,4644,2459
195989401208,381,3838,113,8089,4645,2459
195989412177,145,2957,177,15009,4646,2459
195989423266,28,2956,55,2089,4646,2460
195989434346,155,3585,60,2372,4647,2460
195989445507,149,3241,93,6229,4648,2460
195989456727,34,3220,52,825,4648,2461
195989467837,298,2768,361,34853,4649,2461
195989478894,168,3346,93,6238,4650,2461
195989489891,25,2863,41,855,4650,2462
195989501023,378,2907,80,4919,4651,2462
195989512228,207,3353,348,36043,4652,2462
195989523139,237,3004,84,3755,4652,2463
195989534327,206,3189,123,8008,4653,2463
195989545557,325,3122,153,13791,4654,2463
195989557243,215,5251,63,2213,4654,2464
195989567649,373,3001,99,7775,4655,2464
195989578677,291,4254,78,4182,4656,2464
195989590242,20,2672,40,909,4656,2465
195989601327,251,2957,339,36046,4657,2465
195989612473,286,2988,85,4178,4658,2465
195989623105,27,2959,52,2229,4658,2466
195989634667,152,3541,161,14587,4659,2466
195989645996,476,2971,113,6901,4660,2466
195989656762,29,2919,78,853,4660,2467
195989667839,374,3350,83,5881,4661,2467
195989678878,336,3554,342,34459,4662,2467
195989690070,28,2837,67,3812,4662,2468
195989702320,189,2904,118,7557,4663,2468
195989712190,263,4198,176,14734,4664,2468
195989723358,27,3022,54,2131,4664,2469
195989734289,174,3265,111,8397,4665,2469
195989745524,448,3503,65,2143,4666,2469
195989756406,39,3177,60,1808,4666,2470
195989767991,234,3455,184,14423,4667,2470
195989779069,303,4819,126,8109,4668,2470
195989790140,30,2956,53,1883,4668,2471
195989801229,331,4576,142,12442,4669,2471
195989812304,410,4017,103,7017,4670,2471
195989824537,56,5111,52,2029,4670,2472
195989834646,170,3397,168,15170,4671,2472
195989845686,399,3179,101,7549,4672,2472
195989856725,23,3080,58,1924,4672,2473
195989867962,251,4094,46,2192,4673,2473
195989879082,429,3902,168,14569,4674,2473
195989890141,24,3226,57,2369,4674,2474
195989901101,248,3384,105,8305,4675,2474
195989912174,142,4839,170,14349,4676,2474
195989923117,27,3041,49,1267,4676,2475
195989934203,223,3250,49,1600,4677,2475
195989945885,1707,3339,390,35511,4678,2475
195989956798,22,2904,82,3944,4678,2476
195989967702,151,4194,176,15738,4679,2476
195989978866,154,2842,145,8235,4680,2476
195989990121,34,2656,65,1928,4680,2477
195990001222,203,2707,66,2223,4681,2477
195990012205,162,2619,165,14432,4682,2477
195990023366,39,19562,75,2332,4682,2478
195990054294,213,2752,302,8215,4683,2478
195990065492,184,4116,101,4328,4684,2478
195990076604,137,3927,94,941,4685,2478
195990087712,24,3574,41,915,4685,2479
195990098793,126,4031,532,35864,4686,2479
195990109956,154,2835,91,4153,4687,2479
195990121066,26,3001,50,2234,4687,2480
195990132093,2766,3639,161,14585,4688,2480
195990143163,541,3190,104,7653,4689,2480
195990154160,22,3747,47,1831,4689,2481
195990165736,165,3390,151,14880,4690,2481
195990176728,403,4506,57,2502,4691,2481
195990187866,21,3011,47,2021,4691,2482
195990198904,256,3712,107,7350,4692,2482
195990210107,289,3665,171,15297,4693,2482
195990221185,29,3768,62,2229,4693,2483
195990232109,143,3449,103,8542,4694,2483
195990243169,323,2995,52,1943,4695,2483
195990254202,23,3528,45,1734,4695,2484
195990265799,214,3820,50,2378,4696,2484
195990276771,115,3225,243,14993,4697,2484
195990287770,28,3103,52,2134,4697,2485
195990298853,190,4099,56,2426,4698,2485
195990309857,150,3671,94,7129,4699,2485
195990320943,21,3218,48,1860,4699,2486
195990331988,315,3782,163,15324,4700,2486
195990343486,301,3289,105,7816,4701,2486
195990354474,22,3618,48,1829,4701,2487
195990365539,140,3423,70,4639,4702,2487
195990376542,113,2851,37,788,4703,2487
195990387759,19,2751,28,756,4703,2488
195990398779,179,3108,350,35634,4704,2488
195990409971,281,2874,176,16721,4705,2488
195990421015,20,2839,78,2583,4705,2489
195990432405,160,2807,59,2534,4706,2489
195990443146,167,3063,99,7142,4707,2489
195990454631,22,3037,46,1824,4707,2490
195990465710,240,3997,169,14986,4708,2490
195990476705,276,3174,176,8292,4709,2490
195990487875,30,3014,50,2026,4709,2491
195990498800,147,2940,56,2415,4710,2491
195990509807,238,3371,161,14576,4711,2491
195990520897,23,3338,50,2095,4711,2492
195990532375,161,3307,50,2356,4712,2492
195990543293,230,4210,90,2145,4713,2492
195990554348,24,3334,46,1947,4713,2493
195990565338,168,4086,90,7166,4714,2493
195990576655,431,3299,164,15121,4715,2493
195990587743,22,2883,48,2389,4715,2494
195990598819,552,3225,107,8102,4716,2494
195990609708,259,3139,46,2122,4717,2494
195990621262,23,2932,49,1818,4717,2495
195990632318,354,3185,150,14588,4718,2495
195990643382,839,2893,98,7293,4719,2495
195990654398,21,3681,41,819,4719,2496
195990665429,325,3337,174,14007,4720,2496
195990676813,252,2956,41,1431,4721,2496
195990687896,29,2862,38,816,4721,2497
195990698910,286,3015,402,35734,4722,2497
195990709980,261,3713,236,17450,4723,2497
195990721299,30,3080,64,2499,4723,2498
195990732193,222,3174,111,8467,4724,2498
195990743225,203,3429,60,2306,4725,2498
195990754276,20,4008,45,1966,4725,2499
195990765374,182,4063,156,14496,4726,2499
195990776933,253,3570,102,7965,4727,2499
195990787906,25,2747,43,1955,4727,2500
195990798937,2610,3086,160,14931,4728,2500
195990810036,457,3131,96,7629,4729,2500
195990821014,24,3467,48,1837,4729,2501
195990832040,129,2657,165,15479,4730,2501
195990843485,159,2644,116,7705,4731,2501
195990854461,40,2530,46,1930,4731,2502
195990886107,229,3443,80,4605,4732,2502
195990901211,142,2615,36,800,4733,2502
195990912569,202,2625,38,766,4734,2502
195990923511,34,5635,60,766,4734,2503
195990934616,151,3963,503,34572,4735,2503
195990945909,127,4001,163,9090,4736,2503
195990956996,24,5544,72,2455,4736,2504
195990968117,180,3096,182,14760,4737,2504
195990979201,294,3455,119,8891,4738,2504
195990990243,27,3140,60,1937,4738,2505
195991001451,233,3638,49,2239,4739,2505
195991012513,129,3614,159,14408,4740,2505
195991023494,20,2809,54,2193,4740,2506
195991034581,234,3270,105,8012,4741,2506
195991045830,148,4303,237,13131,4742,2506
195991056869,22,3124,50,2161,4742,2507
195991067975,347,3247,95,7279,4743,2507
195991078938,281,3611,166,15484,4744,2507
195991090266,33,3006,73,2310,4744,2508
195991101371,282,3908,110,8063,4745,2508
195991112358,400,3274,57,2173,4746,2508
195991123381,25,2957,53,1908,4746,2509
195991134437,257,3515,156,14690,4747,2509
195991145849,416,3600,113,8037,4748,2509
195991156602,22,3124,47,1893,4748,2510
195991167691,383,3958,173,15062,4749,2510
195991179013,281,3466,58,2681,4750,2510
195991190016,20,3049,57,2146,4750,2511
195991201059,321,4893,45,1400,4751,2511
195991212261,178,3370,365,33222,4752,2511
195991223426,70,2944,71,3574,4752,2512
195991234469,190,3376,105,8396,4753,2512
195991245494,359,4358,57,2331,4754,2512
195991256496,23,3106,54,1950,4754,2513
195991268041,157,4074,152,13717,4755,2513
195991278744,176,3605,99,7745,4756,2513
195991290292,23,3395,51,1778,4756,2514
195991301332,299,2902,157,14713,4757,2514
195991312365,225,3703,116,7148,4758,2514
195991323361,22,2946,55,1935,4758,2515
195991334393,132,3571,198,15251,4759,2515
195991345463,160,3424,106,7756,4760,2515
195991357022,30,2834,51,1857,4760,2516
195991367985,169,3030,46,2167,4761,2516
195991378979,113,3725,236,14662,4762,2516
195991390081,31,6309,52,2230,4762,2517
195991401145,126,2767,103,8199,4763,2517
195991412180,393,2843,177,15099,4764,2517
195991423673,30,2822,64,2355,4764,2518
195991434552,164,2639,57,2630,4765,2518
195991455707,175,2954,66,1498,4766,2518
195991470965,424,4048,519,32944,4767,2518
195991481434,187,3806,59,1385,4768,2518
195991492259,118,4220,47,648,4769,2518
195991503382,22,3423,36,644,4769,2519
195991514980,147,2773,537,35889,4770,2519
195991525609,147,3808,206,9408,4771,2519
195991536824,26,2900,54,2297,4771,2520
195991547895,280,2973,149,13433,4772,2520
195991558934,456,3045,105,7204,4773,2520
195991570489,24,3962,47,1840,4773,2521
195991581520,434,3302,155,14298,4774,2521
195991592541,218,3265,106,7609,4775,2521
195991603612,22,3949,49,1957,4775,2522
195991614857,183,3740,80,2338,4776,2522
195991625987,265,4592,157,14430,4777,2522
195991636987,21,3297,45,2040,4777,2523
195991647999,310,4347,99,7258,4778,2523
195991659018,304,3944,470,43549,4779,2523
195991670080,28,2746,76,5209,4779,2524
195991681604,199,3171,98,3466,4780,2524
195991692605,232,3381,107,7729,4781,2524
195991703657,22,2639,51,2370,4781,2525
195991714785,177,3803,181,15636,4782,2525
195991725862,169,4097,59,1604,4783,2525
195991736997,26,2812,37,803,4783,2526
195991747976,188,3493,41,799,4784,2526
195991759412,114,3640,355,35972,4785,2526
195991770492,21,2651,61,3776,4785,2527
195991781505,117,3288,125,8030,4786,2527
195991792537,108,2942,148,13749,4787,2527
195991803628,23,3100,46,2180,4787,2528
195991814583,122,4220,56,2346,4788,2528
195991825921,314,3178,48,2211,4789,2528
195991836813,20,3560,43,1825,4789,2529
195991847794,848,2899,101,7760,4790,2529
195991859333,161,4444,50,1981,4791,2529
195991870378,21,2914,100,1771,4791,2530
195991881383,121,2840,173,14260,4792,2530
195991892483,218,3178,169,7984,4793,2530
195991903459,20,3872,45,1845,4793,2531
195991914649,452,3051,164,14797,4794,2531
195991925590,240,4722,65,2538,4795,2531
195991936665,44,3610,56,1994,4795,2532
195991948202,267,3372,95,7310,4796,2532
195991959166,177,2930,179,15437,4797,2532
195991970089,32,2561,53,2157,4797,2533
195991981617,156,2717,123,8580,4798,2533
195992015671,169,3407,113,4750,4799,2533
195992030427,153,4028,508,33749,4800,2533
195992041540,140,4312,82,3759,4801,2533
195992052618,19,3642,61,2172,4801,2534
195992063790,235,4143,129,7134,4802,2534
195992074972,123,4308,331,13949,4803,2534
195992086162,27,2752,68,1204,4803,2535
195992097222,1061,3003,55,1213,4804,2535
195992108362,367,5786,42,841,4805,2535
195992119474,21,3564,36,841,4805,2536
195992130528,263,3775,360,36154,4806,2536
195992141757,150,5770,124,9704,4807,2536
195992152763,25,3323,58,2318,4807,2537
195992163758,225,3094,168,13621,4808,2537
195992175347,190,4793,84,2452,4809,2537
195992186336,31,3053,61,1902,4809,2538
195992197421,183,3064,112,7211,4810,2538
195992208442,135,3923,165,14392,4811,2538
195992219461,23,2688,47,1955,4811,2539
195992230528,166,3591,111,8440,4812,2539
195992241566,132,4019,166,14020,4813,2539
195992253116,23,2796,44,2005,4813,2540
195992264169,436,3085,45,1556,4814,2540
195992275459,205,3475,39,789,4815,2540
195992285999,20,2831,33,774,4815,2541
195992297300,179,2949,331,33634,4816,2541
195992308391,361,4653,73,3738,4817,2541
195992319430,22,5248,62,2159,4817,2542
195992330559,277,3544,42,1989,4818,2542
195992341617,110,4756,105,7536,4819,2542
195992352837,22,4647,60,1952,4819,2543
195992363976,378,3219,70,2305,4820,2543
195992375009,192,4334,158,13928,4821,2543
195992386006,30,3272,51,2115,4821,2544
195992397216,187,4164,114,8067,4822,2544
195992408278,233,4477,174,15090,4823,2544
195992419874,25,3102,56,2336,4823,2545
195992430915,149,3500,72,2610,4824,2545
195992441979,484,4387,111,7498,4825,2545
195992452623,23,3526,45,1789,4825,2546
195992464203,223,4010,79,4514,4826,2546
195992475273,188,4056,350,35917,4827,2546
195992486293,22,2875,68,3734,4827,2547
195992497329,137,4063,58,2425,4828,2547
195992508335,130,5730,61,3046,4829,2547
195992519399,20,3502,35,754,4829,2548
195992530864,171,4606,352,33823,4830,2548
195992541484,27,3141,70,3648,4830,2549
195992553009,121,2675,46,1722,4831,2549
195992564029,159,2680,79,4467,4832,2549
195992575152,141,3541,79,4374,4833,2549
195992586287,27,26305,59,723,4833,2550
195992623743,222,2863,62,711,4834,2550
195992635447,199,4087,564,36108,4835,2550
195992646623,283,4004,183,9565,4836,2550
195992657303,34,5062,72,2239,4836,2551
195992668319,164,4040,221,13583,4837,2551
195992679471,205,3121,79,2445,4838,2551
195992690629,35,4497,63,1811,4838,2552
195992701663,211,3243,97,6039,4839,2552
195992712734,161,2641,88,5005,4840,2552
195992723795,24,2765,38,870,4840,2553
195992735099,235,3004,32,817,4841,2553
195992746285,265,3006,354,35817,4842,2553
195992757365,27,4976,76,3889,4842,2554
195992768557,133,2877,159,14959,4843,2554
195992779636,167,3017,98,7754,4844,2554
195992790619,24,5606,53,1928,4844,2555
195992801700,128,3797,165,14937,4845,2555
195992813176,126,4393,113,7520,4846,2555
195992824259,28,5146,66,2195,4846,2556
195992835494,176,3831,177,15602,4847,2556
195992846609,161,3569,116,7649,4848,2556
195992857671,33,5810,61,1972,4848,2557
195992868646,139,3215,51,2266,4849,2557
195992879668,132,3459,212,14485,4850,2557
195992890865,32,6173,61,2279,4850,2558
195992901777,132,3182,113,8122,4851,2558
195992912756,164,3643,171,15234,4852,2558
195992923968,34,5247,50,2275,4852,2559
195992934926,112,3512,53,2528,4853,2559
195992946566,265,4060,104,7378,4854,2559
195992957490,23,4873,61,1928,4854,2560
195992968601,181,3724,173,15406,4855,2560
195992979663,1022,3023,103,8515,4856,2560
195992990729,28,5199,54,2046,4856,2561
195993001853,187,3381,143,13228,4857,2561
195993012882,130,3273,57,1574,4858,2561
195993023839,31,3045,53,772,4858,2562
195993035433,283,2987,439,36188,4859,2562
195993046438,124,3831,221,16734,4860,2562
195993057701,22,4560,57,2463,4860,2563
195993068722,229,3180,50,2320,4861,2563
195993079727,290,3383,44,2050,4862,2563
195993090583,31,5602,63,1918,4862,2564
195993101706,394,3169,103,7565,4863,2564
195993113136,127,2978,54,2120,4864,2564
195993123862,24,2830,50,1894,4864,2565
195993135364,199,2918,158,14463,4865,2565
195993146353,119,3328,98,7968,4866,2565
195993157462,56,4770,46,1912,4866,2566
195993168380,230,3182,222,15004,4867,2566
195993179454,112,3318,51,2592,4868,2566
195993190935,22,4968,53,2095,4868,2567
195993201651,146,3371,95,7194,4869,2567
195993213172,334,3282,255,25010,4870,2567
195993224310,40,5035,60,3188,4870,2568
195993235293,169,2920,108,9124,4871,2568
195993246039,111,3032,153,14537,4872,2568
195993257587,44,5361,58,2625,4872,2569
195993268236,243,2974,41,1436,4873,2569
195993279762,114,3068,36,692,4874,2569
195993290654,25,5246,47,692,4874,2570
195993301847,163,3072,320,33720,4875,2570
195993312949,420,2775,73,3688,4876,2570
195993324058,28,5046,57,2119,4876,2571
195993335297,463,3062,49,1947,4877,2571
195993346303,128,3392,99,7462,4878,2571
195993357352,24,5082,57,1918,4878,2572
195993368326,193,3688,60,2296,4879,2572
195993379743,331,3850,151,13845,4880,2572
195993390668,26,2566,56,2022,4880,2573
195993401719,181,2703,116,7956,4881,2573
195993447971,232,3383,179,15114,4882,2573
195993463382,195,4061,86,2476,4883,2573
195993474092,35,5398,48,1078,4883,2574
195993485730,140,3914,54,1160,4884,2574
195993496410,162,4144,572,35926,4885,2574
195993507544,27,4722,107,3861,4885,2575
195993518680,265,3213,160,14867,4886,2575
195993529773,225,3261,112,7875,4887,2575
195993540826,26,4770,58,2042,4887,2576
195993551861,414,3024,182,14907,4888,2576
195993562884,359,4038,102,7588,4889,2576
195993574455,26,4739,54,2105,4889,2577
195993585323,184,3923,167,15360,4890,2577
195993596605,126,3556,98,7510,4891,2577
195993607604,26,5623,57,1957,4891,2578
195993618670,192,3694,48,2267,4892,2578
195993629865,215,3725,156,14590,4893,2578
195993640985,23,5991,57,2424,4893,2579
195993653394,234,3420,111,8223,4894,2579
195993663126,185,3969,171,15213,4895,2579
195993674088,23,5228,61,2461,4895,2580
195993684967,389,3853,59,2619,4896,2580
195993696226,263,3104,120,7391,4897,2580
195993708117,155,4451,186,15524,4898,2580
195993718486,24,4298,59,2356,4898,2581
195993729442,136,3536,113,8628,4899,2581
195993740972,22,4804,45,1635,4899,2582
195993751988,1089,3003,78,5058,4900,2582
195993763006,158,3103,105,811,4901,2582
195993774044,23,5519,41,778,4901,2583
195993785097,170,3041,337,35495,4902,2583
195993796138,357,2922,172,16690,4903,2583
195993807620,24,4821,62,2583,4903,2584
195993818643,341,3450,51,2449,4904,2584
195993829674,127,2618,55,2070,4905,2584
195993840712,29,2594,49,1885,4905,2585
195993851784,168,2621,106,7525,4906,2585
195993862860,183,2619,53,2061,4907,2585
195993874453,24,4440,61,1833,4907,2586
195993885375,152,2689,153,14283,4908,2586
195993909102,222,3445,78,1869,4909,2586
195993923998,33,5368,55,735,4909,2587
195993935281,186,4116,508,33990,4910,2587
195993946565,113,4209,139,7555,4911,2587
195993957708,26,4895,70,1447,4911,2588
195993968895,171,2687,118,4595,4912,2588
195993979960,207,3262,42,763,4913,2588
195993991060,39,5039,43,701,4913,2589
195994001659,378,3556,357,35557,4914,2589
195994013261,127,3054,179,16274,4915,2589
195994024328,21,5084,61,2555,4915,2590
195994035336,274,4027,97,7868,4916,2590
195994046348,121,3104,177,15089,4917,2590
195994057460,21,4848,47,1899,4917,2591
195994068436,118,3273,193,18088,4918,2591
195994079948,141,3550,173,15443,4919,2591
195994091026,25,5329,58,2170,4919,2592
195994101782,119,4086,106,7831,4920,2592
195994113283,121,3107,47,2108,4921,2592
195994124294,22,4617,52,1772,4921,2593
195994135242,153,3811,214,14398,4922,2593
195994146350,115,3911,100,7760,4923,2593
195994157561,21,4692,45,1896,4923,2594
195994168453,227,2938,158,15037,4924,2594
195994180013,112,3639,44,1500,4925,2594
195994191006,21,6443,685,783,4925,2595
195994202119,163,4337,348,35487,4926,2595
195994213135,109,3325,193,17535,4927,2595
195994224341,27,4616,60,2562,4927,2596
195994235747,376,2984,105,8339,4928,2596
195994246513,479,3275,50,2310,4929,2596
195994257598,19,4717,50,1967,4929,2597
195994268585,309,3302,153,14637,4930,2597
195994279709,290,3299,113,7889,4931,2597
195994290667,19,4893,49,1821,4931,2598
195994302129,328,3018,134,12267,4932,2598
195994313212,141,2938,107,7210,4933,2598
195994324306,24,4963,54,2014,4933,2599
195994335339,111,2697,159,15146,4934,2599
195994346381,114,2724,99,7965,4935,2599
195994357449,21,5563,59,1906,4935,2600
195994368512,133,2992,71,4621,4936,2600
195994379747,221,3360,439,35764,4937,2600
195994390855,31,4854,74,3772,4937,2601
195994401955,129,4130,141,8013,4938,2601
195994413080,277,3061,153,13805,4939,2601
195994424136,33,5794,52,2162,4939,2602
195994435175,332,3726,53,2311,4940,2602
195994446145,349,3763,94,7083,4941,2602
195994457694,21,5077,62,1871,4941,2603
195994468839,188,3488,155,14448,4942,2603
195994479953,206,3794,101,8032,4943,2603
195994491054,26,5614,56,2016,4943,2604
195994502052,129,3765,53,2350,4944,2604
195994513063,440,3170,167,14515,4945,2604
195994524000,21,5602,58,2036,4945,2605
195994535361,306,3403,52,2466,4946,2605
195994546502,107,3205,45,2117,4947,2605
195994557428,20,5058,55,1927,4947,2606
195994568719,221,2924,39,1444,4948,2606
195994579795,251,3504,352,32962,4949,2606
195994590932,20,5596,66,3606,4949,2607
195994601991,204,3335,41,1413,4950,2607
195994613022,141,3781,400,35601,4951,2607
195994624029,71,5609,68,3735,4951,2608
195994635219,202,3203,147,13495,4952,2608
195994646587,182,3338,43,1495,4953,2608
195994657676,22,5624,40,744,4953,2609
195994668790,118,3259,31,744,4954,2609
195994679786,181,3435,357,34193,4955,2609
195994690823,20,6263,70,3775,4955,2610
195994701983,149,3636,173,7536,4956,2610
195994713240,742,3437,183,14814,4957,2610
195994724242,23,6715,61,2042,4957,2611
195994735466,274,3736,112,8003,4958,2611
195994746572,184,3480,54,2191,4959,2611
195994757662,23,5451,60,1858,4959,2612
195994768559,123,3005,154,14191,4960,2612
195994779563,353,2982,104,8006,4961,2612
195994791020,23,4768,62,1827,4961,2613
195994802015,244,4210,158,12388,4962,2613
195994813054,427,4796,262,6400,4963,2613
195994824183,31,5201,40,943,4963,2614
195994835376,230,3254,390,43828,4964,2614
195994847274,154,3955,125,10564,4965,2614
195994857701,22,5008,64,2782,4965,2615
195994868651,473,3674,56,2694,4966,2615
195994879862,122,3196,244,15128,4967,2615
195994890820,22,5274,56,2440,4967,2616
195994902103,127,3265,103,7349,4968,2616
195994913203,115,2862,69,3908,4969,2616
195994924357,27,5128,39,858,4969,2617
195994935024,263,2870,81,808,4970,2617
195994946245,499,3186,459,35459,4971,2617
195994957752,26,5000,82,3802,4971,2618
195994968653,375,2977,170,15772,4972,2618
195994979660,163,2750,111,8264,4973,2618
195994990642,23,4932,50,1978,4973,2619
195995003817,193,2913,46,2280,4974,2619
195995013187,549,3730,165,14527,4975,2619
195995024225,21,4984,52,2194,4975,2620
195995035794,229,3355,101,8095,4976,2620
195995046355,266,3364,144,13136,4977,2620
195995057452,22,5141,55,2075,4977,2621
195995068503,139,3520,92,7385,4978,2621
195995079586,321,3410,188,15464,4979,2621
195995090925,24,4887,62,2380,4979,2622
195995101852,370,2928,106,8177,4980,2622
195995112911,227,2753,44,2141,4981,2622
195995124012,31,5252,52,1895,4981,2623
195995135764,239,3165,227,14738,4982,2623
195995146414,126,3639,104,8047,4983,2623
195995157426,23,5390,52,1932,4983,2624
195995168552,236,3811,159,15164,4984,2624
195995179999,222,3320,55,2019,4985,2624
195995191012,25,5023,40,1100,4985,2625
195995202166,151,3703,37,1073,4986,2625
195995213243,298,3369,341,33023,4987,2625
195995224249,23,5889,87,3595,4987,2626
195995235296,371,3103,106,8454,4988,2626
195995246384,214,4032,82,2309,4989,2626
195995257391,21,6547,53,1946,4989,2627
195995268465,233,4558,195,13739,4990,2627
195995279956,205,3098,107,7771,4991,2627
195995291007,23,5760,56,1776,4991,2628
195995302038,146,3239,217,14741,4992,2628
195995313160,206,4219,95,7169,4993,2628
195995324115,47,5295,58,1928,4993,2629
195995335153,346,4263,166,15265,4994,2629
195995346240,340,3402,122,7622,4995,2629
195995357735,21,5078,56,1779,4995,2630
195995368629,205,3117,45,2084,4996,2630
195995379715,173,4091,166,14625,4997,2630
195995390700,24,5687,55,2191,4997,2631
195995401856,297,3893,112,8088,4998,2631
195995412963,181,3608,166,15091,4999,2631
195995424022,24,5071,59,2355,4999,2632
195995435046,264,3535,55,2704,5000,2632
195995446665,257,3797,101,7247,5001,2632
195995457766,170,4808,233,15420,5002,2632
195995468384,26,3138,51,2357,5002,2633
195995479858,207,3136,132,8761,5003,2633
195995490872,47,5140,55,1706,5003,2634
195995502057,175,3115,75,5168,5004,2634
195995513130,124,3399,36,797,5005,2634
195995524124,21,6257,43,753,5005,2635
195995535206,442,5067,374,35862,5006,2635
195995546206,195,3620,290,16603,5007,2635
195995557748,53,5947,61,2511,5007,2636
195995568828,140,4367,96,2410,5008,2636
195995579799,137,2917,53,2008,5009,2636
195995590835,22,5287,50,1847,5009,2637
195995601869,169,3144,95,7420,5010,2637
195995613000,425,2959,53,2016,5011,2637
195995624316,25,5069,54,1820,5011,2638
195995635789,369,4342,153,14188,5012,2638
195995646478,260,5250,103,7838,5013,2638
195995657655,23,5895,52,1777,5013,2639
195995668704,143,3808,157,14755,5014,2639
195995679711,125,2998,62,2557,5015,2639
195995690726,23,5245,91,2120,5015,2640
195995701875,245,2922,105,7306,5016,2640
195995713054,219,3537,195,15357,5017,2640
195995724006,37,5131,59,2031,5017,2641
195995736010,413,3351,111,8369,5018,2641
195995746560,126,4033,58,2175,5019,2641
195995757732,72,6406,55,1778,5019,2642
195995768786,154,4005,53,2422,5020,2642
195995779931,348,3186,171,14942,5021,2642
195995790976,23,5036,55,2256,5021,2643
195995802062,341,4120,53,2503,5022,2643
195995813140,327,3727,46,1445,5023,2643
195995824294,21,5197,39,681,5023,2644
195995835261,474,4198,34,675,5024,2644
195995846884,348,4039,387,35671,5025,2644
195995857359,44,5668,70,3743,5025,2645
195995868434,200,3401,53,2442,5026,2645
195995879928,235,3297,163,14426,5027,2645
195995891011,22,4695,48,2126,5027,2646
195995902008,314,2822,98,7693,5028,2646
195995913122,225,3563,165,15025,5029,2646
195995924137,23,6097,51,2147,5029,2647
195995935182,140,2845,59,2423,5030,2647
195995946214,158,2633,112,7167,5031,2647
195995965331,269,3255,124,5265,5032,2647
195995980391,202,4078,746,36237,5033,2647
195995991497,270,4309,90,4089,5034,2647
195996002579,22,3182,58,2243,5034,2648
195996013732,112,3916,66,2616,5035,2648
195996024891,119,3775,274,15011,5036,2648
195996036085,40,2919,60,2204,5036,2649
195996046796,157,3422,57,1874,5037,2649
195996058000,140,4722,39,704,5038,2649
195996069068,24,3163,34,690,5038,2650
195996080091,131,3855,360,35751,5039,2650
195996091255,129,4148,83,5723,5040,2650
195996102366,22,3953,49,2194,5040,2651
195996113538,153,3477,46,2156,5041,2651
195996124598,195,4469,163,14402,5042,2651
195996135690,20,2709,45,2078,5042,2652
195996147066,319,4222,173,7773,5043,2652
195996158222,184,4025,187,15036,5044,2652
195996169328,24,3691,57,2166,5044,2653
195996180106,211,3170,64,2382,5045,2653
195996191137,24,5394,56,1911,5045,2654
195996202195,128,2904,94,7167,5046,2654
195996213719,214,4255,166,15183,5047,2654
195996224966,276,4046,114,8137,5048,2654
195996235581,22,3154,40,1824,5048,2655
195996246961,172,3988,52,2095,5049,2655
195996257937,248,4921,57,2354,5050,2655
195996269169,25,3837,54,1849,5050,2656
195996280238,192,3560,165,14951,5051,2656
195996291515,121,4328,61,2595,5052,2656
195996302505,25,2932,44,2095,5052,2657
195996313583,1211,3228,96,7051,5053,2657
195996324660,126,4340,326,33923,5054,2657
195996335679,22,2976,55,3390,5054,2658
195996347021,669,3402,101,7507,5055,2658
195996358146,212,4894,80,4354,5056,2658
195996369451,118,3926,46,813,5056,2659
195996380529,122,2760,364,36202,5057,2659
195996391241,401,4398,124,9683,5058,2659
195996402261,27,2531,56,2224,5058,2660
195996413681,162,2662,154,13808,5059,2660
195996432306,230,3141,70,1685,5060,2660
195996447647,189,4282,564,35540,5061,2660
195996458320,237,4343,206,14742,5062,2660
195996469397,30,3238,57,1049,5062,2661
195996480569,140,3949,43,1084,5063,2661
195996491698,146,3633,525,35907,5064,2661
195996502879,33,2628,114,3755,5064,2662
195996514329,291,3279,165,14792,5065,2662
195996524904,228,3506,99,7740,5066,2662
195996535909,20,3120,45,1936,5066,2663
195996546958,168,3554,165,14889,5067,2663
195996558095,121,3801,57,2324,5068,2663
195996569791,20,2837,46,1973,5068,2664
195996580666,322,2950,49,2111,5069,2664
195996591662,22,4664,54,1979,5069,2665
195996602678,113,3119,97,7827,5070,2665
195996613902,376,2922,60,2225,5071,2665
195996625056,229,3503,1749,14513,5072,2665
195996636094,20,2639,45,2235,5072,2666
195996647132,151,2854,106,8089,5073,2666
195996658142,812,3175,164,15105,5074,2666
195996669186,22,3287,204,2349,5074,2667
195996680231,169,3401,54,2618,5075,2667
195996691785,251,4210,639,7278,5076,2667
195996702811,20,2785,43,1891,5076,2668
195996713834,155,3679,202,15304,5077,2668
195996725043,2172,2782,115,8304,5078,2668
195996736158,22,2798,44,2067,5078,2669
195996746957,295,3244,153,13467,5079,2669
195996758455,180,3627,52,1695,5080,2669
195996769498,20,2669,32,743,5080,2670
195996781070,127,3317,36,742,5081,2670
195996791519,112,3929,332,33832,5082,2670
195996802533,21,3000,61,3598,5082,2671
195996813587,155,2635,55,2281,5083,2671
195996825125,169,3374,108,7124,5084,2671
195996836139,31,2546,51,1838,5084,2672
195996846908,156,2621,61,2185,5085,2672
195996858473,110,3408,49,1908,5086,2672
195996884182,389,2696,83,2997,5087,2672
195996898670,223,4144,550,35915,5088,2672
195996909852,187,4111,281,16666,5089,2672
195996921045,24,3597,83,2529,5089,2673
195996932238,180,3920,74,2372,5090,2673
195996943359,105,3008,123,6766,5091,2673
195996954008,22,2620,78,1593,5091,2674
195996965143,205,3896,79,4128,5092,2674
195996976729,302,3470,35,781,5093,2674
195996987740,22,3229,37,727,5093,2675
195996998826,168,3317,344,35892,5094,2675
195997009894,263,3182,178,16228,5095,2675
195997020888,21,3095,48,2506,5095,2676
195997031964,218,3371,100,7814,5096,2676
195997043200,433,4091,163,14995,5097,2676
195997054052,21,3059,44,2179,5097,2677
195997065521,246,3316,51,2484,5098,2677
195997076608,218,3848,51,2129,5099,2677
195997087725,21,3976,52,1988,5099,2678
195997098703,265,4334,107,7887,5100,2678
195997109684,142,3427,55,2068,5101,2678
195997120802,23,3297,46,1797,5101,2679
195997131924,191,3953,157,14439,5102,2679
195997142931,219,3375,96,7278,5103,2679
195997154477,24,3338,40,810,5103,2680
195997165551,245,4807,346,43911,5104,2680
195997176539,113,3534,84,5749,5105,2680
195997187595,20,2975,53,3001,5105,2681
195997198626,172,4039,95,7863,5106,2681
195997209637,430,3798,171,15811,5107,2681
195997220695,30,3530,62,2706,5107,2682
195997232133,130,3716,48,1457,5108,2682
195997243172,219,4473,339,36054,5109,2682
195997254258,22,3276,67,3763,5109,2683
195997265316,176,3619,91,6772,5110,2683
195997276293,156,3246,71,4033,5111,2683
195997287331,20,2865,28,801,5111,2684
195997298878,189,4793,323,33797,5112,2684
195997309998,129,3338,100,3761,5113,2684
195997320898,27,2758,44,2159,5113,2685
195997332061,170,3487,94,7271,5114,2685
195997343100,404,3373,49,2076,5115,2685
195997354107,23,3684,56,1781,5115,2686
195997365231,333,3204,51,2054,5116,2686
195997376227,142,3459,165,14005,5117,2686
195997387767,23,3499,53,1850,5117,2687
195997398861,144,2799,110,7767,5118,2687
195997409810,131,2745,164,14807,5119,2687
195997420749,24,2823,46,2215,5119,2688
195997432246,196,2844,57,2515,5120,2688
195997443270,138,2841,113,7145,5121,2688
195997454314,32,2786,51,1778,5121,2689
195997465345,167,2952,170,15037,5122,2689
195997476403,505,3051,124,8166,5123,2689
195997487541,26,2702,45,1868,5123,2690
195997498554,189,2908,54,2224,5124,2690
195997509626,115,2985,53,2357,5125,2690
195997520813,22,4775,62,1806,5125,2691
195997531906,183,3388,185,14845,5126,2691
195997543076,274,3032,62,2583,5127,2691
195997554165,26,2829,58,2056,5127,2692
195997565398,185,3078,95,6359,5128,2692
195997576306,196,3397,397,32513,5129,2692
195997587550,22,3251,61,3589,5129,2693
195997598592,223,3370,60,2722,5130,2693
195997609884,259,3872,50,2035,5131,2693
195997621015,23,3566,66,1763,5131,2694
195997631832,152,3385,166,14355,5132,2694
195997643068,177,3195,100,7874,5133,2694
195997654137,51,2980,108,1958,5133,2695
195997665588,263,3263,211,14999,5134,2695
195997676408,192,4403,70,2772,5135,2695
195997687812,26,3595,66,2230,5135,2696
195997698939,198,3113,119,7625,5136,2696
195997709692,154,3051,188,15465,5137,2696
195997721228,32,3030,120,2067,5137,2697
195997731803,537,2849,127,8526,5138,2697
195997743297,486,3642,179,14170,5139,2697
195997754519,35,3031,71,2189,5139,2698
195997765580,212,3646,54,1496,5140,2698
195997776628,156,3234,53,678,5141,2698
195997787661,31,4096,46,678,5141,2699
195997798806,139,2911,326,33562,5142,2699
195997809963,142,2905,71,3673,5143,2699
195997820972,26,3655,65,2100,5143,2700
195997832000,244,3414,102,7129,5144,2700
195997842992,210,5861,59,2167,5145,2700
195997854137,29,3745,61,1880,5145,2701
195997865341,241,4470,57,2154,5146,2701
195997876642,199,3423,194,13901,5147,2701
195997887538,34,2937,86,1957,5147,2702
195997898813,188,3648,118,7968,5148,2702
195997909984,258,3559,179,14943,5149,2702
195997921017,33,2823,66,2294,5149,2703
195997932034,194,3066,63,2542,5150,2703
195997943078,143,4163,105,7161,5151,2703
195997954570,28,4160,62,1823,5151,2704
195997965197,226,3296,164,14530,5152,2704
195997976668,433,3857,381,38148,5153,2704
195997987597,29,3088,74,3765,5153,2705
195997998583,158,3624,164,13759,5154,2705
195998009736,258,3837,116,7959,5155,2705
195998020785,33,2733,62,1833,5155,2706
195998031962,207,3386,144,11275,5156,2706
195998042974,319,3590,58,1186,5157,2706
195998054320,23,2790,41,737,5157,2707
195998065402,246,3098,363,34642,5158,2707
195998076676,378,3424,117,9067,5159,2707
195998087833,22,2855,54,2276,5159,2708
195998098908,382,3642,61,2362,5160,2708
195998109911,564,3241,51,2017,5161,2708
195998120964,24,3169,56,1799,5161,2709
195998131942,421,3344,153,14092,5162,2709
195998143084,311,3267,104,7598,5163,2709
195998154121,26,2564,47,1872,5163,2710
195998165158,156,2656,156,14618,5164,2710
195998176664,115,2634,65,2548,5165,2710
195998187731,24,2586,49,1998,5165,2711
195998198873,264,2687,114,7185,5166,2711
195998209923,147,2684,173,15183,5167,2711
195998220877,31,2593,56,1887,5167,2712
195998231920,124,2630,102,8347,5168,2712
195998242926,100,2735,49,2212,5169,2712
195998254493,21,2627,66,1861,5169,2713
195998302820,269,2863,57,2535,5170,2713
195998317307,215,2708,70,1998,5171,2713
195998328432,142,3865,124,3678,5172,2713
195998339537,25,3656,42,823,5172,2714
195998350681,138,4192,484,33320,5173,2714
195998361779,264,2790,171,9800,5174,2714
195998373044,27,3019,71,2245,5174,2715
195998384175,141,2977,160,14052,5175,2715
195998395030,161,3115,101,7776,5176,2715
195998406085,27,3193,52,1911,5176,2716
195998417213,1353,4142,159,14819,5177,2716
195998428277,163,3367,51,2344,5178,2716
195998439620,172,3167,51,2047,5178,2717
195998450897,159,3766,95,7272,5179,2717
195998461890,139,3038,174,15192,5180,2717
195998472894,31,5918,56,2332,5180,2718
195998483947,3280,3491,135,9165,5181,2718
195998494987,492,4484,45,2191,5182,2718
195998506451,25,3024,55,1824,5182,2719
195998517566,143,2927,154,14492,5183,2719
195998528625,155,2956,49,2264,5184,2719
195998539588,23,3024,50,1902,5184,2720
195998550666,166,3099,47,2046,5185,2720
195998561801,136,3057,102,6903,5186,2720
195998572791,24,2991,67,1971,5186,2721
195998583973,5547,3209,206,15162,5187,2721
195998595436,110,3642,92,7912,5188,2721
195998606426,21,3507,52,1761,5188,2722
195998617493,278,4014,45,2062,5189,2722
195998628551,153,3797,63,2929,5190,2722
195998639952,21,3135,36,741,5190,2723
195998650861,335,3830,30,702,5191,2723
195998662008,289,3278,319,33710,5192,2723
195998673447,23,3369,67,3563,5192,2724
195998683870,278,3745,46,2266,5193,2724
195998695237,168,3174,89,6984,5194,2724
195998706324,30,3097,79,1884,5194,2725
195998717468,243,3657,174,14422,5195,2725
195998728481,187,4175,138,7830,5196,2725
195998739492,25,2896,51,2017,5196,2726
195998750588,229,3353,55,2404,5197,2726
195998761661,590,3881,212,14291,5198,2726
195998773150,23,3209,48,2077,5198,2727
195998784220,150,3379,61,2372,5199,2727
195998795390,157,3226,106,2151,5200,2727
195998806516,29,2944,56,1811,5200,2728
195998817447,134,3737,94,7045,5201,2728
195998828496,115,3293,168,14983,5202,2728
195998839612,20,2935,118,2286,5202,2729
195998850730,159,2937,99,8094,5203,2729
195998861713,121,3563,51,2156,5204,2729
195998872809,26,2817,48,1779,5204,2730
195998883780,155,2921,161,13910,5205,2730
195998895417,113,2993,46,1547,5206,2730
195998906234,21,3139,44,744,5206,2731
195998917405,244,3297,341,33603,5207,2731
195998928377,115,2810,69,3707,5208,2731
195998939428,28,2806,52,2122,5208,2732
195998950634,143,3289,101,7256,5209,2732
195998961750,324,3032,216,14692,5210,2732
195998972832,31,3075,52,2176,5210,2733
195998983854,300,3426,117,8441,5211,2733
195998995121,541,3638,138,2173,5212,2733
195999006176,25,3015,54,1910,5212,2734
195999017680,179,3762,2428,14491,5213,2734
195999028747,458,3076,103,8108,5214,2734
195999039749,22,2817,54,1902,5214,2735
195999050844,250,3104,185,12330,5215,2735
195999061833,298,3643,95,7087,5216,2735
195999072968,21,2947,47,1981,5216,2736
195999083919,139,3361,161,15129,5217,2736
195999095210,310,3262,100,7932,5218,2736
195999106272,23,3053,52,1957,5218,2737
195999117324,268,3799,44,2263,5219,2737
195999128389,124,3070,162,14690,5220,2737
195999139433,24,3063,52,2235,5220,2738
195999150973,120,4697,102,7810,5221,2738
195999161899,237,3486,171,15035,5222,2738
195999172952,26,3100,55,2295,5222,2739
195999183960,296,3884,46,1989,5223,2739
195999195152,230,3153,32,798,5224,2739
195999206386,23,2952,43,790,5224,2740
195999217490,328,3516,319,33283,5225,2740
195999228572,167,3178,127,10281,5226,2740
195999239608,20,2957,57,2240,5226,2741
195999250779,136,3378,50,2319,5227,2741
195999261799,104,3144,150,14080,5228,2741
195999272863,29,3136,56,2045,5228,2742
195999284044,171,2941,115,7914,5229,2742
195999295117,217,2914,168,15098,5230,2742
195999306125,25,3105,56,2121,5230,2743
195999317655,144,3839,108,8057,5231,2743
195999328629,474,2908,57,1903,5232,2743
195999339514,30,2895,56,1895,5232,2744
195999350724,228,3482,56,2272,5233,2744
195999361762,283,3342,72,1947,5234,2744
195999373016,24,2819,53,1765,5234,2745
195999384203,322,3137,251,14392,5235,2745
195999395285,155,2923,105,7686,5236,2745
195999406059,48,3080,61,1962,5236,2746
195999417569,202,3525,170,14893,5237,2746
195999428641,153,3154,60,2285,5238,2746
195999439716,31,3437,79,1884,5238,2747
195999451108,246,3227,111,7047,5239,2747
195999462020,218,3698,171,15251,5240,2747
195999473222,39,4035,66,2316,5240,2748
195999484396,135,3271,53,1552,5241,2748
195999494914,194,3945,458,35871,5242,2748
195999506175,28,2891,136,3732,5242,2749
195999517256,350,3939,57,2837,5243,2749
195999528481,120,3502,108,5699,5244,2749
195999539395,23,2841,36,798,5244,2750
195999550942,337,3078,336,33884,5245,2750
195999561940,304,2948,65,3706,5246,2750
195999573075,23,2733,65,2134,5246,2751
195999583852,220,3045,46,1969,5247,2751
195999595222,139,3923,108,7192,5248,2751
195999606203,20,2777,44,1186,5248,2752
195999617234,399,3374,226,22160,5249,2752
195999628347,419,3101,184,13793,5250,2752
195999639428,25,2994,113,1848,5250,2753
195999650807,159,3450,132,7600,5251,2753
195999661860,125,2669,163,14667,5252,2753
195999672880,27,3382,56,1884,5252,2754
195999683813,169,4095,48,2103,5253,2754
195999695356,179,4119,88,6848,5254,2754
195999706368,18,5432,52,1541,5254,2755
195999717176,307,3490,208,14828,5255,2755
195999728655,138,3655,106,7349,5256,2755
195999739736,23,3353,48,1421,5256,2756
195999750725,229,3570,262,22343,5257,2756
195999761783,118,4089,154,14310,5258,2756
195999772927,21,2790,52,2081,5258,2757
195999783900,254,3167,103,7708,5259,2757
195999794964,169,4043,162,14575,5260,2757
195999806214,21,2836,45,1901,5260,2758
195999817311,396,4964,60,2156,5261,2758
195999828386,290,3421,61,1913,5262,2758
195999839343,24,3192,55,1612,5262,2759
195999850959,458,3167,114,7382,5263,2759
195999861612,171,2950,53,1807,5264,2759
195999873073,31,3208,60,1579,5264,2760
195999884050,270,3454,159,14261,5265,2760
195999895089,191,3049,107,7724,5266,2760
195999906121,22,2836,49,1681,5266,2761
195999917134,131,3086,159,14657,5267,2761
195999928571,240,2998,52,2150,5268,2761
195999939403,26,2765,49,1769,5268,2762
195999950919,241,2977,117,7059,5269,2762
195999961925,242,3278,162,15157,5270,2762
195999972953,24,2899,56,1929,5270,2763
195999983950,339,2867,101,7829,5271,2763
195999995227,132,3323,69,4493,5272,2763
196000006250,20,3419,94,804,5272,2764
196000017243,359,2971,373,36292,5273,2764
196000028266,114,3311,155,9592,5274,2764
196000039836,25,3290,174,2256,5274,2765
196000050445,180,4318,84,5820,5275,2765
196000062110,287,3264,344,34672,5276,2765
196000073261,20,3154,70,3766,5276,2766
196000085056,130,3781,54,2695,5277,2766
196000095553,121,3405,102,7543,5278,2766
196000106109,20,3036,52,1787,5278,2767
196000117673,209,3606,52,2091,5279,2767
196000128659,163,4264,154,13871,5280,2767
196000139698,21,3054,52,1990,5280,2768
196000150832,268,4211,113,7723,5281,2768
196000161857,308,3255,160,15042,5282,2768
196000172903,20,2974,51,2243,5282,2769
196000183935,200,3292,50,2524,5283,2769
196000195156,177,3516,100,7381,5284,2769
196000206232,20,3583,58,1825,5284,2770
196000217420,210,3104,74,4469,5285,2770
196000228333,359,2888,34,854,5286,2770
196000239401,21,3103,36,796,5286,2771
196000251023,134,3261,333,35728,5287,2771
196000262035,256,3102,246,16297,5288,2771
196000273085,21,2911,80,2520,5288,2772
196000284120,229,3129,98,7841,5289,2772
196000295160,131,3204,204,15041,5290,2772
196000306227,27,3057,51,2178,5290,2773
196000317095,165,3324,61,2447,5291,2773
196000328628,395,3067,66,2143,5292,2773
196000339685,25,3095,54,1813,5292,2774
196000350865,165,3119,97,7501,5293,2774
196000361650,236,3337,49,2054,5294,2774
196000372787,20,2943,52,1792,5294,2775
196000383949,266,3586,152,14275,5295,2775
196000394947,169,3735,103,7997,5296,2775
196000406493,23,2890,54,1878,5296,2776
196000417513,447,3659,160,14917,5297,2776
196000428553,219,3211,52,2517,5298,2776
196000439591,21,2935,49,2066,5298,2777
196000450645,115,3750,96,7260,5299,2777
196000461727,318,3554,160,15267,5300,2777
196000472784,31,2834,58,2268,5300,2778
196000483748,187,3816,136,8057,5301,2778
196000495052,2026,3172,253,24110,5302,2778
196000506116,30,3132,69,3021,5302,2779
196000517626,240,3830,59,1477,5303,2779
196000528761,399,3759,39,721,5304,2779
196000539754,22,2814,37,721,5304,2780
196000551289,180,3860,341,33796,5305,2780
196000561948,201,3465,62,3746,5306,2780
196000573082,22,2723,52,2143,5306,2781
196000584031,124,3193,44,1967,5307,2781
196000595258,133,2653,107,7475,5308,2781
196000606293,26,2637,58,1898,5308,2782
196000617344,162,2680,67,2301,5309,2782
196000628373,155,2663,169,13903,5310,2782
196000639767,27,2628,54,1882,5310,2783
196000650810,162,2671,102,7691,5311,2783
196000662059,119,2717,202,14806,5312,2783
196000714661,210,2987,62,1801,5313,2783
196000729059,128,2691,353,36190,5314,2783
196000740405,29,6530,106,3806,5314,2784
196000751423,562,4056,63,2510,5315,2784
196000762518,129,3992,72,2463,5316,2784
196000773628,21,5326,60,1852,5316,2785
196000784729,131,2681,241,14641,5317,2785
196000795877,138,2980,56,1395,5318,2785
196000807029,25,5215,44,739,5318,2786
196000818184,123,2630,36,739,5319,2786
196000829288,160,3119,365,35705,5320,2786
196000840446,21,4924,70,3761,5320,2787
196000851565,223,3072,52,2609,5321,2787
196000862605,151,4364,50,2031,5322,2787
196000873617,21,4944,52,1760,5322,2788
196000884649,149,3274,150,14276,5323,2788
196000895698,113,3707,101,7436,5324,2788
196000907019,23,4921,52,1950,5324,2789
196000918065,383,3567,155,14744,5325,2789
196000929094,186,3078,46,2247,5326,2789
196000940691,23,4694,46,1893,5326,2790
196000951631,210,3040,92,7119,5327,2790
196000962785,273,3398,217,15236,5328,2790
196000973692,22,2970,55,2076,5328,2791
196000984784,211,3274,116,9292,5329,2791
196000995753,212,4280,55,2315,5330,2791
196001007460,22,5242,239,1949,5330,2792
196001017962,174,3568,151,14108,5331,2792
196001029247,227,3928,223,22487,5332,2792
196001040299,21,5230,53,2075,5332,2793
196001051366,279,3740,53,2010,5333,2793
196001062499,226,3480,86,6839,5334,2793
196001073491,20,5458,52,1655,5334,2794
196001084571,160,3629,65,4367,5335,2794
196001096032,311,3132,433,33259,5336,2794
196001107159,22,5138,68,3536,5336,2795
196001118130,186,2984,100,8325,5337,2795
196001129155,276,3137,195,14173,5338,2795
196001140170,26,5330,70,2090,5338,2796
196001151248,274,2879,106,7632,5339,2796
196001162770,120,2985,165,14990,5340,2796
196001173857,36,5117,56,2070,5340,2797
196001184808,242,3708,94,2402,5341,2797
196001195895,149,3063,102,7200,5342,2797
196001206893,24,5231,63,1749,5342,2798
196001218399,142,3451,169,15221,5343,2798
196001229467,1283,4396,200,8097,5344,2798
196001240506,24,4722,51,1961,5344,2799
196001251538,185,3236,45,2330,5345,2799
196001262583,241,3023,51,2514,5346,2799
196001273595,57,5089,49,1976,5346,2800
196001284732,122,3618,149,14556,5347,2800
196001295828,182,3299,59,2356,5348,2800
196001307107,38,5111,55,2146,5348,2801
196001318091,132,3037,57,2565,5349,2801
196001329095,155,2900,51,2296,5350,2801
196001340648,20,4728,53,2097,5350,2802
196001351380,247,2922,100,8211,5351,2802
196001362430,235,3853,52,2051,5352,2802
196001373991,26,5129,52,1856,5352,2803
196001384518,151,3285,150,14521,5353,2803
196001396022,118,3221,104,8078,5354,2803
196001407038,22,3262,49,1901,5354,2804
196001418401,154,3473,158,14924,5355,2804
196001429253,193,3866,54,2637,5356,2804
196001440252,20,5736,53,2099,5356,2805
196001451337,294,3469,96,7447,5357,2805
196001462834,174,3130,169,15347,5358,2805
196001473917,40,5629,58,2191,5358,2806
196001484949,189,3457,106,8635,5359,2806
196001496007,292,3810,52,2063,5360,2806
196001507074,23,5420,106,1824,5360,2807
196001518131,216,3853,64,2476,5361,2807
196001529213,124,3540,162,15059,5362,2807
196001540198,20,5154,54,2265,5362,2808
196001551712,273,3442,52,2575,5363,2808
196001562747,249,3290,49,1491,5364,2808
196001573766,33,5904,41,683,5364,2809
196001584865,248,3407,34,679,5365,2809
196001595885,306,4224,41,678,5366,2809
196001606852,19,7090,42,679,5366,2810
196001618439,130,4155,462,35829,5367,2810
196001629413,273,3745,182,16197,5368,2810
196001640324,32,5690,61,2488,5368,2811
196001651299,332,3374,102,7772,5369,2811
196001662848,348,3470,161,14911,5370,2811
196001674080,21,5118,52,2199,5370,2812
196001684651,208,4267,47,1893,5371,2812
196001695919,113,3331,357,35682,5372,2812
196001707376,25,5191,69,3983,5372,2813
196001718247,405,3941,201,15851,5373,2813
196001729635,177,3948,107,8237,5374,2813
196001740390,26,5894,65,1924,5374,2814
196001751521,262,3444,52,2231,5375,2814
196001762541,186,3168,169,14483,5376,2814
196001773622,24,5247,50,2157,5376,2815
196001784613,123,3809,81,2527,5377,2815
196001796174,178,4354,50,2214,5378,2815
196001806850,21,5883,57,1949,5378,2816
196001817998,274,3068,95,7078,5379,2816
196001829509,124,4623,273,24486,5380,2816
196001840076,22,3145,58,2999,5380,2817
196001851426,277,3097,100,8165,5381,2817
196001862454,123,3444,52,1874,5382,2817
196001873608,21,5297,47,1227,5382,2818
196001884514,115,3806,78,5481,5383,2818
196001896028,3174,3298,36,846,5384,2818
196001907137,20,6508,40,809,5384,2819
196001918146,3041,4427,353,33761,5385,2819
196001929254,256,3519,84,3749,5386,2819
196001940153,21,2822,50,2126,5386,2820
196001951773,123,2771,150,7039,5387,2820
196001962766,390,3289,166,14545,5388,2820
196001973769,24,6133,54,2076,5388,2821
196001984838,219,3395,122,8327,5389,2821
196001995904,133,3293,53,2078,5390,2821
196002006940,52,5365,54,1747,5390,2822
196002018046,118,3361,155,14326,5391,2822
196002029517,121,3101,98,8002,5392,2822
196002040554,23,5402,54,1775,5392,2823
196002051627,270,3024,137,12313,5393,2823
196002062630,161,3415,100,7179,5394,2823
196002073695,23,6345,57,1831,5394,2824
196002084732,516,3482,169,15307,5395,2824
196002095831,235,3544,102,7569,5396,2824
196002106937,23,5388,54,1880,5396,2825
196002118003,395,3704,45,2183,5397,2825
196002129046,160,3608,163,14470,5398,2825
196002140625,23,4949,63,2292,5398,2826
196002151189,130,3302,106,7864,5399,2826
196002162736,310,3668,176,15036,5400,2826
196002173745,26,6481,62,2393,5400,2827
196002184803,159,3062,45,1991,5401,2827
196002195800,147,3028,36,803,5402,2827
196002206835,21,5565,49,798,5402,2828
196002217983,192,3405,36,798,5403,2828
196002229470,182,4261,375,36129,5404,2828
196002240495,26,5707,73,3761,5404,2829
196002251311,201,3059,48,2443,5405,2829
196002262849,149,2978,165,14638,5406,2829
196002273884,24,4938,72,1929,5406,2830
196002285009,359,3479,103,7550,5407,2830
196002296213,131,3001,160,14911,5408,2830
196002307291,23,4695,61,2299,5408,2831
196002318551,210,3860,119,8211,5409,2831
196002329135,142,4127,176,15378,5410,2831
196002340129,20,5369,59,1998,5410,2832
196002351761,184,3301,103,7664,5411,2832
196002362759,135,4202,54,2282,5412,2832
196002373828,22,5524,55,1996,5412,2833
196002384857,139,4046,158,14492,5413,2833
196002395865,121,2978,103,7996,5414,2833
196002406962,35,2847,54,1991,5414,2834
196002417922,126,3636,251,14996,5415,2834
196002429484,160,3556,59,2589,5416,2834
196002440543,22,5446,51,2112,5416,2835
196002451408,292,3034,102,7465,5417,2835
196002462472,123,3049,171,15535,5418,2835
196002473844,30,5222,67,2311,5418,2836
196002484549,192,3091,118,8815,5419,2836
196002496029,305,3114,78,4651,5420,2836
196002507123,27,4899,83,819,5420,2837
196002518295,133,3286,344,36287,5421,2837
196002529311,265,4727,126,9655,5422,2837
196002540606,30,4724,55,2161,5422,2838
196002551634,213,3367,157,13818,5423,2838
196002562714,132,2658,57,2350,5424,2838
196002573798,28,4686,55,1828,5424,2839
196002585085,152,2696,57,2168,5425,2839
196002595699,138,2669,103,7569,5426,2839
196002607227,32,4659,66,1792,5426,2840
196002618183,184,2704,48,2157,5427,2840
196002629188,114,2640,157,14204,5428,2840
196002640258,36,2618,48,2106,5428,2841
196002651433,128,2893,117,7997,5429,2841
196002662429,107,2626,158,15043,5430,2841
196002673661,25,4773,75,2300,5430,2842
196002711007,237,3358,77,1899,5431,2842
196002725841,186,3043,59,807,5432,2842
196002737025,41,3521,48,780,5432,2843
196002748097,150,4305,538,35779,5433,2843
196002759636,494,4164,263,16424,5434,2843
196002770737,22,3367,69,2614,5434,2844
196002781351,168,2959,203,8026,5435,2844
196002792671,219,3543,172,15188,5436,2844
196002803717,25,3324,46,2271,5436,2845
196002814822,124,3061,105,8137,5437,2845
196002825838,163,3214,166,15233,5438,2845
196002836913,20,4065,49,2173,5438,2846
196002848010,124,3601,109,7788,5439,2846
196002859444,221,3877,50,2117,5440,2846
196002870476,22,3007,56,1857,5440,2847
196002881515,187,3091,152,14503,5441,2847
196002892520,112,3102,100,7977,5442,2847
196002904052,21,4711,48,1915,5442,2848
196002915101,372,3798,162,15000,5443,2848
196002926102,112,2823,55,2558,5444,2848
196002937244,23,2533,43,2071,5444,2849
196002948343,263,3292,98,7281,5445,2849
196002959511,510,3573,162,15338,5446,2849
196002970365,23,3629,59,2335,5446,2850
196002981366,223,2919,112,8881,5447,2850
196002992909,203,3556,151,13493,5448,2850
196003003990,22,3406,41,1201,5448,2851
196003014965,227,3465,46,1271,5449,2851
196003025994,200,3978,36,702,5450,2851
196003037022,22,3869,38,702,5450,2852
196003048246,148,2971,43,702,5451,2852
196003059931,160,3823,415,34581,5452,2852
196003070692,35,3047,92,3734,5452,2853
196003081789,179,3389,64,2592,5453,2853
196003092666,241,3183,111,7530,5454,2853
196003103568,23,2706,43,1918,5454,2854
196003115141,128,3577,51,2269,5455,2854
196003126191,371,3476,154,13734,5456,2854
196003137185,23,3297,47,1931,5456,2855
196003148222,193,4005,101,7823,5457,2855
196003159438,264,3639,162,15046,5458,2855
196003170497,23,3060,48,2230,5458,2856
196003181539,125,3780,54,2567,5459,2856
196003192737,428,3750,140,7490,5460,2856
196003203724,20,3351,44,1879,5460,2857
196003214713,146,3198,165,15201,5461,2857
196003226265,245,3369,108,8317,5462,2857
196003237245,21,3336,52,2025,5462,2858
196003248432,119,2999,136,12568,5463,2858
196003259399,230,2944,3122,1565,5464,2858
196003270475,22,2502,32,789,5464,2859
196003281667,181,3113,35,788,5465,2859
196003292711,120,3157,352,33925,5466,2859
196003303743,22,4500,85,3626,5466,2860
196003314730,292,3066,51,2302,5467,2860
196003325760,321,3459,282,7169,5468,2860
196003337307,25,2863,46,2016,5468,2861
196003348372,294,3082,51,2296,5469,2861
196003359445,311,3196,50,1979,5470,2861
196003370412,22,3052,46,1792,5470,2862
196003381560,162,3261,150,14204,5471,2862
196003392447,174,2842,104,7905,5472,2862
196003403992,40,2876,59,1848,5472,2863
196003415118,234,3268,214,14891,5473,2863
196003426078,250,3435,58,2528,5474,2863
196003437114,24,3016,51,1999,5474,2864
196003448187,209,2900,101,7264,5475,2864
196003459169,263,3154,205,15289,5476,2864
196003470689,22,2612,51,1983,5476,2865
196003481740,239,3186,111,8758,5477,2865
196003492917,432,3690,53,2125,5478,2865
196003503913,21,3198,45,1789,5478,2866
196003514953,182,3541,160,13889,5479,2866
196003526031,212,3427,326,32079,5480,2866
196003536949,22,3430,109,4042,5480,2867
196003548531,129,4273,91,2666,5481,2867
196003559843,173,3129,100,7297,5482,2867
196003570387,21,4203,59,1977,5482,2868
196003581662,252,4246,68,4337,5483,2868
196003592680,105,3151,307,32949,5484,2868
196003603746,22,2670,61,3553,5484,2869
196003615088,224,3069,113,8353,5485,2869
196003626083,115,2879,155,14135,5486,2869
196003637136,40,3147,52,2092,5486,2870
196003648169,122,2941,111,7629,5487,2870
196003659343,116,2841,162,14944,5488,2870
196003670378,24,2863,40,2002,5488,2871
196003681420,408,3381,54,2332,5489,2871
196003693029,716,3558,125,7145,5490,2871
196003703969,29,3660,84,1755,5490,2872
196003715045,491,3171,168,15146,5491,2872
196003726277,314,3644,69,1487,5492,2872
196003737254,27,2987,40,728,5492,2873
196003748340,288,3278,344,35372,5493,2873
196003759340,291,4315,90,4386,5494,2873
196003770380,29,3055,48,2167,5494,2874
196003781423,210,3323,160,14836,5495,2874
196003792883,130,2871,49,2258,5496,2874
196003803898,22,2684,42,1853,5496,2875
196003814887,145,2943,97,6948,5497,2875
196003825992,121,3038,158,15082,5498,2875
196003837089,22,2675,46,2212,5498,2876
196003848195,258,3989,99,7747,5499,2876
196003859533,344,3019,68,4387,5500,2876
196003870567,24,2685,30,858,5500,2877
196003881608,138,2971,80,792,5501,2877
196003892690,219,3881,329,35313,5502,2877
196003903719,24,2738,60,3736,5502,2878
196003914757,295,3240,166,15102,5503,2878
196003925937,140,3353,57,2497,5504,2878
196003937017,28,3365,49,1858,5504,2879
196003948520,246,3083,90,6863,5505,2879
196003959527,473,4149,161,14903,5506,2879
196003970559,22,3294,62,1999,5506,2880
196003981555,223,3886,353,17644,5507,2880
196003992616,444,3083,52,2771,5508,2880
196004003704,20,3324,45,1810,5508,2881
196004014718,128,3107,152,14403,5509,2881
196004026276,188,2947,105,7804,5510,2881
196004037447,29,3102,54,1970,5510,2882
196004048371,163,3080,136,12257,5511,2882
196004059451,172,3080,100,7260,5512,2882
196004070423,45,3978,76,1878,5512,2883
196004084597,267,2959,70,4338,5513,2883
196004092675,284,3430,440,35471,5514,2883
196004103656,21,2875,69,3714,5514,2884
196004114755,135,3091,50,2405,5515,2884
196004125873,419,4291,172,14435,5516,2884
196004137328,54,2877,58,2093,5516,2885
196004148461,624,4050,103,7670,5517,2885
196004159474,144,2956,80,4170,5518,2885
196004170519,29,3116,41,879,5518,2886
196004181713,448,3149,45,736,5519,2886
196004192683,137,3089,354,35286,5520,2886
196004203731,25,2727,78,3798,5520,2887
196004214924,201,2756,169,15647,5521,2887
196004226188,319,3068,60,1412,5522,2887
196004236980,25,5454,40,730,5522,2888
196004248039,185,3099,342,35538,5523,2888
196004259583,204,3330,181,16403,5524,2888
196004270575,24,2948,110,2364,5524,2889
196004281668,259,3197,139,7787,5525,2889
196004292867,207,2912,169,15059,5526,2889
196004304020,23,3558,56,2039,5526,2890
196004314798,131,3256,159,8073,5527,2890
196004325844,114,2703,236,15396,5528,2890
196004337023,29,3214,48,2122,5528,2891
196004348131,255,3375,100,7870,5529,2891
196004359138,182,3950,56,2189,5530,2891
196004370451,26,2797,42,1897,5530,2892
196004381560,176,3671,167,14537,5531,2892
196004392717,183,3314,105,7900,5532,2892
196004403751,26,2780,54,1996,5532,2893
196004414790,172,3416,173,14862,5533,2893
196004425854,455,3880,66,2435,5534,2893
196004437260,24,3888,53,1528,5534,2894
196004448530,206,3341,46,1704,5535,2894
196004459564,139,3126,37,700,5536,2894
196004470626,21,3367,33,695,5536,2895
196004481360,230,3533,396,35435,5537,2895
196004492940,477,4289,73,4469,5538,2895
196004503947,23,3739,72,2159,5538,2896
196004514998,118,3249,155,14404,5539,2896
196004526053,127,3013,103,7645,5540,2896
196004537156,31,2905,71,1973,5540,2897
196004548186,141,3173,5407,14988,5541,2897
196004559247,289,3076,54,2469,5542,2897
196004570342,26,2702,53,2052,5542,2898
196004581636,329,3949,55,2169,5543,2898
196004592689,410,3104,99,7581,5544,2898
196004603767,26,4051,53,1857,5544,2899
196004615117,293,3734,50,2175,5545,2899
196004625982,149,4148,238,14443,5546,2899
196004636944,48,3436,45,2121,5546,2900
196004647975,305,3436,105,7980,5547,2900
196004659555,133,2841,185,15081,5548,2900
196004670611,22,2899,45,2140,5548,2901
196004681694,135,3205,54,2470,5549,2901
196004692691,126,2730,221,7065,5550,2901
196004703724,22,3472,45,1942,5550,2902
196004714755,113,3939,164,15012,5551,2902
196004725948,218,3857,109,7677,5552,2902
196004736916,21,3393,45,2033,5552,2903
196004748499,215,3422,158,13875,5553,2903
196004759595,396,3664,62,1735,5554,2903
196004770717,27,3120,38,751,5554,2904
196004781689,428,3128,41,742,5555,2904
196004792740,223,3748,35,742,5556,2904
196004803723,19,3138,32,742,5556,2905
196004814821,117,3795,331,34137,5557,2905
196004825801,234,3323,120,9018,5558,2905
196004837339,22,3170,54,2289,5558,2906
196004848340,129,3147,55,2375,5559,2906
196004859261,148,2920,63,2011,5560,2906
196004870355,27,3297,70,1805,5560,2907
196004881604,152,3434,162,14127,5561,2907
196004892669,140,3506,103,7910,5562,2907
196004903693,23,3026,50,1796,5562,2908
196004914766,126,3221,160,14784,5563,2908
196004925921,128,2943,59,2325,5564,2908
196004936977,24,3308,48,1924,5564,2909
196004948007,201,4159,108,7182,5565,2909
196004961165,188,3600,165,15192,5566,2909
196004970554,20,3519,51,1999,5566,2910
196004981611,371,3136,101,7758,5567,2910
196004992817,206,3100,163,14754,5568,2910
196005003762,21,2749,42,2278,5568,2911
196005014828,196,4150,42,1433,5569,2911
196005025991,228,3433,37,682,5570,2911
196005036968,21,2874,31,682,5570,2912
196005048009,120,3137,327,33376,5571,2912
196005059138,183,3229,68,3709,5572,2912
196005070678,21,3771,51,2114,5572,2913
196005081651,122,3179,101,7160,5573,2913
196005092613,139,2871,51,2192,5574,2913
196005103633,22,3236,45,1901,5574,2914
196005115152,125,2635,44,2169,5575,2914
196005126179,276,3173,161,13918,5576,2914
196005137220,24,2815,45,2000,5576,2915
196005148287,134,3047,102,8005,5577,2915
196005159323,115,3897,173,15018,5578,2915
196005170298,23,3344,54,2141,5578,2916
196005181338,119,2943,52,2441,5579,2916
196005192848,126,3274,323,7122,5580,2916
196005203901,37,2864,39,1610,5580,2917
196005215060,249,3026,235,24305,5581,2917
196005226001,283,3254,119,8293,5582,2917
196005237327,26,3156,55,2288,5582,2918
196005248329,138,3177,74,4545,5583,2918
196005259367,153,5874,732,35511,5584,2918
196005270383,21,3137,63,3749,5584,2919
196005281428,251,3327,98,8023,5585,2919
196005292654,181,4123,159,13848,5586,2919
196005303605,21,3199,51,2201,5586,2920
196005314654,140,3423,54,2375,5587,2920
196005325807,156,3521,50,2239,5588,2920
196005337323,21,3077,46,1765,5588,2921
196005348350,119,2655,101,7652,5589,2921
196005359428,206,3564,49,1963,5590,2921
196005370484,19,3295,48,1767,5590,2922
196005381391,235,3185,151,14169,5591,2922
196005392492,185,3189,104,7754,5592,2922
196005403779,21,3813,54,1927,5592,2923
196005414923,181,3371,160,14841,5593,2923
196005426044,128,3731,79,2429,5594,2923
196005436977,21,3539,46,2018,5594,2924
196005448116,169,3903,95,7294,5595,2924
196005459152,128,2914,169,15365,5596,2924
196005470246,21,3198,47,2200,5596,2925
196005481737,141,3756,106,7905,5597,2925
196005492842,111,3013,160,14854,5598,2925
196005503939,21,2785,46,2216,5598,2926
196005514980,154,4039,104,7126,5599,2926
196005525945,129,3156,66,3803,5600,2926
196005537054,25,3010,36,845,5600,2927
196005548093,185,3653,43,800,5601,2927
196005559218,123,3508,332,34324,5602,2927
196005570679,24,3244,69,3760,5602,2928
196005581702,131,2776,97,7486,5603,2928
196005592478,178,2991,53,2189,5604,2928
196005603996,21,3038,67,1816,5604,2929
196005615026,171,2923,52,2070,5605,2929
196005625891,152,3605,156,14014,5606,2929
196005637118,25,2715,45,2058,5606,2930
196005648065,320,3131,157,7959,5607,2930
196005659155,200,3444,162,14989,5608,2930
196005670711,21,3215,48,2214,5608,2931
196005681699,110,2919,94,2514,5609,2931
196005692948,296,3204,114,7341,5610,2931
196005703680,54,3583,77,1784,5610,2932
196005715095,130,2613,169,15176,5611,2932
196005726245,329,3517,118,7651,5612,2932
196005736993,29,3129,89,1891,5612,2933
196005748196,164,3994,60,2894,5613,2933
196005759331,114,3519,81,2450,5614,2933
196005770380,31,2959,56,1849,5614,2934
196005781463,214,3844,161,14761,5615,2934
196005793588,136,3089,54,1658,5616,2934
196005803933,21,2992,37,743,5616,2935
196005815084,188,4273,41,732,5617,2935
196005826068,112,3555,339,35471,5618,2935
196005837210,21,2933,68,3763,5618,2936
196005848213,124,3435,55,2732,5619,2936
196005859297,355,4122,45,2074,5620,2936
196005870258,20,2671,42,1772,5620,2937
196005881784,131,3319,156,14373,5621,2937
196005892833,187,4322,103,7601,5622,2937
196005903842,21,3335,50,1843,5622,2938
196005914896,266,3983,160,14804,5623,2938
196005926121,385,3084,60,2489,5624,2938
196005936967,24,3111,49,2062,5624,2939
196005948183,125,2905,97,7323,5625,2939
196005959207,300,3192,173,15452,5626,2939
196005970248,28,3087,48,2211,5626,2940
196005981848,216,3492,103,7951,5627,2940
196005992658,148,3765,66,3350,5628,2940
196006004018,30,3498,61,1967,5628,2941
196006014826,265,3194,167,14710,5629,2941
196006026208,112,2633,56,2641,5630,2941
196006037240,69,2673,57,2081,5630,2942
196006048295,161,2633,59,2257,5631,2942
196006059319,172,2597,98,7213,5632,2942
196006070350,22,2561,43,2013,5632,2943
196006106192,228,3623,258,15334,5633,2943
196006121450,189,4085,152,7053,5634,2943
196006132550,143,4204,246,14665,5635,2943
196006143710,128,4017,145,7979,5636,2943
196006154827,25,3300,57,1928,5636,2944
196006165963,124,2841,249,15017,5637,2944
196006177144,287,2986,63,2710,5638,2944
196006188312,29,3031,57,2132,5638,2945
196006199350,135,2709,97,7554,5639,2945
196006210448,708,2931,173,15734,5640,2945
196006221542,28,2911,58,2233,5640,2946
196006232815,293,2895,210,8101,5641,2946
196006243732,409,3475,60,2675,5642,2946
196006254779,22,3107,75,2028,5642,2947
196006266155,184,3684,68,2701,5643,2947
196006277087,317,3418,165,15226,5644,2947
196006288119,21,2905,45,2177,5644,2948
196006299327,225,3578,46,2214,5645,2948
196006310359,290,3309,38,1127,5646,2948
196006321357,19,2804,35,695,5646,2949
196006332400,173,3246,329,35382,5647,2949
196006344029,131,2872,174,17216,5648,2949
196006355046,26,2888,54,2495,5648,2950
196006366085,193,2940,104,8403,5649,2950
196006377149,582,2909,153,14457,5650,2950
196006387944,20,2660,61,2065,5650,2951
196006399428,113,2992,95,7880,5651,2951
196006410502,139,3153,166,15034,5652,2951
196006421523,22,2747,47,2082,5652,2952
196006432540,127,3249,49,2337,5653,2952
196006443551,110,3006,95,7185,5654,2952
196006454632,20,2851,46,1843,5654,2953
196006465788,140,3072,165,15244,5655,2953
196006476901,597,2857,115,7532,5656,2953
196006487890,36,3856,52,1940,5656,2954
196006499518,260,3575,54,2839,5657,2954
196006510462,179,3303,171,14517,5658,2954
196006521481,20,3557,55,2300,5658,2955
196006532515,216,3332,53,2407,5659,2955
196006543642,383,3290,64,2241,5660,2955
196006554614,20,2811,113,2027,5660,2956
196006566131,168,3546,98,7314,5661,2956
196006581888,130,3230,82,5214,5662,2956
196006588191,19,4314,41,846,5662,2957
196006599210,175,4166,34,782,5663,2957
196006610454,142,3361,349,35713,5664,2957
196006621391,23,2787,65,3731,5664,2958
196006632446,181,4669,160,14855,5665,2958
196006643688,318,3392,98,7832,5666,2958
196006654641,21,3911,125,1940,5666,2959
196006665676,120,3668,206,15012,5667,2959
196006677307,146,4014,142,12848,5668,2959
196006688272,21,2963,53,2172,5668,2960
196006699116,313,3475,94,7319,5669,2960
196006710639,142,3780,169,15276,5670,2960
196006721571,21,2794,75,2277,5670,2961
196006732647,159,3008,105,7837,5671,2961
196006743749,340,3374,58,2627,5672,2961
196006754734,27,2822,48,1869,5672,2962
196006765838,291,3165,152,14606,5673,2962
196006776868,206,2925,51,2663,5674,2962
196006788620,32,2800,54,2004,5674,2963
196006799178,191,2899,44,2183,5675,2963
196006810171,163,2774,51,1420,5676,2963
196006821690,23,3052,56,697,5676,2964
196006832730,714,3922,335,35529,5677,2964
196006843902,266,3398,78,5515,5678,2964
196006854942,21,7141,62,2163,5678,2965
196006866037,214,3476,46,2126,5679,2965
196006876829,244,2988,161,14346,5680,2965
196006888382,22,2736,49,2035,5680,2966
196006899395,175,3062,94,7608,5681,2966
196006910466,124,3281,160,14260,5682,2966
196006921285,21,2947,36,1084,5682,2967
196006932498,180,2952,305,32590,5683,2967
196006943876,414,3141,45,1450,5684,2967
196006954758,26,3103,43,680,5684,2968
196006965729,140,2800,412,33016,5685,2968
196006976839,172,2692,127,9396,5686,2968
196006994851,165,3610,115,4639,5687,2968
196006999400,28,2681,47,786,5687,2969
196007010541,176,4110,557,36068,5688,2969
196007021614,26,3595,90,3779,5688,2970
196007032869,188,4367,149,8091,5689,2970
196007043957,117,3759,205,13888,5690,2970
196007054692,23,2824,103,2030,5690,2971
196007065791,164,3130,129,8006,5691,2971
196007077184,668,4243,166,14504,5692,2971
196007088359,20,2605,49,2178,5692,2972
196007099430,144,3670,101,7817,5693,2972
196007110254,123,3207,55,2052,5694,2972
196007121308,21,3536,47,1820,5694,2973
196007132356,132,3403,155,14471,5695,2973
196007143932,114,3438,98,7887,5696,2973
196007154938,21,3939,56,1978,5696,2974
196007166079,296,3613,154,14883,5697,2974
196007177087,156,3382,64,2346,5698,2974
196007188143,25,2728,60,1937,5698,2975
196007199169,111,2632,46,1371,5699,2975
196007210231,142,2638,44,714,5700,2975
196007221337,31,2616,42,702,5700,2976
196007232833,191,2828,352,35722,5701,2976
196007243837,117,2631,72,4566,5702,2976
196007261203,371,5188,100,2939,5703,2976
196007277951,186,4131,548,35723,5704,2976
196007289355,23,5708,92,3768,5704,2977
196007300221,234,3989,176,12651,5705,2977
196007311299,146,4158,133,7079,5706,2977
196007322477,42,2912,60,1908,5706,2978
196007333537,225,2837,264,14941,5707,2978
196007345350,437,2954,107,7381,5708,2978
196007356001,23,3173,54,1969,5708,2979
196007367057,248,4439,48,2221,5709,2979
196007378446,520,3624,70,3003,5710,2979
196007389493,26,3036,38,740,5710,2980
196007400692,365,4207,177,16888,5711,2980
196007411565,139,3918,107,6536,5712,2980
196007422741,21,2959,41,914,5712,2981
196007433850,171,3304,326,34403,5713,2981
196007444860,224,3954,109,9111,5714,2981
196007456231,23,3246,194,2244,5714,2982
196007467299,323,3425,156,14740,5715,2982
196007478364,245,3713,110,7554,5716,2982
196007489642,25,3009,48,2124,5716,2983
196007500485,280,3564,60,3124,5717,2983
196007511536,192,3285,61,2574,5718,2983
196007522624,24,3122,49,1768,5718,2984
196007533829,147,3254,157,14731,5719,2984
196007544971,112,3504,53,2475,5720,2984
196007556006,22,3229,52,1983,5720,2985
196007567038,260,3096,95,7327,5721,2985
196007578044,175,3979,83,5397,5722,2985
196007589078,21,2818,32,737,5722,2986
196007600629,206,3403,321,33191,5723,2986
196007611651,307,3164,145,9875,5724,2986
196007622764,25,2834,48,2165,5724,2987
196007633707,327,4416,157,14179,5725,2987
196007644874,342,4040,99,7744,5726,2987
196007655882,36,3126,51,1727,5726,2988
196007666950,126,3942,188,14715,5727,2988
196007678100,236,3526,63,2436,5728,2988
196007689101,24,3267,50,2005,5728,2989
196007700208,405,3435,100,7249,5729,2989
196007711799,237,3352,188,15298,5730,2989
196007722970,23,3431,55,2243,5730,2990
196007733875,343,4029,167,8149,5731,2990
196007745018,641,3436,52,2502,5732,2990
196007756142,22,3073,52,1775,5732,2991
196007767256,245,3833,183,14521,5733,2991
196007778270,128,2905,51,1675,5734,2991
196007789338,24,2823,37,680,5734,2992
196007800391,390,2987,325,33474,5735,2992
196007811385,938,2897,62,3679,5736,2992
196007822437,19,2918,50,2079,5736,2993
196007833970,127,3509,92,7125,5737,2993
196007845037,113,3281,46,2039,5738,2993
196007856057,20,2794,47,1754,5738,2994
196007867568,547,3776,87,4618,5739,2994
196007878199,384,4310,350,35825,5740,2994
196007889250,24,3145,68,3793,5740,2995
196007900295,185,3611,372,8038,5741,2995
196007911533,292,4203,156,13929,5742,2995
196007922540,27,3065,53,2185,5742,2996
196007933509,123,3213,50,2322,5743,2996
196007945200,112,2963,92,7142,5744,2996
196007956163,21,2695,48,1915,5744,2997
196007967232,223,2953,152,14363,5745,2997
196007978304,331,3489,138,7638,5746,2997
196007989697,25,2929,49,1892,5746,2998
196008000581,157,3154,57,3011,5747,2998
196008011651,287,3550,157,14662,5748,2998
196008022712,24,2949,49,2143,5748,2999
196008033751,113,2976,51,2570,5749,2999
196008044672,322,3253,52,2172,5750,2999
196008055878,22,2802,47,2011,5750,3000
196008067033,200,4109,91,7142,5751,3000
196008078006,402,3279,185,15333,5752,3000
196008089313,27,2884,56,2144,5752,3001
196008100284,397,3303,99,7908,5753,3001
196008111272,155,3128,39,1169,5754,3001
196008122805,30,3032,40,787,5754,3002
196008133909,168,3223,72,4937,5755,3002
196008145079,394,3106,39,842,5756,3002
196008156070,21,2799,34,784,5756,3003
196008167138,166,3246,456,33792,5757,3003
196008178311,137,3064,72,3750,5758,3003
196008189328,22,3215,54,2117,5758,3004
196008200364,133,2853,96,6884,5759,3004
196008211544,157,2682,251,24271,5760,3004
196008222586,33,2632,69,2875,5760,3005
196008272831,507,3087,51,1511,5761,3005
196008287547,906,4024,499,33738,5762,3005
196008298764,150,3960,240,3698,5763,3005
196008310253,262,3764,137,7441,5764,3005
196008321402,20,3673,57,1982,5764,3006
196008332500,165,2931,256,14612,5765,3006
196008343644,124,3163,103,7638,5766,3006
196008354403,25,2858,60,1848,5766,3007
196008365779,4729,2825,83,4747,5767,3007
196008376872,129,4243,43,849,5768,3007
196008388001,22,3479,37,799,5768,3008
196008399030,199,4336,352,35896,5769,3008
196008410236,337,3307,184,16706,5770,3008
196008421155,21,2803,54,2556,5770,3009
196008432185,273,3774,55,2463,5771,3009
196008443273,114,3559,93,6921,5772,3009
196008454297,19,8426,54,1846,5772,3010
196008465906,111,3168,159,15071,5773,3010
196008476928,150,3200,138,7578,5774,3010
196008488070,23,3181,58,1731,5774,3011
196008499052,166,3997,61,3203,5775,3011
196008510006,162,3567,158,14596,5776,3011
196008521120,20,3039,48,2104,5776,3012
196008532093,119,3179,51,2430,5777,3012
196008543593,535,3372,46,2184,5778,3012
196008554641,21,2782,47,1990,5778,3013
196008565764,137,3679,142,7241,5779,3013
196008576835,167,2909,164,15124,5780,3013
196008587938,18,2697,52,2417,5780,3014
196008599005,270,3090,104,7876,5781,3014
196008610031,383,2840,71,4395,5782,3014
196008621205,24,2862,50,850,5782,3015
196008632372,145,2929,345,36196,5783,3015
196008643504,376,2837,129,9669,5784,3015
196008654437,22,2814,49,2229,5784,3016
196008665401,141,3032,150,13799,5785,3016
196008676967,165,2852,57,2438,5786,3016
196008687957,21,3426,46,1933,5786,3017
196008699091,1008,3118,94,7222,5787,3017
196008710407,130,2816,155,14518,5788,3017
196008721429,20,2860,47,2166,5788,3018
196008732412,269,2817,111,8055,5789,3018
196008743548,425,3101,57,2571,5790,3018
196008754573,20,2772,69,1855,5790,3019
196008765551,112,3313,204,14589,5791,3019
196008776575,186,3220,102,7922,5792,3019
196008789978,43,5781,76,1957,5792,3020
196008798872,271,4107,144,12360,5793,3020
196008809935,125,3325,96,7212,5794,3020
196008820966,20,3043,74,1895,5794,3021
196008832493,133,2744,165,15240,5795,3021
196008843573,129,3163,101,7782,5796,3021
196008854675,26,2663,56,1980,5796,3022
196008865732,158,2637,53,2252,5797,3022
196008876883,166,2638,183,14372,5798,3022
196008887771,33,2587,44,1606,5798,3023
196008898839,133,2820,50,1937,5799,3023
196008909895,127,2795,333,33341,5800,3023
196008950083,233,3524,66,1629,5801,3023
196008964986,274,3955,483,32911,5802,3023
196008976573,282,4120,158,9421,5803,3023
196008987654,31,3726,77,2238,5803,3024
196008998715,158,3988,74,2940,5804,3024
196009009893,136,2695,259,13798,5805,3024
196009021126,27,2743,54,1946,5805,3025
196009032164,250,3070,106,7750,5806,3025
196009042857,138,3379,160,14857,5807,3025
196009054111,24,3408,53,1981,5807,3026
196009065200,272,3655,98,7913,5808,3026
196009076211,118,3194,162,15214,5809,3026
196009087357,21,4532,53,2284,5809,3027
196009098386,138,3891,141,7696,5810,3027
196009110125,210,3774,195,12457,5811,3027
196009120903,27,4077,54,2065,5811,3028
196009131923,359,3621,158,14392,5812,3028
196009143066,215,3240,120,8010,5813,3028
196009153970,21,3025,47,1848,5813,3029
196009165038,283,3430,160,14956,5814,3029
196009176572,184,3749,79,2437,5815,3029
196009187870,24,3485,78,2002,5815,3030
196009198403,3811,3222,92,6641,5816,3030
196009210011,280,3552,85,4818,5817,3030
196009221184,26,4148,49,802,5817,3031
196009232194,177,3340,44,730,5818,3031
196009243192,219,3191,340,35726,5819,3031
196009254212,23,3377,93,3731,5819,3032
196009265275,216,3134,155,14756,5820,3032
196009276620,205,4222,101,7838,5821,3032
196009287715,21,3416,45,1908,5821,3033
196009298735,286,3467,158,15010,5822,3033
196009309920,172,3896,61,2485,5823,3033
196009320883,25,3044,46,2025,5823,3034
196009331946,226,2723,62,2133,5824,3034
196009342965,371,3556,125,7473,5825,3034
196009354048,22,3399,46,1848,5825,3035
196009365084,236,3282,43,2118,5826,3035
196009376678,346,4338,164,14392,5827,3035
196009387650,24,3392,51,2188,5827,3036
196009398709,390,3077,101,8054,5828,3036
196009409852,163,3677,202,15079,5829,3036
196009420922,26,3662,49,2184,5829,3037
196009431829,260,3909,55,2504,5830,3037
196009442886,491,3863,94,7199,5831,3037
196009454488,19,2976,48,1836,5831,3038
196009465026,330,3150,161,14995,5832,3038
196009476565,332,2942,102,7550,5833,3038
196009487590,24,2766,43,1949,5833,3039
196009498666,132,2952,52,3017,5834,3039
196009509820,111,2811,194,14418,5835,3039
196009520879,22,3208,47,2127,5835,3040
196009531905,192,3624,101,7785,5836,3040
196009542970,121,3592,173,14853,5837,3040
196009554091,28,2833,55,2146,5837,3041
196009565137,137,2632,105,8163,5838,3041
196009576539,177,3116,239,15440,5839,3041
196009587464,23,3186,47,2166,5839,3042
196009598509,259,4039,112,7919,5840,3042
196009609522,414,3832,54,2137,5841,3042
196009620685,26,3465,52,1833,5841,3043
196009631899,151,3319,164,14561,5842,3043
196009642969,253,3745,111,8120,5843,3043
196009654088,24,4454,82,1969,5843,3044
196009665058,130,4490,166,15139,5844,3044
196009676264,347,4895,59,2672,5845,3044
196009687432,26,3026,45,2044,5845,3045
196009698464,230,2625,100,7383,5846,3045
196009709671,175,3530,168,15528,5847,3045
196009720744,22,3106,64,1982,5847,3046
196009731728,237,3354,53,1180,5848,3046
196009743261,399,2921,36,693,5849,3046
196009754266,22,2912,97,692,5849,3047
196009765363,261,3366,337,35933,5850,3047
196009776580,314,3002,174,9472,5851,3047
196009787552,24,2830,50,2355,5851,3048
196009798551,257,2989,155,13579,5852,3048
196009809630,237,3009,59,2476,5853,3048
196009820691,26,3992,56,1951,5853,3049
196009831764,148,3253,69,2265,5854,3049
196009842851,470,3750,104,7720,5855,3049
196009854369,24,2773,53,1844,5855,3050
196009865478,211,3493,47,2133,5856,3050
196009876599,165,3171,199,14228,5857,3050
196009887660,29,2804,70,1899,5857,3051
196009898893,299,3157,110,7598,5858,3051
196009909987,303,3515,172,14821,5859,3051
196009920902,30,3260,59,2167,5859,3052
196009931930,191,3986,54,2580,5860,3052
196009943226,215,3815,99,7388,5861,3052
196009954134,21,3106,49,1853,5861,3053
196009965182,300,3564,172,15103,5862,3053
196009976342,110,2792,106,7628,5863,3053
196009987311,36,2644,60,2076,5863,3054
196010005160,233,2908,259,3044,5864,3054
196010011151,123,4779,145,2988,5865,3054
196010020721,21,3255,34,789,5865,3055
196010031807,217,4505,669,35975,5866,3055
196010042915,156,4082,391,16729,5867,3055
196010054922,30,2749,63,2602,5867,3056
196010065348,133,3328,82,2452,5868,3056
196010076151,196,3442,51,2053,5869,3056
196010087631,23,2639,43,1885,5869,3057
196010098637,139,3153,100,7568,5870,3057
196010109682,382,3342,47,2059,5871,3057
196010120738,24,2702,46,1857,5871,3058
196010131859,247,3139,158,14313,5872,3058
196010142854,351,3033,105,8048,5873,3058
196010154320,23,2972,63,1794,5873,3059
196010165385,226,3473,154,14916,5874,3059
196010176394,126,2708,60,2589,5875,3059
196010187447,30,2584,57,2056,5875,3060
196010198510,167,2678,112,7289,5876,3060
196010209493,116,2658,175,15529,5877,3060
196010229874,366,2641,47,1493,5878,3060
196010244123,176,2780,535,35796,5879,3060
196010255297,25,3542,115,3783,5879,3061
196010266435,141,4419,257,14851,5880,3061
196010277563,129,4129,143,7987,5881,3061
196010288657,21,3437,59,1842,5881,3062
196010299759,145,2975,262,14750,5882,3062
196010310930,318,3150,104,7332,5883,3062
196010322208,23,2878,53,1921,5883,3063
196010333089,186,3629,925,15314,5884,3063
196010344113,140,2961,104,7448,5885,3063
196010355669,25,2826,51,1894,5885,3064
196010366720,143,2965,50,2195,5886,3064
196010377705,183,3510,168,14377,5887,3064
196010388764,27,3075,55,2212,5887,3065
196010399945,200,3102,111,8000,5888,3065
196010411145,138,3581,253,24425,5889,3065
196010422100,20,3111,62,3234,5889,3066
196010433442,194,3755,55,3040,5890,3066
196010444432,188,3870,99,7109,5891,3066
196010455620,20,2667,44,1338,5891,3067
196010466786,166,3801,119,4658,5892,3067
196010477792,109,3157,150,816,5893,3067
196010488765,27,2907,79,751,5893,3068
196010499764,160,3749,400,35920,5894,3068
196010511038,212,3428,175,16249,5895,3068
196010521994,23,3048,60,2477,5895,3069
196010533060,172,3428,97,7856,5896,3069
196010544390,825,3270,241,15030,5897,3069
196010555660,22,2723,49,2175,5897,3070
196010566693,297,3688,100,8142,5898,3070
196010577969,155,3329,166,15278,5899,3070
196010588836,21,2981,48,2101,5899,3071
196010599802,109,2961,96,7763,5900,3071
196010610859,169,3470,48,2152,5901,3071
196010622164,24,3082,55,1902,5901,3072
196010633427,190,3119,160,14519,5902,3072
196010644491,134,3335,103,7977,5903,3072
196010655542,23,2969,51,1976,5903,3073
196010666654,147,3085,172,14835,5904,3073
196010677807,115,3869,53,2602,5905,3073
196010688892,20,2912,49,1998,5905,3074
196010699945,224,3710,103,6883,5906,3074
196010710978,187,2901,97,4883,5907,3074
196010721970,26,3118,45,834,5907,3075
196010733061,142,3391,36,771,5908,3075
196010744110,115,3348,364,35862,5909,3075
196010755286,20,3044,67,3756,5909,3076
196010766602,121,2958,169,14883,5910,3076
196010777676,204,2948,111,7920,5911,3076
196010788668,23,2718,49,1880,5911,3077
196010799657,178,3104,167,14996,5912,3077
196010811222,129,3811,74,2507,5913,3077
196010822457,24,3009,55,2058,5913,3078
196010832989,113,3921,47,2205,5914,3078
196010844063,126,3182,103,7510,5915,3078
196010855619,26,2916,48,1821,5915,3079
196010866723,141,4997,68,2096,5916,3079
196010877693,118,3416,157,14421,5917,3079
196010888642,26,3184,52,2279,5917,3080
196010899784,148,3447,104,8163,5918,3080
196010910771,113,3757,165,15263,5919,3080
196010921892,21,3140,50,2178,5919,3081
196010933415,170,3717,55,2493,5920,3081
196010944144,221,3553,107,7271,5921,3081
196010955195,25,3274,54,1929,5921,3082
196010966256,129,2919,166,15113,5922,3082
196010977851,149,3476,193,6931,5923,3082
196010988896,28,2898,39,919,5923,3083
196010999911,119,3497,68,4261,5924,3083
196011010975,113,2720,33,821,5925,3083
196011022059,21,2656,39,759,5925,3084
196011033131,139,2699,437,35833,5926,3084
196011044192,163,2636,225,16694,5927,3084
196011088916,291,2711,50,1845,5928,3084
196011103447,292,2679,36,708,5929,3084
196011114307,114,4282,519,35808,5930,3084
196011125366,136,4223,180,16322,5931,3084
196011136569,22,3354,52,2493,5931,3085
196011147688,113,3920,105,7868,5932,3085
196011158856,150,3115,264,15010,5933,3085
196011169994,32,3149,53,2251,5933,3086
196011181055,228,3534,67,2371,5934,3086
196011192081,171,3087,113,6980,5935,3086
196011203389,36,3392,73,1800,5935,3087
196011214447,146,3364,170,15011,5936,3087
196011225466,148,3367,149,7751,5937,3087
196011236481,29,2895,49,1844,5937,3088
196011247986,136,3156,56,2586,5938,3088
196011259040,108,2917,156,14493,5939,3088
196011270139,20,2905,47,2042,5939,3089
196011281147,230,2871,48,1665,5940,3089
196011292150,147,3034,227,22018,5941,3089
196011303157,19,2772,55,3312,5941,3090
196011314723,125,4220,44,1276,5942,3090
196011325727,223,3304,37,684,5943,3090
196011336776,20,2628,35,683,5943,3091
196011347808,364,3164,332,32809,5944,3091
196011358989,248,2900,116,9736,5945,3091
196011370085,23,3108,49,2279,5945,3092
196011381031,262,3550,210,14035,5946,3092
196011392065,307,3178,102,7735,5947,3092
196011403607,26,2647,46,1872,5947,3093
196011414579,295,3154,164,14786,5948,3093
196011425630,302,3176,52,2315,5949,3093
196011436649,22,2748,42,1993,5949,3094
196011447666,202,2943,99,7231,5950,3094
196011458706,410,3117,164,15272,5951,3094
196011470295,22,3054,48,2206,5951,3095
196011481321,306,4166,103,7851,5952,3095
196011492334,156,3472,82,2746,5953,3095
196011503389,22,3136,45,1801,5953,3096
196011514418,406,3861,158,14511,5954,3096
196011525386,467,5760,98,7320,5955,3096
196011536442,21,2795,30,764,5955,3097
196011547631,267,3155,359,41805,5956,3097
196011558738,113,2723,117,9548,5957,3097
196011569759,28,2647,63,2560,5957,3098
196011581322,169,2635,209,15384,5958,3098
196011592373,137,2615,114,8105,5959,3098
196011603384,30,2591,45,2172,5959,3099
196011623721,318,4541,76,2108,5960,3099
196011640230,32,5150,59,1440,5960,3100
196011651739,229,4127,198,12176,5961,3100
196011662391,111,3985,121,6609,5962,3100
196011673522,26,5046,56,941,5962,3101
196011684159,384,2709,44,969,5963,3101
196011695391,155,2877,531,35435,5964,3101
196011706925,26,4779,73,3692,5964,3102
196011718040,164,3293,164,15572,5965,3102
196011728959,166,2970,119,7576,5966,3102
196011740027,25,5711,52,1907,5966,3103
196011751010,156,4294,56,2754,5967,3103
196011762848,5606,3922,158,14376,5968,3103
196011773191,19,5272,50,2003,5968,3104
196011784173,250,2986,98,7690,5969,3104
196011795724,158,3804,162,14958,5970,3104
196011806766,60,6498,49,1947,5970,3105
196011817829,189,3200,96,7960,5971,3105
196011828827,140,3902,170,15248,5972,3105
196011840088,22,4781,53,2313,5972,3106
196011851046,112,4003,99,7867,5973,3106
196011862107,128,4113,48,2088,5974,3106
196011873197,26,4800,55,1849,5974,3107
196011884225,222,2926,149,14672,5975,3107
196011895773,152,2934,103,8133,5976,3107
196011906802,21,4887,52,2032,5976,3108
196011917856,399,3035,156,14924,5977,3108
196011928881,434,2993,86,2542,5978,3108
196011940119,22,4636,47,1983,5978,3109
196011951292,134,3112,41,1365,5979,3109
196011962463,125,3442,36,674,5980,3109
196011973505,35,4989,45,670,5980,3110
196011984692,229,3345,339,35641,5981,3110
196011995922,269,3457,76,4527,5982,3110
196012006910,21,4790,61,2172,5982,3111
196012017879,319,3507,159,14360,5983,3111
196012028997,265,3435,95,7618,5984,3111
196012039986,22,4864,48,2020,5984,3112
196012050931,279,3044,161,14959,5985,3112
196012062492,332,3808,53,2530,5986,3112
196012074013,113,4014,51,2097,5987,3112
196012084674,20,2814,45,1977,5987,3113
196012095783,155,4194,127,7701,5988,3113
196012106791,32,4942,52,1927,5988,3114
196012117780,127,3604,49,2252,5989,3114
196012128854,304,3242,171,14448,5990,3114
196012139949,23,6126,51,1972,5990,3115
196012150931,133,3749,106,7944,5991,3115
196012162462,332,3441,176,14875,5992,3115
196012173561,22,7630,93,2156,5992,3116
196012184619,334,4027,50,2498,5993,3116
196012195581,105,2978,100,7347,5994,3116
196012206652,26,7798,55,1872,5994,3117
196012217724,133,3104,160,15178,5995,3117
196012228765,162,3113,301,27577,5996,3117
196012240242,20,5458,55,1811,5996,3118
196012251374,253,3307,139,13052,5997,3118
196012262295,311,3690,44,1642,5998,3118
196012273160,23,4916,39,704,5998,3119
196012284274,208,3407,335,35788,5999,3119
196012295372,182,3440,202,16601,6000,3119
196012307134,353,6007,70,2711,6001,3119
196012317967,31,3855,133,1976,6001,3120
196012328946,136,3246,93,6959,6002,3120
196012340086,22,5472,60,1866,6002,3121
196012351085,241,3966,60,2242,6003,3121
196012362200,136,3438,51,2017,6004,3121
196012373234,25,4904,53,1834,6004,3122
196012384270,166,3535,159,14211,6005,3122
196012395325,230,3106,135,7964,6006,3122
196012406899,25,4987,56,1919,6006,3123
196012417504,201,3207,208,14841,6007,3123
196012429039,111,2945,53,2594,6008,3123
196012440085,25,4830,56,2139,6008,3124
196012451103,226,2919,93,7366,6009,3124
196012462158,122,3989,171,15301,6010,3124
196012473395,27,6230,68,2209,6010,3125
196012484426,161,3515,98,7866,6011,3125
196012495379,197,2965,47,1950,6012,3125
196012506891,22,4649,47,1279,6012,3126
196012517738,201,3857,47,1921,6013,3126
196012528888,198,3644,326,33864,6014,3126
196012539903,23,5706,70,3055,6014,3127
196012550972,266,3712,46,2190,6015,3127
196012562424,283,3583,39,1136,6016,3127
196012573485,21,4860,37,708,6016,3128
196012584476,158,4102,31,708,6017,3128
196012595651,178,3713,368,33139,6018,3128
196012606827,21,5877,77,3557,6018,3129
196012617858,205,3441,361,8334,6019,3129
196012628804,177,3834,160,14156,6020,3129
196012639916,26,5161,87,2062,6020,3130
196012651037,236,3294,109,7642,6021,3130
196012662103,125,2790,228,15042,6022,3130
196012673116,25,5336,52,1991,6022,3131
196012684800,137,2995,47,2226,6023,3131
196012695866,119,3047,90,6751,6024,3131
196012706825,21,5379,72,1819,6024,3132
196012717863,244,3736,166,15065,6025,3132
196012728800,155,4994,104,7439,6026,3132
196012739766,28,6400,55,1906,6026,3133
196012750983,265,3585,56,2755,6027,3133
196012762382,316,3387,156,14316,6028,3133
196012773422,21,6087,54,2137,6028,3134
196012784546,243,3622,49,2256,6029,3134
196012795588,174,3961,55,2146,6030,3134
196012806814,26,4640,50,1916,6030,3135
196012817817,180,4044,98,7115,6031,3135
196012828851,452,3664,169,14481,6032,3135
196012839870,30,5064,54,1219,6032,3136
196012851114,306,3360,95,6914,6033,3136
196012862171,727,3048,73,4298,6034,3136
196012873216,37,5110,45,803,6034,3137
196012884666,298,3504,352,35947,6035,3137
196012895752,160,3624,143,9623,6036,3137
196012907341,511,5924,165,14234,6037,3137
196012917960,20,3364,49,2235,6037,3138
196012929003,133,3571,51,2380,6038,3138
196012940047,21,5532,53,1901,6038,3139
196012951138,241,3015,95,7123,6039,3139
196012962232,376,2789,160,14405,6040,3139
196012973243,21,5291,66,2164,6040,3140
196012984346,144,2902,101,7998,6041,3140
196012995382,210,3250,56,2870,6042,3140
196013006578,119,4959,50,1835,6042,3141
196013017709,288,3177,156,14470,6043,3141
196013028770,239,3465,62,2463,6044,3141
196013039810,55,5807,58,1997,6044,3142
196013050897,300,3339,49,2155,6045,3142
196013062436,391,3318,93,6879,6046,3142
196013073491,21,4565,49,1843,6046,3143
196013084594,299,3144,172,14963,6047,3143
196013095575,154,2656,105,7726,6048,3143
196013106660,34,4801,66,1803,6048,3144
196013117774,181,2644,60,1383,6049,3144
196013128867,171,2653,70,2725,6050,3144
196013139845,29,2588,39,747,6050,3145
196013151182,130,2687,465,35976,6051,3145
196013162192,106,2630,176,16623,6052,3145
196013206595,288,2763,54,1747,6053,3145
196013221012,31,2674,53,656,6053,3146
196013232312,199,3907,57,656,6054,3146
196013243341,142,4374,48,656,6055,3146
196013254463,23,3833,43,656,6055,3147
196013265546,344,4241,558,35989,6056,3147
196013276812,128,2746,169,9518,6057,3147
196013287494,30,3605,63,2250,6057,3148
196013298812,153,3714,159,13694,6058,3148
196013309880,126,2687,62,2407,6059,3148
196013321086,24,3111,52,1830,6059,3149
196013332217,143,3910,49,2152,6060,3149
196013343349,124,3243,102,7454,6061,3149
196013354386,21,2826,54,1859,6061,3150
196013365424,436,2911,49,2184,6062,3150
196013376492,111,2903,156,14207,6063,3150
196013387491,21,4358,54,2242,6063,3151
196013399101,147,3266,104,8028,6064,3151
196013410042,128,3741,169,14965,6065,3151
196013421057,21,2814,49,2095,6065,3152
196013432163,117,3019,51,2433,6066,3152
196013443113,113,2714,98,7051,6067,3152
196013454735,21,2946,47,1847,6067,3153
196013465785,402,3741,308,15018,6068,3153
196013477017,371,4120,104,6856,6069,3153
196013487823,27,3056,47,897,6069,3154
196013498989,224,3632,70,4226,6070,3154
196013510195,141,4382,368,36021,6071,3154
196013521165,23,8018,75,3804,6071,3155
196013532205,249,3254,104,8045,6072,3155
196013543126,372,3268,153,13801,6073,3155
196013554679,22,3648,62,2199,6073,3156
196013565658,2300,3735,76,2380,6074,3156
196013576745,223,3145,46,2265,6075,3156
196013587786,19,3804,56,1778,6075,3157
196013599059,315,3671,98,7720,6076,3157
196013610167,240,3711,51,2009,6077,3157
196013621327,23,3768,46,1806,6077,3158
196013632289,269,4137,152,14202,6078,3158
196013643303,273,3542,95,7583,6079,3158
196013654336,23,3425,58,1919,6079,3159
196013665427,181,3301,152,14740,6080,3159
196013676400,254,3206,51,2460,6081,3159
196013687952,19,3212,51,2000,6081,3160
196013698970,204,3629,94,7261,6082,3160
196013709981,335,3920,171,15339,6083,3160
196013720986,23,3364,49,2211,6083,3161
196013731979,203,3067,106,7990,6084,3161
196013743066,142,3376,54,2596,6085,3161
196013754612,25,3571,47,1880,6085,3162
196013765582,272,3985,269,14544,6086,3162
196013777328,367,4424,113,8140,6087,3162
196013788006,307,3300,58,1874,6087,3163
196013798799,354,4204,138,12455,6088,3163
196013809808,332,3265,126,7394,6089,3163
196013820865,21,3296,48,1920,6089,3164
196013832417,301,3917,165,15287,6090,3164
196013843390,117,2768,118,7973,6091,3164
196013854426,21,3078,50,1916,6091,3165
196013865492,142,3137,46,2187,6092,3165
196013876580,132,3818,175,14788,6093,3165
196013887530,23,3137,49,2275,6093,3166
196013899073,279,2955,95,7904,6094,3166
196013910111,279,3290,160,14361,6095,3166
196013921154,21,2879,46,1294,6095,3167
196013932241,128,3024,44,1604,6096,3167
196013943253,207,2952,33,784,6097,3167
196013954254,20,2636,34,767,6097,3168
196013965282,229,3115,348,32922,6098,3168
196013976824,120,2859,133,9735,6099,3168
196013987885,72,2858,63,2298,6099,3169
196013999051,282,2838,58,2966,6100,3169
196014010100,105,2827,272,14051,6101,3169
196014021106,21,2763,49,2024,6101,3170
196014032145,141,2724,105,7887,6102,3170
196014043176,204,3079,199,15084,6103,3170
196014054427,24,3032,59,2299,6103,3171
196014065500,229,3758,117,8151,6104,3171
196014076500,163,3303,179,15472,6105,3171
196014087557,27,3915,62,2021,6105,3172
196014099076,169,3228,102,7717,6106,3172
196014110139,121,3094,56,2045,6107,3172
196014120942,24,2774,49,1377,6107,3173
196014132007,127,2980,356,33389,6108,3173
196014143517,163,3033,104,8761,6109,3173
196014154612,21,3014,52,1960,6109,3174
196014165666,197,3272,159,15036,6110,3174
196014176654,361,3029,64,1785,6111,3174
196014187735,29,2804,94,995,6111,3175
196014198796,237,3016,32,1050,6112,3175
196014209904,113,3331,317,32984,6113,3175
196014220942,25,3388,78,3565,6113,3176
196014231994,318,4296,108,7920,6114,3176
196014243531,159,3847,70,2836,6115,3176
196014254771,26,3818,57,1941,6115,3177
196014266013,279,3276,149,13689,6116,3177
196014276526,132,3514,111,7698,6117,3177
196014287619,32,2798,54,1732,6117,3178
196014299138,211,3372,167,14696,6118,3178
196014310107,168,3346,106,7099,6119,3178
196014321138,23,3654,59,1888,6119,3179
196014332143,147,2730,177,15291,6120,3179
196014343252,175,3280,106,7820,6121,3179
196014354253,25,3703,54,1809,6121,3180
196014365301,138,3728,48,2069,6122,3180
196014376780,224,3786,168,14654,6123,3180
196014388128,29,3218,60,2113,6123,3181
196014398761,312,3729,100,7397,6124,3181
196014409760,136,2943,356,43886,6125,3181
196014421420,21,3703,81,5323,6125,3182
196014432330,204,3103,79,3482,6126,3182
196014443337,264,2891,112,7730,6127,3182
196014454303,24,2747,61,2344,6127,3183
196014465312,128,2928,167,15533,6128,3183
196014476910,591,3310,178,8121,6129,3183
196014488139,33,2910,64,2310,6129,3184
196014498661,206,3334,86,3301,6130,3184
196014509712,187,3280,612,14920,6131,3184
196014521264,22,2785,58,2585,6131,3185
196014532378,228,3246,1152,8345,6132,3185
196014543461,329,4108,166,15313,6133,3185
196014554474,22,4123,63,2607,6133,3186
196014565759,236,4641,163,8591,6134,3186
196014576308,201,3897,176,15719,6135,3186
196014587937,28,3263,52,2250,6135,3187
196014598896,1510,4041,106,8054,6136,3187
196014609985,269,3210,55,2429,6137,3187
196014621323,25,2982,53,2142,6137,3188
196014632328,199,4100,162,14835,6138,3188
196014643326,116,2944,96,7127,6139,3188
196014654350,25,2593,51,891,6139,3189
196014665432,318,3555,275,26030,6140,3189
196014676458,138,3114,53,1958,6141,3189
196014687525,21,3242,35,733,6141,3190
196014698745,247,3598,39,724,6142,3190
196014709858,367,3409,323,33096,6143,3190
196014720959,23,3997,71,3646,6143,3191
196014732059,151,3366,118,8232,6144,3191
196014743109,280,3293,56,2864,6145,3191
196014754145,20,3889,54,1961,6145,3192
196014765291,159,3748,156,13900,6146,3192
196014776851,158,3743,108,7742,6147,3192
196014787926,22,3853,53,1826,6147,3193
196014799002,330,3935,161,14786,6148,3193
196014810039,154,4354,120,7248,6149,3193
196014821272,24,3733,57,2020,6149,3194
196014832326,205,3979,167,15337,6150,3194
196014843393,173,4182,105,7877,6151,3194
196014854403,23,3493,54,1805,6151,3195
196014865523,259,3620,46,2130,6152,3195
196014876567,242,3621,164,14812,6153,3195
196014887578,22,3914,92,2290,6153,3196
196014898745,150,3007,123,8149,6154,3196
196014909830,120,2899,165,15202,6155,3196
196014921607,40,3923,74,2350,6155,3197
196014932345,167,3792,107,2551,6156,3197
196014943312,200,3051,301,7312,6157,3197
196014954187,29,3039,90,2085,6157,3198
196014965743,154,3720,71,4398,6158,3198
196014976784,144,3520,356,35666,6159,3198
196014987881,31,2876,77,3720,6159,3199
196014998941,143,3171,69,3002,6160,3199
196015010020,137,2768,175,14457,6161,3199
196015021168,31,2844,62,2069,6161,3200
196015032249,169,2781,113,7639,6162,3200
196015043330,131,4156,165,15018,6163,3200
196015054553,26,3322,55,2035,6163,3201
196015065585,119,3869,52,2343,6164,3201
196015076699,166,4251,50,1998,6165,3201
196015087738,25,3136,60,1909,6165,3202
196015098698,565,3100,103,7661,6166,3202
196015109728,250,3261,49,2057,6167,3202
196015121263,21,3152,52,1824,6167,3203
196015132298,169,3462,155,14341,6168,3203
196015143298,201,3209,106,7883,6169,3203
196015154356,21,3082,48,1957,6169,3204
196015165515,130,3219,156,14818,6170,3204
196015176473,320,4842,1175,2681,6171,3204
196015187757,26,4200,55,2138,6171,3205
196015198810,314,3984,47,1376,6172,3205
196015209935,283,3340,354,33110,6173,3205
196015221329,29,2866,83,3569,6173,3206
196015232159,336,2953,49,1370,6174,3206
196015243186,179,3401,40,682,6175,3206
196015254193,25,3016,38,677,6175,3207
196015265323,233,3369,122,677,6176,3207
196015276807,152,3020,351,35547,6177,3207
196015287844,25,3628,74,3694,6177,3208
196015298852,142,3400,194,15016,6178,3208
196015309933,305,3358,58,2395,6179,3208
196015320969,31,3267,50,1848,6179,3209
196015332031,239,2960,87,6863,6180,3209
196015343039,105,2636,50,2002,6181,3209
196015354568,25,2637,58,1734,6181,3210
196015365646,188,2654,65,2085,6182,3210
196015376678,138,2626,160,14142,6183,3210
196015387723,22,2623,47,2099,6183,3211
196015445165,275,2620,56,1451,6184,3211
196015459503,211,2645,381,33021,6185,3211
196015474895,424,3668,60,1382,6186,3211
196015483107,26,3701,49,688,6186,3212
196015493041,134,3920,351,35867,6187,3212
196015504108,20,3665,85,3727,6187,3213
196015515327,210,3938,153,14668,6188,3213
196015526274,167,3058,59,2587,6189,3213
196015537375,26,2712,48,1920,6189,3214
196015548436,141,2746,47,2061,6190,3214
196015559454,271,3515,93,6723,6191,3214
196015570579,23,2818,51,1798,6191,3215
196015581605,295,3801,159,14163,6192,3215
196015592745,278,3735,41,1043,6193,3215
196015603759,23,3015,32,672,6193,3216
196015615287,140,3896,32,672,6194,3216
196015626484,159,3842,356,35988,6195,3216
196015637440,24,2909,158,3760,6195,3217
196015648496,336,3264,94,7892,6196,3217
196015659556,319,3166,164,13797,6197,3217
196015670632,21,2817,45,2135,6197,3218
196015681600,118,2874,51,2352,6198,3218
196015692662,115,2771,46,1527,6199,3218
196015704153,19,2862,78,708,6199,3219
196015715188,144,3864,322,33176,6200,3219
196015726264,478,3799,815,9433,6201,3219
196015737277,39,3348,46,2181,6201,3220
196015748429,264,3425,89,2970,6202,3220
196015759459,359,3058,162,13879,6203,3220
196015770529,26,3233,52,1994,6203,3221
196015781603,318,3430,102,7718,6204,3221
196015792586,451,3101,153,12925,6205,3221
196015805756,36,2665,53,1966,6205,3222
196015814932,361,3184,126,7075,6206,3222
196015826020,346,3751,167,15363,6207,3222
196015837248,19,3222,73,2165,6207,3223
196015848319,128,3342,94,7844,6208,3223
196015859402,473,3577,136,12431,6209,3223
196015870670,25,3722,180,1971,6209,3224
196015881770,221,3341,162,14541,6210,3224
196015892710,377,3389,106,7481,6211,3224
196015904300,22,3026,48,1266,6211,3225
196015915257,117,3407,86,6442,6212,3225
196015926246,638,2936,33,880,6213,3225
196015937303,19,2761,32,807,6213,3226
196015948310,228,2997,472,35592,6214,3226
196015959391,331,3625,178,17293,6215,3226
196015970413,23,3174,56,2462,6215,3227
196015981590,151,3854,53,1404,6216,3227
196015992598,294,3099,401,35955,6217,3227
196016004139,23,2790,64,3797,6217,3228
196016015265,156,2770,158,14909,6218,3228
196016026177,122,2919,94,7774,6219,3228
196016037310,22,2904,84,1878,6219,3229
196016048406,226,3183,134,12268,6220,3229
196016059454,197,3622,124,7256,6221,3229
196016070449,28,3197,103,1799,6221,3230
196016081941,196,3004,161,15162,6222,3230
196016093007,196,3133,137,7790,6223,3230
196016103981,21,3126,51,1775,6223,3231
196016115123,441,3912,121,2053,6224,3231
196016126064,636,4117,167,14679,6225,3231
196016137076,30,3955,98,2222,6225,3232
196016148143,294,3318,102,8087,6226,3232
196016159585,166,3287,160,15098,6227,3232
196016170632,26,4063,55,1967,6227,3233
196016184671,2141,2929,60,1595,6228,3233
196016192797,334,4388,52,1109,6229,3233
196016203698,22,3129,34,691,6229,3234
196016215257,165,3491,39,690,6230,3234
196016226267,270,4692,365,35866,6231,3234
196016236958,45,4817,84,3739,6231,3235
196016248534,307,3002,64,2873,6232,3235
196016259675,375,3658,159,14469,6233,3235
196016270774,26,3161,67,2070,6233,3236
196016281840,413,3504,165,7687,6234,3236
196016292924,217,3162,172,15087,6235,3236
196016303911,20,2900,47,2144,6235,3237
196016314986,113,3052,48,2220,6236,3237
196016326044,227,3014,48,1989,6237,3237
196016337152,22,2827,47,1876,6237,3238
196016348228,572,3003,97,7500,6238,3238
196016359262,442,3139,71,4676,6239,3238
196016370791,23,2676,37,873,6239,3239
196016381824,112,3372,347,36045,6240,3239
196016392953,187,2974,121,9767,6241,3239
196016403943,27,3748,63,2303,6241,3240
196016415121,288,3441,246,13710,6242,3240
196016426001,131,3292,53,2418,6243,3240
196016437018,25,2888,50,1908,6243,3241
196016448212,322,4181,101,7208,6244,3241
196016459342,155,4049,160,14508,6245,3241
196016470561,24,3616,55,2156,6245,3242
196016481594,194,3196,98,7910,6246,3242
196016492813,431,3314,63,2851,6247,3242
196016504146,23,2893,109,1981,6247,3243
196016515142,296,2973,176,14661,6248,3243
196016526062,149,3020,54,2301,6249,3243
196016537788,27,3218,106,1933,6249,3244
196016548659,224,3959,45,2087,6250,3244
196016559337,111,2622,98,6979,6251,3244
196016570335,37,2665,55,1968,6251,3245
196016581939,145,2640,200,15172,6252,3245
196016592957,167,2633,113,7798,6253,3245
196016603996,36,2615,55,1868,6253,3246
196016615086,230,2640,82,4623,6254,3246
196016626206,202,2638,43,855,6255,3246
196016637232,22,2581,40,781,6255,3247
196016648544,131,2785,377,35896,6256,3247
196016682645,238,2719,96,6203,6257,3247
196016697253,156,2665,53,862,6258,3247
196016708396,149,2918,505,33117,6259,3247
196016719010,26,3392,93,3553,6259,3248
196016730186,236,3891,148,7982,6260,3248
196016741697,168,4132,91,2658,6261,3248
196016752375,23,3582,99,1761,6261,3249
196016763524,782,3351,164,13839,6262,3249
196016774821,154,4136,113,7739,6263,3249
196016785888,30,2888,50,1729,6263,3250
196016796926,184,3620,137,12143,6264,3250
196016808045,392,4256,105,6748,6265,3250
196016819053,26,2816,48,1806,6265,3251
196016830623,192,3492,164,15110,6266,3251
196016841721,284,3713,110,7613,6267,3251
196016852682,25,2977,66,1821,6267,3252
196016863760,133,3496,54,2085,6268,3252
196016874738,125,3926,154,14536,6269,3252
196016885889,22,3114,44,1744,6269,3253
196016896911,124,3174,74,5565,6270,3253
196016908106,239,3517,59,3136,6271,3253
196016919212,21,4170,37,760,6271,3254
196016930152,273,3281,316,34423,6272,3254
196016941673,234,3296,109,8934,6273,3254
196016952709,21,2841,45,2244,6273,3255
196016963739,292,3251,159,14633,6274,3255
196016974771,143,3164,102,7518,6275,3255
196016985764,23,2682,49,1928,6275,3256
196016996775,129,2732,56,2885,6276,3256
196017008314,429,3279,200,14424,6277,3256
196017019475,27,2822,44,2219,6277,3257
196017030552,219,3255,103,8145,6278,3257
196017041557,143,3207,167,15198,6279,3257
196017052773,22,2723,48,2362,6279,3258
196017063846,149,3196,108,8386,6280,3258
196017074623,313,3738,165,15261,6281,3258
196017085900,20,3918,197,1997,6281,3259
196017101626,308,3014,40,1348,6282,3259
196017108116,139,3931,499,35848,6283,3259
196017119079,20,3638,59,3723,6283,3260
196017130191,168,3565,152,14731,6284,3260
196017141450,133,4180,100,7708,6285,3260
196017152761,182,3817,53,1993,6285,3261
196017163867,174,3375,160,14800,6286,3261
196017175326,217,3282,50,1754,6287,3261
196017186130,321,2959,30,854,6287,3262
196017197100,411,3569,32,854,6288,3262
196017208130,474,3790,343,33270,6289,3262
196017219062,203,3718,113,3668,6289,3263
196017230780,451,3415,109,8282,6290,3263
196017241607,224,3384,63,2747,6291,3263
196017252636,172,3478,42,1826,6291,3264
196017263840,236,3811,150,14015,6292,3264
196017274594,232,3508,97,7902,6293,3264
196017285706,21,3550,47,1799,6293,3265
196017296937,189,2888,162,14922,6294,3265
196017308110,117,2939,59,2522,6295,3265
196017319138,20,2821,46,2018,6295,3266
196017330167,253,3216,53,2069,6296,3266
196017341954,209,3077,102,7395,6297,3266
196017352802,22,3769,43,1850,6297,3267
196017363840,358,3404,51,2193,6298,3267
196017374920,137,4130,248,14291,6299,3267
196017385972,24,3423,83,2058,6299,3268
196017397028,226,3831,97,7876,6300,3268
196017408034,204,3607,172,14965,6301,3268
196017419185,20,3525,49,2288,6301,3269
196017430565,321,3875,52,2284,6302,3269
196017441469,361,3938,87,6680,6303,3269
196017452494,22,2991,39,1360,6303,3270
196017463537,415,3138,82,4679,6304,3270
196017475054,212,3185,346,35767,6305,3270
196017486372,28,2871,115,3710,6305,3271
196017496868,260,3147,58,3076,6306,3271
196017507928,122,4307,177,14528,6307,3271
196017519409,26,3100,43,2125,6307,3272
196017530504,250,3092,144,7663,6308,3272
196017541481,103,3086,140,12941,6309,3272
196017552532,20,2785,44,2022,6309,3273
196017563570,119,2766,94,7153,6310,3273
196017574639,105,3930,184,15359,6311,3273
196017586165,19,2963,56,2063,6311,3274
196017597135,160,3197,55,3070,6312,3274
196017608248,2258,2828,52,1843,6313,3274
196017619359,22,2911,30,755,6313,3275
196017630393,447,3061,360,36198,6314,3275
196017641454,354,3342,119,9553,6315,3275
196017652744,222,2999,44,2204,6315,3276
196017663948,213,3556,155,13811,6316,3276
196017675195,152,3242,119,2361,6317,3276
196017685822,22,2971,43,1853,6317,3277
196017696851,222,2979,100,7102,6318,3277
196017708377,186,3028,164,14388,6319,3277
196017719173,23,2860,46,2079,6319,3278
196017730379,302,2949,119,7755,6320,3278
196017741733,208,4583,65,2697,6321,3278
196017752712,36,2841,53,1810,6321,3279
196017763825,409,4040,158,14360,6322,3279
196017774896,165,3508,147,12773,6323,3279
196017785880,22,3479,50,2174,6323,3280
196017796902,246,3711,46,2265,6324,3280
196017808077,192,3960,101,7077,6325,3280
196017819111,22,2890,40,1893,6325,3281
196017830137,191,3498,175,15059,6326,3281
196017841678,241,3147,50,1497,6327,3281
196017852757,49,3663,43,822,6327,3282
196017863894,170,3039,35,818,6328,3282
196017875086,215,3045,347,35897,6329,3282
196017886039,23,3248,66,3779,6329,3283
196017897137,204,2750,96,7950,6330,3283
196017908754,524,3155,166,13849,6331,3283
196017919205,40,4151,56,2154,6331,3284
196017930204,157,3561,59,2371,6332,3284
196017941472,244,3803,103,7113,6333,3284
196017952822,25,3802,50,1819,6333,3285
196017963844,196,3909,160,14397,6334,3285
196017974886,219,3229,112,7628,6335,3285
196017985947,26,2780,42,1884,6335,3286
196017996972,135,2924,56,2981,6336,3286
196018007987,170,3343,164,14565,6337,3286
196018019025,21,2847,45,2039,6337,3287
196018030571,151,3871,107,7910,6338,3287
196018041734,202,3903,152,13062,6339,3287
196018052989,26,4187,62,2209,6339,3288
196018063706,340,3146,47,1441,6340,3288
196018074809,152,4170,742,33336,6341,3288
196018085958,28,2664,60,3608,6341,3289
196018097096,149,2885,106,7999,6342,3289
196018108383,274,2848,84,4647,6343,3289
196018119392,26,2833,36,812,6343,3290
196018130143,177,2829,50,769,6344,3290
196018141343,264,3524,4571,36012,6345,3290
196018152630,24,3161,66,3753,6345,3291
196018163608,162,3602,170,15118,6346,3291
196018174651,281,3877,65,2501,6347,3291
196018185760,24,3387,48,1947,6347,3292
196018196820,463,4267,98,7072,6348,3292
196018208430,196,3339,172,15124,6349,3292
196018219097,22,2763,45,2135,6349,3293
196018230150,272,4042,113,7870,6350,3293
196018241862,132,3018,61,2897,6351,3293
196018252316,25,2638,48,1886,6351,3294
196018263942,273,3341,163,14580,6352,3294
196018274981,394,3384,116,7945,6353,3294
196018286014,26,3468,47,1848,6353,3295
196018297089,215,4764,235,12278,6354,3295
196018308352,346,3551,143,7081,6355,3295
196018319492,25,2754,45,1847,6355,3296
196018330617,171,3909,288,15100,6356,3296
196018341638,183,2900,115,7776,6357,3296
196018352739,28,2822,54,1955,6357,3297
196018363472,195,3900,52,2269,6358,3297
196018374782,379,4259,170,14691,6359,3297
196018385829,21,2898,44,2175,6359,3298
196018396878,121,2942,131,7083,6360,3298
196018407933,122,3776,69,3771,6361,3298
196018419512,21,2836,30,798,6361,3299
196018430545,123,3191,352,34590,6362,3299
196018441309,237,4052,117,9048,6363,3299
196018452375,32,3904,152,2297,6363,3300
196018463411,256,3132,220,14734,6364,3300
196018474584,496,3537,140,7624,6365,3300
196018486015,30,2773,56,1954,6365,3301
196018497089,250,4030,72,3387,6366,3301
196018508191,188,4488,67,3133,6367,3301
196018519224,22,2983,33,851,6367,3302
196018530276,153,3359,41,821,6368,3302
196018541291,179,4121,351,33654,6369,3302
196018552316,21,3003,65,3662,6369,3303
196018563865,258,3104,56,2360,6370,3303
196018574635,317,4180,109,7089,6371,3303
196018586251,20,2738,46,1832,6371,3304
196018596826,472,3141,55,2188,6372,3304
196018609243,566,2931,54,1913,6373,3304
196018619343,23,3273,52,1732,6373,3305
196018630423,184,3771,157,14058,6374,3305
196018641638,404,3697,120,7802,6375,3305
196018652742,48,3367,61,1967,6375,3306
196018663778,231,3957,163,14805,6376,3306
196018674837,151,2784,80,2420,6377,3306
196018685854,22,2769,53,2011,6377,3307
196018696931,179,3823,110,7267,6378,3307
196018708068,123,4107,176,15317,6379,3307
196018719086,26,3293,61,1953,6379,3308
196018730124,222,4032,137,7774,6380,3308
196018741678,112,2900,52,2376,6381,3308
196018752665,22,3552,351,1780,6381,3309
196018763756,329,3711,63,2433,6382,3309
196018774999,132,2684,210,14950,6383,3309
196018785879,23,2782,45,1985,6383,3310
196018797017,328,3297,52,2072,6384,3310
196018808060,208,3399,46,1169,6385,3310
196018819152,20,4273,62,723,6385,3311
196018830294,149,3491,33,717,6386,3311
196018841406,258,3122,313,32776,6387,3311
196018852327,21,3357,61,3559,6387,3312
196018863930,227,3748,146,8305,6388,3312
196018874887,150,3836,203,14149,6389,3312
196018885936,27,3384,50,2079,6389,3313
196018896908,228,3562,106,7667,6390,3313
196018907935,225,3699,208,14994,6391,3313
196018919479,21,3439,133,2069,6391,3314
196018930541,127,3113,48,2282,6392,3314
196018941582,171,3501,87,6768,6393,3314
196018952572,23,3171,74,1776,6393,3315
196018963645,185,3530,164,15041,6394,3315
196018974672,128,3628,112,7447,6395,3315
196018985771,28,3329,50,1870,6395,3316
196018997302,2145,3164,63,2797,6396,3316
196019008313,119,3031,155,14266,6397,3316
196019019378,65,3482,47,2255,6397,3317
196019030351,141,3095,42,1510,6398,3317
196019041307,197,3934,408,34195,6399,3317
196019052329,21,3164,76,3677,6399,3318
196019063939,327,3381,105,7441,6400,3318
196019075017,183,3238,177,14727,6401,3318
196019086113,22,3150,175,2200,6401,3319
196019097135,263,4012,107,7815,6402,3319
196019108582,204,3542,48,1531,6403,3319
196019119057,21,2961,36,854,6403,3320
196019130094,125,3581,78,5006,6404,3320
196019141642,221,3323,360,35781,6405,3320
196019152671,22,3156,64,3819,6405,3321
196019163891,123,2709,163,15236,6406,3321
196019174877,171,3804,60,2406,6407,3321
196019186054,27,3054,44,1933,6407,3322
196019197020,122,3586,99,7051,6408,3322
196019208089,151,3666,169,15088,6409,3322
196019219118,20,2997,44,2219,6409,3323
196019230564,269,3413,112,7980,6410,3323
196019241578,125,2871,66,2734,6411,3323
196019252824,24,2502,47,1911,6411,3324
196019263923,144,2671,214,14507,6412,3324
196019274950,140,2679,111,8028,6413,3324
196019286005,27,2538,46,1947,6413,3325
196019297039,169,2654,239,14937,6414,3325
196019308033,129,2854,110,7667,6415,3325
196019319302,172,2691,52,1839,6415,3326
196019330059,128,2624,162,15545,6416,3326
196019341652,100,2662,119,8149,6417,3326
196019352702,28,2778,43,1898,6417,3327
196019363768,218,2598,46,2219,6418,3327
196019374831,97,2623,151,14699,6419,3327
196019385812,25,2532,44,2166,6419,3328
196019396866,179,2636,161,8048,6420,3328
196019447326,152,3020,82,4130,6421,3328
196019461670,179,2808,520,33061,6422,3328
196019473546,30,4520,109,3647,6422,3329
196019484593,345,4050,175,8135,6423,3329
196019495160,152,4013,75,2970,6424,3329
196019506287,59,5266,63,1934,6424,3330
196019517360,121,3981,200,13855,6425,3330
196019528599,142,2718,63,2437,6426,3330
196019539789,27,5028,55,1946,6426,3331
196019550799,158,3338,51,2234,6427,3331
196019561838,150,3242,99,7091,6428,3331
196019572888,24,5169,51,1770,6428,3332
196019584194,264,3039,156,14462,6429,3332
196019595268,261,2897,52,1199,6430,3332
196019606603,28,4909,45,805,6430,3333
196019617246,246,2838,366,35884,6431,3333
196019628751,121,2800,186,16485,6432,3333
196019639822,23,4703,59,2430,6432,3334
196019650892,320,3625,127,7812,6433,3334
196019662053,143,4088,207,14899,6434,3334
196019673249,24,4912,61,2242,6434,3335
196019683848,147,3160,58,2512,6435,3335
196019695540,177,3171,108,7181,6436,3335
196019706441,51,4990,52,1803,6436,3336
196019717448,133,2912,164,15403,6437,3336
196019728570,197,3048,110,7758,6438,3336
196019739698,26,5629,56,2044,6438,3337
196019750765,202,3642,56,2941,6439,3337
196019761786,196,3141,196,14826,6440,3337
196019772750,22,5339,59,2073,6440,3338
196019784320,269,3859,101,7856,6441,3338
196019795449,207,3213,143,13217,6442,3338
196019806398,22,5980,60,2077,6442,3339
196019817679,299,3570,126,7270,6443,3339
196019828666,175,3375,169,15586,6444,3339
196019839715,23,5822,58,2292,6444,3340
196019850731,119,3143,129,8060,6445,3340
196019862168,150,3645,52,2150,6446,3340
196019873228,28,5893,79,1901,6446,3341
196019884284,162,3259,182,14663,6447,3341
196019895595,117,2891,74,1632,6448,3341
196019906147,26,4906,40,727,6448,3342
196019917633,334,3627,60,723,6449,3342
196019928802,208,4741,43,721,6450,3342
196019939774,25,6627,40,723,6450,3343
196019950933,533,3867,369,35392,6451,3343
196019962075,408,3860,273,17323,6452,3343
196019973012,58,6483,78,2563,6452,3344
196019984251,263,4366,104,7690,6453,3344
196019995230,134,3748,64,3013,6454,3344
196020006276,29,5334,64,2046,6454,3345
196020017380,154,3566,170,14472,6455,3345
196020028752,144,3002,113,8050,6456,3345
196020039777,23,5091,47,1883,6456,3346
196020051082,134,3090,159,14825,6457,3346
196020062244,259,3164,146,7401,6458,3346
196020073024,30,5231,57,1834,6458,3347
196020084140,127,2779,169,15515,6459,3347
196020095303,272,3076,104,7820,6460,3347
196020106412,28,5127,53,1976,6460,3348
196020117462,198,2918,52,2318,6461,3348
196020128532,342,2828,168,14642,6462,3348
196020139654,28,5023,59,2224,6462,3349
196020150649,482,2942,104,8062,6463,3349
196020162098,175,3219,165,15016,6464,3349
196020173166,36,4858,63,1709,6464,3350
196020184204,338,4086,55,2248,6465,3350
196020195249,214,3545,47,804,6466,3350
196020206566,32,4950,46,784,6466,3351
196020217489,384,4503,341,33140,6467,3351
196020228650,537,4271,256,9718,6468,3351
196020239828,25,5356,55,2313,6468,3352
196020250882,191,3898,62,2745,6469,3352
196020262048,332,4112,176,14064,6470,3352
196020273061,23,5551,63,2033,6470,3353
196020284209,316,3702,99,8014,6471,3353
196020295199,124,3214,167,15177,6472,3353
196020306315,22,5171,52,2270,6472,3354
196020317333,253,3610,105,8317,6473,3354
196020328475,196,3133,165,15429,6474,3354
196020339512,24,5097,49,1957,6474,3355
196020351093,2739,3480,104,7740,6475,3355
196020362119,356,3693,51,2321,6476,3355
196020373416,137,5347,184,14596,6477,3355
196020384403,23,2839,49,2218,6477,3356
196020395471,232,3421,116,8206,6478,3356
196020406481,25,6475,57,1962,6478,3357
196020417277,181,3369,159,14732,6479,3357
196020428435,119,4020,47,1534,6480,3357
196020439545,33,6647,39,832,6480,3358
196020451088,215,3402,411,35359,6481,3358
196020462389,109,3256,203,17446,6482,3358
196020473048,23,6237,71,2455,6482,3359
196020484508,219,3307,169,7652,6483,3359
196020495039,195,2966,66,2925,6484,3359
196020506133,29,5047,56,1859,6484,3360
196020517356,127,2922,161,14530,6485,3360
196020528620,229,2972,104,7850,6486,3360
196020539864,21,5021,53,1924,6486,3361
196020550547,218,3323,155,14922,6487,3361
196020562149,114,2746,94,7327,6488,3361
196020573219,25,5140,55,1942,6488,3362
196020583820,338,4170,164,15462,6489,3362
196020595417,272,4667,106,7747,6490,3362
196020606784,24,5203,52,1912,6490,3363
196020617190,183,3816,52,2214,6491,3363
196020628407,456,3590,158,14593,6492,3363
196020639494,22,6093,85,2183,6492,3364
196020651060,129,3193,96,7829,6493,3364
196020661750,298,4733,119,3972,6494,3364
196020673283,21,5334,44,842,6494,3365
196020684304,135,3220,334,34507,6495,3365
196020695218,499,3639,177,9054,6496,3365
196020706204,87,6103,58,2297,6496,3366
196020717311,273,4587,219,14755,6497,3366
196020728539,308,3647,102,7644,6498,3366
196020739563,25,5105,68,2050,6498,3367
196020750573,146,3303,76,4747,6499,3367
196020761706,304,3891,718,35978,6500,3367
196020773228,24,5902,76,3767,6500,3368
196020784630,378,3135,108,8044,6501,3368
196020795532,197,3042,149,12585,6502,3368
196020806534,22,5053,51,1985,6502,3369
196020817180,186,2950,97,7058,6503,3369
196020828720,123,3051,156,13952,6504,3369
196020839756,24,5029,57,2131,6504,3370
196020850766,135,2988,96,8003,6505,3370
196020861841,118,2950,54,2209,6506,3370
196020873345,146,4402,163,14416,6507,3370
196020884347,21,3082,46,2176,6507,3371
196020895436,317,2948,131,7311,6508,3371
196020906360,58,4642,37,952,6508,3372
196020917224,132,2884,120,9847,6509,3372
196020928912,236,2811,45,1084,6510,3372
196020939835,22,4792,46,733,6510,3373
196020950591,130,3278,359,35497,6511,3373
196020961961,344,3420,79,4688,6512,3373
196020973039,25,6225,54,715,6512,3374
196020984104,446,4411,350,35652,6513,3374
196020995292,140,2976,80,3935,6514,3374
196021006399,29,5488,63,2137,6514,3375
196021017466,233,3197,179,15647,6515,3375
196021028468,467,3521,101,7669,6516,3375
196021039550,25,5188,53,1913,6516,3376
196021050765,286,3159,242,14895,6517,3376
196021061903,197,3613,101,7387,6518,3376
196021073135,28,4720,51,1782,6518,3377
196021084824,414,3024,162,15210,6519,3377
196021095458,2181,3029,104,7643,6520,3377
196021106567,21,4708,47,1914,6520,3378
196021117618,227,3131,48,2238,6521,3378
196021129354,262,3171,157,14570,6522,3378
196021139749,43,5222,79,2281,6522,3379
196021150583,2356,2957,164,8089,6523,3379
196021161630,21,3293,61,1902,6523,3380
196021173214,140,3553,85,6069,6524,3380
196021184431,19,4105,40,938,6524,3381
196021195182,181,4008,48,848,6525,3381
196021206212,27,5563,47,841,6525,3382
196021217274,370,3150,43,841,6526,3382
196021228414,264,3633,379,36077,6527,3382
196021239715,36,6495,88,3794,6527,3383
196021250671,306,3838,92,4803,6528,3383
196021261858,235,4788,412,35829,6529,3383
196021272974,33,5847,78,3744,6529,3384
196021283998,312,4185,110,7915,6530,3384
196021295046,200,3833,155,13777,6531,3384
196021306589,25,4614,48,2204,6531,3385
196021317604,152,3078,55,2360,6532,3385
196021328667,321,4047,49,2182,6533,3385
196021339838,27,5271,55,1840,6533,3386
196021350969,230,3941,99,7865,6534,3386
196021362087,151,4711,52,2073,6535,3386
196021373253,22,5908,54,1795,6535,3387
196021384285,150,4056,161,14307,6536,3387
196021395306,128,2778,100,7768,6537,3387
196021406503,24,4583,66,1839,6537,3388
196021417468,380,4549,177,14754,6538,3388
196021428641,253,2997,55,2554,6539,3388
196021439747,28,4971,59,1947,6539,3389
196021450970,128,2680,45,1368,6540,3389
196021462011,225,4030,374,33033,6541,3389
196021473147,21,4699,65,3595,6541,3390
196021484168,110,3920,95,7967,6542,3390
196021495336,442,3833,48,2125,6543,3390
196021506553,23,4699,51,1791,6543,3391
196021517552,116,3211,156,14390,6544,3391
196021528640,137,3028,98,7713,6545,3391
196021539602,23,4794,52,1736,6545,3392
196021551190,230,3288,155,14696,6546,3392
196021561766,339,2957,57,2431,6547,3392
196021573000,21,5245,50,1893,6547,3393
196021583940,241,3808,44,1386,6548,3393
196021595475,352,3888,34,653,6549,3393
196021606703,21,5590,39,648,6549,3394
196021617733,186,3550,336,35869,6550,3394
196021628406,297,3425,169,16150,6551,3394
196021639500,22,6096,63,2429,6551,3395
196021651098,161,3327,95,7705,6552,3395
196021661858,115,4098,159,14922,6553,3395
196021672944,22,4864,61,2196,6553,3396
196021684018,196,3241,69,2422,6554,3396
196021695062,196,3680,96,7395,6555,3396
196021706234,28,5710,55,1748,6555,3397
196021717154,118,3375,247,15080,6556,3397
196021728367,127,3465,93,7524,6557,3397
196021739624,23,5441,61,2094,6557,3398
196021750477,328,3355,55,2472,6558,3398
196021761947,260,3546,168,15005,6559,3398
196021773059,21,5873,53,2055,6559,3399
196021783969,233,4299,56,2336,6560,3399
196021795604,246,3631,47,2124,6561,3399
196021806337,24,5231,54,1955,6561,3400
196021817498,180,3357,94,7080,6562,3400
196021828615,131,3801,189,15288,6563,3400
196021839728,20,4765,61,2349,6563,3401
196021851412,186,2980,44,1312,6564,3401
196021862026,217,3257,45,677,6565,3401
196021873011,21,4956,42,668,6565,3402
196021884423,190,3830,342,36089,6566,3402
196021895473,253,3435,117,9513,6567,3402
196021906513,22,5207,77,2332,6567,3403
196021917252,276,3294,143,13583,6568,3403
196021929252,272,3638,52,2495,6569,3403
196021939496,21,5473,53,1968,6569,3404
196021950729,288,4049,92,7284,6570,3404
196021961845,194,3248,213,14460,6571,3404
196021972878,22,4937,47,2136,6571,3405
196021984019,266,3485,107,7923,6572,3405
196021995046,242,3264,53,2161,6573,3405
196022006080,23,5231,66,1810,6573,3406
196022017511,150,3355,163,15056,6574,3406
196022028465,216,4965,106,8063,6575,3406
196022039508,24,5283,49,1904,6575,3407
196022050526,197,3145,807,12242,6576,3407
196022062183,223,3937,109,7203,6577,3407
196022073344,26,4939,84,1891,6577,3408
196022083969,231,4718,168,15010,6578,3408
196022095431,161,3631,43,1501,6579,3408
196022106184,24,6120,45,760,6579,3409
196022117339,209,3922,78,4981,6580,3409
196022128577,139,3452,69,4292,6581,3409
196022139879,22,5425,40,699,6581,3410
196022150971,183,3245,344,35901,6582,3410
196022162032,141,3534,178,16604,6583,3410
196022173084,30,5499,59,2506,6583,3411
196022184192,162,2970,51,2376,6584,3411
196022195269,199,3583,279,6785,6585,3411
196022206454,20,5527,53,1821,6585,3412
196022217539,202,3437,1769,14763,6586,3412
196022228586,181,3333,97,7380,6587,3412
196022239570,23,5218,62,1868,6587,3413
196022250757,367,3577,53,2254,6588,3413
196022261894,390,4311,174,15015,6589,3413
196022273374,27,5267,54,2057,6589,3414
196022284252,213,3440,101,7927,6590,3414
196022295049,230,3224,154,13033,6591,3414
196022306083,26,5703,56,2015,6591,3415
196022317166,213,3682,91,7146,6592,3415
196022328801,261,3451,196,15279,6593,3415
196022339853,23,4821,50,2233,6593,3416
196022350848,129,3350,45,1388,6594,3416
196022361894,139,3137,36,753,6595,3416
196022372986,28,5226,36,748,6595,3417
196022384050,373,3181,342,36127,6596,3417
196022395363,357,3211,131,9583,6597,3417
196022406178,28,6106,106,2344,6597,3418
196022417436,210,4065,138,12713,6598,3418
196022428437,184,4578,327,32764,6599,3418
196022439703,31,5162,348,3744,6599,3419
196022450470,207,3042,100,7684,6600,3419
196022462095,173,4320,155,14537,6601,3419
196022473385,243,5477,101,7555,6602,3419
196022484343,25,3898,98,2007,6602,3420
196022495429,350,3289,60,2272,6603,3420
196022506436,24,6120,56,1957,6603,3421
196022517283,358,3493,167,15046,6604,3421
196022528350,107,3005,53,2648,6605,3421
196022539765,24,4847,50,1999,6605,3422
196022550814,135,3292,47,2218,6606,3422
196022561978,235,3295,97,7136,6607,3422
196022573021,23,4813,51,2096,6607,3423
196022584105,204,4526,159,15205,6608,3423
196022595138,108,3529,41,1521,6609,3423
196022606449,21,5271,45,749,6609,3424
196022617587,128,4892,35,745,6610,3424
196022628504,117,3254,369,36143,6611,3424
196022639511,21,5663,70,3746,6611,3425
196022650609,194,3193,105,8009,6612,3425
196022661888,538,3049,156,14033,6613,3425
196022673024,21,4969,56,2137,6613,3426
196022684261,188,4151,51,2354,6614,3426
196022695442,213,3121,104,7277,6615,3426
196022706425,30,6116,57,1829,6615,3427
196022717440,250,3277,159,14485,6616,3427
196022728465,312,3279,97,7637,6617,3427
196022739462,24,6222,63,2075,6617,3428
196022750840,377,3027,59,2432,6618,3428
196022761786,110,3402,167,15059,6619,3428
196022772876,23,5271,57,2195,6619,3429
196022783904,139,3234,54,2429,6620,3429
196022795348,245,3511,59,2121,6621,3429
196022806329,24,5893,69,1939,6621,3430
196022817421,200,3712,208,7124,6622,3430
196022828586,295,3246,171,15280,6623,3430
196022839670,24,5465,163,2307,6623,3431
196022850760,311,3528,105,8075,6624,3431
196022861813,245,4257,51,2045,6625,3431
196022872868,24,5122,55,1801,6625,3432
196022883939,178,2911,158,14665,6626,3432
196022895358,226,3702,113,8081,6627,3432
196022906365,23,6422,54,1888,6627,3433
196022917477,172,3316,162,15162,6628,3433
196022928513,286,3398,111,2536,6629,3433
196022939489,43,5805,54,2150,6629,3434
196022950780,167,3201,133,7413,6630,3434
196022961951,204,3884,188,15227,6631,3434
196022973064,22,5250,57,2373,6631,3435
196022984063,210,3567,99,8067,6632,3435
196022995148,318,4013,90,4635,6633,3435
196023006183,26,5469,43,832,6633,3436
196023017249,268,3403,343,36418,6634,3436
196023028822,407,4106,121,9674,6635,3436
196023039671,25,5659,57,2261,6635,3437
196023050763,216,3390,155,13845,6636,3437
196023061848,360,3603,99,7422,6637,3437
196023072842,23,6171,56,1820,6637,3438
196023084277,306,3892,158,14478,6638,3438
196023095078,133,3120,102,7617,6639,3438
196023106203,28,5382,53,2033,6639,3439
196023117500,381,3136,55,2410,6640,3439
196023128592,256,3670,166,14443,6641,3439
196023139853,31,5123,68,2162,6641,3440
196023150958,185,3423,121,7581,6642,3440
196023162011,363,4382,79,3963,6643,3440
196023173333,30,5693,49,896,6643,3441
196023184144,174,3680,48,845,6644,3441
196023195148,132,3230,433,35907,6645,3441
196023206215,28,5504,70,3853,6645,3442
196023217362,137,3232,168,15806,6646,3442
196023228377,403,3522,98,7619,6647,3442
196023239615,22,5309,63,1982,6647,3443
196023250635,387,3767,52,2277,6648,3443
196023261627,398,3709,169,15194,6649,3443
196023273205,27,4877,62,2138,6649,3444
196023284245,244,3854,106,8011,6650,3444
196023295324,301,3445,177,15230,6651,3444
196023306398,27,5293,56,2137,6651,3445
196023317559,134,2711,112,8069,6652,3445
196023328647,194,3583,164,15285,6653,3445
196023339618,23,6375,54,1928,6653,3446
196023350731,180,3400,100,7263,6654,3446
196023361703,277,3375,272,22597,6655,3446
196023372979,26,6188,55,1895,6655,3447
196023384725,131,3131,156,14220,6656,3447
196023395337,144,3602,107,7494,6657,3447
196023406409,102,6173,54,1772,6657,3448
196023417416,333,3098,160,14784,6658,3448
196023428459,374,4211,58,2519,6659,3448
196023439738,21,6169,54,1881,6659,3449
196023450790,295,3524,44,1444,6660,3449
196023461832,326,3170,36,679,6661,3449
196023472927,28,5191,48,675,6661,3450
196023484143,281,3440,343,35982,6662,3450
196023495249,338,3873,85,3920,6663,3450
196023506464,34,6267,62,2136,6663,3451
196023517517,594,3455,175,15538,6664,3451
196023528519,263,3280,119,7754,6665,3451
196023539849,23,5008,59,1926,6665,3452
196023550953,186,2663,189,14895,6666,3452
196023562052,166,3914,47,1467,6667,3452
196023573052,53,4814,34,699,6667,3453
196023584104,119,4022,334,35747,6668,3453
196023595152,111,3831,176,17390,6669,3453
196023606516,23,4646,60,2533,6669,3454
196023617541,247,3264,108,8460,6670,3454
196023628755,149,3449,156,14565,6671,3454
196023639847,187,4431,109,8096,6672,3454
196023650994,20,2891,44,1943,6672,3455
196023662087,112,3345,162,15175,6673,3455
196023672782,22,5432,82,2309,6673,3456
196023683904,119,3032,50,2650,6674,3456
196023695537,124,3016,98,7319,6675,3456
196023706479,168,4699,201,15272,6676,3456
196023717271,19,2787,41,2285,6676,3457
196023728314,127,3157,100,7989,6677,3457
196023739839,20,4602,62,2148,6677,3458
196023751052,245,3430,54,2459,6678,3458
196023761697,1612,7701,968,15148,6679,3458
196023773093,21,5898,47,2108,6679,3459
196023784141,164,3496,50,2399,6680,3459
196023795135,124,3342,49,1476,6681,3459
196023806247,21,6940,44,760,6681,3460
196023817261,310,3254,39,760,6682,3460
196023828276,397,3298,383,35519,6683,3460
196023839826,22,6728,77,3775,6683,3461
196023850691,111,3187,160,15575,6684,3461
196023861704,174,3639,157,7146,6685,3461
196023873331,169,5212,161,14501,6686,3461
196023884170,22,4055,47,2067,6686,3462
196023895546,218,3207,109,7968,6687,3462
196023906378,24,4892,49,1881,6687,3463
196023917468,160,3481,160,14963,6688,3463
196023928541,178,3519,62,2496,6689,3463
196023939477,29,5939,60,2055,6689,3464
196023950939,126,3952,96,7283,6690,3464
196023962123,206,3222,114,5256,6691,3464
196023973181,21,5528,51,848,6691,3465
196023984182,243,3768,370,35855,6692,3465
196023995274,325,3474,79,4035,6693,3465
196024006621,28,5234,53,2144,6693,3466
196024017620,216,3828,163,15087,6694,3466
196024028407,151,3347,53,2369,6695,3466
196024039603,58,5434,51,1863,6695,3467
196024050649,260,3132,63,2004,6696,3467
196024061670,179,3144,90,6716,6697,3467
196024072843,24,4699,51,1896,6697,3468
196024084437,168,2669,70,4436,6698,3468
196024095453,159,2691,52,834,6699,3468
196024106621,55,4365,43,782,6699,3469
196024117594,126,2718,347,35778,6700,3469
196024152938,217,2746,97,3678,6701,3469
196024167413,233,4319,500,33710,6702,3469
196024178168,138,4014,97,3696,6703,3469
196024189809,22,5096,76,2142,6703,3470
196024200466,117,4349,209,7105,6704,3470
196024211555,129,4125,238,14580,6705,3470
196024222704,27,5159,51,2099,6705,3471
196024233990,163,2781,100,7652,6706,3471
196024244974,293,4786,59,2052,6707,3471
196024256087,24,5033,53,1701,6707,3472
196024267239,168,4345,159,14885,6708,3472
196024278359,237,3472,53,2384,6709,3472
196024289437,22,5909,55,1930,6709,3473
196024300538,201,3585,46,2168,6710,3473
196024311843,139,3161,98,6159,6711,3473
196024323031,33,5853,40,848,6711,3474
196024334062,253,3710,64,4006,6712,3474
196024345184,204,4100,483,33178,6713,3474
196024356225,23,5313,85,3554,6713,3475
196024367050,207,3563,100,8331,6714,3475
196024378683,176,3729,160,14176,6715,3475
196024389382,25,5727,57,2116,6715,3476
196024400539,244,4112,97,7655,6716,3476
196024411587,349,3220,166,14996,6717,3476
196024422699,23,5682,53,2195,6717,3477
196024434047,165,3014,51,2519,6718,3477
196024444988,116,4448,97,7314,6719,3477
196024455951,20,3001,51,1785,6719,3478
196024467581,219,3261,194,15238,6720,3478
196024479034,213,4173,95,7666,6721,3478
196024489484,23,5390,62,1962,6721,3479
196024500559,237,3170,51,2333,6722,3479
196024511575,151,3580,168,15082,6723,3479
196024522705,26,4808,49,2252,6723,3480
196024534083,260,3610,85,2366,6724,3480
196024545138,117,3045,44,2197,6725,3480
196024556528,363,8104,105,7242,6726,3480
196024567522,20,3137,41,1939,6726,3481
196024578663,159,3599,164,15098,6727,3481
196024589721,20,5114,51,2041,6727,3482
196024600484,470,3081,39,1245,6728,3482
196024611994,299,4387,41,695,6729,3482
196024623180,24,4565,38,694,6729,3483
196024634207,295,3219,334,36064,6730,3483
196024645197,116,3144,113,9433,6731,3483
196024656260,20,5516,57,2322,6731,3484
196024667390,356,4232,143,13533,6732,3484
196024678435,120,3640,64,2447,6733,3484
196024689397,22,5422,54,2018,6733,3485
196024700621,118,4165,97,7279,6734,3485
196024711951,228,2985,160,14525,6735,3485
196024723021,22,4981,52,1931,6735,3486
196024733737,196,3396,102,7773,6736,3486
196024745413,205,3407,55,2100,6737,3486
196024756126,31,5624,51,1754,6737,3487
196024767194,224,3919,158,14968,6738,3487
196024778584,157,3352,103,7809,6739,3487
196024789480,22,5257,47,1907,6739,3488
196024800705,196,3284,135,12256,6740,3488
196024811732,119,2995,94,7180,6741,3488
196024823058,54,4787,45,1869,6741,3489
196024834164,443,2842,163,4275,6742,3489
196024845092,120,3234,31,806,6743,3489
196024856203,26,5608,42,727,6743,3490
196024867317,146,3546,346,35776,6744,3490
196024878301,502,3198,166,15152,6745,3490
196024889567,27,4967,61,2431,6745,3491
196024900673,193,3126,102,7702,6746,3491
196024911576,408,3325,242,24458,6747,3491
196024923176,23,4694,61,3086,6747,3492
196024934344,170,3420,57,2835,6748,3492
196024945336,295,3212,95,7095,6749,3492
196024956475,34,4831,50,2123,6749,3493
196024967462,249,3126,184,15195,6750,3493
196024978621,174,3199,99,7590,6751,3493
196024989563,31,4871,63,1981,6751,3494
196025000651,223,3277,57,2253,6752,3494
196025011711,186,3100,68,3169,6753,3494
196025023584,154,5186,165,14726,6754,3494
196025034049,26,2542,52,1574,6754,3495
196025045341,161,2727,58,2186,6755,3495
196025056396,31,4643,50,757,6755,3496
196025067425,135,2638,66,736,6756,3496
196025119064,162,2715,352,35715,6757,3496
196025133986,184,2647,168,15978,6758,3496
196025144267,122,2647,107,8126,6759,3496
196025155914,30,5583,79,2093,6759,3497
196025166737,151,4017,244,15061,6760,3497
196025177831,122,3937,72,2497,6761,3497
196025189192,22,5123,50,2101,6761,3498
196025200278,332,3304,103,7413,6762,3498
196025211338,240,2901,170,15366,6763,3498
196025222508,23,5544,58,2086,6763,3499
196025233530,176,3705,98,7704,6764,3499
196025244658,226,4909,58,2409,6765,3499
196025255727,25,5080,53,2009,6765,3500
196025266861,297,4347,164,15098,6766,3500
196025277751,278,3288,63,2615,6767,3500
196025288774,25,3110,51,2050,6767,3501
196025299867,246,3933,50,2272,6768,3501
196025310923,156,3580,95,7343,6769,3501
196025322504,25,5139,57,2194,6769,3502
196025333154,397,3168,163,15491,6770,3502
196025344527,148,3343,46,1321,6771,3502
196025356044,22,5297,42,769,6771,3503
196025366621,129,3430,31,769,6772,3503
196025377631,270,3170,343,35900,6773,3503
196025388727,22,2941,67,3752,6773,3504
196025399775,126,3111,97,7998,6774,3504
196025411338,310,3987,155,13827,6775,3504
196025422054,20,3204,54,2151,6775,3505
196025433226,318,3707,49,2352,6776,3505
196025444381,294,3889,95,7119,6777,3505
196025455462,65,2981,46,1764,6777,3506
196025466656,359,3161,152,14366,6778,3506
196025477665,215,4424,106,7563,6779,3506
196025488713,27,2949,68,1859,6779,3507
196025499990,323,4307,58,2193,6780,3507
196025511008,237,4563,202,15216,6781,3507
196025521996,23,2880,54,2085,6781,3508
196025533653,1058,3258,98,7727,6782,3508
196025544758,493,4164,148,12989,6783,3508
196025555375,22,3689,48,2132,6783,3509
196025566625,362,4615,112,6483,6784,3509
196025577820,189,3435,342,44372,6785,3509
196025589046,20,2917,113,5428,6785,3510
196025600098,169,3567,111,9094,6786,3510
196025611186,459,3469,57,2869,6787,3510
196025622214,26,3104,58,2406,6787,3511
196025633430,138,3271,162,15150,6788,3511
196025644552,193,3351,109,8476,6789,3511
196025655570,20,5332,51,2246,6789,3512
196025666443,209,3192,163,15437,6790,3512
196025678164,2376,3572,79,2848,6791,3512
196025689433,23,6217,60,2325,6791,3513
196025699881,155,2667,100,7550,6792,3513
196025711007,161,2678,179,15744,6793,3513
196025734582,221,3359,76,1504,6794,3513
196025749378,199,3870,540,36152,6795,3513
196025760489,115,3804,223,17108,6796,3513
196025771659,20,3362,76,2576,6796,3514
196025782714,130,4052,69,2582,6797,3514
196025793832,158,2858,83,2288,6798,3514
196025805026,23,2996,63,2077,6798,3515
196025816116,363,2710,93,7159,6799,3515
196025827484,257,3352,86,5332,6800,3515
196025838535,22,3010,39,909,6800,3516
196025849754,125,3240,327,33380,6801,3516
196025860782,112,2821,159,9962,6802,3516
196025872036,20,2913,50,2163,6802,3517
196025883099,114,3503,153,14247,6803,3517
196025894166,161,2947,106,7777,6804,3517
196025905264,24,2771,55,1940,6804,3518
196025916237,192,3885,153,14909,6805,3518
196025927493,134,3020,66,2376,6806,3518
196025938578,27,2639,52,1942,6806,3519
196025949513,274,4323,160,7216,6807,3519
196025960964,134,2623,169,15218,6808,3519
196025972078,27,2683,48,2262,6808,3520
196025983200,187,2639,122,8040,6809,3520
196025994235,164,2667,56,2114,6810,3520
196026005240,27,2595,56,1831,6810,3521
196026016270,120,2636,63,4200,6811,3521
196026031319,235,7889,1359,15105,6812,3521
196026051085,186,3922,74,1691,6813,3521
196026062201,131,3990,47,775,6814,3521
196026072847,22,5106,42,766,6814,3522
196026084011,143,3988,526,35803,6815,3522
196026095191,132,2751,292,17490,6816,3522
196026106393,25,5170,125,2536,6816,3523
196026117923,180,2921,110,8551,6817,3523
196026128569,179,2862,170,14605,6818,3523
196026139794,24,3206,60,2112,6818,3524
196026150794,313,3517,106,7875,6819,3524
196026161903,219,3636,172,15274,6820,3524
196026172861,24,5108,54,2131,6820,3525
196026184178,326,3580,60,2455,6821,3525
196026195355,163,4581,98,7384,6822,3525
196026206349,24,5483,52,1918,6822,3526
196026217516,118,3288,195,15362,6823,3526
196026228598,110,3709,101,7824,6824,3526
196026239847,22,5187,79,2030,6824,3527
196026250829,205,3572,54,1630,6825,3527
196026261863,348,3196,371,43256,6826,3527
196026273013,22,5514,80,5306,6826,3528
196026284329,261,4410,68,3503,6827,3528
196026295386,163,4240,47,1775,6828,3528
196026306449,30,4855,55,1113,6828,3529
196026317521,126,3495,33,1052,6829,3529
196026328555,182,4259,368,35332,6830,3529
196026339930,124,5686,185,16993,6831,3529
196026350901,23,3970,55,2471,6831,3530
196026361925,215,4029,110,8352,6832,3530
196026373220,207,4623,155,14643,6833,3530
196026384274,20,3633,46,2060,6833,3531
196026395352,136,3191,99,7673,6834,3531
196026406469,215,4526,221,15078,6835,3531
196026417269,22,3380,46,2120,6835,3532
196026428814,226,4080,70,2446,6836,3532
196026440057,262,4238,100,7129,6837,3532
196026450847,21,2857,68,1818,6837,3533
196026461891,224,3477,167,15336,6838,3533
196026473011,23,4658,56,2119,6838,3534
196026484252,149,3459,100,7898,6839,3534
196026495297,270,2952,58,2200,6840,3534
196026506320,22,5831,54,1877,6840,3535
196026517372,117,3191,161,15260,6841,3535
196026528534,220,3333,104,7958,6842,3535
196026540022,176,4331,144,13180,6843,3535
196026551031,20,2832,44,2168,6843,3536
196026561798,391,3130,96,7463,6844,3536
196026572889,20,4637,53,2040,6844,3537
196026584462,227,3076,161,15431,6845,3537
196026595377,165,3467,98,7970,6846,3537
196026606673,120,4381,84,4326,6847,3537
196026617680,21,2819,30,797,6847,3538
196026628542,232,3096,46,737,6848,3538
196026639489,26,5000,46,717,6848,3539
196026651031,172,3216,348,35767,6849,3539
196026662118,274,3517,175,16589,6850,3539
196026673338,111,4067,58,2775,6851,3539
196026683958,35,3228,45,2094,6851,3540
196026695282,250,3135,93,7089,6852,3540
196026706426,23,4632,51,1900,6852,3541
196026717412,151,3234,182,15047,6853,3541
196026728435,227,3531,100,7762,6854,3541
196026740003,130,4205,63,2014,6855,3541
196026751118,28,3175,52,1806,6855,3542
196026762177,329,3264,167,15149,6856,3542
196026773206,123,4252,129,8160,6857,3542
196026784423,20,3612,43,1911,6857,3543
196026795495,140,3543,150,12314,6858,3543
196026806608,164,4317,95,7051,6859,3543
196026817630,30,2738,43,1829,6859,3544
196026828815,195,4286,171,15141,6860,3544
196026839957,139,4885,101,7787,6861,3544
196026850926,24,3324,47,1905,6861,3545
196026861977,146,3656,50,2198,6862,3545
196026873339,175,4455,61,2888,6863,3545
196026884298,30,3288,30,748,6863,3546
196026895327,168,4174,39,702,6864,3546
196026906470,177,4442,333,33548,6865,3546
196026917855,19,2804,73,3614,6865,3547
196026928877,110,4315,106,2280,6866,3547
196026939654,27,5124,52,1836,6866,3548
196026950893,227,4125,92,6936,6867,3548
196026961946,216,2969,183,14452,6868,3548
196026973050,193,4433,106,7151,6869,3548
196026984011,20,2789,42,1915,6869,3549
196026995439,239,4396,60,2280,6870,3549
196027006539,269,5004,159,14838,6871,3549
196027017321,20,3699,44,2116,6871,3550
196027028395,257,3565,59,2428,6872,3550
196027040029,146,4930,53,2228,6873,3550
196027051045,21,3609,45,1962,6873,3551
196027061735,224,3602,89,6587,6874,3551
196027073310,22,5525,42,953,6874,3552
196027084485,242,3127,66,4125,6875,3552
196027095419,115,2950,334,33213,6876,3552
196027106308,25,4785,66,3586,6876,3553
196027117322,111,3095,211,8421,6877,3553
196027128717,254,2886,149,14155,6878,3553
196027139909,134,4973,100,7641,6879,3553
196027150571,33,2822,43,1818,6879,3554
196027162089,124,3010,155,14734,6880,3554
196027173144,155,4659,58,2493,6881,3554
196027184459,20,2794,43,1998,6881,3555
196027195557,208,2849,100,7295,6882,3555
196027206615,124,4841,167,15290,6883,3555
196027217410,21,3254,44,2076,6883,3556
196027228791,208,3060,98,7760,6884,3556
196027239974,120,4462,57,2121,6885,3556
196027251022,26,3313,51,1786,6885,3557
196027262178,384,3631,460,15135,6886,3557
196027273354,165,5310,65,2492,6887,3557
196027284246,21,2992,44,1941,6887,3558
196027295260,146,3308,49,1847,6888,3558
196027306457,170,4348,42,736,6889,3558
196027317389,20,2663,33,719,6889,3559
196027328440,480,4153,367,35531,6890,3559
196027339798,21,2909,70,3762,6890,3560
196027351011,208,2883,179,15577,6891,3560
196027361910,141,3269,110,7180,6892,3560
196027372936,63,4663,54,2012,6892,3561
196027383960,127,3095,155,14563,6893,3561
196027395269,169,3325,103,7823,6894,3561
196027406353,48,4966,67,1832,6894,3562
196027417532,183,3071,173,14279,6895,3562
196027428587,177,3159,363,32815,6896,3562
196027439605,25,5163,74,3851,6896,3563
196027451140,203,3598,101,7776,6897,3563
196027462217,352,3461,337,15491,6898,3563
196027473381,160,4257,118,7898,6899,3563
196027484455,28,3572,49,1835,6899,3564
196027495460,170,3357,92,4737,6900,3564
196027506534,24,4476,44,909,6900,3565
196027517561,139,2833,80,864,6901,3565
196027528641,295,3880,360,35958,6902,3565
196027539923,184,5502,183,16678,6903,3565
196027550955,22,3263,53,2508,6903,3566
196027561885,134,3475,51,2474,6904,3566
196027572928,45,5173,53,1944,6904,3567
196027584086,183,3289,113,7145,6905,3567
196027595133,225,3859,51,2127,6906,3567
196027606278,46,4834,50,1784,6906,3568
196027617341,139,3017,48,2086,6907,3568
196027628849,235,3677,158,14348,6908,3568
196027639529,27,5439,57,1968,6908,3569
196027650757,122,2987,97,7731,6909,3569
196027661997,260,3137,168,15018,6910,3569
196027672941,22,4991,123,2389,6910,3570
196027684057,126,3096,54,2584,6911,3570
196027695171,123,3376,118,7426,6912,3570
196027706265,21,4653,46,1839,6912,3571
196027717279,282,3326,173,15408,6913,3571
196027728491,137,3579,98,7644,6914,3571
196027739547,51,5505,68,2033,6914,3572
196027750598,235,3645,194,2338,6915,3572
196027762161,163,3350,56,3169,6916,3572
196027772823,53,4873,176,1924,6916,3573
196027784350,250,3317,158,14551,6917,3573
196027795404,236,3181,49,1380,6918,3573
196027806480,219,4363,39,790,6919,3573
196027817509,20,3172,36,781,6919,3574
196027828566,1138,3233,339,35476,6920,3574
196027839729,27,4695,73,3772,6920,3575
196027850947,509,3086,169,15773,6921,3575
196027861872,225,3543,109,7248,6922,3575
196027872983,30,4950,62,2067,6922,3576
196027884378,389,3406,164,14717,6923,3576
196027895458,126,5054,109,8016,6924,3576
196027906603,23,5415,54,1968,6924,3577
196027917696,119,2957,168,14994,6925,3577
196027928783,160,2682,64,2641,6926,3577
196027939822,35,4469,65,2024,6926,3578
196027950817,130,15152,187,7235,6927,3578
196027977592,179,4117,89,2333,6928,3578
196027988724,28,3013,62,1988,6928,3579
196027999834,210,3916,61,2279,6929,3579
196028010939,127,4081,272,15302,6930,3579
196028022107,20,2856,64,2141,6930,3580
196028033246,172,2993,69,2479,6931,3580
196028044231,165,3406,49,1541,6932,3580
196028055255,49,3100,38,956,6932,3581
196028066326,155,3914,223,18260,6933,3581
196028077524,338,3194,90,5492,6934,3581
196028088558,20,2841,37,873,6934,3582
196028099721,4106,2995,326,33392,6935,3582
196028110785,152,3108,116,9925,6936,3582
196028122157,22,2836,64,2292,6936,3583
196028133196,311,3266,148,14141,6937,3583
196028144183,112,3469,124,7872,6938,3583
196028155257,22,2982,41,1844,6938,3584
196028166388,324,3330,83,6337,6939,3584
196028177498,125,3236,347,34641,6940,3584
196028188487,21,2889,65,3714,6940,3585
196028199683,276,3564,95,7379,6941,3585
196028211151,133,4150,157,14707,6942,3585
196028221779,19,3213,49,2146,6942,3586
196028232910,438,2952,40,1418,6943,3586
196028244416,158,3021,348,35974,6944,3586
196028255280,23,2768,65,3788,6944,3587
196028266410,273,2830,158,15592,6945,3587
196028277364,119,2866,62,2631,6946,3587
196028288741,21,5652,52,1972,6946,3588
196028299663,179,3321,44,1563,6947,3588
196028310632,111,3447,37,1064,6948,3588
196028321880,25,3051,47,709,6948,3589
196028333123,148,3274,336,35770,6949,3589
196028344182,167,3289,186,17283,6950,3589
196028355248,26,2799,57,2501,6950,3590
196028372083,331,5104,110,8469,6951,3590
196028389002,198,5094,160,14353,6952,3590
