start_us,capture_us,encode_us,submit_us,payload_bytes,desktop_updates,cached_frames
196044919082,1413,8550,210,8645,1,0
196044930527,230,4053,361,28809,2,0
196044941473,190,3215,140,11960,3,0
196044952516,24,3491,85,5129,3,1
196044963519,495,4838,390,43196,4,1
196044975004,400,3828,122,9750,5,1
196044985959,60,4547,102,7665,5,2
196044996951,176,3458,75,4806,6,2
196045008128,126,3130,170,15401,7,2
196045019229,128,3899,65,3118,7,3
196045030701,130,3110,111,9480,8,3
196045041742,737,3328,176,15837,9,3
196045052978,22,3117,60,3195,9,4
196045063518,1064,4889,403,44324,10,4
196045075086,330,3651,165,14568,11,4
196045087391,515,2842,112,8342,11,5
196045097140,514,3614,162,10262,12,5
196045108255,170,3970,65,3257,13,5
196045119428,68,4440,71,2718,13,6
196045130475,272,4249,174,15183,14,6
196045141589,392,3674,116,8795,15,6
196045152624,21,3020,59,2603,15,7
196045164002,125,3313,204,15682,16,7
196045175137,411,3099,49,1460,17,7
196045185825,24,2956,41,666,17,8
196045196930,701,3671,35,657,18,8
196045208366,190,4087,326,32106,19,8
196045220305,406,3346,68,3570,19,9
196045230737,708,3382,118,8192,20,9
196045243053,688,3970,61,2323,21,9
196045253182,572,3362,66,1941,21,10
196045263877,496,3933,606,13956,22,10
196045275014,607,3482,124,8512,23,10
196045285986,361,3995,62,1788,23,11
196045297606,231,3315,168,14830,24,11
196045308126,411,4800,67,2335,25,11
196045319304,24,3090,53,1940,25,12
196045330259,321,4207,54,2077,26,12
196045341351,149,2769,107,7582,27,12
196045352557,143,2826,56,1845,27,13
196045363498,127,2621,50,2179,28,13
196045375004,124,2619,156,14332,29,13
196045386148,129,2819,59,2050,29,14
196045396916,160,2667,99,7935,30,14
196045408211,111,2655,169,14930,31,14
196045419522,116,2715,62,2193,31,15
196045430449,117,2649,39,1786,32,15
196045441526,104,2643,36,1105,33,15
196045452568,183,2717,55,686,33,16
196045502581,331,2730,57,683,34,16
196045516901,356,2830,588,34993,35,16
196045528090,190,3837,240,10039,36,16
196045539147,36,4738,79,2326,36,17
196045550690,186,4112,221,13494,37,17
196045561322,131,4068,138,7302,38,17
196045572498,133,4135,295,14517,39,17
196045583971,26,2879,53,2069,39,18
196045594764,183,3695,101,7799,40,18
196045605797,129,4546,53,2070,41,18
196045616859,28,3479,48,1831,41,19
196045628263,240,3472,160,14486,42,19
196045644992,179,3086,103,7079,43,19
196045650591,192,3205,39,930,43,20
196045664016,5185,3055,92,5855,44,20
196045673335,251,4369,337,33595,45,20
196045683713,20,3522,66,3759,45,21
196045695178,115,4011,92,7612,46,21
196045706007,241,4984,164,14843,47,21
196045717023,221,3837,81,2208,47,22
196045728440,189,3511,102,7862,48,22
196045739465,126,5091,67,2214,49,22
196045750653,212,3411,50,1990,49,23
196045762761,213,4188,169,14612,50,23
196045773102,138,4127,115,8959,51,23
196045785274,267,3074,81,1896,51,24
196045794537,232,3911,172,15194,52,24
196045806132,164,4110,107,7461,53,24
196045817236,131,3062,51,1852,53,25
196045828226,204,3714,163,15330,54,25
196045839319,242,4436,118,7941,55,25
196045850394,228,3853,62,1868,55,26
196045861827,139,3806,61,2169,56,26
196045872769,135,5008,178,15014,57,26
196045884018,184,3958,55,2240,57,27
196045894861,161,3221,51,1565,58,27
196045906114,112,3929,32,775,59,27
196045916908,300,2994,41,773,59,28
196045928298,152,3051,7186,33571,60,28
196045939984,160,3191,116,8988,61,28
196045952061,207,2871,92,2315,61,29
196045961593,158,3342,160,14796,62,29
196045972777,138,4444,118,7758,63,29
196045983444,337,3455,71,2104,63,30
196045994937,164,3113,66,2521,64,30
196046006057,261,3874,176,14525,65,30
196046016874,168,2951,68,2213,65,31
196046028205,232,3053,113,8533,66,31
196046039468,357,3792,8306,14953,67,31
196046053303,169,3670,72,2241,67,32
196046064832,531,3473,124,8243,68,32
196046073930,402,3630,191,15346,69,32
196046083954,333,4037,71,2223,69,33
196046094560,227,4659,117,7888,70,33
196046106145,804,3466,69,2189,71,33
196046117394,143,3011,58,1931,71,34
196046127985,284,3034,169,14575,72,34
196046139919,143,3584,69,1682,73,34
196046150720,243,3076,47,740,73,35
196046161613,174,3408,54,740,74,35
196046172817,140,5095,379,33339,75,35
196046188626,158,4567,134,3716,75,36
196046195317,24,2797,65,2201,75,37
196046205799,185,4602,53,1382,76,37
196046217317,156,3706,52,710,76,38
196046227934,176,4100,75,703,77,38
196046239514,262,4294,358,34699,78,38
196046250800,143,3124,80,3709,78,39
196046261394,250,3250,233,14842,79,39
196046272682,214,5424,65,2306,79,40
196046284012,23,3000,59,2147,79,41
196046294774,2865,3055,71,3231,80,41
196046306727,200,3080,67,2248,81,41
196046316918,219,3924,64,2075,81,42
196046328830,173,3237,128,7085,82,42
196046339216,251,4760,70,2149,83,42
196046351001,169,4139,70,1841,83,43
196046361313,130,3271,60,2118,84,43
196046372606,154,3979,173,14381,85,43
196046384874,195,2793,63,2147,85,44
196046394722,180,3482,125,8090,86,44
196046406000,141,4321,166,15032,87,44
196046417199,222,3618,55,2147,87,45
196046428261,156,3334,54,2518,88,45
196046439264,135,4315,95,7261,89,45
196046450754,107,3214,51,1836,89,46
196046461279,362,3219,73,4307,90,46
196046472581,298,4949,36,818,91,46
196046483877,150,4808,115,766,91,47
196046494679,304,3543,355,34979,92,47
196046505946,383,4753,191,16251,93,47
196046517220,301,3851,116,2536,93,48
196046528332,149,3469,119,8428,94,48
196046539384,270,4404,183,15042,95,48
196046555521,288,4332,66,2019,95,49
196046561575,21,2730,46,1961,95,50
196046572602,176,4427,106,8012,96,50
196046583616,25,3099,43,1826,96,51
196046594728,130,2950,47,2231,97,51
196046606167,119,4142,53,1899,98,51
196046617152,26,2942,45,1714,98,52
196046628227,250,2969,154,14321,99,52
196046639273,126,3802,98,7649,100,52
196046650364,35,2845,48,2008,100,53
196046661572,183,3116,156,14756,101,53
196046673480,202,3061,181,2555,102,53
196046683940,25,3153,53,2074,102,54
196046694977,125,4200,115,7354,103,54
196046705918,170,4147,175,15371,104,54
196046716975,24,2643,50,2345,104,55
196046728082,205,2916,114,7922,105,55
196046739136,298,4059,77,4445,106,55
196046750383,20,3278,32,849,106,56
196046761429,153,4132,38,779,107,56
196046772570,180,4507,333,34895,108,56
196046783523,20,2694,59,3737,108,57
196046794721,133,3670,344,15139,109,57
196046806322,249,3387,58,2420,110,57
196046817392,20,2875,60,1915,110,58
196046828139,124,3153,113,6960,111,58
196046839193,826,4939,53,1995,112,58
196046850210,20,3119,45,1728,112,59
196046861826,192,3577,47,2012,113,59
196046872965,197,3307,158,14235,114,59
196046883790,21,2738,44,2131,114,60
196046894926,126,3440,103,7916,115,60
196046906316,293,3833,165,15025,116,60
196046917134,23,2767,45,2232,116,61
196046928283,255,2985,59,2445,117,61
196046939376,160,3645,102,7282,118,61
196046950832,22,3046,47,1922,118,62
196046961266,117,3150,161,15295,119,62
196046973283,187,3095,47,1264,120,62
196046983976,20,2739,29,694,120,63
196046995360,483,3103,345,34883,121,63
196047005817,241,3802,182,16261,122,63
196047017425,32,2982,55,2517,122,64
196047027902,155,3196,47,1556,123,64
196047039243,226,5402,328,30896,124,64
196047051153,22,3830,67,3699,124,65
196047061688,181,3150,55,2647,125,65
196047072656,139,4531,104,7159,126,65
196047083852,20,3153,61,1926,126,66
196047095271,216,3840,194,15123,127,66
196047105714,23,4756,52,2254,127,67
196047117213,158,3418,107,8518,128,67
196047128291,178,4053,170,14647,129,67
196047139296,183,5629,106,7881,130,67
196047150359,23,4210,53,1865,130,68
196047161549,193,3566,182,15055,131,68
196047172785,185,4482,61,2541,132,68
196047183961,22,3285,44,1943,132,69
196047195021,289,3669,99,7186,133,69
196047206171,335,4881,171,15307,134,69
196047216904,22,3149,48,2178,134,70
196047228468,355,3218,42,1312,135,70
196047239524,5745,3127,38,700,136,70
196047250495,19,3295,30,700,136,71
196047261561,285,3647,39,700,137,71
196047272653,194,5159,362,34771,138,71
196047283675,23,3213,63,3681,138,72
196047294702,182,4764,171,15175,139,72
196047305697,22,6105,53,2171,139,73
196047317255,199,3373,55,2337,140,73
196047328388,114,3324,98,7060,141,73
196047339515,196,4212,182,15112,142,73
196047350566,51,3671,59,2127,142,74
196047361563,137,3153,116,8513,143,74
196047372532,119,4044,167,14676,144,74
196047383591,20,3227,50,2163,144,75
196047394666,439,3675,112,7932,145,75
196047405928,310,4006,168,15007,146,75
196047417005,24,3134,110,2297,146,76
196047428102,333,3121,58,2563,147,76
196047439095,136,4311,102,7464,148,76
196047450390,19,3282,44,1825,148,77
196047461480,193,4736,181,15412,149,77
196047472723,150,4495,113,7886,150,77
196047483811,28,3318,52,1994,150,78
196047494557,228,2974,57,2321,151,78
196047505896,222,4636,167,14591,152,78
196047517008,28,3772,53,2154,152,79
196047528068,304,3935,45,1417,153,79
196047539299,160,6584,43,672,154,79
196047550258,20,3299,35,671,154,80
196047561514,286,3650,350,33402,155,80
196047572720,127,4900,121,8928,156,80
196047584063,122,3575,61,2407,156,81
196047594891,242,3884,164,14705,157,81
196047606053,148,4017,112,7091,158,81
196047618199,123,3414,48,2156,158,82
196047628242,383,3958,168,14467,159,82
196047639398,4254,3347,114,7898,160,82
196047650758,117,2934,50,1995,160,83
196047661608,126,3425,152,14703,161,83
196047672572,154,4576,69,2444,162,83
196047683834,130,4037,57,1959,162,84
196047694819,185,3284,107,7244,163,84
196047705973,108,3959,157,15124,164,84
196047716766,115,2944,50,2257,164,85
196047728201,188,3046,98,7952,165,85
196047739467,119,3964,76,4595,166,85
196047750616,98,2973,37,776,166,86
196047762183,247,3187,53,745,167,86
196047772846,120,4093,74,4976,168,86
196047783875,193,3067,49,683,168,87
196047794905,133,3534,348,42736,169,87
196047806132,163,3931,80,5021,170,87
196047816968,176,3369,58,2612,170,88
196047828245,428,3218,94,7334,171,88
196047839486,209,3797,52,2409,172,88
196047850689,494,4306,74,2096,172,89
196047862961,143,3443,65,2418,173,89
196047872815,119,5497,170,14489,174,89
196047884897,274,3443,61,2198,174,90
196047895063,110,3217,116,8085,175,90
196047906270,176,4859,621,14508,176,90
196047917746,298,3232,58,1780,176,91
196047928334,227,3136,219,21540,177,91
196047939162,127,4202,102,6857,178,91
196047950646,307,3304,56,1726,178,92
196047961629,138,3213,169,15010,179,92
196047972630,253,3806,108,7319,180,92
196047983897,363,3271,49,1424,180,93
196047995064,141,3426,83,4832,181,93
196048006318,166,5476,58,827,182,93
196048017434,231,3633,44,769,182,94
196048028096,235,3776,387,34823,183,94
196048039743,230,4362,192,16643,184,94
196048050574,295,3707,63,2593,184,95
196048061826,431,3635,61,2527,185,95
196048072595,152,5161,108,7122,186,95
196048083480,321,3841,52,1917,186,96
196048094896,129,3088,49,2363,187,96
196048105939,195,4152,52,1971,188,96
196048117311,197,3188,66,1786,188,97
196048128309,272,3044,165,14370,189,97
196048139347,191,5247,134,7642,190,97
196048150626,123,3497,45,1845,190,98
196048161492,223,3619,222,14678,191,98
196048172571,158,4694,78,2531,192,98
196048183573,23,3546,49,2037,192,99
196048194692,128,3982,99,7324,193,99
196048205880,217,4406,171,15360,194,99
196048217141,26,3118,49,2206,194,100
196048228285,142,4108,109,7918,195,100
196048239185,114,4473,56,2164,196,100
196048250202,21,2615,44,1865,196,101
196048261252,163,3142,163,14572,197,101
196048272707,191,5467,53,1652,198,101
196048283854,34,2505,35,713,198,102
196048294915,182,2703,49,713,199,102
196048305962,141,3721,355,33512,200,102
196048316851,29,2551,66,3670,200,103
196048328040,169,2678,105,7550,201,103
196048339338,186,3607,176,14817,202,103
196048350943,124,2649,48,1999,202,104
196048361620,137,2658,99,8266,203,104
196048372719,130,3553,159,14481,204,104
196048383765,116,2634,54,2255,204,105
196048394868,191,2685,13028,8113,205,105
196048411408,30,2613,49,1967,205,106
196048422107,224,2645,70,1911,206,106
196048428210,15,2573,65,1909,206,107
196048438985,179,4075,110,4698,207,107
196048450212,34,3367,60,1815,207,108
196048461324,162,3850,262,15317,208,108
196048472489,110,4584,154,7774,209,108
196048484178,135,3983,67,1927,209,109
196048494893,160,2806,63,2225,210,109
196048507845,271,3379,74,3082,211,109
196048517318,291,4309,48,853,211,110
196048528321,122,2903,337,34816,212,110
196048539394,603,4148,185,16738,213,110
196048550520,56,2868,53,2642,213,111
196048561545,230,3756,58,2495,214,111
196048572590,106,3835,59,2159,215,111
196048583807,29,2956,53,1990,215,112
196048594914,134,4219,106,7895,216,112
196048605926,226,4715,75,2014,217,112
196048617050,25,3037,47,1812,217,113
196048628345,130,3385,181,14460,218,113
196048639331,109,3833,120,7883,219,113
196048650547,135,3829,51,2017,219,114
196048661607,202,3518,192,14960,220,114
196048672692,123,3859,58,2589,221,114
196048683587,120,3773,57,2041,221,115
196048694942,136,3102,49,1333,222,115
196048706021,115,3721,298,31954,223,115
196048717253,187,2999,66,3519,223,116
196048728406,120,2842,105,7959,224,116
196048739409,111,3853,53,2298,225,116
196048750708,21,3031,50,1924,225,117
196048761678,140,3699,145,13690,226,117
196048772861,227,4576,111,8505,227,117
196048783476,21,2604,43,1745,227,118
196048794599,120,3548,155,14655,228,118
196048805847,27,3162,60,1962,228,119
196048816945,280,3871,45,1687,229,119
196048828086,427,3291,343,32310,230,119
196048839450,293,3808,116,9588,231,119
196048850350,20,2999,43,2154,231,120
196048861419,241,3626,53,2229,232,120
196048872555,120,4815,154,14081,233,120
196048883884,21,3011,55,2031,233,121
196048895287,1135,3044,111,7826,234,121
196048906068,135,4527,205,14756,235,121
196048916878,23,3717,46,1971,235,122
196048928113,125,3904,56,1814,236,122
196048939136,6374,2942,46,781,237,122
196048950216,21,3852,33,781,237,123
196048961713,221,3486,323,32395,238,123
196048972851,280,4376,124,9641,239,123
196048983846,22,3001,51,2344,239,124
196048994865,123,3055,54,2443,240,124
196049005976,21,4667,60,1790,240,125
196049017092,274,3149,155,14019,241,125
196049028092,176,2711,109,8511,242,125
196049039338,106,3983,165,14961,243,125
196049050378,21,3684,47,2109,243,126
196049061396,122,3042,52,2349,244,126
196049072437,162,4187,80,2057,245,126
196049083920,20,3871,47,1922,245,127
196049095245,275,4372,98,7787,246,127
196049105646,144,5312,62,2084,247,127
196049116842,28,2943,63,1840,247,128
196049128224,158,3351,163,14439,248,128
196049139346,126,4234,107,7907,249,128
196049150358,24,2899,62,1945,249,129
196049161371,133,3849,140,12357,250,129
196049172524,186,4586,379,32682,251,129
196049183576,28,3235,70,3687,251,130
196049194623,168,3594,98,7382,252,130
196049205682,197,4605,83,5207,253,130
196049217260,21,3561,35,856,253,131
196049228066,302,3992,368,35036,254,131
196049239472,196,4364,72,4077,255,131
196049250480,21,3428,47,2136,255,132
196049261466,368,3742,164,14498,256,132
196049272529,1277,3140,119,8798,257,132
196049283642,25,3236,51,1897,257,133
196049295036,211,3082,155,14767,258,133
196049305871,148,3826,66,2461,259,133
196049316824,31,2774,53,1957,259,134
196049328347,130,3181,103,7186,260,134
196049339468,165,3555,52,2150,261,134
196049350236,19,3129,46,1850,261,135
196049361318,127,3462,47,2149,262,135
196049372345,172,4461,164,14494,263,135
196049383857,22,3178,47,2151,263,136
196049395045,332,3563,120,8015,264,136
196049406123,143,5460,177,15260,265,136
196049417591,98,3556,53,2256,265,137
196049428341,217,3368,59,2512,266,137
196049439373,308,5218,99,7333,267,137
196049450383,19,2755,43,1877,267,138
196049461407,230,2971,162,15256,268,138
196049472554,348,5228,113,7388,269,138
196049483590,30,3249,51,1415,269,139
196049494658,133,3423,76,4827,270,139
196049505893,304,4531,384,35224,271,139
196049516914,28,3163,67,3731,271,140
196049527914,216,3751,112,8408,272,140
196049539457,141,4262,188,13910,273,140
196049550488,21,2977,47,2201,273,141
196049561563,116,2922,52,2351,274,141
196049572602,104,4710,58,1446,275,141
196049583629,20,2947,30,628,275,142
196049594646,109,2911,38,629,276,142
196049606043,116,3897,363,34566,277,142
196049617127,23,3461,62,3824,277,143
196049628372,166,2634,155,13645,278,143
196049639056,146,3950,100,7689,279,143
196049650281,26,3220,44,1837,279,144
196049661385,272,3261,153,14391,280,144
196049672362,112,4270,64,2561,281,144
196049683890,29,3190,47,1950,281,145
196049694923,240,4063,104,7107,282,145
196049706062,357,4311,255,15080,283,145
196049716950,22,3062,46,1995,283,146
196049728179,220,3540,103,7776,284,146
196049739174,141,4062,50,2225,285,146
196049750452,104,2885,42,1768,285,147
196049761679,367,3516,160,14438,286,147
196049772826,227,4212,109,3131,287,147
196049783859,371,3275,56,1912,287,148
196049796582,5581,2983,60,2042,288,148
196049806632,384,4346,52,1293,289,148
196049817381,356,3705,83,648,289,149
196049828093,271,4028,346,34642,290,149
196049839301,186,5875,201,17157,291,149
196049851124,172,3585,66,2463,291,150
196049861191,217,3451,126,8348,292,150
196049877470,4919,3310,178,14611,293,150
196049897240,381,3779,112,7880,294,150
196049908957,136,4817,174,15075,295,150
196049919505,118,2875,82,2289,295,151
196049930284,205,2838,63,2579,296,151
196049941372,264,4264,104,7232,297,151
196049952906,28,3753,58,1790,297,152
196049963610,195,3907,167,15253,298,152
196049974937,289,3219,117,7635,299,152
196049986091,24,3979,55,2034,299,153
196049997233,276,3493,97,2355,300,153
196050008211,366,3935,182,14632,301,153
196050019223,26,3233,57,2055,301,154
196050030325,234,3883,65,2929,302,154
196050041819,275,3854,52,2144,303,154
196050052881,314,3402,58,1952,303,155
196050064093,432,3777,39,1326,304,155
196050075157,168,3711,43,674,305,155
196050086325,311,3589,74,674,305,156
196050097149,271,4671,386,32169,306,156
196050109218,135,3054,126,9340,307,156
196050119280,110,3092,58,2245,307,157
196050130501,298,3081,156,12930,308,157
196050141524,325,3138,103,7626,309,157
196050152971,208,3617,94,1922,309,158
196050163914,232,4559,168,14454,310,158
196050174935,369,3243,60,2210,311,158
196050186192,179,3520,54,1778,311,159
196050197322,197,4171,110,6948,312,159
196050208402,258,3383,167,15004,313,159
196050219480,205,3176,61,2090,313,160
196050230817,286,3463,117,7864,314,160
196050241491,350,3670,63,1906,315,160
196050252612,173,3691,64,1709,315,161
196050263790,247,4688,165,14550,316,161
196050275179,235,4214,68,3038,317,161
196050286304,157,3207,66,1982,317,162
196050297288,121,2640,46,2222,318,162
196050307977,537,3708,89,6719,319,162
196050319264,152,3456,75,1372,319,163
196050330310,263,3984,82,4584,320,163
196050342030,144,4084,351,32194,321,163
196050353062,91,4266,71,3512,321,164
196050363533,103,3372,108,8011,322,164
196050375510,169,3643,170,13487,323,164
196050386401,127,3827,65,2053,323,165
196050397446,129,2882,125,7716,324,165
196050408158,196,4032,162,14775,325,165
196050419300,174,3551,63,2169,325,166
196050430746,325,3327,53,2483,326,166
196050441702,253,2977,102,7197,327,166
196050452714,205,3042,49,1784,327,167
196050463831,165,3111,160,15099,328,167
196050474925,296,3195,102,7319,329,167
196050486198,171,3291,46,2000,329,168
196050497292,358,4139,48,2221,330,168
196050508263,242,3222,162,14526,331,168
196050519434,26,3977,55,2061,331,169
196050539380,196,4931,86,4429,332,169
196050555837,295,3919,92,6860,333,169
196050566996,21,3377,43,1981,333,170
196050578111,386,3150,323,14326,334,170
196050589185,127,4538,39,1099,335,170
196050600511,21,3092,36,702,335,171
196050611746,185,3589,35,702,336,171
196050622893,205,5372,348,34983,337,171
196050633860,23,2943,64,3689,337,172
196050644916,184,3713,59,2777,338,172
196050655729,124,5414,166,14949,339,172
196050666856,21,3353,43,2138,339,173
196050678183,196,4562,57,2310,340,173
196050689665,147,3614,104,6999,341,173
196050700215,188,3616,52,1740,341,174
196050711550,373,3359,179,14948,342,174
196050722557,1117,3837,103,7519,343,174
196050733595,121,3072,56,1973,343,175
196050744559,179,3510,50,2374,344,175
196050756173,219,5874,167,14505,345,175
196050767763,199,3395,57,2065,345,176
196050778182,128,3073,114,8492,346,176
196050789327,170,3771,148,13156,347,176
196050800394,127,3516,55,2052,347,177
196050811372,215,3147,103,7173,348,177
196050822424,576,4411,83,5099,349,177
196050833617,210,3996,40,825,349,178
196050844837,199,3865,346,32384,350,178
196050856322,162,3401,118,9437,351,178
196050866882,150,3211,53,2169,351,179
196050878448,250,3058,153,13120,352,179
196050889132,134,4515,97,7482,353,179
196050900941,355,3187,49,1940,353,180
196050911241,252,2998,162,14273,354,180
196050922571,144,4412,61,2445,355,180
196050933646,22,3338,43,1917,355,181
196050944656,594,3861,97,7171,356,181
196050956000,344,4778,163,14464,357,181
196050966917,20,3583,34,1016,357,182
196050977998,228,5130,362,37277,358,182
196050989080,126,5446,77,3814,359,182
196051000527,201,4627,57,2220,359,183
196051011742,279,4433,165,14644,360,183
196051022452,171,4788,90,1670,361,183
196051033544,374,3301,45,674,361,184
196051044645,238,3242,361,33351,362,184
196051055951,192,4781,119,8689,363,184
196051066848,133,4466,151,2175,363,185
196051077999,113,3181,72,4255,364,185
196051089161,126,4626,327,32086,365,185
196051100298,23,2868,63,3514,365,186
196051111415,133,3515,100,8068,366,186
196051122775,197,3898,149,13566,367,186
196051134293,22,3037,46,1973,367,187
196051145177,135,4098,108,7667,368,187
196051172246,307,4262,169,12877,369,187
196051188265,28,5447,53,1824,369,188
196051199300,194,2993,94,7002,370,188
196051210557,187,3771,161,15012,371,188
196051221546,30,5137,58,2049,371,189
196051232646,228,3271,97,7545,372,189
196051243991,305,3472,44,2093,373,189
196051255034,24,5368,98,1845,373,190
196051266023,168,3901,203,14273,374,190
196051277208,175,4798,108,8959,375,190
196051288171,22,6310,49,1808,375,191
196051299191,272,3948,138,12418,376,191
196051310646,145,3398,96,7090,377,191
196051321649,25,5824,55,1923,377,192
196051332655,130,2653,159,15043,378,192
196051343681,298,3412,103,7522,379,192
196051354760,22,5564,56,1386,379,193
196051366041,157,3416,82,4920,380,193
196051377285,334,3270,32,868,381,193
196051388339,23,6354,47,828,381,194
196051399558,217,3538,346,35160,382,194
196051410450,118,3089,172,16647,383,194
196051421560,121,5160,68,2586,383,195
196051432437,292,4106,74,2522,384,195
196051444113,406,3698,115,7050,385,195
196051455148,258,5812,91,1854,385,196
196051466529,21,3609,53,1836,385,197
196051477504,413,4092,58,2293,386,197
196051488120,242,6740,68,1769,386,198
196051499760,23,3230,57,1769,386,199
196051510413,214,3671,196,13327,387,199
196051521402,120,5479,59,1841,387,200
196051532545,119,2933,104,8143,388,200
196051543582,137,2681,160,14586,389,200
196051554670,128,4773,55,2218,389,201
196051572300,131,3853,75,2773,390,201
196051577501,20,2510,45,1909,390,202
196051588026,24,2618,55,1909,390,203
196051599158,172,2681,109,7866,391,203
196051610543,178,2688,53,1935,392,203
196051621895,49,4441,49,1745,392,204
196051633067,123,2655,144,14156,393,204
196051643703,136,2685,58,1679,394,204
196051656231,218,3342,320,32952,395,204
196051666187,20,2518,64,3589,395,205
196051677307,182,2635,52,2317,396,205
196051688099,31,2583,69,1889,396,206
196051699185,43376,2630,382,7153,397,206
196051758300,177,2702,95,5371,398,206
196051767980,28,6993,40,941,398,207
196051779076,133,2672,39,896,399,207
196051791299,245,4117,523,33488,400,207
196051800893,19,3264,89,3710,400,208
196051812001,156,3956,138,7634,401,208
196051823155,115,3785,239,14740,402,208
196051834325,23,2883,50,2057,402,209
196051845486,123,2838,51,1321,403,209
196051856630,437,4810,348,34966,404,209
196051867667,27,2641,66,3906,404,210
196051878658,230,3989,163,13857,405,210
196051889689,24,5432,82,2143,405,211
196051901226,193,3832,104,7733,406,211
196051912025,177,3406,158,14767,407,211
196051923099,116,3453,54,2274,408,211
196051934419,20,3058,43,1870,408,212
196051945545,368,4421,106,7014,409,212
196051956827,250,3433,164,15118,410,212
196051967849,24,3780,51,2271,410,213
196051978875,302,3374,99,8123,411,213
196051989735,179,3785,52,2325,412,213
196052000993,22,2979,45,1864,412,214
196052013213,392,3588,192,14316,413,214
196052023506,409,3560,266,27519,414,214
196052034529,26,2905,84,1816,414,215
196052053577,227,2960,283,12190,415,215
196052068230,304,3913,114,7231,416,215
196052079570,144,3310,77,5580,417,215
196052090349,245,3432,61,3625,418,215
196052101828,27,2901,105,737,418,216
196052112639,188,3866,58,2917,419,216
196052123583,126,3032,335,34543,420,216
196052134725,22,3707,68,3743,420,217
196052146192,148,3409,68,3175,421,217
196052157334,371,2856,169,15159,422,217
196052168424,26,2999,54,2085,422,218
196052179454,207,3308,49,2225,423,218
196052190215,133,3080,97,6994,424,218
196052201920,24,3257,51,1796,424,219
196052212766,175,3465,168,14978,425,219
196052223885,306,3795,113,8655,426,219
196052235009,21,2831,57,1980,426,220
196052246009,193,3928,65,3095,427,220
196052257062,341,3833,165,14605,428,220
196052268197,26,3153,55,2163,428,221
196052279338,219,4335,128,8684,429,221
196052290406,253,3259,139,13158,430,221
196052301495,21,3004,45,2116,430,222
196052312928,124,4523,93,7174,431,222
196052324468,162,3287,175,15513,432,222
196052335047,28,3179,119,2490,432,223
196052345874,177,8168,92,2451,433,223
196052357238,155,3787,355,34892,434,223
196052368231,24,2804,64,3959,434,224
196052379268,162,3450,149,13732,435,224
196052390392,144,3223,104,7775,436,224
196052401344,21,2960,62,1951,436,225
196052412503,271,3001,232,14976,437,225
196052423566,307,3019,70,2966,438,225
196052434656,22,2785,47,1931,438,226
196052446199,373,3074,123,7089,439,226
196052456879,185,4107,168,15038,440,226
196052468714,22,2749,54,2306,440,227
196052479367,34,4727,60,2204,440,228
196052490500,361,3967,115,8769,441,228
196052502161,26,3570,59,1869,441,229
196052512899,317,3635,194,15215,442,229
196052523989,179,4019,112,8514,443,229
196052534642,23,2741,46,2228,443,230
196052546146,320,3458,198,12566,444,230
196052556940,190,3384,94,7477,445,230
196052568428,26,3338,62,2090,445,231
196052579299,422,3026,72,4944,446,231
196052590409,316,4772,335,32195,447,231
196052601797,26,2843,154,3631,447,232
196052612620,263,3285,108,8580,448,232
196052623649,142,3895,157,13574,449,232
196052635069,24,3117,51,2118,449,233
196052646166,133,3028,112,8330,450,233
196052657488,170,3041,181,15126,451,233
196052668004,28,2797,62,2381,451,234
196052679031,133,3060,57,2829,452,234
196052691949,180,2870,106,7192,453,234
196052701574,24,3325,50,1953,453,235
196052713013,250,3143,166,15692,454,235
196052723848,430,3103,103,7765,455,235
196052734785,21,3222,53,2015,455,236
196052746897,306,3107,48,2277,456,236
196052756940,243,4266,156,14784,457,236
196052768110,30,3633,65,2277,457,237
196052779379,462,4551,130,9589,458,237
196052790679,405,3326,186,13954,459,237
196052801714,32,3682,53,2284,459,238
196052812786,331,4245,49,1505,460,238
196052823822,312,3712,359,34524,461,238
196052835980,598,3755,92,3932,461,239
196052846450,293,3372,127,2746,462,239
196052857099,304,3649,53,1972,463,239
196052868695,112,2682,58,1873,463,240
196052879189,128,3202,152,13873,464,240
196052890458,364,4746,100,7637,465,240
196052901706,379,4516,59,2075,465,241
196052912840,317,3632,205,14651,466,241
196052923787,194,3537,63,2652,467,241
196052934729,237,3236,46,2095,467,242
196052946686,1239,3222,101,7220,468,242
196052957052,240,3699,189,17197,469,242
196052967997,362,3367,63,2233,469,243
196052979570,262,3243,106,8599,470,243
196052990505,161,2986,60,2439,471,243
196053003008,130,3246,55,1992,471,244
196053012704,209,2945,202,14703,472,244
196053023887,442,3130,106,8782,473,244
196053034990,24,2732,60,2193,473,245
196053046284,180,3130,104,7318,474,245
196053056755,351,3141,49,1075,475,245
196053068293,27,2768,42,871,475,246
196053079435,146,3114,392,35234,476,246
196053090189,125,3654,324,17405,477,246
196053101599,32,2666,61,2712,477,247
196053112652,222,3040,124,8629,478,247
196053123665,359,3098,178,14760,479,247
196053134798,62,3234,48,2145,479,248
196053145914,270,3436,145,9436,480,248
196053157351,150,2934,169,15653,481,248
196053168485,23,3186,66,2404,481,249
196053179458,135,2879,63,2678,482,249
196053190934,122,3563,100,7651,483,249
196053201458,122,3345,55,2006,483,250
196053212564,122,2896,225,15566,484,250
196053223930,221,2918,95,7997,485,250
196053235255,195,3006,63,2209,485,251
196053246144,163,3770,56,3126,486,251
196053256962,250,3722,167,14789,487,251
196053268588,253,3172,102,2597,487,252
196053279273,158,3663,118,8938,488,252
196053290598,317,2585,157,13166,489,252
196053302312,293,2893,68,2418,489,253
196053312751,278,3557,111,7394,490,253
196053324025,206,2990,102,5170,491,253
196053334972,211,4088,53,1110,491,254
196053346183,181,4378,69,2110,492,254
196053356974,147,4058,368,36628,493,254
196053368262,23,3686,258,4226,493,255
196053379365,370,3431,166,14115,494,255
196053390445,418,3324,107,7924,495,255
196053401720,96,2746,60,2106,495,256
196053412740,444,3597,160,14745,496,256
196053424012,166,2884,66,2600,497,256
196053439115,255,4543,117,7597,498,256
196053445769,185,3004,43,2028,498,257
196053456999,213,2945,306,31853,499,257
196053468099,23,2804,103,5974,499,258
196053479253,225,3502,106,8046,500,258
196053490247,137,3248,69,2258,501,258
196053501831,30,4107,65,2022,501,259
196053512840,202,3186,254,24454,502,259
196053523774,440,3855,125,9330,503,259
196053534918,28,3289,56,2301,503,260
196053546120,301,3851,142,12634,504,260
196053557835,362,3802,103,7486,505,260
196053568341,21,3680,62,2156,505,261
196053579242,227,3667,154,14732,506,261
196053590372,408,4292,50,1403,507,261
196053601345,21,3213,33,991,507,262
196053612543,384,3443,345,34570,508,262
196053623583,204,3726,169,15621,509,262
196053634682,22,2625,53,2483,509,263
196053645730,171,3053,97,7793,510,263
196053657296,192,4869,166,14833,511,263
196053668362,22,3162,59,2199,511,264
196053679433,3313,3270,53,2439,512,264
196053690752,130,4290,104,7217,513,264
196053701448,20,3771,48,2135,513,265
196053712460,375,3488,353,24547,514,265
196053723652,171,3336,105,8238,515,265
196053734863,28,3544,56,2122,515,266
196053746123,140,3472,135,11962,516,266
196053757124,366,4351,220,15387,517,266
196053768202,29,4099,94,2186,517,267
196053779364,349,3606,128,8663,518,267
196053790402,122,3384,161,15173,519,267
196053801793,22,2944,50,2468,519,268
196053812474,309,3619,171,8450,520,268
196053823599,387,4695,168,15523,521,268
196053838882,259,4205,114,7839,522,268
196053845778,19,3081,44,2067,522,269
196053857231,320,4285,133,11328,523,269
196053868130,48,3228,68,1835,523,270
196053879212,379,3345,162,14775,524,270
196053890347,287,4155,52,1710,525,270
196053901442,127,3080,41,1077,525,271
196053912600,350,3432,313,32963,526,271
196053923653,339,4091,73,3924,527,271
196053934726,20,3129,50,2339,527,272
196053946148,240,3973,102,7325,528,272
196053972389,301,4017,77,2465,529,272
196053988437,232,5013,73,2116,529,273
196053999396,27,2907,52,2079,529,274
196054010537,166,3840,154,13742,530,274
196054021608,24,6150,54,2113,530,275
196054032566,292,3699,106,8253,531,275
196054043929,115,3572,158,14662,532,275
196054054971,22,5660,61,2480,532,276
196054066135,244,3475,104,8418,533,276
196054077165,191,4359,167,15510,534,276
196054087995,21,5396,53,2410,534,277
196054099318,268,3255,107,8079,535,277
196054110169,118,3017,49,2201,536,277
196054121232,37,5173,51,1980,536,278
196054132754,3633,3667,166,14816,537,278
196054143810,101,2891,45,1975,538,278
196054154962,23,5194,45,959,538,279
196054165600,331,2967,32,957,539,279
196054188891,161,4792,367,34771,540,279
196054205192,163,6232,70,4085,540,280
196054216365,21,3135,52,2417,540,281
196054227519,260,3707,172,12441,541,281
196054238474,33,5761,80,2651,541,282
196054250124,375,4405,198,14571,542,282
196054260621,352,4170,381,35889,543,282
196054272413,141,4795,140,11091,544,282
196054283040,243,3738,61,2473,544,283
196054293983,164,4388,94,6022,545,283
196054305329,135,3419,51,1138,546,283
196054316168,169,3118,67,1045,546,284
196054327783,179,3740,392,35036,547,284
196054338647,241,4673,82,4142,547,285
196054349601,18,3018,60,2469,547,286
196054372235,143,4183,177,14243,548,286
196054388021,167,5158,59,2234,548,287
196054398911,152,3040,182,17400,549,287
196054411031,260,4056,170,15900,550,287
196054421451,155,5751,55,2279,550,288
196054432497,215,3335,53,2520,551,288
196054443471,119,3323,98,7339,552,288
196054454467,21,2896,50,2012,552,289
196054465964,176,3758,185,15425,553,289
196054477011,153,3655,101,7895,554,289
196054488267,121,5822,53,2108,554,290
196054499701,20,2898,66,2105,554,291
196054510122,277,4086,324,22083,555,291
196054521137,23,5604,81,3902,555,292
196054538993,184,5756,65,1829,556,292
196054556369,233,5013,362,42824,557,292
196054572679,411,3561,50,1955,558,292
196054580096,355,3166,47,1113,558,293
196054590765,591,3850,371,32211,559,293
196054601319,424,3510,140,3733,559,294
196054612286,224,3851,134,11240,560,294
196054622876,121,3592,375,35665,561,294
196054634392,384,3323,66,3895,561,295
196054655706,248,4457,80,3401,562,295
196054672042,227,4781,101,2666,563,295
196054683306,124,3073,52,1951,563,296
196054693859,198,3173,96,7180,564,296
196054705013,28,5406,60,2129,564,297
196054716415,239,3125,166,14106,565,297
196054740223,208,3890,180,7196,566,297
196054756016,127,3751,168,14431,567,297
196054766873,187,3731,107,2300,567,298
196054778130,348,3055,53,1886,568,298
196054789400,190,4601,47,1398,569,298
196054800440,24,3928,39,945,569,299
196054811304,238,4408,339,33608,570,299
196054839064,152,4048,90,4452,571,299
196054854534,133,5843,63,2411,571,300
196054866093,463,4102,101,7991,572,300
196054877053,333,3339,156,13596,573,300
196054888140,25,5071,53,2172,573,301
196054899311,529,4080,104,7922,574,301
196054910407,165,4094,166,15116,575,301
196054922551,366,5019,71,2597,576,301
196054932584,22,3598,46,2149,576,302
196054943844,178,3043,104,7516,577,302
196054955032,23,4915,60,1992,577,303
196054965649,297,3110,175,15228,578,303
196054977012,405,3740,105,7783,579,303
196054988523,28,6579,53,2189,579,304
196054999609,197,4605,61,2484,580,304
196055022308,439,4320,208,14337,581,304
196055038280,24,6306,52,2166,581,305
196055050106,252,4078,79,2376,582,305
196055060900,249,3873,55,1525,583,305
196055071942,371,5381,42,909,584,305
196055083260,121,3691,41,911,584,306
196055106112,191,4204,365,35039,585,306
196055122090,118,4522,173,15628,586,306
196055133168,16,3567,72,2662,586,307
196055144460,110,3853,100,8030,587,307
196055155471,250,4593,372,14915,588,307
196055166683,161,3317,117,2317,588,308
196055177423,295,3695,64,2473,589,308
196055189019,240,4035,117,7215,590,308
196055206207,323,4392,185,15442,591,308
196055222264,121,4104,100,7831,592,308
196055233374,169,3630,55,2117,592,309
196055244624,121,3464,50,2342,593,309
196055255880,113,3550,187,14734,594,309
196055267290,186,3443,75,2371,594,310
196055278047,468,4533,121,8965,595,310
196055292811,560,3176,195,13244,596,310
196055305552,213,4362,116,7500,597,310
196055311452,23,3220,47,2198,597,311
196055322497,322,4489,172,15692,598,311
196055333307,20,3243,54,2361,598,312
196055344785,212,3193,44,1555,599,312
196055356066,221,4391,39,968,600,312
196055367185,209,3820,41,966,600,313
196055388849,215,4307,346,34994,601,313
196055404706,157,4947,73,3916,601,314
196055415734,239,2976,170,15373,602,314
196055427571,198,3293,62,2631,603,314
196055438415,130,5268,50,2132,603,315
196055449327,20,3187,46,2087,603,316
196055460379,306,3834,48,2223,604,316
196055471812,192,4756,103,7622,605,316
196055488745,131,4280,67,2484,606,316
196055493944,343,3115,52,2169,606,317
196055505060,23,5092,61,2128,606,318
196055516082,296,3261,168,14474,607,318
196055527124,146,3522,113,8754,608,318
196055538219,29,5156,45,2045,608,319
196055549023,149,3039,161,15129,609,319
196055560513,302,3021,100,7938,610,319
196055571315,378,5314,59,2079,610,320
196055589291,188,4121,88,4584,611,320
196055605090,331,4880,43,1135,611,321
196055616452,26,2823,43,1084,611,322
196055627329,307,3330,3365,45062,612,322
196055638175,398,4966,88,5711,612,323
196055649600,22,3119,58,2813,612,324
196055660460,279,4054,212,21710,613,324
196055672333,110,4111,77,3318,614,324
196055682623,230,4149,58,2335,614,325
196055694036,405,3429,174,16411,615,325
196055705169,24,5295,61,3048,615,326
196055716146,205,3709,180,14640,616,326
196055727636,201,3462,238,18297,617,326
196055738059,271,6587,72,2936,617,327
196055750124,156,3454,61,2653,618,327
196055760870,295,4036,168,14860,619,327
196055772511,129,4174,121,8868,620,327
196055782931,19,3173,51,2380,620,328
196055794033,281,3155,347,25145,621,328
196055805268,169,5523,69,3377,622,328
196055816807,194,3330,68,2381,622,329
196055827479,152,3588,214,18886,623,329
196055838632,214,5648,182,16469,624,329
196055855547,180,4639,121,7872,625,329
196055872108,182,6065,241,23425,626,329
196055882691,20,3762,65,3947,626,330
196055894170,264,4194,107,8380,627,330
196055905113,24,6280,79,2395,627,331
196055916203,256,3237,257,15453,628,331
196055927287,124,3022,144,13081,629,331
196055938510,159,4733,96,7960,630,331
196055949258,97,3014,51,2023,630,332
196055972008,163,4756,174,12051,631,332
196055988525,241,5974,147,12174,632,332
196055999902,77,3176,61,2743,632,333
196056010599,399,4006,159,14727,633,333
196056021582,27,5809,68,2379,633,334
196056032652,341,3459,202,18530,634,334
196056044231,148,3567,248,16062,635,334
196056055544,161,4512,72,3098,636,334
196056066314,21,3076,49,2416,636,335
196056077437,223,3232,179,16705,637,335
196056088336,19,5188,58,2899,637,336
196056099568,214,3425,69,2695,638,336
196056110688,294,3603,212,12497,639,336
196056121737,120,5707,64,2720,639,337
196056132883,22,3578,47,2089,639,338
196056143897,322,4092,57,2722,640,338
196056155677,161,4820,173,15136,641,338
196056166291,21,3402,44,2252,641,339
196056177286,190,3224,138,12336,642,339
196056188558,220,4575,49,2139,643,339
196056199488,22,3268,40,990,643,340
196056210637,257,3583,45,960,644,340
196056221817,151,5253,56,953,644,341
196056233042,20,3102,42,950,644,342
196056244378,160,3780,411,44906,645,342
196056255687,243,4607,209,17726,646,342
196056269409,28,2926,58,3181,646,343
196056277577,231,3975,195,18625,647,343
196056288531,189,4565,77,4677,648,343
196056299523,175,3254,35,1074,648,344
196056310561,211,4355,341,34069,649,344
196056321743,414,6413,91,4023,649,345
196056339379,1465,2966,203,17921,650,345
196056355160,247,4447,64,3095,650,346
196056366635,22,3113,47,2061,650,347
196056377761,118,3565,224,21477,651,347
196056388770,133,4737,182,12241,652,347
196056399423,21,3246,49,1674,652,348
196056410831,242,4204,339,33587,653,348
196056421909,282,4927,76,3854,653,349
196056433003,23,3190,50,2431,653,350
196056455635,266,4357,77,2805,654,350
196056471461,139,5609,64,2047,654,351
196056482784,30,3027,67,2010,654,352
196056493624,168,2719,49,1592,655,352
196056505074,381,5572,369,35470,656,352
196056516129,34,2826,73,3922,656,353
196056527150,251,3675,121,8869,657,353
196056538740,138,5849,188,14070,658,353
196056549370,21,3024,53,2398,658,354
196056560375,177,3418,144,12468,659,354
196056572209,454,5733,150,8164,660,354
196056583091,25,2750,46,2233,660,355
196056594132,328,3420,245,24468,661,355
196056604811,211,6055,60,3008,661,356
196056618420,3016,5691,121,8566,662,356
196056655693,217,5902,203,15148,663,356
196056673325,173,3164,145,12458,664,356
196056684492,23,3106,71,2804,664,357
196056695568,192,3247,181,16739,665,357
196056706777,272,3519,197,16136,666,357
196056722413,146,4114,117,7957,667,357
196056728725,22,3712,55,2152,667,358
196056740154,137,4198,146,12109,668,358
196056751213,24,2599,55,2828,668,359
196056761829,179,2680,170,15030,669,359
196056773372,169,2786,217,19663,670,359
196056784206,34,2596,71,2931,670,360
196056795403,140,2733,161,12717,671,360
196056816529,30,4600,91,2341,671,361
196056839041,274,4158,181,8386,672,361
196056854949,181,4859,80,2091,672,362
196056866026,23,3150,72,2068,672,363
196056877169,146,3970,246,14046,673,363
196056888257,169,4696,67,2326,673,364
196056905418,168,4269,74,2610,674,364
196056910607,25,2897,42,2250,674,365
196056921809,176,4581,143,12267,675,365
196056932366,19,3095,52,2869,675,366
196056944075,246,3989,87,6726,676,366
196056954776,201,5849,64,1078,676,367
196056966192,27,3065,41,1062,676,368
196056977248,362,3611,155,13967,677,368
196056988712,2946,4109,370,36113,678,368
196056999811,128,4256,73,3977,678,369
196057010616,139,3102,254,24022,679,369
196057021820,137,2844,272,27788,680,369
196057032901,119,3241,53,2027,680,370
196057045783,271,3651,166,14907,681,370
196057055845,122,4328,184,16826,682,370
196057066073,431,4325,61,2583,682,371
196057076827,298,3108,171,15280,683,371
196057088477,107,6824,80,2062,683,372
196057099935,114,3222,101,7793,684,372
196057110433,226,3721,53,2198,685,372
196057121371,218,5062,58,1869,685,373
196057132835,403,4220,155,14064,686,373
196057143961,213,4220,51,1688,687,373
196057154916,129,5270,47,941,687,374
196057166201,16,3486,41,943,687,375
196057177339,254,3634,314,33801,688,375
196057188030,234,5823,83,3999,688,376
196057200354,336,3882,106,7946,689,376
196057210597,176,4057,167,15044,690,376
196057221716,149,3515,104,7821,691,376
196057233136,111,3863,44,2236,691,377
196057243824,134,3066,63,2693,692,377
196057254900,174,5690,75,2300,692,378
196057269248,28,3524,61,2277,692,379
196057277382,194,3291,68,3667,693,379
196057288101,118,5945,59,2032,693,380
196057302337,27,3299,57,2013,693,381
196057310870,404,3396,91,6325,694,381
196057322213,254,5168,383,32756,695,381
196057332753,106,3032,66,3789,695,382
196057343900,132,2688,52,1529,696,382
196057355311,124,4173,98,5147,697,382
196057366081,135,2914,59,878,697,383
196057377240,199,2951,356,42957,698,383
196057388331,23,4506,85,5036,698,384
196057399371,132,2855,48,1750,699,384
196057410679,318,3188,36,915,700,384
196057421536,23,5035,45,915,700,385
196057432743,120,3200,343,34018,701,385
196057443758,122,3293,123,9405,702,385
196057454790,26,5136,60,2588,702,386
196057466116,225,2899,159,14920,703,386
196057477212,161,3093,98,7515,704,386
196057488243,24,4682,92,2161,704,387
196057499281,255,3051,56,2547,705,387
196057510321,383,3298,169,14433,706,387
196057521769,23,4813,63,2352,706,388
196057532462,239,3111,44,1798,707,388
196057543625,163,4246,324,33390,708,388
196057554781,21,4864,68,3816,708,389
196057566225,195,2964,102,8635,709,389
196057577090,272,3036,171,15299,710,389
196057588107,20,4815,64,2371,710,390
196057599185,141,3503,97,7898,711,390
196057610678,178,3893,85,5004,712,390
196057621730,23,4609,42,971,712,391
196057632739,277,4054,331,35496,713,391
196057643687,120,3714,77,4639,714,391
196057654903,21,5280,57,2407,714,392
196057666151,245,3814,168,15064,715,392
196057677176,174,3149,53,2598,716,392
196057688243,21,4991,53,2110,716,393
196057699322,131,3770,104,7452,717,393
196057710445,158,3941,170,15305,718,393
196057721566,29,5495,57,2362,718,394
196057732592,191,3291,106,8194,719,394
196057744092,190,3668,71,1923,720,394
196057755374,149,4123,429,33639,721,394
196057766321,36,3286,56,2612,721,395
196057777343,128,3369,119,8874,722,395
196057788376,21,5154,56,2107,722,396
196057799250,145,4040,146,12401,723,396
196057810768,127,3077,105,7523,724,396
196057821809,28,4771,49,2007,724,397
196057832748,116,2967,160,15355,725,397
196057843779,154,2978,117,7266,726,397
196057855103,24,4477,53,1147,726,398
196057866240,172,2662,83,4533,727,398
196057877255,131,2686,392,35649,728,398
196057889239,22471,2725,119,4554,729,398
196057925547,175,2737,227,13716,730,398
196057937231,29,3505,72,2306,730,399
196057948301,134,3849,141,7517,731,399
196057959459,160,4395,276,15580,732,399
196057970529,24,5612,72,2537,732,400
196057981353,202,3060,177,8101,733,400
196057992423,378,3356,66,2438,734,400
196058004139,30,3095,63,2051,734,401
196058014728,368,3245,170,14883,735,401
196058025819,30,4701,56,2408,735,402
196058037248,129,3341,45,1672,736,402
196058048321,205,4184,371,34059,737,402
196058059166,147,3372,48,1407,738,402
196058070496,23,2994,43,910,738,403
196058081448,305,4087,361,35184,739,403
196058092451,158,3482,191,17393,740,403
196058104738,65,5581,59,2746,740,404
196058114534,168,3392,113,7896,741,404
196058126018,238,3626,174,14036,742,404
196058137217,23,3022,56,2420,742,405
196058148190,242,3393,106,8303,743,405
196058159209,154,3153,162,15015,744,405
196058170564,21,2813,57,2588,744,406
196058181568,376,3105,54,2810,745,406
196058192284,426,3725,106,7799,746,406
196058203515,22,2747,49,2190,746,407
196058214930,153,3168,170,15572,747,407
196058225678,273,3192,110,8007,748,407
196058237117,94,2849,56,2042,748,408
196058248214,180,3139,45,2284,749,408
196058259287,264,3034,169,14864,750,408
196058270411,22,2907,60,2531,750,409
196058281386,154,3812,161,9110,751,409
196058292604,203,3191,153,13648,752,409
196058303840,21,5577,58,2497,752,410
196058314919,378,3419,96,7546,753,410
196058326217,335,3348,78,5348,754,410
196058337150,22,2817,44,1046,754,411
196058348122,142,3393,304,32905,755,411
196058359217,338,3214,117,9707,756,411
196058370228,21,2781,58,2443,756,412
196058381235,246,3077,162,13292,757,412
196058392292,139,3034,144,7851,758,412
196058403553,26,3086,55,2163,758,413
196058414611,203,3209,171,14661,759,413
196058425924,296,3110,68,2547,760,413
196058437269,31,3242,61,2133,760,414
196058448218,240,3262,102,7522,761,414
196058459348,120,3076,175,15370,762,414
196058470114,26,3087,65,2408,762,415
196058481647,262,2890,103,8147,763,415
196058492758,484,3469,56,2231,764,415
196058503779,23,2879,57,1988,764,416
196058514792,337,3312,174,14774,765,416
196058525735,175,3359,116,8780,766,416
196058536730,31,3060,62,2204,766,417
196058548282,312,3445,140,12489,767,417
196058559403,428,3557,107,7625,768,417
196058570314,60,3229,52,2075,768,418
196058581342,155,2980,164,15542,769,418
196058592485,400,4248,108,7774,770,418
196058603423,25,2927,58,1587,770,419
196058614747,148,2673,84,5061,771,419
196058625876,128,2716,335,35485,772,419
196058636902,42,2680,82,3975,772,420
196058648134,152,2647,60,3067,773,420
196058659210,118,20449,585,15291,774,420
196058691392,314,4118,150,7400,775,420
196058702515,26,3637,62,2018,775,421
196058713627,136,4206,261,15293,776,421
196058724849,139,4037,136,7620,777,421
196058735441,24,2601,61,2105,777,422
196058746593,171,2799,90,2458,778,422
196058757740,505,3355,179,14747,779,422
196058768799,28,3340,67,2396,779,423
196058779860,169,3351,113,9095,780,423
196058791271,356,3494,162,13061,781,423
196058802380,25,3013,60,2323,781,424
196058813226,169,3923,184,17648,782,424
196058824612,254,4357,80,5407,783,424
196058835550,22,2896,45,1094,783,425
196058846798,177,3197,35,1013,784,425
196058858127,123,3100,611,35866,785,425
196058869214,26,2959,68,4169,785,426
196058880077,205,3782,153,14062,786,426
196058891006,152,3532,103,7844,787,426
196058902533,24,3674,54,2168,787,427
196058913535,138,3113,192,14589,788,427
196058924348,134,2912,56,2702,789,427
196058935844,25,2889,74,2120,789,428
196058946888,158,3506,96,7620,790,428
196058957644,115,3069,204,15370,791,428
196058968978,25,3806,58,2384,791,429
196058979948,146,3646,102,7990,792,429
196058991024,142,3476,57,2326,793,429
196059002422,25,3499,55,1936,793,430
196059013495,235,3811,162,14683,794,430
196059025019,120,3647,115,8821,795,430
196059035485,25,2889,52,2136,795,431
196059046608,185,3658,170,12530,796,431
196059057610,138,3824,47,1597,797,431
196059068716,44,2877,35,890,797,432
196059080290,120,3092,38,885,798,432
196059091331,103,3558,326,32896,799,432
196059102489,21,3409,103,3784,799,433
196059113516,195,3101,100,8238,800,433
196059124742,123,3754,180,13782,801,433
196059135789,22,3410,50,2256,801,434
196059146806,244,3048,114,7988,802,434
196059157743,294,3236,181,15008,803,434
196059168763,34,2860,55,2223,803,435
196059179971,127,2753,58,2546,804,435
196059190996,116,3101,98,7325,805,435
196059202188,23,3114,54,2154,805,436
196059213208,430,3235,67,4436,806,436
196059224345,257,3177,58,984,807,436
196059235454,22,4300,40,963,807,437
196059246967,293,3804,34,946,808,437
196059257780,347,4226,385,35847,809,437
196059268961,418,3392,78,3986,809,438
196059279867,281,3380,122,9853,810,438
196059291436,291,3405,149,14071,811,438
196059302483,118,3630,62,2308,811,439
196059313622,209,4225,59,2472,812,439
196059324361,804,4489,105,7419,813,439
196059336528,168,3077,58,1980,813,440
196059346751,4274,3170,67,2371,814,440
196059358988,163,3757,59,2115,815,440
196059368796,583,3747,63,1926,815,441
196059379927,192,3576,161,14444,816,441
196059391212,435,3491,111,7911,817,441
196059402281,107,3458,56,1842,817,442
196059414126,332,2974,245,24545,818,442
196059424302,574,3060,78,3248,819,442
196059435565,282,3713,66,2533,819,443
196059446558,173,3743,55,1446,820,443
196059457819,191,3553,316,33082,821,443
196059469258,32,3969,75,3697,821,444
196059480279,312,3415,58,1559,822,444
196059491311,198,4028,46,873,823,444
196059502374,25,2978,46,869,823,445
196059513411,327,3698,341,35938,824,445
196059524717,136,3087,125,10028,825,445
196059535670,22,3787,60,2482,825,446
196059546795,263,3400,153,13651,826,446
196059558125,290,3455,57,2554,827,446
196059569259,213,3625,73,2036,827,447
196059580421,191,4109,159,7309,828,447
196059591014,206,3303,61,2302,829,447
196059602514,117,3497,55,1997,829,448
196059613427,106,2656,50,2293,830,448
196059624920,124,2633,156,14406,831,448
196059635890,174,2737,66,2138,831,449
196059646899,144,2648,102,7956,832,449
196059657877,125,43215,243,14503,833,449
196059716637,223,2799,118,2614,834,449
196059725982,153,4438,196,7473,835,449
196059735681,139,3996,83,2121,835,450
196059746265,132,4021,92,2479,836,450
196059757472,159,4060,251,14350,837,450
196059768100,171,2790,89,2258,837,451
196059779306,219,3621,95,1661,838,451
196059790738,382,3679,249,24089,839,451
196059801297,119,2641,70,3240,839,452
196059813438,118,3517,65,1419,840,452
196059823796,362,3096,357,35443,841,452
196059834634,251,2935,72,4029,841,453
196059845871,430,3015,173,15654,842,453
196059856816,238,3064,97,7652,843,453
196059868333,108,2831,43,2026,843,454
196059879370,112,2868,203,13348,844,454
196059890542,364,3101,95,7730,845,454
196059901830,262,3089,46,1987,845,455
196059913143,172,2970,157,14483,846,455
196059923665,526,3014,67,2597,847,455
196059935147,276,3069,70,2163,847,456
196059945988,348,3161,98,7384,848,456
196059957308,235,3407,224,15419,849,456
196059967986,142,3257,69,2372,849,457
196059979369,127,3419,105,8170,850,457
196059990422,168,3753,57,2231,851,457
196060001791,109,3019,62,1942,851,458
196060012897,149,4115,153,14333,852,458
196060023602,188,3153,55,1635,853,458
196060034654,27,2903,35,883,853,459
196060046236,164,4387,37,884,854,459
196060057228,121,3105,343,34276,855,459
196060068282,21,3557,69,3916,855,460
196060079110,115,3645,98,7627,856,460
196060090647,173,3658,161,14978,857,460
196060101696,29,3191,53,2319,857,461
196060112714,251,3201,150,7898,858,461
196060123886,215,4245,163,14187,859,461
196060135131,27,3057,55,2285,859,462
196060146233,154,3987,102,8236,860,462
196060157406,177,3003,166,14953,861,462
196060168401,96,3672,53,2492,861,463
196060179006,134,3005,60,2780,862,463
196060190363,118,3082,97,6565,863,463
196060203558,498,3597,61,973,863,464
196060213036,320,3183,474,43863,864,464
196060223901,316,3193,140,10997,865,464
196060235021,130,3166,60,3006,865,465
196060246148,118,2950,54,2876,866,465
196060256889,512,3326,188,15484,867,465
196060268482,357,3611,59,2757,867,466
196060279460,342,2971,58,2309,868,466
196060290437,339,3402,42,1373,869,466
196060301694,273,3300,42,939,869,467
196060312756,108,4077,43,940,870,467
196060324123,116,3700,49,939,871,467
196060334985,181,3298,48,940,871,468
196060346043,117,3139,314,33106,872,468
196060357105,244,2926,112,9689,873,468
196060368189,99,3086,51,2408,873,469
196060379048,208,3650,144,13238,874,469
196060390408,123,3170,126,7838,875,469
196060401388,42,3131,42,2149,875,470
196060412739,1115,3148,167,14754,876,470
196060424055,178,2892,61,2493,877,470
196060434714,170,4334,49,2052,877,471
196060446179,121,3193,134,7309,878,471
196060457156,120,3355,170,15269,879,471
196060468280,106,3812,56,2417,879,472
196060479477,114,3426,105,8134,880,472
196060490569,134,3706,48,2161,881,472
196060501873,107,3253,51,1929,881,473
196060512663,222,2999,164,14650,882,473
196060523713,177,2929,61,3341,883,473
196060535016,22,2998,49,2212,883,474
196060545736,254,3080,49,2048,884,474
196060556856,131,2843,71,967,885,474
196060568439,22,3029,41,963,885,475
196060579993,219,4273,346,35568,886,475
196060592439,376,3938,201,17343,887,475
196060602131,194,3504,73,2736,887,476
196060612503,109,2693,110,8041,888,476
196060623815,417,2824,166,14279,889,476
196060634823,276,3258,60,2321,889,477
196060645696,128,2678,111,8113,890,477
196060656845,139,2676,172,15178,891,477
196060668375,27,2535,62,2299,891,478
196060679503,185,2621,66,2583,892,478
196060690629,115,3043,103,7372,893,478
196060701463,23,2555,51,2301,893,479
196060712492,113,2692,162,15482,894,479
196060723569,213,46248,124,7875,895,479
196060781389,226,2633,121,5174,896,479
196060792556,165,3991,65,1232,897,479
196060803925,166,5952,47,944,897,480
196060815162,111,4184,538,34415,898,480
196060825604,108,4048,183,9187,899,480
196060836998,167,2726,89,2542,899,481
196060848116,205,3839,161,14883,900,481
196060859113,297,3400,111,7844,901,481
196060870155,115,3061,49,2167,901,482
196060881198,117,3641,148,13588,902,482
196060892962,126,3113,107,7934,903,482
196060903920,21,2852,49,1983,903,483
196060914649,120,3483,158,14955,904,483
196060925693,126,3863,56,2715,905,483
196060936867,21,3008,52,2107,905,484
196060948365,211,3826,98,7345,906,484
196060959461,141,3296,193,15393,907,484
196060970521,23,3118,61,2317,907,485
196060981608,171,3128,93,7367,908,485
196060992724,337,3484,70,4592,909,485
196061004432,115,6214,60,1074,909,486
196061015152,21,4029,48,1038,909,487
196061025786,333,3489,369,35673,910,487
196061036919,164,3464,76,3972,910,488
196061048394,188,3643,228,15371,911,488
196061059115,195,3406,60,2674,912,488
196061070347,236,2972,58,2105,912,489
196061081294,298,3766,95,7186,913,489
196061092732,115,4177,53,1637,914,489
196061103670,26,2877,38,943,914,490
196061114980,233,3419,303,32187,915,490
196061125936,112,3795,174,16245,916,490
196061137132,19,2896,54,2839,916,491
196061148213,220,3952,50,1921,917,491
196061159352,178,3742,336,33484,918,491
196061170403,294,5635,73,3758,918,492
196061183388,495,3651,68,2469,919,492
196061193651,123,3421,102,7374,920,492
196061203812,140,2951,61,2176,920,493
196061214821,248,3419,154,14794,921,493
196061225980,123,3324,94,7733,922,493
196061236866,188,3114,46,2085,922,494
196061247984,161,3366,47,2472,923,494
196061259743,149,3677,159,14584,924,494
196061270402,123,2984,60,2325,924,495
196061281522,226,3105,147,9078,925,495
196061292435,176,3258,187,13360,926,495
196061303944,134,5076,55,2220,926,496
196061314628,147,3410,94,7333,927,496
196061326244,167,3241,158,15091,928,496
196061337145,175,5372,48,1515,928,497
196061348392,194,5118,172,1348,929,497
196061359756,153,3515,411,36135,930,497
196061370774,177,6021,85,4116,930,498
196061381393,156,3523,61,2645,931,498
196061392750,599,3232,61,2601,932,498
196061403883,159,6410,65,2017,932,499
196061414917,199,3387,163,14985,933,499
196061426056,174,3026,60,2614,934,499
196061437278,224,5712,56,1995,934,500
196061448037,124,3704,141,7184,935,500
196061459070,114,3245,173,15333,936,500
196061470243,115,3242,64,2499,936,501
196061481703,1210,3083,126,8354,937,501
196061492723,348,3156,67,2360,938,501
196061503612,780,5279,69,2109,938,502
196061515118,133,2938,167,15010,939,502
196061525959,130,2935,64,2584,940,502
196061536864,99,3039,47,1697,940,503
196061548079,105,2841,56,2352,941,503
196061559211,151,2744,345,34442,942,503
196061570266,275,5928,70,3931,942,504
196061581787,647,3065,134,7675,943,504
196061592791,172,3072,194,15067,944,504
196061603841,223,5841,65,2344,944,505
196061615006,234,3638,115,8726,945,505
196061626066,144,3483,175,14665,946,505
196061637033,24,2911,55,2363,946,506
196061648101,195,3496,107,8166,947,506
196061659157,193,3713,181,15474,948,506
196061670541,202,5298,56,2393,948,507
196061682097,206,3818,58,2777,949,507
196061692652,1132,3472,104,7441,950,507
196061703795,103,7008,63,1966,950,508
196061714720,321,3127,164,15316,951,508
196061725845,373,3407,41,1499,952,508
196061736802,97,3019,47,966,952,509
196061748493,500,3089,41,966,953,509
196061759579,217,5317,491,36033,954,509
196061770621,434,5422,80,3955,954,510
196061781662,122,3825,117,9150,955,510
196061792935,205,3482,161,13987,956,510
196061803466,183,3064,64,2381,956,511
196061814996,258,4166,55,2551,957,511
196061825734,106,2719,98,7374,958,511
196061836810,21,2870,51,2155,958,512
196061847880,116,3271,52,2583,959,512
196061859083,120,3707,50,2267,960,512
196061870174,27,3007,58,2064,960,513
196061881474,125,3220,164,14664,961,513
196061892640,204,2838,105,7924,962,513
196061903529,21,2777,50,2183,962,514
196061914931,115,3074,153,14858,963,514
196061925921,108,3196,55,2820,964,514
196061937038,97,3278,52,2279,964,515
196061948102,111,3192,95,7535,965,515
196061959135,115,2845,168,15523,966,515
196061970367,23,2569,54,2308,966,516
196061981466,225,3184,96,8117,967,516
196061992599,183,3182,51,2348,968,516
196062003605,20,3130,54,2089,968,517
196062015042,321,3173,157,14856,969,517
196062025892,596,3149,74,2107,970,517
196062036875,21,2955,48,1290,970,518
196062048172,135,3468,458,31757,971,518
196062058975,121,2823,75,4257,972,518
196062070441,23,3308,59,2671,972,519
196062081541,189,4130,97,7579,973,519
196062092528,424,4232,256,24595,974,519
196062103849,23,3063,105,3111,974,520
196062114953,327,3315,108,8584,975,520
196062126187,352,3619,155,14651,976,520
196062136917,347,3313,67,2680,976,521
196062148013,142,3675,148,8377,977,521
196062159227,115,3902,174,15415,978,521
196062170101,303,3360,66,2636,978,522
196062181710,434,4639,57,2849,979,522
196062192874,152,3502,108,7661,980,522
196062203820,326,6399,64,2277,980,523
196062215202,168,3361,178,15726,981,523
196062225745,157,4307,152,8397,982,523
196062237140,112,5480,68,2281,982,524
196062250084,279,3974,75,2293,983,524
196062260147,289,3232,201,14665,984,524
196062270419,341,5480,64,1979,984,525
196062282189,404,3164,61,2179,985,525
196062292684,2319,4130,337,33195,986,525
196062304045,238,6325,129,3777,986,526
196062315084,166,3565,63,2447,987,526
196062325933,240,4172,108,7353,988,526
196062336834,293,3136,80,1976,988,527
196062348070,216,4862,159,14795,989,527
196062359117,218,4406,107,7271,990,527
196062370741,119,6961,71,2208,990,528
196062381975,202,3680,167,14642,991,528
196062392612,426,3124,112,8075,992,528
196062403674,107,3132,52,2019,992,529
196062414743,170,3057,157,14872,993,529
196062425828,228,3562,54,2614,994,529
196062437158,245,5268,51,2149,994,530
196062450035,118,3185,105,7471,995,530
196062459141,300,3038,192,15378,996,530
196062470181,267,3246,65,2429,996,531
196062481264,340,3030,106,8262,997,531
196062492462,272,4334,70,2466,998,531
196062504912,252,5972,82,2041,998,532
196062515014,26,3850,73,2041,998,533
196062530391,163,4004,64,3272,999,533
196062537778,111,4674,62,2105,999,534
196062548256,104,2890,171,15182,1000,534
196062559452,200,3749,56,2800,1001,534
196062570391,110,2893,59,2231,1001,535
196062581526,403,3081,97,7641,1002,535
196062592519,320,3453,172,15576,1003,535
196062603533,52,2915,53,2387,1003,536
196062614875,310,3323,107,8767,1004,536
196062625968,186,3430,161,14887,1005,536
196062637032,23,3035,63,2450,1005,537
196062648296,318,3243,112,8285,1006,537
196062659434,281,4380,176,15369,1007,537
196062670582,330,6240,72,2544,1007,538
196062681922,184,3858,65,2775,1008,538
196062692608,136,4243,106,7679,1009,538
196062703751,148,3219,61,2065,1009,539
196062714842,205,4198,208,15402,1010,539
196062726579,247,3415,312,27398,1011,539
196062737074,205,3061,61,2133,1011,540
196062748275,106,2950,58,2379,1012,540
196062759347,273,3234,163,14491,1013,540
196062770277,118,3083,55,2359,1013,541
196062781622,157,2950,109,8724,1014,541
196062792907,439,3453,147,12936,1015,541
196062803562,229,3354,58,1511,1015,542
196062815046,182,5066,46,1272,1016,542
196062825928,119,3124,354,35133,1017,542
196062837216,117,2848,66,3865,1017,543
196062848529,125,3288,170,15686,1018,543
196062858964,126,2781,158,7673,1019,543
196062870026,124,6001,50,2192,1019,544
196062881732,109,4197,152,13613,1020,544
196062892638,101,3934,102,7860,1021,544
196062903604,130,5757,56,2023,1021,545
196062915145,198,4046,191,14649,1022,545
196062926428,156,3030,102,2526,1023,545
196062937034,146,3076,48,2050,1023,546
196062948075,112,3271,93,7239,1024,546
196062959371,475,3627,169,15264,1025,546
196062971509,106,6271,70,2429,1025,547
196062981915,19,3264,86,2311,1025,548
196062992791,169,3053,108,8750,1026,548
196063003997,197,5499,63,1967,1026,549
196063015976,136,2823,173,14683,1027,549
196063026742,1533,3086,115,8488,1028,549
196063037198,436,5236,107,2249,1028,550
196063048476,206,3239,138,11787,1029,550
196063061067,222,3107,270,27250,1030,550
196063070136,212,3398,77,3510,1030,551
196063081580,366,3388,66,4413,1031,551
196063092836,242,3851,378,32737,1032,551
196063103680,20,2777,70,3695,1032,552
196063114830,118,2937,104,8151,1033,552
196063125870,351,3049,154,13658,1034,552
196063136948,22,2834,50,2206,1034,553
196063147977,268,3167,99,7900,1035,553
196063159192,155,3053,162,15018,1036,553
196063170121,29,2849,52,2401,1036,554
196063181634,109,3297,54,2651,1037,554
196063192740,122,3449,98,7480,1038,554
196063203754,22,2960,49,2050,1038,555
196063215086,392,3019,160,15148,1039,555
196063225847,241,3674,98,7744,1040,555
196063237022,165,5819,59,2085,1040,556
196063248196,317,3917,51,2278,1041,556
196063259309,338,3177,171,14829,1042,556
196063270524,32,3462,57,2459,1042,557
196063281488,231,3389,111,9021,1043,557
196063292514,261,3341,148,13372,1044,557
196063303577,21,2717,57,2406,1044,558
196063314603,130,2629,97,7407,1045,558
196063325818,161,2701,180,15070,1046,558
196063336901,34,2628,56,1357,1046,559
196063348265,155,2618,75,1242,1047,559
196063386701,251,2739,64,925,1048,559
196063401039,540,4511,575,35527,1049,559
196063412232,197,4050,321,16904,1050,559
196063423287,138,3985,93,3031,1051,559
196063434395,25,3610,65,2251,1051,560
196063445482,139,2894,134,6941,1052,560
196063456639,141,3033,113,5227,1053,560
196063467733,28,2947,43,1027,1053,561
196063478794,268,2731,37,986,1054,561
196063490237,163,3196,363,35498,1055,561
196063500940,212,3412,66,3936,1055,562
196063512126,160,3384,167,15049,1056,562
196063523187,152,3681,114,8399,1057,562
196063534219,21,3142,47,2136,1057,563
196063545811,287,4487,192,15140,1058,563
196063556874,168,3575,60,2537,1059,563
196063568178,145,3392,59,2170,1059,564
196063579064,204,3145,92,7410,1060,564
196063590105,164,3501,47,2272,1061,564
196063602302,124,3709,62,1992,1061,565
196063612595,120,3173,57,2276,1062,565
196063623397,115,3266,156,14834,1063,565
196063634714,171,3490,82,2495,1063,566
196063645801,246,2969,116,8371,1064,566
196063656614,251,2747,169,15054,1065,566
196063668149,119,3059,47,1976,1065,567
196063678871,129,3421,52,2527,1066,567
196063690334,338,2936,35,1050,1067,567
196063700896,208,3106,35,1031,1067,568
196063712019,241,3293,339,32713,1068,568
196063723439,345,3729,116,9911,1069,568
196063734318,176,3467,56,2365,1069,569
196063745850,307,3081,50,2377,1070,569
196063756944,231,3720,164,14217,1071,569
196063767853,146,3295,54,2176,1071,570
196063779069,268,3005,111,8783,1072,570
196063790357,635,3905,163,15158,1073,570
196063801436,374,3451,92,2449,1073,571
196063812533,186,3269,59,2626,1074,571
196063823125,413,4096,58,2206,1075,571
196063834716,20,3557,55,2072,1075,572
196063845716,327,3199,94,7932,1076,572
196063856891,366,4452,62,2325,1077,572
196063867976,24,2989,58,2050,1077,573
196063878944,311,3124,141,13004,1078,573
196063890730,4167,3147,352,37863,1079,573
196063905123,24,5064,81,3958,1079,574
196063912567,302,3193,91,6440,1080,574
196063923425,354,3497,378,34365,1081,574
196063934487,37,3374,73,3928,1081,575
196063945479,270,3168,118,7772,1082,575
196063956481,262,3227,170,15086,1083,575
196063968002,24,3314,53,2274,1083,576
196063979056,160,3950,104,7923,1084,576
196063990331,148,3082,65,2470,1085,576
196064000962,31,3109,48,2115,1085,577
196064012130,513,3326,159,14745,1086,577
196064023597,338,3992,120,9145,1087,577
196064034933,23,3987,60,2116,1087,578
196064045669,318,3963,168,15215,1088,578
196064056717,152,3524,105,7899,1089,578
196064067748,31,3255,44,2070,1089,579
196064078591,377,3632,174,15818,1090,579
196064090257,367,3518,53,1701,1091,579
196064101299,23,4706,47,1012,1091,580
196064112427,208,3056,336,35581,1092,580
196064123501,135,4244,67,4364,1093,580
196064134648,29,3303,60,2389,1093,581
196064145619,399,3403,67,2770,1094,581
196064156680,661,3654,215,15079,1095,581
196064167660,29,3565,60,2391,1095,582
196064178789,442,3656,54,2522,1096,582
196064190931,287,3166,93,7145,1097,582
196064201014,24,2550,59,1999,1097,583
196064212326,178,2634,171,15302,1098,583
196064223516,196,2632,108,7805,1099,583
196064234632,31,2642,53,2201,1099,584
196064245766,128,2627,59,2569,1100,584
196064296926,174,2622,94,3234,1101,584
196064311208,173,2693,52,1003,1102,584
196064322112,165,4444,57,988,1103,584
196064333492,25,3428,47,987,1103,585
196064344479,129,4153,524,33265,1104,585
196064355636,131,4169,180,9750,1105,585
196064366718,33,2787,66,2454,1105,586
196064378011,176,3223,214,13302,1106,586
196064389050,140,4147,114,7911,1107,586
196064400099,26,2871,56,2069,1107,587
196064411275,244,3523,157,14715,1108,587
196064422432,391,3536,62,2647,1109,587
196064433543,23,2913,51,2122,1109,588
196064444663,174,3824,93,7416,1110,588
196064455908,214,3759,173,15231,1111,588
196064466747,21,3476,55,2376,1111,589
196064477834,253,3275,100,8099,1112,589
196064488938,195,4432,46,2195,1113,589
196064499771,21,3142,49,1986,1113,590
196064511023,2126,4120,157,14874,1114,590
196064523455,227,3344,110,8596,1115,590
196064533642,22,3310,59,2166,1115,591
196064544652,284,3909,137,12659,1116,591
196064555583,401,4758,106,7492,1117,591
196064566917,20,3793,50,2200,1117,592
196064577963,140,3039,186,14735,1118,592
196064589013,242,4570,49,1303,1119,592
196064600042,20,3903,33,930,1119,593
196064611149,170,3458,35,930,1120,593
196064622163,197,4284,424,35611,1121,593
196064633394,30,3692,64,3937,1121,594
196064644503,304,3768,55,3005,1122,594
196064655588,445,3812,166,15207,1123,594
196064666916,19,2911,48,2306,1123,595
196064677974,314,3623,77,2504,1124,595
196064689145,184,3798,103,7132,1125,595
196064700273,22,3638,53,2003,1125,596
196064711361,5004,3315,170,15132,1126,596
196064722690,110,3970,103,7742,1127,596
196064733647,47,3623,52,2189,1127,597
196064744635,220,3535,49,2535,1128,597
196064755700,264,4330,153,14690,1129,597
196064766736,30,2870,72,2280,1129,598
196064783191,158,2994,114,8779,1130,598
196064789179,274,4255,178,15290,1131,598
196064800068,22,3583,58,2393,1131,599
196064811524,225,3892,54,2683,1132,599
196064822706,173,4181,62,2305,1133,599
196064833292,21,3671,45,2136,1133,600
196064844397,309,3412,94,7878,1134,600
196064855447,155,4832,56,2459,1135,600
196064866540,21,6461,64,2183,1135,601
196064878060,118,2852,157,14646,1136,601
196064888824,360,3658,110,8347,1137,601
196064899798,21,2768,49,2092,1137,602
196064911349,196,3122,152,14440,1138,602
196064923172,147,2990,41,1597,1139,602
196064933181,20,2914,49,975,1139,603
196064944342,264,3064,423,35465,1140,603
196064955891,293,3401,210,17647,1141,603
196064967150,20,3224,57,2748,1141,604
196064977654,108,2766,105,7982,1142,604
196064988730,578,3244,51,2603,1143,604
196065000317,20,3501,84,2228,1143,605
196065011181,155,2812,174,14736,1144,605
196065022240,247,3624,105,8468,1145,605
196065033303,20,2905,51,2160,1145,606
196065044351,143,3431,165,14998,1146,606
196065055370,179,3529,636,2655,1147,606
196065066690,26,4316,46,2082,1147,607
196065077784,202,3637,49,2230,1148,607
196065088881,410,3256,100,7620,1149,607
196065100234,20,3149,45,1869,1149,608
196065111219,655,3127,53,1957,1150,608
196065122266,113,3773,66,2969,1151,608
196065133391,27,3334,41,996,1151,609
196065144401,201,3748,37,969,1152,609
196065155401,158,4162,354,33441,1153,609
196065166539,24,3058,73,3787,1153,610
196065177573,337,3222,58,2443,1154,610
196065189162,255,3659,103,7170,1155,610
196065200133,26,3168,50,2128,1155,611
196065211177,156,3573,157,14574,1156,611
196065222416,196,3220,101,7559,1157,611
196065233336,55,3151,60,2151,1157,612
196065244299,177,3575,68,2553,1158,612
196065255483,267,4076,180,14443,1159,612
196065266727,27,3155,60,2390,1159,613
196065277813,151,3359,108,9013,1160,613
196065288840,177,5536,172,15269,1161,613
196065299873,24,3401,52,2344,1161,614
196065311058,137,3631,115,8350,1162,614
196065322487,117,3839,222,15459,1163,614
196065333737,29,3472,65,2378,1163,615
196065344266,283,3047,105,7918,1164,615
196065355967,459,3054,58,2359,1165,615
196065366897,22,3890,50,1948,1165,616
196065378249,124,2936,158,13940,1166,616
196065388932,195,5321,49,1708,1167,616
196065400405,31,2849,51,952,1167,617
196065411035,161,2779,357,33629,1168,617
196065422155,128,3318,76,3862,1169,617
196065433215,28,2508,53,2284,1169,618
196065444522,168,2651,106,7411,1170,618
196065455703,151,3129,206,14961,1171,618
196065466726,29,2492,53,2410,1171,619
196065477749,169,5887,120,8099,1172,619
196065528568,158,2926,104,5032,1173,619
196065543411,154,2759,374,33648,1174,619
196065556942,241,4002,73,2038,1175,619
196065565652,23,3640,39,912,1175,620
196065576176,137,4236,498,32999,1176,620
196065587285,23,5222,101,3743,1176,621
196065598845,143,3033,125,8146,1177,621
196065609516,130,3174,59,2307,1178,621
196065620668,29,2817,55,1951,1178,622
196065632088,129,3066,159,14021,1179,622
196065643251,158,3212,101,7906,1180,622
196065654400,45,5056,51,2030,1180,623
196065665406,252,3036,158,14910,1181,623
196065676441,118,3251,57,1908,1182,623
196065687543,86,4864,47,1115,1182,624
196065698630,192,4109,43,1276,1183,624
196065709769,119,4006,43,913,1184,624
196065720976,26,5001,44,913,1184,625
196065732033,114,3326,347,35652,1185,625
196065743302,170,3096,67,4313,1186,625
196065754114,21,5405,72,2336,1186,626
196065765162,168,4108,164,14529,1187,626
196065776425,134,3881,125,8457,1188,626
196065787598,21,5008,56,2216,1188,627
196065798676,216,3341,157,15124,1189,627
196065809893,197,3925,60,2511,1190,627
196065821073,20,6090,54,2231,1190,628
196065832148,207,3411,94,7511,1191,628
196065843149,114,4094,52,2345,1192,628
196065854211,35,5263,59,2046,1192,629
196065865393,310,3762,51,2346,1193,629
196065876680,167,3312,162,14637,1194,629
196065887701,23,4910,54,2255,1194,630
196065898800,303,3103,41,1721,1195,630
196065909908,112,3270,275,23284,1196,630
196065921069,21,5840,61,3351,1196,631
196065932078,274,3281,46,1798,1197,631
196065943412,306,3755,431,35488,1198,631
196065954161,73,5587,73,4058,1198,632
196065965202,152,3609,163,15682,1199,632
196065976281,122,3120,96,7712,1200,632
196065987621,29,5554,54,2013,1200,633
196065998875,405,4124,51,2324,1201,633
196066009942,132,3077,175,14481,1202,633
196066021091,53,5150,51,2217,1202,634
196066031938,112,2874,145,8581,1203,634
196066043329,137,3042,161,15103,1204,634
196066054118,22,5160,58,2352,1204,635
196066065514,171,3091,51,2673,1205,635
196066076549,163,3027,48,2280,1206,635
196066087613,22,5165,54,2113,1206,636
196066098667,171,2854,96,7803,1207,636
196066109846,107,2746,56,2359,1208,636
196066120941,23,5019,115,2132,1208,637
196066132053,151,2969,153,14624,1209,637
196066143439,272,3194,96,7363,1210,637
196066154312,21,4880,39,1098,1210,638
196066165385,345,4389,82,6081,1211,638
196066176422,162,3728,372,34325,1212,638
196066187604,22,5624,69,3927,1212,639
196066198670,225,3642,98,7746,1213,639
196066209992,303,3539,226,15003,1214,639
196066221002,23,5544,51,2255,1214,640
196066232017,420,3757,92,7157,1215,640
196066246428,187,2836,349,32344,1216,640
196066254170,22,6207,81,3888,1216,641
196066265212,150,3854,166,15197,1217,641
196066276588,269,3804,147,9095,1218,641
196066287820,22,4996,55,2369,1218,642
196066298345,290,3362,137,12509,1219,642
196066309778,250,3532,103,7261,1220,642
196066321033,23,4965,52,2077,1220,643
196066332109,113,3491,142,13106,1221,643
196066343158,182,3353,2240,1339,1222,643
196066354047,21,5271,41,996,1222,644
196066365083,134,3259,341,35915,1223,644
196066376330,130,3633,65,4352,1224,644
196066387568,23,6216,56,2400,1224,645
196066398945,216,3177,69,2749,1225,645
196066409755,135,3049,200,15142,1226,645
196066420692,29,5372,60,2381,1226,646
196066432083,115,3683,56,2510,1227,646
196066443136,113,3057,95,7293,1228,646
196066454372,30,5559,59,2032,1228,647
196066465561,182,3779,162,15345,1229,647
196066476322,112,3502,104,7617,1230,647
196066487706,30,5801,57,2184,1230,648
196066498780,140,3482,77,2570,1231,648
196066509787,1132,3679,164,14692,1232,648
196066520815,23,5509,56,2344,1232,649
196066531849,198,3135,105,8648,1233,649
196066543006,157,3399,153,13280,1234,649
196066554034,24,5620,62,2493,1234,650
196066565106,115,3244,192,7542,1235,650
196066576550,173,3321,150,5489,1236,650
196066587667,30,6126,42,1095,1236,651
196066598847,225,3592,42,1025,1237,651
196066609976,123,3524,348,36048,1238,651
196066621022,39,5410,71,4147,1238,652
196066632036,121,2610,64,2678,1239,652
196066643000,299,3272,52,2617,1240,652
196066654458,36,5239,47,1998,1240,653
196066665007,285,3600,151,14887,1241,653
196066676691,425,3119,55,2507,1242,653
196066687727,30,5422,50,2025,1242,654
196066698674,322,3079,101,7083,1243,654
196066709529,139,3866,157,15203,1244,654
196066721142,40,5124,54,2394,1244,655
196066731947,216,3405,105,8040,1245,655
196066743404,205,3850,50,2259,1246,655
196066754353,90,6699,63,1958,1246,656
196066765288,308,3542,159,14620,1247,656
196066776915,950,3628,65,1940,1248,656
196066787460,28,5462,57,951,1248,657
196066798893,780,3823,345,34375,1249,657
196066809752,135,3280,115,9317,1250,657
196066820829,53,3132,255,2471,1250,658
196066832472,325,3130,50,2189,1251,658
196066842873,138,3346,157,14880,1252,658
196066854438,34,6497,56,2339,1252,659
196066865559,255,3646,107,7857,1253,659
196066876603,186,3616,159,14140,1254,659
196066888075,155,5151,115,8091,1255,659
196066898598,19,3024,48,2002,1255,660
196066909729,117,3255,169,15032,1256,660
196066920781,25,5136,60,2458,1256,661
196066931841,227,2861,78,2764,1257,661
196066942942,126,2631,100,7349,1258,661
196066954091,34,2630,58,2131,1258,662
196066965307,170,2620,170,15318,1259,662
196066976567,160,15266,193,8209,1260,662
196067004044,180,4922,123,5085,1261,662
196067014425,174,4501,1176,36275,1262,662
196067026063,309,3927,206,10065,1263,662
196067036985,28,5759,75,2401,1263,663
196067048119,129,3738,232,14563,1264,663
196067058913,135,3034,78,2604,1265,663
196067070105,34,2752,56,2056,1265,664
196067081146,4299,3648,62,2410,1266,664
196067092206,115,3426,102,7745,1267,664
196067103210,23,3222,52,2100,1267,665
196067114788,290,3475,43,1809,1268,665
196067125733,109,3186,345,42659,1269,665
196067136833,22,3180,82,5297,1269,666
196067148177,109,3750,114,9199,1270,666
196067159307,159,3808,73,4451,1271,666
196067169980,20,2830,38,1072,1271,667
196067180999,189,3325,334,34202,1272,667
196067192734,197,3220,115,9242,1273,667
196067203692,21,3117,54,2424,1273,668
196067214682,222,3369,149,14865,1274,668
196067225726,111,3555,95,7744,1275,668
196067236973,24,3000,49,2197,1275,669
196067248037,121,3184,51,2580,1276,669
196067259043,120,3230,153,14700,1277,669
196067270215,33,3248,71,2316,1277,670
196067281275,150,2941,103,8255,1278,670
196067292386,111,2991,164,16001,1279,670
196067303551,23,3050,48,2327,1279,671
196067314623,130,3590,47,2127,1280,671
196067325826,280,3364,308,33122,1281,671
196067337332,104,5584,71,3862,1281,672
196067348303,307,3015,99,7494,1282,672
196067358924,188,3237,78,4593,1283,672
196067370439,29,2973,38,1075,1283,673
196067381451,387,3568,370,35701,1284,673
196067392537,140,3910,72,4650,1285,673
196067403280,20,2778,53,2387,1285,674
196067414389,143,4233,157,15049,1286,674
196067425473,121,3237,61,2642,1287,674
196067436724,52,2876,50,1943,1287,675
196067447827,204,3966,176,17264,1288,675
196067459162,257,3380,167,15522,1289,675
196067470284,20,3079,55,2365,1289,676
196067480950,120,3610,95,7962,1290,676
196067492505,126,2717,56,2321,1291,676
196067503585,43,2671,58,2017,1291,677
196067514818,211,2852,158,14704,1292,677
196067525901,282,3300,118,8344,1293,677
196067536976,34,3559,159,2168,1293,678
196067547861,196,3698,232,13131,1294,678
196067558915,143,3095,98,7494,1295,678
196067570196,21,2994,49,2110,1295,679
196067581396,161,3276,74,4649,1296,679
196067592478,283,4377,51,1049,1297,679
196067603286,19,6261,45,994,1297,680
196067614792,321,2918,379,35668,1298,680
196067625768,171,3232,72,4156,1299,680
196067636991,26,3168,54,2365,1299,681
196067647985,316,3612,116,2742,1300,681
196067659184,309,4004,165,15092,1301,681
196067670041,22,2822,54,2289,1301,682
196067681140,187,3285,55,2486,1302,682
196067692223,266,3586,102,7236,1303,682
196067703424,34,3026,57,1934,1303,683
196067714621,245,3419,165,15106,1304,683
196067725762,117,3024,103,7710,1305,683
196067737255,27,5443,53,2156,1305,684
196067747736,193,5024,85,2558,1306,684
196067759321,235,3030,155,14722,1307,684
196067769972,21,3492,66,2208,1307,685
196067781247,173,3188,110,8018,1308,685
196067792248,199,3562,71,4236,1309,685
196067803286,20,3264,39,1048,1309,686
196067814557,209,3778,34,1004,1310,686
196067825617,110,3747,332,35586,1311,686
196067836609,32,3044,69,4138,1311,687
196067847766,183,3822,168,15974,1312,687
196067858906,155,3225,99,7535,1313,687
196067869985,24,3054,66,2159,1313,688
196067881083,129,3173,193,14676,1314,688
196067892131,115,3297,105,8551,1315,688
196067903503,23,6124,60,2118,1315,689
196067914616,126,2637,227,15308,1316,689
196067925617,138,2705,64,2753,1317,689
196067936607,68,2609,63,2340,1317,690
196067947857,184,2677,110,7679,1318,690
196067958957,120,2707,191,15577,1319,690
196067970059,19,2619,64,2553,1319,691
196068006326,173,2717,162,8328,1320,691
196068021182,28,5024,71,2280,1320,692
196068031797,144,4425,110,4685,1321,692
196068042879,146,3906,257,16058,1322,692
196068053981,26,5101,70,2360,1322,693
196068065056,137,2860,79,2595,1323,693
196068076208,170,2996,75,2315,1324,693
196068087330,25,2634,55,2105,1324,694
196068098680,386,3108,102,7884,1325,694
196068109666,136,3220,54,2341,1326,694
196068120693,21,5512,53,2114,1326,695
196068131766,410,3241,184,14622,1327,695
196068142977,147,3517,109,8055,1328,695
196068154053,28,6593,57,2200,1328,696
196068165251,184,3690,163,15100,1329,696
196068176263,234,3436,410,1859,1330,696
196068187407,27,5335,47,992,1330,697
196068198530,214,3152,333,35562,1331,697
196068209597,304,3731,185,17768,1332,697
196068220742,25,4809,58,2712,1332,698
196068231800,205,4808,97,7979,1333,698
196068242852,188,3199,56,2623,1334,698
196068254021,25,5116,50,2244,1334,699
196068264994,113,3110,155,14794,1335,699
196068276157,145,2645,109,8134,1336,699
196068287283,26,6013,56,2084,1336,700
196068298502,207,3571,177,15632,1337,700
196068309476,312,3707,88,2653,1338,700
196068320704,31,6055,54,2146,1338,701
196068331981,359,3206,55,2290,1339,701
196068342777,247,3203,100,7680,1340,701
196068353804,21,2798,66,1998,1340,702
196068364918,240,3642,144,2288,1341,702
196068376219,241,3339,157,14675,1342,702
196068387508,73,5167,60,2354,1342,703
196068398495,177,4317,112,7552,1343,703
196068409419,201,3650,347,43904,1344,703
196068420858,26,5658,85,5440,1344,704
196068431891,113,2725,49,2118,1345,704
196068443010,201,3290,350,35576,1346,704
196068454180,22,5337,71,4089,1346,705
196068465184,124,2799,117,4853,1347,705
196068476258,114,2816,338,35813,1348,705
196068487297,21,5371,78,4077,1348,706
196068498132,206,3207,54,2615,1349,706
196068509626,212,2893,157,14619,1350,706
196068520662,21,5151,65,2347,1350,707
196068531911,326,3090,101,7926,1351,707
196068542900,157,3761,164,15822,1352,707
196068554097,22,5018,49,2227,1352,708
196068565064,117,3204,105,8222,1353,708
196068576126,178,3135,165,15470,1354,708
196068587188,23,5209,56,2112,1354,709
196068598329,163,3194,93,7763,1355,709
196068609538,252,3031,75,4867,1356,709
196068620771,21,5266,42,1029,1356,710
196068631966,171,2855,34,997,1357,710
196068642698,138,3015,349,35568,1358,710
196068654200,22,5065,122,3935,1358,711
196068664924,114,3428,183,15267,1359,711
196068676100,274,3594,56,2689,1360,711
196068687167,22,2835,50,2087,1360,712
196068698249,229,3661,95,7229,1361,712
196068709402,148,2929,254,15272,1362,712
196068720653,23,4962,50,2179,1362,713
196068731783,285,2956,97,7932,1363,713
196068742832,217,3218,136,12365,1364,713
196068753814,22,5078,68,2256,1364,714
196068764988,410,3352,154,14709,1365,714
196068776093,192,3593,111,8196,1366,714
196068787158,24,2918,63,2145,1366,715
196068798639,152,3758,163,15848,1367,715
196068809784,295,3138,55,2872,1368,715
196068820663,22,5481,52,2236,1368,716
196068831651,167,3128,97,7755,1369,716
196068842711,123,3041,50,2277,1370,716
196068853768,20,3148,52,1983,1370,717
196068865302,378,3087,45,2259,1371,717
196068876012,308,3377,153,14732,1372,717
196068887096,22,2758,64,2492,1372,718
196068898699,162,2698,109,8428,1373,718
196068909756,179,2750,179,15327,1374,718
196068920756,28,2590,53,2336,1374,719
196068966253,155,3018,55,2052,1375,719
196068981080,186,4020,558,35941,1376,719
196068992164,189,3957,90,4260,1377,719
196069003252,19,3258,53,2352,1377,720
196069013975,200,4021,177,14661,1378,720
196069025049,144,4349,188,7996,1379,720
196069036204,30,3060,65,1982,1379,721
196069047321,132,3085,199,15743,1380,721
196069058891,164,3527,56,2503,1381,721
196069069935,22,3042,52,2122,1381,722
196069080978,340,3748,50,2262,1382,722
196069091944,260,3444,104,7412,1383,722
196069103047,25,3023,57,1964,1383,723
196069114050,321,3761,46,2236,1384,723
196069125435,197,3320,166,14558,1385,723
196069136264,22,3051,54,2344,1385,724
196069147276,324,3247,107,8114,1386,724
196069158427,21,2938,49,2204,1386,725
196069169952,868,3600,112,6249,1387,725
196069181044,293,2929,319,34549,1388,725
196069192186,327,2946,109,9339,1389,725
196069203120,20,2656,65,2451,1389,726
196069214196,113,3069,157,15005,1390,726
196069225216,544,2933,103,7734,1391,726
196069236230,21,2656,47,2102,1391,727
196069247760,108,3565,53,2443,1392,727
196069258758,188,3192,150,13897,1393,727
196069269533,22,3186,55,1344,1393,728
196069281111,178,4179,342,38117,1394,728
196069292231,146,3611,205,18181,1395,728
196069303148,29,2818,68,2859,1395,729
196069314286,140,2707,53,2949,1396,729
196069325063,239,2873,76,2311,1397,729
196069336421,24,2780,46,2126,1397,730
196069347840,409,3905,98,7953,1398,730
196069359357,249,3621,60,2176,1399,730
196069369918,26,3128,58,1983,1399,731
196069380978,350,4167,160,14670,1400,731
196069391968,175,3282,104,7506,1401,731
196069403255,29,2942,50,1242,1401,732
196069414055,244,3149,84,6144,1402,732
196069425359,137,3443,328,34559,1403,732
196069436586,22,3155,70,4012,1403,733
196069447627,344,4092,109,7827,1404,733
196069458771,125,3202,218,15057,1405,733
196069470135,36,3101,93,2282,1405,734
196069480893,334,3189,93,7886,1406,734
196069492173,366,4367,137,12437,1407,734
196069503192,22,2968,66,2151,1407,735
196069514244,153,3893,160,14588,1408,735
196069525169,137,4139,109,8052,1409,735
196069536522,24,2853,57,2323,1409,736
196069547694,216,3319,166,15662,1410,736
196069558626,387,3269,63,2809,1411,736
196069569596,25,2948,74,2268,1411,737
196069580671,235,4298,60,2444,1412,737
196069591926,278,3541,117,7951,1413,737
196069603026,25,3409,58,2116,1413,738
196069614190,255,3693,56,1724,1414,738
196069625301,118,3485,60,3012,1415,738
196069636312,25,3223,38,1014,1415,739
196069647691,297,4041,373,35708,1416,739
196069658895,147,3810,75,4937,1417,739
196069669590,23,3123,60,2375,1417,740
196069681077,245,4547,49,2227,1418,740
196069691732,228,2909,94,7296,1419,740
196069703226,20,3001,49,2079,1419,741
196069714049,314,3141,156,14301,1420,741
196069725065,143,3628,97,7609,1421,741
196069736682,20,3902,44,2073,1421,742
196069747843,119,3373,76,4852,1422,742
196069758855,105,3085,332,35670,1423,742
196069769871,33,3500,66,3991,1423,743
196069780911,346,2917,59,1811,1424,743
196069792285,337,3249,319,34120,1425,743
196069803218,22,3060,74,3917,1425,744
196069815022,194,2949,111,7513,1426,744
196069825418,119,3108,58,2220,1427,744
196069836747,25,2651,50,2107,1427,745
196069847311,180,3246,153,14636,1428,745
196069858844,205,4454,100,7155,1429,745
196069869843,21,3073,58,2257,1429,746
196069880960,134,3766,152,14553,1430,746
196069891931,343,3170,111,8276,1431,746
196069902977,21,2818,48,2026,1431,747
196069914272,233,3041,159,14888,1432,747
196069925393,199,3890,55,2766,1433,747
196069936296,22,2843,54,2129,1433,748
196069947570,372,3630,92,7444,1434,748
196069958471,364,4370,197,15155,1435,748
196069969581,20,3019,58,1887,1435,749
196069980876,120,3116,49,1907,1436,749
196069992067,373,4765,439,35584,1437,749
196070003550,20,3321,75,3927,1437,750
196070014072,133,3525,163,14998,1438,750
196070025371,138,6386,108,8027,1439,750
196070037497,49,5009,61,2103,1439,751
196070047670,122,3012,169,15671,1440,751
196070058843,198,3238,52,2495,1441,751
196070069935,28,2646,62,2188,1441,752
196070081044,402,3396,95,7436,1442,752
196070092262,125,2663,47,2284,1443,752
196070102796,31,2611,56,2011,1443,753
196070114313,233,2626,52,2308,1444,753
196070125399,123,52068,322,14649,1445,753
196070190434,215,2700,100,7813,1446,753
196070200349,63,3546,166,2038,1446,754
196070211455,212,4133,275,15504,1447,754
196070222516,142,3778,181,7979,1448,754
196070233765,25,3305,65,2011,1448,755
196070244753,126,2713,55,2275,1449,755
196070255577,498,3837,166,14788,1450,755
196070267097,34,3088,68,2486,1450,756
196070278102,190,2664,114,8393,1451,756
196070289152,367,3069,187,16049,1452,756
196070300240,23,3436,51,2512,1452,757
196070311397,297,3841,63,2796,1453,757
196070322194,222,4255,108,7508,1454,757
196070333775,26,4092,56,2103,1454,758
196070344959,183,3726,60,2529,1455,758
196070355468,286,3321,55,2161,1456,758
196070366560,23,3719,52,1977,1456,759
196070377899,217,3579,153,14668,1457,759
196070389159,115,3206,190,18045,1458,759
196070400191,31,3107,49,2432,1458,760
196070411169,142,3799,159,15207,1459,760
196070422517,108,2928,51,1887,1460,760
196070433383,20,3145,33,1046,1460,761
196070444744,143,3245,330,35609,1461,761
196070455659,260,3867,190,17830,1462,761
196070466734,20,2912,48,2624,1462,762
196070477884,271,3451,104,7893,1463,762
196070488937,200,3665,55,2520,1464,762
196070500423,20,3071,52,2172,1464,763
196070511406,178,3375,152,14597,1465,763
196070522505,228,3343,107,7862,1466,763
196070533700,26,3440,73,2281,1466,764
196070544602,188,3320,229,15803,1467,764
196070555587,214,3515,59,2923,1468,764
196070566740,22,4270,75,2298,1468,765
196070578121,403,2900,103,7796,1469,765
196070589053,104,3069,46,2285,1470,765
196070600000,27,2785,70,2005,1470,766
196070611391,407,3151,58,2291,1471,766
196070622177,301,4458,164,14765,1472,766
196070633940,25,3376,58,2534,1472,767
196070644506,213,2951,47,1849,1473,767
196070655724,363,5121,35,1003,1474,767
196070666930,21,3582,41,1001,1474,768
196070677889,159,3963,341,34229,1475,768
196070689034,166,3595,120,9261,1476,768
196070700018,23,3938,59,2525,1476,769
196070711472,119,3574,173,14912,1477,769
196070722540,688,3556,120,7909,1478,769
196070733860,21,3070,49,2141,1478,770
196070744346,211,3129,73,4901,1479,770
196070755418,223,4150,363,35851,1480,770
196070766913,32,3857,154,3910,1480,771
196070778182,172,2674,151,8205,1481,771
196070789235,144,2736,167,14582,1482,771
196070800303,34,2727,62,2411,1482,772
196070811343,152,2630,56,2494,1483,772
196070822283,126,21240,92,2353,1484,772
196070855145,183,3798,76,1612,1485,772
196070866274,147,3349,61,914,1485,773
196070877478,222,4148,566,35782,1486,773
196070888315,181,4486,111,4596,1487,773
196070900079,21,3432,66,2400,1487,774
196070910838,167,2719,363,15126,1488,774
196070921630,143,4312,71,2625,1489,774
196070932780,26,3479,49,2159,1489,775
196070943860,135,3569,94,7358,1490,775
196070954885,122,4578,178,15308,1491,775
196070965963,21,4479,52,2219,1491,776
196070977708,132,3230,103,8012,1492,776
196070988445,111,3857,59,2485,1493,776
196070999698,20,3170,112,2097,1493,777
196071010898,156,4276,156,14642,1494,777
196071021817,372,3430,124,8297,1495,777
196071033096,42,3644,46,2062,1495,778
196071044038,161,3357,175,15675,1496,778
196071055020,247,4338,107,7837,1497,778
196071066084,24,3090,55,2174,1497,779
196071077181,126,3108,167,15698,1498,779
196071088319,190,4492,105,8157,1499,779
196071099480,23,2593,49,1519,1499,780
196071110646,127,2803,78,5088,1500,780
196071121792,323,3755,43,1012,1501,780
196071133074,23,2736,37,973,1501,781
196071143998,278,3020,330,35547,1502,781
196071155334,157,3415,172,16842,1503,781
196071166299,20,2723,57,2750,1503,782
196071177494,118,2852,61,2668,1504,782
196071188505,157,3669,93,7318,1505,782
196071200689,21,2703,51,2105,1505,783
196071210886,169,3558,160,15324,1506,783
196071222086,248,3355,100,7753,1507,783
196071232803,21,2917,50,2006,1507,784
196071243969,134,3144,55,2323,1508,784
196071255066,266,5293,152,13896,1509,784
196071266140,20,3861,48,1300,1509,785
196071277288,198,3706,364,37818,1510,785
196071288380,119,5062,185,17745,1511,785
196071299395,20,3339,60,2979,1511,786
196071310842,176,4097,104,8577,1512,786
196071321429,223,4820,173,15677,1513,786
196071332767,21,2905,47,2414,1513,787
196071343941,2247,3213,42,1614,1514,787
196071354792,188,4690,334,35847,1515,787
196071368401,275,2641,67,4045,1515,788
196071377454,235,4177,78,4920,1516,788
196071388829,209,4816,427,35782,1517,788
196071399380,20,2765,60,3960,1517,789
196071410894,168,3567,171,15321,1518,789
196071422484,126,3256,63,2678,1519,789
196071432819,21,4067,51,2102,1519,790
196071443838,120,3111,97,7222,1520,790
196071455017,345,4037,161,15277,1521,790
196071466340,20,3171,58,2377,1521,791
196071477417,196,3360,92,7527,1522,791
196071488403,494,3848,369,32536,1523,791
196071499592,21,3005,69,3902,1523,792
196071510491,163,2742,179,15283,1524,792
196071521708,166,3786,125,8257,1525,792
196071532760,29,4313,65,2213,1525,793
196071543758,342,3450,153,13198,1526,793
196071555022,201,4555,143,7403,1527,793
196071566378,24,3653,53,2050,1527,794
196071577470,283,3048,183,15349,1528,794
196071588561,247,4552,47,2102,1529,794
196071599819,26,3156,39,998,1529,795
196071611026,135,3521,359,35711,1530,795
196071621838,471,4273,77,4375,1531,795
196071632858,21,3101,56,2397,1531,796
196071643918,245,3312,54,2736,1532,796
196071655327,317,4645,165,15094,1533,796
196071665870,22,3005,52,2373,1533,797
196071677372,318,3203,55,2516,1534,797
196071688518,266,3423,127,7263,1535,797
196071699258,20,3985,45,2024,1535,798
196071710887,377,3528,184,15150,1536,798
196071721918,258,4380,110,7655,1537,798
196071732870,21,3990,52,2151,1537,799
196071744014,289,3155,61,2537,1538,799
196071755245,134,3275,174,14696,1539,799
196071766152,26,2648,55,2385,1539,800
196071777245,143,2622,106,7917,1540,800
196071788399,119,3618,200,16348,1541,800
196071799733,36,2628,73,2610,1541,801
196071810948,132,2663,111,8534,1542,801
196071821894,138,3328,165,15731,1543,801
196071832962,21,2504,52,2159,1543,802
196071844019,107,2694,102,7866,1544,802
196071854790,126,3762,97,4861,1545,802
196071892271,197,2705,71,1040,1546,802
196071906698,211,4241,364,23396,1547,802
196071917424,34,3240,117,3369,1547,803
196071929147,129,4089,466,1560,1548,803
196071940114,114,4208,65,1173,1549,803
196071950807,27,2586,44,874,1549,804
196071962026,159,2892,497,33008,1550,804
196071973498,194,3271,126,9533,1551,804
196071984247,20,2514,51,2384,1551,805
196071995277,166,3877,56,2532,1552,805
196072006784,197,3018,156,14006,1553,805
196072017893,30,2621,46,2173,1553,806
196072028908,212,3115,110,7959,1554,806
196072039963,338,3117,169,15515,1555,806
196072050976,23,3501,51,2156,1555,807
196072062104,250,4211,53,2518,1556,807
196072073393,466,3333,51,2228,1557,807
196072084553,19,3251,46,2077,1557,808
196072095549,212,3655,98,7811,1558,808
196072106812,298,3061,77,4938,1559,808
196072117901,29,3011,38,1064,1559,809
196072128993,339,3024,345,35519,1560,809
196072140002,235,3412,74,4637,1561,809
196072150940,23,2813,53,2354,1561,810
196072162016,116,2833,160,14943,1562,810
196072173234,285,2745,177,2523,1563,810
196072184330,20,2996,43,2067,1563,811
196072195368,205,3651,50,1557,1564,811
196072206383,113,3276,330,32735,1565,811
196072217973,24,3065,65,3721,1565,812
196072228739,256,3581,138,8137,1566,812
196072239864,238,3318,53,2506,1567,812
196072250891,25,2849,81,2134,1567,813
196072261959,239,3048,151,13889,1568,813
196072273127,264,3194,182,7885,1569,813
196072284240,30,3911,135,1933,1569,814
196072295346,165,3055,163,15500,1570,814
196072306834,201,3329,96,7292,1571,814
196072317578,21,3032,47,2126,1571,815
196072328632,121,2875,161,15445,1572,815
196072340095,335,2951,103,7875,1573,815
196072351025,42,3517,55,1985,1573,816
196072362089,315,3161,56,2289,1574,816
196072373501,469,3199,166,14805,1575,816
196072384503,53,3166,60,2358,1575,817
196072395568,192,3065,108,8307,1576,817
196072406600,230,3865,79,4304,1577,817
196072417704,27,3997,47,1011,1577,818
196072429044,295,4049,36,982,1578,818
196072440288,495,4001,347,35534,1579,818
196072451188,22,3346,72,4147,1579,819
196072462340,275,3300,167,15901,1580,819
196072473332,529,3555,109,7774,1581,819
196072484470,23,3751,54,2149,1581,820
196072495563,251,3344,55,2490,1582,820
196072506395,163,3214,187,14533,1583,820
196072517461,21,4027,79,2352,1583,821
196072528990,188,3357,149,8276,1584,821
196072540146,129,3175,168,15703,1585,821
196072550834,26,3107,72,2299,1585,822
196072562004,175,4223,55,2580,1586,822
196072573333,186,3295,100,7415,1587,822
196072584216,21,3237,45,2024,1587,823
196072595372,449,3094,167,15517,1588,823
196072606828,280,3899,100,7708,1589,823
196072617970,24,3301,58,2228,1589,824
196072628995,182,3429,149,13701,1590,824
196072640064,198,3404,109,7845,1591,824
196072651057,22,3087,51,2104,1591,825
196072662228,434,3053,156,14749,1592,825
196072673444,121,3122,61,2482,1593,825
196072684365,22,3816,50,2059,1593,826
196072695407,209,4107,108,7226,1594,826
196072706549,119,3310,168,15397,1595,826
196072717608,23,3193,52,2328,1595,827
196072728699,155,3534,102,8149,1596,827
196072739742,249,3050,52,2195,1597,827
196072750982,20,3188,49,1971,1597,828
196072762116,207,2982,152,14759,1598,828
196072773474,629,2780,118,8202,1599,828
196072784376,25,3022,51,2231,1599,829
196072795583,282,3596,151,13152,1600,829
196072810200,220,3378,96,7195,1601,829
196072817701,22,2537,48,1905,1601,830
196072828782,166,3896,69,4346,1602,830
196072840178,127,3882,337,32995,1603,830
196072851309,19,3603,63,3710,1603,831
196072861878,158,4215,111,8153,1604,831
196072873737,177,3130,51,2285,1605,831
196072884560,24,2978,46,1954,1605,832
196072895774,114,2681,78,2602,1606,832
196072906960,468,3844,1173,14504,1607,832
196072917844,25,3036,90,2225,1607,833
196072929028,282,3004,49,2542,1608,833
196072939828,365,2886,97,7107,1609,833
196072951296,21,2666,72,1924,1609,834
196072962303,188,3082,156,15134,1610,834
196072973422,103,3592,97,7774,1611,834
196072984588,19,2761,58,1995,1611,835
196072995535,197,3076,49,2277,1612,835
196073006804,118,3407,196,14597,1613,835
196073017827,21,3114,74,2354,1613,836
196073029074,191,3692,203,8127,1614,836
196073039740,281,3541,152,13851,1615,836
196073051208,25,3125,53,2337,1615,837
196073062319,291,3073,103,7407,1616,837
196073073430,404,3247,75,5445,1617,837
196073084448,20,3363,34,1086,1617,838
196073095594,211,3304,351,35911,1618,838
196073106823,363,3231,75,4110,1619,838
196073118130,23,2815,57,2394,1619,839
196073128661,217,3482,176,13747,1620,839
196073139707,252,3930,56,2033,1621,839
196073151713,26,2688,39,983,1621,840
196073162228,306,3893,337,33553,1622,840
196073173689,115,3110,67,3923,1623,840
196073184379,20,3510,57,2353,1623,841
196073195329,240,4908,48,1696,1624,841
196073206446,411,3563,381,32976,1625,841
196073217583,21,2977,65,3710,1625,842
196073228648,341,3188,133,8156,1626,842
196073240099,212,4168,57,2315,1627,842
196073251057,20,3367,47,1965,1627,843
196073262092,174,3709,222,13996,1628,843
196073273192,169,3233,110,7923,1629,843
196073284444,26,3637,55,1963,1629,844
196073295511,219,3014,161,15540,1630,844
196073306784,257,3298,56,2728,1631,844
196073317502,33,3407,75,2218,1631,845
196073328539,259,3388,99,7315,1632,845
196073339830,340,3335,91,2358,1633,845
196073351178,24,2876,49,2039,1633,846
196073362486,179,3000,53,2296,1634,846
196073372998,370,2999,277,14814,1635,846
196073384601,37,2793,57,2315,1635,847
196073395197,163,3078,139,8102,1636,847
196073406724,304,3129,159,15177,1637,847
196073417771,33,2829,74,2376,1637,848
196073428931,148,2871,56,2709,1638,848
196073440268,122,3137,105,6658,1639,848
196073451229,32,3314,57,1021,1639,849
196073462347,327,4348,86,4210,1640,849
196073473313,269,3027,38,972,1641,849
196073484328,26,8067,53,957,1641,850
196073495407,144,3114,33,946,1642,850
196073506434,225,3744,350,36041,1643,850
196073517451,27,4560,98,3906,1643,851
196073529061,399,3605,111,8231,1644,851
196073539874,125,4176,160,14536,1645,851
196073551053,23,3311,53,2377,1645,852
196073562096,480,3467,65,2530,1646,852
196073573120,540,6663,144,7253,1647,852
196073584281,23,3582,63,2062,1647,853
196073595262,174,3229,55,2389,1648,853
196073606716,168,3853,58,2076,1649,853
196073617915,28,3300,52,1897,1649,854
196073629077,336,2806,159,14423,1650,854
196073640105,362,2818,110,7926,1651,854
196073651128,28,3085,52,2039,1651,855
196073662277,188,3119,177,14989,1652,855
196073673115,302,3110,57,2676,1653,855
196073684778,22,3174,52,2063,1653,856
196073695587,492,3608,86,6581,1654,856
196073706959,312,3377,91,5156,1655,856
196073717575,33,3071,108,1059,1655,857
196073728582,291,3093,356,35669,1656,857
196073739847,188,3596,71,4191,1657,857
196073750919,22,2988,54,2341,1657,858
196073762024,22,5558,52,2059,1657,859
196073773083,154,3552,56,1810,1658,859
196073784558,33,3100,40,909,1658,860
196073795509,327,3263,359,43306,1659,860
196073806655,175,3760,86,5565,1660,860
196073817811,23,2855,57,2982,1660,861
196073828837,162,3901,124,7797,1661,861
196073839889,630,2987,57,2641,1662,861
196073851139,22,3034,52,2313,1662,862
196073862178,259,4670,84,2589,1663,862
196073873248,134,3209,157,14886,1664,862
196073884524,25,3995,68,2625,1664,863
196073895514,299,3597,98,7505,1665,863
196073906792,147,3590,438,43815,1666,863
196073917670,23,3597,78,5247,1666,864
196073928732,170,3562,61,3395,1667,864
196073939798,359,3828,151,7828,1668,864
196073950991,30,3208,55,2507,1668,865
196073962006,181,4693,69,4442,1669,865
196073973015,192,3380,35,987,1670,865
196073984107,21,3095,34,962,1670,866
196073995300,218,3114,38,958,1671,866
196074006489,202,3403,424,36110,1672,866
196074017910,24,2874,63,3917,1672,867
196074028896,331,3157,117,8210,1673,867
196074039699,132,3149,162,14649,1674,867
196074050904,22,4131,49,2242,1674,868
196074062278,141,3645,77,2440,1675,868
196074073397,193,4406,97,7084,1676,868
196074084552,21,3435,55,2014,1676,869
196074095315,120,3197,54,2460,1677,869
196074106550,137,2930,53,2092,1678,869
196074117520,25,3544,52,1912,1678,870
196074128561,260,4326,162,14447,1679,870
196074140261,216,3264,100,7891,1680,870
196074150802,44,3255,50,2038,1680,871
196074162403,235,3328,165,14947,1681,871
196074173422,191,3593,54,2570,1682,871
196074184402,24,2588,49,2100,1682,872
196074195579,252,3440,96,7254,1683,872
196074206581,165,3421,236,15397,1684,872
196074217692,23,3191,58,2424,1684,873
196074228806,266,4833,51,1600,1685,873
196074239858,314,3325,426,35704,1686,873
196074250951,24,3567,97,3938,1686,874
196074262091,155,3696,163,14973,1687,874
196074273506,183,3620,107,7989,1688,874
196074284492,24,3179,53,2143,1688,875
196074295398,158,4293,175,16403,1689,875
196074306434,224,3041,61,2603,1690,875
196074317590,22,2867,47,2254,1690,876
196074328620,207,3152,115,7481,1691,876
196074340176,123,3587,168,15526,1692,876
196074351218,24,2817,56,2587,1692,877
196074362239,117,3366,105,8891,1693,877
196074373357,158,3479,161,14816,1694,877
196074384362,24,2778,56,2347,1694,878
196074395968,173,3566,105,8186,1695,878
196074406349,214,2925,169,15071,1696,878
196074417898,48,3497,50,1998,1696,879
196074428959,136,3005,245,22683,1697,879
196074440004,118,3965,110,7572,1698,879
196074451286,19,3577,46,1897,1698,880
196074462306,131,3771,161,15239,1699,880
196074473070,224,3942,97,7609,1700,880
196074484355,21,2685,98,1956,1700,881
196074495439,407,4133,49,2276,1701,881
196074506948,322,3626,108,3155,1702,881
196074517533,30,3282,47,984,1702,882
196074528699,186,3506,56,957,1703,882
196074539772,166,3065,339,33435,1704,882
196074551202,24,3031,77,3774,1704,883
196074562439,160,3453,55,2468,1705,883
196074573457,241,3417,107,7121,1706,883
196074584630,33,2948,45,2105,1706,884
196074595780,127,3324,162,14487,1707,884
196074606830,114,2648,95,7527,1708,884
196074617445,26,2510,53,2210,1708,885
196074628956,156,2660,160,13576,1709,885
196074640103,136,2643,98,7807,1710,885
196074650825,26,2497,49,2011,1710,886
196074662416,219,2732,176,14605,1711,886
196074673434,137,2707,58,2621,1712,886
196074684475,22,2716,59,2098,1712,887
196074695588,214,2644,123,7345,1713,887
196074706689,127,2704,197,15341,1714,887
196074717827,27,2749,55,2162,1714,888
196074728815,192,2676,156,7951,1715,888
196074757690,239,2776,122,4944,1716,888
196074771921,199,3907,135,5196,1717,888
196074783065,46,3511,77,918,1717,889
196074794122,168,3955,139,6254,1718,889
196074805256,151,3812,51,1124,1719,889
196074816349,24,3560,50,1028,1719,890
196074827573,185,2865,568,35616,1720,890
196074838794,186,3719,200,17601,1721,890
196074850093,28,2827,62,2716,1721,891
196074861138,142,2678,108,7879,1722,891
196074872245,729,3775,157,14086,1723,891
196074883492,28,5912,70,2198,1723,892
196074894777,132,3310,112,8064,1724,892
196074905617,139,3441,174,15061,1725,892
196074916760,23,2728,50,2527,1725,893
196074927859,133,3224,53,2772,1726,893
196074938658,120,4121,373,7557,1727,893
196074949715,28,2892,49,2286,1727,894
196074960905,141,2856,171,15742,1728,894
196074971949,213,3451,99,8023,1729,894
196074983439,44,2669,45,2065,1729,895
196074994097,309,2840,61,2311,1730,895
196075005742,133,3491,160,14239,1731,895
196075016782,26,2781,50,1323,1731,896
196075027833,249,4639,401,38162,1732,896
196075038863,148,3232,180,15171,1733,896
196075049877,25,2857,57,2716,1733,897
196075060878,183,3051,101,6987,1734,897
196075072155,202,4597,85,5389,1735,897
196075083455,24,3209,44,1157,1735,898
196075094598,243,3059,354,33215,1736,898
196075105659,287,2993,114,9796,1737,898
196075116774,21,2744,54,2499,1737,899
196075127914,389,2894,56,2587,1738,899
196075138988,297,2939,51,2538,1739,899
196075150085,21,2714,45,2025,1739,900
196075161133,533,2999,157,14377,1740,900
196075172291,194,3029,53,2521,1741,900
196075183464,20,2680,44,2008,1741,901
196075194560,516,2836,103,7210,1742,901
196075205645,411,3133,82,5632,1743,901
196075216460,27,3010,42,1065,1743,902
196075227457,145,3345,360,36017,1744,902
196075239085,337,3273,96,4390,1745,902
196075249702,29,3847,153,2385,1745,903
196075263847,213,4055,163,14650,1746,903
196075272459,256,3421,107,7965,1747,903
196075283327,25,2742,54,1975,1747,904
196075294657,204,3129,176,15551,1748,904
196075305674,304,4178,107,2717,1749,904
196075316599,31,3160,57,2193,1749,905
196075327480,228,2921,52,2332,1750,905
196075338723,117,3682,119,7646,1751,905
196075349916,53,4494,52,2101,1751,906
196075360960,127,3678,54,2380,1752,906
196075372218,198,3643,156,14636,1753,906
196075383172,20,3053,51,2357,1753,907
196075394229,117,2983,49,1737,1754,907
196075405575,249,3446,42,904,1755,907
196075416440,22,3021,32,894,1755,908
196075427636,239,3617,336,34374,1756,908
196075438640,379,3167,111,9179,1757,908
196075449940,29,3730,66,2556,1757,909
196075461425,310,3231,172,14932,1758,909
196075472459,167,3033,103,7788,1759,909
196075483596,24,3160,404,1959,1759,910
196075494226,200,3304,48,2266,1760,910
196075505314,432,3965,166,14534,1761,910
196075516547,35,3358,89,2099,1761,911
196075527578,411,3375,190,18098,1762,911
196075538812,372,3406,186,16007,1763,911
196075549945,26,3501,55,2381,1763,912
196075560926,347,3371,58,2498,1764,912
196075572052,336,3655,51,2209,1765,912
196075583133,23,3937,48,2081,1765,913
196075594362,112,4529,139,7836,1766,913
196075605389,158,4076,144,12313,1767,913
196075616605,22,2512,43,2137,1767,914
196075627784,339,3872,181,14716,1768,914
196075638729,161,3492,49,1871,1769,914
196075650034,23,3685,45,943,1769,915
196075661169,355,3288,48,940,1770,915
196075672436,308,3369,495,34368,1771,915
196075683492,22,3484,64,3945,1771,916
196075694243,296,3520,98,7651,1772,916
196075705505,203,3975,169,15036,1773,916
196075716665,22,2970,51,2403,1773,917
196075727654,268,4174,109,7984,1774,917
196075738837,229,3284,54,2548,1775,917
196075750076,26,3246,44,2110,1775,918
196075761211,296,3070,155,14601,1776,918
196075772152,395,4613,114,8056,1777,918
196075783401,25,4325,58,2027,1777,919
196075794453,175,3477,165,15663,1778,919
196075805641,162,3149,140,2761,1779,919
196075816568,21,3095,43,2207,1779,920
196075827637,346,3714,55,2372,1780,920
196075838848,141,3241,98,7797,1781,920
196075849894,21,2963,44,2153,1781,921
196075861061,235,3712,59,2548,1782,921
196075872220,105,3063,153,14523,1783,921
196075883369,20,2962,74,2375,1783,922
196075894495,204,3505,105,8346,1784,922
196075905509,219,4920,74,4304,1785,922
196075916449,20,3084,34,1050,1785,923
196075927529,215,4091,338,34553,1786,923
196075938568,190,4284,124,9336,1787,923
196075950009,21,3240,49,2441,1787,924
196075960990,3755,3334,165,14913,1788,924
196075971949,118,3110,100,7775,1789,924
196075983121,20,3527,51,2326,1789,925
196075994582,151,3018,54,2694,1790,925
196076005602,295,3153,160,14733,1791,925
196076016750,21,3316,52,2397,1791,926
196076027499,191,3202,132,8331,1792,926
196076038570,273,4579,280,15959,1793,926
196076050120,105,3795,138,2272,1793,927
196076061198,191,3640,57,2579,1794,927
196076072277,248,4033,57,2328,1795,927
196076083276,25,2836,52,2134,1795,928
196076094435,131,3275,140,7840,1796,928
196076105486,117,3417,52,2284,1797,928
196076116584,23,2962,45,2039,1797,929
196076127760,312,3142,162,14547,1798,929
196076139080,160,3564,110,8482,1799,929
196076149664,22,3502,45,2115,1799,930
196076161250,203,4667,161,14502,1800,930
196076171835,278,3244,44,1565,1801,930
196076183319,49,3179,33,989,1801,931
196076194411,123,3260,106,4796,1802,931
196076205414,248,3571,390,43909,1803,931
196076216503,70,3045,90,5245,1803,932
196076227478,208,2830,112,8815,1804,932
196076238633,232,4399,65,2870,1805,932
196076249682,25,3838,62,2465,1805,933
196076260772,310,3983,170,15005,1806,933
196076272391,291,3379,120,8595,1807,933
196076283434,33,4323,69,2375,1807,934
196076294495,142,2864,174,16121,1808,934
196076305689,442,2809,69,3149,1809,934
196076316371,35,3411,74,2519,1809,935
196076327507,126,4013,99,7892,1810,935
196076338614,94,3949,50,2497,1811,935
196076349865,19,3369,44,2221,1811,936
196076360932,131,3063,54,2484,1812,936
196076372068,191,3423,520,15056,1813,936
196076383425,20,2857,86,2811,1813,937
196076394551,300,3601,131,8638,1814,937
196076405742,376,3780,171,15621,1815,937
196076416874,48,3471,62,2863,1815,938
196076427511,132,3033,53,2120,1816,938
196076438750,367,3386,45,1324,1817,938
196076449754,21,3268,50,904,1817,939
196076460909,277,3940,495,33217,1818,939
196076471884,196,3561,123,9566,1819,939
196076482983,21,3528,49,2311,1819,940
196076494817,387,3456,52,2384,1820,940
196076505700,221,3367,163,14081,1821,940
196076516561,28,2752,66,2221,1821,941
196076527682,243,2929,111,7980,1822,941
196076538762,183,3730,198,15834,1823,941
196076550031,27,3955,59,2407,1823,942
196076561116,315,3200,59,2750,1824,942
196076572457,161,3030,68,2345,1825,942
196076583385,27,3390,50,2105,1825,943
196076594440,133,4189,105,7678,1826,943
196076605639,125,3126,53,2380,1827,943
196076616710,24,3104,46,2126,1827,944
196076627429,115,2918,169,14265,1828,944
196076638767,214,3337,47,1740,1829,944
196076649777,21,3062,34,951,1829,945
196076660914,154,3581,336,33780,1830,945
196076671953,318,3827,71,3924,1831,945
196076683195,21,3270,50,2306,1831,946
196076694214,203,4143,101,7354,1832,946
196076705822,110,3729,227,14800,1833,946
196076716381,21,3018,68,2321,1833,947
196076727644,566,3710,103,8001,1834,947
196076738871,251,3715,55,2304,1835,947
196076749993,22,2871,44,2020,1835,948
196076761118,2689,3574,161,14649,1836,948
196076772196,262,3438,107,7974,1837,948
196076783404,28,3621,73,2063,1837,949
196076794520,409,3516,351,16100,1838,949
196076805524,445,3795,102,7727,1839,949
196076816706,22,3193,47,2062,1839,950
196076827718,205,3254,173,15601,1840,950
196076838744,209,3792,104,7904,1841,950
196076849876,22,3057,48,2063,1841,951
196076860872,115,3047,80,4900,1842,951
196076872363,121,2879,360,35798,1843,951
196076883422,23,3597,65,3952,1843,952
196076894549,317,3422,171,15088,1844,952
196076905274,338,3715,58,2743,1845,952
196076916830,26,3519,44,2137,1845,953
196076927828,270,4064,58,2338,1846,953
196076939015,265,4107,103,7042,1847,953
196076950120,22,3521,48,2033,1847,954
196076960783,196,3797,159,15188,1848,954
196076972042,209,3451,111,8153,1849,954
196076983099,21,2996,43,1971,1849,955
196076994140,185,3142,50,2238,1850,955
196077005338,217,3476,216,14791,1851,955
196077016754,20,3796,56,2347,1851,956
196077027830,305,3291,111,8091,1852,956
196077038929,376,3126,166,15746,1853,956
196077049854,23,2939,50,2106,1853,957
196077061012,171,3169,53,2461,1854,957
196077071939,466,3230,81,2301,1855,957
196077083447,22,2928,42,2131,1855,958
196077094544,121,3128,102,7918,1856,958
196077105284,197,3667,57,2388,1857,958
196077116380,24,3440,81,2109,1857,959
196077127468,184,3842,158,14686,1858,959
196077138993,185,3995,99,7769,1859,959
196077149822,22,3125,41,1169,1859,960
196077161129,202,4780,380,43336,1860,960
196077172204,166,3003,63,3529,1861,960
196077183167,20,3241,40,1977,1861,961
196077194524,108,3115,62,1882,1862,961
196077205584,222,3426,312,32653,1863,961
196077216536,20,3138,64,3756,1863,962
196077227551,127,3361,103,8130,1864,962
196077238932,238,3881,52,2356,1865,962
196077249985,21,3008,47,1980,1865,963
196077261090,218,3539,191,13932,1866,963
196077272152,272,3632,78,1887,1867,963
196077283118,33,3243,34,899,1867,964
196077294139,344,3434,342,33435,1868,964
196077305707,366,4191,69,3885,1869,964
196077316743,22,3572,55,2307,1869,965
196077327874,220,4223,98,7345,1870,965
196077338858,138,4176,161,14767,1871,965
196077349949,22,3459,56,2306,1871,966
196077361112,172,5103,148,7963,1872,966
196077372012,126,3973,161,14039,1873,966
196077383053,23,2714,49,2402,1873,967
196077394089,171,3101,114,8387,1874,967
196077405337,338,4844,174,15167,1875,967
196077416338,26,3007,51,2161,1875,968
196077427476,156,3576,58,2465,1876,968
196077439020,255,3258,100,7323,1877,968
196077450059,19,3761,47,2117,1877,969
196077461001,115,3633,164,15328,1878,969
196077472362,187,2964,108,8183,1879,969
196077483389,21,3910,48,2041,1879,970
196077494446,132,3271,53,2329,1880,970
196077505511,261,3164,160,14852,1881,970
196077516786,23,3065,56,2605,1881,971
196077527808,326,3480,111,8530,1882,971
196077539009,278,3277,171,15922,1883,971
196077550089,22,4588,58,2530,1883,972
196077561368,817,3600,118,8576,1884,972
196077572258,766,3189,252,15723,1885,972
196077583142,22,3858,49,2366,1885,973
196077594129,188,3412,104,8106,1886,973
196077605697,457,3329,82,4956,1887,973
196077616733,24,3256,41,1008,1887,974
196077627785,184,3573,41,973,1888,974
196077638762,237,3991,351,35869,1889,974
196077649855,27,3508,65,3935,1889,975
196077660997,129,3967,65,3341,1890,975
196077672272,181,4427,54,2189,1891,975
196077683467,51,3563,47,1933,1891,976
196077694536,133,3089,102,7204,1892,976
196077705574,286,2921,159,14288,1893,976
196077716582,22,3088,48,2206,1893,977
196077727661,154,2664,103,7912,1894,977
196077738915,149,2807,71,2419,1895,977
196077749990,36,2743,48,2072,1895,978
196077774633,195,2718,254,14577,1896,978
196077788787,200,3128,99,3173,1897,978
196077799902,28,3570,67,2151,1897,979
196077810984,132,3824,60,2375,1898,979
196077822162,132,4176,117,7205,1899,979
196077833284,19,2559,56,2070,1899,980
196077844458,150,2765,256,15096,1900,980
196077855624,623,3059,104,7346,1901,980
196077866670,24,4095,47,1957,1901,981
196077877703,345,3867,160,14732,1902,981
196077889226,295,3164,111,8144,1903,981
196077899971,24,3222,50,2133,1903,982
196077911315,265,3018,161,15060,1904,982
196077922354,124,3022,56,2162,1905,982
196077933231,21,2742,38,1245,1905,983
196077944378,267,2838,352,37400,1906,983
196077955606,220,3080,188,17258,1907,983
196077966913,21,2730,53,2923,1907,984
196077977905,125,3181,109,8415,1908,984
196077988953,205,3028,74,4704,1909,984
196077999996,19,2711,50,1020,1909,985
196078011300,108,3729,34,954,1910,985
196078022301,140,3199,358,35576,1911,985
196078033510,64,3348,64,3891,1911,986
196078044741,157,3574,173,15847,1912,986
196078055819,147,3257,52,2640,1913,986
196078066903,25,3360,43,2096,1913,987
196078078038,188,3344,98,7185,1914,987
196078088882,387,3661,166,15278,1915,987
196078100256,34,3396,62,2221,1915,988
196078111359,324,3526,109,8539,1916,988
196078122667,216,3619,170,14664,1917,988
196078133432,30,3552,63,2434,1917,989
196078144582,180,3370,225,8241,1918,989
196078155672,141,4002,172,15327,1919,989
196078166805,30,2991,54,2428,1919,990
196078178071,233,3574,65,2681,1920,990
196078189139,109,2721,102,7402,1921,990
196078200226,20,3223,49,2058,1921,991
196078211160,131,3698,163,15403,1922,991
196078222275,200,3201,101,7845,1923,991
196078233365,20,3495,87,2132,1923,992
196078244334,272,2959,76,4702,1924,992
196078255876,142,4073,38,1032,1925,992
196078267022,26,3105,32,969,1925,993
196078277760,369,3250,368,35615,1926,993
196078288802,207,3286,184,17453,1927,993
196078299817,22,3533,55,2742,1927,994
196078311353,234,3333,65,2711,1928,994
196078322488,316,4456,109,7208,1929,994
196078333680,30,4282,62,2123,1929,995
196078345050,383,4175,1027,15239,1930,995
196078355670,199,3485,98,7401,1931,995
196078367081,28,3071,47,2047,1931,996
196078378015,248,4124,162,14864,1932,996
196078389069,174,3104,109,8173,1933,996
196078399925,21,3793,111,2016,1933,997
196078411064,288,3546,160,14957,1934,997
196078422235,121,2673,63,2767,1935,997
196078433458,29,2610,54,2225,1935,998
196078444614,142,2656,108,7592,1936,998
196078455649,118,2688,167,15636,1937,998
196078466868,30,2568,69,2451,1937,999
196078477687,197,2764,116,8291,1938,999
196078489184,108,2688,52,2289,1939,999
196078500325,31,2560,59,2026,1939,1000
196078511262,141,2732,447,11809,1940,1000
196078522385,140,2714,59,1574,1941,1000
196078533696,40,2909,570,986,1941,1001
196078574476,156,2632,42,986,1942,1001
196078588378,176,3556,69,986,1943,1001
196078599990,30,2683,46,986,1943,1002
196078610876,189,4008,553,35527,1944,1002
196078622132,154,3909,106,4355,1945,1002
196078632858,24,3589,70,2371,1945,1003
196078644015,128,3458,78,2752,1946,1003
196078655199,151,3688,180,15059,1947,1003
196078666373,26,2751,54,2300,1947,1004
196078677486,176,4037,61,2444,1948,1004
196078688582,339,3916,102,7055,1949,1004
196078699679,22,3360,45,1983,1949,1005
196078710701,211,3078,175,14991,1950,1005
196078722036,239,3141,107,7743,1951,1005
196078733222,24,3736,56,2122,1951,1006
196078744481,151,3232,63,2499,1952,1006
196078755581,154,3829,214,14794,1953,1006
196078766626,125,3607,56,2389,1953,1007
196078777775,201,3265,155,8135,1954,1007
196078788790,119,3483,179,16117,1955,1007
196078799704,21,3601,69,2350,1955,1008
196078810766,136,3717,115,8269,1956,1008
196078822414,122,3087,176,15627,1957,1008
196078833056,22,2922,105,2427,1957,1009
196078844047,129,2903,71,4369,1958,1009
196078855541,132,3080,64,2811,1959,1009
196078866339,21,2674,33,1008,1959,1010
196078877801,283,2995,363,35848,1960,1010
196078888468,305,3143,177,16577,1961,1010
196078899994,23,2648,61,2632,1961,1011
196078911079,312,2780,107,2716,1962,1011
196078921824,117,3285,48,2188,1963,1011
196078933314,23,2646,48,1634,1963,1012
196078944373,131,3379,370,26980,1964,1012
196078955604,397,2999,167,15224,1965,1012
196078966282,21,2855,47,2104,1965,1013
196078977423,335,2932,96,7727,1966,1013
196078988452,399,3315,48,1868,1967,1013
196078999978,24,3081,51,1656,1967,1014
196079011059,156,2823,174,14393,1968,1014
196079022084,159,3176,107,7984,1969,1014
196079033379,26,3223,54,1820,1969,1015
196079044451,286,4770,193,15657,1970,1015
196079055458,254,3818,63,2600,1971,1015
196079066459,22,3545,45,2044,1971,1016
196079077588,213,3318,53,2268,1972,1016
196079088656,162,3436,101,7299,1973,1016
196079099677,24,2859,58,1942,1973,1017
196079111189,160,3982,61,2279,1974,1017
196079122254,143,4022,156,14343,1975,1017
196079133618,22,3690,64,2107,1975,1018
196079144187,238,3291,46,1753,1976,1018
196079155356,229,4170,344,33501,1977,1018
196079166396,22,3938,82,3768,1977,1019
196079177458,394,3696,50,2488,1978,1019
196079188596,294,3114,96,7347,1979,1019
196079200088,24,3307,46,2196,1979,1020
196079211126,289,3981,179,14755,1980,1020
196079222394,562,4343,99,7855,1981,1020
196079233336,26,3397,47,2264,1981,1021
196079244415,337,3607,61,2654,1982,1021
196079255361,176,3439,164,14770,1983,1021
196079266394,22,2658,50,2396,1983,1022
196079277438,202,4534,117,8382,1984,1022
196079288526,331,3506,176,16635,1985,1022
196079299851,23,3453,56,2298,1985,1023
196079310834,150,3793,59,2551,1986,1023
196079322004,130,2927,59,2160,1987,1023
196079333051,26,2643,50,2064,1987,1024
196079344110,225,3920,103,7829,1988,1024
196079355274,287,4635,86,2387,1989,1024
196079366247,23,2631,46,2116,1989,1025
196079377481,302,3526,153,13897,1990,1025
196079388734,378,3204,51,1759,1991,1025
196079399619,21,3199,37,996,1991,1026
196079411030,160,3329,329,33897,1992,1026
196079422138,264,3421,74,3907,1993,1026
196079433296,22,3342,52,2329,1993,1027
196079444119,282,3568,97,7416,1994,1027
196079455286,379,3290,187,14871,1995,1027
196079466417,78,3351,45,2213,1995,1028
196079477418,257,3668,105,7937,1996,1028
196079488612,139,3478,102,2489,1997,1028
196079499682,26,3104,58,2109,1997,1029
196079510680,148,3939,158,14617,1998,1029
196079522206,404,3526,760,8093,1999,1029
196079533385,27,3540,57,2023,1999,1030
196079544371,247,3799,172,15598,2000,1030
196079555356,131,3398,62,2588,2001,1030
196079566434,22,3028,48,2102,2001,1031
196079577716,136,3089,47,2244,2002,1031
196079588763,215,3005,97,7427,2003,1031
196079599683,22,2656,44,1626,2003,1032
196079610712,122,3359,222,22208,2004,1032
196079621846,115,3035,159,14543,2005,1032
196079632925,24,3506,44,2256,2005,1033
196079644120,1322,3221,54,1858,2006,1033
196079655092,163,3561,34,976,2007,1033
196079666724,20,3032,32,976,2007,1034
196079677794,140,3230,38,976,2008,1034
196079688470,108,3722,372,35589,2009,1034
196079699600,21,3380,69,4111,2009,1035
196079711113,163,4315,178,15814,2010,1035
196079722390,225,3398,137,7920,2011,1035
196079732988,28,3052,48,2249,2011,1036
196079744046,122,3231,61,2576,2012,1036
196079755131,181,3739,162,14625,2013,1036
196079766583,23,3693,49,2268,2013,1037
196079777592,144,3199,102,7772,2014,1037
196079788705,126,3164,374,33821,2015,1037
196079799568,21,3004,53,3262,2015,1038
196079810982,131,3238,53,2858,2016,1038
196079822078,359,3150,57,2279,2017,1038
196079833255,27,4000,47,2098,2017,1039
196079844441,1106,4389,102,7831,2018,1039
196079855524,149,3647,48,2198,2019,1039
196079866500,20,3115,75,1988,2019,1040
196079877494,272,3767,164,13776,2020,1040
196079888721,165,4375,111,7082,2021,1040
196079899857,25,3062,71,1212,2021,1041
196079910822,138,3245,271,6048,2022,1041
196079922159,386,3289,340,34566,2023,1041
196079933376,44,3398,250,3997,2023,1042
196079944408,132,4846,109,7802,2024,1042
196079955092,122,3450,163,14991,2025,1042
196079966623,23,3257,51,2249,2025,1043
196079977591,168,2991,102,7907,2026,1043
196079988708,191,3348,58,2396,2027,1043
196079999731,32,3064,67,2028,2027,1044
196080010809,494,3038,169,14633,2028,1044
196080021822,135,3342,119,8064,2029,1044
196080033255,45,3192,58,2163,2029,1045
196080044157,233,3205,266,15794,2030,1045
196080055324,204,3929,63,2869,2031,1045
196080066331,23,3003,51,2247,2031,1046
196080077403,2151,3022,60,2385,2032,1046
196080089020,378,3909,120,7954,2033,1046
196080099703,30,3047,98,2097,2033,1047
196080111135,257,3594,60,2377,2034,1047
196080122079,186,2959,170,14688,2035,1047
196080133234,24,3015,49,2131,2035,1048
196080144298,408,3208,53,1728,2036,1048
196080155267,246,3995,42,967,2037,1048
196080166477,34,2879,40,967,2037,1049
196080177441,250,3178,339,34443,2038,1049
196080188656,134,4673,121,9213,2039,1049
196080199668,33,2973,53,2529,2039,1050
196080210754,309,3246,1125,14908,2040,1050
196080222608,203,3212,150,7795,2041,1050
196080233330,34,3175,53,2229,2041,1051
196080244468,228,3369,69,2554,2042,1051
196080255387,257,3872,176,14760,2043,1051
196080266489,27,3186,55,2243,2043,1052
196080277762,219,3783,113,8117,2044,1052
196080288648,203,3702,185,15874,2045,1052
196080299549,25,2893,54,2616,2045,1053
196080311229,200,3271,76,2747,2046,1053
196080322263,201,3140,70,2320,2047,1053
196080333371,24,2854,57,2164,2047,1054
196080344399,313,3069,115,7983,2048,1054
196080355460,223,3406,53,2254,2049,1054
196080366640,22,2825,51,2002,2049,1055
196080377751,264,3623,170,14641,2050,1055
196080388865,449,4600,114,7983,2051,1055
196080399982,24,3823,52,1668,2051,1056
196080410640,226,3594,114,6820,2052,1056
196080422225,233,4480,650,34545,2053,1056
196080433393,29,3600,80,3918,2053,1057
196080444417,138,2829,111,7690,2054,1057
196080455534,303,3486,178,14992,2055,1057
196080466689,30,3413,62,2264,2055,1058
196080477744,249,3852,110,7895,2056,1058
196080488786,303,3718,68,2291,2057,1058
196080499987,29,3397,83,1968,2057,1059
196080511020,172,4071,187,14568,2058,1059
196080522222,227,3564,129,8202,2059,1059
196080533153,42,2703,46,2194,2059,1060
196080544166,283,3161,177,15951,2060,1060
196080555252,295,3362,59,2854,2061,1060
196080566308,20,3125,49,2196,2061,1061
196080577319,126,2896,103,7411,2062,1061
196080588728,287,3082,65,2290,2063,1061
196080599536,25,3053,50,2008,2063,1062
196080611060,165,3287,82,4710,2064,1062
196080621941,298,3892,86,5353,2065,1062
196080633219,24,3077,39,902,2065,1063
196080644284,265,4085,65,1520,2066,1063
196080655495,411,3479,329,33521,2067,1063
196080666505,27,2754,73,3752,2067,1064
196080677552,137,3515,102,2433,2068,1064
196080688606,157,4019,99,7152,2069,1064
196080699695,22,2718,46,1993,2069,1065
196080711235,263,2899,164,14697,2070,1065
196080721895,233,3303,101,7508,2071,1065
196080733256,27,3751,58,2148,2071,1066
196080744239,136,2631,60,2532,2072,1066
196080755297,163,3910,164,14509,2073,1066
196080766756,27,3296,47,2224,2073,1067
196080777457,206,4018,117,8141,2074,1067
196080788560,105,4191,171,15703,2075,1067
196080799900,19,2715,53,2390,2075,1068
196080811012,149,3790,160,8314,2076,1068
196080822161,333,3077,167,15469,2077,1068
196080833151,22,2607,50,2177,2077,1069
196080844285,343,3084,259,18242,2078,1069
196080855322,140,3310,96,3628,2079,1069
196080866382,31,4046,39,1053,2079,1070
196080877381,352,3210,59,3218,2080,1070
196080889055,270,3019,39,967,2081,1070
196080899593,20,3278,33,948,2081,1071
196080911128,122,3257,370,33802,2082,1071
196080922183,3431,3743,73,3927,2083,1071
196080933206,20,3554,46,2280,2083,1072
196080944405,309,3755,100,7186,2084,1072
196080955596,139,2965,158,14611,2085,1072
196080966553,25,2844,55,2321,2085,1073
196080977739,138,3272,99,7810,2086,1073
196080989164,196,3345,55,2213,2087,1073
196080999665,23,2778,45,1898,2087,1074
196081010708,435,3219,157,14402,2088,1074
196081021789,224,3670,114,8184,2089,1074
196081033266,27,3123,52,2029,2089,1075
196081044440,121,3491,163,15481,2090,1075
196081055325,247,3929,102,7705,2091,1075
196081066299,21,3279,44,1944,2091,1076
196081077708,208,3736,163,15288,2092,1076
196081089023,136,3856,124,1256,2093,1076
196081099610,20,3911,43,872,2093,1077
196081110760,245,3985,392,35693,2094,1077
196081121786,126,5001,68,4319,2095,1077
196081133326,22,2971,70,2317,2095,1078
196081144144,440,3409,56,2671,2096,1078
196081155172,180,3419,164,14997,2097,1078
196081166210,20,2818,44,2269,2097,1079
196081177781,244,4127,81,2446,2098,1079
196081188755,288,3693,125,7181,2099,1079
196081199992,23,3332,45,2009,2099,1080
196081211066,212,3187,168,15246,2100,1080
196081222114,114,3242,101,7671,2101,1080
196081233325,24,3312,52,2076,2101,1081
196081244407,128,3790,56,2419,2102,1081
196081255473,106,3662,163,14565,2103,1081
196081266660,22,3608,53,2289,2103,1082
196081277672,146,3277,109,7991,2104,1082
196081288812,114,3136,170,16028,2105,1082
196081299755,22,3114,52,2555,2105,1083
196081310894,226,3944,116,8438,2106,1083
196081322173,159,3187,167,15626,2107,1083
196081332917,20,2952,85,2388,2107,1084
196081344107,244,3604,101,8134,2108,1084
196081355167,141,4154,54,2190,2109,1084
196081366215,22,3359,31,992,2109,1085
196081377331,131,3081,76,4767,2110,1085
196081388725,158,3816,365,36274,2111,1085
196081399777,21,3754,85,3945,2111,1086
196081410768,428,3619,65,3388,2112,1086
196081422666,976,3484,50,2220,2113,1086
196081433196,20,3858,49,1973,2113,1087
196081444237,187,3503,95,7348,2114,1087
196081455126,179,3632,210,14351,2115,1087
196081466990,25,3306,51,2227,2115,1088
196081478010,260,3695,112,7826,2116,1088
196081488836,228,3930,63,2352,2117,1088
196081499963,24,3263,51,2102,2117,1089
196081510693,260,3340,165,14623,2118,1089
196081522304,318,3775,57,1994,2119,1089
196081533398,27,3373,45,967,2119,1090
196081543972,247,2961,327,33904,2120,1090
196081555111,217,3577,137,10075,2121,1090
196081566251,32,3085,78,2480,2121,1091
196081577452,245,3925,92,6428,2122,1091
196081588851,352,3421,63,1180,2123,1091
196081599687,35,3853,42,890,2123,1092
196081610849,227,3144,46,889,2124,1092
196081621994,351,3535,361,35925,2125,1092
196081632898,21,4081,69,3900,2125,1093
196081644112,187,3505,157,14918,2126,1093
196081655159,206,3427,67,2854,2127,1093
196081666238,26,3359,50,2214,2127,1094
196081677383,121,3062,59,2413,2128,1094
196081688903,248,3174,116,7150,2129,1094
196081699904,31,3051,56,2204,2129,1095
196081711022,523,3325,273,15402,2130,1095
196081721873,275,3433,100,8009,2131,1095
196081733333,25,3071,63,2173,2131,1096
196081744213,260,3713,55,2450,2132,1096
196081755214,140,3455,177,14737,2133,1096
196081766373,26,2993,51,2411,2133,1097
196081777469,212,3293,102,8222,2134,1097
196081788720,282,3426,197,16631,2135,1097
196081799960,25,3073,52,2151,2135,1098
196081811177,174,3170,49,1795,2136,1098
196081821942,113,3617,325,32459,2137,1098
196081833022,107,3092,101,3921,2137,1099
196081844451,119,3049,100,8311,2138,1099
196081855254,182,3613,50,2619,2139,1099
196081868819,238,3515,58,2223,2139,1100
196081878484,150,3552,162,14830,2140,1100
196081888700,156,3991,108,8093,2141,1100
196081899651,245,4362,61,1718,2141,1101
196081910604,382,3748,101,6717,2142,1101
196081921863,1085,3510,370,34686,2143,1101
196081933245,175,3383,73,3939,2143,1102
196081944271,3596,4739,103,7866,2144,1102
196081955142,156,3474,170,15037,2145,1102
196081966674,402,3244,54,2249,2145,1103
196081977391,149,4254,105,7912,2146,1103
196081988707,114,3201,62,2384,2147,1103
196081999934,278,3145,74,2041,2147,1104
196082010831,271,3203,158,14630,2148,1104
196082022001,144,3596,109,8085,2149,1104
196082033024,23,2589,50,2162,2149,1105
196082044231,169,2640,169,15262,2150,1105
196082055302,151,2860,77,3343,2151,1105
196082066393,162,2663,48,2204,2151,1106
196082077545,147,2668,53,2359,2152,1106
196082088567,127,2846,99,7827,2153,1106
196082099732,39,2665,67,2171,2153,1107
196082128410,226,5748,65,2485,2154,1107
196082146005,173,2661,87,2702,2155,1107
196082156990,165,2695,254,15138,2156,1107
196082168285,151,4404,69,2270,2156,1108
196082178915,125,3972,90,2544,2157,1108
196082190541,201,3881,121,7391,2158,1108
196082201523,150,4179,90,2065,2158,1109
196082212765,190,2914,172,15397,2159,1109
196082223749,296,3319,106,8117,2160,1109
196082234712,207,3092,54,2117,2160,1110
196082245851,323,3452,43,1757,2161,1110
196082256675,116,3326,368,43150,2162,1110
196082268321,236,3606,99,5511,2162,1111
196082279093,188,4274,53,1897,2163,1111
196082290329,146,2872,48,927,2164,1111
196082301434,297,3047,40,924,2164,1112
196082312646,124,3148,345,34342,2165,1112
196082323507,140,3349,122,9182,2166,1112
196082334857,176,3556,56,2474,2166,1113
196082345821,153,3202,165,14892,2167,1113
196082357102,193,3225,98,7784,2168,1113
196082368012,201,3332,56,2097,2168,1114
196082379549,327,3388,161,13565,2169,1114
196082390546,302,3942,113,8048,2170,1114
196082401090,193,3116,57,2045,2170,1115
196082412640,165,3887,171,14724,2171,1115
196082423761,151,2872,66,2770,2172,1115
196082435063,157,3418,52,2236,2172,1116
196082445784,204,3388,97,7591,2173,1116
196082456932,205,4285,164,15576,2174,1116
196082467959,23,4049,62,2324,2174,1117
196082479163,226,3021,103,8059,2175,1117
196082490247,139,3089,54,2385,2176,1117
196082502738,145,3109,61,2089,2176,1118
196082512380,112,3869,161,14781,2177,1118
196082523389,119,3283,105,7977,2178,1118
196082535144,191,3266,59,1650,2178,1119
196082545901,185,3772,132,6899,2179,1119
196082557156,3906,3168,338,34587,2180,1119
196082568583,227,3263,76,4024,2180,1120
196082579262,238,3447,114,7874,2181,1120
196082590005,144,2762,171,15025,2182,1120
196082601621,31,2803,55,2394,2182,1121
196082612618,118,2812,102,7995,2183,1121
196082623471,596,3511,154,14212,2184,1121
196082635433,31,2804,50,2265,2184,1122
196082645945,128,3350,102,8243,2185,1122
196082656910,145,2906,166,15185,2186,1122
196082667900,20,2837,53,2567,2186,1123
196082679115,370,3698,57,2763,2187,1123
196082690493,106,3935,101,7302,2188,1123
196082701400,27,3377,46,2014,2188,1124
196082712372,305,2999,167,15439,2189,1124
196082723402,251,3474,105,8143,2190,1124
196082734446,19,2707,50,2030,2190,1125
196082745857,253,2930,51,2345,2191,1125
196082756824,357,2990,161,14751,2192,1125
196082768235,20,2775,53,2206,2192,1126
196082779294,161,2995,46,2207,2193,1126
196082790030,419,2787,42,956,2194,1126
196082801663,22,3145,37,953,2194,1127
196082812446,200,3247,330,34365,2195,1127
196082823511,257,3105,107,9148,2196,1127
196082834528,21,3303,57,2564,2196,1128
196082845665,422,2999,155,14900,2197,1128
196082856794,118,3260,122,7808,2198,1128
196082867810,24,3100,68,2037,2198,1129
196082879375,239,3540,154,13525,2199,1129
196082890509,181,3822,100,8159,2200,1129
196082901738,26,2854,59,1963,2200,1130
196082912319,255,3890,161,14849,2201,1130
196082923844,143,3279,55,2581,2202,1130
196082934852,24,2989,53,2148,2202,1131
196082945918,134,3281,94,7389,2203,1131
196082956973,179,3740,167,15417,2204,1131
196082967802,23,3120,53,2336,2204,1132
196082979018,345,3197,102,8069,2205,1132
196082990185,198,4034,52,2395,2206,1132
196083001219,22,3206,119,1890,2206,1133
196083012423,284,3894,257,24224,2207,1133
196083023461,192,3058,97,7986,2208,1133
196083034453,21,2878,50,2073,2208,1134
196083046023,155,3419,90,6486,2209,1134
196083057170,260,2941,51,1283,2210,1134
196083068168,21,2703,44,1192,2210,1135
196083079200,166,3143,366,35638,2211,1135
196083090316,118,3165,178,17680,2212,1135
196083101230,37,2734,63,2572,2212,1136
196083112475,159,2882,102,7953,2213,1136
196083123606,158,3050,60,2585,2214,1136
196083134613,26,3286,56,2235,2214,1137
196083145838,153,2929,60,2916,2215,1137
196083156798,118,2945,168,15190,2216,1137
196083168164,28,2715,91,2390,2216,1138
196083179201,182,2995,53,2526,2217,1138
196083190104,250,3704,105,7378,2218,1138
196083201114,21,3238,50,2091,2218,1139
196083212681,142,3778,163,15369,2219,1139
196083223842,568,3803,105,7946,2220,1139
196083234610,20,2868,82,2175,2220,1140
196083245695,163,3902,54,2493,2221,1140
196083256924,147,3515,167,14984,2222,1140
196083268060,21,3051,63,2361,2222,1141
196083279336,121,3670,50,1783,2223,1141
196083290434,134,2853,237,15395,2224,1141
196083301501,51,2733,57,2522,2224,1142
196083312506,124,3120,218,22110,2225,1142
196083323551,443,2965,103,7250,2226,1142
196083334664,24,2754,52,1911,2226,1143
196083345702,115,3158,161,14492,2227,1143
196083357087,117,2895,97,6955,2228,1143
196083367817,23,2984,63,1871,2228,1144
196083378971,131,3307,165,14232,2229,1144
196083390515,118,4228,139,8011,2230,1144
196083401410,23,2783,55,1811,2230,1145
196083412541,310,3330,161,14803,2231,1145
196083423530,147,3244,154,2119,2232,1145
196083434571,21,2801,42,1240,2232,1146
196083445806,245,3198,402,37642,2233,1146
196083456858,182,3065,185,17115,2234,1146
196083467972,23,2894,56,2689,2234,1147
196083479014,323,3294,106,8255,2235,1147
196083490115,119,3167,69,2374,2236,1147
196083501190,39,3161,68,2097,2236,1148
196083512613,402,3599,175,14845,2237,1148
196083523644,159,3163,106,7318,2238,1148
196083534701,30,3774,57,1210,2238,1149
196083545757,199,3978,99,6067,2239,1149
196083556916,138,3257,37,960,2240,1149
196083567970,20,2854,36,937,2240,1150
196083579082,225,3202,363,35503,2241,1150
196083590132,153,3825,184,17333,2242,1150
196083601259,24,2773,58,2721,2242,1151
196083612473,116,3190,106,7963,2243,1151
196083623531,189,4006,161,14199,2244,1151
196083634656,23,2832,77,2318,2244,1152
196083645685,122,3331,106,8206,2245,1152
196083657139,442,3423,162,15089,2246,1152
196083668360,21,2924,77,2498,2246,1153
196083678968,425,3593,58,2783,2247,1153
196083690260,197,3217,177,7497,2248,1153
196083701318,49,3398,53,2232,2248,1154
196083712501,226,3088,165,15672,2249,1154
196083723635,365,3490,106,8050,2250,1154
196083734530,47,3430,53,2094,2250,1155
196083745600,227,4295,58,2404,2251,1155
196083756831,230,3179,158,14923,2252,1155
196083768033,21,3247,61,2427,2252,1156
196083779089,318,4266,108,8383,2253,1156
196083790117,164,3411,126,4312,2254,1156
196083801368,34,2787,52,1047,2254,1157
196083812454,401,3457,40,1017,2255,1157
196083823539,118,3475,43,1018,2256,1157
196083834599,21,3668,43,1011,2256,1158
196083845934,183,4102,340,33326,2257,1158
196083857003,269,3088,110,8687,2258,1158
196083867741,21,2798,73,1784,2258,1159
196083879390,127,3471,235,22655,2259,1159
196083890498,174,3106,53,2588,2260,1159
196083901466,52,2950,50,1895,2260,1160
196083912632,192,3088,166,14072,2261,1160
196083923734,106,4086,60,2320,2262,1160
196083934984,24,2630,54,1865,2262,1161
196083946044,170,2656,112,7110,2263,1161
196083957089,139,2629,167,14997,2264,1161
196083981627,161,3254,66,1737,2265,1161
196083996444,151,4422,730,36050,2266,1161
196084007721,118,4024,267,16564,2267,1161
196084018447,25,3306,74,2751,2267,1162
196084029566,137,4044,125,8171,2268,1162
196084040665,129,2891,264,15362,2269,1162
196084051858,27,2760,83,2469,2269,1163
196084062947,613,3458,76,3493,2270,1163
196084074356,131,2629,102,7447,2271,1163
196084085418,22,3202,51,2038,2271,1164
196084096673,307,2925,51,2473,2272,1164
196084107659,522,2889,50,2158,2273,1164
196084118733,20,2778,47,1967,2273,1165
196084129794,149,3119,157,14540,2274,1165
196084141129,134,3167,3294,8081,2275,1165
196084152200,20,2849,45,2020,2275,1166
196084162979,246,3019,261,24719,2276,1166
196084174129,339,2991,43,1810,2277,1166
196084185258,20,3208,39,999,2277,1167
196084196681,116,3442,354,35770,2278,1167
196084207588,199,2994,186,17614,2279,1167
196084218477,38,2834,63,2705,2279,1168
196084229578,201,3796,107,8051,2280,1168
196084240848,110,2927,56,2459,2281,1168
196084251871,20,2650,48,2133,2281,1169
196084263055,112,2800,178,14722,2282,1169
196084274136,256,3261,100,8053,2283,1169
196084285101,22,3068,58,2134,2283,1170
196084296679,252,3508,280,15089,2284,1170
196084307502,131,2660,152,13186,2285,1170
196084318855,35,2633,61,2297,2285,1171
196084329918,171,2625,63,2323,2286,1171
196084341035,109,2675,125,7823,2287,1171
196084361668,175,2968,185,4928,2288,1171
196084376398,148,4113,559,36375,2289,1171
196084387521,140,4419,179,9871,2290,1171
196084398725,22,3591,58,2419,2290,1172
196084409813,125,2754,240,14021,2291,1172
196084420520,28,4549,71,2266,2291,1173
196084431812,147,3075,56,2470,2292,1173
196084443090,210,3924,150,7109,2293,1173
196084454150,114,4156,170,14537,2294,1173
196084465254,25,3208,62,2339,2294,1174
196084476308,155,3947,114,8127,2295,1174
196084487468,135,5133,56,2267,2296,1174
196084498493,23,3072,49,2045,2296,1175
196084509551,122,3189,165,14623,2297,1175
196084520820,217,4502,51,1918,2298,1175
196084531781,20,3177,38,971,2298,1176
196084542970,203,4104,356,33973,2299,1176
196084553839,24,5830,70,3830,2299,1177
196084564903,246,3736,59,2942,2300,1177
196084576005,161,4039,97,7396,2301,1177
196084587559,171,4218,164,14875,2302,1177
196084598316,22,3438,50,2379,2302,1178
196084609840,177,3958,117,8780,2303,1178
196084620861,163,4683,163,14666,2304,1178
196084632091,21,3862,49,2258,2304,1179
196084643141,219,3914,99,7914,2305,1179
196084654261,119,4663,171,15433,2306,1179
196084664900,21,3542,51,2288,2306,1180
196084676551,298,3498,59,2663,2307,1180
196084687547,158,4521,109,7587,2308,1180
196084698563,22,3313,48,2081,2308,1181
196084709338,223,3504,170,15491,2309,1181
196084720688,135,5219,102,7743,2310,1181
196084731714,24,3089,52,2261,2310,1182
196084742763,133,3162,76,4983,2311,1182
196084753832,22,4740,43,1132,2311,1183
196084765852,531,3552,404,35987,2312,1183
196084775929,232,3687,59,1759,2313,1183
196084787441,121,5119,53,873,2314,1183
196084798150,29,2819,35,873,2314,1184
196084809773,358,3299,345,34432,2315,1184
196084820557,191,4905,112,9056,2316,1184
196084831629,25,3254,55,2547,2316,1185
196084842711,254,3497,156,14722,2317,1185
196084854245,119,5256,102,7601,2318,1185
196084865277,21,3215,44,2142,2318,1186
196084876415,223,4023,147,13525,2319,1186
196084887429,113,4431,107,7817,2320,1186
196084898216,24,3799,44,2146,2320,1187
196084909471,194,3111,160,14715,2321,1187
196084920808,113,4141,56,2556,2322,1187
196084931990,25,2875,47,2095,2322,1188
196084943094,126,3379,93,7181,2323,1188
196084954203,109,3983,174,15341,2324,1188
196084965340,23,2769,50,2326,2324,1189
196084976021,182,3011,108,8056,2325,1189
196084987362,149,4034,57,2340,2326,1189
196084998528,20,2786,45,1998,2326,1190
196085009495,121,3054,82,5389,2327,1190
196085020828,149,4170,44,1049,2328,1190
196085032088,377,2916,42,994,2328,1191
196085043152,238,3166,343,33769,2329,1191
196085053878,25,4883,76,3825,2329,1192
196085065053,131,2625,60,3050,2330,1192
196085076133,196,2590,100,7249,2331,1192
196085102374,173,3269,117,5730,2332,1192
196085117360,343,4208,591,36019,2333,1192
196085128551,168,4099,359,16702,2334,1192
196085139552,122,4152,149,8409,2335,1192
196085150739,126,4495,62,2192,2335,1193
196085161863,178,2843,241,15193,2336,1193
196085173048,262,3209,102,2677,2337,1193
196085183861,22,2799,50,2224,2337,1194
196085195080,215,3409,99,7502,2338,1194
196085206158,325,3670,80,5594,2339,1194
196085217417,21,4148,43,949,2339,1195
196085228231,209,3101,479,36105,2340,1195
196085239349,424,3361,68,4380,2341,1195
196085250427,22,2917,53,2398,2341,1196
196085261447,238,3711,160,14724,2342,1196
196085272960,277,3760,106,8093,2343,1196
196085284014,21,2823,43,2035,2343,1197
196085295027,202,3399,171,15036,2344,1197
196085306029,148,3397,58,3234,2345,1197
196085317048,21,3656,70,2155,2345,1198
196085328564,222,3477,95,7338,2346,1198
196085339788,337,4615,725,15498,2347,1198
196085350739,31,3528,93,2312,2347,1199
196085361783,233,3391,107,8651,2348,1199
196085372977,117,3197,173,14911,2349,1199
196085383783,39,3168,64,2312,2349,1200
196085394756,125,3415,108,8085,2350,1200
196085405990,199,3223,271,15290,2351,1200
196085417005,22,3090,63,2484,2351,1201
196085428284,163,3480,59,2758,2352,1201
196085439614,124,3337,104,7453,2353,1201
196085450687,28,3103,52,2067,2353,1202
196085461648,196,4381,166,15620,2354,1202
196085473088,238,3886,49,1487,2355,1202
196085483760,24,2960,38,917,2355,1203
196085494843,1245,3456,414,36079,2356,1203
196085505874,116,2732,168,16579,2357,1203
196085517420,30,2928,58,2644,2357,1204
196085528527,147,2782,98,8043,2358,1204
196085539711,312,3427,173,15229,2359,1204
196085550826,28,3103,46,2253,2359,1205
196085561869,140,2662,78,3124,2360,1205
196085572936,213,2647,112,7373,2361,1205
196085583927,31,2594,55,2088,2361,1206
196085595005,126,2640,163,15415,2362,1206
196085607898,32,5745,67,2457,2362,1207
196085617269,24,9162,66,2257,2362,1208
196085628405,143,2722,56,1613,2363,1208
196085639644,173,4028,628,35974,2364,1208
196085650769,29,3661,92,3975,2364,1209
196085661910,139,4322,260,15345,2365,1209
196085673027,176,4084,67,2780,2366,1209
196085684054,27,2753,67,2133,2366,1210
196085695356,231,3185,126,7356,2367,1210
196085705945,190,3234,172,15246,2368,1210
196085717559,26,2988,59,2399,2368,1211
196085728261,125,3187,100,7943,2369,1211
196085739575,310,3604,58,2215,2370,1211
196085750743,32,2859,45,1988,2370,1212
196085761711,171,3277,162,14724,2371,1212
196085772807,270,3740,99,7903,2372,1212
196085783902,21,2999,45,2110,2372,1213
196085794924,338,3700,148,12219,2373,1213
196085806150,145,3172,85,6402,2374,1213
196085817226,20,3018,36,996,2374,1214
196085828363,218,3526,66,4218,2375,1214
196085839629,397,3676,355,33372,2376,1214
196085850456,22,3527,75,3781,2376,1215
196085861684,142,3372,107,8175,2377,1215
196085872848,315,2984,59,2486,2378,1215
196085884095,30,3680,64,2107,2378,1216
196085894994,252,3603,59,2713,2379,1216
196085906303,230,3845,163,14394,2380,1216
196085917883,29,3042,60,2186,2380,1217
196085928613,299,3548,61,2552,2381,1217
196085939874,521,4091,145,7192,2382,1217
196085950634,23,2701,54,1915,2382,1218
196085961650,292,3614,178,15182,2383,1218
196085972718,1657,3341,108,7818,2384,1218
196085984386,185,3356,69,1993,2384,1219
196085994983,228,3604,53,2281,2385,1219
196086006076,323,3374,239,24310,2386,1219
196086017132,22,3375,63,3017,2386,1220
196086028157,224,3661,151,8348,2387,1220
196086039635,382,4333,83,4325,2388,1220
196086050627,183,3703,53,996,2388,1221
196086061765,134,3304,44,960,2389,1221
196086072664,225,4481,34,949,2390,1221
196086083712,22,3075,35,949,2390,1222
196086095217,180,3382,38,949,2391,1222
196086106157,188,3517,411,35838,2392,1222
196086117218,22,3191,66,4081,2392,1223
196086128289,242,2897,55,2677,2393,1223
196086139373,141,2847,65,2630,2394,1223
196086150415,196,4000,56,1969,2394,1224
196086161486,125,3130,159,14840,2395,1224
196086172685,862,3291,55,2422,2396,1224
196086183784,22,2902,152,2015,2396,1225
196086194981,264,3983,95,7135,2397,1225
196086205922,485,3355,167,15180,2398,1225
196086217478,66,2764,50,2328,2398,1226
196086228542,296,3138,99,8112,2399,1226
196086239686,272,3835,57,2491,2400,1226
196086250695,23,4087,51,2141,2400,1227
196086261931,245,3517,161,14840,2401,1227
196086272936,347,3461,164,8150,2402,1227
196086284058,20,2840,45,2152,2402,1228
196086295210,218,3416,171,15308,2403,1228
196086306283,346,3059,105,8019,2404,1228
196086317317,20,3081,47,1970,2404,1229
196086328382,275,3441,329,25098,2405,1229
196086339596,138,4016,48,1516,2406,1229
196086350741,24,3206,46,912,2406,1230
196086361801,300,3886,423,36078,2407,1230
196086372912,147,3314,67,4293,2408,1230
196086383917,21,3361,56,2327,2408,1231
196086395035,135,2925,152,14560,2409,1231
196086405883,261,2862,63,2710,2410,1231
196086417451,21,2569,46,2112,2410,1232
196086428606,356,3610,56,2276,2411,1232
196086439325,994,4661,100,6925,2412,1232
196086450382,20,3317,50,2113,2412,1233
196086461622,305,3457,164,15206,2413,1233
196086472802,540,3589,103,8180,2414,1233
196086483701,21,4566,57,2193,2414,1234
196086495298,171,3492,53,2495,2415,1234
196086506222,459,3983,184,14857,2416,1234
196086517231,21,3526,85,2472,2416,1235
196086528322,339,4413,105,7962,2417,1235
196086539419,291,2951,163,15064,2418,1235
196086550718,25,2880,50,2417,2418,1236
196086561638,202,3241,64,3467,2419,1236
196086572775,394,3374,99,7526,2420,1236
196086583801,26,3938,53,2099,2420,1237
196086595001,262,3213,167,15445,2421,1237
196086605979,444,3493,132,7807,2422,1237
196086617103,25,2854,46,2187,2422,1238
196086628169,178,3049,148,13584,2423,1238
196086639232,240,3132,118,8048,2424,1238
196086650895,26,3314,61,2033,2424,1239
196086661615,282,4123,172,14907,2425,1239
196086672940,196,4228,62,2692,2426,1239
196086684089,48,2772,56,2146,2426,1240
196086695107,145,2641,99,7355,2427,1240
196086706320,148,2634,184,15467,2428,1240
196086717269,31,2621,132,2548,2428,1241
196086728415,133,2644,107,8338,2429,1241
196086760502,187,3148,120,4890,2430,1241
196086775201,184,3936,532,36044,2431,1241
196086786186,27,5399,109,3949,2431,1242
196086797862,218,3917,230,15308,2432,1242
196086809038,157,4051,158,8572,2433,1242
196086819645,22,2847,66,2034,2433,1243
196086830797,144,3396,90,4807,2434,1243
196086841897,209,3928,41,944,2435,1243
196086852871,22,2742,36,921,2435,1244
196086864436,547,3566,346,35690,2436,1244
196086875161,295,2971,70,4332,2437,1244
196086886338,26,2850,58,2335,2437,1245
196086897764,117,3352,55,2713,2438,1245
196086908520,402,2864,202,15043,2439,1245
196086919528,27,2829,49,2233,2439,1246
196086930635,220,2962,62,2483,2440,1246
196086941711,165,3146,177,17192,2441,1246
196086953368,25,5309,89,2184,2441,1247
196086964270,128,3289,162,15268,2442,1247
196086975136,118,3136,99,7880,2443,1247
196086986210,21,4736,53,2278,2443,1248
196086997681,133,4043,53,2622,2444,1248
196087008511,109,2826,164,14834,2445,1248
196087019566,22,2724,55,2330,2445,1249
196087030609,2314,3389,103,7923,2446,1249
196087042023,195,3675,170,15225,2447,1249
196087053162,24,5183,54,2260,2447,1250
196087064318,130,3002,46,2021,2448,1250
196087075362,120,3025,354,35179,2449,1250
196087086391,22,2898,74,4113,2449,1251
196087097704,155,3152,164,15942,2450,1251
196087108754,282,3087,108,7860,2451,1251
196087119831,25,5255,58,2085,2451,1252
196087130801,505,3544,65,2415,2452,1252
196087142064,245,3373,55,2611,2453,1252
196087153224,22,2811,52,2067,2453,1253
196087164419,285,2950,169,15012,2454,1253
196087175644,382,2953,64,2813,2455,1253
196087186484,155,5045,58,2215,2455,1254
196087197449,297,3283,106,7511,2456,1254
196087208561,324,3212,172,15660,2457,1254
196087219717,191,5107,72,2447,2457,1255
196087233757,295,2963,117,8226,2458,1255
196087241866,5874,2727,51,2348,2459,1255
196087253841,121,5508,164,14780,2460,1255
196087264359,20,3583,47,2289,2460,1256
196087275354,183,3858,136,8193,2461,1256
196087286575,21,6195,60,2191,2461,1257
196087297516,176,3347,160,15083,2462,1257
196087308894,197,2989,67,3410,2463,1257
196087319882,24,5175,60,2319,2463,1258
196087330520,118,2751,97,7768,2464,1258
196087342115,148,3115,51,1865,2465,1258
196087353129,23,2863,44,1119,2465,1259
196087364086,252,3041,219,22268,2466,1259
196087375449,137,3128,313,25826,2467,1259
196087386392,22,5206,62,3287,2467,1260
196087397637,108,2953,104,8613,2468,1260
196087408644,105,2855,174,15124,2469,1260
196087419505,26,3087,50,2043,2469,1261
196087431131,2894,3669,63,2491,2470,1261
196087441891,164,3762,101,1027,2471,1261
196087453000,21,6209,43,1009,2471,1262
196087464362,299,3857,309,33038,2472,1262
196087475466,119,3326,115,9853,2473,1262
196087486480,22,5586,60,2509,2473,1263
196087497518,140,3796,50,2531,2474,1263
196087508895,201,3258,156,14230,2475,1263
196087519605,24,3127,50,2191,2475,1264
196087530667,428,3446,106,8135,2476,1264
196087542283,269,3902,171,15047,2477,1264
196087553211,23,4982,53,1805,2477,1265
196087564354,146,3361,238,22203,2478,1265
196087575426,222,2626,98,7137,2479,1265
196087586532,21,5010,73,1772,2479,1266
196087597691,369,4221,44,2142,2480,1266
196087608791,234,3334,63,1839,2481,1266
196087619865,28,5092,50,1636,2481,1267
196087630946,200,3256,159,14257,2482,1267
196087641945,410,4242,101,7727,2483,1267
196087652925,22,2972,48,1723,2483,1268
196087664006,141,3423,154,14814,2484,1268
196087675019,2687,3571,60,2602,2485,1268
196087686648,22,5603,49,2029,2485,1269
196087697654,411,3148,93,7250,2486,1269
196087708706,395,3554,168,15336,2487,1269
196087720029,26,5642,52,2043,2487,1270
196087731064,239,3554,162,1551,2488,1270
196087741778,365,3350,382,35538,2489,1270
196087753232,84,5029,69,3921,2489,1271
196087763837,243,3079,186,14967,2490,1271
196087775353,116,3005,107,8063,2491,1271
196087786603,21,5088,63,2150,2491,1272
196087797217,272,4998,188,15139,2492,1272
196087808718,126,3564,57,3239,2493,1272
196087819868,22,5012,217,2121,2493,1273
196087830837,279,4280,97,7275,2494,1273
196087841924,191,4285,189,15593,2495,1273
196087852794,22,2960,57,2494,2495,1274
196087864354,215,2956,106,8918,2496,1274
196087875466,187,3155,167,14979,2497,1274
196087886212,21,2883,54,2436,2497,1275
196087897235,118,5199,106,8273,2498,1275
196087908395,282,3221,218,15370,2499,1275
196087919890,68,4736,56,2344,2499,1276
196087930833,295,3831,58,2580,2500,1276
196087942024,327,3971,96,7512,2501,1276
196087953145,20,5173,52,2203,2501,1277
196087964389,213,3582,159,15501,2502,1277
196087975131,429,3454,105,7975,2503,1277
196087986186,20,3041,52,2174,2503,1278
196087997281,355,4327,76,4851,2504,1278
196088008342,251,4679,335,35817,2505,1278
196088019767,29,2585,72,3998,2505,1279
196088030698,201,2634,113,8234,2506,1279
196088041916,141,2652,199,14045,2507,1279
196088053183,32,4610,74,2435,2507,1280
196088064225,173,2629,58,3137,2508,1280
196088075279,115,2687,106,7319,2509,1280
196088086475,27,2566,49,1991,2509,1281
196088097438,111,2699,151,14679,2510,1281
196088108513,106,2689,115,7790,2511,1281
196088150465,217,2702,114,5004,2512,1281
196088164958,153,2728,521,33533,2513,1281
196088176058,207,2762,123,4014,2514,1281
196088187191,24,4690,74,2365,2514,1282
196088197917,120,4108,111,7360,2515,1282
196088209023,162,3992,259,14751,2516,1282
196088220363,30,4748,92,2343,2516,1283
196088231620,133,2998,104,7909,2517,1283
196088242759,184,3127,57,2412,2518,1283
196088253968,27,4540,60,2011,2518,1284
196088264822,226,3194,157,14550,2519,1284
196088275874,226,3090,98,8000,2520,1284
196088286866,21,4930,64,2067,2520,1285
196088298027,372,2916,159,14725,2521,1285
196088309081,336,3151,109,8230,2522,1285
196088320604,169,4569,168,15483,2523,1285
196088331689,22,2947,64,1856,2523,1286
196088342706,291,2922,83,6037,2524,1286
196088353584,21,4954,42,1089,2524,1287
196088364650,111,2725,59,3454,2525,1287
196088375687,303,2910,362,35819,2526,1287
196088387222,112,4241,292,16549,2527,1287
196088398299,50,2625,63,2745,2527,1288
196088409244,266,2950,80,2784,2528,1288
196088420163,23,4981,53,2239,2528,1289
196088431433,147,3102,54,2450,2529,1289
196088442427,190,3094,96,7127,2530,1289
196088453687,26,4677,62,2152,2530,1290
196088464578,149,3876,167,15272,2531,1290
196088476103,158,3338,55,1618,2532,1290
196088487243,186,5415,545,35809,2533,1290
196088498000,28,2871,64,3992,2533,1291
196088509142,178,3104,177,15030,2534,1291
196088520182,21,5447,78,2309,2534,1292
196088531226,117,3239,185,7884,2535,1292
196088542695,273,3015,174,15078,2536,1292
196088553659,23,4570,61,2382,2536,1293
196088564719,226,3799,56,3081,2537,1293
196088575928,118,3827,117,2316,2538,1293
196088587183,126,5485,102,7603,2539,1293
196088598214,30,3164,45,1840,2539,1294
196088609233,108,3544,141,12111,2540,1294
196088620304,29,5319,50,2147,2540,1295
196088631225,204,3172,144,13699,2541,1295
196088642793,207,3200,48,1649,2542,1295
196088654048,186,4892,320,33330,2543,1295
196088664950,34,4491,63,3766,2543,1296
196088675920,178,3639,59,2439,2544,1296
196088686971,21,4931,53,2034,2544,1297
196088698142,172,3229,97,7254,2545,1297
196088709134,213,3633,170,14861,2546,1297
196088720481,150,4877,102,7746,2547,1297
196088731457,22,3572,49,2069,2547,1298
196088742541,238,3609,60,2376,2548,1298
196088753669,24,4826,59,2066,2548,1299
196088764757,130,3019,156,14578,2549,1299
196088775927,184,3728,147,8217,2550,1299
196088787022,233,5306,222,15186,2551,1299
196088798096,27,2838,57,2386,2551,1300
196088809071,120,2692,58,3296,2552,1300
196088820138,22,4799,48,2112,2552,1301
196088831723,193,2968,49,2362,2553,1301
196088842664,402,3236,101,7811,2554,1301
196088853701,22,4343,52,2049,2554,1302
196088864823,203,3030,44,2255,2555,1302
196088876125,152,2948,244,14656,2556,1302
196088887035,140,4421,105,8169,2557,1302
196088897976,21,2813,45,1882,2557,1303
196088909455,138,2947,87,6283,2558,1303
196088920595,197,4251,51,1130,2559,1303
196088931523,28,2755,43,1062,2559,1304
196088942571,277,3287,410,35525,2560,1304
196088953867,126,4382,190,17577,2561,1304
196088964970,31,3706,54,2744,2561,1305
196088976028,384,3394,103,7981,2562,1305
196088987121,154,4638,55,2455,2563,1305
196088998267,20,3094,49,2157,2563,1306
196089009343,129,3168,156,14631,2564,1306
196089020598,127,4361,104,8262,2565,1306
196089031383,20,2939,94,2011,2565,1307
196089042528,435,3203,166,15032,2566,1307
196089053785,186,4404,72,3262,2567,1307
196089064789,24,3104,45,2234,2567,1308
196089075757,450,3768,106,7455,2568,1308
196089087460,158,4868,52,2281,2569,1308
196089098129,20,2794,47,1997,2569,1309
196089109205,254,4122,48,2266,2570,1309
196089120360,22,6369,91,1991,2570,1310
196089131342,202,3162,156,14603,2571,1310
196089142384,127,4019,106,8372,2572,1310
196089153826,130,4702,162,14862,2573,1310
196089164753,21,3943,43,1351,2573,1311
196089175836,165,3428,336,32617,2574,1311
196089187120,127,5239,118,9335,2575,1311
196089198141,30,2809,90,2594,2575,1312
196089209081,149,2751,248,15817,2576,1312
196089220240,22,4686,56,2354,2576,1313
196089231392,139,4315,102,8066,2577,1313
196089242503,170,2894,58,2391,2578,1313
196089253522,24,4621,56,2126,2578,1314
196089264556,329,3167,156,14891,2579,1314
196089275769,141,3557,109,8266,2580,1314
196089287036,21,4648,67,2104,2580,1315
196089298030,169,4292,175,15362,2581,1315
196089308992,140,3877,65,4056,2582,1315
196089320565,92,5808,204,7765,2583,1315
196089331566,18,3332,42,2222,2583,1316
196089342582,106,2666,59,2645,2584,1316
196089353698,33,5566,120,2024,2584,1317
196089364580,141,3480,48,2272,2585,1317
196089375857,129,3219,181,14657,2586,1317
196089386889,41,5312,62,2414,2586,1318
196089398437,194,3726,170,8230,2587,1318
196089409579,125,3066,166,15188,2588,1318
196089420637,130,5569,144,12204,2589,1318
196089431357,22,3085,48,1847,2589,1319
196089442369,210,3685,60,1464,2590,1319
196089453551,33,5332,50,884,2590,1320
196089464781,292,3193,78,884,2591,1320
196089475889,128,3711,370,35948,2592,1320
196089486904,71,4843,81,4070,2592,1321
196089498078,319,3309,56,2580,2593,1321
196089509318,113,2918,163,14578,2594,1321
196089520564,117,4135,105,7845,2595,1321
196089531322,22,3092,45,2209,2595,1322
196089542593,223,2948,98,6453,2596,1322
196089553832,149,5133,355,34494,2597,1322
196089564909,22,2900,62,4036,2597,1323
196089576121,221,2950,103,7821,2598,1323
196089587099,184,5203,61,2422,2599,1323
196089598108,20,2838,48,2037,2599,1324
196089609285,182,3487,48,2284,2600,1324
196089620355,38,5152,55,1990,2600,1325
196089631185,179,3081,153,14251,2601,1325
196089642848,284,3003,111,8199,2602,1325
196089653898,229,4328,163,15060,2603,1325
196089664866,23,2837,47,2461,2603,1326
196089675686,301,4205,64,2740,2604,1326
196089687111,159,4484,47,1741,2605,1326
196089698133,21,2795,36,977,2605,1327
196089709217,180,3586,335,33039,2606,1327
196089720299,22,4578,72,3794,2606,1328
196089731463,183,3240,102,8238,2607,1328
196089742546,155,3169,51,2219,2608,1328
196089753582,20,4825,54,1934,2608,1329
196089764687,413,3138,155,14195,2609,1329
196089775748,396,3223,97,7803,2610,1329
196089786862,22,4760,57,2101,2610,1330
196089798182,166,3132,115,8677,2611,1330
196089809212,145,3478,348,33680,2612,1330
196089820328,26,4751,71,3894,2612,1331
196089831372,128,3817,68,2805,2613,1331
196089842535,264,3917,122,7879,2614,1331
196089853517,22,4953,49,2156,2614,1332
196089864761,376,4048,70,5047,2615,1332
196089876312,162,4190,421,35833,2616,1332
196089886810,22,6541,73,3973,2616,1333
196089898164,367,3315,161,15012,2617,1333
196089909025,446,4887,60,2880,2618,1333
196089920660,130,4011,59,2465,2619,1333
196089931199,21,3120,43,2251,2619,1334
196089942721,297,3487,98,7245,2620,1334
196089953788,49,4942,56,2134,2620,1335
196089964799,327,4384,270,15275,2621,1335
196089975930,167,3153,101,8080,2622,1335
196089987198,197,4669,57,2483,2623,1335
196089998038,21,2547,44,2151,2623,1336
196090009112,393,3205,156,14873,2624,1336
196090020152,22,4878,59,2100,2624,1337
196090031511,305,3237,99,7880,2625,1337
196090042729,363,3906,212,15157,2626,1337
196090053788,257,5183,56,1884,2627,1337
196090065087,78,3538,37,1006,2627,1338
196090075753,183,3860,334,33225,2628,1338
196090087401,156,4611,125,9908,2629,1338
196090098147,23,3786,52,2357,2629,1339
196090109364,255,3621,77,4903,2630,1339
196090120457,190,4739,42,1017,2631,1339
196090131693,26,3023,36,973,2631,1340
196090142936,157,3240,342,35994,2632,1340
196090153997,165,5844,83,4973,2633,1340
196090164989,21,3787,112,2412,2633,1341
196090175975,291,3262,50,2317,2634,1341
196090186921,50,5045,56,1963,2634,1342
196090198115,409,3576,93,7202,2635,1342
196090209182,324,3356,152,14335,2636,1342
196090220225,21,4694,57,2310,2636,1343
196090231652,279,4530,388,7932,2637,1343
196090242303,313,3700,62,2288,2638,1343
196090253869,284,4898,217,14557,2639,1343
196090264499,20,3864,59,2184,2639,1344
196090275763,308,3660,114,7926,2640,1344
196090286953,201,5378,173,15152,2641,1344
196090297862,21,3199,50,2317,2641,1345
196090309443,195,3594,59,2054,2642,1345
196090320509,202,5411,353,33276,2643,1345
196090331644,22,2734,60,3822,2643,1346
196090342629,121,4187,109,8484,2644,1346
196090353742,199,4577,52,2236,2645,1346
196090364751,21,2880,52,1946,2645,1347
196090375872,120,3399,154,14354,2646,1347
196090387196,286,4085,150,7500,2647,1347
196090397973,28,3496,35,1040,2647,1348
196090409317,359,3860,101,6233,2648,1348
196090420264,23,4910,49,1169,2648,1349
196090431465,213,3226,36,1086,2649,1349
196090442668,174,3343,374,35671,2650,1349
196090453839,245,3805,193,17604,2651,1349
196090464953,30,2532,63,2663,2651,1350
196090475717,213,2641,108,7972,2652,1350
196090486968,168,4104,58,2244,2653,1350
196090543218,181,3524,181,14662,2654,1350
196090558438,180,4012,89,4600,2655,1350
196090569514,24,5597,66,2105,2655,1351
196090580684,128,3978,95,7373,2656,1351
196090591802,176,4077,269,15266,2657,1351
196090602943,26,2678,74,2395,2657,1352
196090613733,152,3207,117,8029,2658,1352
196090625098,335,3928,174,14334,2659,1352
196090636078,25,2913,57,2404,2659,1353
196090647141,142,3305,110,8382,2660,1353
196090658427,150,3843,170,15192,2661,1353
196090669417,24,3077,53,2479,2661,1354
196090680431,157,3271,56,2699,2662,1354
196090691427,182,4105,47,1695,2663,1354
196090702753,20,2884,38,939,2663,1355
196090713649,157,4454,314,33144,2664,1355
196090725189,111,3125,117,9666,2665,1355
196090736229,18,5818,59,2343,2665,1356
196090747408,115,3836,54,2403,2666,1356
196090758553,191,3288,152,14070,2667,1356
196090769688,24,5733,54,2066,2667,1357
196090780802,306,3176,181,18190,2668,1357
196090791760,172,3675,163,15299,2669,1357
196090802771,20,2824,57,2437,2669,1358
196090813802,235,3996,54,3381,2670,1358
196090825250,154,3917,100,7184,2671,1358
196090836540,22,5310,49,2009,2671,1359
196090847086,537,4271,53,2427,2672,1359
196090858121,184,3018,48,2112,2673,1359
196090869212,21,2825,48,1926,2673,1360
196090880749,178,3537,154,14551,2674,1360
196090891819,119,3544,101,8066,2675,1360
196090902775,20,2842,48,2026,2675,1361
196090913829,249,3393,157,14979,2676,1361
196090924886,117,3215,50,1953,2677,1361
196090936007,19,3450,37,985,2677,1362
196090947020,251,3995,74,4883,2678,1362
196090958543,292,3393,75,4934,2679,1362
196090969584,20,4200,43,912,2679,1363
196090980689,129,3358,34,900,2680,1363
196090991528,191,3378,335,35922,2681,1363
196091003357,50,5522,72,3904,2681,1364
196091014021,161,3317,157,14931,2682,1364
196091025210,223,3703,107,7967,2683,1364
196091036439,60,6254,66,2075,2683,1365
196091047264,323,3604,169,15084,2684,1365
196091058371,444,3089,59,3075,2685,1365
196091069393,34,2995,48,2187,2685,1366
196091080369,237,3493,100,7267,2686,1366
196091091427,139,3525,169,15312,2687,1366
196091103016,84,4847,52,2198,2687,1367
196091114037,296,3998,103,8417,2688,1367
196091125107,301,3145,160,14626,2689,1367
196091136360,21,5483,57,2394,2689,1368
196091147348,123,3845,105,8231,2690,1368
196091158464,416,3746,164,15372,2691,1368
196091169618,23,5222,57,2428,2691,1369
196091180749,394,3924,62,2704,2692,1369
196091191829,300,3655,49,1470,2693,1369
196091202909,20,6183,50,899,2693,1370
196091214041,224,3803,37,896,2694,1370
196091224833,116,3167,395,35736,2695,1370
196091236064,192,6262,76,4087,2695,1371
196091247367,125,3940,60,2614,2696,1371
196091258619,138,2635,159,14646,2697,1371
196091269234,35,2707,67,2303,2697,1372
196091280827,242,2761,136,7909,2698,1372
196091291854,161,2674,177,15268,2699,1372
196091310085,186,3134,81,1867,2700,1372
196091314047,186,2726,58,1008,2700,1373
196091324991,139,4262,433,35921,2701,1373
196091336022,247,5304,110,4215,2701,1374
196091347715,177,4202,286,15987,2702,1374
196091358078,116,3925,151,7504,2703,1374
196091369458,30,6369,70,2060,2703,1375
196091380812,184,3163,175,14624,2704,1375
196091391801,325,4142,114,8072,2705,1375
196091402988,23,2582,63,2093,2705,1376
196091413734,763,3799,209,15085,2706,1376
196091424778,196,3098,61,2638,2707,1376
196091435978,102,5378,50,2191,2707,1377
196091447235,100,2935,90,6659,2708,1377
196091458420,290,3208,83,5214,2709,1377
196091469408,153,6068,55,1181,2709,1378
196091481237,320,4523,380,36337,2710,1378
196091492033,128,3178,84,4458,2711,1378
196091502826,107,5243,63,2423,2711,1379
196091513603,90,3288,179,14845,2712,1379
196091524916,115,2835,96,7970,2713,1379
196091535964,21,2893,125,2064,2713,1380
196091547137,157,2853,219,14983,2714,1380
196091558210,318,2980,66,3313,2715,1380
196091569229,37,2925,51,2146,2715,1381
196091580841,358,2709,92,7372,2716,1381
196091591721,245,2868,176,15475,2717,1381
196091602813,37,2885,70,2490,2717,1382
196091613832,191,3360,119,8800,2718,1382
196091624750,214,4044,171,14941,2719,1382
196091635906,25,3413,62,2483,2719,1383
196091647034,208,4214,107,8340,2720,1383
196091658239,128,3085,199,15386,2721,1383
196091669249,22,2962,60,2492,2721,1384
196091680367,229,3240,64,2795,2722,1384
196091691468,150,3846,98,7419,2723,1384
196091702860,24,2892,56,2133,2723,1385
196091713909,217,3964,167,14974,2724,1385
196091725077,127,3153,45,1319,2725,1385
196091736137,27,7463,89,932,2725,1386
196091747276,339,2897,43,931,2726,1386
196091758224,425,3223,351,36056,2727,1386
196091769280,21,3036,74,3966,2727,1387
196091780315,255,2944,100,8209,2728,1387
196091791410,359,3067,159,14011,2729,1387
196091802914,121,5815,55,2403,2729,1388
196091814072,99,2944,69,3749,2730,1388
196091825064,156,3568,97,7513,2731,1388
196091836110,314,5013,53,2120,2731,1389
196091847594,191,3302,161,14588,2732,1389
196091858283,191,3871,107,7745,2733,1389
196091869203,102,5550,62,2192,2733,1390
196091880660,265,3193,147,13615,2734,1390
196091891985,119,3079,98,8033,2735,1390
196091902839,22,3418,51,2042,2735,1391
196091913796,206,3742,153,14740,2736,1391
196091928552,216,2875,54,2740,2737,1391
196091936521,23,4841,61,2206,2737,1392
196091947451,218,3157,100,7567,2738,1392
196091958479,118,3358,165,15623,2739,1392
196091969522,323,4816,63,2428,2739,1393
196091980433,291,3826,102,8281,2740,1393
196091991423,380,3191,59,2289,2741,1393
196092003544,125,4547,56,2053,2741,1394
196092013794,18,3065,50,2052,2741,1395
196092025084,324,3356,53,2747,2742,1395
196092035878,362,5071,68,2076,2742,1396
196092046976,136,3077,169,15293,2743,1396
196092058534,209,3976,143,12834,2744,1396
196092069406,21,3136,63,2443,2744,1397
196092080389,180,3006,95,7764,2745,1397
196092091464,125,2765,58,2430,2746,1397
196092102998,36,2641,58,2091,2746,1398
196092114052,181,2651,68,2378,2747,1398
196092125132,123,2642,159,14673,2748,1398
196092136232,37,8221,117,2335,2748,1399
196092162066,266,3290,63,1715,2749,1399
196092176817,212,4008,523,34250,2750,1399
196092188540,140,4367,178,9231,2751,1399
196092199232,165,4217,77,2593,2751,1400
196092210260,117,4208,252,14904,2752,1400
196092221657,126,3423,141,7814,2753,1400
196092232722,24,3147,63,2276,2753,1401
196092243691,1100,3145,58,2593,2754,1401
196092254925,320,3433,158,14557,2755,1401
196092266050,25,2980,51,2425,2755,1402
196092277245,299,3140,106,8332,2756,1402
196092288140,313,3345,183,15410,2757,1402
196092299158,28,3409,74,2269,2757,1403
196092310161,183,4636,121,9038,2758,1403
196092323379,734,2773,187,15463,2759,1403
196092332382,26,4211,77,2452,2759,1404
196092343903,129,3615,54,1666,2760,1404
196092355009,116,3011,35,978,2761,1404
196092366018,202,3784,33,974,2761,1405
196092376957,145,3091,44,973,2762,1405
196092388338,187,4086,347,36083,2763,1405
196092399372,22,3121,71,3990,2763,1406
196092410423,350,2987,69,3430,2764,1406
196092421641,121,3324,71,2252,2765,1406
196092432527,26,2759,47,1983,2765,1407
196092443671,424,2934,193,7308,2766,1407
196092454711,337,3041,158,14286,2767,1407
196092465881,20,2842,48,2304,2767,1408
196092476967,190,3066,102,7898,2768,1408
196092488045,230,3859,59,2438,2769,1408
196092499334,25,3484,57,2076,2769,1409
196092510354,437,3353,176,14626,2770,1409
196092521521,282,3874,112,8013,2771,1409
196092533554,121,3014,57,2026,2771,1410
196092544046,253,3215,164,14944,2772,1410
196092554990,405,3050,57,3299,2773,1410
196092565938,22,3411,55,2182,2773,1411
196092577137,330,3421,48,2300,2774,1411
196092588021,193,3657,106,7757,2775,1411
196092599166,22,3415,50,2086,2775,1412
196092610830,194,3474,51,2383,2776,1412
196092621298,346,4620,173,13906,2777,1412
196092632776,29,3243,51,1509,2777,1413
196092643615,293,3362,43,1546,2778,1413
196092654598,394,3635,359,35952,2779,1413
196092666059,23,3251,89,3973,2779,1414
196092677388,120,3529,174,12921,2780,1414
196092688438,160,3336,99,7310,2781,1414
196092699713,36,2936,44,2211,2781,1415
196092710454,283,3669,179,15148,2782,1415
196092721731,310,3754,110,8043,2783,1415
196092733042,248,3541,60,2102,2783,1416
196092743932,196,3845,149,2414,2784,1416
196092754796,186,3299,161,14874,2785,1416
196092765987,157,3029,48,2357,2785,1417
196092777095,144,3471,102,8168,2786,1417
196092788365,329,4282,179,15370,2787,1417
196092799364,25,3460,92,2389,2787,1418
196092810386,259,3793,53,3356,2788,1418
196092821501,209,3756,107,7274,2789,1418
196092832499,25,3284,46,2214,2789,1419
196092843665,316,3112,169,15331,2790,1419
196092854718,364,3933,102,7387,2791,1419
196092866010,270,3359,54,2182,2791,1420
196092876799,299,3081,182,14774,2792,1420
196092888451,223,3431,108,8291,2793,1420
196092899434,21,3714,57,2217,2793,1421
196092910459,236,3454,84,6276,2794,1421
196092921496,160,3900,354,34667,2795,1421
196092932707,23,2795,68,4053,2795,1422
196092943786,158,3232,106,7800,2796,1422
196092954932,219,3174,162,15025,2797,1422
196092966018,22,2696,58,2354,2797,1423
196092976821,240,2942,101,8048,2798,1423
196092988271,142,3015,58,2417,2799,1423
196092999116,21,2904,131,2045,2799,1424
196093010171,143,2943,155,14646,2800,1424
196093021874,166,2813,113,8367,2801,1424
196093032891,104,3062,52,2094,2801,1425
196093043826,176,3253,161,15248,2802,1425
196093054904,111,3717,64,3371,2803,1425
196093066221,260,3117,66,2123,2803,1426
196093077180,127,3237,54,2155,2804,1426
196093088185,295,3719,108,7575,2805,1426
196093099385,316,3321,58,2081,2805,1427
196093110281,122,2608,52,2425,2806,1427
196093121593,154,2779,168,14598,2807,1427
196093132526,135,2623,47,2441,2807,1428
196093185650,227,5105,132,8398,2808,1428
196093202379,144,5849,70,3005,2809,1428
196093213462,118,3920,167,15662,2810,1428
196093224532,110,3889,111,8170,2811,1428
196093235617,45,5571,63,1995,2811,1429
196093246842,115,2839,68,2289,2812,1429
196093257982,304,3180,156,14124,2813,1429
196093269276,22,2993,59,1531,2813,1430
196093280176,135,2764,43,1501,2814,1430
196093291444,202,3601,411,33613,2815,1430
196093302477,24,2955,69,3799,2815,1431
196093313539,281,3056,59,3068,2816,1431
196093324600,164,3143,97,7347,2817,1431
196093335629,20,2862,50,2213,2817,1432
196093346656,222,3161,178,14703,2818,1432
196093358182,203,3137,98,7669,2819,1432
196093369189,21,2881,58,2242,2819,1433
196093380066,148,3219,57,2616,2820,1433
196093391199,111,3030,61,2796,2821,1433
196093402555,34,2914,65,1984,2821,1434
196093413652,131,2966,172,14935,2822,1434
196093424511,151,3117,56,2579,2823,1434
196093435980,22,2804,47,2151,2823,1435
196093446973,109,3159,97,7347,2824,1435
196093457922,181,3027,171,15401,2825,1435
196093468941,21,3143,1617,2124,2825,1436
196093480120,177,3320,93,7845,2826,1436
196093491329,119,3172,60,2530,2827,1436
196093502312,20,2830,46,2077,2827,1437
196093513507,119,3237,78,5428,2828,1437
196093524560,116,3439,360,36030,2829,1437
196093535841,21,2897,148,4007,2829,1438
196093547007,242,3799,182,15364,2830,1438
196093558234,196,2976,76,3362,2831,1438
196093569289,263,5527,66,2157,2831,1439
196093580309,179,4331,101,7240,2832,1439
196093591556,156,3647,179,15304,2833,1439
196093602652,22,2947,69,2361,2833,1440
196093613319,144,3187,107,8096,2834,1440
196093624376,111,2941,157,14366,2835,1440
196093635574,23,2901,72,2307,2835,1441
196093647108,123,4219,113,8123,2836,1441
196093658198,116,3209,190,15160,2837,1441
196093669257,22,2910,82,2497,2837,1442
196093680274,118,2807,53,2812,2838,1442
196093691400,247,2914,100,7531,2839,1442
196093702330,21,3035,50,2108,2839,1443
196093713428,125,3773,166,15636,2840,1443
196093724424,459,3385,100,7861,2841,1443
196093735488,22,3532,55,2089,2841,1444
196093747058,128,3876,45,2145,2842,1444
196093758310,154,3337,152,13905,2843,1444
196093769200,22,3304,46,1294,2843,1445
196093780225,117,3682,43,1494,2844,1445
196093791279,128,2689,360,33499,2845,1445
196093802327,25,2988,69,3784,2845,1446
196093813469,257,2930,51,1864,2846,1446
196093824388,274,3263,362,35767,2847,1446
196093835932,147,5338,73,4046,2847,1447
196093847314,108,2771,171,15699,2848,1447
196093858188,120,3034,92,7768,2849,1447
196093869350,127,4953,59,2055,2849,1448
196093880315,150,2733,163,13535,2850,1448
196093891381,149,2643,101,8038,2851,1448
196093915375,216,3451,101,3495,2852,1448
196093930498,259,3846,515,34676,2853,1448
196093941644,132,4044,162,9220,2854,1448
196093952774,21,5510,72,2436,2854,1449
196093963893,126,3947,242,14861,2855,1449
196093974966,124,2691,147,7737,2856,1449
196093986069,28,2810,66,2200,2856,1450
196093997233,138,3513,61,2547,2857,1450
196094008267,1289,3478,175,14582,2858,1450
196094019385,33,5349,64,2424,2858,1451
196094030462,1159,4247,115,8103,2859,1451
196094041499,200,3111,201,15228,2860,1451
196094052531,25,3049,59,2355,2860,1452
196094063655,156,3808,145,9092,2861,1452
196094075074,126,3829,200,15192,2862,1452
196094086318,23,5153,50,1763,2862,1453
196094097122,123,3684,45,1890,2863,1453
196094108182,133,3189,34,944,2864,1453
196094119364,37,5171,44,939,2864,1454
196094130515,368,4373,395,35936,2865,1454
196094141640,154,2965,169,16497,2866,1454
196094152642,23,5157,65,2708,2866,1455
196094163768,178,2758,55,2785,2867,1455
196094174888,422,3691,67,2451,2868,1455
196094186241,25,5275,60,2218,2868,1456
196094196875,196,3150,113,7184,2869,1456
196094208441,124,3214,307,15268,2870,1456
196094219499,28,5560,58,2390,2870,1457
196094230742,135,2915,100,8174,2871,1457
196094241994,122,3376,54,2274,2872,1457
196094252953,107,6651,61,2018,2872,1458
196094264465,104,3177,178,14592,2873,1458
196094275082,122,3142,112,8087,2874,1458
196094286024,260,5095,88,2290,2874,1459
196094297163,306,2914,170,15256,2875,1459
196094308303,363,2912,61,3985,2876,1459
196094319222,97,5262,61,2124,2876,1460
196094330526,790,2878,70,2271,2877,1460
196094342618,336,2894,107,7609,2878,1460
196094352873,117,5159,60,2069,2878,1461
196094365285,202,3177,80,4771,2879,1461
196094375028,450,3735,412,36034,2880,1461
196094385988,293,5553,83,3973,2880,1462
196094397541,323,4220,64,3002,2881,1462
196094408754,154,3185,171,15230,2882,1462
196094419582,115,4994,61,2278,2882,1463
196094430638,231,4014,59,2429,2883,1463
196094441819,144,3924,100,7150,2884,1463
196094452882,176,4966,69,1939,2884,1464
196094464068,240,3029,172,15128,2885,1464
196094474865,233,3632,97,7707,2886,1464
196094486158,195,6354,63,2211,2886,1465
196094497976,281,3394,62,2641,2887,1465
196094508312,168,4049,163,14870,2888,1465
196094519843,196,5771,62,2208,2888,1466
196094530562,20,3618,50,2159,2888,1467
196094541811,140,3076,61,1868,2889,1467
196094552884,142,5948,46,1145,2889,1468
196094563902,209,3437,355,37986,2890,1468
196094574666,139,3490,166,14707,2891,1468
196094586335,238,5284,49,1446,2891,1469
196094597326,24,4396,48,1126,2891,1470
196094608753,243,3044,50,1220,2892,1470
196094619431,22,5549,53,899,2892,1471
196094630636,205,3200,346,35627,2893,1471
196094641648,338,3449,177,16485,2894,1471
196094652752,21,5587,58,2713,2894,1472
196094663875,146,4376,59,2762,2895,1472
196094674867,129,3863,51,2470,2896,1472
196094685946,26,2944,57,2263,2896,1473
196094697175,165,2963,101,7247,2897,1473
196094708007,121,2663,162,15333,2898,1473
196094719040,160,2903,51,2264,2898,1474
196094730506,161,2679,116,8041,2899,1474
196094741742,127,2709,52,2616,2900,1474
196094776843,230,3449,259,14706,2901,1474
196094792056,185,4190,74,2039,2902,1474
196094803127,24,5010,51,1078,2902,1475
196094814682,258,3874,53,1077,2903,1475
196094825380,110,4316,576,35650,2904,1475
196094836514,21,4743,99,4138,2904,1476
196094847637,298,2861,288,15896,2905,1476
196094858468,139,3293,106,7974,2906,1476
196094869629,25,5015,62,2092,2906,1477
196094880875,319,3141,58,2431,2907,1477
196094891908,244,3378,54,2633,2908,1477
196094903234,24,4832,50,2051,2908,1478
196094914219,241,3003,158,14989,2909,1478
196094925315,192,3134,115,2631,2910,1478
196094936261,24,5139,49,2157,2910,1479
196094947806,124,3103,93,7403,2911,1479
196094958856,106,3098,167,15391,2912,1479
196094969879,21,5052,52,2343,2912,1480
196094981137,186,3957,95,8016,2913,1480
196094992264,169,3348,75,2548,2914,1480
196095003457,231,3277,160,14811,2915,1480
196095014487,110,4228,57,2450,2915,1481
196095026171,158,3933,116,8363,2916,1481
196095036174,254,5865,71,2053,2916,1482
196095047933,187,3268,163,15000,2917,1482
196095058689,128,3927,54,1681,2918,1482
196095069950,22,5833,45,983,2918,1483
196095081210,530,3408,43,983,2919,1483
196095093316,330,3445,366,33189,2920,1483
196095103244,177,5786,76,3822,2920,1484
196095114999,17,3554,57,2344,2920,1485
196095125935,143,3043,101,8431,2921,1485
196095136687,327,5544,50,1938,2921,1486
196095147938,23,3640,49,1915,2921,1487
196095158604,275,3463,160,13021,2922,1487
196095169725,105,5161,81,2133,2922,1488
196095181090,13,2773,52,2102,2922,1489
196095192040,120,3018,100,8129,2923,1489
196095203370,105,4794,54,1945,2923,1490
196095214412,20,2916,51,1930,2923,1491
196095225300,114,3035,48,2367,2924,1491
196095236556,115,4864,46,1907,2924,1492
196095247230,15,2865,50,1907,2924,1493
196095258426,117,2784,142,13393,2925,1493
196095269498,127,5102,49,1959,2925,1494
196095280654,178,3743,105,7569,2926,1494
196095292075,323,3264,205,14655,2927,1494
196095303240,25,4832,55,2379,2927,1495
196095314238,698,3192,106,8807,2928,1495
196095325508,123,3104,45,1963,2929,1495
196095336194,31,4996,48,1953,2929,1496
196095347625,226,3229,163,15281,2930,1496
196095358522,1390,3077,100,7336,2931,1496
196095369547,21,4979,48,1969,2931,1497
196095380941,377,3030,170,14719,2932,1497
196095392034,168,3282,103,8479,2933,1497
196095403293,23,4475,55,2037,2933,1498
196095413976,375,3780,253,15220,2934,1498
196095425122,194,3362,67,2810,2935,1498
196095436462,189,6340,72,2291,2935,1499
196095447779,26,3064,47,2255,2935,1500
196095458705,254,3552,54,1665,2936,1500
196095469695,24,6051,46,876,2936,1501
196095480817,384,3490,43,872,2937,1501
196095491878,216,3165,36,873,2938,1501
196095502970,185,6395,45,872,2938,1502
196095514683,17,3672,42,873,2938,1503
196095525150,206,3219,378,35783,2939,1503
196095536472,122,6534,81,3852,2939,1504
196095547744,26,2855,57,2342,2939,1505
196095558505,172,3228,145,13079,2940,1505
196095569948,21,4813,48,2154,2940,1506
196095581019,288,3280,96,7137,2941,1506
196095592044,134,3288,197,15124,2942,1506
196095603045,66,4877,72,2236,2942,1507
196095614095,347,4525,104,8554,2943,1507
196095625198,115,3077,161,14571,2944,1507
196095636242,20,4948,52,2275,2944,1508
196095647263,248,3783,100,8104,2945,1508
196095658694,236,3884,161,15160,2946,1508
196095669725,33,4828,68,2336,2946,1509
196095680642,129,3501,62,2599,2947,1509
196095691725,211,2918,122,7460,2948,1509
196095702945,27,5135,60,2183,2948,1510
196095714168,123,3839,163,15381,2949,1510
196095725379,268,3550,105,7851,2950,1510
196095736506,204,4572,58,2199,2950,1511
196095747338,21,2766,55,2190,2950,1512
196095758780,149,2945,80,4837,2951,1512
196095769545,193,5124,37,1039,2951,1513
196095781090,130,3125,337,35888,2952,1513
196095792120,144,2669,250,16844,2953,1513
196095803158,31,4500,73,2736,2953,1514
196095814192,164,2618,60,3275,2954,1514
196095825247,113,2647,103,7339,2955,1514
196095861138,276,3439,88,5814,2956,1514
196095876059,166,2793,579,35967,2957,1514
196095887131,175,4506,102,4676,2958,1514
196095898280,24,3509,65,2403,2958,1515
196095909476,119,3960,243,15140,2959,1515
196095920535,211,4241,72,2584,2960,1515
196095931668,25,3113,71,2075,2960,1516
196095942913,429,2940,105,7119,2961,1516
196095954256,234,5611,162,14509,2962,1516
196095965115,23,2708,46,1302,2962,1517
196095976333,7374,3176,374,38250,2963,1517
196095987993,285,4427,91,4142,2964,1517
196095998580,22,3597,50,2484,2964,1518
196096009672,169,3993,225,14872,2965,1518
196096021273,431,3968,108,8319,2966,1518
196096032081,133,3957,52,2102,2966,1519
196096042825,141,3909,106,6279,2967,1519
196096053905,161,5199,378,34488,2968,1519
196096065440,247,3403,68,3942,2968,1520
196096076429,2765,4109,104,7767,2969,1520
196096087997,109,3725,209,14961,2970,1520
196096098700,147,3285,56,2350,2970,1521
196096109542,129,3956,104,7971,2971,1521
196096120556,116,4480,65,2327,2972,1521
196096132008,135,4135,53,1999,2972,1522
196096143011,179,3189,61,2681,2973,1522
196096154115,305,3613,160,15130,2974,1522
196096165436,291,4152,61,2315,2974,1523
196096176200,143,3446,72,2586,2975,1523
196096187474,208,3933,94,7321,2976,1523
196096198568,179,2946,55,2105,2976,1524
196096209887,180,3306,165,15407,2977,1524
196096220950,127,3733,119,7875,2978,1524
196096231954,252,3611,67,2206,2978,1525
196096243337,238,3305,61,2544,2979,1525
196096254456,133,3902,157,14717,2980,1525
196096265510,175,2936,65,2556,2980,1526
196096276537,227,3380,107,8509,2981,1526
196096287593,192,3776,216,4356,2982,1526
196096298806,161,3421,41,1088,2982,1527
196096310044,147,3421,39,1014,2983,1527
196096321609,166,3437,42,1014,2984,1527
196096331793,155,3101,50,1014,2984,1528
196096342861,287,3063,345,33429,2985,1528
196096354459,161,3698,96,7333,2986,1528
196096365201,2008,3626,45,1076,2986,1529
196096376615,200,3000,317,32783,2987,1529
196096387259,105,3845,95,4447,2988,1529
196096399114,551,2702,59,2422,2988,1530
196096409626,258,3290,160,14551,2989,1530
196096420556,388,4223,67,2587,2990,1530
196096431620,320,3436,54,2107,2990,1531
196096443242,226,2947,100,7278,2991,1531
196096454319,132,3238,166,15266,2992,1531
196096465202,27,2823,53,2181,2992,1532
196096476452,246,2978,107,7783,2993,1532
196096487445,192,3688,57,2459,2994,1532
196096499110,1424,3054,118,2164,2994,1533
196096509848,376,3761,167,14612,2995,1533
196096520918,362,4850,115,8050,2996,1533
196096531596,20,3152,53,2207,2996,1534
196096542894,160,4506,166,15064,2997,1534
196096554362,362,3999,111,8285,2998,1534
196096565359,21,3526,54,2121,2998,1535
196096576388,180,3064,169,15680,2999,1535
196096587604,182,3936,52,1532,3000,1535
196096598586,113,3201,41,924,3000,1536
196096609668,115,3084,31,919,3001,1536
196096620717,220,3610,334,36025,3002,1536
196096631830,182,2814,71,3944,3002,1537
196096642905,210,4300,164,14991,3003,1537
196096654299,211,3639,66,2802,3004,1537
196096668717,26,2803,156,2133,3004,1538
196096676499,359,4147,61,2320,3005,1538
196096687422,211,4700,102,7076,3006,1538
196096698739,23,3251,55,2107,3006,1539
196096710005,298,3338,175,15210,3007,1539
196096721313,812,3263,151,7887,3008,1539
196096731878,24,4075,55,2002,3008,1540
196096747067,133,2929,60,2253,3009,1540
196096754035,167,4132,164,14699,3010,1540
196096765009,25,3205,52,2437,3010,1541
196096776356,201,3859,101,8330,3011,1541
196096787463,157,4404,188,15519,3012,1541
196096798464,26,3928,47,2260,3012,1542
196096809451,179,4043,70,3754,3013,1542
196096820658,184,4220,97,7372,3014,1542
196096831669,23,2528,51,2233,3014,1543
196096843005,164,2640,67,2541,3015,1543
196096854050,135,3421,58,2201,3016,1543
196096894348,222,2840,56,2021,3017,1543
196096908804,163,3811,244,13157,3018,1543
196096919952,26,4867,67,2182,3018,1544
196096931013,138,3988,69,2442,3019,1544
196096942144,123,3998,120,6658,3020,1544
196096953239,25,4534,74,1591,3020,1545
196096964375,358,3342,81,4834,3021,1545
196096975526,140,3215,52,1005,3022,1545
196096986604,23,4636,45,969,3022,1546
196096997676,244,3818,362,35892,3023,1546
196097009078,221,3557,173,16454,3024,1546
196097019947,187,5571,59,2679,3024,1547
196097031429,26,3787,60,2368,3024,1548
196097042806,265,4062,70,2612,3025,1548
196097053304,154,4991,61,2126,3025,1549
196097064431,18,4273,54,2111,3025,1550
196097075700,510,4029,111,8540,3026,1550
196097086985,226,4588,174,15345,3027,1550
196097097452,331,3050,56,2350,3027,1551
196097109068,365,4756,102,8528,3028,1551
196097120004,186,3820,163,14852,3029,1551
196097131234,175,3616,52,2149,3029,1552
196097142213,401,3382,129,7997,3030,1552
196097153589,136,5877,226,15091,3031,1552
196097164667,167,3168,59,2345,3031,1553
196097175696,244,3504,60,2674,3032,1553
196097186592,252,5502,109,7096,3033,1553
196097203098,263,4742,65,1495,3033,1554
196097209271,19,2793,49,1470,3033,1555
196097219794,20,6494,47,1470,3033,1556
196097231681,113,3271,78,4868,3034,1556
196097242497,222,3370,360,35636,3035,1556
196097253528,141,4367,174,16434,3036,1556
196097266122,253,4101,67,2681,3036,1557
196097275677,107,3896,103,8035,3037,1557
196097287106,127,4647,169,15206,3038,1557
196097297726,28,3221,61,2470,3038,1558
196097308784,294,3414,58,3297,3039,1558
196097319729,20,4692,55,2128,3039,1559
196097331373,188,3801,46,2271,3040,1559
196097342381,130,3609,96,7790,3041,1559
196097353649,122,3726,56,2195,3042,1559
196097364518,25,2526,54,2001,3042,1560
196097375720,148,2668,159,14507,3043,1560
196097386938,157,3921,61,1851,3044,1560
196097397821,23,2530,33,939,3044,1561
196097409039,122,2698,346,35964,3045,1561
196097427494,179,2664,145,6270,3046,1561
196097431263,152,2774,60,1033,3046,1562
196097442362,182,4087,544,35561,3047,1562
196097453370,170,4767,105,4110,3047,1563
196097464603,21,3503,78,2399,3047,1564
196097475685,122,4367,83,2621,3048,1564
196097486627,195,4473,82,1948,3048,1565
196097497502,26,2657,53,1927,3048,1566
196097509207,153,2914,154,13217,3049,1566
196097520532,130,3900,91,6365,3050,1566
196097530948,27,3548,35,1078,3050,1567
196097541975,207,4133,89,5933,3051,1567
196097553055,194,4567,59,1162,3051,1568
196097564204,18,3177,37,1044,3051,1569
196097575226,220,3037,348,35609,3052,1569
196097586848,116,5187,184,17686,3053,1569
196097597714,134,3500,60,2608,3053,1570
196097609200,221,3140,96,7906,3054,1570
196097619866,147,4971,69,2182,3054,1571
196097631139,20,2841,52,2161,3054,1572
196097642079,343,3836,69,4554,3055,1572
196097653577,2731,2996,164,15047,3056,1572
196097664732,227,3321,61,2505,3056,1573
196097675619,358,3544,62,2594,3057,1573
196097686551,163,4542,56,2190,3057,1574
196097697578,21,3356,47,2179,3057,1575
196097708853,428,3580,62,2351,3058,1575
196097719963,25,4701,65,2157,3058,1576
196097730955,225,3210,112,8045,3059,1576
196097742163,146,3442,47,2225,3060,1576
196097753191,145,4837,92,2022,3060,1577
196097764202,20,3614,52,2014,3060,1578
196097775270,306,3158,83,5546,3061,1578
196097786501,24,5464,50,1114,3061,1579
196097798257,225,4150,334,33772,3062,1579
196097808735,118,2672,79,4636,3063,1579
196097819924,128,4478,58,2350,3063,1580
196097833507,16,2854,55,2066,3063,1581
196097841909,318,3527,54,2101,3064,1581
196097853445,249,4371,57,1915,3064,1582
196097864673,18,3929,91,1905,3064,1583
196097877376,140,2835,75,4509,3065,1583
196097886589,131,4545,55,1893,3065,1584
196097897739,18,3001,52,1892,3065,1585
196097908588,294,3052,56,2155,3066,1585
196097919992,134,4482,43,1718,3066,1586
196097930830,23,3170,55,1716,3066,1587
196097942122,277,3760,209,18150,3067,1587
196097953278,126,4629,57,2201,3067,1588
196097964545,17,3109,52,2084,3067,1589
196097975670,174,3303,52,2348,3068,1589
196097986805,208,4496,71,1482,3069,1589
196097999054,90,2933,45,907,3069,1590
196098009956,138,3079,375,42982,3070,1590
196098020147,111,4447,87,5204,3070,1591
196098032368,15,2950,62,3074,3070,1592
196098042472,341,3762,73,3074,3071,1592
196098053306,274,4424,63,2509,3071,1593
196098064191,16,2974,72,2469,3071,1594
196098075547,195,3251,53,1951,3072,1594
196098086685,158,4815,360,33123,3073,1594
196098097809,22,2730,70,3748,3073,1595
196098108731,151,3585,103,8270,3074,1595
196098120027,23,5250,49,2117,3074,1596
196098130960,184,3676,58,2358,3075,1596
196098142110,160,3743,52,2557,3076,1596
196098153046,23,5406,147,2019,3076,1597
196098164432,171,3163,163,14408,3077,1597
196098175344,134,3111,50,2573,3078,1597
196098186511,28,4515,44,2115,3078,1598
196098197602,114,2866,98,7358,3079,1598
196098208932,126,2810,73,5580,3080,1598
196098220175,143,4094,342,36119,3081,1598
196098230847,20,2690,60,4102,3081,1599
196098242212,341,3030,50,2656,3082,1599
196098253107,21,5228,60,2082,3082,1600
196098264281,114,3007,159,14597,3083,1600
196098275368,124,3032,122,7832,3084,1600
196098286420,22,5048,61,1966,3084,1601
196098297508,228,3321,162,14908,3085,1601
196098309060,168,2980,54,3291,3086,1601
196098319860,29,4624,50,2191,3086,1602
196098330914,264,2985,98,7464,3087,1602
196098342026,1054,2968,165,15598,3088,1602
196098353575,105,3939,94,7571,3089,1602
196098364621,20,3150,50,2004,3089,1603
196098375712,122,3919,152,14795,3090,1603
196098387018,174,4257,112,8365,3091,1603
196098397662,33,3329,59,2123,3091,1604
196098408919,138,3367,164,15370,3092,1604
196098420003,28,4733,80,2535,3092,1605
196098430742,375,2962,77,2787,3093,1605
196098442066,165,2902,118,7313,3094,1605
196098453433,220,4337,175,14818,3095,1605
196098464433,33,2752,57,1476,3095,1606
196098475706,169,2993,51,1258,3096,1606
196098486529,22,5019,45,917,3096,1607
196098497637,114,3146,346,35901,3097,1607
196098508655,115,2962,184,16511,3098,1607
196098519742,21,5437,60,2751,3098,1608
196098531009,131,3355,95,7845,3099,1608
196098542042,186,3299,135,4382,3100,1608
196098553139,22,5627,44,1108,3100,1609
196098564484,153,3285,340,34369,3101,1609
196098575724,201,3219,230,9408,3102,1609
196098586803,113,4388,155,14847,3103,1609
196098597840,52,3043,64,1830,3103,1610
196098608570,184,2662,308,27716,3104,1610
196098619860,30,4458,53,2010,3104,1611
196098631291,200,3623,56,2248,3105,1611
196098642447,276,3463,62,2323,3106,1611
196098653017,23,4741,53,1804,3106,1612
196098664635,291,3389,158,14710,3107,1612
196098675388,184,3262,50,2356,3108,1612
196098686435,21,4653,62,1850,3108,1613
196098697637,112,3333,95,7270,3109,1613
196098708853,117,2817,170,15002,3110,1613
196098720083,164,4458,103,7619,3111,1613
196098731126,46,2744,49,1636,3111,1614
196098742370,117,3066,46,1901,3112,1614
196098753561,117,5472,160,14524,3113,1614
196098764492,21,2712,46,1983,3113,1615
196098775556,129,3140,100,7595,3114,1615
196098786842,285,5029,97,4282,3115,1615
196098797599,30,4073,41,1048,3115,1616
196098808782,205,4672,340,34656,3116,1616
196098819851,22,5337,85,3925,3116,1617
196098830889,368,3976,103,7671,3117,1617
196098842026,201,3408,172,14941,3118,1617
196098852983,24,5060,64,2322,3118,1618
196098864532,258,3893,104,7918,3119,1618
196098875677,116,2819,74,2445,3120,1618
196098886865,162,3779,62,2637,3121,1618
196098897798,23,2731,59,2104,3121,1619
196098908853,132,2640,172,14997,3122,1619
196098920192,186,3848,67,2563,3123,1619
196098931284,21,2573,49,2052,3123,1620
196098942287,127,2634,97,7269,3124,1620
196098953072,20,4461,46,1933,3124,1621
196098964890,241,13875,213,15205,3125,1621
196098990315,164,2666,75,1677,3126,1621
196099001410,31,3073,57,970,3126,1622
196099012667,193,3929,571,36161,3127,1622
196099023900,130,4034,157,8472,3128,1622
196099035024,24,3406,61,1609,3128,1623
196099046170,152,4207,140,6539,3129,1623
196099056910,144,2722,48,1067,3130,1623
196099068044,25,3244,44,993,3130,1624
196099079546,129,3181,348,35723,3131,1624
196099090568,378,2702,220,17454,3132,1624
196099101619,21,2979,59,2722,3132,1625
196099112620,116,3289,98,7906,3133,1625
196099123650,111,3840,154,14035,3134,1625
196099134871,25,2885,57,2379,3134,1626
196099145954,295,3200,106,8288,3135,1626
196099156926,108,3891,164,15111,3136,1626
196099168427,22,2776,57,2570,3136,1627
196099179553,179,2872,55,2807,3137,1627
196099190495,225,3113,58,1770,3138,1627
196099201500,19,3076,35,1003,3138,1628
196099212743,343,3365,416,33386,3139,1628
196099223877,207,3168,127,9699,3140,1628
196099234997,25,2936,59,2449,3140,1629
196099245980,275,3163,50,2531,3141,1629
196099257272,426,3044,154,14102,3142,1629
196099268142,20,3139,50,2182,3142,1630
196099279123,263,2972,95,7958,3143,1630
196099290495,202,2968,177,15176,3144,1630
196099301487,24,2916,56,2386,3144,1631
196099312518,114,3065,116,9560,3145,1631
196099323786,119,3636,157,14877,3146,1631
196099334823,18,3142,50,1346,3146,1632
196099346139,302,4452,39,1303,3147,1632
196099357202,228,3960,364,36154,3148,1632
196099368060,20,3358,75,4115,3148,1633
196099379250,223,4418,51,2626,3149,1633
196099390276,204,3037,158,14629,3150,1633
196099401431,24,2740,53,2358,3150,1634
196099412465,251,2667,66,2712,3151,1634
196099424023,374,3406,60,2478,3152,1634
196099434737,23,2953,53,2160,3152,1635
196099445904,161,3479,96,7115,3153,1635
196099456897,310,4127,171,15196,3154,1635
196099468549,23,3301,55,2453,3154,1636
196099479283,271,3771,104,8291,3155,1636
196099490409,119,3126,59,2386,3156,1636
196099501423,22,3266,59,2095,3156,1637
196099512553,235,4257,160,14914,3157,1637
196099523569,351,4294,109,8261,3158,1637
196099535092,22,3032,58,2107,3158,1638
196099546132,429,4010,163,15212,3159,1638
196099557168,132,3097,114,8296,3160,1638
196099568319,26,3230,53,2083,3160,1639
196099579318,364,4042,164,15721,3161,1639
196099590677,285,3200,47,1470,3162,1639
196099601628,20,3809,45,897,3162,1640
196099612712,205,3831,42,892,3163,1640
196099623897,138,2966,365,35866,3164,1640
196099634955,23,3035,96,3954,3164,1641
196099646026,134,3227,156,14975,3165,1641
196099657111,407,2811,62,2703,3166,1641
196099668096,21,2861,55,2091,3166,1642
196099679508,129,2937,48,2216,3167,1642
196099690257,263,3142,98,6915,3168,1642
196099701690,22,2865,52,2016,3168,1643
196099712759,180,3355,168,15168,3169,1643
196099723523,235,2989,99,7934,3170,1643
196099735054,22,2837,51,2039,3170,1644
196099746155,121,3855,62,2338,3171,1644
196099757325,113,3013,159,14406,3172,1644
196099768388,25,2813,46,1705,3172,1645
196099779398,110,3385,270,27924,3173,1645
196099790434,128,3265,171,15172,3174,1645
196099801667,27,2986,95,1983,3174,1646
196099812754,128,3927,61,2871,3175,1646
196099823784,123,3092,51,2125,3176,1646
196099834656,23,3575,55,1903,3176,1647
196099846143,113,3146,103,7737,3177,1647
196099857176,113,2677,53,2049,3178,1647
196099868356,20,2737,47,1522,3178,1648
196099879285,164,3415,79,5653,3179,1648
196099890679,165,3509,51,1035,3180,1648
196099901732,21,2981,36,995,3180,1649
196099912403,551,3600,322,33745,3181,1649
196099924040,142,3420,65,3967,3182,1649
196099934642,20,3322,57,2343,3182,1650
196099946204,303,3886,99,7223,3183,1650
196099957294,233,3239,165,14650,3184,1650
196099968403,25,3144,57,2315,3184,1651
196099979435,202,3426,102,7676,3185,1651
196099990559,125,4482,64,2517,3186,1651
196100001739,23,2861,51,2242,3186,1652
196100012844,218,4074,160,14621,3187,1652
196100023562,111,3095,97,7878,3188,1652
196100035002,20,3310,74,2081,3188,1653
196100046073,178,3260,164,15040,3189,1653
196100056892,264,3347,64,3251,3190,1653
196100068166,21,3273,50,2104,3190,1654
196100079291,146,3177,48,1844,3191,1654
196100090371,170,2968,266,27551,3192,1654
196100101375,24,2614,53,2069,3192,1655
196100112511,184,3101,77,4780,3193,1655
196100123674,305,2971,34,1004,3194,1655
196100134668,21,2799,42,951,3194,1656
196100146168,237,3193,339,36106,3195,1656
196100157222,441,3120,81,4911,3196,1656
196100168271,20,2770,61,2370,3196,1657
196100179384,163,3208,49,2277,3197,1657
196100190177,487,3222,93,7082,3198,1657
196100201672,22,2845,52,2019,3198,1658
196100212713,129,2941,156,14179,3199,1658
196100223837,110,2966,96,7592,3200,1658
196100234899,20,3217,54,2246,3200,1659
196100245958,132,2927,54,2606,3201,1659
196100257092,156,4954,173,14527,3202,1659
196100268430,32,2906,62,2275,3202,1660
196100279091,218,3372,107,8090,3203,1660
196100290671,377,4355,238,15165,3204,1660
196100301742,30,3099,67,2337,3204,1661
196100312827,148,4730,63,3318,3205,1661
196100323900,426,4726,102,7504,3206,1661
196100334903,23,3090,53,2119,3206,1662
196100346112,299,3306,55,2434,3207,1662
196100357202,201,3707,54,2134,3208,1662
196100368264,22,2829,53,1954,3208,1663
196100379247,124,3039,163,14692,3209,1663
196100390337,122,2902,104,8064,3210,1663
196100401533,30,2932,56,1863,3210,1664
196100412869,501,3233,86,6102,3211,1664
196100423949,370,3375,45,1076,3212,1664
196100434994,29,2891,38,996,3212,1665
196100446126,183,3012,54,991,3213,1665
196100457148,341,3547,398,33393,3214,1665
196100468253,36,2899,85,3830,3214,1666
196100479346,184,3064,114,8336,3215,1666
196100490388,491,3124,59,2657,3216,1666
196100501555,23,2922,86,1999,3216,1667
196100512620,134,2845,155,14149,3217,1667
196100523896,305,4156,120,8084,3218,1667
196100534817,29,6254,66,1948,3218,1668
196100545863,163,3241,167,14995,3219,1668
196100556944,322,3333,64,3399,3220,1668
196100567974,22,3175,50,2237,3220,1669
196100579606,127,3205,132,7412,3221,1669
196100590588,215,3079,54,2248,3222,1669
196100601461,23,3072,56,1958,3222,1670
196100612544,239,3253,50,2241,3223,1670
196100623586,239,3172,163,14685,3224,1670
196100634608,46,3617,62,2291,3224,1671
196100645873,306,3395,103,8085,3225,1671
196100657110,128,3559,172,15221,3226,1671
196100668284,24,3004,50,2239,3226,1672
196100679411,244,3472,53,2105,3227,1672
196100690442,126,3124,366,35784,3228,1672
196100701468,26,3411,88,3992,3228,1673
196100712855,235,3569,171,15928,3229,1673
196100723716,427,4932,111,7854,3230,1673
196100734815,25,3295,76,2136,3230,1674
196100745834,251,3506,64,2480,3231,1674
196100756899,125,3159,162,14680,3232,1674
196100768321,23,3002,55,2408,3232,1675
196100779324,268,3057,106,8246,3233,1675
196100790386,239,3467,176,15354,3234,1675
196100801439,30,3060,68,2341,3234,1676
196100812491,275,3281,66,3250,3235,1676
196100823579,141,3649,109,7442,3236,1676
196100834605,25,2942,50,2202,3236,1677
196100846118,313,4117,66,2510,3237,1677
196100857160,165,2911,50,2169,3238,1677
196100868255,22,2961,50,1987,3238,1678
196100879315,229,3740,169,14728,3239,1678
196100890508,135,3095,108,8039,3240,1678
196100901611,29,2816,59,2130,3240,1679
196100912618,348,4418,166,15008,3241,1679
196100923726,116,2697,62,2770,3242,1679
196100934754,21,2976,54,2253,3242,1680
196100945850,178,2710,171,6604,3243,1680
196100956888,150,4069,74,5188,3244,1680
196100968446,16,5613,41,1089,3244,1681
196100979602,239,3936,33,1038,3245,1681
196100990867,170,4096,373,36159,3246,1681
196101001744,22,3113,73,3999,3246,1682
196101012722,276,3545,246,15087,3247,1682
196101023796,318,4008,165,8134,3248,1682
196101034709,22,3025,56,2180,3248,1683
196101046071,181,3493,199,15260,3249,1683
196101057064,222,3353,87,3174,3250,1683
196101068045,29,2781,50,2248,3250,1684
196101079218,160,3456,95,7558,3251,1684
196101090340,132,3399,51,2404,3252,1684
196101101407,43,2719,53,2050,3252,1685
196101112588,119,2942,50,2364,3253,1685
196101123515,162,3193,167,14693,3254,1685
196101135212,25,2750,56,2320,3254,1686
196101145992,186,3074,106,8191,3255,1686
196101157212,177,4864,166,15223,3256,1686
196101168262,21,2999,57,2445,3256,1687
196101179515,288,3084,92,2621,3257,1687
196101190599,353,4210,48,1333,3258,1687
196101201609,27,2945,43,898,3258,1688
196101212583,283,3387,355,33104,3259,1688
196101223772,141,3280,127,9595,3260,1688
196101234790,25,2977,58,2445,3260,1689
196101245801,144,3506,54,2576,3261,1689
196101256895,409,4509,155,13981,3262,1689
196101268405,22,2964,53,2147,3262,1690
196101279516,214,4738,137,8012,3263,1690
196101290187,584,5203,169,15107,3264,1690
196101301633,27,3243,56,2232,3264,1691
196101312790,364,4330,58,3402,3265,1691
196101323711,120,3491,108,7196,3266,1691
196101335183,21,2902,51,2186,3266,1692
196101345859,194,3794,54,2486,3267,1692
196101357319,264,4047,87,2134,3268,1692
196101368293,22,2877,52,1934,3268,1693
196101379420,157,3652,150,13949,3269,1693
196101390453,221,3121,54,1717,3270,1693
196101401480,24,2996,45,969,3270,1694
196101412665,132,2625,35,968,3271,1694
196101423665,135,2708,392,34676,3272,1694
196101434949,28,2592,94,3926,3272,1695
196101446037,167,2775,105,7690,3273,1695
196101457130,129,2626,164,15038,3274,1695
196101468170,30,2670,66,2311,3274,1696
196101479219,187,2693,104,7890,3275,1696
196101490502,106,2645,56,2365,3276,1696
196101501346,21,2581,54,2036,3276,1697
196101512883,146,2676,151,14527,3277,1697
196101523522,113,2650,108,8163,3278,1697
196101535169,21,2599,49,2046,3278,1698
196101546160,143,2675,179,15041,3279,1698
196101556997,195,2666,76,3479,3280,1698
196101592430,366,2690,81,1697,3281,1698
196101606737,184,2763,555,36144,3282,1698
196101617882,47,3374,122,3950,3282,1699
196101629188,138,4178,244,13753,3283,1699
196101640333,172,3824,71,1711,3284,1699
196101651488,37,2753,69,883,3284,1700
196101662666,202,2732,459,36098,3285,1700
196101673721,231,3244,170,14270,3286,1700
196101684583,27,3180,63,2571,3286,1701
196101695648,409,2849,100,7339,3287,1701
196101707638,380,3110,198,15229,3288,1701
196101718256,26,3073,57,2436,3288,1702
196101729274,224,3212,118,7995,3289,1702
196101740477,242,3596,55,2593,3290,1702
196101751299,20,3016,49,2247,3290,1703
196101762744,268,3414,153,14848,3291,1703
196101773747,111,3433,106,8196,3292,1703
196101784827,19,2957,78,2126,3292,1704
196101795989,323,3155,176,15211,3293,1704
196101807118,181,3196,62,3733,3294,1704
196101818295,25,2913,47,2227,3294,1705
196101829247,258,3393,52,2504,3295,1705
196101840242,186,3743,98,7823,3296,1705
196101851840,20,3005,60,2178,3296,1706
196101862782,168,2920,55,2486,3297,1706
196101873489,221,3613,54,3138,3298,1706
196101884667,23,2895,36,985,3298,1707
196101896078,267,3613,437,36008,3299,1707
196101906751,151,4441,106,4997,3300,1707
196101917933,26,3300,64,2374,3300,1708
196101929389,233,3136,58,2215,3301,1708
196101940710,209,4124,114,7226,3302,1708
196101952212,382,6965,71,2150,3302,1709
196101963155,214,3673,89,4558,3303,1709
196101973673,281,3213,379,35808,3304,1709
196101984921,329,3417,71,3933,3304,1710
196101995812,282,3000,60,2624,3305,1710
196102006996,129,2844,158,14694,3306,1710
196102017856,100,3104,50,2145,3306,1711
196102028917,187,2914,92,7654,3307,1711
196102040055,431,2826,76,4294,3308,1711
196102051570,129,3382,42,1055,3308,1712
196102062663,122,2874,34,902,3309,1712
196102073439,300,2904,367,35372,3310,1712
196102084801,31,2881,76,4123,3310,1713
196102096063,224,3091,187,15751,3311,1713
196102107139,160,3203,117,7716,3312,1713
196102117916,33,3439,65,2200,3312,1714
196102129131,236,3315,72,2540,3313,1714
196102140013,306,3342,68,2636,3314,1714
196102151479,369,3324,69,2048,3314,1715
196102162545,148,4181,201,14967,3315,1715
196102173522,254,3671,108,2570,3316,1715
196102184862,34,3101,72,2101,3316,1716
196102195873,208,3794,128,7249,3317,1716
196102207046,164,2927,179,15224,3318,1716
196102218112,31,3047,66,2300,3318,1717
196102229171,133,3069,106,7935,3319,1717
196102240302,154,2979,67,2558,3320,1717
196102251545,29,2772,60,2095,3320,1718
196102262622,338,3241,167,14709,3321,1718
196102273760,161,3145,116,8275,3322,1718
196102284890,310,3140,67,2053,3322,1719
196102298149,179,3726,196,15202,3323,1719
196102307936,214,2948,80,3392,3324,1719
196102317771,441,3271,77,2318,3324,1720
196102329405,207,3014,141,7655,3325,1720
196102340416,322,2820,58,2487,3326,1720
196102351061,130,3161,57,2114,3326,1721
196102362738,621,2890,66,2382,3327,1721
196102373583,278,3453,173,14273,3328,1721
196102384754,26,3143,50,1434,3328,1722
196102395790,183,4274,367,38296,3329,1722
196102407136,261,4505,83,4397,3330,1722
196102417738,422,3437,48,961,3330,1723
196102429372,307,4011,343,34347,3331,1723
196102440168,168,2988,54,1473,3332,1723
196102451188,26,3060,36,874,3332,1724
196102462445,348,3498,346,32976,3333,1724
196102473866,215,3573,167,9526,3334,1724
196102484716,29,3353,70,2423,3334,1725
196102495826,182,3830,72,2596,3335,1725
196102507028,156,2741,173,13228,3336,1725
196102518312,91,3080,57,1100,3336,1726
196102529254,210,3599,377,37914,3337,1726
196102540027,172,2739,199,16885,3338,1726
196102551135,35,3315,74,2683,3338,1727
196102562648,181,4219,76,3324,3339,1727
196102573711,144,4117,108,7084,3340,1727
196102584516,31,3447,63,2122,3340,1728
196102595983,193,3438,248,15344,3341,1728
196102606930,169,3320,104,7279,3342,1728
196102617993,28,2824,65,2106,3342,1729
196102629256,222,3482,208,14729,3343,1729
196102640148,248,3065,133,8297,3344,1729
196102652228,40,3863,75,2151,3344,1730
196102662344,189,3067,188,15238,3345,1730
196102673799,874,3121,70,1837,3346,1730
196102684886,27,2826,42,914,3346,1731
196102695647,123,3892,341,35550,3347,1731
196102706681,238,3232,185,17612,3348,1731
196102717954,29,3104,83,2655,3348,1732
196102729334,323,4157,115,7818,3349,1732
196102740408,208,2907,88,2381,3350,1732
196102751489,42,2777,62,2075,3350,1733
196102762382,153,3070,169,14552,3351,1733
196102773659,382,3033,104,7942,3352,1733
196102784754,21,2861,59,2113,3352,1734
196102795847,196,3758,222,15000,3353,1734
196102806982,300,3663,58,3313,3354,1734
196102818156,24,3093,58,2180,3354,1735
196102829335,234,4214,102,7423,3355,1735
196102840068,125,3513,178,15548,3356,1735
196102851344,30,3028,66,2483,3356,1736
196102862324,240,3281,120,8722,3357,1736
196102873348,141,3839,175,14290,3358,1736
196102884488,33,3612,65,1176,3358,1737
196102895746,305,3815,406,37936,3359,1737
196102906654,232,2890,166,14646,3360,1737
196102918217,33,3151,62,1367,3360,1738
196102929648,184,4196,61,1798,3361,1738
196102940241,227,4461,57,983,3362,1738
196102951265,32,2945,50,961,3362,1739
196102962344,148,3224,340,33211,3363,1739
196102973505,172,2983,130,9800,3364,1739
196102984496,31,2983,69,2455,3364,1740
196102995581,152,2942,56,2495,3365,1740
196103007283,513,3183,162,14197,3366,1740
196103018203,27,3193,74,2177,3366,1741
196103029292,199,3554,112,8088,3367,1741
196103040364,146,2921,182,15128,3368,1741
196103051378,31,3603,66,2516,3368,1742
196103062611,215,3190,138,3183,3369,1742
196103074008,183,3715,110,7495,3370,1742
196103084679,132,3040,62,2024,3370,1743
196103095499,118,3082,56,2395,3371,1743
196103107011,323,2961,56,2104,3372,1743
196103118003,213,3228,64,1920,3372,1744
196103129320,266,3595,169,14499,3373,1744
196103140168,378,4172,122,7426,3374,1744
196103153201,186,4597,60,972,3374,1745
196103162621,24,4144,49,965,3374,1746
196103175147,500,3219,374,41568,3375,1746
196103184716,245,3133,113,4553,3375,1747
196103195902,293,4005,113,8107,3376,1747
196103206926,196,5694,193,15721,3377,1747
196103218244,265,3589,83,2671,3377,1748
196103229145,150,3312,117,8427,3378,1748
196103240249,341,3655,58,2377,3379,1748
196103251264,219,3417,67,2126,3379,1749
196103262645,375,3182,170,14923,3380,1749
196103274039,716,3879,122,8326,3381,1749
196103284573,120,3268,75,2197,3381,1750
196103295808,334,3143,169,15394,3382,1750
196103306732,126,3120,78,3549,3383,1750
