start_us,capture_us,encode_us,submit_us,payload_bytes,desktop_updates,cached_frames
197304031718,1617,6373,471,33737,1,0
197304043164,382,5078,167,13518,2,0
197304054082,141,3813,171,14581,3,0
197304065591,129,4832,85,5138,4,0
197304076218,656,5239,406,42970,5,0
197304087273,128,3706,79,4638,6,0
197304098823,156,3665,146,12704,7,0
197304110074,25,3099,116,4334,7,1
197304120988,479,4720,68,3537,8,1
197304132103,311,3260,151,12795,9,1
197304143190,275,4618,203,18698,10,1
197304153883,159,3657,366,33890,11,1
197304165063,254,3803,65,2501,12,1
197304176923,524,5074,132,8657,13,1
197304187352,173,3839,399,34454,14,1
197304198444,424,3535,95,5861,15,1
197304209925,235,3496,151,11829,16,1
197304220974,219,3131,122,8117,17,1
197304232053,475,3958,66,2298,18,1
197304243132,155,12312,1020,2987,19,1
197304267319,209,3108,573,34837,20,1
197304278496,191,3366,277,16516,21,1
197304289456,444,5087,73,1418,22,1
197304300245,175,4812,371,23815,23,1
197304311334,144,4904,327,17869,24,1
197304322465,151,4674,61,1657,25,1
197304333765,154,5573,365,33077,26,1
197304344813,140,4300,100,7121,27,1
197304355832,279,4550,227,21143,28,1
197304367023,194,3766,63,3150,29,1
197304378029,213,4162,388,35009,30,1
197304389178,197,6660,128,9647,31,1
197304400256,160,3132,74,2229,32,1
197304411342,205,3452,171,13859,33,1
197304422386,172,3630,56,2122,34,1
197304433916,249,4269,64,1701,35,1
197304445000,234,3086,419,34591,36,1
197304456110,183,3532,402,17269,37,1
197304468266,902,3421,113,7833,38,1
197304477876,305,4028,98,2123,39,1
197304489133,180,3473,63,2395,40,1
197304500164,162,3126,159,14324,41,1
197304511729,281,3354,69,2221,42,1
197304522744,398,3269,102,8003,43,1
197304533448,1131,3653,169,14914,44,1
197304545013,169,3251,58,2479,45,1
197304556106,422,3391,57,1991,46,1
197304567114,312,3267,102,7296,47,1
197304578102,147,3905,161,13857,48,1
197304589170,175,3716,308,31366,49,1
197304600481,168,3222,55,1315,50,1
197304611296,172,2791,471,34786,51,1
197304622654,128,3683,176,16273,52,1
197304633728,440,3566,80,2516,53,1
197304644810,285,3756,104,7466,54,1
197304656055,461,2996,344,33463,55,1
197304667220,360,4242,57,2419,56,1
197304678376,228,3940,85,2393,57,1
197304689042,248,3890,110,7708,58,1
197304700445,263,3179,49,1572,59,1
197304711480,120,3118,51,1540,60,1
197304722573,119,3138,356,30944,61,1
197304733571,246,2830,71,3751,62,1
197304744751,447,3781,52,2150,63,1
197304756220,197,2850,208,14596,64,1
197304766992,261,3066,113,8113,65,1
197304778413,320,3959,64,1939,66,1
197304789660,197,3173,236,14960,67,1
197304800329,159,3279,88,2598,68,1
197304811461,143,2858,102,7259,69,1
197304822637,184,4103,51,2048,70,1
197304833892,233,3152,177,15362,71,1
197304844795,154,3282,106,7894,72,1
197304855981,335,3751,56,1909,73,1
197304866991,116,3351,151,13598,74,1
197304878028,117,3290,53,1728,75,1
197304889158,202,3460,364,34857,76,1
197304900311,434,3098,72,3618,77,1
197304911366,111,3256,161,15032,78,1
197304922602,1673,4348,61,2393,79,1
197304933593,130,3116,152,1343,80,1
197304944806,317,2958,41,673,81,1
197304955948,234,2877,1234,32067,82,1
197304967593,174,2952,116,9361,83,1
197304978213,281,3541,54,2152,84,1
197304989505,212,2947,56,1302,85,1
197305000467,121,3239,510,42071,86,1
197305011564,290,3382,68,3445,87,1
197305022645,182,3267,143,11969,88,1
197305033721,247,3209,321,1389,89,1
197305044956,231,3227,72,3327,90,1
197305056093,136,2835,226,21498,91,1
197305067123,424,3087,195,17831,92,1
197305078109,168,3561,85,5371,93,1
197305089136,288,3298,359,32194,94,1
197305100317,407,2910,120,9554,95,1
197305111311,319,3512,56,2379,96,1
197305122368,115,3642,158,14161,97,1
197305133936,1027,3196,54,2103,98,1
197305145168,194,3807,100,7204,99,1
197305156255,253,2782,513,42807,100,1
197305167265,158,2645,83,5071,101,1
197305178031,258,3030,74,3410,102,1
197305189137,162,2681,115,8249,103,1
197305200337,160,2687,238,15690,104,1
197305211174,297,2632,67,1351,105,1
197305222724,131,2711,351,35007,106,1
197305233691,131,2697,84,3913,107,1
197305288994,246,2706,63,2913,108,1
197305303278,131,3053,61,3423,109,1
197305314437,243,3006,480,36361,110,1
197305325605,2430,9035,178,3711,111,1
197305348244,368,4253,59,2614,112,1
197305359394,145,4778,74,2099,113,1
197305370959,153,4371,66,1817,114,1
197305382024,143,4466,180,14229,115,1
197305392994,220,3581,118,7877,116,1
197305404136,184,2953,175,14937,117,1
197305414998,357,7979,198,1931,118,1
197305426512,175,3111,71,1909,119,1
197305437648,239,3223,260,8407,120,1
197305448696,145,4535,66,1945,121,1
197305459361,164,4925,252,15151,122,1
197305470486,183,3365,232,7475,123,1
197305481669,379,3349,202,11315,124,1
197305492761,239,3095,74,1975,125,1
197305503828,318,3383,168,14441,126,1
197305515813,147,4009,51,2061,127,1
197305526279,249,3130,119,7982,128,1
197305537468,233,4453,167,14176,129,1
197305548532,142,3429,337,31822,130,1
197305559656,122,3403,49,1339,131,1
197305570702,137,3696,351,34450,132,1
197305581836,202,3416,190,17007,133,1
197305593049,150,3083,107,7731,134,1
197305604182,122,3484,59,1924,135,1
197305615020,121,3363,58,2163,136,1
197305626366,162,3226,158,14275,137,1
197305637163,498,3083,99,7705,138,1
197305648577,171,4429,60,1774,139,1
197305659651,158,3529,164,14600,140,1
197305670868,767,3145,54,1513,141,1
197305681778,209,3408,388,33193,142,1
197305692868,676,5617,136,9825,143,1
197305703938,137,3504,171,15108,144,1
197305714972,123,4039,105,7500,145,1
197305726618,344,2950,51,2025,146,1
197305737157,250,2997,74,4641,147,1
197305748860,147,3007,348,35120,148,1
197305759569,136,4511,97,3766,149,1
197305770594,295,3289,114,8041,150,1
197305781624,126,3143,156,13897,151,1
197305792750,160,2971,57,2126,152,1
197305803848,195,3431,104,7455,153,1
197305815452,138,3863,317,31374,154,1
197305826472,230,3410,157,13671,155,1
197305837506,128,4541,317,31641,156,1
197305848587,316,3063,123,9631,157,1
197305859591,136,3460,54,2226,158,1
197305870660,146,3297,61,2305,159,1
197305881760,269,3047,166,14558,160,1
197305892829,2087,3661,122,8197,161,1
197305903972,657,3366,167,15234,162,1
197305914964,125,3133,60,2393,163,1
197305926132,142,3673,64,2561,164,1
197305937530,223,3167,102,7834,165,1
197305948652,157,3554,53,2043,166,1
197305959711,154,3448,167,15220,167,1
197305970911,122,3140,52,1449,168,1
197305981972,444,3443,710,34967,169,1
197305993062,199,3374,74,3684,170,1
197306004196,281,3197,166,14766,171,1
197306015255,123,3476,117,7979,172,1
197306026275,189,3325,52,1786,173,1
197306037300,210,3312,93,6039,174,1
197306048725,114,2971,347,33519,175,1
197306059756,132,3681,66,3672,176,1
197306070823,249,3358,100,7322,177,1
197306081896,123,4184,162,14680,178,1
197306093023,162,3132,105,7490,179,1
197306104102,229,4034,57,2347,180,1
197306115127,142,3048,68,1997,181,1
197306126265,243,3340,159,14396,182,1
197306137315,193,3160,56,2215,183,1
197306148360,153,3385,51,2276,184,1
197306159441,113,3743,47,1956,185,1
197306170541,439,3291,59,2171,186,1
197306181700,166,3341,57,2000,187,1
197306193205,356,3494,160,8280,188,1
197306204175,216,3164,171,15137,189,1
197306215279,175,3587,54,2248,190,1
197306226306,158,3460,104,7819,191,1
197306237385,132,3205,63,2384,192,1
197306248449,111,3356,159,14604,193,1
197306259495,310,3616,54,2081,194,1
197306270923,125,3103,96,6965,195,1
197306282026,178,4088,341,25680,196,1
197306293006,201,3827,91,1768,197,1
197306304203,132,3165,325,33558,198,1
197306315372,316,3917,123,9018,199,1
197306326371,346,3029,56,2296,200,1
197306337406,353,4182,58,2188,201,1
197306348472,154,3225,133,11310,202,1
197306359779,159,3368,55,2088,203,1
197306370698,172,3198,46,1748,204,1
197306381634,166,3087,223,14187,205,1
197306393192,123,2987,102,7756,206,1
197306404250,305,4202,169,14973,207,1
197306415105,470,5125,57,2267,208,1
197306426354,366,3379,166,12325,209,1
197306437325,179,3402,115,8023,210,1
197306448430,119,2967,167,15238,211,1
197306459518,238,3468,57,2152,212,1
197306470870,225,2987,104,7878,213,1
197306481964,256,3175,171,1066,214,1
197306493062,139,3246,337,31267,215,1
197306504098,297,3194,182,16346,216,1
197306515170,401,3699,116,8427,217,1
197306526395,234,3396,54,1980,218,1
197306537454,196,3275,258,23588,219,1
197306549158,167,3567,314,3289,220,1
197306559855,200,3575,109,7804,221,1
197306570518,245,2910,100,2017,222,1
197306581825,268,3600,202,15549,223,1
197306592803,196,3897,108,8006,224,1
197306603978,253,3598,58,2343,225,1
197306615052,158,2983,67,3010,226,1
197306626222,283,3441,340,34813,227,1
197306637316,141,3280,73,3692,228,1
197306648363,189,3366,105,7967,229,1
197306659369,147,4149,833,13902,230,1
197306670705,119,3550,60,2388,231,1
197306681642,179,3671,55,1295,232,1
197306692673,170,3626,257,25107,233,1
197306704318,229,3547,274,25595,234,1
197306715413,124,3599,65,2906,235,1
197306726496,1244,2972,105,7813,236,1
197306737174,209,3297,54,2212,237,1
197306748749,323,3256,60,3016,238,1
197306759818,20,3343,39,750,238,2
197306770500,131,3388,347,34955,239,2
197306781674,169,3363,183,16592,240,2
197306792777,2417,3187,66,2790,241,2
197306803820,181,3017,48,2038,242,2
197306815310,143,3678,95,7171,243,2
197306827217,974,3766,55,1944,244,2
197306837468,124,3519,364,15194,245,2
197306848278,377,3215,99,7683,246,2
197306859870,270,3882,56,2130,247,2
197306871038,155,3901,55,1900,248,2
197306882016,249,3285,162,14506,249,2
197306893127,141,3712,216,8035,250,2
197306904410,579,3173,161,15114,251,2
197306915399,20,3497,53,2180,251,3
197306926270,130,3520,62,2354,252,3
197306937371,140,3095,109,7690,253,3
197306948381,191,3303,167,15148,254,3
197306959522,534,3392,57,2020,255,3
197306970641,758,3741,106,7711,256,3
197306982292,127,3323,75,4533,257,3
197306992949,139,3495,352,34968,258,3
197307004290,164,3268,208,16355,259,3
197307014998,127,3426,57,2463,260,3
197307026061,121,4360,54,1529,261,3
197307037178,300,3519,308,31265,262,3
197307048490,316,3485,81,3977,263,3
197307059565,121,3224,57,2448,264,3
197307070603,451,2978,101,7188,265,3
197307081687,239,3205,168,15291,266,3
197307093169,200,3422,108,7563,267,3
197307104217,254,3037,248,21152,268,3
197307115151,700,3638,57,1663,269,3
197307126484,1122,4062,159,14282,270,3
197307137542,145,3414,250,7718,271,3
197307148701,369,3411,52,1555,272,3
197307159565,225,3136,176,14672,273,3
197307170596,141,3142,52,1960,274,3
197307181739,160,3030,65,2248,275,3
197307192713,158,2974,108,7465,276,3
197307203776,183,3420,172,15204,277,3
197307214944,152,3015,49,1852,278,3
197307226079,312,3119,102,7714,279,3
197307237242,284,3232,55,1817,280,3
197307248370,328,3544,161,14340,281,3
197307259859,192,3662,56,1996,282,3
197307270730,320,4274,105,7885,283,3
197307281963,166,3274,172,14965,284,3
197307292899,319,3221,55,2313,285,3
197307303934,123,3067,53,1830,286,3
197307314953,121,2750,97,7200,287,3
197307326056,215,3472,47,1719,288,3
197307337549,339,3631,195,14528,289,3
197307348557,200,3529,292,27597,290,3
197307359568,284,3809,149,13098,291,3
197307370556,153,3308,400,2936,292,3
197307381650,336,4521,361,34965,293,3
197307392842,247,3246,113,9436,294,3
197307403967,178,3475,160,14014,295,3
197307415122,184,3846,58,2245,296,3
197307426138,147,3146,83,2352,297,3
197307437199,362,3053,48,1335,298,3
197307448662,329,4117,382,32160,299,3
197307459536,608,3574,52,1232,300,3
197307470466,131,3161,378,34819,301,3
197307481966,126,3415,74,3867,302,3
197307493022,181,2846,52,2083,303,3
197307504082,249,3692,167,14162,304,3
197307515306,286,4514,61,1876,305,3
197307526345,128,3033,188,17077,306,3
197307537414,329,2894,169,15085,307,3
197307548498,192,3054,53,2491,308,3
197307559509,227,3007,61,2021,309,3
197307570617,176,4281,103,7303,310,3
197307581750,118,4202,168,15213,311,3
197307592890,103,3874,166,7446,312,3
197307603925,100,4186,48,1906,313,3
197307615024,217,2766,54,2146,314,3
197307626065,154,3183,158,14392,315,3
197307637320,124,2757,105,7961,316,3
197307648555,108,2743,45,1728,317,3
197307659932,473,5263,651,14688,318,3
197307671287,702,4007,137,11659,319,3
197307682049,201,3525,147,11576,320,3
197307693124,326,2938,114,7675,321,3
197307704263,204,3828,172,15253,322,3
197307715307,349,4217,51,2185,323,3
197307726279,316,3292,111,8101,324,3
197307737469,315,2993,53,1786,325,3
197307748607,656,3989,161,14331,326,3
197307759585,171,3567,53,1766,327,3
197307770629,357,3160,106,7594,328,3
197307781693,164,3679,170,14853,329,3
197307792703,215,3046,50,2199,330,3
197307803833,271,3375,77,1728,331,3
197307815420,259,5610,181,7002,332,3
197307827448,142,3851,162,14444,333,3
197307837513,113,2988,297,31737,334,3
197307848924,119,2926,52,1281,335,3
197307859444,286,3306,339,35053,336,3
197307870696,1057,3400,198,15119,337,3
197307881723,179,3962,59,2391,338,3
197307892906,134,2646,88,6702,339,3
197307903964,160,2715,381,42622,340,3
197307915050,176,35471,109,4855,341,3
197307962260,200,2670,104,3796,342,3
197307973595,292,3915,62,1334,343,3
197307984591,139,4657,529,34711,344,3
197307995239,112,3937,281,15018,345,3
197308006413,462,3720,96,2348,346,3
197308017582,200,2708,140,7288,347,3
197308028609,174,3644,148,11289,348,3
197308039787,184,3261,262,23234,349,3
197308050953,365,3501,70,2443,350,3
197308062142,178,3242,97,6869,351,3
197308073229,388,3676,65,1815,352,3
197308084521,648,3906,287,14829,353,3
197308095541,624,3335,159,7769,354,3
197308107135,153,4575,84,2435,355,3
197308117769,123,5456,490,32909,356,3
197308128892,154,3903,109,4789,357,3
197308140072,228,4284,571,34982,358,3
197308151243,206,2994,112,4657,359,3
197308161932,253,3375,63,2116,360,3
197308173493,168,3469,38,966,361,3
197308184536,188,3493,48,623,362,3
197308195671,215,3454,359,36574,363,3
197308206703,123,3570,177,15771,364,3
197308217897,165,3143,101,7796,365,3
197308228977,262,3368,56,2024,366,3
197308240030,294,3341,52,2233,367,3
197308251066,152,3732,177,14245,368,3
197308262317,130,3188,216,17594,369,3
197308273242,118,3625,52,1934,370,3
197308284343,198,4783,165,14833,371,3
197308295435,131,3192,53,2169,372,3
197308306537,121,3291,141,2441,373,3
197308317543,305,3240,95,7107,374,3
197308328661,265,3506,171,15045,375,3
197308340045,220,3786,54,1210,376,3
197308351142,223,4915,396,34997,377,3
197308362301,361,3755,67,3872,378,3
197308373602,134,3335,161,14639,379,3
197308384576,143,3742,43,1130,380,3
197308396038,1018,4521,71,1228,381,3
197308406383,212,3325,371,32797,382,3
197308417955,288,3054,62,3599,383,3
197308428910,185,3082,60,2094,384,3
197308439964,576,4748,106,7691,385,3
197308451036,136,3501,155,12978,386,3
197308462052,130,3766,697,31589,387,3
197308473231,239,3311,1501,9521,388,3
197308484607,321,3449,51,2180,389,3
197308495299,113,3560,146,13362,390,3
197308506421,457,3926,73,2009,391,3
197308517478,120,3297,42,1564,392,3
197308528791,1119,3695,324,32753,393,3
197308540188,669,3898,72,3451,394,3
197308550914,471,3704,57,2166,395,3
197308562445,187,2705,110,7003,396,3
197308573412,151,3903,62,1829,397,3
197308584356,664,2970,172,14440,398,3
197308595674,242,2986,108,7310,399,3
197308606763,302,2986,54,1766,400,3
197308622888,216,2923,369,21150,401,3
197308628793,27,3004,63,1776,401,4
197308639911,164,3136,73,2355,402,4
197308650983,187,3287,129,5725,403,4
197308662094,171,3864,497,33114,404,4
197308673196,219,4392,101,3679,405,4
197308684333,184,4667,76,2144,406,4
197308695460,136,4615,109,7018,407,4
197308706429,148,4261,244,23420,408,4
197308717628,135,4163,53,1328,409,4
197308728890,142,3868,367,34855,410,4
197308739871,330,4387,83,3699,411,4
197308751128,288,3594,174,14765,412,4
197308762031,180,3662,112,7827,413,4
197308773095,608,3117,59,1859,414,4
197308784526,146,4035,160,14875,415,4
197308795500,140,3140,58,1991,416,4
197308806534,323,3193,58,2364,417,4
197308817762,308,3237,100,7173,418,4
197308828801,154,3368,173,15286,419,4
197308839782,509,4272,53,2063,420,4
197308850955,144,3395,107,7695,421,4
197308862349,369,3403,55,2188,422,4
197308873381,210,3274,238,23525,423,4
197308884631,194,3225,57,2519,424,4
197308895254,192,3318,111,8095,425,4
197308906787,323,3302,537,15345,426,4
197308917856,127,3320,112,2719,427,4
197308928898,218,3271,370,1180,428,4
197308939983,135,3142,370,36272,429,4
197308951044,143,3299,124,5072,430,4
197308962100,555,3045,343,31756,431,4
197308973337,403,2883,122,9371,432,4
197308984387,134,3871,67,2184,433,4
197308995777,341,2936,161,13019,434,4
197309006527,129,3590,91,1786,435,4
197309017882,124,3061,50,1556,436,4
197309028698,142,3468,312,32132,437,4
197309040178,159,3482,68,3480,438,4
197309051239,209,3146,52,2164,439,4
197309062168,162,3640,93,6053,440,4
197309073386,264,3393,414,42409,441,4
197309084684,301,3193,69,4422,442,4
197309095286,436,2994,111,8276,443,4
197309106314,118,3193,56,2664,444,4
197309117525,118,3252,54,2171,445,4
197309128614,180,3883,166,14018,446,4
197309139659,427,4262,139,11542,447,4
197309150932,213,3411,296,16677,448,4
197309162322,182,3704,155,14618,449,4
197309173122,261,4011,52,2225,450,4
197309184504,437,3350,54,1544,451,4
197309195559,233,2897,107,7338,452,4
197309206444,276,3246,162,14914,453,4
197309217660,201,3474,106,7543,454,4
197309228811,121,3307,54,1576,455,4
197309239791,122,3303,63,1899,456,4
197309250960,146,3517,160,14275,457,4
197309262020,213,3289,105,7601,458,4
197309273009,325,4269,51,1413,459,4
197309284104,198,3935,286,23302,460,4
197309295913,154,3377,56,1595,461,4
197309306345,122,3339,348,33256,462,4
197309318068,245,3020,172,9069,463,4
197309328966,131,3225,169,15156,464,4
197309340008,137,4484,57,1319,465,4
197309351543,120,3417,342,34714,466,4
197309361966,155,3093,59,3944,467,4
197309373584,934,3135,160,14859,468,4
197309384535,125,3626,58,2251,469,4
197309395707,336,3269,103,7789,470,4
197309406738,208,3394,158,14287,471,4
197309417833,145,3390,305,31515,472,4
197309428938,176,3463,53,1429,473,4
197309439957,168,3794,383,34560,474,4
197309451381,658,3090,182,17068,475,4
197309461980,230,2939,57,2409,476,4
197309473066,242,3203,45,1231,477,4
197309484228,127,3748,343,34818,478,4
197309495738,186,3060,72,3911,479,4
197309506642,202,3548,167,14743,480,4
197309517711,207,3200,104,7744,481,4
197309528754,150,3197,166,15028,482,4
197309539756,118,3117,70,1955,483,4
197309550800,155,3538,54,2265,484,4
197309562218,419,3332,185,7061,485,4
197309573646,178,3675,71,1816,486,4
197309584252,217,3977,183,15156,487,4
197309595215,168,3258,113,7618,488,4
197309606501,652,3251,105,1902,489,4
197309617444,186,3738,225,20886,490,4
197309629142,219,3528,157,14441,491,4
197309640062,336,3580,58,1656,492,4
197309651204,201,4075,368,34832,493,4
197309662324,161,3011,187,16669,494,4
197309673389,273,3478,64,2829,495,4
197309684100,246,3878,109,7042,496,4
197309695233,132,3810,506,11072,497,4
197309706902,194,3385,94,4230,498,4
197309717870,284,3208,370,34661,499,4
197309728911,168,3553,73,3657,500,4
197309739918,332,3303,62,2370,501,4
197309751150,255,3337,70,3453,502,4
197309762141,534,3160,375,34760,503,4
197309773281,130,3324,75,3946,504,4
197309784177,241,3834,330,32508,505,4
197309795409,187,3409,120,3596,506,4
197309806542,261,3590,67,2069,507,4
197309817677,161,3524,55,1251,508,4
197309828784,208,3190,330,31883,509,4
197309840028,210,2873,129,9287,510,4
197309851029,158,4068,57,2083,511,4
197309862156,150,3495,56,2159,512,4
197309872949,150,3339,272,13779,513,4
197309884491,189,3990,61,1934,514,4
197309895668,201,3154,103,7631,515,4
197309906738,169,3128,194,14830,516,4
197309917856,319,3326,62,2127,517,4
197309928884,171,3450,110,8013,518,4
197309939962,436,4198,70,2355,519,4
197309950976,131,2991,166,15138,520,4
197309962137,154,3347,59,1995,521,4
197309972989,169,2825,104,7549,522,4
197309984123,256,3460,56,1945,523,4
197309995671,197,3468,55,2131,524,4
197310006703,327,4164,163,14313,525,4
197310017477,201,3784,111,8079,526,4
197310028880,358,3007,173,15150,527,4
197310039767,179,3006,59,2001,528,4
197310050900,216,3107,50,2321,529,4
197310062296,261,2983,122,7100,530,4
197310073347,273,2816,45,1790,531,4
197310084718,168,3666,198,15232,532,4
197310095373,194,3089,52,1246,533,4
197310106638,246,3119,446,34762,534,4
197310117980,217,3728,73,3664,535,4
197310129132,291,3643,164,14701,536,4
197310140151,121,3360,106,7882,537,4
197310151382,129,3083,46,1803,538,4
197310162334,369,3026,160,14822,539,4
197310173405,471,2889,60,2289,540,4
197310184420,260,4020,66,1880,541,4
197310195268,240,3177,113,7739,542,4
197310206855,3199,3605,228,15279,543,4
197310218095,115,4087,109,7826,544,4
197310228565,213,3845,69,1773,545,4
197310240004,175,3082,52,2012,546,4
197310250898,151,3171,161,13769,547,4
197310262106,328,2986,322,31446,548,4
197310273347,141,3002,76,4200,549,4
197310284265,240,3441,54,2403,550,4
197310295263,126,3170,60,2303,551,4
197310306583,373,3029,49,2020,552,4
197310317680,159,4070,109,7252,553,4
197310330533,2870,2776,194,15258,554,4
197310340000,271,4206,59,2256,555,4
197310350819,112,2720,101,7995,556,4
197310361925,437,3579,60,2061,557,4
197310373484,292,3634,164,14748,558,4
197310385008,132,3397,141,7930,559,4
197310395786,124,3017,42,1070,560,4
197310406813,136,3552,361,42893,561,4
197310417436,138,3273,78,5155,562,4
197310428960,254,3860,75,3377,563,4
197310440003,366,3861,115,8210,564,4
197310451015,180,2667,54,2197,565,4
197310462099,206,2588,65,2615,566,4
197310473039,142,2656,61,2025,567,4
197310484167,194,2959,61,2268,568,4
197310495613,135,2702,53,1984,569,4
197310506618,173,30252,356,14571,570,4
197310548313,179,2690,85,3100,571,4
197310559472,181,3358,62,821,572,4
197310570554,168,4622,554,36069,573,4
197310581751,161,3896,264,16809,574,4
197310592799,131,3914,147,8015,575,4
197310603964,154,3859,61,2017,576,4
197310615446,355,4479,69,2197,577,4
197310626217,244,3391,166,14551,578,4
197310637474,2119,2718,119,8148,579,4
197310648655,277,3361,51,1773,580,4
197310659803,284,4427,157,14194,581,4
197310670865,175,3130,49,1251,582,4
197310681985,310,3326,313,31513,583,4
197310693092,222,3636,245,9774,584,4
197310704080,134,2804,182,14685,585,4
197310715129,128,2959,44,1056,586,4
197310726128,117,3227,350,37255,587,4
197310737666,155,3084,105,3965,588,4
197310748638,120,2772,195,15041,589,4
197310759709,133,3398,53,2240,590,4
197310770917,232,3081,100,7970,591,4
197310782042,124,3653,46,1853,592,4
197310793061,568,3600,147,12499,593,4
197310804096,166,4082,59,2101,594,4
197310815195,187,3814,122,7334,595,4
197310826238,173,3412,166,15172,596,4
197310837311,133,3083,140,11562,597,4
197310848318,187,2880,43,1236,598,4
197310859881,212,3034,386,34809,599,4
197310870902,130,3087,178,16183,600,4
197310882009,301,4157,64,2457,601,4
197310892930,358,3214,105,7765,602,4
197310903958,324,3220,168,15010,603,4
197310914999,136,4916,61,2165,604,4
197310926178,180,3551,58,1541,605,4
197310937172,210,3895,530,36568,606,4
197310948281,550,3871,112,3493,607,4
197310959838,272,3967,223,15511,608,4
197310970529,169,3101,104,7725,609,4
197310981760,150,2642,60,2244,610,4
197310992801,191,4052,52,1156,611,4
197311011475,227,2891,572,42658,612,4
197311016104,32,3446,97,4707,612,5
197311026141,208,3384,162,8712,613,5
197311037179,136,4510,269,15439,614,5
197311048772,869,3575,74,2642,615,5
197311059857,167,3660,126,7425,616,5
197311070469,201,3360,72,2258,617,5
197311082048,187,2852,264,15543,618,5
197311093131,431,3366,121,8123,619,5
197311103864,196,3108,57,2181,620,5
197311115256,290,3951,68,2441,621,5
197311126400,205,3257,56,2144,622,5
197311137425,674,3245,68,2795,623,5
197311148443,244,3664,58,2133,624,5
197311159587,166,3812,175,15111,625,5
197311170583,171,3480,51,1732,626,5
197311181675,188,4348,348,31219,627,5
197311193133,128,3361,71,1297,628,5
197311204209,168,3467,318,32252,629,5
197311215296,176,4972,132,9290,630,5
197311226328,160,3414,63,2194,631,5
197311237339,399,3448,209,2346,632,5
197311248382,320,3440,158,13692,633,5
197311259365,162,3668,58,1857,634,5
197311270875,272,3802,104,7667,635,5
197311281894,129,3403,169,14866,636,5
197311292968,176,3549,53,2067,637,5
197311303944,227,3787,110,8000,638,5
197311314964,134,4771,52,1792,639,5
197311326010,315,3104,200,15201,640,5
197311337544,135,2929,88,2013,641,5
197311348647,478,3273,383,7608,642,5
197311359719,164,3436,85,4563,643,5
197311370768,147,4226,371,35042,644,5
197311381870,125,3482,82,4414,645,5
197311392927,186,3593,384,34960,646,5
197311404016,359,3664,188,16510,647,5
197311415241,293,4300,63,2440,648,5
197311426188,191,3628,58,1317,649,5
197311437253,419,3641,375,35997,650,5
197311448311,327,2966,80,5260,651,5
197311459340,130,3923,316,32068,652,5
197311470984,292,3555,121,9470,653,5
197311482001,126,3247,58,2200,654,5
197311493251,264,3481,151,13015,655,5
197311504041,169,3123,52,1887,656,5
197311515113,485,4313,104,7702,657,5
197311526213,195,3278,98,1844,658,5
197311537536,134,3476,166,14539,659,5
197311548533,224,3113,51,2201,660,5
197311559597,144,3414,57,1777,661,5
197311570622,544,4078,123,6944,662,5
197311581624,343,3244,192,14888,663,5
197311593020,197,3563,116,7697,664,5
197311604246,270,3063,53,1943,665,5
197311615285,301,3565,52,1724,666,5
197311626175,118,3607,789,14601,667,5
197311637300,137,3305,46,1373,668,5
197311648368,122,3517,1074,37115,669,5
197311659369,148,3777,74,4163,670,5
197311670917,152,3965,1533,33321,671,5
197311681982,173,3391,79,3701,672,5
197311692997,223,3503,112,8110,673,5
197311704084,122,3391,165,14846,674,5
197311715124,276,3825,53,2152,675,5
197311726121,342,3129,48,1250,676,5
197311737172,135,3224,521,34893,677,5
197311748313,222,3491,68,4532,678,5
197311759833,136,3774,366,34912,679,5
197311770793,300,3007,81,3728,680,5
197311781884,434,3312,172,15229,681,5
197311793053,137,3242,57,2462,682,5
197311804177,124,3565,169,11531,683,5
197311815222,376,4044,96,7451,684,5
197311826175,240,3551,58,1849,685,5
197311837204,283,4553,54,2182,686,5
197311848689,199,3361,47,1710,687,5
197311859616,184,3435,75,4543,688,5
197311870470,196,3225,341,34939,689,5
197311881966,290,3694,183,16302,690,5
197311893129,274,3313,285,8097,691,5
197311904167,153,3335,164,15200,692,5
197311915183,477,3940,56,2239,693,5
197311926158,113,3005,63,2458,694,5
197311937268,327,3185,118,7664,695,5
197311948450,295,3056,168,15149,696,5
197311959480,127,3508,54,2237,697,5
197311970471,137,3707,100,7788,698,5
197311981970,178,3422,55,1960,699,5
197311993005,206,3018,50,2222,700,5
197312004040,177,3079,155,13710,701,5
197312015130,226,3783,427,37212,702,5
197312026293,153,3217,72,4047,703,5
197312037318,131,3453,346,32869,704,5
197312048385,233,3645,73,3636,705,5
197312059670,135,3587,54,2086,706,5
197312070990,226,3636,97,7056,707,5
197312081648,191,3160,162,14572,708,5
197312092651,167,3286,114,7311,709,5
197312104260,229,3590,154,11624,710,5
197312115242,134,3877,54,1895,711,5
197312126400,236,3158,158,14362,712,5
197312137416,132,3057,110,8086,713,5
197312148624,355,3371,50,1818,714,5
197312159433,141,3799,159,14904,715,5
197312170458,165,3445,53,1975,716,5
197312181979,230,3367,151,12052,717,5
197312192942,189,4280,114,8052,718,5
197312203965,169,3424,197,15313,719,5
197312215018,200,4409,71,1333,720,5
197312226321,682,3491,378,34912,721,5
197312237409,158,3540,189,3888,722,5
197312248423,153,3216,167,14696,723,5
197312259690,158,3254,52,2083,724,5
197312270862,176,3624,201,17220,725,5
197312281903,125,3381,76,4288,726,5
197312292917,385,3438,334,33551,727,5
197312303941,260,3731,76,3711,728,5
197312315089,188,3673,114,7564,729,5
197312326190,235,3528,194,14566,730,5
197312337390,120,3030,225,11474,731,5
197312348782,148,3506,48,1286,732,5
197312359347,180,3818,342,34991,733,5
197312371124,619,3782,150,12290,734,5
197312381777,118,3490,311,31379,735,5
197312392938,134,3655,159,9222,736,5
197312404098,497,3489,248,24077,737,5
197312415287,352,3528,63,2688,738,5
197312426264,196,3360,70,2524,739,5
197312437277,167,3590,282,7831,740,5
197312448715,135,3520,58,2056,741,5
197312459753,217,3550,51,1518,742,5
197312470764,122,3438,44,756,743,5
197312481787,442,4086,311,31424,744,5
197312492839,128,3474,269,3531,745,5
197312503913,159,3735,180,13575,746,5
197312515087,245,3935,38,960,747,5
197312526131,198,3601,985,37068,748,5
197312537180,350,3145,156,13928,749,5
197312548344,256,3196,345,31792,750,5
197312559723,243,2918,116,8813,751,5
197312570890,221,3197,61,2209,752,5
197312581884,163,3372,75,4232,753,5
197312592951,131,3283,372,34827,754,5
197312604047,151,3346,92,3639,755,5
197312615131,210,3991,56,2351,756,5
197312626148,178,3436,62,2922,757,5
197312637198,203,3440,338,34837,758,5
197312648283,117,3424,72,3674,759,5
197312659364,149,4138,168,15060,760,5
197312670877,193,3729,66,2429,761,5
197312681952,201,3773,60,1875,762,5
197312693159,253,3619,56,1197,763,5
197312703920,277,3563,325,32266,764,5
197312715290,150,3872,69,3494,765,5
197312725991,148,3406,108,7893,766,5
197312737099,141,3212,113,2194,767,5
197312748709,229,3417,158,13690,768,5
197312759436,164,3961,51,1841,769,5
197312770541,209,3275,174,7617,770,5
197312781554,218,3633,161,14796,771,5
197312792957,143,3437,56,1980,772,5
197312804092,131,3285,192,7524,773,5
197312815146,553,3830,46,844,774,5
197312826329,273,3374,486,43247,775,5
197312837344,257,3335,77,5019,776,5
197312848432,122,3363,115,8499,777,5
197312859533,293,3434,65,2423,778,5
197312870555,162,3525,88,2491,779,5
197312881677,227,3648,171,14678,780,5
197312892838,353,3481,114,8201,781,5
197312904340,393,2922,171,15398,782,5
197312914911,362,3703,89,2270,783,5
197312926490,407,3024,59,1677,784,5
197312937581,172,2738,364,34524,785,5
197312948768,180,3343,352,3623,786,5
197312962372,214,3853,113,4438,787,5
197312970931,138,2865,109,4792,788,5
197312981641,157,2832,440,31154,789,5
197312992722,205,4127,93,2905,790,5
197313003808,303,4085,528,34870,791,5
197313015397,163,5019,181,9363,792,5
197313025993,146,5188,69,2243,793,5
197313037224,114,4537,191,13081,794,5
197313048298,187,4232,312,21356,795,5
197313059360,168,5878,87,1736,796,5
197313070489,233,3585,106,6877,797,5
197313082018,235,3713,170,14083,798,5
197313093100,722,3570,113,7187,799,5
197313104310,166,3509,57,1842,800,5
197313114848,199,4497,97,2824,801,5
197313126411,161,3376,354,35052,802,5
197313137156,218,3678,77,3743,803,5
197313153183,252,3668,532,3194,804,5
197313159786,145,4081,49,1901,805,5
197313170955,171,3132,56,1897,806,5
197313181959,177,3092,56,1756,807,5
197313193002,138,3357,109,7872,808,5
197313204015,133,3659,159,14126,809,5
197313215151,205,4932,61,2103,810,5
197313226017,182,2992,49,1245,811,5
197313237272,529,3566,371,35150,812,5
197313248297,120,3461,195,16336,813,5
197313259405,195,4283,59,2534,814,5
197313271018,130,6955,132,7500,815,5
197313282052,266,3148,323,33475,816,5
197313293031,115,2764,49,1682,817,5
197313303918,139,3396,320,33709,818,5
197313315058,181,3139,118,9024,819,5
197313326094,213,3039,142,2280,820,5
197313337130,192,3333,77,4290,821,5
197313348642,210,3919,346,35149,822,5
197313359399,132,4516,69,3968,823,5
197313371107,163,3970,60,2169,824,5
197313381625,117,3137,159,14537,825,5
197313392643,112,2674,127,7697,826,5
197313404187,159,2697,168,14859,827,5
197313415298,152,3125,61,1979,828,5
197313426304,182,2677,148,12133,829,5
197313437323,157,2658,189,7953,830,5
197313448358,108,2664,162,15293,831,5
197313470559,217,2716,68,1245,832,5
197313484660,237,4035,521,35089,833,5
197313496202,126,4332,91,3706,834,5
197313507264,179,4016,229,14760,835,5
197313518428,120,4134,147,7965,836,5
197313529585,128,4319,271,13271,837,5
197313540752,255,2946,465,31537,838,5
197313551432,484,3311,93,4000,839,5
197313562602,224,3961,103,7475,840,5
197313573763,344,4288,180,15435,841,5
197313585330,258,4400,461,2266,842,5
197313595948,797,4314,124,7992,843,5
197313607153,336,3516,63,1881,844,5
197313619311,2500,3554,64,1451,845,5
197313629426,306,3064,380,42816,846,5
197313640430,241,3892,171,10856,847,5
197313651677,189,2974,49,1013,848,5
197313662762,147,3215,357,43122,849,5
197313673725,351,3325,90,5508,850,5
197313684767,28,2850,70,2809,850,6
197313696046,162,3073,127,8932,851,6
197313707096,280,3658,178,15785,852,6
197313718396,287,3763,115,8049,853,6
197313729413,412,3157,49,2254,854,6
197313740474,214,3927,76,2950,855,6
197313751452,251,3315,352,35123,856,6
197313762758,162,3067,66,3667,857,6
197313773766,127,3123,106,7917,858,6
197313784872,362,3684,149,13718,859,6
197313796012,128,3202,51,2012,860,6
197313807023,1050,2966,151,7136,861,6
197313818087,192,3428,487,31238,862,6
197313829609,151,3270,72,4628,863,6
197313840613,129,3341,338,32313,864,6
197313851877,114,2753,132,6797,865,6
197313862960,179,4046,1661,31378,866,6
197313873979,233,3225,165,13050,867,6
197313885014,135,3195,37,847,868,6
197313896029,246,4235,384,37070,869,6
197313907157,183,3523,586,16562,870,6
197313917997,231,3475,60,1766,871,6
197313929494,190,3392,329,31437,872,6
197313940579,299,4264,122,9353,873,6
197313951544,242,3803,54,2171,874,6
197313962680,364,3825,178,15233,875,6
197313973773,171,3787,103,7762,876,6
197313984773,152,4113,76,2137,877,6
197313995961,192,3223,105,2895,878,6
197314006945,158,3065,338,34734,879,6
197314018019,117,2785,150,9393,880,6
197314029111,432,2836,156,13942,881,6
197314040625,116,3348,65,1237,882,6
197314051844,161,3383,336,31310,883,6
197314062722,232,3955,49,1308,884,6
197314073933,206,3860,301,31826,885,6
197314084951,468,3497,60,3433,886,6
197314095925,309,3179,137,7884,887,6
197314106971,156,4037,132,3167,888,6
197314118484,209,2936,406,33101,889,6
197314129518,313,4027,75,4813,890,6
197314140493,152,4651,391,34806,891,6
197314152920,153,3847,102,6565,892,6
197314162463,213,4236,376,42028,893,6
197314174014,135,3452,101,4484,894,6
197314185089,147,2840,281,8275,895,6
197314196190,559,3940,65,2164,896,6
197314206967,186,3605,162,14525,897,6
197314218137,152,3432,103,7738,898,6
197314229207,305,3439,53,2144,899,6
197314240469,210,3682,63,2591,900,6
197314251623,114,3319,162,14514,901,6
197314262797,129,3288,174,8180,902,6
197314273816,118,3561,48,1867,903,6
197314284876,2297,3620,267,14848,904,6
197314296030,108,3549,64,1618,905,6
197314307016,155,3078,315,33525,906,6
197314318102,123,2925,91,6226,907,6
197314329576,233,3857,401,42681,908,6
197314340562,126,3311,115,6683,909,6
197314351555,195,3154,315,31222,910,6
197314362635,263,3717,80,4668,911,6
197314373882,347,3324,373,35125,912,6
197314384997,152,3371,185,3776,913,6
197314396065,123,3168,112,8082,914,6
197314407246,171,3592,176,13851,915,6
197314418289,130,4778,60,2421,916,6
197314429534,129,2906,46,1321,917,6
197314440616,140,3260,353,34749,918,6
197314451641,134,3180,187,17089,919,6
197314462670,222,3142,64,2518,920,6
197314473980,283,3554,100,7817,921,6
197314485167,225,3040,69,2141,922,6
197314496192,153,4388,50,1828,923,6
197314507245,124,3379,170,13535,924,6
197314518262,104,2915,95,7006,925,6
197314529408,452,3559,450,42754,926,6
197314540324,237,3633,85,5180,927,6
197314551413,122,3099,47,1717,928,6
197314562496,200,3126,1663,36701,929,6
197314573985,140,3196,61,3541,930,6
197314585090,329,3264,173,15639,931,6
197314596102,155,3638,49,1332,932,6
197314607310,220,5909,334,35009,933,6
197314618344,128,3443,70,3704,934,6
197314629518,148,3042,300,14818,935,6
197314640494,111,4159,98,7844,936,6
197314651492,114,3130,51,920,937,6
197314662558,127,3123,354,34566,938,6
197314673617,248,3002,55,1600,939,6
197314685123,155,3748,801,990,940,6
197314696149,340,3694,383,34608,941,6
197314707012,163,3512,77,4465,942,6
197314718176,190,3383,337,34811,943,6
197314729267,165,3207,65,3668,944,6
197314740326,159,4428,64,2330,945,6
197314751772,129,2823,157,14500,946,6
197314762785,116,2823,135,2081,947,6
197314773929,127,2711,53,1627,948,6
197314784952,136,2747,318,32505,949,6
197314796017,176,2740,70,3581,950,6
197314807627,160,2682,62,2052,951,6
197314818157,139,2673,98,7083,952,6
197314869436,240,2864,95,5263,953,6
197314884648,232,2772,345,34960,954,6
197314895008,153,2662,127,9541,955,6
197314906395,233,3762,166,14150,956,6
197314917217,123,3853,54,2627,957,6
197314928445,247,4265,111,1986,958,6
197314939478,164,4212,175,7939,959,6
197314950723,216,4373,82,1837,960,6
197314961792,297,3285,57,1768,961,6
197314973193,204,3417,316,20847,962,6
197314984004,138,3390,53,1870,963,6
197314995079,277,3163,47,1497,964,6
197315006067,215,3164,309,13441,965,6
197315017236,197,3328,386,37149,966,6
197315028402,137,3939,70,4258,967,6
197315039432,186,3186,479,32862,968,6
197315050452,372,3727,74,3656,969,6
197315061990,238,3425,108,7337,970,6
197315073009,202,3728,164,14702,971,6
197315084135,175,3847,58,2205,972,6
197315095254,193,3110,109,7727,973,6
197315106383,226,3348,51,1920,974,6
197315117428,196,4372,51,2264,975,6
197315128445,227,3352,163,14371,976,6
197315139616,169,5561,107,7877,977,6
197315150609,236,3533,51,1884,978,6
197315161700,145,3529,199,14705,979,6
197315172714,262,3627,58,2540,980,6
197315183713,143,6014,54,1367,981,6
197315195254,127,3287,280,25114,982,6
197315206272,112,4080,251,25664,983,6
197315217395,261,2732,40,1333,984,6
197315228355,117,4002,333,35154,985,6
197315239399,223,2916,218,3700,986,6
197315250443,296,3272,278,14772,987,6
197315261945,352,4222,107,7956,988,6
197315272921,286,3408,52,1931,989,6
197315284048,144,4109,279,14848,990,6
197315295091,198,3082,51,1242,991,6
197315306123,289,3446,305,31786,992,6
197315317310,137,4103,185,8827,993,6
197315328353,178,2726,193,15659,994,6
197315339400,142,3018,59,2439,995,6
197315350503,129,3809,114,8073,996,6
197315361775,218,3542,65,1387,997,6
197315372815,360,3476,351,42877,998,6
197315384045,217,4316,47,1703,999,6
197315395084,120,3440,532,35156,1000,6
197315406101,178,4868,68,3658,1001,6
197315417087,129,3681,611,12649,1002,6
197315428667,388,3823,62,1915,1003,6
197315439836,149,3266,133,7548,1004,6
197315450851,133,3583,84,5121,1005,6
197315461889,127,3458,345,32228,1006,6
197315472905,126,2957,100,6964,1007,6
197315483985,127,3507,310,30982,1008,6
197315494988,178,3203,172,14804,1009,6
197315506048,252,3267,58,2323,1010,6
197315517089,366,3218,103,7903,1011,6
197315528597,181,2976,159,14727,1012,6
197315539674,118,3886,48,1360,1013,6
197315550849,267,3527,465,31580,1014,6
197315561819,279,2985,179,8899,1015,6
197315572937,258,3333,57,2201,1016,6
197315583985,156,4087,169,15243,1017,6
197315594984,125,3207,102,7649,1018,6
197315606085,154,3340,55,2040,1019,6
197315617183,130,3364,41,1018,1020,6
197315628213,249,3820,381,42660,1021,6
197315639622,170,3199,117,4880,1022,6
197315650651,230,3516,120,8805,1023,6
197315661782,134,2797,167,15573,1024,6
197315673117,141,3262,63,2712,1025,6
197315684175,447,3551,97,6452,1026,6
197315695173,146,3096,568,31432,1027,6
197315706417,151,3222,68,4337,1028,6
197315717487,381,3286,385,35111,1029,6
197315728579,209,3268,64,3673,1030,6
197315739607,127,3217,92,2359,1031,6
197315750590,114,3145,154,13421,1032,6
197315761662,113,3159,46,1005,1033,6
197315772678,121,2811,49,1349,1034,6
197315784181,136,2866,42,908,1035,6
197315795249,260,3666,305,31792,1036,6
197315806261,171,2971,64,3656,1037,6
197315817320,303,4175,100,7271,1038,6
197315828277,259,3437,164,15150,1039,6
197315839523,142,3274,101,1469,1040,6
197315850544,113,3893,347,37543,1041,6
197315861772,132,3054,104,3944,1042,6
197315872875,263,3150,220,14965,1043,6
197315883972,128,3882,524,2160,1044,6
197315895529,160,2845,106,7701,1045,6
197315906092,212,3062,306,14944,1046,6
197315917075,293,3568,591,1898,1047,6
197315928292,288,3697,157,11985,1048,6
197315939308,289,3317,51,1352,1049,6
197315950843,393,3624,1672,32290,1050,6
197315961900,471,3729,60,3231,1051,6
197315972907,315,3700,209,17467,1052,6
197315984038,121,3444,49,2263,1053,6
197315995061,277,3171,79,1838,1054,6
197316006407,158,3615,83,5128,1055,6
197316018384,280,3700,349,35027,1056,6
197316028375,123,3144,1303,16563,1057,6
197316039372,341,3128,64,2531,1058,6
197316050401,209,3160,53,1960,1059,6
197316061920,409,3689,267,26212,1060,6
197316073053,359,4434,112,5169,1061,6
197316084101,461,3718,611,32437,1062,6
197316095170,170,3383,201,9524,1063,6
197316106211,192,3092,54,2250,1064,6
197316117261,140,4015,232,13145,1065,6
197316128469,348,3853,55,1843,1066,6
197316139570,196,3219,209,17333,1067,6
197316150618,133,2881,53,2067,1068,6
197316161609,251,3455,211,14330,1069,6
197316172698,348,3180,247,21589,1070,6
197316183814,212,3847,144,1724,1071,6
197316195452,374,2925,94,6607,1072,6
197316206318,905,3253,453,23785,1073,6
197316217330,238,3980,109,8120,1074,6
197316231757,176,3541,63,2121,1075,6
197316239465,154,4801,187,3126,1076,6
197316250507,332,3748,49,777,1077,6
197316261800,140,3130,346,35242,1078,6
197316272872,277,3742,126,9503,1079,6
197316283918,354,3443,391,13912,1080,6
197316295405,166,3311,152,11950,1081,6
197316306160,299,3032,60,1729,1082,6
197316317178,141,2723,369,34914,1083,6
197316328535,145,2807,193,17355,1084,6
197316339646,163,2942,71,2485,1085,6
197316350548,185,2785,116,7275,1086,6
197316361676,168,2684,267,21533,1087,6
197316372628,140,2675,55,1822,1088,6
197316384137,142,3033,173,14068,1089,6
197316421943,162,3629,183,7581,1090,6
197316437040,180,3038,94,2999,1091,6
197316448287,300,3937,55,1563,1092,6
197316459370,164,3951,236,14941,1093,6
197316470507,131,4027,138,7421,1094,6
197316481656,117,4046,153,11007,1095,6
197316492770,172,2820,59,1606,1096,6
197316503876,207,3460,164,14402,1097,6
197316514942,203,4637,52,1891,1098,6
197316525941,740,3114,125,7613,1099,6
197316537302,231,3515,167,14553,1100,6
197316548129,133,2793,172,11639,1101,6
197316559570,183,2891,116,7383,1102,6
197316570549,130,2925,52,1630,1103,6
197316581531,213,3293,169,15004,1104,6
197316592559,132,3185,99,7610,1105,6
197316603610,361,3330,50,1677,1106,6
197316614857,189,3487,53,1976,1107,6
197316626030,170,3142,57,1654,1108,6
197316637156,150,3057,102,1749,1109,6
197316648158,116,2795,307,31154,1110,6
197316659248,124,3390,181,16589,1111,6
197316670429,378,2981,60,2378,1112,6
197316681624,205,3406,232,21168,1113,6
197316692791,350,3095,46,1232,1114,6
197316703766,151,3597,445,32269,1115,6
197316714892,125,3417,117,9324,1116,6
197316726144,147,3360,83,2217,1117,6
197316737523,247,3827,51,1459,1118,6
197316748140,127,3060,481,42222,1119,6
197316759556,127,3196,60,1633,1120,6
197316770647,190,3218,357,35091,1121,6
197316781560,243,2932,274,16625,1122,6
197316792735,380,4410,60,2527,1123,6
197316803767,138,3372,107,8083,1124,6
197316814774,124,4675,48,1859,1125,6
197316826351,108,3097,48,1826,1126,6
197316836934,192,2910,170,15248,1127,6
197316848507,126,3332,103,7508,1128,6
197316859486,25,2856,53,1817,1128,7
197316870557,134,2939,103,2082,1129,7
197316881652,168,3795,164,14488,1130,7
197316892979,289,3348,128,7789,1131,7
197316903995,454,4021,174,14908,1132,7
197316915261,227,5079,1017,11848,1133,7
197316926278,241,3021,56,1658,1134,7
197316937285,215,3517,385,36883,1135,7
197316948171,344,3216,72,3716,1136,7
197316959280,193,4430,183,15838,1137,7
197316970400,160,3112,59,2382,1138,7
197316981471,139,3276,111,8585,1139,7
197316992604,134,3167,47,1985,1140,7
197317003584,133,3535,163,14734,1141,7
197317015149,117,3780,96,7096,1142,7
197317026280,125,3070,302,31486,1143,7
197317037426,110,2979,82,6027,1144,7
197317048240,104,3047,420,33778,1145,7
197317059327,171,3611,2145,9200,1146,7
197317070338,255,3001,154,2246,1147,7
197317081465,180,3571,161,14754,1148,7
197317092564,260,3085,43,1414,1149,7
197317104084,117,3469,339,35307,1150,7
197317115317,346,4485,74,4061,1151,7
197317126214,141,3621,165,8140,1152,7
197317137301,212,4282,579,36360,1153,7
197317148056,136,2814,90,3708,1154,7
197317159641,276,4204,179,15282,1155,7
197317170721,165,2939,59,2437,1156,7
197317181750,280,3447,102,1403,1157,7
197317192840,123,2959,169,16275,1158,7
197317203818,372,3257,345,34562,1159,7
197317214897,350,4441,59,2837,1160,7
197317225885,128,3237,101,7640,1161,7
197317236958,291,3199,46,1804,1162,7
197317248211,168,3674,338,23199,1163,7
197317259260,254,4150,50,1179,1164,7
197317270366,644,3239,383,37365,1165,7
197317281827,164,3551,182,16515,1166,7
197317292505,151,3765,56,2338,1167,7
197317303727,210,5283,127,8048,1168,7
197317314788,131,4690,52,1917,1169,7
197317326216,136,3378,253,14322,1170,7
197317337283,179,4285,300,31629,1171,7
197317348257,102,3785,118,9586,1172,7
197317359529,353,3612,86,2299,1173,7
197317370210,221,3168,59,2331,1174,7
197317381625,170,3710,241,13558,1175,7
197317392888,140,3004,522,37511,1176,7
197317403911,139,3178,185,16961,1177,7
197317414998,122,4147,1056,2623,1178,7
197317425982,134,2999,65,2577,1179,7
197317436998,282,3256,141,8098,1180,7
197317448114,120,3428,52,1974,1181,7
197317459159,132,3834,199,15450,1182,7
197317470331,479,3219,96,1347,1183,7
197317481838,570,3562,334,35187,1184,7
197317492794,645,2981,72,3771,1185,7
197317503846,181,2828,164,14749,1186,7
197317515104,210,3288,135,7768,1187,7
197317526004,199,3273,62,1825,1188,7
197317537144,341,3392,234,13852,1189,7
197317548453,214,3005,396,31799,1190,7
197317559481,147,3606,46,1308,1191,7
197317570416,230,4037,356,34840,1192,7
197317581457,221,3589,155,14097,1193,7
197317593047,158,3446,362,36848,1194,7
197317603821,203,3639,70,4495,1195,7
197317614874,131,4044,1043,35146,1196,7
197317626003,178,3634,144,13319,1197,7
197317637080,159,3660,334,31458,1198,7
197317648082,214,3117,50,1552,1199,7
197317659577,192,3235,2232,32822,1200,7
197317670686,169,3092,64,3637,1201,7
197317681708,181,3683,61,1555,1202,7
197317693023,309,3119,275,26460,1203,7
197317704044,273,3109,256,14494,1204,7
197317714833,178,3589,266,1997,1205,7
197317725826,245,4937,99,7517,1206,7
197317737345,418,3061,76,1770,1207,7
197317748094,236,3343,182,13967,1208,7
197317759141,153,3508,572,1862,1209,7
197317770603,138,3139,152,7769,1210,7
197317781522,273,3496,163,14626,1211,7
197317792746,153,3317,76,1768,1212,7
197317803775,246,3242,61,1804,1213,7
197317814694,131,4536,367,34918,1214,7
197317826229,129,3264,206,17181,1215,7
197317837285,163,3455,56,2493,1216,7
197317848368,119,2799,101,7748,1217,7
197317859345,276,3288,50,2153,1218,7
197317870377,406,3253,59,1847,1219,7
197317881442,221,3258,151,13607,1220,7
197317892517,122,3183,97,6943,1221,7
197317904021,249,3848,350,43183,1222,7
197317914729,151,4596,86,5165,1223,7
197317926191,134,3281,57,1919,1224,7
197317937410,252,3094,478,34764,1225,7
197317948408,129,2704,40,743,1226,7
197317959645,176,4841,364,34960,1227,7
197317970354,398,2931,127,8009,1228,7
197317981364,247,3568,218,21594,1229,7
197317994873,1016,3017,105,3059,1230,7
197318004027,389,3442,349,35133,1231,7
197318014870,193,4278,173,9594,1232,7
197318027675,143,4996,394,2182,1233,7
197318036952,296,3616,340,13762,1234,7
197318048208,248,3279,60,2397,1235,7
197318059328,49,4531,1268,1808,1235,8
197318070325,178,3273,112,7106,1236,8
197318081856,241,3724,180,14320,1237,8
197318092598,192,2906,117,7680,1238,8
197318103709,196,3063,57,2246,1239,8
197318114950,270,3919,61,1886,1240,8
197318126135,221,3722,3774,14515,1241,8
197318137230,127,3840,67,2219,1242,8
197318148300,347,4023,109,8146,1243,8
197318159314,165,3802,80,1846,1244,8
197318170661,149,3837,193,12370,1245,8
197318181813,134,3362,55,1927,1246,8
197318192647,183,3118,108,7958,1247,8
197318203661,310,3081,168,15135,1248,8
197318214711,482,4024,55,2094,1249,8
197318225804,154,3492,99,7504,1250,8
197318237363,307,3335,56,2134,1251,8
197318248367,196,3351,160,14279,1252,8
197318259388,138,3652,104,8038,1253,8
197318270537,131,3074,73,3966,1254,8
197318281572,111,3064,321,33083,1255,8
197318292614,156,2992,70,3566,1256,8
197318304002,248,2956,47,2241,1257,8
197318314806,132,3583,103,7283,1258,8
197318325823,144,3094,48,1889,1259,8
197318337397,280,3190,172,2329,1260,8
197318348455,155,3173,190,11586,1261,8
197318359560,184,3476,76,4147,1262,8
197318370524,138,3181,381,35147,1263,8
197318381632,289,3778,176,16175,1264,8
197318392652,262,3303,105,7997,1265,8
197318403758,154,2676,209,15050,1266,8
197318414913,164,3242,58,2200,1267,8
197318425929,139,2667,60,2501,1268,8
197318436967,146,2663,112,8288,1269,8
197318448288,144,2741,178,15438,1270,8
197318459363,509,2717,65,2301,1271,8
197318470354,120,2785,154,7965,1272,8
197318481429,153,3076,54,2063,1273,8
197318492879,118,2675,55,2386,1274,8
197318503998,120,2685,149,13681,1275,8
197318515110,314,3191,314,31873,1276,8
197318554150,238,2783,62,1583,1277,8
197318568548,181,3064,687,35016,1278,8
197318579671,175,4304,266,17127,1279,8
197318590756,213,4159,144,7829,1280,8
197318601908,246,4512,61,2008,1281,8
197318613462,113,4350,106,2279,1282,8
197318624064,163,3028,273,14415,1283,8
197318635131,299,3204,115,8099,1284,8
197318646515,158,3809,57,1799,1285,8
197318657523,158,3048,169,14885,1286,8
197318668557,134,3333,95,1362,1287,8
197318679623,186,2956,365,37383,1288,8
197318691626,433,2856,72,3735,1289,8
197318702157,219,3842,174,15861,1290,8
197318713230,355,3494,177,2140,1291,8
197318724301,279,2878,127,7348,1292,8
197318735316,272,4448,224,21134,1293,8
197318746450,217,3588,180,1709,1294,8
197318757473,214,3106,160,14272,1295,8
197318768503,171,3047,104,7536,1296,8
197318779584,139,3529,61,1520,1297,8
197318790630,229,4093,198,12127,1298,8
197318802105,168,3848,49,1668,1299,8
197318813202,378,3789,100,6975,1300,8
197318824237,138,3303,138,5119,1301,8
197318835411,130,3103,366,32099,1302,8
197318846496,145,5348,120,9422,1303,8
197318857510,125,3482,51,2206,1304,8
197318868823,431,3174,69,4458,1305,8
197318879845,180,3878,782,34970,1306,8
197318890860,179,4080,118,9552,1307,8
197318901973,174,3083,58,2210,1308,8
197318912947,156,2969,153,13627,1309,8
197318924035,129,2897,57,2443,1310,8
197318935044,145,3599,541,1385,1311,8
197318946606,117,3181,348,34155,1312,8
197318957581,114,2921,309,17059,1313,8
197318968659,263,3350,98,7775,1314,8
197318979521,407,3656,49,2173,1315,8
197318991053,233,3488,49,1805,1316,8
197319002089,145,3585,158,14353,1317,8
197319013236,144,3402,64,2118,1318,8
197319024249,116,3147,109,7939,1319,8
197319035476,122,3231,1060,14948,1320,8
197319046525,161,3871,73,2317,1321,8
197319057711,277,2987,50,1892,1322,8
197319068840,324,3092,157,7297,1323,8
197319079916,292,3708,191,15266,1324,8
197319090989,518,3342,98,7602,1325,8
197319102157,183,3948,104,1903,1326,8
197319113159,179,2834,58,2227,1327,8
197319124191,366,2850,160,14298,1328,8
197319135319,219,3218,120,8183,1329,8
197319146406,225,3536,52,1741,1330,8
197319157482,132,3195,387,40153,1331,8
197319168490,154,4300,51,1527,1332,8
197319179506,423,4288,438,33008,1333,8
197319191099,309,3918,131,9873,1334,8
197319202062,141,3900,56,2438,1335,8
197319213108,129,3256,65,4443,1336,8
197319224144,127,3590,535,34692,1337,8
197319235138,140,3431,86,3535,1338,8
197319246163,126,5862,513,34759,1339,8
197319257420,213,3514,174,16296,1340,8
197319268473,115,3869,100,8010,1341,8
197319279525,807,3177,172,15030,1342,8
197319291046,190,3040,52,2195,1343,8
197319302024,214,2879,61,2441,1344,8
197319313111,156,3179,220,7230,1345,8
197319324222,498,3333,185,15173,1346,8
197319335302,131,3489,53,2273,1347,8
197319346382,136,3916,103,7906,1348,8
197319357529,126,3100,44,1050,1349,8
197319368670,287,4286,311,31322,1350,8
197319379781,318,3754,182,16295,1351,8
197319390866,229,5351,133,7110,1352,8
197319401881,142,3398,42,764,1353,8
197319413096,301,3435,389,42733,1354,8
197319424087,251,3782,90,1874,1355,8
197319435137,147,2868,388,36551,1356,8
197319446247,140,3508,84,5116,1357,8
197319457248,138,3104,320,32092,1358,8
197319468563,355,3429,82,3520,1359,8
197319479620,354,3514,115,8382,1360,8
197319490781,372,3644,64,1819,1361,8
197319502069,471,4759,173,14028,1362,8
197319513030,137,3379,54,1684,1363,8
197319524021,141,2822,371,34751,1364,8
197319535068,235,3838,194,16610,1365,8
197319546657,275,4376,319,2509,1366,8
197319557622,1099,3509,351,8008,1367,8
197319568678,181,4617,182,1772,1368,8
197319579680,445,3709,165,14288,1369,8
197319591451,326,3349,374,36678,1370,8
197319601710,238,3054,78,3651,1371,8
197319612853,264,3991,62,2573,1372,8
197319623913,239,3330,165,14589,1373,8
197319635319,187,3777,68,2200,1374,8
197319646668,188,3910,118,8055,1375,8
197319657633,270,3416,186,15059,1376,8
197319668483,165,2931,61,2270,1377,8
197319679541,166,2937,64,1844,1378,8
197319691091,224,3507,766,1222,1379,8
197319702054,283,3817,341,34414,1380,8
197319713108,147,4474,135,5396,1381,8
197319724113,503,3384,62,2106,1382,8
197319735185,160,3859,46,1066,1383,8
197319746199,171,4201,62,591,1384,8
197319757949,139,3115,258,25168,1385,8
197319768878,367,3192,288,27364,1386,8
197319779844,136,3000,166,14144,1387,8
197319790889,192,3453,347,31423,1388,8
197319802007,205,3037,84,4285,1389,8
197319813011,382,3318,112,7538,1390,8
197319824095,323,3893,311,24127,1391,8
197319835616,376,3406,63,2762,1392,8
197319846099,137,4412,116,7991,1393,8
197319857553,160,3059,61,2152,1394,8
197319868618,141,3267,135,2362,1395,8
197319879903,257,3369,182,14359,1396,8
197319890956,138,3211,189,17080,1397,8
197319901820,601,5042,109,4008,1398,8
197319912950,176,3456,410,32585,1399,8
197319923967,468,3147,76,3612,1400,8
197319935495,464,3843,117,7990,1401,8
197319946538,164,3568,73,1443,1402,8
197319957335,193,2774,446,32824,1403,8
197319968786,240,3530,71,1354,1404,8
197319979789,212,2985,379,34818,1405,8
197319990976,194,4218,86,3806,1406,8
197320001737,156,4846,175,14728,1407,8
197320013236,146,4005,104,6912,1408,8
197320024358,134,4215,608,30937,1409,8
197320035482,339,3902,109,6007,1410,8
197320046502,168,4429,395,32854,1411,8
197320057699,149,2864,70,3641,1412,8
197320068732,166,3597,111,7567,1413,8
197320079796,341,3184,82,5256,1414,8
197320090878,1122,3487,464,34974,1415,8
197320101849,168,3128,76,3759,1416,8
197320112930,208,4977,73,2497,1417,8
197320123922,176,3561,225,13617,1418,8
197320135046,222,2912,312,31005,1419,8
197320146553,216,3374,1488,9354,1420,8
197320157662,168,2965,64,2274,1421,8
197320168624,324,2964,151,12292,1422,8
197320179782,167,3245,90,2053,1423,8
197320190929,167,3492,115,8077,1424,8
197320201917,188,3216,121,5254,1425,8
197320212972,177,4566,326,32207,1426,8
197320224287,197,3630,177,9407,1427,8
197320235304,323,3599,77,2451,1428,8
197320246427,171,3360,168,14049,1429,8
197320257476,351,3001,62,1949,1430,8
197320268532,148,3081,65,1591,1431,8
197320279553,173,3716,376,32579,1432,8
197320290829,208,3555,330,3526,1433,8
197320301838,174,3227,55,2171,1434,8
197320312961,136,3303,108,7263,1435,8
197320324006,427,3307,59,1866,1436,8
197320335087,336,3919,79,4365,1437,8
197320346313,334,3993,390,34899,1438,8
197320357215,167,3553,73,3931,1439,8
197320368826,288,3186,65,2104,1440,8
197320379485,135,2880,173,14410,1441,8
197320391023,168,3095,111,7716,1442,8
197320402113,245,3835,73,1814,1443,8
197320413757,1391,3609,166,14758,1444,8
197320424325,344,3111,147,11903,1445,8
197320435237,162,3581,103,7948,1446,8
197320446270,138,4959,1026,1955,1447,8
197320457331,236,3059,196,14982,1448,8
197320468628,140,3745,207,16922,1449,8
197320479798,189,3332,50,2052,1450,8
197320490603,196,3526,153,13607,1451,8
197320502170,131,4722,53,2125,1452,8
197320513193,126,3488,48,1461,1453,8
197320524209,116,2994,359,34637,1454,8
197320535290,113,2979,2024,16667,1455,8
197320546228,165,3764,48,1519,1456,8
197320557327,163,3439,320,33088,1457,8
197320568434,266,3477,118,9264,1458,8
197320579452,304,4042,269,14900,1459,8
197320590599,123,3400,51,1574,1460,8
197320601691,364,3864,329,34822,1461,8
197320612812,674,3226,86,4209,1462,8
197320624150,239,2814,165,15132,1463,8
197320635068,372,3234,51,2190,1464,8
197320646584,131,3869,185,17122,1465,8
197320657458,403,3232,153,4402,1466,8
197320668613,218,3294,358,33312,1467,8
197320679624,302,3515,299,3779,1468,8
197320690805,189,3694,115,8586,1469,8
197320701925,175,3032,84,5714,1470,8
197320712976,248,3923,316,32202,1471,8
197320724554,186,3807,71,1316,1472,8
197320735150,241,4148,334,34849,1473,8
197320746122,135,5092,75,3719,1474,8
197320757256,148,3254,149,13508,1475,8
197320768798,306,3485,618,36959,1476,8
197320779554,1109,3534,177,16843,1477,8
197320790616,141,3362,284,1590,1478,8
197320802093,318,3709,320,33471,1479,8
197320813221,295,3244,118,9361,1480,8
197320824310,397,3861,191,2363,1481,8
197320835296,210,3020,112,2459,1482,8
197320846350,240,3917,49,1848,1483,8
197320857525,142,3142,51,2094,1484,8
197320868803,174,3689,71,1778,1485,8
197320879914,126,3135,147,13341,1486,8
197320891021,181,3088,435,37202,1487,8
197320901926,167,2936,158,3827,1488,8
197320913003,183,3714,207,15366,1489,8
197320924587,2485,3214,71,2514,1490,8
197320935131,439,4385,124,8196,1491,8
197320946581,170,3931,52,1895,1492,8
197320957572,239,3175,70,4217,1493,8
197320968604,216,3408,347,34712,1494,8
197320979803,275,3651,65,3693,1495,8
197320990949,151,3911,60,2360,1496,8
197321002122,283,4196,59,3038,1497,8
197321013086,119,4031,503,34747,1498,8
197321024137,257,3187,142,5885,1499,8
197321035028,294,3186,372,32887,1500,8
197321046725,219,3566,1737,3623,1501,8
197321057617,120,3358,50,2063,1502,8
197321068639,227,3462,91,6213,1503,8
197321079656,260,3321,369,42609,1504,8
197321090831,235,3175,103,1371,1505,8
197321101848,113,3060,481,34837,1506,8
197321112900,149,3329,74,3914,1507,8
197321123947,347,3994,188,14710,1508,8
197321135570,130,2888,103,7767,1509,8
197321146575,159,3688,49,1918,1510,8
197321157244,492,3132,164,14889,1511,8
197321168786,148,4360,52,1936,1512,8
197321179534,406,3492,54,1960,1513,8
197321190612,207,5037,450,1098,1514,8
197321201705,267,3500,596,32278,1515,8
197321213325,157,3557,72,3532,1516,8
197321224388,241,3152,122,7904,1517,8
197321235417,239,3208,63,2105,1518,8
197321246257,217,4151,52,1769,1519,8
197321257801,119,3013,160,13829,1520,8
197321268435,198,3399,102,7657,1521,8
197321279521,149,3485,241,23691,1522,8
197321290990,226,3350,61,2926,1523,8
197321301755,118,3199,44,1354,1524,8
197321313281,138,3407,359,34772,1525,8
197321324468,500,3213,63,3298,1526,8
197321335451,537,3443,779,24332,1527,8
197321346460,368,3284,1379,7386,1528,8
197321357575,253,3178,134,11378,1529,8
197321368621,149,4086,94,4414,1530,8
197321379571,262,3283,336,35133,1531,8
197321390853,439,3300,123,9562,1532,8
197321402091,128,4059,55,2144,1533,8
197321413232,135,3229,195,13539,1534,8
197321424215,135,3119,139,11984,1535,8
197321435314,144,2680,206,7481,1536,8
197321446346,143,3002,60,1883,1537,8
197321457427,137,2711,174,14427,1538,8
197321468499,172,2820,108,7745,1539,8
197321479515,140,2705,58,1435,1540,8
197321490581,165,2773,46,800,1541,8
197321502116,117,2848,338,42485,1542,8
197321513258,140,2700,156,4915,1543,8
197321524248,113,2671,103,9042,1544,8
197321535267,119,2683,169,15431,1545,8
197321546411,272,12579,167,2752,1546,8
197321570472,240,2871,146,7533,1547,8
197321582051,198,2889,283,15610,1548,8
197321592686,142,4162,153,7771,1549,8
197321603828,210,3811,188,11325,1550,8
197321614949,166,4518,80,2615,1551,8
197321626569,124,4720,237,14632,1552,8
197321637394,186,3219,223,8523,1553,8
197321648492,150,3128,51,1860,1554,8
197321659460,161,3458,165,14024,1555,8
197321670704,133,3130,311,31374,1556,8
197321681768,327,3801,68,1795,1557,8
197321692773,160,3152,356,34715,1558,8
197321703805,126,2814,187,17328,1559,8
197321714991,120,3776,62,2526,1560,8
197321726119,136,3092,257,7703,1561,8
197321737206,185,3793,49,1309,1562,8
197321748703,386,3385,377,42586,1563,8
197321759652,278,3372,93,4860,1564,8
197321770669,264,3967,163,8821,1565,8
197321781763,412,3756,51,1820,1566,8
197321792853,333,4267,224,21957,1567,8
197321803803,182,3209,36,1090,1568,8
197321814869,283,4446,404,36541,1569,8
197321826009,180,3190,87,5219,1570,8
197321837528,232,3189,371,32335,1571,8
197321848652,267,3790,125,6896,1572,8
197321859592,127,3708,370,31589,1573,8
197321870739,130,3863,299,15706,1574,8
197321881955,112,3382,72,2241,1575,8
197321892794,168,3479,46,1500,1576,8
197321904184,528,3565,563,32613,1577,8
197321914980,139,3869,49,853,1578,8
197321926250,143,3384,356,31148,1579,8
197321937323,202,2920,98,6052,1580,8
197321948339,447,3056,334,31235,1581,8
197321959376,156,3072,77,4239,1582,8
197321970920,298,3831,1272,34934,1583,8
197321981694,410,3597,61,2506,1584,8
197321993018,351,4223,214,21127,1585,8
197322004201,138,3872,151,13908,1586,8
197322015241,125,3861,136,11526,1587,8
197322026253,109,3527,246,16993,1588,8
197322037274,301,3754,162,14890,1589,8
197322048514,319,3857,86,2116,1590,8
197322059628,137,3025,372,26302,1591,8
197322070573,213,4545,45,940,1592,8
197322081636,277,3821,385,43089,1593,8
197322092593,122,3962,183,10655,1594,8
197322104158,186,3428,59,2670,1595,8
197322115166,113,4014,61,2684,1596,8
197322126184,1160,4956,62,2889,1597,8
197322137218,156,3403,512,35036,1598,8
197322148286,172,3924,68,3714,1599,8
197322159854,378,3142,170,15063,1600,8
197322170807,106,3972,57,2421,1601,8
197322181846,199,3196,59,1870,1602,8
197322192834,135,3266,45,1204,1603,8
197322203889,720,3146,176,13892,1604,8
197322214932,116,3933,54,1945,1605,8
197322226476,389,3227,262,26911,1606,8
197322237493,116,3326,227,1344,1607,8
197322248527,138,3897,624,42182,1608,8
197322259559,149,2930,120,10111,1609,8
197322270682,159,3617,1153,2421,1610,8
197322281928,146,3479,159,13900,1611,8
197322293003,173,3204,340,31538,1612,8
197322304084,369,3622,125,4247,1613,8
197322315172,173,4026,60,2412,1614,8
197322326205,115,3149,48,2227,1615,8
197322337234,352,3510,55,1966,1616,8
197322348327,165,3374,242,7684,1617,8
197322359870,220,3157,109,2092,1618,8
197322370876,183,4386,99,1813,1619,8
197322381858,271,3418,149,13620,1620,8
197322393085,280,3670,361,37645,1621,8
197322404261,147,3583,200,14101,1622,8
197322415472,236,3277,46,1556,1623,8
197322426228,150,3137,66,1009,1624,8
197322437219,157,2980,348,34747,1625,8
197322448519,140,2829,42,694,1626,8
197322459766,189,2775,160,13978,1627,8
197322470625,161,2950,41,966,1628,8
197322481587,154,3425,538,34956,1629,8
197322493089,124,3141,58,3304,1630,8
197322503922,777,3617,311,13304,1631,8
197322514917,182,4359,1129,6589,1632,8
197322525948,193,3203,324,31273,1633,8
197322537661,386,2956,85,6079,1634,8
197322548709,2249,3101,343,33698,1635,8
197322559817,165,3676,126,3743,1636,8
197322570734,266,4274,99,7772,1637,8
197322581767,193,3711,168,14751,1638,8
197322592705,124,3109,371,7577,1639,8
197322603771,195,3266,1624,4657,1640,8
197322615395,176,3049,513,35078,1641,8
197322626215,196,6215,1093,16538,1642,8
197322637203,165,3828,68,2444,1643,8
197322648722,267,3713,43,1458,1644,8
197322659704,316,3511,342,31374,1645,8
197322670781,103,4180,97,3974,1646,8
197322681849,361,3352,57,1266,1647,8
197322693922,219,3680,371,36589,1648,8
197322703852,189,4015,181,17021,1649,8
197322715439,120,3702,55,2430,1650,8
197322726502,234,3021,106,8117,1651,8
197322737703,145,4400,54,2230,1652,8
197322748430,302,3675,159,14498,1653,8
197322759659,210,3930,151,8131,1654,8
197322770628,203,4642,57,1856,1655,8
197322781609,158,3174,213,15093,1656,8
197322793300,189,4695,51,2285,1657,8
197322803818,501,3458,1205,2487,1658,8
197322815368,167,3617,44,1425,1659,8
197322826262,138,2821,349,32364,1660,8
197322837329,359,3484,73,3511,1661,8
197322848474,327,3019,226,8001,1662,8
197322859510,317,4805,52,2075,1663,8
197322870686,153,4532,49,1748,1664,8
197322882096,2365,3526,190,5253,1665,8
197322892750,121,2921,329,35072,1666,8
197322903789,209,3132,176,16630,1667,8
197322914915,205,4144,56,2578,1668,8
197322926491,348,3234,57,1322,1669,8
197322937493,155,3890,358,34581,1670,8
197322948531,415,3202,250,4513,1671,8
197322959590,197,3142,345,32256,1672,8
197322970632,140,3007,147,9522,1673,8
197322981699,192,3284,52,2111,1674,8
197322992811,293,3066,145,13121,1675,8
197323003842,112,3254,51,1912,1676,8
197323014868,167,3585,100,7748,1677,8
197323026426,121,2867,63,1811,1678,8
197323037527,278,3778,161,13810,1679,8
197323048598,356,3224,567,31710,1680,8
197323059931,228,3325,108,8965,1681,8
197323070731,240,3656,51,2153,1682,8
197323081707,138,3200,229,15084,1683,8
197323092850,180,3124,100,7707,1684,8
197323103963,331,3070,81,2005,1685,8
197323114950,158,3569,51,1757,1686,8
197323126088,340,3197,164,14627,1687,8
197323137113,256,3584,54,2322,1688,8
197323151448,211,2970,445,8223,1689,8
197323159723,313,4016,185,15154,1690,8
197323170790,282,4485,56,1924,1691,8
197323181857,375,3384,66,2310,1692,8
197323192899,146,3353,151,7838,1693,8
197323203872,458,3502,176,15326,1694,8
197323215091,176,3706,53,2203,1695,8
197323226081,238,2961,109,7977,1696,8
197323237178,198,3220,48,1566,1697,8
197323248200,154,3448,61,2744,1698,8
197323259752,161,3527,711,35192,1699,8
197323270763,128,3607,69,3774,1700,8
197323281934,416,6360,1323,15099,1701,8
197323292736,120,2752,47,2335,1702,8
197323303805,213,3814,58,1860,1703,8
197323315344,172,4248,173,7196,1704,8
197323326339,112,4052,53,1855,1705,8
197323337387,98,4223,159,14859,1706,8
197323348497,92,3862,367,7660,1707,8
197323359633,94,3777,44,1954,1708,8
197323370632,454,4686,64,1729,1709,8
197323381699,142,4401,2158,14548,1710,8
197323392943,233,3043,122,7158,1711,8
197323404240,560,3541,533,43209,1712,8
197323415374,220,4456,109,5152,1713,8
197323426291,156,2983,63,3256,1714,8
197323437448,359,3532,115,8366,1715,8
197323448400,202,3219,176,15621,1716,8
197323459381,333,3267,49,2255,1717,8
197323470899,247,5332,107,8015,1718,8
197323481963,126,3388,54,2186,1719,8
197323492957,115,3731,60,2544,1720,8
197323504004,127,3271,199,14679,1721,8
197323515022,155,4161,87,2497,1722,8
197323526077,126,3622,97,1445,1723,8
197323537072,116,3048,350,32724,1724,8
197323548661,210,3436,68,3655,1725,8
197323559688,202,3241,144,7546,1726,8
197323570714,124,3524,54,2066,1727,8
197323581736,120,3724,257,14457,1728,8
197323593112,138,3302,96,6757,1729,8
197323604199,168,3396,322,31470,1730,8
197323615290,170,3291,68,4124,1731,8
197323626233,167,3305,387,14795,1732,8
197323637256,209,3040,419,7905,1733,8
197323648299,164,2936,49,1880,1734,8
197323659411,179,3402,157,14590,1735,8
197323670429,322,3172,48,2137,1736,8
197323681979,235,3342,173,1842,1737,8
197323692936,174,3162,332,34813,1738,8
197323704081,431,4471,182,17264,1739,8
197323715048,193,3473,56,2436,1740,8
197323726123,185,3190,90,1182,1741,8
197323737153,180,3602,251,25441,1742,8
197323748267,218,4512,250,25225,1743,8
197323759493,111,3448,78,2867,1744,8
197323770558,221,3115,129,8022,1745,8
197323781668,138,3437,48,2168,1746,8
197323792707,167,3236,147,12301,1747,8
197323804229,215,3183,47,2060,1748,8
197323815256,147,4595,101,7248,1749,8
197323826273,132,3134,3085,14309,1750,8
197323837390,212,4646,302,31717,1751,8
197323848290,448,3489,50,1304,1752,8
197323859434,140,4379,1462,34955,1753,8
197323870446,144,3079,68,3756,1754,8
197323881770,110,3133,155,14748,1755,8
197323893093,208,3759,149,7408,1756,8
197323904189,586,3982,483,33291,1757,8
197323915199,153,4059,95,2769,1758,8
197323926338,136,3230,87,2561,1759,8
197323937300,149,3920,113,6731,1760,8
197323948304,600,3381,232,20845,1761,8
197323959474,129,3982,1742,15001,1762,8
197323970515,111,3572,52,2090,1763,8
197323981519,148,3890,1584,8475,1764,8
197323993053,259,2877,38,1038,1765,8
197324004188,288,3799,495,42672,1766,8
197324015008,232,3534,48,1822,1767,8
197324026060,114,4159,328,34709,1768,8
197324037795,170,4115,176,16639,1769,8
197324048486,278,3122,211,2789,1770,8
197324059504,239,3295,1021,7178,1771,8
197324070552,210,4291,50,1882,1772,8
197324081528,124,3630,70,4157,1773,8
197324093091,113,3438,505,34684,1774,8
197324103860,113,3645,58,3412,1775,8
197324115066,153,3319,135,11615,1776,8
197324126446,328,3039,157,14663,1777,8
197324137143,399,3519,59,1731,1778,8
197324148703,240,3187,48,1377,1779,8
197324159536,187,4638,320,32392,1780,8
197324170586,147,3552,72,3650,1781,8
197324181819,330,3314,59,2048,1782,8
197324192801,349,3391,93,6190,1783,8
197324204172,426,4096,387,42576,1784,8
197324215206,325,4274,81,5069,1785,8
197324226229,116,4112,149,8483,1786,8
197324237220,117,3757,64,2756,1787,8
197324248263,117,3158,255,14759,1788,8
197324259808,205,4163,155,8412,1789,8
197324270770,104,4671,54,2080,1790,8
197324281804,152,3791,154,14135,1791,8
197324293028,111,2950,307,31435,1792,8
197324304164,112,3030,66,4109,1793,8
197324315260,24,3105,55,2406,1793,9
197324326509,117,3352,77,2268,1794,9
197324337379,350,3059,52,1933,1795,9
197324348418,421,3000,126,7748,1796,9
197324359567,257,3462,214,1502,1797,9
197324370584,117,3239,353,31298,1798,9
197324382977,240,3161,77,5133,1799,9
197324392867,184,3318,330,34929,1800,9
197324403915,182,3959,65,3741,1801,9
197324415205,332,4015,168,15050,1802,9
197324426665,111,3434,57,2163,1803,9
197324437220,180,3118,297,26034,1804,9
197324448255,124,3250,100,5591,1805,9
197324459404,113,3286,310,32442,1806,9
197324470439,108,3121,114,9678,1807,9
197324482036,127,3112,75,2327,1808,9
197324493052,125,3305,269,13150,1809,9
197324504046,190,3195,47,1902,1810,9
197324515089,126,3625,98,7342,1811,9
197324526112,164,3201,707,21062,1812,9
197324537148,137,3120,217,14294,1813,9
197324548511,120,3814,104,2252,1814,9
197324559636,156,4017,148,6946,1815,9
197324570921,185,3787,46,1595,1816,9
197324581502,178,3984,160,14680,1817,9
197324593005,120,3405,99,7467,1818,9
197324603865,126,6001,67,1226,1819,9
197324615223,358,3023,61,717,1820,9
197324625950,141,3802,349,42589,1821,9
197324637175,222,3299,83,5209,1822,9
197324648275,138,2913,110,8849,1823,9
197324659797,168,3290,184,15615,1824,9
197324670868,275,3864,61,2924,1825,9
197324683330,275,5387,55,2246,1826,9
197324693042,127,3255,116,8415,1827,9
197324704033,400,4164,173,15701,1828,9
197324715347,217,3578,61,2374,1829,9
197324726395,137,3061,109,8220,1830,9
197324737429,146,3415,61,2392,1831,9
197324748497,129,2925,167,14618,1832,9
197324759535,382,3180,187,17524,1833,9
197324770613,143,3772,40,1099,1834,9
197324781712,123,3664,388,43160,1835,9
197324793068,238,3166,50,1632,1836,9
197324805803,294,3185,340,33615,1837,9
197324815168,175,3721,101,6197,1838,9
197324826287,258,3237,339,31456,1839,9
197324837340,139,2951,76,4129,1840,9
197324848379,182,3263,54,2189,1841,9
197324859477,206,3581,79,4639,1842,9
197324870720,152,4326,529,35022,1843,9
197324881760,132,3725,181,16290,1844,9
197324892820,137,3499,102,7877,1845,9
197324903850,182,3151,161,14989,1846,9
197324914909,192,3314,53,2088,1847,9
197324926416,136,2967,58,2375,1848,9
197324937465,149,3024,116,8052,1849,9
197324948572,252,3516,169,15313,1850,9
197324959583,118,2661,61,2306,1851,9
197324970653,146,2881,119,8034,1852,9
197324981732,170,2721,58,1886,1853,9
197324992725,174,2659,63,2140,1854,9
197325004254,137,2661,164,14640,1855,9
197325031523,265,2762,60,2246,1856,9
197325046194,200,3121,111,2309,1857,9
197325057289,241,4580,76,2039,1858,9
197325068098,142,4161,267,16681,1859,9
197325079351,115,4318,268,15375,1860,9
197325090488,200,4109,137,8010,1861,9
197325101682,170,2922,108,4615,1862,9
197325112786,163,3655,492,35079,1863,9
197325123941,201,3292,74,3839,1864,9
197325134985,127,3729,183,2917,1865,9
197325146083,123,3456,48,1879,1866,9
197325157113,243,3171,166,14692,1867,9
197325168143,126,3521,113,1836,1868,9
197325179183,174,3306,341,32054,1869,9
197325190259,261,3531,118,9631,1870,9
197325201752,147,2956,57,2300,1871,9
197325212783,143,2930,58,2492,1872,9
197325223791,310,2988,49,1815,1873,9
197325234994,201,2865,100,4525,1874,9
197325246061,122,3899,697,35076,1875,9
197325257047,253,3293,161,13466,1876,9
197325268070,313,3540,401,37219,1877,9
197325279130,148,3386,263,16753,1878,9
197325290917,349,3442,63,2603,1879,9
197325301719,150,4400,52,1770,1880,9
197325312726,125,3143,310,27003,1881,9
197325323784,130,3584,316,25760,1882,9
197325334840,362,3919,86,3164,1883,9
197325345921,175,3492,104,8155,1884,9
197325357353,196,3273,52,2250,1885,9
197325368395,184,3336,58,2494,1886,9
197325379133,116,3407,159,14599,1887,9
197325390563,235,3084,99,8187,1888,9
197325401644,140,2894,72,1958,1889,9
197325412776,247,3016,197,15127,1890,9
197325423751,163,3902,58,2662,1891,9
197325435223,225,4288,155,8112,1892,9
197325446268,148,3838,81,5135,1893,9
197325457224,256,3220,48,1949,1894,9
197325468335,148,3475,320,31012,1895,9
197325479541,126,3176,164,9785,1896,9
197325491221,120,4406,54,2118,1897,9
197325501619,113,3200,157,14180,1898,9
197325512642,105,3610,129,6843,1899,9
197325523730,121,2941,493,31225,1900,9
197325534767,334,3125,129,6152,1901,9
197325545765,118,4910,352,32975,1902,9
197325557015,191,3452,127,1115,1903,9
197325568330,213,4611,711,36367,1904,9
197325579398,222,4419,311,16446,1905,9
197325590537,153,2939,93,7921,1906,9
197325601566,129,3107,53,2181,1907,9
197325612592,118,4500,61,2460,1908,9
197325623697,120,2790,225,14077,1909,9
197325634815,223,2990,347,21159,1910,9
197325646238,125,3823,644,8028,1911,9
197325657270,194,2913,47,1700,1912,9
197325668369,317,3350,135,11979,1913,9
197325679355,181,3187,72,1806,1914,9
197325690399,285,3870,101,7951,1915,9
197325701540,228,3236,132,5113,1916,9
197325712629,126,3334,313,32521,1917,9
197325723574,151,3384,120,9499,1918,9
197325735055,126,3382,92,2566,1919,9
197325746127,133,3507,154,14002,1920,9
197325757134,133,3062,46,2005,1921,9
197325768204,329,3278,49,1744,1922,9
197325779225,385,3510,413,32977,1923,9
197325790285,232,3878,44,1582,1924,9
197325801801,694,4599,689,33564,1925,9
197325812833,205,3175,149,9106,1926,9
197325823907,510,3616,144,2357,1927,9
197325834662,245,3876,118,1383,1928,9
197325846439,145,3619,44,695,1929,9
197325857227,232,3414,322,31558,1930,9
197325868265,205,3391,69,3572,1931,9
197325879381,1286,3128,192,14495,1932,9
197325893289,153,3530,105,7984,1933,9
197325901761,118,3839,53,1973,1934,9
197325912745,122,3717,174,14600,1935,9
197325923899,188,3663,54,1469,1936,9
197325934931,139,3119,374,36652,1937,9
197325946012,116,3473,62,3335,1938,9
197325957056,166,3358,246,24575,1939,9
197325968131,359,3357,160,8469,1940,9
197325979128,359,3574,64,1109,1941,9
197325990228,131,4405,301,31740,1942,9
197326001291,122,3021,59,2998,1943,9
197326012898,126,2786,333,35140,1944,9
197326023855,183,2676,75,3751,1945,9
197326034933,150,2704,173,15049,1946,9
197326045986,144,3099,65,2469,1947,9
197326056995,120,2699,50,1862,1948,9
197326112297,240,3488,102,5925,1949,9
197326127308,236,3141,341,33987,1950,9
197326138561,243,2749,173,16044,1951,9
197326154099,153,4233,119,8300,1952,9
197326160817,107,4104,485,15219,1953,9
197326171962,108,3991,58,2633,1954,9
197326183125,164,4619,108,1899,1955,9
197326194299,281,3034,120,8371,1956,9
197326205437,153,3334,253,15271,1957,9
197326216223,456,4068,112,7776,1958,9
197326227209,143,3843,40,1119,1959,9
197326238857,160,3807,310,31696,1960,9
197326250040,251,2928,87,3023,1961,9
197326260917,251,3261,360,35098,1962,9
197326271943,328,3131,61,3413,1963,9
197326282941,242,3414,239,24003,1964,9
197326294108,116,3469,178,1506,1965,9
197326305136,188,3243,337,31356,1966,9
197326316221,225,3451,45,1284,1967,9
197326327741,219,3458,74,1796,1968,9
197326338812,167,3237,297,31123,1969,9
197326349747,378,3925,119,9279,1970,9
197326360777,307,4728,59,2539,1971,9
197326371599,146,4613,166,13852,1972,9
197326383365,156,4492,62,1916,1973,9
197326394380,244,3602,101,7741,1974,9
197326405422,141,3284,184,14699,1975,9
197326416446,307,3586,144,11786,1976,9
197326427480,185,4214,86,2741,1977,9
197326438527,197,3196,108,7161,1978,9
197326449527,117,3194,166,14409,1979,9
197326460633,1137,3970,334,21944,1980,9
197326471639,152,3325,313,18814,1981,9
197326483235,133,4929,74,4577,1982,9
197326493812,115,3029,2983,34641,1983,9
197326505393,146,2965,197,16343,1984,9
197326516327,304,3718,107,8101,1985,9
197326527565,123,3440,153,14196,1986,9
197326538612,123,3544,300,31032,1987,9
197326549800,154,3547,48,1667,1988,9
197326560841,161,3595,333,34413,1989,9
197326571906,358,4580,70,3671,1990,9
197326582857,227,3311,166,15569,1991,9
197326594124,143,3129,98,7120,1992,9
197326605095,153,3070,311,20847,1993,9
197326616727,209,2779,106,4590,1994,9
197326627235,204,3619,330,34817,1995,9
197326638646,303,3652,132,9456,1996,9
197326649677,121,3240,53,2255,1997,9
197326660706,274,3364,153,13622,1998,9
197326671752,278,4224,59,2322,1999,9
197326683271,415,4274,64,1833,2000,9
197326694205,128,3854,108,7927,2001,9
197326705393,120,3659,198,14349,2002,9
197326716393,321,2946,100,7622,2003,9
197326727564,156,3499,50,2064,2004,9
197326738510,644,2975,60,2499,2005,9
197326749525,113,3177,161,14570,2006,9
197326760570,109,2882,50,2228,2007,9
197326772102,1725,2817,111,8340,2008,9
197326783144,171,3989,73,4100,2009,9
197326794001,129,4388,320,32959,2010,9
197326805038,115,3068,65,3718,2011,9
197326816584,3736,3280,105,7587,2012,9
197326827658,287,3647,163,14688,2013,9
197326838498,122,2926,59,2127,2014,9
197326849534,249,3177,99,7694,2015,9
197326860569,280,3484,58,2391,2016,9
197326872079,283,3395,233,14564,2017,9
197326883269,292,4496,74,2124,2018,9
197326893866,237,3895,57,1723,2019,9
197326905241,197,3282,358,32834,2020,9
197326916272,244,3847,110,3594,2021,9
197326927414,230,3610,60,2245,2022,9
197326938500,390,3145,108,8014,2023,9
197326949531,131,3942,51,1962,2024,9
197326960531,121,3625,254,1887,2025,9
197326972158,118,3041,368,21035,2026,9
197326983107,177,3374,54,1270,2027,9
197326994228,288,3689,447,31221,2028,9
197327005232,246,3149,165,16029,2029,9
197327016291,438,3108,111,8191,2030,9
197327027398,159,3401,50,2135,2031,9
197327038400,134,3773,179,14827,2032,9
197327049622,242,2986,57,2666,2033,9
197327060688,128,3521,104,7726,2034,9
197327071872,214,3557,168,15465,2035,9
197327082971,109,3586,54,2211,2036,9
197327094016,125,3446,104,7988,2037,9
197327105075,162,3658,120,1779,2038,9
197327116080,124,4475,57,1373,2039,9
197327127571,137,3949,66,2725,2040,9
197327138613,132,2889,366,35093,2041,9
197327149690,273,2895,78,3726,2042,9
197327161007,323,3242,162,13823,2043,9
197327172029,138,2756,310,31791,2044,9
197327183155,329,2764,82,3634,2045,9
197327194187,170,2715,116,8259,2046,9
197327205240,175,2689,163,15282,2047,9
197327240429,230,12631,179,7884,2048,9
197327264589,427,3288,78,4115,2049,9
197327275636,128,2689,46,1828,2050,9
197327286763,190,3844,208,14855,2051,9
197327297991,134,4237,121,2330,2052,9
197327309112,111,3926,93,7038,2053,9
197327320263,101,4766,73,1925,2054,9
197327331397,177,3180,175,15104,2055,9
197327342498,174,3326,104,7337,2056,9
197327353872,373,4562,144,11550,2057,9
197327364449,140,3995,61,2950,2058,9
197327376004,184,3170,502,35132,2059,9
197327386832,194,3183,131,3718,2060,9
197327397841,128,3580,99,7987,2061,9
197327409409,176,4343,151,13609,2062,9
197327420434,207,5291,49,1679,2063,9
197327431540,196,3807,87,1577,2064,9
197327442669,162,3375,344,34747,2065,9
197327453708,128,2786,285,17299,2066,9
197327464686,140,3814,56,2471,2067,9
197327475791,213,3296,165,7684,2068,9
197327486819,127,3671,3693,2348,2069,9
197327497907,265,4066,237,13538,2070,9
197327509533,106,3679,725,31576,2071,9
197327520488,201,4429,119,9643,2072,9
197327531560,205,3471,269,15474,2073,9
197327542789,3093,3458,62,2694,2074,9
197327553745,160,3318,51,1911,2075,9
197327564748,265,6483,94,6343,2076,9
197327575795,142,3776,309,31287,2077,9
197327586829,131,3373,187,16935,2078,9
197327597877,275,3864,96,7092,2079,9
197327609357,152,4505,506,31499,2080,9
197327620363,122,2871,62,2991,2081,9
197327631397,109,2836,338,35158,2082,9
197327642542,116,2753,112,9215,2083,9
197327653643,130,2865,254,23490,2084,9
197327664604,238,3942,68,1429,2085,9
197327675752,307,3514,429,31937,2086,9
197327686910,192,3300,125,9758,2087,9
197327698299,159,3225,157,14886,2088,9
197327709140,200,3367,42,1122,2089,9
197327720194,146,2890,41,789,2090,9
197327731220,110,2936,62,1021,2091,9
197327742714,238,2987,353,34997,2092,9
197327753440,352,4350,274,15935,2093,9
197327764570,117,5408,142,12123,2094,9
197327775639,293,2953,50,1511,2095,9
197327787094,121,2959,35,870,2096,9
197327798720,180,3375,44,1458,2097,9
197327809024,304,3767,1292,34803,2098,9
197327819987,117,3682,773,3716,2099,9
197327831640,270,3803,178,15658,2100,9
197327842828,322,2918,100,7687,2101,9
197327853832,359,3085,52,1963,2102,9
197327864911,116,4533,53,2263,2103,9
197327876369,256,3433,232,13589,2104,9
197327886994,137,3313,428,37474,2105,9
197327898422,159,3624,156,3806,2106,9
197327909018,113,3451,175,15193,2107,9
197327920498,104,4234,69,2330,2108,9
197327931847,913,3209,182,12259,2109,9
197327942632,343,3018,195,8434,2110,9
197327953655,315,3137,165,15557,2111,9
197327964678,110,4800,1367,1994,2112,9
197327975885,168,3216,195,7665,2113,9
197327986915,357,3292,206,1509,2114,9
197327997910,156,3347,565,2793,2115,9
197328009200,237,3250,514,34972,2116,9
197328020207,316,3321,362,9515,2117,9
197328031196,215,3277,49,2232,2118,9
197328042753,112,3782,138,12085,2119,9
197328053747,139,2677,214,1922,2120,9
197328065009,128,3771,140,7285,2121,9
197328076032,404,2951,153,13804,2122,9
197328086994,157,3519,208,2135,2123,9
197328098093,122,3216,44,1270,2124,9
197328109069,370,3935,352,34803,2125,9
197328120349,140,3750,68,2301,2126,9
197328132401,240,3396,342,33043,2127,9
197328142281,212,3286,139,7394,2128,9
197328153894,281,3914,381,33414,2129,9
197328164740,264,5252,68,1485,2130,9
197328175779,162,3360,226,21356,2131,9
197328186789,170,3057,90,6327,2132,9
197328197812,232,3450,330,31465,2133,9
197328209361,177,3502,409,16911,2134,9
197328220334,140,3985,61,2622,2135,9
197328231608,370,3139,166,8604,2136,9
197328242606,363,3156,49,1883,2137,9
197328253938,123,3495,176,14551,2138,9
197328264790,193,3559,49,1838,2139,9
197328275672,139,3387,335,35234,2140,9
197328286804,176,3454,173,16822,2141,9
197328297816,158,3664,142,2894,2142,9
197328309305,236,3578,82,1928,2143,9
197328320443,151,4419,177,16698,2144,9
197328331396,115,4173,3322,7824,2145,9
197328342603,145,3278,427,36419,2146,9
197328353459,120,2966,79,4871,2147,9
197328365009,114,3054,430,35183,2148,9
197328375962,228,3273,151,13578,2149,9
197328387013,127,2770,311,31589,2150,9
197328398085,165,2695,146,9396,2151,9
197328434477,233,2763,262,15360,2152,9
197328448686,223,3925,182,3220,2153,9
197328460243,147,4043,68,1891,2154,9
197328471356,293,4218,141,7567,2155,9
197328482437,109,3402,61,1854,2156,9
197328493119,253,3888,63,2182,2157,9
197328504358,185,2916,252,14141,2158,9
197328515648,195,3742,116,7794,2159,9
197328526738,241,4653,74,4043,2160,9
197328537986,158,3454,330,32982,2161,9
197328549159,134,3555,60,3374,2162,9
197328559758,125,3543,92,6731,2163,9
197328571329,118,3390,37,735,2164,9
197328582319,107,3133,362,42584,2165,9
197328593336,147,3984,45,1410,2166,9
197328604356,268,3411,516,35233,2167,9
197328615392,211,3642,101,3849,2168,9
197328626881,194,4870,157,14249,2169,9
197328637632,145,3758,49,1619,2170,9
197328650621,117,3302,329,35169,2171,9
197328659977,125,3398,296,16921,2172,9
197328671087,244,4594,59,2702,2173,9
197328682138,144,3322,95,2522,2174,9
197328693237,137,3490,107,8479,2175,9
197328704405,484,3636,81,5258,2176,9
197328715561,160,3951,330,35116,2177,9
197328726575,521,3642,67,3758,2178,9
197328737785,116,2893,58,2461,2179,9
197328748874,236,2964,154,14547,2180,9
197328759845,111,2827,50,2027,2181,9
197328770877,130,4187,760,6815,2182,9
197328782399,110,2992,329,34589,2183,9
197328793135,112,2768,40,1632,2184,9
197328804738,106,3574,265,21671,2185,9
197328815799,111,3600,965,6313,2186,9
197328826806,107,3216,66,878,2187,9
197328837864,220,3580,370,43371,2188,9
197328848757,148,2678,101,7252,2189,9
197328859891,161,2739,313,31637,2190,9
197328886519,185,2707,233,13826,2191,9
197328900978,176,4294,546,37706,2192,9
197328911835,145,4264,414,16725,2193,9
197328922905,137,4131,217,12580,2194,9
197328934157,176,4203,147,7868,2195,9
197328945303,145,2942,67,2041,2196,9
197328956411,237,3494,293,15238,2197,9
197328967613,269,3157,110,8113,2198,9
197328978799,146,2857,51,1898,2199,9
197328989696,146,5398,1117,11669,2200,9
197329001768,149,3431,66,2210,2201,9
197329011776,287,3223,50,1880,2202,9
197329022900,356,3475,708,31062,2203,9
197329033935,228,4306,628,16907,2204,9
197329045445,201,3927,447,2914,2205,9
197329056632,207,3460,217,2105,2206,9
197329067711,210,3195,46,1226,2207,9
197329078709,172,3960,334,31922,2208,9
197329089761,340,4139,80,3481,2209,9
197329100759,271,3065,100,7848,2210,9
197329111808,140,3685,50,1383,2211,9
197329122841,293,3024,1562,41905,2212,9
197329134195,171,4083,52,2656,2213,9
197329145215,128,3436,344,34270,2214,9
197329156262,211,3256,367,16469,2215,9
197329167557,299,4255,60,2432,2216,9
197329178737,228,3659,92,1469,2217,9
197329189718,223,3817,383,36314,2218,9
197329200930,130,6188,184,16759,2219,9
197329212006,361,2997,58,2627,2220,9
197329222924,117,3501,99,7985,2221,9
197329234002,109,2730,44,2180,2222,9
197329245629,284,3779,50,1753,2223,9
197329256779,314,3133,157,14447,2224,9
197329267428,403,3145,348,7572,2225,9
197329278605,213,3243,310,33302,2226,9
197329289698,316,3560,59,2855,2227,9
197329300616,286,3170,154,2593,2228,9
197329312169,292,3245,103,6953,2229,9
197329323648,448,3712,3572,11191,2230,9
197329334162,222,3283,161,15470,2231,9
197329345191,319,3167,46,1374,2232,9
197329356653,257,3410,334,34967,2233,9
197329367753,220,3704,110,3636,2234,9
197329378953,215,3840,236,23794,2235,9
197329390128,163,4376,110,8383,2236,9
197329400907,119,2844,54,2163,2237,9
197329411917,131,2696,101,6042,2238,9
197329422969,157,2793,343,33715,2239,9
197329434047,35,2888,88,3826,2239,10
197329445408,139,2830,109,8390,2240,10
197329456421,113,2702,157,14848,2241,10
197329467691,311,4577,178,7629,2242,10
197329478520,271,2723,61,1939,2243,10
197329489595,284,3141,78,2301,2244,10
197329500733,144,4389,78,3220,2245,10
197329511769,112,3770,536,35233,2246,10
197329522953,107,3898,165,9684,2247,10
197329534066,124,4265,247,14109,2248,10
197329545176,151,3044,75,2625,2249,10
197329556423,272,3036,52,2074,2250,10
197329567331,164,3879,118,6520,2251,10
197329578441,173,3523,390,42473,2252,10
197329589916,157,3579,85,5133,2253,10
197329600768,151,3253,108,8148,2254,10
197329611801,153,3100,274,11929,2255,10
197329622967,303,3965,388,14488,2256,10
197329634106,156,3717,51,1814,2257,10
197329645289,643,4854,358,35136,2258,10
197329656323,135,3325,156,13976,2259,10
197329667319,112,4034,405,31483,2260,10
197329679279,214,3904,347,9167,2261,10
197329689693,192,3642,237,21421,2262,10
197329700769,141,3081,171,15296,2263,10
197329711804,117,3499,51,1502,2264,10
197329722838,135,4556,423,37285,2265,10
197329734192,115,3903,72,3901,2266,10
197329745235,205,3894,70,2280,2267,10
197329756355,136,3231,161,14807,2268,10
197329767371,386,3448,108,8232,2269,10
197329778979,125,3500,161,14940,2270,10
197329789960,113,3683,168,11925,2271,10
197329800836,107,3081,48,1874,2272,10
197329812107,141,3493,353,34798,2273,10
197329823137,124,3535,91,3758,2274,10
197329834144,110,3423,173,15798,2275,10
197329845154,107,6920,93,6734,2276,10
197329856192,128,3975,517,31354,2277,10
197329867219,160,2989,68,4661,2278,10
197329878857,122,4013,328,35179,2279,10
197329890300,138,4185,168,9557,2280,10
197329901047,120,3033,97,2152,2281,10
197329911826,132,3394,89,5749,2282,10
197329922909,107,3440,491,33680,2283,10
197329934470,149,3036,131,9951,2284,10
197329945496,108,3980,51,2255,2285,10
197329956555,406,3264,153,13723,2286,10
197329967562,268,4408,347,36971,2287,10
197329978900,221,3467,73,4768,2288,10
197329989895,108,3547,395,35068,2289,10
197330000795,189,3221,172,16439,2290,10
197330011737,110,3132,56,2519,2291,10
197330023244,119,3656,55,2572,2292,10
197330034295,210,3129,66,2073,2293,10
197330045482,200,3737,75,1414,2294,10
197330057128,196,2986,329,31346,2295,10
197330067385,466,2937,121,9144,2296,10
197330078587,368,4058,739,15641,2297,10
197330089629,121,4133,57,2398,2298,10
197330100994,128,3155,101,7625,2299,10
197330112039,415,3186,193,11735,2300,10
197330123431,290,3343,226,14810,2301,10
197330134050,187,3241,103,7962,2302,10
197330145119,119,3046,49,1860,2303,10
197330156189,106,3454,164,14929,2304,10
197330167714,167,3125,69,2103,2305,10
197330178710,179,2898,74,1746,2306,10
197330189674,127,3446,46,1093,2307,10
197330200933,115,3801,1086,32367,2308,10
197330211739,274,3103,189,3504,2309,10
197330223296,340,2948,149,6719,2310,10
197330234338,335,3248,39,1083,2311,10
197330245314,184,3189,2454,31393,2312,10
197330256344,194,3233,78,5212,2313,10
197330267447,248,3226,663,35025,2314,10
197330278463,353,4000,68,3758,2315,10
197330289470,170,3849,160,15096,2316,10
197330301035,144,3076,181,2497,2317,10
197330312080,214,3204,100,7108,2318,10
197330323108,238,4187,194,15102,2319,10
197330334257,358,3559,52,2040,2320,10
197330345179,116,3256,90,6827,2321,10
197330356268,189,3867,305,31442,2322,10
197330367243,118,3393,46,1511,2323,10
197330378809,119,2886,559,42543,2324,10
197330389579,166,4380,129,10899,2325,10
197330401001,163,3285,66,2597,2326,10
197330412114,403,3461,192,14000,2327,10
197330423266,124,3193,341,31780,2328,10
197330434480,184,3753,129,9635,2329,10
197330445325,113,2942,50,2245,2330,10
197330456402,135,3430,337,15474,2331,10
197330467429,369,3366,115,7160,2332,10
197330478473,270,3807,304,31431,2333,10
197330489657,303,4591,67,3708,2334,10
197330501039,165,3146,233,13951,2335,10
197330512123,240,3474,391,31638,2336,10
197330523130,139,3440,113,9761,2337,10
197330534170,1767,3949,365,15214,2338,10
197330545294,247,3823,54,2360,2339,10
197330556336,134,4159,69,1751,2340,10
197330567346,117,3598,366,36559,2341,10
197330578702,257,4089,186,17420,2342,10
197330589701,163,4169,58,2735,2343,10
197330600760,122,3376,46,1260,2344,10
197330611794,116,2885,76,4786,2345,10
197330623252,116,3004,67,4331,2346,10
197330634227,182,3120,335,34760,2347,10
197330645326,251,3257,68,3694,2348,10
197330656329,289,3353,165,14833,2349,10
197330667392,239,2940,133,11638,2350,10
197330678422,596,3019,83,2450,2351,10
197330690058,127,3497,89,6543,2352,10
197330700998,176,3149,259,21085,2353,10
197330712035,250,3138,43,1304,2354,10
197330723036,255,2939,318,31208,2355,10
197330734072,205,3601,72,4479,2356,10
197330745152,145,3430,345,35111,2357,10
197330756162,123,3091,173,16028,2358,10
197330767682,133,3053,185,17689,2359,10
197330778702,365,3181,165,14031,2360,10
197330789915,247,5236,43,1030,2361,10
197330800747,112,6250,381,31985,2362,10
197330812036,159,3249,561,6460,2363,10
197330822950,1297,3497,376,43327,2364,10
197330834117,177,3376,79,5272,2365,10
197330845247,177,3632,111,8660,2366,10
197330856345,112,2945,61,2528,2367,10
197330867288,202,3059,58,2682,2368,10
197330878847,276,3271,164,14409,2369,10
197330889891,146,3222,195,11800,2370,10
197330900929,114,3128,48,1541,2371,10
197330911693,344,3308,318,32808,2372,10
197330923264,173,3188,71,3651,2373,10
197330934346,168,3849,112,8150,2374,10
197330945400,136,3994,52,2070,2375,10
197330956393,365,3446,244,14438,2376,10
197330967618,112,3228,58,1518,2377,10
197330978603,999,3450,343,35042,2378,10
197330989602,111,3968,70,3941,2379,10
197331000864,163,2838,165,14840,2380,10
197331012407,158,3622,105,7867,2381,10
197331022994,246,3315,104,1775,2382,10
197331034042,145,4206,210,13968,2383,10
197331045085,153,3711,339,31641,2384,10
197331056575,154,3645,74,1726,2385,10
197331067631,264,3434,388,36713,2386,10
197331079003,135,3183,277,17219,2387,10
197331089650,267,4271,60,2544,2388,10
197331100630,238,3308,99,7117,2389,10
197331111705,123,3260,341,31535,2390,10
197331123204,163,3370,180,16430,2391,10
197331134327,137,3225,58,2769,2392,10
197331145315,159,3113,206,8014,2393,10
197331156387,114,3578,49,1923,2394,10
197331167446,136,3431,196,12258,2395,10
197331178550,446,3452,90,2125,2396,10
197331189486,215,3845,115,8658,2397,10
197331201751,224,3475,125,10217,2398,10
197331213180,209,3185,340,32204,2399,10
197331223231,134,3666,50,1263,2400,10
197331234297,415,3511,450,35079,2401,10
197331245333,351,3212,72,3702,2402,10
197331256482,326,3607,170,14680,2403,10
197331267840,165,3986,117,7764,2404,10
197331279614,1965,5464,283,24052,2405,10
197331289641,129,3196,58,2559,2406,10
197331300670,139,2759,69,2589,2407,10
197331311793,172,2674,111,7525,2408,10
197331322837,164,2668,60,2058,2409,10
197331334418,139,2692,56,1458,2410,10
197331352010,191,3093,49,684,2411,10
197331356419,109,2763,44,950,2412,10
197331367639,204,4030,486,31333,2413,10
197331378764,147,3907,265,16236,2414,10
197331389805,191,4331,66,1790,2415,10
197331401022,129,3602,520,35280,2416,10
197331412128,139,2734,277,16797,2417,10
197331423269,242,2842,80,2853,2418,10
197331433911,171,4018,91,2688,2419,10
197331445464,171,4262,332,33772,2420,10
197331456520,138,3782,198,16964,2421,10
197331467552,132,3892,106,7924,2422,10
197331478620,332,3124,46,1949,2423,10
197331489666,147,3625,48,2155,2424,10
197331500927,134,3165,156,13709,2425,10
197331512088,416,3386,459,31369,2426,10
197331523118,112,2903,45,1621,2427,10
197331534152,221,3163,335,32624,2428,10
197331545170,146,2934,77,3643,2429,10
197331556188,334,3632,49,2076,2430,10
197331567464,421,3649,96,6269,2431,10
197331578841,378,3559,378,42481,2432,10
197331589552,285,3928,68,3634,2433,10
197331600684,196,3233,276,17527,2434,10
197331612175,176,4457,243,2587,2435,10
197331623002,397,3196,159,14579,2436,10
197331634103,258,3055,76,4276,2437,10
197331645118,291,3268,505,33548,2438,10
197331656118,136,3178,261,16597,2439,10
197331667653,227,3811,64,2637,2440,10
197331678860,559,3207,65,2478,2441,10
197331689883,167,3217,112,8091,2442,10
197331700854,106,3129,229,14348,2443,10
197331711925,221,3256,322,31748,2444,10
197331722910,235,3347,599,9797,2445,10
197331734062,156,3307,55,2528,2446,10
197331745023,117,3043,51,2006,2447,10
197331756543,123,4461,1492,14654,2448,10
197331767764,195,3515,113,8126,2449,10
197331778736,147,3819,45,1855,2450,10
197331789927,161,3986,171,15158,2451,10
197331800932,351,3060,88,1885,2452,10
197331811940,133,3954,342,36812,2453,10
197331823127,113,2684,69,3746,2454,10
197331834228,228,3397,168,15751,2455,10
197331845232,137,3164,53,1379,2456,10
197331856374,152,4301,336,35150,2457,10
197331867397,137,2947,104,3706,2458,10
197331878420,137,2785,161,14730,2459,10
197331889492,111,3588,102,7000,2460,10
197331902045,174,3300,329,31307,2461,10
197331912095,197,3503,92,6061,2462,10
197331923207,372,4134,412,33681,2463,10
197331934348,344,3686,129,9762,2464,10
197331945368,209,4242,62,2244,2465,10
197331956367,146,3627,161,14686,2466,10
197331967410,130,3340,111,7564,2467,10
197331978469,562,3293,85,4714,2468,10
197331989493,114,4999,350,35200,2469,10
197332000642,152,3450,189,16552,2470,10
197332012374,242,3967,67,2592,2471,10
197332023448,126,3641,110,8086,2472,10
197332034132,120,2873,161,15142,2473,10
197332045087,233,3338,174,2591,2474,10
197332056336,317,3193,54,1995,2475,10
197332067329,274,2976,107,7473,2476,10
197332078574,495,3503,175,15363,2477,10
197332089710,159,3385,54,2177,2478,10
197332100650,136,3190,99,7064,2479,10
197332111657,172,2803,352,31512,2480,10
197332123229,162,3461,177,16572,2481,10
197332134261,136,3676,106,8556,2482,10
197332145366,125,4489,129,2098,2483,10
197332156372,1267,3180,193,15175,2484,10
197332167590,130,3193,92,2473,2485,10
197332178458,183,3200,67,2678,2486,10
197332189566,326,3524,100,6401,2487,10
197332201027,130,3398,317,31399,2488,10
197332212041,137,3056,83,4221,2489,10
197332222968,217,2958,347,35061,2490,10
197332234097,186,3016,94,3924,2491,10
197332245002,274,3638,53,2119,2492,10
197332256537,216,3305,159,14399,2493,10
197332267591,167,3798,129,7637,2494,10
197332278932,255,3267,174,14062,2495,10
197332289882,145,4005,48,885,2496,10
197332300884,165,3259,358,31761,2497,10
197332311948,324,3569,119,9116,2498,10
197332322969,120,3631,170,15534,2499,10
197332334132,181,3697,62,2511,2500,10
197332345149,134,3232,106,7990,2501,10
197332356179,193,3927,49,1728,2502,10
197332367384,368,3515,142,11810,2503,10
197332378393,113,3448,161,14709,2504,10
197332389917,267,4223,82,2332,2505,10
197332400688,113,3415,101,7916,2506,10
197332412000,124,3889,167,15041,2507,10
197332423114,117,3782,73,2547,2508,10
197332434272,172,3504,117,8290,2509,10
197332445347,422,5037,52,2001,2510,10
197332457557,778,3756,347,15410,2511,10
197332467435,231,3440,60,2107,2512,10
197332478607,387,3960,112,8479,2513,10
197332490092,162,3320,54,1792,2514,10
197332500596,229,3234,159,14590,2515,10
197332512120,211,3394,50,1648,2516,10
197332523195,123,2848,360,35121,2517,10
197332534227,203,2943,158,13711,2518,10
197332545409,144,2909,312,31684,2519,10
197332556504,152,2724,119,9224,2520,10
197332567502,208,2750,319,21609,2521,10
197332578778,211,2719,83,4325,2522,10
197332589835,133,2957,319,32454,2523,10
197332601017,138,2709,122,9482,2524,10
197332612183,132,2736,128,2339,2525,10
197332641919,345,3154,53,1843,2526,10
197332656948,201,2794,49,2402,2527,10
197332668027,131,2706,226,12532,2528,10
197332679169,219,2837,106,1909,2529,10
197332690232,32,3787,100,1899,2529,11
197332701388,172,4658,151,7833,2530,11
197332712615,131,3690,252,15165,2531,11
197332723699,258,4072,128,7535,2532,11
197332734850,200,3628,75,2143,2533,11
197332745988,152,3535,65,3067,2534,11
197332757016,185,3026,350,35323,2535,11
197332768129,224,3863,128,9498,2536,11
197332779099,486,3176,163,14000,2537,11
197332790187,203,3656,58,2249,2538,11
197332801197,123,3113,430,2352,2539,11
197332812239,194,3250,54,1352,2540,11
197332823633,150,3522,41,644,2541,11
197332834685,135,3994,312,32398,2542,11
197332845695,113,4926,237,9416,2543,11
197332856727,117,4601,225,2545,2544,11
197332867825,103,3066,45,2023,2545,11
197332879321,118,3817,262,13776,2546,11
197332890342,117,3226,106,7768,2547,11
197332901136,137,2934,51,1753,2548,11
197332912298,450,3455,166,14685,2549,11
197332923762,151,2988,54,2335,2550,11
197332934395,199,3209,110,7527,2551,11
197332945965,160,3314,53,1911,2552,11
197332957039,197,3042,337,15129,2553,11
197332968035,150,3758,187,7577,2554,11
197332979173,160,3215,44,1926,2555,11
197332990109,221,3897,52,2261,2556,11
197333001443,264,3528,51,1909,2557,11
197333012437,181,3576,60,2499,2558,11
197333023523,357,3105,39,1020,2559,11
197333034606,234,2931,446,42832,2560,11
197333045524,342,3398,73,1544,2561,11
197333057079,249,3186,361,33525,2562,11
197333068127,136,3535,46,1243,2563,11
197333079344,337,3079,55,1821,2564,11
197333090308,194,4837,623,31069,2565,11
197333101396,382,3489,133,9317,2566,11
197333112403,200,3658,86,2512,2567,11
197333123476,986,3445,157,13866,2568,11
197333134450,171,4605,185,6920,2569,11
197333145683,117,3768,948,31192,2570,11
197333156907,208,3132,222,16476,2571,11
197333168045,173,3358,103,2376,2572,11
197333179020,208,3030,66,2528,2573,11
197333190183,137,3056,181,8048,2574,11
197333201266,147,3251,259,14664,2575,11
197333212254,129,3582,310,31727,2576,11
197333223406,108,2956,94,6949,2577,11
197333234858,244,2929,465,31676,2578,11
197333245784,213,3064,89,3557,2579,11
197333256810,150,3815,1759,13663,2580,11
197333267981,270,3295,367,37408,2581,11
197333279698,216,3458,182,16791,2582,11
197333290219,120,3677,76,2536,2583,11
197333301269,163,3363,134,11650,2584,11
197333312234,150,3240,255,16780,2585,11
197333323300,241,3774,48,1774,2586,11
197333334796,373,2830,243,15177,2587,11
197333345874,243,4217,79,1276,2588,11
197333356914,332,3007,348,35175,2589,11
197333367947,128,3214,68,3910,2590,11
197333379079,286,3094,208,14620,2591,11
197333390083,167,4191,112,7718,2592,11
197333401106,223,3151,68,1504,2593,11
197333412613,136,3505,503,33380,2594,11
197333423800,120,2836,119,2892,2595,11
197333434854,212,2628,112,1300,2596,11
197333445881,234,3738,330,34916,2597,11
197333456901,167,2988,182,16750,2598,11
197333468007,332,3206,186,17451,2599,11
197333479579,302,3373,59,2386,2600,11
197333490223,139,4361,47,1915,2601,11
197333501214,107,3958,152,13372,2602,11
197333512489,139,3587,317,31659,2603,11
197333523765,2433,3000,175,9610,2604,11
197333534478,452,4652,260,15143,2605,11
197333545480,280,3953,54,2504,2606,11
197333557099,134,3086,70,1955,2607,11
197333567782,112,2948,157,7336,2608,11
197333578843,127,2913,171,14320,2609,11
197333590326,237,3072,87,6310,2610,11
197333601366,217,2975,122,4187,2611,11
197333612419,119,3474,583,35126,2612,11
197333623718,235,3138,61,3765,2613,11
197333634609,430,4407,60,2822,2614,11
197333645706,119,3748,81,5463,2615,11
197333656831,290,5026,360,33140,2616,11
197333667845,178,3950,62,1491,2617,11
197333679587,202,3413,368,33629,2618,11
197333690163,238,3689,117,9996,2619,11
197333701272,122,2810,56,2215,2620,11
197333712519,110,2900,260,14598,2621,11
197333723545,252,2992,96,7414,2622,11
197333734549,164,2878,70,4494,2623,11
197333745596,121,3943,327,35020,2624,11
197333756899,211,3017,175,16307,2625,11
197333767964,125,3427,1509,7928,2626,11
197333778964,208,3205,178,14096,2627,11
197333789986,220,3412,304,31401,2628,11
197333801544,113,4103,73,4066,2629,11
197333812144,120,3224,163,7294,2630,11
197333823688,128,3522,2305,24293,2631,11
197333834797,114,3113,231,2950,2632,11
197333845823,106,3746,105,8304,2633,11
197333857017,130,2954,45,1142,2634,11
197333867990,133,3155,314,31590,2635,11
197333879026,306,3839,182,16509,2636,11
197333890187,127,2846,104,8519,2637,11
197333901178,227,3103,52,1976,2638,11
197333912206,208,2966,165,15060,2639,11
197333923263,216,3160,270,2706,2640,11
197333934822,387,3617,256,7559,2641,11
197333945781,260,3715,77,5139,2642,11
197333956791,290,3049,305,31915,2643,11
197333967832,436,3578,68,3530,2644,11
197333978953,270,4228,114,8410,2645,11
197333990217,267,3642,126,930,2646,11
197334001328,279,3189,350,42153,2647,11
197334012355,249,3185,91,6831,2648,11
197334023393,234,3755,639,31046,2649,11
197334034438,244,3795,301,16495,2650,11
197334045479,119,3477,72,2329,2651,11
197334056990,423,3027,94,6829,2652,11
197334068048,323,3999,229,21969,2653,11
197334079109,327,3912,79,4587,2654,11
197334090204,223,3291,338,34673,2655,11
197334101299,182,3075,72,3690,2656,11
197334112374,122,3218,55,2371,2657,11
197334123761,133,3827,1701,14500,2658,11
197334134892,157,3412,46,2085,2659,11
197334145917,140,3160,105,7667,2660,11
197334156864,149,3037,165,15030,2661,11
197334167768,373,3174,55,2395,2662,11
197334178839,130,3417,78,2015,2663,11
197334190398,132,4555,1006,8141,2664,11
197334201489,135,4105,56,1779,2665,11
197334212525,121,2786,161,14832,2666,11
197334223716,331,3407,702,26815,2667,11
197334234558,118,2991,48,1967,2668,11
197334245633,119,3809,79,1610,2669,11
197334256811,734,3384,184,14036,2670,11
197334267910,127,4151,181,17053,2671,11
197334278988,130,2977,241,23627,2672,11
197334290263,128,2928,48,1747,2673,11
197334301516,149,4499,147,11680,2674,11
197334312552,127,2809,50,1876,2675,11
197334323673,344,3562,97,1931,2676,11
197334334697,121,2910,47,1633,2677,11
197334345685,111,3438,98,7460,2678,11
197334357118,342,3162,54,1907,2679,11
197334368696,255,3699,51,1569,2680,11
197334379203,232,3784,85,5126,2681,11
197334390479,342,3284,787,34882,2682,11
197334401299,978,4619,75,3779,2683,11
197334412468,285,3206,166,15053,2684,11
197334423491,3938,3496,123,2530,2685,11
197334434580,210,3491,100,7802,2686,11
197334445551,156,3710,52,1844,2687,11
197334456603,125,3505,167,15023,2688,11
197334468114,125,2739,106,7673,2689,11
197334479180,402,3208,49,1796,2690,11
197334490293,166,2876,47,2104,2691,11
197334501233,378,4610,53,1790,2692,11
197334512386,113,3121,55,2423,2693,11
197334523570,141,3717,41,906,2694,11
197334534381,375,3324,394,42647,2695,11
197334545889,121,4721,51,1562,2696,11
197334557025,248,3239,341,33511,2697,11
197334568258,193,3339,120,9346,2698,11
197334579237,126,3825,211,15160,2699,11
197334590370,267,3355,76,2280,2700,11
197334601281,110,3069,103,7845,2701,11
197334612403,159,3181,48,1459,2702,11
197334623698,208,3382,463,42521,2703,11
197334634470,223,3209,93,5025,2704,11
197334645467,259,4459,114,8739,2705,11
197334657278,1290,3270,171,15487,2706,11
197334667774,113,3762,88,2596,2707,11
197334678853,136,2957,59,1962,2708,11
197334690449,242,3318,366,34806,2709,11
197334701450,199,3856,192,17380,2710,11
197334712684,352,3257,56,2435,2711,11
197334723599,336,3407,103,7770,2712,11
197334734646,182,3809,60,2367,2713,11
197334745664,279,3543,52,2021,2714,11
197334756675,128,3375,148,13615,2715,11
197334767767,137,3043,1493,37476,2716,11
197334779161,209,4279,200,16870,2717,11
197334790280,311,2955,67,3069,2718,11
197334801306,144,2914,51,2278,2719,11
197334812323,173,3035,127,7725,2720,11
197334823279,111,2724,48,1863,2721,11
197334834654,362,3315,1140,14972,2722,11
197334845614,241,3703,93,6840,2723,11
197334856672,214,3634,304,31358,2724,11
197334867737,271,3372,75,4259,2725,11
197334879295,423,3910,384,35188,2726,11
197334890293,278,3861,125,9661,2727,11
197334901934,127,4325,55,2303,2728,11
197334912467,306,3580,179,13740,2729,11
197334923586,138,3123,59,2437,2730,11
197334934605,212,3752,160,1468,2731,11
197334945606,117,4545,540,34654,2732,11
197334956645,126,3214,198,17135,2733,11
197334967722,123,3864,135,7908,2734,11
197334978800,125,2891,65,2199,2735,11
197334990315,111,3143,53,1835,2736,11
197335001390,191,3760,243,13456,2737,11
197335012492,149,3087,134,1030,2738,11
197335023460,314,3819,386,37316,2739,11
197335034803,357,3275,179,16730,2740,11
197335045880,163,3953,63,2937,2741,11
197335057030,110,2850,45,1219,2742,11
197335068150,250,3873,371,36584,2743,11
197335079273,429,3215,182,14530,2744,11
197335090309,145,3486,375,36966,2745,11
197335101544,242,4499,87,4520,2746,11
197335112817,298,3367,373,34877,2747,11
197335123343,127,2670,100,3737,2748,11
197335134430,158,2684,62,2816,2749,11
197335145828,138,2989,54,1422,2750,11
197335156860,137,2773,343,33181,2751,11
197335167758,194,2693,86,1621,2752,11
197335179258,148,2715,352,33410,2753,11
197335190286,142,2769,128,9864,2754,11
197335201246,110,2883,56,2445,2755,11
197335212390,120,2690,157,14714,2756,11
197335223449,181,35538,126,7729,2757,11
197335270603,236,3276,115,4109,2758,11
197335281785,192,4031,243,14916,2759,11
197335293423,241,4090,73,2469,2760,11
197335304043,126,3988,58,1870,2761,11
197335315167,139,3990,176,3599,2762,11
197335326345,148,2969,647,33333,2763,11
197335337201,147,2780,201,16799,2764,11
197335348352,205,3294,104,7879,2765,11
197335359371,276,3636,53,2156,2766,11
197335370524,116,4033,51,1844,2767,11
197335381526,332,3253,163,14428,2768,11
197335392562,327,4124,180,8045,2769,11
197335404217,426,3300,221,15081,2770,11
197335415247,187,3962,55,2021,2771,11
197335426229,215,3083,83,2320,2772,11
197335437282,138,4134,110,7814,2773,11
197335448247,113,3233,167,15319,2774,11
197335459346,142,3247,54,2035,2775,11
197335470345,194,3691,183,17284,2776,11
197335481882,138,3045,108,4624,2777,11
197335492938,159,3014,470,34804,2778,11
197335503982,111,3660,181,16417,2779,11
197335515154,181,3127,100,7447,2780,11
197335526122,111,2944,214,20984,2781,11
197335537164,120,3436,164,14947,2782,11
197335548455,127,3843,49,1816,2783,11
197335559587,326,4467,554,26033,2784,11
197335570629,187,5286,49,1784,2785,11
197335581581,156,3939,265,14892,2786,11
197335592933,201,3322,113,7032,2787,11
197335603986,107,2909,399,31177,2788,11
197335615103,166,2783,73,4088,2789,11
197335626348,414,4027,67,2339,2790,11
197335637466,190,3540,127,2807,2791,11
197335648447,175,3954,51,1913,2792,11
197335659639,104,2831,164,14959,2793,11
197335670746,259,3290,50,2220,2794,11
197335682069,341,3197,69,2498,2795,11
197335692923,152,3259,110,8439,2796,11
197335704099,251,3306,169,15465,2797,11
197335715193,123,5386,127,7738,2798,11
197335726191,226,3121,48,1910,2799,11
197335737224,147,3157,50,2203,2800,11
197335748306,151,3460,150,13722,2801,11
197335759301,163,3226,301,22004,2802,11
197335770819,116,3257,193,19085,2803,11
197335781878,278,3102,148,4013,2804,11
197335792851,370,3564,367,32898,2805,11
197335804102,119,3227,78,3660,2806,11
197335815115,151,2827,97,7465,2807,11
197335826201,161,3079,184,14688,2808,11
197335837336,226,4234,127,2100,2809,11
197335848394,118,3949,42,1343,2810,11
197335859546,431,3562,380,35007,2811,11
197335870407,199,4006,92,789,2812,11
197335881770,426,3191,151,13283,2813,11
197335892745,139,3138,262,27546,2814,11
197335903785,426,3729,258,25495,2815,11
197335914838,3208,4552,53,1766,2816,11
197335926293,596,4248,695,33615,2817,11
197335937416,141,3671,111,8923,2818,11
197335948513,168,3163,136,11782,2819,11
197335959353,184,2897,183,15035,2820,11
197335970481,118,3551,48,2076,2821,11
197335981442,116,3099,101,7639,2822,11
197335993015,182,3328,58,2413,2823,11
197336004002,209,3161,234,23492,2824,11
197336014972,2094,3737,116,8411,2825,11
197336026375,234,5531,60,2323,2826,11
197336037404,137,3435,245,15122,2827,11
197336048490,137,3230,61,2719,2828,11
197336059595,153,3026,106,2118,2829,11
197336070569,144,3379,100,7717,2830,11
197336081634,397,3268,85,5273,2831,11
197336092757,132,3006,368,35258,2832,11
197336103768,215,2894,98,3859,2833,11
197336114804,236,3108,77,2523,2834,11
197336126295,292,3387,160,14503,2835,11
197336137376,307,3604,172,2143,2836,11
197336148538,315,4208,51,1710,2837,11
197336159530,230,3485,341,32704,2838,11
197336170573,204,4531,71,3726,2839,11
197336181898,291,3305,59,2128,2840,11
197336192990,204,3317,114,8658,2841,11
197336204091,575,2980,159,14761,2842,11
197336215217,233,5237,50,1590,2843,11
197336226286,189,3237,335,35189,2844,11
197336237280,133,3383,69,3524,2845,11
197336248385,173,3797,5038,35301,2846,11
197336259356,203,2939,164,9510,2847,11
197336270618,233,3327,81,2289,2848,11
197336281995,181,3040,142,12611,2849,11
197336292969,280,3710,1126,21835,2850,11
197336303934,363,3941,166,13508,2851,11
197336315028,159,3446,161,7555,2852,11
197336326054,112,2848,49,1814,2853,11
197336337400,208,3653,279,23331,2854,11
197336348592,203,4306,109,8070,2855,11
197336360103,1879,3562,49,1521,2856,11
197336370355,108,4216,325,31637,2857,11
197336381636,140,3321,267,16187,2858,11
197336392765,121,3371,108,8266,2859,11
197336403777,246,3634,91,2124,2860,11
197336415173,147,3880,144,12439,2861,11
197336426163,327,3327,55,1196,2862,11
197336437207,200,3518,377,36519,2863,11
197336448294,127,3520,82,5270,2864,11
197336459324,115,2930,323,32366,2865,11
197336470346,115,3135,121,9520,2866,11
197336481907,115,3046,58,2313,2867,11
197336493095,118,3267,53,2454,2868,11
197336504078,241,3386,155,13988,2869,11
197336515204,309,3707,103,7799,2870,11
197336526517,268,3901,51,1737,2871,11
197336537492,117,3105,156,14393,2872,11
197336548526,333,3808,248,21465,2873,11
197336559577,1150,3678,42,1371,2874,11
197336570594,121,4771,331,34688,2875,11
197336581474,109,2824,176,17011,2876,11
197336592997,127,2941,101,7794,2877,11
197336603753,186,3337,808,1192,2878,11
197336614989,223,3445,440,31116,2879,11
197336626495,353,4076,2099,16090,2880,11
197336637459,244,9056,62,2431,2881,11
197336648503,358,2984,106,8043,2882,11
197336659559,116,3407,242,14961,2883,11
197336670519,149,3763,61,2578,2884,11
197336681600,363,3256,58,1947,2885,11
197336692601,207,4067,108,8025,2886,11
197336703664,289,3296,171,15331,2887,11
197336715046,178,4283,137,7632,2888,11
197336726298,664,4558,56,1935,2889,11
197336737360,117,2672,51,2273,2890,11
197336751900,137,4449,174,14458,2891,11
197336759544,395,3558,160,7935,2892,11
197336770672,138,4496,64,1802,2893,11
197336781795,133,3318,172,15060,2894,11
197336792677,324,3337,57,2147,2895,11
197336803753,334,3203,198,12319,2896,11
197336814978,166,3371,142,7726,2897,11
197336826005,155,2984,56,1982,2898,11
197336837017,131,2901,171,15259,2899,11
197336848596,273,2968,107,7932,2900,11
197336859312,257,3403,57,2350,2901,11
197336870821,129,3918,55,2075,2902,11
197336881979,205,3094,180,14319,2903,11
197336893069,299,3296,274,27392,2904,11
197336904162,314,3200,68,4003,2905,11
197336915231,124,4932,329,33752,2906,11
197336926284,304,4250,49,1040,2907,11
197336937332,280,3419,399,34823,2908,11
197336948357,123,3110,69,4382,2909,11
197336959414,308,3387,332,32558,2910,11
197336970393,121,3264,123,9417,2911,11
197336981497,283,3160,173,2072,2912,11
197336992989,138,3189,113,2158,2913,11
197337003925,165,2917,158,13879,2914,11
197337014967,226,3408,108,7730,2915,11
197337025981,167,2950,48,1700,2916,11
197337037083,184,3695,164,14647,2917,11
197337048640,180,3442,64,2508,2918,11
197337059631,127,2925,99,7256,2919,11
197337070708,127,4365,821,5236,2920,11
197337081813,298,3844,964,32578,2921,11
197337092773,332,4345,77,3587,2922,11
197337103823,171,3080,109,8425,2923,11
197337114936,357,4437,60,1996,2924,11
197337126218,135,3319,160,14067,2925,11
197337137296,133,3527,70,1775,2926,11
197337148302,218,2845,107,4931,2927,11
197337159383,215,3191,373,42874,2928,11
197337170438,120,3707,81,5189,2929,11
197337181966,301,3201,67,3063,2930,11
197337192727,273,3500,124,8372,2931,11
197337203821,384,3454,84,5340,2932,11
197337214998,224,3108,346,35451,2933,11
197337225994,128,2767,197,3771,2934,11
197337237141,194,3611,58,2434,2935,11
197337248227,404,3634,155,13555,2936,11
197337259377,116,2892,334,31584,2937,11
197337270517,430,3455,125,9436,2938,11
197337281494,137,3323,2505,15211,2939,11
197337292591,268,3310,55,1780,2940,11
197337304101,186,3375,336,31540,2941,11
197337315227,135,3811,99,6354,2942,11
197337326387,179,3929,83,856,2943,11
197337337051,155,3706,351,43532,2944,11
197337348455,399,3673,139,11046,2945,11
197337359544,839,2995,65,2923,2946,11
197337370618,115,3968,64,3039,2947,11
197337381686,122,3260,370,35379,2948,11
197337392717,314,3294,190,9528,2949,11
197337403796,357,4039,282,13977,2950,11
197337414873,165,3030,41,1211,2951,11
197337425908,153,3345,327,31916,2952,11
197337437434,145,2949,54,1382,2953,11
197337448514,132,2949,371,34928,2954,11
197337459622,246,3228,156,14148,2955,11
197337470702,123,3542,357,36959,2956,11
197337481420,147,2701,76,3776,2957,11
197337493016,140,4179,59,2145,2958,11
197337504016,126,3966,150,13438,2959,11
197337515145,155,4107,369,37525,2960,11
197337525972,112,3862,223,3591,2961,11
197337537062,107,2940,174,15281,2962,11
197337548163,200,3860,73,2414,2963,11
197337559734,335,3210,141,7364,2964,11
197337570753,115,4367,1689,1992,2965,11
197337581825,174,3426,248,15248,2966,11
197337592852,113,3943,105,7586,2967,11
197337603919,144,3371,364,1932,2968,11
197337615312,138,3300,2214,2149,2969,11
197337626346,108,3452,285,1857,2970,11
197337637321,338,3102,154,2565,2971,11
197337648389,271,3136,55,1922,2972,11
197337659523,339,4566,293,14925,2973,11
197337670592,160,5213,854,2001,2974,11
197337681666,346,3380,67,2344,2975,11
197337692632,267,4091,110,6982,2976,11
197337704149,239,3493,254,24666,2977,11
197337715303,195,4093,116,8134,2978,11
197337726315,172,4310,54,2233,2979,11
197337737310,114,3111,63,2464,2980,11
197337748342,121,2678,161,14801,2981,11
197337759384,340,3671,60,2465,2982,11
197337770575,115,3744,138,8117,2983,11
197337781601,205,3213,244,11719,2984,11
197337792557,147,3384,52,1450,2985,11
197337804139,124,3827,71,1348,2986,11
197337815044,141,2713,423,34969,2987,11
197337826107,440,3977,183,14206,2988,11
197337837096,198,3819,317,31745,2989,11
197337848350,141,3392,121,9347,2990,11
197337859362,116,3338,59,2512,2991,11
197337870723,158,3419,45,1069,2992,11
197337881594,169,3226,1282,42610,2993,11
197337892491,180,3419,140,10992,2994,11
197337904055,377,3862,176,15840,2995,11
197337915074,298,3236,64,3022,2996,11
197337926102,177,3793,115,2332,2997,11
197337937360,204,3140,116,8338,2998,11
197337948379,208,4159,51,1085,2999,11
197337959254,331,3443,377,43277,3000,11
197337970590,151,3883,87,4983,3001,11
197337981664,303,3345,121,9301,3002,11
197337992684,119,3145,99,2596,3003,11
197338003747,209,3162,162,15121,3004,11
197338015277,174,2942,121,8358,3005,11
197338026298,201,4354,75,2320,3006,11
197338037624,418,3725,150,6104,3007,11
197338048150,169,3308,376,33897,3008,11
197338059267,198,4008,73,3784,3009,11
197338070837,227,3472,102,7806,3010,11
197338081849,153,3354,165,14501,3011,11
197338092935,267,3033,329,26930,3012,11
197338103897,519,3045,61,1825,3013,11
197338114929,152,3692,658,1981,3014,11
197338126071,187,3359,63,3190,3015,11
197338137073,224,4315,406,35201,3016,11
197338148197,126,2933,174,9358,3017,11
197338159217,118,4113,289,23629,3018,11
197338170915,180,4380,80,2201,3019,11
197338181925,199,3057,363,21148,3020,11
197338192804,374,3087,59,1221,3021,11
197338203878,249,3295,166,13891,3022,11
197338214884,181,3318,47,1173,3023,11
197338226033,380,3381,383,37243,3024,11
197338237388,256,3175,93,3930,3025,11
197338248537,393,3115,166,14083,3026,11
197338259599,793,3143,61,1708,3027,11
197338270662,236,4306,390,35338,3028,11
197338282218,187,2947,180,16638,3029,11
197338292755,246,3220,63,2525,3030,11
197338303840,222,4506,80,2362,3031,11
197338314941,1192,3417,109,7217,3032,11
197338326148,223,4796,175,14986,3033,11
197338337283,219,3929,57,2085,3034,11
197338348336,239,3975,171,7687,3035,11
197338359705,226,4367,65,2472,3036,11
197338370799,120,4055,69,1935,3037,11
197338381944,157,2973,163,14595,3038,11
197338392953,139,3295,111,7040,3039,11
197338404128,126,3530,359,43360,3040,11
197338415014,120,3442,112,5429,3041,11
197338426045,250,3310,60,2728,3042,11
197338437102,393,3153,141,8372,3043,11
197338448101,351,3088,73,2316,3044,11
197338459715,142,4146,416,14758,3045,11
197338470709,141,3428,49,1154,3046,11
197338481742,180,3250,336,35296,3047,11
197338492815,151,4614,68,3981,3048,11
197338503801,131,3327,187,14730,3049,11
197338515195,334,3332,96,7003,3050,11
197338526839,220,4295,347,31622,3051,11
197338537223,275,3717,182,14189,3052,11
197338548229,288,3301,322,31950,3053,11
197338559365,387,3234,68,1335,3054,11
197338570498,307,3883,334,34978,3055,11
197338581493,198,3158,168,14101,3056,11
197338592814,133,3126,444,37117,3057,11
197338603980,171,3822,61,1356,3058,11
197338615196,250,3268,326,31498,3059,11
197338626254,115,2969,170,16120,3060,11
197338637352,229,3602,59,2488,3061,11
197338648367,123,3979,105,8103,3062,11
197338659612,121,2639,163,14880,3063,11
197338671063,180,3440,67,2433,3064,11
197338681873,184,2699,64,1999,3065,11
197338692812,178,2674,119,8491,3066,11
197338703839,146,2668,179,15238,3067,11
197338715806,309,10427,191,1866,3068,11
197338738973,307,4649,162,8284,3069,11
197338749190,141,4265,277,14510,3070,11
197338760237,135,4120,66,2283,3071,11
197338771325,125,4006,145,8029,3072,11
197338782435,120,4830,160,4026,3073,11
197338793653,122,3299,686,32989,3074,11
197338804789,151,2997,76,3627,3075,11
197338815958,140,3311,137,7444,3076,11
197338826677,122,3090,164,14327,3077,11
197338837741,192,3555,1533,21494,3078,11
197338849299,153,2965,41,1226,3079,11
197338860325,138,3226,383,35084,3080,11
197338871567,215,3015,41,764,3081,11
197338882472,201,3840,348,42698,3082,11
197338893639,248,3626,45,1859,3083,11
197338904689,326,3236,321,33002,3084,11
197338915747,138,3265,114,3221,3085,11
197338926879,242,4475,199,11860,3086,11
197338938057,151,3354,102,7797,3087,11
197338949274,149,3562,95,1861,3088,11
197338960113,209,3645,100,4264,3089,11
197338971165,1029,4616,644,34791,3090,11
197338982200,157,2970,101,3906,3091,11
197338993727,173,4348,72,2128,3092,11
197339004847,284,3014,158,14389,3093,11
197339015885,249,3366,113,7647,3094,11
197339026812,153,3822,49,1818,3095,11
197339037936,292,3200,150,13948,3096,11
197339048981,392,3469,369,31676,3097,11
197339060051,125,3398,167,9238,3098,11
197339071560,124,2827,293,15605,3099,11
197339082300,114,3653,125,2427,3100,11
197339093337,284,3194,296,7964,3101,11
197339104860,176,3344,112,1865,3102,11
197339115767,348,3521,49,1353,3103,11
197339126848,173,3986,64,2731,3104,11
197339137791,147,3315,333,34932,3105,11
197339149296,547,3883,181,9431,3106,11
197339160187,227,3826,155,14005,3107,11
197339171266,356,3447,63,2497,3108,11
197339182512,295,3906,58,1866,3109,11
197339193649,288,2998,95,6915,3110,11
197339204690,377,4116,241,23320,3111,11
197339215868,128,2680,114,8141,3112,11
197339227014,148,2876,55,2229,3113,11
197339238082,129,2769,88,2563,3114,11
197339249073,130,2727,193,14594,3115,11
197339260104,130,2684,57,2202,3116,11
197339271436,283,2668,106,8156,3117,11
197339282151,104,2697,157,14540,3118,11
197339293592,132,2762,292,21302,3119,11
197339304598,123,2673,68,1729,3120,11
197339315649,120,2731,404,34832,3121,11
197339326771,278,2937,230,17234,3122,11
197339337774,181,2694,100,2503,3123,11
197339358425,188,2667,63,1249,3124,11
197339372434,178,4121,533,35301,3125,11
197339384045,159,4076,59,1382,3126,11
197339395141,115,4681,515,35055,3127,11
197339405802,138,3909,236,16587,3128,11
197339417385,201,3915,98,2502,3129,11
197339428508,266,3041,82,2206,3130,11
197339439591,168,4166,232,16643,3131,11
197339450412,339,3212,172,15160,3132,11
197339461468,359,3570,52,2191,3133,11
197339472955,135,3243,99,7772,3134,11
197339483895,165,3776,54,2171,3135,11
197339494877,193,3423,50,1763,3136,11
197339505909,281,3857,164,14405,3137,11
197339516928,147,3137,100,7883,3138,11
197339528441,269,4384,52,1722,3139,11
197339539502,119,3488,234,23850,3140,11
197339550595,114,3098,52,1547,3141,11
197339561635,153,3094,328,34911,3142,11
197339572599,311,2899,66,3796,3143,11
197339583715,162,2968,261,15796,3144,11
197339594762,284,3189,158,7710,3145,11
197339606272,109,3274,71,1890,3146,11
197339617308,223,3210,71,4499,3147,11
197339628450,276,3518,334,35362,3148,11
197339639499,184,3644,117,9664,3149,11
197339650750,159,3034,55,2171,3150,11
197339661692,136,3717,204,13839,3151,11
197339672897,124,3363,56,2393,3152,11
197339684395,173,3314,72,1334,3153,11
197339694946,124,3037,357,34892,3154,11
197339706004,144,3005,239,14184,3155,11
197339717028,181,3191,482,36822,3156,11
197339728173,273,3266,75,3955,3157,11
197339739206,194,3484,55,2219,3158,11
197339750243,250,3084,161,14157,3159,11
197339761549,188,3185,139,11935,3160,11
197339772593,155,3392,111,8284,3161,11
197339783669,128,3609,162,14985,3162,11
197339794825,172,4386,65,2463,3163,11
197339806322,147,3059,54,1989,3164,11
197339817352,170,3378,100,7478,3165,11
197339828050,287,3607,219,14538,3166,11
197339839636,280,3596,350,37150,3167,11
197339850608,111,3541,72,4477,3168,11
197339861702,118,3619,384,35089,3169,11
197339872672,127,2763,70,3731,3170,11
197339883696,110,3244,54,2832,3171,11
197339894928,273,3510,998,1860,3172,11
197339906004,241,3546,294,14648,3173,11
197339917185,115,3580,45,1543,3174,11
197339928107,272,3415,418,33638,3175,11
197339939610,144,3792,375,9922,3176,11
197339950666,1106,3875,65,2369,3177,11
197339961331,245,3938,2430,14741,3178,11
197339972831,208,2878,99,7677,3179,11
197339983870,272,3742,74,4709,3180,11
197339994853,127,3103,491,35165,3181,11
197340005889,113,2775,169,16532,3182,11
197340016958,374,3325,104,8154,3183,11
197340028546,436,4324,350,15135,3184,11
197340039212,119,4101,47,2118,3185,11
197340050724,130,7461,81,2460,3186,11
197340061790,116,4130,49,2004,3187,11
197340072871,112,3691,55,1324,3188,11
197340083927,192,2864,338,31402,3189,11
197340095168,271,3778,123,9473,3190,11
197340106504,383,3239,378,1075,3191,11
197340117017,438,4462,732,31703,3192,11
197340128487,485,3355,217,16148,3193,11
197340139825,30,7052,69,2624,3193,12
197340150470,164,3343,108,7717,3194,12
197340161591,131,3598,329,33597,3195,12
197340172686,120,3926,53,1676,3196,12
197340183852,217,3942,345,35084,3197,12
197340194824,115,3550,84,4709,3198,12
197340205858,184,7640,355,32468,3199,12
197340217433,121,3142,207,1152,3200,12
197340228420,506,3185,344,35175,3201,12
197340239156,111,3405,68,3920,3202,12
197340250728,213,3843,164,14593,3203,12
197340261766,214,2913,146,7730,3204,12
197340272789,201,3276,68,1834,3205,12
197340283875,583,4061,162,14815,3206,12
197340294814,129,3733,53,1879,3207,12
197340305857,267,3314,53,2277,3208,12
197340317435,1243,3455,94,6790,3209,12
197340328396,191,3271,244,24333,3210,12
197340339441,107,4191,51,1193,3211,12
197340350224,111,3465,354,35063,3212,12
197340361436,581,3787,68,3938,3213,12
197340372612,111,3245,294,14625,3214,12
197340383853,164,3069,48,2029,3215,12
197340394961,425,3905,186,17338,3216,12
197340405974,621,3419,70,4009,3217,12
197340417180,107,3645,527,33020,3218,12
197340428272,122,2782,34,1101,3219,12
197340439381,169,4300,401,36503,3220,12
197340450340,184,3189,190,16989,3221,12
197340461372,290,3416,54,2543,3222,12
197340472914,141,3037,70,1266,3223,12
197340483713,186,3481,361,34983,3224,12
197340494675,212,2891,77,3702,3225,12
197340506270,120,2708,165,14770,3226,12
197340516925,131,4250,194,7870,3227,12
197340528621,103,4206,166,15000,3228,12
197340539461,297,4039,45,2143,3229,12
197340550460,113,4399,54,2364,3230,12
197340561458,115,2791,98,7505,3231,12
197340572498,120,3618,55,1853,3232,12
197340584031,176,2890,187,14352,3233,12
197340594870,116,2849,50,1269,3234,12
197340606084,203,3629,394,37870,3235,12
197340617071,336,3251,66,3647,3236,12
197340628478,569,2932,154,13874,3237,12
197340639150,199,4282,48,1221,3238,12
197340650673,199,3139,349,37525,3239,12
197340661562,391,2982,213,16895,3240,12
197340672598,182,3433,59,2998,3241,12
197340683849,1232,3306,126,8217,3242,12
197340694899,329,4805,56,1881,3243,12
197340706060,146,3382,168,15306,3244,12
197340717245,111,3133,118,7775,3245,12
197340728166,287,3319,49,2034,3246,12
197340739221,251,4507,60,2374,3247,12
197340750317,1266,4021,49,1962,3248,12
197340761591,119,3161,137,12431,3249,12
197340772739,183,3325,49,2000,3250,12
197340783900,290,3150,159,14888,3251,12
197340794846,167,3523,51,2134,3252,12
197340806268,406,3196,56,2499,3253,12
197340817223,210,4147,102,7418,3254,12
197340828319,118,3707,166,15430,3255,12
197340839397,104,3632,53,2204,3256,12
197340850408,147,3252,136,7862,3257,12
197340861486,137,3658,44,2125,3258,12
197340872561,104,2826,295,23703,3259,12
197340883604,171,3158,55,2813,3260,12
197340894732,254,3392,108,8341,3261,12
197340905845,921,3055,53,2202,3262,12
197340917381,127,3165,141,12385,3263,12
197340928409,483,3147,60,2212,3264,12
197340939422,199,5888,118,8374,3265,12
197340950524,106,3059,79,5236,3266,12
197340961347,133,3581,371,32509,3267,12
197340973329,638,3494,115,9508,3268,12
197340983879,110,2900,53,2559,3269,12
197340995059,129,4361,63,3011,3270,12
197341006559,121,3491,366,35263,3271,12
197341017140,119,2804,179,9411,3272,12
197341028079,261,3774,557,13920,3273,12
197341039149,148,3490,45,1162,3274,12
197341050704,274,3412,1032,31836,3275,12
197341061714,247,3511,50,1292,3276,12
197341072790,334,3629,324,34918,3277,12
197341083851,165,3439,177,17055,3278,12
197341094828,116,3380,122,7783,3279,12
197341105852,113,2690,48,2180,3280,12
197341116874,183,2967,51,1824,3281,12
197341128294,391,3247,77,5063,3282,12
197341139346,147,3301,377,35422,3283,12
197341150708,113,3201,165,6520,3284,12
197341161735,207,4080,344,42215,3285,12
197341172568,112,3178,47,1537,3286,12
197341183699,209,3057,384,36708,3287,12
197341195056,366,3454,71,3836,3288,12
197341206039,186,4254,743,14671,3289,12
197341217084,219,3406,128,7964,3290,12
197341228181,191,2991,47,2033,3291,12
197341239526,123,4029,61,2410,3292,12
197341250700,109,2984,51,1911,3293,12
197341261730,132,3687,61,2609,3294,12
197341272784,550,3209,50,1904,3295,12
197341284079,366,4211,161,14480,3296,12
197341295227,176,3825,146,11725,3297,12
197341305990,136,3317,153,12154,3298,12
197341317476,162,2989,93,6468,3299,12
197341328277,1309,3024,370,43550,3300,12
197341339181,122,4022,45,1347,3301,12
197341350229,217,3149,356,35407,3302,12
197341361992,342,3489,76,3967,3303,12
197341372967,355,3035,179,14762,3304,12
197341383816,489,3113,52,1282,3305,12
197341395232,508,3887,351,37509,3306,12
197341406254,351,3197,66,3407,3307,12
197341417390,1565,4656,240,22520,3308,12
197341428101,259,3636,65,2299,3309,12
197341439433,146,3832,116,7927,3310,12
197341450931,811,3602,83,5235,3311,12
197341461496,116,2931,318,32383,3312,12
197341472766,158,3356,117,9522,3313,12
197341483879,321,3332,59,2612,3314,12
197341495060,276,3582,66,3045,3315,12
197341506283,143,3652,347,35164,3316,12
197341517612,296,3267,143,9540,3317,12
197341528057,128,4022,189,14093,3318,12
197341539442,224,3313,54,2130,3319,12
197341550542,220,3113,137,11973,3320,12
197341561578,301,3475,49,1288,3321,12
197341572451,252,4052,439,34789,3322,12
197341583909,157,3190,184,17106,3323,12
197341594827,148,3100,108,7870,3324,12
197341605816,122,3523,58,2396,3325,12
197341617431,539,3583,52,1966,3326,12
197341628500,147,3993,77,5176,3327,12
197341639659,183,4648,358,35155,3328,12
197341650669,1003,4016,58,2370,3329,12
197341661340,405,3135,330,33634,3330,12
197341672567,1599,2969,67,1564,3331,12
197341684106,307,3693,355,36557,3332,12
197341695129,160,4982,69,3738,3333,12
197341705737,118,2692,171,15266,3334,12
197341717364,331,3429,104,7479,3335,12
197341728377,116,3414,216,21338,3336,12
197341739506,124,4901,56,2054,3337,12
197341750289,143,3084,44,1600,3338,12
197341761363,349,3131,52,2189,3339,12
197341772937,264,3391,47,1518,3340,12
197341783956,214,3502,158,14153,3341,12
197341794937,230,4342,45,1348,3342,12
197341806092,285,3579,325,33911,3343,12
197341817388,142,3311,110,8772,3344,12
197341828045,309,4722,354,24260,3345,12
197341841937,365,4055,259,1291,3346,12
197341850699,283,3745,559,37420,3347,12
197341861499,118,3805,234,4806,3348,12
197341872686,148,3167,421,35543,3349,12
197341883706,165,3270,636,3803,3350,12
197341894899,138,4028,113,8090,3351,12
197341906050,173,3473,228,13947,3352,12
197341917195,131,3678,49,2098,3353,12
197341928466,548,3084,117,1751,3354,12
197341939501,237,3692,371,35097,3355,12
197341950497,241,3200,364,17397,3356,12
197341961544,277,3179,61,2612,3357,12
197341972642,1489,3075,105,7916,3358,12
197341983728,192,3489,53,2177,3359,12
197341994801,427,4074,53,1863,3360,12
197342005919,462,3416,167,14505,3361,12
197342017054,126,3073,98,7974,3362,12
197342028278,154,3515,165,14979,3363,12
197342039359,171,3253,50,1732,3364,12
197342050646,240,3269,138,11811,3365,12
197342061489,129,3353,181,16799,3366,12
197342072601,246,3398,50,1797,3367,12
197342083805,175,4157,103,4194,3368,12
197342095187,320,5212,327,32680,3369,12
197342106166,298,3553,126,9844,3370,12
197342117312,311,3390,52,2129,3371,12
197342128391,446,3336,160,14155,3372,12
197342139375,114,3344,46,1623,3373,12
197342150501,236,3063,343,35319,3374,12
197342161542,351,4035,183,16692,3375,12
197342172567,280,3371,58,2832,3376,12
197342183568,741,4402,116,8040,3377,12
197342195148,151,4796,51,1927,3378,12
197342206036,1277,3407,88,4202,3379,12
197342217033,134,3182,367,35341,3380,12
197342228384,341,3242,68,3642,3381,12
197342239509,138,4103,349,35279,3382,12
197342250491,169,3176,184,16267,3383,12
197342261770,326,3786,60,2387,3384,12
197342272630,497,3376,45,1459,3385,12
197342283710,177,3862,323,33064,3386,12
197342294714,139,3219,68,3686,3387,12
197342306138,305,3322,52,2103,3388,12
197342317169,122,2937,96,7302,3389,12
197342328206,180,3518,164,14589,3390,12
197342339338,157,2876,49,2064,3391,12
197342350450,157,4142,109,7633,3392,12
197342361583,99,4296,125,2275,3393,12
197342372638,102,4320,163,14331,3394,12
197342383673,137,3819,101,7803,3395,12
197342394884,97,3159,65,1779,3396,12
197342406226,587,3924,863,14713,3397,12
197342417381,1056,3044,52,2080,3398,12
197342427959,153,2650,54,2283,3399,12
197342439474,225,3659,57,1383,3400,12
197342450475,224,3094,889,35118,3401,12
197342461696,209,3405,182,17112,3402,12
197342472743,415,3368,98,7902,3403,12
197342483788,375,4511,55,2230,3404,12
197342495053,265,3967,49,1872,3405,12
197342506258,165,3978,113,5025,3406,12
197342516871,161,3225,498,35390,3407,12
197342528063,191,3545,72,3788,3408,12
197342539124,203,3908,173,15139,3409,12
197342550370,244,2990,58,2213,3410,12
197342561404,124,3970,181,16804,3411,12
197342572599,254,3734,116,5481,3412,12
197342583803,170,3371,319,32792,3413,12
197342594788,131,3392,123,9635,3414,12
197342605800,211,2981,58,2339,3415,12
197342617014,242,3457,100,4642,3416,12
197342628296,227,3665,340,35520,3417,12
197342639513,143,3629,122,9589,3418,12
197342650695,277,3175,124,2226,3419,12
197342661722,113,2761,84,5772,3420,12
197342672599,275,3713,334,33920,3421,12
197342683590,241,3637,129,9872,3422,12
197342694796,149,3495,58,2399,3423,12
197342705902,120,3640,163,14566,3424,12
197342717045,1242,3943,106,7569,3425,12
197342728166,120,3421,79,4714,3426,12
197342739477,191,3106,414,35444,3427,12
197342750572,190,3096,298,16430,3428,12
197342761588,191,3413,57,2458,3429,12
197342772820,442,4007,53,1483,3430,12
197342783793,213,4134,321,33184,3431,12
197342795019,248,3424,82,3701,3432,12
197342806075,159,3467,55,2130,3433,12
197342817167,119,3405,102,6661,3434,12
197342828250,118,3050,355,33493,3435,12
197342839328,108,3441,48,1347,3436,12
197342850397,370,3122,376,37502,3437,12
197342861457,153,3563,51,1263,3438,12
197342872560,192,3823,462,42686,3439,12
197342883761,264,4028,109,8428,3440,12
197342895008,292,4757,146,11620,3441,12
197342906096,313,3763,260,24072,3442,12
197342917182,313,3337,105,2527,3443,12
197342928272,132,2772,74,2477,3444,12
197342939526,280,2697,153,7864,3445,12
197342950613,152,2739,195,14925,3446,12
197342961655,171,2696,80,1226,3447,12
197342972691,128,2717,344,37393,3448,12
197342983837,108,2656,67,3946,3449,12
197343041247,234,2690,167,14822,3450,12
197343056808,257,2887,82,4141,3451,12
197343066802,186,2675,104,3898,3452,12
197343077866,175,4139,535,38752,3453,12
197343089039,139,4538,78,3815,3454,12
197343100182,122,4642,138,8190,3455,12
197343111306,139,4035,75,2353,3456,12
197343122490,237,3053,252,14438,3457,12
197343134110,286,3272,52,1676,3458,12
197343144738,514,3451,345,35279,3459,12
197343155966,203,3979,185,16771,3460,12
197343166567,192,4261,57,2615,3461,12
197343177675,323,3940,71,2013,3462,12
197343189283,192,4817,288,26705,3463,12
197343199953,135,3384,191,14990,3464,12
197343211064,178,3772,53,1766,3465,12
197343222255,117,3786,99,7369,3466,12
197343233381,211,3367,51,2133,3467,12
197343244672,691,3415,67,1649,3468,12
197343255771,985,3151,154,14153,3469,12
197343266752,107,2983,97,7601,3470,12
197343277816,265,2662,154,14527,3471,12
197343288894,262,3928,51,1956,3472,12
197343300018,220,3108,58,2303,3473,12
197343311090,178,3222,144,7090,3474,12
197343322182,243,4141,55,1506,3475,12
197343333226,22,4622,47,1414,3475,13
197343344484,311,3946,77,4109,3476,13
197343355388,481,3251,382,35327,3477,13
197343366934,207,3330,69,3973,3478,13
197343378025,258,4820,160,13475,3479,13
197343388645,295,4372,89,6543,3480,13
197343400160,285,3283,320,31697,3481,13
197343411357,378,4061,93,6074,3482,13
197343422365,332,3507,341,34049,3483,13
197343433385,147,3231,126,9824,3484,13
197343444421,159,3280,72,2304,3485,13
197343455532,154,3393,423,14695,3486,13
197343466711,131,2900,98,6666,3487,13
197343477743,334,2948,120,4510,3488,13
197343488823,287,4250,359,35545,3489,13
197343499933,224,3059,179,16503,3490,13
197343510964,335,3285,59,2442,3491,13
197343522507,386,3187,51,1559,3492,13
197343533393,148,3459,329,33153,3493,13
197343544616,118,3609,71,3690,3494,13
197343555395,349,3097,48,2093,3495,13
197343566981,361,3653,524,7385,3496,13
197343577777,187,3246,193,14637,3497,13
197343588840,166,3689,51,2132,3498,13
197343599867,109,3627,100,7733,3499,13
197343611443,180,3831,52,2230,3500,13
197343622558,216,3651,272,14307,3501,13
197343633240,160,2846,98,8013,3502,13
197343644332,212,2843,46,1898,3503,13
197343655539,371,2890,165,14847,3504,13
197343666913,426,3907,58,1903,3505,13
197343678087,291,3384,98,2276,3506,13
197343689062,486,3650,105,7884,3507,13
197343700282,251,3254,167,15190,3508,13
197343711382,196,3772,87,2147,3509,13
197343722549,125,2822,105,8009,3510,13
197343733608,120,2654,53,2112,3511,13
197343744651,110,2951,52,1874,3512,13
197343755814,220,3099,157,14669,3513,13
197343766792,136,3380,102,8016,3514,13
197343777863,143,3512,56,1900,3515,13
197343788816,356,5191,174,15028,3516,13
197343799921,256,3385,55,1991,3517,13
197343810969,195,3105,362,36876,3518,13
197343822317,142,3455,84,5234,3519,13
197343833389,181,3945,345,32370,3520,13
197343844533,158,2877,115,9495,3521,13
197343855358,263,3176,55,2313,3522,13
197343866470,173,3503,80,4616,3523,13
197343877814,257,3761,330,35203,3524,13
197343888959,380,4175,126,9587,3525,13
197343900029,150,3499,50,2235,3526,13
197343911141,150,3089,149,13210,3527,13
197343922500,154,3049,215,21682,3528,13
197343933257,179,3384,53,1791,3529,13
197343944258,183,2964,101,7318,3530,13
197343956061,314,3504,157,14123,3531,13
197343966751,219,3475,101,7410,3532,13
197343977839,443,3284,65,2720,3533,13
197343989092,276,3818,401,32543,3534,13
197343999937,1931,3675,173,16163,3535,13
197344011098,265,3173,61,2443,3536,13
197344022253,274,3261,97,8006,3537,13
197344033550,119,3565,213,14957,3538,13
197344044874,281,4016,61,2365,3539,13
197344055792,292,3552,48,1866,3540,13
197344066851,211,2905,98,7220,3541,13
197344077719,114,3522,164,15201,3542,13
197344088859,227,3882,60,2336,3543,13
197344099905,111,3364,99,8007,3544,13
197344110931,183,2873,53,2210,3545,13
197344122561,115,2961,159,14657,3546,13
197344133322,237,3218,97,7959,3547,13
197344144327,179,3094,50,1856,3548,13
197344155521,462,3076,171,15017,3549,13
197344166488,1039,3067,55,2289,3550,13
197344178104,300,3511,68,2563,3551,13
197344189082,327,3668,105,7227,3552,13
197344200458,500,3052,213,15486,3553,13
197344211042,311,3495,99,2323,3554,13
197344222108,306,4280,223,8265,3555,13
197344233363,24,3336,55,1947,3555,14
197344244669,131,3056,51,2253,3556,14
197344255749,136,3093,170,14639,3557,14
197344266804,385,3676,110,8146,3558,14
197344277649,225,4099,49,1839,3559,14
197344289142,336,3498,167,15018,3560,14
197344300207,170,3062,56,2614,3561,14
197344311327,515,3728,102,7184,3562,14
197344322468,333,3319,47,1780,3563,14
197344333140,117,4027,244,24220,3564,14
197344344675,439,4206,96,6954,3565,14
197344355846,319,3527,430,31414,3566,14
197344366938,199,3965,78,4155,3567,14
197344378636,588,8378,170,15182,3568,14
197344389191,188,3951,53,1749,3569,14
197344400130,227,3828,44,684,3570,14
197344410992,124,3208,41,678,3571,14
197344422108,108,2962,364,33463,3572,14
197344433164,237,3693,92,3418,3573,14
197344444811,246,3743,183,16928,3574,14
197344455796,128,3721,176,15023,3575,14
197344466852,162,3591,102,7502,3576,14
197344477892,319,3607,53,2169,3577,14
197344488997,295,4219,61,1901,3578,14
197344500085,121,3383,161,14283,3579,14
197344511183,166,4032,59,2238,3580,14
197344522178,292,3561,46,1638,3581,14
197344533265,130,3284,339,32850,3582,14
197344544407,244,3303,67,3722,3583,14
197344555446,245,3017,54,2115,3584,14
197344566596,361,3675,130,7416,3585,14
197344577784,339,3840,160,14663,3586,14
197344588800,281,5602,114,2070,3587,14
197344600334,167,3062,102,7748,3588,14
197344611033,133,3244,78,2201,3589,14
197344622079,226,3748,59,1834,3590,14
197344633595,149,2902,71,2495,3591,14
197344644208,360,3499,119,5788,3592,14
197344655681,376,3481,341,33175,3593,14
197344666715,477,4139,61,1577,3594,14
197344677848,475,4773,379,33447,3595,14
197344688883,480,4294,137,9762,3596,14
197344699894,161,3452,58,2245,3597,14
197344711022,145,3497,175,14684,3598,14
197344722117,324,3158,113,7453,3599,14
197344733261,256,3823,65,2109,3600,14
197344744509,246,3107,57,1838,3601,14
197344755632,230,4449,96,5103,3602,14
197344766534,196,4104,5076,35022,3603,14
197344778045,228,4064,188,16689,3604,14
197344788717,243,3815,120,2568,3605,14
197344800260,262,3149,67,2471,3606,14
197344811333,308,4237,113,7277,3607,14
197344822369,469,3354,184,14980,3608,14
197344833483,248,3469,61,2117,3609,14
197344845357,444,4025,113,7784,3610,14
197344855460,163,2694,66,1805,3611,14
197344866517,174,2657,68,2189,3612,14
197344877564,172,11183,304,14387,3613,14
197344900268,196,4316,159,7940,3614,14
197344911790,180,3888,282,15155,3615,14
197344922416,327,4110,83,2623,3616,14
197344933534,189,4028,169,7977,3617,14
197344944675,296,4379,62,1124,3618,14
197344955867,184,3400,543,43322,3619,14
197344966956,155,3808,98,5278,3620,14
197344978310,144,3184,120,8990,3621,14
197344989337,254,2703,61,2615,3622,14
197345000496,339,3337,175,14862,3623,14
197345011263,165,3486,103,6524,3624,14
197345022311,160,3301,325,32017,3625,14
197345033882,456,4034,192,16716,3626,14
197345044936,371,4619,75,2621,3627,14
197345055994,239,3510,70,2760,3628,14
197345066933,410,3341,116,7457,3629,14
197345078042,565,3900,176,14542,3630,14
197345089090,161,4042,54,1225,3631,14
197345100213,853,3353,386,37425,3632,14
197345111599,143,3034,81,3847,3633,14
197345122698,209,3960,168,14427,3634,14
197345133698,203,3225,237,21610,3635,14
197345144802,452,3027,129,8161,3636,14
197345155946,175,3493,184,15116,3637,14
197345167145,206,3364,65,2187,3638,14
197345178284,348,3814,64,1635,3639,14
197345189150,388,4830,121,7675,3640,14
197345200233,147,3659,64,1693,3641,14
197345211254,151,3137,180,15105,3642,14
197345222850,152,2682,106,7625,3643,14
197345233540,2743,2840,59,1887,3644,14
197345244586,163,3692,52,1654,3645,14
197345255703,135,2650,164,14379,3646,14
197345267250,145,2719,176,7854,3647,14
197345278390,165,2648,175,14928,3648,14
197345289000,117,2970,49,2114,3649,14
197345303679,274,13089,82,2343,3650,14
197345328245,191,4218,82,2071,3651,14
197345339307,269,4177,70,1710,3652,14
197345350936,249,4448,142,7594,3653,14
197345361611,267,3922,54,1745,3654,14
197345372721,305,4155,376,23337,3655,14
197345383841,230,3064,75,1677,3656,14
197345394975,138,3853,364,35179,3657,14
197345406299,360,3608,184,16729,3658,14
197345417194,149,4342,61,2568,3659,14
197345428565,201,3553,52,2477,3660,14
197345439762,3200,4037,113,7762,3661,14
197345450777,109,3511,165,15061,3662,14
197345461742,117,3154,54,2166,3663,14
197345472910,109,2973,94,7765,3664,14
197345484004,276,2984,53,2304,3665,14
197345495209,152,3449,62,1903,3666,14
197345506086,411,2956,213,14714,3667,14
197345517186,387,3342,102,7856,3668,14
197345528412,165,3092,50,1760,3669,14
197345539854,306,3326,220,21714,3670,14
197345550880,241,3591,46,1334,3671,14
197345561824,164,3251,372,34672,3672,14
197345572883,232,3418,67,3753,3673,14
197345584365,108,3492,162,15517,3674,14
197345595208,188,3753,46,1251,3675,14
197345606302,404,3334,328,34731,3676,14
197345617331,239,3298,69,3533,3677,14
197345628486,365,3473,404,34870,3678,14
197345639598,24,3792,92,3698,3678,15
197345650671,251,3245,114,7874,3679,15
197345661636,159,3037,157,13347,3680,15
197345672846,336,2896,299,21450,3681,15
197345684274,484,2972,49,1535,3682,15
197345695235,152,3518,492,34822,3683,15
197345706373,284,3295,160,14177,3684,15
197345717339,157,3535,346,36891,3685,15
197345728587,142,3218,60,3254,3686,15
197345739693,175,2995,140,12065,3687,15
197345750620,116,2947,57,2938,3688,15
197345761799,274,2904,451,35223,3689,15
197345772742,428,2895,115,9446,3690,15
197345784274,386,2818,158,14041,3691,15
197345795343,240,3309,56,2490,3692,15
197345806369,376,2914,48,1879,3693,15
197345817395,180,3143,44,1221,3694,15
197345828463,124,3938,371,32297,3695,15
197345839438,292,4220,71,3536,3696,15
197345850487,269,3615,194,7904,3697,15
197345861706,287,3726,52,2228,3698,15
197345872884,129,2960,146,13699,3699,15
197345883954,188,3646,84,5574,3700,15
197345895011,211,4856,381,32588,3701,15
197345906120,118,3375,175,16567,3702,15
197345917530,228,3918,85,2444,3703,15
197345928571,149,3173,51,2481,3704,15
197345939640,288,3501,112,7706,3705,15
197345950758,140,3143,88,5107,3706,15
197345961784,176,3276,319,32411,3707,15
197345972818,209,3326,43,1294,3708,15
197345984226,191,3568,453,34966,3709,15
197345995227,296,3460,130,3677,3710,15
197346006269,132,3252,157,14585,3711,15
197346017399,362,3921,52,1529,3712,15
197346028606,293,3226,308,32768,3713,15
197346039730,188,3452,69,3529,3714,15
197346050803,301,3839,58,2206,3715,15
197346061976,338,3384,338,7206,3716,15
197346073230,266,4680,100,1888,3717,15
197346083775,107,3254,70,4279,3718,15
197346095348,206,4551,354,35012,3719,15
197346105941,115,2685,40,1003,3720,15
197346117436,269,5041,336,31173,3721,15
197346128519,164,3155,163,16024,3722,15
197346139615,130,3788,106,7994,3723,15
197346150826,212,3032,49,1959,3724,15
197346161788,300,3886,164,14896,3725,15
197346173191,167,3031,76,2457,3726,15
197346184247,532,3042,111,7467,3727,15
197346195363,190,3756,136,2911,3728,15
197346206365,113,3408,168,15220,3729,15
197346217392,109,2777,99,7561,3730,15
197346228496,143,2801,45,1951,3731,15
197346242835,170,2662,58,2275,3732,15
197346250609,137,2741,65,2996,3733,15
197346261659,176,2783,430,35318,3734,15
197346272941,154,2603,118,9464,3735,15
197346311873,2302,3165,270,14005,3736,15
197346328660,210,4235,122,2735,3737,15
197346339786,148,4129,147,7529,3738,15
197346350899,135,4669,58,1611,3739,15
197346361968,229,4272,200,11868,3740,15
197346373628,127,2681,68,1961,3741,15
197346384188,187,3222,77,2509,3742,15
197346395300,215,3750,93,5518,3743,15
197346406339,195,3464,324,33292,3744,15
197346417851,2566,4421,91,3593,3745,15
197346428929,428,3490,59,2266,3746,15
197346439994,203,4004,102,7639,3747,15
197346451035,253,4466,64,1888,3748,15
197346462077,389,3337,72,4300,3749,15
197346473206,175,3285,2063,34853,3750,15
197346484249,256,4174,66,3941,3751,15
197346495454,124,3193,54,2115,3752,15
197346506563,160,3230,263,14423,3753,15
197346517554,125,3438,104,7757,3754,15
197346528642,117,2936,66,4086,3755,15
197346539689,149,2986,63,2410,3756,15
197346550750,122,3138,338,31142,3757,15
197346562302,187,3396,116,8863,3758,15
197346573387,137,2919,89,5252,3759,15
197346584354,263,3345,312,32302,3760,15
197346595738,221,3763,129,9533,3761,15
197346606848,240,3282,53,2151,3762,15
197346617490,232,3090,108,2218,3763,15
197346628529,115,3028,153,13990,3764,15
197346639636,117,2718,74,4304,3765,15
197346651176,217,4814,383,33396,3766,15
197346662115,120,3320,236,16451,3767,15
197346673121,239,4346,62,2829,3768,15
197346684269,233,3183,104,7400,3769,15
197346695536,155,4369,54,1900,3770,15
197346706846,257,3337,156,14320,3771,15
197346717883,259,3738,322,31834,3772,15
197346728924,150,3354,119,10273,3773,15
197346739989,377,3056,61,2160,3774,15
197346751220,225,3822,185,14610,3775,15
197346762415,190,2933,54,2223,3776,15
197346773387,686,3029,114,8040,3777,15
197346784407,311,3155,166,15056,3778,15
197346795431,266,3758,144,11829,3779,15
197346806466,208,2989,47,1775,3780,15
197346817468,203,3321,338,34939,3781,15
197346828545,233,3945,236,17206,3782,15
197346839944,170,3751,112,7826,3783,15
197346851104,267,4140,81,4751,3784,15
197346862148,242,3472,355,35252,3785,15
197346873179,460,3796,75,3848,3786,15
197346884400,298,3054,234,14919,3787,15
197346895467,183,3556,107,7737,3788,15
197346906587,153,2958,172,14984,3789,15
197346917738,142,2951,50,1482,3790,15
197346928872,276,3176,340,33605,3791,15
197346939948,210,3079,121,9728,3792,15
197346950923,227,3679,53,2394,3793,15
197346961979,289,3099,174,14576,3794,15
197346973355,348,3203,98,7386,3795,15
197346984446,274,3126,52,2409,3796,15
197346995431,169,3465,311,32498,3797,15
197347006794,110,3062,173,16226,3798,15
197347017886,342,3277,112,8402,3799,15
197347028909,131,4307,342,15093,3800,15
197347039964,132,2619,60,2332,3801,15
197347050965,158,2797,60,2584,3802,15
197347062303,155,2671,63,1864,3803,15
197347073461,180,2699,148,11912,3804,15
197347084486,122,2665,68,2153,3805,15
197347095590,250,2619,104,7902,3806,15
197347106642,120,2719,64,1907,3807,15
197347129155,269,2672,72,2150,3808,15
197347143307,203,4236,84,2381,3809,15
197347154489,136,4151,52,1881,3810,15
197347165621,318,3880,208,12270,3811,15
197347176727,128,4295,64,1277,3812,15
197347187850,164,2816,539,36890,3813,15
197347198910,158,2806,121,5389,3814,15
197347210041,273,3624,346,32694,3815,15
197347221288,255,3684,126,9592,3816,15
197347232399,178,4173,56,2162,3817,15
197347243582,131,3178,53,2090,3818,15
197347254634,175,3017,246,23411,3819,15
197347265509,193,3273,113,8467,3820,15
197347277098,103,3327,168,15279,3821,15
197347287699,255,2996,59,2290,3822,15
197347299133,247,3112,60,2554,3823,15
197347310225,108,2770,164,6348,3824,15
197347321217,493,2953,353,31555,3825,15
197347332216,117,3816,179,17169,3826,15
197347343466,191,3536,110,8292,3827,15
197347354448,501,3060,63,2465,3828,15
197347365763,163,3159,59,2114,3829,15
197347376817,267,3334,162,14895,3830,15
197347387985,811,4359,51,2249,3831,15
197347399070,139,2999,177,8214,3832,15
197347410324,288,3143,168,15070,3833,15
197347421304,137,3631,59,2609,3834,15
197347432405,222,5136,58,2092,3835,15
197347443613,157,3148,112,8389,3836,15
197347454878,349,4371,174,15264,3837,15
197347465428,150,3393,185,17577,3838,15
197347476991,191,3325,48,2119,3839,15
197347488187,101,3261,55,2301,3840,15
197347499270,120,2702,52,1924,3841,15
197347510045,383,3226,53,2618,3842,15
197347521213,155,3285,58,1919,3843,15
197347532621,195,4874,161,14896,3844,15
197347543690,198,3247,56,2330,3845,15
197347554738,260,3812,60,2607,3846,15
197347565603,200,3300,99,7351,3847,15
197347576630,121,3420,133,11724,3848,15
197347588188,248,3231,77,4389,3849,15
197347599307,143,3769,333,35192,3850,15
197347610511,130,3448,64,3986,3851,15
197347621502,4282,4236,219,14779,3852,15
197347632508,114,3466,47,2225,3853,15
197347643508,167,3225,118,7711,3854,15
197347654583,183,2905,194,14212,3855,15
197347665844,445,2974,341,31659,3856,15
197347676965,217,3568,72,4152,3857,15
197347688112,183,3277,116,8203,3858,15
197347699208,159,3513,168,15345,3859,15
197347710307,120,3077,58,2301,3860,15
197347721413,224,3853,204,7159,3861,15
197347732562,163,3769,301,31591,3862,15
197347743697,140,3445,75,3973,3863,15
197347754805,314,3549,191,13636,3864,15
197347765754,120,3260,359,37786,3865,15
197347777236,121,3168,180,17033,3866,15
197347787938,112,2699,60,2649,3867,15
197347798940,173,3342,56,2559,3868,15
197347810058,278,4205,296,7300,3869,15
197347821081,327,3610,55,1974,3870,15
197347832376,248,3838,169,15313,3871,15
197347843307,202,3939,51,2117,3872,15
197347854364,115,3920,117,8459,3873,15
197347865716,171,2908,53,1808,3874,15
197347876962,146,2775,163,14680,3875,15
197347888095,297,3596,53,2109,3876,15
197347899102,1053,3037,103,7887,3877,15
197347910022,118,3427,168,15107,3878,15
197347921531,391,3132,73,2514,3879,15
197347932649,482,3952,55,1368,3880,15
197347943803,238,3368,421,34881,3881,15
197347954919,344,4150,186,17069,3882,15
197347965895,189,3575,106,7830,3883,15
197347977070,183,3009,51,1936,3884,15
197347988147,171,3585,55,2170,3885,15
197347999215,235,3871,63,2821,3886,15
197348010183,259,3763,363,35143,3887,15
197348021282,155,3634,116,9445,3888,15
197348032496,290,4117,154,13928,3889,15
197348043439,104,2971,55,2482,3890,15
197348055061,312,3587,62,1826,3891,15
197348065690,429,3311,56,1239,3892,15
197348076685,137,3467,343,34737,3893,15
197348087945,999,4602,189,17071,3894,15
197348099065,158,3350,108,7716,3895,15
197348110043,198,2860,60,2392,3896,15
197348121070,260,3262,165,14389,3897,15
197348132655,227,3419,51,2120,3898,15
197348143628,374,3087,108,7876,3899,15
197348154680,378,3292,245,23922,3900,15
197348165872,356,3171,67,2837,3901,15
197348176648,149,3899,68,2759,3902,15
197348187747,252,3078,113,8381,3903,15
197348199285,342,3221,170,15450,3904,15
197348210325,152,3174,97,1891,3905,15
197348221425,355,3608,205,17559,3906,15
197348232668,234,4761,88,4494,3907,15
197348243542,162,3520,340,35342,3908,15
197348254694,124,3696,176,16357,3909,15
197348265735,164,3021,98,7966,3910,15
197348276763,1149,3143,52,2049,3911,15
197348288259,261,3604,172,14972,3912,15
197348298981,331,3083,51,1443,3913,15
197348310034,342,3113,335,35054,3914,15
197348321096,165,4535,75,3792,3915,15
197348332775,202,4210,178,15776,3916,15
197348343433,233,3354,102,7651,3917,15
197348354516,122,3296,47,1888,3918,15
197348365561,185,3148,51,1326,3919,15
197348376720,207,3129,303,31551,3920,15
197348387918,371,3083,73,4326,3921,15
197348398955,124,3398,50,2243,3922,15
197348409979,350,3452,167,14987,3923,15
197348421159,361,4151,62,2467,3924,15
197348432298,319,4934,65,1944,3925,15
197348443427,191,3741,103,8029,3926,15
197348454822,363,3256,173,15183,3927,15
197348465795,119,4437,103,7567,3928,15
197348476808,183,2758,52,2276,3929,15
197348487905,167,3311,53,1994,3930,15
197348499005,375,3141,156,13640,3931,15
197348510446,480,3286,249,21882,3932,15
197348521539,334,3460,230,19341,3933,15
197348532527,186,4228,431,14167,3934,15
197348543676,332,3771,363,31983,3935,15
197348554717,176,3148,60,1833,3936,15
197348565758,242,3063,579,35044,3937,15
197348576820,181,4199,191,17358,3938,15
197348588422,251,4657,65,2599,3939,15
197348599008,267,2903,103,7936,3940,15
197348610138,159,3172,55,2093,3941,15
197348621508,132,3164,78,4688,3942,15
197348632142,211,3626,351,35572,3943,15
197348643672,262,3344,125,9751,3944,15
197348654803,213,3356,168,14201,3945,15
197348665740,264,4588,63,2394,3946,15
197348677745,219,3986,150,11638,3947,15
197348687984,164,3180,118,8392,3948,15
197348699064,338,4039,54,1880,3949,15
197348710048,353,4118,198,14338,3950,15
197348721064,205,3600,124,7766,3951,15
197348732152,275,3725,56,2089,3952,15
197348743677,179,3256,52,1833,3953,15
197348754744,160,3007,170,14399,3954,15
197348765792,267,3383,108,8088,3955,15
197348776902,172,4600,169,15029,3956,15
197348787961,312,3993,109,2131,3957,15
197348799251,397,3292,60,2476,3958,15
197348810291,212,3468,55,1872,3959,15
197348821335,269,4070,168,11958,3960,15
197348832368,127,4194,54,1256,3961,15
197348843356,166,3908,376,35247,3962,15
197348854431,138,2994,78,3782,3963,15
197348865547,288,3996,64,2430,3964,15
197348877408,169,3883,163,14453,3965,15
197348888097,297,3122,62,2016,3966,15
197348899193,164,3137,117,7185,3967,15
197348910245,205,3082,331,33446,3968,15
197348921461,161,3051,65,3098,3969,15
197348932559,157,4511,63,2105,3970,15
197348943571,130,2742,106,7796,3971,15
197348954579,161,3518,170,15176,3972,15
197348965924,268,3416,99,7335,3973,15
197348977060,192,3445,54,1764,3974,15
197348988065,118,3013,49,2042,3975,15
197348998959,189,3467,159,14435,3976,15
197349010170,117,4084,105,7676,3977,15
197349021266,121,2617,50,1733,3978,15
197349032233,295,4046,204,14854,3979,15
197349043322,129,2662,49,2083,3980,15
197349054883,174,2674,72,2417,3981,15
197349065982,144,2626,98,7160,3982,15
197349093021,175,2755,93,1780,3983,15
197349107539,382,4401,71,2217,3984,15
197349119148,131,4706,175,1816,3985,15
197349129304,132,4174,232,14365,3986,15
197349140512,132,4017,137,7824,3987,15
197349151643,142,2883,64,1900,3988,15
197349162770,161,2789,292,15007,3989,15
197349174354,951,3307,69,2723,3990,15
197349185117,262,3305,103,7432,3991,15
197349196151,296,3329,52,1833,3992,15
197349207255,136,3455,170,15219,3993,15
197349218330,266,3303,52,1858,3994,15
197349229372,125,3860,105,7644,3995,15
197349240997,206,3326,47,2042,3996,15
197349251953,129,3383,163,14488,3997,15
197349263027,110,3400,98,7520,3998,15
197349274108,158,3370,316,31416,3999,15
197349285257,381,3420,90,5957,4000,15
197349296445,377,3728,341,33834,4001,15
197349307532,172,4750,49,1150,4002,15
197349318638,273,3483,378,34802,4003,15
197349329870,187,3317,200,16960,4004,15
197349340792,231,3657,105,7651,4005,15
197349351646,153,4071,54,2031,4006,15
197349362833,128,3020,57,2359,4007,15
197349373901,138,3697,163,14277,4008,15
197349385395,148,4052,48,1233,4009,15
197349396133,115,3166,374,37301,4010,15
197349407687,168,4909,105,3592,4011,15
197349418221,134,3436,149,12517,4012,15
197349429792,180,4483,60,1994,4013,15
197349440786,141,3361,75,1268,4014,15
197349451838,164,3502,320,32392,4015,15
197349463187,214,3749,65,3515,4016,15
197349474274,128,3457,102,7875,4017,15
197349485246,116,3596,46,2277,4018,15
197349496381,290,3206,119,1915,4019,15
197349507514,150,4215,160,13655,4020,15
197349518374,124,3196,107,7673,4021,15
197349529467,137,3160,207,14734,4022,15
197349540621,229,2754,73,1951,4023,15
197349552026,144,2957,62,2369,4024,15
197349563062,298,2995,47,1310,4025,15
197349574085,304,4020,398,34951,4026,15
197349585202,141,3246,273,17035,4027,15
197349596318,137,3273,108,7804,4028,15
197349607336,123,3129,49,2134,4029,15
197349618381,132,3463,64,1801,4030,15
197349629442,264,3272,156,13433,4031,15
197349640534,250,4299,463,37478,4032,15
197349651809,267,3778,67,3241,4033,15
197349662977,121,3271,258,24336,4034,15
197349674025,229,3026,61,3258,4035,15
197349684971,147,3202,116,8432,4036,15
197349696276,311,4009,97,5178,4037,15
197349707353,164,4410,398,32515,4038,15
197349718410,120,3280,157,9476,4039,15
197349729448,285,3514,51,2172,4040,15
197349740970,136,3065,81,2305,4041,15
197349751584,201,4490,67,1884,4042,15
197349763113,220,4783,77,2490,4043,15
197349774192,238,3542,60,1679,4044,15
197349785391,151,3772,244,23416,4045,15
197349796521,388,3708,70,2882,4046,15
197349807684,125,5065,51,2186,4047,15
197349818330,117,3526,103,7227,4048,15
197349829839,113,2862,201,15253,4049,15
197349840902,325,3538,59,2225,4050,15
197349852147,140,2632,120,8677,4051,15
197349863157,160,14971,96,4453,4052,15
197349889909,150,2724,262,25662,4053,15
197349901081,216,4266,510,13168,4054,15
197349911772,149,4195,256,15219,4055,15
197349922822,121,4028,57,1638,4056,15
197349933926,182,4075,540,35000,4057,15
197349945120,119,3695,91,3776,4058,15
197349956241,176,3361,1430,15713,4059,15
197349967447,164,2936,96,6531,4060,15
197349978680,140,2694,325,31580,4061,15
197349990080,374,3631,132,4593,4062,15
197350000590,211,3063,343,35349,4063,15
197350011807,1323,3333,73,4455,4064,15
197350023002,198,3843,54,2187,4065,15
197350034093,122,4064,175,13305,4066,15
197350045222,222,3871,51,1138,4067,15
197350056613,185,3246,313,32246,4068,15
197350067615,125,3626,117,9238,4069,15
197350078794,2536,3243,181,15430,4070,15
197350089723,191,3010,47,2284,4071,15
197350100813,186,3481,101,6971,4072,15
197350112053,109,3147,322,31936,4073,15
197350123292,359,3589,70,2921,4074,15
197350134727,805,3425,520,35296,4075,15
197350145250,356,4152,130,9525,4076,15
197350156489,242,3385,163,13997,4077,15
197350167666,286,3884,70,2495,4078,15
197350180219,471,4112,68,1877,4079,15
197350190185,387,3370,55,1275,4080,15
197350200680,286,3466,378,34972,4081,15
197350211803,139,2860,78,4532,4082,15
197350222835,495,3011,348,35262,4083,15
197350234118,141,2676,77,3678,4084,15
197350245208,161,34109,378,35248,4085,15
197350291999,305,2708,125,4481,4086,15
197350302737,208,4112,634,33743,4087,15
197350313030,130,4680,144,9222,4088,15
197350324207,226,3788,250,14930,4089,15
197350335327,117,4409,144,12073,4090,15
197350346474,193,4141,42,1288,4091,15
197350357598,239,3853,342,35396,4092,15
197350368630,318,3426,135,4025,4093,15
197350379640,260,3266,186,14780,4094,15
197350390766,312,3532,104,7683,4095,15
197350401920,271,4200,59,1922,4096,15
197350413488,258,4170,177,14868,4097,15
197350424148,360,4329,65,2385,4098,15
197350436209,370,4007,115,7935,4099,15
197350446221,245,3562,53,1895,4100,15
197350457713,136,3679,181,15149,4101,15
197350468742,138,3072,50,2117,4102,15
197350479926,119,3019,111,8480,4103,15
197350490814,116,2944,48,1810,4104,15
197350501841,22,3040,51,1810,4104,16
197350513355,143,3655,79,5019,4105,16
197350524067,367,3136,356,35153,4106,16
197350535558,352,2968,178,16663,4107,16
197350546696,111,3033,55,2775,4108,16
197350557820,116,3195,53,2060,4109,16
197350569009,336,2942,102,7133,4110,16
197350579957,947,3013,167,14184,4111,16
197350591143,139,3563,423,37262,4112,16
197350602034,124,2700,73,3571,4113,16
197350613082,157,2738,67,2506,4114,16
197350624346,166,2660,168,14642,4115,16
197350635674,233,2762,226,11768,4116,16
197350647230,127,2652,47,1567,4117,16
197350657695,301,25813,344,32793,4118,16
197350695318,379,4204,155,7619,4119,16
197350706418,142,4702,540,43296,4120,16
197350717592,125,4047,56,1439,4121,16
197350728746,117,4384,543,35359,4122,16
197350739389,180,4371,90,3987,4123,16
197350750555,142,3235,234,14773,4124,16
197350761674,132,3376,53,1643,4125,16
197350772797,444,3099,342,35388,4126,16
197350783958,367,3226,185,16827,4127,16
197350795035,222,4815,55,2631,4128,16
197350806252,119,3136,60,2504,4129,16
197350817342,207,4292,102,7423,4130,16
197350828339,159,3850,156,14284,4131,16
197350839923,241,3345,565,37382,4132,16
197350850816,153,3468,74,3822,4133,16
197350861910,130,3282,74,2842,4134,16
197350873188,260,2921,63,3126,4135,16
197350884299,196,2891,78,5198,4136,16
197350895331,133,3641,355,37229,4137,16
197350906594,382,3151,165,15191,4138,16
197350917290,117,3416,56,2602,4139,16
197350928756,505,3157,153,1516,4140,16
197350940132,616,3548,47,749,4141,16
197350950608,342,4707,346,35118,4142,16
197350961639,133,3263,185,17158,4143,16
197350973339,236,4510,118,7886,4144,16
197350984219,198,3713,78,4643,4145,16
197350995333,122,3419,347,35358,4146,16
197351006587,132,3057,180,16352,4147,16
197351017637,222,3197,104,8101,4148,16
197351028706,113,2963,64,4071,4149,16
197351039721,122,2945,312,33087,4150,16
197351050843,121,3382,114,3698,4151,16
197351061853,180,3140,70,1900,4152,16
197351072965,418,3287,172,11740,4153,16
197351084019,477,3423,63,1901,4154,16
197351095191,148,4065,102,7594,4155,16
197351106346,292,3032,52,1689,4156,16
197351117451,258,3452,50,2010,4157,16
197351128482,257,3963,164,13045,4158,16
197351139581,5676,3766,357,37443,4159,16
197351150786,21,3156,64,3639,4159,17
197351161817,145,3861,176,15168,4160,17
197351172936,255,2793,53,2702,4161,17
197351184249,160,2938,115,8321,4162,17
197351195269,258,3415,51,2007,4163,17
197351206234,508,2898,176,15288,4164,17
197351217706,1325,2999,226,1399,4165,17
197351228635,314,3304,336,35264,4166,17
197351239690,382,3604,69,3968,4167,17
197351250709,431,3925,207,14676,4168,17
197351261673,220,3102,102,7203,4169,17
197351273250,355,3667,217,21371,4170,17
197351284557,148,3046,89,6172,4171,17
197351295065,111,3777,363,33419,4172,17
197351306505,373,2920,125,3735,4173,17
197351317544,620,3232,115,7739,4174,17
197351328630,223,2963,191,14928,4175,17
197351339702,231,3136,130,7660,4176,17
197351350891,455,3843,2191,1918,4177,17
197351361928,198,3282,51,2234,4178,17
197351373016,312,4475,158,14371,4179,17
197351384073,344,3729,51,2113,4180,17
197351395184,368,4141,103,7816,4181,17
197351406175,146,4048,56,1889,4182,17
197351417440,230,3333,141,12172,4183,17
197351428444,350,3107,59,2030,4184,17
197351439526,246,3824,49,1363,4185,17
197351450824,154,3441,373,34611,4186,17
197351461974,132,2777,256,17114,4187,17
197351473259,203,3413,105,7789,4188,17
197351484324,134,4296,128,4655,4189,17
197351495073,214,3888,372,35045,4190,17
197351506107,149,3374,181,16525,4191,17
197351517676,138,3228,104,7480,4192,17
197351528793,235,3012,363,33585,4193,17
197351539842,226,2993,58,2614,4194,17
197351550988,300,3866,59,2339,4195,17
197351562117,264,3226,46,1901,4196,17
197351572791,440,2952,44,1954,4197,17
197351584329,122,3405,127,1723,4198,17
197351595276,162,3362,80,5104,4199,17
197351606360,201,3164,320,32818,4200,17
197351617317,222,3417,69,3895,4201,17
197351628364,211,3825,175,14816,4202,17
197351639882,198,3330,96,7036,4203,17
197351650635,112,3024,38,726,4204,17
197351662158,126,3221,409,42839,4205,17
197351673146,117,3002,113,5547,4206,17
197351684246,173,2919,114,8213,4207,17
197351695282,134,3441,76,5147,4208,17
197351706727,283,3266,366,32553,4209,17
197351717814,175,4072,60,3263,4210,17
197351729176,191,4310,191,18060,4211,17
197351739860,283,3689,94,2053,4212,17
197351751122,225,3862,156,14068,4213,17
197351762018,124,2818,47,1693,4214,17
197351773040,268,3224,609,35218,4215,17
197351784270,204,3129,182,16735,4216,17
197351795349,126,3806,130,2609,4217,17
197351806387,110,3047,50,1411,4218,17
197351817460,117,4080,366,36485,4219,17
197351828498,113,2851,80,5193,4220,17
197351839729,120,3088,331,35347,4221,17
197351850831,129,2696,78,3749,4222,17
197351861898,157,2689,63,2444,4223,17
197351872967,132,2638,152,13512,4224,17
197351884002,160,2707,307,31517,4225,17
197351895120,362,2731,114,9342,4226,17
197351906570,142,2671,57,2248,4227,17
197351917615,116,2708,134,12208,4228,17
197351928313,95,2641,50,2036,4229,17
197351939918,167,2686,105,6740,4230,17
197351993090,250,2944,225,21277,4231,17
197352007725,196,2794,333,13700,4232,17
197352018935,128,2778,142,7509,4233,17
197352030062,146,4484,123,4202,4234,17
197352041308,146,4137,501,33102,4235,17
197352051928,152,4269,90,3692,4236,17
197352063044,287,4455,102,7604,4237,17
197352074132,183,2642,165,14724,4238,17
197352085719,295,3305,57,2150,4239,17
197352096534,291,3987,51,1375,4240,17
197352107673,133,4872,345,35265,4241,17
197352118752,215,3282,69,3958,4242,17
197352129808,169,3226,166,14870,4243,17
197352140856,243,2881,152,7930,4244,17
197352152060,228,2905,290,15174,4245,17
197352163071,184,2775,50,2033,4246,17
197352174628,184,2991,66,2347,4247,17
197352185262,370,3383,107,8089,4248,17
197352196457,202,2955,51,1886,4249,17
197352207494,257,3460,167,15204,4250,17
197352219206,321,2890,53,2260,4251,17
197352230077,234,4118,109,8594,4252,17
197352241181,447,3862,63,1816,4253,17
197352252313,195,3872,167,14702,4254,17
197352263307,109,3891,53,2192,4255,17
197352274525,162,2969,114,8049,4256,17
197352285801,172,3551,167,15121,4257,17
197352296497,5167,4086,148,12487,4258,17
197352307571,21,3743,49,2270,4258,18
197352319053,238,3126,108,7747,4259,18
197352330064,141,3165,167,15480,4260,18
197352341251,206,2895,236,7841,4261,18
197352352195,264,4929,85,1958,4262,18
197352363385,234,3649,51,2246,4263,18
197352374481,128,3325,63,2807,4264,18
197352385406,346,3296,422,35317,4265,18
197352396517,447,3630,123,9471,4266,18
197352407736,236,4692,176,13949,4267,18
197352419047,190,3257,100,2532,4268,18
197352430149,143,4057,82,1936,4269,18
197352441261,209,3533,50,1244,4270,18
197352452316,403,3167,318,32389,4271,18
197352463350,717,3516,70,3552,4272,18
197352474575,243,3027,100,7944,4273,18
197352485751,238,3144,52,1372,4274,18
197352496704,410,3690,343,42351,4275,18
197352507921,214,4025,53,1711,4276,18
197352519235,321,3162,342,35248,4277,18
197352529694,132,3110,177,16685,4278,18
197352541250,158,3215,59,2545,4279,18
197352552366,238,3545,46,1388,4280,18
197352563401,203,4242,41,795,4281,18
197352574421,219,3912,324,31666,4282,18
197352585299,212,3368,64,3714,4283,18
197352596869,3208,3052,97,6868,4284,18
197352607954,2639,3714,473,31683,4285,18
197352619012,122,2832,85,3638,4286,18
197352629986,343,2941,161,14734,4287,18
197352641024,281,3151,129,7151,4288,18
197352652056,166,3753,415,43143,4289,18
197352663139,161,4047,78,5263,4290,18
197352674169,247,4042,63,2667,4291,18
197352685742,216,3159,348,17315,4292,18
197352696352,166,2966,53,2036,4293,18
197352707847,308,4653,173,15541,4294,18
197352719281,125,3213,112,2239,4295,18
197352729961,123,2765,99,7260,4296,18
197352741246,403,3000,221,21800,4297,18
197352752258,284,3400,292,25334,4298,18
197352763421,218,4823,49,1682,4299,18
197352774596,313,3762,349,35404,4300,18
197352785784,147,3455,177,16798,4301,18
197352796727,110,2942,57,2879,4302,18
197352807715,21,3179,101,1966,4302,19
197352818834,177,2994,100,7248,4303,19
197352829842,133,3055,163,15175,4304,19
197352841087,585,3280,422,8049,4305,19
197352852383,678,3506,45,1765,4306,19
197352863470,154,3611,140,12037,4307,19
197352874478,112,3093,66,3025,4308,19
197352885693,360,3151,137,5096,4309,19
197352896692,352,3595,341,37171,4310,19
197352907476,261,4120,161,14951,4311,19
197352918956,186,3110,52,1993,4312,19
197352929924,316,3882,224,21401,4313,19
197352941049,192,3506,49,1359,4314,19
197352952089,185,3224,309,32360,4315,19
197352963097,150,3179,69,3531,4316,19
197352974133,197,3583,105,7946,4317,19
197352985690,151,4152,57,2308,4318,19
197352996669,215,3735,157,13827,4319,19
197353007624,398,4315,52,1836,4320,19
197353018592,114,3207,103,7586,4321,19
197353030107,118,3277,252,14740,4322,19
197353041111,260,2923,50,2091,4323,19
197353052007,146,3086,55,2377,4324,19
197353063263,357,3396,54,1781,4325,19
197353074305,535,3134,135,11614,4326,19
197353085800,297,2933,49,2007,4327,19
197353096693,320,3472,100,7512,4328,19
197353107971,149,3616,55,2154,4329,19
197353118898,178,3475,65,1832,4330,19
197353129972,191,4047,160,14271,4331,19
197353141176,183,3533,116,7874,4332,19
197353152008,136,3097,50,1946,4333,19
197353163131,194,3688,211,14799,4334,19
197353174400,140,3301,52,1615,4335,19
197353185438,464,3010,738,35177,4336,19
197353196447,153,3574,65,3764,4337,19
197353207706,133,3332,188,15842,4338,19
197353218753,191,3116,93,6619,4339,19
197353229912,218,4771,305,31638,4340,19
197353241109,509,3779,190,4555,4341,19
197353252600,226,3628,435,35576,4342,19
197353263478,211,3606,122,9693,4343,19
197353274692,320,3001,48,2165,4344,19
197353285248,388,3695,158,13308,4345,19
197353296835,185,3761,250,21910,4346,19
197353307838,116,3880,43,1337,4347,19
197353319165,220,3093,350,35086,4348,19
197353330133,153,2955,296,17123,4349,19
197353341061,277,3515,341,7856,4350,19
197353351954,324,3413,88,4481,4351,19
197353363663,280,3572,343,35462,4352,19
197353374724,154,3268,179,16410,4353,19
197353385792,194,3270,60,2385,4354,19
197353396382,178,3199,95,7359,4355,19
197353408013,168,4392,324,33637,4356,19
197353419087,248,3165,66,3256,4357,19
197353429721,143,2875,55,2085,4358,19
197353440820,476,3465,143,8018,4359,19
197353451951,226,3347,178,15072,4360,19
197353463613,169,3113,69,1928,4361,19
197353474306,108,4021,97,7315,4362,19
197353485588,192,4006,134,11764,4363,19
197353496629,89,3883,178,14405,4364,19
197353507769,106,4008,94,7996,4365,19
197353518918,171,3484,54,1639,4366,19
197353529972,144,2822,167,14853,4367,19
197353541285,455,3054,61,2029,4368,19
197353552295,203,3034,56,2293,4369,19
197353563507,227,3830,52,1343,4370,19
197353574403,233,3667,338,35081,4371,19
197353588790,235,4245,185,17079,4372,19
197353596576,251,3205,102,7834,4373,19
197353607505,125,3410,51,1406,4374,19
197353618803,187,3021,304,31986,4375,19
197353629888,184,3232,173,16100,4376,19
197353641227,451,3059,111,8336,4377,19
197353652249,288,4466,54,2035,4378,19
197353663330,303,4693,168,14821,4379,19
197353675121,1161,4076,62,2417,4380,19
197353685535,202,4374,189,17147,4381,19
197353696569,228,3806,80,5232,4382,19
197353707645,159,3900,329,32557,4383,19
197353718642,156,3219,117,9490,4384,19
197353729735,161,4143,55,2230,4385,19
197353741085,158,3739,153,3082,4386,19
197353752137,297,3081,415,40198,4387,19
197353763209,123,2871,120,9512,4388,19
197353774251,711,2969,48,2261,4389,19
197353785491,173,3321,155,14127,4390,19
197353796368,401,3463,51,2199,4391,19
197353807909,120,4434,91,6590,4392,19
197353818969,111,3087,126,11381,4393,19
197353830058,215,3422,244,23879,4394,19
197353841071,262,3693,64,2611,4395,19
197353852115,114,3427,107,8559,4396,19
197353863128,187,3567,58,1684,4397,19
197353874190,415,3262,159,14344,4398,19
197353885501,196,3593,70,2062,4399,19
197353896573,178,4114,117,7916,4400,19
197353907583,124,3481,72,4177,4401,19
197353918839,478,3235,365,33132,4402,19
197353929895,165,3172,178,3682,4403,19
197353940916,226,3197,372,7832,4404,19
197353952230,231,3344,159,14819,4405,19
197353963324,221,4711,75,2139,4406,19
197353974454,340,3170,45,1278,4407,19
197353985514,130,3262,237,16600,4408,19
197353996901,398,4225,266,21976,4409,19
197354007592,142,4330,161,14516,4410,19
197354018602,259,3067,2713,7610,4411,19
197354030196,156,3336,162,14875,4412,19
197354041039,238,3696,59,1775,4413,19
197354052187,350,3418,49,2012,4414,19
197354063187,172,3645,128,7182,4415,19
197354074557,135,2905,49,1568,4416,19
197354085589,177,3417,246,4301,4417,19
197354096612,202,3485,330,34870,4418,19
197354107928,241,3417,77,3953,4419,19
197354118888,370,3433,54,2140,4420,19
197354129884,181,4030,94,4835,4421,19
197354140994,246,3157,366,34817,4422,19
197354153353,837,3088,126,3691,4423,19
197354163247,315,3688,173,14999,4424,19
197354174383,183,3826,62,2423,4425,19
197354185663,191,2913,126,7199,4426,19
197354196746,219,3243,47,1873,4427,19
197354207798,183,3815,172,15065,4428,19
197354218740,306,3033,96,6947,4429,19
197354229903,158,3922,305,31332,4430,19
197354240954,252,3304,67,4458,4431,19
197354252042,255,3368,333,35291,4432,19
197354263200,207,3672,118,9545,4433,19
197354274426,289,3399,57,2288,4434,19
197354285673,206,4371,140,11374,4435,19
197354296924,338,3555,352,32544,4436,19
197354307999,160,3551,40,1109,4437,19
197354318523,272,4011,477,36770,4438,19
197354330060,150,3592,239,16193,4439,19
197354341258,172,4484,107,8033,4440,19
197354352396,192,2964,57,1705,4441,19
197354363518,156,3570,308,32015,4442,19
197354374450,381,3057,205,16256,4443,19
197354385469,123,3224,58,2468,4444,19
197354396547,178,3163,96,7292,4445,19
197354407931,159,3515,309,25884,4446,19
197354418906,216,3293,261,22689,4447,19
197354429936,324,4219,62,2055,4448,19
197354441123,4223,4717,107,7766,4449,19
197354452293,118,3716,164,14953,4450,19
197354463157,106,3654,49,1817,4451,19
197354474190,155,3507,98,7047,4452,19
197354485400,122,4618,149,13281,4453,19
197354496764,138,3244,352,34254,4454,19
197354507834,293,4216,61,2637,4455,19
197354519006,141,3106,104,7812,4456,19
197354530137,167,3132,167,14842,4457,19
197354541168,122,3389,46,2134,4458,19
197354552213,310,3192,59,2423,4459,19
197354563090,340,3594,52,1885,4460,19
197354574165,214,2989,143,7517,4461,19
197354585667,441,3843,202,15200,4462,19
197354596584,171,3142,93,7726,4463,19
197354607871,274,3027,55,1932,4464,19
197354618850,202,2937,47,1724,4465,19
197354630051,427,3085,166,14402,4466,19
197354641109,380,3533,169,8119,4467,19
197354652205,308,3382,49,1770,4468,19
197354663290,213,5096,161,14990,4469,19
197354674314,294,3945,109,1668,4470,19
197354685253,410,5083,454,35018,4471,19
197354696827,345,4225,72,4656,4472,19
197354707826,187,4624,347,32475,4473,19
197354718925,266,3644,94,6767,4474,19
197354729898,121,3070,313,31348,4475,19
197354740924,363,3057,68,3842,4476,19
197354752050,194,4445,164,14284,4477,19
197354763854,271,3496,101,7816,4478,19
197354774214,175,3598,49,1837,4479,19
197354785444,200,3302,159,14759,4480,19
197354796522,213,3920,54,2350,4481,19
197354807887,346,5670,119,1339,4482,19
197354819073,338,3270,335,34929,4483,19
197354830045,137,4498,188,16988,4484,19
197354840969,165,3590,60,2503,4485,19
197354852342,261,3535,113,8385,4486,19
197354863369,199,4099,76,1766,4487,19
197354874634,458,3627,164,14372,4488,19
197354885691,178,3547,54,1943,4489,19
197354896375,220,3229,96,7646,4490,19
197354907900,292,3500,166,14906,4491,19
197354918927,110,3337,48,2133,4492,19
197354930045,274,5539,426,2450,4493,19
197354941177,294,3132,207,8198,4494,19
197354952005,207,3611,170,15368,4495,19
197354963041,384,4022,52,2204,4496,19
197354974664,409,3168,108,7939,4497,19
197354985689,311,3196,57,2365,4498,19
197354996399,266,3989,55,1950,4499,19
197355007496,165,4105,163,14544,4500,19
197355019129,137,3250,96,1513,4501,19
197355030108,120,3233,321,32951,4502,19
197355041183,388,3358,69,3557,4503,19
197355052343,267,3819,62,2243,4504,19
197355063473,143,3582,105,7297,4505,19
197355074513,361,2757,59,1846,4506,19
197355085600,174,2655,78,4288,4507,19
197355096701,149,2706,336,35147,4508,19
197355107660,22,2720,69,3719,4508,20
197355118773,139,2695,75,2408,4509,20
197355129797,136,2736,257,14398,4510,20
197355140938,141,2667,101,7664,4511,20
197355152049,148,2674,233,14591,4512,20
197355163067,159,2830,126,11412,4513,20
197355174523,102,2668,131,11806,4514,20
197355185614,127,2708,52,1888,4515,20
197355196765,150,2632,74,2516,4516,20
197355207574,390,2787,58,1703,4517,20
197355218608,130,2748,106,7467,4518,20
197355230123,144,2689,52,1601,4519,20
197355241172,107,2622,45,1903,4520,20
197355252184,128,2646,163,14298,4521,20
197355263499,199,3186,65,1863,4522,20
197355274359,197,4238,184,7706,4523,20
197355294702,253,3084,117,4090,4524,20
197355309593,192,2818,534,35158,4525,20
197355320723,226,4154,108,4821,4526,20
197355331819,119,4614,500,32635,4527,20
197355342983,109,4223,173,9447,4528,20
197355354050,108,4169,60,2131,4529,20
197355365155,117,2803,68,1279,4530,20
197355376302,231,3750,324,31423,4531,20
197355387063,126,2717,76,4220,4532,20
197355398234,125,3198,54,2157,4533,20
197355409262,259,3953,161,14225,4534,20
197355420838,315,3668,54,2328,4535,20
197355431848,283,4021,63,1840,4536,20
197355442620,252,3941,121,7667,4537,20
197355454138,285,3178,278,15041,4538,20
197355465168,222,3647,46,1854,4539,20
197355476230,116,3767,135,7421,4540,20
197355487292,114,2990,65,4548,4541,20
197355498387,115,3391,336,35352,4542,20
197355509657,286,2761,65,3774,4543,20
197355520699,325,3230,94,6877,4544,20
197355531736,145,2982,71,3833,4545,20
197355542578,235,3189,329,32946,4546,20
197355554091,516,3012,63,3393,4547,20
197355565147,264,3043,177,16981,4548,20
197355576214,173,3450,205,13932,4549,20
197355587461,1020,3324,152,11753,4550,20
197355598542,382,2904,49,1324,4551,20
197355609360,418,3494,77,4787,4552,20
197355620316,273,3465,326,31212,4553,20
197355631544,242,3882,177,16179,4554,20
197355642716,245,3643,110,1931,4555,20
197355653692,315,3180,353,32997,4556,20
197355665247,162,3174,50,1633,4557,20
197355675944,205,4016,1202,33569,4558,20
197355686948,241,3262,83,6023,4559,20
197355698262,192,3843,324,31583,4560,20
197355709295,316,4076,86,4277,4561,20
197355720915,365,3182,371,35333,4562,20
197355732092,120,3668,71,3964,4563,20
197355742708,113,2861,49,2142,4564,20
197355753873,245,3007,207,14369,4565,20
197355765190,310,3668,101,7661,4566,20
197355776142,255,3555,51,1886,4567,20
197355787159,356,3299,158,14901,4568,20
197355798465,180,3241,59,2495,4569,20
197355809483,130,3225,96,7502,4570,20
197355820761,168,3268,101,5157,4571,20
197355831838,133,3561,331,32706,4572,20
197355843024,197,3501,119,9556,4573,20
197355853929,209,3104,47,2216,4574,20
197355865000,159,3043,47,1957,4575,20
197355875963,114,4854,136,11372,4576,20
197355887064,284,3366,138,12131,4577,20
197355898171,114,2780,49,1649,4578,20
197355909219,325,2978,160,14091,4579,20
197355920819,118,2811,102,2000,4580,20
197355931812,403,3639,54,1506,4581,20
197355942924,219,3547,103,7370,4582,20
197355953661,358,4163,186,14708,4583,20
197355965117,341,2964,92,6966,4584,20
197355976212,134,3746,110,1666,4585,20
197355987236,330,3040,51,2004,4586,20
197355998274,204,3961,161,14016,4587,20
197356009612,136,3210,47,1749,4588,20
197356020508,226,3472,99,7278,4589,20
197356031681,115,3349,70,4096,4590,20
197356042634,316,3645,341,33189,4591,20
197356054185,216,3971,69,3716,4592,20
197356065337,198,3460,99,7530,4593,20
197356076357,241,3115,162,14844,4594,20
197356087035,1121,4108,51,2194,4595,20
197356100971,235,4206,58,1352,4596,20
197356109744,175,3726,336,35276,4597,20
197356120421,142,3324,69,3785,4598,20
197356131985,124,3705,343,14895,4599,20
197356143324,1512,3397,109,7133,4600,20
197356153922,183,3087,368,43320,4601,20
197356164934,237,3660,47,1599,4602,20
197356176152,165,3671,318,33827,4603,20
197356187396,172,3324,51,1340,4604,20
197356198574,160,3673,332,35081,4605,20
197356209777,129,3652,176,17100,4606,20
197356220801,209,3804,105,7843,4607,20
197356231881,138,3786,55,2325,4608,20
197356242952,154,3238,54,1901,4609,20
197356253963,404,3011,151,14394,4610,20
197356265060,191,3293,103,7884,4611,20
197356276274,220,3993,48,1859,4612,20
197356287418,252,2965,154,14761,4613,20
197356298464,301,3340,58,2565,4614,20
197356309470,164,3776,94,7303,4615,20
197356320650,343,3183,79,5129,4616,20
197356331691,169,3239,347,32675,4617,20
197356342782,287,3269,120,9484,4618,20
197356353777,299,3519,60,2233,4619,20
197356365197,386,3285,63,2348,4620,20
197356376233,240,3765,46,1885,4621,20
197356387380,482,3034,58,2488,4622,20
197356398533,257,3629,102,1828,4623,20
197356409569,160,3219,160,14014,4624,20
197356420577,108,3235,52,2250,4625,20
197356431758,233,3422,52,1805,4626,20
197356442789,147,3054,102,7507,4627,20
197356453881,318,2996,165,15075,4628,20
197356465030,227,3977,52,2037,4629,20
197356476302,139,3536,99,7650,4630,20
197356487279,133,3315,52,1937,4631,20
197356498538,299,3316,258,23582,4632,20
197356509658,347,2954,66,1818,4633,20
197356520793,201,3811,187,17188,4634,20
197356531885,471,3675,67,4080,4635,20
197356543223,434,3118,342,32944,4636,20
197356553778,236,3012,56,3376,4637,20
197356564917,275,4233,194,16844,4638,20
197356575923,207,3766,78,5258,4639,20
197356587119,176,3176,320,32430,4640,20
197356598662,141,3453,117,9487,4641,20
197356609677,313,3236,54,2579,4642,20
197356620643,295,3621,51,1947,4643,20
197356631807,336,4444,157,13905,4644,20
197356642913,165,4145,125,1745,4645,20
197356654003,149,3260,348,32850,4646,20
197356665242,293,3163,100,3535,4647,20
197356676536,160,3469,61,2226,4648,20
197356687385,196,3318,110,7506,4649,20
197356698415,136,3417,51,1946,4650,20
197356709483,113,3383,68,4310,4651,20
197356720692,210,3222,400,35300,4652,20
197356731886,163,3398,77,3949,4653,20
197356742925,267,2927,61,2144,4654,20
197356754007,146,3100,172,13958,4655,20
197356765029,187,3698,274,27165,4656,20
197356776088,209,3747,49,1870,4657,20
197356787118,293,3245,170,14714,4658,20
197356798120,458,6250,56,2052,4659,20
197356809726,157,4537,106,7082,4660,20
197356820783,137,3522,166,14935,4661,20
197356831845,220,3633,54,2223,4662,20
197356842893,219,2929,107,7786,4663,20
197356853929,434,2909,48,1514,4664,20
197356864919,213,3133,53,1814,4665,20
197356876035,191,3729,47,1462,4666,20
197356887007,205,3747,164,14205,4667,20
197356898202,199,3406,104,7769,4668,20
197356909679,115,3134,161,14910,4669,20
197356920775,399,3215,58,2359,4670,20
197356931810,145,3604,55,1736,4671,20
197356942889,222,3143,52,1269,4672,20
197356953900,430,3531,322,32569,4673,20
197356965124,284,3227,73,3546,4674,20
197356976150,170,4163,105,7940,4675,20
197356987135,234,3340,54,2128,4676,20
197356998180,201,3841,161,13822,4677,20
197357009329,189,3261,54,1669,4678,20
197357020356,113,2880,421,35358,4679,20
197357031907,126,3177,227,16704,4680,20
197357042951,531,3281,61,2566,4681,20
197357053975,381,3350,51,1968,4682,20
197357065104,191,4050,354,26416,4683,20
197357076100,263,3963,161,14848,4684,20
197357087291,357,3136,52,1851,4685,20
197357098495,252,3671,107,7456,4686,20
197357109677,127,3227,47,1895,4687,20
197357120705,281,4053,248,14218,4688,20
197357131803,322,4629,59,1890,4689,20
197357142853,162,3934,131,7640,4690,20
197357153898,251,2959,42,1677,4691,20
197357165116,113,2896,143,12144,4692,20
197357176209,129,3408,55,1580,4693,20
197357187201,174,3236,108,7767,4694,20
197357198280,235,3380,50,1647,4695,20
197357209327,283,3457,72,4447,4696,20
197357220329,111,3056,364,35349,4697,20
197357231866,200,4191,78,3971,4698,20
197357243112,173,3517,57,2173,4699,20
197357254176,193,4016,174,14437,4700,20
197357265179,209,3081,111,7646,4701,20
197357276235,202,4661,52,1903,4702,20
197357287293,268,3021,165,14912,4703,20
197357298303,137,3586,60,2439,4704,20
197357309561,294,4280,54,2053,4705,20
197357320606,122,3258,48,2121,4706,20
197357331701,169,4219,56,1989,4707,20
197357342765,1669,3990,104,7772,4708,20
197357353893,118,2985,35,976,4709,20
197357365246,113,2980,325,31888,4710,20
197357376287,194,3563,69,3584,4711,20
197357387248,148,3476,165,14771,4712,20
197357398304,173,4683,114,8286,4713,20
197357409500,334,2926,163,14973,4714,20
197357420509,115,3035,56,2711,4715,20
197357431588,312,4126,62,2123,4716,20
197357442625,141,3008,109,8358,4717,20
197357453705,137,2979,175,15516,4718,20
197357465247,250,3301,47,1472,4719,20
197357476301,204,3624,347,37685,4720,20
197357487270,184,3103,77,4585,4721,20
197357498361,126,2931,346,35629,4722,20
197357509508,237,3102,67,3803,4723,20
197357520573,117,3540,106,8040,4724,20
197357531635,213,3695,165,13920,4725,20
197357542944,209,3559,92,2040,4726,20
197357553800,123,2694,52,1649,4727,20
197357564853,138,4208,336,35000,4728,20
197357576287,132,3916,181,17269,4729,20
197357587215,101,4688,53,2499,4730,20
197357598172,178,4145,138,7744,4731,20
197357609339,109,2649,54,2422,4732,20
197357620471,290,3694,212,13292,4733,20
197357631658,196,4241,305,31746,4734,20
197357642786,281,4032,117,9376,4735,20
197357653921,301,4571,213,15216,4736,20
197357664997,284,3502,45,1770,4737,20
197357675910,268,3611,104,965,4738,20
197357687471,166,3189,433,37183,4739,20
197357698589,171,3974,64,3666,4740,20
197357709271,115,3562,164,15609,4741,20
197357720496,142,3250,102,7680,4742,20
197357731670,108,3544,926,2040,4743,20
197357742784,123,3051,53,2301,4744,20
197357753801,167,3100,155,13884,4745,20
197357764831,155,3231,386,37933,4746,20
197357776557,149,3489,196,16936,4747,20
197357787087,135,3177,117,1542,4748,20
197357798235,240,3061,2163,34066,4749,20
197357809208,451,3525,65,3795,4750,20
197357820608,245,3312,54,2464,4751,20
197357831568,446,3690,40,795,4752,20
197357842924,221,4794,341,37418,4753,20
197357854073,274,3870,73,3537,4754,20
197357865155,168,4332,66,2448,4755,20
197357876245,152,3838,195,14072,4756,20
197357887528,122,3183,52,2145,4757,20
197357898587,113,2931,46,1606,4758,20
197357909214,475,3687,465,33157,4759,20
197357920736,149,4575,64,3691,4760,20
197357931566,160,3849,59,2095,4761,20
197357942822,145,3260,197,7953,4762,20
197357953802,136,3432,177,14724,4763,20
197357964867,120,4160,49,2009,4764,20
197357976071,114,3540,186,17494,4765,20
197357987158,110,2751,55,2547,4766,20
197357998184,182,3828,163,14589,4767,20
197358009627,169,4014,103,8194,4768,20
197358020556,149,3495,43,1160,4769,20
197358031666,104,3719,340,42901,4770,20
197358042728,197,3896,81,5290,4771,20
197358053894,108,3545,52,1575,4772,20
197358064953,116,3175,402,36830,4773,20
197358076408,174,3136,59,1341,4774,20
197358087345,434,3598,380,43396,4775,20
197358098469,132,3322,167,10741,4776,20
197358109565,238,3614,57,3268,4777,20
197358120775,112,3538,165,15243,4778,20
197358131869,157,4001,51,1776,4779,20
197358142963,111,3603,371,35316,4780,20
197358154076,135,3029,104,3796,4781,20
197358165166,192,3267,173,15318,4782,20
197358176034,133,3512,52,1785,4783,20
197358187313,332,3194,46,930,4784,20
197358198371,435,3688,342,35353,4785,20
197358209598,207,3982,262,17474,4786,20
197358220630,146,3750,98,7755,4787,20
197358231760,118,3907,53,2207,4788,20
197358242787,124,3421,188,4584,4789,20
197358253945,265,3329,375,35784,4790,20
197358264993,451,3988,66,1481,4791,20
197358275960,128,3741,434,35410,4792,20
197358287157,130,3301,199,16696,4793,20
197358298161,111,3197,107,2763,4794,20
197358309216,350,3058,750,1573,4795,20
197358320373,145,3505,384,34978,4796,20
197358331803,310,4070,226,17232,4797,20
197358343011,113,3290,52,2501,4798,20
197358354043,362,3595,111,8366,4799,20
197358365102,204,3905,49,1872,4800,20
197358375954,274,4899,174,14469,4801,20
197358387006,115,3354,48,2028,4802,20
197358398449,309,3314,5236,7685,4803,20
197358409291,142,2971,163,14946,4804,20
197358420359,118,3150,54,2294,4805,20
197358432077,637,3828,146,11560,4806,20
197358443085,324,3167,189,17156,4807,20
197358453704,253,3626,253,15307,4808,20
197358464965,303,3719,98,7616,4809,20
197358476372,237,3266,54,1586,4810,20
197358487367,129,3199,50,1864,4811,20
197358498439,170,3387,54,1436,4812,20
197358509633,110,3009,85,5010,4813,20
197358520764,347,3342,388,35387,4814,20
197358531820,508,3809,224,16623,4815,20
197358543073,117,3289,60,2480,4816,20
197358553989,325,4220,88,2379,4817,20
197358565545,207,4156,119,6086,4818,20
197358576188,302,3782,318,31565,4819,20
197358587254,203,3455,654,16747,4820,20
197358598516,371,2886,99,7910,4821,20
197358609533,187,3206,54,2414,4822,20
197358620618,413,4066,164,14549,4823,20
197358631601,117,3769,47,1755,4824,20
197358642991,128,3466,374,35533,4825,20
197358653944,226,3619,71,3770,4826,20
197358665327,304,3081,193,15226,4827,20
197358676236,186,3121,60,2610,4828,20
197358687319,145,3190,109,7279,4829,20
197358698450,128,4500,223,13359,4830,20
197358709331,336,3230,488,31901,4831,20
197358720627,171,4694,127,9823,4832,20
197358731618,252,3892,52,2227,4833,20
197358742741,224,2966,77,4567,4834,20
197358753922,275,3273,339,35347,4835,20
197358765010,378,4236,121,9574,4836,20
197358776104,179,3488,56,2341,4837,20
197358788681,132,3788,175,13725,4838,20
197358798326,139,3582,57,2441,4839,20
197358809441,260,3823,47,1568,4840,20
197358820576,204,3143,378,34857,4841,20
197358831756,228,3570,206,17120,4842,20
197358842938,212,3321,105,7811,4843,20
197358854011,237,3887,50,2223,4844,20
197358865111,196,3399,46,1854,4845,20
197358876175,319,3269,161,14342,4846,20
197358887202,125,3225,50,2171,4847,20
197358898327,245,3183,110,8040,4848,20
197358909455,167,3374,169,14864,4849,20
197358920501,229,3363,54,1776,4850,20
197358932413,488,3661,72,911,4851,20
197358942508,203,3091,378,36559,4852,20
197358954134,247,3524,206,16715,4853,20
197358969695,224,4166,197,17112,4854,20
197358976150,21,3236,52,2210,4854,21
197358987189,163,3415,57,2382,4855,21
197358998233,202,3990,57,1975,4856,21
197359009281,393,3214,158,14364,4857,21
197359020537,181,4427,106,7407,4858,21
197359031493,117,3263,369,42921,4859,21
197359043139,117,3432,53,1591,4860,21
197359053893,197,3344,350,33340,4861,21
197359064925,238,3409,115,9284,4862,21
197359076034,352,4058,56,2411,4863,21
197359087206,145,2934,163,14617,4864,21
197359098287,254,3401,186,16731,4865,21
197359109369,520,3592,96,4720,4866,21
197359120503,211,4884,353,35179,4867,21
197359131519,268,3877,75,3852,4868,21
197359142552,126,3324,112,8231,4869,21
197359153692,437,3494,166,14112,4870,21
197359165175,434,3066,62,2163,4871,21
197359176268,272,3780,61,2375,4872,21
197359187498,408,3024,57,1321,4873,21
197359198528,157,3441,320,32392,4874,21
197359209609,130,3338,94,3565,4875,21
197359220703,444,3019,109,8046,4876,21
197359231661,151,3802,75,1839,4877,21
197359242917,220,2915,59,2059,4878,21
197359253965,420,4004,165,13874,4879,21
197359265065,157,4079,102,7032,4880,21
197359276156,317,3801,50,754,4881,21
197359287107,230,3230,383,42915,4882,21
197359298489,383,4037,89,5467,4883,21
197359309575,242,4804,111,7892,4884,21
197359320688,131,2998,62,2311,4885,21
197359331797,205,4286,175,15539,4886,21
197359342853,287,3329,61,2351,4887,21
197359354019,310,4337,118,8697,4888,21
197359365020,162,3757,80,2035,4889,21
197359376230,283,3295,169,14834,4890,21
197359387303,250,3292,63,2447,4891,21
197359398282,303,3259,121,8189,4892,21
197359409362,208,2740,160,14395,4893,21
197359420438,325,3509,313,32034,4894,21
197359431703,325,4482,56,1355,4895,21
197359442807,291,3323,363,34870,4896,21
197359457168,162,3784,189,17069,4897,21
197359465060,301,3148,105,7781,4898,21
197359476088,276,3454,75,4427,4899,21
197359487334,166,3106,341,35153,4900,21
197359498377,169,3581,92,3826,4901,21
197359509463,369,3815,242,14783,4902,21
197359520591,153,4180,105,7882,4903,21
197359531769,128,3708,172,15131,4904,21
197359542944,285,3418,51,1530,4905,21
197359554019,245,3714,335,33595,4906,21
197359565030,295,4280,125,9254,4907,21
197359576215,234,2772,50,2264,4908,21
197359587277,423,3242,163,13601,4909,21
197359598289,150,2839,392,36928,4910,21
197359609631,159,4171,66,4110,4911,21
197359620748,142,4092,165,14665,4912,21
197359631779,96,4285,50,2311,4913,21
197359642811,116,4113,104,8122,4914,21
197359653937,322,2739,155,14286,4915,21
197359665041,394,3539,314,31693,4916,21
197359675992,161,3251,90,4235,4917,21
197359687172,250,3521,140,7900,4918,21
197359698264,246,4046,191,16001,4919,21
197359709557,696,4312,57,2230,4920,21
197359720577,350,4267,52,1317,4921,21
197359731619,179,4248,364,35217,4922,21
197359742905,198,3643,82,3967,4923,21
197359753900,132,3101,185,14757,4924,21
197359764921,123,3281,102,6901,4925,21
197359776157,162,3893,323,31424,4926,21
197359787119,140,2819,213,16740,4927,21
197359798177,147,2953,63,2809,4928,21
197359809335,141,2923,100,6255,4929,21
197359820397,177,3038,321,31431,4930,21
197359831664,285,4393,238,16820,4931,21
197359842609,136,3275,72,2541,4932,21
197359853673,290,3116,370,8648,4933,21
197359865274,140,3080,50,1824,4934,21
197359876244,214,3440,162,14575,4935,21
197359887178,126,3288,48,1527,4936,21
197359898190,208,3795,419,37752,4937,21
197359909865,276,4189,184,17011,4938,21
197359920732,374,3302,61,3104,4939,21
197359931778,166,4015,61,2176,4940,21
197359942801,284,3354,118,8124,4941,21
197359953809,124,3684,173,15428,4942,21
197359965034,149,2697,135,7952,4943,21
197359976018,150,3597,73,4544,4944,21
197359987224,138,3283,381,35130,4945,21
197359998329,282,3182,119,3444,4946,21
197360009502,280,2817,147,12432,4947,21
197360020580,281,3290,52,2025,4948,21
197360031924,215,4086,164,14674,4949,21
197360042912,124,2959,54,2035,4950,21
197360053752,194,3524,51,2208,4951,21
197360064922,190,3238,101,7054,4952,21
197360075965,244,3450,50,1774,4953,21
197360087026,143,3108,74,4210,4954,21
197360098110,162,3397,355,35062,4955,21
197360109689,252,3775,72,3992,4956,21
197360120688,396,3196,165,14747,4957,21
197360131774,242,3664,53,2148,4958,21
197360142748,109,3826,182,17344,4959,21
197360154076,175,3553,79,4154,4960,21
197360165167,328,4119,323,32977,4961,21
197360176101,132,3570,68,3724,4962,21
197360187147,159,3198,58,1415,4963,21
197360198388,142,3009,479,32478,4964,21
197360209644,289,3348,71,3556,4965,21
197360220648,270,3447,43,1283,4966,21
197360232113,990,3711,357,35172,4967,21
197360243968,844,4388,65,2502,4968,21
197360254022,153,3200,336,33271,4969,21
197360265019,321,3009,114,7943,4970,21
197360276033,153,4098,53,1859,4971,21
197360287098,138,3350,189,14728,4972,21
197360298116,140,3701,55,2402,4973,21
197360309465,122,3237,51,1295,4974,21
197360320595,257,2745,385,34944,4975,21
197360331483,152,3045,213,17012,4976,21
197360342859,220,3427,104,7756,4977,21
197360353959,182,3233,48,2262,4978,21
197360364894,328,3535,58,1877,4979,21
197360375861,197,4004,160,13921,4980,21
197360387539,134,4135,138,11502,4981,21
197360398138,196,3153,189,17400,4982,21
197360409418,370,3198,197,14645,4983,21
197360420609,198,3824,44,1424,4984,21
197360431817,313,4237,429,33698,4985,21
197360442905,185,3578,122,9706,4986,21
197360454194,266,3317,171,15235,4987,21
197360465182,125,3477,107,7516,4988,21
197360476225,115,2690,136,11608,4989,21
197360487031,276,3162,70,2619,4990,21
197360498167,289,3160,48,2091,4991,21
197360509219,251,3446,61,2686,4992,21
197360520652,334,3326,45,1742,4993,21
197360531693,277,4497,166,14712,4994,21
197360542975,162,3680,50,2113,4995,21
197360553983,118,3515,90,2404,4996,21
197360564855,138,4533,122,7466,4997,21
197360575945,256,4084,48,1434,4998,21
197360587290,351,4668,403,33382,4999,21
197360598335,116,3967,97,7112,5000,21
197360609277,122,3285,216,21308,5001,21
197360620731,440,3997,172,14181,5002,21
197360631846,116,5415,210,11574,5003,21
197360642572,297,3852,175,17209,5004,21
197360654107,117,2766,52,1818,5005,21
197360665120,414,3985,412,11732,5006,21
197360676150,183,4165,127,11477,5007,21
197360687428,342,3311,202,16498,5008,21
197360698542,279,3716,63,2625,5009,21
197360709732,370,3506,169,15020,5010,21
197360720809,110,3036,99,7399,5011,21
197360731501,111,3883,57,1723,5012,21
197360742703,123,3486,50,2050,5013,21
197360753806,237,3651,163,14347,5014,21
197360765019,153,3154,103,7858,5015,21
197360776329,104,3154,158,14891,5016,21
197360786957,222,3248,48,1600,5017,21
197360798318,165,3073,392,33855,5018,21
197360809457,331,3634,187,3848,5019,21
197360820652,210,3108,57,2807,5020,21
197360831707,209,3950,52,1287,5021,21
197360842798,138,3218,363,35229,5022,21
197360853893,2182,3222,71,3738,5023,21
197360865051,270,3827,62,2424,5024,21
197360876332,214,3388,170,14415,5025,21
197360887396,118,3069,37,1106,5026,21
197360898468,108,2918,44,1239,5027,21
197360909594,373,3031,337,32966,5028,21
197360920530,150,3430,65,3703,5029,21
197360931782,259,4829,61,2114,5030,21
197360942827,1072,3233,55,1274,5031,21
197360954135,114,3474,320,32445,5032,21
197360965291,245,3128,43,1213,5033,21
197360976394,132,3581,415,35122,5034,21
197360987389,219,2966,38,984,5035,21
197360998118,265,3721,353,42633,5036,21
197361009212,213,3862,117,8330,5037,21
197361020810,243,4013,1038,21526,5038,21
197361031793,404,3883,161,14794,5039,21
197361042818,205,3219,46,1863,5040,21
197361053958,112,3600,56,2151,5041,21
197361065031,114,3263,870,7168,5042,21
197361076059,138,4420,51,1629,5043,21
197361087102,325,3257,165,14990,5044,21
197361098212,169,3346,101,7572,5045,21
197361109230,115,2686,51,1969,5046,21
197361120368,162,3788,230,13905,5047,21
197361131474,164,3013,76,1482,5048,21
197361142802,443,3534,366,35292,5049,21
197361153901,188,3719,71,3458,5050,21
197361165065,116,2969,242,24250,5051,21
197361176161,173,3118,59,2453,5052,21
197361187023,699,3438,190,16907,5053,21
197361198165,173,3017,85,5455,5054,21
197361209231,451,4053,352,32877,5055,21
197361220863,222,3664,119,9593,5056,21
197361231910,163,5021,55,2267,5057,21
197361242566,262,3979,59,2336,5058,21
197361254044,331,3334,165,13990,5059,21
197361265077,287,3823,56,1714,5060,21
197361275874,166,5003,348,35483,5061,21
197361286939,245,3259,182,16682,5062,21
197361298492,132,3106,64,2797,5063,21
197361309656,283,3237,99,7417,5064,21
197361320578,154,3193,44,1893,5065,21
197361331667,157,3449,168,15141,5066,21
197361342674,111,3918,52,2113,5067,21
197361353809,230,4474,132,8432,5068,21
197361364870,225,3029,47,1834,5069,21
197361376024,238,3796,182,14462,5070,21
197361387320,380,3241,55,2178,5071,21
197361398168,552,4435,131,8012,5072,21
197361409212,216,3759,168,14973,5073,21
197361420340,1266,4148,59,2497,5074,21
197361431407,242,4143,65,1390,5075,21
197361443040,327,3171,354,34908,5076,21
197361453608,118,4318,190,17113,5077,21
197361464744,217,3166,101,7698,5078,21
197361476274,174,3353,56,2052,5079,21
197361487360,130,2772,55,2338,5080,21
197361498477,172,3165,75,1928,5081,21
197361509400,184,3261,155,14236,5082,21
197361520251,216,3277,105,8125,5083,21
197361531826,362,3725,176,14854,5084,21
197361542987,375,3357,48,1525,5085,21
197361554145,292,3247,332,33610,5086,21
197361565150,236,3476,120,9386,5087,21
197361576294,173,2818,176,15129,5088,21
197361587179,113,3129,49,2061,5089,21
197361598210,139,3802,108,7566,5090,21
197361609193,286,3724,51,1609,5091,21
197361620789,257,4199,366,42252,5092,21
197361631436,116,3860,113,4258,5093,21
197361642534,343,3433,109,8446,5094,21
197361654094,373,3300,74,4265,5095,21
197361665077,172,3418,333,33188,5096,21
197361676140,122,5359,74,3728,5097,21
197361687225,404,3369,57,2163,5098,21
197361698455,321,3674,90,2676,5099,21
197361709557,267,4386,54,1805,5100,21
197361720684,178,3361,98,6968,5101,21
197361731834,320,3692,41,708,5102,21
197361742772,461,3219,333,31816,5103,21
197361753845,203,3377,174,15865,5104,21
197361764939,431,3132,112,8401,5105,21
197361775967,159,3931,78,4205,5106,21
197361787179,125,4727,365,33315,5107,21
197361798204,112,3256,94,3722,5108,21
197361809262,334,3168,102,7565,5109,21
197361820319,469,4189,55,2004,5110,21
197361831368,329,4169,161,14588,5111,21
197361842574,403,3639,103,1427,5112,21
197361853715,117,3564,389,35361,5113,21
197361864761,218,3162,68,3969,5114,21
197361876324,139,3431,166,14855,5115,21
197361886994,140,3330,108,7895,5116,21
197361898064,410,4599,55,1875,5117,21
197361909628,244,3277,157,14136,5118,21
197361920767,296,3545,341,32203,5119,21
197361931718,260,4142,80,3869,5120,21
197361942776,378,3764,122,8587,5121,21
197361953890,134,3410,171,15557,5122,21
197361965232,476,3252,110,7988,5123,21
197361976211,197,3489,83,4723,5124,21
197361987313,339,3502,342,35423,5125,21
197361998473,441,3802,186,16466,5126,21
197362009637,396,4010,76,2523,5127,21
197362020705,512,3818,111,7438,5128,21
197362031687,317,6316,434,11354,5129,21
197362042788,127,2708,233,21968,5130,21
197362053847,158,2626,60,1817,5131,21
197362064808,151,2613,96,7132,5132,21
197362075919,260,3080,105,5146,5133,21
197362087388,146,2813,336,32771,5134,21
197362098433,126,2723,149,9578,5135,21
197362109257,105,2662,54,2676,5136,21
197362148698,235,3689,55,1840,5137,21
197362164690,155,2722,218,12326,5138,21
197362175388,195,4465,79,1712,5139,21
197362186477,181,3869,317,16922,5140,21
197362197141,140,3999,59,2130,5141,21
197362208252,112,4028,258,15219,5142,21
197362219871,30,2761,77,2064,5142,22
197362230667,158,3228,114,7916,5143,22
197362241764,364,3328,58,2134,5144,22
197362252958,150,3241,166,14314,5145,22
197362264157,426,3671,103,7787,5146,22
197362275288,389,3884,67,1942,5147,22
197362286500,303,3433,172,14830,5148,22
197362297490,178,4435,57,2396,5149,22
197362308612,129,3963,49,1994,5150,22
197362319674,178,4333,101,7462,5151,22
197362330671,210,2988,79,5246,5152,22
197362342025,130,3662,336,35510,5153,22
197362353038,240,3003,68,3794,5154,22
197362364075,117,3482,53,2470,5155,22
197362375296,134,4391,58,2972,5156,22
197362386562,168,3395,81,4968,5157,22
197362397421,301,3037,370,37219,5158,22
197362408268,1042,2819,167,14971,5159,22
197362419730,269,3199,47,1470,5160,22
197362430870,317,3168,347,33997,5161,22
197362442074,212,3133,122,9933,5162,22
197362453087,171,3620,170,14985,5163,22
197362464227,180,3375,53,2343,5164,22
197362475299,436,4378,108,7738,5165,22
197362486363,159,3222,74,4637,5166,22
197362497592,343,3281,358,35726,5167,22
197362508480,234,4167,68,3920,5168,22
197362519604,170,3494,101,8262,5169,22
197362530554,195,3528,156,13910,5170,22
197362542024,178,4726,52,2232,5171,22
197362553385,432,3577,66,1758,5172,22
197362564320,214,3049,353,35156,5173,22
197362575414,132,3381,239,17419,5174,22
197362586032,132,2988,61,2515,5175,22
197362597450,166,2774,46,1298,5176,22
197362608383,365,3342,396,35415,5177,22
197362619398,280,3901,70,3791,5178,22
197362630577,130,3139,163,14809,5179,22
197362641977,228,3706,213,7758,5180,22
197362653207,181,5167,254,14927,5181,22
197362664075,228,3134,50,2137,5182,22
197362675121,227,3287,58,2448,5183,22
197362686226,185,3594,52,1311,5184,22
197362697387,125,3367,362,35234,5185,22
197362708284,110,2832,178,17128,5186,22
197362719888,154,2934,98,7873,5187,22
197362730517,182,3233,56,2294,5188,22
197362742024,254,3514,53,1892,5189,22
197362753068,278,3471,81,5170,5190,22
197362764089,358,3533,402,35527,5191,22
197362775265,152,4367,69,3814,5192,22
197362786326,415,3767,162,15162,5193,22
197362797481,284,3514,55,2319,5194,22
197362808225,316,3366,94,7001,5195,22
197362819790,114,4009,47,1913,5196,22
197362830849,123,3099,159,14879,5197,22
197362841967,248,3673,103,7849,5198,22
197362852881,209,3303,57,1889,5199,22
197362863867,152,3426,54,2124,5200,22
197362875341,246,3652,57,1807,5201,22
197362886488,189,3019,158,14625,5202,22
197362897133,269,3489,110,8066,5203,22
197362908679,316,3309,74,3919,5204,22
197362919718,125,4112,332,33288,5205,22
197362930510,123,3074,71,3718,5206,22
197362942102,302,4066,163,8067,5207,22
197362953056,334,3992,171,14632,5208,22
197362964549,162,3169,49,2090,5209,22
197362975159,173,4150,104,7648,5210,22
197362986622,190,3270,49,2052,5211,22
197362997670,336,3069,263,14347,5212,22
197363008666,292,3217,48,2032,5213,22
197363019765,160,4019,99,7887,5214,22
197363030806,1213,4150,86,4136,5215,22
197363041923,125,2944,313,33181,5216,22
197363053025,265,2907,41,1071,5217,22
197363064026,172,2969,360,36598,5218,22
197363075041,337,3021,181,16310,5219,22
197363086432,311,3241,59,2452,5220,22
197363097510,427,3041,47,1301,5221,22
197363108678,273,3406,353,35217,5222,22
197363119444,260,3438,71,3783,5223,22
197363130814,339,3173,166,14740,5224,22
197363142093,114,4279,102,7780,5225,22
197363153087,175,3921,171,15099,5226,22
197363164141,268,3526,50,2262,5227,22
197363175164,117,3216,59,2558,5228,22
197363186173,2145,3987,54,1514,5229,22
197363197218,264,3252,342,35290,5230,22
197363208698,124,3171,70,4520,5231,22
197363219801,246,2854,366,35501,5232,22
197363230951,112,3086,69,3971,5233,22
197363241945,352,3893,56,2167,5234,22
197363252953,124,3009,159,14569,5235,22
197363264042,117,2614,98,7737,5236,22
197363275354,120,4146,52,1854,5237,22
197363286448,252,3491,161,14897,5238,22
197363297463,179,3076,58,2406,5239,22
197363308492,405,3201,98,7317,5240,22
197363319724,127,3553,54,1832,5241,22
197363330593,207,3187,171,15164,5242,22
197363341711,119,3375,100,7731,5243,22
197363352882,202,3717,53,2087,5244,22
197363364225,122,3764,69,2372,5245,22
197363375355,275,3748,65,3095,5246,22
197363386048,224,3370,339,35706,5247,22
197363397339,172,3381,122,9614,5248,22
197363408400,408,4253,188,14102,5249,22
197363419438,175,3714,51,1962,5250,22
197363430556,1515,4449,331,32552,5251,22
197363441865,160,3413,55,1353,5252,22
197363452839,181,3138,320,32762,5253,22
197363464223,623,3883,95,3553,5254,22
197363475053,105,2966,103,7814,5255,22
197363487027,172,11416,58,2090,5256,22
197363509965,448,4806,440,41463,5257,22
197363521029,207,3913,202,9797,5258,22
197363532042,195,3330,166,15083,5259,22
197363543605,212,3120,55,2354,5260,22
197363554278,154,3841,52,1678,5261,22
197363565805,342,3848,355,35169,5262,22
197363576845,241,3182,186,17203,5263,22
197363587921,243,4244,60,2470,5264,22
197363599025,132,3105,114,7697,5265,22
197363610147,147,3483,60,2398,5266,22
197363621184,224,3284,69,3189,5267,22
197363632203,120,3396,349,35661,5268,22
197363643230,111,3037,123,9838,5269,22
197363654345,508,2944,60,2238,5270,22
197363665441,292,3315,144,12207,5271,22
197363676950,144,3339,52,2021,5272,22
197363687999,353,4539,54,1315,5273,22
197363699130,118,2947,339,35033,5274,22
197363710157,261,3326,183,17106,5275,22
197363721287,114,3550,106,7828,5276,22
197363732215,301,3466,57,2027,5277,22
197363743273,122,3141,64,2287,5278,22
197363754414,123,2922,184,14347,5279,22
197363765516,316,2987,101,7778,5280,22
197363776538,357,3017,170,15051,5281,22
197363787642,119,3244,44,1166,5282,22
197363799177,146,3288,314,31968,5283,22
197363810636,119,3046,69,3714,5284,22
197363821195,104,2899,104,7846,5285,22
197363832385,123,3297,167,15488,5286,22
197363843285,176,3009,101,7895,5287,22
197363854300,124,3508,49,2127,5288,22
197363865872,323,3428,56,1880,5289,22
197363877350,144,2650,91,5123,5290,22
197363887936,170,3216,371,35604,5291,22
197363899062,182,2656,136,9555,5292,22
197363910134,138,2750,161,14083,5293,22
197363921169,146,31517,86,2519,5294,22
197363964418,181,2671,144,9781,5295,22
197363975536,117,3010,62,1753,5296,22
197363986650,113,4568,70,2018,5297,22
197363997783,130,4051,79,2920,5298,22
197364008455,113,3822,521,35266,5299,22
197364019612,118,4293,166,9550,5300,22
197364030803,123,2778,160,14075,5301,22
197364042086,168,2743,62,2579,5302,22
197364052966,121,3490,55,1978,5303,22
197364064493,119,2624,100,7488,5304,22
197364075595,143,4651,49,1844,5305,22
197364086758,134,3670,169,14407,5306,22
197364097531,166,4237,131,7678,5307,22
197364108617,216,4178,107,4746,5308,22
197364119672,133,4206,357,35169,5309,22
197364130784,129,3204,197,16505,5310,22
197364141865,134,3743,107,8140,5311,22
197364153107,186,3769,164,15094,5312,22
197364164150,108,2948,47,2246,5313,22
197364175259,124,4460,94,2565,5314,22
197364186314,265,3459,54,1408,5315,22
197364197398,136,3115,377,32600,5316,22
197364208939,125,2935,68,3620,5317,22
197364220088,111,2701,99,8017,5318,22
197364230936,123,2769,55,1907,5319,22
197364242027,394,3218,49,1388,5320,22
197364253327,181,3464,373,42547,5321,22
197364264033,259,3172,121,10197,5322,22
197364275257,113,3233,59,2410,5323,22
197364286276,204,3092,246,15034,5324,22
197364298379,173,3516,43,1787,5325,22
197364308871,115,3460,354,36704,5326,22
197364320039,149,3540,66,3634,5327,22
197364331168,329,3530,168,15816,5328,22
197364342447,120,3568,48,2225,5329,22
197364353266,239,3104,94,7384,5330,22
197364364046,166,3100,216,21721,5331,22
197364375793,391,3926,161,14520,5332,22
197364386518,117,3523,48,1777,5333,22
197364397645,317,3948,292,17405,5334,22
197364408868,326,5822,178,14572,5335,22
197364419730,131,3784,172,11847,5336,22
197364430903,165,3081,70,1745,5337,22
197364441951,195,2851,381,37126,5338,22
197364453202,132,3425,186,17123,5339,22
197364464227,309,3494,135,8323,5340,22
197364475587,150,3642,52,2143,5341,22
197364486308,233,3672,57,2274,5342,22
197364497447,241,3835,173,14312,5343,22
197364508620,431,3454,221,21791,5344,22
197364519751,210,3916,102,8023,5345,22
197364530845,112,3084,48,1794,5346,22
197364541905,258,2953,138,11973,5347,22
197364553125,242,3907,63,1824,5348,22
197364564270,333,4035,122,6866,5349,22
197364575693,191,3973,131,11334,5350,22
197364586528,243,3542,376,24300,5351,22
197364597655,277,3469,107,8014,5352,22
197364608715,1162,3399,64,2315,5353,22
197364619958,153,2641,165,14546,5354,22
197364631030,152,3108,57,2037,5355,22
197364642079,134,2753,104,7633,5356,22
197364653075,134,2725,175,14834,5357,22
197364664621,176,2638,60,2207,5358,22
197364675157,173,2839,107,2396,5359,22
197364686702,165,2684,110,8105,5360,22
197364697697,136,2749,54,1769,5361,22
197364708634,124,2760,167,15210,5362,22
197364729968,194,2951,76,1366,5363,22
197364744650,186,3030,522,35391,5364,22
197364755785,142,4400,298,16378,5365,22
197364766979,157,3996,155,8170,5366,22
197364777594,142,3799,279,15135,5367,22
197364789205,128,4159,70,2153,5368,22
197364799871,160,3153,82,2395,5369,22
197364811141,371,3572,58,1815,5370,22
197364822352,208,3441,149,11980,5371,22
197364833442,160,3573,56,2085,5372,22
197364844498,242,4262,106,7779,5373,22
197364855542,125,3075,52,1850,5374,22
197364866711,129,3832,53,2136,5375,22
197364877669,272,3447,162,14373,5376,22
197364889180,299,3540,102,8019,5377,22
197364900336,126,4542,79,3948,5378,22
197364911431,126,3697,361,33241,5379,22
197364922526,115,3606,65,3671,5380,22
197364933590,445,4085,118,7525,5381,22
197364944647,148,3616,65,2578,5382,22
197364955658,128,3175,167,14499,5383,22
197364966883,120,3721,44,1378,5384,22
197364977975,124,3841,403,35293,5385,22
197364989195,156,3243,41,1041,5386,22
197365000286,377,6320,564,31452,5387,22
197365011031,501,3655,79,4159,5388,22
197365022608,159,3745,53,2123,5389,22
197365033710,335,3830,107,7734,5390,22
197365044913,126,3223,326,33606,5391,22
197365055895,146,2945,72,3596,5392,22
197365067030,293,3404,108,7524,5393,22
197365078095,147,3277,176,14878,5394,22
197365089129,205,3868,869,7630,5395,22
197365099957,120,3765,52,1801,5396,22
197365111056,120,3758,49,2069,5397,22
197365122148,689,3544,163,14430,5398,22
197365133216,170,2964,57,1917,5399,22
197365144719,148,3000,98,7431,5400,22
197365155773,263,2897,58,1844,5401,22
197365166832,144,3352,160,14480,5402,22
197365177868,269,3189,162,2367,5403,22
197365188998,328,3694,188,17185,5404,22
197365200170,206,3688,103,5245,5405,22
197365211154,153,4055,392,32720,5406,22
197365222181,130,3413,124,9486,5407,22
197365233407,121,2616,53,2490,5408,22
197365244504,189,3355,54,1563,5409,22
197365255559,1899,6539,667,32854,5410,22
197365267011,174,3341,101,7406,5411,22
197365278063,156,3145,252,23973,5412,22
197365289016,312,3417,58,2397,5413,22
197365300081,118,3037,59,2406,5414,22
197365311125,120,3647,44,1350,5415,22
197365322280,171,3334,537,35189,5416,22
197365333376,299,3409,175,17017,5417,22
197365344487,153,3883,52,2427,5418,22
197365355538,123,3124,115,8373,5419,22
197365366576,114,3988,47,1766,5420,22
197365378077,137,3116,158,14279,5421,22
197365389117,111,2869,220,17627,5422,22
197365400100,318,3425,60,1507,5423,22
197365411156,335,3608,350,33435,5424,22
197365422231,185,3826,57,2133,5425,22
197365433487,216,4291,116,6281,5426,22
197365444616,295,3626,316,31511,5427,22
197365455602,116,3310,185,17167,5428,22
197365466658,136,3272,138,8315,5429,22
197365477756,125,2762,52,2127,5430,22
197365488823,131,3450,55,2318,5431,22
197365500200,257,4264,76,1982,5432,22
197365511224,210,2895,160,14814,5433,22
197365522424,3159,3581,108,8196,5434,22
197365533642,312,4343,324,15139,5435,22
197365544603,217,3878,58,2387,5436,22
197365555631,144,3296,55,2690,5437,22
197365566697,303,4059,127,7584,5438,22
197365578136,208,3859,211,15488,5439,22
197365589132,111,3492,290,2372,5440,22
197365600326,320,5072,110,8280,5441,22
197365611263,135,4266,53,2071,5442,22
197365622160,152,3552,314,14880,5443,22
197365633487,152,3124,53,2235,5444,22
197365644573,114,3489,106,7989,5445,22
197365655640,430,3092,90,4022,5446,22
197365666699,339,3148,2137,2415,5447,22
197365677905,161,2998,331,31410,5448,22
197365688717,174,2762,124,9598,5449,22
197365700270,118,3531,181,15035,5450,22
197365711471,120,3291,55,2297,5451,22
197365722544,220,4815,102,6924,5452,22
197365733146,268,3091,322,31914,5453,22
197365744671,20,3405,71,3661,5453,23
197365755659,226,3012,158,14737,5454,23
197365766813,125,4020,104,7932,5455,23
197365777847,1320,3149,371,33744,5456,23
197365788993,454,3722,47,1545,5457,23
197365800128,335,4121,1093,34009,5458,23
197365810893,154,3005,2607,6179,5459,23
197365822121,107,2932,363,31846,5460,23
197365833655,252,2875,171,16386,5461,23
197365844626,116,3441,57,2424,5462,23
197365855840,297,3324,139,7759,5463,23
197365867067,259,3402,59,2343,5464,23
197365878117,173,3010,282,23709,5465,23
197365889133,319,3309,111,8675,5466,23
197365900110,155,3678,49,2241,5467,23
197365911244,322,4661,168,15056,5468,23
197365922195,253,3181,108,2609,5469,23
197365933237,153,4071,57,1820,5470,23
197365944576,313,3668,184,17175,5471,23
197365955743,161,3023,77,5260,5472,23
197365966631,122,3083,347,35467,5473,23
197365977787,406,3701,95,3744,5474,23
197365988787,112,3767,50,2402,5475,23
197366000332,116,3397,190,14411,5476,23
197366011469,1631,4177,53,2065,5477,23
197366022460,105,2753,138,6874,5478,23
197366033524,122,3199,350,43345,5479,23
197366044473,113,3851,79,5372,5480,23
197366055816,110,7835,101,2668,5481,23
197366066881,213,3546,347,6276,5482,23
197366077851,138,3407,344,43519,5483,23
197366089139,285,3089,44,1373,5484,23
197366100313,120,4475,362,35379,5485,23
197366111416,109,3070,68,3995,5486,23
197366122474,155,3340,161,14648,5487,23
197366133471,347,3534,104,7714,5488,23
197366144425,182,3909,53,1866,5489,23
197366155925,183,3111,173,14830,5490,23
197366166642,165,2986,75,1919,5491,23
197366180906,333,3029,62,2281,5492,23
197366188901,146,4036,122,8699,5493,23
197366199968,268,3928,55,1959,5494,23
197366211078,155,3154,166,15031,5495,23
197366222106,229,3226,191,17792,5496,23
197366233174,226,3243,54,2408,5497,23
197366244797,348,4297,169,14727,5498,23
197366255727,145,3237,58,2333,5499,23
197366266958,378,3611,109,8076,5500,23
197366277971,304,3636,48,1901,5501,23
197366288992,119,2644,144,12306,5502,23
197366300161,304,4006,53,1296,5503,23
197366311359,580,3386,342,34997,5504,23
197366322542,291,3826,77,3714,5505,23
197366333665,373,3805,172,15429,5506,23
197366344377,117,3900,97,6430,5507,23
197366355609,345,3221,310,31622,5508,23
197366366678,201,5059,72,4023,5509,23
197366377735,321,3535,159,14648,5510,23
197366389004,374,3674,113,7916,5511,23
197366400092,192,3816,293,1868,5512,23
197366411145,269,3398,92,6079,5513,23
197366422330,122,3046,398,34042,5514,23
197366433554,558,3277,78,3739,5515,23
197366444527,136,4213,112,8136,5516,23
197366455516,229,3275,183,14781,5517,23
197366466758,272,3867,110,7615,5518,23
197366477868,109,3288,73,4717,5519,23
197366489014,204,3411,370,35075,5520,23
197366500026,439,4086,177,16343,5521,23
197366511745,496,2985,58,2306,5522,23
197366522366,165,3120,98,7841,5523,23
197366533492,158,3825,158,14804,5524,23
197366544470,119,2890,50,1383,5525,23
197366555608,223,3188,312,31910,5526,23
197366566737,137,2707,194,9342,5527,23
197366577735,113,4201,167,15796,5528,23
197366588775,101,4019,103,8147,5529,23
197366599860,99,4422,44,1970,5530,23
197366611064,99,3899,48,2228,5531,23
197366622194,287,3760,53,1890,5532,23
197366633281,124,3486,54,2548,5533,23
197366644283,139,3852,86,5719,5534,23
197366655876,147,3195,333,33128,5535,23
197366666913,125,3859,84,3562,5536,23
197366678142,331,3915,145,2252,5537,23
197366689330,156,3371,113,7889,5538,23
197366699837,121,3120,50,1870,5539,23
197366711327,317,3041,75,4325,5540,23
197366722343,145,3345,340,35190,5541,23
197366733393,248,3574,72,3969,5542,23
197366744431,172,4176,49,2160,5543,23
197366755693,218,3048,158,14416,5544,23
197366766705,153,3578,101,7755,5545,23
197366778042,231,3170,82,4196,5546,23
197366788915,110,3496,325,33143,5547,23
197366800324,211,4088,60,3424,5548,23
197366811335,115,3075,190,17115,5549,23
197366822056,189,3361,90,5310,5550,23
197366833745,368,4295,417,32657,5551,23
197366844519,144,3683,163,9611,5552,23
197366855634,274,2983,48,2241,5553,23
197366866570,138,3000,44,1408,5554,23
197366878098,102,3187,356,25010,5555,23
197366889271,134,2877,49,2015,5556,23
197366900325,166,4446,501,35351,5557,23
197366911369,225,3227,239,16700,5558,23
197366922382,119,3366,67,2838,5559,23
197366933377,164,2647,117,7400,5560,23
197366944880,210,2614,92,2617,5561,23
197366955800,128,2656,282,15266,5562,23
197366966639,154,2664,59,1283,5563,23
197366977699,133,2713,369,38034,5564,23
197366989158,127,2632,69,3723,5565,23
197367000209,118,3141,163,14857,5566,23
197367058045,236,2724,54,2161,5567,23
197367072588,221,2825,109,7543,5568,23
197367083923,2314,5622,251,15281,5569,23
197367094762,133,4285,105,7971,5570,23
197367109165,193,3800,69,4456,5571,23
197367117000,101,4050,464,25554,5572,23
197367128152,115,3936,303,25246,5573,23
197367139278,272,3023,55,1694,5574,23
197367150126,139,3681,371,35342,5575,23
197367161143,312,3188,192,16683,5576,23
197367172196,332,3440,58,2819,5577,23
197367183755,381,4240,99,6879,5578,23
197367195032,334,3974,175,11800,5579,23
197367206032,448,5211,167,15197,5580,23
197367217057,117,3635,51,2168,5581,23
197367228033,348,3821,127,7553,5582,23
197367239235,194,3735,326,31567,5583,23
197367250265,276,4437,177,16347,5584,23
197367261461,220,3134,52,2258,5585,23
197367272555,168,4719,189,17867,5586,23
197367283541,230,3463,167,15238,5587,23
197367294696,210,3578,91,2713,5588,23
197367305853,203,3268,50,2162,5589,23
197367316836,120,2686,102,7764,5590,23
197367327928,236,3027,158,14574,5591,23
197367338922,933,3258,368,37522,5592,23
197367350301,167,3926,67,3663,5593,23
197367361197,115,3002,61,2606,5594,23
197367372332,186,4505,50,2028,5595,23
197367383402,193,3492,49,1713,5596,23
197367394800,146,4653,315,31627,5597,23
197367405596,141,3057,181,16685,5598,23
197367416949,130,4011,62,2673,5599,23
197367428158,120,3904,56,2723,5600,23
197367439326,203,3456,58,2107,5601,23
197367450132,130,3294,107,8362,5602,23
197367461179,392,3053,170,15587,5603,23
197367472398,463,2823,116,7700,5604,23
197367483584,170,3300,52,2216,5605,23
197367494781,297,4054,240,14825,5606,23
197367506298,287,4565,50,2142,5607,23
197367516763,268,3131,117,7872,5608,23
197367527821,108,4073,49,1940,5609,23
197367539026,120,3555,225,22194,5610,23
197367550141,125,5139,46,1399,5611,23
197367561096,110,3662,333,35058,5612,23
197367572582,112,3221,98,3707,5613,23
197367583609,202,3029,167,15446,5614,23
197367594869,219,3113,97,7492,5615,23
197367605896,188,3048,56,1975,5616,23
197367616901,153,2858,75,2357,5617,23
197367628039,379,3291,326,14436,5618,23
197367638873,138,3132,101,7862,5619,23
197367650171,414,4181,52,1779,5620,23
197367661198,249,3262,160,13974,5621,23
197367672662,206,3346,308,32182,5622,23
197367683393,267,4134,76,3721,5623,23
197367694397,660,3022,107,8518,5624,23
197367705982,247,4495,81,5163,5625,23
197367717090,385,3589,337,35638,5626,23
197367728163,400,3184,64,3773,5627,23
197367739228,210,4343,62,2438,5628,23
197367750249,170,3984,146,13375,5629,23
197367761248,234,3438,341,31642,5630,23
197367772520,119,2736,40,1523,5631,23
197367783557,204,4708,364,33098,5632,23
197367794347,434,3402,66,3651,5633,23
197367805872,250,3868,53,2077,5634,23
197367816892,322,3941,120,7294,5635,23
197367827928,148,3249,157,14599,5636,23
197367838951,265,3465,48,1532,5637,23
197367850011,189,4594,422,35468,5638,23
197367861482,132,3048,72,3998,5639,23
197367872466,108,2802,56,2209,5640,23
197367883505,366,3203,46,1516,5641,23
197367894509,110,3745,38,688,5642,23
197367905721,117,3133,400,43208,5643,23
197367917169,384,3314,67,3499,5644,23
197367928204,286,3907,55,2320,5645,23
197367939364,406,3748,187,16855,5646,23
197367950748,157,3508,167,15335,5647,23
197367961274,109,3260,51,2226,5648,23
197367972547,158,3026,45,1422,5649,23
197367983589,112,2701,400,35193,5650,23
197367994844,681,3506,66,3781,5651,23
197368005911,400,2940,158,14845,5652,23
197368016960,405,3070,99,7744,5653,23
197368028027,212,3672,242,24240,5654,23
197368039084,404,4296,60,2700,5655,23
197368050235,162,4283,56,2648,5656,23
197368061195,164,3110,106,7694,5657,23
197368072224,292,3398,46,1933,5658,23
197368083361,352,3563,156,14382,5659,23
197368094723,299,3552,47,1209,5660,23
197368105837,286,3599,206,19429,5661,23
197368116824,352,3711,223,22181,5662,23
197368127898,118,2752,161,14643,5663,23
197368138938,157,3239,156,7790,5664,23
197368150010,173,3489,47,1543,5665,23
197368161358,314,3981,161,14658,5666,23
197368172507,239,4636,56,2327,5667,23
197368183694,193,3306,107,7083,5668,23
197368194462,204,3878,58,2391,5669,23
197368205625,108,3125,166,15034,5670,23
197368216653,117,2618,99,7642,5671,23
197368228242,235,3479,54,1718,5672,23
197368239286,472,3401,47,1583,5673,23
197368250595,291,3836,40,910,5674,23
197368263255,344,3324,316,32462,5675,23
197368272772,240,3959,69,3731,5676,23
197368283766,284,2997,165,15337,5677,23
197368294862,197,3156,99,2878,5678,23
197368305899,214,3310,63,2191,5679,23
197368316977,613,3802,120,7804,5680,23
197368327903,273,3465,183,15574,5681,23
197368339043,225,3236,64,2257,5682,23
197368350308,137,5228,134,7951,5683,23
197368361452,297,3166,142,12180,5684,23
197368372466,2144,3091,168,15040,5685,23
197368383477,277,2739,53,2292,5686,23
197368394478,126,3622,101,7963,5687,23
197368405578,338,3119,170,14728,5688,23
197368416739,151,4160,274,21978,5689,23
197368427748,131,3292,59,2532,5690,23
197368439577,363,6507,133,8142,5691,23
197368450310,167,3252,200,15219,5692,23
197368461285,541,3181,75,1845,5693,23
197368472316,243,3331,129,7141,5694,23
197368483443,242,3510,376,32084,5695,23
197368494558,203,3518,66,3809,5696,23
197368505595,470,3097,168,15120,5697,23
197368516717,149,3154,110,8606,5698,23
197368527791,330,3044,229,15322,5699,23
197368538856,230,3414,59,2673,5700,23
197368549986,111,4612,80,1972,5701,23
197368561575,286,3332,191,17527,5702,23
197368572675,435,2856,72,2111,5703,23
197368583762,319,3036,174,15643,5704,23
197368594883,148,3642,142,8064,5705,23
197368605909,154,3145,54,2133,5706,23
197368616977,139,2898,64,2456,5707,23
197368627782,341,3698,169,14873,5708,23
197368639311,330,3090,103,8000,5709,23
197368650391,341,3999,70,1997,5710,23
197368661397,147,3461,170,15105,5711,23
197368672461,400,3630,63,2608,5712,23
197368683713,192,4538,63,1326,5713,23
197368694761,196,3041,343,32249,5714,23
197368706010,117,3048,71,3530,5715,23
197368717019,131,2919,105,7934,5716,23
197368728355,408,3784,58,1974,5717,23
197368738862,353,3464,51,2288,5718,23
197368750387,128,3407,146,12146,5719,23
197368761189,110,4042,314,31826,5720,23
197368772212,104,2839,247,9615,5721,23
197368783266,246,3598,219,13799,5722,23
197368794953,605,3414,315,31993,5723,23
197368805931,192,3123,70,3728,5724,23
197368817038,354,3801,125,6248,5725,23
197368827935,288,3764,366,43173,5726,23
197368839055,273,3531,79,5166,5727,23
197368850153,132,4361,113,8696,5728,23
197368861180,108,3114,88,2769,5729,23
197368872231,313,3325,169,15076,5730,23
197368883755,211,3534,98,7373,5731,23
197368894902,120,3626,397,31278,5732,23
197368905987,132,2970,191,16666,5733,23
197368917213,473,3718,61,2492,5734,23
197368928224,196,3364,61,2560,5735,23
197368939291,306,3408,104,7618,5736,23
197368950395,118,3648,75,1848,5737,23
197368961098,340,3700,170,15254,5738,23
197368972651,320,3105,182,17113,5739,23
197368983518,109,2975,53,2391,5740,23
197368994624,224,3530,165,14821,5741,23
197369005612,115,3212,50,2066,5742,23
197369016718,154,3110,102,7818,5743,23
197369027880,311,4133,55,2075,5744,23
197369038819,178,3282,187,14973,5745,23
197369050052,119,3586,50,1603,5746,23
197369061117,205,3108,342,34540,5747,23
197369072470,135,3380,80,4749,5748,23
197369083699,271,4045,575,31984,5749,23
197369094729,141,3835,124,9454,5750,23
197369105899,158,3265,51,2113,5751,23
197369116900,226,2933,52,2060,5752,23
197369128216,491,3369,459,23123,5753,23
197369139311,466,3786,52,1706,5754,23
197369150084,208,4533,365,34757,5755,23
197369161398,119,2706,197,16693,5756,23
197369172598,224,3638,60,2675,5757,23
197369183878,168,3259,144,6604,5758,23
197369194533,161,3257,248,20990,5759,23
197369205617,108,3068,165,15008,5760,23
197369216709,152,3595,58,2023,5761,23
197369227984,409,3022,108,8262,5762,23
197369238993,362,3296,49,1575,5763,23
197369250026,182,4308,168,14351,5764,23
197369261069,332,3359,50,1998,5765,23
197369272659,324,3387,109,7884,5766,23
197369283694,134,3099,160,14775,5767,23
197369294774,129,3582,53,2223,5768,23
197369305828,494,3473,161,1713,5769,23
197369316950,201,3232,104,7352,5770,23
197369327971,180,3117,164,15015,5771,23
197369339107,295,4562,128,7478,5772,23
197369350263,284,4270,107,4483,5773,23
197369361626,317,3336,335,34893,5774,23
197369372323,136,2826,135,3740,5775,23
197369383738,440,3036,316,14765,5776,23
197369394817,120,3790,101,7486,5777,23
197369405938,410,4423,245,23826,5778,23
197369417001,151,3454,53,1574,5779,23
197369428100,251,3380,370,33467,5780,23
197369439144,193,3149,117,9878,5781,23
197369450169,121,4017,62,2291,5782,23
197369461446,184,3201,201,14790,5783,23
197369472609,357,3418,102,7472,5784,23
197369483754,206,3523,77,4755,5785,23
197369494865,172,3083,342,35438,5786,23
197369505710,128,2631,68,3947,5787,23
197369516862,264,4441,115,8348,5788,23
197369527909,175,3324,167,13049,5789,23
197369538961,226,3548,322,31432,5790,23
197369550170,193,3896,71,4166,5791,23
197369561208,180,3850,57,2310,5792,23
197369572555,286,3926,60,2347,5793,23
197369583456,141,3318,47,1925,5794,23
197369594986,863,3991,106,7760,5795,23
197369605569,120,3030,53,1803,5796,23
197369616625,150,3404,59,2087,5797,23
197369627829,317,3961,184,14362,5798,23
197369639095,328,3291,112,8059,5799,23
197369650199,219,3656,49,1790,5800,23
197369661405,240,3219,173,15102,5801,23
197369672435,370,2795,68,2558,5802,23
197369683446,423,4369,111,6427,5803,23
197369694487,212,3562,86,4945,5804,23
197369705549,274,2811,351,32383,5805,23
197369716589,137,4171,76,3608,5806,23
197369728225,197,3899,105,8147,5807,23
197369739265,92,4007,47,2138,5808,23
197369750282,108,4433,149,13947,5809,23
197369761630,96,4512,97,7079,5810,23
197369772671,299,4397,364,31264,5811,23
197369783303,227,3968,172,16639,5812,23
197369794790,255,3736,54,1691,5813,23
197369805840,121,3213,319,31356,5814,23
197369816872,447,3748,149,9137,5815,23
197369828020,242,4047,208,5304,5816,23
197369839072,198,3457,1638,35216,5817,23
197369850226,156,4603,82,3773,5818,23
197369861256,195,3609,71,2483,5819,23
197369872294,180,2648,177,14438,5820,23
197369883353,165,2623,59,2102,5821,23
197369894440,175,2898,118,7741,5822,23
197369905495,141,2700,44,1805,5823,23
197369934289,318,2787,99,6725,5824,23
197369948887,323,4721,525,34697,5825,23
197369959986,138,4150,279,17272,5826,23
197369971100,122,4101,139,7857,5827,23
197369982348,118,3779,69,2379,5828,23
197369993577,163,4428,67,1976,5829,23
197370004636,557,3375,283,14450,5830,23
197370015258,230,3439,115,8036,5831,23
197370026392,362,3291,54,1896,5832,23
197370037918,180,4586,173,14996,5833,23
197370048756,1925,3714,63,2440,5834,23
197370059806,280,4725,138,7459,5835,23
197370070954,241,3598,47,1845,5836,23
197370082018,117,4074,171,15309,5837,23
197370093270,274,3480,49,2104,5838,23
197370104311,175,3465,101,7802,5839,23
197370115559,183,3266,55,2273,5840,23
197370126503,273,3035,159,14590,5841,23
197370137611,135,4724,54,1696,5842,23
197370148664,135,3157,348,35010,5843,23
197370159712,303,2861,244,16856,5844,23
197370171089,199,2830,51,2953,5845,23
197370182176,254,3670,71,2150,5846,23
197370193281,293,3688,110,8129,5847,23
197370204524,350,3389,80,5293,5848,23
197370215538,351,3261,474,35284,5849,23
197370226681,423,3582,91,3830,5850,23
197370237761,275,5417,69,2529,5851,23
197370248881,314,3372,161,14682,5852,23
197370260028,132,3619,56,2050,5853,23
197370271050,122,3310,47,1529,5854,23
197370282209,152,2812,404,32805,5855,23
197370293196,323,2855,72,3687,5856,23
197370304184,269,3191,59,2091,5857,23
197370315608,261,4041,226,7388,5858,23
197370326681,176,3593,168,14590,5859,23
197370337995,143,4330,55,2210,5860,23
197370348781,264,3334,103,7772,5861,23
197370359826,129,3175,58,2318,5862,23
197370370992,141,3114,49,1932,5863,23
197370381961,201,3182,192,14484,5864,23
197370392992,110,2800,99,7917,5865,23
197370404634,267,2728,173,14817,5866,23
197370415648,283,3044,48,1883,5867,23
197370426613,306,3544,148,11872,5868,23
197370438097,185,4180,57,1470,5869,23
197370448954,130,3359,329,34644,5870,23
197370459980,119,2810,232,17113,5871,23
197370471074,254,2992,99,7947,5872,23
197370482248,178,2819,50,2228,5873,23
197370493397,184,3002,48,1867,5874,23
197370504465,116,3462,155,14349,5875,23
197370515488,235,3294,100,7949,5876,23
197370526595,266,3835,47,1750,5877,23
197370537787,557,3885,251,23543,5878,23
197370548794,213,3550,48,1607,5879,23
197370559912,156,3474,347,34590,5880,23
197370571016,203,3062,55,3431,5881,23
197370581945,153,3934,267,24412,5882,23
197370593053,192,3121,95,6717,5883,23
197370604391,124,4169,312,31305,5884,23
197370615590,155,3780,86,4261,5885,23
197370626500,132,3045,193,15036,5886,23
197370637750,165,3818,353,1850,5887,23
197370648795,368,3270,329,34995,5888,23
197370659954,251,3391,188,16970,5889,23
197370671023,412,3388,71,2821,5890,23
197370682040,319,3355,61,2127,5891,23
197370693152,162,3332,110,8264,5892,23
197370704147,224,3806,148,12804,5893,23
197370715237,124,3312,279,18750,5894,23
197370726775,377,3181,225,22080,5895,23
197370737840,116,3709,56,2312,5896,23
197370748921,114,3511,152,13833,5897,23
197370760145,120,3764,334,31739,5898,23
197370771461,171,2887,109,8804,5899,23
197370782390,182,2996,156,14220,5900,23
197370793486,185,3658,222,22238,5901,23
197370804712,465,3141,157,13284,5902,23
197370815389,354,3395,111,8105,5903,23
197370826959,466,3458,179,15559,5904,23
197370838508,211,3472,55,1577,5905,23
197370848754,179,3359,348,35211,5906,23
197370859865,130,2714,77,4008,5907,23
197370871209,162,2642,53,2178,5908,23
197370882326,136,2663,66,2558,5909,23
197370893401,151,2739,60,1798,5910,23
197370904479,177,2722,225,14768,5911,23
197370915489,122,2631,44,2179,5912,23
197370926941,219,2727,84,2328,5913,23
197370937816,140,3059,100,7965,5914,23
197370948786,115,2688,51,1805,5915,23
197370991271,241,3793,78,4346,5916,23
197371006537,130,4826,364,35360,5917,23
197371019045,199,3372,132,9736,5918,23
197371029144,148,2738,71,4115,5919,23
197371040257,178,3855,78,3561,5920,23
197371053941,502,4143,312,31952,5921,23
197371062556,119,6307,170,9099,5922,23
197371073287,150,4026,50,2243,5923,23
197371084634,189,3165,168,14823,5924,23
197371095604,1309,3428,114,7651,5925,23
197371106697,124,4556,51,1962,5926,23
197371117813,369,2956,54,2292,5927,23
197371130784,208,3071,168,14478,5928,23
197371139916,170,3169,128,8042,5929,23
197371151356,259,2848,167,15122,5930,23
197371162395,227,3280,75,2162,5931,23
197371173418,105,3102,59,2439,5932,23
197371184457,236,3105,97,6328,5933,23
197371195500,418,3854,337,31479,5934,23
197371206576,215,3300,177,16872,5935,23
197371217709,193,3051,112,8242,5936,23
197371229072,273,3952,76,4679,5937,23
197371240199,293,3100,358,35268,5938,23
197371251246,383,3843,178,16484,5939,23
197371262243,257,4548,56,2424,5940,23
197371273466,113,3295,147,7849,5941,23
197371284511,167,3313,162,15172,5942,23
197371295572,162,3123,53,1500,5943,23
197371306735,126,3802,321,33752,5944,23
197371317657,109,2823,124,9377,5945,23
197371328712,180,2989,163,15153,5946,23
197371340259,347,3032,97,7725,5947,23
197371351064,165,3276,90,1931,5948,23
197371362144,210,4102,51,2249,5949,23
197371373303,368,3491,50,1874,5950,23
197371384334,153,3104,54,2539,5951,23
197371395513,178,3336,54,1874,5952,23
197371406568,145,4142,144,12326,5953,23
197371418062,394,3141,310,31997,5954,23
197371429944,1707,3916,83,4187,5955,23
197371440223,276,4320,109,8042,5956,23
197371451086,130,3611,168,15162,5957,23
197371462089,284,4515,48,2200,5958,23
197371473676,178,3031,101,7850,5959,23
197371484290,254,3632,46,1501,5960,23
197371495450,366,3496,362,42745,5961,23
197371506494,198,4258,52,1770,5962,23
197371518066,216,3176,331,35078,5963,23
197371529093,112,3711,64,3748,5964,23
197371540216,165,2930,165,15216,5965,23
197371551237,305,3729,56,2575,5966,23
197371562378,286,4206,97,7430,5967,23
197371573378,315,3256,81,5606,5968,23
197371584404,450,3287,351,32353,5969,23
197371595894,134,3531,169,9591,5970,23
197371606768,281,4217,54,2345,5971,23
197371617607,355,2911,57,2332,5972,23
197371629146,168,3390,237,23420,5973,23
197371640208,120,2937,51,1702,5974,23
197371651238,110,2755,54,2417,5975,23
197371662483,251,4054,303,31026,5976,23
197371673523,292,3245,70,3596,5977,23
197371684265,145,3104,49,1327,5978,23
197371695866,387,3697,333,34846,5979,23
197371706880,239,3169,189,17046,5980,23
197371717967,119,3153,60,2497,5981,23
197371729091,748,3193,46,1268,5982,23
197371740167,146,3053,354,35124,5983,23
197371751194,139,3193,172,16382,5984,23
197371762490,112,3497,53,2460,5985,23
197371773393,290,3359,105,7822,5986,23
197371784307,549,2879,159,15025,5987,23
197371795571,250,3732,55,2424,5988,23
197371806579,320,3708,49,1991,5989,23
197371817816,228,3037,104,7502,5990,23
197371828791,358,3709,166,15250,5991,23
197371840269,445,3072,100,6946,5992,23
197371851275,354,3020,353,31539,5993,23
197371862513,248,4191,71,3764,5994,23
197371873294,265,3254,56,2957,5995,23
197371884855,221,3634,362,35304,5996,23
197371895555,138,3667,116,9529,5997,23
197371906918,188,4798,155,14037,5998,23
197371917949,348,3108,107,1691,5999,23
197371928954,106,2895,536,33793,6000,23
197371940114,313,3109,126,10051,6001,23
197371951168,131,3564,168,15278,6002,23
197371962201,956,3555,56,2443,6003,23
197371973357,196,3501,98,7866,6004,23
197371984442,158,3254,76,4859,6005,23
197371995592,115,4696,356,35405,6006,23
197372006785,118,3803,69,3843,6007,23
197372017986,144,3135,107,8122,6008,23
197372028998,118,3306,151,13861,6009,23
197372040253,206,3383,51,1389,6010,23
197372051337,153,2882,48,1622,6011,23
197372062473,132,3542,368,33737,6012,23
197372073654,305,3232,72,4352,6013,23
197372084756,242,3214,103,2172,6014,23
197372095733,429,3884,92,6739,6015,23
197372107037,22,3567,35,769,6015,24
197372118006,360,2999,322,31846,6016,24
197372128921,123,3965,224,15649,6017,24
197372140297,291,3113,167,7646,6018,24
197372151376,317,3164,321,33411,6019,24
197372162347,477,4815,62,2874,6020,24
197372173371,294,3142,55,2707,6021,24
197372184315,156,3098,111,7927,6022,24
197372195433,452,4773,55,1776,6023,24
197372206570,135,5528,167,15254,6024,24
197372218041,191,3085,52,2138,6025,24
197372229118,316,3268,99,7968,6026,24
197372240238,140,3933,49,1517,6027,24
197372251321,195,3645,449,42962,6028,24
197372262414,114,3891,80,1732,6029,24
197372273562,111,2855,330,35334,6030,24
197372284586,162,3049,194,16764,6031,24
197372295817,331,3305,57,2673,6032,24
197372307039,267,3384,55,1606,6033,24
197372317860,190,3108,294,26576,6034,24
197372328881,280,3337,80,5267,6035,24
197372340005,188,3509,379,35483,6036,24
197372351134,143,2808,71,3843,6037,24
197372362081,215,3653,61,2508,6038,24
197372373667,173,4525,167,14661,6039,24
197372384261,120,4216,50,2002,6040,24
197372395764,120,3766,88,6135,6041,24
197372406993,149,3929,390,42199,6042,24
197372417680,93,4376,72,4699,6043,24
197372428920,309,3110,102,2591,6044,24
197372439889,251,3784,107,7259,6045,24
197372451495,256,3158,245,24440,6046,24
197372462346,153,3922,63,2822,6047,24
197372473539,306,3704,98,7128,6048,24
197372484688,157,3266,534,31631,6049,24
197372495572,284,3238,64,3645,6050,24
197372506919,215,4945,45,1697,6051,24
197372517854,104,3060,64,775,6052,24
197372528968,425,3109,361,43095,6053,24
197372540062,113,4105,79,5325,6054,24
197372551264,741,3126,83,3357,6055,24
197372562272,157,3559,66,2526,6056,24
197372573255,230,2944,57,2746,6057,24
197372584464,164,2840,375,35739,6058,24
197372595465,177,3040,116,9344,6059,24
197372606801,137,3883,75,4534,6060,24
197372617826,267,3224,418,35130,6061,24
197372629024,220,3886,178,16280,6062,24
197372640073,458,3814,110,8053,6063,24
197372651061,199,3074,46,2107,6064,24
197372662476,217,4655,180,14121,6065,24
197372673461,272,3432,331,31948,6066,24
197372684644,408,3578,135,9817,6067,24
197372695685,252,3341,58,2362,6068,24
197372706616,219,4247,169,15225,6069,24
197372717772,118,3250,47,2126,6070,24
197372728858,137,3361,189,17703,6071,24
197372740141,222,3727,54,2279,6072,24
197372751228,231,3670,160,14519,6073,24
197372762430,116,4400,53,1624,6074,24
197372773453,144,3569,342,35357,6075,24
197372784581,174,3691,95,5992,6076,24
197372795680,259,3481,347,33965,6077,24
197372806933,136,2917,71,3740,6078,24
197372818069,173,3512,417,7773,6079,24
197372829356,302,3145,80,5259,6080,24
197372839916,296,3787,392,35466,6081,24
197372850993,187,3125,66,3480,6082,24
197372862135,301,4014,244,12256,6083,24
197372873135,220,3716,158,14773,6084,24
197372885349,113,4085,52,2024,6085,24
197372895871,279,3647,44,1554,6086,24
197372906634,119,4441,348,35320,6087,24
197372918811,199,3894,158,14267,6088,24
197372928649,271,3584,69,2342,6089,24
197372940099,281,3213,100,8005,6090,24
197372951200,2038,3151,179,15030,6091,24
197372962192,165,3224,59,2320,6092,24
197372973224,137,3257,134,7882,6093,24
197372984442,607,3515,54,2159,6094,24
197372995629,121,4755,50,1823,6095,24
197373006703,171,3983,164,14565,6096,24
197373017680,109,3107,100,7964,6097,24
197373028833,120,2834,168,14952,6098,24
197373040190,170,3395,279,2164,6099,24
197373051232,184,3344,52,2399,6100,24
197373062380,126,3259,55,1910,6101,24
197373073525,218,2675,109,7187,6102,24
197373084365,138,2708,163,14394,6103,24
197373098548,21816,2794,470,37398,6104,24
197373134455,144,2710,126,6033,6105,24
197373145620,154,4355,66,2240,6106,24
197373156708,129,4249,273,15250,6107,24
197373167802,149,3692,74,2341,6108,24
197373178891,296,4274,234,2497,6109,24
197373190034,192,2782,159,8352,6110,24
197373201174,300,3140,271,15488,6111,24
197373212310,211,4497,53,2115,6112,24
197373223548,127,2678,101,7131,6113,24
197373234826,348,3084,729,22127,6114,24
197373245997,206,4262,255,25453,6115,24
197373256957,143,3054,64,3274,6116,24
197373268046,142,2953,105,8664,6117,24
197373279136,122,3332,54,2082,6118,24
197373290099,116,3657,163,15268,6119,24
197373301161,445,3251,51,1895,6120,24
197373312170,165,3235,345,37135,6121,24
197373323397,345,3351,819,5179,6122,24
197373334402,649,3038,434,32688,6123,24
197373345955,180,3654,242,9229,6124,24
197373357016,141,3885,138,12432,6125,24
197373367996,201,2980,58,3068,6126,24
197373379250,147,3110,338,35373,6127,24
197373390083,245,3590,44,1283,6128,24
197373401428,416,3074,64,2262,6129,24
197373412515,120,3665,318,31413,6130,24
197373423708,749,4953,81,3607,6131,24
197373434794,146,4460,98,6580,6132,24
197373445913,127,3853,293,13868,6133,24
197373457000,175,3850,48,1639,6134,24
197373468121,104,5586,1016,32503,6135,24
197373479098,132,3232,119,9727,6136,24
197373490600,178,4266,51,2211,6137,24
197373501304,777,3364,156,14031,6138,24
197373512420,118,3928,47,1961,6139,24
197373523921,116,3034,104,7676,6140,24
197373534484,167,3284,157,14878,6141,24
197373545534,299,3182,56,2410,6142,24
197373556564,117,3563,84,1354,6143,24
197373567813,262,3227,356,35031,6144,24
197373578800,108,3569,175,17099,6145,24
197373590389,550,3453,96,7307,6146,24
197373601273,278,3268,218,21388,6147,24
197373612380,264,3655,54,2107,6148,24
197373623409,194,3954,66,2909,6149,24
197373634735,124,3380,340,35333,6150,24
197373645769,191,4145,120,9443,6151,24
197373656777,118,4973,66,2225,6152,24
197373667800,121,3130,141,11923,6153,24
197373678974,131,3881,58,1905,6154,24
197373690489,696,3287,49,1265,6155,24
197373701023,351,3600,320,32421,6156,24
197373712245,757,4022,97,3549,6157,24
197373723399,254,3236,106,7925,6158,24
197373734785,202,2895,44,1466,6159,24
197373745812,243,3800,350,42380,6160,24
197373756515,163,3823,74,4354,6161,24
197373767960,404,3618,113,8413,6162,24
197373778999,337,3763,172,15223,6163,24
197373790176,126,2666,52,2333,6164,24
197373801297,139,2692,58,2643,6165,24
197373812409,120,3145,57,2202,6166,24
197373823425,134,2647,103,7501,6167,24
197373834535,138,2677,328,15455,6168,24
197373845609,216,2673,111,7976,6169,24
197373856581,106,2999,67,4463,6170,24
197373868094,154,2780,393,35160,6171,24
197373879135,118,2729,185,16354,6172,24
197373889997,113,2653,95,7999,6173,24
197373901341,119,2690,57,2045,6174,24
197373913903,22513,2908,291,14970,6175,24
197373950753,257,2753,147,7428,6176,24
197373961994,154,4853,265,14248,6177,24
197373973049,179,4058,552,36908,6178,24
197373984272,186,3945,87,3802,6179,24
197373995341,118,4032,247,14870,6180,24
197374006475,158,3235,97,2311,6181,24
197374017518,308,3562,114,8049,6182,24
197374028719,228,3833,50,1872,6183,24
197374039848,116,2933,145,12416,6184,24
197374050842,134,4214,49,2084,6185,24
197374062003,169,3822,101,7488,6186,24
197374073120,121,4022,50,1864,6187,24
197374084560,137,3485,169,15228,6188,24
197374095300,112,2937,101,7816,6189,24
197374106495,237,4163,51,1968,6190,24
197374117503,122,3362,53,2247,6191,24
197374128572,115,3111,157,14272,6192,24
197374139577,127,2870,267,27166,6193,24
197374150808,168,3315,164,15018,6194,24
197374162153,380,3657,52,1995,6195,24
197374173244,135,3634,60,2316,6196,24
197374183901,183,3943,76,1830,6197,24
197374195376,395,3381,54,1873,6198,24
197374206446,216,3748,49,1584,6199,24
197374217723,227,3256,103,7194,6200,24
197374228605,299,3305,391,31429,6201,24
197374239728,113,3765,135,3957,6202,24
197374250965,135,3221,160,15053,6203,24
197374261632,109,3226,58,2355,6204,24
197374273195,178,2991,96,7343,6205,24
197374284288,392,3206,734,43252,6206,24
197374295432,177,3180,76,5444,6207,24
197374306641,140,3766,55,2888,6208,24
197374317494,183,3018,92,6565,6209,24
197374328539,255,3986,369,43659,6210,24
197374339354,206,3880,44,1398,6211,24
197374350900,182,3344,349,37956,6212,24
197374362699,232,4070,69,3696,6213,24
197374372846,116,3228,163,15097,6214,24
197374384007,215,3413,46,2141,6215,24
197374395216,368,3281,103,7951,6216,24
197374406175,336,4616,58,2005,6217,24
197374417400,127,3267,162,14875,6218,24
197374428488,363,3310,60,1809,6219,24
197374439571,174,3359,379,36983,6220,24
197374450734,277,3694,196,17350,6221,24
197374461958,700,3879,65,2762,6222,24
197374473047,379,3490,111,8372,6223,24
197374484407,198,3249,69,4583,6224,24
197374495310,259,3347,390,35218,6225,24
197374506143,295,3918,178,16363,6226,24
197374517189,136,3534,51,1628,6227,24
197374528721,320,3876,345,32978,6228,24
197374539774,308,3170,47,1570,6229,24
197374550720,165,3680,316,33640,6230,24
197374561815,1198,3851,117,9080,6231,24
197374572828,378,3889,53,2316,6232,24
197374584257,324,3671,162,14443,6233,24
197374595428,441,3541,97,7276,6234,24
197374606003,179,4496,135,11606,6235,24
197374617667,131,3241,60,2371,6236,24
197374628265,182,2916,155,14310,6237,24
197374639836,369,3397,106,7954,6238,24
197374650941,461,3788,176,15114,6239,24
197374662135,199,4353,61,2253,6240,24
197374673128,278,4109,58,2547,6241,24
197374684255,337,4795,62,2019,6242,24
197374694886,148,3434,60,2863,6243,24
197374706400,126,3766,92,1900,6244,24
197374717369,127,3420,108,7812,6245,24
197374728425,283,2960,48,1886,6246,24
197374739487,129,2891,71,4458,6247,24
197374750647,155,2930,332,35375,6248,24
197374761833,323,3511,72,3788,6249,24
197374772913,166,3378,99,7996,6250,24
197374784139,179,3093,150,13414,6251,24
197374795052,327,3286,221,21840,6252,24
197374806121,303,3790,53,1811,6253,24
197374819211,251,3357,67,1338,6254,24
197374828490,220,3593,2132,32387,6255,24
197374839954,336,4454,47,1187,6256,24
197374851389,173,4080,76,4674,6257,24
197374861828,147,3416,155,12918,6258,24
197374872910,218,3654,231,21951,6259,24
197374883960,150,3128,60,2430,6260,24
197374895113,382,3056,49,1516,6261,24
197374906155,170,3772,160,14279,6262,24
197374917544,134,2863,47,1718,6263,24
197374928621,367,2958,237,1890,6264,24
197374939628,164,3173,107,7275,6265,24
197374950773,208,3456,156,14518,6266,24
197374961896,187,3193,49,1821,6267,24
197374973051,350,3141,99,7404,6268,24
197374984705,212,4632,56,1936,6269,24
197374995089,110,3146,152,14102,6270,24
197375006197,115,3973,49,1666,6271,24
197375017459,108,3426,352,35242,6272,24
197375028525,449,2922,66,3689,6273,24
197375039542,440,4042,246,15028,6274,24
197375050724,137,3253,55,2473,6275,24
197375061843,379,3126,137,7267,6276,24
197375072784,199,3261,85,5387,6277,24
197375084166,306,3666,641,32578,6278,24
197375095305,177,4010,115,9553,6279,24
197375106470,314,4436,56,2239,6280,24
197375117461,256,3307,46,2260,6281,24
197375128758,208,3272,324,13990,6282,24
197375139381,273,3891,49,1680,6283,24
197375150972,320,4688,341,32959,6284,24
197375161965,118,3276,128,3524,6285,24
197375172969,200,3690,50,2190,6286,24
197375184235,217,3872,98,6061,6287,24
197375195507,309,3093,316,31624,6288,24
197375206492,129,3407,172,16214,6289,24
197375217151,260,3191,54,2559,6290,24
197375228660,381,2921,109,8574,6291,24
197375239713,241,3669,53,1782,6292,24
197375250938,194,3365,150,13413,6293,24
197375261904,160,3363,42,1026,6294,24
197375273023,215,3330,437,37649,6295,24
197375284267,277,3187,210,16809,6296,24
197375295430,374,3028,62,2934,6297,24
197375306312,146,4072,72,2222,6298,24
197375317359,153,3085,102,7732,6299,24
197375328649,2109,3081,192,15237,6300,24
197375339688,185,3817,103,7344,6301,24
197375350715,277,3903,240,21566,6302,24
197375361772,167,3380,67,2315,6303,24
197375372954,720,3661,56,1797,6304,24
197375383988,3320,5119,170,14447,6305,24
197375395060,127,2912,103,7801,6306,24
197375406103,334,3518,346,14877,6307,24
197375417200,333,3057,57,1609,6308,24
197375428601,437,3106,351,33857,6309,24
197375439653,263,3617,157,9860,6310,24
197375450678,208,3503,66,2486,6311,24
197375461755,182,3094,165,14802,6312,24
197375472874,228,3587,101,7400,6313,24
197375483950,210,4161,86,4709,6314,24
197375495159,114,4228,379,35546,6315,24
197375506462,310,3992,74,3909,6316,24
197375517724,132,3098,107,8308,6317,24
197375528736,149,3467,155,13123,6318,24
197375539797,375,3657,43,1024,6319,24
197375550560,180,3764,358,31851,6320,24
197375562037,262,3661,76,3699,6321,24
197375572908,170,3319,64,2663,6322,24
197375583885,227,3917,63,2069,6323,24
197375595104,154,3952,97,7155,6324,24
197375606106,136,3428,46,701,6325,24
197375617183,233,3266,336,31509,6326,24
197375628294,209,4323,188,16127,6327,24
197375639494,280,4570,115,8298,6328,24
197375650866,138,4566,59,1954,6329,24
197375661913,214,4478,178,14981,6330,24
197375673095,979,3065,69,2577,6331,24
197375683864,325,3059,133,7450,6332,24
197375694922,180,3574,60,2810,6333,24
197375706645,348,3927,173,15421,6334,24
197375717533,294,3198,49,1368,6335,24
197375728526,255,3370,345,35306,6336,24
197375739627,323,3245,67,3969,6337,24
197375750769,209,3034,164,14706,6338,24
197375761700,104,2928,98,7833,6339,24
197375772880,200,4082,59,1954,6340,24
197375783941,232,3650,90,6149,6341,24
197375794991,201,4268,335,34062,6342,24
197375806480,124,4088,77,3810,6343,24
197375817465,146,3129,103,7828,6344,24
197375828311,140,2970,164,14833,6345,24
197375839894,559,2880,107,7633,6346,24
197375850983,206,3167,80,4729,6347,24
197375862096,360,5012,385,35428,6348,24
197375873104,209,2989,190,16488,6349,24
197375883952,156,4075,72,2458,6350,24
197375895337,192,3024,106,7906,6351,24
197375906302,180,4823,105,1745,6352,24
197375917509,144,2832,242,24107,6353,24
197375928556,129,3296,65,3098,6354,24
197375939705,162,2690,127,8170,6355,24
197375950816,166,4233,176,15339,6356,24
197375961909,219,4426,57,2373,6357,24
197375972695,123,3874,109,8057,6358,24
197375984241,94,4142,56,2296,6359,24
197375995517,206,3405,48,1999,6360,24
197376006558,133,3942,166,14782,6361,24
197376017708,183,3224,109,8355,6362,24
197376028739,119,3624,173,15418,6363,24
197376039802,215,2923,70,2545,6364,24
197376050818,149,3369,86,2831,6365,24
197376061920,264,4140,59,1327,6366,24
197376072956,307,3421,371,35101,6367,24
197376084160,261,4023,257,17130,6368,24
197376095191,213,4140,106,7838,6369,24
197376106429,199,4070,51,1404,6370,24
197376117461,231,3154,396,32033,6371,24
197376128620,228,4259,86,4878,6372,24
197376139632,158,3304,358,35325,6373,24
197376150893,185,3587,70,3774,6374,24
197376161898,163,3124,166,15079,6375,24
197376173104,169,3822,63,2754,6376,24
197376184250,146,3220,188,16709,6377,24
197376195040,129,3374,66,3107,6378,24
197376206091,426,3389,168,15044,6379,24
197376217654,247,3048,352,7735,6380,24
197376228902,138,3357,58,1802,6381,24
197376239489,1513,3020,170,4398,6382,24
197376250485,268,3816,354,35292,6383,24
197376262152,452,3949,209,4396,6384,24
197376273327,640,3113,192,2157,6385,24
197376283887,245,3664,89,6101,6386,24
197376295334,201,3440,363,33863,6387,24
197376306114,192,3628,73,3756,6388,24
197376317686,188,3088,107,7688,6389,24
197376328630,393,3659,168,14804,6390,24
197376339835,176,3350,52,2166,6391,24
197376350880,115,3317,114,8598,6392,24
197376361906,186,3847,50,1775,6393,24
197376372977,111,3436,170,14420,6394,24
197376384046,134,4077,51,2154,6395,24
197376395184,200,3532,434,7965,6396,24
197376406159,139,4544,75,4116,6397,24
197376417262,157,3438,600,33239,6398,24
197376428237,182,3391,65,3707,6399,24
197376439857,319,3282,103,7978,6400,24
197376450847,116,4141,160,14795,6401,24
197376462160,165,3997,50,2193,6402,24
197376472754,176,3738,49,1426,6403,24
197376484111,181,3658,1946,34937,6404,24
197376495060,209,3590,76,3735,6405,24
197376506269,124,3689,165,14854,6406,24
197376517482,241,3231,90,5803,6407,24
197376528426,131,3932,403,41534,6408,24
197376539700,366,3686,66,4202,6409,24
197376551000,121,3155,60,2835,6410,24
197376561622,111,2894,101,7716,6411,24
197376572880,167,3120,52,2194,6412,24
197376583861,149,3077,70,4386,6413,24
197376595409,1328,2806,360,34836,6414,24
197376606113,572,4219,77,3894,6415,24
197376617215,144,3267,60,2112,6416,24
197376628309,236,3142,165,14357,6417,24
197376639576,137,3116,100,7623,6418,24
197376650705,181,3074,76,4162,6419,24
197376661705,209,3461,560,32681,6420,24
197376672961,379,3562,115,3662,6421,24
197376683945,141,3401,50,2104,6422,24
197376695020,250,3761,54,1312,6423,24
197376706327,132,4318,355,32378,6424,24
197376717392,135,3347,121,9425,6425,24
197376728318,159,3456,48,2243,6426,24
197376739409,212,4068,146,2376,6427,24
197376751035,357,3143,171,13796,6428,24
197376762015,263,5234,59,1910,6429,24
197376773021,143,3491,106,7007,6430,24
197376784086,227,3360,371,43040,6431,24
197376795377,121,2901,83,5436,6432,24
197376805970,514,3705,65,2804,6433,24
197376817485,142,3139,106,7813,6434,24
197376828569,228,3280,173,15611,6435,24
197376839612,129,3254,56,2464,6436,24
197376850646,212,5227,109,8173,6437,24
197376861865,288,3013,106,2320,6438,24
197376872739,1079,3266,161,13832,6439,24
197376884213,166,3161,43,1310,6440,24
197376895300,196,4343,366,37495,6441,24
197376906505,128,4011,158,14172,6442,24
197376917500,121,3096,308,31738,6443,24
197376928728,214,3139,136,4206,6444,24
197376939557,426,3228,111,7821,6445,24
197376950670,138,3836,589,15472,6446,24
197376961690,162,3353,63,2332,6447,24
197376973194,2234,3897,56,1317,6448,24
197376984184,140,3525,347,35133,6449,24
197376995060,208,3438,70,3729,6450,24
197377006052,223,4915,171,14713,6451,24
197377017746,119,3470,54,1842,6452,24
197377028334,108,3091,336,33062,6453,24
197377039410,320,3718,68,3593,6454,24
197377050932,311,3236,970,2237,6455,24
197377061796,355,3163,114,7381,6456,24
197377073209,233,3717,53,1843,6457,24
197377084313,116,3051,70,4263,6458,24
197377095505,375,4417,547,35160,6459,24
197377106131,149,5586,73,3934,6460,24
197377117502,173,3781,135,2130,6461,24
197377128478,129,2882,168,14185,6462,24
197377139675,268,2988,193,17410,6463,24
197377150721,110,4575,71,4137,6464,24
197377161841,123,3443,336,32994,6465,24
197377173084,150,3931,75,3666,6466,24
197377184254,216,3533,53,2111,6467,24
197377195299,227,3111,57,1748,6468,24
197377206079,179,3689,44,1505,6469,24
197377217429,109,3120,321,6792,6470,24
197377228660,340,4264,728,31542,6471,24
197377239698,345,3700,51,1574,6472,24
197377250915,160,4396,419,42527,6473,24
197377261577,188,3382,70,4498,6474,24
197377273112,196,3563,120,8674,6475,24
197377284215,296,3540,508,15389,6476,24
197377295249,210,3728,64,2764,6477,24
197377307585,239,3564,72,1415,6478,24
197377317075,273,3540,366,34984,6479,24
197377328707,215,3194,189,16795,6480,24
197377339576,303,4136,189,12144,6481,24
197377350526,191,3971,101,7816,6482,24
197377362130,121,4272,77,4566,6483,24
197377373277,242,3722,593,35560,6484,24
197377383896,170,2977,79,3839,6485,24
197377395347,300,3305,213,8072,6486,24
197377406431,173,3692,164,13736,6487,24
197377417577,177,2987,144,11932,6488,24
197377428527,154,3287,73,1725,6489,24
197377439623,190,4146,412,34988,6490,24
197377450738,131,4279,233,17374,6491,24
197377461909,489,3621,66,2527,6492,24
197377472972,206,3013,101,7754,6493,24
197377484047,110,3061,51,2231,6494,24
197377495176,215,3358,206,13443,6495,24
197377506304,176,5320,318,31653,6496,24
197377517301,212,3857,198,9752,6497,24
197377528287,191,3087,74,2355,6498,24
197377539674,162,3096,146,12448,6499,24
197377550825,123,3201,50,2016,6500,24
197377561833,137,4108,105,7354,6501,24
197377572813,120,3797,52,1872,6502,24
197377583907,134,3535,169,15097,6503,24
197377595086,215,3765,107,7779,6504,24
197377606329,148,3564,57,1972,6505,24
197377617285,124,3239,52,2244,6506,24
197377628398,187,3437,164,14632,6507,24
197377639814,215,3673,125,8040,6508,24
197377650637,148,3848,168,15221,6509,24
197377661679,187,3100,50,1599,6510,24
197377672702,156,3067,324,33795,6511,24
197377684287,350,3472,83,3801,6512,24
197377695333,162,3656,128,8401,6513,24
197377706549,166,3488,170,14834,6514,24
197377717541,250,3177,107,7484,6515,24
197377728584,256,3060,78,4733,6516,24
197377739631,132,3564,364,35416,6517,24
197377750695,150,3547,180,16524,6518,24
197377761922,210,4935,64,2585,6519,24
197377773161,332,3721,49,1570,6520,24
197377783887,210,3265,374,33182,6521,24
197377794921,288,3800,43,1519,6522,24
197377806044,197,4015,395,33743,6523,24
197377817751,241,3331,112,9084,6524,24
197377828277,106,3276,164,14946,6525,24
197377839828,312,4721,102,7564,6526,24
197377850413,247,3406,47,1876,6527,24
197377861905,137,3185,51,2171,6528,24
197377873084,132,3356,47,1850,6529,24
197377884153,118,2825,79,2506,6530,24
197377895274,250,3237,49,1743,6531,24
197377906291,343,4916,164,14662,6532,24
197377917153,231,3331,48,1984,6533,24
197377928514,192,3257,56,2377,6534,24
197377939475,145,3664,115,7670,6535,24
197377950729,176,3097,168,15158,6536,24
197377961670,359,3113,55,1326,6537,24
197377972733,398,3157,363,35011,6538,24
197377983976,208,3282,77,3954,6539,24
197377995016,199,4399,196,14690,6540,24
197378006055,129,3708,56,2093,6541,24
197378017553,122,3087,189,17349,6542,24
197378028650,148,3386,69,4234,6543,24
197378039764,276,3554,321,32971,6544,24
197378050637,136,3806,104,3727,6545,24
197378061784,422,5574,63,2127,6546,24
197378072844,187,3975,73,1215,6547,24
197378083944,237,3145,378,31263,6548,24
197378095058,237,3609,50,1310,6549,24
197378106115,133,3927,346,34995,6550,24
197378117223,257,3719,75,3935,6551,24
197378128414,175,3264,57,2132,6552,24
197378139438,321,3358,86,2487,6553,24
197378151035,188,3223,167,14918,6554,24
197378161980,176,2837,71,2162,6555,24
197378173108,347,3712,107,2279,6556,24
197378184118,375,5613,123,8032,6557,24
197378195308,397,3456,54,1908,6558,24
197378206301,135,3541,172,15100,6559,24
197378217467,406,2918,55,1941,6560,24
197378228628,163,3288,200,17561,6561,24
197378239811,165,2664,59,2343,6562,24
197378250903,149,2638,167,14440,6563,24
197378261973,163,2820,59,2246,6564,24
197378273080,12055,3708,164,7944,6565,24
197378300222,180,3151,232,13185,6566,24
197378311402,163,4167,145,7233,6567,24
197378322507,131,4189,62,1962,6568,24
197378333803,130,4211,244,14861,6569,24
197378344953,245,4020,406,27026,6570,24
197378356037,171,2786,77,1896,6571,24
197378366782,255,3240,71,2052,6572,24
197378377893,580,3246,214,14307,6573,24
197378389225,238,3139,110,7806,6574,24
197378400291,257,3813,48,1598,6575,24
197378411494,128,3695,206,14725,6576,24
197378422494,236,3909,57,2439,6577,24
197378433679,378,3885,132,7971,6578,24
197378444811,261,4049,173,15044,6579,24
197378455806,179,4065,51,2019,6580,24
197378467009,169,3696,102,7866,6581,24
197378478120,307,3237,52,1624,6582,24
197378489282,280,3951,51,1887,6583,24
197378500362,114,3779,223,14508,6584,24
197378511441,184,3154,54,1927,6585,24
197378522435,176,3012,111,7555,6586,24
197378533462,166,2883,160,14905,6587,24
197378544581,216,2976,50,2230,6588,24
197378556002,205,3483,134,11686,6589,24
197378566959,194,3015,102,7646,6590,24
197378578046,305,3028,470,15418,6591,24
197378589012,183,4528,78,2090,6592,24
197378600102,191,3281,98,8019,6593,24
197378611178,125,3165,84,4537,6594,24
197378622461,177,3462,334,35578,6595,24
197378633634,251,3332,43,1363,6596,24
197378644685,266,4337,451,35251,6597,24
197378655793,138,3568,180,16564,6598,24
197378666813,129,3954,62,2471,6599,24
197378677997,204,3871,47,1180,6600,24
197378689086,176,3658,366,34947,6601,24
197378700122,240,3523,198,17162,6602,24
197378711260,291,2952,61,2544,6603,24
197378722505,108,2834,109,7679,6604,24
197378733622,156,2958,63,2433,6605,24
197378745003,240,3355,59,3402,6606,24
197378756000,276,3655,1481,35570,6607,24
197378767108,202,3152,148,9785,6608,24
197378777856,120,3499,174,14342,6609,24
197378789447,331,3606,61,2559,6610,24
197378800558,146,2835,46,1874,6611,24
197378811461,108,2643,99,7456,6612,24
197378822474,395,3994,190,1810,6613,24
197378833563,312,3116,163,14439,6614,24
197378844781,161,3567,106,7707,6615,24
197378855871,128,4453,48,1840,6616,24
197378867040,313,3430,54,2092,6617,24
197378878234,248,3313,322,23823,6618,24
197378889369,412,4676,113,8830,6619,24
197378899988,127,3739,58,2843,6620,24
197378911542,198,3071,360,36919,6621,24
197378923764,238,3402,75,3888,6622,24
197378933776,261,4468,60,1350,6623,24
197378944840,242,3558,301,32130,6624,24
197378955990,122,3519,81,3515,6625,24
197378966973,386,3034,104,7947,6626,24
197378978245,191,2926,47,1973,6627,24
197378989449,309,3213,55,2290,6628,24
197379000405,133,3609,148,13741,6629,24
197379011446,121,3302,52,1919,6630,24
197379022554,115,2748,177,7765,6631,24
197379033634,154,2639,205,14802,6632,24
197379044891,130,2659,53,2523,6633,24
197379055954,265,3171,59,1998,6634,24
197379067212,240,2732,56,1327,6635,24
197379078213,131,2819,345,32146,6636,24
197379089240,114,2674,67,3496,6637,24
197379100493,149,2700,117,7923,6638,24
197379119898,276,2938,64,1183,6639,24
197379134975,210,4191,605,42230,6640,24
197379145588,164,4176,65,1649,6641,24
197379156726,129,4097,660,32790,6642,24
197379167795,167,3988,95,3657,6643,24
197379181226,257,3095,72,2087,6644,24
197379190042,184,3176,268,8067,6645,24
197379201127,211,3437,236,14646,6646,24
197379212377,178,3980,75,2168,6647,24
197379223496,147,3459,109,7653,6648,24
197379234593,125,3104,56,2003,6649,24
197379245757,165,3036,59,1701,6650,24
197379256822,29,2854,62,1701,6650,25
197379267897,220,2949,71,2375,6651,25
197379278993,194,3336,178,14760,6652,25
197379290226,178,3087,63,2169,6653,25
197379301312,169,3264,136,2347,6654,25
197379312344,242,3518,66,1853,6655,25
197379323401,243,3275,110,7072,6656,25
197379334445,183,3338,185,15052,6657,25
197379345514,429,4265,120,7674,6658,25
197379356521,201,3592,56,1231,6659,25
197379368071,186,3451,331,31386,6660,25
197379378998,265,4011,92,5186,6661,25
197379389958,170,3273,393,35206,6662,25
197379401173,173,2891,56,831,6663,25
197379412172,358,4518,470,42790,6664,25
197379423238,243,3399,64,3122,6665,25
197379434556,168,3174,294,26733,6666,25
197379445773,380,3082,94,5749,6667,25
197379456808,172,4522,339,32578,6668,25
197379467824,216,3082,123,9516,6669,25
197379478886,235,4208,63,2253,6670,25
197379489891,209,3726,96,2210,6671,25
197379500994,291,4182,288,23291,6672,25
197379512507,227,3561,116,8431,6673,25
197379523612,277,3345,41,1031,6674,25
197379536724,1050,3545,461,34584,6675,25
197379545618,146,3013,161,13670,6676,25
197379556540,154,3242,89,2455,6677,25
197379567630,352,3011,106,7375,6678,25
197379579157,415,2919,180,15434,6679,25
197379590075,236,3530,57,2200,6680,25
197379601129,423,3203,102,7766,6681,25
197379612199,333,3932,61,756,6682,25
197379623413,229,3717,354,42827,6683,25
197379634502,490,4256,103,5326,6684,25
197379645640,368,3927,65,1509,6685,25
197379656743,236,4008,444,35333,6686,25
197379667907,168,3245,166,14121,6687,25
197379678932,147,2785,117,2341,6688,25
197379689980,324,2962,217,8105,6689,25
197379701177,250,3167,211,15056,6690,25
197379712224,327,3632,67,2292,6691,25
197379723389,339,3149,108,7830,6692,25
197379734499,188,4123,58,2169,6693,25
197379745772,285,4175,57,1842,6694,25
197379756822,231,3143,170,14594,6695,25
197379767796,151,2841,107,7150,6696,25
197379778823,238,3141,406,43105,6697,25
197379790327,121,3110,80,5263,6698,25
197379801529,390,3547,58,3093,6699,25
197379812551,125,3506,58,2465,6700,25
197379823136,231,3248,107,7814,6701,25
197379835132,363,3669,175,15649,6702,25
197379845773,341,3287,106,8085,6703,25
197379856854,212,3350,66,2343,6704,25
197379868100,202,3394,55,2112,6705,25
197379879315,352,3126,171,14949,6706,25
197379890303,239,3863,122,8282,6707,25
197379901367,201,4323,61,2115,6708,25
197379912519,209,3963,177,15396,6709,25
197379923724,190,3704,66,1578,6710,25
197379934925,285,2931,372,35032,6711,25
197379946357,267,3076,78,4419,6712,25
197379956909,375,3658,186,15786,6713,25
197379967870,369,3209,104,7161,6714,25
197379979181,201,3441,231,21336,6715,25
197379989988,359,4163,56,2284,6716,25
197380001048,254,3548,168,14262,6717,25
197380012354,151,3529,107,7468,6718,25
197380023448,138,3459,50,1519,6719,25
197380034430,1752,3251,117,6069,6720,25
197380045779,242,3422,325,33918,6721,25
197380056995,126,3010,74,3791,6722,25
197380068096,446,3602,102,7746,6723,25
197380078990,295,3387,1675,14779,6724,25
197380090186,254,3949,60,2154,6725,25
197380101466,290,4234,61,1254,6726,25
197380112401,134,3399,332,35126,6727,25
197380123581,179,2929,216,16318,6728,25
197380134726,288,4086,59,2504,6729,25
197380145849,105,3955,95,7828,6730,25
197380156893,116,4073,163,15171,6731,25
197380168143,119,4499,45,2067,6732,25
197380179662,112,2694,86,2360,6733,25
197380190238,231,3582,111,6834,6734,25
197380201240,270,3760,402,33722,6735,25
197380212255,119,3051,64,2908,6736,25
197380223363,362,3175,105,7253,6737,25
197380234337,160,3177,139,11904,6738,25
197380245504,405,3283,51,1848,6739,25
197380256954,233,3610,167,14204,6740,25
197380268059,364,4349,52,1847,6741,25
197380279074,146,3203,62,2022,6742,25
197380290447,302,3181,43,1136,6743,25
197380301458,145,3648,375,31857,6744,25
197380312505,132,4115,53,1333,6745,25
197380323590,374,3169,364,35051,6746,25
197380334814,121,4161,185,17095,6747,25
197380345842,156,3233,101,7880,6748,25
197380356665,293,3444,184,2329,6749,25
197380368044,444,3474,65,1927,6750,25
197380378899,981,3040,98,5240,6751,25
197380390278,323,3781,370,35348,6752,25
197380401102,304,3237,80,3826,6753,25
197380412133,368,4708,292,15214,6754,25
197380423218,282,3123,61,2173,6755,25
197380434400,172,3145,282,26507,6756,25
197380445566,292,3693,90,5436,6757,25
197380456666,137,2928,317,32387,6758,25
197380467717,336,2984,117,9517,6759,25
197380478899,217,4188,64,2288,6760,25
197380490000,138,3318,48,2010,6761,25
197380501116,335,3492,425,32566,6762,25
197380512212,260,4757,66,2357,6763,25
197380523364,280,3645,110,7857,6764,25
197380534647,281,3105,162,14909,6765,25
197380545616,221,3721,68,2331,6766,25
197380556562,137,3862,55,1829,6767,25
197380567763,130,3235,98,7139,6768,25
197380578755,141,3225,171,15133,6769,25
197380589860,136,3576,66,2033,6770,25
197380601264,382,3066,121,8399,6771,25
197380612139,203,5178,79,1632,6772,25
197380623397,200,3084,170,14502,6773,25
197380634683,190,3797,64,1989,6774,25
197380645604,208,3291,110,7860,6775,25
197380656937,2261,4542,172,14896,6776,25
197380668072,192,3373,51,2237,6777,25
197380679099,195,3513,66,2395,6778,25
197380690139,229,3400,112,7924,6779,25
197380701195,170,3150,181,14905,6780,25
197380712221,321,3877,310,32115,6781,25
197380723601,178,3031,122,1314,6782,25
197380734660,407,3605,352,35319,6783,25
197380745775,166,3071,40,807,6784,25
197380756886,175,3575,362,42634,6785,25
197380767716,135,3044,50,1930,6786,25
197380778903,185,3607,347,33131,6787,25
197380790057,147,4382,88,3579,6788,25
197380801044,290,3280,51,2227,6789,25
197380812084,175,3458,99,7372,6790,25
197380823247,182,3534,48,1839,6791,25
197380834586,183,5132,88,4293,6792,25
197380845667,163,3058,411,35249,6793,25
197380856734,154,3553,76,3734,6794,25
197380867912,335,3241,59,2404,6795,25
197380878900,117,3618,159,14408,6796,25
197380890018,145,2968,131,7610,6797,25
197380901260,253,3867,73,4119,6798,25
197380912413,121,4246,319,33098,6799,25
197380923495,105,3411,72,3673,6800,25
197380934349,162,3442,83,2120,6801,25
197380945847,255,2933,63,2570,6802,25
197380956904,138,3566,55,1726,6803,25
197380967864,193,3478,104,7473,6804,25
197380979161,122,3047,136,11710,6805,25
197380990066,310,3167,59,2494,6806,25
197381001100,310,3931,169,13897,6807,25
197381012161,393,4120,52,2008,6808,25
197381023230,128,2784,143,7925,6809,25
197381034769,164,2686,171,15007,6810,25
197381045668,136,2684,61,2490,6811,25
197381056635,342,2700,201,17125,6812,25
197381067694,139,2730,105,5332,6813,25
197381079210,176,2796,352,32712,6814,25
197381090259,161,2651,73,3643,6815,25
197381101099,131,2680,150,8167,6816,25
197381112103,203,3180,57,2049,6817,25
197381123382,128,2760,390,32880,6818,25
197381134466,125,2781,61,2295,6819,25
197381145487,142,2683,110,7798,6820,25
197381156598,320,2782,176,14829,6821,25
197381220638,188,2688,54,1694,6822,25
197381236350,247,2890,283,25488,6823,25
197381245935,154,4295,695,25330,6824,25
197381257517,142,4280,65,2996,6825,25
197381268126,180,4458,149,8019,6826,25
197381279246,136,6664,83,1987,6827,25
197381290440,178,2723,254,12223,6828,25
197381301512,174,3414,77,1847,6829,25
197381312619,331,4130,195,17036,6830,25
197381323651,194,3538,96,5262,6831,25
197381334699,227,3121,340,32798,6832,25
197381346065,142,3840,123,9580,6833,25
197381357040,271,2833,56,2369,6834,25
197381368101,354,3186,51,1900,6835,25
197381379515,150,3105,161,13975,6836,25
197381390614,309,3061,82,1778,6837,25
197381401619,240,3499,47,1343,6838,25
197381413048,28,3876,48,764,6838,26
197381423725,575,3108,414,31826,6839,26
197381435234,236,3875,175,8941,6840,26
197381446404,258,3665,69,2684,6841,26
197381457493,481,3970,166,14320,6842,26
197381468659,202,4567,328,31565,6843,26
197381479220,153,3436,122,9496,6844,26
197381490755,268,2988,63,2527,6845,26
197381501903,127,3439,164,14724,6846,26
197381512859,191,3885,103,7935,6847,26
197381523632,115,2966,55,1937,6848,26
197381534877,113,2818,217,14564,6849,26
197381545903,167,2946,50,1327,6850,26
197381557146,112,3199,340,33581,6851,26
197381568195,307,3539,166,9308,6852,26
197381579574,213,3191,166,14993,6853,26
197381590626,489,2869,101,7673,6854,26
197381601650,192,2910,50,2020,6855,26
197381612702,23,3499,51,1979,6855,27
197381623899,303,3175,52,1428,6856,27
197381634933,356,3304,364,42799,6857,27
197381646167,363,3079,99,7127,6858,27
197381657398,311,4084,349,43070,6859,27
197381668456,166,4129,84,4995,6860,27
197381679557,399,3328,69,3189,6861,27
197381690663,314,3475,198,8461,6862,27
197381701761,258,3242,169,15512,6863,27
197381712805,2083,3336,60,2584,6864,27
197381723739,238,3341,109,8376,6865,27
197381734955,141,3302,54,2372,6866,27
197381745895,259,3202,160,14785,6867,27
197381757146,110,3114,46,2256,6868,27
197381768029,154,3028,112,8178,6869,27
197381779184,114,3056,71,4112,6870,27
197381790722,111,3029,56,2567,6871,27
197381801741,231,2997,309,31558,6872,27
197381812672,149,3340,64,3527,6873,27
197381823732,134,3055,52,2214,6874,27
197381834760,381,3469,50,1838,6875,27
197381846251,244,3691,107,7647,6876,27
197381857474,249,4180,50,1962,6877,27
197381868478,179,4035,59,1723,6878,27
197381879416,386,3232,157,13910,6879,27
197381890627,221,3918,102,7844,6880,27
197381901772,269,3315,71,1770,6881,27
197381912967,358,3356,141,12248,6882,27
197381923970,187,3044,53,2043,6883,27
197381935036,367,3768,109,7504,6884,27
197381946142,272,3387,59,2484,6885,27
197381957199,197,3164,163,15240,6886,27
197381968231,206,4582,52,1382,6887,27
197381979265,111,2885,329,35346,6888,27
197381990458,121,2888,65,4000,6889,27
197382001484,356,2948,259,14776,6890,27
197382012502,200,3666,51,1670,6891,27
197382024229,189,3013,354,35356,6892,27
197382034915,121,4108,178,16786,6893,27
197382045973,163,3382,61,2834,6894,27
197382056943,115,2972,37,1099,6895,27
197382068124,309,4308,366,36849,6896,27
197382079380,356,3471,74,3610,6897,27
197382090383,379,3449,71,2682,6898,27
197382101422,169,3275,48,1925,6899,27
197382112703,254,3443,46,2125,6900,27
197382123656,126,3265,125,3078,6901,27
197382135032,117,2897,337,35529,6902,27
197382145847,300,2929,118,9611,6903,27
197382157384,218,2946,149,13520,6904,27
197382168435,120,3863,54,1968,6905,27
197382179160,166,3670,317,32666,6906,27
197382190709,334,3211,53,1308,6907,27
197382201780,172,3344,321,32572,6908,27
197382212922,186,3976,65,3503,6909,27
197382224024,403,3125,100,7948,6910,27
197382235035,156,3657,49,2113,6911,27
197382246133,137,3392,348,23326,6912,27
197382257168,188,3597,57,1805,6913,27
197382268156,427,3990,346,35393,6914,27
197382279199,217,2851,184,16736,6915,27
197382290313,264,3321,65,2581,6916,27
197382301845,251,3894,60,2420,6917,27
197382312914,137,3617,97,7141,6918,27
197382323957,180,4667,65,1753,6919,27
197382335037,253,3383,166,14869,6920,27
197382346152,168,3532,101,7338,6921,27
197382357325,114,3234,54,2329,6922,27
197382368360,287,4345,51,1981,6923,27
197382379365,177,3799,157,14414,6924,27
197382390530,191,3226,134,8084,6925,27
197382401549,142,2891,44,1789,6926,27
197382412599,154,3438,239,24169,6927,27
197382423725,434,2920,46,1438,6928,27
197382434895,290,3746,387,35104,6929,27
197382445918,456,3523,74,4370,6930,27
197382457097,206,3460,167,15718,6931,27
197382468123,352,3724,103,7640,6932,27
197382479188,226,3573,57,2018,6933,27
197382490229,313,3801,60,2425,6934,27
197382501774,207,3314,157,14634,6935,27
197382512810,177,3832,112,8069,6936,27
197382523878,169,3163,48,1961,6937,27
197382534886,206,4060,203,15136,6938,27
197382546046,259,3172,60,2468,6939,27
197382556926,245,3688,52,1991,6940,27
197382568277,270,3805,114,7540,6941,27
197382579563,446,3328,92,5132,6942,27
197382590713,233,2768,374,35538,6943,27
197382601776,170,3847,70,3831,6944,27
197382612883,102,3786,61,2448,6945,27
197382623708,127,4548,160,14578,6946,27
197382634740,137,4383,51,2037,6947,27
197382645844,117,2780,49,1594,6948,27
197382657038,188,3635,423,33077,6949,27
197382668732,166,4809,77,3689,6950,27
197382679290,124,2978,78,2090,6951,27
197382690765,270,3302,103,6638,6952,27
197382701776,179,2791,329,33516,6953,27
197382712912,132,3344,66,2589,6954,27
197382723897,182,3051,1687,7772,6955,27
197382735187,313,3146,43,1405,6956,27
197382746205,290,3062,309,31694,6957,27
197382757116,344,3273,89,5370,6958,27
197382768421,171,4671,1263,35450,6959,27
197382779330,934,3016,178,16741,6960,27
197382790392,194,3359,96,2591,6961,27
197382801408,355,3262,56,2456,6962,27
197382812566,156,5066,104,1909,6963,27
197382823810,127,3012,99,7286,6964,27
197382834888,1316,3173,291,14972,6965,27
197382846215,154,3706,101,7521,6966,27
197382857405,215,3996,142,12106,6967,27
197382868124,218,4449,59,2043,6968,27
197382879457,741,3364,166,14522,6969,27
197382890597,117,3750,112,8069,6970,27
197382901891,131,3900,48,1997,6971,27
197382912946,218,4068,144,12118,6972,27
197382923973,118,3019,130,11451,6973,27
197382935525,322,3475,192,16909,6974,27
197382946083,122,3081,47,2231,6975,27
197382957185,141,2926,157,14916,6976,27
197382968192,142,3566,77,2020,6977,27
197382979203,107,3503,101,7619,6978,27
197382990453,330,4164,51,1884,6979,27
197383001334,356,3671,1245,14405,6980,27
197383012880,211,3832,117,7737,6981,27
197383023923,219,3128,51,1731,6982,27
197383034938,120,3684,195,14891,6983,27
197383045978,111,3198,51,2340,6984,27
197383057300,666,3673,46,1857,6985,27
197383068526,176,4604,107,7459,6986,27
197383079056,139,3430,81,5142,6987,27
197383090759,127,3368,356,35324,6988,27
197383101479,138,3014,67,3811,6989,27
197383112570,121,3952,58,2465,6990,27
197383123779,238,3001,940,13366,6991,27
197383134947,404,3667,641,31634,6992,27
197383145990,204,3600,207,9190,6993,27
197383157245,255,3848,243,24317,6994,27
197383168241,171,3486,55,2963,6995,27
197383179361,327,3231,49,2136,6996,27
197383190448,384,3688,57,1287,6997,27
197383201786,227,4238,321,32658,6998,27
197383212706,182,3942,70,3538,6999,27
197383223952,364,3042,101,7921,7000,27
197383235528,274,3298,58,2227,7001,27
197383246155,146,3372,238,23327,7002,27
197383257322,375,3115,53,1642,7003,27
197383268446,124,3927,338,35463,7004,27
197383279412,107,3701,178,16678,7005,27
197383290519,123,4232,99,2527,7006,27
197383301502,587,3735,52,2374,7007,27
197383312857,115,3391,110,7128,7008,27
197383323823,111,3250,50,1852,7009,27
197383334891,1015,3274,163,14800,7010,27
197383345887,211,3599,108,7582,7011,27
197383357124,281,3086,56,2186,7012,27
197383368168,227,3684,72,1854,7013,27
197383379412,118,3955,161,14469,7014,27
197383390446,159,4695,136,7886,7015,27
197383401566,571,3907,48,1902,7016,27
197383412710,225,3338,162,14874,7017,27
197383423731,227,3083,59,2080,7018,27
197383435147,441,3223,110,7699,7019,27
197383446161,1586,3730,335,31985,7020,27
197383457150,113,2954,180,17204,7021,27
197383468410,148,4098,45,1403,7022,27
197383479590,226,3604,252,25478,7023,27
197383490621,191,3008,153,13564,7024,27
197383501613,306,3267,160,14846,7025,27
197383512667,182,3458,104,7017,7026,27
197383523740,410,3267,314,31703,7027,27
197383534971,325,3891,91,6181,7028,27
197383546153,170,3607,357,34134,7029,27
197383557207,124,3066,67,3513,7030,27
197383568252,346,3603,182,17456,7031,27
197383579215,172,3307,176,13765,7032,27
197383590684,144,3663,346,37320,7033,27
197383601840,219,3452,96,4858,7034,27
197383612888,2261,4020,362,35444,7035,27
197383623736,191,3041,180,16514,7036,27
197383634915,284,3440,56,2360,7037,27
197383646970,526,3572,103,7877,7038,27
197383657103,188,3089,1389,14973,7039,27
197383668265,181,4539,50,2065,7040,27
197383680093,204,3018,79,2394,7041,27
197383690647,204,2871,112,8574,7042,27
197383701570,1918,3105,246,15457,7043,27
197383712679,216,5169,455,2312,7044,27
197383723711,351,3243,106,8045,7045,27
197383734723,206,3225,58,2009,7046,27
197383745876,165,3847,66,1799,7047,27
197383756944,210,3308,173,14643,7048,27
197383768368,121,6278,57,2119,7049,27
197383779385,197,3803,64,2439,7050,27
197383790584,146,4049,48,2002,7051,27
197383801598,126,3609,52,2212,7052,27
197383812610,180,3316,96,6997,7053,27
197383823673,107,3044,47,2009,7054,27
197383835069,111,2944,71,4212,7055,27
197383845919,508,3125,468,35071,7056,27
197383856965,181,3869,71,3980,7057,27
197383868119,163,4440,49,2144,7058,27
197383879187,287,3405,363,14206,7059,27
197383890375,140,2944,187,17378,7060,27
197383901627,130,2890,72,4082,7061,27
197383918498,319,5196,344,32943,7062,27
197383935291,284,3475,135,9701,7063,27
197383946754,139,3050,67,2574,7064,27
197383957833,131,3016,165,14820,7065,27
197383969096,250,3697,114,7525,7066,27
197383979969,163,3126,54,1883,7067,27
197383991045,169,3346,76,1859,7068,27
197384002165,128,2981,367,42063,7069,27
197384013490,336,3749,83,3716,7070,27
197384024173,219,3039,197,17800,7071,27
197384035627,306,2981,177,15096,7072,27
197384046557,264,4413,68,2637,7073,27
197384057861,130,2694,53,1325,7074,27
197384068841,150,4057,334,34584,7075,27
197384079947,98,4078,179,17070,7076,27
197384090990,230,4120,53,2446,7077,27
197384102082,125,4073,176,8419,7078,27
197384113377,116,2994,109,1803,7079,27
197384124482,265,3036,159,14413,7080,27
197384135405,167,3275,59,2005,7081,27
197384146646,121,2930,96,7012,7082,27
197384157691,364,3447,404,34644,7083,27
197384168992,189,4038,61,3217,7084,27
197384179935,212,3083,150,11769,7085,27
197384191081,197,4057,189,16661,7086,27
197384202208,226,3938,296,15401,7087,27
197384213263,397,3257,98,7679,7088,27
197384224309,176,4080,52,1645,7089,27
197384235276,126,3678,59,1909,7090,27
197384246384,168,3316,43,1630,7091,27
197384257882,270,3352,82,5104,7092,27
197384269080,116,3211,376,35074,7093,27
197384279772,430,3031,177,16654,7094,27
197384291187,240,4215,56,2498,7095,27
197384302309,312,3903,60,2391,7096,27
197384313489,356,3270,109,6133,7097,27
197384324810,155,3987,361,31279,7098,27
197384335999,237,3230,72,4406,7099,27
197384346712,249,3377,365,34978,7100,27
197384357634,154,4544,71,3919,7101,27
197384368659,118,3484,68,2108,7102,27
197384379727,1127,3951,79,4758,7103,27
197384390893,1220,3290,77,4800,7104,27
197384402052,207,3302,313,31164,7105,27
197384413200,1102,3675,179,16373,7106,27
197384424564,141,3940,92,2196,7107,27
197384435165,173,3354,274,26163,7108,27
197384446513,301,3154,82,5642,7109,27
197384457573,370,3152,343,32594,7110,27
197384468767,206,3585,107,8473,7111,27
197384479985,166,3228,222,21435,7112,27
197384491291,120,4428,123,4489,7113,27
197384502299,212,3916,3248,35322,7114,27
197384513389,259,4861,68,3826,7115,27
197384524380,122,4203,111,8058,7116,27
197384535407,176,3855,163,13761,7117,27
197384546557,670,3842,56,2411,7118,27
197384557618,219,2897,93,6153,7119,27
197384568921,195,3907,1894,31424,7120,27
197384580080,99,3430,175,16168,7121,27
197384591128,174,4683,1333,2369,7122,27
197384602241,282,3595,156,8690,7123,27
197384613403,1394,3164,51,1999,7124,27
197384624368,388,3836,168,14609,7125,27
197384635478,192,3719,51,2133,7126,27
197384646561,250,3490,110,7948,7127,27
197384659645,129,5636,171,15285,7128,27
197384668966,124,3345,45,2208,7129,27
197384679904,118,3100,56,1706,7130,27
197384691082,212,3419,187,16747,7131,27
197384702176,131,3295,189,15474,7132,27
197384713188,140,3271,100,7884,7133,27
197384724269,177,3561,55,1963,7134,27
197384735300,175,3458,51,2220,7135,27
197384746874,174,3367,72,1937,7136,27
197384757861,287,3579,528,14620,7137,27
197384768812,114,4157,48,1720,7138,27
197384779856,163,3918,321,33049,7139,27
197384790901,268,3970,85,3571,7140,27
197384802142,122,4022,50,2241,7141,27
197384813052,234,3514,99,7373,7142,27
197384824104,107,3129,49,1930,7143,27
197384835618,157,3580,75,4313,7144,27
197384846681,169,3306,760,35136,7145,27
197384858160,137,3201,133,3620,7146,27
197384869037,184,5001,385,35211,7147,27
197384880013,310,3040,38,813,7148,27
197384890770,320,4733,367,37082,7149,27
197384902003,109,3463,70,4220,7150,27
197384913155,267,3645,363,32950,7151,27
197384924436,114,4149,40,1024,7152,27
197384935776,166,2779,310,31245,7153,27
197384946835,157,3346,43,962,7154,27
197384957867,126,2695,304,31212,7155,27
197384968726,228,2850,129,9451,7156,27
197384979854,170,2729,55,2120,7157,27
197384990949,126,2668,46,2189,7158,27
197385002015,179,47301,481,13955,7159,27
197385060915,196,2825,109,3823,7160,27
197385072098,173,4276,186,7250,7161,27
197385083240,146,4131,269,14888,7162,27
197385094355,114,4059,141,7796,7163,27
197385105508,109,4860,60,1885,7164,27
197385116696,150,2818,81,2175,7165,27
197385127377,156,3229,229,14247,7166,27
197385138859,407,3547,192,17809,7167,27
197385150023,206,3030,77,4128,7168,27
197385161122,290,3177,324,32963,7169,27
197385172117,115,3683,68,3540,7170,27
197385183192,131,3542,119,8290,7171,27
197385194466,408,3335,51,1739,7172,27
197385205441,423,4121,284,23959,7173,27
197385216497,127,3564,50,1406,7174,27
197385227571,134,3304,501,35216,7175,27
197385238869,207,3710,69,3969,7176,27
197385250171,180,3753,159,14748,7177,27
197385261157,832,4066,50,1772,7178,27
197385272691,175,3142,397,35264,7179,27
197385283274,156,3649,184,16869,7180,27
197385294479,163,3479,59,2822,7181,27
197385305511,138,3630,54,1492,7182,27
197385316496,128,3066,354,35014,7183,27
197385327545,132,2675,76,4542,7184,27
197385338852,454,3519,346,35208,7185,27
197385349958,131,3671,75,3765,7186,27
197385361019,128,3139,58,2355,7187,27
197385372053,108,3525,158,13534,7188,27
197385383077,630,3521,454,31582,7189,27
197385393999,140,4577,120,9290,7190,27
197385405831,160,3579,57,2253,7191,27
197385416798,249,3313,192,12268,7192,27
197385427388,216,3237,63,2126,7193,27
197385438502,314,3819,384,1375,7194,27
197385450109,118,3898,357,34664,7195,27
197385461153,152,2999,181,17035,7196,27
197385472248,329,3401,106,7809,7197,27
197385483368,124,3698,48,1477,7198,27
197385494673,360,3561,457,42651,7199,27
197385505313,162,3016,79,4720,7200,27
197385516712,150,4165,122,8547,7201,27
197385527519,527,3656,170,15316,7202,27
197385538619,114,3395,56,2484,7203,27
197385549955,178,3636,60,2752,7204,27
197385561030,132,3132,49,1978,7205,27
197385572195,115,3463,184,16875,7206,27
197385583265,112,3811,187,15407,7207,27
197385594439,392,3593,103,7573,7208,27
197385605411,136,4089,49,1906,7209,27
197385616658,153,3413,47,2183,7210,27
197385627700,566,3362,164,14432,7211,27
197385638562,123,2862,104,8027,7212,27
197385649591,145,3580,51,1805,7213,27
197385661165,152,3375,161,14526,7214,27
197385672231,123,3700,393,21802,7215,27
197385683617,213,3340,119,7435,7216,27
197385694012,184,3776,64,2597,7217,27
197385705254,161,3223,191,15152,7218,27
197385716345,116,4110,54,1983,7219,27
197385727704,138,3789,107,7651,7220,27
197385738885,117,2706,48,1916,7221,27
197385749991,125,4460,171,14440,7222,27
197385761095,245,3065,183,1875,7223,27
197385772075,351,3161,105,7773,7224,27
197385783296,253,3220,164,15026,7225,27
197385794437,1651,3402,50,1864,7226,27
197385805584,100,3834,38,1085,7227,27
197385816671,202,3638,400,35025,7228,27
197385827662,1079,3427,67,3686,7229,27
197385838755,334,3428,52,2299,7230,27
197385849995,146,3963,141,11613,7231,27
197385860920,121,3065,48,2150,7232,27
197385872069,240,4215,158,13269,7233,27
197385883041,308,3769,575,31633,7234,27
197385894162,158,3639,46,1490,7235,27
197385905288,143,3263,351,35236,7236,27
197385916326,625,3272,203,14066,7237,27
197385928085,117,4533,57,2285,7238,27
197385939313,402,3645,100,6938,7239,27
197385949715,251,5201,59,1656,7240,27
197385960760,137,3431,250,23921,7241,27
197385971786,124,2729,111,8122,7242,27
197385983339,192,2886,58,2472,7243,27
197385994451,222,3311,54,2148,7244,27
197386005169,128,3144,168,14665,7245,27
197386016541,337,3620,115,8167,7246,27
197386027540,134,3554,51,2103,7247,27
197386038574,130,3303,279,14816,7248,27
197386049651,126,3705,58,2732,7249,27
197386061154,201,3174,100,7565,7250,27
197386072146,860,3845,159,13650,7251,27
197386083211,120,3865,295,13218,7252,27
197386094136,118,4891,51,1626,7253,27
197386105271,114,3435,339,35246,7254,27
197386116353,114,3012,70,3956,7255,27
197386127500,107,3269,411,14752,7256,27
197386138496,111,3403,103,7706,7257,27
197386149830,105,3274,52,1734,7258,27
197386160969,167,3217,379,24055,7259,27
197386171924,363,3641,60,2984,7260,27
197386183313,384,3876,106,7678,7261,27
197386194289,149,3114,68,3421,7262,27
197386205299,165,2975,171,15417,7263,27
197386216299,239,2689,64,2274,7264,27
197386227363,160,2688,194,18053,7265,27
197386269965,225,2726,62,2401,7266,27
197386284093,134,2631,150,13667,7267,27
197386296179,251,3508,61,2390,7268,27
197386306830,290,3491,61,1950,7269,27
197386319285,172,4210,51,1235,7270,27
197386328573,120,3955,43,637,7271,27
197386339674,158,4109,363,35328,7272,27
197386351006,202,3490,78,3732,7273,27
197386362092,304,4030,683,2399,7274,27
197386373284,266,3457,82,2962,7275,27
197386384323,154,3128,347,35488,7276,27
197386395364,198,3846,125,9470,7277,27
197386406543,234,3846,66,2309,7278,27
197386417707,131,3152,142,11851,7279,27
197386428797,132,3805,59,1949,7280,27
197386439943,151,2870,48,1268,7281,27
197386450981,287,3012,339,32329,7282,27
197386462334,175,3646,72,3563,7283,27
197386473323,449,2900,104,7939,7284,27
197386484477,362,2902,51,2290,7285,27
197386495553,303,3089,53,1814,7286,27
197386506652,162,3127,78,5118,7287,27
197386517956,479,3813,351,35119,7288,27
197386528891,278,3545,154,13706,7289,27
197386540033,282,3942,460,31630,7290,27
197386551228,332,3402,52,1458,7291,27
197386562298,288,5318,49,842,7292,27
197386573225,256,3199,390,36657,7293,27
197386584366,385,3518,244,16760,7294,27
197386595456,120,3242,106,7957,7295,27
197386606452,154,3319,61,2347,7296,27
197386617621,179,3676,60,1918,7297,27
197386628945,146,3185,166,14541,7298,27
197386640033,222,3868,108,7884,7299,27
197386651086,123,2619,54,1864,7300,27
197386662135,168,3093,176,14829,7301,27
197386673188,166,2714,65,2613,7302,27
197386684186,174,14101,183,7609,7303,27
197386709787,200,2766,277,16097,7304,27
197386720921,166,3751,172,7883,7305,27
197386732052,133,3773,61,2265,7306,27
197386743282,117,4368,54,1156,7307,27
197386754281,108,4818,532,42943,7308,27
197386765454,227,3196,58,1665,7309,27
197386776499,180,3358,330,33225,7310,27
197386787814,282,4220,74,3559,7311,27
197386798850,431,3207,76,2231,7312,27
197386810149,567,3530,94,6636,7313,27
197386821296,167,3306,433,21381,7314,27
197386831879,274,2924,171,14564,7315,27
197386843444,167,3298,51,1933,7316,27
197386854544,194,3116,116,8158,7317,27
197386865545,394,3397,49,1724,7318,27
197386876626,306,3014,89,5303,7319,27
197386887617,220,3941,442,35416,7320,27
197386898709,168,3114,80,3836,7321,27
197386910011,145,3346,173,15191,7322,27
197386920916,125,3751,61,2405,7323,27
197386932071,671,3282,110,7497,7324,27
197386943460,170,4949,52,1786,7325,27
197386954533,112,3315,196,14956,7326,27
197386965610,105,3179,99,7566,7327,27
197386976834,115,3211,49,1809,7328,27
197386987815,119,2873,46,1750,7329,27
197386998855,162,2891,63,2770,7330,27
197387010049,114,3290,379,35462,7331,27
197387021058,137,3980,124,9515,7332,27
197387032376,192,3003,155,13989,7333,27
197387043066,141,3451,55,1694,7334,27
197387054243,151,3414,356,33877,7335,27
197387065530,743,3438,118,9433,7336,27
197387076596,331,3736,256,15058,7337,27
197387087858,165,3823,59,2322,7338,27
197387099044,144,2980,109,7853,7339,27
197387109890,584,3502,53,1776,7340,27
197387121583,821,3469,154,13357,7341,27
197387132297,114,2989,49,2046,7342,27
197387143447,191,3318,103,7906,7343,27
197387154517,219,3147,85,4059,7344,27
197387165628,193,3713,369,33291,7345,27
197387176800,302,3760,81,3708,7346,27
197387188008,171,3583,114,8414,7347,27
197387198537,151,3065,165,14760,7348,27
197387210107,174,3472,52,2143,7349,27
197387221152,119,3444,48,1405,7350,27
197387232338,233,3489,335,35401,7351,27
197387243144,127,3805,68,3812,7352,27
197387254327,117,3617,162,14869,7353,27
197387265445,110,3489,100,7926,7354,27
197387276461,520,3768,50,1894,7355,27
197387287413,114,3478,169,15012,7356,27
197387299025,211,5230,101,2576,7357,27
197387310112,179,2727,106,7630,7358,27
197387321071,223,2983,54,1828,7359,27
197387332164,127,2674,217,15299,7360,27
197387343160,172,3054,63,2151,7361,27
197387354536,173,2764,124,7797,7362,27
197387365437,157,2731,54,2223,7363,27
197387376395,122,2689,188,14735,7364,27
197387387485,163,2718,158,7951,7365,27
197387398825,198,9005,69,1913,7366,27
197387410107,15414,2862,135,6087,7367,27
197387440000,182,3145,883,35219,7368,27
197387450783,247,4173,95,3867,7369,27
197387461889,203,4288,252,15846,7370,27
197387473527,153,4297,136,7536,7371,27
197387484116,113,4194,61,2202,7372,27
197387495254,127,3056,100,3093,7373,27
197387506360,153,3509,360,35485,7374,27
197387517757,131,2953,129,9663,7375,27
197387528620,125,2764,50,2227,7376,27
197387539649,640,3841,91,5962,7377,27
197387550684,115,3462,329,34087,7378,27
197387562196,192,4607,124,9363,7379,27
197387573199,122,3268,48,2277,7380,27
197387584322,457,3032,165,14752,7381,27
197387595291,244,2714,129,7663,7382,27
197387606515,151,2723,46,2201,7383,27
197387617645,160,2829,52,1921,7384,27
197387628739,323,3406,162,14504,7385,27
197387639974,334,3161,153,8134,7386,27
197387650924,405,3873,845,14926,7387,27
197387661983,317,4314,54,2037,7388,27
197387673125,213,3302,56,2461,7389,27
197387684052,339,3449,60,1818,7390,27
197387695131,170,3119,178,17178,7391,27
197387706610,321,3617,167,15403,7392,27
197387717656,112,3785,202,2484,7393,27
197387728886,116,2753,131,1344,7394,27
197387739917,250,3693,342,35464,7395,27
197387750980,221,3864,150,13470,7396,27
197387762138,109,3531,302,31977,7397,27
197387773394,223,3125,140,9549,7398,27
197387784021,188,3166,205,15562,7399,27
197387795339,128,3152,47,2227,7400,27
197387806483,3020,3789,192,18312,7401,27
197387817730,626,3858,37,1036,7402,27
197387828872,149,4523,384,43796,7403,27
197387839674,272,2953,47,1416,7404,27
197387850822,234,3458,688,35502,7405,27
197387861903,264,3567,40,1045,7406,27
197387872964,223,3192,344,31619,7407,27
197387884137,191,3910,80,4985,7408,27
197387895416,382,4134,345,35435,7409,27
197387906512,194,3819,184,16668,7410,27
197387917541,135,3166,55,2529,7411,27
197387928607,117,3330,104,2393,7412,27
197387940060,165,2997,111,7939,7413,27
197387951606,306,3645,81,5354,7414,27
197387962123,140,4509,343,32572,7415,27
197387973250,1461,3863,97,6856,7416,27
197387984416,709,4262,375,31857,7417,27
197387995528,120,3847,166,15532,7418,27
197388006544,114,2993,51,2285,7419,27
197388017630,156,3557,103,7896,7420,27
197388028664,160,3195,48,1809,7421,27
197388039929,113,3472,163,14660,7422,27
197388051117,299,4203,58,2467,7423,27
197388062235,115,4366,102,7390,7424,27
197388073345,291,3033,59,1965,7425,27
197388084043,116,3503,167,15363,7426,27
197388095565,217,3258,121,7881,7427,27
197388106542,128,3036,52,2170,7428,27
197388117704,213,3029,329,1915,7429,27
197388128774,113,3059,161,14671,7430,27
197388139919,118,3246,133,7971,7431,27
197388151056,192,3194,161,15122,7432,27
197388162061,186,3432,49,1523,7433,27
197388172938,146,3418,308,32256,7434,27
197388184482,158,3866,377,3803,7435,27
197388195351,766,2997,102,7627,7436,27
197388206449,116,2796,257,25015,7437,27
197388217494,132,3348,1076,2987,7438,27
197388228517,278,3008,110,8343,7439,27
197388239667,399,2962,51,2323,7440,27
197388250868,107,3662,286,13971,7441,27
197388261810,179,3450,330,31956,7442,27
197388272920,215,3382,97,7123,7443,27
197388284430,209,3351,412,43621,7444,27
197388295598,123,3019,40,1508,7445,27
197388306698,147,2987,173,16383,7446,27
197388317749,317,3265,223,22567,7447,27
197388328803,107,3173,166,15384,7448,27
197388339728,438,3625,91,6691,7449,27
197388351078,275,3868,343,31827,7450,27
197388362227,261,3744,71,4085,7451,27
197388373059,111,3788,122,2299,7452,27
197388384300,181,3245,83,5333,7453,27
197388395395,223,3442,359,35687,7454,27
197388406645,212,3572,181,16570,7455,27
197388418105,366,4728,188,12488,7456,27
197388428730,251,3314,80,1321,7457,27
197388439916,143,3486,349,35278,7458,27
197388451058,140,3427,89,3800,7459,27
197388462069,159,3988,172,15652,7460,27
197388473218,119,3206,100,7724,7461,27
197388484266,104,3054,59,2484,7462,27
197388495477,315,2872,153,13780,7463,27
197388506485,133,3410,311,32206,7464,27
197388517590,497,4349,398,9741,7465,27
197388528548,230,3170,53,2263,7466,27
197388539614,327,3986,209,14981,7467,27
197388551212,281,3141,55,2604,7468,27
197388562305,172,3825,49,1467,7469,27
197388573476,292,3064,533,35275,7470,27
197388584409,127,3413,190,17152,7471,27
197388595579,143,3574,104,7991,7472,27
197388606648,278,4164,52,1295,7473,27
197388617610,142,3593,2013,2758,7474,27
197388628734,154,3238,343,35596,7475,27
197388640021,240,3156,136,9571,7476,27
197388651160,2139,2952,220,14067,7477,27
197388662237,127,4314,808,1607,7478,27
197388673059,125,3533,340,34066,7479,27
197388684296,155,3086,118,3872,7480,27
197388695456,263,3068,242,8995,7481,27
197388706443,122,3719,1891,14893,7482,27
197388717525,122,2889,47,2168,7483,27
197388728609,339,3115,48,1419,7484,27
197388739642,179,3461,417,35328,7485,27
197388751262,350,6785,402,16410,7486,27
197388762301,176,3306,47,1705,7487,27
197388773303,153,2972,43,745,7488,27
197388784290,149,3039,356,33231,7489,27
197388795576,122,3177,66,3626,7490,27
197388807434,2824,3317,118,8398,7491,27
197388818445,224,4432,707,1831,7492,27
197388828554,163,3652,169,14964,7493,27
197388839755,239,3305,42,1412,7494,27
197388850853,156,3071,401,35326,7495,27
197388861887,235,3486,36,1050,7496,27
197388872932,127,3503,308,31490,7497,27
197388884179,141,3454,70,4179,7498,27
197388895229,242,3083,47,2147,7499,27
197388906225,184,3462,163,14882,7500,27
197388917342,122,3073,50,2203,7501,27
197388928594,272,2939,58,2305,7502,27
197388939765,206,3851,108,7561,7503,27
197388950856,251,3086,211,14956,7504,27
197388961882,111,3757,48,2207,7505,27
197388972920,208,2868,104,7852,7506,27
197388984003,381,2885,80,2286,7507,27
197388995632,198,3577,190,14405,7508,27
197389006648,345,3129,54,2112,7509,27
197389017754,262,3931,102,7888,7510,27
197389028914,159,3212,50,1900,7511,27
197389039952,114,3258,163,14780,7512,27
197389050992,249,3388,57,2618,7513,27
197389062087,132,3560,98,7421,7514,27
197389073093,109,2887,82,5353,7515,27
197389084331,382,3471,344,32424,7516,27
197389095180,336,2975,120,9504,7517,27
197389106255,189,3982,55,2516,7518,27
197389117808,353,4500,48,1419,7519,27
197389128998,151,3492,398,42032,7520,27
197389139858,197,4060,71,4175,7521,27
197389150907,122,4093,84,2989,7522,27
197389162098,185,3357,47,2273,7523,27
197389173475,378,2874,64,2416,7524,27
197389184383,311,3230,58,1395,7525,27
197389195453,306,3664,348,35085,7526,27
197389206529,133,3720,182,17040,7527,27
197389217600,150,3275,184,2468,7528,27
197389228560,250,3136,112,8375,7529,27
197389239651,131,2656,50,1910,7530,27
197389251149,141,2710,205,13549,7531,27
197389262212,152,3046,39,1047,7532,27
197389273262,113,2827,349,37584,7533,27
197389298900,278,2892,101,4182,7534,27
197389313532,246,4185,57,737,7535,27
197389324662,130,4425,530,35108,7536,27
197389335781,124,4402,288,17216,7537,27
197389346852,120,4410,139,7796,7538,27
197389358035,108,3829,60,2218,7539,27
197389369255,161,3368,74,1836,7540,27
197389380371,276,4074,231,14122,7541,27
197389391434,328,3413,278,17913,7542,27
197389402434,419,5309,170,15132,7543,27
197389413484,223,3249,57,2396,7544,27
197389424693,123,5767,57,2478,7545,27
197389435754,160,3470,62,2049,7546,27
197389446868,153,3821,114,8243,7547,27
197389458021,132,3381,173,15380,7548,27
197389469100,110,3162,101,7784,7549,27
197389480310,631,3641,51,1786,7550,27
197389491426,327,3210,53,2113,7551,27
197389502484,368,4082,343,42195,7552,27
197389513427,293,3338,118,10150,7553,27
197389524405,238,3682,54,2469,7554,27
197389535561,151,3235,171,14987,7555,27
197389546598,221,3207,127,2712,7556,27
197389558156,118,3288,145,7637,7557,27
197389569155,218,3834,47,2161,7558,27
197389580577,216,4813,165,15577,7559,27
197389591203,150,3317,49,1362,7560,27
197389602583,120,3196,335,35311,7561,27
197389613650,120,3584,70,3938,7562,27
197389624596,159,3278,48,2132,7563,27
197389635721,243,2919,76,4781,7564,27
197389646887,274,3158,362,35332,7565,27
197389658398,305,3266,178,16692,7566,27
197389669286,263,3948,59,2762,7567,27
197389679938,125,3118,51,1398,7568,27
197389691445,200,3298,337,35015,7569,27
197389702563,117,3309,175,17092,7570,27
197389713623,122,3060,105,7701,7571,27
197389724705,129,3596,55,1609,7572,27
197389736247,113,3235,50,1464,7573,27
197389746915,265,2850,62,2679,7574,27
197389757888,354,2844,79,5013,7575,27
197389768914,144,3462,350,37120,7576,27
197389780046,204,2962,68,3716,7577,27
197389791101,268,3367,122,10485,7578,27
197389802334,290,3253,301,32461,7579,27
197389813498,400,3741,112,9155,7580,27
197389824523,128,4385,54,2288,7581,27
197389835971,148,3009,176,14465,7582,27
197389846785,319,4232,103,7582,7583,27
197389857771,244,3072,49,1905,7584,27
197389869074,263,3151,434,33277,7585,27
197389880157,158,3013,59,2292,7586,27
197389891553,423,2988,101,7697,7587,27
197389902565,414,3282,153,14358,7588,27
197389913544,178,3096,48,2108,7589,27
197389924625,128,4514,56,2366,7590,27
197389935704,372,3090,57,1891,7591,27
197389946764,241,4249,61,2668,7592,27
197389958073,288,3251,53,1822,7593,27
197389969312,372,5550,62,1257,7594,27
197389980385,271,4830,588,35271,7595,27
197389991401,353,3564,56,1004,7596,27
197390002431,257,3600,414,42722,7597,27
197390013584,131,3455,117,9052,7598,27
197390024511,310,4050,55,1994,7599,27
197390035536,141,3527,262,24216,7600,27
197390046659,265,3706,62,2974,7601,27
197390057789,108,2911,101,7520,7602,27
197390068893,186,2772,48,2066,7603,27
197390080419,312,3513,166,15156,7604,27
197390091565,239,3046,55,2385,7605,27
197390102797,292,2968,101,8005,7606,27
197390113387,351,3736,54,2225,7607,27
197390124551,394,4411,165,14634,7608,27
197390135611,1564,4469,57,2174,7609,27
197390146859,125,2630,103,7844,7610,27
197390157972,164,2678,210,14836,7611,27
197390185041,171,2958,78,1528,7612,27
197390199725,190,4371,239,14004,7613,27
197390210820,125,4389,363,22235,7614,27
197390221951,203,3970,54,1304,7615,27
197390233070,113,3820,524,35312,7616,27
197390244247,136,3133,92,3714,7617,27
197390254933,178,3056,277,14755,7618,27
197390266067,214,3557,104,7441,7619,27
197390277631,124,2915,331,33714,7620,27
197390288722,287,3977,49,1510,7621,27
197390299650,266,3437,362,33942,7622,27
197390310599,281,3174,110,8800,7623,27
197390321603,114,3690,143,12268,7624,27
197390332744,122,3223,145,13675,7625,27
197390344366,210,3279,357,37149,7626,27
197390355015,150,3154,64,3753,7627,27
197390366107,182,2904,57,2679,7628,27
197390377151,121,3605,241,13501,7629,27
197390388761,121,2972,349,37845,7630,27
197390399452,225,4793,71,3744,7631,27
197390410976,388,3145,164,15071,7632,27
197390421963,184,3022,52,1689,7633,27
197390433130,462,3481,490,31788,7634,27
197390444214,221,4470,325,9874,7635,27
197390454842,250,3198,56,2289,7636,27
197390466300,250,3529,70,2441,7637,27
197390477393,367,3051,51,1639,7638,27
197390488499,303,3206,141,11758,7639,27
197390499656,119,3783,70,2996,7640,27
197390510805,117,3279,350,35338,7641,27
197390521942,114,2957,154,9259,7642,27
197390532716,372,2926,229,23536,7643,27
197390543938,155,2662,73,3099,7644,27
197390554971,147,2733,50,2282,7645,27
197390566050,164,2763,112,7407,7646,27
197390577435,221,2674,229,14704,7647,27
197390588463,165,2667,61,2318,7648,27
197390599524,120,3022,105,8067,7649,27
197390610551,119,2703,57,2359,7650,27
197390643472,501,2728,72,2063,7651,27
197390657976,212,3926,228,13280,7652,27
197390669045,152,3886,76,2476,7653,27
197390680150,127,4447,81,2138,7654,27
197390691383,159,3970,161,8252,7655,27
197390702462,121,2718,269,15245,7656,27
197390713620,310,3441,52,2245,7657,27
197390724795,126,3400,147,7922,7658,27
197390735944,118,2696,54,2148,7659,27
197390746976,144,3150,158,13612,7660,27
197390758147,181,4336,57,2307,7661,27
197390769153,215,4409,103,7939,7662,27
197390780283,132,4392,70,3959,7663,27
197390791573,124,3521,336,33266,7664,27
197390802752,323,3247,80,3701,7665,27
197390813659,159,3807,98,7530,7666,27
197390824809,149,3162,184,14637,7667,27
197390835864,111,3055,49,2078,7668,27
197390847040,113,3369,51,1334,7669,27
197390858259,143,3701,408,35392,7670,27
197390869335,125,2804,67,858,7671,27
197390880118,116,3058,363,42693,7672,27
197390891705,326,3008,251,6794,7673,27
197390902723,1175,3270,363,43254,7674,27
197390913885,178,3153,47,1562,7675,27
197390924787,113,3665,333,34016,7676,27
197390936039,174,3162,108,6214,7677,27
197390947013,174,3779,305,31709,7678,27
197390958232,113,3197,67,4496,7679,27
197390969390,278,3821,359,35449,7680,27
197390980407,397,3821,68,3774,7681,27
197390991397,124,3533,72,2432,7682,27
197391002410,112,3062,158,14663,7683,27
197391013532,110,2900,106,7820,7684,27
197391024542,116,3125,51,1781,7685,27
197391036111,272,3348,585,12520,7686,27
197391047330,157,3006,51,1736,7687,27
197391058368,658,3694,304,31725,7688,27
197391069393,183,4236,148,9148,7689,27
197391080610,159,5038,57,2358,7690,27
197391091167,124,3323,61,2433,7691,27
197391102475,249,3069,49,1813,7692,27
197391113594,157,2925,54,2053,7693,27
197391124695,140,3137,46,1779,7694,27
197391136048,279,3226,160,14428,7695,27
197391147004,112,3608,166,7926,7696,27
197391158153,381,3088,182,15091,7697,27
197391169200,196,3009,89,2665,7698,27
197391180402,277,4936,63,1997,7699,27
197391191746,1100,4738,122,9031,7700,27
197391202607,348,3498,175,15488,7701,27
197391213785,124,3734,54,2061,7702,27
197391224902,186,3821,188,17747,7703,27
197391236021,116,3387,78,4541,7704,27
197391247000,113,3069,363,35635,7705,27
197391258384,1513,3748,69,3834,7706,27
197391268930,109,3362,569,8121,7707,27
197391280451,171,3458,146,13050,7708,27
197391291558,234,3645,758,31774,7709,27
197391302599,139,3546,48,1734,7710,27
197391313732,144,3785,370,35040,7711,27
197391324999,166,4691,71,3742,7712,27
197391335586,314,3229,171,15671,7713,27
197391348107,120,3092,1847,7473,7714,27
197391358109,133,3413,132,12144,7715,27
197391369152,135,2858,66,3159,7716,27
197391380333,124,3659,519,35490,7717,27
197391391557,209,3238,139,9611,7718,27
197391402695,171,3321,58,2296,7719,27
197391413718,417,3466,146,12057,7720,27
197391424906,180,4798,51,1945,7721,27
197391436050,171,3240,111,7311,7722,27
197391446775,154,3626,61,2327,7723,27
197391457982,166,3440,152,13485,7724,27
197391469447,543,4520,332,17107,7725,27
197391480399,218,4075,48,2011,7726,27
197391491586,144,3425,52,2243,7727,27
197391502652,756,3363,160,14343,7728,27
197391514374,138,4233,110,7721,7729,27
197391524873,200,4373,159,14040,7730,27
197391535931,135,3120,45,1144,7731,27
197391547862,119,3600,150,13464,7732,27
197391558035,120,3275,229,22148,7733,27
197391569439,174,3439,105,7664,7734,27
197391580543,165,3522,48,1706,7735,27
197391592098,147,3331,62,2049,7736,27
197391602650,218,3522,50,1475,7737,27
197391613477,107,2798,51,1712,7738,27
197391624660,261,3288,61,2984,7739,27
197391635703,249,3089,1794,35122,7740,27
197391646873,150,3411,310,9494,7741,27
197391657903,130,3469,156,14016,7742,27
197391669232,267,4340,48,1506,7743,27
197391680503,333,4274,353,31308,7744,27
197391691576,125,3248,46,1277,7745,27
197391702317,357,2757,423,32504,7746,27
197391713558,370,3616,68,3537,7747,27
197391724751,148,2907,247,7974,7748,27
197391735718,296,4012,70,3772,7749,27
197391746888,132,4383,373,37716,7750,27
197391758032,127,3960,43,1572,7751,27
197391769412,102,4018,363,35268,7752,27
197391780626,249,3888,185,16642,7753,27
197391791630,235,4023,307,2436,7754,27
197391802696,146,3659,52,2199,7755,27
197391813823,629,3380,196,16768,7756,27
197391825107,178,3604,52,1986,7757,27
197391836083,138,3627,169,14967,7758,27
197391847300,133,3298,89,6581,7759,27
197391858063,122,3319,314,31967,7760,27
197391869103,157,3827,68,2931,7761,27
197391880187,148,4316,386,35393,7762,27
197391891291,133,3952,118,9499,7763,27
197391902471,106,3097,60,2257,7764,27
197391913520,150,3161,131,11446,7765,27
197391924807,21,4279,53,1325,7765,28
197391935957,173,3010,320,26544,7766,28
197391946956,157,3326,36,986,7767,28
197391958010,107,3551,417,42241,7768,28
197391969428,133,3039,161,10279,7769,28
197391980103,152,3124,237,2752,7770,28
197391991647,136,3054,59,2797,7771,28
197392002742,139,3638,182,14658,7772,28
197392014033,233,3231,115,8037,7773,28
197392025083,187,3240,158,14097,7774,28
197392035826,123,3012,38,1113,7775,28
197392046868,131,3844,319,32197,7776,28
197392058290,117,3912,73,3818,7777,28
197392069515,399,3826,100,7891,7778,28
197392080125,121,4628,54,2011,7779,28
197392091183,111,3510,52,2296,7780,28
197392102493,192,3469,51,1784,7781,28
197392113721,191,3749,66,2040,7782,28
197392124841,177,3335,157,14344,7783,28
197392135852,105,3141,51,2154,7784,28
197392146956,176,4174,153,7904,7785,28
197392158317,938,4041,171,14994,7786,28
197392169318,162,3196,190,2533,7787,28
197392180413,198,4051,93,1960,7788,28
197392191425,264,3036,104,7832,7789,28
197392202749,156,2980,172,15177,7790,28
197392213810,191,3327,57,2271,7791,28
197392225033,177,3471,106,7959,7792,28
197392235717,109,2993,73,4526,7793,28
197392246754,135,3413,345,35290,7794,28
197392258300,117,3157,70,4369,7795,28
197392269372,203,4325,467,35266,7796,28
197392280597,196,3989,189,16582,7797,28
197392291786,158,2760,139,2482,7798,28
197392302327,163,2706,60,1980,7799,28
197392313560,163,2768,277,26368,7800,28
197392324935,228,2726,53,1701,7801,28
197392335864,121,2737,165,14665,7802,28
197392373382,247,2821,81,1386,7803,28
197392387657,204,4181,419,25398,7804,28
197392398780,237,4685,100,3263,7805,28
197392410026,189,3970,408,24259,7806,28
197392421203,147,4184,78,3108,7807,28
197392432344,184,4066,261,7931,7808,28
197392443521,236,3292,72,2113,7809,28
197392454639,218,3601,179,14927,7810,28
197392465836,150,3568,57,2337,7811,28
197392476833,118,3700,108,8060,7812,28
197392487951,194,3554,50,2205,7813,28
197392499261,178,4820,160,14676,7814,28
197392509826,119,2933,47,2108,7815,28
197392521014,364,2807,117,8006,7816,28
197392532516,228,3009,182,15050,7817,28
197392543318,120,3540,50,2260,7818,28
197392554474,314,3111,65,2533,7819,28
197392565437,254,2940,98,7343,7820,28
197392576682,281,3723,171,15271,7821,28
197392587786,268,3476,114,7581,7822,28
197392599047,294,4324,81,4486,7823,28
197392609906,612,3317,335,35280,7824,28
197392621324,260,4353,77,4379,7825,28
197392632340,172,3181,337,35402,7826,28
197392643608,133,3148,115,9522,7827,28
197392654698,304,3433,50,2237,7828,28
197392665626,113,2928,135,11923,7829,28
197392676797,124,3282,103,1922,7830,28
197392688033,225,3065,111,7943,7831,28
197392698941,132,4144,56,1867,7832,28
197392710169,164,3369,72,4369,7833,28
197392721222,158,2962,437,35340,7834,28
197392732232,278,3037,49,1280,7835,28
197392743600,126,3425,304,32001,7836,28
197392754709,351,2990,263,16010,7837,28
197392765660,316,3218,103,8032,7838,28
197392776721,182,3134,75,4172,7839,28
197392787773,253,3891,332,33195,7840,28
197392799686,405,3688,78,3663,7841,28
197392810101,133,3092,48,2095,7842,28
197392821274,445,3738,99,7319,7843,28
197392832716,177,3012,201,14689,7844,28
197392843606,189,3959,99,7395,7845,28
197392854724,154,3222,50,1764,7846,28
197392865732,108,3043,139,12229,7847,28
197392876852,126,3267,202,14529,7848,28
197392887878,226,3546,1613,7259,7849,28
197392898875,119,5021,43,888,7850,28
197392910179,130,3341,339,43302,7851,28
197392921297,242,3414,78,5321,7852,28
197392932444,299,3332,104,6884,7853,28
197392943501,495,3695,225,21413,7854,28
197392954790,162,3526,174,15106,7855,28
197392965842,229,2708,50,1864,7856,28
197392976772,113,3122,100,7588,7857,28
197392987847,286,3366,49,1836,7858,28
197392999153,228,3941,163,14353,7859,28
197393010373,203,3278,50,1700,7860,28
197393021443,238,4019,187,17170,7861,28
197393032490,253,3256,214,14765,7862,28
197393043491,27,3401,46,2092,7862,29
197393054486,131,3194,59,2334,7863,29
197393065783,120,3537,104,7329,7864,29
197393076800,123,3431,167,15144,7865,29
197393088076,212,3704,104,7733,7866,29
197393099335,120,3977,50,1585,7867,29
197393110279,110,3494,67,3537,7868,29
197393121262,146,2958,351,33656,7869,29
197393132318,348,3078,174,16278,7870,29
197393143360,104,3326,54,2461,7871,29
197393154516,371,2977,57,2457,7872,29
197393165512,240,2977,65,1955,7873,29
197393176853,315,3323,78,2130,7874,29
197393187762,223,4008,104,7976,7875,29
197393198987,337,3877,52,2031,7876,29
197393209901,410,3187,74,4227,7877,29
197393221473,383,3210,945,35347,7878,29
197393232505,288,3050,64,3728,7879,29
197393243351,119,3858,60,2382,7880,29
197393254668,119,3212,63,3046,7881,29
197393265709,194,4189,354,35291,7882,29
197393276755,140,3100,69,3710,7883,29
197393288000,384,4029,343,15048,7884,29
197393298929,194,3869,57,2452,7885,29
197393310339,157,3387,36,1082,7886,29
197393321346,173,3498,374,36797,7887,29
197393332124,126,3177,155,14287,7888,29
197393343697,232,3234,399,37400,7889,29
197393354369,118,2924,41,947,7890,29
197393365974,205,2797,71,4183,7891,29
197393376935,474,3002,589,35578,7892,29
197393387780,219,3059,67,3816,7893,29
197393398777,272,3917,108,7995,7894,29
197393410030,224,3153,196,13781,7895,29
197393421088,346,4274,59,2447,7896,29
197393432212,382,3477,52,1547,7897,29
197393443511,284,4635,373,35088,7898,29
197393454557,202,3197,180,17160,7899,29
197393465826,271,3810,56,2537,7900,29
197393476925,394,3299,113,8311,7901,29
197393487976,207,3193,136,11785,7902,29
197393499127,314,4887,164,14691,7903,29
197393510286,1164,3522,55,2093,7904,29
197393521357,109,3201,101,7861,7905,29
197393532044,1177,3188,158,14914,7906,29
197393543301,210,3819,51,2253,7907,29
197393554351,125,3075,55,2502,7908,29
197393565906,128,2673,99,7659,7909,29
197393577082,236,2628,177,15417,7910,29
197393588135,199,2628,118,7942,7911,29
197393599132,111,3173,52,1974,7912,29
197393617839,249,19321,70,2237,7913,29
197393648697,193,2725,83,2461,7914,29
197393659817,207,4019,250,15009,7915,29
197393671425,122,3969,72,2589,7916,29
197393682052,278,3993,152,8217,7917,29
197393693294,140,4229,64,1880,7918,29
197393704452,144,3201,78,1867,7919,29
197393715220,254,3161,57,2403,7920,29
197393726363,259,4688,52,1833,7921,29
197393738028,506,3112,50,2085,7922,29
197393749049,122,4618,58,3013,7923,29
197393760080,215,3770,342,35110,7924,29
197393771315,120,3271,118,9528,7925,29
197393782352,186,3052,150,14028,7926,29
197393793310,117,3255,50,2076,7927,29
197393804423,370,2975,213,21040,7928,29
197393815471,276,2943,108,7203,7929,29
197393826551,136,3904,153,14134,7930,29
197393837718,141,3338,50,1835,7931,29
197393848631,144,3463,97,7470,7932,29
197393860155,218,3408,46,1344,7933,29
197393871199,204,3243,295,31208,7934,29
197393882550,424,4020,126,5258,7935,29
197393893279,143,4075,505,35044,7936,29
197393904299,227,3383,87,6122,7937,29
197393915389,316,3726,312,32909,7938,29
197393926465,154,3260,66,2551,7939,29
197393937685,403,3361,262,26015,7940,29
197393949037,186,3679,67,1508,7941,29
197393960091,129,3683,324,32707,7942,29
197393970833,103,3317,412,6692,7943,29
197393982410,1074,3446,47,1288,7944,29
197393993605,108,2906,247,25321,7945,29
197394004663,108,2829,185,12565,7946,29
197394015654,416,3048,185,17282,7947,29
197394026592,426,2966,48,1759,7948,29
197394037818,295,4084,137,11484,7949,29
197394048868,195,4253,39,790,7950,29
197394059879,169,3728,365,36102,7951,29
197394070932,115,2690,64,3717,7952,29
197394082090,310,3521,169,15410,7953,29
197394093527,133,3502,95,8001,7954,29
197394104577,239,2963,46,2047,7955,29
197394115339,406,3607,63,2341,7956,29
197394126527,113,3413,157,14578,7957,29
197394137605,104,3504,102,7948,7958,29
197394148624,378,4378,53,1840,7959,29
197394160279,372,3150,164,14959,7960,29
197394171076,278,3623,56,2568,7961,29
197394182255,375,3680,58,1954,7962,29
197394193733,150,3645,107,8146,7963,29
197394204192,276,3072,52,2011,7964,29
197394215738,327,3655,60,2458,7965,29
197394226588,321,3502,47,1867,7966,29
197394237658,162,4335,55,2130,7967,29
197394248831,331,3976,48,1852,7968,29
197394259804,111,2997,167,14466,7969,29
197394271219,112,3068,102,7831,7970,29
197394282267,105,3116,163,14984,7971,29
197394293250,140,3131,56,2711,7972,29
197394304479,112,2918,51,2113,7973,29
197394316501,298,3015,108,7508,7974,29
197394326880,164,4337,166,15487,7975,29
197394337871,142,3372,50,2035,7976,29
197394348611,145,3413,102,7777,7977,29
197394359833,131,3675,73,4464,7978,29
197394370913,117,3203,524,35229,7979,29
197394382054,161,3404,69,3738,7980,29
197394393362,191,3349,105,8037,7981,29
197394404418,153,2819,170,13681,7982,29
197394415429,185,3496,134,11494,7983,29
197394426446,435,4841,48,1660,7984,29
197394437970,246,3139,373,34664,7985,29
197394448831,117,3360,99,3730,7986,29
197394459888,147,3864,175,15704,7987,29
197394471118,135,3995,100,7488,7988,29
197394482348,181,3074,57,2327,7989,29
197394493189,114,4617,52,1989,7990,29
197394504249,110,3289,226,14441,7991,29
197394515751,251,3357,100,7554,7992,29
197394526331,319,2958,47,1820,7993,29
197394537597,219,3147,83,5957,7994,29
197394548714,114,3108,332,33619,7995,29
197394559756,579,3123,117,9266,7996,29
197394571193,287,3278,104,2214,7997,29
197394582251,114,3291,157,14212,7998,29
197394593261,207,3605,267,11593,7999,29
197394604370,167,3401,204,16911,8000,29
197394615472,345,3467,48,2250,8001,29
197394626496,135,2627,189,14259,8002,29
197394637596,135,2654,99,7597,8003,29
197394648626,129,2775,49,1625,8004,29
197394659708,162,2755,185,14343,8005,29
197394671029,128,2749,49,2265,8006,29
197394682183,167,2671,53,1678,8007,29
197394693222,170,2886,145,7758,8008,29
197394720928,207,2656,115,5105,8009,29
197394735007,252,3776,634,34961,8010,29
197394746128,131,4220,50,797,8011,29
197394757252,114,4248,517,42654,8012,29
197394768408,117,3869,171,10104,8013,29
197394779540,152,2940,910,15675,8014,29
197394790638,148,3121,72,2376,8015,29
197394801766,148,3308,63,2584,8016,29
197394812823,154,3177,100,7597,8017,29
197394823939,204,4162,53,2090,8018,29
197394835337,319,3114,82,4283,8019,29
197394846136,243,3332,368,35056,8020,29
197394857664,370,4304,69,3729,8021,29
197394868840,179,3232,556,13664,8022,29
197394879822,136,3294,52,2075,8023,29
197394890801,237,4349,108,7656,8024,29
197394901893,244,3471,78,4041,8025,29
197394912915,362,3284,363,32779,8026,29
197394924051,164,3593,67,3644,8027,29
197394935163,132,3117,55,2072,8028,29
197394946116,137,3586,61,2546,8029,29
197394957355,365,3829,48,1729,8030,29
197394968392,135,3757,46,1174,8031,29
197394979585,112,3062,355,34878,8032,29
197394990592,110,2760,66,3954,8033,29
197395001677,147,2954,159,14771,8034,29
197395013208,122,3355,99,7781,8035,29
197395024232,130,3493,52,1925,8036,29
197395035204,166,2932,590,14980,8037,29
197395046451,275,3109,49,2195,8038,29
197395057474,196,3270,173,16693,8039,29
197395068462,201,3847,140,2041,8040,29
197395079419,228,3492,166,15272,8041,29
197395091035,200,3506,58,2296,8042,29
197395102091,263,3824,103,7143,8043,29
197395113197,444,4393,369,31465,8044,29
197395124079,193,3729,66,3581,8045,29
197395135240,251,3363,78,5114,8046,29
197395146344,131,2705,403,34957,8047,29
197395157406,194,3310,176,16625,8048,29
197395168612,129,3269,58,2787,8049,29
197395179459,239,3070,52,1609,8050,29
197395190948,334,4031,268,26383,8051,29
197395203195,238,3615,151,13556,8052,29
197395212822,234,3405,357,37395,8053,29
197395224075,122,4062,68,3618,8054,29
197395235460,171,3042,54,2519,8055,29
197395246579,205,4397,166,14823,8056,29
197395257747,323,3344,46,2142,8057,29
197395268789,135,3843,104,7861,8058,29
197395279998,137,3194,153,11517,8059,29
197395291005,120,3336,242,14989,8060,29
197395302069,148,2923,51,2439,8061,29
197395313242,152,3359,46,1349,8062,29
197395324015,111,4078,327,34793,8063,29
197395335491,116,3372,196,17036,8064,29
197395346577,140,3236,106,7802,8065,29
197395357630,112,3200,45,2242,8066,29
197395368373,135,3554,75,1878,8067,29
197395379521,220,2956,179,14295,8068,29
197395390582,175,2981,103,7816,8069,29
197395402083,162,2625,154,14065,8070,29
197395413243,323,3084,322,31750,8071,29
197395424229,228,3885,74,4213,8072,29
197395435016,186,3671,51,1223,8073,29
197395446543,139,3757,97,6355,8074,29
197395457370,139,4149,402,43201,8075,29
197395468280,108,3628,129,10853,8076,29
197395479955,185,2990,67,2735,8077,29
197395490937,141,3081,70,2685,8078,29
197395502035,311,3197,191,15018,8079,29
197395513025,145,2791,117,8268,8080,29
197395523956,181,5952,492,4069,8081,29
197395535060,136,3254,441,32654,8082,29
197395546218,245,3837,73,3497,8083,29
197395557239,116,3566,107,8215,8084,29
197395568315,22,2932,71,1847,8084,30
197395579890,119,3088,159,14801,8085,30
197395590897,129,3704,100,6688,8086,30
197395601712,231,3337,381,31113,8087,30
197395612751,175,2829,298,4179,8088,30
197395624356,117,4098,354,34864,8089,30
197395635159,237,3020,173,16314,8090,30
197395646210,207,3171,93,6792,8091,30
197395657189,289,3572,119,9165,8092,30
197395668317,131,3901,310,31961,8093,30
197395679419,155,2992,44,1423,8094,30
197395690644,149,4298,364,36728,8095,30
197395701752,1143,3279,179,16884,8096,30
197395712792,110,3673,60,2513,8097,30
197395724344,112,4673,104,7953,8098,30
197395735388,236,3084,53,2394,8099,30
197395746362,394,4016,190,14533,8100,30
197395757407,319,4109,52,2204,8101,30
197395768583,271,3293,50,1598,8102,30
197395779518,191,3072,336,35127,8103,30
197395790880,156,3773,183,16823,8104,30
197395801918,372,3468,59,2806,8105,30
197395812865,286,4168,101,7486,8106,30
197395824106,165,4044,50,1947,8107,30
197395834967,374,3291,166,15144,8108,30
197395846538,238,3400,104,7748,8109,30
197395857629,209,3129,49,2094,8110,30
197395868515,292,3087,134,11604,8111,30
197395879837,157,3615,162,14829,8112,30
197395890865,113,2749,133,8278,8113,30
197395902101,221,3170,163,15141,8114,30
197395913156,241,3375,62,2486,8115,30
197395923991,198,3896,52,1729,8116,30
197395935178,155,3268,349,36660,8117,30
197395946154,132,2843,160,3823,8118,30
197395957617,283,3028,166,15849,8119,30
197395968576,175,3439,104,7989,8120,30
197395979805,288,2908,48,2033,8121,30
197395990876,319,3719,61,2322,8122,30
197396002069,361,3662,161,14556,8123,30
197396012774,247,4582,146,8082,8124,30
197396024213,167,3848,88,4043,8125,30
197396035294,185,3094,56,2265,8126,30
197396046441,231,3166,313,31396,8127,30
197396057412,139,3529,116,9657,8128,30
197396068428,19,3286,53,2166,8128,31
197396079459,115,2919,167,14931,8129,31
197396090986,133,3239,54,2188,8130,31
197396102047,127,3092,167,7705,8131,31
197396113126,632,4181,52,2215,8132,31
197396124158,111,3984,47,1906,8133,31
197396135188,118,2760,222,14352,8134,31
197396146395,249,3275,188,17624,8135,31
197396157404,141,2794,196,15115,8136,31
197396168395,185,4275,57,2610,8137,31
197396179447,171,3503,53,2000,8138,31
197396190500,124,4197,106,8338,8139,31
197396202188,95,3925,72,5146,8140,31
197396213327,243,3638,433,35338,8141,31
197396223851,373,3990,701,3730,8142,31
197396235285,377,3043,59,2443,8143,31
197396246409,394,3299,179,14555,8144,31
197396257674,201,3823,51,2039,8145,31
197396268743,241,4422,99,7773,8146,31
197396280430,110,4372,47,1885,8147,31
197396290863,207,3251,130,10721,8148,31
197396301991,108,3383,343,32361,8149,31
197396313252,107,2985,106,9122,8150,31
197396324313,115,3406,46,2236,8151,31
197396335002,170,3151,163,15215,8152,31
197396346334,172,3367,101,7788,8153,31
197396357403,249,3107,74,4584,8154,31
197396368414,161,4912,336,35559,8155,31
197396379555,102,3222,72,3794,8156,31
197396390577,308,4463,111,8130,8157,31
197396401631,158,3715,127,4058,8158,31
197396413172,124,3304,346,32974,8159,31
197396424380,159,4857,54,1513,8160,31
197396435341,180,2816,346,34559,8161,31
197396446322,293,3065,69,3635,8162,31
197396457633,199,3363,180,15367,8163,31
197396468703,151,2658,91,5933,8164,31
197396479784,198,2815,325,31690,8165,31
197396490826,135,2666,71,3956,8166,31
197396518077,1029,2677,56,2758,8167,31
197396533048,177,2883,291,14905,8168,31
197396544176,181,3971,65,2237,8169,31
197396555455,208,4343,190,2378,8170,31
197396566407,121,4642,87,3643,8171,31
197396577476,128,4472,579,37657,8172,31
197396588635,251,3424,399,1247,8173,31
197396599809,235,3594,492,34786,8174,31
197396610805,193,3003,73,3901,8175,31
197396621849,128,2780,57,2088,8176,31
197396633398,133,3621,78,4689,8177,31
197396644448,307,3104,341,34841,8178,31
197396655418,152,3479,87,5966,8179,31
197396666453,403,2986,350,32768,8180,31
197396677473,426,3341,78,3635,8181,31
197396688577,137,3244,99,8027,8182,31
197396700132,154,3430,157,14585,8183,31
197396710730,125,3060,47,2060,8184,31
197396722331,245,3280,110,7589,8185,31
197396733108,139,3227,49,2286,8186,31
197396744115,262,2906,2386,14339,8187,31
197396755367,123,3364,47,2028,8188,31
197396766790,223,2780,98,7922,8189,31
197396777853,228,3527,56,1773,8190,31
197396788938,458,3837,467,14752,8191,31
197396799932,244,3104,63,2510,8192,31
197396811050,195,3168,99,7313,8193,31
197396822098,281,3559,54,1892,8194,31
197396833244,174,3178,166,15109,8195,31
197396844434,193,3507,108,7939,8196,31
197396855489,231,3997,47,1845,8197,31
197396867093,143,3069,67,4420,8198,31
197396877683,180,3247,45,790,8199,31
197396888774,144,3561,333,35258,8200,31
197396900113,111,2740,77,4726,8201,31
197396911279,180,3322,42,843,8202,31
197396922280,122,3664,383,31431,8203,31
197396933881,1102,3144,48,1332,8204,31
197396944440,210,4346,589,34799,8205,31
197396955584,331,3773,177,16961,8206,31
197396966760,157,3021,54,2480,8207,31
197396977471,122,3472,115,6707,8208,31
197396988595,319,3559,363,32034,8209,31
197396999697,227,4070,154,13661,8210,31
197397011408,184,3576,365,31495,8211,31
197397022397,112,3044,118,9444,8212,31
197397033313,136,2651,167,15195,8213,31
197397044346,137,2628,62,2512,8214,31
197397055428,171,3092,60,1949,8215,31
197397066469,146,2672,185,17120,8216,31
197397077661,159,11960,277,15564,8217,31
197397101325,205,3525,156,7883,8218,31
197397112492,201,4275,63,2110,8219,31
197397123534,114,4722,72,1898,8220,31
197397134648,109,4220,230,14556,8221,31
197397145788,138,3955,151,8054,8222,31
197397156940,143,3061,265,15221,8223,31
197397167688,129,3452,51,2248,8224,31
197397178784,119,3490,66,2473,8225,31
197397190310,457,2885,105,7388,8226,31
197397201043,249,3106,174,15370,8227,31
197397212061,141,4010,51,2271,8228,31
197397223403,177,3225,113,8108,8229,31
197397234511,130,3262,51,2045,8230,31
197397245673,163,3444,160,13687,8231,31
197397257288,257,3256,48,1905,8232,31
197397267852,142,4801,209,17700,8233,31
197397278888,173,3428,66,4017,8234,31
197397289946,160,3456,314,33088,8235,31
197397301102,124,2780,72,3708,8236,31
197397312239,114,3035,99,7541,8237,31
197397323365,334,3480,154,13793,8238,31
197397334533,133,3800,391,31695,8239,31
197397345812,212,3141,116,9538,8240,31
197397356800,126,3272,55,2527,8241,31
197397367865,198,3256,90,1921,8242,31
197397379022,273,3351,157,14366,8243,31
197397390145,207,3675,62,1774,8244,31
197397401253,406,3896,662,33135,8245,31
197397412250,391,3880,78,3540,8246,31
197397423377,141,3119,59,2217,8247,31
197397434409,149,2782,110,7486,8248,31
197397445456,501,3417,69,2532,8249,31
197397456954,203,3661,163,14352,8250,31
197397467949,120,4149,142,11689,8251,31
197397478937,181,3465,181,17349,8252,31
197397490180,333,2949,53,2027,8253,31
197397501152,347,5339,164,14200,8254,31
197397512253,142,3475,152,7493,8255,31
197397523176,219,3702,51,1476,8256,31
197397534602,128,3761,160,14437,8257,31
197397545840,166,4369,56,2231,8258,31
197397556997,160,3440,47,1677,8259,31
197397568051,362,4177,102,7123,8260,31
197397579063,177,3127,76,5172,8261,31
197397590059,238,2668,269,5081,8262,31
197397601516,439,2890,308,31280,8263,31
197397612504,354,4559,176,3750,8264,31
197397623534,137,2799,173,13562,8265,31
197397634311,460,3466,303,31474,8266,31
197397645911,329,3088,120,9299,8267,31
197397656966,228,3459,1245,15133,8268,31
197397667999,321,3782,53,2266,8269,31
197397679238,267,3024,61,2389,8270,31
197397690313,179,4378,99,6397,8271,31
197397701287,112,3488,337,43453,8272,31
197397712714,127,2836,42,1392,8273,31
197397723486,120,3153,336,35275,8274,31
197397734528,176,3034,68,4000,8275,31
197397745686,188,3257,135,2167,8276,31
197397756720,119,3435,54,2524,8277,31
197397767814,113,3860,57,1777,8278,31
197397778817,351,3198,164,14690,8279,31
197397789881,148,3315,72,2124,8280,31
197397800970,383,3506,59,2299,8281,31
197397812588,204,3844,103,7237,8282,31
197397823383,132,5538,58,1404,8283,31
197397834472,242,3522,321,33444,8284,31
197397845553,255,2974,111,8149,8285,31
197397856540,201,2930,55,2338,8286,31
197397867909,118,3483,50,1864,8287,31
197397878936,175,3013,160,14434,8288,31
197397890137,241,8253,109,7940,8289,31
197397901183,275,3977,46,1791,8290,31
197397912618,258,3245,155,14732,8291,31
197397924169,138,3750,61,2013,8292,31
197397934758,210,3616,381,32462,8293,31
197397945579,420,4401,86,5576,8294,31
197397956603,201,4018,392,41810,8295,31
197397967814,360,3723,123,9996,8296,31
197397979182,121,3260,55,2519,8297,31
197397990353,166,2704,77,4436,8298,31
197398001385,142,2750,379,35199,8299,31
197398012397,164,2717,79,3758,8300,31
197398023215,184,2758,114,7934,8301,31
197398034490,162,2811,153,13353,8302,31
197398045498,132,2687,222,21633,8303,31
197398071446,235,2711,72,1741,8304,31
197398085861,180,2737,71,1957,8305,31
197398097051,212,4058,143,7200,8306,31
197398108112,129,4115,65,1725,8307,31
197398119195,119,4101,223,13840,8308,31
197398130354,116,4293,53,1883,8309,31
197398141475,217,3045,168,7684,8310,31
197398152608,127,3097,54,1533,8311,31
197398163762,142,2816,160,14426,8312,31
197398174801,121,2940,53,2229,8313,31
197398186039,167,3001,53,1636,8314,31
197398196685,360,3546,100,7855,8315,31
197398208290,221,3472,171,14859,8316,31
197398219314,148,4086,107,7535,8317,31
197398230333,201,4406,55,1567,8318,31
197398241878,171,2989,69,4387,8319,31
197398252389,453,3228,345,35411,8320,31
197398263439,120,3240,47,1438,8321,31
197398274624,194,3285,375,32973,8322,31
197398285794,140,2918,68,3510,8323,31
197398296838,142,3067,55,2181,8324,31
197398307884,114,2772,88,6528,8325,31
197398318956,313,3117,213,21313,8326,31
197398330040,286,3361,155,14394,8327,31
197398341579,170,3038,51,1823,8328,31
197398352597,211,3732,100,7355,8329,31
197398363657,183,2933,46,1831,8330,31
197398374521,276,3363,151,13549,8331,31
197398386051,259,3622,305,31755,8332,31
197398397207,211,4016,123,9733,8333,31
197398408159,390,3578,165,15360,8334,31
197398419324,247,3053,53,2500,8335,31
197398430567,206,3961,59,1984,8336,31
197398441611,196,2979,103,7916,8337,31
197398452702,147,3236,181,15224,8338,31
197398463857,415,3430,299,7749,8339,31
197398474544,265,3208,60,1822,8340,31
197398485556,285,2968,49,2116,8341,31
197398496788,220,2891,59,1830,8342,31
197398507851,278,3767,58,2544,8343,31
197398519058,324,4108,47,1891,8344,31
197398530334,390,4746,163,14818,8345,31
197398541387,235,3507,47,2252,8346,31
197398552532,131,3296,57,2497,8347,31
197398563599,285,3138,97,7356,8348,31
197398574784,226,4324,166,14626,8349,31
197398585789,124,3077,41,1241,8350,31
197398596827,148,2841,404,37761,8351,31
197398608151,205,3002,65,3949,8352,31
197398619188,420,2922,164,14948,8353,31
197398630314,237,3776,56,2351,8354,31
197398641513,141,2964,97,7836,8355,31
197398652622,217,3306,56,1909,8356,31
197398663476,241,3546,157,14795,8357,31
197398674725,232,3801,64,2561,8358,31
197398685974,142,2974,104,7535,8359,31
197398696996,160,3624,65,3134,8360,31
197398708131,113,3543,177,15499,8361,31
197398719168,311,2886,102,7723,8362,31
197398730414,123,3372,48,2033,8363,31
197398741393,107,2944,52,2362,8364,31
197398752404,312,2925,188,14610,8365,31
197398763790,282,3006,104,8092,8366,31
197398774927,174,2920,168,15260,8367,31
197398785680,168,2965,46,1513,8368,31
197398796944,546,3108,337,33740,8369,31
197398808092,327,3577,146,3731,8370,31
197398819538,324,3540,164,7677,8371,31
197398830076,118,3548,159,14803,8372,31
197398841174,263,3465,49,2201,8373,31
197398852776,380,4022,49,1245,8374,31
197398864138,120,2907,379,35246,8375,31
197398874754,228,3173,152,13536,8376,31
197398885737,111,3006,298,31714,8377,31
197398896830,237,2858,119,9636,8378,31
197398908091,459,2957,208,15483,8379,31
197398918897,369,3088,51,1576,8380,31
197398930472,127,3884,358,33704,8381,31
197398941253,247,3299,126,9656,8382,31
197398952366,250,4196,165,15079,8383,31
197398963366,374,3236,97,7625,8384,31
197398974809,148,3712,52,1938,8385,31
197398985854,118,3103,54,2227,8386,31
197398996832,313,3121,107,1879,8387,31
197399008165,137,4293,83,5107,8388,31
197399019588,315,3649,371,34956,8389,31
197399030263,112,4180,174,16817,8390,31
197399041218,261,3365,59,2559,8391,31
197399052344,196,3179,54,2423,8392,31
197399063487,296,4619,90,6822,8393,31
197399075331,201,4126,242,23870,8394,31
197399085822,179,3636,45,1348,8395,31
197399096910,128,3073,84,4852,8396,31
197399108079,117,2861,446,31035,8397,31
197399119082,522,2657,158,13999,8398,31
197399130223,214,4017,57,1635,8399,31
197399141421,208,3170,266,26934,8400,31
197399152757,135,3069,58,1781,8401,31
197399163810,198,3062,181,14184,8402,31
197399174836,192,4294,52,2238,8403,31
197399185859,208,3401,57,1660,8404,31
197399196889,158,3397,50,1451,8405,31
197399208012,173,3406,328,31468,8406,31
197399219302,120,3313,116,9408,8407,31
197399230371,122,3240,55,2316,8408,31
197399241190,202,3058,48,1479,8409,31
197399252323,284,3427,6202,42671,8410,31
197399263676,188,2982,42,1745,8411,31
197399274582,233,3264,56,2477,8412,31
197399285613,250,3102,346,31264,8413,31
197399296721,316,3390,68,3637,8414,31
197399308214,223,3896,152,1375,8415,31
197399319244,332,3268,453,34800,8416,31
197399330230,254,4154,187,17029,8417,31
197399341365,258,3285,59,2496,8418,31
197399352324,234,4653,90,6804,8419,31
197399363737,272,3626,408,31937,8420,31
197399375166,170,3044,155,13705,8421,31
197399386002,113,3022,314,31642,8422,31
197399397063,169,3155,121,9610,8423,31
197399407923,224,3199,201,15404,8424,31
197399418958,227,3911,67,1487,8425,31
197399430479,223,4484,399,33712,8426,31
197399441471,184,3395,129,9853,8427,31
197399452671,169,3456,171,15152,8428,31
197399463708,257,3279,101,7438,8429,31
197399474778,193,3557,47,1978,8430,31
197399485885,131,3148,63,2407,8431,31
197399496962,118,3303,50,1948,8432,31
197399508051,118,3082,153,14249,8433,31
197399519119,372,3134,114,8168,8434,31
197399530241,116,3822,167,15015,8435,31
197399541572,138,2744,51,2258,8436,31
197399552617,139,2705,62,2589,8437,31
197399563680,145,2685,113,7330,8438,31
197399574676,145,2632,167,15353,8439,31
197399602660,245,2856,74,1503,8440,31
197399616934,195,4144,569,35335,8441,31
197399628062,260,4157,221,13544,8442,31
197399639634,127,3740,551,37589,8443,31
197399650307,142,4151,88,4275,8444,31
197399661831,114,4530,484,33011,8445,31
197399672576,152,2831,88,3661,8446,31
197399683663,190,3334,68,2079,8447,31
197399694822,547,3743,51,1502,8448,31
197399705932,136,2885,221,21120,8449,31
197399716969,339,2924,104,7603,8450,31
197399728563,121,3261,54,1532,8451,31
197399739538,238,2953,45,1807,8452,31
197399750643,184,2853,151,13702,8453,31
197399761516,110,3175,49,1701,8454,31
197399772512,193,3101,99,7536,8455,31
197399783822,121,3257,303,14644,8456,31
197399794880,182,3672,96,2208,8457,31
197399806115,181,3766,98,7061,8458,31
197399817186,112,3048,46,1602,8459,31
197399828355,138,3458,164,15073,8460,31
197399839445,222,3009,128,1782,8461,31
197399850527,369,3271,97,7512,8462,31
197399861573,116,3645,47,1563,8463,31
197399872781,106,3279,179,13176,8464,31
197399883815,125,3258,50,1816,8465,31
197399895042,118,3972,137,7161,8466,31
197399906254,484,3340,314,33217,8467,31
197399917287,413,3635,59,2912,8468,31
197399928366,108,2998,61,1778,8469,31
197399939399,164,3660,352,37048,8470,31
197399950309,346,3223,180,14570,8471,31
197399961937,122,4316,329,31681,8472,31
197399972446,403,2978,43,1299,8473,31
197399983909,122,3028,333,35134,8474,31
197399994984,114,3287,62,3766,8475,31
197400006131,188,3293,163,14809,8476,31
197400017090,182,2935,104,7849,8477,31
197400028184,172,3954,73,1967,8478,31
197400039333,149,3402,100,6366,8479,31
197400050420,153,3090,349,33623,8480,31
197400061430,164,3235,176,9257,8481,31
197400072954,214,2902,81,2387,8482,31
197400083983,2173,3570,171,14785,8483,31
197400095076,114,3016,99,7566,8484,31
197400106054,1502,2782,50,2248,8485,31
197400117194,109,3856,47,1973,8486,31
197400128211,212,3674,161,14499,8487,31
197400139554,234,3243,108,8250,8488,31
197400150632,227,3712,162,15055,8489,31
197400161699,135,4425,51,2016,8490,31
197400172920,235,3290,59,2339,8491,31
197400184002,125,4347,61,1827,8492,31
197400194985,165,3411,179,17024,8493,31
197400205879,2208,3468,174,15595,8494,31
197400216921,109,3374,102,7994,8495,31
197400228538,114,3362,52,1824,8496,31
197400239592,180,3530,164,12154,8497,31
197400251077,119,3847,160,14995,8498,31
197400261996,226,3503,101,7678,8499,31
197400272739,802,3687,37,866,8500,31
197400283863,106,4262,346,43473,8501,31
197400294828,118,3430,67,4353,8502,31
197400306343,334,3198,187,17686,8503,31
197400317323,187,3919,85,5351,8504,31
197400328146,141,3115,347,32654,8505,31
197400339430,192,3712,73,3566,8506,31
197400350459,114,3490,108,8096,8507,31
197400361487,184,6168,83,4727,8508,31
197400372807,174,3682,379,35224,8509,31
197400383933,486,3794,75,4381,8510,31
197400395070,125,2997,500,35207,8511,31
197400406533,250,3827,204,16621,8512,31
197400417195,110,3852,48,1866,8513,31
197400428412,108,3311,51,1186,8514,31
197400439432,139,2856,402,34725,8515,31
197400450644,216,2733,69,3720,8516,31
197400461623,115,3731,195,15495,8517,31
197400472797,128,3274,87,6433,8518,31
197400483862,351,3585,314,31708,8519,31
197400494957,150,3625,55,2988,8520,31
197400506142,187,3501,715,35265,8521,31
197400517410,237,3349,136,9545,8522,31
197400528454,179,3021,60,2159,8523,31
197400539644,219,3194,148,11633,8524,31
197400550844,249,3367,224,21052,8525,31
197400561918,131,4021,106,7031,8526,31
197400572886,1155,3753,105,1573,8527,31
197400584028,336,3103,287,12888,8528,31
197400596360,247,3971,707,37058,8529,31
197400606054,315,3570,71,4578,8530,31
197400617193,150,3396,352,35071,8531,31
197400628360,1083,3018,181,16447,8532,31
197400639407,118,2875,101,7947,8533,31
197400650415,111,2676,70,4154,8534,31
197400661453,122,3158,386,32967,8535,31
197400672950,157,2697,74,3706,8536,31
197400683595,154,2724,64,1954,8537,31
197400695239,161,2711,248,17014,8538,31
197400705974,129,2699,175,14843,8539,31
197400717267,102,2784,96,7613,8540,31
197400728296,2811,25818,103,2121,8541,31
197400768664,219,2699,114,4537,8542,31
197400779633,151,4569,64,1787,8543,31
197400790671,119,4172,239,14888,8544,31
197400801887,118,3984,85,2400,8545,31
197400812972,110,3901,275,16951,8546,31
197400823668,266,3617,111,5280,8547,31
197400834753,214,3490,326,32730,8548,31
197400846010,161,3562,122,9557,8549,31
197400857102,399,5231,64,2424,8550,31
197400868396,151,2970,48,1929,8551,31
197400879469,271,3465,156,13988,8552,31
197400890649,217,3414,53,1868,8553,31
197400901740,169,3674,316,33179,8554,31
197400912626,292,3250,66,3614,8555,31
197400923690,116,5699,50,2253,8556,31
197400934862,579,3174,109,7363,8557,31
197400946313,254,3052,58,2603,8558,31
197400957497,172,2982,66,4304,8559,31
197400968457,118,3350,391,35304,8560,31
197400979582,234,3182,67,3725,8561,31
197400990826,1202,2918,55,2394,8562,31
197401001990,301,3002,53,3078,8563,31
197401013057,1600,3016,530,35170,8564,31
197401023632,131,3937,35,735,8565,31
197401035149,198,3154,385,42573,8566,31
197401046428,307,4095,103,5373,8567,31
197401057342,183,3845,74,2082,8568,31
197401068126,253,3973,177,16925,8569,31
197401079815,202,3931,168,15253,8570,31
197401090804,295,3523,101,7899,8571,31
197401101977,336,3238,46,1876,8572,31
197401112989,150,3341,49,2150,8573,31
197401124163,244,3159,48,1857,8574,31
197401134950,113,3228,254,14689,8575,31
197401145945,110,3808,112,8187,8576,31
197401156976,134,2749,77,4161,8577,31
197401168533,127,3062,359,33928,8578,31
197401179330,212,3724,76,3755,8579,31
197401190638,349,3045,129,8784,8580,31
197401201619,337,3245,152,13812,8581,31
197401212808,358,3353,359,31778,8582,31
197401224063,151,4152,114,9622,8583,31
197401235180,373,2978,59,2604,8584,31
197401246198,134,3263,161,14657,8585,31
197401257325,197,4343,51,2074,8586,31
197401268435,161,3796,48,1582,8587,31
197401279656,226,5415,341,35285,8588,31
197401290419,302,3207,202,16816,8589,31
197401301454,153,3189,58,2865,8590,31
197401312594,115,2905,47,1378,8591,31
197401323724,256,3967,346,35061,8592,31
197401335287,189,3439,185,17162,8593,31
197401345955,308,4413,102,7927,8594,31
197401357010,269,3353,56,2247,8595,31
197401368155,232,3582,57,1881,8596,31
197401379752,454,4291,163,14473,8597,31
197401390297,266,3543,102,7974,8598,31
197401401804,204,4230,168,14817,8599,31
197401413001,268,3227,46,2162,8600,31
197401424123,130,4233,53,2334,8601,31
197401435136,149,3151,60,1959,8602,31
197401446146,124,3179,365,6831,8603,31
197401457165,242,3275,324,33494,8604,31
197401468423,134,3822,244,8434,8605,31
197401479416,121,3104,76,4648,8606,31
197401490568,260,3487,3157,34940,8607,31
197401501621,204,3890,174,16424,8608,31
197401512950,395,3327,298,6725,8609,31
197401523827,144,4906,142,3948,8610,31
197401534833,152,3482,347,32813,8611,31
197401546030,192,3166,59,3265,8612,31
197401557028,189,3473,223,17702,8613,31
197401568619,128,3720,53,1983,8614,31
197401579227,106,3091,177,14900,8615,31
197401590752,193,3165,44,1470,8616,31
197401601522,312,3094,338,34935,8617,31
197401612990,124,2838,81,3967,8618,31
197401623736,156,4123,56,2203,8619,31
197401635140,209,3267,78,4865,8620,31
197401646175,138,3343,362,34966,8621,31
197401657241,394,4169,366,16695,8622,31
197401668257,119,3400,57,2670,8623,31
197401679387,157,3830,50,981,8624,31
197401690440,226,3868,371,36442,8625,31
197401701469,112,3585,81,5149,8626,31
197401712558,219,3504,314,32410,8627,31
197401724128,134,4293,122,9384,8628,31
197401735157,220,3379,57,2550,8629,31
197401746288,115,2897,128,11459,8630,31
197401757363,168,3039,306,32205,8631,31
197401768584,183,3422,44,1525,8632,31
197401779614,197,3311,423,35172,8633,31
197401790933,339,3212,175,16722,8634,31
197401801932,238,4041,61,2810,8635,31
197401812840,170,3357,95,7361,8636,31
197401824159,183,3550,51,1847,8637,31
197401835135,214,2932,165,15100,8638,31
197401846317,118,3407,102,7913,8639,31
197401857073,449,3359,46,1170,8640,31
197401868342,123,3946,308,31361,8641,31
197401879458,338,3292,176,16443,8642,31
197401890532,116,3166,106,8536,8643,31
197401901734,244,3544,166,15262,8644,31
197401912717,202,3039,53,2360,8645,31
197401923903,181,3516,60,2583,8646,31
197401934908,130,3051,82,2096,8647,31
197401946325,516,3018,119,8189,8648,31
197401957342,169,3234,168,15516,8649,31
197401968291,138,3894,96,7603,8650,31
197401979360,183,3553,57,1978,8651,31
197401990388,161,3389,52,2290,8652,31
197402001933,181,3142,161,14638,8653,31
197402012984,413,4668,106,8137,8654,31
197402023800,240,4535,77,4039,8655,31
197402034968,214,3327,59,2467,8656,31
197402046272,210,3324,328,31282,8657,31
197402057214,185,3568,119,9650,8658,31
197402068249,126,5051,48,2140,8659,31
197402079493,340,3160,164,14916,8660,31
197402090553,318,3220,46,2102,8661,31
197402101761,278,2770,105,7632,8662,31
197402112823,173,3266,48,2210,8663,31
197402123940,122,4215,53,1888,8664,31
197402134903,157,3541,80,5132,8665,31
197402146103,308,4009,355,35177,8666,31
197402157114,123,3142,154,13638,8667,31
197402168308,174,3653,402,31712,8668,31
197402179380,121,3272,54,1363,8669,31
197402190520,255,3388,351,34867,8670,31
197402201484,131,3020,72,3708,8671,31
197402213031,133,2776,60,2568,8672,31
197402224008,127,3459,52,1842,8673,31
197402235232,270,2951,52,2001,8674,31
197402245877,120,3406,128,2924,8675,31
197402257091,139,3624,420,35429,8676,31
197402268081,24,3792,71,3761,8676,32
197402279679,278,3713,107,7976,8677,32
197402290763,215,3675,183,13880,8678,32
197402301517,167,3614,61,1439,8679,32
197402313063,260,2882,39,1004,8680,32
197402323650,370,3527,340,34861,8681,32
197402335150,104,2975,181,17034,8682,32
197402346265,407,3744,106,7751,8683,32
197402357544,153,2818,56,2357,8684,32
197402368150,255,3209,54,1939,8685,32
197402379618,177,3380,160,14368,8686,32
197402390752,295,3399,103,7651,8687,32
197402401847,199,3515,352,14957,8688,32
197402413101,182,3221,53,1986,8689,32
197402423672,232,4745,59,2271,8690,32
197402435261,156,3329,62,1920,8691,32
197402446252,177,2909,107,7969,8692,32
197402457323,249,3303,176,15375,8693,32
197402468454,255,3295,109,7857,8694,32
197402479517,174,3339,73,4383,8695,32
197402490322,290,3450,340,35155,8696,32
197402501819,400,3864,184,16362,8697,32
197402513324,293,4113,103,7915,8698,32
197402523968,172,4212,48,1020,8699,32
197402535145,300,3944,388,42814,8700,32
197402546081,193,3278,81,5098,8701,32
197402557148,131,3520,120,9024,8702,32
197402568228,148,3256,57,2242,8703,32
197402579258,139,3244,188,15612,8704,32
197402590295,135,4073,54,1348,8705,32
197402603587,237,3558,363,35108,8706,32
197402612961,244,4038,102,3939,8707,32
197402623871,127,3312,55,2148,8708,32
197402634953,123,3253,165,14351,8709,32
197402646018,176,3346,119,7695,8710,32
197402657065,243,3212,166,15036,8711,32
197402668165,183,3336,112,1998,8712,32
197402679631,136,3267,55,2235,8713,32
197402690351,882,3516,134,7996,8714,32
197402701432,363,3630,170,15322,8715,32
197402712830,120,3734,53,2376,8716,32
197402723873,185,3844,157,7953,8717,32
197402735093,143,3068,49,2039,8718,32
197402746112,114,3179,307,14572,8719,32
197402757156,120,3630,54,2190,8720,32
197402768298,188,3549,105,7784,8721,32
197402779331,245,3133,49,1981,8722,32
197402790403,223,3228,190,14807,8723,32
197402801539,161,3165,59,2610,8724,32
197402812590,288,3057,95,7335,8725,32
197402823696,327,4276,92,5070,8726,32
197402834745,200,3574,328,32595,8727,32
197402846284,136,3238,206,9499,8728,32
197402857378,242,2938,59,2525,8729,32
197402868499,398,3918,56,1966,8730,32
197402879689,126,4097,155,13890,8731,32
197402890841,279,2762,57,1743,8732,32
197402901939,171,2708,347,35280,8733,32
197402913033,160,2639,211,16675,8734,32
197402949926,272,2792,56,1589,8735,32
197402964286,162,2741,546,35128,8736,32
197402975472,149,4176,93,3776,8737,32
197402986502,121,4404,66,2401,8738,32
197402998193,145,4525,63,1848,8739,32
197403008833,134,4202,239,14369,8740,32
197403020012,304,3226,158,7677,8741,32
197403030996,227,3507,178,14945,8742,32
197403042046,680,5191,51,1931,8743,32
197403053105,142,3247,55,2231,8744,32
197403064643,304,4805,99,6718,8745,32
197403075238,244,3803,273,23836,8746,32
197403086663,213,4209,53,1304,8747,32
197403097759,189,3410,356,34992,8748,32
197403109030,2512,3924,119,3738,8749,32
197403120119,115,3014,148,13680,8750,32
197403131114,218,2837,49,1990,8751,32
197403142336,360,3575,115,7533,8752,32
197403153337,334,2978,69,3947,8753,32
197403164558,407,3182,334,32860,8754,32
197403175726,371,3200,65,3692,8755,32
197403186489,472,3880,59,2106,8756,32
197403197580,330,3015,50,1266,8757,32
197403209078,140,3531,374,32507,8758,32
197403220076,189,3377,44,1169,8759,32
197403231182,206,3389,418,35178,8760,32
197403241970,148,2953,65,3672,8761,32
197403253534,279,3175,216,14585,8762,32
197403264587,141,3553,89,6666,8763,32
197403275663,135,3090,41,808,8764,32
197403286628,136,3185,364,43146,8765,32
197403297876,465,3055,51,1542,8766,32
197403308855,138,3251,366,33835,8767,32
197403319943,180,3446,115,9314,8768,32
197403330981,316,3719,218,15067,8769,32
197403341995,121,2939,98,7508,8770,32
197403353550,400,3046,2244,1626,8771,32
197403364129,124,3279,182,11970,8772,32
197403375749,149,3805,158,14481,8773,32
197403386946,168,3443,101,7815,8774,32
197403398017,137,2992,47,1914,8775,32
197403408929,151,3293,185,14873,8776,32
197403419988,209,3306,49,1511,8777,32
197403431105,139,3224,380,36867,8778,32
197403442720,196,3869,83,5244,8779,32
197403453248,174,3188,413,32692,8780,32
197403464332,222,3413,66,3613,8781,32
197403475728,318,3596,110,8120,8782,32
197403486910,121,3790,91,1511,8783,32
197403498154,316,3475,378,31639,8784,32
197403508595,221,3654,88,5251,8785,32
197403519774,215,3338,340,35331,8786,32
197403531025,266,4126,184,16643,8787,32
197403542098,688,3713,58,2544,8788,32
197403553119,113,2918,60,2467,8789,32
197403564286,175,2669,105,7181,8790,32
197403575439,157,2679,111,5111,8791,32
197403586473,142,3089,334,32624,8792,32
197403597976,174,2687,126,9569,8793,32
197403608825,134,2660,59,2423,8794,32
197403619979,126,2647,176,14052,8795,32
197403630917,182,2634,63,2035,8796,32
197403663638,325,2814,158,7739,8797,32
197403678004,181,4352,238,12940,8798,32
197403689197,177,4033,164,8146,8799,32
197403700301,207,3907,254,15206,8800,32
197403711418,185,4193,55,1359,8801,32
197403722544,126,2919,454,37422,8802,32
197403733735,264,3156,81,4591,8803,32
197403744794,230,2757,345,35612,8804,32
197403755954,335,4449,70,3819,8805,32
197403766993,280,5107,112,8116,8806,32
197403778284,141,3206,148,12889,8807,32
197403789363,186,3459,305,31609,8808,32
197403800580,497,3695,71,4113,8809,32
197403811770,179,3871,103,7588,8810,32
197403822807,104,3029,52,1998,8811,32
197403833890,128,2982,164,14517,8812,32
197403844632,171,2934,50,1287,8813,32
197403856210,154,2987,394,35152,8814,32
197403867183,132,3460,70,3732,8815,32
197403877996,252,3765,500,14702,8816,32
197403889317,195,3840,101,7812,8817,32
197403900716,402,3469,48,1937,8818,32
197403911582,149,4062,714,14930,8819,32
197403922573,118,3247,57,2314,8820,32
197403933644,169,3001,107,7365,8821,32
197403944652,421,3668,54,2260,8822,32
197403956186,190,3059,165,15150,8823,32
197403967095,121,3243,51,2175,8824,32
197403978140,252,3212,103,7921,8825,32
197403989434,130,2760,51,1959,8826,32
197404000512,321,4284,673,23609,8827,32
197404011621,133,3561,58,2637,8828,32
197404022763,251,3140,109,8217,8829,32
197404033776,153,3255,1782,15065,8830,32
197404044891,158,3964,142,11817,8831,32
197404056064,199,3332,52,2116,8832,32
197404067120,175,3852,103,7467,8833,32
197404079418,122,3692,43,1147,8834,32
197404089502,105,3041,329,31591,8835,32
197404100281,374,2928,63,3529,8836,32
197404111787,229,3133,142,2411,8837,32
197404122805,355,3071,60,2898,8838,32
197404133955,318,3380,339,34930,8839,32
197404144729,223,3544,111,9077,8840,32
197404155917,254,3828,234,23327,8841,32
197404166971,224,2953,44,1568,8842,32
197404178394,114,3274,325,33493,8843,32
197404189471,334,3883,133,10066,8844,32
197404200603,305,3399,195,13788,8845,32
197404211780,210,3811,333,31769,8846,32
197404222837,387,3428,124,9699,8847,32
197404233917,183,3230,49,1550,8848,32
197404245070,264,3409,348,31991,8849,32
197404255984,4439,3056,82,5011,8850,32
197404267066,237,4431,353,35193,8851,32
197404278136,130,3102,147,13729,8852,32
197404289333,122,3716,905,31599,8853,32
197404300539,140,3768,45,1709,8854,32
197404311846,417,4133,1501,36117,8855,32
197404322924,113,3003,69,3709,8856,32
197404333790,110,2974,211,15399,8857,32
197404345041,114,2873,48,1507,8858,32
197404355764,204,3177,177,16868,8859,32
197404366819,345,2995,289,22285,8860,32
197404378378,191,3083,155,14767,8861,32
197404389068,309,3534,119,7121,8862,32
197404400396,356,3177,299,31344,8863,32
197404411516,193,4971,179,16666,8864,32
197404423116,245,3569,65,2780,8865,32
197404433958,228,4623,146,6201,8866,32
197404444942,456,3106,326,31434,8867,32
197404456118,275,3701,72,4268,8868,32
197404467199,163,4282,328,32464,8869,32
197404478209,159,2681,118,9443,8870,32
197404489136,397,3355,61,2344,8871,32
197404500196,156,3450,154,13970,8872,32
197404511756,193,4409,108,7793,8873,32
197404522873,123,3158,53,1855,8874,32
197404533594,119,4154,163,14789,8875,32
197404545136,273,3224,46,1662,8876,32
197404555809,163,3087,1885,31590,8877,32
197404567516,279,3702,113,9226,8878,32
197404578500,119,3409,199,15856,8879,32
197404589121,389,3287,99,6928,8880,32
197404600512,338,3878,220,21643,8881,32
197404611616,125,4383,206,13338,8882,32
197404622784,181,3135,52,2330,8883,32
197404633806,117,4455,171,14717,8884,32
197404644672,300,3393,131,7936,8885,32
197404655949,248,3705,251,15036,8886,32
197404667060,226,4339,61,2293,8887,32
197404678108,213,4076,66,1831,8888,32
197404689495,148,3215,543,36882,8889,32
197404700397,484,2915,173,17171,8890,32
197404711569,160,3236,113,2502,8891,32
197404722531,524,2864,102,7973,8892,32
197404733701,395,3138,52,2218,8893,32
197404744772,367,3645,284,14725,8894,32
197404755913,1079,3115,62,2241,8895,32
197404767167,218,4720,102,8009,8896,32
197404778400,308,3118,49,1903,8897,32
197404789132,271,3158,172,14987,8898,32
197404800614,112,3474,55,2511,8899,32
197404811669,115,3386,52,1969,8900,32
197404822836,345,3791,105,7540,8901,32
197404833969,112,3549,174,15388,8902,32
197404844686,119,3726,98,7703,8903,32
197404855895,181,3694,53,2102,8904,32
197404867067,225,3785,69,2824,8905,32
197404878548,164,3562,349,35249,8906,32
197404889068,213,2960,72,3677,8907,32
197404900383,156,3058,60,3112,8908,32
197404911743,120,3635,51,1840,8909,32
197404922460,1472,3759,51,1847,8910,32
197404933912,180,3758,53,1233,8911,32
197404945207,476,3396,355,34807,8912,32
197404956249,443,3131,179,16969,8913,32
197404967331,241,4167,56,2451,8914,32
197404978401,121,3621,106,7545,8915,32
197404989074,199,3323,57,2305,8916,32
197405004606,252,4182,185,14371,8917,32
197405011372,347,4418,60,2056,8918,32
197405022422,207,3639,102,7752,8919,32
197405033947,126,4306,169,14929,8920,32
197405044971,116,2974,40,1469,8921,32
197405056039,165,3111,373,33739,8922,32
197405067190,150,3324,117,9377,8923,32
197405078362,196,3229,165,15070,8924,32
197405089401,197,3242,95,6525,8925,32
197405100469,425,3002,314,31594,8926,32
197405111666,272,4068,73,4181,8927,32
197405123153,270,3296,84,2352,8928,32
197405133696,119,3230,191,14540,8929,32
197405144752,120,3254,110,8417,8930,32
197405155756,1116,2996,168,15152,8931,32
197405167014,203,3022,49,2135,8932,32
197405178085,146,3246,65,2422,8933,32
197405189112,312,3634,111,8091,8934,32
197405200239,169,3586,168,15331,8935,32
197405211804,21,3386,60,2316,8935,33
197405222852,260,3356,114,8185,8936,33
197405233868,244,2817,52,1920,8937,33
197405244896,161,3490,150,13603,8938,33
197405255943,202,3441,52,1895,8939,33
197405266955,117,2814,102,7820,8940,33
197405278658,265,3031,73,3999,8941,33
197405289387,266,3224,316,33158,8942,33
197405300419,177,3091,65,3696,8943,33
197405311656,158,4167,52,2134,8944,33
197405322595,261,3357,101,7321,8945,33
197405333895,140,3638,176,14740,8946,33
197405344887,142,3187,43,1388,8947,33
197405355940,290,3156,393,35344,8948,33
197405367203,453,3642,71,3804,8949,33
197405378380,441,3160,164,14803,8950,33
197405389357,254,3926,107,7947,8951,33
197405400541,149,3485,46,1954,8952,33
197405411638,150,3348,169,15036,8953,33
197405422714,186,3367,55,2340,8954,33
197405433741,214,3246,137,6685,8955,33
197405444882,124,3345,218,21195,8956,33
197405455886,284,3141,170,15127,8957,33
197405466895,257,3498,49,2104,8958,33
197405477971,291,3112,106,7890,8959,33
197405489231,276,3332,48,1620,8960,33
197405500275,266,3975,239,23257,8961,33
197405511284,218,3878,51,1693,8962,33
197405522879,337,3463,348,35115,8963,33
197405533990,330,3884,346,16747,8964,33
197405545186,449,3327,68,2834,8965,33
197405556138,199,3909,62,1926,8966,33
197405567222,176,4699,187,16739,8967,33
197405578237,125,2935,84,5189,8968,33
197405589379,332,3027,326,32432,8969,33
197405600514,261,4165,135,9555,8970,33
197405611581,143,4300,62,2431,8971,33
197405622801,126,3204,160,14050,8972,33
197405633805,238,3253,59,1977,8973,33
197405644996,168,3337,48,1564,8974,33
197405656006,190,3396,323,32794,8975,33
197405666920,206,3206,71,3554,8976,33
197405678001,165,3180,62,2201,8977,33
197405689107,304,3155,103,7986,8978,33
197405700627,365,3252,168,14607,8979,33
197405711590,228,3222,49,2116,8980,33
197405722472,175,3631,104,7689,8981,33
197405733549,163,3608,53,2272,8982,33
197405744636,221,3094,49,1891,8983,33
197405755747,187,2766,172,14324,8984,33
197405767327,137,4439,57,1912,8985,33
197405777969,189,4094,46,2238,8986,33
197405789073,102,3941,48,1938,8987,33
197405800610,106,4113,45,2189,8988,33
197405811772,86,3123,118,7045,8989,33
197405822403,226,3717,57,1895,8990,33
197405833938,118,3071,163,14880,8991,33
197405844707,320,2899,142,7599,8992,33
197405855725,1539,3308,57,2049,8993,33
197405866906,193,3098,51,1797,8994,33
197405878406,254,3237,161,14324,8995,33
197405889468,1443,3009,179,8189,8996,33
197405900516,259,3746,49,1683,8997,33
197405911433,118,3940,235,24065,8998,33
197405922553,370,3127,52,1748,8999,33
197405933767,245,3534,353,35113,9000,33
197405944760,330,3758,40,774,9001,33
197405955879,235,3757,372,43587,9002,33
197405967179,125,3228,56,1393,9003,33
197405978267,121,2792,360,35313,9004,33
197405989390,167,2626,79,4004,9005,33
197406000488,150,2634,168,14762,9006,33
197406011466,199,2895,114,7848,9007,33
197406048030,201,2703,110,4012,9008,33
197406062334,258,4369,534,35069,9009,33
197406073466,131,4143,91,3855,9010,33
197406084582,118,3826,204,15871,9011,33
197406095725,117,4077,124,6418,9012,33
197406106832,113,2867,648,32209,9013,33
197406117988,207,3203,84,3797,9014,33
197406129086,168,2785,179,14987,9015,33
197406140251,169,3696,124,8035,9016,33
197406151472,174,3053,56,1893,9017,33
197406162167,146,3461,93,6138,9018,33
197406173520,305,5475,356,33992,9019,33
197406184572,156,3221,170,9372,9020,33
197406195757,175,4149,68,3449,9021,33
197406206953,259,3582,154,13859,9022,33
197406218108,127,3046,390,37396,9023,33
197406228900,247,2949,77,3717,9024,33
197406240363,164,3683,62,2665,9025,33
197406251491,219,4474,165,14585,9026,33
197406262666,192,3022,102,8000,9027,33
197406273370,246,3922,54,1907,9028,33
197406284445,109,3422,197,15029,9029,33
197406295497,260,3091,52,2373,9030,33
197406307010,319,3170,62,1982,9031,33
197406318157,127,4018,48,1317,9032,33
197406329193,178,3129,39,781,9033,33
197406340338,281,3463,517,37409,9034,33
197406351398,326,3022,73,3879,9035,33
197406362420,1433,3166,58,2797,9036,33
197406373228,402,4098,52,2147,9037,33
197406384841,209,3190,158,14396,9038,33
197406395974,276,4021,102,7862,9039,33
197406407192,338,3683,249,24197,9040,33
197406418235,2141,3499,63,3208,9041,33
197406429161,239,3574,58,2349,9042,33
197406440254,236,3566,112,6499,9043,33
197406451294,141,3273,366,43591,9044,33
197406462269,228,3569,82,5195,9045,33
197406473333,141,4122,124,9020,9046,33
197406484472,872,3268,71,4556,9047,33
197406495590,118,3177,379,35024,9048,33
197406506621,128,2972,175,16344,9049,33
197406517767,125,3215,104,8068,9050,33
197406529077,106,2893,166,15177,9051,33
197406540075,147,3267,53,2301,9052,33
197406551294,225,2905,74,2551,9053,33
197406562547,416,3804,101,7522,9054,33
197406573668,168,3526,49,1835,9055,33
197406584756,293,3218,167,15294,9056,33
197406595632,407,4352,105,7840,9057,33
197406606743,127,3303,48,2200,9058,33
197406617828,325,4190,49,1946,9059,33
197406628892,178,3311,162,14530,9060,33
197406640285,200,3106,103,8036,9061,33
197406651398,169,3087,49,1926,9062,33
197406662485,282,2884,85,6014,9063,33
197406673614,522,4059,318,33716,9064,33
197406684544,213,3461,95,6099,9065,33
197406695529,347,4259,306,31451,9066,33
197406707185,125,2923,174,16350,9067,33
197406718280,213,3604,122,7744,9068,33
197406729329,147,3547,46,1205,9069,33
197406740383,218,3669,335,32110,9070,33
197406751637,1070,3582,175,16182,9071,33
197406762214,131,2864,108,8669,9072,33
197406773377,141,3775,51,2064,9073,33
197406784586,118,3349,163,15075,9074,33
197406795586,223,3161,58,2426,9075,33
197406806850,431,3641,60,1984,9076,33
197406817945,224,4463,105,7473,9077,33
197406828949,129,3234,58,1831,9078,33
197406840188,307,3477,55,2227,9079,33
197406851264,315,5230,54,1570,9080,33
197406862430,214,4333,135,11810,9081,33
197406873418,129,4896,66,2947,9082,33
197406884537,722,3267,337,35368,9083,33
197406895669,294,3131,118,9468,9084,33
197406906757,118,2849,152,14007,9085,33
197406917733,271,3311,54,2083,9086,33
197406928875,196,3055,223,21335,9087,33
197406940404,155,2679,134,7910,9088,33
197406951382,160,2654,171,14281,9089,33
197406962115,130,2689,56,1827,9090,33
197407002046,1413,3025,68,1221,9091,33
197407017904,282,2743,353,35294,9092,33
197407029009,234,6268,194,16749,9093,33
197407040145,137,4128,73,2515,9094,33
197407051358,170,4073,67,1338,9095,33
197407062473,158,4017,524,35010,9096,33
197407073649,243,4569,71,3761,9097,33
197407084744,140,3366,205,15535,9098,33
197407095491,163,3225,102,7485,9099,33
197407106538,1136,3272,55,2043,9100,33
197407118141,246,4446,163,14388,9101,33
197407129120,128,3238,52,2001,9102,33
197407140182,250,3631,106,7814,9103,33
197407151320,301,3520,47,1858,9104,33
197407162556,212,3121,182,14047,9105,33
197407173513,127,4012,39,966,9106,33
197407184917,134,3297,448,37544,9107,33
197407195636,132,2874,71,4470,9108,33
197407206729,320,2910,164,15644,9109,33
197407217695,148,3238,43,1333,9110,33
197407229259,170,2912,331,35313,9111,33
197407240346,511,3467,74,3937,9112,33
197407251514,226,3158,55,2841,9113,33
197407262562,179,4473,405,35390,9114,33
197407273524,167,3528,118,9484,9115,33
197407284538,174,3581,165,13367,9116,33
197407296881,157,3698,227,21944,9117,33
197407306845,129,3060,48,1319,9118,33
197407317946,286,2828,342,35025,9119,33
197407328966,267,3052,189,17088,9120,33
197407340040,139,3372,62,2496,9121,33
197407351023,136,3190,42,1191,9122,33
197407362535,235,3561,389,35268,9123,33
197407373702,263,4099,179,16323,9124,33
197407384648,179,3473,60,2529,9125,33
197407395744,147,3291,167,7848,9126,33
197407406945,208,2950,239,15047,9127,33
197407418003,214,2933,57,2473,9128,33
197407429069,280,2790,64,1991,9129,33
197407439927,1712,2963,111,8143,9130,33
197407451119,181,3834,170,15214,9131,33
197407462139,216,3780,102,7733,9132,33
197407473768,131,4104,82,1775,9133,33
197407485724,682,4102,51,2042,9134,33
197407496258,256,3012,47,1764,9135,33
197407506886,145,3701,251,14602,9136,33
197407518536,515,3473,67,1627,9137,33
197407528829,132,3440,339,33043,9138,33
197407540332,1133,3101,64,3225,9139,33
197407551610,330,3613,183,12031,9140,33
197407562656,112,2846,97,6917,9141,33
197407573265,311,3588,172,11657,9142,33
197407584763,297,2948,81,4241,9143,33
197407595516,387,3411,394,35238,9144,33
197407606534,231,3564,76,3715,9145,33
197407618056,273,4746,154,13659,9146,33
197407628981,395,3186,56,1691,9147,33
197407640237,119,4314,359,35422,9148,33
197407651243,173,3418,36,713,9149,33
197407662499,214,3372,448,42977,9150,33
197407673428,250,3031,86,5317,9151,33
197407684535,176,2710,71,2706,9152,33
197407695774,245,2629,57,1337,9153,33
197407735550,156,3267,333,32330,9154,33
197407753459,394,2865,97,6266,9155,33
197407761659,264,2645,133,7904,9156,33
197407772780,104,2675,44,1876,9157,33
197407783955,218,2695,262,14167,9158,33
197407795075,195,4059,79,2345,9159,33
197407806282,292,3978,173,7194,9160,33
197407816914,113,4449,55,1803,9161,33
197407827978,111,4065,159,14908,9162,33
197407839329,216,3262,56,2087,9163,33
197407850531,274,3574,105,7845,9164,33
197407861562,195,3403,74,4562,9165,33
197407872592,382,3222,364,35419,9166,33
197407883748,148,4593,188,16413,9167,33
197407894803,127,3377,104,8129,9168,33
197407905930,302,3426,164,15141,9169,33
197407917036,211,4123,51,2204,9170,33
197407928044,528,3399,156,1763,9171,33
197407939181,139,3422,347,35000,9172,33
197407950257,173,3511,68,3800,9173,33
197407961286,146,3326,172,15791,9174,33
197407972453,106,3355,98,7421,9175,33
197407983620,141,3361,54,2075,9176,33
197407994625,656,3577,153,13358,9177,33
197408005873,217,3514,303,31778,9178,33
197408017674,133,3771,121,9799,9179,33
197408028248,147,3390,48,2204,9180,33
197408039334,167,3599,171,14933,9181,33
197408050446,192,3801,55,2620,9182,33
197408061645,374,3369,76,1391,9183,33
197408072585,199,2885,359,34991,9184,33
197408083596,135,3006,184,17116,9185,33
197408094847,180,2957,103,7885,9186,33
197408105918,207,3051,54,2220,9187,33
197408117058,148,3575,48,1878,9188,33
197408128010,297,3097,172,14429,9189,33
197408139167,453,3334,150,7298,9190,33
197408150293,109,3610,1153,43017,9191,33
197408161698,329,3335,84,5241,9192,33
197408172710,229,3815,72,3365,9193,33
197408183781,142,2673,67,2614,9194,33
197408195042,341,2984,100,7030,9195,33
197408206070,278,2919,348,33835,9196,33
197408217135,342,3641,63,3122,9197,33
197408228245,313,3182,121,8216,9198,33
197408239399,406,3524,57,2056,9199,33
197408250500,409,3200,762,14752,9200,33
197408261506,117,4140,55,2090,9201,33
197408272652,229,2955,106,7175,9202,33
197408283711,132,2935,373,43512,9203,33
197408294970,170,2617,85,5337,9204,33
197408306017,140,2685,125,9170,9205,33
197408317082,127,2700,60,2406,9206,33
197408328214,167,2711,209,15789,9207,33
197408339287,159,2665,107,6953,9208,33
197408350417,117,2756,352,31741,9209,33
197408361421,222,2791,70,4011,9210,33
197408372365,109,2682,53,2299,9211,33
197408383605,158,2713,249,14627,9212,33
197408424529,198,2696,162,8234,9213,33
197408438949,187,2714,101,3523,9214,33
197408450096,154,2694,262,15431,9215,33
197408461153,202,4643,77,1472,9216,33
197408472227,251,4609,577,37251,9217,33
197408483392,140,4060,99,4414,9218,33
197408494508,197,4153,353,35713,9219,33
197408505633,165,3724,75,3834,9220,33
197408516747,177,2911,175,8130,9221,33
197408527858,280,3292,166,12833,9222,33
197408539038,392,3032,320,31842,9223,33
197408550112,197,3166,49,1761,9224,33
197408561319,143,4017,341,33872,9225,33
197408572351,253,3438,121,9285,9226,33
197408583375,191,4421,169,14946,9227,33
197408594376,418,3759,96,7153,9228,33
197408605443,161,3879,239,21528,9229,33
197408617813,381,4097,63,1701,9230,33
197408628024,162,3791,168,14070,9231,33
197408638797,135,3109,100,7488,9232,33
197408650026,130,2942,60,1515,9233,33
197408661125,133,3439,182,14579,9234,33
197408672157,127,2808,60,1689,9235,33
197408683442,201,2949,58,1866,9236,33
197408694586,397,3232,179,16371,9237,33
197408705619,229,3382,347,34760,9238,33
197408716611,249,3064,63,3119,9239,33
197408728099,229,2935,110,7906,9240,33
197408739009,381,3070,57,2145,9241,33
197408750098,155,3611,164,14498,9242,33
197408761160,156,4723,55,1968,9243,33
197408772172,260,3265,342,35246,9244,33
197408783182,120,3197,180,16805,9245,33
197408794333,160,3784,64,2807,9246,33
197408805691,127,3560,52,2081,9247,33
197408816399,278,3109,97,7414,9248,33
197408827992,120,3684,202,9099,9249,33
197408839206,146,3045,331,32155,9250,33
197408850215,214,3395,125,9508,9251,33
197408861230,276,4746,63,2740,9252,33
197408872285,507,4057,177,14502,9253,33
197408883548,162,3658,69,2299,9254,33
197408894283,291,3825,55,1671,9255,33
197408905629,194,3736,340,32915,9256,33
197408916382,124,3026,72,3568,9257,33
197408927753,127,3078,64,2212,9258,33
197408938805,617,2875,110,7679,9259,33
197408949843,1614,2901,171,14775,9260,33
197408960817,189,4243,55,2167,9261,33
197408972045,150,3288,111,7818,9262,33
197408983141,136,3386,57,2032,9263,33
197408994211,347,3475,47,1700,9264,33
197409005741,183,2929,82,5138,9265,33
197409016814,135,3369,418,35046,9266,33
197409027566,125,3167,131,4681,9267,33
197409038989,246,2956,54,2115,9268,33
197409049980,154,2923,49,1969,9269,33
197409061171,132,3457,95,1727,9270,33
197409072131,288,3037,106,7209,9271,33
197409083202,269,3194,176,13930,9272,33
197409094298,149,3775,215,16775,9273,33
197409105356,116,3702,73,4525,9274,33
197409116841,126,3755,360,34799,9275,33
197409127900,285,3318,180,16352,9276,33
197409139012,117,3319,115,8171,9277,33
197409150147,170,3717,55,2082,9278,33
197409161212,206,3779,172,15058,9279,33
197409172684,828,4121,53,1480,9280,33
197409183382,143,3087,533,34785,9281,33
197409194604,350,3092,70,3776,9282,33
197409205663,116,3752,169,15681,9283,33
197409216692,130,3012,97,7469,9284,33
197409227589,114,3386,50,1876,9285,33
197409238990,116,2898,112,4387,9286,33
197409249813,251,2934,357,35286,9287,33
197409261271,146,3793,611,3845,9288,33
197409272641,265,3428,106,8025,9289,33
197409283405,264,3464,77,4069,9290,33
197409294640,200,3750,320,33620,9291,33
197409305622,22,5399,74,3772,9291,34
197409316724,127,5491,98,6952,9292,34
197409327953,126,3548,398,33449,9293,34
197409338885,291,3120,51,2396,9294,34
197409349988,110,3106,46,1203,9295,34
197409360995,132,4164,330,35011,9296,34
197409372363,126,3244,154,13254,9297,34
197409383164,118,2909,313,31504,9298,34
197409394265,318,2966,51,1573,9299,34
197409405727,329,3215,324,32832,9300,34
197409416951,136,2849,69,3514,9301,34
197409427571,201,3264,57,2161,9302,34
197409438634,288,3218,103,7859,9303,34
197409450167,352,3884,221,14688,9304,34
197409461166,132,4463,55,2128,9305,34
197409472330,281,3127,107,7561,9306,34
197409483362,434,3733,138,11708,9307,34
197409494459,279,4152,56,1918,9308,34
197409505505,131,4248,160,14363,9309,34
197409516615,216,3102,71,2136,9310,34
197409527695,220,3477,63,2473,9311,34
197409538963,124,3362,48,1892,9312,34
197409550026,115,2732,50,1496,9313,34
197409560941,360,3542,52,1191,9314,34
197409572026,362,3112,379,34986,9315,34
197409583182,326,3996,163,14262,9316,34
197409594473,255,3893,400,36961,9317,34
197409605276,165,3691,76,4551,9318,34
197409616802,153,3108,459,35196,9319,34
197409627799,144,3669,184,16484,9320,34
197409638985,125,2902,110,8236,9321,34
197409649992,135,3136,56,2104,9322,34
197409661233,129,3606,170,15217,9323,34
197409672356,130,3156,47,1485,9324,34
197409683480,154,3143,363,34876,9325,34
197409694571,308,3029,72,3704,9326,34
197409705568,271,4662,195,15558,9327,34
197409716456,416,3043,114,7572,9328,34
197409727575,226,3602,61,2007,9329,34
197409738833,255,3189,60,2363,9330,34
197409749930,348,4405,167,14524,9331,34
197409761180,247,3406,50,2146,9332,34
197409772224,253,3303,119,7974,9333,34
197409783522,414,4190,89,4051,9334,34
197409794485,147,3471,361,33731,9335,34
197409805565,168,3018,69,3757,9336,34
197409816676,219,3074,111,7707,9337,34
197409827790,339,3252,163,14858,9338,34
197409838881,423,3946,51,2217,9339,34
197409849889,333,3764,101,6940,9340,34
197409860896,233,3852,310,32017,9341,34
197409871918,343,3257,186,16288,9342,34
197409883290,242,3330,60,2470,9343,34
197409894313,346,4318,108,7970,9344,34
197409905809,255,3833,169,15080,9345,34
197409917157,229,4345,58,2051,9346,34
197409927792,125,3627,63,2396,9347,34
197409938879,205,3550,108,8031,9348,34
197409949930,343,3516,196,15318,9349,34
197409961107,189,3884,61,2300,9350,34
197409972292,307,3001,111,8059,9351,34
197409983265,357,2909,49,2273,9352,34
197409994196,212,3742,103,1907,9353,34
197410005297,178,4082,166,14711,9354,34
197410016508,252,3490,55,1802,9355,34
197410027573,157,3190,362,35188,9356,34
197410038613,366,3644,247,16791,9357,34
197410050172,408,3184,61,2810,9358,34
197410061354,181,3169,99,7413,9359,34
197410072279,123,3723,57,1940,9360,34
197410083438,121,3056,80,4274,9361,34
197410094410,257,3182,392,35086,9362,34
197410105466,299,3305,84,3749,9363,34
197410116516,388,3109,74,2396,9364,34
197410127512,379,3735,176,14545,9365,34
197410138641,167,3749,118,7775,9366,34
197410150179,409,4062,80,4152,9367,34
197410161179,153,4602,361,32904,9368,34
197410171964,161,4101,79,3688,9369,34
197410183323,168,2686,57,1359,9370,34
197410194466,269,3251,48,644,9371,34
197410205486,127,3582,588,32453,9372,34
197410216520,183,2677,173,9453,9373,34
197410227686,145,3845,49,2085,9374,34
197410238794,109,3845,52,2165,9375,34
197410249944,109,4040,154,13884,9376,34
197410260988,126,4555,48,1952,9377,34
197410272070,113,3001,106,7689,9378,34
197410283187,465,3528,190,14442,9379,34
197410294546,216,3900,453,21954,9380,34
197410305589,188,3824,97,7020,9381,34
197410316710,140,4459,54,1685,9382,34
197410327788,414,3600,161,14787,9383,34
197410338678,113,3425,48,1828,9384,34
197410349740,137,2917,103,7482,9385,34
197410361257,223,3749,75,1656,9386,34
197410372593,253,3557,153,13102,9387,34
197410383462,263,3150,48,1637,9388,34
197410394602,214,3241,189,17280,9389,34
197410405536,1715,3828,167,14646,9390,34
197410416594,200,3723,61,2009,9391,34
197410428089,366,3529,64,1752,9392,34
197410439016,296,3692,387,34661,9393,34
197410450074,228,3679,40,722,9394,34
197410461197,233,3669,376,43235,9395,34
197410472187,312,3278,168,10366,9396,34
197410483529,234,3522,65,3101,9397,34
197410494464,308,3893,65,3071,9398,34
197410505618,210,4123,1696,35077,9399,34
197410516580,116,3007,117,9627,9400,34
197410527638,822,3706,50,2204,9401,34
197410538707,115,3381,160,13234,9402,34
197410549946,152,3376,301,21588,9403,34
197410561156,168,3693,108,7223,9404,34
197410572294,212,3221,293,1586,9405,34
197410583043,144,3051,168,14148,9406,34
197410594667,182,3003,112,7416,9407,34
197410605503,202,3199,57,1384,9408,34
197410616441,247,3034,414,31687,9409,34
197410627486,234,3057,189,16148,9410,34
197410639082,359,3237,118,8506,9411,34
197410650209,311,3375,185,15224,9412,34
197410661293,159,4555,65,2197,9413,34
197410672183,206,3146,63,2451,9414,34
197410683276,197,4157,159,8227,9415,34
197410694368,215,4382,53,1966,9416,34
197410705374,144,3319,200,15307,9417,34
197410716521,365,3354,61,2331,9418,34
197410727745,134,3405,109,8105,9419,34
197410738933,111,3382,73,2061,9420,34
197410749711,235,3430,158,14792,9421,34
197410761913,80,3498,60,2282,9421,35
197410772353,189,3212,166,1549,9422,35
197410783375,191,3051,393,32940,9423,35
197410794578,125,3250,65,3537,9424,35
197410805548,174,3734,106,8291,9425,35
197410816742,157,3341,52,2007,9426,35
197410827875,246,3454,249,14800,9427,35
197410838932,182,3259,52,1516,9428,35
197410850000,157,4425,346,35245,9429,35
197410861115,258,3858,82,4003,9430,35
197410872292,132,3098,58,2209,9431,35
197410883214,343,3540,88,4943,9432,35
197410894464,123,3159,426,35292,9433,35
197410905604,140,3293,111,5990,9434,35
197410916640,300,4022,323,33137,9435,35
197410928098,126,3479,81,3656,9436,35
197410938629,352,3098,140,7960,9437,35
197410949700,257,3661,159,14525,9438,35
197410961100,153,4293,67,2139,9439,35
197410972071,187,3315,107,7563,9440,35
197410983380,192,3529,56,2106,9441,35
197410994554,442,3825,161,14314,9442,35
197411005461,179,3090,53,1948,9443,35
197411016494,126,3096,147,7856,9444,35
197411027593,212,3308,49,1812,9445,35
197411038788,284,3434,293,6008,9446,35
197411049780,2274,3192,388,33867,9447,35
197411061101,145,4730,113,6070,9448,35
197411072214,149,3715,470,31434,9449,35
197411083437,362,3334,176,15328,9450,35
197411094435,304,3218,265,27056,9451,35
197411105515,236,3833,81,4752,9452,35
197411116749,131,3360,360,35169,9453,35
197411127752,300,3193,177,16358,9454,35
197411138796,271,3232,110,8131,9455,35
197411150114,119,3580,163,15143,9456,35
197411161213,120,4043,53,2206,9457,35
197411172324,160,3091,65,2449,9458,35
197411183099,196,3928,121,8801,9459,35
197411194331,273,3759,50,1926,9460,35
197411205333,315,4236,168,15312,9461,35
197411216892,205,4143,104,7743,9462,35
197411227953,168,3857,51,1090,9463,35
197411239030,233,3634,355,32087,9464,35
197411250188,179,3277,225,16489,9465,35
197411261262,146,4481,59,2477,9466,35
197411272332,113,3281,106,8058,9467,35
197411283735,177,2934,169,15141,9468,35
197411294195,187,3833,57,2437,9469,35
197411305593,110,3370,107,8120,9470,35
197411316794,141,3936,47,1016,9471,35
197411328033,167,3676,363,43926,9472,35
197411338561,331,4021,92,5245,9473,35
197411350203,270,4221,130,8852,9474,35
197411361177,134,3263,76,4536,9475,35
197411372376,297,2869,610,35404,9476,35
197411383504,170,2686,198,16370,9477,35
197411394196,142,2645,114,8142,9478,35
197411405389,164,2679,175,14991,9479,35
197411416421,176,2648,53,2253,9480,35
197411427487,160,2747,82,1816,9481,35
197411439055,151,2730,466,34912,9482,35
197411450185,121,2706,111,3801,9483,35
197411510340,174,2787,264,15822,9484,35
197411524517,199,2672,87,2864,9485,35
197411536125,153,4369,202,11334,9486,35
197411546721,151,4238,198,11343,9487,35
197411557933,242,4251,64,1681,9488,35
197411569012,172,4128,141,7134,9489,35
197411580103,193,3814,66,1713,9490,35
197411591301,141,3055,57,2098,9491,35
197411602443,138,3766,53,1526,9492,35
197411613411,130,2654,52,1794,9493,35
197411624821,218,3406,157,14078,9494,35
197411636237,114,3333,45,1806,9495,35
197411646892,318,2954,106,7697,9496,35
197411658213,211,4404,173,14723,9497,35
197411669181,238,3401,50,1560,9498,35
197411680391,265,3769,115,7635,9499,35
197411691327,299,3013,65,2487,9500,35
197411702433,283,3831,354,39685,9501,35
197411713426,154,3573,130,3773,9502,35
197411724476,407,4119,106,8233,9503,35
197411735726,170,3712,54,2326,9504,35
197411746931,338,3734,49,1922,9505,35
197411758170,163,3605,80,5306,9506,35
197411769143,111,3809,368,35392,9507,35
197411780406,158,4093,177,16757,9508,35
197411791435,848,4037,57,2666,9509,35
197411802516,126,3886,54,2107,9510,35
197411813430,121,2989,281,26626,9511,35
197411824589,173,2919,74,5291,9512,35
197411835830,195,3857,430,32806,9513,35
197411846867,305,4434,195,6987,9514,35
197411857915,129,3175,331,31889,9515,35
197411868959,143,3076,144,13057,9516,35
197411880599,111,3371,347,31731,9517,35
197411891185,340,3002,115,9609,9518,35
197411902305,110,2952,47,2242,9519,35
197411913862,137,3167,347,14972,9520,35
197411924853,124,2982,50,2502,9521,35
197411935911,207,3460,54,1426,9522,35
197411946975,118,3331,268,25116,9523,35
197411958308,170,3593,289,25961,9524,35
197411969410,271,3138,106,8383,9525,35
197411980488,339,3438,164,1395,9526,35
197411991430,382,3122,42,778,9527,35
197412002747,221,3453,350,42643,9528,35
197412013449,194,4156,282,10963,9529,35
197412024768,225,3113,188,15626,9530,35
197412035794,169,4438,65,2703,9531,35
197412047098,133,2956,63,2821,9532,35
197412058181,142,2812,69,2301,9533,35
197412069219,190,2965,101,7825,9534,35
197412080302,146,3448,165,15593,9535,35
197412091365,243,3243,108,7910,9536,35
197412102329,210,3467,50,2146,9537,35
197412113590,343,3476,88,2462,9538,35
197412124727,149,2986,156,14843,9539,35
197412135677,451,4751,60,2363,9540,35
197412146685,150,3644,107,8304,9541,35
197412158309,296,3768,168,15347,9542,35
197412169297,191,3598,53,2378,9543,35
197412180369,119,4468,127,8390,9544,35
197412191611,164,6328,770,4224,9545,35
197412202711,138,4083,329,32774,9546,35
197412214024,144,3098,69,3547,9547,35
197412224507,384,3049,105,8025,9548,35
197412235810,109,3565,51,1951,9549,35
197412246821,181,2906,145,12971,9550,35
197412257878,177,3184,70,1688,9551,35
197412268952,1092,3624,251,17565,9552,35
197412280451,25,3397,57,2063,9552,36
197412291579,380,3838,172,14544,9553,36
197412302613,217,4048,56,2291,9554,36
197412313635,430,3650,88,5602,9555,36
197412324731,440,3277,354,32262,9556,36
197412335705,337,3973,181,16849,9557,36
197412346870,374,3206,100,7811,9558,36
197412357918,127,2962,139,12028,9559,36
197412369290,126,2845,66,2957,9560,36
197412380087,221,3405,369,35467,9561,36
197412391369,154,2958,119,9475,9562,36
197412402468,332,3524,99,2321,9563,36
197412413701,124,3354,150,13387,9564,36
197412424709,283,3811,150,12352,9565,36
197412435919,156,4233,151,7533,9566,36
197412446890,130,2769,50,1687,9567,36
197412457983,213,4072,242,23541,9568,36
197412469160,219,4169,172,8324,9569,36
197412480184,93,3977,40,1791,9570,36
197412491334,145,4483,343,32502,9571,36
197412502551,101,2765,181,16404,9572,36
197412514217,748,3944,62,1902,9573,36
197412525024,1138,3668,125,2612,9574,36
197412535856,109,3181,41,707,9575,36
197412546943,176,3101,313,31674,9576,36
197412558383,262,2867,72,3597,9577,36
197412568988,400,3170,103,7922,9578,36
197412580165,356,3456,59,1990,9579,36
197412591582,387,3857,68,2331,9580,36
197412602277,221,4001,62,1811,9581,36
197412613554,379,3346,53,2049,9582,36
197412624826,395,3579,165,14211,9583,36
197412635861,235,4444,51,2059,9584,36
197412646686,264,3597,104,7907,9585,36
197412657903,145,3348,178,14993,9586,36
197412669056,182,3325,46,1848,9587,36
197412680538,217,3993,219,17840,9588,36
197412691505,202,3047,78,4381,9589,36
197412702694,139,3511,382,32886,9590,36
197412713880,115,3311,65,3574,9591,36
197412724954,159,4088,918,8125,9592,36
197412736169,157,3424,52,2163,9593,36
197412747172,218,3073,51,1818,9594,36
197412758170,171,3286,88,5196,9595,36
197412769175,138,2799,121,5002,9596,36
197412780236,400,3145,349,43007,9597,36
197412791391,114,3049,293,5149,9598,36
197412802463,236,3713,89,2596,9599,36
197412813667,175,3431,178,17151,9600,36
197412824799,208,3646,81,5290,9601,36
197412835890,172,4353,325,32852,9602,36
197412846996,1268,3369,144,9563,9603,36
197412858052,193,3232,63,2565,9604,36
197412868963,114,3140,154,14050,9605,36
197412880512,138,3404,64,1937,9606,36
197412891368,195,3277,104,7614,9607,36
197412902371,121,3929,54,1767,9608,36
197412913537,176,2838,161,14652,9609,36
197412924781,116,2684,76,2493,9610,36
197412935866,236,4506,336,7337,9611,36
197412947068,406,2944,51,1671,9612,36
197412958252,324,3006,262,24331,9613,36
197412969331,203,3355,108,8418,9614,36
197412980334,178,2665,62,2327,9615,36
197412991504,139,2777,49,2017,9616,36
197413002557,179,2740,177,14701,9617,36
197413013635,150,2671,55,2240,9618,36
197413024738,136,2664,161,12282,9619,36
197413035896,111,3139,58,1357,9620,36
197413050202,369,35045,81,683,9621,36
197413097580,269,3215,353,35238,9622,36
197413108170,192,2683,53,1061,9623,36
197413119261,158,3982,503,31354,9624,36
197413130342,151,3927,103,4786,9625,36
197413141431,210,4683,517,35199,9626,36
197413152564,117,4183,266,16693,9627,36
197413163747,137,2736,65,2578,9628,36
197413174854,376,3307,62,2460,9629,36
197413185902,248,4324,62,1975,9630,36
197413197214,191,3176,110,8206,9631,36
197413208057,260,3992,170,15141,9632,36
197413219049,234,5032,103,7517,9633,36
197413231444,126,3844,59,2427,9634,36
197413241529,186,3501,52,2039,9635,36
197413252573,165,3315,164,14559,9636,36
197413263800,297,3996,107,7917,9637,36
197413275021,391,3341,48,1886,9638,36
197413286109,132,4001,165,14829,9639,36
197413297258,123,3427,53,2345,9640,36
197413308288,122,2833,214,8320,9641,36
197413319342,112,3049,52,1816,9642,36
197413330415,120,2911,165,15356,9643,36
197413341433,139,2794,57,1991,9644,36
197413352451,221,3356,103,7634,9645,36
197413363512,201,2983,54,2057,9646,36
197413374557,239,3067,157,14438,9647,36
197413386109,165,3446,52,1664,9648,36
197413397203,270,3178,78,4968,9649,36
197413408133,340,3659,343,43147,9650,36
197413419264,179,4173,80,5449,9651,36
197413430366,130,3422,245,1430,9652,36
197413441478,289,3229,346,35282,9653,36
197413452626,149,3619,68,4459,9654,36
197413463640,284,3325,471,32874,9655,36
197413474829,144,4084,117,9567,9656,36
197413486004,127,3793,56,2366,9657,36
197413497262,325,3055,180,13832,9658,36
197413508313,135,3604,140,12040,9659,36
197413519447,287,3367,43,1556,9660,36
197413530612,114,4029,308,33103,9661,36
197413541593,122,3227,68,3553,9662,36
197413552812,111,3115,48,2198,9663,36
197413563643,111,2625,93,6877,9664,36
197413574860,355,4292,321,23826,9665,36
197413586007,343,4505,61,2841,9666,36
197413597242,397,3124,109,8050,9667,36
197413608223,402,3787,59,2305,9668,36
197413619640,481,3259,52,1916,9669,36
197413630610,119,3627,86,5373,9670,36
197413641323,127,3110,333,35463,9671,36
197413652875,339,3587,181,16734,9672,36
197413663937,326,3280,60,2420,9673,36
197413674964,161,3753,61,2371,9674,36
197413686164,359,3733,117,8297,9675,36
197413697255,232,3379,60,1942,9676,36
197413708344,152,3205,179,14824,9677,36
197413719390,146,2851,107,7485,9678,36
197413730385,211,2986,55,2143,9679,36
197413741503,118,3825,94,1817,9680,36
197413752516,308,3348,159,14458,9681,36
197413763614,194,3816,108,8096,9682,36
197413774991,287,3981,58,1866,9683,36
197413785889,389,4328,168,14905,9684,36
197413796923,143,3696,49,2283,9685,36
197413807950,309,3138,214,8252,9686,36
197413819301,211,3497,53,1673,9687,36
197413830411,3466,3158,292,24595,9688,36
197413841496,110,2724,57,2939,9689,36
197413852716,344,3022,109,8286,9690,36
197413863761,364,3219,57,1921,9691,36
197413874798,299,4378,291,23742,9692,36
197413885962,253,3502,49,1352,9693,36
197413897069,296,3271,373,37549,9694,36
197413908401,451,3071,196,16905,9695,36
197413919455,478,3612,61,3003,9696,36
197413930571,319,3047,68,2176,9697,36
197413941259,160,3395,120,8119,9698,36
197413952345,162,3349,83,5214,9699,36
197413963886,115,3490,339,32369,9700,36
197413974745,130,3157,116,9445,9701,36
197413985817,121,3481,58,2589,9702,36
197413996863,109,3230,151,14028,9703,36
197414008119,123,2847,52,1988,9704,36
197414019265,375,2895,46,1610,9705,36
197414030450,181,3318,343,32786,9706,36
197414041631,195,3031,210,3517,9707,36
197414052663,146,3792,56,2177,9708,36
197414063908,413,3834,92,6682,9709,36
197414074928,212,3350,422,33232,9710,36
197414085935,265,3742,63,2456,9711,36
197414097065,119,3197,102,7712,9712,36
197414108104,214,3708,208,2259,9713,36
197414119397,152,3082,46,1681,9714,36
197414130458,170,3702,242,14167,9715,36
197414141670,263,4153,83,1950,9716,36
197414152812,203,3439,74,2313,9717,36
197414163811,228,2891,51,1868,9718,36
197414174917,537,2919,51,2102,9719,36
197414186025,152,3571,60,1840,9720,36
197414196969,166,3230,104,8000,9721,36
197414208135,252,3311,235,15035,9722,36
197414219372,222,3213,123,7469,9723,36
197414230445,172,3412,56,1963,9724,36
197414241479,166,3730,51,1744,9725,36
197414252722,260,2964,167,14324,9726,36
197414263894,245,2986,104,7917,9727,36
197414274988,219,3405,44,1647,9728,36
197414285974,126,3661,165,14815,9729,36
197414297236,354,3011,55,1709,9730,36
197414308208,139,3028,348,33858,9731,36
197414319390,148,3379,117,9422,9732,36
197414330391,198,3602,165,15184,9733,36
197414341777,252,3403,104,7635,9734,36
197414352416,186,3959,55,1971,9735,36
197414363931,145,3155,69,4520,9736,36
197414374977,252,3090,413,35412,9737,36
197414386275,128,3454,70,3848,9738,36
197414396980,173,3410,112,8057,9739,36
197414407991,386,4910,170,13413,9740,36
197414419062,257,3673,228,21844,9741,36
197414430614,523,4053,57,1501,9742,36
197414441575,254,4711,239,16671,9743,36
197414452691,156,3797,165,14282,9744,36
197414463791,207,3630,50,1856,9745,36
197414474799,161,2758,104,7711,9746,36
197414486226,282,4071,50,1645,9747,36
197414497056,391,3270,156,13303,9748,36
197414508106,143,2655,57,1629,9749,36
197414519160,142,2635,104,7552,9750,36
197414530252,30,2636,61,1637,9750,37
197414541268,147,2758,163,14369,9751,37
197414552782,112,2703,77,2321,9752,37
197414592861,233,2725,52,1404,9753,37
197414607157,303,3189,349,35382,9754,37
197414618300,198,2748,69,3979,9755,37
197414629441,224,3371,157,13539,9756,37
197414640700,208,2799,367,37456,9757,37
197414651885,141,2771,79,4149,9758,37
197414662642,219,4198,350,33192,9759,37
197414673734,201,4455,104,3370,9760,37
197414684892,217,4515,275,11884,9761,37
197414696469,183,3859,77,1273,9762,37
197414707027,155,3176,347,32542,9763,37
197414718323,306,3612,123,9440,9764,37
197414729780,130,4343,56,2223,9765,37
197414740777,323,3369,55,2358,9766,37
197414751857,232,3516,160,13742,9767,37
197414763130,286,3598,186,7608,9768,37
197414774194,120,3586,137,11652,9769,37
197414785201,121,3174,157,14902,9770,37
197414796354,135,3319,51,2023,9771,37
197414807391,107,3219,123,7888,9772,37
197414818398,117,3127,50,1905,9773,37
197414829741,125,3587,166,15222,9774,37
197414840725,114,3112,49,2164,9775,37
197414851517,122,3024,99,7169,9776,37
197414862567,441,3579,299,31842,9777,37
197414874148,201,3216,62,2866,9778,37
197414885153,291,3219,331,35403,9779,37
197414896293,289,3408,297,6447,9780,37
197414907476,249,3104,555,42296,9781,37
197414918259,248,4038,48,1622,9782,37
197414929529,159,3935,408,33915,9783,37
197414940522,274,3883,202,10039,9784,37
197414951985,120,2888,165,15085,9785,37
197414962863,255,3428,45,1431,9786,37
197414973852,245,4635,120,4916,9787,37
197414984968,201,3025,335,31771,9788,37
197414995977,235,3571,67,3528,9789,37
197415007501,253,3833,88,4912,9790,37
197415018478,223,4093,81,5108,9791,37
197415029673,155,3673,340,42974,9792,37
197415040766,131,3425,76,5047,9793,37
197415051762,239,3695,174,2979,9794,37
197415063011,123,3127,99,7558,9795,37
197415074071,120,3848,149,13517,9796,37
197415085202,196,3581,325,31832,9797,37
197415096190,112,3071,121,9545,9798,37
197415107292,110,3276,54,2538,9799,37
197415118244,208,2811,184,14503,9800,37
197415129655,187,3399,47,2254,9801,37
197415140597,286,3015,111,8071,9802,37
197415151669,294,3249,51,1664,9803,37
197415162752,122,3391,239,24193,9804,37
197415173769,20,3721,60,2890,9804,38
197415184790,160,3287,158,2828,9805,38
197415195879,133,4164,108,8202,9806,38
197415207442,136,3777,165,15529,9807,38
197415218468,149,4046,105,7854,9808,38
197415229670,317,4369,50,1948,9809,38
197415240580,1629,3735,72,4425,9810,38
197415251710,112,2918,3413,35504,9811,38
197415263041,109,2736,61,3786,9812,38
197415274055,119,3243,62,3151,9813,38
197415285053,156,3204,39,852,9814,38
197415296078,374,3686,316,31715,9815,38
197415307259,291,3818,87,6058,9816,38
197415318531,168,3636,332,31611,9817,38
197415329745,183,3562,146,13192,9818,38
197415340826,293,3090,307,31853,9819,38
197415351824,143,3542,91,6775,9820,38
197415363087,124,3362,298,31811,9821,38
197415374120,206,3105,132,10578,9822,38
197415385143,197,3755,370,32969,9823,38
197415396331,314,3138,106,6807,9824,38
197415407375,132,3103,355,42683,9825,38
197415418507,1020,2820,132,5418,9826,38
197415429480,167,4194,2093,2707,9827,38
197415440618,292,3410,105,8290,9828,38
197415451740,179,4848,170,15328,9829,38
197415463076,353,3799,90,6861,9830,38
197415474123,155,3453,327,31437,9831,38
197415485261,200,3607,48,1362,9832,38
197415496282,331,3549,835,31414,9833,38
197415507279,149,3870,321,16305,9834,38
197415518419,147,3529,115,8437,9835,38
197415529811,176,3842,169,15098,9836,38
197415540750,121,3428,60,2370,9837,38
197415551863,505,3074,60,2517,9838,38
197415562984,220,3230,104,7586,9839,38
197415574008,116,3621,165,15515,9840,38
197415585264,614,3930,56,2332,9841,38
197415596031,259,3413,111,8187,9842,38
197415607244,182,4770,87,1880,9843,38
197415618501,403,3319,163,13665,9844,38
197415629647,151,3363,70,2126,9845,38
197415640583,159,3155,110,8076,9846,38
197415651697,139,3169,46,1822,9847,38
197415662765,436,4369,166,14860,9848,38
197415673952,131,3537,57,2488,9849,38
197415685151,290,3169,56,1982,9850,38
197415696220,252,3771,107,8018,9851,38
197415707323,108,2771,165,15308,9852,38
197415718510,227,3215,102,7931,9853,38
197415729498,114,5061,62,1859,9854,38
197415740650,174,3364,77,2627,9855,38
197415751719,274,3214,449,41666,9856,38
197415762698,1106,3938,73,4253,9857,38
197415774264,849,5195,71,2926,9858,38
197415785092,135,2949,93,1089,9859,38
197415796356,337,4176,312,31937,9860,38
197415807512,245,3467,176,3700,9861,38
197415818525,324,3923,107,7682,9862,38
197415829572,139,3373,169,15337,9863,38
197415840801,357,2966,51,2182,9864,38
197415851807,266,4199,46,1202,9865,38
197415862916,196,4165,382,35343,9866,38
197415873860,142,4456,171,16223,9867,38
197415884920,191,3143,57,2423,9868,38
197415896294,311,3364,124,7741,9869,38
197415907505,171,4349,168,14980,9870,38
197415918560,195,4455,130,1591,9871,38
197415929577,121,5298,359,33975,9872,38
197415940670,148,3537,52,1301,9873,38
197415951647,177,4497,155,13995,9874,38
197415962693,179,2907,289,28049,9875,38
197415973785,149,3565,48,1864,9876,38
197415984850,181,3067,254,1902,9877,38
197415996315,173,3395,43,1483,9878,38
197416007082,1563,3436,82,5128,9879,38
197416018557,156,3279,343,35301,9880,38
197416029625,165,3588,69,3723,9881,38
197416040671,203,3538,178,14994,9882,38
197416051754,287,2820,47,1541,9883,38
197416062854,484,3281,361,36680,9884,38
197416073921,126,2663,230,16798,9885,38
197416084920,172,2706,61,1420,9886,38
197416108397,149,2776,537,35367,9887,38
197416122650,168,2877,286,15270,9888,38
197416133771,162,4005,62,2317,9889,38
197416144919,124,3844,157,7463,9890,38
197416156053,113,4088,368,23882,9891,38
197416167175,106,4723,75,2558,9892,38
197416178366,258,3704,83,2453,9893,38
197416189430,145,3375,117,8916,9894,38
197416200522,402,5411,180,15346,9895,38
197416211627,179,4085,101,7774,9896,38
197416222550,177,3319,51,1883,9897,38
197416234092,234,3164,51,2179,9898,38
197416244750,216,3336,44,1885,9899,38
197416256318,117,3395,161,14640,9900,38
197416267373,243,3436,52,1547,9901,38
197416278263,162,3394,79,4947,9902,38
197416289538,163,3246,383,42948,9903,38
197416300737,264,2860,69,3966,9904,38
197416311427,150,2998,175,17126,9905,38
197416322567,145,2950,54,2163,9906,38
197416333714,211,3682,163,15186,9907,38
197416345198,124,3035,163,7843,9908,38
197416356403,200,3708,48,1865,9909,38
197416367424,255,3933,148,13534,9910,38
197416378535,264,2970,87,1238,9911,38
197416389382,164,3128,90,6842,9912,38
197416400331,155,3073,312,31563,9913,38
197416411806,135,2880,173,16463,9914,38
197416422811,123,2898,60,2850,9915,38
197416433782,211,3269,58,1680,9916,38
197416444912,136,2982,36,1102,9917,38
197416455957,357,3079,50,1718,9918,38
197416467499,219,3497,405,36952,9919,38
197416478145,331,3000,91,3612,9920,38
197416489266,454,3013,59,2636,9921,38
197416500718,293,3366,500,13929,9922,38
197416511548,174,3351,50,1969,9923,38
197416522576,192,3499,106,7820,9924,38
197416533630,212,3262,167,14846,9925,38
197416545177,452,4021,65,2501,9926,38
197416556287,519,5148,48,1205,9927,38
197416567380,283,3885,372,36628,9928,38
197416578524,275,3421,75,5162,9929,38
197416589610,135,3068,312,32363,9930,38
197416600374,251,3673,140,9460,9931,38
197416611919,116,2760,55,2591,9932,38
197416622884,243,3499,65,2952,9933,38
197416633823,129,3234,426,35067,9934,38
197416644845,283,3811,1835,9418,9935,38
197416655933,128,2689,153,13956,9936,38
197416667383,183,2789,55,2219,9937,38
197416678042,129,2681,61,2314,9938,38
197416689270,167,2675,116,1286,9939,38
197416700370,148,2717,303,32476,9940,38
197416711572,121,2634,91,3550,9941,38
197416722889,101,2792,98,8004,9942,38
197416734168,195,16488,86,2112,9943,38
197416762529,259,4314,93,2291,9944,38
197416773190,154,4469,60,1750,9945,38
197416784301,261,4458,554,13935,9946,38
197416795563,124,4169,205,12157,9947,38
197416806656,219,4076,59,2011,9948,38
197416817826,711,2810,141,7187,9949,38
197416828937,219,3036,60,1855,9950,38
197416839974,130,3463,51,2253,9951,38
197416851280,330,4428,48,1493,9952,38
197416862282,173,3021,135,11704,9953,38
197416873345,134,4563,58,2907,9954,38
197416884815,200,3448,383,35287,9955,38
197416895906,164,4316,115,9403,9956,38
197416907023,232,3355,190,13878,9957,38
197416918029,1212,3655,46,2200,9958,38
197416929096,203,4190,57,2268,9959,38
197416939868,142,2942,101,7923,9960,38
197416950918,132,2744,158,14365,9961,38
197416962507,416,3210,69,1987,9962,38
197416973612,169,3283,97,7653,9963,38
197416984596,151,3097,59,1943,9964,38
197416995663,253,3975,142,11657,9965,38
197417006843,291,3182,79,5086,9966,38
197417017904,177,3827,419,35309,9967,38
197417029062,127,3661,184,16701,9968,38
197417040124,193,3206,57,2543,9969,38
197417051206,270,3763,44,1470,9970,38
197417062383,156,3429,364,36726,9971,38
197417073579,274,4368,71,3636,9972,38
197417084379,124,3216,180,15509,9973,38
197417095462,317,3463,98,7547,9974,38
197417106449,110,2940,55,2447,9975,38
197417118047,106,2819,179,14500,9976,38
197417129097,399,3801,52,2035,9977,38
197417140521,212,2983,99,8017,9978,38
197417151130,399,4250,52,1984,9979,38
197417162360,282,3536,154,14914,9980,38
197417173267,258,4035,52,2149,9981,38
197417184599,191,3218,143,8072,9982,38
197417195684,289,4330,58,2562,9983,38
197417206806,245,3542,171,14893,9984,38
197417217974,298,3545,260,26909,9985,38
197417228771,166,3763,53,1813,9986,38
197417240273,241,2847,48,1760,9987,38
197417251357,333,3137,483,23229,9988,38
197417262446,306,3343,53,2627,9989,38
197417273484,168,3793,110,8149,9990,38
197417284487,379,3120,161,15068,9991,38
197417295547,232,3368,56,2530,9992,38
197417306584,116,3387,49,1961,9993,38
197417317974,296,3695,118,7465,9994,38
197417329282,233,4141,128,5262,9995,38
197417340468,139,3358,339,32643,9996,38
197417351036,190,3476,131,9470,9997,38
197417362212,152,2752,78,2488,9998,38
197417373369,210,3468,151,12996,9999,38
197417384534,163,3119,378,31655,10000,38
197417395839,985,3492,130,9571,10001,38
197417406881,251,3045,164,15369,10002,38
197417418020,177,3395,44,1279,10003,38
197417429010,368,4184,53,1254,10004,38
197417440067,149,4208,345,36816,10005,38
197417451445,234,3394,4984,16896,10006,38
197417462476,133,3450,46,2265,10007,38
197417473453,146,3153,184,17720,10008,38
197417484504,117,2978,69,4564,10009,38
197417495660,143,3092,354,35317,10010,38
197417506974,196,3347,173,16380,10011,38
197417518041,307,4243,94,6891,10012,38
197417528992,206,4072,343,43255,10013,38
197417540027,114,4341,81,5291,10014,38
197417551017,426,3306,49,1811,10015,38
197417562223,115,3827,349,35035,10016,38
197417573316,116,3897,49,744,10017,38
197417584767,151,3242,352,43557,10018,38
197417595696,133,3135,47,1401,10019,38
197417606710,184,3624,178,16716,10020,38
197417617956,269,2960,224,22348,10021,38
197417629022,203,3332,160,14475,10022,38
197417640158,316,3144,106,7605,10023,38
197417651008,120,2939,44,1597,10024,38
197417662266,419,3472,169,6145,10025,38
197417673369,186,3684,322,33866,10026,38
197417684459,237,2898,115,9109,10027,38
197417695554,166,3348,60,2923,10028,38
197417706613,180,3977,262,14635,10029,38
197417717878,134,3238,101,7482,10030,38
197417728907,264,3314,49,1880,10031,38
197417739939,369,3603,51,2208,10032,38
197417751021,223,3229,159,14303,10033,38
197417762065,184,3217,108,8149,10034,38
197417773260,285,3683,46,839,10035,38
197417784453,231,3115,358,43245,10036,38
197417795364,250,3435,82,5591,10037,38
197417806908,267,3575,63,2831,10038,38
197417817829,3550,3737,111,7912,10039,38
197417828889,204,2991,46,2283,10040,38
197417840282,124,3173,57,2511,10041,38
197417851385,562,3158,51,2009,10042,38
197417862546,156,3173,47,2267,10043,38
197417873594,146,3238,63,3119,10044,38
197417884332,144,3172,400,35521,10045,38
197417895394,275,3374,118,9513,10046,38
197417906498,165,3485,162,14014,10047,38
197417918093,317,3281,53,2243,10048,38
197417929175,139,4224,65,2346,10049,38
197417940176,307,3691,104,8154,10050,38
197417951325,203,3357,206,14607,10051,38
197417962373,275,3777,49,2106,10052,38
197417973677,401,3842,99,7014,10053,38
197417984559,138,3016,43,761,10054,38
197417995619,120,3216,204,12353,10055,38
197418006706,201,3063,211,21774,10056,38
197418017734,187,3471,195,19089,10057,38
197418028767,384,3056,70,4042,10058,38
197418040236,219,3532,317,33027,10059,38
197418050847,125,3752,56,3365,10060,38
197418062110,309,3503,206,16974,10061,38
197418073636,124,3078,50,1968,10062,38
197418084755,204,3197,197,14714,10063,38
197418095724,164,3093,57,1365,10064,38
197418106777,215,3918,484,35191,10065,38
197418117951,236,3857,73,3776,10066,38
197418128938,483,3885,207,14831,10067,38
197418140012,178,3461,54,1745,10068,38
197418151062,277,3362,427,35209,10069,38
197418162113,242,5290,161,13878,10070,38
197418173115,123,4235,311,32046,10071,38
197418184709,240,3264,120,8751,10072,38
197418195578,691,3576,68,3009,10073,38
197418206722,111,2960,70,4319,10074,38
197418217786,152,3192,358,35350,10075,38
197418228819,349,3665,69,3745,10076,38
197418239887,249,3397,57,2367,10077,38
197418250987,443,3021,157,14469,10078,38
197418262463,127,3311,118,7741,10079,38
197418273540,190,3484,53,1867,10080,38
197418284513,133,3072,161,14804,10081,38
197418295701,132,3367,79,1599,10082,38
197418306712,804,3429,348,31737,10083,38
197418317995,318,3742,121,9084,10084,38
197418328938,416,4014,56,2439,10085,38
197418340398,434,3383,63,2534,10086,38
197418350930,211,3424,46,1619,10087,38
197418362314,363,4685,153,11966,10088,38
197418373547,182,3670,66,3027,10089,38
197418384316,211,3374,373,35496,10090,38
197418395525,125,3770,156,9474,10091,38
197418406842,126,2917,155,14077,10092,38
197418418010,231,3121,54,2218,10093,38
197418429058,376,3820,60,2281,10094,38
197418440150,152,3349,53,1338,10095,38
197418451190,156,3858,318,32557,10096,38
197418462186,150,2799,143,3547,10097,38
197418473305,165,3897,129,7977,10098,38
197418484403,159,4532,58,2050,10099,38
197418495567,172,4358,182,11710,10100,38
197418506624,109,3884,73,5176,10101,38
197418517852,102,4069,351,35313,10102,38
197418528929,118,4308,178,16595,10103,38
197418539995,209,3286,67,2552,10104,38
197418551101,206,3461,57,2315,10105,38
197418562200,244,3437,181,16687,10106,38
197418573491,140,4265,57,2008,10107,38
197418584475,168,3140,236,14809,10108,38
197418595737,289,3551,196,7550,10109,38
197418606627,294,3323,58,2286,10110,38
197418617703,137,2899,87,3029,10111,38
197418628729,185,2972,387,35522,10112,38
197418639914,170,3698,152,9636,10113,38
197418650992,119,5256,77,2306,10114,38
197418662019,355,3117,195,13673,10115,38
197418673137,125,3767,49,2197,10116,38
197418684357,172,3109,120,8060,10117,38
197418695464,212,3285,67,2723,10118,38
197418706653,210,3272,178,14472,10119,38
197418717963,359,3329,108,7709,10120,38
197418728888,177,3083,51,1821,10121,38
197418739929,184,3723,51,2166,10122,38
197418751098,261,3144,223,14437,10123,38
197418762144,175,4030,57,2139,10124,38
197418773274,260,3917,104,8024,10125,38
197418784800,487,3363,218,15020,10126,38
197418795678,246,3110,54,2626,10127,38
197418806963,142,3556,68,2061,10128,38
197418818038,317,4403,457,7586,10129,38
197418829106,110,4610,77,5140,10130,38
197418840591,108,2986,334,32397,10131,38
197418851234,417,3036,117,9539,10132,38
197418862321,126,2670,63,2639,10133,38
197418873470,169,2956,166,13935,10134,38
197418884493,143,2760,170,11539,10135,38
197418945687,233,2951,155,7913,10136,38
197418960039,150,2855,141,11685,10137,38
197418971221,404,2716,153,7700,10138,38
197418982367,134,4189,68,1760,10139,38
197418993504,134,3818,222,13321,10140,38
197419004658,158,4080,61,1819,10141,38
197419015866,203,3485,520,34719,10142,38
197419026963,175,2722,117,3679,10143,38
197419038215,195,3000,175,15173,10144,38
197419049244,347,5133,75,2508,10145,38
197419060312,171,4953,51,1895,10146,38
197419071342,135,3467,46,1256,10147,38
197419082434,130,3441,335,31871,10148,38
197419093530,189,3077,136,9376,10149,38
197419104561,147,3269,52,2240,10150,38
197419115820,134,3140,55,2353,10151,38
197419126863,125,3611,155,13767,10152,38
197419137994,153,3485,46,1755,10153,38
197419149378,321,4134,351,34701,10154,38
197419160484,361,3729,176,16679,10155,38
197419171759,340,3278,57,2744,10156,38
197419182527,289,4300,112,7287,10157,38
197419193445,135,4355,65,2577,10158,38
197419204666,149,4404,186,15022,10159,38
197419215686,127,2875,47,2260,10160,38
197419226737,288,2999,111,8052,10161,38
197419238294,274,3064,53,2067,10162,38
197419249355,400,3026,165,14618,10163,38
197419260390,136,3591,51,2078,10164,38
197419271660,119,3012,103,8002,10165,38
197419282535,294,2980,585,14726,10166,38
197419293612,207,3438,211,21511,10167,38
197419304736,119,3471,49,1902,10168,38
197419315997,584,3576,108,7316,10169,38
197419327183,366,3679,45,1019,10170,38
197419338490,430,3355,478,31599,10171,38
197419349016,165,3815,74,3537,10172,38
197419360109,301,5210,63,2409,10173,38
197419371090,154,3252,53,1887,10174,38
197419382766,150,3789,176,14418,10175,38
197419393657,112,3745,97,7911,10176,38
197419404711,206,3817,53,1863,10177,38
197419415727,129,3205,218,14892,10178,38
197419426948,159,3099,238,2701,10179,38
197419437845,197,2920,92,6827,10180,38
197419449404,110,3055,361,33576,10181,38
197419460434,273,3500,50,1330,10182,38
197419471629,272,3150,354,34887,10183,38
197419482530,288,3255,66,3660,10184,38
197419493598,151,4120,66,2364,10185,38
197419504562,187,3948,158,14368,10186,38
197419516092,271,3921,103,7597,10187,38
197419527258,194,3332,152,13215,10188,38
197419538341,233,3288,298,31402,10189,38
197419549356,373,3346,53,1573,10190,38
197419560431,345,5135,350,33457,10191,38
197419571208,126,3956,122,9268,10192,38
197419582723,207,3706,184,15076,10193,38
197419593782,194,3123,107,7188,10194,38
197419604739,220,3662,173,11262,10195,38
197419615897,1079,3761,52,1205,10196,38
197419627040,392,3216,461,42567,10197,38
197419637838,420,3789,200,10857,10198,38
197419649513,158,2650,68,2586,10199,38
197419660264,174,2766,221,15483,10200,38
197419671342,197,2708,69,2927,10201,38
197419682443,242,10751,231,7636,10202,38
197419705092,223,3951,431,16220,10203,38
197419716121,267,4548,159,8089,10204,38
197419727270,148,4017,61,2114,10205,38
197419738354,120,3803,71,2427,10206,38
197419749426,120,3903,260,14935,10207,38
197419760553,143,3275,70,2301,10208,38
197419771631,376,3061,150,7905,10209,38
197419782768,243,4153,271,23918,10210,38
197419793670,613,3559,67,3299,10211,38
197419804844,118,3652,56,1422,10212,38
197419815901,128,3145,381,36918,10213,38
197419826952,244,3761,201,17302,10214,38
197419838484,134,3355,62,2580,10215,38
197419849472,444,3870,292,17807,10216,38
197419860604,142,4034,79,4520,10217,38
197419871734,168,3271,462,34929,10218,38
197419882900,126,3137,177,16342,10219,38
197419893503,128,3177,119,8071,10220,38
197419904697,172,3019,162,14969,10221,38
197419915801,329,2993,143,11787,10222,38
197419927337,1393,2923,60,1766,10223,38
197419938546,274,3284,342,34688,10224,38
197419949664,204,4030,75,3751,10225,38
197419960619,126,4781,173,15790,10226,38
197419971323,251,3353,51,1375,10227,38
197419982834,976,3731,376,35019,10228,38
197419993873,282,4539,64,3425,10229,38
197420004910,113,4553,159,14527,10230,38
197420015990,121,3043,187,17448,10231,38
197420027224,302,3936,79,1992,10232,38
197420038401,510,3263,299,14047,10233,38
197420049363,290,3731,409,31713,10234,38
197420060723,138,3508,114,9087,10235,38
197420071317,112,3853,56,2301,10236,38
197420082867,123,2982,165,15414,10237,38
197420093925,117,3574,116,7854,10238,38
197420105062,112,3656,75,4519,10239,38
197420116015,111,3007,362,34910,10240,38
197420127055,122,3012,173,16324,10241,38
197420138149,141,2821,102,7879,10242,38
197420149191,354,3074,195,15044,10243,38
197420160160,216,4024,65,2266,10244,38
197420171507,266,3123,79,2561,10245,38
197420182668,434,3804,59,2112,10246,38
197420193842,724,3873,117,8348,10247,38
197420204790,236,3315,51,1811,10248,38
197420215821,109,3140,57,2301,10249,38
197420226858,126,3631,51,1575,10250,38
197420237988,116,2787,137,11589,10251,38
197420249238,272,3131,161,14590,10252,38
197420260497,197,4079,50,2249,10253,38
197420271663,121,4588,176,7910,10254,38
197420282906,447,3263,176,15066,10255,38
197420293528,377,3686,49,2165,10256,38
197420304695,153,3380,56,2481,10257,38
197420315727,116,3293,100,7180,10258,38
197420326939,167,3242,196,15293,10259,38
197420337975,123,3008,50,2227,10260,38
197420349508,288,2835,98,7976,10261,38
197420360711,206,3369,41,1357,10262,38
197420371530,318,3394,305,31310,10263,38
197420382708,113,3916,82,5208,10264,38
197420393925,382,3730,428,35030,10265,38
197420405219,241,4203,199,16624,10266,38
197420416159,154,3140,63,2543,10267,38
197420427218,119,3725,50,1443,10268,38
197420438138,140,3666,556,36137,10269,38
197420449187,191,3894,80,5185,10270,38
197420460370,154,4296,340,32163,10271,38
197420471412,144,3206,120,9505,10272,38
197420482708,114,3247,54,2516,10273,38
197420493812,219,3004,157,14010,10274,38
197420504812,172,3258,46,1880,10275,38
197420515949,185,3018,216,17134,10276,38
197420526941,248,3255,48,1934,10277,38
197420538207,345,3301,207,13990,10278,38
197420549268,209,2985,345,31755,10279,38
197420560369,291,4187,114,8984,10280,38
197420571827,154,2833,51,2280,10281,38
197420582852,257,2640,172,15410,10282,38
197420593911,157,2665,111,7786,10283,38
197420618089,173,2781,71,1981,10284,38
197420632296,205,4062,229,13334,10285,38
197420643890,159,4323,130,7893,10286,38
197420654622,290,4378,72,1837,10287,38
197420665538,137,4675,121,6068,10288,38
197420677281,136,2786,496,33506,10289,38
197420687893,180,2896,179,10058,10290,38
197420699167,231,3214,185,15061,10291,38
197420710033,156,3150,64,1403,10292,38
197420721199,129,3692,343,35143,10293,38
197420732361,144,3191,70,3743,10294,38
197420743416,125,2906,150,13711,10295,38
197420754638,112,3221,51,2094,10296,38
197420765635,169,2836,102,7769,10297,38
197420776668,169,3215,78,4073,10298,38
197420787942,342,3757,310,32970,10299,38
197420798938,483,3397,68,3725,10300,38
197420810593,142,3881,50,2112,10301,38
197420821655,1531,3486,100,7348,10302,38
197420832232,374,3855,167,14624,10303,38
197420843857,134,3888,44,1412,10304,38
197420854878,174,5727,367,35179,10305,38
197420865891,193,3098,74,3861,10306,38
197420876954,184,3292,163,14872,10307,38
197420888040,175,3417,97,7961,10308,38
197420899005,364,3461,46,1484,10309,38
197420910058,124,4663,159,14398,10310,38
197420921578,123,3468,215,21317,10311,38
197420932568,137,2977,104,8012,10312,38
197420943357,422,3108,57,2342,10313,38
197420955028,178,3932,164,15023,10314,38
197420965963,209,3712,49,1708,10315,38
197420976873,345,4193,103,7425,10316,38
197420988497,351,3662,53,1829,10317,38
197420999010,218,4499,156,14149,10318,38
197421010124,197,3466,48,1731,10319,38
197421021476,239,3021,99,7576,10320,38
197421032378,141,2707,181,14673,10321,38
197421043483,314,3373,51,1891,10322,38
197421054499,126,2933,48,1011,10323,38
197421065697,142,2791,345,36807,10324,38
197421076846,168,2655,70,3381,10325,38
197421088050,119,2643,135,12204,10326,38
197421127143,179,2686,116,5145,10327,38
197421141468,174,4421,533,35026,10328,38
197421152560,146,4148,79,3775,10329,38
197421163697,112,3842,777,15115,10330,38
197421174985,423,3996,66,2508,10331,38
197421186088,251,2733,154,7294,10332,38
197421196778,158,2979,84,2961,10333,38
197421208238,231,3510,172,15051,10334,38
197421219327,282,4553,101,7463,10335,38
197421230439,162,3603,49,1965,10336,38
197421241406,392,4843,133,11416,10337,38
197421252538,113,3237,238,23325,10338,38
197421263602,143,2987,104,8212,10339,38
197421274695,128,2975,169,14969,10340,38
197421285734,261,4242,50,2280,10341,38
197421296730,203,3138,53,2418,10342,38
197421308461,121,3768,71,1830,10343,38
197421318991,390,3847,92,7374,10344,38
197421330392,236,3122,167,15059,10345,38
197421341551,155,3992,48,2095,10346,38
197421352813,333,3415,104,7776,10347,38
197421363802,189,3377,49,2043,10348,38
197421375025,376,3029,159,14654,10349,38
197421385930,136,3606,53,2009,10350,38
197421397102,161,3120,100,7803,10351,38
197421408155,203,3761,166,14926,10352,38
197421419201,291,4315,49,1972,10353,38
197421430894,378,3503,115,8070,10354,38
197421441181,120,2855,118,4271,10355,38
197421452747,190,3157,343,32299,10356,38
197421463889,304,2797,163,3581,10357,38
197421474660,198,2922,88,6845,10358,38
197421485903,195,3353,300,31417,10359,38
197421497185,277,3206,67,3661,10360,38
197421508080,320,4876,90,5061,10361,38
197421519214,119,3866,619,34983,10362,38
197421530247,180,4521,214,16258,10363,38
197421541280,467,3747,213,11932,10364,38
197421552683,172,3535,65,2585,10365,38
197421563687,201,3833,101,7315,10366,38
197421575208,285,4034,81,5156,10367,38
197421586098,140,4054,351,32313,10368,38
197421597131,119,3042,113,9543,10369,38
197421608168,199,4445,59,2547,10370,38
197421619174,327,3251,154,14027,10371,38
197421630212,255,3547,52,1975,10372,38
197421641332,174,3348,101,7781,10373,38
197421652336,173,3092,50,1789,10374,38
197421663596,187,2830,185,14794,10375,38
197421674657,295,3255,69,2320,10376,38
197421685688,275,3818,60,1905,10377,38
197421697324,182,3101,98,7918,10378,38
197421708259,332,3664,170,15362,10379,38
197421719314,267,4832,102,7766,10380,38
197421730392,245,3431,50,2018,10381,38
197421741418,287,4608,51,1807,10382,38
197421752463,295,3509,162,14622,10383,38
197421763608,122,3124,54,2333,10384,38
197421774650,110,3078,51,2242,10385,38
197421786017,263,3577,216,21521,10386,38
197421797057,386,3308,50,2252,10387,38
197421807963,376,3652,50,1440,10388,38
197421819456,247,4083,419,34878,10389,38
197421830042,314,3828,183,17139,10390,38
197421841620,241,3541,53,2268,10391,38
197421852605,122,3363,184,17296,10392,38
197421863759,234,3113,53,2508,10393,38
197421874808,183,2959,149,13527,10394,38
197421885855,110,3408,300,31662,10395,38
197421897028,309,3027,118,9708,10396,38
197421908079,289,3152,216,15451,10397,38
197421919184,274,3406,53,2604,10398,38
197421930099,249,3401,60,1986,10399,38
197421941587,411,3659,108,7954,10400,38
197421952957,341,2896,58,1968,10401,38
197421963772,152,3039,46,2270,10402,38
197421974874,101,2828,50,1767,10403,38
197421985987,117,3145,49,2013,10404,38
197421996926,102,3041,50,1751,10405,38
197422007979,189,3584,155,14278,10406,38
197422019126,290,3457,124,7768,10407,38
197422030363,227,3491,2133,24166,10408,38
197422041236,120,3717,41,1639,10409,38
197422052718,144,3801,348,33744,10410,38
197422063865,149,3289,112,9293,10411,38
197422074674,310,3924,164,15116,10412,38
197422085681,125,3728,45,1266,10413,38
197422097219,127,3226,352,35107,10414,38
197422107910,117,2760,66,3716,10415,38
197422119100,175,3116,46,1824,10416,38
197422130437,217,3577,1375,13204,10417,38
197422141581,354,4116,513,37218,10418,38
197422152310,364,3641,74,4299,10419,38
197422163529,163,3217,332,33176,10420,38
197422174964,275,3322,73,3719,10421,38
197422186060,249,3848,55,2116,10422,38
197422197057,167,3002,54,1307,10423,38
197422207931,206,3193,316,32418,10424,38
197422219310,259,3138,114,9449,10425,38
197422230415,220,2970,48,1364,10426,38
197422241613,234,3802,337,31503,10427,38
197422252754,131,3402,168,15530,10428,38
197422263652,116,3296,64,2127,10429,38
197422274706,316,4212,201,17679,10430,38
197422285928,221,4870,162,15066,10431,38
197422297141,371,3408,68,2599,10432,38
197422308355,135,3349,55,1333,10433,38
197422319357,132,3859,370,34953,10434,38
197422330114,142,3134,177,16966,10435,38
197422341187,355,3628,55,2419,10436,38
197422352544,260,3100,149,7549,10437,38
197422363533,305,3105,46,2142,10438,38
197422374646,191,3802,60,2795,10439,38
197422385658,135,4893,509,35273,10440,38
197422396966,145,3344,126,9478,10441,38
197422407993,260,3566,187,13940,10442,38
197422419129,145,2723,70,1545,10443,38
197422430181,408,3716,760,33800,10444,38
197422441728,231,4207,123,9999,10445,38
197422452354,155,3320,168,15089,10446,38
197422463418,133,3269,196,7757,10447,38
197422474933,518,3545,59,1842,10448,38
197422486017,323,4522,53,2102,10449,38
197422497170,353,3862,55,1791,10450,38
197422508450,214,3828,162,14316,10451,38
197422518938,106,3201,102,7836,10452,38
197422530524,129,2854,70,4143,10453,38
197422541627,271,3778,329,33161,10454,38
197422552763,120,3555,71,3781,10455,38
197422563939,247,3584,109,7618,10456,38
197422574997,255,4001,165,14750,10457,38
197422586025,141,2683,57,2172,10458,38
197422597024,141,2694,117,7770,10459,38
197422608165,140,2667,56,1814,10460,38
197422619273,159,2646,165,13466,10461,38
197422630108,174,2626,53,1997,10462,38
197422641677,136,2973,104,7957,10463,38
197422652697,111,2657,46,1672,10464,38
197422663930,114,2702,299,23776,10465,38
197422705719,245,2711,58,1732,10466,38
197422721437,439,2837,532,35387,10467,38
197422731148,135,2690,69,4054,10468,38
197422742477,210,4154,75,2216,10469,38
197422753412,125,4772,243,14691,10470,38
197422764639,115,3909,58,1589,10471,38
197422775743,139,3911,368,35262,10472,38
197422786756,194,3458,187,16689,10473,38
197422797788,150,5225,62,2843,10474,38
197422808861,184,3140,110,7391,10475,38
197422819917,181,3168,48,1847,10476,38
197422831011,123,2910,71,4199,10477,38
197422842130,22,2860,39,730,10477,39
197422853348,116,2879,355,35153,10478,39
197422864413,261,3026,67,3980,10479,39
197422875882,506,2963,164,14726,10480,39
197422886924,317,3446,106,7799,10481,39
197422898032,143,4125,49,1893,10482,39
197422909101,139,3567,162,14758,10483,39
197422920141,251,4614,142,12311,10484,39
197422931899,136,3307,107,2219,10485,39
197422942202,228,3878,108,7990,10486,39
197422953432,161,3032,48,1822,10487,39
197422964474,207,3357,168,15145,10488,39
197422975960,429,3311,119,7742,10489,39
197422987008,449,3799,63,2293,10490,39
197422998287,130,3725,64,2922,10491,39
197423008765,120,3411,333,35196,10492,39
197423020271,114,2737,116,9509,10493,39
197423031014,113,3292,235,14011,10494,39
197423042566,156,4590,51,2254,10495,39
197423053306,182,3002,54,2337,10496,39
197423064573,120,3415,45,1299,10497,39
197423075554,157,3941,379,32267,10498,39
197423086514,220,3677,70,3539,10499,39
197423098081,165,3989,101,8007,10500,39
197423109026,125,4024,53,2119,10501,39
197423119906,117,3101,49,1790,10502,39
197423131064,182,3159,158,13800,10503,39
197423142059,130,3477,51,1937,10504,39
197423153665,113,3487,51,2281,10505,39
197423164694,362,3693,55,1976,10506,39
197423175819,280,3881,52,1487,10507,39
197423186723,381,3220,349,36743,10508,39
197423197784,166,4262,66,3610,10509,39
197423208915,167,3456,169,15511,10510,39
197423219979,203,3378,103,8013,10511,39
197423231168,226,3521,52,1912,10512,39
197423242498,162,4284,148,13339,10513,39
197423253679,121,3189,50,1990,10514,39
197423264773,259,3492,99,7569,10515,39
197423275863,206,3388,45,1830,10516,39
197423286894,132,3139,160,14360,10517,39
197423298047,145,3743,54,2106,10518,39
197423309340,267,3071,311,32453,10519,39
197423320267,114,2980,64,1254,10520,39
197423331319,310,2980,320,32514,10521,39
197423342364,125,3384,118,9380,10522,39
197423353574,365,3985,54,2220,10523,39
197423364556,363,3147,47,1507,10524,39
197423376248,283,3140,361,42473,10525,39
197423386834,180,3015,45,1722,10526,39
197423397920,111,5179,397,35330,10527,39
197423409054,214,3244,182,16735,10528,39
197423420031,117,3592,58,2765,10529,39
197423431324,228,3476,120,6583,10530,39
197423442425,3768,4097,221,21273,10531,39
197423453305,161,3628,161,14890,10532,39
197423464892,175,3206,51,1979,10533,39
197423475873,115,2923,96,7480,10534,39
197423486956,261,3026,229,21609,10535,39
197423498009,108,4098,49,1797,10536,39
197423509098,263,3140,164,14399,10537,39
197423519972,129,3605,103,7759,10538,39
197423531063,411,3407,163,14783,10539,39
197423542233,119,3447,51,1710,10540,39
197423553344,431,4574,304,31560,10541,39
197423564389,273,3167,109,8679,10542,39
197423575643,351,3298,279,24862,10543,39
197423586894,503,3526,60,2972,10544,39
197423598114,232,3951,108,8378,10545,39
197423609157,196,3073,42,1096,10546,39
197423620138,111,2911,362,31799,10547,39
197423631373,114,3076,176,16464,10548,39
197423642408,134,3297,107,8463,10549,39
197423653422,124,3135,74,4016,10550,39
197423664541,172,3609,361,33065,10551,39
197423675699,133,3450,63,3383,10552,39
197423686852,306,3913,187,16998,10553,39
197423698122,295,3277,50,2118,10554,39
197423709214,380,3116,155,13750,10555,39
197423720341,167,2762,37,1135,10556,39
197423731023,333,3598,382,35305,10557,39
197423742568,128,3310,64,3518,10558,39
197423754366,130,4045,338,23881,10559,39
197423764305,265,3344,105,8549,10560,39
197423775876,158,3359,85,2097,10561,39
197423786612,145,4203,88,5952,10562,39
197423798122,397,4760,341,33286,10563,39
197423809019,274,3017,124,9832,10564,39
197423820065,182,3115,50,2143,10565,39
197423831115,374,4098,187,14077,10566,39
197423842139,154,4407,45,1100,10567,39
197423853780,156,3368,461,37309,10568,39
197423864530,135,3729,81,4084,10569,39
197423875907,187,3882,137,10815,10570,39
197423887082,491,4021,438,37112,10571,39
197423897721,153,3395,73,3740,10572,39
197423908926,140,2788,171,15220,10573,39
197423920015,128,3238,53,2756,10574,39
197423931072,190,3785,61,2009,10575,39
197423942350,27,3968,57,1953,10575,40
197423953564,301,3104,107,7854,10576,40
197423964499,210,3473,49,2148,10577,40
197423975872,126,3307,79,1789,10578,40
197423986951,212,2991,66,4439,10579,40
197423997970,153,3329,335,34934,10580,40
197424008984,116,2971,147,13346,10581,40
197424019887,300,3063,486,36947,10582,40
