start_us,capture_us,encode_us,submit_us,payload_bytes,desktop_updates,cached_frames,sample_id
294578617815,1187,5845,471,34659,1,0,0
294578629363,140,2903,58,2578,2,0,1
294578640273,31,2745,63,2371,2,1,2
294578651614,115,3016,358,35612,3,1,3
294578662759,153,4805,382,42916,4,1,4
294578673962,19,2859,100,4981,4,2,5
294578685075,107,3013,86,7257,5,2,6
294578695699,94,3205,118,9539,6,2,7
294578707199,17,2786,49,3165,6,3,8
294578718257,102,3013,161,15590,7,3,9
294578729240,93,2970,90,7822,8,3,10
294578740139,16,2724,56,3092,8,4,11
294578751436,125,3017,157,15258,9,4,12
294578762730,91,4626,381,44839,10,4,13
294578773645,18,2877,69,5095,10,5,14
294578784466,117,3010,206,20812,11,5,15
294578795935,112,3023,74,4863,12,5,16
294578807182,17,2775,49,3117,12,6,17
294578818245,181,3224,97,8067,13,6,18
294578829300,115,3063,118,10348,14,6,19
294578840403,17,2764,31,1007,14,7,20
294578851618,116,2954,65,923,15,7,21
294578862274,103,3178,345,34358,16,7,22
294578873741,17,2724,58,3735,16,8,23
294578884548,127,2973,203,14711,17,8,24
294578895719,149,2991,106,8921,18,8,25
294578906975,19,2704,43,2062,18,9,26
294578918105,134,2993,162,15089,19,9,27
294578929046,113,2880,52,2540,20,9,28
294578940075,25,2686,45,2110,20,10,29
294578951613,184,2853,95,7555,21,10,30
294578962678,207,2889,47,2235,22,10,31
294578973883,28,2740,42,1941,22,11,32
294578984811,105,2918,51,2058,23,11,33
294578995592,94,3013,149,14432,24,11,34
294579006744,20,2917,45,2271,24,12,35
294579018149,106,3118,95,8023,25,12,36
294579029070,99,3069,155,14987,26,12,37
294579040528,16,2877,40,2256,26,13,38
294579051600,98,3113,39,1865,27,13,39
294579062626,94,3044,32,788,28,13,40
294579073875,18,2844,30,764,28,14,41
294579084983,106,2989,382,32113,29,14,42
294579095796,110,3003,116,9622,30,14,43
294579107169,17,2742,41,2147,30,15,44
294579118144,96,2892,44,2152,31,15,45
294579129283,129,2758,155,14053,32,15,46
294579140232,25,2732,51,1997,32,16,47
294579151536,215,2867,135,8227,33,16,48
294579162358,97,3003,179,15056,34,16,49
294579173514,21,2751,44,2266,34,17,50
294579184946,92,2826,56,2435,35,17,51
294579195893,95,3005,109,2116,36,17,52
294579206936,17,2781,41,1880,36,18,53
294579218014,94,2867,88,7635,37,18,54
294579229513,105,2894,39,1721,38,18,55
294579240451,16,2842,34,1263,38,19,56
294579251597,192,2830,72,5554,39,19,57
294579262584,102,2938,335,34646,40,19,58
294579273603,19,2842,54,3651,40,20,59
294579284863,97,2885,53,3158,41,20,60
294579296030,89,2952,41,1993,42,20,61
294579306826,15,2806,37,1737,42,21,62
294579318370,107,2890,109,7036,43,21,63
294579329493,93,2812,143,14059,44,21,64
294579340075,17,2860,39,2130,44,22,65
294579351311,90,2896,89,7701,45,22,66
294579362574,82,2792,51,2297,46,22,67
294579373721,30,2791,42,1742,46,23,68
294579385029,120,2847,174,14273,47,23,69
294579395987,125,2800,105,8544,48,23,70
294579407007,26,2704,50,1853,48,24,71
294579417914,123,3026,153,14771,49,24,72
294579428964,100,2799,97,7489,50,24,73
294579440036,21,2816,42,1831,50,25,74
294579451616,113,2891,165,15412,51,25,75
294579462612,119,2879,88,6578,52,25,76
294579473735,25,2743,31,803,52,26,77
294579485023,109,2875,64,3930,53,26,78
294579495821,186,3051,338,34711,54,26,79
294579507029,21,2644,61,3686,54,27,80
294579518131,102,2879,171,14730,55,27,81
294579529255,109,2838,54,2608,56,27,82
294579540563,29,2720,40,1879,56,28,83
294579551297,118,2746,44,2049,57,28,84
294579562229,91,2957,101,6692,58,28,85
294579573558,18,2697,51,1830,58,29,86
294579584482,119,2886,939,14916,59,29,87
294579596011,124,2904,95,7768,60,29,88
294579607217,21,2672,45,1831,60,30,89
294579617844,115,2942,44,2137,61,30,90
294579628888,148,2810,151,14486,62,30,91
294579640599,27,2800,55,2121,62,31,92
294579651718,211,2820,105,8484,63,31,93
294579662569,118,2791,161,15045,64,31,94
294579673925,19,2712,43,1873,64,32,95
294579684877,102,2789,92,7847,65,32,96
294579696480,147,2846,62,4056,66,32,97
294579707173,18,2820,30,852,66,33,98
294579717798,93,2897,329,32023,67,33,99
294579729354,92,2831,159,9527,68,33,100
294579740503,18,2867,41,2247,68,34,101
294579751468,206,2781,56,2416,69,34,102
294579762470,114,2792,152,13912,70,34,103
294579773440,18,2885,41,2027,70,35,104
294579784626,96,2899,47,2403,71,35,105
294579795780,102,2765,46,2273,72,35,106
294579807057,17,2786,45,1916,72,36,107
294579817839,227,2799,95,7153,73,36,108
294579829026,113,2811,166,15360,74,36,109
294579840335,20,2699,41,2061,74,37,110
294579851717,106,2885,94,7812,75,37,111
294579862306,113,3007,44,2082,76,37,112
294579873768,19,2705,40,1830,76,38,113
294579884826,126,3041,161,14449,77,38,114
294579895952,129,2890,105,8744,78,38,115
294579907179,19,2905,42,1814,78,39,116
294579917978,95,2847,147,14772,79,39,117
294579929369,102,2912,42,1299,80,39,118
294579940237,28,2705,29,734,80,40,119
294579951710,96,2851,338,34338,81,40,120
294579962549,98,3094,191,17212,82,40,121
294579973877,17,2855,47,2477,82,41,122
294579984764,100,2955,93,7723,83,41,123
294579996062,108,2965,48,2338,84,41,124
294580006784,16,2712,39,1977,84,42,125
294580018106,102,2991,80,2625,85,42,126
294580029035,106,2847,161,15014,86,42,127
294580040017,20,2703,42,2186,86,43,128
294580051399,110,2911,51,2413,87,43,129
294580062645,101,2870,108,7153,88,43,130
294580073677,20,2695,43,1807,88,44,131
294580084924,133,2786,167,15087,89,44,132
294580095602,148,2894,104,7778,90,44,133
294580107027,22,2737,41,1884,90,45,134
294580118134,107,2829,47,2126,91,45,135
294580128932,106,2800,55,2961,92,45,136
294580140069,29,2790,41,829,92,46,137
294580151663,137,3032,350,34725,93,46,138
294580162541,97,3062,168,16612,94,46,139
294580173732,17,2875,49,2529,94,47,140
294580184990,96,2744,47,2410,95,47,141
294580196187,93,2890,85,6958,96,47,142
294580207040,21,2857,49,1776,96,48,143
294580218173,144,3131,229,14995,97,48,144
294580229499,113,2809,94,7096,98,48,145
294580240490,18,2908,41,1823,98,49,146
294580251900,295,2747,158,14418,99,49,147
294580262388,105,2959,100,8073,100,49,148
294580273786,19,2764,45,1982,100,50,149
294580285070,131,2776,160,14981,101,50,150
294580295601,206,2876,52,2487,102,50,151
294580306858,19,2689,43,1967,102,51,152
294580318035,119,2809,129,7230,103,51,153
294580329341,109,3031,155,14893,104,51,154
294580340065,18,2762,40,1791,104,52,155
294580351685,99,2974,41,1693,105,52,156
294580362338,97,2939,319,34595,106,52,157
294580373517,16,2667,58,3659,106,53,158
294580384872,92,2949,231,14795,107,53,159
294580395969,131,2765,105,8163,108,53,160
294580406757,21,2733,42,2017,108,54,161
294580418149,152,2908,149,14873,109,54,162
294580429377,98,2968,53,2490,110,54,163
294580440043,17,2834,39,2073,110,55,164
294580451371,98,3044,90,7481,111,55,165
294580462220,95,3005,188,15310,112,55,166
294580473720,16,2648,41,2119,112,56,167
294580484808,95,2884,95,8310,113,56,168
294580496030,116,2768,147,14559,114,56,169
294580507127,16,2645,40,2228,114,57,170
294580518064,113,3103,96,8035,115,57,171
294580529281,102,2782,181,15216,116,57,172
294580540576,16,2834,43,2208,116,58,173
294580551301,90,2913,39,1750,117,58,174
294580562881,92,2861,33,773,118,58,175
294580573613,17,2731,28,758,118,59,176
294580584581,107,3015,346,32245,119,59,177
294580595657,88,2755,106,9617,120,59,178
294580606972,16,2831,65,2201,120,60,179
294580618098,98,2862,45,2206,121,60,180
294580629274,145,2829,232,14026,122,60,181
294580640437,28,2837,46,1989,122,61,182
294580651304,118,2748,99,8320,123,61,183
294580662505,89,2882,151,14965,124,61,184
294580673707,17,2766,45,2282,124,62,185
294580684723,118,2858,47,2444,125,62,186
294580695976,109,2838,110,7277,126,62,187
294580707050,17,2740,38,1764,126,63,188
294580718129,93,2951,40,2216,127,63,189
294580729215,88,2915,41,1880,128,63,190
294580740392,16,2841,72,1699,128,64,191
294580751599,95,2874,147,14319,129,64,192
294580762635,84,2996,89,7774,130,64,193
294580773477,16,2769,83,1742,130,65,194
294580784966,154,2926,97,5951,131,65,195
294580795800,125,2959,319,33249,132,65,196
294580807062,19,2637,57,3658,132,66,197
294580818340,103,3012,107,7495,133,66,198
294580829312,95,3011,165,14698,134,66,199
294580840110,18,2731,40,2104,134,67,200
294580851272,93,2763,91,7641,135,67,201
294580862768,87,2834,43,2181,136,67,202
294580873417,17,2652,37,1744,136,68,203
294580884695,254,3049,235,14295,137,68,204
294580896565,970,3878,119,8759,138,68,205
294580906871,21,2689,44,1874,138,69,206
294580918293,110,2897,156,14857,139,69,207
294580929382,115,2819,49,2569,140,69,208
294580940410,19,2754,41,1858,140,70,209
294580951494,128,2883,42,1968,141,70,210
294580962519,90,2886,92,7454,142,70,211
294580973504,21,2806,46,1922,142,71,212
294580984557,123,2829,48,2242,143,71,213
294580995830,124,2900,56,2976,144,71,214
294581006834,19,2688,29,767,144,72,215
294581017783,112,2862,394,34974,145,72,216
294581029146,256,2757,71,4701,146,72,217
294581040109,19,2731,39,2223,146,73,218
294581051299,95,3173,43,2034,147,73,219
294581062347,93,3998,86,7065,148,73,220
294581073723,17,3652,41,1929,148,74,221
294581084965,89,3968,143,14085,149,74,222
294581095909,95,3898,89,7352,150,74,223
294581106957,17,3632,39,1833,150,75,224
294581118425,99,3791,45,2142,151,75,225
294581129267,92,3928,143,14270,152,75,226
294581140179,24,3678,49,2050,152,76,227
294581151228,109,3902,110,8516,153,76,228
294581162346,87,4041,162,14961,154,76,229
294581173875,16,3537,41,2180,154,77,230
294581184809,106,4084,50,2535,155,77,231
294581196180,230,4817,57,2034,156,77,232
294581206856,20,3520,43,1914,156,78,233
294581217853,115,3948,94,7462,157,78,234
294581229064,103,3856,221,20789,158,78,235
294581240533,23,3553,47,1688,158,79,236
294581251477,184,3766,42,1839,159,79,237
294581262257,87,3922,42,2006,160,79,238
294581273799,17,3582,39,1495,160,80,239
294581284743,105,4018,158,14440,161,80,240
294581295952,90,3943,53,2227,162,80,241
294581307063,19,3655,39,1599,162,81,242
294581317845,99,3946,83,6827,163,81,243
294581329463,88,3942,192,15003,164,81,244
294581340159,17,3710,57,1833,164,82,245
294581351347,91,3955,87,7517,165,82,246
294581362773,82,3940,39,1804,166,82,247
294581373843,15,3629,37,1523,166,83,248
294581384769,247,3802,153,14124,167,83,249
294581395770,129,3940,168,8955,168,83,250
294581407009,30,3640,51,1545,168,84,251
294581418208,130,4000,151,14545,169,84,252
294581429290,107,3873,128,1348,170,84,253
294581440639,19,3680,29,702,170,85,254
294581451637,120,4054,315,34765,171,85,255
294581462319,147,4006,227,17373,172,85,256
294581473568,24,3691,52,2489,172,86,257
294581484941,121,3956,100,7749,173,86,258
294581496374,105,3889,160,13893,174,86,259
294581506901,23,3908,45,2090,174,87,260
294581518284,121,3891,107,7840,175,87,261
294581529470,107,3904,165,14870,176,87,262
294581540742,18,3737,48,2298,176,88,263
294581551294,91,3944,47,2559,177,88,264
294581562616,90,3936,86,7092,178,88,265
294581573433,27,3638,45,1882,178,89,266
294581585128,110,4064,154,15143,179,89,267
294581595698,101,4031,92,7369,180,89,268
294581607177,25,3713,46,1905,180,90,269
294581618338,215,3896,69,4420,181,90,270
294581629189,96,4041,378,35097,182,90,271
294581640454,24,3591,68,3725,182,91,272
294581651716,177,3923,102,8373,183,91,273
294581662495,102,3866,170,13826,184,91,274
294581673859,19,3663,46,2208,184,92,275
294581684803,127,3854,49,2348,185,92,276
294581695605,126,4073,89,7165,186,92,277
294581706726,18,3767,41,1873,186,93,278
294581718005,102,4074,148,14447,187,93,279
294581729583,107,3965,91,7105,188,93,280
294581740467,18,3695,41,2097,188,94,281
294581751755,108,3981,147,14546,189,94,282
294581762730,98,3972,95,8038,190,94,283
294581773465,36,3720,63,1820,190,95,284
294581784846,133,4164,216,14678,191,95,285
294581795969,113,4016,75,2677,192,95,286
294581806690,19,3582,39,1958,192,96,287
294581818076,97,4074,79,6285,193,96,288
294581829274,96,4091,364,42797,194,96,289
294581840115,19,3635,66,4942,194,97,290
294581851426,97,4158,116,8764,195,97,291
294581862932,87,4194,50,2541,196,97,292
294581873734,16,3662,56,2177,196,98,293
294581884482,138,3983,162,15109,197,98,294
294581895966,110,4078,103,9159,198,98,295
294581906905,28,3593,60,2156,198,99,296
294581918012,103,4139,172,15503,199,99,297
294581929205,101,4106,52,2750,200,99,298
294581940607,21,4099,50,2302,200,100,299
294581951506,116,4147,89,7651,201,100,300
294581962432,93,4111,50,2419,202,100,301
294581973632,21,3805,40,2061,202,101,302
294581984977,160,4122,50,2349,203,101,303
294581995964,146,4165,227,14590,204,101,304
294582007201,19,4720,121,2190,204,102,305
294582017897,100,4176,61,4117,205,102,306
294582029512,102,4073,49,2492,206,102,307
294582040759,17,4541,46,788,206,103,308
294582051693,107,4262,31,753,207,103,309
294582062889,95,4133,337,34555,208,103,310
294582073854,24,3992,60,3718,208,104,311
294582085305,110,4074,166,15617,209,104,312
294582095867,97,4117,93,7501,210,104,313
294582107269,23,4260,65,1895,210,105,314
294582118503,115,4235,46,2215,211,105,315
294582129429,353,4147,262,14346,212,105,316
294582140337,50,3878,150,2138,212,106,317
294582151586,125,4379,102,8417,213,106,318
294582162459,443,4152,74,4172,214,106,319
294582173821,24,4201,39,855,214,107,320
294582184722,121,4226,339,33496,215,107,321
294582195697,114,3944,101,9056,216,107,322
294582206923,21,4014,79,2319,216,108,323
294582218227,120,4209,184,14774,217,108,324
294582229196,96,4390,88,7598,218,108,325
294582240477,18,3645,39,1945,218,109,326
294582251373,100,4295,142,13428,219,109,327
294582262981,102,4190,94,7690,220,109,328
294582273632,21,3853,44,1788,220,110,329
294582285050,115,4237,153,14529,221,110,330
294582295584,127,4123,48,2491,222,110,331
294582306914,18,3874,47,1971,222,111,332
294582318178,113,4417,90,7281,223,111,333
294582329013,102,4079,155,15358,224,111,334
294582340281,26,3866,43,2123,224,112,335
294582351536,89,4161,38,1303,225,112,336
294582362431,94,4149,315,34793,226,112,337
294582373722,17,3730,60,3739,226,113,338
294582384935,178,4562,169,14848,227,113,339
294582395842,137,3990,110,8520,228,113,340
294582407094,25,4076,51,1948,228,114,341
294582418306,126,4240,162,14998,229,114,342
294582429249,111,4032,48,2278,230,114,343
294582440339,20,3786,44,1985,230,115,344
294582451508,113,4243,91,7236,231,115,345
294582463209,107,4101,165,15313,232,115,346
294582473268,19,3933,67,2309,232,116,347
294582484797,95,4248,115,8633,233,116,348
294582496002,108,4917,169,14663,234,116,349
294582506770,17,6864,42,2109,234,117,350
294582517948,90,5525,88,7990,235,117,351
294582528901,88,6377,200,15117,236,117,352
294582540328,16,6982,43,2225,236,118,353
294582551592,96,5656,46,2470,237,118,354
294582562269,90,6857,38,1375,238,118,355
294582573541,15,4756,43,694,238,119,356
294582584699,90,5563,288,32107,239,119,357
294582595722,93,6968,128,9417,240,119,358
294582606719,25,4999,55,2266,240,120,359
294582618191,117,5853,49,2385,241,120,360
294582629355,94,8386,150,13928,242,120,361
294582640086,21,4484,44,2034,242,121,362
294582651710,130,5684,99,8403,243,121,363
294582662403,141,6659,154,14986,244,121,364
294582673720,16,7154,48,2262,244,122,365
294582684592,117,4966,53,2617,245,122,366
294582695989,97,6259,87,6940,246,122,367
294582707232,20,6891,46,1885,246,123,368
294582718218,100,5279,44,2247,247,123,369
294582729402,122,6192,50,1906,248,123,370
294582740365,17,6877,41,1726,248,124,371
294582751478,93,6023,184,14345,249,124,372
294582762770,88,6370,61,1703,250,124,373
294582773601,16,4900,50,703,250,125,374
294582784533,90,5663,325,32666,251,125,375
294582796055,161,6920,61,3651,252,125,376
294582807444,25,6673,43,2121,252,126,377
294582818790,148,5303,90,7174,253,126,378
294582829449,106,8193,155,14588,254,126,379
294582840117,17,5428,46,2078,254,127,380
294582851590,385,4551,60,1327,255,127,381
294582862665,101,6478,349,34792,256,127,382
294582873940,19,7001,80,3756,256,128,383
294582884857,304,6238,168,14743,257,128,384
294582895723,111,6670,149,8390,258,128,385
294582906912,18,5129,57,1894,258,129,386
294582918632,99,6104,77,6222,259,129,387
294582928965,91,6663,33,957,260,129,388
294582940430,18,6428,30,823,260,130,389
294582951384,91,5738,321,34814,261,130,390
294582962586,95,6880,172,17556,262,130,391
294582973412,16,5080,69,2414,262,131,392
294582984962,89,5334,118,7811,263,131,393
294582995990,89,6455,160,13877,264,131,394
294583007180,15,10038,44,2224,264,132,395
294583018071,91,5319,90,8084,265,132,396
294583029102,91,6643,154,14921,266,132,397
294583040735,16,6338,116,2355,266,133,398
294583051657,91,5069,46,2577,267,133,399
294583062467,85,6551,118,7352,268,133,400
294583073885,15,6966,42,1989,268,134,401
294583084871,91,5720,204,15270,269,134,402
294583095937,94,6187,87,7375,270,134,403
294583107207,16,9427,60,1228,270,135,404
294583118535,97,5444,202,21232,271,135,405
294583129445,101,7668,257,2976,272,135,406
294583140300,24,4622,32,751,272,136,407
294583151601,123,5714,325,34788,273,136,408
294583162698,95,6749,186,16641,274,136,409
294583173868,17,6920,122,2534,274,137,410
294583184591,103,5201,47,2395,275,137,411
294583195789,88,6585,86,7177,276,137,412
294583206758,17,4782,41,1801,276,138,413
294583218180,1031,6259,167,15078,277,138,414
294583228983,114,9174,192,7093,278,138,415
294583240502,33,5851,66,1858,278,139,416
294583251735,125,5360,149,14558,279,139,417
294583262848,124,5793,129,8075,280,139,418
294583273635,19,7089,51,2084,280,140,419
294583284708,309,5282,159,14952,281,140,420
294583295713,118,6259,55,2724,282,140,421
294583306979,33,10095,53,2202,282,141,422
294583317879,111,5824,91,7627,283,141,423
294583329058,96,8036,108,5267,284,141,424
294583340332,17,4878,50,907,284,142,425
294583351651,95,5499,381,34997,285,142,426
294583362687,111,6828,88,4189,286,142,427
294583373740,20,6749,48,2204,286,143,428
294583385024,109,6596,185,14562,287,143,429
294583395932,118,6816,101,8658,288,143,430
294583406667,21,4785,70,1913,288,144,431
294583418167,106,5800,145,14895,289,144,432
294583429454,89,7643,47,2334,290,144,433
294583440246,17,4612,67,1923,290,145,434
294583451394,89,5348,84,7174,291,145,435
294583462784,94,6120,167,15279,292,145,436
294583473602,16,6787,43,2218,292,146,437
294583484892,93,5176,94,8551,293,146,438
294583495930,111,6420,164,14720,294,146,439
294583506980,15,9800,40,2050,294,147,440
294583518145,86,5222,86,7742,295,147,441
294583528916,123,6360,188,15071,296,147,442
294583540357,23,6835,43,2200,296,148,443
294583551423,101,5860,64,2153,297,148,444
294583562533,97,6596,36,1128,298,148,445
294583573614,21,4987,52,692,298,149,446
294583584518,93,5555,312,32287,299,149,447
294583596064,92,6825,121,9418,300,149,448
294583606792,21,4696,58,2260,300,150,449
294583618175,123,5930,48,2334,301,150,450
294583629173,98,6673,142,13804,302,150,451
294583640114,22,4599,65,1855,302,151,452
294583651741,110,5726,100,8249,303,151,453
294583662300,94,7144,149,14806,304,151,454
294583673422,18,12281,67,2196,304,152,455
294583696895,189,5246,103,8086,305,152,456
294583708818,22,7734,43,1780,305,153,457
294583719287,103,5224,43,2241,306,153,458
294583730709,121,6621,46,1942,307,153,459
294583741746,17,7021,41,1762,307,154,460
294583752876,96,4925,172,14351,308,154,461
294583763629,115,5373,168,6956,309,154,462
294583774808,18,6945,32,942,309,155,463
294583786326,97,5627,74,5817,310,155,464
294583797363,109,5628,435,33720,311,155,465
294583808588,19,8689,78,3717,311,156,466
294583819307,96,5407,106,7600,312,156,467
294583830450,87,6359,74,5208,313,156,468
294583841659,19,7212,33,883,313,157,469
294583852638,94,5566,323,35143,314,157,470
294583863613,149,5764,74,4209,315,157,471
294583875242,17,7236,43,2190,315,158,472
294583886057,265,6058,161,14437,316,158,473
294583897160,166,5693,105,8740,317,158,474
294583908333,19,6794,42,1808,317,159,475
294583919376,96,5685,146,14743,318,159,476
294583930587,146,6609,62,2280,319,159,477
294583941680,27,6528,64,1928,319,160,478
294583952740,160,5207,195,7135,320,160,479
294583963729,150,5253,52,2309,321,160,480
294583975110,20,7488,46,1844,321,161,481
294583986262,111,5053,41,2114,322,161,482
294583996859,178,5141,148,14569,323,161,483
294584008244,17,8236,63,2157,323,162,484
294584019352,93,6013,38,1513,324,162,485
294584030344,99,6503,49,716,325,162,486
294584041605,16,7557,31,708,325,163,487
294584052720,93,5645,319,33433,326,163,488
294584063808,116,5670,98,8945,327,163,489
294584075318,16,7275,52,2309,327,164,490
294584086241,101,5359,146,14640,328,164,491
294584097051,192,6151,48,1434,329,164,492
294584108601,19,6701,34,851,329,165,493
294584119669,107,5671,384,35074,330,165,494
294584130544,96,7300,170,16399,331,165,495
294584141523,24,6581,115,2430,331,166,496
294584152817,119,5472,144,7992,332,166,497
294584163910,90,5256,151,15048,333,166,498
294584174791,17,7074,50,2214,333,167,499
294584186311,106,5075,47,2517,334,167,500
294584196872,150,4982,62,2093,335,167,501
294584208203,41,8161,40,1960,335,168,502
294584219422,84,5167,88,7707,336,168,503
294584230815,85,5736,65,4678,337,168,504
294584241975,16,7293,52,765,337,169,505
294584252721,90,5850,322,34516,338,169,506
294584263740,83,5616,162,16295,339,169,507
294584274978,14,7307,49,2398,339,170,508
294584286162,90,5286,45,2469,340,170,509
294584297198,147,5517,97,2197,341,170,510
294584308419,21,8434,53,2005,341,171,511
294584319430,114,5486,85,6943,342,171,512
294584330426,143,5675,156,15114,343,171,513
294584341389,18,6614,46,2089,343,172,514
294584353160,108,5922,93,7945,344,172,515
294584363925,138,5435,47,2387,345,172,516
294584375094,18,6960,51,1994,345,173,517
294584386233,112,5163,165,14420,346,173,518
294584397281,104,5479,99,8470,347,173,519
294584408281,18,8190,42,1911,347,174,520
294584419266,94,5248,150,14961,348,174,521
294584430342,94,6741,47,2462,349,174,522
294584441478,15,7125,60,2031,349,175,523
294584452875,94,5461,41,2242,350,175,524
294584463919,92,5502,179,7412,351,175,525
294584475340,15,7187,98,1911,351,176,526
294584486287,101,5194,57,1392,352,176,527
294584497285,94,5377,302,31152,353,176,528
294584508492,18,8116,83,3658,353,177,529
294584519494,96,5668,145,14711,354,177,530
294584530671,149,6097,48,2666,355,177,531
294584542014,16,7149,62,2006,355,178,532
294584553014,90,5738,63,2135,356,178,533
294584563665,97,5869,87,7073,357,178,534
294584575079,17,7399,42,1903,357,179,535
294584586345,95,5560,153,15106,358,179,536
294584597280,89,5290,89,7853,359,179,537
294584608244,16,7394,42,1960,359,180,538
294584619734,97,5302,44,2256,360,180,539
294584630578,110,5641,147,14691,361,180,540
294584641829,23,7408,54,2218,361,181,541
294584652815,132,4944,168,8430,362,181,542
294584663546,98,5775,148,14777,363,181,543
294584674974,16,7486,41,1727,363,182,544
294584686324,100,6263,246,21614,364,182,545
294584697312,202,5151,38,1369,365,182,546
294584708176,16,8455,51,672,365,183,547
294584719349,94,5658,314,32118,366,183,548
294584730720,171,6126,105,9357,367,183,549
294584741712,15,7029,42,2153,367,184,550
294584753044,91,5719,135,13048,368,184,551
294584763712,283,5209,111,7681,369,184,552
294584774814,25,7442,65,2001,369,185,553
294584786234,118,5389,146,14564,370,185,554
294584797242,97,5580,49,2227,371,185,555
294584808345,36,7317,52,1844,371,186,556
294584819415,227,5386,62,1334,372,186,557
294584830482,100,6116,32,689,373,186,558
294584841841,18,7298,52,689,373,187,559
294584852935,88,5630,326,34868,374,187,560
294584863953,86,5318,60,3892,375,187,561
294584874656,15,7332,64,2141,375,188,562
294584885963,313,6104,166,14373,376,188,563
294584897427,130,5308,138,8204,377,188,564
294584908317,20,6722,78,1802,377,189,565
294584919578,109,5747,172,14730,378,189,566
294584930780,92,6424,60,2378,379,189,567
294584941807,24,6427,40,1925,379,190,568
294584953018,94,5407,127,7162,380,190,569
294584963741,85,5408,41,2188,381,190,570
294584975013,30,7406,38,1792,381,191,571
294584986091,92,5111,40,2107,382,191,572
294584997200,87,5611,160,14421,383,191,573
294585008430,21,7312,41,2057,383,192,574
294585019170,89,5049,120,7856,384,192,575
294585030425,85,5186,151,14985,385,192,576
294585041601,16,7096,49,2429,385,193,577
294585052688,89,5795,59,1855,386,193,578
294585063554,96,5335,35,1137,387,193,579
294585075020,16,7329,29,698,387,194,580
294585086179,205,5662,305,32059,388,194,581
294585097143,147,5545,107,9389,389,194,582
294585108334,17,7990,74,2294,389,195,583
294585119213,103,5534,77,2434,390,195,584
294585130555,192,6341,157,13829,391,195,585
294585141599,26,7097,49,1984,391,196,586
294585152605,114,5471,96,8396,392,196,587
294585163939,91,5661,174,14930,393,196,588
294585174948,16,6825,41,2150,393,197,589
294585186115,90,5514,45,2481,394,197,590
294585197237,188,5283,94,6968,395,197,591
294585207942,21,8276,41,1811,395,198,592
294585219483,108,5513,42,2187,396,198,593
294585230723,99,6009,53,1876,397,198,594
294585241430,17,7159,64,1696,397,199,595
294585252747,87,5417,141,14327,398,199,596
294585263743,82,5034,112,7811,399,199,597
294585275228,15,7354,62,1854,399,200,598
294585286118,101,5726,128,6044,400,200,599
294585297072,112,5048,32,936,401,200,600
294585308875,20,6935,60,858,401,201,601
294585319556,111,5895,323,34562,402,201,602
294585330939,140,5377,76,4935,403,201,603
294585341397,25,7197,37,678,403,202,604
294585352625,107,5746,316,34799,404,202,605
294585363933,94,5451,61,4075,405,202,606
294585374973,17,7189,47,2119,405,203,607
294585386007,128,5416,175,14425,406,203,608
294585397194,139,5498,97,8293,407,203,609
294585408561,17,7277,41,1855,407,204,610
294585419588,102,5740,174,14794,408,204,611
294585430366,115,5460,51,2558,409,204,612
294585441704,18,7360,69,2041,409,205,613
294585452835,102,5383,88,7291,410,205,614
294585463718,87,5044,44,2058,411,205,615
294585474749,16,7270,64,1771,411,206,616
294585486170,91,5063,42,2065,412,206,617
294585497346,97,5658,152,14458,413,206,618
294585508445,20,7130,52,2268,413,207,619
294585519647,111,5222,96,8116,414,207,620
294585530774,103,5615,121,4121,415,207,621
294585541504,22,7272,42,818,415,208,622
294585552595,119,5568,321,33587,416,208,623
294585563556,101,5807,128,9009,417,208,624
294585575305,19,7430,43,2233,417,209,625
294585585820,96,5401,160,14618,418,209,626
294585597054,92,5682,89,7484,419,209,627
294585608168,18,6897,71,1951,419,210,628
294585619515,95,5563,46,2309,420,210,629
294585630478,183,6370,185,14385,421,210,630
294585641879,29,6781,53,2161,421,211,631
294585652966,144,5500,102,8515,422,211,632
294585663948,97,5181,163,15131,423,211,633
294585674595,19,7184,42,2001,423,212,634
294585686163,100,5202,52,2344,424,212,635
294585696871,153,5385,109,7166,425,212,636
294585708047,20,7969,50,1874,425,213,637
294585719394,152,5272,47,2286,426,213,638
294585730331,96,5060,43,1917,427,213,639
294585741648,15,7135,41,1737,427,214,640
294585752861,150,5142,142,14255,428,214,641
294585763570,94,5311,40,1647,429,214,642
294585774934,20,7107,38,711,429,215,643
294585785848,89,5785,352,34822,430,215,644
294585796907,109,5814,166,14042,431,215,645
294585808157,16,7765,66,2393,431,216,646
294585819266,112,5404,88,7234,432,216,647
294585830719,152,5589,159,15033,433,216,648
294585841728,19,7296,44,2249,433,217,649
294585852878,93,5629,90,7841,434,217,650
294585863812,107,5525,49,2175,435,217,651
294585874989,15,6852,41,1945,435,218,652
294585886056,88,5519,147,14657,436,218,653
294585897235,132,5581,111,8100,437,218,654
294585908433,38,7179,48,1703,437,219,655
294585919697,102,5599,226,23817,438,219,656
294585930393,107,6166,59,3195,439,219,657
294585941341,24,7317,47,2269,439,220,658
294585953001,99,5219,89,7561,440,220,659
294585963996,91,5474,62,2373,441,220,660
294585974643,17,7139,41,2032,441,221,661
294585985791,127,4931,43,2291,442,221,662
294585997118,91,5038,164,14689,443,221,663
294586008359,16,6992,48,2333,443,222,664
294586019639,96,5795,61,1512,444,222,665
294586030681,103,5573,28,712,445,222,666
294586041651,34,7462,31,708,445,223,667
294586052810,87,5997,325,33587,446,223,668
294586064088,83,5155,99,8936,447,223,669
294586074897,15,7278,46,2363,447,224,670
294586086233,89,5306,144,14728,448,224,671
294586097020,219,5487,87,7616,449,224,672
294586108160,16,6958,44,1927,449,225,673
294586119260,96,5614,41,2216,450,225,674
294586130363,93,6643,161,14385,451,225,675
294586141526,36,7144,59,2033,451,226,676
294586152616,131,5597,103,8536,452,226,677
294586163797,94,5292,155,15115,453,226,678
294586175086,17,6995,69,1975,453,227,679
294586186256,98,5200,45,2324,454,227,680
294586197199,91,5627,87,6961,455,227,681
294586208215,25,7239,63,1886,455,228,682
294586219271,98,5277,46,2373,456,228,683
294586230367,87,6117,41,1960,457,228,684
294586241566,29,6933,40,1776,457,229,685
294586252661,117,5003,143,14297,458,229,686
294586263810,89,5054,150,7847,459,229,687
294586274821,17,7140,42,1841,459,230,688
294586286361,149,5593,75,6141,460,230,689
294586297085,126,5408,310,33758,461,230,690
294586308416,16,7327,59,3840,461,231,691
294586319594,90,5607,90,7721,462,231,692
294586330401,103,5904,151,14773,463,231,693
294586341636,17,7278,57,2158,463,232,694
294586352627,92,5713,123,7759,464,232,695
294586363570,80,5797,41,2166,465,232,696
294586374693,15,6908,39,1824,465,233,697
294586386042,86,5522,146,14404,466,233,698
294586397017,122,5372,108,9091,467,233,699
294586408549,21,6830,60,2060,467,234,700
294586419596,136,5435,157,14812,468,234,701
294586430799,93,5560,50,2650,469,234,702
294586441965,18,7169,41,1888,469,235,703
294586452988,116,5445,84,7162,470,235,704
294586463587,83,4975,37,2057,471,235,705
294586474860,17,7337,42,1780,471,236,706
294586486114,93,5083,41,2021,472,236,707
294586497284,142,5252,52,2861,473,236,708
294586508525,15,7251,32,729,473,237,709
294586519536,92,6212,347,35072,474,237,710
294586530525,88,5606,37,1257,475,237,711
294586541750,15,7192,30,639,475,238,712
294586552911,92,5597,302,33399,476,238,713
294586563680,114,5525,97,8765,477,238,714
294586574688,16,7269,53,2313,477,239,715
294586586277,198,8250,159,14484,478,239,716
294586597261,122,5642,97,7426,479,239,717
294586608555,18,7156,64,1928,479,240,718
294586619525,94,5534,47,2285,480,240,719
294586630644,90,6024,162,14311,481,240,720
294586641352,18,6394,63,2037,481,241,721
294586653042,133,5621,107,8292,482,241,722
294586663811,99,4980,151,14998,483,241,723
294586674628,18,7468,44,2222,483,242,724
294586686168,90,5104,47,2524,484,242,725
294586697214,817,9500,44,2042,485,242,726
294586708289,15,13672,43,1908,485,243,727
294586733642,183,9664,98,8306,486,243,728
294586744805,107,13656,171,14469,487,243,729
294586770220,93,16103,118,7717,488,243,730
294586798007,98,11586,72,3954,489,243,731
294586821112,95,15412,335,34396,490,243,732
294586847736,120,11318,154,5736,491,243,733
294586870628,100,16932,67,2316,492,243,734
294586899076,159,6930,59,3004,493,243,735
294586910032,19,7174,52,1770,493,244,736
294586921333,100,5591,170,14603,494,244,737
294586932561,106,5752,45,2273,495,244,738
294586943573,15,7133,50,1773,495,245,739
294586954644,88,5606,106,6928,496,245,740
294586965812,85,5826,43,1967,497,245,741
294586977033,20,7880,40,1704,497,246,742
294586988154,106,5420,67,2043,498,246,743
294586999471,89,5616,186,14146,499,246,744
294587010381,27,7568,72,2115,499,247,745
294587021490,171,5178,119,8084,500,247,746
294587032315,162,5542,166,15173,501,247,747
294587043283,23,7000,55,2227,501,248,748
294587054965,124,5377,45,2097,502,248,749
294587065965,97,5577,34,1103,503,248,750
294587077044,21,8253,30,672,503,249,751
294587088337,100,5412,297,32069,504,249,752
294587099006,88,5310,138,9363,505,249,753
294587110170,16,8511,58,2229,505,250,754
294587121328,103,5814,67,2378,506,250,755
294587132343,84,5275,136,13755,507,250,756
294587143301,28,7123,55,1952,507,251,757
294587154753,114,5619,100,8353,508,251,758
294587165935,111,5197,283,14897,509,251,759
294587177122,22,8077,45,2120,509,252,760
294587188164,97,5344,47,2485,510,252,761
294587199188,84,5187,115,7146,511,252,762
294587210017,19,7113,62,1787,511,253,763
294587221398,109,5694,154,15210,512,253,764
294587232599,97,5818,138,7037,513,253,765
294587243673,16,7887,47,1800,513,254,766
294587254933,108,5678,195,14422,514,254,767
294587266033,103,5611,95,8244,515,254,768
294587277014,17,7772,40,1997,515,255,769
294587288194,93,5065,150,15165,516,255,770
294587298815,90,5751,55,2411,517,255,771
294587310132,16,8159,40,1750,517,256,772
294587321345,91,5255,57,1266,518,256,773
294587332275,115,5732,36,669,519,256,774
294587343269,19,7139,33,669,519,257,775
294587355094,100,5205,346,34728,520,257,776
294587365559,133,5063,66,3856,521,257,777
294587376689,35,7014,81,2135,521,258,778
294587387900,103,6450,203,14349,522,258,779
294587398987,108,5421,102,8185,523,258,780
294587410233,27,10263,69,1927,523,259,781
294587421322,133,5540,148,14896,524,259,782
294587432378,99,5343,47,2557,525,259,783
294587443644,18,8167,45,2130,525,260,784
294587454881,102,5606,89,7451,526,260,785
294587465887,89,5946,50,2126,527,260,786
294587476877,28,8209,48,1830,527,261,787
294587488272,109,6309,66,2133,528,261,788
294587499003,114,5713,147,14499,529,261,789
294587510202,19,7908,50,2107,529,262,790
294587521452,106,5278,150,7824,530,262,791
294587532472,98,5717,175,15031,531,262,792
294587543497,18,7882,48,2237,531,263,793
294587554615,102,5326,37,1693,532,263,794
294587565975,92,5562,36,1086,533,263,795
294587576935,39,8322,39,669,533,264,796
294587588062,114,5824,295,32041,534,264,797
294587599275,119,5337,166,9321,535,264,798
294587610177,23,8417,95,2240,535,265,799
294587621221,114,5786,101,2372,536,265,800
294587632350,106,5420,144,13800,537,265,801
294587643373,22,6964,52,2006,537,266,802
294587654635,118,5671,102,8438,538,266,803
294587665687,93,5167,152,14960,539,266,804
294587676667,17,7324,42,2138,539,267,805
294587687853,111,5182,53,2515,540,267,806
294587699057,307,4831,95,7162,541,267,807
294587709934,22,7239,53,1796,541,268,808
294587721570,116,5501,174,15215,542,268,809
294587732727,131,5921,92,7066,543,268,810
294587743797,20,8057,45,1798,543,269,811
294587754928,152,5641,200,14421,544,269,812
294587765719,104,5459,97,8232,545,269,813
294587776903,18,6519,42,2043,545,270,814
294587788096,163,5439,238,15178,546,270,815
294587799238,94,6016,54,1787,547,270,816
294587810437,21,7934,32,907,547,271,817
294587821517,92,5343,33,1044,548,271,818
294587832322,93,5640,289,32038,549,271,819
294587843668,21,8354,72,3520,549,272,820
294587854562,98,5730,104,7890,550,272,821
294587866105,90,5113,43,2279,551,272,822
294587876915,16,7984,42,1915,551,273,823
294587888184,92,6605,187,13647,552,273,824
294587899225,116,5297,100,8244,553,273,825
294587910353,20,7873,40,1831,553,274,826
294587921571,100,5250,144,14760,554,274,827
294587932603,87,5323,48,2361,555,274,828
294587943475,26,8193,49,1982,555,275,829
294587954779,105,5289,102,7270,556,275,830
294587965819,88,5726,38,2008,557,275,831
294587976832,16,7891,39,1724,557,276,832
294587987852,89,5735,39,2011,558,276,833
294587998908,88,5944,163,14344,559,276,834
294588010409,16,7668,39,2113,559,277,835
294588021702,95,5327,90,7968,560,277,836
294588032433,87,5855,172,15071,561,277,837
294588043676,15,7976,43,2156,561,278,838
294588054676,92,4986,40,1803,562,278,839
294588065500,88,5153,360,34747,563,278,840
294588076816,16,8509,61,3831,563,279,841
294588088040,87,6060,154,15676,564,279,842
294588099302,91,5327,88,7688,565,279,843
294588110319,14,8370,40,1838,565,280,844
294588121475,106,6013,40,2129,566,280,845
294588132485,90,5679,152,14361,567,280,846
294588143702,23,7972,82,1996,567,281,847
294588154774,113,5556,109,8286,568,281,848
294588166001,87,5020,163,15074,569,281,849
294588176674,15,7339,43,2163,569,282,850
294588187945,88,6114,46,2429,570,282,851
294588199117,86,6035,85,7242,571,282,852
294588210140,16,8198,47,1920,571,283,853
294588221401,101,5598,50,2302,572,283,854
294588232513,92,6152,69,1965,573,283,855
294588245705,283,5840,214,14499,574,283,856
294588254761,19,4575,46,2146,574,284,857
294588266022,152,8198,100,7919,575,284,858
294588276823,20,8415,44,1898,575,285,859
294588288001,96,4902,175,14991,576,285,860
294588299104,94,5877,40,1627,577,285,861
294588310236,16,8113,32,795,577,286,862
294588321339,96,5252,30,769,578,286,863
294588332544,113,5759,32,770,579,286,864
294588343652,16,8274,29,769,579,287,865
294588354911,93,5460,327,34849,580,287,866
294588365720,89,5386,58,3974,581,287,867
294588376742,15,7284,42,2164,581,288,868
294588387879,126,7949,157,14626,582,288,869
294588399134,101,5393,100,8506,583,288,870
294588410304,17,7954,42,1912,583,289,871
294588421409,102,5452,166,14823,584,289,872
294588432245,83,5096,46,2365,585,289,873
294588443377,20,7368,63,1959,585,290,874
294588454946,96,5360,86,7238,586,290,875
294588465667,88,5895,151,15241,587,290,876
294588477237,16,8131,57,1937,587,291,877
294588487907,85,6327,99,8281,588,291,878
294588499161,205,5879,148,14567,589,291,879
294588510184,17,6526,45,2318,589,292,880
294588521389,92,5370,92,8109,590,292,881
294588532177,90,5720,152,15262,591,292,882
294588543373,16,8245,40,2221,591,293,883
294588554897,85,5393,82,2437,592,293,884
294588566195,93,8510,78,6188,593,293,885
294588576783,15,7046,52,890,593,294,886
294588587867,92,5724,370,42750,594,294,887
294588599393,91,5465,121,10462,595,294,888
294588610560,17,8368,79,2805,595,295,889
294588621394,128,5609,75,2809,596,295,890
294588632448,100,5614,159,14781,597,295,891
294588643410,24,7128,51,2479,597,296,892
294588654773,117,5525,99,8809,598,296,893
294588666343,157,4953,257,15364,599,296,894
294588676819,18,7926,49,2629,599,297,895
294588688099,94,5174,54,2895,600,297,896
294588699061,220,9577,68,2547,601,297,897
294588710330,23,15845,85,2237,601,298,898
294588737703,154,13946,81,1286,602,298,899
294588763533,168,12291,333,35065,603,298,900
294588787450,96,17733,95,4649,604,298,901
294588816699,170,8980,163,7404,605,298,902
294588828083,25,14387,70,1929,605,299,903
294588854029,299,14242,67,2224,606,299,904
294588879935,166,12829,200,13647,607,299,905
294588904555,266,5035,123,8772,608,299,906
294588915644,151,5607,173,14791,609,299,907
294588926608,29,8487,67,2179,609,300,908
294588937647,163,5061,98,7584,610,300,909
294588948857,116,5318,355,31440,611,300,910
294588960006,23,7186,71,3767,611,301,911
294588970932,120,4842,247,15661,612,301,912
294588982051,137,4993,108,7705,613,301,913
294588993081,25,7296,61,1844,613,302,914
294589004597,141,4951,53,2111,614,302,915
294589015278,226,5302,173,14406,615,302,916
294589026806,34,9003,67,2061,615,303,917
294589037548,164,5596,71,2402,616,303,918
294589048671,136,5230,62,2176,617,303,919
294589059718,31,7345,66,1973,617,304,920
294589071211,134,5256,115,7147,618,304,921
294589081857,108,5120,176,15104,619,304,922
294589093468,29,8024,64,2278,619,305,923
294589104551,489,10219,119,8042,620,305,924
294589126753,157,8935,65,2037,621,305,925
294589138036,30,4844,76,1826,621,306,926
294589149223,170,5766,73,2843,622,306,927
294589160207,28,6819,61,1864,622,307,928
294589171289,154,5190,168,14908,623,307,929
294589182667,119,5473,51,2607,624,307,930
294589193380,18,8214,43,2035,624,308,931
294589204598,100,5102,45,2299,625,308,932
294589215331,90,5763,36,1265,626,308,933
294589226491,16,7208,28,636,626,309,934
294589237760,88,4965,359,34425,627,309,935
294589249019,89,5210,60,4022,628,309,936
294589259964,15,8495,43,2099,628,310,937
294589271181,116,5776,145,14290,629,310,938
294589282208,89,5261,44,2419,630,310,939
294589293508,16,8373,40,1875,630,311,940
294589304543,114,5770,41,2078,631,311,941
294589315803,89,5350,78,6701,632,311,942
294589326908,15,8906,40,1870,632,312,943
294589337634,91,5595,165,14920,633,312,944
294589348862,100,5511,90,7875,634,312,945
294589359876,16,7120,42,1845,634,313,946
294589371041,88,5665,38,2132,635,313,947
294589382267,85,6512,151,14550,636,313,948
294589393616,18,7837,46,2226,636,314,949
294589404761,118,9745,103,8337,637,314,950
294589415377,93,5570,145,14855,638,314,951
294589426529,23,8537,95,2270,638,315,952
294589438074,90,5097,91,8176,639,315,953
294589448777,88,5746,153,15292,640,315,954
294589460374,16,8156,41,1770,640,316,955
294589471355,90,5209,37,1195,641,316,956
294589482165,86,5107,321,34834,642,316,957
294589493332,15,8616,61,3862,642,317,958
294589504558,90,5140,61,2380,643,317,959
294589515511,107,5044,145,14382,644,317,960
294589526584,18,9371,48,2086,644,318,961
294589537971,100,6116,49,2413,645,318,962
294589549045,96,4983,68,2227,646,318,963
294589560137,19,8018,51,2019,646,319,964
294589571384,97,5503,105,6963,647,319,965
294589582155,86,4992,181,15019,648,319,966
294589593521,16,8079,44,2217,648,320,967
294589604603,90,10398,92,7943,649,320,968
294589615843,103,5883,41,2191,650,320,969
294589626946,17,8110,58,1848,650,321,970
294589637647,140,5527,150,14547,651,321,971
294589648883,93,5717,98,8442,652,321,972
294589660187,17,7847,40,1788,652,322,973
294589671078,103,5407,151,14961,653,322,974
294589682298,104,5568,87,7322,654,322,975
294589693475,18,7310,50,1340,654,323,976
294589704278,89,5153,65,4603,655,323,977
294589715494,115,5092,321,32249,656,323,978
294589726920,21,8566,60,3559,656,324,979
294589738024,87,5709,125,7989,657,324,980
294589749014,107,5045,47,2109,658,324,981
294589759856,19,7208,42,1770,658,325,982
294589771597,163,5918,65,2375,659,325,983
294589782626,110,5162,149,14277,660,325,984
294589793642,20,7911,46,1969,660,326,985
294589804751,98,10075,49,2232,661,326,986
294589815599,596,5025,99,6880,662,326,987
294589826685,21,6994,64,1743,662,327,988
294589837943,127,5689,154,14983,663,327,989
294589849229,160,5481,121,7572,664,327,990
294589860287,20,6781,47,2081,664,328,991
294589870875,115,5019,48,2445,665,328,992
294589882089,110,5333,150,14637,666,328,993
294589893396,18,8271,44,2183,666,329,994
294589904525,98,5163,60,4269,667,329,995
294589915529,97,5674,50,2404,668,329,996
294589926821,18,8318,31,718,668,330,997
294589938008,95,5433,328,33302,669,330,998
294589949131,90,5542,124,8876,670,330,999
294589960088,20,8444,68,2189,670,331,1000
294589971157,96,5883,164,14605,671,331,1001
294589982370,88,5030,117,7507,672,331,1002
294589993248,24,7297,44,1903,672,332,1003
294590004580,95,10745,163,13341,673,332,1004
294590026675,107,8176,93,7609,674,332,1005
294590037937,92,5366,146,14692,675,332,1006
294590049283,92,6074,47,2450,676,332,1007
294590060431,17,8141,41,1873,676,333,1008
294590072024,235,5455,160,6983,677,333,1009
294590082490,124,5310,161,15090,678,333,1010
294590093491,26,8121,59,2017,678,334,1011
294590104538,130,5259,94,7694,679,334,1012
294590115432,102,5614,46,1786,680,334,1013
294590126533,17,7048,61,1349,680,335,1014
294590137753,106,5266,82,5564,681,335,1015
294590149002,221,7680,335,34816,682,335,1016
294590160065,18,7231,72,3679,682,336,1017
294590171257,99,5381,157,15746,683,336,1018
294590182506,89,5501,83,2586,684,336,1019
294590193663,16,8280,48,1878,684,337,1020
294590204864,94,6110,86,6888,685,337,1021
294590215962,86,5429,176,14990,686,337,1022
294590227166,14,8859,58,2058,686,338,1023
294590238217,104,5317,88,7775,687,338,1024
294590248954,87,5926,173,14135,688,338,1025
294590260227,15,7802,40,1884,688,339,1026
294590271347,91,5739,105,7520,689,339,1027
294590282693,84,5463,141,14728,690,339,1028
294590293885,19,7875,75,2236,690,340,1029
294590304608,110,5265,46,2459,691,340,1030
294590315562,91,5745,90,7151,692,340,1031
294590326898,34,7701,42,1906,692,341,1032
294590337805,93,5215,154,15254,693,341,1033
294590349010,97,5551,107,6514,694,341,1034
294590360275,16,8058,30,741,694,342,1035
294590371401,87,5635,66,4081,695,342,1036
294590382560,132,5250,342,34960,696,342,1037
294590393575,19,8990,104,3746,696,343,1038
294590404711,133,10239,139,8031,697,343,1039
294590415899,102,5427,147,14481,698,343,1040
294590427045,19,8626,43,2251,698,344,1041
294590438090,92,5931,46,2347,699,344,1042
294590448899,92,5196,84,7074,700,344,1043
294590460397,21,8136,42,1900,700,345,1044
294590471479,90,5217,178,14351,701,345,1045
294590482418,98,5011,129,7127,702,345,1046
294590493855,16,8069,47,1899,702,346,1047
294590504750,118,9155,174,14431,703,346,1048
294590515947,97,5816,88,7816,704,346,1049
294590526778,18,6559,39,1830,704,347,1050
294590537998,164,5146,193,14839,705,347,1051
294590548980,97,6934,74,2648,706,347,1052
294590560130,16,8269,41,1916,706,348,1053
294590571196,97,5257,67,5046,707,348,1054
294590582331,90,5708,59,4031,708,348,1055
294590593368,15,8236,53,874,708,349,1056
294590605062,100,9763,355,35193,709,349,1057
294590616020,99,5473,61,4188,710,349,1058
294590626937,16,8188,43,2236,710,350,1059
294590638022,100,5831,271,14616,711,350,1060
294590649261,142,5363,100,8212,712,350,1061
294590660184,20,7975,45,1985,712,351,1062
294590671422,101,5883,181,14657,713,351,1063
294590682645,90,5164,45,2614,714,351,1064
294590693798,21,15249,57,2023,714,352,1065
294590720244,147,15397,54,2226,715,352,1066
294590747056,112,11577,94,2407,716,352,1067
294590770030,122,15746,100,7620,717,352,1068
294590797493,190,11936,66,4176,718,352,1069
294590821136,104,13693,49,869,719,352,1070
294590846273,104,13304,31,818,720,352,1071
294590870806,117,16284,348,34802,721,352,1072
294590898848,161,7278,68,3033,722,352,1073
294590909807,29,7154,49,1446,722,353,1074
294590920796,200,5281,322,33485,723,353,1075
294590931806,110,5184,52,2639,724,353,1076
294590942854,17,7136,69,1839,724,354,1077
294590954557,100,5334,78,6723,725,354,1078
294590965605,95,5074,160,14745,726,354,1079
294590976371,20,7274,55,1965,726,355,1080
294590987417,107,5398,97,8183,727,355,1081
294590998694,96,5682,146,14376,728,355,1082
294591009857,30,8140,51,1934,728,356,1083
294591021052,96,4934,88,7511,729,356,1084
294591031771,95,5597,157,14687,730,356,1085
294591042954,17,7190,51,1955,730,357,1086
294591054488,96,5447,67,2246,731,357,1087
294591065258,87,8315,118,7133,732,357,1088
294591076660,19,7338,39,1596,732,358,1089
294591087374,94,5801,60,4263,733,358,1090
294591098798,94,5286,348,34976,734,358,1091
294591110100,21,8507,75,3842,734,359,1092
294591121434,263,5426,52,2395,735,359,1093
294591132349,308,5374,150,14431,736,359,1094
294591143379,18,7600,60,2098,736,360,1095
294591154645,137,5396,94,7663,737,360,1096
294591165521,106,5084,165,15752,738,360,1097
294591176305,18,7391,45,2083,738,361,1098
294591187378,106,5855,49,2355,739,361,1099
294591198556,89,5930,86,7124,740,361,1100
294591210011,16,8169,46,1794,740,362,1101
294591220779,99,5212,152,15178,741,362,1102
294591231883,91,5779,86,7154,742,362,1103
294591243057,17,6353,61,1893,742,363,1104
294591254232,91,5231,146,14522,743,363,1105
294591265415,91,8432,96,8224,744,363,1106
294591276456,15,8307,110,1878,744,364,1107
294591287335,88,5583,149,15007,745,364,1108
294591298545,84,5475,70,2497,746,364,1109
294591309712,15,7312,41,2009,746,365,1110
294591320970,93,5007,36,1321,747,365,1111
294591332175,98,5773,325,32190,748,365,1112
294591343274,17,7011,86,3519,748,366,1113
294591354511,94,5352,89,7939,749,366,1114
294591365342,84,8130,47,2298,750,366,1115
294591376338,15,7026,42,1934,750,367,1116
294591387844,128,6169,191,13670,751,367,1117
294591398841,142,5019,99,7709,752,367,1118
294591409580,21,7375,48,1834,752,368,1119
294591420656,105,5247,154,15867,753,368,1120
294591431826,93,5260,48,2393,754,368,1121
294591443275,16,7108,43,1988,754,369,1122
294591454191,89,5442,101,7280,755,369,1123
294591465056,88,5745,158,15153,756,369,1124
294591476381,17,6976,47,2127,756,370,1125
294591487540,94,5672,96,8278,757,370,1126
294591498635,91,5521,162,14394,758,370,1127
294591509774,15,6910,39,2131,758,371,1128
294591520947,86,4957,85,7906,759,371,1129
294591531747,84,5780,153,15118,760,371,1130
294591543077,15,6980,44,2209,760,372,1131
294591554347,91,5185,38,1838,761,372,1132
294591565005,86,5270,31,764,762,372,1133
294591576695,18,8489,30,750,762,373,1134
294591587292,118,5681,346,32400,763,373,1135
294591598960,91,5601,159,9648,764,373,1136
294591609639,16,7533,61,2270,764,374,1137
294591620782,101,5471,44,2292,765,374,1138
294591631973,189,6065,156,14086,766,374,1139
294591642988,22,7075,52,1953,766,375,1140
294591654270,110,5439,95,8173,767,375,1141
294591665313,104,5036,154,14917,768,375,1142
294591676317,21,7352,57,2303,768,376,1143
294591687366,120,5627,48,2459,769,376,1144
294591698460,139,5752,92,7213,770,376,1145
294591710072,19,8126,69,1934,770,377,1146
294591720848,98,4880,181,15290,771,377,1147
294591732013,98,5990,88,6887,772,377,1148
294591743110,17,6496,40,1921,772,378,1149
294591754425,90,5275,145,14436,773,378,1150
294591765401,84,8308,92,7933,774,378,1151
294591776433,16,8192,40,2214,774,379,1152
294591787489,83,4941,173,14984,775,379,1153
294591798773,141,5821,49,2449,776,379,1154
294591809813,16,7247,43,1904,776,380,1155
294591821122,107,5168,36,1260,777,380,1156
294591832106,89,5686,308,31890,778,380,1157
294591843001,15,6995,53,3491,778,381,1158
294591854320,125,5786,109,7906,779,381,1159
294591865349,85,7958,79,2290,780,381,1160
294591876370,15,7795,53,1926,780,382,1161
294591887576,149,9006,153,13680,781,382,1162
294591898794,102,5291,98,8339,782,382,1163
294591909897,18,7388,43,1859,782,383,1164
294591921108,92,5268,148,14817,783,383,1165
294591932056,89,5650,49,2364,784,383,1166
294591943154,16,7070,69,1982,784,384,1167
294591954291,95,5478,94,7296,785,384,1168
294591965542,91,8210,62,2111,786,384,1169
294591976217,22,6411,40,1790,786,385,1170
294591987412,88,5187,67,2082,787,385,1171
294591999117,102,5950,148,14453,788,385,1172
294592009864,17,8359,43,2228,788,386,1173
294592020899,89,4896,92,8067,789,386,1174
294592032200,88,5705,153,15046,790,386,1175
294592043269,15,6957,42,2141,790,387,1176
294592054342,88,5187,39,1808,791,387,1177
294592065046,88,5255,313,34711,792,387,1178
294592076199,15,7139,83,3862,792,388,1179
294592087429,102,5620,154,15719,793,388,1180
294592098926,85,5529,90,7681,794,388,1181
294592109609,15,7399,39,1822,794,389,1182
294592120848,89,5013,146,2114,795,389,1183
294592132210,98,5605,249,14368,796,389,1184
294592143281,23,7167,44,2096,796,390,1185
294592154252,108,5264,96,8482,797,390,1186
294592165325,92,5032,164,15100,798,390,1187
294592176103,15,7110,45,2300,798,391,1188
294592187743,89,5483,46,2567,799,391,1189
294592198574,88,5835,86,7360,800,391,1190
294592209889,16,8016,64,1987,800,392,1191
294592221119,90,5361,44,2347,801,392,1192
294592231923,83,5727,39,1982,802,392,1193
294592243349,25,7841,40,1800,802,393,1194
294592254329,92,5398,144,14527,803,393,1195
294592265413,86,7629,95,7550,804,393,1196
294592276721,14,8305,39,1303,804,394,1197
294592287591,85,5613,200,20974,805,394,1198
294592298873,87,5385,125,12197,806,394,1199
294592309751,15,7309,41,1830,806,395,1200
294592321037,203,5537,99,7086,807,395,1201
294592331981,85,5353,151,15036,808,395,1202
294592343105,14,7251,48,1961,808,396,1203
294592354130,93,5524,114,7721,809,396,1204
294592365173,86,5015,38,1922,810,396,1205
294592376287,16,7565,45,1531,810,397,1206
294592387375,127,5687,147,14436,811,397,1207
294592398577,171,5642,113,8349,812,397,1208
294592409585,28,6936,48,1551,812,398,1209
294592420746,135,5157,160,14806,813,398,1210
294592432126,100,6049,42,2178,814,398,1211
294592443087,18,6404,41,1711,814,399,1212
294592454276,95,5337,38,1866,815,399,1213
294592465349,85,7776,85,7315,816,399,1214
294592476503,15,8195,38,1565,816,400,1215
294592487526,85,5247,39,1815,817,400,1216
294592498950,89,5804,48,2647,818,400,1217
294592509673,16,7273,27,695,818,401,1218
294592520603,85,5496,321,34997,819,401,1219
294592531858,98,5401,93,4636,820,401,1220
294592543090,16,7243,41,2129,820,402,1221
294592554220,90,5947,40,1983,821,402,1222
294592565353,86,6980,91,6965,822,402,1223
294592576778,19,8023,49,1871,822,403,1224
294592587641,108,4997,148,13953,823,403,1225
294592598334,94,5630,91,7473,824,403,1226
294592609899,21,7351,48,1947,824,404,1227
294592621177,127,5104,109,2344,825,404,1228
294592631825,191,6532,164,14310,826,404,1229
294592643175,24,6835,46,2074,826,405,1230
294592654444,114,5011,99,8578,827,405,1231
294592665353,93,8145,152,14969,828,405,1232
294592676501,17,7937,49,2076,828,406,1233
294592687523,100,5111,96,8139,829,406,1234
294592698540,102,9765,154,15278,830,406,1235
294592709941,17,15391,63,2119,830,407,1236
294592736544,140,14841,96,7690,831,407,1237
294592762708,114,12693,147,14009,832,407,1238
294592786629,275,17686,61,2139,833,407,1239
294592815779,179,9577,100,7096,834,407,1240
294592827329,22,15097,54,1868,834,408,1241
294592853712,124,15089,63,2292,835,408,1242
294592880609,201,12986,208,13996,836,408,1243
294592905217,150,5640,105,8459,837,408,1244
294592916192,110,5888,158,15141,838,408,1245
294592927328,19,7565,69,2265,838,409,1246
294592938511,96,5490,47,2450,839,409,1247
294592949431,119,5674,53,2059,840,409,1248
294592960594,30,7312,46,1841,840,410,1249
294592971921,114,5358,167,7507,841,410,1250
294592982834,96,5670,41,1730,842,410,1251
294592994177,27,7319,46,1259,842,411,1252
294593005217,118,5232,74,5423,843,411,1253
294593016264,95,5842,337,35258,844,411,1254
294593027238,45,8117,71,3711,844,412,1255
294593038638,114,5021,200,8027,845,412,1256
294593049898,94,5496,155,12607,846,412,1257
294593060854,18,7256,40,1928,846,413,1258
294593071904,90,7523,107,6889,847,413,1259
294593083007,90,5176,162,13847,848,413,1260
294593093832,15,8476,44,2044,848,414,1261
294593105503,91,5441,121,7904,849,414,1262
294593116600,106,4888,65,2148,850,414,1263
294593127295,47,7903,51,1863,850,415,1264
294593138895,126,5429,240,14319,851,415,1265
294593149790,110,5609,100,8420,852,415,1266
294593160901,18,6953,118,1866,852,416,1267
294593172024,121,5759,218,14928,853,416,1268
294593182854,109,5506,75,2485,854,416,1269
294593194063,20,7320,44,1932,854,417,1270
294593205176,98,5118,47,2129,855,417,1271
294593216543,109,5717,81,6554,856,417,1272
294593227712,19,7244,33,963,856,418,1273
294593238752,95,5204,61,4228,857,418,1274
294593249941,93,5715,32,775,858,418,1275
294593260950,17,7720,51,733,858,419,1276
294593272189,293,5597,434,34933,859,419,1277
294593283319,270,5665,263,4665,860,419,1278
294593294145,27,8070,45,2190,860,420,1279
294593305151,115,8255,43,2099,861,420,1280
294593316304,96,5281,84,6950,862,420,1281
294593327153,17,7663,44,1832,862,421,1282
294593338843,96,5425,228,14014,863,421,1283
294593349669,93,5331,87,7479,864,421,1284
294593360765,16,7324,45,2042,864,422,1285
294593371851,102,5508,66,2407,865,422,1286
294593382861,123,6213,170,14379,866,422,1287
294593394420,28,7022,75,2024,866,423,1288
294593405144,103,9415,104,8700,867,423,1289
294593416529,98,5538,173,14948,868,423,1290
294593427582,17,7090,41,2153,868,424,1291
294593438558,89,5320,181,8118,869,424,1292
294593449730,88,5717,78,4358,870,424,1293
294593460650,15,8092,30,887,870,425,1294
294593471765,84,5290,389,32415,871,425,1295
294593483196,117,5748,104,9504,872,425,1296
294593494242,14,7860,62,2299,872,426,1297
294593505277,95,7753,46,2467,873,426,1298
294593516448,83,5246,45,2457,874,426,1299
294593527229,15,7921,41,1930,874,427,1300
294593538839,86,6262,160,14102,875,427,1301
294593549838,95,5403,45,2363,876,427,1302
294593561016,16,7209,64,1912,876,428,1303
294593571642,87,5385,131,7150,877,428,1304
294593582951,89,5024,171,15073,878,428,1305
294593594246,16,7291,45,2155,878,429,1306
294593605464,95,8211,90,7819,879,429,1307
294593616509,92,6082,39,2120,880,429,1308
294593627542,15,6948,63,1744,880,430,1309
294593638794,90,7618,193,14347,881,430,1310
294593649880,131,5794,103,7821,882,430,1311
294593660947,19,7315,40,1745,882,431,1312
294593672078,93,5160,74,6166,883,431,1313
294593682865,82,5483,331,33775,884,431,1314
294593694136,18,7932,73,3722,884,432,1315
294593705290,97,5369,89,7601,885,432,1316
294593716442,93,5650,144,14807,886,432,1317
294593727542,16,7826,45,2182,886,433,1318
294593738693,92,5300,89,7794,887,433,1319
294593749486,97,5491,44,2186,888,433,1320
294593760505,30,8022,41,1845,888,434,1321
294593772169,90,8090,49,2512,889,434,1322
294593783234,82,5208,150,15073,890,434,1323
294593793931,41,7620,67,2230,890,435,1324
294593805141,87,5854,48,2503,891,435,1325
294593816641,145,5110,104,7140,892,435,1326
294593827270,18,7483,46,1976,892,436,1327
294593838929,92,5933,154,15133,893,436,1328
294593849977,88,6023,88,7837,894,436,1329
294593860944,17,7005,39,1902,894,437,1330
294593872059,89,5614,42,2191,895,437,1331
294593883116,85,5576,144,14542,896,437,1332
294593894198,16,7337,54,2263,896,438,1333
294593905585,131,5471,112,1495,897,438,1334
294593916525,106,5774,337,32654,898,438,1335
294593927517,24,7769,64,3525,898,439,1336
294593938573,110,5221,42,2231,899,439,1337
294593949531,107,5617,44,1397,900,439,1338
294593960679,21,8023,33,704,900,440,1339
294593972136,107,5296,389,32109,901,440,1340
294593983209,157,5002,125,9409,902,440,1341
294593994100,32,7808,58,2227,902,441,1342
294594005261,222,7856,51,2310,903,441,1343
294594016306,93,5257,46,2347,904,441,1344
294594027434,22,7451,72,1746,904,442,1345
294594038616,92,5838,164,14198,905,442,1346
294594049897,87,5359,47,2366,906,442,1347
294594060936,16,7388,64,1895,906,443,1348
294594071948,100,5389,84,7035,907,443,1349
294594082913,85,5725,170,15021,908,443,1350
294594094272,15,7060,40,2067,908,444,1351
294594105237,87,8151,199,7682,909,444,1352
294594116489,90,5971,38,2113,910,444,1353
294594127594,19,7080,39,1833,910,445,1354
294594138346,91,5476,1375,14359,911,445,1355
294594149513,238,5642,44,1705,912,445,1356
294594160983,22,7724,34,719,912,446,1357
294594172197,112,5340,449,32317,913,446,1358
294594182882,127,5450,63,3650,914,446,1359
294594194209,21,7432,44,2094,914,447,1360
294594205466,241,6164,133,7164,915,447,1361
294594216669,94,5712,148,14598,916,447,1362
294594227591,17,7265,50,2109,916,448,1363
294594238643,92,6048,91,7733,917,448,1364
294594249692,90,5312,142,13971,918,448,1365
294594260902,17,7457,39,2073,918,449,1366
294594272465,92,7005,118,8076,919,449,1367
294594283163,109,5352,150,14950,920,449,1368
294594294474,216,7211,70,2489,921,449,1369
294594305346,17,9070,87,1886,921,450,1370
294594316325,89,5577,88,7138,922,450,1371
294594327600,15,7968,41,1839,922,451,1372
294594338433,101,5414,151,15106,923,451,1373
294594349713,90,5751,57,1414,924,451,1374
294594361434,319,7346,336,34521,925,451,1375
294594372087,19,5008,151,3684,925,452,1376
294594382798,108,5213,148,14804,926,452,1377
294594394455,19,7619,68,2154,926,453,1378
294594405356,123,5356,105,7709,927,453,1379
294594416511,101,5167,158,15463,928,453,1380
294594427588,29,7200,64,2189,928,454,1381
294594438842,99,5576,67,2419,929,454,1382
294594450033,105,5763,86,7076,930,454,1383
294594461038,16,7163,39,1912,930,455,1384
294594471703,90,5535,59,2247,931,455,1385
294594482781,84,5636,41,1936,932,455,1386
294594494019,16,7134,40,1751,932,456,1387
294594505141,92,8027,147,14416,933,456,1388
294594516638,91,5808,93,7546,934,456,1389
294594527514,17,7865,37,1343,934,457,1390
294594538576,88,5325,199,20848,935,457,1391
294594549642,90,5768,141,12168,936,457,1392
294594560890,16,7792,49,1846,936,458,1393
294594572113,108,5284,165,7067,937,458,1394
294594583059,95,5240,152,14945,938,458,1395
294594593846,20,8875,51,1999,938,459,1396
294594605516,114,7282,92,7768,939,459,1397
294594616336,98,5465,41,1804,940,459,1398
294594627392,19,7374,40,1528,940,460,1399
294594638886,91,8248,231,14276,941,460,1400
294594649983,130,5434,107,8267,942,460,1401
294594660902,20,7199,40,1589,942,461,1402
294594672047,96,5448,145,14723,943,461,1403
294594682995,86,5034,99,2290,944,461,1404
294594694195,16,13759,48,1798,944,462,1405
294594719620,119,13640,98,8003,945,462,1406
294594744570,129,15529,144,13677,946,462,1407
294594771919,106,14469,62,1898,947,462,1408
294594797922,172,10768,343,33320,948,462,1409
294594820233,167,16312,115,9027,949,462,1410
294594847972,161,11350,51,2472,950,462,1411
294594870791,102,16000,68,2109,951,462,1412
294594898352,305,7078,62,2917,952,462,1413
294594909549,19,7223,62,1802,952,463,1414
294594920506,102,5488,166,14248,953,463,1415
294594931423,106,5917,48,2378,954,463,1416
294594942973,21,6756,65,1991,954,464,1417
294594954158,94,5596,94,7106,955,464,1418
294594965335,101,5671,46,2163,956,464,1419
294594976121,18,7037,48,1766,956,465,1420
294594987296,107,5264,44,2066,957,465,1421
294594998456,93,5823,168,14414,958,465,1422
294595009517,16,8233,62,2060,958,466,1423
294595020550,91,5192,114,7881,959,466,1424
294595031831,90,5849,58,4037,960,466,1425
294595043052,15,9383,31,795,960,467,1426
294595053771,101,5313,31,770,961,467,1427
294595065083,90,4907,325,34463,962,467,1428
294595076160,17,7315,59,3766,962,468,1429
294595087187,98,6137,155,15709,963,468,1430
294595098311,100,5427,87,7542,964,468,1431
294595109137,16,7312,42,2086,964,469,1432
294595120879,97,5304,46,2413,965,469,1433
294595131576,90,5197,145,14445,966,469,1434
294595143062,16,8281,69,2172,966,470,1435
294595154082,123,5588,98,8583,967,470,1436
294595165099,91,5921,152,15001,968,470,1437
294595176158,17,6981,47,2066,968,471,1438
294595187302,124,5834,53,2398,969,471,1439
294595198344,102,5747,109,7112,970,471,1440
294595209378,19,6908,43,1852,970,472,1441
294595220700,99,5079,45,2291,971,472,1442
294595231598,89,5842,42,1916,972,472,1443
294595242736,18,8241,41,1731,972,473,1444
294595253847,97,5401,142,14368,973,473,1445
294595265101,91,5080,40,1649,974,473,1446
294595275880,15,7237,49,724,974,474,1447
294595287065,93,5323,344,34828,975,474,1448
294595298246,82,5441,201,14133,976,474,1449
294595309272,19,7290,56,2431,976,475,1450
294595320872,91,5650,82,7225,977,475,1451
294595331506,93,5546,164,15020,978,475,1452
294595342683,17,9954,42,2261,978,476,1453
294595353915,90,5573,111,7844,979,476,1454
294595364957,87,4909,40,2110,980,476,1455
294595376257,21,7328,63,1903,980,477,1456
294595387183,88,5172,143,14604,981,477,1457
294595398871,118,5694,127,8880,982,477,1458
294595409313,26,6825,43,1845,982,478,1459
294595420608,99,5171,151,15011,983,478,1460
294595431741,85,5751,66,2560,984,478,1461
294595442990,154,9037,45,2045,984,479,1462
294595453951,97,5179,148,7338,985,479,1463
294595464964,97,5571,41,2246,986,479,1464
294595476026,17,7337,49,1913,986,480,1465
294595487505,92,5256,49,2171,987,480,1466
294595498288,89,5829,142,14213,988,480,1467
294595509515,20,7168,38,1567,988,481,1468
294595520746,89,4982,216,21161,989,481,1469
294595531431,83,5421,90,8021,990,481,1470
294595542746,15,9708,41,1669,990,482,1471
294595553745,90,6132,125,12082,991,482,1472
294595564898,93,4940,85,6958,992,482,1473
294595575879,16,7428,57,1637,992,483,1474
294595587549,89,5631,151,14937,993,483,1475
294595598187,94,5293,88,7530,994,483,1476
294595609383,16,7136,63,1606,994,484,1477
294595620933,101,5122,85,1881,995,484,1478
294595631677,86,6131,217,14394,996,484,1479
294595642731,18,6487,245,1827,996,485,1480
294595653959,122,5651,97,8143,997,485,1481
294595665113,94,5521,151,14883,998,485,1482
294595676296,17,6533,42,2027,998,486,1483
294595687569,90,5585,53,2268,999,486,1484
294595698599,93,6281,276,1997,1000,486,1485
294595709821,19,8114,48,1731,1000,487,1486
294595720846,122,5431,89,7082,1001,487,1487
294595731968,101,5924,68,4255,1002,487,1488
294595742923,18,9155,39,783,1002,488,1489
294595754021,217,5589,65,745,1003,488,1490
294595765004,96,5029,317,34962,1004,488,1491
294595776185,16,7270,61,3722,1004,489,1492
294595787353,89,5474,52,3193,1005,489,1493
294595798803,155,5311,52,2009,1006,489,1494
294595809531,16,6916,50,1763,1006,490,1495
294595820860,149,5518,86,7094,1007,490,1496
294595831849,96,5519,300,14149,1008,490,1497
294595842622,17,6908,135,1998,1008,491,1498
294595853872,152,5523,87,7724,1009,491,1499
294595864924,94,5351,52,2271,1010,491,1500
294595875945,15,7209,41,1749,1010,492,1501
294595887526,94,5388,79,6423,1011,492,1502
294595898295,189,5593,336,35346,1012,492,1503
294595909758,23,7397,69,3950,1012,493,1504
294595920761,142,4992,162,15128,1013,493,1505
294595931839,113,5348,61,2392,1014,493,1506
294595942892,18,7250,57,1913,1014,494,1507
294595953935,99,5658,89,6924,1015,494,1508
294595964906,144,5098,148,14894,1016,494,1509
294595975847,18,7364,81,2065,1016,495,1510
294595987446,94,5468,123,7800,1017,495,1511
294595998180,92,6049,143,14007,1018,495,1512
294596009458,16,7102,40,1937,1018,496,1513
294596020611,95,5353,96,7524,1019,496,1514
294596031635,89,5736,229,14594,1020,496,1515
294596042751,21,7035,42,2190,1020,497,1516
294596054171,167,5428,45,2416,1021,497,1517
294596065173,93,5735,183,7136,1022,497,1518
294596076206,16,6782,47,1869,1022,498,1519
294596087342,92,5007,143,14708,1023,498,1520
294596098654,93,5459,52,1072,1024,498,1521
294596109762,16,8535,33,690,1024,499,1522
294596120795,177,5704,322,34933,1025,499,1523
294596131709,99,5398,163,16262,1026,499,1524
294596142810,28,9488,61,2533,1026,500,1525
294596153765,117,5360,102,8483,1027,500,1526
294596164760,183,5093,153,15022,1028,500,1527
294596176402,17,7050,66,2028,1028,501,1528
294596187341,95,5427,49,2274,1029,501,1529
294596198369,113,5975,41,1286,1030,501,1530
294596209544,21,7146,161,643,1030,502,1531
294596220401,107,5443,301,32084,1031,502,1532
294596231473,95,5746,109,9675,1032,502,1533
294596242871,22,6686,42,2116,1032,503,1534
294596253988,101,5493,142,14119,1033,503,1535
294596265110,93,5640,90,7620,1034,503,1536
294596276594,17,7826,42,2028,1034,504,1537
294596287483,89,5172,150,14962,1035,504,1538
294596298628,93,5843,61,1890,1036,504,1539
294596309386,16,7391,39,1389,1036,505,1540
294596320603,139,5058,263,26224,1037,505,1541
294596331779,190,5373,166,15083,1038,505,1542
294596343279,26,9043,59,2000,1038,506,1543
294596354215,251,5736,91,7440,1039,506,1544
294596365353,104,5325,62,1850,1040,506,1545
294596376482,18,7024,45,1507,1040,507,1546
294596387331,106,5461,330,14139,1041,507,1547
294596399104,312,5227,107,8581,1042,507,1548
294596409683,20,7275,47,1530,1042,508,1549
294596420563,107,4932,173,14630,1043,508,1550
294596431773,96,5659,47,2252,1044,508,1551
294596442845,16,6661,62,1693,1044,509,1552
294596453897,128,5295,90,7003,1045,509,1553
294596465286,112,5599,62,1949,1046,509,1554
294596476391,16,8054,39,1612,1046,510,1555
294596487396,88,5398,57,1920,1047,510,1556
294596498563,98,5689,145,14186,1048,510,1557
294596509584,16,7124,40,1917,1048,511,1558
294596520765,91,5179,36,1483,1049,511,1559
294596531672,234,5647,383,35081,1050,511,1560
294596542826,17,9180,65,3645,1050,512,1561
294596553770,97,5402,78,6068,1051,512,1562
294596565128,110,5235,430,34768,1052,512,1563
294596576383,26,7078,68,3885,1052,513,1564
294596587468,102,6037,156,15683,1053,513,1565
294596598473,92,5351,93,7610,1054,513,1566
294596609263,17,7229,49,1876,1054,514,1567
294596620709,197,4786,47,2209,1055,514,1568
294596631621,112,5712,176,14456,1056,514,1569
294596642653,23,6414,69,2120,1056,515,1570
294596653899,109,5599,100,8284,1057,515,1571
294596665131,90,5775,188,15092,1058,515,1572
294596676393,17,6937,40,2102,1058,516,1573
294596687072,93,5034,45,2432,1059,516,1574
294596698040,107,10679,42,2102,1060,516,1575
294596709606,18,15609,43,1907,1060,517,1576
294596736797,120,13563,102,8183,1061,517,1577
294596761875,113,13991,67,4513,1062,517,1578
294596787505,107,15686,421,34812,1063,517,1579
294596814561,115,10826,83,6504,1064,517,1580
294596826325,20,15499,47,2190,1064,518,1581
294596853463,165,15726,76,3619,1065,518,1582
294596880651,121,11787,156,13946,1066,518,1583
294596904251,129,5540,98,8256,1067,518,1584
294596915259,90,5606,172,15072,1068,518,1585
294596926255,18,7154,65,2022,1068,519,1586
294596937310,102,5464,46,2360,1069,519,1587
294596948136,90,6168,89,7062,1070,519,1588
294596959940,18,7749,43,1934,1070,520,1589
294596970537,96,5239,68,2307,1071,520,1590
294596981506,95,5606,40,1927,1072,520,1591
294596992628,17,8359,118,1735,1072,521,1592
294597004071,97,5988,229,14368,1073,521,1593
294597015069,97,5863,91,7783,1074,521,1594
294597026337,17,7116,57,1964,1074,522,1595
294597037591,93,5267,74,6173,1075,522,1596
294597048663,92,5761,33,1042,1076,522,1597
294597059770,17,7091,46,896,1076,523,1598
294597070894,144,5259,340,34739,1077,523,1599
294597082056,296,5058,211,17433,1078,523,1600
294597092878,24,7306,72,2418,1078,524,1601
294597104127,110,6303,115,7775,1079,524,1602
294597115215,96,5381,46,2361,1080,524,1603
294597126040,16,7052,41,2009,1080,525,1604
294597137369,109,5379,174,14518,1081,525,1605
294597148298,117,5476,100,8438,1082,525,1606
294597159582,18,7241,41,1835,1082,526,1607
294597170790,96,5512,147,14786,1083,526,1608
294597181731,88,5907,46,2354,1084,526,1609
294597192838,36,6827,41,1945,1084,527,1610
294597204075,97,9540,90,7222,1085,527,1611
294597215072,89,5638,37,2078,1086,527,1612
294597226198,16,6419,41,1789,1086,528,1613
294597237547,91,5321,38,2048,1087,528,1614
294597248603,82,5739,146,14506,1088,528,1615
294597259295,15,7324,43,2247,1088,529,1616
294597270936,93,5096,93,8046,1089,529,1617
294597281538,87,5751,144,14870,1090,529,1618
294597292631,15,7215,38,1524,1090,530,1619
294597304124,99,5853,220,21190,1091,530,1620
294597315247,90,5398,88,7941,1092,530,1621
294597326007,16,7096,42,1691,1092,531,1622
294597337402,96,5792,161,14909,1093,531,1623
294597348384,86,5470,86,7363,1094,531,1624
294597359330,15,7527,39,1655,1094,532,1625
294597370626,153,5667,40,2032,1095,532,1626
294597381669,88,5306,148,14097,1096,532,1627
294597393177,22,8101,69,2001,1096,533,1628
294597403807,220,5353,112,8414,1097,533,1629
294597414837,130,4989,154,14916,1098,533,1630
294597426527,20,8005,49,1962,1098,534,1631
294597437548,125,5451,45,2250,1099,534,1632
294597448861,143,5495,90,7154,1100,534,1633
294597459575,18,6982,40,1680,1100,535,1634
294597470869,98,5685,166,15248,1101,535,1635
294597482116,89,5745,88,6767,1102,535,1636
294597493247,15,7626,46,1557,1102,536,1637
294597504180,96,5666,141,14259,1103,536,1638
294597515311,93,5578,89,7877,1104,536,1639
294597526307,15,6769,39,1746,1104,537,1640
294597537613,92,5407,190,14832,1105,537,1641
294597548416,95,5807,41,2147,1106,537,1642
294597559623,16,8227,41,1759,1106,538,1643
294597570662,88,5366,78,6851,1107,538,1644
294597581466,86,5560,65,4943,1108,538,1645
294597592634,15,7323,30,811,1108,539,1646
294597604244,87,5680,329,35134,1109,539,1647
294597615318,90,5536,101,4137,1110,539,1648
294597626160,15,7057,52,2146,1110,540,1649
294597637572,258,5474,150,14382,1111,540,1650
294597648595,106,5390,99,8323,1112,540,1651
294597659698,16,7232,61,1847,1112,541,1652
294597670924,91,5872,278,14766,1113,541,1653
294597681550,86,5197,70,2306,1114,541,1654
294597692819,17,7087,71,1920,1114,542,1655
294597704170,100,5428,81,6963,1115,542,1656
294597715060,91,5730,161,15231,1116,542,1657
294597726089,21,6890,47,2325,1116,543,1658
294597737338,89,5692,97,8600,1117,543,1659
294597748374,97,5766,146,14487,1118,543,1660
294597759595,16,6425,42,2196,1118,544,1661
294597770929,88,5335,93,8068,1119,544,1662
294597781694,95,5646,155,15216,1120,544,1663
294597793047,16,7942,43,2106,1120,545,1664
294597804232,98,5231,45,2402,1121,545,1665
294597814906,94,5658,37,1296,1122,545,1666
294597826075,14,7080,29,653,1122,546,1667
294597837366,93,5522,302,32190,1123,546,1668
294597848684,86,5453,105,9320,1124,546,1669
294597859712,15,7106,41,2246,1124,547,1670
294597870805,131,6213,103,2404,1125,547,1671
294597881886,84,5535,149,13801,1126,547,1672
294597893190,23,7999,55,2000,1126,548,1673
294597904294,111,5350,117,8388,1127,548,1674
294597915299,88,5137,170,14954,1128,548,1675
294597926124,17,6855,41,2092,1128,549,1676
294597937197,90,5703,45,2466,1129,549,1677
294597948271,92,5613,87,7008,1130,549,1678
294597959410,18,6838,64,1804,1130,550,1679
294597970527,99,5577,152,15190,1131,550,1680
294597981864,90,5623,101,7090,1132,550,1681
294597993240,25,7772,50,1846,1132,551,1682
294598004263,154,4947,186,14478,1133,551,1683
294598015117,98,5845,97,8249,1134,551,1684
294598026263,23,8117,48,1901,1134,552,1685
294598037397,104,5308,149,14799,1135,552,1686
294598048637,113,5729,62,1337,1136,552,1687
294598059484,19,7264,32,736,1136,553,1688
294598070864,172,5373,337,34915,1137,553,1689
294598081828,98,5442,198,17469,1138,553,1690
294598092957,16,7204,50,2512,1138,554,1691
294598103834,95,6324,110,7740,1139,554,1692
294598115030,87,5425,41,2109,1140,554,1693
294598126217,16,10075,53,1843,1140,555,1694
294598137290,131,5428,175,14550,1141,555,1695
294598148556,143,4898,99,8412,1142,555,1696
294598159250,17,6988,45,2009,1142,556,1697
294598170853,91,5671,150,14948,1143,556,1698
294598182049,121,5806,72,2448,1144,556,1699
294598193164,15,8068,63,1938,1144,557,1700
294598204293,113,5539,126,7236,1145,557,1701
294598215001,109,5835,46,2103,1146,557,1702
294598226205,20,6610,41,1798,1146,558,1703
294598237313,128,5235,44,2048,1147,558,1704
294598248417,111,5570,155,14495,1148,558,1705
294598259502,35,8256,50,2180,1148,559,1706
294598270670,122,5258,178,8043,1149,559,1707
294598281660,113,5459,207,14731,1150,559,1708
294598292612,25,7115,78,1805,1150,560,1709
294598304159,143,5257,109,2164,1151,560,1710
294598315586,440,5119,54,770,1152,560,1711
294598326457,22,6948,35,759,1152,561,1712
294598337263,105,6164,338,32215,1153,561,1713
294598348412,89,5233,104,9611,1154,561,1714
294598359586,16,7119,48,2303,1154,562,1715
294598370628,282,5268,74,2355,1155,562,1716
294598381754,151,6169,158,14084,1156,562,1717
294598393144,22,8006,60,2008,1156,563,1718
294598404167,169,5634,111,8669,1157,563,1719
294598415328,112,5721,163,15050,1158,563,1720
294598426362,19,7119,48,2215,1158,564,1721
294598437510,109,5459,48,2459,1159,564,1722
294598448501,110,5887,107,7076,1160,564,1723
294598459762,19,6835,46,1916,1160,565,1724
294598470898,94,5634,44,2266,1161,565,1725
294598481979,89,5550,41,1924,1162,565,1726
294598493170,19,7909,72,1719,1162,566,1727
294598503896,117,5035,144,14345,1163,566,1728
294598515272,99,5867,117,7815,1164,566,1729
294598526277,18,8262,42,1809,1164,567,1730
294598537409,90,5295,140,14071,1165,567,1731
294598548225,89,5671,304,31887,1166,567,1732
294598559560,16,7191,62,3974,1166,568,1733
294598570636,99,5702,107,8676,1167,568,1734
294598582074,86,4998,155,15673,1168,568,1735
294598592834,21,7211,47,2011,1168,569,1736
294598604060,112,5694,126,7767,1169,569,1737
294598615294,160,5268,51,2099,1170,569,1738
294598625974,20,7077,51,1798,1170,570,1739
294598637507,141,5446,157,14382,1171,570,1740
294598648744,109,5239,100,8806,1172,570,1741
294598659504,19,6779,43,1989,1172,571,1742
294598670647,96,5508,153,15075,1173,571,1743
294598681944,97,5778,49,2761,1174,571,1744
294598693113,16,14765,57,1992,1174,572,1745
294598719516,118,14119,115,8253,1175,572,1746
294598744957,109,12364,145,13995,1176,572,1747
294598768559,104,13921,98,8016,1177,572,1748
294598793915,270,14532,67,4140,1178,572,1749
294598819858,118,14596,41,813,1179,572,1750
294598846113,126,12138,353,35120,1180,572,1751
294598869903,100,17379,77,4147,1181,572,1752
294598898978,189,5260,67,3814,1182,572,1753
294598910136,19,8183,42,1890,1182,573,1754
294598920832,97,5219,157,14664,1183,573,1755
294598931886,90,5439,47,2365,1184,573,1756
294598943177,17,8901,41,1813,1184,574,1757
294598954487,94,5446,83,6954,1185,574,1758
294598965562,97,6045,189,15007,1186,574,1759
294598976530,17,7708,44,2004,1186,575,1760
294598987763,90,5526,96,8298,1187,575,1761
294598998707,87,5748,160,14354,1188,575,1762
294599010062,15,7610,118,2071,1188,576,1763
294599021422,89,5121,89,7662,1189,576,1764
294599031992,86,5741,151,14960,1190,576,1765
294599043148,15,8249,41,2182,1190,577,1766
294599054615,103,5241,37,1746,1191,577,1767
294599065547,86,5587,320,34813,1192,577,1768
294599076742,16,8271,57,3866,1192,578,1769
294599087897,118,4856,153,15754,1193,578,1770
294599098772,111,5510,139,7648,1194,578,1771
294599110196,15,8910,41,1999,1194,579,1772
294599120879,90,5650,43,2380,1195,579,1773
294599132035,110,4901,155,14620,1196,579,1774
294599143308,20,7716,44,2161,1196,580,1775
294599154398,98,5355,96,8226,1197,580,1776
294599165355,93,5345,153,15117,1198,580,1777
294599176411,16,8156,40,2179,1198,581,1778
294599187832,94,5592,56,2466,1199,581,1779
294599199030,88,5541,85,7313,1200,581,1780
294599210065,16,8113,69,1807,1200,582,1781
294599221260,96,9642,152,15217,1201,582,1782
294599232048,86,5451,86,7043,1202,582,1783
294599243108,24,7944,44,2018,1202,583,1784
294599254358,90,5241,163,14543,1203,583,1785
294599265579,90,5670,89,7865,1204,583,1786
294599276573,15,7904,39,1891,1204,584,1787
294599287777,89,5371,174,15018,1205,584,1788
294599298757,88,5826,36,1414,1206,584,1789
294599309781,14,8400,29,720,1206,585,1790
294599321149,94,5155,307,34419,1207,585,1791
294599332197,87,5644,171,17332,1208,585,1792
294599343383,16,8028,56,2548,1208,586,1793
294599354516,86,5314,88,7783,1209,586,1794
294599365261,83,5209,47,2419,1210,586,1795
294599376613,41,7971,52,2036,1210,587,1796
294599387630,136,6071,153,14614,1211,587,1797
294599399074,103,5275,101,8689,1212,587,1798
294599410213,18,7853,45,1882,1212,588,1799
294599420969,96,10634,160,14924,1213,588,1800
294599432245,86,5707,47,2510,1214,588,1801
294599443332,15,8060,42,2009,1214,589,1802
294599454564,89,5421,106,7190,1215,589,1803
294599465521,85,5982,42,2003,1216,589,1804
294599476673,20,7727,41,1729,1216,590,1805
294599487893,87,5456,42,2000,1217,590,1806
294599498835,88,5659,173,14466,1218,590,1807
294599509859,17,7828,43,2237,1218,591,1808
294599521099,89,5370,147,8174,1219,591,1809
294599532280,85,5815,143,14440,1220,591,1810
294599543400,15,7755,34,1256,1220,592,1811
294599554334,90,5257,38,1571,1221,592,1812
294599565810,84,5664,329,34743,1222,592,1813
294599576924,155,8180,76,3875,1222,593,1814
294599587932,89,4930,180,15714,1223,593,1815
294599598751,103,5237,90,7632,1224,593,1816
294599609705,19,8325,48,2038,1224,594,1817
294599621048,110,10437,58,2434,1225,594,1818
294599632304,118,5076,158,14605,1226,594,1819
294599643100,22,8109,60,2082,1226,595,1820
294599654315,109,5331,97,8484,1227,595,1821
294599665601,88,5277,153,15107,1228,595,1822
294599676479,16,8095,46,2279,1228,596,1823
294599687669,90,5410,52,2569,1229,596,1824
294599698605,86,5893,101,7164,1230,596,1825
294599709843,17,7752,41,1924,1230,597,1826
294599721147,89,5892,65,2321,1231,597,1827
294599732456,83,5780,40,1961,1232,597,1828
294599743580,22,7254,39,1771,1232,598,1829
294599754637,136,5127,144,14174,1233,598,1830
294599765551,90,5630,257,27175,1234,598,1831
294599776785,24,7783,41,1809,1234,599,1832
294599787700,90,5214,142,14586,1235,599,1833
294599799024,84,5398,100,1336,1236,599,1834
294599810012,37,8068,52,770,1236,600,1835
294599821065,158,4793,334,34800,1237,600,1836
294599831821,114,5511,185,17353,1238,600,1837
294599843139,20,8416,53,2398,1238,601,1838
294599854123,108,6138,97,7686,1239,601,1839
294599865713,99,5119,47,2329,1240,601,1840
294599876512,19,8305,56,2009,1240,602,1841
294599887506,134,5510,172,14392,1241,602,1842
294599898575,99,4886,124,8475,1242,602,1843
294599909751,16,8160,58,2010,1242,603,1844
294599921026,145,10456,153,14946,1243,603,1845
294599932108,105,5714,43,2276,1244,603,1846
294599943253,15,8124,68,1946,1244,604,1847
294599954498,88,5458,146,7108,1245,604,1848
294599965522,106,6592,44,2107,1246,604,1849
294599977001,17,7311,42,1824,1246,605,1850
294599987747,98,5297,60,2112,1247,605,1851
294599998789,88,5684,144,14404,1248,605,1852
294600009866,18,7792,53,2102,1248,606,1853
294600021093,124,10317,98,7612,1249,606,1854
294600032392,102,5640,59,3864,1250,606,1855
294600043453,17,7854,52,829,1250,607,1856
294600054554,91,5362,30,789,1251,607,1857
294600065566,87,5666,323,34673,1252,607,1858
294600076491,15,8413,57,3755,1252,608,1859
294600087963,96,5168,154,15734,1253,608,1860
294600098909,89,5260,86,7571,1254,608,1861
294600110091,16,8257,49,1999,1254,609,1862
294600121163,240,10169,47,2339,1255,609,1863
294600132282,126,5389,154,14444,1256,609,1864
294600143463,19,7722,41,2107,1256,610,1865
294600154466,97,5872,97,8530,1257,610,1866
294600165467,88,5399,149,15035,1258,610,1867
294600176578,16,7924,42,2233,1258,611,1868
294600187637,92,5410,72,2511,1259,611,1869
294600198600,91,5127,84,7347,1260,611,1870
294600210399,16,7577,44,1784,1260,612,1871
294600220884,91,10516,155,15233,1261,612,1872
294600232380,93,5623,84,7149,1262,612,1873
294600243422,16,7991,41,1940,1262,613,1874
294600254449,87,5465,147,14676,1263,613,1875
294600265516,89,5982,92,8025,1264,613,1876
294600276451,16,7706,42,2078,1264,614,1877
294600287602,92,5566,152,15185,1265,614,1878
294600299137,91,5678,72,2511,1266,614,1879
294600309927,15,7799,44,2153,1266,615,1880
294600321106,158,10241,92,7410,1267,615,1881
294600332299,88,5559,156,15491,1268,615,1882
294600343350,17,7802,45,2388,1268,616,1883
294600354380,97,5148,36,1251,1269,616,1884
294600365381,89,5599,339,34869,1270,616,1885
294600376939,16,8079,170,3708,1270,617,1886
294600387867,131,5000,167,14771,1271,617,1887
294600398677,330,4933,103,8443,1272,617,1888
294600409925,20,8249,79,1947,1272,618,1889
294600421164,111,5811,211,15079,1273,618,1890
294600432212,102,5366,45,2329,1274,618,1891
294600443299,18,7709,42,2006,1274,619,1892
294600454313,92,5454,97,7311,1275,619,1893
294600465501,100,5241,168,15273,1276,619,1894
294600476506,16,8001,48,2333,1276,620,1895
294600488006,89,5406,179,7997,1277,620,1896
294600498927,88,5272,143,14192,1278,620,1897
294600510065,21,8096,43,2052,1278,621,1898
294600521280,92,9295,207,7942,1279,621,1899
294600532620,92,5851,151,14953,1280,621,1900
294600543230,16,7877,45,2311,1280,622,1901
294600554265,91,5496,47,2540,1281,622,1902
294600565194,96,5777,84,7351,1282,622,1903
294600576709,16,7480,42,1856,1282,623,1904
294600587888,91,5236,193,15452,1283,623,1905
294600598908,87,5220,113,7849,1284,623,1906
294600609990,17,7482,63,1862,1284,624,1907
294600620916,107,5130,36,1313,1285,624,1908
294600631971,92,6116,60,2758,1286,624,1909
294600643726,22,7974,41,776,1286,625,1910
294600654499,125,5417,397,34870,1287,625,1911
294600665645,108,5405,167,16677,1288,625,1912
294600676694,17,8275,65,2547,1288,626,1913
294600687618,98,11879,82,2438,1289,626,1914
294600710711,109,14653,97,7194,1290,626,1915
294600737008,111,16028,49,2168,1291,626,1916
294600764748,114,10219,49,2292,1292,626,1917
294600775722,17,13607,43,1807,1292,627,1918
294600801003,101,9707,147,12214,1293,627,1919
294600811987,118,12783,95,7023,1294,627,1920
294600836500,109,14898,157,15004,1295,627,1921
294600863148,126,11010,94,7277,1296,627,1922
294600885661,125,13808,163,14599,1297,627,1923
294600910805,177,7362,44,1716,1298,627,1924
294600922405,18,7813,39,778,1298,628,1925
294600933175,143,5650,29,778,1299,628,1926
294600944356,87,7429,333,34932,1300,628,1927
294600955408,15,4854,58,3928,1300,629,1928
294600966926,107,5707,161,15666,1301,629,1929
294600977865,86,7642,93,7686,1302,629,1930
294600989015,17,4882,144,1902,1302,630,1931
294601000114,95,5517,40,2233,1303,630,1932
294601011057,84,7507,63,2426,1304,630,1933
294601022119,16,7872,54,1833,1304,631,1934
294601033230,88,5459,191,14782,1305,631,1935
294601044232,86,7541,47,2444,1306,631,1936
294601055398,16,5210,44,1949,1306,632,1937
294601066581,94,5370,88,7334,1307,632,1938
294601077585,100,7291,204,15182,1308,632,1939
294601088673,15,4977,43,2015,1308,633,1940
294601099853,88,5242,88,7670,1309,633,1941
294601110860,98,7259,40,2119,1310,633,1942
294601122086,15,4938,45,1852,1310,634,1943
294601133193,184,6228,210,14503,1311,634,1944
294601144282,121,7186,129,8934,1312,634,1945
294601155805,19,6759,40,1853,1312,635,1946
294601166597,104,6097,154,15126,1313,635,1947
294601177652,130,7398,156,7545,1314,635,1948
294601188792,18,4883,38,1498,1314,636,1949
294601199804,89,5562,64,4783,1315,636,1950
294601210831,188,7713,300,32571,1316,636,1951
294601222407,16,7657,57,3622,1316,637,1952
294601233321,86,5785,115,8082,1317,637,1953
294601244250,114,7608,39,2203,1318,637,1954
294601255777,16,4798,40,1850,1318,638,1955
294601266855,89,5682,159,13912,1319,638,1956
294601277719,91,7506,46,2426,1320,638,1957
294601288640,16,5045,41,1956,1320,639,1958
294601299768,90,5439,38,2199,1321,639,1959
294601310854,105,7418,108,6922,1322,639,1960
294601322415,32,7403,191,1880,1322,640,1961
294601333408,122,5250,154,15073,1323,640,1962
294601344308,102,7305,111,7610,1324,640,1963
294601355425,18,4991,40,1883,1324,641,1964
294601366620,95,5319,39,2223,1325,641,1965
294601377609,114,7547,150,14304,1326,641,1966
294601388647,24,5001,51,2206,1326,642,1967
294601400082,113,4995,153,12335,1327,642,1968
294601411202,105,7064,156,15244,1328,642,1969
294601422347,16,7450,116,2493,1328,643,1970
294601433449,165,5632,74,2645,1329,643,1971
294601444356,89,6983,86,7351,1330,643,1972
294601455372,15,5002,62,1972,1330,644,1973
294601466955,91,6145,45,2365,1331,644,1974
294601477608,87,6883,41,1992,1332,644,1975
294601488727,21,4849,40,1781,1332,645,1976
294601499775,96,5517,137,13554,1333,645,1977
294601511284,111,6824,38,1480,1334,645,1978
294601522307,15,4610,29,738,1334,646,1979
294601533346,121,5731,352,35305,1335,646,1980
294601544387,99,7383,144,14089,1336,646,1981
294601555467,16,4896,45,2307,1336,647,1982
294601566823,127,5530,92,7415,1337,647,1983
294601577786,101,7424,178,15051,1338,647,1984
294601588774,20,4311,45,2279,1338,648,1985
294601600395,93,5207,117,7918,1339,648,1986
294601610885,140,7280,51,2192,1340,648,1987
294601622067,20,7665,47,1979,1340,649,1988
294601633170,114,5650,158,14684,1341,649,1989
294601644597,115,6891,105,8902,1342,649,1990
294601655498,19,4959,42,2059,1342,650,1991
294601666807,95,5149,174,15033,1343,650,1992
294601677727,96,6889,48,2435,1344,650,1993
294601688704,16,5126,66,1954,1344,651,1994
294601699632,95,5719,39,2152,1345,651,1995
294601711090,85,6918,158,7489,1346,651,1996
294601722260,16,8784,51,1767,1346,652,1997
294601733336,112,5573,61,4435,1347,652,1998
294601744387,130,7201,30,784,1348,652,1999
294601755446,18,4744,29,745,1348,653,2000
294601766812,102,6137,357,34967,1349,653,2001
294601777849,109,7283,136,9520,1350,653,2002
294601789041,19,4754,121,2328,1350,654,2003
294601800079,114,5545,125,12005,1351,654,2004
294601811019,94,7141,120,7469,1352,654,2005
294601822076,24,4509,67,2051,1352,655,2006
294601833212,111,5321,243,13868,1353,655,2007
294601844444,107,6971,91,7774,1354,655,2008
294601855321,18,5302,153,1897,1354,656,2009
294601866478,95,5284,53,2183,1355,656,2010
294601877816,93,6752,146,14504,1356,656,2011
294601888928,23,4879,47,2091,1356,657,2012
294601900057,110,5168,100,8580,1357,657,2013
294601911061,86,7099,154,14960,1358,657,2014
294601922232,15,7315,57,2251,1358,658,2015
294601933210,150,5671,45,2473,1359,658,2016
294601944238,99,6971,86,7188,1360,658,2017
294601955707,16,5274,40,1881,1360,659,2018
294601966665,117,5973,48,2338,1361,659,2019
294601977837,105,6831,105,1837,1362,659,2020
294601988881,21,4798,39,1605,1362,660,2021
294601999798,117,5605,77,5120,1363,660,2022
294602010933,243,7506,325,35252,1364,660,2023
294602022422,17,7937,136,3765,1364,661,2024
294602033193,132,5250,83,1454,1365,661,2025
294602044177,98,7375,303,33551,1366,661,2026
294602055674,16,5879,69,3698,1366,662,2027
294602066772,96,5410,86,7513,1367,662,2028
294602077710,233,6708,186,14662,1368,662,2029
294602088896,38,5042,40,2131,1368,663,2030
294602099949,97,5137,90,7647,1369,663,2031
294602111232,98,7017,46,2327,1370,663,2032
294602122227,18,6848,44,1939,1370,664,2033
294602133270,101,6113,154,14367,1371,664,2034
294602144317,112,6911,100,8435,1372,664,2035
294602155622,19,5334,40,1944,1372,665,2036
294602166538,111,5884,145,14654,1373,665,2037
294602177464,93,7180,89,7240,1374,665,2038
294602188962,16,4744,51,927,1374,666,2039
294602199958,89,5686,64,4061,1375,666,2040
294602211006,126,7444,296,32624,1376,666,2041
294602222074,23,4583,56,3638,1376,667,2042
294602233642,103,5557,113,8023,1377,667,2043
294602244193,108,7483,41,2127,1378,667,2044
294602255464,16,4835,83,1798,1378,668,2045
294602266444,90,5712,67,5110,1379,668,2046
294602277530,107,7475,336,32978,1380,668,2047
294602289130,20,4364,58,3629,1380,669,2048
294602300030,106,5229,65,2282,1381,669,2049
294602310729,18,6975,42,1831,1381,670,2050
294602322200,122,8032,165,7097,1382,670,2051
294602333269,104,5321,152,14377,1383,670,2052
294602344158,95,7068,89,7326,1384,670,2053
294602355656,18,5386,62,1983,1384,671,2054
294602366693,96,5317,48,2388,1385,671,2055
294602377590,100,6850,145,14359,1386,671,2056
294602388705,22,4686,47,2094,1386,672,2057
294602399790,118,4948,106,8624,1387,672,2058
294602411098,146,7045,162,15057,1388,672,2059
294602422238,23,7811,48,1969,1388,673,2060
294602433306,97,5748,45,2354,1389,673,2061
294602444316,88,6793,64,2018,1390,673,2062
294602455696,22,5206,49,1839,1390,674,2063
294602466292,103,5781,115,7654,1391,674,2064
294602477656,97,7089,62,4512,1392,674,2065
294602489139,18,4799,70,749,1392,675,2066
294602500150,91,8677,339,35156,1393,675,2067
294602511173,102,7304,162,16367,1394,675,2068
294602522142,17,4779,48,2447,1394,676,2069
294602533150,100,5663,113,7776,1395,676,2070
294602544566,85,7226,152,13005,1396,676,2071
294602555543,16,4837,60,2196,1396,677,2072
294602566666,113,5803,49,1237,1397,677,2073
294602577548,84,7775,296,32403,1398,677,2074
294602588867,15,4830,76,3569,1398,678,2075
294602600013,95,5215,161,7972,1399,678,2076
294602610893,90,6956,44,2144,1400,678,2077
294602622364,17,5175,42,1801,1400,679,2078
294602633497,105,5197,140,13804,1401,679,2079
294602644134,220,9132,209,8392,1402,679,2080
294602655640,22,4906,113,1790,1402,680,2081
294602666742,108,5427,148,14745,1403,680,2082
294602677695,92,7138,54,2397,1404,680,2083
294602688850,20,12537,51,1937,1404,681,2084
294602712967,119,11654,101,8117,1405,681,2085
294602736393,120,14429,59,1979,1406,681,2086
294602762201,99,13688,51,2621,1407,681,2087
294602787649,108,14500,34,696,1408,681,2088
294602813675,112,11289,337,34789,1409,681,2089
294602836457,133,16257,175,17078,1410,681,2090
294602864573,132,12260,66,1285,1411,681,2091
294602888466,124,14850,347,35198,1412,681,2092
294602914708,145,5814,91,5398,1413,681,2093
294602925903,21,7105,51,2200,1413,682,2094
294602937125,159,5607,43,2021,1414,682,2095
294602948336,98,5815,111,7250,1415,682,2096
294602959531,18,6739,43,1854,1415,683,2097
294602970678,103,5469,42,2246,1416,683,2098
294602981849,94,8314,43,1954,1417,683,2099
294602992620,16,8129,48,1769,1417,684,2100
294603003636,120,4892,146,14050,1418,684,2101
294603014908,88,5831,91,7647,1419,684,2102
294603026157,15,8560,57,1804,1419,685,2103
294603036962,119,5048,126,11730,1420,685,2104
294603048079,91,5479,168,12335,1421,685,2105
294603059149,16,7314,44,2165,1421,686,2106
294603070466,87,5765,88,7626,1422,686,2107
294603081403,89,5437,155,15126,1423,686,2108
294603092338,16,7511,43,2156,1423,687,2109
294603104013,89,6143,90,7892,1424,687,2110
294603115056,88,5391,39,2071,1425,687,2111
294603125747,16,7442,49,1821,1425,688,2112
294603137006,106,5649,194,14522,1426,688,2113
294603148473,121,4886,124,8546,1427,688,2114
294603159067,19,7207,42,1866,1427,689,2115
294603170756,112,5365,159,15098,1428,689,2116
294603181405,88,5806,50,2663,1429,689,2117
294603192969,14,8006,41,2173,1429,690,2118
294603204088,90,5595,129,7471,1430,690,2119
294603214812,85,5596,44,2247,1431,690,2120
294603225889,23,6914,46,1888,1431,691,2121
294603237182,112,5229,38,2204,1432,691,2122
294603248194,149,5882,147,14523,1433,691,2123
294603259279,14,8215,40,2137,1433,692,2124
294603270330,89,5351,87,7844,1434,692,2125
294603281361,89,5463,58,3952,1435,692,2126
294603292865,26,8291,30,797,1435,693,2127
294603303858,88,4967,295,32854,1436,693,2128
294603315184,94,5314,116,9709,1437,693,2129
294603326014,40,7312,56,2135,1437,694,2130
294603336912,146,5700,177,14968,1438,694,2131
294603348528,140,5360,104,7470,1439,694,2132
294603359654,21,8921,47,1950,1439,695,2133
294603370284,114,5467,58,2346,1440,695,2134
294603381272,97,5064,177,14420,1441,695,2135
294603392553,23,7250,52,2114,1441,696,2136
294603403787,123,5597,109,8667,1442,696,2137
294603414895,114,5474,158,14983,1443,696,2138
294603426213,18,8159,48,2163,1443,697,2139
294603436976,100,5376,47,2485,1444,697,2140
294603448256,118,5996,91,7233,1445,697,2141
294603459260,20,6437,39,1929,1445,698,2142
294603470472,103,5235,63,2252,1446,698,2143
294603481469,86,5471,59,1937,1447,698,2144
294603492556,22,8120,47,1754,1447,699,2145
294603504038,112,5337,148,14379,1448,699,2146
294603515270,97,5784,91,7901,1449,699,2147
294603526273,17,8109,46,1798,1449,700,2148
294603537336,104,5019,103,5909,1450,700,2149
294603548466,88,5644,309,33363,1451,700,2150
294603559309,20,7011,84,3568,1451,701,2151
294603570230,92,5294,94,8287,1452,701,2152
294603581630,90,7747,152,15097,1453,701,2153
294603592787,16,8408,41,2208,1453,702,2154
294603603665,89,5724,105,7685,1454,702,2155
294603614859,269,5175,53,2386,1455,702,2156
294603626157,29,8165,49,1955,1455,703,2157
294603637473,114,5685,314,14529,1456,703,2158
294603648115,140,5685,248,8480,1457,703,2159
294603659642,25,7840,45,1998,1457,704,2160
294603670647,106,5201,173,15011,1458,704,2161
294603681442,88,5809,48,2499,1459,704,2162
294603692738,15,8015,54,2027,1459,705,2163
294603703775,163,5523,106,7664,1460,705,2164
294603715122,108,5699,49,2147,1461,705,2165
294603726051,23,7835,50,1830,1461,706,2166
294603737440,116,5163,41,2118,1462,706,2167
294603747937,131,5704,160,14571,1463,706,2168
294603759285,16,6970,67,2205,1463,707,2169
294603770447,108,5299,40,1597,1464,707,2170
294603781492,109,8007,333,35278,1465,707,2171
294603792600,24,7237,62,3731,1465,708,2172
294603803864,110,5306,135,12677,1466,708,2173
294603814980,161,5380,99,7416,1467,708,2174
294603826143,22,8415,56,1969,1467,709,2175
294603837560,143,5859,167,14959,1468,709,2176
294603848304,162,5259,102,7703,1469,709,2177
294603859405,22,7241,50,1968,1469,710,2178
294603870536,113,5323,65,2270,1470,710,2179
294603881386,122,8351,242,14701,1471,710,2180
294603892821,22,8105,50,2246,1471,711,2181
294603903810,116,5402,96,8418,1472,711,2182
294603914746,97,5835,206,15181,1473,711,2183
294603925983,19,6745,43,2121,1473,712,2184
294603937108,98,4930,75,2388,1474,712,2185
294603948272,135,5695,102,7073,1475,712,2186
294603959349,17,6792,41,1994,1475,713,2187
294603970497,93,5095,44,2416,1476,713,2188
294603981811,92,7958,64,1991,1477,713,2189
294603992840,16,8075,50,1807,1477,714,2190
294604003926,105,5038,137,11558,1478,714,2191
294604014585,163,5491,87,1340,1479,714,2192
294604025880,28,7327,55,715,1479,715,2193
294604037024,155,5062,364,34941,1480,715,2194
294604048083,137,5199,209,14087,1481,715,2195
294604059259,29,7234,76,2363,1481,716,2196
294604070657,123,5512,93,7392,1482,716,2197
294604081836,108,7594,162,15033,1483,716,2198
294604092944,21,7987,49,2224,1483,717,2199
294604104118,116,5728,183,7840,1484,717,2200
294604114751,87,4812,40,2177,1485,717,2201
294604125927,18,7221,70,1831,1485,718,2202
294604137327,120,5205,147,14503,1486,718,2203
294604148072,99,6090,98,8613,1487,718,2204
294604159492,17,8125,45,1910,1487,719,2205
294604170444,97,5521,152,14926,1488,719,2206
294604181589,99,7361,48,2485,1489,719,2207
294604192597,16,6755,46,2004,1489,720,2208
294604203899,91,5456,125,7372,1490,720,2209
294604214939,89,5629,61,2227,1491,720,2210
294604226025,15,8460,65,1916,1491,721,2211
294604237025,95,5370,42,2217,1492,721,2212
294604248101,99,5897,148,14168,1493,721,2213
294604259546,19,10321,48,1713,1493,722,2214
294604270699,139,5326,101,7788,1494,722,2215
294604281694,97,7646,294,30822,1495,722,2216
294604292576,17,7300,68,3704,1495,723,2217
294604304025,91,5339,134,12758,1496,723,2218
294604314810,93,5369,138,7481,1497,723,2219
294604325864,16,7397,41,2036,1497,724,2220
294604337373,98,6090,339,15111,1498,724,2221
294604348368,92,5430,98,7931,1499,724,2222
294604359231,16,7140,40,1919,1499,725,2223
294604370710,99,5540,39,2205,1500,725,2224
294604381918,231,7377,162,14753,1501,725,2225
294604392973,26,8033,54,2069,1501,726,2226
294604403921,123,5642,98,8366,1502,726,2227
294604415043,93,5633,153,15051,1503,726,2228
294604426245,16,6761,48,2329,1503,727,2229
294604436899,106,5229,74,2554,1504,727,2230
294604447963,121,5626,62,2232,1505,727,2231
294604459181,25,7134,48,2019,1505,728,2232
294604470703,113,5241,93,7686,1506,728,2233
294604481542,91,7776,63,4479,1507,728,2234
294604492507,21,7395,51,776,1507,729,2235
294604503746,92,4991,356,34724,1508,729,2236
294604515065,89,5283,164,16309,1509,729,2237
294604526261,15,8274,61,2422,1509,730,2238
294604536981,192,5758,104,7784,1510,730,2239
294604548115,110,5162,147,12967,1511,730,2240
294604559297,19,10137,48,2095,1511,731,2241
294604570255,110,5032,87,7364,1512,731,2242
294604581516,102,4984,155,15297,1513,731,2243
294604592781,23,8084,69,2104,1513,732,2244
294604604013,98,5594,87,7520,1514,732,2245
294604615262,171,5697,61,2260,1515,732,2246
294604626117,17,8494,56,1970,1515,733,2247
294604637154,163,5355,161,14424,1516,733,2248
294604648101,94,5678,101,8873,1517,733,2249
294604659202,17,6584,41,1940,1517,734,2250
294604670418,97,4955,151,15025,1518,734,2251
294604681237,90,5634,54,2435,1519,734,2252
294604692402,16,14047,46,1870,1519,735,2253
294604717596,104,14874,68,1175,1520,735,2254
294604744672,145,13528,380,34760,1521,735,2255
294604769742,104,16419,175,16168,1522,735,2256
294604797620,106,10761,61,3721,1523,735,2257
294604809236,18,15403,82,1978,1523,736,2258
294604835933,140,14937,60,2285,1524,736,2259
294604862151,102,12348,83,6637,1525,736,2260
294604886279,155,14626,156,14075,1526,736,2261
294604912402,115,5551,78,3108,1527,736,2262
294604923585,17,7150,65,1870,1527,737,2263
294604934841,99,5328,40,2022,1528,737,2264
294604945570,93,5709,85,7061,1529,737,2265
294604956673,15,7042,42,1944,1529,738,2266
294604968340,141,5171,44,2308,1530,738,2267
294604978868,117,5649,39,1559,1531,738,2268
294604990069,16,7029,42,1200,1531,739,2269
294605001422,100,6511,74,5532,1532,739,2270
294605012485,98,5856,344,34933,1533,739,2271
294605023627,17,10894,65,3692,1533,740,2272
294605045822,127,5394,92,3846,1534,740,2273
294605056774,19,4781,45,1900,1534,741,2274
294605068579,102,5646,36,1197,1535,741,2275
294605079582,150,5485,336,31991,1536,741,2276
294605090717,17,7141,56,3545,1536,742,2277
294605101682,93,5914,87,7888,1537,742,2278
294605112389,87,5845,39,2264,1538,742,2279
294605124150,15,7165,71,1907,1538,743,2280
294605135123,128,5356,177,13634,1539,743,2281
294605146233,106,5235,96,8258,1540,743,2282
294605157266,17,4822,39,1762,1540,744,2283
294605168023,89,5514,144,14656,1541,744,2284
294605178988,102,5746,46,2367,1542,744,2285
294605190263,16,6951,57,1984,1542,745,2286
294605201421,85,6193,87,7201,1543,745,2287
294605212604,88,5506,41,2191,1544,745,2288
294605223775,15,7015,41,1849,1544,746,2289
294605234774,89,5233,38,2124,1545,746,2290
294605246049,91,5079,143,14378,1546,746,2291
294605257201,20,4878,42,1892,1546,747,2292
294605268535,87,6238,37,1470,1547,747,2293
294605279524,130,5381,349,34772,1548,747,2294
294605290430,51,7330,62,3692,1548,748,2295
294605301483,110,5946,148,12650,1549,748,2296
294605312587,309,5648,89,7272,1550,748,2297
294605323794,17,7166,42,2122,1550,749,2298
294605334733,102,5603,167,15127,1551,749,2299
294605345857,100,5831,87,7611,1552,749,2300
294605357264,21,4850,38,1820,1552,750,2301
294605368369,94,5720,39,2098,1553,750,2302
294605379299,84,5302,146,14548,1554,750,2303
294605390269,15,7409,82,2295,1554,751,2304
294605401684,131,5836,45,1594,1555,751,2305
294605412808,123,5390,314,32653,1556,751,2306
294605423793,16,7285,120,3622,1556,752,2307
294605434959,91,5305,45,2274,1557,752,2308
294605446147,109,5526,116,7404,1558,752,2309
294605457175,22,7095,43,1788,1558,753,2310
294605468330,100,5225,40,2148,1559,753,2311
294605478986,101,5600,32,1094,1560,753,2312
294605490211,16,7378,32,668,1560,754,2313
294605501850,96,5993,326,31013,1561,754,2314
294605512768,88,5412,170,16001,1562,754,2315
294605523945,16,10633,52,2429,1562,755,2316
294605546107,110,5208,61,3967,1563,755,2317
294605557194,17,5010,39,1854,1563,756,2318
294605568534,99,5773,38,1388,1564,756,2319
294605579114,86,5956,344,32161,1565,756,2320
294605590457,15,7112,56,3525,1565,757,2321
294605601475,89,5354,89,7913,1566,757,2322
294605612623,87,5677,61,2300,1567,757,2323
294605623837,15,6993,41,1940,1567,758,2324
294605634810,91,5324,136,13698,1568,758,2325
294605645836,205,5366,125,8218,1569,758,2326
294605657346,20,6432,44,1768,1569,759,2327
294605668302,99,5314,147,14698,1570,759,2328
294605679441,94,5290,48,2427,1571,759,2329
294605690229,16,7131,62,1956,1571,760,2330
294605701429,87,6031,40,2058,1572,760,2331
294605712618,85,5324,141,7185,1573,760,2332
294605723634,15,7255,62,1694,1573,761,2333
294605735060,117,6048,58,4395,1574,761,2334
294605745929,105,5772,322,34671,1575,761,2335
294605757110,15,4903,71,3714,1575,762,2336
294605768330,93,5988,77,5150,1576,762,2337
294605779360,87,5656,377,34588,1577,762,2338
294605790516,17,7136,59,3706,1577,763,2339
294605801660,98,5573,132,12645,1578,763,2340
294605813382,141,5045,161,7264,1579,763,2341
294605823881,17,6847,45,1994,1579,764,2342
294605834906,104,5453,240,14955,1580,764,2343
294605846190,179,5470,92,7488,1581,764,2344
294605857442,16,5064,47,1954,1581,765,2345
294605868024,113,5336,43,2241,1582,765,2346
294605879052,139,5501,158,14398,1583,765,2347
294605890236,23,7108,62,2303,1583,766,2348
294605901456,245,4873,106,9040,1584,766,2349
294605912631,154,4992,152,14980,1585,766,2350
294605923680,17,7347,44,1959,1585,767,2351
294605934999,92,6149,61,1713,1586,767,2352
294605945897,95,5885,316,34645,1587,767,2353
294605957184,16,4970,60,3941,1587,768,2354
294605968460,306,6042,120,4593,1588,768,2355
294605979490,182,5483,334,34919,1589,768,2356
294605990655,21,7185,60,3918,1589,769,2357
294606001695,106,5806,50,2403,1590,769,2358
294606012949,170,5616,51,2397,1591,769,2359
294606024026,17,7030,66,1782,1591,770,2360
294606034895,99,5389,146,14687,1592,770,2361
294606046107,95,5334,49,2317,1593,770,2362
294606057022,16,4788,42,1885,1593,771,2363
294606068622,92,5472,87,7281,1594,771,2364
294606079621,98,5370,160,15132,1595,771,2365
294606090815,148,7316,51,2211,1595,772,2366
294606101723,114,4981,93,7917,1596,772,2367
294606112870,201,5213,62,2131,1597,772,2368
294606124149,17,7165,64,1856,1597,773,2369
294606135107,101,5461,146,14560,1598,773,2370
294606146254,115,5011,258,8048,1599,773,2371
294606157245,19,7204,148,1923,1599,774,2372
294606168342,239,5427,156,15689,1600,774,2373
294606179828,180,5229,68,1528,1601,774,2374
294606191242,97,7781,60,755,1601,775,2375
294606202181,93,5582,415,34681,1602,775,2376
294606213076,103,5278,178,17420,1603,775,2377
294606224274,96,7694,78,2508,1603,776,2378
294606235592,101,5452,99,7772,1604,776,2379
294606246765,341,5129,77,4720,1605,776,2380
294606257657,107,7484,43,902,1605,777,2381
294606268694,92,5499,364,34955,1606,777,2382
294606280026,107,5486,179,16832,1607,777,2383
294606291163,113,7232,63,2568,1607,778,2384
294606302323,142,5506,55,2385,1608,778,2385
294606313010,92,5559,99,7194,1609,778,2386
294606324580,92,9341,52,1788,1609,779,2387
294606335236,92,5337,158,14934,1610,779,2388
294606346545,92,5791,99,7516,1611,779,2389
294606357276,16,4783,44,1896,1611,780,2390
294606368532,133,5823,65,3573,1612,780,2391
294606379459,127,5245,44,2031,1613,780,2392
294606390508,19,7582,50,750,1613,781,2393
294606401591,147,5714,69,4941,1614,781,2394
294606412666,122,5844,367,42763,1615,781,2395
294606423883,18,7465,77,5032,1615,782,2396
294606435182,104,5485,73,3074,1616,782,2397
294606446096,138,5442,89,7633,1617,782,2398
294606457268,25,4966,57,2173,1617,783,2399
294606468451,112,5814,208,15262,1618,783,2400
294606479498,101,5438,101,7971,1619,783,2401
294606490520,17,6588,41,2243,1619,784,2402
294606501735,98,5902,135,13747,1620,784,2403
294606512665,87,5548,110,7880,1621,784,2404
294606523863,17,7381,39,2105,1621,785,2405
294606534907,93,5228,149,14789,1622,785,2406
294606545810,100,5412,57,2681,1623,785,2407
294606557267,19,6871,73,2221,1623,786,2408
294606568446,101,5420,89,7439,1624,786,2409
294606579580,100,5410,166,15433,1625,786,2410
294606590721,85,7687,54,2311,1625,787,2411
294606602080,91,5717,44,1264,1626,787,2412
294606612600,88,5533,31,688,1627,787,2413
294606623993,85,10210,46,689,1627,788,2414
294606635254,109,5624,356,35197,1628,788,2415
294606646771,123,5358,135,9486,1629,788,2416
294606657384,98,7510,88,2305,1629,789,2417
294606669593,156,5448,157,13909,1630,789,2418
294606679909,109,5157,57,2458,1631,789,2419
294606690990,89,14297,52,1948,1631,790,2420
294606716959,116,9465,41,2230,1632,790,2421
294606728386,89,12671,110,7686,1633,790,2422
294606752638,127,14505,152,13742,1634,790,2423
294606779074,113,11948,53,2247,1635,790,2424
294606802646,109,13748,66,2189,1636,790,2425
294606828521,134,14409,51,1367,1637,790,2426
294606854634,117,14455,47,718,1638,790,2427
294606880752,122,10684,333,34981,1639,790,2428
294606902961,136,6054,114,9573,1640,790,2429
294606913919,106,5271,155,14854,1641,790,2430
294606925142,18,7053,48,2343,1641,791,2431
294606936170,99,5346,97,2440,1642,791,2432
294606947306,92,5496,86,7317,1643,791,2433
294606958308,19,7117,72,1840,1643,792,2434
294606970776,256,5839,179,14401,1644,792,2435
294606981386,113,4919,125,7587,1645,792,2436
294606992096,45,7506,93,1952,1645,793,2437
294607003168,153,5204,173,13433,1646,793,2438
294607014174,140,5551,114,7704,1647,793,2439
294607025381,34,7199,66,1978,1647,794,2440
294607036311,220,5540,172,14603,1648,794,2441
294607047614,136,5568,58,2493,1649,794,2442
294607058616,22,6817,55,1902,1649,795,2443
294607069468,137,4956,102,7040,1650,795,2444
294607080948,121,7674,172,15032,1651,795,2445
294607092091,27,7461,101,2180,1651,796,2446
294607103221,160,4946,106,8007,1652,796,2447
294607113885,173,4594,65,1273,1653,796,2448
294607125469,34,7888,56,803,1653,797,2449
294607136514,177,4772,86,4930,1654,797,2450
294607147619,138,4894,327,35066,1655,797,2451
294607158640,21,9764,80,3810,1655,798,2452
294607169823,127,5599,97,6232,1656,798,2453
294607181055,133,4768,365,33664,1657,798,2454
294607192059,22,7266,81,3826,1657,799,2455
294607203400,131,5647,99,7710,1658,799,2456
294607214130,125,5002,166,14862,1659,799,2457
294607225842,22,7427,61,2147,1659,800,2458
294607236565,160,5435,107,7741,1660,800,2459
294607247228,117,5867,154,13923,1661,800,2460
294607258757,22,6948,58,2021,1661,801,2461
294607269892,120,5609,101,7845,1662,801,2462
294607281026,204,5424,171,14994,1663,801,2463
294607292149,26,7051,63,2328,1663,802,2464
294607303233,116,5646,66,2584,1664,802,2465
294607314008,116,5617,100,7161,1665,802,2466
294607325212,21,7419,54,1948,1665,803,2467
294607336488,125,5225,160,15326,1666,803,2468
294607347184,112,5864,101,7926,1667,803,2469
294607358501,19,10307,49,1944,1667,804,2470
294607369498,101,5015,78,4521,1668,804,2471
294607381124,99,4929,363,35161,1669,804,2472
294607391845,17,8063,87,3825,1669,805,2473
294607403115,146,5738,50,1567,1670,805,2474
294607413975,134,4761,315,32708,1671,805,2475
294607425389,27,7528,74,3573,1671,806,2476
294607436560,151,5571,65,2228,1672,806,2477
294607447445,116,5204,94,7173,1673,806,2478
294607458524,22,7104,54,1982,1673,807,2479
294607469778,111,5698,197,14377,1674,807,2480
294607480646,131,5626,125,7415,1675,807,2481
294607491830,30,6826,59,1931,1675,808,2482
294607502909,152,5806,143,13337,1676,808,2483
294607514307,126,5840,99,7742,1677,808,2484
294607525480,19,6892,46,1793,1677,809,2485
294607536677,106,5355,148,14468,1678,809,2486
294607547617,103,5812,52,2436,1679,809,2487
294607558434,18,7439,47,1805,1679,810,2488
294607569499,102,5338,86,6951,1680,810,2489
294607580626,107,5081,161,15023,1681,810,2490
294607591896,20,7090,69,2091,1681,811,2491
294607603102,105,5338,106,7635,1682,811,2492
294607614245,99,5350,69,4525,1683,811,2493
294607625398,18,7474,34,796,1683,812,2494
294607636420,103,5572,470,35353,1684,812,2495
294607647489,173,5209,123,10223,1685,812,2496
294607658512,22,10185,51,2202,1685,813,2497
294607669744,106,5707,143,13797,1686,813,2498
294607680934,94,4937,48,2375,1687,813,2499
294607691568,15,7493,48,1854,1687,814,2500
294607702866,103,5095,90,7297,1688,814,2501
294607713962,133,5788,175,14529,1689,814,2502
294607725117,20,7179,50,2055,1689,815,2503
294607736331,120,5696,93,7791,1690,815,2504
294607747416,99,5759,162,13924,1691,815,2505
294607758529,20,6669,45,2187,1691,816,2506
294607769672,101,5634,89,7749,1692,816,2507
294607780624,127,5327,165,14856,1693,816,2508
294607791838,25,7413,63,2175,1693,817,2509
294607802917,145,5182,81,2470,1694,817,2510
294607813994,299,5569,107,7111,1695,817,2511
294607825523,27,7482,54,2010,1695,818,2512
294607836529,169,5066,161,15220,1696,818,2513
294607847620,133,5540,45,1351,1697,818,2514
294607858644,22,9384,96,742,1697,819,2515
294607869707,162,4869,47,731,1698,819,2516
294607880918,121,4848,348,35082,1699,819,2517
294607891664,21,7747,81,3747,1699,820,2518
294607902814,160,5635,47,1499,1700,820,2519
294607913873,116,4817,306,32764,1701,820,2520
294607926058,23,8879,72,3564,1701,821,2521
294607936258,115,4955,44,2235,1702,821,2522
294607947360,109,4886,86,7158,1703,821,2523
294607958745,25,9686,55,1859,1703,822,2524
294607969783,106,5566,182,14491,1704,822,2525
294607980772,141,5783,121,7380,1705,822,2526
294607991711,95,6982,46,1990,1705,823,2527
294608003090,101,5377,183,13286,1706,823,2528
294608014521,144,5892,143,7564,1707,823,2529
294608025529,21,6915,56,1918,1707,824,2530
294608036754,258,5010,202,14513,1708,824,2531
294608047583,153,5746,55,2297,1709,824,2532
294608058943,100,10163,169,1798,1709,825,2533
294608070660,29,4906,51,1798,1709,826,2534
294608080958,126,4793,101,1957,1710,826,2535
294608091941,122,8026,80,1836,1710,827,2536
294608103432,203,5424,97,7491,1711,827,2537
294608114243,157,5292,44,2232,1712,827,2538
294608125628,93,9329,57,1974,1712,828,2539
294608136755,101,5451,213,14280,1713,828,2540
294608147559,126,5502,105,8394,1714,828,2541
294608158542,20,7148,78,1851,1714,829,2542
294608169735,113,5558,162,14920,1715,829,2543
294608181228,347,4700,107,2422,1716,829,2544
294608191865,113,7883,70,1994,1716,830,2545
294608203439,143,5465,98,7139,1717,830,2546
294608214231,149,5791,246,15220,1718,830,2547
294608225295,112,7307,59,2110,1718,831,2548
294608236706,125,4939,326,8403,1719,831,2549
294608247995,210,5515,164,14513,1720,831,2550
294608258753,24,7273,62,2178,1720,832,2551
294608270253,210,5182,181,8024,1721,832,2552
294608281212,121,5225,171,15178,1722,832,2553
294608291878,22,7040,54,2150,1722,833,2554
294608303160,125,5238,76,1718,1723,833,2555
294608314237,181,5188,103,1090,1724,833,2556
294608325442,107,9290,48,683,1724,834,2557
294608336422,103,5378,307,32143,1725,834,2558
294608347551,150,5183,211,9419,1726,834,2559
294608358805,164,7595,96,2121,1726,835,2560
294608369824,216,5968,60,2200,1727,835,2561
294608381137,144,5293,156,13896,1728,835,2562
294608391835,117,7640,63,2022,1728,836,2563
294608403312,111,5470,110,8584,1729,836,2564
294608414440,114,5175,181,14921,1730,836,2565
294608427549,326,6953,71,2599,1731,836,2566
294608436575,20,4506,52,1944,1731,837,2567
294608447646,125,5618,73,1353,1732,837,2568
294608458634,41,9500,45,692,1732,838,2569
294608469795,130,4911,48,692,1733,838,2570
294608480873,139,4889,333,35190,1734,838,2571
294608491793,107,7883,80,3869,1734,839,2572
294608502781,113,5894,55,2395,1735,839,2573
294608514107,110,5075,199,14419,1736,839,2574
294608525281,114,9429,59,2010,1736,840,2575
294608536741,103,5401,63,2328,1737,840,2576
294608547934,114,5262,52,2164,1738,840,2577
294608558824,20,10363,56,1982,1738,841,2578
294608570079,115,6147,182,7129,1739,841,2579
294608580655,120,5106,163,15043,1740,841,2580
294608591896,136,7915,62,2309,1740,842,2581
294608603125,105,5502,103,8054,1741,842,2582
294608614164,110,5856,52,2036,1742,842,2583
294608625479,20,7084,52,1783,1742,843,2584
294608636706,106,5713,166,14564,1743,843,2585
294608647375,123,5490,107,8587,1744,843,2586
294608658427,21,10075,55,1892,1744,844,2587
294608669827,104,5150,197,15010,1745,844,2588
294608680860,104,5512,51,2556,1746,844,2589
294608691799,19,7164,56,2011,1746,845,2590
294608703513,114,5291,41,1214,1747,845,2591
294608714149,101,4941,331,32296,1748,845,2592
294608725554,23,7401,72,3562,1748,846,2593
294608736540,119,5515,93,7925,1749,846,2594
294608747690,104,5388,54,2313,1750,846,2595
294608758729,18,10239,75,1938,1750,847,2596
294608770325,117,5639,141,13670,1751,847,2597
294608781050,134,4687,55,2293,1752,847,2598
294608792020,18,7345,47,1879,1752,848,2599
294608803179,101,5532,42,2082,1753,848,2600
294608814319,108,5306,113,6981,1754,848,2601
294608824986,21,7263,60,1894,1754,849,2602
294608836364,133,5505,153,14855,1755,849,2603
294608847572,119,5744,123,7706,1756,849,2604
294608858492,20,10180,51,1930,1756,850,2605
294608870008,116,5437,46,2255,1757,850,2606
294608880890,107,5521,150,14450,1758,850,2607
294608892084,31,13456,63,2017,1758,851,2608
294608917075,164,9860,60,3377,1759,851,2609
294608928296,182,12807,58,2148,1760,851,2610
294608952852,131,13450,54,1356,1761,851,2611
294608978085,146,13689,376,34896,1762,851,2612
294609003253,184,15886,73,3912,1763,851,2613
294609030707,145,11976,247,13885,1764,851,2614
294609054036,159,16791,89,2362,1765,851,2615
294609082351,140,9736,51,1913,1766,851,2616
294609093379,20,7713,50,1792,1766,852,2617
294609104876,163,5573,96,7516,1767,852,2618
294609116019,99,5632,78,2132,1768,852,2619
294609126937,23,7529,103,1888,1768,853,2620
294609138057,332,5181,206,13993,1769,853,2621
294609149438,122,5677,109,8236,1770,853,2622
294609160392,21,8229,52,1915,1770,854,2623
294609171324,129,5181,149,14042,1771,854,2624
294609182232,119,5651,44,1441,1772,854,2625
294609193509,21,7754,39,830,1772,855,2626
294609204766,113,5307,221,14125,1773,855,2627
294609215795,102,4926,205,21618,1774,855,2628
294609227000,19,7758,51,1900,1774,856,2629
294609238294,165,5348,189,7758,1775,856,2630
294609249350,317,5245,81,4694,1776,856,2631
294609260425,20,8002,61,822,1776,857,2632
294609271138,281,5533,382,34956,1777,857,2633
294609282668,121,5437,71,4720,1778,857,2634
294609293594,22,7639,65,2175,1778,858,2635
294609304823,122,7298,52,2014,1779,858,2636
294609315865,109,5273,93,7250,1780,858,2637
294609326709,22,7987,96,1944,1780,859,2638
294609338383,114,9444,203,14286,1781,859,2639
294609349536,967,4658,100,7681,1782,859,2640
294609360326,23,7449,49,1954,1782,860,2641
294609371474,116,5090,51,2329,1783,860,2642
294609382527,103,6078,157,14405,1784,860,2643
294609393392,26,7371,48,1918,1784,861,2644
294609404548,124,5742,101,8244,1785,861,2645
294609416020,98,5429,155,14965,1786,861,2646
294609426880,21,7594,88,2274,1786,862,2647
294609438094,105,5011,73,5619,1787,862,2648
294609449186,133,5592,330,32423,1788,862,2649
294609460053,24,8199,74,3581,1788,863,2650
294609471287,122,5376,332,15644,1789,863,2651
294609482425,129,5428,97,7553,1790,863,2652
294609493811,29,7436,56,1935,1790,864,2653
294609504979,129,4956,70,2207,1791,864,2654
294609515537,112,5290,190,14368,1792,864,2655
294609526834,22,7787,69,2155,1792,865,2656
294609537808,120,10018,55,2422,1793,865,2657
294609549223,106,5290,61,2261,1794,865,2658
294609560215,20,7691,44,2018,1794,866,2659
294609571251,162,5207,125,7378,1795,866,2660
294609582342,96,4830,160,15368,1796,866,2661
294609593555,40,6906,77,2393,1796,867,2662
294609604666,134,5610,142,8036,1797,867,2663
294609615812,252,5487,45,2089,1798,867,2664
294609627220,20,6786,93,1861,1798,868,2665
294609637954,142,9086,168,14603,1799,868,2666
294609649125,126,5584,101,8820,1800,868,2667
294609660507,107,7045,182,15226,1801,868,2668
294609671417,20,4627,50,2432,1801,869,2669
294609682414,117,7265,45,1824,1802,869,2670
294609693567,20,7279,37,956,1802,870,2671
294609704767,106,5261,56,1038,1803,870,2672
294609715769,99,5521,322,32271,1804,870,2673
294609727047,18,7622,119,3542,1804,871,2674
294609738214,97,8866,95,7922,1805,871,2675
294609749032,93,5213,44,2312,1806,871,2676
294609760087,26,8181,45,1958,1806,872,2677
294609771285,106,5581,212,13723,1807,872,2678
294609782361,93,5321,43,2374,1808,872,2679
294609793275,18,7471,69,1947,1808,873,2680
294609804560,105,5712,42,2182,1809,873,2681
294609815943,107,5162,90,7175,1810,873,2682
294609826876,26,7487,59,1900,1810,874,2683
294609837979,114,9356,169,15075,1811,874,2684
294609849044,111,5063,117,7764,1812,874,2685
294609860341,24,7349,87,1941,1812,875,2686
294609871455,114,5268,67,2239,1813,875,2687
294609882517,101,6599,165,14627,1814,875,2688
294609893596,28,7276,62,2123,1814,876,2689
294609904786,158,7048,106,8555,1815,876,2690
294609915696,101,5587,156,15072,1816,876,2691
294609926938,19,7178,44,2068,1816,877,2692
294609938129,99,5068,44,2208,1817,877,2693
294609948852,123,5669,77,1314,1818,877,2694
294609960226,23,7608,37,682,1818,878,2695
294609971303,106,4874,31,672,1819,878,2696
294609982522,100,6497,328,34974,1820,878,2697
294609993609,19,8129,73,3877,1820,879,2698
294610004916,154,5288,138,2425,1821,879,2699
294610015610,99,5200,176,14430,1822,879,2700
294610026691,18,8110,54,2135,1822,880,2701
294610037752,190,10221,65,2494,1823,880,2702
294610048931,106,5343,39,2251,1824,880,2703
294610060011,23,8775,50,2084,1824,881,2704
294610071728,122,5178,92,7226,1825,881,2705
294610082207,141,4847,156,15236,1826,881,2706
294610093752,50,6977,47,2248,1826,882,2707
294610104479,197,5548,105,7974,1827,882,2708
294610116041,131,5426,46,2042,1828,882,2709
294610127181,107,7958,159,14576,1829,882,2710
294610138093,24,8342,56,2149,1829,883,2711
294610149366,121,5467,101,8365,1830,883,2712
294610160375,19,7101,48,1976,1830,884,2713
294610171636,99,5440,174,14476,1831,884,2714
294610182610,103,5959,36,1447,1832,884,2715
294610193630,20,7602,36,808,1832,885,2716
294610204769,178,5321,32,779,1833,885,2717
294610215838,99,5625,400,32398,1834,885,2718
294610227031,27,7935,72,3640,1834,886,2719
294610238188,213,4919,103,8242,1835,886,2720
294610249190,106,5703,52,2190,1836,886,2721
294610260170,26,7907,56,1737,1836,887,2722
294610271363,127,5478,201,13999,1837,887,2723
294610282346,117,5230,52,2308,1838,887,2724
294610293264,120,7605,53,1918,1838,888,2725
294610304815,179,7714,101,2158,1839,888,2726
294610315910,138,5115,48,1428,1840,888,2727
294610326985,23,7379,58,721,1840,889,2728
294610337859,109,9333,366,32393,1841,889,2729
294610349161,101,5263,113,9492,1842,889,2730
294610360230,19,7503,50,2148,1842,890,2731
294610371550,102,5859,44,2207,1843,890,2732
294610382410,118,6488,155,13936,1844,890,2733
294610393432,24,7265,52,2040,1844,891,2734
294610404713,115,5504,136,8434,1845,891,2735
294610415928,107,5500,156,14982,1846,891,2736
294610427020,18,7974,373,2239,1846,892,2737
294610438022,135,8749,58,1888,1847,892,2738
294610449103,112,5559,329,34857,1848,892,2739
294610460421,57,7654,84,3757,1848,893,2740
294610471515,118,5201,164,15777,1849,893,2741
294610482436,111,5397,94,7596,1850,893,2742
294610493225,19,8554,52,2017,1850,894,2743
294610504781,190,4940,120,2376,1851,894,2744
294610515640,99,5112,151,14420,1852,894,2745
