start_us,capture_us,encode_us,submit_us,payload_bytes,desktop_updates,cached_frames
294956032809,1325,5903,437,34162,1,0
294956044573,29,2927,155,13668,1,1
294956055457,129,2962,115,10030,2,1
294956066317,117,2933,121,10332,3,1
294956077807,20,4384,366,44431,3,2
294956088481,109,3163,154,14617,4,2
294956099593,118,3016,112,9396,5,2
294956111035,20,2809,54,2635,5,3
294956121734,140,2927,69,4452,6,3
294956133312,123,3069,355,34809,7,3
294956144275,19,2759,63,3728,7,4
294956155554,221,2879,105,8020,8,4
294956166607,145,2998,157,13770,9,4
294956177409,19,4446,434,43246,9,5
294956188676,134,3246,112,4596,10,5
294956199686,122,2950,145,12529,11,5
294956211139,22,2890,80,4330,11,6
294956221856,117,2932,199,15635,12,6
294956233141,107,3021,100,7765,13,6
294956244309,26,2934,56,2966,13,7
294956255296,183,2939,236,15139,14,7
294956266689,107,3104,103,9055,15,7
294956277509,19,2732,57,2593,15,8
294956288698,108,3041,156,15507,16,8
294956299932,107,2878,61,3189,17,8
294956310911,18,2958,56,2726,17,9
294956321916,110,2846,80,6160,18,9
294956332850,107,2867,75,4965,19,9
294956344031,22,2848,35,823,19,10
294956355457,111,2936,33,772,20,10
294956366469,312,2956,491,34615,21,10
294956377658,24,2880,71,3750,21,11
294956388475,125,2992,171,15554,22,11
294956399681,153,2888,105,7910,23,11
294956410735,31,2811,64,1885,23,12
294956421791,237,3101,186,15011,24,12
294956433029,164,2930,70,2528,25,12
294956444240,30,2908,53,2058,25,13
294956455276,131,3083,166,7452,26,13
294956466541,215,2800,171,15317,27,13
294956477609,23,2934,63,2287,27,14
294956488904,121,2905,153,8680,28,14
294956499858,111,3247,153,14616,29,14
294956510730,19,2807,47,2144,29,15
294956521963,108,3004,93,8000,30,15
294956533037,101,3036,235,15163,31,15
294956544184,19,2858,48,2250,31,16
294956555396,110,3017,51,2577,32,16
294956566675,102,2900,112,1329,33,16
294956577633,19,2827,37,690,33,17
294956589010,137,2914,319,32271,34,17
294956599888,119,2880,111,9458,35,17
294956610642,18,2670,52,2310,35,18
294956621899,164,2866,53,2456,36,18
294956633000,111,2979,188,14493,37,18
294956644302,38,2799,46,2084,37,19
294956655515,108,2932,92,7931,38,19
294956666187,108,2825,309,14973,39,19
294956677354,56,2740,48,2065,39,20
294956688538,103,3018,49,2415,40,20
294956699657,101,2756,92,6948,41,20
294956710737,20,2815,48,1876,41,21
294956722030,102,2970,44,2255,42,21
294956732967,99,2759,44,1933,43,21
294956744064,17,2780,43,1747,43,22
294956755519,101,2828,148,14400,44,22
294956766361,105,2864,87,6979,45,22
294956777769,17,2737,42,967,45,23
294956788526,120,2781,81,5984,46,23
294956799737,107,3001,317,33658,47,23
294956810785,34,2737,66,3710,47,24
294956822176,103,2957,91,7592,48,24
294956833351,146,2761,155,14774,49,24
294956844010,17,2664,46,2180,49,25
294956855435,108,2907,94,7771,50,25
294956866371,136,2794,51,2236,51,25
294956877743,20,2861,52,1810,51,26
294956888729,110,3003,157,14984,52,26
294956899444,117,2918,101,8143,53,26
294956911168,18,2695,50,1918,53,27
294956922133,105,2883,220,14930,54,27
294956932926,98,2851,51,2561,55,27
294956944209,18,2685,44,1876,55,28
294956955536,103,2938,80,2026,56,28
294956966480,106,2808,92,7565,57,28
294956977367,18,2728,48,1956,57,29
294956988718,101,2867,42,2270,58,29
294956999554,104,2801,56,2956,59,29
294957010870,18,2743,39,770,59,30
294957021809,110,3016,363,35053,60,30
294957033296,155,2863,69,4754,61,30
294957044494,18,2749,47,2216,61,31
294957055034,99,2803,42,2049,62,31
294957066237,108,2859,92,7103,63,31
294957077721,22,2755,49,1991,63,32
294957088921,103,2788,164,14093,64,32
294957099936,103,2769,93,7516,65,32
294957110613,18,2781,44,1852,65,33
294957121688,128,2879,54,2160,66,33
294957133191,236,2898,161,14363,67,33
294957144347,25,2848,51,2262,67,34
294957155494,179,2762,122,8774,68,34
294957166204,124,2889,166,15074,69,34
294957177714,19,2866,53,2130,69,35
294957188444,103,2848,99,8334,70,35
294957199968,105,2983,67,4328,71,35
294957210937,18,2847,39,892,71,36
294957221868,108,2873,340,32378,72,36
294957233053,127,3013,113,9610,73,36
294957244044,22,2805,54,2310,73,37
294957255120,135,2855,157,13112,74,37
294957266468,241,2845,103,7771,75,37
294957277306,25,2807,63,1950,75,38
294957289004,207,2898,163,14594,76,38
294957299544,155,2767,103,2248,77,38
294957311049,28,2815,58,1864,77,39
294957321963,523,2955,107,7072,78,39
294957333085,350,2907,176,15111,79,39
294957344082,31,2815,63,2154,79,40
294957355236,166,2819,107,7926,80,40
294957366324,155,2815,57,1993,81,40
294957377333,28,2819,61,1764,81,41
294957388407,156,2775,158,14568,82,41
294957399485,132,2780,157,8491,83,41
294957411450,31,3296,67,1876,83,42
294957421907,168,2768,249,14871,84,42
294957433250,154,2810,105,7497,85,42
294957444251,24,2889,61,1944,85,43
294957455401,191,2820,107,4342,86,43
294957466513,249,2864,46,786,87,43
294957477384,30,2863,50,740,87,44
294957488576,155,2791,40,734,88,44
294957499598,168,2886,370,34989,89,44
294957510598,23,2722,66,3661,89,45
294957521728,127,2788,204,14765,90,45
294957533224,134,2798,66,2487,91,45
294957544347,27,2830,57,1903,91,46
294957555451,158,2965,52,2095,92,46
294957566410,151,2764,98,6779,93,46
294957577656,119,2724,60,1917,93,47
294957588413,163,2845,203,14947,94,47
294957599554,130,2795,147,7648,95,47
294957610575,18,2660,41,1886,95,48
294957622124,111,2828,44,2194,96,48
294957633279,295,2825,60,3032,97,48
294957644186,20,2791,35,769,97,49
294957655239,106,2856,348,34882,98,49
294957666237,105,2850,178,16622,99,49
294957677402,33,2817,66,2461,99,50
294957688505,163,2823,59,2292,100,50
294957699734,150,2869,57,2059,101,50
294957710990,21,2901,49,1902,101,51
294957722302,163,2775,110,7619,102,51
294957733271,131,2843,52,2091,103,51
294957744081,23,2797,56,1889,103,52
294957755031,143,2812,78,5096,104,52
294957766380,107,2843,364,34948,105,52
294957777394,19,2785,68,3726,105,53
294957788471,108,3072,51,3225,106,53
294957799715,103,2770,78,2025,107,53
294957811159,23,2784,44,1785,107,54
294957821839,131,2805,129,7092,108,54
294957833263,110,2939,146,14053,109,54
294957844022,19,2679,53,2087,109,55
294957855162,113,2832,93,7782,110,55
294957866224,329,2884,62,2212,111,55
294957877404,29,2801,63,1943,111,56
294957888341,155,2851,173,15197,112,56
294957899767,159,2841,119,8182,113,56
294957910673,28,2733,57,1939,113,57
294957921727,143,2796,168,14974,114,57
294957932810,173,2866,69,2635,115,57
294957944311,32,2823,65,2006,115,58
294957955192,161,2815,52,2203,116,58
294957966248,163,2794,112,7603,117,58
294957977258,29,2925,56,1920,117,59
294957988366,127,2832,49,1894,118,59
294957999635,128,2819,55,2749,119,59
294958010661,23,2724,43,761,119,60
294958021740,163,2785,57,752,120,60
294958033209,153,2846,384,32899,121,60
294958043899,28,2705,139,3584,121,61
294958055214,193,2788,46,2275,122,61
294958066378,162,2804,109,7012,123,61
294958077207,26,2735,55,1823,123,62
294958088936,126,2968,155,14580,124,62
294958099943,113,2976,131,7435,125,62
294958110877,19,2962,57,1978,125,63
294958122014,104,2872,47,2384,126,63
294958132981,148,2871,159,15012,127,63
294958144019,19,2746,51,2143,127,64
294958155272,102,2748,93,7948,128,64
294958166374,101,2822,161,15004,129,64
294958177817,24,2696,50,2063,129,65
294958188796,230,2957,50,2404,130,65
294958199857,105,2927,43,2099,131,65
294958210666,18,2737,48,1889,131,66
294958221950,139,2816,118,7855,132,66
294958233030,110,2921,46,1729,133,66
294958244356,21,2779,54,1288,133,67
294958255429,126,2781,76,5466,134,67
294958266532,106,2916,326,35297,135,67
294958277715,20,2693,67,3696,135,68
294958288686,115,2819,54,3220,136,68
294958299801,115,2897,60,2069,137,68
294958310873,36,2954,96,1788,137,69
294958321874,108,2897,86,6981,138,69
294958332966,110,3032,144,14132,139,69
294958344203,34,2899,47,2005,139,70
294958355226,104,2906,104,7574,140,70
294958366476,106,2760,47,2205,141,70
294958378071,19,3520,61,1871,141,71
294958388981,137,2761,76,5074,142,71
294958399915,104,2951,319,34882,143,71
294958410688,20,2867,66,3775,143,72
294958421875,104,2916,190,15146,144,72
294958432971,112,2827,50,2569,145,72
294958444107,27,2800,59,1972,145,73
294958455580,127,2916,50,2133,146,73
294958466409,132,2834,59,1276,147,73
294958477329,31,2773,40,687,147,74
294958488738,300,2773,42,686,148,74
294958499496,120,3053,321,34799,149,74
294958510733,21,2765,71,3676,149,75
294958521890,188,2824,177,14759,150,75
294958532957,128,2877,52,2484,151,75
294958544058,21,2835,49,1870,151,76
294958555204,124,2875,44,2058,152,76
294958566330,128,2754,93,6702,153,76
294958577467,20,2887,48,1872,153,77
294958588646,113,2939,153,14799,154,77
294958599698,106,2824,124,7764,155,77
294958611007,62,2874,48,1824,155,78
294958622049,108,3036,69,2094,156,78
294958632911,128,2909,193,14937,157,78
294958644118,27,2795,49,2157,157,79
294958655234,109,2854,97,8081,158,79
294958666356,129,2788,165,15097,159,79
294958677754,35,2983,63,1962,159,80
294958688996,145,2806,53,1706,160,80
294958699986,111,2977,34,722,161,80
294958710783,21,2701,45,723,161,81
294958721855,115,2923,297,31744,162,81
294958733079,109,2875,118,9539,163,81
294958744298,23,2841,51,2115,163,82
294958755444,114,2841,54,2108,164,82
294958766586,110,2793,48,2258,165,82
294958777825,31,2671,45,1708,165,83
294958788783,103,3038,213,14250,166,83
294958799816,106,2864,68,2326,167,83
294958810832,18,2737,48,1817,167,84
294958821880,121,2967,96,7022,168,84
294958832913,104,2843,161,15056,169,84
294958844093,18,2804,44,2051,169,85
294958855468,103,2964,126,7754,170,85
294958866343,106,2753,50,2232,171,85
294958877352,25,2791,58,1817,171,86
294958888483,131,2804,156,14838,172,86
294958899907,130,2974,47,1710,173,86
294958911138,60,2701,37,715,173,87
294958922371,117,2939,307,32620,174,87
294958933227,98,2863,64,3649,175,87
294958944402,29,2864,52,2127,175,88
294958955225,113,2976,91,7209,176,88
294958966218,108,2868,179,14667,177,88
294958977607,19,2782,46,2174,177,89
294958988551,178,2781,114,8463,178,89
294958999883,175,2881,170,14449,179,89
294959011069,28,2772,67,1940,179,90
294959021812,126,2866,95,7765,180,90
294959032993,117,3049,166,15121,181,90
294959044337,106,2741,91,2304,181,91
294959055486,154,4035,51,2625,182,91
294959066436,125,4009,98,7539,183,91
294959077573,137,3833,51,1923,183,92
294959088991,115,3962,157,14955,184,92
294959100242,106,4027,37,1128,185,92
294959110765,19,3909,39,734,185,93
294959121674,127,4071,338,34769,186,93
294959132940,123,3940,179,16935,187,93
294959144079,22,3890,55,2580,187,94
294959155305,116,4278,101,7969,188,94
294959166619,106,3950,154,15097,189,94
294959177615,18,4520,48,2249,189,95
294959188514,104,3955,50,2520,190,95
294959199988,120,3940,93,7300,191,95
294959211102,25,4598,45,1798,191,96
294959222139,104,4107,156,15344,192,96
294959233451,196,3975,96,7297,193,96
294959244224,18,4645,45,1786,193,97
294959255104,103,3982,195,14559,194,97
294959266432,129,3894,102,7950,195,97
294959277945,23,4623,49,1844,195,98
294959288675,109,3956,79,5978,196,98
294959299821,118,4043,351,33464,197,98
294959311299,19,4323,69,3656,197,99
294959322173,106,3944,91,7553,198,99
294959333401,111,4020,178,14771,199,99
294959344090,18,3919,48,2157,199,100
294959355558,99,4405,93,7807,200,100
294959366520,112,4080,43,2207,201,100
294959377629,27,4496,61,1846,201,101
294959388366,114,4083,155,15018,202,101
294959399515,110,4012,123,8144,203,101
294959410903,20,4741,45,1904,203,102
294959421955,112,4189,148,14868,204,102
294959433431,103,4196,52,2442,205,102
294959444137,17,4065,98,1880,205,103
294959455412,113,3955,44,2047,206,103
294959466666,104,4096,92,7591,207,103
294959477707,20,4435,55,1909,207,104
294959488991,115,4019,65,2195,208,104
294959500151,122,4151,68,2948,209,104
294959510898,19,4886,47,763,209,105
294959522183,99,4029,316,34801,210,105
294959533203,134,4105,84,4720,211,105
294959544099,17,3924,43,2188,211,106
294959555446,96,4212,50,2012,212,106
294959566576,94,3968,89,7053,213,106
294959577415,22,4205,53,1949,213,107
294959588681,113,4003,145,14031,214,107
294959599738,100,4027,110,7410,215,107
294959610992,117,4407,46,1792,215,108
294959621776,142,4020,47,2101,216,108
294959633214,109,4223,158,14814,217,108
294959644410,32,4508,114,2166,217,109
294959655411,105,3982,94,8046,218,109
294959666513,98,4032,153,15064,219,109
294959677695,21,4534,53,2256,219,110
294959688963,113,4105,121,8260,220,110
294959699779,96,4016,62,4220,221,110
294959710746,17,3958,57,926,221,111
294959721762,101,4161,340,32222,222,111
294959733247,98,4051,130,9600,223,111
294959744103,18,4007,45,2254,223,112
294959755526,99,4408,66,2342,224,112
294959766570,102,4237,49,2398,225,112
294959777411,17,4882,46,1865,225,113
294959788783,107,4067,144,14109,226,113
294959799863,99,3996,49,2387,227,113
294959811204,17,4677,42,1919,227,114
294959822105,97,4130,109,7112,228,114
294959832980,94,4115,153,15081,229,114
294959844217,18,4850,53,2186,229,115
294959855596,118,4147,91,7807,230,115
294959866429,104,4142,52,2183,231,115
294959877471,41,4832,51,1803,231,116
294959888784,118,4241,165,12814,232,116
294959900150,100,4218,354,37098,233,116
294959910705,21,4822,88,3530,233,117
294959922129,105,4149,154,15310,234,117
294959933270,112,4121,54,2630,235,117
294959944337,35,4704,71,1988,235,118
294959955442,98,4472,109,7094,236,118
294959966491,117,4316,171,15242,237,118
294959977738,18,4710,55,2288,237,119
294959988705,109,4279,118,8027,238,119
294959999763,101,4227,145,14068,239,119
294960011051,20,4663,50,2044,239,120
294960022117,148,4257,130,7742,240,120
294960033480,138,4281,153,14986,241,120
294960044224,19,4778,52,2292,241,121
294960055314,114,4110,47,2530,242,121
294960066495,144,4116,92,7423,243,121
294960077402,18,4854,47,1965,243,122
294960088427,109,4195,164,14483,244,122
294960099762,105,4084,39,1101,245,122
294960110964,19,5081,34,712,245,123
294960122002,136,4238,339,34904,246,123
294960132921,105,4290,228,16711,247,123
294960144288,59,4669,66,2542,247,124
294960155271,97,4081,90,7900,248,124
294960166669,104,4327,183,15066,249,124
294960177531,18,4871,49,2086,249,125
294960188499,109,4264,49,2396,250,125
294960199791,113,4208,97,7217,251,125
294960211161,19,4550,49,1883,251,126
294960221956,100,4317,154,15173,252,126
294960232918,167,3958,109,7230,253,126
294960244105,19,4844,45,1811,253,127
294960255292,100,4207,149,14577,254,127
294960266371,102,4482,96,8057,255,127
294960277578,19,4745,52,1873,255,128
294960288625,109,4084,201,14985,256,128
294960299866,106,4128,71,2673,257,128
294960310873,26,5241,70,2018,257,129
294960321995,245,4086,100,7358,258,129
294960333114,291,4028,190,15487,259,129
294960344251,26,4977,57,1822,259,130
294960355252,114,4257,39,1158,260,130
294960366318,136,4047,349,34525,261,130
294960377567,22,4831,73,3663,261,131
294960388910,126,4358,158,15490,262,131
294960399903,123,4394,101,7805,263,131
294960411120,19,4751,49,2062,263,132
294960422253,105,4699,153,15129,264,132
294960432780,103,4270,43,2277,265,132
294960444500,19,4674,57,1963,265,133
294960455516,120,4284,91,7260,266,133
294960466567,104,4359,157,15227,267,133
294960477526,18,4906,49,2280,267,134
294960488904,103,4264,123,8578,268,134
294960499451,97,4560,149,14710,269,134
294960510507,25,4221,58,2330,269,135
294960522150,124,4116,121,8046,270,135
294960533340,98,4220,193,15162,271,135
294960544379,18,4798,53,2329,271,136
294960554962,129,4220,51,2545,272,136
294960566641,113,4214,175,7365,273,136
294960577383,22,4950,55,1931,273,137
294960588396,130,4235,186,14977,274,137
294960600165,117,4268,76,1126,275,137
294960610946,62,5049,77,728,275,138
294960621795,153,4283,350,34954,276,138
294960633460,113,4256,261,16868,277,138
294960644135,21,4892,59,2541,277,139
294960655333,141,4566,92,7924,278,139
294960666342,105,4363,181,15092,279,139
294960677359,18,4812,49,2171,279,140
294960688638,107,4275,64,2425,280,140
294960700096,112,4402,92,7096,281,140
294960710573,18,4144,58,1846,281,141
294960721753,102,4223,176,15132,282,141
294960733083,96,4511,108,7083,283,141
294960744216,18,4844,48,1838,283,142
294960755206,99,4216,171,14501,284,142
294960766243,171,4365,130,8154,285,142
294960777409,21,4737,52,1919,285,143
294960788726,316,4086,200,15004,286,143
294960799984,144,4380,54,1452,287,143
294960810496,31,4220,32,695,287,144
294960821927,117,4333,338,34651,288,144
294960832988,106,4270,218,17400,289,144
294960844331,20,4799,55,2573,289,145
294960855242,160,4046,102,7834,290,145
294960866600,188,4193,81,2301,291,145
294960877617,63,4738,50,1961,291,146
294960888886,124,4556,160,15759,292,146
294960899565,105,4231,98,7912,293,146
294960910650,28,4876,102,1989,293,147
294960922126,113,4360,152,14965,294,147
294960933028,107,4124,53,2725,295,147
294960944319,23,4822,146,1956,295,148
294960954921,100,4889,105,7173,296,148
294960966632,126,5715,54,2101,297,148
294960977558,20,8080,50,1812,297,149
294960988650,106,5123,69,2101,298,149
294960999973,104,5606,151,14464,299,149
294961011015,18,9133,52,2308,299,150
294961021945,99,5240,202,8231,300,150
294961033007,120,5786,187,14383,301,150
294961043930,21,8009,57,1224,301,151
294961055659,163,5242,47,1570,302,151
294961066566,182,5424,348,34847,303,151
294961077869,20,8119,100,3883,303,152
294961088613,145,5292,187,15728,304,152
294961099783,110,5458,95,7680,305,152
294961110766,20,9152,59,1920,305,153
294961121733,154,4902,75,2230,306,153
294961132814,112,5366,173,14875,307,153
294961143942,24,8728,70,2068,307,154
294961155309,108,5722,91,7835,308,154
294961166396,99,5034,158,15123,309,154
294961177314,18,8108,50,2091,309,155
294961188706,107,5345,59,2361,310,155
294961199725,101,5168,119,6999,311,155
294961210723,18,7971,56,1877,311,156
294961221761,104,5517,152,15148,312,156
294961233307,99,5241,90,7172,313,156
294961243859,17,7762,61,1969,313,157
294961255526,131,5555,151,14585,314,157
294961266434,119,5572,115,8188,315,157
294961277622,19,8002,59,1904,315,158
294961288677,138,5232,185,15060,316,158
294961299714,101,5748,65,2520,317,158
294961310741,18,8879,46,1953,317,159
294961321812,98,5278,147,7203,318,159
294961332959,100,5811,153,15008,319,159
294961344415,28,7666,45,1757,319,160
294961355540,101,5058,42,1685,320,160
294961366035,115,5449,321,34616,321,160
294961377805,24,8450,78,3670,321,161
294961388741,113,5529,167,15360,322,161
294961399875,114,5450,100,7845,323,161
294961411150,22,8207,62,1960,323,162
294961422089,114,5204,155,14937,324,162
294961433217,97,5337,77,2392,325,162
294961444245,108,8688,54,2000,325,163
294961455212,98,6202,91,7276,326,163
294961466259,102,5070,157,15293,327,163
294961477592,17,7963,57,2382,327,164
294961488711,133,5282,96,8069,328,164
294961499665,101,5090,213,14293,329,164
294961510630,17,8326,53,2051,329,165
294961522216,110,5470,93,7864,330,165
294961533147,91,5803,154,15053,331,165
294961544261,53,7502,77,2327,331,166
294961555204,95,5557,92,2556,332,166
294961566354,98,5639,93,7422,333,166
294961577455,21,8152,47,1918,333,167
294961588989,113,5398,209,15410,334,167
294961599884,104,5812,93,7725,335,167
294961610963,23,8000,52,1882,335,168
294961621935,135,5625,53,2205,336,168
294961632879,196,5693,60,2981,337,168
294961643910,19,7991,38,787,337,169
294961655362,104,5357,409,35038,338,169
294961666429,102,5141,189,16682,339,169
294961677505,18,8591,52,2532,339,170
294961688477,98,5153,49,2431,340,170
294961699869,97,5232,132,7121,341,170
294961710895,17,7986,45,1802,341,171
294961721677,96,5977,184,15010,342,171
294961733072,99,5300,91,7586,343,171
294961744100,17,7751,44,1933,343,172
294961755290,98,5125,136,13480,344,172
294961766163,109,5288,94,7729,345,172
294961777217,25,7927,49,1988,345,173
294961788448,117,5354,151,14563,346,173
294961799943,102,6122,48,2503,347,173
294961811098,19,8235,75,2004,347,174
294961822135,107,5482,90,7058,348,174
294961833169,110,5760,161,15096,349,174
294961844064,19,7786,51,2306,349,175
294961855110,102,5385,95,8110,350,175
294961866257,105,5075,46,2069,351,175
294961877622,93,8589,64,1843,351,176
294961888820,111,4992,175,15212,352,176
294961899374,113,5358,107,8116,353,176
294961910880,18,8422,48,1939,353,177
294961921977,102,5682,152,14995,354,177
294961933007,96,5197,54,2696,355,177
294961944068,19,7869,47,2055,355,178
294961954991,102,5585,89,7244,356,178
294961966578,106,5248,175,15310,357,178
294961977784,23,7915,79,2405,357,179
294961988710,110,5439,98,8684,358,179
294961999676,123,5317,152,14623,359,179
294962011516,18,7421,63,2299,359,180
294962021649,106,5478,93,8144,360,180
294962033208,109,5551,163,15331,361,180
294962044379,19,7514,62,2359,361,181
294962055397,102,5635,51,2631,362,181
294962066451,99,6043,92,7528,363,181
294962077672,19,7379,61,1986,363,182
294962088936,164,5315,156,15498,364,182
294962099978,104,5627,115,7492,365,182
294962111128,19,8119,48,1484,365,183
294962122239,173,7811,87,4916,366,183
294962133075,121,5803,38,842,367,183
294962144429,20,8384,44,760,367,184
294962155487,121,5131,425,34950,368,184
294962166439,126,5214,168,16631,369,184
294962177555,28,9045,63,2513,369,185
294962188439,111,5309,74,2468,370,185
294962199568,118,5240,143,7130,371,185
294962210474,19,9631,74,1884,371,186
294962222141,117,5832,153,15117,372,186
294962233191,104,5462,117,7516,373,186
294962244089,18,8060,77,1913,373,187
294962255236,114,5737,183,13407,374,187
294962266530,101,5232,92,7825,375,187
294962277233,17,8216,49,1930,375,188
294962288355,103,5432,186,14612,376,188
294962299477,106,5794,73,2565,377,188
294962310989,19,8181,53,1970,377,189
294962322011,112,5610,89,7187,378,189
294962333017,103,5920,160,15261,379,189
294962344510,19,7336,68,2220,379,190
294962355170,98,5383,95,7992,380,190
294962366051,110,5534,44,2205,381,190
294962378154,25,7351,56,1895,381,191
294962388484,123,4913,73,5043,382,191
294962399931,114,5350,379,35131,383,191
294962411015,21,8278,68,3739,383,192
294962421812,110,5215,162,15180,384,192
294962433048,99,5233,54,2580,385,192
294962443868,19,8065,49,1956,385,193
294962455234,107,5769,92,7172,386,193
294962466482,107,5366,163,15203,387,193
294962477680,18,7995,51,2134,387,194
294962488651,105,10653,109,8423,388,194
294962510689,118,9442,156,14622,389,194
294962522229,19,4972,39,2161,389,195
294962532800,132,6009,91,2437,390,195
294962544247,18,7895,73,2050,390,196
294962555316,96,5576,40,2285,391,196
294962566417,102,5546,113,7170,392,196
294962577629,18,7655,47,1992,392,197
294962588660,97,5184,159,15135,393,197
294962599831,124,5822,60,1311,394,197
294962610931,20,7603,41,752,394,198
294962622002,112,5915,48,752,395,198
294962633129,122,5736,406,34982,396,198
294962644499,20,8218,96,3769,396,199
294962655328,133,4917,96,8036,397,199
294962666099,102,5029,273,13876,398,199
294962677619,39,8312,106,2247,398,200
294962688699,201,10907,55,2376,399,200
294962711348,131,8050,95,7169,400,200
294962722458,18,5259,40,1837,400,201
294962733213,117,5239,46,2251,401,201
294962744420,17,8029,47,1745,401,202
294962755728,108,5517,143,13303,402,202
294962767005,111,4989,96,7689,403,202
294962778047,21,7670,54,1773,403,203
294962789268,123,9967,158,14444,404,203
294962800492,150,5580,51,2427,405,203
294962811576,105,8685,83,6226,406,203
294962822524,19,4827,31,823,406,204
294962833634,107,6025,364,43044,407,204
294962844861,107,7311,118,10883,408,204
294962855667,17,4988,78,2738,408,205
294962866962,102,5659,69,4618,409,205
294962878390,24,6898,50,823,409,206
294962889191,117,4986,66,767,410,206
294962900316,110,5672,354,35182,411,206
294962911077,20,8511,67,3707,411,207
294962922371,112,5146,154,15184,412,207
294962933446,99,5208,84,2528,413,207
294962944521,19,8234,45,1932,413,208
294962955532,126,5547,256,7126,414,208
294962966717,100,5258,155,15252,415,208
294962977811,18,8182,53,2105,415,209
294962988881,297,10137,156,7897,416,209
294963000119,161,5377,148,14127,417,209
294963011300,21,7943,51,2201,417,210
294963022416,117,5520,193,8123,418,210
294963033505,122,5475,217,14909,419,210
294963044711,19,7620,51,2306,419,211
294963055734,101,5777,52,2537,420,211
294963066957,101,5755,109,7191,421,211
294963078172,98,7379,212,15369,422,211
294963088777,18,4594,41,2164,422,212
294963100246,151,5739,98,7800,423,212
294963111458,18,7483,69,1692,423,213
294963122836,153,8379,83,4433,424,213
294963133580,116,5796,34,819,425,213
294963144650,20,7997,33,763,425,214
294963155760,101,5423,368,35128,426,214
294963167125,100,5572,165,16652,427,214
294963177735,17,8221,56,2501,427,215
294963189227,108,4991,80,2481,428,215
294963200410,317,5096,98,7097,429,215
294963211529,20,7382,46,1847,429,216
294963222644,103,7346,170,15057,430,216
294963233434,106,5226,94,7546,431,216
294963244593,17,7655,46,2060,431,217
294963255756,94,5543,141,13514,432,217
294963267040,104,5229,94,7934,433,217
294963278139,19,7496,48,1917,433,218
294963289090,158,9994,167,14601,434,218
294963300065,97,5780,63,2484,435,218
294963311244,18,7968,44,2020,435,219
294963322505,96,5446,115,7338,436,219
294963333749,104,5924,176,15344,437,219
294963344783,136,7399,97,7812,438,219
294963355628,17,4693,38,1891,438,220
294963367249,106,5823,50,1818,439,220
294963377728,24,7786,49,1285,439,221
294963389050,115,10232,81,5528,440,221
294963400194,99,5698,337,35052,441,221
294963411221,30,8142,68,3681,441,222
294963422232,127,4966,179,15151,442,222
294963433467,100,5209,47,2551,443,222
294963444288,98,8467,75,1875,443,223
294963455926,101,7335,87,6926,444,223
294963467153,97,5109,153,15082,445,223
294963478073,19,7529,75,2155,445,224
294963489124,110,9870,95,7856,446,224
294963500476,99,5311,152,14114,447,224
294963511067,19,7358,54,1852,447,225
294963522671,93,5582,90,7645,448,225
294963533697,138,5107,175,14838,449,225
294963544690,26,6894,44,2279,449,226
294963555880,102,7183,51,2533,450,226
294963566869,92,5605,85,7093,451,226
294963578227,103,6950,186,15363,452,226
294963589008,18,4793,52,1978,452,227
294963600051,103,5819,87,6965,453,227
294963611123,17,7149,31,797,453,228
294963622225,100,5956,78,4224,454,228
294963633616,125,5855,345,34838,455,228
294963645267,329,7169,140,9519,456,228
294963655789,21,4869,44,2198,456,229
294963666966,112,5293,150,13755,457,229
294963677725,20,7907,66,2133,457,230
294963689238,104,9865,51,2260,458,230
294963700211,110,5214,137,7045,459,230
294963711021,18,7910,43,1769,459,231
294963722619,94,7216,171,14387,460,231
294963733664,98,5262,87,7554,461,231
294963744593,18,7332,42,1796,461,232
294963755869,100,7551,142,13442,462,232
294963767042,96,5099,93,7583,463,232
294963777670,59,8219,52,1813,463,233
294963789248,106,9588,181,14562,464,233
294963800066,110,5667,63,2312,465,233
294963811642,127,7362,87,7058,466,233
294963822286,17,4796,38,1963,466,234
294963833622,107,5715,154,15140,467,234
294963844762,19,6915,44,2065,467,235
294963855703,104,5191,102,7806,468,235
294963866699,295,5426,52,1466,469,235
294963878122,44,7491,54,983,469,236
294963889071,157,10019,389,42861,470,236
294963900506,143,5524,124,10798,471,236
294963911479,21,7919,64,2672,471,237
294963922219,121,5005,163,15466,472,237
294963933457,117,5267,68,2776,473,237
294963944424,19,8270,56,2319,473,238
294963955703,99,5641,93,7608,474,238
294963966929,103,5158,159,15707,475,238
294963977721,19,8015,58,2636,475,239
294963989209,109,9655,124,8397,476,239
294964000450,105,5408,147,14538,477,239
294964011544,165,7535,101,8232,478,239
294964022583,18,5069,42,2098,478,240
294964033705,104,5264,155,15201,479,240
294964044718,18,7724,78,2511,479,241
294964055861,100,5680,55,2754,480,241
294964067008,108,5664,94,7525,481,241
294964077889,18,7166,47,2129,481,242
294964088768,102,10300,181,15597,482,242
294964100189,135,5447,102,8036,483,242
294964111234,22,7810,78,2169,483,243
294964122412,182,5897,144,4497,484,243
294964133725,133,5498,344,35137,485,243
294964144606,24,8283,71,3732,485,244
294964155680,116,5104,96,7997,486,244
294964166521,110,4951,170,13812,487,244
294964177840,23,8320,48,2210,487,245
294964189005,254,9951,61,2356,488,245
294964200124,112,5441,148,7156,489,245
294964211192,20,7418,53,1879,489,246
294964222330,116,7911,155,14457,490,246
294964233482,104,5346,189,7566,491,246
294964244693,19,7494,48,1835,491,247
294964255902,100,5428,179,13425,492,247
294964266904,114,5103,93,7870,493,247
294964277617,18,7975,46,1882,493,248
294964288831,106,5227,146,14572,494,248
294964301061,109,5781,49,2504,495,248
294964311308,19,7751,49,1979,495,249
294964322240,98,5413,123,7355,496,249
294964333443,105,5643,209,15286,497,249
294964344393,21,7872,53,2149,497,250
294964356085,109,5300,98,7638,498,250
294964366652,97,5608,64,4379,499,250
294964377779,24,7978,43,855,499,251
294964388942,122,9983,41,820,500,251
294964400053,101,5543,345,34918,501,251
294964411106,19,8378,66,3709,501,252
294964422387,207,5222,157,15157,502,252
294964433505,115,5426,169,2549,503,252
294964444590,20,8013,50,1937,503,253
294964455713,108,7659,96,7059,504,253
294964466839,102,5020,166,15147,505,253
294964477970,22,7464,57,2160,505,254
294964489256,133,7825,108,8367,506,254
294964500182,111,5223,159,14641,507,254
294964510915,19,7828,96,2189,507,255
294964522463,108,5161,96,7972,508,255
294964533447,106,5943,161,15190,509,255
294964544592,19,7468,53,2120,509,256
294964555747,131,5180,50,2396,510,256
294964566995,98,5592,93,7316,511,256
294964577830,19,7858,48,1870,511,257
294964588949,103,9885,201,14958,512,257
294964600231,110,5810,295,26836,513,257
294964611144,21,8050,52,1863,513,258
294964622523,107,6754,114,2130,514,258
294964633303,130,5648,72,2957,515,258
294964644382,20,8559,52,743,515,259
294964656055,105,5537,440,35005,516,259
294964666697,97,5017,166,16608,517,259
294964677844,19,8013,63,2542,517,260
294964689147,104,9481,66,2432,518,260
294964700322,107,5229,91,6978,519,260
294964711416,22,7686,57,1873,519,261
294964722161,118,5351,154,14998,520,261
294964733293,114,5148,96,7161,521,261
294964744537,19,7700,51,1878,521,262
294964755748,107,5842,224,14548,522,262
294964766832,262,5780,126,8195,523,262
294964777912,29,8139,53,1988,523,263
294964788952,114,9490,157,14872,524,263
294964800744,109,5798,47,2515,525,263
294964811360,25,7546,56,2036,525,264
294964822553,116,5142,39,1286,526,264
294964833721,104,5588,333,32212,527,264
294964844809,18,7972,84,3534,527,265
294964855561,94,5239,145,7953,528,265
294964866650,106,5000,42,2278,529,265
294964877903,27,7907,53,1919,529,266
294964889206,259,9143,165,14300,530,266
294964900352,122,5278,95,7720,531,266
294964910953,26,7646,47,1743,531,267
294964922627,104,7789,160,14695,532,267
294964933742,111,5313,50,2342,533,267
294964944417,20,7830,46,1947,533,268
294964955582,103,5138,86,6987,534,268
294964966763,120,5401,46,2174,535,268
294964977939,19,7697,50,1854,535,269
294964989034,119,5260,44,2132,536,269
294965000459,102,5882,147,14551,537,269
294965011607,100,7281,137,8055,538,269
294965022415,18,4752,38,1782,538,270
294965033243,107,5744,95,6050,539,270
294965044767,27,7876,34,919,539,271
294965055840,96,5468,384,33796,540,271
294965066909,104,5375,99,9034,541,271
294965078034,18,7809,49,2261,541,272
294965088957,205,9591,193,14757,542,272
294965100764,99,5275,88,7580,543,272
294965111468,154,7708,54,2422,544,272
294965122519,20,5237,48,2081,544,273
294965133203,167,5335,161,15050,545,273
294965144250,20,7900,63,2198,545,274
294965155721,100,5545,93,8027,546,274
294965166912,100,5276,149,14816,547,274
294965178111,95,7919,80,2676,548,274
294965189136,19,7759,44,2093,548,275
294965200813,109,5675,115,7467,549,275
294965211202,20,7517,97,1798,549,276
294965222253,105,5380,70,2315,550,276
294965233583,109,5668,43,1958,551,276
294965244610,17,7583,42,1756,551,277
294965255927,99,5507,179,13914,552,277
294965266992,108,5455,42,1489,553,277
294965278068,19,7847,35,734,553,278
294965289181,102,4993,364,34923,554,278
294965301165,104,5563,145,14151,555,278
294965311076,18,8009,59,2352,555,279
294965322235,102,5241,89,7252,556,279
294965333370,98,5481,166,15102,557,279
294965344548,32,7682,57,2261,557,280
294965355782,148,7775,115,7932,558,280
294965366713,130,5037,74,4650,559,280
294965377607,25,7730,46,894,559,281
294965389103,130,9040,328,35476,560,281
294965400201,99,5352,108,9738,561,281
294965411551,198,7501,155,14235,562,281
294965422504,24,4955,46,2391,562,282
294965433411,103,5191,57,2441,563,282
294965444610,17,7178,46,1932,563,283
294965455801,96,7481,93,7232,564,283
294965466867,96,5756,57,2107,565,283
294965478019,89,7670,47,1969,566,283
294965489188,18,8546,44,1773,566,284
294965500388,99,5638,144,14226,567,284
294965511323,248,7442,42,1706,568,284
294965522528,21,5003,29,760,568,285
294965533118,93,5843,354,35301,569,285
294965544630,17,7793,58,3766,569,286
294965555911,90,5241,194,12808,570,286
294965566715,102,5174,84,7132,571,286
294965577682,19,7634,66,2053,571,287
294965588900,290,8685,199,15082,572,287
294965599976,92,5372,89,7559,573,287
294965611421,165,7157,47,2141,574,287
294965622175,23,4872,44,1929,574,288
294965633301,123,5609,190,14967,575,288
294965644310,18,6955,47,2298,575,289
294965655577,103,5680,95,8250,576,289
294965666644,94,5805,150,15000,577,289
294965677758,17,6965,44,2100,577,290
294965689086,99,7063,51,2428,578,290
294965700235,128,5633,59,2124,579,290
294965711435,27,6860,63,1927,579,291
294965722400,162,5023,45,1249,580,291
294965733403,121,5746,37,687,581,291
294965744674,20,7646,33,679,581,292
294965755665,99,10861,330,34973,582,292
294965777931,362,14488,177,16260,583,292
294965804380,140,16369,81,3761,584,292
294965832477,137,9451,67,2057,585,292
294965843254,25,14729,49,1854,585,293
294965869528,133,18129,116,7879,586,293
294965899343,123,9811,92,6607,587,293
294965910243,22,16040,54,2134,587,294
294965937434,122,14725,139,12257,588,294
294965963830,138,7943,54,1369,589,294
294965974884,23,7223,46,746,589,295
294965985947,121,5780,354,35049,590,295
294965997041,142,5755,64,4018,591,295
294966008317,19,8705,55,2193,591,296
294966019053,121,5348,149,14506,592,296
294966030134,107,7775,63,1800,593,296
294966041728,18,7254,71,833,593,297
294966052863,103,5626,369,33728,594,297
294966063512,97,5842,111,9348,595,297
294966075054,26,7474,55,2301,595,298
294966086288,165,5425,152,14816,596,298
294966097183,99,5473,94,7528,597,298
294966108051,19,6850,47,1883,597,299
294966119143,169,4815,82,2220,598,299
294966130285,117,5467,175,14723,599,299
294966141504,39,7168,45,2083,599,300
294966152527,148,5584,90,7899,600,300
294966163629,98,5430,175,15039,601,300
294966174694,25,7327,107,2110,601,301
294966186150,122,5204,48,2417,602,301
294966196805,134,5200,44,2095,603,301
294966208062,46,8809,52,1893,603,302
294966219500,119,5967,56,1887,604,302
294966230580,100,7538,40,1174,605,302
294966241760,19,7399,43,677,605,303
294966252956,97,5540,388,34783,606,303
294966263516,96,5820,162,16264,607,303
294966275063,17,7651,60,2528,607,304
294966286165,107,5225,49,2569,608,304
294966296745,116,5799,83,2288,609,304
294966308051,19,8656,78,2090,609,305
294966319160,164,5570,88,7237,610,305
294966330486,101,7518,159,15223,611,305
294966341307,19,7069,66,2157,611,306
294966352904,100,5075,109,7961,612,306
294966363648,92,5533,49,2237,613,306
294966374932,25,7467,58,1878,613,307
294966386168,121,5464,159,15173,614,307
294966397419,152,5311,94,7962,615,307
294966408230,19,8650,51,1916,615,308
294966419388,105,5061,161,14830,616,308
294966430443,96,4884,93,7527,617,308
294966441536,17,7114,43,1371,617,309
294966453003,110,5752,104,4734,618,309
294966463899,99,5521,358,32621,619,309
294966475076,17,7334,65,3646,619,310
294966485868,100,5285,93,8065,620,310
294966496987,168,5775,46,2152,621,310
294966508028,19,7312,113,1812,621,311
294966519484,110,5466,49,2425,622,311
294966530191,101,5875,167,14399,623,311
294966541378,18,7255,51,2031,623,312
294966552831,106,5662,49,2402,624,312
294966563840,96,5678,89,7222,625,312
294966575020,21,6993,52,1807,625,313
294966585826,104,5158,154,15024,626,313
294966596771,150,5559,95,7699,627,313
294966608037,30,8702,71,1792,627,314
294966619535,128,4820,48,2114,628,314
294966630263,107,5379,174,15216,629,314
294966641472,18,6997,66,2234,629,315
294966652529,107,5024,90,7942,630,315
294966663776,161,4957,169,15081,631,315
294966675025,17,7398,50,2224,631,316
294966686197,104,5147,97,8366,632,316
294966696732,107,5708,65,4189,633,316
294966708073,25,7432,47,888,633,317
294966719150,137,5952,359,32623,634,317
294966730450,111,7169,42,1257,635,317
294966741709,18,7387,34,660,635,318
294966752708,95,5135,346,35037,636,318
294966763874,105,5486,64,4317,637,318
294966775083,19,7539,74,2138,637,319
294966785812,100,4869,145,14734,638,319
294966796945,106,5746,53,2309,639,319
294966808363,22,6863,85,1846,639,320
294966819360,132,5646,89,7102,640,320
294966831041,119,5370,166,14985,641,320
294966841614,23,6614,44,2090,641,321
294966853019,125,5411,151,7870,642,321
294966863580,98,5513,91,2297,643,321
294966874690,23,7295,52,1913,643,322
294966886116,117,5095,155,15257,644,322
294966897066,96,4909,95,7897,645,322
294966908226,17,8305,48,1892,645,323
294966919306,112,5735,80,5965,646,323
294966930298,117,7520,33,911,647,323
294966941548,18,7425,38,788,647,324
294966952445,105,5910,337,34810,648,324
294966963794,102,5755,188,17386,649,324
294966974990,16,7390,55,2496,649,325
294966986130,99,5470,91,7910,650,325
294966997201,264,5399,56,2265,651,325
294967008251,19,8222,78,1923,651,326
294967019355,115,5551,51,2594,652,326
294967031173,107,6827,168,14983,653,326
294967041766,39,6821,79,2267,653,327
294967053074,116,5582,49,2414,654,327
294967063584,123,5373,144,7457,655,327
294967074816,19,7634,52,1847,655,328
294967086047,104,5107,156,15105,656,328
294967096966,109,5664,103,7572,657,328
294967108341,17,8151,45,1962,657,329
294967119517,156,4771,53,2275,658,329
294967130143,114,5514,157,15234,659,329
294967141281,20,7105,49,2258,659,330
294967152493,113,5624,42,1577,660,330
294967163915,148,5057,53,741,661,330
294967174617,17,7347,35,734,661,331
294967186250,102,5927,307,33717,662,331
294967197165,102,5408,114,9266,663,331
294967208325,16,8345,79,2323,663,332
294967219247,105,5419,230,14711,664,332
294967230289,126,5856,95,7515,665,332
294967241883,20,7180,123,1892,665,333
294967252530,135,5519,45,2281,666,333
294967263631,180,5568,49,2482,667,333
294967274988,19,7340,54,1834,667,334
294967286055,107,5667,159,14808,668,334
294967296816,108,5858,55,2354,669,334
294967307984,20,6525,46,1957,669,335
294967319093,155,5396,88,7159,670,335
294967330329,213,5337,160,15146,671,335
294967341423,40,7707,73,2037,671,336
294967352629,104,5240,92,7652,672,336
294967363704,200,5297,47,2098,673,336
294967374861,24,7296,60,1780,673,337
294967386065,120,4902,154,15020,674,337
294967397171,106,4833,107,7818,675,337
294967408565,28,7652,51,2005,675,338
294967419240,107,5133,148,14902,676,338
294967430059,98,7765,40,1555,677,338
294967441721,23,7166,41,765,677,339
294967452958,113,6118,317,35015,678,339
294967463470,95,5753,177,17528,679,339
294967475169,17,7616,55,2578,679,340
294967486185,103,5015,90,7779,680,340
294967496879,158,5354,43,2127,681,340
294967508407,17,6852,44,1869,681,341
294967519248,97,5689,49,2543,682,341
294967530382,94,5531,170,14917,683,341
294967541978,33,7129,79,2013,683,342
294967552611,110,5328,41,2277,684,342
294967563593,95,5281,180,7209,685,342
294967574601,19,6655,68,1926,685,343
294967585868,103,5049,245,15181,686,343
294967596916,98,5276,91,7800,687,343
294967608114,16,8163,44,1904,687,344
294967619521,132,5183,67,2220,688,344
294967630159,112,5310,180,15370,689,344
294967641202,18,6777,42,1975,689,345
294967652392,105,5343,96,7680,690,345
294967663427,95,5264,174,14891,691,345
294967674945,18,7028,46,2265,691,346
294967686143,101,5098,119,8395,692,346
294967696822,95,5259,61,4321,693,346
294967707958,15,8450,33,845,693,347
294967719357,106,6161,337,32496,694,347
294967730589,96,6378,44,1264,695,347
294967741653,16,7247,32,671,695,348
294967752720,94,5327,343,34915,696,348
294967763935,94,5084,165,16161,697,348
294967774607,17,7326,51,2442,697,349
294967786198,95,5396,47,2535,698,349
294967796840,92,5877,44,2253,699,349
294967807954,17,8314,43,2043,699,350
294967819518,94,5482,124,7152,700,350
294967830329,98,7519,154,15035,701,350
294967841614,19,6709,46,2263,701,351
294967852959,105,5205,128,8076,702,351
294967863468,129,5589,85,2291,703,351
294967874496,25,7575,53,1930,703,352
294967886054,115,5239,159,15404,704,352
294967897171,100,5108,96,7803,705,352
294967908231,18,7863,45,1923,705,353
294967919184,101,5025,164,14765,706,353
294967930351,195,5425,92,7630,707,353
294967941751,18,7202,45,1543,707,354
294967952836,98,5658,81,4696,708,354
294967963711,148,5749,369,32781,709,354
294967974866,17,7634,84,3641,709,355
294967985834,99,5988,126,8030,710,355
294967997121,102,5625,43,2125,711,355
294968008189,18,8072,45,1758,711,356
294968019105,102,5531,161,13866,712,356
294968030125,147,6724,41,1704,713,356
294968041739,19,6977,36,665,713,357
294968052486,98,5641,328,33779,714,357
294968063808,132,5719,163,9181,715,357
294968075224,21,7476,70,2314,715,358
294968085984,103,5200,148,14768,716,358
294968097202,139,5335,151,7538,717,358
294968108309,19,8061,50,1964,717,359
294968119147,280,4932,59,2337,718,359
294968130588,118,5534,184,15139,719,359
294968141743,28,7233,89,2030,719,360
294968152710,106,5231,89,7768,720,360
294968163996,154,5043,153,14901,721,360
294968174624,17,7300,49,2129,721,361
294968186142,103,5090,49,2429,722,361
294968197046,104,5547,33,1074,723,361
294968208370,28,7222,36,802,723,362
294968219051,155,6488,289,31489,724,362
294968230773,103,6386,39,1232,725,362
294968241849,17,7486,36,669,725,363
294968252832,99,5807,341,35113,726,363
294968263869,97,5561,167,16238,727,363
294968274654,18,7537,52,2438,727,364
294968285862,99,5368,47,2537,728,364
294968297107,107,5785,42,2253,729,364
294968308197,25,7952,55,2045,729,365
294968319221,99,5554,112,7204,730,365
294968330927,108,6671,177,15160,731,365
294968341382,18,6454,50,2129,731,366
294968352604,117,5239,116,7877,732,366
294968363832,99,16348,70,2395,733,366
294968391477,141,19033,172,14979,734,366
294968422394,125,15890,65,2424,735,366
294968449663,120,10955,54,1376,736,366
294968472294,107,15089,326,32201,737,366
294968498944,224,10641,197,9854,738,366
294968521306,124,15468,159,14530,739,366
294968548445,116,11048,80,3943,740,366
294968570865,131,5512,90,7099,741,366
294968582527,117,5214,155,14925,742,366
294968593308,19,8276,54,2150,742,367
294968604419,126,5181,89,7839,743,367
294968615617,207,5719,60,2139,744,367
294968626587,22,6785,52,1797,744,368
294968637931,113,5428,147,14745,745,368
294968648718,103,7811,104,8023,746,368
294968659739,18,6954,71,1803,746,369
294968671086,104,5348,146,14856,747,369
294968682430,106,5583,48,2495,748,369
294968693389,18,8353,56,1951,748,370
294968704479,105,5330,41,2105,749,370
294968715420,102,5640,44,1355,750,370
294968726589,18,10037,35,707,750,371
294968737822,111,5098,31,707,751,371
294968748894,97,8061,315,34471,752,371
294968759971,17,7282,59,3691,752,372
294968771159,104,5710,156,14754,753,372
294968782038,99,5200,52,2656,754,372
294968793203,18,7349,50,2007,754,373
294968804311,106,5557,66,2215,755,373
294968815528,109,5372,91,7168,756,373
294968826564,18,10791,49,1916,756,374
294968838140,101,5283,155,15096,757,374
294968848797,253,4975,91,7447,758,374
294968859908,19,7325,55,1739,758,375
294968871019,110,5721,76,2004,759,375
294968882236,134,6092,56,2829,760,375
294968893163,17,6750,37,727,760,376
294968904463,102,5294,402,34769,761,376
294968915425,108,5573,169,16654,762,376
294968926932,17,10080,56,2551,762,377
294968937788,108,4851,99,8154,763,377
294968949056,113,7431,85,4309,764,377
294968960137,17,8814,35,862,764,378
294968971112,106,5003,322,32185,765,378
294968982485,101,5333,109,9559,766,378
294968993519,17,8899,54,2303,766,379
294969004633,251,5427,51,2418,767,379
294969015649,107,5225,65,2462,768,379
294969026291,27,7237,154,1934,768,380
294969037718,156,5164,149,14062,769,380
294969048542,138,4941,51,2349,770,380
294969060135,30,8359,64,1908,770,381
294969071065,143,5499,93,7315,771,381
294969082066,110,5985,163,15156,772,381
294969093313,21,8227,89,2023,772,382
294969104272,117,5470,108,7661,773,382
294969115545,191,5441,57,2027,774,382
294969126811,23,7536,62,1811,774,383
294969137863,145,5681,259,14085,775,383
294969148648,120,8161,254,26768,776,383
294969160123,21,7638,52,1752,776,384
294969170983,166,5165,147,14555,777,384
294969181961,102,5627,115,7590,778,384
294969193132,18,7441,44,1455,778,385
294969204336,106,4937,61,4303,779,385
294969215681,98,5670,344,32310,780,385
294969226755,18,9693,69,3645,780,386
294969237795,110,4901,37,1204,781,386
294969248770,102,4944,331,34684,782,386
294969259990,18,8879,82,3686,782,387
294969271378,129,6067,310,14603,783,387
294969281994,130,5234,58,2564,784,387
294969293083,18,7465,57,1892,784,388
294969304412,132,5097,50,2045,785,388
294969315247,108,5492,161,6820,786,388
294969326353,31,6760,69,1865,786,389
294969337938,119,5453,157,14887,787,389
294969349005,159,7387,107,7934,788,389
294969359921,30,7189,55,1886,788,390
294969371072,124,5648,49,2164,789,390
294969382195,171,5717,153,13708,790,390
294969393261,20,7414,40,1018,790,391
294969404634,110,5012,55,1266,791,391
294969415275,144,5467,342,32465,792,391
294969426901,24,9328,78,3554,792,392
294969437821,113,4882,43,1592,793,392
294969449006,103,4894,332,34466,794,392
294969459652,25,7718,80,3853,794,393
294969470843,134,5214,179,15504,795,393
294969482219,119,5201,98,7577,796,393
294969493368,20,7939,48,1848,796,394
294969504667,111,5060,139,13325,797,394
294969515563,105,5465,93,7633,798,394
294969526471,17,7188,58,1884,798,395
294969537755,102,5430,164,14282,799,395
294969548963,97,7418,49,2430,800,395
294969560277,17,7654,50,1971,800,396
294969570914,117,5579,114,7432,801,396
294969582172,106,5514,160,15300,802,396
294969593415,25,7887,103,2234,802,397
294969604539,117,5206,93,8020,803,397
294969615424,114,5520,45,1682,804,397
294969626471,25,7437,51,1245,804,398
294969637600,149,5233,86,5406,805,398
294969649053,125,5257,381,34826,806,398
294969659900,19,7307,69,3758,806,399
294969670871,111,5261,153,15085,807,399
294969682243,98,5285,91,2554,808,399
294969693213,26,7234,55,1940,808,400
294969704461,135,5885,158,7312,809,400
294969715562,115,5486,159,15135,810,400
294969726781,20,10213,59,2246,810,401
294969737686,130,5532,111,7958,811,401
294969748745,149,4907,167,14205,812,401
294969759997,19,8438,75,1937,812,402
294969771069,111,5460,92,7674,813,402
294969782030,283,5566,160,14816,814,402
294969793050,22,7231,58,2342,814,403
294969804669,123,5275,64,2594,815,403
294969815732,111,5891,131,7192,816,403
294969826374,19,6923,168,1951,816,404
294969837937,128,5404,155,15418,817,404
294969848897,134,6945,96,7686,818,404
294969859810,21,7072,63,2009,818,405
294969870905,106,5949,62,2311,819,405
294969882202,130,5634,156,14575,820,405
294969893589,24,8081,60,2000,820,406
294969904526,129,5454,49,1454,821,406
294969915339,140,5211,65,708,822,406
294969926362,21,9666,45,709,822,407
294969937639,286,5483,30,708,823,407
294969948684,104,4831,375,34767,824,407
294969959761,20,7471,67,3930,824,408
294969971071,112,5694,157,15570,825,408
294969982146,122,5233,95,7599,826,408
294969993171,19,7666,62,1935,826,409
294970004735,138,5288,159,13394,827,409
294970015638,111,5076,94,7695,828,409
294970026816,18,8106,52,1912,828,410
294970037953,151,5336,147,14496,829,410
294970048843,100,5471,50,2436,830,410
294970060004,18,8179,65,2013,830,411
294970071370,112,5509,94,7498,831,411
294970081905,113,8911,265,15313,832,411
294970095432,214,7511,106,7737,833,411
294970104483,21,4562,49,1771,833,412
294970115610,109,5802,132,11689,834,412
294970126434,29,9790,65,2091,834,413
294970137981,134,5075,78,5216,835,413
294970148610,112,5149,355,34648,836,413
294970159707,20,7540,81,3765,836,414
294970170885,138,5499,161,15136,837,414
294970182166,190,5233,83,2483,838,414
294970193342,20,8088,53,1897,838,415
294970204154,121,4981,91,7185,839,415
294970215607,105,5375,155,15129,840,415
294970226919,18,10455,53,2148,840,416
294970248599,146,5277,99,4896,841,416
294970259786,20,7425,46,1833,841,417
294970271178,106,5590,89,7695,842,417
294970282101,101,5834,152,14567,843,417
294970293466,27,7853,81,2204,843,418
294970304523,114,4976,48,2391,844,418
294970315297,102,5565,89,7240,845,418
294970326518,20,9456,50,1806,845,419
294970337881,103,5010,153,15149,846,419
294970349544,336,5471,103,7113,847,419
294970360192,20,7951,108,1379,847,420
294970371276,176,5422,83,4889,848,420
294970382251,635,4926,336,35044,849,420
294970393497,28,8951,79,3763,849,421
294970404379,153,5522,153,8012,850,421
294970415481,114,5373,143,13802,851,421
294970426424,20,10494,53,2165,851,422
294970437705,113,5495,46,2323,852,422
294970448757,101,5343,119,7310,853,422
294970460266,23,8156,46,1830,853,423
294970470833,100,5590,146,14335,854,423
294970482453,98,5695,114,7021,855,423
294970493455,18,8036,48,1827,855,424
294970504469,101,5428,166,14376,856,424
294970515491,110,5804,94,8059,857,424
294970526788,17,9990,47,1819,857,425
294970537889,105,5150,187,14917,858,425
294970548869,98,7373,82,2674,859,425
294970560131,18,8410,96,1913,859,426
294970571066,103,5274,85,7074,860,426
294970582084,99,5744,83,5346,861,426
294970593310,19,8817,48,840,861,427
294970604874,97,5183,320,35488,862,427
294970615417,110,5236,61,4131,863,427
294970626734,25,9875,56,2188,863,428
294970637962,114,5819,182,15131,864,428
294970648924,95,4882,98,7747,865,428
294970659999,18,8994,54,1915,865,429
294970671088,114,5944,193,14890,866,429
294970682120,101,5522,48,2399,867,429
294970693237,17,8510,65,2012,867,430
294970704341,115,5097,184,7513,868,430
294970715406,120,5439,367,15392,869,430
294970726540,24,7141,56,2280,869,431
294970737858,121,5633,99,8605,870,431
294970748896,247,5544,157,14623,871,431
294970759949,20,7849,55,2329,871,432
294970770988,125,5715,99,8214,872,432
294970782304,115,5651,179,15364,873,432
294970793189,25,7975,77,2285,873,433
294970804571,119,5280,49,2561,874,433
294970815505,156,5757,117,7436,875,433
294970826379,27,9572,64,1820,875,434
294970837811,129,5246,151,14612,876,434
294970848722,259,5102,39,1091,877,434
294970859831,21,7434,62,692,877,435
294970870925,123,5132,390,34920,878,435
294970882277,118,5324,178,17463,879,435
294970893132,24,7519,57,2613,879,436
294970904322,129,5557,92,7997,880,436
294970915713,107,5328,155,15010,881,436
294970926714,19,10072,119,2227,881,437
294970937788,140,5375,58,2375,882,437
294970948958,212,5097,121,7531,883,437
294970959907,20,7212,52,1788,883,438
294970970937,116,5649,210,15199,884,438
294970982319,136,5685,43,1422,885,438
294970993562,20,8092,43,700,885,439
294971004681,109,5252,366,35103,886,439
294971015432,116,5964,219,9518,887,439
294971026851,24,9087,57,2240,887,440
294971037826,119,5228,165,12662,888,440
294971048605,102,5239,42,1423,889,440
294971059957,18,9027,37,769,889,441
294971071093,118,5022,377,34803,890,441
294971082390,106,5022,173,17479,891,441
294971093131,22,7484,95,2606,891,442
294971104546,201,5409,95,7827,892,442
294971115538,105,5393,99,2138,893,442
294971126470,25,10158,49,1866,893,443
294971137842,113,6061,192,14830,894,443
294971148682,449,4921,345,7824,895,443
294971159857,30,7328,210,1922,895,444
294971170838,135,5432,156,14759,896,444
294971182456,185,4947,57,2392,897,444
294971193401,23,8064,59,1907,897,445
294971204560,154,5361,106,7360,898,445
294971215519,140,5833,221,15127,899,445
294971226692,21,9697,55,2242,899,446
294971238125,116,5499,101,8558,900,446
294971249023,114,5744,255,14815,901,446
294971260147,19,7881,77,2266,901,447
294971271321,106,5456,103,8079,902,447
294971282241,103,5800,199,15326,903,447
294971293342,22,8073,55,2383,903,448
294971304515,101,5279,39,1851,904,448
294971315360,96,5663,346,34581,905,448
294971326501,28,7389,119,3964,905,449
294971338352,127,5274,239,15788,906,449
294971348710,109,4891,134,7537,907,449
294971359759,26,15932,85,1917,907,450
294971386919,193,18570,188,14032,908,450
294971416898,142,9206,59,2151,909,450
294971428258,131,16832,63,2090,910,450
294971456610,126,19619,103,7221,911,450
294971487741,126,16788,71,4501,912,450
294971516278,117,10296,55,2211,913,450
294971527366,44,14596,56,1799,913,451
294971553627,139,11348,88,6033,914,451
294971576359,157,8749,462,34710,915,451
294971587613,100,6201,248,17399,916,451
294971598654,95,5425,95,8035,917,451
294971609997,37,8176,50,2063,917,452
294971621024,139,5983,48,2275,918,452
294971632124,112,5346,184,15088,919,452
294971643436,18,7964,46,2142,919,453
294971654267,97,5425,90,7954,920,453
294971665484,95,4814,153,15091,921,453
294971676259,15,7251,70,2203,921,454
294971687760,150,5619,54,2497,922,454
294971698646,132,5633,103,7348,923,454
294971709927,20,7906,49,1860,923,455
294971721091,105,5433,156,15276,924,455
294971732210,103,5900,94,7100,925,455
294971743145,20,6683,46,2018,925,456
294971754432,100,5379,171,14562,926,456
294971765339,95,5615,94,8165,927,456
294971776659,35,7721,42,1935,927,457
294971787816,103,5114,154,15133,928,457
294971798784,100,5867,42,1462,929,457
294971809819,16,7165,34,880,929,458
294971820889,97,5072,364,36522,930,458
294971832056,92,5399,171,17163,931,458
294971843027,21,7121,53,2626,931,459
294971854437,110,6021,96,8137,932,459
294971865366,99,5477,57,2226,933,459
294971876604,28,8146,63,1894,933,460
294971887427,128,5451,170,15379,934,460
294971898703,121,5332,139,8399,935,460
294971909706,22,7247,71,1902,935,461
294971921245,113,5465,154,15162,936,461
294971932365,127,5699,52,2608,937,461
294971943135,22,6825,57,2132,937,462
294971954382,99,5609,99,7717,938,462
294971965599,99,5469,64,2231,939,462
294971976666,33,7719,89,1875,939,463
294971987965,126,5118,43,2134,940,463
294971998560,99,5757,178,14705,941,463
294972010251,18,8311,115,2229,941,464
294972021297,101,5280,88,7304,942,464
294972032469,104,5492,73,3858,943,464
294972043531,28,8552,43,820,943,465
294972054292,141,4950,333,33673,944,465
294972065679,117,4895,108,9199,945,465
294972076606,20,8853,68,2229,945,466
294972087867,148,5679,200,14705,946,466
294972098685,102,5261,96,7563,947,466
294972110063,20,8060,111,1985,947,467
294972121016,134,5598,79,2298,948,467
294972132275,109,5153,154,15107,949,467
294972143106,18,7214,64,2303,949,468
294972154331,105,5666,107,8113,950,468
294972165688,96,5690,153,15214,951,468
294972176820,17,8025,52,2208,951,469
294972187825,159,5818,50,2501,952,469
294972199157,105,5370,47,2117,953,469
294972209808,19,8267,46,1958,953,470
294972221383,103,5198,91,7456,954,470
294972232444,106,5520,62,4341,955,470
294972243602,17,8612,39,827,955,471
294972256159,338,7299,395,34962,956,471
294972265541,164,5201,162,16389,957,471
294972276523,28,8117,56,2460,957,472
294972287910,105,5150,57,2503,958,472
294972298689,231,4953,45,2226,959,472
294972310113,18,8160,47,2053,959,473
294972321375,104,5342,90,7185,960,473
294972332158,119,5782,179,15077,961,473
294972343375,17,8209,49,2159,961,474
294972354082,98,5368,91,7768,962,474
294972365321,101,5528,57,2220,963,474
294972376386,25,7085,54,1896,963,475
294972387650,114,5624,193,15056,964,475
294972398748,107,5274,104,8077,965,475
294972410083,19,8027,58,2045,965,476
294972421178,123,5206,81,6056,966,476
294972432001,114,5679,33,912,967,476
294972443064,21,7000,80,828,967,477
294972454286,114,5444,349,34840,968,477
294972465580,118,5200,202,17358,969,477
294972476338,19,7380,79,2428,969,478
294972488056,136,5755,134,7765,970,478
294972499005,211,4844,68,2378,971,478
294972509794,19,7441,48,2010,971,479
294972520910,102,5533,64,2660,972,479
294972532122,99,5401,169,14953,973,479
294972543271,18,7207,82,2178,973,480
294972554464,103,5553,48,2441,974,480
294972565541,101,5520,144,7361,975,480
294972576645,18,8178,46,1910,975,481
294972587862,102,5500,154,15228,976,481
294972598950,93,5395,108,7758,977,481
294972609781,18,6839,47,2018,977,482
294972621062,374,5018,62,2308,978,482
294972632243,125,5556,172,15304,979,482
294972643100,21,7194,76,2316,979,483
294972654482,114,5481,124,7878,980,483
294972665383,190,5449,71,3978,981,483
294972676322,24,7478,55,902,981,484
294972688058,126,5087,306,33550,982,484
294972698637,102,4902,113,9328,983,484
294972709894,18,8973,49,2256,983,485
294972720938,101,6173,285,14754,984,485
294972731892,108,4892,87,7593,985,485
294972743451,18,7908,50,1961,985,486
294972754331,103,5386,41,2284,986,486
294972765663,102,4859,52,2470,987,486
294972776381,22,7462,44,1828,987,487
294972788038,99,5314,149,14725,988,487
294972798887,98,5396,54,2370,989,487
294972809696,18,6858,46,1950,989,488
294972821131,103,5228,93,7161,990,488
294972832270,114,5577,160,15411,991,488
294972843409,19,8094,52,2330,991,489
294972854431,103,5144,36,1324,992,489
294972865271,97,5643,348,34890,993,489
294972876353,24,7374,69,3762,993,490
294972887546,117,5250,181,15611,994,490
294972898626,100,5015,96,7767,995,490
294972910078,26,8987,59,2034,995,491
294972921331,120,6050,154,14913,996,491
294972932409,111,5161,72,2587,997,491
294972943292,19,8021,60,2082,997,492
294972954337,103,5484,135,7580,998,492
294972965565,114,4984,160,15463,999,492
294972976281,18,7181,55,2350,999,493
294972987843,107,5249,99,8701,1000,493
294972998600,106,5434,166,14803,1001,493
294973009883,27,8050,69,2419,1001,494
294973021322,137,5399,116,8244,1002,494
294973032369,125,5486,180,15299,1003,494
294973043426,19,7523,57,2118,1003,495
294973054536,129,5206,59,2362,1004,495
294973065137,122,5238,96,7103,1005,495
294973076916,19,7971,60,1717,1005,496
294973087674,143,5480,64,4118,1006,496
294973098756,107,5484,369,35086,1007,496
294973110079,20,9460,77,3759,1007,497
294973121216,143,5060,53,2405,1008,497
294973132447,123,5162,217,15069,1009,497
294973143443,20,8598,51,2126,1009,498
294973154614,106,6014,166,7695,1010,498
294973165536,104,5096,155,15107,1011,498
294973176412,19,7407,47,2074,1011,499
294973187759,102,5068,48,2387,1012,499
294973198578,148,5233,114,7299,1013,499
294973209693,18,7509,57,1931,1013,500
294973220882,99,5967,371,15093,1014,500
294973232011,129,5960,93,7164,1015,500
294973243047,25,7145,56,1851,1015,501
294973254380,119,5645,191,14444,1016,501
294973265419,163,5203,112,8026,1017,501
294973276483,35,8231,56,1871,1017,502
294973287601,100,5361,160,14931,1018,502
294973298530,1124,5276,74,1717,1019,502
294973310076,27,8226,41,964,1019,503
294973321184,110,5380,32,991,1020,503
294973331962,105,5718,30,635,1021,503
294973343172,17,7251,35,635,1021,504
294973354516,102,5035,348,34931,1022,504
294973365627,103,5423,76,3953,1023,504
294973376463,25,9022,54,2169,1023,505
294973387512,112,5804,158,15371,1024,505
294973399025,114,5489,95,7675,1025,505
294973410068,31,8154,48,1966,1025,506
294973421220,107,5611,147,14897,1026,506
294973432278,112,5370,49,2556,1027,506
294973443459,17,7830,48,2085,1027,507
294973454195,97,5591,106,7594,1028,507
294973465375,99,5760,45,2203,1029,507
294973476639,17,8048,48,1830,1029,508
294973487703,101,5165,85,2119,1030,508
294973498762,94,5894,147,14453,1031,508
294973509703,24,7983,53,1966,1031,509
294973521387,134,5367,94,7727,1032,509
294973532295,97,5739,61,3977,1033,509
294973543431,16,8619,57,812,1033,510
294973554782,101,5401,398,33649,1034,510
294973565346,93,5160,117,9218,1035,510
294973576530,22,9034,72,2257,1035,511
294973587625,109,5572,149,14688,1036,511
294973598681,93,5266,106,7563,1037,511
294973609818,18,8439,59,1928,1037,512
294973620868,146,5685,56,2284,1038,512
294973632201,126,5075,168,14815,1039,512
294973643084,17,7315,50,2271,1039,513
294973654358,116,5700,131,8236,1040,513
294973665664,101,5690,155,15207,1041,513
294973676708,17,7936,50,2220,1041,514
294973687639,112,5601,50,2476,1042,514
294973698826,98,5854,46,2064,1043,514
294973710024,19,7703,48,1925,1043,515
294973721246,96,5417,89,7840,1044,515
294973732091,102,5902,46,1847,1045,515
294973743321,18,8002,58,1583,1045,516
294973754575,97,5071,67,4985,1046,516
294973765251,99,5051,387,34915,1047,516
294973776325,19,8582,61,3736,1047,517
294973787498,95,5444,96,8057,1048,517
294973798686,102,5226,131,12572,1049,517
294973809613,18,7181,44,2019,1049,518
294973821340,103,6014,90,7344,1050,518
294973832331,103,5197,168,14015,1051,518
294973843376,18,7812,45,2053,1051,519
294973854071,101,5523,91,7909,1052,519
294973865580,211,5860,59,2267,1053,519
294973876480,20,8150,76,1941,1053,520
294973887566,108,5538,153,14979,1054,520
294973898614,126,5622,107,7946,1055,520
294973909890,19,8080,52,2011,1055,521
294973921043,114,5667,151,14974,1056,521
294973932059,108,5721,86,2536,1057,521
294973943358,24,7742,80,2030,1057,522
294973954689,104,4888,41,2249,1058,522
294973965292,97,5650,93,7500,1059,522
294973976416,18,8249,49,2018,1059,523
294973987774,104,5135,63,3581,1060,523
294973998787,113,5571,315,33702,1061,523
294974010003,20,8932,72,3702,1061,524
294974021260,110,5080,158,14817,1062,524
294974031963,113,5106,63,2494,1063,524
294974043213,24,8914,56,1936,1063,525
294974054333,129,6063,49,2096,1064,525
294974065494,104,5201,91,7079,1065,525
294974076618,20,8183,62,1863,1065,526
294974087930,125,5474,171,14931,1066,526
294974098951,113,5014,148,7682,1067,526
294974109696,20,7747,91,1775,1067,527
294974120898,137,5760,69,2046,1068,527
294974132116,104,6075,160,15216,1069,527
294974143299,19,8031,50,2061,1069,528
294974154616,106,5647,94,7851,1070,528
294974165248,102,5625,156,15020,1071,528
294974176471,18,6950,48,2148,1071,529
294974187791,101,5165,47,2419,1072,529
294974198910,151,5456,43,2151,1073,529
294974209965,17,8504,86,1992,1073,530
294974220946,98,5382,89,7295,1074,530
294974232094,111,5687,68,4242,1075,530
294974243765,25,8430,44,775,1075,531
294974254290,132,4939,339,35015,1076,531
294974265565,114,5154,170,16361,1077,531
294974276266,18,7544,82,2437,1077,532
294974287730,134,5887,50,2498,1078,532
294974299010,110,5145,43,2243,1079,532
294974309601,18,7439,51,2036,1079,533
294974320805,105,5422,87,7218,1080,533
294974331908,102,5563,161,15055,1081,533
294974343112,19,7258,46,2029,1081,534
294974354151,102,16373,112,7882,1082,534
294974382288,140,9943,178,14690,1083,534
294974393304,19,17176,54,1901,1083,535
294974421768,125,15108,53,2145,1084,535
294974448424,117,11593,47,1287,1085,535
294974471316,109,14634,42,690,1086,535
294974497596,126,11679,345,34974,1087,535
294974520978,110,15501,177,16208,1088,535
294974548128,126,11078,65,3655,1089,535
294974570969,349,5870,90,7116,1090,535
294974581942,102,5072,172,14862,1091,535
294974593276,19,8209,48,2152,1091,536
294974603953,105,5151,91,7755,1092,536
294974615245,107,6525,61,2271,1093,536
294974626253,23,8866,51,1995,1093,537
294974637295,116,5194,180,15178,1094,537
294974648402,104,5228,96,7921,1095,537
294974659484,17,6710,47,1837,1095,538
294974670680,107,5419,207,14883,1096,538
294974681767,95,5763,64,2539,1097,538
294974692975,24,8201,67,2070,1097,539
294974704301,134,5071,43,1322,1098,539
294974715256,198,5237,341,31389,1099,539
294974726109,34,9183,72,3767,1099,540
294974737342,164,5213,46,1235,1100,540
294974749785,233,5465,346,34959,1101,540
294974759603,25,7596,78,3715,1101,541
294974770955,142,6096,148,14735,1102,541
294974782076,118,4953,57,2645,1103,541
294974793009,21,7461,52,1908,1103,542
294974804157,115,5222,43,2073,1104,542
294974814944,97,5500,94,6933,1105,542
294974826282,19,8896,49,1840,1105,543
294974837298,106,5533,216,15073,1106,543
294974848664,98,5850,92,7580,1107,543
294974859874,19,7803,49,1932,1107,544
294974870985,133,5465,45,2271,1108,544
294974882076,107,5273,157,15089,1109,544
294974893307,19,7798,56,2087,1109,545
294974904421,147,5145,155,7900,1110,545
294974915220,129,5524,161,14831,1111,545
294974926221,22,7016,87,2052,1111,546
294974937346,288,4973,54,1766,1112,546
294974948443,167,5005,372,34816,1113,546
294974959520,28,7467,113,3936,1113,547
294974971679,115,5811,207,15802,1114,547
294974982162,120,5274,99,7666,1115,547
294974993290,21,7979,53,2026,1115,548
294975004165,118,10301,63,2373,1116,548
294975015424,109,5064,50,2417,1117,548
294975026622,19,8033,49,1875,1117,549
294975037492,106,5335,150,14822,1118,549
294975048408,101,5717,51,2585,1119,549
294975059499,19,7169,144,2097,1119,550
294975070972,116,5525,88,7426,1120,550
294975082020,103,5371,162,15366,1121,550
294975093066,24,8099,60,1994,1121,551
294975104301,140,5009,107,7748,1122,551
294975115225,121,5690,71,4616,1123,551
294975126381,25,7327,50,871,1123,552
294975137563,166,4987,329,35456,1124,552
294975148421,116,4907,116,10206,1125,552
294975159810,23,8800,85,2395,1125,553
294975170921,121,5735,139,13723,1126,553
294975182176,102,5129,54,2524,1127,553
294975192829,20,7508,48,1896,1127,554
294975204055,160,5222,111,7339,1128,554
294975215299,109,5406,149,14455,1129,554
294975226232,22,8840,58,2024,1129,555
294975237300,251,5311,100,7784,1130,555
294975248361,107,5379,147,13957,1131,555
294975259785,21,7742,52,2002,1131,556
294975270979,114,5579,94,7905,1132,556
294975281897,112,5931,183,14948,1133,556
294975293277,18,8005,62,2297,1133,557
294975304045,127,9711,69,2568,1134,557
294975315211,126,5822,111,7162,1135,557
294975326192,22,8374,51,1918,1135,558
294975337410,130,5123,205,15306,1136,558
294975348510,126,5177,95,7780,1137,558
294975359532,21,8418,59,1925,1137,559
294975370608,152,5133,43,1406,1138,559
294975381910,108,5145,65,2732,1139,559
294975393109,26,8901,104,738,1139,560
294975404338,228,5037,351,35205,1140,560
294975415264,167,4837,179,16740,1141,560
294975426601,35,9149,63,2595,1141,561
294975437679,117,5625,62,2458,1142,561
294975449016,128,5350,97,7288,1143,561
294975459660,20,7460,87,1845,1143,562
294975470902,109,5380,155,14976,1144,562
294975481928,102,5148,97,7667,1145,562
294975492728,17,7240,43,1918,1145,563
294975504349,132,9574,151,13453,1146,563
294975515514,109,5850,125,7710,1147,563
294975526202,21,6987,65,1967,1147,564
294975537439,114,5569,148,14572,1148,564
294975548514,110,5585,51,2451,1149,564
294975559778,18,6944,49,1976,1149,565
294975570989,109,5397,86,7082,1150,565
294975581650,97,5611,154,15125,1151,565
294975592824,17,8184,57,2307,1151,566
294975604074,116,5107,92,7751,1152,566
294975614966,99,5505,62,4376,1153,566
294975626233,18,8005,49,848,1153,567
294975637290,132,5414,342,35515,1154,567
294975648452,97,7756,120,10364,1155,567
294975660039,19,8810,54,2227,1155,568
294975671060,109,6038,145,13904,1156,568
294975682100,100,5071,51,2449,1157,568
294975692659,20,7438,45,1951,1157,569
294975704267,106,9997,98,7461,1158,569
294975715447,101,5354,147,14526,1159,569
294975726335,17,8821,69,2062,1159,570
294975737637,141,5076,102,7740,1160,570
294975748212,146,5569,169,13940,1161,570
294975759798,36,7633,56,2180,1161,571
294975770838,150,5402,96,7715,1162,571
294975781907,121,5577,216,14779,1163,571
294975792843,19,7054,52,2178,1163,572
294975804094,101,4959,66,2453,1164,572
294975814962,95,5694,87,7072,1165,572
294975826610,17,7975,54,1998,1165,573
294975837605,147,5081,79,4179,1166,573
294975848503,103,5454,357,35031,1167,573
294975859843,24,8734,62,3735,1167,574
294975870796,106,5314,47,2415,1168,574
294975881850,135,4833,161,14454,1169,574
294975893359,22,8743,52,2127,1169,575
294975903943,104,6375,103,8893,1170,575
294975915091,104,5278,156,15120,1171,575
294975926354,18,8763,48,2171,1171,576
294975937667,102,5169,46,2455,1172,576
294975948340,95,5292,93,7456,1173,576
294975959447,19,7240,69,1908,1173,577
294975970827,107,5655,155,15163,1174,577
294975981892,103,5635,90,7111,1175,577
294975993105,19,8057,47,1865,1175,578
294976003907,106,9930,168,14464,1176,578
294976015384,98,5569,93,8096,1177,578
294976026261,18,8180,49,1861,1177,579
294976037418,115,5357,176,14946,1178,579
294976048334,118,5424,55,2529,1179,579
294976059554,18,7211,50,1995,1179,580
294976070652,111,5237,38,1178,1180,580
294976082084,111,5150,301,32283,1181,580
294976093251,18,8704,76,3571,1181,581
294976104017,135,5065,149,7934,1182,581
294976115435,119,5319,49,2288,1183,581
294976126428,19,9093,82,1919,1183,582
294976137572,122,5321,200,14072,1184,582
294976148282,107,5079,95,7715,1185,582
294976159972,19,7996,45,1844,1185,583
294976170626,99,5465,172,14847,1186,583
294976181829,105,5454,65,2350,1187,583
294976192889,22,7426,47,1982,1187,584
294976204192,147,9729,96,7471,1188,584
294976215159,106,5621,159,15222,1189,584
294976226541,18,8046,47,2258,1189,585
294976237469,102,5443,98,8508,1190,585
294976248497,95,5773,163,14431,1191,585
294976259767,18,7722,48,2085,1191,586
294976270881,104,5438,92,7816,1192,586
294976281971,103,5569,167,15077,1193,586
294976293090,23,7958,50,2253,1193,587
294976304168,112,4989,48,2533,1194,587
294976315232,99,5812,118,7337,1195,587
294976326335,18,8066,49,1902,1195,588
294976337399,105,5012,144,14612,1196,588
294976348266,100,4887,330,36884,1197,588
294976359987,19,8982,64,3706,1197,589
294976370582,96,5373,51,2710,1198,589
294976382030,169,5285,162,15338,1199,589
294976393268,26,8843,62,2443,1199,590
294976404132,103,10378,109,8054,1200,590
294976415401,117,5417,165,15117,1201,590
294976426196,18,9260,61,2429,1201,591
294976437316,111,5494,71,2617,1202,591
294976448442,98,5462,96,7685,1203,591
294976459782,18,8028,45,2029,1203,592
294976470739,102,5561,197,15455,1204,592
294976481932,100,5631,114,7052,1205,592
294976493225,18,8044,51,1974,1205,593
294976504321,113,8836,285,14681,1206,593
294976515389,107,5733,95,7993,1207,593
294976526411,19,8039,57,2027,1207,594
294976537644,122,5033,157,15191,1208,594
294976548565,111,5493,68,2623,1209,594
294976559759,37,8475,104,2040,1209,595
294976570700,113,5375,87,7018,1210,595
294976582027,102,5594,151,14838,1211,595
294976593234,18,8792,50,1801,1211,596
294976603873,101,5165,323,27471,1212,596
294976615015,109,5248,51,2105,1213,596
294976626175,22,9398,54,1678,1213,597
294976637331,134,5888,157,15210,1214,597
294976648289,104,5298,96,7860,1215,597
294976659841,20,8056,66,1768,1215,598
294976670973,102,5463,171,14883,1216,598
294976681788,111,5199,43,2223,1217,598
294976693237,17,8174,48,1687,1217,599
294976704335,109,8697,93,7081,1218,599
294976715214,97,5912,180,15158,1219,599
294976726308,18,6937,47,2034,1219,600
294976737226,125,5477,98,8292,1220,600
294976748444,154,5292,162,14577,1221,600
294976759364,22,7079,58,2006,1221,601
294976771038,125,5078,99,7870,1222,601
294976781919,123,5434,157,15053,1223,601
294976793063,20,8145,53,2128,1223,602
294976804240,109,8745,118,2384,1224,602
294976815301,100,5750,73,5451,1225,602
294976826550,18,8166,39,814,1225,603
294976837393,107,5011,49,2922,1226,603
294976848561,100,5314,316,34903,1227,603
294976859718,18,8979,63,3690,1227,604
294976870929,116,6162,59,2378,1228,604
294976882007,126,5108,156,15131,1229,604
294976892807,19,7343,50,2090,1229,605
294976904388,122,9258,98,7622,1230,605
294976915231,99,5437,177,14954,1231,605
294976926210,23,8261,94,2165,1231,606
294976937348,188,5262,58,2415,1232,606
294976948351,115,5329,97,7223,1233,606
294976959432,21,7517,51,1878,1233,607
294976970672,123,5661,154,14937,1234,607
294976981936,107,5653,135,7155,1235,607
294976992855,24,7155,58,1843,1235,608
294977004036,128,9265,158,14462,1236,608
294977015389,195,5469,96,7884,1237,608
294977026685,20,7587,48,1821,1237,609
294977037657,114,5198,156,14955,1238,609
294977048285,113,5308,51,2528,1239,609
294977059968,19,8219,48,2103,1239,610
294977071054,105,5382,37,1175,1240,610
294977081901,112,4972,336,32235,1241,610
294977092764,21,7544,91,3553,1241,611
294977104100,115,9400,146,7960,1242,611
294977115530,111,5347,46,2327,1243,611
294977126449,25,7918,51,1964,1243,612
294977137882,120,6427,179,14347,1244,612
294977148512,106,5160,94,7777,1245,612
294977159746,54,16493,77,1883,1245,613
294977187792,147,15922,155,12188,1246,613
294977215537,178,9254,72,1852,1247,613
294977226790,18,15666,75,1827,1247,614
294977254038,121,15293,73,4520,1248,614
294977280870,118,13050,51,1638,1249,614
294977305697,112,14806,53,681,1250,614
294977331895,149,10545,326,32256,1251,614
294977343782,21,15989,78,3552,1251,615
294977371120,158,6245,60,1265,1252,615
294977382470,131,5181,354,35173,1253,615
294977393441,21,8216,69,3698,1253,616
294977404548,106,8643,140,7909,1254,616
294977415606,107,5395,139,13752,1255,616
294977426686,24,8179,50,2145,1255,617
294977438045,108,5330,93,2319,1256,617
294977449049,103,5830,94,7355,1257,617
294977460342,17,7685,47,1834,1257,618
294977470986,102,5132,45,2367,1258,618
294977482400,108,5499,43,1986,1259,618
294977493597,18,7731,43,1792,1259,619
294977504848,94,5824,140,12120,1260,619
294977515916,101,5490,316,32266,1261,619
294977526955,35,8256,72,3748,1261,620
294977538060,117,5047,97,8304,1262,620
294977548976,103,5651,141,12987,1263,620
294977560234,46,8049,46,2295,1263,621
294977571270,93,5546,89,7517,1264,621
294977582559,106,4919,161,15345,1265,621
294977593204,19,7934,51,2381,1265,622
294977604461,100,9182,99,7707,1266,622
294977615678,109,5347,44,2273,1267,622
294977626758,28,7760,61,1981,1267,623
294977638139,131,4954,154,14963,1268,623
294977648994,115,5274,104,8298,1269,623
294977660346,24,7801,46,1884,1269,624
294977671523,104,5443,158,15073,1270,624
294977682763,106,5592,52,2696,1271,624
294977693344,19,7688,45,2029,1271,625
294977704868,99,7457,93,7126,1272,625
294977715919,101,5721,54,2268,1273,625
294977726923,18,7242,48,1918,1273,626
294977738189,118,4930,42,1807,1274,626
294977748973,105,7408,260,21029,1275,626
294977760424,18,8324,44,1849,1275,627
294977771457,100,5422,143,14358,1276,627
294977782395,112,4877,140,8130,1277,627
294977793534,19,8662,49,1724,1277,628
294977804591,101,8892,156,12332,1278,628
294977815700,98,5531,110,7270,1279,628
294977826933,19,8004,57,1750,1279,629
294977838035,125,5678,164,15026,1280,629
294977849072,123,5221,96,7623,1281,629
294977859967,21,7866,65,1802,1281,630
294977871431,250,6016,58,2053,1282,630
294977882570,127,4818,188,15118,1283,630
294977893292,20,8093,50,2067,1283,631
294977904840,108,6041,121,7909,1284,631
294977915709,104,5882,173,14999,1285,631
294977926656,18,7993,70,2138,1285,632
294977937721,102,5112,46,2402,1286,632
294977949313,107,5395,45,1945,1287,632
294977960412,20,7739,46,1750,1287,633
294977971586,102,5345,88,7107,1288,633
294977982582,112,5341,66,4265,1289,633
294977993666,19,8279,36,808,1289,634
294978004842,99,5072,348,35178,1290,634
294978015431,103,5456,190,16359,1291,634
294978026661,17,8773,55,2465,1291,635
294978038221,101,5067,90,7809,1292,635
294978048782,152,5224,74,4080,1293,635
294978059906,25,8489,41,816,1293,636
294978071571,137,5914,410,34930,1294,636
294978082541,118,5196,178,17472,1295,636
294978093415,19,7927,61,2448,1295,637
294978104644,114,5968,93,7729,1296,637
294978116131,102,5231,46,2177,1297,637
294978126607,26,10046,54,1862,1297,638
294978137951,121,5106,160,15077,1298,638
294978148714,100,5748,160,7836,1299,638
294978160278,24,7742,46,1961,1299,639
294978171416,100,5623,151,14862,1300,639
294978182633,97,5349,49,2621,1301,639
294978193716,24,7178,50,1961,1301,640
294978204873,103,5959,44,2100,1302,640
294978215858,148,5259,117,7460,1303,640
294978226809,17,7949,49,1833,1303,641
294978237981,108,5013,60,4440,1304,641
294978248981,103,6934,348,35129,1305,641
294978260340,22,8303,64,3852,1305,642
294978271288,100,5507,150,14866,1306,642
294978282279,99,5094,53,2547,1307,642
294978293212,19,8710,61,1929,1307,643
294978304509,109,8389,47,2088,1308,643
294978315605,98,5179,92,6955,1309,643
294978326967,110,7980,47,1961,1309,644
294978338105,100,5241,206,14890,1310,644
294978349237,99,5181,91,7842,1311,644
294978359951,17,8163,47,2094,1311,645
294978371163,143,6419,105,2339,1312,645
294978382661,138,5616,161,15852,1313,645
294978393511,20,7916,50,2217,1313,646
294978404764,112,6130,98,7932,1314,646
294978415875,104,5363,159,15139,1315,646
294978426951,27,7492,92,1970,1315,647
294978438084,100,5070,43,2252,1316,647
294978448897,135,5501,43,1660,1317,647
294978459982,18,7804,42,1311,1317,648
294978471149,100,5300,37,1642,1318,648
294978482009,102,4873,342,34985,1319,648
294978493193,19,8745,66,3886,1319,649
294978504727,103,7176,56,2408,1320,649
294978515867,102,5077,149,14406,1321,649
294978526854,19,8083,46,2076,1321,650
294978538214,95,6100,79,2407,1322,650
294978549207,114,5462,41,2227,1323,650
294978560799,19,7654,45,2006,1323,651
294978571307,101,5280,189,7151,1324,651
294978582130,125,5642,161,15134,1325,651
294978593697,20,7776,59,2363,1325,652
294978604921,102,5391,98,8197,1326,652
294978615683,101,6258,55,2206,1327,652
294978627000,24,7639,48,1892,1327,653
294978638115,111,5397,156,15114,1328,653
294978649019,95,5533,94,7923,1329,653
294978660268,17,7505,50,1874,1329,654
294978671299,100,5549,154,15070,1330,654
294978682616,99,5515,50,2563,1331,654
294978693763,19,7749,102,1859,1331,655
294978704788,118,4814,35,1213,1332,655
294978715378,98,5554,355,31975,1333,655
294978726915,29,8210,66,3559,1333,656
294978738234,108,5288,94,7923,1334,656
294978748890,100,5027,42,2282,1335,656
294978760070,17,8573,66,1911,1335,657
294978771222,110,5636,158,13705,1336,657
294978782126,106,5123,46,2301,1337,657
294978794167,28,7702,69,1870,1337,658
294978804614,106,6999,47,2069,1338,658
294978815539,96,5228,85,6950,1339,658
294978826799,19,8039,70,1815,1339,659
294978837964,95,5184,145,14757,1340,659
294978848804,96,6029,89,7488,1341,659
294978860354,17,7915,70,2002,1341,660
294978871564,302,7661,67,2297,1342,660
294978882241,123,5328,156,15115,1343,660
294978893698,20,7339,48,2081,1343,661
294978904844,104,5303,95,7718,1344,661
294978915458,130,5738,159,13911,1345,661
294978927052,22,7934,42,978,1345,662
294978937738,114,4977,80,1515,1346,662
294978948918,332,6796,344,34702,1347,662
294978960079,19,8585,69,3941,1347,663
294978971171,113,4901,183,15693,1348,663
294978982242,126,4834,139,7574,1349,663
294978993490,20,8622,75,1949,1349,664
294979004590,108,6476,50,2303,1350,664
294979015747,104,5378,50,2369,1351,664
294979026829,19,8159,48,1834,1351,665
294979037795,105,5384,148,14741,1352,665
294979048971,104,5072,60,2534,1353,665
294979060221,26,7753,62,2012,1353,666
294979071053,168,5250,110,7400,1354,666
294979082226,174,4785,179,15382,1355,666
294979093355,32,7982,60,2036,1355,667
294979104442,141,5625,101,7773,1356,667
294979115642,122,6203,57,2070,1357,667
294979126707,24,8458,50,1834,1357,668
294979137960,116,5437,157,15128,1358,668
294979149042,109,5234,95,7872,1359,668
294979159990,19,7663,51,1945,1359,669
294979171270,115,5338,217,14957,1360,669
294979182315,104,5527,44,1674,1361,669
294979193363,24,8229,37,823,1361,670
294979204946,104,4885,31,824,1362,670
294979215852,102,5776,304,32470,1363,670
294979227076,18,8454,63,3674,1363,671
294979238097,151,5313,120,8282,1364,671
294979249148,112,4905,70,4609,1365,671
294979260013,18,8631,40,844,1365,672
294979271119,103,5517,371,35293,1366,672
294979282441,106,5044,72,4780,1367,672
294979293609,22,8167,47,2236,1367,673
294979304684,104,6309,62,2092,1368,673
294979315609,114,5328,88,7310,1369,673
294979326980,19,8069,48,1838,1369,674
294979337949,106,5319,199,14307,1370,674
294979349397,102,5177,90,7588,1371,674
294979360016,17,7965,47,1845,1371,675
294979371455,191,5694,61,2192,1372,675
294979382297,128,5761,164,15069,1373,675
294979393499,22,8217,54,2097,1373,676
294979404413,114,5372,95,7883,1374,676
294979415494,105,5796,158,15051,1375,676
294979426963,19,7423,52,2298,1375,677
294979438181,99,5340,51,2562,1376,677
294979448787,99,5393,38,1213,1377,677
294979460043,17,8344,38,875,1377,678
294979471150,98,5407,31,1001,1378,678
294979482382,104,5563,329,34920,1379,678
294979493739,60,7997,61,3894,1379,679
294979504823,101,5601,50,2420,1380,679
294979515629,105,5186,147,14383,1381,679
294979527169,21,7766,87,2101,1381,680
294979538105,101,6966,52,2408,1382,680
294979549077,93,5157,64,2230,1383,680
294979559820,17,7822,49,2026,1383,681
294979571007,101,5420,88,7177,1384,681
294979582104,98,5191,158,15082,1385,681
294979593635,17,7615,68,2060,1385,682
294979604782,135,5314,94,7835,1386,682
294979615447,97,5962,47,2202,1387,682
294979627032,23,7517,52,1898,1387,683
294979638159,118,5550,169,15024,1388,683
294979649158,92,5644,126,7748,1389,683
294979659948,17,7568,47,1859,1389,684
294979671078,105,5533,177,14936,1390,684
294979682419,93,5683,41,1502,1391,684
294979693778,18,8381,38,696,1391,685
294979704799,102,5690,378,34757,1392,685
294979715709,127,5729,172,17317,1393,685
294979727212,19,8108,63,2521,1393,686
294979738025,98,4998,146,7713,1394,686
294979748682,92,5220,40,2215,1395,686
294979760292,18,8576,84,1902,1395,687
294979771634,93,5889,147,14512,1396,687
294979782501,95,5294,48,2503,1397,687
294979793302,17,8262,43,1911,1397,688
294979804585,91,5741,47,2072,1398,688
294979815687,108,5028,89,7049,1399,688
294979826909,17,7585,43,1881,1399,689
294979837929,94,5422,153,15043,1400,689
294979848742,96,5678,91,7739,1401,689
294979860065,18,8092,47,1977,1401,690
294979871246,138,8128,63,2258,1402,690
294979882328,125,5471,161,15321,1403,690
294979893404,21,7859,65,2192,1403,691
294979904440,106,5398,819,8076,1404,691
294979915588,105,5724,61,4033,1405,691
294979926984,37,7932,36,825,1405,692
294979937693,207,5184,32,788,1406,692
294979948777,289,5091,410,34909,1407,692
294979960040,18,8235,127,3843,1407,693
294979971697,171,5873,161,15786,1408,693
294979982589,101,5311,91,7633,1409,693
294979993885,18,7900,48,2068,1409,694
294980004665,102,5750,115,2388,1410,694
294980015668,182,5311,51,2525,1411,694
294980027308,335,7757,162,14970,1412,694
294980037828,19,5055,42,2006,1412,695
294980049209,108,6019,47,2279,1413,695
294980059969,17,8488,47,1969,1413,696
294980071271,110,6529,120,7319,1414,696
294980082329,101,5374,81,5145,1415,696
294980093895,19,8222,39,816,1415,697
294980105310,178,5065,765,35273,1416,697
294980115582,109,5216,62,4271,1417,697
294980127059,37,8456,50,2236,1417,698
294980137744,166,5668,162,15064,1418,698
294980149072,263,5814,107,7929,1419,698
294980160251,22,15364,54,1918,1419,699
294980187095,130,15226,144,12359,1420,699
294980213835,138,11525,97,7787,1421,699
294980237070,109,14998,54,2258,1422,699
294980263346,170,13293,60,3038,1423,699
294980288573,111,15141,44,831,1424,699
294980315404,129,10393,327,34714,1425,699
294980327220,23,15437,78,4005,1425,700
294980354039,289,7210,140,2658,1426,700
294980365432,125,5161,69,2116,1427,700
294980376388,35,7921,57,1804,1427,701
294980387823,129,5323,169,15180,1428,701
294980398903,113,5080,110,7790,1429,701
294980409411,30,7476,65,1918,1429,702
294980420684,225,4823,163,14914,1430,702
294980431713,129,5690,59,2305,1431,702
294980442853,29,6517,60,1923,1431,703
294980454052,135,5680,137,7334,1432,703
294980465183,146,5316,46,2253,1433,703
294980476019,23,8200,51,1846,1433,704
294980487526,108,5199,44,2129,1434,704
294980498412,106,5654,151,14090,1435,704
294980509707,26,8139,53,1584,1435,705
294980520868,120,5023,45,1904,1436,705
294980531751,116,5574,338,35195,1437,705
294980542909,23,9858,73,3725,1437,706
294980554410,123,5116,84,6051,1438,706
294980565165,120,4977,350,34903,1439,706
294980576448,24,8845,75,3995,1439,707
294980587600,120,5894,170,15761,1440,707
294980598634,140,5390,104,7734,1441,707
294980609700,21,8240,56,2057,1441,708
294980620873,150,5007,56,2463,1442,708
294980632090,110,5085,166,15167,1443,708
294980642796,20,7138,50,2180,1443,709
294980654080,107,5728,114,7892,1444,709
294980665452,94,5600,151,14953,1445,709
294980676636,22,7535,54,2357,1445,710
294980687342,100,5583,77,2581,1446,710
294980698345,118,5440,53,2310,1447,710
294980709731,22,7700,51,2100,1447,711
294980720900,106,5153,120,8006,1448,711
294980732199,157,5591,54,2231,1449,711
294980743077,21,9674,59,1986,1449,712
294980754341,124,5284,74,5391,1450,712
294980765262,111,5675,370,35381,1451,712
294980776359,19,8657,70,3861,1451,713
294980787430,117,4747,95,8198,1452,713
294980798680,105,5331,137,12677,1453,713
294980809631,21,9041,53,2066,1453,714
294980820983,108,5883,96,7286,1454,714
294980831973,106,5211,160,14036,1455,714
294980842901,17,8222,58,2132,1455,715
294980854018,120,5300,114,7933,1456,715
294980864921,130,5533,54,2227,1457,715
294980876072,24,7537,82,1934,1457,716
294980887594,115,5343,157,15475,1458,716
294980898951,105,5146,95,7956,1459,716
294980910009,25,8003,76,1947,1459,717
294980921108,120,5199,154,15009,1460,717
294980932058,109,5988,52,2538,1461,717
294980943255,19,7985,52,2007,1461,718
294980954049,119,5339,91,7302,1462,718
294980965572,106,5525,44,2229,1463,718
294980976761,18,7415,81,1894,1463,719
294980987519,99,5328,51,2209,1464,719
294980998368,104,5769,160,14267,1465,719
294981009921,17,8221,47,1678,1465,720
294981021053,111,5142,95,7663,1466,720
294981032082,109,5676,69,4564,1467,720
294981043324,18,8503,55,853,1467,721
294981054159,94,5000,304,33055,1468,721
294981065263,97,5246,109,9771,1469,721
294981076407,16,8737,51,2168,1469,722
294981087650,111,5825,155,15028,1470,722
294981098757,97,5026,96,7528,1471,722
294981109359,32,8108,50,1866,1471,723
294981120904,169,5760,61,2216,1472,723
294981131858,124,5113,153,14795,1473,723
294981143071,20,8020,48,2097,1473,724
294981154147,105,5495,92,7897,1474,724
294981165377,108,5657,156,15047,1475,724
294981176238,18,7732,51,2162,1475,725
294981187626,116,5530,49,2498,1476,725
294981198598,105,5477,121,7462,1477,725
294981209663,18,6822,48,1953,1477,726
294981220904,107,5177,42,2254,1478,726
294981232149,99,5629,68,1929,1479,726
294981243175,18,8250,45,1745,1479,727
294981253997,101,5003,262,14001,1480,727
294981265229,150,7225,40,1523,1481,727
294981276284,17,8716,55,745,1481,728
294981287802,101,5055,325,34971,1482,728
294981298571,110,5232,148,14122,1483,728
294981309801,19,8869,51,2397,1483,729
294981320833,102,5620,89,7451,1484,729
294981331817,117,5251,157,15123,1485,729
294981343124,19,10028,51,2238,1485,730
294981354177,105,5836,107,7858,1486,730
294981365587,99,5882,53,2039,1487,730
294981376599,24,7887,52,1840,1487,731
294981387808,109,5266,156,15229,1488,731
294981398641,154,5446,109,8321,1489,731
294981409778,19,8217,47,1912,1489,732
294981420994,114,5350,155,14878,1490,732
294981431954,101,5871,50,2431,1491,732
294981443289,18,7965,46,1953,1491,733
294981454334,95,5150,88,7229,1492,733
294981464936,107,7060,59,2270,1493,733
294981476494,17,8155,76,1941,1493,734
294981487678,101,4936,42,2199,1494,734
294981498556,130,5323,146,13611,1495,734
294981509572,25,7966,77,1167,1495,735
294981520697,118,4824,41,1313,1496,735
294981531783,107,5190,372,35124,1497,735
294981543022,19,9679,62,3715,1497,736
294981554016,173,5544,79,6080,1498,736
294981565469,97,5343,317,34844,1499,736
294981576488,25,7690,86,3972,1499,737
294981587615,96,5781,171,15726,1500,737
294981598639,92,5100,91,7706,1501,737
294981609881,20,8323,55,1947,1501,738
294981620996,141,5604,53,2318,1502,738
294981631744,104,6070,156,15170,1503,738
294981642949,19,9822,48,2199,1503,739
294981654044,103,5569,91,7999,1504,739
294981665087,95,5751,174,15082,1505,739
294981676372,31,7369,48,2199,1505,740
294981687723,108,5092,48,2519,1506,740
294981698434,96,5737,44,1994,1507,740
294981709408,17,8222,47,1776,1507,741
294981720604,111,5086,36,1224,1508,741
294981732158,95,5889,30,708,1509,741
294981743005,28,8068,43,708,1509,742
294981754062,112,4960,403,35071,1510,742
294981765132,95,7690,161,16291,1511,742
294981776511,17,8573,53,2515,1511,743
294981787528,95,5795,142,7832,1512,743
294981798871,99,5207,138,13027,1513,743
294981809571,19,7939,44,2244,1513,744
294981821133,105,5205,89,7590,1514,744
294981831849,108,5438,173,15530,1515,744
294981842939,18,9617,55,2632,1515,745
294981854372,105,5554,94,8079,1516,745
294981865454,93,5901,52,2094,1517,745
294981876628,24,7560,50,1855,1517,746
294981887568,111,5620,202,15273,1518,746
294981898821,116,5390,102,8134,1519,746
294981909919,18,7958,51,1919,1519,747
294981920941,111,5336,155,15141,1520,747
294981932120,107,5574,51,2754,1521,747
294981943138,17,9440,76,2041,1521,748
294981954411,123,5063,45,2265,1522,748
294981965394,111,5607,107,6550,1523,748
294981976646,19,8074,41,835,1523,749
294981987701,110,5273,61,4201,1524,749
294981998513,99,5024,337,35187,1525,749
294982009881,21,8886,67,3776,1525,750
294982020741,110,5313,150,14832,1526,750
294982031837,109,5373,72,2531,1527,750
294982042768,22,9920,55,1927,1527,751
294982054078,112,5973,98,2098,1528,751
294982065175,103,4893,97,6933,1529,751
294982076041,18,7482,51,1935,1529,752
294982087546,112,5867,223,14923,1530,752
294982099030,106,5541,98,7933,1531,752
294982109632,18,8437,57,1861,1531,753
294982120892,140,5279,46,2134,1532,753
294982132418,262,5311,213,15265,1533,753
294982143381,67,7771,97,2137,1533,754
294982154107,124,4996,95,7932,1534,754
294982165123,187,5654,234,15071,1535,754
294982176252,22,7734,54,2194,1535,755
294982187497,115,5254,50,2446,1536,755
294982198554,115,5447,50,1913,1537,755
294982209856,21,8057,52,1728,1537,756
294982220731,108,5164,32,1132,1538,756
294982232087,105,5796,372,35053,1539,756
294982242743,18,9580,66,3914,1539,757
294982254298,101,5398,86,4528,1540,757
294982265416,155,5419,399,35225,1541,757
294982276559,17,8942,68,3782,1541,758
294982287442,106,5866,53,3190,1542,758
294982298700,98,5258,46,2098,1543,758
294982309892,27,8031,46,1759,1543,759
294982320930,107,5189,90,7091,1544,759
294982332110,107,5318,144,13964,1545,759
294982342964,17,8066,78,2104,1545,760
294982354375,135,5450,169,7677,1546,760
294982365241,129,6518,78,2303,1547,760
294982376354,28,7841,54,1924,1547,761
294982387633,119,5442,369,15100,1548,761
294982398498,119,5489,119,7811,1549,761
294982409711,20,8483,58,1931,1549,762
294982420812,122,5302,150,14664,1550,762
294982431946,106,5720,41,1570,1551,762
294982443299,57,8782,36,724,1551,763
294982454274,98,5505,30,717,1552,763
294982465404,100,5646,325,32556,1553,763
294982476206,17,8868,65,3644,1553,764
294982487421,114,5922,97,8182,1554,764
294982498691,99,5128,43,2050,1555,764
294982509901,283,7990,46,1768,1555,765
294982520998,103,5771,51,2373,1556,765
294982531939,99,5293,172,14454,1557,765
294982543013,21,7954,60,2054,1557,766
294982554004,169,5044,48,2331,1558,766
294982565235,132,5020,144,7173,1559,766
294982576211,20,8221,47,1787,1559,767
294982587217,110,5535,167,14968,1560,767
294982598360,104,5668,92,7660,1561,767
294982609897,20,8009,55,2016,1561,768
294982620872,141,5297,52,2401,1562,768
294982631795,104,6048,171,15180,1563,768
294982643467,18,7698,55,2018,1563,769
294982654429,101,5566,166,7862,1564,769
294982665076,97,5822,156,15015,1565,769
294982676425,356,7956,106,2310,1565,770
294982687490,99,5229,39,2237,1566,770
294982698799,111,5721,37,1145,1567,770
294982709775,17,8760,41,710,1567,771
294982721238,109,5198,31,709,1568,771
294982732016,114,5352,355,34982,1569,771
294982742996,17,9162,78,3896,1569,772
294982754324,143,5673,196,4699,1570,772
294982765293,111,4976,338,35143,1571,772
294982776067,23,7314,72,3790,1571,773
294982787164,125,5566,57,3237,1572,773
294982798278,122,5104,70,2113,1573,773
294982809424,21,8254,48,1768,1573,774
294982820965,112,5329,88,7142,1574,774
294982831743,110,5685,194,14060,1575,774
294982843279,18,9220,53,2110,1575,775
294982854450,103,5652,91,7645,1576,775
294982865226,101,6684,60,2281,1577,775
294982876285,23,7758,55,1926,1577,776
294982887331,123,5568,156,15161,1578,776
294982898568,101,5444,100,7879,1579,776
294982909645,32,7724,99,1907,1579,777
294982921012,110,5345,321,14659,1580,777
294982932078,109,5699,51,2544,1581,777
294982942948,17,8052,57,1877,1581,778
294982954239,99,4942,40,1297,1582,778
294982965221,106,5740,331,32511,1583,778
294982976365,18,8778,90,3591,1583,779
294982987664,113,4970,89,7971,1584,779
294982998508,132,5153,52,2318,1585,779
294983010489,22,8083,69,1950,1585,780
294983020752,116,5985,140,13708,1586,780
294983031715,112,5377,53,2327,1587,780
294983042887,20,10322,61,1912,1587,781
294983054282,133,5345,45,2175,1588,781
294983065091,133,4984,96,7144,1589,781
294983076112,18,8248,49,1864,1589,782
294983087652,108,5490,227,15050,1590,782
294983098982,120,5839,95,7793,1591,782
294983109419,20,8037,48,1947,1591,783
294983120845,104,5429,43,2241,1592,783
294983131831,149,5503,171,14645,1593,783
294983143059,21,7601,51,2090,1593,784
294983154108,112,15131,113,8479,1594,784
294983180816,119,12591,70,4143,1595,784
294983204995,117,14758,403,35042,1596,784
294983231181,138,11186,81,5666,1597,784
294983253715,151,16631,69,2376,1598,784
294983281895,178,10081,157,13548,1599,784
294983293141,23,16419,59,1956,1599,785
294983321260,142,16567,116,7909,1600,785
294983349328,147,8131,54,1949,1601,785
294983360769,117,7398,51,2174,1602,785
294983371757,24,4989,50,1772,1602,786
294983382658,123,7775,159,15380,1603,786
294983393933,126,7657,98,7989,1604,786
294983405118,19,4864,84,1954,1604,787
294983416522,107,5667,84,5985,1605,787
294983426975,25,8118,46,909,1605,788
294983438597,103,5172,318,33676,1606,788
294983449375,103,5749,37,1161,1607,788
294983460865,94,7610,342,32200,1608,788
294983471751,21,4307,72,3521,1608,789
294983483288,108,6916,95,7911,1609,789
294983494019,19,7231,58,1965,1609,790
294983505301,93,8197,54,2303,1610,790
294983516342,104,5366,47,2407,1611,790
294983527537,225,6866,150,14142,1612,790
294983538513,29,4593,43,1973,1612,791
294983549611,119,5319,55,2304,1613,791
294983560751,119,7085,89,7142,1614,791
294983571491,19,5020,43,1770,1614,792
294983582647,117,7748,165,14940,1615,792
294983593707,25,6999,49,2133,1615,793
294983605012,112,5094,91,7714,1616,793
294983615766,100,6023,56,1535,1617,793
294983627091,23,7723,39,835,1617,794
294983638627,120,5059,72,4836,1618,794
294983649310,95,5784,32,775,1619,794
294983660756,88,7909,333,32465,1620,794
294983671722,17,5064,56,3563,1620,795
294983682799,100,7694,43,2227,1621,795
294983694115,91,7785,112,7170,1622,795
294983705144,16,4701,38,1941,1622,796
294983715833,100,5046,173,14413,1623,796
294983727621,98,7647,101,7424,1624,796
294983738228,20,4783,52,2053,1624,797
294983749195,108,5401,136,13482,1625,797
294983760359,20,7388,46,1858,1625,798
294983771530,98,5322,96,7732,1626,798
294983782539,98,4951,144,14677,1627,798
294983793596,18,7283,44,2134,1627,799
294983805148,96,5234,72,2409,1628,799
294983815770,115,5847,90,6950,1629,799
294983827309,99,7453,156,15028,1630,799
294983838253,19,4609,42,2072,1630,800
294983849366,104,5902,146,7890,1631,800
294983861371,104,7506,60,2099,1632,800
294983871459,25,4825,51,1844,1632,801
294983882593,128,7964,186,13688,1633,801
294983894013,281,7802,473,37336,1634,801
294983905193,21,4476,69,3786,1634,802
294983915866,240,5460,177,15275,1635,802
294983927180,33,8045,73,2519,1635,803
294983938185,159,5077,71,1884,1636,803
294983949288,156,5497,48,807,1637,803
294983960659,28,7525,51,784,1637,804
294983971705,169,5370,398,32347,1638,804
294983982685,166,7275,196,9754,1639,804
294983994075,25,7718,49,2294,1639,805
294984005196,108,7910,51,2320,1640,805
294984016393,104,5303,41,2281,1641,805
294984027352,95,7580,150,14476,1642,805
294984038498,18,4915,68,2056,1642,806
294984049562,108,4962,46,2323,1643,806
294984060344,18,7776,48,1885,1643,807
294984071957,100,7604,94,7300,1644,807
294984083014,93,7297,154,15082,1645,807
294984093731,18,7366,45,2153,1645,808
294984104909,100,5161,128,7687,1646,808
294984116001,99,6218,84,4627,1647,808
294984127463,153,7505,37,819,1648,808
294984138517,18,4586,38,802,1648,809
294984149193,105,5779,28,803,1649,809
294984160815,156,7508,368,32821,1650,809
294984171865,20,4879,57,3592,1650,810
294984182616,102,7611,61,2288,1651,810
294984193846,19,7874,43,1840,1651,811
294984205204,143,4762,131,7180,1652,811
294984215789,100,5356,216,14541,1653,811
294984227032,19,7542,59,2218,1653,812
294984238631,98,5470,149,7715,1654,812
294984249231,102,5400,41,2212,1655,812
294984260293,17,7493,46,1714,1655,813
294984271587,102,5390,117,2414,1656,813
294984282586,145,5114,179,14783,1657,813
294984294013,113,7620,53,2424,1658,813
294984305171,19,4793,42,1954,1658,814
294984315746,100,5760,91,7299,1659,814
294984327351,110,7717,169,15197,1660,814
294984338060,25,4481,47,2134,1660,815
294984349562,171,5712,113,7778,1661,815
294984360617,102,7636,63,1685,1662,815
294984371766,32,4482,34,761,1662,816
294984382641,128,7178,89,4676,1663,816
294984394053,169,7683,346,34974,1664,816
294984405014,20,4716,62,3776,1664,817
294984416282,108,5565,168,15080,1665,817
294984427467,99,7778,51,2517,1666,817
294984438805,19,4581,41,1958,1666,818
294984449505,103,5256,89,7323,1667,818
294984460507,18,7904,46,1843,1667,819
294984471702,113,7730,159,15122,1668,819
294984482711,101,7342,119,7846,1669,819
294984493664,20,7685,43,1851,1669,820
294984505325,96,8115,48,2107,1670,820
294984516239,99,5331,46,2351,1671,820
294984527346,133,7728,167,15176,1672,820
294984538277,19,4698,74,2293,1672,821
294984549676,112,5001,73,2501,1673,821
294984560372,18,7838,88,1987,1673,822
294984571598,109,5440,131,7325,1674,822
294984582638,107,7679,160,15321,1675,822
294984593658,18,7596,49,1863,1675,823
294984605182,105,6999,102,7545,1676,823
294984615966,160,5371,65,2298,1677,823
294984627429,162,7303,227,14109,1678,823
294984638060,20,4756,39,1849,1678,824
294984649226,114,5823,44,1952,1679,824
294984660623,110,8103,351,32681,1680,824
294984671714,17,4927,58,3575,1680,825
294984683218,111,6597,46,2272,1681,825
294984693706,19,8075,70,1846,1681,826
294984704769,98,5391,92,7328,1682,826
294984715981,100,5192,149,14553,1683,826
294984727154,19,7951,76,2201,1683,827
294984738296,106,5672,142,7832,1684,827
294984749388,107,5337,41,2158,1685,827
294984760569,142,7902,100,2370,1686,827
294984771708,21,4934,40,1812,1686,828
294984782991,102,4957,166,14749,1687,828
294984793543,23,7696,46,2281,1687,829
294984805013,113,5246,52,2439,1688,829
294984816027,100,5731,90,7315,1689,829
294984827219,125,7377,200,15170,1690,829
294984838194,19,4620,69,2223,1690,830
294984849598,110,5795,89,7074,1691,830
294984860864,99,7443,68,4447,1692,830
294984871897,17,4771,30,865,1692,831
294984882828,145,5133,361,35370,1693,831
294984894005,25,7781,62,3839,1693,832
294984905139,103,5186,186,8805,1694,832
294984916221,105,5503,143,14021,1695,832
294984927377,206,7602,55,2372,1696,832
294984938300,17,4516,38,1899,1696,833
294984949691,103,5386,185,7366,1697,833
294984960291,17,7571,59,1862,1697,834
294984971893,101,8397,154,14394,1698,834
294984982946,101,6681,148,7711,1699,834
294984993662,18,7872,44,1857,1699,835
294985004869,104,5235,136,13364,1700,835
294985015732,174,5536,91,7565,1701,835
294985027218,18,7322,47,1895,1701,836
294985038237,99,5185,147,14567,1702,836
294985049108,212,5839,45,2273,1703,836
294985060349,19,7164,57,1841,1703,837
294985071579,133,4912,90,6940,1704,837
294985082471,110,7620,228,14766,1705,837
294985094461,183,6970,63,1159,1706,837
294985105198,23,4823,31,737,1706,838
294985115920,112,5663,323,35100,1707,838
294985127708,149,7832,185,16421,1708,838
294985138586,24,4538,50,2448,1708,839
294985149717,118,5121,100,8439,1709,839
294985160804,100,7965,151,14853,1710,839
294985171789,17,5213,110,2153,1710,840
294985182461,106,7621,53,2394,1711,840
294985193699,19,7605,66,2010,1711,841
294985204842,100,5518,91,7486,1712,841
294985215918,103,5579,157,15453,1713,841
294985227005,19,7562,68,2326,1713,842
294985238169,99,5147,114,8707,1714,842
294985249949,108,5750,162,14665,1715,842
294985260476,119,8130,98,8031,1716,842
294985271615,17,5000,101,1831,1716,843
294985282617,159,7307,181,15003,1717,843
294985293695,31,7436,50,2303,1717,844
294985304810,99,5207,47,2517,1718,844
294985315793,103,5831,40,1334,1719,844
294985326997,19,8085,40,693,1719,845
294985338075,107,5136,298,32064,1720,845
294985349669,105,5135,108,9422,1721,845
294985360177,19,8291,48,2145,1721,846
294985371909,105,7169,59,2197,1722,846
294985382840,134,4816,146,13890,1723,846
294985393649,20,8232,51,2007,1723,847
294985404826,125,7421,164,8615,1724,847
294985415911,147,5320,165,14930,1725,847
294985427126,23,7603,73,2217,1725,848
294985438373,104,5631,488,2562,1726,848
294985449531,931,5699,176,7157,1727,848
294985460316,22,7588,58,1952,1727,849
294985471851,155,7110,198,15136,1728,849
294985482660,133,7322,86,6988,1729,849
294985494110,118,7638,150,14500,1730,849
294985505204,20,4882,43,2247,1730,850
294985516100,98,6025,98,8231,1731,850
294985526952,19,7942,48,2024,1731,851
294985538317,106,4962,144,14271,1732,851
294985549707,102,5397,38,1272,1733,851
294985560392,17,8098,47,706,1733,852
294985571549,126,5709,338,34855,1734,852
294985582879,111,6015,182,17348,1735,852
294985593634,20,7798,55,2537,1735,853
294985605179,105,5476,101,7736,1736,853
294985616253,155,5298,52,2353,1737,853
294985627131,22,7577,58,1968,1737,854
294985638258,116,7538,159,15141,1738,854
294985649217,103,5433,93,7938,1739,854
294985660271,27,7212,42,1971,1739,855
294985671849,93,8115,162,14950,1740,855
294985683001,104,5064,49,2431,1741,855
294985693813,18,7276,62,1916,1741,856
294985704817,95,5282,109,7363,1742,856
294985715810,97,5770,160,15335,1743,856
294985727329,120,7167,98,7054,1744,856
294985738451,20,4338,41,1981,1744,857
294985749143,176,6054,173,14653,1745,857
294985760384,19,6923,52,2099,1745,858
294985771443,102,5647,94,7993,1746,858
294985782574,146,5399,162,14983,1747,858
294985793673,22,7218,87,2148,1747,859
294985805277,280,6900,66,1719,1748,859
294985816192,302,5707,62,1114,1749,859
294985827192,28,7539,48,694,1749,860
294985838353,144,5057,347,32276,1750,860
294985849444,122,5618,111,9417,1751,860
294985861136,126,7487,75,2483,1752,860
294985871556,33,4696,59,1975,1752,861
294985883621,155,5508,81,5244,1753,861
294985894032,110,8100,336,35206,1754,861
294985905457,18,4534,64,3781,1754,862
294985915948,123,5448,171,15068,1755,862
294985927012,44,7676,53,2315,1755,863
294985938167,117,7835,65,2401,1756,863
294985949250,121,4911,154,7252,1757,863
294985960538,122,8209,214,15101,1758,863
294985971782,23,4928,49,2135,1758,864
294985982887,119,6451,107,8501,1759,864
294985993658,21,7617,52,1985,1759,865
294986004908,105,5641,155,14697,1760,865
294986016112,106,6049,99,8112,1761,865
294986027075,173,7800,159,15253,1762,865
294986038393,28,4607,49,2301,1762,866
294986049291,122,5825,59,2592,1763,866
294986060581,184,7556,161,6481,1764,866
294986071575,22,4855,29,813,1764,867
294986082713,131,6377,341,43659,1765,867
294986094032,125,7990,128,11102,1766,867
294986104874,18,5076,120,2844,1766,868
294986116107,103,5739,56,2816,1767,868
294986127166,22,7870,88,2322,1767,869
294986138217,121,4912,154,15399,1768,869
294986149461,107,8897,101,8377,1769,869
294986160723,105,14983,209,15499,1770,869
294986187344,138,15915,70,3066,1771,869
294986214675,133,10755,65,2589,1772,869
294986226250,20,16577,62,2292,1772,870
294986254594,136,15368,118,5085,1773,870
294986281564,133,10083,85,2365,1774,870
294986292582,21,14790,52,2108,1774,871
294986318964,177,13692,163,8301,1775,871
294986343959,297,14319,86,4313,1776,871
294986370139,141,4994,330,34897,1777,871
294986381253,163,4800,147,13425,1778,871
294986392394,19,7463,65,1047,1778,872
294986403423,106,5851,358,37347,1779,872
294986414726,105,5271,210,16833,1780,872
294986425579,18,7458,58,2594,1780,873
294986436997,99,5341,49,2630,1781,873
294986447782,99,5913,93,7604,1782,873
294986458848,17,7286,44,1823,1782,874
294986470005,103,5262,153,15246,1783,874
294986481237,99,8289,90,7033,1784,874
294986492509,40,6788,46,1829,1784,875
294986503233,100,4991,176,14574,1785,875
294986514634,100,5456,101,8245,1786,875
294986525770,16,8788,48,1958,1786,876
294986536944,106,4970,108,6098,1787,876
294986547528,117,5105,39,886,1788,876
294986559308,20,8673,37,855,1788,877
294986570092,321,5416,331,34990,1789,877
294986581226,112,7875,179,17491,1790,877
294986592263,20,7478,58,2457,1790,878
294986603614,112,5589,93,7835,1791,878
294986614657,113,4994,50,2160,1792,878
294986625842,18,7733,60,1933,1792,879
294986636998,132,5194,148,14479,1793,879
294986647825,99,6021,104,8631,1794,879
294986658801,19,7204,52,1829,1794,880
294986669906,110,5426,157,15007,1795,880
294986681135,107,8436,50,2605,1796,880
294986692313,18,6659,44,1940,1796,881
294986703635,97,5385,148,7399,1797,881
294986714417,107,5417,65,2202,1798,881
294986725314,18,7031,48,1853,1798,882
294986736617,102,5166,62,4457,1799,882
294986747790,99,5562,37,818,1800,882
294986758900,20,7151,65,772,1800,883
294986769982,109,5027,338,35364,1801,883
294986781394,118,5884,113,9646,1802,883
294986792468,20,9200,51,2278,1802,884
294986803487,107,6024,129,12135,1803,884
294986814555,100,4994,93,7374,1804,884
294986825247,19,7504,49,1971,1804,885
294986836539,107,5566,164,13710,1805,885
294986848056,103,5236,90,7715,1806,885
294986858879,17,7246,47,1838,1806,886
294986870353,103,5651,42,2154,1807,886
294986881466,136,7912,156,14342,1808,886
294986892608,20,8065,56,2070,1808,887
294986903572,107,4874,99,8732,1809,887
294986914582,116,5341,183,15013,1810,887
294986925670,33,8252,48,2085,1810,888
294986936936,101,5006,50,2365,1811,888
294986947760,99,5611,38,1266,1812,888
294986958723,18,7439,47,906,1812,889
294986969924,104,4961,31,992,1813,889
294986981328,110,6247,343,35156,1814,889
294986992187,19,7712,91,3905,1814,890
294987003497,105,5495,46,2407,1815,890
294987014553,99,4912,164,14401,1816,890
294987025300,18,7546,65,2125,1816,891
294987036752,108,5154,74,2423,1817,891
294987047922,102,5300,43,2251,1818,891
294987059065,17,7425,72,2066,1818,892
294987070107,101,5535,87,7238,1819,892
294987081064,103,4843,157,15130,1820,892
294987092198,21,7366,55,2092,1820,893
294987103434,106,5400,92,7835,1821,893
294987114593,104,5714,48,2131,1822,893
294987125712,19,7745,60,1844,1822,894
294987136923,137,5144,172,14509,1823,894
294987147933,105,5559,100,8647,1824,894
294987158966,17,7011,47,1913,1824,895
294987170263,96,5336,197,14970,1825,895
294987180999,100,8060,73,2628,1826,895
294987192304,22,7306,48,2200,1826,896
294987203577,100,5258,63,2228,1827,896
294987214253,100,5001,63,1215,1828,896
294987225756,18,7336,40,643,1828,897
294987236882,109,5395,345,35125,1829,897
294987247698,116,4950,64,4138,1830,897
294987258918,19,7455,78,2148,1830,898
294987269982,107,5606,145,14313,1831,898
294987281406,104,7666,51,2466,1832,898
294987292385,22,7201,48,1875,1832,899
294987303429,104,5135,40,2044,1833,899
294987314636,108,5259,121,6856,1834,899
294987325748,17,7473,49,1878,1834,900
294987336563,154,5063,148,14895,1835,900
294987347787,97,5808,110,7907,1836,900
294987358996,16,7202,49,1916,1836,901
294987369989,98,5619,53,2204,1837,901
294987381224,157,8167,160,14612,1838,901
294987392549,25,7996,56,2195,1838,902
294987403615,112,4888,98,8405,1839,902
294987414434,117,5564,174,14857,1840,902
294987425579,20,8192,53,2283,1840,903
294987436632,113,4987,80,2539,1841,903
294987447624,99,5662,39,1456,1842,903
294987458625,17,7229,58,1002,1842,904
294987469965,115,5054,297,31749,1843,904
294987481164,103,7840,118,9804,1844,904
294987492543,18,7179,51,2401,1844,905
294987503409,97,5551,45,2476,1845,905
294987514523,100,5202,154,14706,1846,905
294987525560,17,7355,52,2169,1846,906
294987536939,102,5185,49,2471,1847,906
294987547662,110,5015,44,2201,1848,906
294987558953,18,7213,47,1996,1848,907
294987570154,186,5424,95,7610,1849,907
294987581162,119,8020,170,15506,1850,907
294987592421,24,6936,91,2351,1850,908
294987603560,127,5703,150,8143,1851,908
294987614462,106,5434,52,2043,1852,908
294987625532,21,8505,60,1817,1852,909
294987636851,135,5008,74,5145,1853,909
294987647823,102,5754,172,16808,1854,909
294987658997,22,7456,62,2274,1854,910
294987669968,105,5256,80,6588,1855,910
294987681103,99,7860,338,33659,1856,910
294987692087,18,6937,79,3697,1856,911
294987703215,152,5669,88,7583,1857,911
294987714421,101,5196,162,14725,1858,911
294987725837,16,9078,50,2135,1858,912
294987736716,109,5345,104,7673,1859,912
294987747747,97,5036,51,2154,1860,912
294987758934,18,7493,62,1827,1860,913
294987770247,100,5432,57,2520,1861,913
294987781034,115,5343,155,14924,1862,913
294987792304,20,7393,206,2106,1862,914
294987803356,128,5595,109,2355,1863,914
294987814839,105,5852,90,6983,1864,914
294987825809,20,8181,51,1786,1864,915
294987836830,105,4928,149,14898,1865,915
294987847748,95,5621,88,7535,1866,915
294987858869,19,8389,55,1803,1866,916
294987869961,108,5261,41,2100,1867,916
294987880887,133,5107,163,14667,1868,916
294987892051,21,7717,68,1970,1868,917
294987903522,113,5072,60,1516,1869,917
294987914649,103,5627,317,33067,1870,917
294987925581,23,7537,95,3578,1870,918
294987936509,104,5274,42,2251,1871,918
294987947856,104,5350,112,7224,1872,918
294987958807,31,7563,57,1994,1872,919
294987970143,118,5958,162,14420,1873,919
294987981176,134,4845,103,7501,1874,919
294987992312,21,7562,60,1866,1874,920
294988003423,109,5196,42,2191,1875,920
294988014374,104,5160,51,2427,1876,920
294988025581,23,7439,84,1730,1876,921
294988036636,106,5292,157,14670,1877,921
294988047611,101,5781,59,2473,1878,921
294988059006,17,6958,48,1935,1878,922
294988070098,107,5504,113,7217,1879,922
294988081258,106,7774,178,15242,1880,922
294988092310,18,7940,50,2016,1880,923
294988103486,109,5397,91,7691,1881,923
294988114865,116,5622,48,2113,1882,923
